universe_id,snapshot_type,snapshot_date,ticker,yahoo_symbol,company_name,security_type,exchange,is_active,financial_status,last_date,last_price,median_dollar_volume,history_days,first_date,liquidity_rank,universe_rank
current_liquid_500_20260710_2708bb185f91,current_liquid_universe,2026-07-10,MU,MU,"Micron Technology, Inc. - Common Stock",COMMON_STOCK,NASDAQ,True,N,2026-07-10,979.2999877929688,43816035654.54712,2141,2018-01-02,1,1
current_liquid_500_20260710_2708bb185f91,current_liquid_universe,2026-07-10,NVDA,NVDA,NVIDIA Corporation - Common Stock,COMMON_STOCK,NASDAQ,True,N,2026-07-10,210.9600067138672,32375738546.791077,2141,2018-01-02,2,2
current_liquid_500_20260710_2708bb185f91,current_liquid_universe,2026-07-10,TSLA,TSLA,"Tesla, Inc.  - Common Stock",COMMON_STOCK,NASDAQ,True,N,2026-07-10,407.760009765625,19652999691.54663,2141,2018-01-02,3,3
current_liquid_500_20260710_2708bb185f91,current_liquid_universe,2026-07-10,AMD,AMD,"Advanced Micro Devices, Inc. - Common Stock",COMMON_STOCK,NASDAQ,True,N,2026-07-10,557.8900146484375,14991364503.234863,2141,2018-01-02,4,4
current_liquid_500_20260710_2708bb185f91,current_liquid_universe,2026-07-10,INTC,INTC,Intel Corporation - Common Stock,COMMON_STOCK,NASDAQ,True,N,2026-07-10,109.83999633789062,14383646048.210144,2141,2018-01-02,5,5
current_liquid_500_20260710_2708bb185f91,current_liquid_universe,2026-07-10,AAPL,AAPL,Apple Inc. - Common Stock,COMMON_STOCK,NASDAQ,True,N,2026-07-10,315.32000732421875,13989004515.388489,2141,2018-01-02,6,6
current_liquid_500_20260710_2708bb185f91,current_liquid_universe,2026-07-10,MSFT,MSFT,Microsoft Corporation - Common Stock,COMMON_STOCK,NASDAQ,True,N,2026-07-10,385.1000061035156,13825241042.625427,2141,2018-01-02,7,7
current_liquid_500_20260710_2708bb185f91,current_liquid_universe,2026-07-10,AMZN,AMZN,"Amazon.com, Inc. - Common Stock",COMMON_STOCK,NASDAQ,True,N,2026-07-10,245.33999633789065,10726047200.91858,2141,2018-01-02,8,8
current_liquid_500_20260710_2708bb185f91,current_liquid_universe,2026-07-10,GOOGL,GOOGL,Alphabet Inc. - Class A Common Stock,COMMON_STOCK,NASDAQ,True,N,2026-07-10,357.17999267578125,10078408616.899109,2141,2018-01-02,9,9
current_liquid_500_20260710_2708bb185f91,current_liquid_universe,2026-07-10,META,META,"Meta Platforms, Inc. - Class A Common Stock",COMMON_STOCK,NASDAQ,True,N,2026-07-10,669.2100219726562,9817112275.27771,2141,2018-01-02,10,10
current_liquid_500_20260710_2708bb185f91,current_liquid_universe,2026-07-10,AVGO,AVGO,Broadcom Inc. - Common Stock,COMMON_STOCK,NASDAQ,True,N,2026-07-10,399.9700012207031,9289972573.275757,2141,2018-01-02,11,11
current_liquid_500_20260710_2708bb185f91,current_liquid_universe,2026-07-10,GOOG,GOOG,Alphabet Inc. - Class C Capital Stock,COMMON_STOCK,NASDAQ,True,N,2026-07-10,355.0299987792969,6622750311.566162,2141,2018-01-02,12,12
current_liquid_500_20260710_2708bb185f91,current_liquid_universe,2026-07-10,MRVL,MRVL,"Marvell Technology, Inc. - Common Stock",COMMON_STOCK,NASDAQ,True,N,2026-07-10,235.80999755859375,6146739555.511475,2141,2018-01-02,13,13
current_liquid_500_20260710_2708bb185f91,current_liquid_universe,2026-07-10,TSM,TSM,Taiwan Semiconductor Manufacturing Company Ltd.,COMMON_STOCK,NYSE,True,,2026-07-10,434.1099853515625,5540030810.949707,2141,2018-01-02,14,14
current_liquid_500_20260710_2708bb185f91,current_liquid_universe,2026-07-10,PLTR,PLTR,Palantir Technologies Inc. - Class A Common Stock,COMMON_STOCK,NASDAQ,True,N,2026-07-10,126.79000091552734,5277164525.0,1450,2020-09-30,15,15
current_liquid_500_20260710_2708bb185f91,current_liquid_universe,2026-07-10,ORCL,ORCL,Oracle Corporation Common Stock,COMMON_STOCK,NYSE,True,,2026-07-10,140.63999938964844,5213412428.65448,2141,2018-01-02,16,16
current_liquid_500_20260710_2708bb185f91,current_liquid_universe,2026-07-10,LITE,LITE,Lumentum Holdings Inc. - Common Stock,COMMON_STOCK,NASDAQ,True,N,2026-07-10,802.010009765625,4759369943.048096,2141,2018-01-02,17,17
current_liquid_500_20260710_2708bb185f91,current_liquid_universe,2026-07-10,QCOM,QCOM,QUALCOMM Incorporated - Common Stock,COMMON_STOCK,NASDAQ,True,N,2026-07-10,189.16000366210935,4267188794.222259,2141,2018-01-02,18,18
current_liquid_500_20260710_2708bb185f91,current_liquid_universe,2026-07-10,AMAT,AMAT,"Applied Materials, Inc. - Common Stock",COMMON_STOCK,NASDAQ,True,N,2026-07-10,602.5,3812425143.5668945,2141,2018-01-02,19,19
current_liquid_500_20260710_2708bb185f91,current_liquid_universe,2026-07-10,WDC,WDC,Western Digital Corporation - Common Stock,COMMON_STOCK,NASDAQ,True,N,2026-07-10,582.5900268554688,3789768430.114746,2141,2018-01-02,20,20
current_liquid_500_20260710_2708bb185f91,current_liquid_universe,2026-07-10,LLY,LLY,Eli Lilly and Company Common Stock,COMMON_STOCK,NYSE,True,,2026-07-10,1188.5799560546875,3245612514.916992,2141,2018-01-02,21,21
current_liquid_500_20260710_2708bb185f91,current_liquid_universe,2026-07-10,STX,STX,Seagate Technology Holdings PLC - Ordinary Shares (Ireland),COMMON_STOCK,NASDAQ,True,N,2026-07-10,910.3400268554688,3194046041.7907715,2141,2018-01-02,22,22
current_liquid_500_20260710_2708bb185f91,current_liquid_universe,2026-07-10,LRCX,LRCX,Lam Research Corporation - Common Stock,COMMON_STOCK,NASDAQ,True,N,2026-07-10,350.3299865722656,2927772950.5592346,2141,2018-01-02,23,23
current_liquid_500_20260710_2708bb185f91,current_liquid_universe,2026-07-10,BE,BE,Bloom Energy Corporation Class A Common Stock,COMMON_STOCK,NYSE,True,,2026-07-10,244.61000061035156,2869308535.5163574,2000,2018-07-25,24,24
current_liquid_500_20260710_2708bb185f91,current_liquid_universe,2026-07-10,ASML,ASML,ASML Holding N.V. - New York Registry Shares,COMMON_STOCK,NASDAQ,True,N,2026-07-10,1797.3199462890625,2800384166.8945312,2141,2018-01-02,25,25
current_liquid_500_20260710_2708bb185f91,current_liquid_universe,2026-07-10,MSTR,MSTR,Strategy Inc - Class A Common Stock,COMMON_STOCK,NASDAQ,True,N,2026-07-10,94.63999938964844,2688357646.8112946,2141,2018-01-02,26,26
current_liquid_500_20260710_2708bb185f91,current_liquid_universe,2026-07-10,GEV,GEV,GE Vernova Inc. Common Stock,COMMON_STOCK,NYSE,True,,2026-07-10,1091.5699462890625,2685021446.044922,573,2024-03-27,27,27
current_liquid_500_20260710_2708bb185f91,current_liquid_universe,2026-07-10,CSCO,CSCO,"Cisco Systems, Inc. - Common Stock",COMMON_STOCK,NASDAQ,True,N,2026-07-10,121.30999755859376,2627228524.21875,2141,2018-01-02,28,28
current_liquid_500_20260710_2708bb185f91,current_liquid_universe,2026-07-10,JPM,JPM,JP Morgan Chase & Co. Common Stock,COMMON_STOCK,NYSE,True,,2026-07-10,336.4700012207031,2609931865.3411865,2141,2018-01-02,29,29
current_liquid_500_20260710_2708bb185f91,current_liquid_universe,2026-07-10,DELL,DELL,Dell Technologies Inc. Class C Common Stock,COMMON_STOCK,NYSE,True,,2026-07-10,434.9700012207031,2585161530.2124023,2141,2018-01-02,30,30
current_liquid_500_20260710_2708bb185f91,current_liquid_universe,2026-07-10,RKLB,RKLB,Rocket Lab Corporation - Common Stock,COMMON_STOCK,NASDAQ,True,N,2026-07-10,81.04000091552734,2521761309.902191,1411,2020-11-24,31,31
current_liquid_500_20260710_2708bb185f91,current_liquid_universe,2026-07-10,HOOD,HOOD,"Robinhood Markets, Inc. - Class A Common Stock",COMMON_STOCK,NASDAQ,True,N,2026-07-10,111.97000122070312,2442265134.991455,1242,2021-07-29,32,32
current_liquid_500_20260710_2708bb185f91,current_liquid_universe,2026-07-10,NOW,NOW,"ServiceNow, Inc. Common Stock",COMMON_STOCK,NYSE,True,,2026-07-10,107.70999908447266,2416583622.6573944,2141,2018-01-02,33,33
current_liquid_500_20260710_2708bb185f91,current_liquid_universe,2026-07-10,BRK.B,BRK-B,Berkshire Hathaway Inc. New Common Stock,COMMON_STOCK,NYSE,True,,2026-07-10,493.7099914550781,2407894125.6088257,2141,2018-01-02,34,34
current_liquid_500_20260710_2708bb185f91,current_liquid_universe,2026-07-10,WMT,WMT,Walmart Inc. - Common Stock,COMMON_STOCK,NASDAQ,True,N,2026-07-10,113.9000015258789,2403908468.4265137,2141,2018-01-02,35,35
current_liquid_500_20260710_2708bb185f91,current_liquid_universe,2026-07-10,CAT,CAT,"Caterpillar, Inc. Common Stock",COMMON_STOCK,NYSE,True,,2026-07-10,952.4099731445312,2359314815.2404785,2141,2018-01-02,36,36
current_liquid_500_20260710_2708bb185f91,current_liquid_universe,2026-07-10,APP,APP,Applovin Corporation - Class A Common Stock,COMMON_STOCK,NASDAQ,True,N,2026-07-10,506.9800109863281,2348984690.9835815,1315,2021-04-15,37,37
current_liquid_500_20260710_2708bb185f91,current_liquid_universe,2026-07-10,V,V,Visa Inc.,COMMON_STOCK,NYSE,True,,2026-07-10,348.9700012207031,2329747816.0980225,2141,2018-01-02,38,38
current_liquid_500_20260710_2708bb185f91,current_liquid_universe,2026-07-10,TXN,TXN,Texas Instruments Incorporated - Common Stock,COMMON_STOCK,NASDAQ,True,N,2026-07-10,311.4599914550781,2323694517.8848267,2141,2018-01-02,39,39
current_liquid_500_20260710_2708bb185f91,current_liquid_universe,2026-07-10,XOM,XOM,ExxonMobil Holdings Corporation Common Stock,COMMON_STOCK,NYSE,True,,2026-07-10,138.8800048828125,2318616397.129059,2141,2018-01-02,40,40
current_liquid_500_20260710_2708bb185f91,current_liquid_universe,2026-07-10,CRM,CRM,"Salesforce, Inc. Common Stock",COMMON_STOCK,NYSE,True,,2026-07-10,163.32000732421875,2288779447.8744507,2141,2018-01-02,41,41
current_liquid_500_20260710_2708bb185f91,current_liquid_universe,2026-07-10,GLW,GLW,Corning Incorporated Common Stock,COMMON_STOCK,NYSE,True,,2026-07-10,190.88999938964844,2269468820.8854675,2141,2018-01-02,42,42
current_liquid_500_20260710_2708bb185f91,current_liquid_universe,2026-07-10,KLAC,KLAC,KLA Corporation  - Common Stock,COMMON_STOCK,NASDAQ,True,N,2026-07-10,231.52000427246097,2206800853.569031,2141,2018-01-02,43,43
current_liquid_500_20260710_2708bb185f91,current_liquid_universe,2026-07-10,IREN,IREN,IREN Limited - Ordinary Shares,COMMON_STOCK,NASDAQ,True,N,2026-07-10,41.13999938964844,2147847837.498474,1164,2021-11-17,44,44
current_liquid_500_20260710_2708bb185f91,current_liquid_universe,2026-07-10,GS,GS,"Goldman Sachs Group, Inc. (The) Common Stock",COMMON_STOCK,NYSE,True,,2026-07-10,1055.1800537109375,2088841052.911377,2141,2018-01-02,45,45
current_liquid_500_20260710_2708bb185f91,current_liquid_universe,2026-07-10,COST,COST,Costco Wholesale Corporation - Common Stock,COMMON_STOCK,NASDAQ,True,N,2026-07-10,916.25,2071180471.496582,2141,2018-01-02,46,46
current_liquid_500_20260710_2708bb185f91,current_liquid_universe,2026-07-10,COHR,COHR,Coherent Corp. Common Stock,COMMON_STOCK,NYSE,True,,2026-07-10,324.5,2060880801.5045168,2141,2018-01-02,47,47
current_liquid_500_20260710_2708bb185f91,current_liquid_universe,2026-07-10,PANW,PANW,"Palo Alto Networks, Inc. - Common Stock",COMMON_STOCK,NASDAQ,True,N,2026-07-10,325.9100036621094,1945102425.3707888,2141,2018-01-02,48,48
current_liquid_500_20260710_2708bb185f91,current_liquid_universe,2026-07-10,MA,MA,Mastercard Incorporated Common Stock,COMMON_STOCK,NYSE,True,,2026-07-10,526.739990234375,1896539014.2456057,2141,2018-01-02,49,49
current_liquid_500_20260710_2708bb185f91,current_liquid_universe,2026-07-10,IBM,IBM,International Business Machines Corporation Common Stock,COMMON_STOCK,NYSE,True,,2026-07-10,287.55999755859375,1872589500.667572,2141,2018-01-02,50,50
current_liquid_500_20260710_2708bb185f91,current_liquid_universe,2026-07-10,VRT,VRT,"Vertiv Holdings, LLC Class A Common Stock",COMMON_STOCK,NYSE,True,,2026-07-10,318.8599853515625,1858240949.1790771,1994,2018-08-02,51,51
current_liquid_500_20260710_2708bb185f91,current_liquid_universe,2026-07-10,AAOI,AAOI,"Applied Optoelectronics, Inc. - Common Stock",COMMON_STOCK,NASDAQ,True,N,2026-07-10,119.91999816894533,1837051209.2796328,2141,2018-01-02,52,52
current_liquid_500_20260710_2708bb185f91,current_liquid_universe,2026-07-10,JNJ,JNJ,Johnson & Johnson Common Stock,COMMON_STOCK,NYSE,True,,2026-07-10,256.9800109863281,1788022052.8533936,2141,2018-01-02,53,53
current_liquid_500_20260710_2708bb185f91,current_liquid_universe,2026-07-10,ADI,ADI,"Analog Devices, Inc. - Common Stock",COMMON_STOCK,NASDAQ,True,N,2026-07-10,395.6499938964844,1783534971.4736938,2141,2018-01-02,54,54
current_liquid_500_20260710_2708bb185f91,current_liquid_universe,2026-07-10,ALAB,ALAB,"Astera Labs, Inc. - Common Stock",COMMON_STOCK,NASDAQ,True,N,2026-07-10,412.9700012207031,1782124194.1818235,578,2024-03-20,55,55
current_liquid_500_20260710_2708bb185f91,current_liquid_universe,2026-07-10,BAC,BAC,Bank of America Corporation Common Stock,COMMON_STOCK,NYSE,True,,2026-07-10,59.66999816894531,1768095425.2994535,2141,2018-01-02,56,56
current_liquid_500_20260710_2708bb185f91,current_liquid_universe,2026-07-10,CRWD,CRWD,"CrowdStrike Holdings, Inc. - Class A Common Stock",COMMON_STOCK,NASDAQ,True,N,2026-07-10,187.17999267578125,1723610193.774414,1779,2019-06-12,57,57
current_liquid_500_20260710_2708bb185f91,current_liquid_universe,2026-07-10,CRDO,CRDO,Credo Technology Group Holding Ltd - Ordinary Shares,COMMON_STOCK,NASDAQ,True,N,2026-07-10,257.7900085449219,1721714059.0774536,1116,2022-01-27,58,58
current_liquid_500_20260710_2708bb185f91,current_liquid_universe,2026-07-10,ASTS,ASTS,"AST SpaceMobile, Inc. - Class A Common Stock",COMMON_STOCK,NASDAQ,True,N,2026-07-10,73.31999969482422,1711451239.8376465,1679,2019-11-01,59,59
current_liquid_500_20260710_2708bb185f91,current_liquid_universe,2026-07-10,CVX,CVX,Chevron Corporation Common Stock,COMMON_STOCK,NYSE,True,,2026-07-10,176.39999389648438,1686542963.1629944,2141,2018-01-02,60,60
current_liquid_500_20260710_2708bb185f91,current_liquid_universe,2026-07-10,GE,GE,GE Aerospace Common Stock,COMMON_STOCK,NYSE,True,,2026-07-10,359.2699890136719,1579472314.3081665,2141,2018-01-02,61,61
current_liquid_500_20260710_2708bb185f91,current_liquid_universe,2026-07-10,IONQ,IONQ,"IonQ, Inc. Common Stock",COMMON_STOCK,NYSE,True,,2026-07-10,42.86000061035156,1532349355.9631348,1385,2021-01-04,62,62
current_liquid_500_20260710_2708bb185f91,current_liquid_universe,2026-07-10,COIN,COIN,"Coinbase Global, Inc. - Class A Common Stock",COMMON_STOCK,NASDAQ,True,N,2026-07-10,159.07000732421875,1529485126.1619568,1316,2021-04-14,63,63
current_liquid_500_20260710_2708bb185f91,current_liquid_universe,2026-07-10,C,C,"Citigroup, Inc. Common Stock",COMMON_STOCK,NYSE,True,,2026-07-10,140.7899932861328,1509872386.654663,2141,2018-01-02,64,64
current_liquid_500_20260710_2708bb185f91,current_liquid_universe,2026-07-10,HD,HD,"Home Depot, Inc. (The) Common Stock",COMMON_STOCK,NYSE,True,,2026-07-10,343.29998779296875,1470744582.0495603,2141,2018-01-02,65,65
current_liquid_500_20260710_2708bb185f91,current_liquid_universe,2026-07-10,BA,BA,Boeing Company (The) Common Stock,COMMON_STOCK,NYSE,True,,2026-07-10,222.27999877929688,1418810681.4033508,2141,2018-01-02,66,66
current_liquid_500_20260710_2708bb185f91,current_liquid_universe,2026-07-10,ANET,ANET,"Arista Networks, Inc. Common Stock",COMMON_STOCK,NYSE,True,,2026-07-10,186.9600067138672,1401873914.9772644,2141,2018-01-02,67,67
current_liquid_500_20260710_2708bb185f91,current_liquid_universe,2026-07-10,SMCI,SMCI,"Super Micro Computer, Inc. - Common Stock",COMMON_STOCK,NASDAQ,True,N,2026-07-10,28.309999465942383,1378525056.4928055,2141,2018-01-02,68,68
current_liquid_500_20260710_2708bb185f91,current_liquid_universe,2026-07-10,APH,APH,Amphenol Corporation Common Stock,COMMON_STOCK,NYSE,True,,2026-07-10,159.05999755859375,1375706679.786682,2141,2018-01-02,69,69
current_liquid_500_20260710_2708bb185f91,current_liquid_universe,2026-07-10,TER,TER,"Teradyne, Inc. - Common Stock",COMMON_STOCK,NASDAQ,True,N,2026-07-10,359.6000061035156,1371770542.1600342,2141,2018-01-02,70,70
current_liquid_500_20260710_2708bb185f91,current_liquid_universe,2026-07-10,INTU,INTU,Intuit Inc. - Common Stock,COMMON_STOCK,NASDAQ,True,N,2026-07-10,274.9599914550781,1362896797.0703125,2141,2018-01-02,71,71
current_liquid_500_20260710_2708bb185f91,current_liquid_universe,2026-07-10,ABBV,ABBV,AbbVie Inc. Common Stock,COMMON_STOCK,NYSE,True,,2026-07-10,248.0800018310547,1338510609.0568542,2141,2018-01-02,72,72
current_liquid_500_20260710_2708bb185f91,current_liquid_universe,2026-07-10,ON,ON,ON Semiconductor Corporation - Common Stock,COMMON_STOCK,NASDAQ,True,N,2026-07-10,95.95999908447266,1311055536.0111237,2141,2018-01-02,73,73
current_liquid_500_20260710_2708bb185f91,current_liquid_universe,2026-07-10,PG,PG,Procter & Gamble Company (The) Common Stock,COMMON_STOCK,NYSE,True,,2026-07-10,147.0399932861328,1306457453.64151,2141,2018-01-02,74,74
current_liquid_500_20260710_2708bb185f91,current_liquid_universe,2026-07-10,SOFI,SOFI,"SoFi Technologies, Inc.  - Common Stock",COMMON_STOCK,NASDAQ,True,N,2026-07-10,18.780000686645508,1298032594.0246582,1385,2021-01-04,75,75
current_liquid_500_20260710_2708bb185f91,current_liquid_universe,2026-07-10,UBER,UBER,"Uber Technologies, Inc. Common Stock",COMMON_STOCK,NYSE,True,,2026-07-10,74.54000091552734,1292490362.2573853,1801,2019-05-10,76,76
current_liquid_500_20260710_2708bb185f91,current_liquid_universe,2026-07-10,ADBE,ADBE,Adobe Inc. - Common Stock,COMMON_STOCK,NASDAQ,True,N,2026-07-10,223.63999938964844,1291562827.9685974,2141,2018-01-02,77,77
current_liquid_500_20260710_2708bb185f91,current_liquid_universe,2026-07-10,SNOW,SNOW,Snowflake Inc. Common Stock,COMMON_STOCK,NYSE,True,,2026-07-10,261.45001220703125,1229996626.6418457,1460,2020-09-16,78,78
current_liquid_500_20260710_2708bb185f91,current_liquid_universe,2026-07-10,CIEN,CIEN,Ciena Corporation Common Stock,COMMON_STOCK,NYSE,True,,2026-07-10,460.7200012207031,1229538806.7749023,2141,2018-01-02,79,79
current_liquid_500_20260710_2708bb185f91,current_liquid_universe,2026-07-10,BKNG,BKNG,Booking Holdings Inc. - Common Stock,COMMON_STOCK,NASDAQ,True,N,2026-07-10,178.38999938964844,1218164230.456543,2141,2018-01-02,80,80
current_liquid_500_20260710_2708bb185f91,current_liquid_universe,2026-07-10,WFC,WFC,Wells Fargo & Company Common Stock,COMMON_STOCK,NYSE,True,,2026-07-10,87.16000366210938,1208071253.566742,2141,2018-01-02,81,81
current_liquid_500_20260710_2708bb185f91,current_liquid_universe,2026-07-10,KO,KO,Coca-Cola Company (The) Common Stock,COMMON_STOCK,NYSE,True,,2026-07-10,83.48999786376953,1206902809.0118408,2141,2018-01-02,82,82
current_liquid_500_20260710_2708bb185f91,current_liquid_universe,2026-07-10,PEP,PEP,"PepsiCo, Inc. - Common Stock",COMMON_STOCK,NASDAQ,True,N,2026-07-10,137.3800048828125,1160278242.7825928,2141,2018-01-02,83,83
current_liquid_500_20260710_2708bb185f91,current_liquid_universe,2026-07-10,MCD,MCD,McDonald's Corporation Common Stock,COMMON_STOCK,NYSE,True,,2026-07-10,274.6000061035156,1149823650.869751,2141,2018-01-02,84,84
current_liquid_500_20260710_2708bb185f91,current_liquid_universe,2026-07-10,LIN,LIN,Linde plc - Ordinary Shares,COMMON_STOCK,NASDAQ,True,N,2026-07-10,529.7899780273438,1132189937.3291016,2141,2018-01-02,85,85
current_liquid_500_20260710_2708bb185f91,current_liquid_universe,2026-07-10,MPWR,MPWR,"Monolithic Power Systems, Inc. - Common Stock",COMMON_STOCK,NASDAQ,True,N,2026-07-10,1352.739990234375,1127915371.3989258,2141,2018-01-02,86,86
current_liquid_500_20260710_2708bb185f91,current_liquid_universe,2026-07-10,MS,MS,Morgan Stanley Common Stock,COMMON_STOCK,NYSE,True,,2026-07-10,222.27999877929688,1123839356.8702698,2141,2018-01-02,87,87
current_liquid_500_20260710_2708bb185f91,current_liquid_universe,2026-07-10,VZ,VZ,Verizon Communications Inc. Common Stock,COMMON_STOCK,NYSE,True,,2026-07-10,42.119998931884766,1121847971.6978073,2141,2018-01-02,88,88
current_liquid_500_20260710_2708bb185f91,current_liquid_universe,2026-07-10,MRK,MRK,"Merck & Company, Inc. Common Stock (new)",COMMON_STOCK,NYSE,True,,2026-07-10,123.54000091552734,1113534184.9018097,2141,2018-01-02,89,89
current_liquid_500_20260710_2708bb185f91,current_liquid_universe,2026-07-10,ABT,ABT,Abbott Laboratories Common Stock,COMMON_STOCK,NYSE,True,,2026-07-10,93.93000030517578,1101767271.7666626,2141,2018-01-02,90,90
current_liquid_500_20260710_2708bb185f91,current_liquid_universe,2026-07-10,NXPI,NXPI,NXP Semiconductors N.V. - Common Stock,COMMON_STOCK,NASDAQ,True,N,2026-07-10,292.260009765625,1097315222.9431152,2141,2018-01-02,91,91
current_liquid_500_20260710_2708bb185f91,current_liquid_universe,2026-07-10,AAL,AAL,"American Airlines Group, Inc. - Common Stock",COMMON_STOCK,NASDAQ,True,N,2026-07-10,16.950000762939453,1065388407.8231332,2141,2018-01-02,92,92
current_liquid_500_20260710_2708bb185f91,current_liquid_universe,2026-07-10,TMO,TMO,Thermo Fisher Scientific Inc Common Stock,COMMON_STOCK,NYSE,True,,2026-07-10,527.0499877929688,1033203575.7019044,2141,2018-01-02,93,93
current_liquid_500_20260710_2708bb185f91,current_liquid_universe,2026-07-10,MCHP,MCHP,Microchip Technology Incorporated - Common Stock,COMMON_STOCK,NASDAQ,True,N,2026-07-10,88.58999633789062,1030225654.7100068,2141,2018-01-02,94,94
current_liquid_500_20260710_2708bb185f91,current_liquid_universe,2026-07-10,T,T,AT&T Inc.,COMMON_STOCK,NYSE,True,,2026-07-10,21.1299991607666,1021564056.3171388,2141,2018-01-02,95,95
current_liquid_500_20260710_2708bb185f91,current_liquid_universe,2026-07-10,DDOG,DDOG,"Datadog, Inc. - Class A Common Stock",COMMON_STOCK,NASDAQ,True,N,2026-07-10,257.5400085449219,1008672280.8670044,1710,2019-09-19,96,96
current_liquid_500_20260710_2708bb185f91,current_liquid_universe,2026-07-10,SCHW,SCHW,Charles Schwab Corporation (The) Common Stock,COMMON_STOCK,NYSE,True,,2026-07-10,103.12000274658205,1003637257.8735352,2141,2018-01-02,97,97
current_liquid_500_20260710_2708bb185f91,current_liquid_universe,2026-07-10,TMUS,TMUS,"T-Mobile US, Inc. - Common Stock",COMMON_STOCK,NASDAQ,True,N,2026-07-10,187.61000061035156,999730355.2703856,2141,2018-01-02,98,98
current_liquid_500_20260710_2708bb185f91,current_liquid_universe,2026-07-10,RTX,RTX,RTX Corporation Common Stock,COMMON_STOCK,NYSE,True,,2026-07-10,195.92999267578125,995260673.9593506,2141,2018-01-02,99,99
current_liquid_500_20260710_2708bb185f91,current_liquid_universe,2026-07-10,ETN,ETN,"Eaton Corporation, PLC Ordinary Shares",COMMON_STOCK,NYSE,True,,2026-07-10,407.2799987792969,990677084.3475342,2141,2018-01-02,100,100
current_liquid_500_20260710_2708bb185f91,current_liquid_universe,2026-07-10,ISRG,ISRG,"Intuitive Surgical, Inc. - Common Stock",COMMON_STOCK,NASDAQ,True,N,2026-07-10,406.7799987792969,982921693.24646,2141,2018-01-02,101,101
current_liquid_500_20260710_2708bb185f91,current_liquid_universe,2026-07-10,HON,HON,Honeywell International Inc. - Common Stock,COMMON_STOCK,NASDAQ,True,N,2026-07-10,226.4199981689453,982756080.7720566,2141,2018-01-02,102,102
current_liquid_500_20260710_2708bb185f91,current_liquid_universe,2026-07-10,AZO,AZO,"AutoZone, Inc. Common Stock",COMMON_STOCK,NYSE,True,,2026-07-10,3072.639892578125,979297648.6328124,2141,2018-01-02,103,103
current_liquid_500_20260710_2708bb185f91,current_liquid_universe,2026-07-10,BSX,BSX,Boston Scientific Corporation Common Stock,COMMON_STOCK,NYSE,True,,2026-07-10,44.77000045776367,953392129.3441772,2141,2018-01-02,104,104
current_liquid_500_20260710_2708bb185f91,current_liquid_universe,2026-07-10,AXP,AXP,American Express Company Common Stock,COMMON_STOCK,NYSE,True,,2026-07-10,350.5799865722656,953128659.5092772,2141,2018-01-02,105,105
current_liquid_500_20260710_2708bb185f91,current_liquid_universe,2026-07-10,AXTI,AXTI,AXT Inc - Common Stock,COMMON_STOCK,NASDAQ,True,N,2026-07-10,57.209999084472656,950981411.3109587,2141,2018-01-02,106,106
current_liquid_500_20260710_2708bb185f91,current_liquid_universe,2026-07-10,SHOP,SHOP,Shopify Inc. - Class A Subordinate Voting Shares,COMMON_STOCK,NASDAQ,True,N,2026-07-10,122.54000091552734,950830921.5259552,2141,2018-01-02,107,107
current_liquid_500_20260710_2708bb185f91,current_liquid_universe,2026-07-10,ACN,ACN,Accenture plc Class A Ordinary Shares (Ireland),COMMON_STOCK,NYSE,True,,2026-07-10,135.22999572753906,941070119.8760986,2141,2018-01-02,108,108
current_liquid_500_20260710_2708bb185f91,current_liquid_universe,2026-07-10,PFE,PFE,"Pfizer, Inc. Common Stock",COMMON_STOCK,NYSE,True,,2026-07-10,24.170000076293945,935665889.99815,2141,2018-01-02,109,109
current_liquid_500_20260710_2708bb185f91,current_liquid_universe,2026-07-10,FCX,FCX,"Freeport-McMoRan, Inc. Common Stock",COMMON_STOCK,NYSE,True,,2026-07-10,61.52000045776367,919023035.7105256,2141,2018-01-02,110,110
current_liquid_500_20260710_2708bb185f91,current_liquid_universe,2026-07-10,NEE,NEE,"NextEra Energy, Inc. Common Stock",COMMON_STOCK,NYSE,True,,2026-07-10,87.95999908447266,916809696.5644836,2141,2018-01-02,111,111
current_liquid_500_20260710_2708bb185f91,current_liquid_universe,2026-07-10,CEG,CEG,Constellation Energy Corporation - Common Stock When-Issued,COMMON_STOCK,NASDAQ,True,N,2026-07-10,251.3800048828125,909742445.677185,1122,2022-01-19,112,112
current_liquid_500_20260710_2708bb185f91,current_liquid_universe,2026-07-10,NKE,NKE,"Nike, Inc. Common Stock",COMMON_STOCK,NYSE,True,,2026-07-10,44.369998931884766,903976146.6873168,2141,2018-01-02,113,113
current_liquid_500_20260710_2708bb185f91,current_liquid_universe,2026-07-10,DIS,DIS,Walt Disney Company (The) Common Stock,COMMON_STOCK,NYSE,True,,2026-07-10,95.62000274658205,898037741.835022,2141,2018-01-02,114,114
current_liquid_500_20260710_2708bb185f91,current_liquid_universe,2026-07-10,SPGI,SPGI,S&P Global Inc. Common Stock,COMMON_STOCK,NYSE,True,,2026-07-10,430.5,874746828.6766205,2141,2018-01-02,115,115
current_liquid_500_20260710_2708bb185f91,current_liquid_universe,2026-07-10,COF,COF,Capital One Financial Corporation Common Stock,COMMON_STOCK,NYSE,True,,2026-07-10,201.52000427246097,866415522.3876953,2141,2018-01-02,116,116
current_liquid_500_20260710_2708bb185f91,current_liquid_universe,2026-07-10,GILD,GILD,"Gilead Sciences, Inc. - Common Stock",COMMON_STOCK,NASDAQ,True,N,2026-07-10,129.8300018310547,863085248.7709045,2141,2018-01-02,117,117
current_liquid_500_20260710_2708bb185f91,current_liquid_universe,2026-07-10,SPOT,SPOT,Spotify Technology S.A. Ordinary Shares,COMMON_STOCK,NYSE,True,,2026-07-10,479.7699890136719,851055484.3994141,2079,2018-04-03,118,118
current_liquid_500_20260710_2708bb185f91,current_liquid_universe,2026-07-10,SYK,SYK,Stryker Corporation Common Stock,COMMON_STOCK,NYSE,True,,2026-07-10,329.7799987792969,849583307.510376,2141,2018-01-02,119,119
current_liquid_500_20260710_2708bb185f91,current_liquid_universe,2026-07-10,AMGN,AMGN,Amgen Inc. - Common Stock,COMMON_STOCK,NASDAQ,True,N,2026-07-10,363.3900146484375,845606350.9170532,2141,2018-01-02,120,120
current_liquid_500_20260710_2708bb185f91,current_liquid_universe,2026-07-10,TJX,TJX,"TJX Companies, Inc. (The) Common Stock",COMMON_STOCK,NYSE,True,,2026-07-10,151.33999633789062,844782864.2211914,2141,2018-01-02,121,121
current_liquid_500_20260710_2708bb185f91,current_liquid_universe,2026-07-10,SNPS,SNPS,"Synopsys, Inc. - Common Stock",COMMON_STOCK,NASDAQ,True,N,2026-07-10,445.5,839387748.0651855,2141,2018-01-02,122,122
current_liquid_500_20260710_2708bb185f91,current_liquid_universe,2026-07-10,CMCSA,CMCSA,Comcast Corporation - Class A Common Stock,COMMON_STOCK,NASDAQ,True,N,2026-07-10,23.56999969482422,828055177.2974968,2141,2018-01-02,123,123
current_liquid_500_20260710_2708bb185f91,current_liquid_universe,2026-07-10,FIX,FIX,"Comfort Systems USA, Inc. Common Stock",COMMON_STOCK,NYSE,True,,2026-07-10,1756.0899658203125,813479780.0720215,2141,2018-01-02,124,124
current_liquid_500_20260710_2708bb185f91,current_liquid_universe,2026-07-10,MCK,MCK,McKesson Corporation Common Stock,COMMON_STOCK,NYSE,True,,2026-07-10,805.9600219726562,809276358.7860107,2141,2018-01-02,125,125
current_liquid_500_20260710_2708bb185f91,current_liquid_universe,2026-07-10,NEM,NEM,Newmont Corporation,COMMON_STOCK,NYSE,True,,2026-07-10,95.29000091552734,800613342.8878784,2141,2018-01-02,126,126
current_liquid_500_20260710_2708bb185f91,current_liquid_universe,2026-07-10,COP,COP,ConocoPhillips Common Stock,COMMON_STOCK,NYSE,True,,2026-07-10,109.04000091552734,799626116.4035797,2141,2018-01-02,127,127
current_liquid_500_20260710_2708bb185f91,current_liquid_universe,2026-07-10,PM,PM,Philip Morris International Inc Common Stock,COMMON_STOCK,NYSE,True,,2026-07-10,181.6199951171875,793269444.3489075,2141,2018-01-02,128,128
current_liquid_500_20260710_2708bb185f91,current_liquid_universe,2026-07-10,ECHO,ECHO,EchoStar Corporation - Common stock,COMMON_STOCK,NASDAQ,True,N,2026-07-10,96.0,782850368.5127258,2141,2018-01-02,129,129
current_liquid_500_20260710_2708bb185f91,current_liquid_universe,2026-07-10,PWR,PWR,"Quanta Services, Inc. Common Stock",COMMON_STOCK,NYSE,True,,2026-07-10,658.5599975585938,780039198.0010986,2141,2018-01-02,130,130
current_liquid_500_20260710_2708bb185f91,current_liquid_universe,2026-07-10,MDT,MDT,Medtronic plc. Ordinary Shares,COMMON_STOCK,NYSE,True,,2026-07-10,83.87000274658203,778469499.7001648,2141,2018-01-02,131,131
current_liquid_500_20260710_2708bb185f91,current_liquid_universe,2026-07-10,DHR,DHR,Danaher Corporation Common Stock,COMMON_STOCK,NYSE,True,,2026-07-10,199.0500030517578,776577681.0775757,2141,2018-01-02,132,132
current_liquid_500_20260710_2708bb185f91,current_liquid_universe,2026-07-10,FLEX,FLEX,Flex Ltd. - Ordinary Shares,COMMON_STOCK,NASDAQ,True,N,2026-07-10,135.8000030517578,773258364.0007019,2141,2018-01-02,133,133
current_liquid_500_20260710_2708bb185f91,current_liquid_universe,2026-07-10,HPE,HPE,Hewlett Packard Enterprise Company Common Stock,COMMON_STOCK,NYSE,True,,2026-07-10,48.540000915527344,771884838.3499146,2141,2018-01-02,134,134
current_liquid_500_20260710_2708bb185f91,current_liquid_universe,2026-07-10,CME,CME,CME Group Inc. - Class A Common Stock,COMMON_STOCK,NASDAQ,True,N,2026-07-10,240.27000427246097,771804901.4694214,2141,2018-01-02,135,135
current_liquid_500_20260710_2708bb185f91,current_liquid_universe,2026-07-10,DASH,DASH,"DoorDash, Inc. - Common Stock",COMMON_STOCK,NASDAQ,True,N,2026-07-10,191.82000732421875,771195102.5131226,1401,2020-12-09,136,136
current_liquid_500_20260710_2708bb185f91,current_liquid_universe,2026-07-10,CDNS,CDNS,"Cadence Design Systems, Inc. - Common Stock",COMMON_STOCK,NASDAQ,True,N,2026-07-10,384.1700134277344,768909691.8502808,2141,2018-01-02,137,137
current_liquid_500_20260710_2708bb185f91,current_liquid_universe,2026-07-10,OKLO,OKLO,Oklo Inc. Class A common stock,COMMON_STOCK,NYSE,True,,2026-07-10,48.849998474121094,767355099.1756439,1257,2021-07-08,138,138
current_liquid_500_20260710_2708bb185f91,current_liquid_universe,2026-07-10,APLD,APLD,Applied Digital Corporation - Common Stock,COMMON_STOCK,NASDAQ,True,N,2026-07-10,31.149999618530273,766287291.0198212,1063,2022-04-13,139,139
current_liquid_500_20260710_2708bb185f91,current_liquid_universe,2026-07-10,FTNT,FTNT,"Fortinet, Inc. - Common Stock",COMMON_STOCK,NASDAQ,True,N,2026-07-10,157.50999450683594,755280473.7571716,2141,2018-01-02,140,140
current_liquid_500_20260710_2708bb185f91,current_liquid_universe,2026-07-10,MELI,MELI,"MercadoLibre, Inc. - Common Stock",COMMON_STOCK,NASDAQ,True,N,2026-07-10,1852.219970703125,752183907.0556641,2141,2018-01-02,141,141
current_liquid_500_20260710_2708bb185f91,current_liquid_universe,2026-07-10,CVNA,CVNA,Carvana Co. Class A Common Stock,COMMON_STOCK,NYSE,True,,2026-07-10,65.83000183105469,747062120.7447052,2141,2018-01-02,142,142
current_liquid_500_20260710_2708bb185f91,current_liquid_universe,2026-07-10,CLS,CLS,"Celestica, Inc. Common Stock",COMMON_STOCK,NYSE,True,,2026-07-10,359.8500061035156,738858800.088501,2141,2018-01-02,143,143
current_liquid_500_20260710_2708bb185f91,current_liquid_universe,2026-07-10,NET,NET,"Cloudflare, Inc. Class A Common Stock",COMMON_STOCK,NYSE,True,,2026-07-10,268.3999938964844,738527578.1059265,1714,2019-09-13,144,144
current_liquid_500_20260710_2708bb185f91,current_liquid_universe,2026-07-10,STM,STM,STMicroelectronics N.V. Common Stock,COMMON_STOCK,NYSE,True,,2026-07-10,71.45999908447266,738345539.1151428,2141,2018-01-02,145,145
current_liquid_500_20260710_2708bb185f91,current_liquid_universe,2026-07-10,RDDT,RDDT,"Reddit, Inc. Class A Common Stock",COMMON_STOCK,NYSE,True,,2026-07-10,195.33999633789065,731405982.4188232,577,2024-03-21,146,146
current_liquid_500_20260710_2708bb185f91,current_liquid_universe,2026-07-10,UNP,UNP,Union Pacific Corporation Common Stock,COMMON_STOCK,NYSE,True,,2026-07-10,286.9599914550781,727847574.8840332,2141,2018-01-02,147,147
current_liquid_500_20260710_2708bb185f91,current_liquid_universe,2026-07-10,SLB,SLB,SLB Limited Common Shares,COMMON_STOCK,NYSE,True,,2026-07-10,47.7599983215332,715406274.123764,2141,2018-01-02,148,148
current_liquid_500_20260710_2708bb185f91,current_liquid_universe,2026-07-10,DE,DE,Deere & Company Common Stock,COMMON_STOCK,NYSE,True,,2026-07-10,586.8599853515625,712708165.5334473,2141,2018-01-02,149,149
current_liquid_500_20260710_2708bb185f91,current_liquid_universe,2026-07-10,SBUX,SBUX,Starbucks Corporation - Common Stock,COMMON_STOCK,NASDAQ,True,N,2026-07-10,106.01000213623048,712501740.7867432,2141,2018-01-02,150,150
current_liquid_500_20260710_2708bb185f91,current_liquid_universe,2026-07-10,VLO,VLO,Valero Energy Corporation Common Stock,COMMON_STOCK,NYSE,True,,2026-07-10,280.69000244140625,703957291.4276123,2141,2018-01-02,151,151
current_liquid_500_20260710_2708bb185f91,current_liquid_universe,2026-07-10,CVS,CVS,CVS Health Corporation Common Stock,COMMON_STOCK,NYSE,True,,2026-07-10,104.1500015258789,682317594.2436218,2141,2018-01-02,152,152
current_liquid_500_20260710_2708bb185f91,current_liquid_universe,2026-07-10,WULF,WULF,TeraWulf Inc. - Common Stock,COMMON_STOCK,NASDAQ,True,N,2026-07-10,21.969999313354492,678389169.2840576,2141,2018-01-02,153,153
current_liquid_500_20260710_2708bb185f91,current_liquid_universe,2026-07-10,CCL,CCL,Carnival Corporation Ltd. Common Shares,COMMON_STOCK,NYSE,True,,2026-07-10,26.829999923706055,676714729.908371,2141,2018-01-02,154,154
current_liquid_500_20260710_2708bb185f91,current_liquid_universe,2026-07-10,VST,VST,Vistra Corp. Common Stock,COMMON_STOCK,NYSE,True,,2026-07-10,158.86000061035156,673929197.5479126,2141,2018-01-02,155,155
current_liquid_500_20260710_2708bb185f91,current_liquid_universe,2026-07-10,RCL,RCL,Royal Caribbean Cruises Ltd. Common Stock,COMMON_STOCK,NYSE,True,,2026-07-10,285.3699951171875,671709394.7769165,2141,2018-01-02,156,156
current_liquid_500_20260710_2708bb185f91,current_liquid_universe,2026-07-10,SHW,SHW,Sherwin-Williams Company (The) Common Stock,COMMON_STOCK,NYSE,True,,2026-07-10,333.989990234375,660462013.8946533,2141,2018-01-02,157,157
current_liquid_500_20260710_2708bb185f91,current_liquid_universe,2026-07-10,F,F,Ford Motor Company Common Stock,COMMON_STOCK,NYSE,True,,2026-07-10,14.0,656726623.5911846,2141,2018-01-02,158,158
current_liquid_500_20260710_2708bb185f91,current_liquid_universe,2026-07-10,BLK,BLK,"BlackRock, Inc. Common Stock",COMMON_STOCK,NYSE,True,,2026-07-10,1036.1099853515625,655806399.2736816,2141,2018-01-02,159,159
current_liquid_500_20260710_2708bb185f91,current_liquid_universe,2026-07-10,WELL,WELL,Welltower Inc. Common Stock,COMMON_STOCK,NYSE,True,,2026-07-10,231.58999633789065,653772263.9694214,2141,2018-01-02,160,160
current_liquid_500_20260710_2708bb185f91,current_liquid_universe,2026-07-10,LMT,LMT,Lockheed Martin Corporation Common Stock,COMMON_STOCK,NYSE,True,,2026-07-10,523.219970703125,645055258.5510254,2141,2018-01-02,161,161
current_liquid_500_20260710_2708bb185f91,current_liquid_universe,2026-07-10,PYPL,PYPL,"PayPal Holdings, Inc. - Common Stock",COMMON_STOCK,NASDAQ,True,N,2026-07-10,46.31999969482422,643300964.9888992,2141,2018-01-02,162,162
current_liquid_500_20260710_2708bb185f91,current_liquid_universe,2026-07-10,RGTI,RGTI,"Rigetti Computing, Inc.  - Common stock",COMMON_STOCK,NASDAQ,True,N,2026-07-10,16.540000915527344,643197420.2632904,1310,2021-04-22,163,163
current_liquid_500_20260710_2708bb185f91,current_liquid_universe,2026-07-10,ROST,ROST,"Ross Stores, Inc. - Common Stock",COMMON_STOCK,NASDAQ,True,N,2026-07-10,222.8800048828125,642624744.2199707,2141,2018-01-02,164,164
current_liquid_500_20260710_2708bb185f91,current_liquid_universe,2026-07-10,QBTS,QBTS,D-Wave Quantum Inc. Common Shares,COMMON_STOCK,NYSE,True,,2026-07-10,20.09000015258789,642389519.246006,1399,2020-12-11,165,165
current_liquid_500_20260710_2708bb185f91,current_liquid_universe,2026-07-10,LOW,LOW,"Lowe's Companies, Inc. Common Stock",COMMON_STOCK,NYSE,True,,2026-07-10,211.6300048828125,632793514.3699646,2141,2018-01-02,166,166
current_liquid_500_20260710_2708bb185f91,current_liquid_universe,2026-07-10,TT,TT,Trane Technologies plc,COMMON_STOCK,NYSE,True,,2026-07-10,479.7000122070313,626492352.5939941,2141,2018-01-02,167,167
current_liquid_500_20260710_2708bb185f91,current_liquid_universe,2026-07-10,NU,NU,Nu Holdings Ltd. Class A Ordinary Shares,COMMON_STOCK,NYSE,True,,2026-07-10,13.760000228881836,623503157.9823494,1149,2021-12-09,168,168
current_liquid_500_20260710_2708bb185f91,current_liquid_universe,2026-07-10,HWM,HWM,Howmet Aerospace Inc. Common Stock,COMMON_STOCK,NYSE,True,,2026-07-10,270.8500061035156,620667078.4454346,2141,2018-01-02,169,169
current_liquid_500_20260710_2708bb185f91,current_liquid_universe,2026-07-10,ELV,ELV,"Elevance Health, Inc. Common Stock",COMMON_STOCK,NYSE,True,,2026-07-10,416.2300109863281,618904236.6119385,2141,2018-01-02,170,170
current_liquid_500_20260710_2708bb185f91,current_liquid_universe,2026-07-10,NVTS,NVTS,Navitas Semiconductor Corporation - Common Stock,COMMON_STOCK,NASDAQ,True,N,2026-07-10,13.470000267028809,612973995.996952,1184,2021-10-20,171,171
current_liquid_500_20260710_2708bb185f91,current_liquid_universe,2026-07-10,DVN,DVN,Devon Energy Corporation Common Stock,COMMON_STOCK,NYSE,True,,2026-07-10,42.22999954223633,612263701.7730713,2141,2018-01-02,172,172
current_liquid_500_20260710_2708bb185f91,current_liquid_universe,2026-07-10,REGN,REGN,"Regeneron Pharmaceuticals, Inc. - Common Stock",COMMON_STOCK,NASDAQ,True,N,2026-07-10,664.52001953125,609556948.9868164,2141,2018-01-02,173,173
current_liquid_500_20260710_2708bb185f91,current_liquid_universe,2026-07-10,NVO,NVO,Novo Nordisk A/S Common Stock,COMMON_STOCK,NYSE,True,,2026-07-10,49.47999954223633,608828233.2691193,2141,2018-01-02,174,174
current_liquid_500_20260710_2708bb185f91,current_liquid_universe,2026-07-10,PH,PH,Parker-Hannifin Corporation Common Stock,COMMON_STOCK,NYSE,True,,2026-07-10,961.27001953125,604869939.4470215,2141,2018-01-02,175,175
current_liquid_500_20260710_2708bb185f91,current_liquid_universe,2026-07-10,CMI,CMI,Cummins Inc. Common Stock,COMMON_STOCK,NYSE,True,,2026-07-10,675.9500122070312,602936935.4248047,2141,2018-01-02,176,176
current_liquid_500_20260710_2708bb185f91,current_liquid_universe,2026-07-10,TGT,TGT,Target Corporation Common Stock,COMMON_STOCK,NYSE,True,,2026-07-10,135.13999938964844,601360618.8915253,2141,2018-01-02,177,177
current_liquid_500_20260710_2708bb185f91,current_liquid_universe,2026-07-10,BX,BX,Blackstone Inc. Common Stock,COMMON_STOCK,NYSE,True,,2026-07-10,123.08999633789062,601292948.2837677,2141,2018-01-02,178,178
current_liquid_500_20260710_2708bb185f91,current_liquid_universe,2026-07-10,HCA,HCA,"HCA Healthcare, Inc. Common Stock",COMMON_STOCK,NYSE,True,,2026-07-10,406.5899963378906,598540190.0909424,2141,2018-01-02,179,179
current_liquid_500_20260710_2708bb185f91,current_liquid_universe,2026-07-10,VRTX,VRTX,Vertex Pharmaceuticals Incorporated - Common Stock,COMMON_STOCK,NASDAQ,True,N,2026-07-10,485.3900146484375,598004490.1855469,2141,2018-01-02,180,180
current_liquid_500_20260710_2708bb185f91,current_liquid_universe,2026-07-10,DAL,DAL,"Delta Air Lines, Inc. Common Stock",COMMON_STOCK,NYSE,True,,2026-07-10,87.38999938964844,597839903.6865234,2141,2018-01-02,181,181
current_liquid_500_20260710_2708bb185f91,current_liquid_universe,2026-07-10,OXY,OXY,Occidental Petroleum Corporation Common Stock,COMMON_STOCK,NYSE,True,,2026-07-10,52.88999938964844,595066369.2237854,2141,2018-01-02,182,182
current_liquid_500_20260710_2708bb185f91,current_liquid_universe,2026-07-10,GM,GM,General Motors Company Common Stock,COMMON_STOCK,NYSE,True,,2026-07-10,77.8499984741211,594231188.6100769,2141,2018-01-02,183,183
current_liquid_500_20260710_2708bb185f91,current_liquid_universe,2026-07-10,ORLY,ORLY,"O'Reilly Automotive, Inc. - Common Stock",COMMON_STOCK,NASDAQ,True,N,2026-07-10,86.27999877929688,590101930.5961609,2141,2018-01-02,184,184
current_liquid_500_20260710_2708bb185f91,current_liquid_universe,2026-07-10,ADP,ADP,"Automatic Data Processing, Inc. - Common Stock",COMMON_STOCK,NASDAQ,True,N,2026-07-10,241.9199981689453,589907915.4418945,2141,2018-01-02,185,185
current_liquid_500_20260710_2708bb185f91,current_liquid_universe,2026-07-10,FDX,FDX,FedEx Corporation Common Stock,COMMON_STOCK,NYSE,True,,2026-07-10,314.69000244140625,587707544.8548737,2141,2018-01-02,186,186
current_liquid_500_20260710_2708bb185f91,current_liquid_universe,2026-07-10,PGR,PGR,Progressive Corporation (The) Common Stock,COMMON_STOCK,NYSE,True,,2026-07-10,230.72000122070312,582995983.2107543,2141,2018-01-02,187,187
current_liquid_500_20260710_2708bb185f91,current_liquid_universe,2026-07-10,BMY,BMY,Bristol-Myers Squibb Company Common Stock,COMMON_STOCK,NYSE,True,,2026-07-10,57.58000183105469,581958108.9746475,2141,2018-01-02,188,188
current_liquid_500_20260710_2708bb185f91,current_liquid_universe,2026-07-10,WDAY,WDAY,"Workday, Inc. - Class A Common Stock",COMMON_STOCK,NASDAQ,True,N,2026-07-10,138.9499969482422,581526093.9498901,2141,2018-01-02,189,189
current_liquid_500_20260710_2708bb185f91,current_liquid_universe,2026-07-10,AEP,AEP,"American Electric Power Company, Inc. - Common Stock",COMMON_STOCK,NASDAQ,True,N,2026-07-10,135.42999267578125,579270734.7267151,2141,2018-01-02,190,190
current_liquid_500_20260710_2708bb185f91,current_liquid_universe,2026-07-10,EQIX,EQIX,"Equinix, Inc. - Common Stock",COMMON_STOCK,NASDAQ,True,N,2026-07-10,1051.2099609375,570233008.3007812,2141,2018-01-02,191,191
current_liquid_500_20260710_2708bb185f91,current_liquid_universe,2026-07-10,ICE,ICE,Intercontinental Exchange Inc. Common Stock,COMMON_STOCK,NYSE,True,,2026-07-10,135.25999450683594,563037827.1858215,2141,2018-01-02,192,192
current_liquid_500_20260710_2708bb185f91,current_liquid_universe,2026-07-10,MTSI,MTSI,"MACOM Technology Solutions Holdings, Inc. - Common Stock",COMMON_STOCK,NASDAQ,True,N,2026-07-10,308.5199890136719,558192918.9697266,2141,2018-01-02,193,193
current_liquid_500_20260710_2708bb185f91,current_liquid_universe,2026-07-10,MPC,MPC,Marathon Petroleum Corporation Common Stock,COMMON_STOCK,NYSE,True,,2026-07-10,283.739990234375,552705352.8961182,2141,2018-01-02,194,194
current_liquid_500_20260710_2708bb185f91,current_liquid_universe,2026-07-10,CMG,CMG,"Chipotle Mexican Grill, Inc. Common Stock",COMMON_STOCK,NYSE,True,,2026-07-10,35.25,552665660.5220795,2141,2018-01-02,195,195
current_liquid_500_20260710_2708bb185f91,current_liquid_universe,2026-07-10,MAR,MAR,Marriott International - Class A Common Stock,COMMON_STOCK,NASDAQ,True,N,2026-07-10,376.1099853515625,552454023.8220215,2141,2018-01-02,196,196
current_liquid_500_20260710_2708bb185f91,current_liquid_universe,2026-07-10,FSLR,FSLR,"First Solar, Inc. - Common Stock",COMMON_STOCK,NASDAQ,True,N,2026-07-10,227.8300018310547,548218555.2612305,2141,2018-01-02,197,197
current_liquid_500_20260710_2708bb185f91,current_liquid_universe,2026-07-10,MARA,MARA,"MARA Holdings, Inc. - Common Stock",COMMON_STOCK,NASDAQ,True,N,2026-07-10,12.600000381469728,544580929.1836739,2141,2018-01-02,198,198
current_liquid_500_20260710_2708bb185f91,current_liquid_universe,2026-07-10,AKAM,AKAM,"Akamai Technologies, Inc. - Common Stock",COMMON_STOCK,NASDAQ,True,N,2026-07-10,126.19000244140624,542486233.9977264,2141,2018-01-02,199,199
current_liquid_500_20260710_2708bb185f91,current_liquid_universe,2026-07-10,ONDS,ONDS,Ondas Inc - Common Stock,COMMON_STOCK,NASDAQ,True,N,2026-07-10,7.260000228881836,541748363.6864662,1404,2020-12-04,200,200
current_liquid_500_20260710_2708bb185f91,current_liquid_universe,2026-07-10,MO,MO,"Altria Group, Inc.",COMMON_STOCK,NYSE,True,,2026-07-10,71.79000091552734,540569250.6652832,2141,2018-01-02,201,201
current_liquid_500_20260710_2708bb185f91,current_liquid_universe,2026-07-10,CSX,CSX,CSX Corporation - Common Stock,COMMON_STOCK,NASDAQ,True,N,2026-07-10,49.40999984741211,539978159.5588684,2141,2018-01-02,202,202
current_liquid_500_20260710_2708bb185f91,current_liquid_universe,2026-07-10,MMM,MMM,3M Company Common Stock,COMMON_STOCK,NYSE,True,,2026-07-10,157.52000427246094,538848034.2781067,2141,2018-01-02,203,203
current_liquid_500_20260710_2708bb185f91,current_liquid_universe,2026-07-10,AMT,AMT,American Tower Corporation (REIT) Common Stock,COMMON_STOCK,NYSE,True,,2026-07-10,168.58999633789062,536614412.109375,2141,2018-01-02,204,204
current_liquid_500_20260710_2708bb185f91,current_liquid_universe,2026-07-10,JCI,JCI,Johnson Controls International plc Ordinary Share,COMMON_STOCK,NYSE,True,,2026-07-10,142.80999755859375,527441830.0186157,2141,2018-01-02,205,205
current_liquid_500_20260710_2708bb185f91,current_liquid_universe,2026-07-10,HIMS,HIMS,"Hims & Hers Health, Inc. Class A Common Stock",COMMON_STOCK,NYSE,True,,2026-07-10,34.380001068115234,525034718.35489273,1714,2019-09-13,206,206
current_liquid_500_20260710_2708bb185f91,current_liquid_universe,2026-07-10,CB,CB,Chubb Limited  Common Stock,COMMON_STOCK,NYSE,True,,2026-07-10,347.8299865722656,519741326.7440796,2141,2018-01-02,207,207
current_liquid_500_20260710_2708bb185f91,current_liquid_universe,2026-07-10,LNG,LNG,"Cheniere Energy, Inc. Common Stock",COMMON_STOCK,NYSE,True,,2026-07-10,258.6400146484375,519623683.6860657,2141,2018-01-02,208,208
current_liquid_500_20260710_2708bb185f91,current_liquid_universe,2026-07-10,SO,SO,Southern Company (The) Common Stock,COMMON_STOCK,NYSE,True,,2026-07-10,95.61000061035156,518858776.5743256,2141,2018-01-02,209,209
current_liquid_500_20260710_2708bb185f91,current_liquid_universe,2026-07-10,ZTS,ZTS,Zoetis Inc. Class A Common Stock,COMMON_STOCK,NYSE,True,,2026-07-10,75.55999755859375,514246189.96772766,2141,2018-01-02,210,210
current_liquid_500_20260710_2708bb185f91,current_liquid_universe,2026-07-10,TEL,TEL,TE Connectivity plc Ordinary Shares,COMMON_STOCK,NYSE,True,,2026-07-10,200.36000061035156,514047567.5628662,2141,2018-01-02,211,211
current_liquid_500_20260710_2708bb185f91,current_liquid_universe,2026-07-10,CIFR,CIFR,Cipher Digital Inc. - Common Stock,COMMON_STOCK,NASDAQ,True,N,2026-07-10,22.11000061035156,511286397.8530884,1436,2020-10-20,212,212
current_liquid_500_20260710_2708bb185f91,current_liquid_universe,2026-07-10,HLT,HLT,Hilton Worldwide Holdings Inc. Common Stock,COMMON_STOCK,NYSE,True,,2026-07-10,335.4800109863281,510760433.0429077,2141,2018-01-02,213,213
current_liquid_500_20260710_2708bb185f91,current_liquid_universe,2026-07-10,SAP,SAP,SAP  SE ADS,COMMON_STOCK,NYSE,True,,2026-07-10,157.86000061035156,502990095.5818176,2141,2018-01-02,214,214
current_liquid_500_20260710_2708bb185f91,current_liquid_universe,2026-07-10,WBD,WBD,"Warner Bros. Discovery, Inc. - Series A Common Stock",COMMON_STOCK,NASDAQ,True,N,2026-07-10,26.59000015258789,496512004.5351029,2141,2018-01-02,215,215
current_liquid_500_20260710_2708bb185f91,current_liquid_universe,2026-07-10,BNY,BNY,The Bank of New York Mellon Corporation Common Stock,COMMON_STOCK,NYSE,True,,2026-07-10,151.9199981689453,496015052.4810791,2141,2018-01-02,216,216
current_liquid_500_20260710_2708bb185f91,current_liquid_universe,2026-07-10,NOC,NOC,Northrop Grumman Corporation Common Stock,COMMON_STOCK,NYSE,True,,2026-07-10,539.6300048828125,495620219.39697266,2141,2018-01-02,217,217
current_liquid_500_20260710_2708bb185f91,current_liquid_universe,2026-07-10,FN,FN,Fabrinet Ordinary Shares,COMMON_STOCK,NYSE,True,,2026-07-10,471.1300048828125,494163397.8668213,2141,2018-01-02,218,218
current_liquid_500_20260710_2708bb185f91,current_liquid_universe,2026-07-10,EBAY,EBAY,eBay Inc. - Common Stock,COMMON_STOCK,NASDAQ,True,N,2026-07-10,117.1999969482422,492953721.51756287,2141,2018-01-02,219,219
current_liquid_500_20260710_2708bb185f91,current_liquid_universe,2026-07-10,STRL,STRL,"Sterling Infrastructure, Inc. - Common Stock",COMMON_STOCK,NASDAQ,True,N,2026-07-10,682.2899780273438,491332750.0610352,2141,2018-01-02,220,220
current_liquid_500_20260710_2708bb185f91,current_liquid_universe,2026-07-10,HUM,HUM,Humana Inc. Common Stock,COMMON_STOCK,NYSE,True,,2026-07-10,392.2200012207031,486119721.84906006,2141,2018-01-02,221,221
current_liquid_500_20260710_2708bb185f91,current_liquid_universe,2026-07-10,TDG,TDG,Transdigm Group Incorporated Common Stock,COMMON_STOCK,NYSE,True,,2026-07-10,1291.3499755859375,484979129.2297363,2141,2018-01-02,222,222
current_liquid_500_20260710_2708bb185f91,current_liquid_universe,2026-07-10,ABNB,ABNB,"Airbnb, Inc. - Class A Common Stock",COMMON_STOCK,NASDAQ,True,N,2026-07-10,148.6199951171875,484723399.4293213,1400,2020-12-10,223,223
current_liquid_500_20260710_2708bb185f91,current_liquid_universe,2026-07-10,RBLX,RBLX,Roblox Corporation Class A Common Stock,COMMON_STOCK,NYSE,True,,2026-07-10,55.349998474121094,482806057.9454422,1340,2021-03-10,224,224
current_liquid_500_20260710_2708bb185f91,current_liquid_universe,2026-07-10,TSEM,TSEM,Tower Semiconductor Ltd. - Ordinary Shares,COMMON_STOCK,NASDAQ,True,N,2026-07-10,222.75,482139812.600708,2141,2018-01-02,225,225
current_liquid_500_20260710_2708bb185f91,current_liquid_universe,2026-07-10,BKR,BKR,Baker Hughes Company - Common Stock,COMMON_STOCK,NASDAQ,True,N,2026-07-10,57.560001373291016,481916300.1434326,2141,2018-01-02,226,226
current_liquid_500_20260710_2708bb185f91,current_liquid_universe,2026-07-10,MDLZ,MDLZ,"Mondelez International, Inc. - Class A Common Stock",COMMON_STOCK,NASDAQ,True,N,2026-07-10,58.83000183105469,481674135.5827331,2141,2018-01-02,227,227
current_liquid_500_20260710_2708bb185f91,current_liquid_universe,2026-07-10,USB,USB,U.S. Bancorp Common Stock,COMMON_STOCK,NYSE,True,,2026-07-10,62.40999984741211,478413523.4703064,2141,2018-01-02,228,228
current_liquid_500_20260710_2708bb185f91,current_liquid_universe,2026-07-10,CRH,CRH,CRH PLC Ordinary Shares,COMMON_STOCK,NYSE,True,,2026-07-10,104.70999908447266,477674270.69854736,2141,2018-01-02,229,229
current_liquid_500_20260710_2708bb185f91,current_liquid_universe,2026-07-10,CAH,CAH,"Cardinal Health, Inc. Common Stock",COMMON_STOCK,NYSE,True,,2026-07-10,235.8000030517578,476976734.0789795,2141,2018-01-02,230,230
current_liquid_500_20260710_2708bb185f91,current_liquid_universe,2026-07-10,PLD,PLD,"Prologis, Inc. Common Stock",COMMON_STOCK,NYSE,True,,2026-07-10,140.8699951171875,472735103.3798218,2141,2018-01-02,231,231
current_liquid_500_20260710_2708bb185f91,current_liquid_universe,2026-07-10,ADSK,ADSK,"Autodesk, Inc. - Common Stock",COMMON_STOCK,NASDAQ,True,N,2026-07-10,208.4499969482422,471014818.49823,2141,2018-01-02,232,232
current_liquid_500_20260710_2708bb185f91,current_liquid_universe,2026-07-10,APO,APO,"Apollo Global Management, Inc. (New) Common Stock",COMMON_STOCK,NYSE,True,,2026-07-10,120.33999633789062,469365506.5196991,2141,2018-01-02,233,233
current_liquid_500_20260710_2708bb185f91,current_liquid_universe,2026-07-10,MDB,MDB,"MongoDB, Inc. - Class A Common Stock",COMMON_STOCK,NASDAQ,True,N,2026-07-10,342.0799865722656,468505995.20874023,2141,2018-01-02,234,234
current_liquid_500_20260710_2708bb185f91,current_liquid_universe,2026-07-10,B,B,Barrick Mining Corporation Common Shares,COMMON_STOCK,NYSE,True,,2026-07-10,36.68000030517578,463490024.7810364,2141,2018-01-02,235,235
current_liquid_500_20260710_2708bb185f91,current_liquid_universe,2026-07-10,WMB,WMB,"Williams Companies, Inc. (The) Common Stock",COMMON_STOCK,NYSE,True,,2026-07-10,75.0199966430664,462534021.86546326,2141,2018-01-02,236,236
current_liquid_500_20260710_2708bb185f91,current_liquid_universe,2026-07-10,TRV,TRV,"The Travelers Companies, Inc. Common Stock",COMMON_STOCK,NYSE,True,,2026-07-10,338.9200134277344,462408223.23150635,2141,2018-01-02,237,237
current_liquid_500_20260710_2708bb185f91,current_liquid_universe,2026-07-10,MCO,MCO,Moody's Corporation Common Stock,COMMON_STOCK,NYSE,True,,2026-07-10,487.2799987792969,461681333.0566406,2141,2018-01-02,238,238
current_liquid_500_20260710_2708bb185f91,current_liquid_universe,2026-07-10,KEYS,KEYS,Keysight Technologies Inc. Common Stock,COMMON_STOCK,NYSE,True,,2026-07-10,322.04998779296875,459093234.3841553,2141,2018-01-02,239,239
current_liquid_500_20260710_2708bb185f91,current_liquid_universe,2026-07-10,TTWO,TTWO,"Take-Two Interactive Software, Inc. - Common Stock",COMMON_STOCK,NASDAQ,True,N,2026-07-10,243.1999969482422,458617745.76416016,2141,2018-01-02,240,240
current_liquid_500_20260710_2708bb185f91,current_liquid_universe,2026-07-10,AXON,AXON,"Axon Enterprise, Inc. - Common Stock",COMMON_STOCK,NASDAQ,True,N,2026-07-10,565.7999877929688,457098444.5800781,2141,2018-01-02,241,241
current_liquid_500_20260710_2708bb185f91,current_liquid_universe,2026-07-10,EOG,EOG,"EOG Resources, Inc. Common Stock",COMMON_STOCK,NYSE,True,,2026-07-10,134.10000610351562,457056714.54467773,2141,2018-01-02,242,242
current_liquid_500_20260710_2708bb185f91,current_liquid_universe,2026-07-10,AON,AON,Aon plc Class A Ordinary Shares (Ireland),COMMON_STOCK,NYSE,True,,2026-07-10,356.94000244140625,456991454.0084839,2141,2018-01-02,243,243
current_liquid_500_20260710_2708bb185f91,current_liquid_universe,2026-07-10,WM,WM,"Waste Management, Inc. Common Stock",COMMON_STOCK,NYSE,True,,2026-07-10,233.3300018310547,456567897.1191406,2141,2018-01-02,244,244
current_liquid_500_20260710_2708bb185f91,current_liquid_universe,2026-07-10,DOCN,DOCN,"DigitalOcean Holdings, Inc. Common Stock",COMMON_STOCK,NYSE,True,,2026-07-10,130.49000549316406,456148838.78326416,1330,2021-03-24,245,245
current_liquid_500_20260710_2708bb185f91,current_liquid_universe,2026-07-10,ZS,ZS,"Zscaler, Inc. - Common Stock",COMMON_STOCK,NASDAQ,True,N,2026-07-10,139.27000427246094,452584867.754364,2090,2018-03-16,246,246
current_liquid_500_20260710_2708bb185f91,current_liquid_universe,2026-07-10,RIVN,RIVN,"Rivian Automotive, Inc. - Class A Common Stock",COMMON_STOCK,NASDAQ,True,N,2026-07-10,17.479999542236328,450264261.66877747,1169,2021-11-10,247,247
current_liquid_500_20260710_2708bb185f91,current_liquid_universe,2026-07-10,TEAM,TEAM,Atlassian Corporation  - Class A Common Stock,COMMON_STOCK,NASDAQ,True,N,2026-07-10,88.86000061035156,447866105.0765991,2141,2018-01-02,248,248
current_liquid_500_20260710_2708bb185f91,current_liquid_universe,2026-07-10,FANG,FANG,"Diamondback Energy, Inc. - Common Stock",COMMON_STOCK,NASDAQ,True,N,2026-07-10,183.38999938964844,447707735.8062744,2141,2018-01-02,249,249
current_liquid_500_20260710_2708bb185f91,current_liquid_universe,2026-07-10,CHTR,CHTR,"Charter Communications, Inc. - Class A Common Stock",COMMON_STOCK,NASDAQ,True,N,2026-07-10,130.72999572753906,447168543.0557251,2141,2018-01-02,250,250
current_liquid_500_20260710_2708bb185f91,current_liquid_universe,2026-07-10,ENTG,ENTG,"Entegris, Inc. - Common Stock",COMMON_STOCK,NASDAQ,True,N,2026-07-10,145.35000610351562,444635761.7340088,2141,2018-01-02,251,251
current_liquid_500_20260710_2708bb185f91,current_liquid_universe,2026-07-10,HUT,HUT,Hut 8 Corp. - Common Stock,COMMON_STOCK,NASDAQ,True,N,2026-07-10,102.22000122070312,443880647.1382141,2096,2018-03-08,252,252
current_liquid_500_20260710_2708bb185f91,current_liquid_universe,2026-07-10,CL,CL,Colgate-Palmolive Company Common Stock,COMMON_STOCK,NYSE,True,,2026-07-10,92.23999786376952,442316195.84007263,2141,2018-01-02,253,253
current_liquid_500_20260710_2708bb185f91,current_liquid_universe,2026-07-10,COR,COR,"Cencora, Inc. Common Stock",COMMON_STOCK,NYSE,True,,2026-07-10,303.44000244140625,442281217.149353,2141,2018-01-02,254,254
current_liquid_500_20260710_2708bb185f91,current_liquid_universe,2026-07-10,CTSH,CTSH,Cognizant Technology Solutions Corporation - Class A Common Stock,COMMON_STOCK,NASDAQ,True,N,2026-07-10,42.56999969482422,442149644.1539765,2141,2018-01-02,255,255
current_liquid_500_20260710_2708bb185f91,current_liquid_universe,2026-07-10,HAL,HAL,Halliburton Company Common Stock,COMMON_STOCK,NYSE,True,,2026-07-10,34.38999938964844,439206129.54769135,2141,2018-01-02,256,256
current_liquid_500_20260710_2708bb185f91,current_liquid_universe,2026-07-10,GD,GD,General Dynamics Corporation Common Stock,COMMON_STOCK,NYSE,True,,2026-07-10,375.05999755859375,439065921.3973999,2141,2018-01-02,257,257
current_liquid_500_20260710_2708bb185f91,current_liquid_universe,2026-07-10,KKR,KKR,KKR & Co. Inc. Common Stock,COMMON_STOCK,NYSE,True,,2026-07-10,96.94000244140624,437523982.99598694,2141,2018-01-02,258,258
current_liquid_500_20260710_2708bb185f91,current_liquid_universe,2026-07-10,MNST,MNST,Monster Beverage Corporation - Common Stock,COMMON_STOCK,NASDAQ,True,N,2026-07-10,97.38999938964844,436488313.9667511,2141,2018-01-02,259,259
current_liquid_500_20260710_2708bb185f91,current_liquid_universe,2026-07-10,DLR,DLR,"Digital Realty Trust, Inc. Common Stock",COMMON_STOCK,NYSE,True,,2026-07-10,180.41000366210935,434265175.8155823,2141,2018-01-02,260,260
current_liquid_500_20260710_2708bb185f91,current_liquid_universe,2026-07-10,PNC,PNC,"PNC Financial Services Group, Inc. (The) Common Stock",COMMON_STOCK,NYSE,True,,2026-07-10,251.91000366210935,433257554.6356201,2141,2018-01-02,261,261
current_liquid_500_20260710_2708bb185f91,current_liquid_universe,2026-07-10,CI,CI,The Cigna Group Common Stock,COMMON_STOCK,NYSE,True,,2026-07-10,293.4599914550781,432772332.0770264,2141,2018-01-02,262,262
current_liquid_500_20260710_2708bb185f91,current_liquid_universe,2026-07-10,KMB,KMB,Kimberly-Clark Corporation - Common Stock,COMMON_STOCK,NASDAQ,True,N,2026-07-10,112.41000366210938,432346268.0339813,2141,2018-01-02,263,263
current_liquid_500_20260710_2708bb185f91,current_liquid_universe,2026-07-10,MSI,MSI,"Motorola Solutions, Inc. Common Stock",COMMON_STOCK,NYSE,True,,2026-07-10,422.8800048828125,432071280.770874,2141,2018-01-02,264,264
current_liquid_500_20260710_2708bb185f91,current_liquid_universe,2026-07-10,KR,KR,Kroger Company (The) Common Stock,COMMON_STOCK,NYSE,True,,2026-07-10,60.540000915527344,431486349.2347717,2141,2018-01-02,265,265
current_liquid_500_20260710_2708bb185f91,current_liquid_universe,2026-07-10,RDW,RDW,Redwire Corporation Common Stock,COMMON_STOCK,NYSE,True,,2026-07-10,10.18000030517578,431422653.5280228,1377,2021-01-14,266,266
current_liquid_500_20260710_2708bb185f91,current_liquid_universe,2026-07-10,AEM,AEM,Agnico Eagle Mines Limited Common Stock,COMMON_STOCK,NYSE,True,,2026-07-10,146.8699951171875,430478582.5576782,2141,2018-01-02,267,267
current_liquid_500_20260710_2708bb185f91,current_liquid_universe,2026-07-10,PATH,PATH,"UiPath, Inc. Class A Common Stock",COMMON_STOCK,NYSE,True,,2026-07-10,11.68000030517578,430233957.39455223,1311,2021-04-21,268,268
current_liquid_500_20260710_2708bb185f91,current_liquid_universe,2026-07-10,JBL,JBL,Jabil Inc. Common Stock,COMMON_STOCK,NYSE,True,,2026-07-10,330.2900085449219,427373095.3765869,2141,2018-01-02,269,269
current_liquid_500_20260710_2708bb185f91,current_liquid_universe,2026-07-10,TWLO,TWLO,Twilio Inc. Class A Common Stock,COMMON_STOCK,NYSE,True,,2026-07-10,214.55999755859375,426589810.0479126,2141,2018-01-02,270,270
current_liquid_500_20260710_2708bb185f91,current_liquid_universe,2026-07-10,MRSH,MRSH,Marsh Common Stock,COMMON_STOCK,NYSE,True,,2026-07-10,178.30999755859375,426538410.7131958,2141,2018-01-02,271,271
current_liquid_500_20260710_2708bb185f91,current_liquid_universe,2026-07-10,PSX,PSX,Phillips 66 Common Stock,COMMON_STOCK,NYSE,True,,2026-07-10,188.36000061035156,419888095.2758789,2141,2018-01-02,272,272
current_liquid_500_20260710_2708bb185f91,current_liquid_universe,2026-07-10,SMTC,SMTC,Semtech Corporation - Common Stock,COMMON_STOCK,NASDAQ,True,N,2026-07-10,136.1300048828125,417430090.79093933,2141,2018-01-02,273,273
current_liquid_500_20260710_2708bb185f91,current_liquid_universe,2026-07-10,DUK,DUK,Duke Energy Corporation (Holding Company) Common Stock,COMMON_STOCK,NYSE,True,,2026-07-10,125.4800033569336,414394311.71875,2141,2018-01-02,274,274
current_liquid_500_20260710_2708bb185f91,current_liquid_universe,2026-07-10,ECL,ECL,Ecolab Inc. Common Stock,COMMON_STOCK,NYSE,True,,2026-07-10,274.30999755859375,412228847.567749,2141,2018-01-02,275,275
current_liquid_500_20260710_2708bb185f91,current_liquid_universe,2026-07-10,RVMD,RVMD,"Revolution Medicines, Inc. - Common Stock",COMMON_STOCK,NASDAQ,True,N,2026-07-10,186.8800048828125,408059838.6566162,1609,2020-02-13,276,276
current_liquid_500_20260710_2708bb185f91,current_liquid_universe,2026-07-10,EW,EW,Edwards Lifesciences Corporation Common Stock,COMMON_STOCK,NYSE,True,,2026-07-10,92.20999908447266,404590348.7800598,2141,2018-01-02,277,277
current_liquid_500_20260710_2708bb185f91,current_liquid_universe,2026-07-10,IBKR,IBKR,"Interactive Brokers Group, Inc. - Class A Common Stock",COMMON_STOCK,NASDAQ,True,N,2026-07-10,94.08999633789062,402820704.057312,2141,2018-01-02,278,278
current_liquid_500_20260710_2708bb185f91,current_liquid_universe,2026-07-10,CDE,CDE,"Coeur Mining, Inc. Common Stock",COMMON_STOCK,NYSE,True,,2026-07-10,15.979999542236328,402654297.044754,2141,2018-01-02,279,279
current_liquid_500_20260710_2708bb185f91,current_liquid_universe,2026-07-10,BDX,BDX,"Becton, Dickinson and Company Common Stock",COMMON_STOCK,NYSE,True,,2026-07-10,151.94000244140625,402119064.33258057,2141,2018-01-02,280,280
current_liquid_500_20260710_2708bb185f91,current_liquid_universe,2026-07-10,RIOT,RIOT,"Riot Platforms, Inc. - Common Stock",COMMON_STOCK,NASDAQ,True,N,2026-07-10,20.96500015258789,401050247.1570015,2141,2018-01-02,281,281
current_liquid_500_20260710_2708bb185f91,current_liquid_universe,2026-07-10,XEL,XEL,Xcel Energy Inc. - Common Stock,COMMON_STOCK,NASDAQ,True,N,2026-07-10,80.05999755859375,400863474.256897,2141,2018-01-02,282,282
current_liquid_500_20260710_2708bb185f91,current_liquid_universe,2026-07-10,POET,POET,POET Technologies Inc. - Common Shares,COMMON_STOCK,NASDAQ,True,N,2026-07-10,8.3100004196167,398370488.80882263,2141,2018-01-02,283,283
current_liquid_500_20260710_2708bb185f91,current_liquid_universe,2026-07-10,EQT,EQT,EQT Corporation Common Stock,COMMON_STOCK,NYSE,True,,2026-07-10,48.849998474121094,397849652.1799087,2141,2018-01-02,284,284
current_liquid_500_20260710_2708bb185f91,current_liquid_universe,2026-07-10,LHX,LHX,"L3Harris Technologies, Inc. Common Stock",COMMON_STOCK,NYSE,True,,2026-07-10,290.7699890136719,397612802.59552,2141,2018-01-02,285,285
current_liquid_500_20260710_2708bb185f91,current_liquid_universe,2026-07-10,LULU,LULU,lululemon athletica inc. - Common Stock,COMMON_STOCK,NASDAQ,True,N,2026-07-10,119.26000213623048,396959409.79499817,2141,2018-01-02,286,286
current_liquid_500_20260710_2708bb185f91,current_liquid_universe,2026-07-10,LYV,LYV,"Live Nation Entertainment, Inc. Common Stock",COMMON_STOCK,NYSE,True,,2026-07-10,179.7899932861328,396526336.05651855,2141,2018-01-02,287,287
current_liquid_500_20260710_2708bb185f91,current_liquid_universe,2026-07-10,DOW,DOW,Dow Inc. Common Stock,COMMON_STOCK,NYSE,True,,2026-07-10,29.030000686645508,393955240.70835114,1837,2019-03-20,288,288
current_liquid_500_20260710_2708bb185f91,current_liquid_universe,2026-07-10,USAR,USAR,"USA Rare Earth, Inc. - Common Stock",COMMON_STOCK,NASDAQ,True,N,2026-07-10,18.479999542236328,393812578.1715393,749,2023-07-17,289,289
current_liquid_500_20260710_2708bb185f91,current_liquid_universe,2026-07-10,CARR,CARR,Carrier Global Corporation Common Stock,COMMON_STOCK,NYSE,True,,2026-07-10,69.33999633789062,391896609.1358185,1585,2020-03-19,290,290
current_liquid_500_20260710_2708bb185f91,current_liquid_universe,2026-07-10,ZM,ZM,"Zoom Communications, Inc. - Class A Common Stock",COMMON_STOCK,NASDAQ,True,N,2026-07-10,89.76000213623047,389223684.64012146,1816,2019-04-18,291,291
current_liquid_500_20260710_2708bb185f91,current_liquid_universe,2026-07-10,MKSI,MKSI,MKS Inc. - Common Stock,COMMON_STOCK,NASDAQ,True,N,2026-07-10,368.5799865722656,388728177.7313232,2141,2018-01-02,292,292
current_liquid_500_20260710_2708bb185f91,current_liquid_universe,2026-07-10,AMKR,AMKR,"Amkor Technology, Inc. - Common Stock",COMMON_STOCK,NASDAQ,True,N,2026-07-10,70.47000122070312,388407547.5757599,2141,2018-01-02,293,293
current_liquid_500_20260710_2708bb185f91,current_liquid_universe,2026-07-10,RKT,RKT,"Rocket Companies, Inc. Class A Common Stock",COMMON_STOCK,NYSE,True,,2026-07-10,14.390000343322754,385920399.8756408,1488,2020-08-06,294,294
current_liquid_500_20260710_2708bb185f91,current_liquid_universe,2026-07-10,TTMI,TTMI,"TTM Technologies, Inc. - Common Stock",COMMON_STOCK,NASDAQ,True,N,2026-07-10,146.44000244140625,385515657.3402405,2141,2018-01-02,295,295
current_liquid_500_20260710_2708bb185f91,current_liquid_universe,2026-07-10,D,D,"Dominion Energy, Inc. Common Stock",COMMON_STOCK,NYSE,True,,2026-07-10,70.08000183105469,385278203.8288117,2141,2018-01-02,296,296
current_liquid_500_20260710_2708bb185f91,current_liquid_universe,2026-07-10,ROP,ROP,"Roper Technologies, Inc. - Common Stock",COMMON_STOCK,NASDAQ,True,N,2026-07-10,355.8999938964844,385181944.10705566,2141,2018-01-02,297,297
current_liquid_500_20260710_2708bb185f91,current_liquid_universe,2026-07-10,EXC,EXC,Exelon Corporation - Common Stock,COMMON_STOCK,NASDAQ,True,N,2026-07-10,46.79999923706055,384905562.2016907,2141,2018-01-02,298,298
current_liquid_500_20260710_2708bb185f91,current_liquid_universe,2026-07-10,TFC,TFC,Truist Financial Corporation Common Stock,COMMON_STOCK,NYSE,True,,2026-07-10,51.66999816894531,383480154.4780731,2141,2018-01-02,299,299
current_liquid_500_20260710_2708bb185f91,current_liquid_universe,2026-07-10,ODFL,ODFL,"Old Dominion Freight Line, Inc. - Common Stock",COMMON_STOCK,NASDAQ,True,N,2026-07-10,227.6300048828125,383180579.82025146,2141,2018-01-02,300,300
current_liquid_500_20260710_2708bb185f91,current_liquid_universe,2026-07-10,XYZ,XYZ,"Block, Inc. Class A Common Stock,",COMMON_STOCK,NYSE,True,,2026-07-10,77.30000305175781,380363032.6789856,2141,2018-01-02,301,301
current_liquid_500_20260710_2708bb185f91,current_liquid_universe,2026-07-10,TSCO,TSCO,Tractor Supply Company - Common Stock,COMMON_STOCK,NASDAQ,True,N,2026-07-10,30.43000030517578,380353486.0919952,2141,2018-01-02,302,302
current_liquid_500_20260710_2708bb185f91,current_liquid_universe,2026-07-10,EMR,EMR,Emerson Electric Company Common Stock,COMMON_STOCK,NYSE,True,,2026-07-10,138.8800048828125,379243708.43048096,2141,2018-01-02,303,303
current_liquid_500_20260710_2708bb185f91,current_liquid_universe,2026-07-10,PL,PL,Planet Labs PBC Class A Common Stock,COMMON_STOCK,NYSE,True,,2026-07-10,26.049999237060547,377354588.33942413,1308,2021-04-26,304,304
current_liquid_500_20260710_2708bb185f91,current_liquid_universe,2026-07-10,MXL,MXL,"MaxLinear, Inc - Common Stock",COMMON_STOCK,NASDAQ,True,N,2026-07-10,91.3000030517578,374375244.1867829,2141,2018-01-02,305,305
current_liquid_500_20260710_2708bb185f91,current_liquid_universe,2026-07-10,CNQ,CNQ,Canadian Natural Resources Limited Common Stock,COMMON_STOCK,NYSE,True,,2026-07-10,41.810001373291016,373402254.1168213,2141,2018-01-02,306,306
current_liquid_500_20260710_2708bb185f91,current_liquid_universe,2026-07-10,VEEV,VEEV,Veeva Systems Inc. Class A Common Stock,COMMON_STOCK,NYSE,True,,2026-07-10,190.1199951171875,372887163.8923645,2141,2018-01-02,307,307
current_liquid_500_20260710_2708bb185f91,current_liquid_universe,2026-07-10,HSY,HSY,The Hershey Company Common Stock,COMMON_STOCK,NYSE,True,,2026-07-10,173.66000366210938,370804670.0576782,2141,2018-01-02,308,308
current_liquid_500_20260710_2708bb185f91,current_liquid_universe,2026-07-10,KDP,KDP,Keurig Dr Pepper Inc. - Common Stock,COMMON_STOCK,NASDAQ,True,N,2026-07-10,31.670000076293945,365918967.6697731,2141,2018-01-02,309,309
current_liquid_500_20260710_2708bb185f91,current_liquid_universe,2026-07-10,BP,BP,BP p.l.c. Common Stock,COMMON_STOCK,NYSE,True,,2026-07-10,39.20000076293945,365767609.8045349,2141,2018-01-02,310,310
current_liquid_500_20260710_2708bb185f91,current_liquid_universe,2026-07-10,MTZ,MTZ,"MasTec, Inc. Common Stock",COMMON_STOCK,NYSE,True,,2026-07-10,372.8900146484375,365539794.8226929,2141,2018-01-02,311,311
current_liquid_500_20260710_2708bb185f91,current_liquid_universe,2026-07-10,EXPE,EXPE,"Expedia Group, Inc. - Common Stock",COMMON_STOCK,NASDAQ,True,N,2026-07-10,270.8299865722656,365282182.3913574,2141,2018-01-02,312,312
current_liquid_500_20260710_2708bb185f91,current_liquid_universe,2026-07-10,AZN,AZN,AstraZeneca PLC Ordinary Shares,COMMON_STOCK,NYSE,True,,2026-07-10,171.61000061035156,365193373.3093262,2141,2018-01-02,313,313
current_liquid_500_20260710_2708bb185f91,current_liquid_universe,2026-07-10,ETR,ETR,Entergy Corporation Common Stock,COMMON_STOCK,NYSE,True,,2026-07-10,115.0500030517578,362903743.4814453,2141,2018-01-02,314,314
current_liquid_500_20260710_2708bb185f91,current_liquid_universe,2026-07-10,CPNG,CPNG,"Coupang, Inc. Class A Common Stock",COMMON_STOCK,NYSE,True,,2026-07-10,18.799999237060547,362088359.2163086,1339,2021-03-11,315,315
current_liquid_500_20260710_2708bb185f91,current_liquid_universe,2026-07-10,NCLH,NCLH,Norwegian Cruise Line Holdings Ltd. Ordinary Shares,COMMON_STOCK,NYSE,True,,2026-07-10,19.61000061035156,361836601.1318207,2141,2018-01-02,316,316
current_liquid_500_20260710_2708bb185f91,current_liquid_universe,2026-07-10,MSCI,MSCI,MSCI Inc. Common Stock,COMMON_STOCK,NYSE,True,,2026-07-10,604.7100219726562,361657071.42333984,2141,2018-01-02,317,317
current_liquid_500_20260710_2708bb185f91,current_liquid_universe,2026-07-10,HPQ,HPQ,HP Inc. Common Stock,COMMON_STOCK,NYSE,True,,2026-07-10,24.219999313354492,361644891.9474602,2141,2018-01-02,318,318
current_liquid_500_20260710_2708bb185f91,current_liquid_universe,2026-07-10,LYB,LYB,LyondellBasell Industries NV Ordinary Shares Class A (Netherlands),COMMON_STOCK,NYSE,True,,2026-07-10,56.349998474121094,361245056.1225891,2141,2018-01-02,319,319
current_liquid_500_20260710_2708bb185f91,current_liquid_universe,2026-07-10,AJG,AJG,Arthur J. Gallagher & Co. Common Stock,COMMON_STOCK,NYSE,True,,2026-07-10,253.08999633789065,359468538.67263794,2141,2018-01-02,320,320
current_liquid_500_20260710_2708bb185f91,current_liquid_universe,2026-07-10,LUNR,LUNR,"Intuitive Machines, Inc. - Class A Common Stock",COMMON_STOCK,NASDAQ,True,N,2026-07-10,16.139999389648438,356825608.06360245,1164,2021-11-17,321,321
current_liquid_500_20260710_2708bb185f91,current_liquid_universe,2026-07-10,CASY,CASY,"Caseys General Stores, Inc. - Common Stock",COMMON_STOCK,NASDAQ,True,N,2026-07-10,819.8300170898438,356797334.5703125,2141,2018-01-02,322,322
current_liquid_500_20260710_2708bb185f91,current_liquid_universe,2026-07-10,NRG,NRG,"NRG Energy, Inc. Common Stock",COMMON_STOCK,NYSE,True,,2026-07-10,140.4199981689453,356510824.3652344,2141,2018-01-02,323,323
current_liquid_500_20260710_2708bb185f91,current_liquid_universe,2026-07-10,DXCM,DXCM,"DexCom, Inc. - Common Stock",COMMON_STOCK,NASDAQ,True,N,2026-07-10,74.95999908447266,355246256.2850952,2141,2018-01-02,324,324
current_liquid_500_20260710_2708bb185f91,current_liquid_universe,2026-07-10,VRSK,VRSK,"Verisk Analytics, Inc. - Common Stock",COMMON_STOCK,NASDAQ,True,N,2026-07-10,185.38999938964844,355020805.9692383,2141,2018-01-02,325,325
current_liquid_500_20260710_2708bb185f91,current_liquid_universe,2026-07-10,DG,DG,Dollar General Corporation Common Stock,COMMON_STOCK,NYSE,True,,2026-07-10,118.91999816894533,353261228.0773162,2141,2018-01-02,326,326
current_liquid_500_20260710_2708bb185f91,current_liquid_universe,2026-07-10,NTAP,NTAP,"NetApp, Inc. - Common Stock",COMMON_STOCK,NASDAQ,True,N,2026-07-10,168.8699951171875,352771423.487854,2141,2018-01-02,327,327
current_liquid_500_20260710_2708bb185f91,current_liquid_universe,2026-07-10,ALB,ALB,Albemarle Corporation Common Stock,COMMON_STOCK,NYSE,True,,2026-07-10,126.0500030517578,351960324.09820557,2141,2018-01-02,328,328
current_liquid_500_20260710_2708bb185f91,current_liquid_universe,2026-07-10,ULTA,ULTA,"Ulta Beauty, Inc. - Common Stock",COMMON_STOCK,NASDAQ,True,N,2026-07-10,469.2000122070313,351275919.720459,2141,2018-01-02,329,329
current_liquid_500_20260710_2708bb185f91,current_liquid_universe,2026-07-10,FICO,FICO,Fair Isaac Corporation Common Stock,COMMON_STOCK,NYSE,True,,2026-07-10,1250.9000244140625,351034596.4416504,2141,2018-01-02,330,330
current_liquid_500_20260710_2708bb185f91,current_liquid_universe,2026-07-10,MP,MP,MP Materials Corp. Common Stock,COMMON_STOCK,NYSE,True,,2026-07-10,52.209999084472656,349951296.10328674,1520,2020-06-22,331,331
current_liquid_500_20260710_2708bb185f91,current_liquid_universe,2026-07-10,IDXX,IDXX,"IDEXX Laboratories, Inc. - Common Stock",COMMON_STOCK,NASDAQ,True,N,2026-07-10,563.5700073242188,348355916.25671387,2141,2018-01-02,332,332
current_liquid_500_20260710_2708bb185f91,current_liquid_universe,2026-07-10,NUE,NUE,Nucor Corporation Common Stock,COMMON_STOCK,NYSE,True,,2026-07-10,227.3699951171875,347422540.4457092,2141,2018-01-02,333,333
current_liquid_500_20260710_2708bb185f91,current_liquid_universe,2026-07-10,VTR,VTR,"Ventas, Inc. Common Stock",COMMON_STOCK,NYSE,True,,2026-07-10,90.66000366210938,347075438.7046814,2141,2018-01-02,334,334
current_liquid_500_20260710_2708bb185f91,current_liquid_universe,2026-07-10,TPR,TPR,"Tapestry, Inc. Common Stock",COMMON_STOCK,NYSE,True,,2026-07-10,140.72999572753906,346817430.809021,2141,2018-01-02,335,335
current_liquid_500_20260710_2708bb185f91,current_liquid_universe,2026-07-10,SMR,SMR,NuScale Power Corporation Class A Common Stock,COMMON_STOCK,NYSE,True,,2026-07-10,9.039999961853027,346058611.0593796,1094,2022-03-01,336,336
current_liquid_500_20260710_2708bb185f91,current_liquid_universe,2026-07-10,FISV,FISV,"Fiserv, Inc. - Common Stock",COMMON_STOCK,NASDAQ,True,N,2026-07-10,50.45000076293945,346002472.3461151,2140,2018-01-02,337,337
current_liquid_500_20260710_2708bb185f91,current_liquid_universe,2026-07-10,ALL,ALL,Allstate Corporation (The) Common Stock,COMMON_STOCK,NYSE,True,,2026-07-10,251.61000061035156,345767401.5625,2141,2018-01-02,338,338
current_liquid_500_20260710_2708bb185f91,current_liquid_universe,2026-07-10,OKTA,OKTA,"Okta, Inc. - Class A Common Stock",COMMON_STOCK,NASDAQ,True,N,2026-07-10,138.6300048828125,345327066.7919159,2141,2018-01-02,339,339
current_liquid_500_20260710_2708bb185f91,current_liquid_universe,2026-07-10,RSG,RSG,"Republic Services, Inc. Common Stock",COMMON_STOCK,NYSE,True,,2026-07-10,219.1999969482422,344943344.49005127,2141,2018-01-02,340,340
current_liquid_500_20260710_2708bb185f91,current_liquid_universe,2026-07-10,EA,EA,Electronic Arts Inc. - Common Stock,COMMON_STOCK,NASDAQ,True,N,2026-07-10,206.41000366210935,344855669.405365,2141,2018-01-02,341,341
current_liquid_500_20260710_2708bb185f91,current_liquid_universe,2026-07-10,DLTR,DLTR,"Dollar Tree, Inc. - Common Stock",COMMON_STOCK,NASDAQ,True,N,2026-07-10,124.91000366210938,344171627.0248413,2141,2018-01-02,342,342
current_liquid_500_20260710_2708bb185f91,current_liquid_universe,2026-07-10,O,O,Realty Income Corporation Common Stock,COMMON_STOCK,NYSE,True,,2026-07-10,63.310001373291016,344069661.9140625,2141,2018-01-02,343,343
current_liquid_500_20260710_2708bb185f91,current_liquid_universe,2026-07-10,SWKS,SWKS,"Skyworks Solutions, Inc. - Common Stock",COMMON_STOCK,NASDAQ,True,N,2026-07-10,60.380001068115234,344031411.62376404,2141,2018-01-02,344,344
current_liquid_500_20260710_2708bb185f91,current_liquid_universe,2026-07-10,PCAR,PCAR,PACCAR Inc. - Common Stock,COMMON_STOCK,NASDAQ,True,N,2026-07-10,124.56999969482422,339935332.9833984,2141,2018-01-02,345,345
current_liquid_500_20260710_2708bb185f91,current_liquid_universe,2026-07-10,GWW,GWW,"W.W. Grainger, Inc. Common Stock",COMMON_STOCK,NYSE,True,,2026-07-10,1375.760009765625,339062139.0991211,2141,2018-01-02,346,346
current_liquid_500_20260710_2708bb185f91,current_liquid_universe,2026-07-10,CCJ,CCJ,Cameco Corporation Common Stock,COMMON_STOCK,NYSE,True,,2026-07-10,95.98999786376952,337472756.3659668,2141,2018-01-02,347,347
current_liquid_500_20260710_2708bb185f91,current_liquid_universe,2026-07-10,HUBS,HUBS,"HubSpot, Inc. Common Stock",COMMON_STOCK,NYSE,True,,2026-07-10,207.47999572753903,337334057.48443604,2141,2018-01-02,348,348
current_liquid_500_20260710_2708bb185f91,current_liquid_universe,2026-07-10,HBAN,HBAN,Huntington Bancshares Incorporated - Common Stock,COMMON_STOCK,NASDAQ,True,N,2026-07-10,17.8700008392334,334739126.44786835,2141,2018-01-02,349,349
current_liquid_500_20260710_2708bb185f91,current_liquid_universe,2026-07-10,CTAS,CTAS,Cintas Corporation - Common Stock,COMMON_STOCK,NASDAQ,True,N,2026-07-10,179.63999938964844,334535829.29229736,2141,2018-01-02,350,350
current_liquid_500_20260710_2708bb185f91,current_liquid_universe,2026-07-10,MRNA,MRNA,"Moderna, Inc. - Common Stock",COMMON_STOCK,NASDAQ,True,N,2026-07-10,68.2699966430664,333303243.9689636,1906,2018-12-07,351,351
current_liquid_500_20260710_2708bb185f91,current_liquid_universe,2026-07-10,FITB,FITB,Fifth Third Bancorp Common Stock,COMMON_STOCK,NYSE,True,,2026-07-10,57.06999969482422,332872687.30049133,2141,2018-01-02,352,352
current_liquid_500_20260710_2708bb185f91,current_liquid_universe,2026-07-10,JOBY,JOBY,"Joby Aviation, Inc. Common Stock",COMMON_STOCK,NYSE,True,,2026-07-10,7.71999979019165,331728918.87226105,1422,2020-11-09,353,353
current_liquid_500_20260710_2708bb185f91,current_liquid_universe,2026-07-10,APD,APD,"Air Products and Chemicals, Inc. Common Stock",COMMON_STOCK,NYSE,True,,2026-07-10,299.5299987792969,331030892.64068604,2141,2018-01-02,354,354
current_liquid_500_20260710_2708bb185f91,current_liquid_universe,2026-07-10,SITM,SITM,SiTime Corporation - Common Stock,COMMON_STOCK,NASDAQ,True,N,2026-07-10,628.9400024414062,328811674.57580566,1666,2019-11-20,355,355
current_liquid_500_20260710_2708bb185f91,current_liquid_universe,2026-07-10,CF,CF,"CF Industries Holdings, Inc. Common Stock",COMMON_STOCK,NYSE,True,,2026-07-10,116.91999816894533,328506265.0882721,2141,2018-01-02,356,356
current_liquid_500_20260710_2708bb185f91,current_liquid_universe,2026-07-10,INSM,INSM,Insmed Incorporated - Common Stock,COMMON_STOCK,NASDAQ,True,N,2026-07-10,115.61000061035156,328183812.4835968,2141,2018-01-02,357,357
current_liquid_500_20260710_2708bb185f91,current_liquid_universe,2026-07-10,AFRM,AFRM,"Affirm Holdings, Inc. - Class A Common Stock",COMMON_STOCK,NASDAQ,True,N,2026-07-10,83.41999816894531,327190458.72421265,1378,2021-01-13,358,358
current_liquid_500_20260710_2708bb185f91,current_liquid_universe,2026-07-10,SPG,SPG,"Simon Property Group, Inc. Common Stock",COMMON_STOCK,NYSE,True,,2026-07-10,218.77000427246097,326537423.2170105,2141,2018-01-02,359,359
current_liquid_500_20260710_2708bb185f91,current_liquid_universe,2026-07-10,DHI,DHI,"D.R. Horton, Inc. Common Stock",COMMON_STOCK,NYSE,True,,2026-07-10,151.5800018310547,326218867.2592163,2141,2018-01-02,360,360
current_liquid_500_20260710_2708bb185f91,current_liquid_universe,2026-07-10,MOD,MOD,Modine Manufacturing Company Common Stock,COMMON_STOCK,NYSE,True,,2026-07-10,245.91000366210935,324669735.9680176,2141,2018-01-02,361,361
current_liquid_500_20260710_2708bb185f91,current_liquid_universe,2026-07-10,KVUE,KVUE,Kenvue Inc. Common Stock,COMMON_STOCK,NYSE,True,,2026-07-10,19.479999542236328,324042839.95342255,798,2023-05-04,362,362
current_liquid_500_20260710_2708bb185f91,current_liquid_universe,2026-07-10,STT,STT,State Street Corporation Common Stock,COMMON_STOCK,NYSE,True,,2026-07-10,180.22000122070312,323686151.75857544,2141,2018-01-02,363,363
current_liquid_500_20260710_2708bb185f91,current_liquid_universe,2026-07-10,ONTO,ONTO,Onto Innovation Inc. Common Stock,COMMON_STOCK,NYSE,True,,2026-07-10,321.44000244140625,322609656.3583374,1683,2019-10-28,364,364
current_liquid_500_20260710_2708bb185f91,current_liquid_universe,2026-07-10,CCI,CCI,Crown Castle Inc. Common Stock,COMMON_STOCK,NYSE,True,,2026-07-10,79.66000366210938,322569313.75198364,2141,2018-01-02,365,365
current_liquid_500_20260710_2708bb185f91,current_liquid_universe,2026-07-10,ALNY,ALNY,"Alnylam Pharmaceuticals, Inc. - Common Stock",COMMON_STOCK,NASDAQ,True,N,2026-07-10,298.760009765625,322421017.8604126,2141,2018-01-02,366,366
current_liquid_500_20260710_2708bb185f91,current_liquid_universe,2026-07-10,PINS,PINS,"Pinterest, Inc. Class A Common Stock",COMMON_STOCK,NYSE,True,,2026-07-10,22.520000457763672,322329212.34169006,1816,2019-04-18,367,367
current_liquid_500_20260710_2708bb185f91,current_liquid_universe,2026-07-10,HL,HL,Hecla Mining Company Common Stock,COMMON_STOCK,NYSE,True,,2026-07-10,15.81999969482422,321262836.29136086,2141,2018-01-02,368,368
current_liquid_500_20260710_2708bb185f91,current_liquid_universe,2026-07-10,HUBB,HUBB,Hubbell Inc Common Stock,COMMON_STOCK,NYSE,True,,2026-07-10,490.94000244140625,321052288.65005493,2141,2018-01-02,369,369
current_liquid_500_20260710_2708bb185f91,current_liquid_universe,2026-07-10,SRE,SRE,DBA Sempra Common Stock,COMMON_STOCK,NYSE,True,,2026-07-10,94.1999969482422,320690093.04504395,2141,2018-01-02,370,370
current_liquid_500_20260710_2708bb185f91,current_liquid_universe,2026-07-10,CORZ,CORZ,"Core Scientific, Inc. - Common Stock",COMMON_STOCK,NASDAQ,True,N,2026-07-10,23.489999771118164,320299653.452301,617,2024-01-24,371,371
current_liquid_500_20260710_2708bb185f91,current_liquid_universe,2026-07-10,FERG,FERG,Ferguson Enterprises Inc. Common Stock,COMMON_STOCK,NYSE,True,,2026-07-10,227.4600067138672,319538154.1213989,2141,2018-01-02,372,372
current_liquid_500_20260710_2708bb185f91,current_liquid_universe,2026-07-10,GIS,GIS,"General Mills, Inc. Common Stock",COMMON_STOCK,NYSE,True,,2026-07-10,36.220001220703125,319051011.95812225,2141,2018-01-02,373,373
current_liquid_500_20260710_2708bb185f91,current_liquid_universe,2026-07-10,KHC,KHC,The Kraft Heinz Company - Common Stock,COMMON_STOCK,NASDAQ,True,N,2026-07-10,24.850000381469727,318455339.2814636,2141,2018-01-02,374,374
current_liquid_500_20260710_2708bb185f91,current_liquid_universe,2026-07-10,NSC,NSC,Norfolk Southern Corporation Common Stock,COMMON_STOCK,NYSE,True,,2026-07-10,327.4700012207031,318323641.38793945,2141,2018-01-02,375,375
current_liquid_500_20260710_2708bb185f91,current_liquid_universe,2026-07-10,VSH,VSH,"Vishay Intertechnology, Inc. Common Stock",COMMON_STOCK,NYSE,True,,2026-07-10,44.66999816894531,316907232.3190689,2141,2018-01-02,376,376
current_liquid_500_20260710_2708bb185f91,current_liquid_universe,2026-07-10,NVT,NVT,nVent Electric plc Ordinary Shares,COMMON_STOCK,NYSE,True,,2026-07-10,160.72000122070312,316866077.7191162,2064,2018-04-24,377,377
current_liquid_500_20260710_2708bb185f91,current_liquid_universe,2026-07-10,RMBS,RMBS,"Rambus, Inc. - Common Stock",COMMON_STOCK,NASDAQ,True,N,2026-07-10,112.0999984741211,316844376.72042847,2141,2018-01-02,378,378
current_liquid_500_20260710_2708bb185f91,current_liquid_universe,2026-07-10,PPL,PPL,PPL Corporation Common Stock,COMMON_STOCK,NYSE,True,,2026-07-10,35.779998779296875,316465819.4988251,2141,2018-01-02,379,379
current_liquid_500_20260710_2708bb185f91,current_liquid_universe,2026-07-10,CLSK,CLSK,"CleanSpark, Inc. - Common Stock",COMMON_STOCK,NASDAQ,True,N,2026-07-10,12.850000381469728,313359644.364357,2141,2018-01-02,380,380
current_liquid_500_20260710_2708bb185f91,current_liquid_universe,2026-07-10,AA,AA,Alcoa Corporation Common Stock,COMMON_STOCK,NYSE,True,,2026-07-10,48.68000030517578,312618417.73147583,2141,2018-01-02,381,381
current_liquid_500_20260710_2708bb185f91,current_liquid_universe,2026-07-10,VMC,VMC,Vulcan Materials Company (Holding Company) Common Stock,COMMON_STOCK,NYSE,True,,2026-07-10,295.25,312067302.2918701,2141,2018-01-02,382,382
current_liquid_500_20260710_2708bb185f91,current_liquid_universe,2026-07-10,ROK,ROK,"Rockwell Automation, Inc. Common Stock",COMMON_STOCK,NYSE,True,,2026-07-10,472.1199951171875,311976140.2130127,2141,2018-01-02,383,383
current_liquid_500_20260710_2708bb185f91,current_liquid_universe,2026-07-10,KMI,KMI,"Kinder Morgan, Inc. Common Stock",COMMON_STOCK,NYSE,True,,2026-07-10,32.119998931884766,311812885.0387573,2141,2018-01-02,384,384
current_liquid_500_20260710_2708bb185f91,current_liquid_universe,2026-07-10,CRS,CRS,Carpenter Technology Corporation Common Stock,COMMON_STOCK,NYSE,True,,2026-07-10,578.6099853515625,311170031.86950684,2141,2018-01-02,385,385
current_liquid_500_20260710_2708bb185f91,current_liquid_universe,2026-07-10,CNC,CNC,Centene Corporation Common Stock,COMMON_STOCK,NYSE,True,,2026-07-10,67.3499984741211,311008468.7046051,2141,2018-01-02,386,386
current_liquid_500_20260710_2708bb185f91,current_liquid_universe,2026-07-10,ROKU,ROKU,"Roku, Inc. - Class A Common Stock",COMMON_STOCK,NASDAQ,True,N,2026-07-10,140.69000244140625,310622051.70669556,2141,2018-01-02,387,387
current_liquid_500_20260710_2708bb185f91,current_liquid_universe,2026-07-10,EME,EME,"EMCOR Group, Inc. Common Stock",COMMON_STOCK,NYSE,True,,2026-07-10,781.780029296875,310351898.04382324,2141,2018-01-02,388,388
current_liquid_500_20260710_2708bb185f91,current_liquid_universe,2026-07-10,MLM,MLM,"Martin Marietta Materials, Inc. Common Stock",COMMON_STOCK,NYSE,True,,2026-07-10,577.719970703125,309927093.5913086,2141,2018-01-02,389,389
current_liquid_500_20260710_2708bb185f91,current_liquid_universe,2026-07-10,ARES,ARES,Ares Management Corporation Class A Common Stock,COMMON_STOCK,NYSE,True,,2026-07-10,121.80999755859376,309521225.1121521,2141,2018-01-02,390,390
current_liquid_500_20260710_2708bb185f91,current_liquid_universe,2026-07-10,FAST,FAST,Fastenal Company - Common Stock,COMMON_STOCK,NASDAQ,True,N,2026-07-10,46.4900016784668,309466630.02471924,2141,2018-01-02,391,391
current_liquid_500_20260710_2708bb185f91,current_liquid_universe,2026-07-10,ENPH,ENPH,"Enphase Energy, Inc. - Common Stock",COMMON_STOCK,NASDAQ,True,N,2026-07-10,44.83000183105469,309188996.9991684,2141,2018-01-02,392,392
current_liquid_500_20260710_2708bb185f91,current_liquid_universe,2026-07-10,WAT,WAT,Waters Corporation Common Stock,COMMON_STOCK,NYSE,True,,2026-07-10,376.4299926757813,309177189.8162842,2141,2018-01-02,393,393
current_liquid_500_20260710_2708bb185f91,current_liquid_universe,2026-07-10,NTRA,NTRA,"Natera, Inc. - Common Stock",COMMON_STOCK,NASDAQ,True,N,2026-07-10,269.95001220703125,307116566.7892456,2141,2018-01-02,394,394
current_liquid_500_20260710_2708bb185f91,current_liquid_universe,2026-07-10,OKE,OKE,"ONEOK, Inc. Common Stock",COMMON_STOCK,NYSE,True,,2026-07-10,89.91999816894531,306808035.57891846,2141,2018-01-02,395,395
current_liquid_500_20260710_2708bb185f91,current_liquid_universe,2026-07-10,QXO,QXO,"QXO, Inc. Common Stock",COMMON_STOCK,NYSE,True,,2026-07-10,14.989999771118164,303737376.4012337,2141,2018-01-02,396,396
current_liquid_500_20260710_2708bb185f91,current_liquid_universe,2026-07-10,NDAQ,NDAQ,"Nasdaq, Inc. - Common Stock",COMMON_STOCK,NASDAQ,True,N,2026-07-10,88.08000183105469,303450844.4606781,2141,2018-01-02,397,397
current_liquid_500_20260710_2708bb185f91,current_liquid_universe,2026-07-10,PCG,PCG,Pacific Gas & Electric Co. Common Stock,COMMON_STOCK,NYSE,True,,2026-07-10,17.170000076293945,302770246.0090637,2141,2018-01-02,398,398
current_liquid_500_20260710_2708bb185f91,current_liquid_universe,2026-07-10,PAYX,PAYX,"Paychex, Inc. - Common Stock",COMMON_STOCK,NASDAQ,True,N,2026-07-10,107.54000091552734,302181719.0307617,2141,2018-01-02,399,399
current_liquid_500_20260710_2708bb185f91,current_liquid_universe,2026-07-10,CFG,CFG,"Citizens Financial Group, Inc. Common Stock",COMMON_STOCK,NYSE,True,,2026-07-10,70.33999633789062,300484790.807724,2141,2018-01-02,400,400
current_liquid_500_20260710_2708bb185f91,current_liquid_universe,2026-07-10,TEM,TEM,"Tempus AI, Inc. - Class A Common Stock",COMMON_STOCK,NASDAQ,True,N,2026-07-10,58.22999954223633,299052921.97914124,518,2024-06-14,401,401
current_liquid_500_20260710_2708bb185f91,current_liquid_universe,2026-07-10,EXE,EXE,Expand Energy Corporation - Common Stock,COMMON_STOCK,NASDAQ,True,N,2026-07-10,87.25,298823808.61968994,1359,2021-02-10,402,402
current_liquid_500_20260710_2708bb185f91,current_liquid_universe,2026-07-10,STZ,STZ,"Constellation Brands, Inc. Common Stock",COMMON_STOCK,NYSE,True,,2026-07-10,134.05999755859375,298785448.8418579,2141,2018-01-02,403,403
current_liquid_500_20260710_2708bb185f91,current_liquid_universe,2026-07-10,YUM,YUM,"Yum! Brands, Inc.",COMMON_STOCK,NYSE,True,,2026-07-10,163.5399932861328,297916922.98965454,2141,2018-01-02,404,404
current_liquid_500_20260710_2708bb185f91,current_liquid_universe,2026-07-10,TRGP,TRGP,"Targa Resources, Inc. Common Stock",COMMON_STOCK,NYSE,True,,2026-07-10,273.3500061035156,297799352.89764404,2141,2018-01-02,405,405
current_liquid_500_20260710_2708bb185f91,current_liquid_universe,2026-07-10,CPRT,CPRT,"Copart, Inc. - Common Stock",COMMON_STOCK,NASDAQ,True,N,2026-07-10,27.520000457763672,295407872.5754738,2141,2018-01-02,406,406
current_liquid_500_20260710_2708bb185f91,current_liquid_universe,2026-07-10,PBR,PBR,Petroleo Brasileiro S.A. Petrobras ADS,COMMON_STOCK,NYSE,True,,2026-07-10,17.31999969482422,295220495.52440643,2141,2018-01-02,407,407
current_liquid_500_20260710_2708bb185f91,current_liquid_universe,2026-07-10,TOST,TOST,"Toast, Inc. Class A Common Stock",COMMON_STOCK,NYSE,True,,2026-07-10,29.31999969482422,292743038.381958,1204,2021-09-22,408,408
current_liquid_500_20260710_2708bb185f91,current_liquid_universe,2026-07-10,RF,RF,Regions Financial Corporation Common Stock,COMMON_STOCK,NYSE,True,,2026-07-10,31.020000457763672,292499611.1129761,2141,2018-01-02,409,409
current_liquid_500_20260710_2708bb185f91,current_liquid_universe,2026-07-10,LSCC,LSCC,Lattice Semiconductor Corporation - Common Stock,COMMON_STOCK,NASDAQ,True,N,2026-07-10,137.44000244140625,291573359.62371826,2141,2018-01-02,410,410
current_liquid_500_20260710_2708bb185f91,current_liquid_universe,2026-07-10,GEHC,GEHC,GE HealthCare Technologies Inc. - Common Stock,COMMON_STOCK,NASDAQ,True,N,2026-07-10,64.69999694824219,290722943.463707,893,2022-12-15,411,411
current_liquid_500_20260710_2708bb185f91,current_liquid_universe,2026-07-10,IR,IR,Ingersoll Rand Inc. Common Stock,COMMON_STOCK,NYSE,True,,2026-07-10,78.8499984741211,290246862.5,2141,2018-01-02,412,412
current_liquid_500_20260710_2708bb185f91,current_liquid_universe,2026-07-10,ATI,ATI,ATI Inc. Common Stock,COMMON_STOCK,NYSE,True,,2026-07-10,187.0399932861328,289233437.7220154,2141,2018-01-02,413,413
current_liquid_500_20260710_2708bb185f91,current_liquid_universe,2026-07-10,WWD,WWD,"Woodward, Inc. - Common Stock",COMMON_STOCK,NASDAQ,True,N,2026-07-10,406.3999938964844,287947154.1671753,2141,2018-01-02,414,414
current_liquid_500_20260710_2708bb185f91,current_liquid_universe,2026-07-10,RMD,RMD,ResMed Inc. Common Stock,COMMON_STOCK,NYSE,True,,2026-07-10,203.8699951171875,287603090.2359009,2141,2018-01-02,415,415
current_liquid_500_20260710_2708bb185f91,current_liquid_universe,2026-07-10,VIAV,VIAV,Viavi Solutions Inc. - Common Stock,COMMON_STOCK,NASDAQ,True,N,2026-07-10,43.08000183105469,282984602.9243469,2141,2018-01-02,416,416
current_liquid_500_20260710_2708bb185f91,current_liquid_universe,2026-07-10,AMP,AMP,"Ameriprise Financial, Inc. Common Stock",COMMON_STOCK,NYSE,True,,2026-07-10,506.760009765625,280544558.3892822,2141,2018-01-02,417,417
current_liquid_500_20260710_2708bb185f91,current_liquid_universe,2026-07-10,CTVA,CTVA,"Corteva, Inc. Common Stock",COMMON_STOCK,NYSE,True,,2026-07-10,85.68000030517578,279686967.546463,1791,2019-05-24,418,418
current_liquid_500_20260710_2708bb185f91,current_liquid_universe,2026-07-10,IQV,IQV,"IQVIA Holdings, Inc. Common Stock",COMMON_STOCK,NYSE,True,,2026-07-10,207.8500061035156,279053582.6347351,2141,2018-01-02,419,419
current_liquid_500_20260710_2708bb185f91,current_liquid_universe,2026-07-10,FTI,FTI,TechnipFMC plc Ordinary Share,COMMON_STOCK,NYSE,True,,2026-07-10,71.8499984741211,276917314.6808624,2141,2018-01-02,420,420
current_liquid_500_20260710_2708bb185f91,current_liquid_universe,2026-07-10,LUV,LUV,Southwest Airlines Company Common Stock,COMMON_STOCK,NYSE,True,,2026-07-10,48.43000030517578,276914039.6856308,2141,2018-01-02,421,421
current_liquid_500_20260710_2708bb185f91,current_liquid_universe,2026-07-10,ILMN,ILMN,"Illumina, Inc. - Common Stock",COMMON_STOCK,NASDAQ,True,N,2026-07-10,190.1999969482422,276796053.18603516,2141,2018-01-02,422,422
current_liquid_500_20260710_2708bb185f91,current_liquid_universe,2026-07-10,MET,MET,"MetLife, Inc. Common Stock",COMMON_STOCK,NYSE,True,,2026-07-10,91.6500015258789,276634401.7227173,2141,2018-01-02,423,423
current_liquid_500_20260710_2708bb185f91,current_liquid_universe,2026-07-10,A,A,"Agilent Technologies, Inc. Common Stock",COMMON_STOCK,NYSE,True,,2026-07-10,134.2899932861328,276499033.50486755,2141,2018-01-02,424,424
current_liquid_500_20260710_2708bb185f91,current_liquid_universe,2026-07-10,OMC,OMC,Omnicom Group Inc. Common Stock,COMMON_STOCK,NYSE,True,,2026-07-10,81.93000030517578,275925079.62265015,2141,2018-01-02,425,425
current_liquid_500_20260710_2708bb185f91,current_liquid_universe,2026-07-10,SYY,SYY,Sysco Corporation Common Stock,COMMON_STOCK,NYSE,True,,2026-07-10,83.83000183105469,274471481.09703064,2141,2018-01-02,426,426
current_liquid_500_20260710_2708bb185f91,current_liquid_universe,2026-07-10,CBRE,CBRE,CBRE Group Inc Common Stock Class A,COMMON_STOCK,NYSE,True,,2026-07-10,139.52999877929688,274395918.08547974,2141,2018-01-02,427,427
current_liquid_500_20260710_2708bb185f91,current_liquid_universe,2026-07-10,EFX,EFX,"Equifax, Inc. Common Stock",COMMON_STOCK,NYSE,True,,2026-07-10,166.44000244140625,273029150.3829956,2141,2018-01-02,428,428
current_liquid_500_20260710_2708bb185f91,current_liquid_universe,2026-07-10,EL,EL,"Estee Lauder Companies, Inc. (The) Common Stock",COMMON_STOCK,NYSE,True,,2026-07-10,82.66000366210938,272333188.5547638,2141,2018-01-02,429,429
current_liquid_500_20260710_2708bb185f91,current_liquid_universe,2026-07-10,FTAI,FTAI,FTAI Aviation Ltd. - Common Stock,COMMON_STOCK,NASDAQ,True,N,2026-07-10,227.3500061035156,271590929.3449402,2141,2018-01-02,430,430
current_liquid_500_20260710_2708bb185f91,current_liquid_universe,2026-07-10,XPO,XPO,"XPO, Inc. Common Stock",COMMON_STOCK,NYSE,True,,2026-07-10,207.8800048828125,271334609.20410156,2141,2018-01-02,431,431
current_liquid_500_20260710_2708bb185f91,current_liquid_universe,2026-07-10,ADM,ADM,Archer-Daniels-Midland Company Common Stock,COMMON_STOCK,NYSE,True,,2026-07-10,80.41000366210938,270923703.94859314,2141,2018-01-02,432,432
current_liquid_500_20260710_2708bb185f91,current_liquid_universe,2026-07-10,AEIS,AEIS,"Advanced Energy Industries, Inc. - Common Stock",COMMON_STOCK,NASDAQ,True,N,2026-07-10,308.04998779296875,270104167.58270264,2141,2018-01-02,433,433
current_liquid_500_20260710_2708bb185f91,current_liquid_universe,2026-07-10,BBY,BBY,"Best Buy Co., Inc. Common Stock",COMMON_STOCK,NYSE,True,,2026-07-10,82.80000305175781,268941987.3748779,2141,2018-01-02,434,434
current_liquid_500_20260710_2708bb185f91,current_liquid_universe,2026-07-10,DKNG,DKNG,DraftKings Inc. - Class A Common Stock,COMMON_STOCK,NASDAQ,True,N,2026-07-10,26.475000381469727,268519822.4599838,1749,2019-07-25,435,435
current_liquid_500_20260710_2708bb185f91,current_liquid_universe,2026-07-10,TLN,TLN,Talen Energy Corporation - Common Stock,COMMON_STOCK,NASDAQ,True,N,2026-07-10,385.7999877929687,268236057.81860352,778,2023-06-02,436,436
current_liquid_500_20260710_2708bb185f91,current_liquid_universe,2026-07-10,STLD,STLD,"Steel Dynamics, Inc. - Common Stock",COMMON_STOCK,NASDAQ,True,N,2026-07-10,228.4199981689453,267912009.47036743,2141,2018-01-02,437,437
current_liquid_500_20260710_2708bb185f91,current_liquid_universe,2026-07-10,AIG,AIG,"American International Group, Inc. New Common Stock",COMMON_STOCK,NYSE,True,,2026-07-10,79.16999816894531,267210617.8829193,2141,2018-01-02,438,438
current_liquid_500_20260710_2708bb185f91,current_liquid_universe,2026-07-10,NXT,NXT,Nextpower Inc. - Class A Common Stock,COMMON_STOCK,NASDAQ,True,N,2026-07-10,111.5,266964216.73736572,856,2023-02-09,439,439
current_liquid_500_20260710_2708bb185f91,current_liquid_universe,2026-07-10,OTIS,OTIS,Otis Worldwide Corporation Common Stock,COMMON_STOCK,NYSE,True,,2026-07-10,73.08999633789062,266817068.46084595,1585,2020-03-19,440,440
current_liquid_500_20260710_2708bb185f91,current_liquid_universe,2026-07-10,KNX,KNX,Knight-Swift Transportation Holdings Inc.,COMMON_STOCK,NYSE,True,,2026-07-10,75.19000244140625,265184426.47514343,2141,2018-01-02,441,441
current_liquid_500_20260710_2708bb185f91,current_liquid_universe,2026-07-10,PSA,PSA,Public Storage Common Stock,COMMON_STOCK,NYSE,True,,2026-07-10,320.55999755859375,265126408.70056152,2141,2018-01-02,442,442
current_liquid_500_20260710_2708bb185f91,current_liquid_universe,2026-07-10,CHRW,CHRW,"C.H. Robinson Worldwide, Inc. - Common Stock",COMMON_STOCK,NASDAQ,True,N,2026-07-10,193.5,262841960.36605835,2141,2018-01-02,443,443
current_liquid_500_20260710_2708bb185f91,current_liquid_universe,2026-07-10,LPLA,LPLA,LPL Financial Holdings Inc. - Common Stock,COMMON_STOCK,NASDAQ,True,N,2026-07-10,317.0299987792969,262390568.84918213,2141,2018-01-02,444,444
current_liquid_500_20260710_2708bb185f91,current_liquid_universe,2026-07-10,FLUT,FLUT,Flutter Entertainment plc Ordinary Shares,COMMON_STOCK,NYSE,True,,2026-07-10,110.66000366210938,262136340.4586792,2141,2018-01-02,445,445
current_liquid_500_20260710_2708bb185f91,current_liquid_universe,2026-07-10,SYF,SYF,Synchrony Financial Common Stock,COMMON_STOCK,NYSE,True,,2026-07-10,72.44000244140625,258483961.22131348,2141,2018-01-02,446,446
current_liquid_500_20260710_2708bb185f91,current_liquid_universe,2026-07-10,CELH,CELH,"Celsius Holdings, Inc. - Common Stock",COMMON_STOCK,NASDAQ,True,N,2026-07-10,30.600000381469727,258069934.81092453,2141,2018-01-02,447,447
current_liquid_500_20260710_2708bb185f91,current_liquid_universe,2026-07-10,AFL,AFL,AFLAC Incorporated Common Stock,COMMON_STOCK,NYSE,True,,2026-07-10,121.91000366210938,256747644.06089783,2141,2018-01-02,448,448
current_liquid_500_20260710_2708bb185f91,current_liquid_universe,2026-07-10,DPZ,DPZ,Domino's Pizza Inc - Common Stock,COMMON_STOCK,NASDAQ,True,N,2026-07-10,299.4599914550781,255022736.17401123,2141,2018-01-02,449,449
current_liquid_500_20260710_2708bb185f91,current_liquid_universe,2026-07-10,RY,RY,Royal Bank Of Canada Common Stock,COMMON_STOCK,NYSE,True,,2026-07-10,211.08999633789065,254702153.65829468,2141,2018-01-02,450,450
current_liquid_500_20260710_2708bb185f91,current_liquid_universe,2026-07-10,AME,AME,"AMETEK, Inc.",COMMON_STOCK,NYSE,True,,2026-07-10,233.97999572753903,253828770.27511597,2141,2018-01-02,451,451
current_liquid_500_20260710_2708bb185f91,current_liquid_universe,2026-07-10,VIK,VIK,Viking Holdings Ltd Ordinary Shares,COMMON_STOCK,NYSE,True,,2026-07-10,99.13999938964844,253813555.62057495,549,2024-05-01,452,452
current_liquid_500_20260710_2708bb185f91,current_liquid_universe,2026-07-10,GH,GH,"Guardant Health, Inc. - Common Stock",COMMON_STOCK,NASDAQ,True,N,2026-07-10,160.0500030517578,253624211.8774414,1950,2018-10-04,453,453
current_liquid_500_20260710_2708bb185f91,current_liquid_universe,2026-07-10,WCN,WCN,"Waste Connections, Inc. Common Shares",COMMON_STOCK,NYSE,True,,2026-07-10,171.07000732421875,253252229.0138245,2141,2018-01-02,454,454
current_liquid_500_20260710_2708bb185f91,current_liquid_universe,2026-07-10,WPM,WPM,Wheaton Precious Metals Corp Common Shares (Canada),COMMON_STOCK,NYSE,True,,2026-07-10,110.0500030517578,248737591.47453308,2141,2018-01-02,455,455
current_liquid_500_20260710_2708bb185f91,current_liquid_universe,2026-07-10,TE,TE,T1 Energy Inc. Common Stock,COMMON_STOCK,NYSE,True,,2026-07-10,6.849999904632568,247772605.3653717,1632,2020-01-10,456,456
current_liquid_500_20260710_2708bb185f91,current_liquid_universe,2026-07-10,KEY,KEY,KeyCorp Common Stock,COMMON_STOCK,NYSE,True,,2026-07-10,23.299999237060547,247451816.5708542,2141,2018-01-02,457,457
current_liquid_500_20260710_2708bb185f91,current_liquid_universe,2026-07-10,QSR,QSR,Restaurant Brands International Inc. Common Shares,COMMON_STOCK,NYSE,True,,2026-07-10,75.26000213623047,247110648.47183228,2141,2018-01-02,458,458
current_liquid_500_20260710_2708bb185f91,current_liquid_universe,2026-07-10,GPN,GPN,Global Payments Inc. Common Stock,COMMON_STOCK,NYSE,True,,2026-07-10,76.04000091552734,246955517.29431152,2141,2018-01-02,459,459
current_liquid_500_20260710_2708bb185f91,current_liquid_universe,2026-07-10,WST,WST,"West Pharmaceutical Services, Inc. Common Stock",COMMON_STOCK,NYSE,True,,2026-07-10,353.7099914550781,245448408.18481445,2141,2018-01-02,460,460
current_liquid_500_20260710_2708bb185f91,current_liquid_universe,2026-07-10,TKO,TKO,"TKO Group Holdings, Inc. Class A Common Stock",COMMON_STOCK,NYSE,True,,2026-07-10,184.3999938964844,245122632.02667236,2141,2018-01-02,461,461
current_liquid_500_20260710_2708bb185f91,current_liquid_universe,2026-07-10,W,W,Wayfair Inc. Class A Common Stock,COMMON_STOCK,NYSE,True,,2026-07-10,89.2300033569336,244901972.3058701,2141,2018-01-02,462,462
current_liquid_500_20260710_2708bb185f91,current_liquid_universe,2026-07-10,RIO,RIO,Rio Tinto Plc Common Stock,COMMON_STOCK,NYSE,True,,2026-07-10,90.54000091552734,244424248.80981445,2141,2018-01-02,463,463
current_liquid_500_20260710_2708bb185f91,current_liquid_universe,2026-07-10,BB,BB,BlackBerry Limited Common Stock,COMMON_STOCK,NYSE,True,,2026-07-10,10.970000267028809,243974397.1579075,2141,2018-01-02,464,464
current_liquid_500_20260710_2708bb185f91,current_liquid_universe,2026-07-10,AU,AU,AngloGold Ashanti PLC Ordinary Shares,COMMON_STOCK,NYSE,True,,2026-07-10,82.0999984741211,242426563.6711121,2141,2018-01-02,465,465
current_liquid_500_20260710_2708bb185f91,current_liquid_universe,2026-07-10,FIS,FIS,"Fidelity National Information Services, Inc. Common Stock",COMMON_STOCK,NYSE,True,,2026-07-10,41.97999954223633,242313338.38539124,2141,2018-01-02,466,466
current_liquid_500_20260710_2708bb185f91,current_liquid_universe,2026-07-10,THC,THC,Tenet Healthcare Corporation Common Stock,COMMON_STOCK,NYSE,True,,2026-07-10,204.25,241807993.38378903,2141,2018-01-02,467,467
current_liquid_500_20260710_2708bb185f91,current_liquid_universe,2026-07-10,AWK,AWK,"American Water Works Company, Inc. Common Stock",COMMON_STOCK,NYSE,True,,2026-07-10,130.69000244140625,238975772.857666,2141,2018-01-02,468,468
current_liquid_500_20260710_2708bb185f91,current_liquid_universe,2026-07-10,CP,CP,Canadian Pacific Kansas City Limited Common Shares,COMMON_STOCK,NYSE,True,,2026-07-10,90.12000274658205,238850522.4571228,2141,2018-01-02,469,469
current_liquid_500_20260710_2708bb185f91,current_liquid_universe,2026-07-10,CLX,CLX,Clorox Company (The) Common Stock,COMMON_STOCK,NYSE,True,,2026-07-10,96.55999755859376,238778967.1421051,2141,2018-01-02,470,470
current_liquid_500_20260710_2708bb185f91,current_liquid_universe,2026-07-10,USFD,USFD,US Foods Holding Corp. Common Stock,COMMON_STOCK,NYSE,True,,2026-07-10,100.9800033569336,238542564.43481445,2141,2018-01-02,471,471
current_liquid_500_20260710_2708bb185f91,current_liquid_universe,2026-07-10,SCCO,SCCO,Southern Copper Corporation Common Stock,COMMON_STOCK,NYSE,True,,2026-07-10,175.8300018310547,238002912.56687164,2141,2018-01-02,472,472
current_liquid_500_20260710_2708bb185f91,current_liquid_universe,2026-07-10,FFIV,FFIV,"F5, Inc. - Common Stock",COMMON_STOCK,NASDAQ,True,N,2026-07-10,430.3900146484375,237199511.33422852,2141,2018-01-02,473,473
current_liquid_500_20260710_2708bb185f91,current_liquid_universe,2026-07-10,RL,RL,Ralph Lauren Corporation Common Stock,COMMON_STOCK,NYSE,True,,2026-07-10,394.8999938964844,237120351.02539065,2141,2018-01-02,474,474
current_liquid_500_20260710_2708bb185f91,current_liquid_universe,2026-07-10,DKS,DKS,Dick's Sporting Goods Inc Common Stock,COMMON_STOCK,NYSE,True,,2026-07-10,217.97999572753903,236945382.99560547,2141,2018-01-02,475,475
current_liquid_500_20260710_2708bb185f91,current_liquid_universe,2026-07-10,CNP,CNP,"CenterPoint Energy, Inc (Holding Co) Common Stock",COMMON_STOCK,NYSE,True,,2026-07-10,43.540000915527344,236634648.24962616,2141,2018-01-02,476,476
current_liquid_500_20260710_2708bb185f91,current_liquid_universe,2026-07-10,KTOS,KTOS,"Kratos Defense & Security Solutions, Inc. - Common Stock",COMMON_STOCK,NASDAQ,True,N,2026-07-10,48.189998626708984,235640540.9351349,2141,2018-01-02,477,477
current_liquid_500_20260710_2708bb185f91,current_liquid_universe,2026-07-10,ATO,ATO,Atmos Energy Corporation Common Stock,COMMON_STOCK,NYSE,True,,2026-07-10,176.1999969482422,235475470.0050354,2141,2018-01-02,478,478
current_liquid_500_20260710_2708bb185f91,current_liquid_universe,2026-07-10,FIVE,FIVE,"Five Below, Inc. - Common Stock",COMMON_STOCK,NASDAQ,True,N,2026-07-10,189.38999938964844,235319411.5058899,2141,2018-01-02,479,479
current_liquid_500_20260710_2708bb185f91,current_liquid_universe,2026-07-10,CAVA,CAVA,"CAVA Group, Inc. Common Stock",COMMON_STOCK,NYSE,True,,2026-07-10,72.18000030517578,234371118.92967224,769,2023-06-15,480,480
current_liquid_500_20260710_2708bb185f91,current_liquid_universe,2026-07-10,WEC,WEC,"WEC Energy Group, Inc. Common Stock",COMMON_STOCK,NYSE,True,,2026-07-10,114.95999908447266,233358643.4841156,2141,2018-01-02,481,481
current_liquid_500_20260710_2708bb185f91,current_liquid_universe,2026-07-10,CDW,CDW,CDW Corporation - Common Stock,COMMON_STOCK,NASDAQ,True,N,2026-07-10,144.38999938964844,233194909.49554443,2141,2018-01-02,482,482
current_liquid_500_20260710_2708bb185f91,current_liquid_universe,2026-07-10,SU,SU,Suncor Energy  Inc. Common Stock,COMMON_STOCK,NYSE,True,,2026-07-10,59.25,232134332.78388977,2141,2018-01-02,483,483
current_liquid_500_20260710_2708bb185f91,current_liquid_universe,2026-07-10,CMS,CMS,CMS Energy Corporation Common Stock,COMMON_STOCK,NYSE,True,,2026-07-10,75.4000015258789,231766802.51312256,2141,2018-01-02,484,484
current_liquid_500_20260710_2708bb185f91,current_liquid_universe,2026-07-10,PAAS,PAAS,Pan American Silver Corp. Common Stock,COMMON_STOCK,NYSE,True,,2026-07-10,43.66999816894531,231589037.2390747,2141,2018-01-02,485,485
current_liquid_500_20260710_2708bb185f91,current_liquid_universe,2026-07-10,BTI,BTI,"British American Tobacco  Industries, p.l.c. Common Stock ADR",COMMON_STOCK,NYSE,True,,2026-07-10,60.02000045776367,230323074.09057617,2141,2018-01-02,486,486
current_liquid_500_20260710_2708bb185f91,current_liquid_universe,2026-07-10,RBRK,RBRK,"Rubrik, Inc. Class A Common Stock",COMMON_STOCK,NYSE,True,,2026-07-10,84.37999725341797,230276703.39488983,553,2024-04-25,487,487
current_liquid_500_20260710_2708bb185f91,current_liquid_universe,2026-07-10,OWL,OWL,Blue Owl Capital Inc. Class A Common Stock,COMMON_STOCK,NYSE,True,,2026-07-10,9.359999656677246,229383938.23690417,1398,2020-12-14,488,488
current_liquid_500_20260710_2708bb185f91,current_liquid_universe,2026-07-10,TD,TD,Toronto Dominion Bank (The) Common Stock,COMMON_STOCK,NYSE,True,,2026-07-10,120.52999877929688,227369081.54067993,2141,2018-01-02,489,489
current_liquid_500_20260710_2708bb185f91,current_liquid_universe,2026-07-10,KGC,KGC,Kinross Gold Corporation Common Stock,COMMON_STOCK,NYSE,True,,2026-07-10,24.13999938964844,227096302.91481015,2141,2018-01-02,490,490
current_liquid_500_20260710_2708bb185f91,current_liquid_universe,2026-07-10,JBHT,JBHT,"J.B. Hunt Transport Services, Inc. - Common Stock",COMMON_STOCK,NASDAQ,True,N,2026-07-10,279.9599914550781,226746355.3100586,2141,2018-01-02,491,491
current_liquid_500_20260710_2708bb185f91,current_liquid_universe,2026-07-10,FORM,FORM,"FormFactor, Inc. - Common Stock",COMMON_STOCK,NASDAQ,True,N,2026-07-10,117.5199966430664,226337105.81970215,2141,2018-01-02,492,492
current_liquid_500_20260710_2708bb185f91,current_liquid_universe,2026-07-10,ED,ED,"Consolidated Edison, Inc. Common Stock",COMMON_STOCK,NYSE,True,,2026-07-10,111.12000274658205,225682097.1981049,2141,2018-01-02,493,493
current_liquid_500_20260710_2708bb185f91,current_liquid_universe,2026-07-10,VICI,VICI,VICI Properties Inc. Common Stock,COMMON_STOCK,NYSE,True,,2026-07-10,26.010000228881836,225389005.13734815,2141,2018-01-02,494,494
current_liquid_500_20260710_2708bb185f91,current_liquid_universe,2026-07-10,MTB,MTB,M&T Bank Corporation Common Stock,COMMON_STOCK,NYSE,True,,2026-07-10,242.33999633789065,225194474.80239865,2141,2018-01-02,495,495
current_liquid_500_20260710_2708bb185f91,current_liquid_universe,2026-07-10,NVS,NVS,Novartis AG Common Stock,COMMON_STOCK,NYSE,True,,2026-07-10,154.0500030517578,223943082.9345703,2141,2018-01-02,496,496
current_liquid_500_20260710_2708bb185f91,current_liquid_universe,2026-07-10,PEG,PEG,Public Service Enterprise Group Incorporated Common Stock,COMMON_STOCK,NYSE,True,,2026-07-10,80.55000305175781,223864880.38024905,2141,2018-01-02,497,497
current_liquid_500_20260710_2708bb185f91,current_liquid_universe,2026-07-10,WSM,WSM,"Williams-Sonoma, Inc. Common Stock (DE)",COMMON_STOCK,NYSE,True,,2026-07-10,221.75,221535200.90408325,2141,2018-01-02,498,498
current_liquid_500_20260710_2708bb185f91,current_liquid_universe,2026-07-10,CSGP,CSGP,"CoStar Group, Inc. - Common Stock",COMMON_STOCK,NASDAQ,True,N,2026-07-10,28.38999938964844,219521979.3125153,2141,2018-01-02,499,499
current_liquid_500_20260710_2708bb185f91,current_liquid_universe,2026-07-10,ZBRA,ZBRA,Zebra Technologies Corporation - Class A Common Stock,COMMON_STOCK,NASDAQ,True,N,2026-07-10,272.5199890136719,219242311.12365723,2141,2018-01-02,500,500
