model_horizon_days,rebalance_every_days,base_policy,exposure_policy,target_volatility,leverage_cap,test_year,rebalance_date,base_unlevered_gross_return,portfolio_exposure,trailing_unlevered_annualized_vol,drawdown_before_rebalance,gross_return,transaction_cost,financing_cost,net_return,raw_universe_return,net_excess_vs_unlevered_universe,net_excess_vs_matched_exposure_universe,realized_return_ic,model_target_ic,turnover,risk_state,regime_is_confident,maximum_position_weight,holdings,risk_anchor,signal_blend,baseline_net_return,baseline_portfolio_exposure,equity_multiplier,cash_weight,cash_proxy,cash_proxy_return,cash_gross_return,cash_turnover,controller_transaction_cost,nav_before_rebalance,nav_after_rebalance,high_water_mark_after_rebalance,soft_floor_value_before_rebalance,cushion_ratio_before_rebalance,drawdown_budget_exposure_cap,drawdown_after_rebalance,drawdown_budget_floor_ratio,drawdown_budget_cushion_multiplier,cash_turnover_bps
20,10,signal_shrinkage_max_diversification_blend_0.25,drawdown_budget_78_m3,,1.0,2021,2021-01-04,0.1962685206308224,0.45,,0.0,0.0883208342838701,0.001,0.0,0.08732083428387011,0.0703097385607879,0.0175610957230821,0.0562314519315155,0.2583368045744406,0.2273785629191673,1.0,risk_off,True,0.0649884112208575,"AXTI,CVNA,EQT,NET,PLTR,QXO,SITM,STRL,THC,WDC",shrinkage_max_diversification,0.25,0.0878708342838701,0.45,1.0,0.55,BIL,0.0,0.0,0.55,0.00055,1.0,1.08732083428387,1.08732083428387,0.78,0.21999999999999997,0.6599999999999999,0.0,0.78,3.0,10.0
20,10,signal_shrinkage_max_diversification_blend_0.25,drawdown_budget_78_m3,,1.0,2021,2021-01-19,0.072752341744654,0.45,,0.0,0.0327385537850943,0.0005960990535247,0.0,0.03208230406592108,-0.0102749980550372,0.0424174527866067,0.0367662038563363,-0.0994496095446418,0.2417731730130608,0.5960990535247569,risk_off,True,0.0685606091442326,"CDE,CVNA,HL,MP,MRNA,NET,PLTR,SNOW,W,WDC",shrinkage_max_diversification,0.25,0.0321424547315695,0.45,1.0,0.55,BIL,-0.00010936484663348622,-6.015066564841743e-05,0.0,0.0,1.08732083428387,1.1222045919065762,1.1222045919065762,0.8481102507414187,0.21999999999999997,0.6599999999999999,0.0,0.78,3.0,10.0
20,10,signal_shrinkage_max_diversification_blend_0.25,drawdown_budget_78_m3,,1.0,2021,2021-02-02,0.0755772219319476,0.45,,0.0,0.0340097498693764,0.0005963891811309,0.0,0.033473517932981735,0.0580568547572818,-0.0246434940690363,0.0072877760474686,0.3293720349819347,0.1710547989549222,0.5963891811309222,risk_off,True,0.069152554008686,"CCJ,CDE,CVNA,ENPH,HL,INSM,MP,OXY,PAAS,PLTR",shrinkage_max_diversification,0.25,0.0334133606882455,0.45,1.0,0.55,BIL,0.00010937680861133892,6.015724473623641e-05,0.0,0.0,1.1222045919065762,1.1597687274382353,1.1597687274382353,0.8753195816871294,0.22,0.66,0.0,0.78,3.0,10.0
20,10,signal_shrinkage_max_diversification_blend_0.25,drawdown_budget_78_m3,,1.0,2021,2021-02-17,-0.0725888094305026,0.45,,0.0,-0.0326649642437261,0.0005048920302901,0.0,-0.03323000693966472,-0.017086850018389,-0.0160830062556272,-0.0254807737657412,0.0450866842353972,0.0158183881792518,0.504892030290146,risk_off,True,0.073380034844405,"BE,CDE,CELH,CLSK,ENPH,HL,INSM,NTRA,PAAS,RVMD",shrinkage_max_diversification,0.25,-0.0331698562740163,0.45,1.0,0.55,BIL,-0.00010936484663348622,-6.015066564841743e-05,0.0,0.0,1.1597687274382353,1.1212296045770567,1.1597687274382353,0.9046196074018236,0.22,0.66,-0.033230006939664714,0.78,3.0,10.0
20,10,signal_shrinkage_max_diversification_blend_0.25,drawdown_budget_78_m3,,1.0,2021,2021-03-03,0.0341327839490723,0.45,,-0.0331698562740163,0.0153597527770825,0.0006412967933617,0.0,0.0147184559837208,0.0428681995959505,-0.0281497436122297,-0.0045722338344569,-0.0233209998733542,-0.3167486979013101,0.6412967933617514,risk_off,True,0.0730969685249837,"AXTI,CDE,CELH,CLSK,HL,MSTR,MXL,ONDS,W,WULF",shrinkage_max_diversification,0.25,0.0147184559837208,0.45,1.0,0.55,BIL,0.0,0.0,0.0,0.0,1.1212296045770567,1.1377323731596687,1.1597687274382353,0.9046196074018236,0.19318968772407807,0.5795690631722342,-0.019000645350424117,0.78,3.0,10.0
20,10,signal_shrinkage_max_diversification_blend_0.25,drawdown_budget_78_m3,,1.0,2021,2021-03-17,-0.0920988139805151,0.6146773298990857,,-0.0189396093598509,-0.0920988139805151,0.000765119794455961,0.0,-0.05741820348943518,-0.0105374244438428,-0.082538231263787,-0.082538231263787,-0.4245636738510876,-0.2577711482708025,0.7651197944559761,risk_on,True,0.1593172472301939,"AXTI,BE,CVNA,MSTR,MXL,ONDS,PLTR,RKLB,TWLO,W",shrinkage_max_diversification,0.25,-0.0930756557076298,1.0,0.6146773298990857,0.38532267010091426,BIL,-0.00010907904939150281,-4.203063056360337e-05,0.1646773298990858,0.0001646773298990858,1.1377323731596687,1.0724058242410688,1.1597687274382353,0.9046196074018236,0.20489244329969525,0.6146773298990857,-0.07532786591869811,0.78,3.0,10.0
20,10,signal_shrinkage_max_diversification_blend_0.25,drawdown_budget_78_m3,,1.0,2021,2021-03-31,-0.0242105026147956,0.4693732905394818,0.5350758265873314,-0.1102524485074664,-0.0242105026147956,0.0008127624710269121,0.0,-0.012176525748948298,0.0358390067162177,-0.0614715298104918,-0.0614715298104918,-0.0389937157633493,-0.1367802756033185,0.8127624710269337,risk_on,True,0.1605362594109708,"AXTI,BE,CELH,ENPH,HIMS,HUT,MP,MSTR,ONDS,TSLA",shrinkage_max_diversification,0.25,-0.0256325230942741,1.0,0.4693732905394818,0.5306267094605182,BIL,0.0,0.0,0.1453040393596039,0.0001453040393596039,1.0724058242410688,1.0593476471088752,1.1597687274382353,0.9046196074018236,0.1564577635131606,0.4693732905394818,-0.08658715996867417,0.78,3.0,10.0
20,10,signal_shrinkage_max_diversification_blend_0.25,drawdown_budget_78_m3,,1.0,2021,2021-04-15,-0.0219927087190486,0.4381792137717827,0.501496310107071,-0.1330589231691725,-0.0219927087190486,0.00040214700238157844,0.0,-0.010100463222186612,0.0088693732781526,-0.0317086600957395,-0.0317086600957395,-0.1497753397179396,-0.3550078438848738,0.40214700238161694,risk_on,True,0.1646179284474567,"AXTI,BE,CELH,CLSK,ENPH,HUT,MARA,MP,MSTR,QXO",shrinkage_max_diversification,0.25,-0.0228392868175868,1.0,0.4381792137717827,0.5618207862282173,BIL,-0.0001095872671316167,-6.156840458048658e-05,0.03119407676769914,3.1194076767699145e-05,1.0593476471088752,1.048647745159742,1.1597687274382353,0.9046196074018236,0.14605973792392757,0.4381792137717827,-0.09581305276608365,0.78,3.0,10.0
20,10,signal_shrinkage_max_diversification_blend_0.25,drawdown_budget_78_m3,,1.0,2021,2021-04-29,-0.2132952138186493,0.4120396150834571,0.4724064429040263,-0.1528592390768594,-0.2132952138186493,0.000318634880662874,0.0,-0.0882688024981523,-0.0346012151550107,-0.1794038704120512,-0.1794038704120512,-0.304001814956624,-0.0144295177171685,0.31863488066287926,risk_on,True,0.1604949227813847,"BE,CELH,CLSK,ENPH,HIMS,HUT,MSTR,ONDS,QXO,RIOT",shrinkage_max_diversification,0.25,-0.2140050855670619,1.0,0.4120396150834571,0.5879603849165429,BIL,-0.00010900363043775396,-6.408981650948241e-05,0.026139598688325605,2.6139598688325604e-05,1.048647745159742,0.956084864452104,1.1597687274382353,0.9046196074018236,0.13734653836115238,0.4120396150834571,-0.1756245518328814,0.78,3.0,10.0
20,10,signal_shrinkage_max_diversification_blend_0.25,drawdown_budget_78_m3,,1.0,2021,2021-05-13,0.1833682961945147,0.16148751736522868,0.5907194970103063,-0.334151670105562,0.0825157332875316,0.0007146064508622995,0.0,0.028988495333972963,0.0473817677136585,0.0338408349200495,0.0599008071625617,0.3740547651377887,0.3854329487636347,0.7146064508623109,risk_off,True,0.0704949017416215,"CCJ,CDE,CELH,EQT,HL,MARA,MP,RIOT,SHOP,SITM",shrinkage_max_diversification,0.25,0.081222602633708,0.45,0.35886114970050814,0.8385124826347713,BIL,0.00010901551352460181,9.141086889121835e-05,0.2505520977182284,0.00025055209771822844,0.956084864452104,0.983800326084156,1.1597687274382353,0.9046196074018236,0.05382917245507623,0.16148751736522868,-0.151727148000247,0.78,3.0,10.0
20,10,signal_shrinkage_max_diversification_blend_0.25,drawdown_budget_78_m3,,1.0,2021,2021-05-27,0.0008686772126961,0.24145362605488463,0.632172101831668,-0.2800697357922278,0.0003909047457132,0.00044107132135025204,0.0,-0.0003140103670889643,0.020331096600063,-0.0206131879420554,-0.0094310848120208,0.1576506793368746,0.221701974905471,0.4410713213502971,risk_off,True,0.0725152895596155,"BE,CCJ,CLSK,DASH,HIMS,HUT,MARA,ONDS,RIOT,SITM",shrinkage_max_diversification,0.25,-0.0002820913419924,0.45,0.5365636134552991,0.7585463739451154,BIL,-0.00010900363043775396,-8.268430861541168e-05,0.07996610868965592,7.996610868965592e-05,0.983800326084156,0.98349140258262,1.1597687274382353,0.9046196074018236,0.08048454201829487,0.24145362605488463,-0.15199351446989517,0.78,3.0,10.0
20,10,signal_shrinkage_max_diversification_blend_0.25,drawdown_budget_78_m3,,1.0,2021,2021-06-11,0.0100666363886493,0.24058714181033425,0.6000499803111505,-0.2802728218865992,0.0045299863748922,0.00020382998135753483,0.0,0.00221807329503146,0.0047539965984023,-0.0006036380498919,0.0020110600792293,-0.018855411686483,-0.1247448202289202,0.20382998135756691,risk_off,True,0.072,"AFRM,ASTS,CLSK,DASH,HIMS,HUT,MARA,ONDS,POET,RIOT",shrinkage_max_diversification,0.25,0.0041503585485104,0.45,0.5346380929118538,0.7594128581896658,BIL,0.0,0.0,0.0008664842445503806,8.664842445503806e-07,0.98349140258262,0.9856728585985816,1.1597687274382353,0.9046196074018236,0.08019571393677809,0.24058714181033425,-0.1501125739303274,0.78,3.0,10.0
20,10,signal_shrinkage_max_diversification_blend_0.25,drawdown_budget_78_m3,,1.0,2021,2021-06-25,0.059559240901914,0.24669417593175463,0.5721371405477376,-0.2772856960403208,0.0268016584058613,0.00015504204103418593,0.0,0.014455454621441927,0.005006235888459,0.0215237470598944,0.0242771767985469,-0.3303939101029276,-0.3845213329025605,0.15504204103421804,risk_off,True,0.071658675044207,"AFRM,ASTS,AXTI,CLSK,HUT,MARA,MSTR,ONDS,POET,RIOT",shrinkage_max_diversification,0.25,0.0265299829483535,0.45,0.5482092798483437,0.7533058240682453,BIL,-0.00010941265593467087,-8.242119094236263e-05,0.0061070341214204404,6.107034121420441e-06,0.9856728585985816,0.9999212078776403,1.1597687274382353,0.9046196074018236,0.08223139197725154,0.24669417593175463,-0.13782706480944318,0.78,3.0,10.0
20,10,signal_shrinkage_max_diversification_blend_0.25,drawdown_budget_78_m3,,1.0,2021,2021-07-12,-0.0363659682499111,0.2859273302486411,0.5516999978433279,-0.2581120978797393,-0.01636468571246,0.0003554015295245864,0.0,-0.01075342574312852,-0.0045503325500378,-0.0123119473193701,-0.0148146302218909,-0.4244085673026013,-0.2443403237892248,0.35540152952461046,risk_off,True,0.0715498180110052,"AXTI,BB,HUT,MARA,MSTR,OXY,POET,RBLX,RIOT,STRL",shrinkage_max_diversification,0.25,-0.016862279869408,0.45,0.6353940672192024,0.7140726697513589,BIL,0.0,0.0,0.039233154316886454,3.9233154316886454e-05,0.9999212078776403,0.9891686294197487,1.1597687274382353,0.9046196074018236,0.09530911008288036,0.2859273302486411,-0.14709837744574994,0.78,3.0,10.0
20,10,signal_shrinkage_max_diversification_blend_0.25,drawdown_budget_78_m3,,1.0,2021,2021-07-26,0.1051140268126765,0.2564244947826197,0.534697533608574,-0.2706220193170191,0.0473013120657044,0.000445155467852011,0.0,0.026508655752155233,0.0163422061275319,0.0302296760733216,0.0392178894434642,0.0664675437385171,-0.178014952667715,0.44515546785206517,risk_off,True,0.072,"AA,ASTS,CCL,COIN,HUT,MARA,MSTR,NCLH,RIOT,TE",shrinkage_max_diversification,0.25,0.0465718822008536,0.45,0.5698322106280438,0.7435755052173803,BIL,0.0,0.0,0.029502835466021393,2.9502835466021394e-05,0.9891686294197487,1.015390160097868,1.1597687274382353,0.9046196074018236,0.08547483159420656,0.2564244947826197,-0.12448910194300467,0.78,3.0,10.0
20,10,signal_shrinkage_max_diversification_blend_0.25,drawdown_budget_78_m3,,1.0,2021,2021-08-09,-0.0316779313509964,0.3272748458150351,0.5291084120385873,-0.2366535139207549,-0.0142550691079483,0.0004603114253655235,0.0,-0.010974793325529288,-0.0027094701728413,-0.0120811044458145,-0.0135713130408773,-0.3698986180113055,-0.0916078604732567,0.46031142536557645,risk_off,True,0.0721015198867372,"AA,AFRM,ASTS,CCL,CLSK,DOCN,HIMS,JOBY,NCLH,RIOT",shrinkage_max_diversification,0.25,-0.0147905746186559,0.45,0.7272774351445224,0.6727251541849649,BIL,-0.00021865066381432374,-0.00014709180152713586,0.07085035103241533,7.085035103241532e-05,1.015390160097868,1.004246462946018,1.1597687274382353,0.9046196074018236,0.10909161527167836,0.3272748458150351,-0.1340976531034287,0.78,3.0,10.0
20,10,signal_shrinkage_max_diversification_blend_0.25,drawdown_budget_78_m3,,1.0,2021,2021-08-23,0.1277505526518493,0.29761674813949435,0.5150281009311125,-0.2479438470829987,0.0574877486933321,0.00019853484672861232,0.0,0.03782216920653798,0.0223585682937546,0.0348738367821602,0.0471710493437253,0.2455596133686562,0.1439288954455463,0.19853484672865065,risk_off,True,0.0557030158293521,"AA,AFRM,ASTS,CLSK,DOCN,HIMS,JOBY,ONDS,RIOT,TE",shrinkage_max_diversification,0.25,0.0572324050759149,0.45,0.6613705514210986,0.7023832518605057,BIL,0.0,0.0,0.02965809767554073,2.9658097675540727e-05,1.004246462946018,1.0422292425926294,1.1597687274382353,0.9046196074018236,0.09920558271316479,0.29761674813949435,-0.10134734802276835,0.78,3.0,10.0
20,10,signal_shrinkage_max_diversification_blend_0.25,drawdown_budget_78_m3,,1.0,2021,2021-09-07,-0.0237030386750397,0.396101825492319,0.5171131345013305,-0.2049018646994187,-0.0106663674037679,0.00040269976336321917,0.0,-0.0097915166522616,-0.0327926893891216,0.0217807123468862,0.0037447331828693,-0.0288960129384206,0.0534662204575186,0.40269976336330315,risk_off,True,0.0673267741518906,"APP,ASTS,CIFR,CLSK,HIMS,JOBY,ONDS,RIOT,SOFI,TE",shrinkage_max_diversification,0.25,-0.0110119770422354,0.45,0.8802262788718199,0.603898174507681,BIL,0.0,0.0,0.09848507735282463,9.848507735282463e-05,1.0422292425926294,1.0320242376083095,1.1597687274382353,0.9046196074018236,0.132033941830773,0.396101825492319,-0.11014652042920248,0.78,3.0,10.0
20,10,signal_shrinkage_max_diversification_blend_0.25,drawdown_budget_78_m3,,1.0,2021,2021-09-21,0.0076013988841244,0.3703535989670447,0.5045737791595318,-0.2136574671116728,0.003420629497856,0.000396811502230195,0.0,0.0024183939316893706,0.0088952126682888,-0.0059254454667164,-0.0010330784991576,0.164706906000241,0.1916283288043182,0.3968115022301985,risk_off,True,0.0721844736823673,"APP,ASTS,AXTI,CIFR,CLSK,HUT,MARA,ONDS,RDW,WULF",shrinkage_max_diversification,0.25,0.0029697672015723,0.45,0.8230079977045437,0.6296464010329553,BIL,0.0,0.0,0.02574822652527431,2.574822652527431e-05,1.0320242376083095,1.0345200787618978,1.1597687274382353,0.9046196074018236,0.12345119965568155,0.3703535989670447,-0.10799450417411582,0.78,3.0,10.0
20,10,signal_shrinkage_max_diversification_blend_0.25,drawdown_budget_78_m3,,1.0,2021,2021-10-05,0.0840905569390565,0.37669777714378727,0.4905463761813942,-0.2113222128482998,0.0378407506225754,0.0002755241303925752,0.0,0.03133292031255396,0.0441974491441807,-0.0066782586311859,0.0176303383981134,0.068363955595966,0.1689452045752487,0.2755241303926257,risk_off,True,0.0634251768487237,"APP,ASTS,AXTI,CIFR,CLSK,IONQ,MARA,ONDS,POET,RKLB",shrinkage_max_diversification,0.25,0.0375191905129947,0.45,0.8371061714306384,0.6233022228562127,BIL,-0.00010954787625516715,-6.828143477902301e-05,0.006344178176742599,6.344178176742599e-06,1.0345200787618978,1.0669346139514813,1.1597687274382353,0.9046196074018236,0.12556592571459577,0.37669777714378727,-0.08004536705504339,0.78,3.0,10.0
20,10,signal_shrinkage_max_diversification_blend_0.25,drawdown_budget_78_m3,,1.0,2021,2021-10-19,0.1199461055760071,0.45,0.4830554234611875,-0.1817316606987881,0.0539757475092032,0.0005773263912192127,0.0,0.053338381708139905,0.0274391614111111,0.026032561929729,0.0411241007058401,0.158929877660065,0.2169946529104026,0.5773263912193004,risk_off,True,0.0545459283776613,"AA,BB,BE,CIFR,IONQ,JOBY,ONDS,POET,RDW,RIOT",shrinkage_max_diversification,0.25,0.0534717233408401,0.45,1.0,0.55,BIL,-0.00010916256335269381,-6.00394098439816e-05,0.07330222285621268,7.330222285621269e-05,1.0669346139514813,1.1238431796480521,1.1597687274382353,0.9046196074018236,0.1521321029678759,0.4563963089036277,-0.030976475688853644,0.78,3.0,10.0
20,10,signal_shrinkage_max_diversification_blend_0.25,drawdown_budget_78_m3,,1.0,2021,2021-11-02,0.0295441782523622,0.45,0.4532250296808367,-0.1379774424411051,0.013294880213563,0.0002933571877478,0.0,0.0130015230258152,0.0262446640851047,-0.0132431410592895,0.001191424187518,0.0980904762861933,-0.1579223133021045,0.2933571877478045,risk_off,True,0.0574548583962779,"AA,BB,CIFR,HIMS,JOBY,ONDS,PINS,RDW,RIOT,RKLB",shrinkage_max_diversification,0.25,0.0130015230258152,0.45,1.0,0.55,BIL,0.0,0.0,0.0,0.0,1.1238431796480521,1.1384548526256515,1.1597687274382353,0.9046196074018236,0.1950659809270557,0.5851979427811671,-0.018377694024965807,0.78,3.0,10.0
20,10,signal_shrinkage_max_diversification_blend_0.25,drawdown_budget_78_m3,,1.0,2021,2021-11-16,-0.1664155198170032,0.45,0.4489074200482518,-0.1267698363102311,-0.0748869839176514,0.0005407620431566,0.0,-0.07536769999619276,-0.0747709631338913,-0.0006567828269168,-0.041780812550557,-0.3412867976119783,-0.4186331403374866,0.5407620431566857,risk_off,True,0.0728340845375178,"AA,AFRM,CELH,CIFR,CLSK,HIMS,MARA,QXO,RDW,SITM",shrinkage_max_diversification,0.25,-0.0754277459608081,0.45,1.0,0.55,BIL,0.00010917448111880113,6.0045964615340626e-05,0.0,0.0,1.1384548526256515,1.0526521288337516,1.1597687274382353,0.9046196074018236,0.2053970297412558,0.6161910892237674,-0.09236030949126306,0.78,3.0,10.0
20,10,signal_shrinkage_max_diversification_blend_0.25,drawdown_budget_78_m3,,1.0,2021,2021-12-01,-0.0608201821425023,0.42188444988735846,0.486944098014027,-0.1926356192623379,-0.027369081964126,0.0005482794482356204,0.0,-0.026207368533474208,0.0320626590600946,-0.059986570087529,-0.042352107604477,-0.2353134589098671,-0.1961572969739614,0.5482794482357058,risk_off,True,0.0674753282355041,"AAOI,AFRM,APP,DOCN,MARA,MRNA,QXO,RIOT,SITM,TOST",shrinkage_max_diversification,0.25,-0.0279239110274344,0.45,0.9375209997496854,0.5781155501126416,BIL,0.0,0.0,0.028115550112641552,2.811555011264155e-05,1.0526521288337516,1.0250648865558594,1.1597687274382353,0.9046196074018236,0.14062814996245282,0.42188444988735846,-0.11614715735603398,0.78,3.0,10.0
20,10,signal_shrinkage_max_diversification_blend_0.25,drawdown_budget_78_m3,,1.0,2021,2021-12-15,-0.0406542612739918,0.3525004535821811,0.4846633949783181,-0.215180390396776,-0.0182944175732963,0.00047657318920191346,0.0,-0.014877901438589266,0.0230378176693953,-0.0418520505647472,-0.0291812508465798,0.0057896014286444,-0.1004566854747889,0.4765731892019637,risk_off,True,0.070780961410439,"AFRM,MDB,MRNA,QXO,ROKU,SITM,SNOW,TE,WULF,ZS",shrinkage_max_diversification,0.25,-0.0188142328953519,0.45,0.7833343412937357,0.6474995464178189,BIL,-0.00010916256335269381,-7.068271025667567e-05,0.06938399630517733,6.938399630517733e-05,1.0250648865558594,1.0098140722055227,1.1597687274382353,0.9046196074018236,0.11750015119406035,0.3525004535821811,-0.12929703283510774,0.78,3.0,10.0
20,10,signal_shrinkage_max_diversification_blend_0.25,drawdown_budget_78_m3,,1.0,2021,2021-12-30,-0.2010573294081191,0.3125163365190935,0.4858824934804744,-0.2299461693126903,-0.0904757982336535,0.0002448189804416836,0.0,-0.06315384784787427,-0.0241859507284459,-0.0665847942895807,-0.079887067190226,-0.2627557084977138,-0.4713169939112061,0.2448189804417299,risk_off,True,0.073273617299553,"AFRM,CVNA,DOCN,IONQ,MDB,MRNA,ROKU,SITM,TE,WULF",shrinkage_max_diversification,0.25,-0.0907707450180267,0.45,0.6944807478202077,0.6874836634809065,BIL,-0.00010957184075210957,-7.532885049460677e-05,0.039984117063087576,3.998411706308758e-05,1.0098140722055227,0.9460404279348128,1.1597687274382353,0.9046196074018236,0.10417211217303116,0.3125163365190935,-0.184285275544132,0.78,3.0,10.0
20,10,signal_shrinkage_max_diversification_blend_0.25,drawdown_budget_78_m3,,1.0,2022,2022-01-03,-0.1953909160015096,0.13135005432086042,0.527162663489551,-0.2998445292281627,-0.0879259122006793,0.0003125163365190935,0.0,-0.026071968566532613,-0.0473257904766033,-0.0410501217240759,-0.0670793064862078,-0.4712230195216537,-0.4691354964722685,0.3125163365190935,risk_off,True,0.0724430545190257,"AFRM,DKNG,DOCN,HOOD,HUT,IONQ,PL,ROKU,TOST,WULF",shrinkage_max_diversification,0.25,-0.0883759122006793,0.45,0.29188900960191205,0.8686499456791396,BIL,-0.00010918644487845075,-9.484479941256462e-05,0.18116628219823305,0.00018116628219823306,0.9460404279348128,0.9213752916350273,1.1597687274382353,0.9046196074018236,0.043783351440286805,0.13135005432086042,-0.20555256419940326,0.78,3.0,10.0
20,10,signal_shrinkage_max_diversification_blend_0.25,drawdown_budget_78_m3,,1.0,2022,2022-01-18,-0.072973223144046,0.054556545151552456,0.5689641487959902,-0.36172140763992,-0.0328379504148207,0.0001547044395136909,0.0,-0.004032630500652728,-0.0125263264234442,-0.0209542585012703,-0.0278437380341647,-0.0147444486026419,-0.0114930717135479,0.1547044395136951,risk_off,True,0.0697387629221167,"DKNG,HOOD,ILMN,MP,ONTO,PL,QXO,RDW,TSLA,WULF",shrinkage_max_diversification,0.25,-0.0334805849247146,0.45,0.1212367670034499,0.9454434548484475,BIL,0.00010919836786005277,0.00010324088217341996,0.07679350916930794,7.679350916930793e-05,0.9213752916350273,0.917659725531432,1.1597687274382353,0.9046196074018236,0.018185515050517485,0.054556545151552456,-0.20875627716017808,0.78,3.0,10.0
20,10,signal_shrinkage_max_diversification_blend_0.25,drawdown_budget_78_m3,,1.0,2022,2022-02-01,0.0433277053908178,0.042630566974234584,0.5728766422868956,-0.3830913482570589,0.019497467425868,6.354994420523562e-05,0.0,0.0017835347022979167,0.0088458839554102,0.0101066508936377,0.0149718870691134,0.084120638036137,-0.1280063659764825,0.06354994420524299,risk_off,True,0.0743482549006507,"CLSK,DKNG,HOOD,HUT,MARA,NET,ONTO,PL,SOFI,WULF",shrinkage_max_diversification,0.25,0.018952534849048,0.45,0.09473459327607685,0.9573694330257654,BIL,0.0,0.0,0.011925978177317886,1.1925978177317886e-05,0.917659725531432,0.9192964034968185,1.1597687274382353,0.9046196074018236,0.014210188991411528,0.042630566974234584,-0.20734506652251794,0.78,3.0,10.0
20,10,signal_shrinkage_max_diversification_blend_0.25,drawdown_budget_78_m3,,1.0,2022,2022-02-15,-0.0978466840589693,0.047895747353630565,0.5259964370347705,-0.3713993655362216,-0.0440310078265362,8.713049152249911e-05,0.0,-0.004648614193310714,-0.0163144036353326,-0.0284857620402793,-0.0374586840397123,-0.1988704317772739,-0.3151238970629623,0.0871304915225023,risk_off,True,0.0766631333742653,"AFRM,CIFR,CVNA,MARA,MRNA,NVTS,RBLX,RIOT,RIVN,SOFI",shrinkage_max_diversification,0.25,-0.044800165675612,0.45,0.10643499411917903,0.9521042526463694,BIL,0.00013124230560190853,0.00012495635729069154,0.0052651803793959395,5.26518037939594e-06,0.9192964034968185,0.9150229491876637,1.1597687274382353,0.9046196074018236,0.015965249117876855,0.047895747353630565,-0.21102981349667904,0.78,3.0,10.0
20,10,signal_shrinkage_max_diversification_blend_0.25,drawdown_budget_78_m3,,1.0,2022,2022-03-02,-0.0054866856038999,0.034108461853582926,0.4872098409273802,-0.3995607781039937,-0.0024690085217549,5.548516177808386e-05,0.0,-0.00013669939827003465,-0.0156452881841064,0.0126261509463259,0.0040212424450673,-0.2908678587508675,-0.1084258559281041,0.055485161778086274,risk_off,True,0.0765969024720829,"AFRM,CIFR,DOCN,JOBY,MARA,MRNA,ONDS,RIOT,VRT,XYZ",shrinkage_max_diversification,0.25,-0.0030191372377805,0.45,0.07579658189685094,0.965891538146417,BIL,0.0001096688043613625,0.00010592817013127492,0.013787285500047597,1.3787285500047596e-05,0.9150229491876637,0.9148978661011065,1.1597687274382353,0.9046196074018236,0.011369487284527642,0.034108461853582926,-0.21113766524642708,0.78,3.0,10.0
20,10,signal_shrinkage_max_diversification_blend_0.25,drawdown_budget_78_m3,,1.0,2022,2022-03-16,0.1752878566594126,0.03370297083460581,0.4869536897314525,-0.4013735865178439,0.0788795354967356,4.7336061217191976e-05,0.0,0.005966250500668253,0.0605087880433828,0.0177441333577337,0.0510239667815943,0.2048432921196935,-0.2144884366901019,0.04733606121719895,risk_off,True,0.0799367523790473,"AFRM,CVNA,DASH,HIMS,NTRA,ONDS,RBLX,VRT,WULF,XYZ",shrinkage_max_diversification,0.25,0.0782529214011166,0.45,0.07489549074356845,0.9662970291653942,BIL,0.00010955745287155594,0.00010586504123271218,0.00040549101897713324,4.0549101897713324e-07,0.9148978661011065,0.9203563759527926,1.1597687274382353,0.9046196074018236,0.01123432361153527,0.03370297083460581,-0.20643111494674515,0.78,3.0,10.0
20,10,signal_shrinkage_max_diversification_blend_0.25,drawdown_budget_78_m3,,1.0,2022,2022-03-30,-0.1105197264850293,0.05129567946333076,0.5324472808323369,-0.3545293208349923,-0.0497338769182631,6.496135919520542e-05,0.0,-0.00583807206633809,-0.0332926426922929,-0.0168567837026109,-0.035167737183372,-0.4672017981128055,-0.5347647652108458,0.06496135919520583,risk_off,True,0.0791208931216519,"AFRM,GH,NTRA,NU,QXO,RBLX,RIVN,SHOP,VRT,WULF",shrinkage_max_diversification,0.25,-0.0501494263949039,0.45,0.11399039880740168,0.9487043205366692,BIL,-0.0001095454513510008,-0.00010392624299183396,0.017592708628724973,1.7592708628724974e-05,0.9203563759527926,0.9149832691032664,1.1597687274382353,0.9046196074018236,0.017098559821110252,0.05129567946333076,-0.21106402728728968,0.78,3.0,10.0
20,10,signal_shrinkage_max_diversification_blend_0.25,drawdown_budget_78_m3,,1.0,2022,2022-04-13,-0.0999534442725657,0.03397984001915082,0.5375994200140833,-0.3868993051498466,-0.0449790499226545,6.845561810621962e-05,0.0,-0.0032537639580692227,-0.0478878133167235,0.0022315118123973,-0.0241067855118006,-0.3360328020811041,-0.4272411959924123,0.06845561810622,risk_off,True,0.072,"AFRM,CELH,HOOD,JOBY,NTRA,RBLX,RGTI,RIVN,W,XYZ",shrinkage_max_diversification,0.25,-0.0456563015043261,0.45,0.07551075559811292,0.9660201599808492,BIL,0.000218518944559154,0.00021109370578188027,0.017315839444180026,1.7315839444180026e-05,0.9149832691032664,0.9120061295200219,1.1597687274382353,0.9046196074018236,0.01132661333971694,0.03397984001915082,-0.21363103872052647,0.78,3.0,10.0
20,10,signal_shrinkage_max_diversification_blend_0.25,drawdown_budget_78_m3,,1.0,2022,2022-04-28,-0.0809016904547869,0.024297606822288965,0.5452411203717821,-0.414891215326437,-0.0364057607046541,4.2688421829575876e-05,0.0,-0.002008405887758516,-0.0998055939712783,0.0627885473489058,0.0078954706647027,-0.3447208967320751,-0.1576904932331408,0.04268842182957865,risk_off,True,0.0714654873167866,"CELH,META,NTRA,PINS,PL,RGTI,SMCI,TOST,VRT,WULF",shrinkage_max_diversification,0.25,-0.0370170466223724,0.45,0.05399468182730881,0.975702393177711,BIL,0.0,0.0,0.00968223319686179,9.682233196861789e-06,0.9120061295200219,0.9101744510398221,1.1597687274382353,0.9046196074018236,0.008099202274096322,0.024297606822288965,-0.21521038677231075,0.78,3.0,10.0
20,10,signal_shrinkage_max_diversification_blend_0.25,drawdown_budget_78_m3,,1.0,2022,2022-05-12,0.1502651810426282,0.018309161386542202,0.5280243148015002,-0.4365502144878579,0.0676193314691827,3.8236454590488595e-05,0.0,0.0031428127371889254,0.0590280010790309,0.00779874334516,0.0402641439386271,0.190550713644523,0.1394905778308089,0.03823645459049094,risk_off,True,0.0720595920654262,"AFRM,CIFR,COIN,CVNA,GH,MSTR,MXL,RIVN,W,WULF",shrinkage_max_diversification,0.25,0.066826744424191,0.45,0.04068702530342711,0.9816908386134579,BIL,0.0004378361540982034,0.0004298197412919565,0.005988445435746836,5.9884454357468365e-06,0.9101744510398221,0.9130349588976139,1.1597687274382353,0.9046196074018236,0.006103053795514068,0.018309161386542202,-0.2127439399798453,0.78,3.0,10.0
20,10,signal_shrinkage_max_diversification_blend_0.25,drawdown_budget_78_m3,,1.0,2022,2022-05-26,-0.1227595570375711,0.027650698630261303,0.565425900280544,-0.3988966996755727,-0.055241800666907,3.740568213735128e-05,0.0,-0.0037404544962710987,-0.0416078816383358,-0.0140906476404231,-0.0369749825415078,-0.0956064126141462,-0.0266015854657005,0.03740568213735576,risk_off,True,0.0725795109891912,"COIN,CVNA,GH,IREN,MARA,MSTR,NET,NU,W,WULF",shrinkage_max_diversification,0.25,-0.055698529278759,0.45,0.06144599695613623,0.9723493013697387,BIL,-0.00031743870034017796,-0.0003086612985034899,0.009341537243719111,9.34153724371911e-06,0.9130349588976139,0.9096197931803526,1.1597687274382353,0.9046196074018236,0.009216899543420434,0.027650698630261303,-0.2156886354492643,0.78,3.0,10.0
20,10,signal_shrinkage_max_diversification_blend_0.25,drawdown_budget_78_m3,,1.0,2022,2022-06-10,0.0356656663575895,0.016491019047793334,0.5477236823108969,-0.4323772694482515,0.0160495498609152,2.6905253892641293e-05,0.0,0.00088401003951323,-0.0130372674030616,0.0286571586468202,0.0214866615751363,0.1191943046829282,-0.0147567003344231,0.026905253892643158,risk_off,True,0.0723179913854093,"AFRM,CIFR,COIN,CVNA,GH,IONQ,MSTR,NU,RDW,W",shrinkage_max_diversification,0.25,0.0156198912437586,0.45,0.0366467089950963,0.9835089809522066,BIL,0.00032816386672762654,0.00032275211015062375,0.011159679582467885,1.1159679582467885e-05,0.9096197931803526,0.9104239062096641,1.1597687274382353,0.9046196074018236,0.005497006349264445,0.016491019047793334,-0.21499529632889702,0.78,3.0,10.0
20,10,signal_shrinkage_max_diversification_blend_0.25,drawdown_budget_78_m3,,1.0,2022,2022-06-27,-0.0448442833329729,0.019126141465260954,0.5531479851262916,-0.4235110641295478,-0.0201799274998378,2.017052811108475e-05,0.0,-0.0006310556947298182,-0.0307055247201165,0.0101130240634577,-0.0067750145326064,-0.337930515036907,-0.0456958192211353,0.020170528111086432,risk_off,True,0.0747811279646052,"APLD,CIFR,COIN,CVNA,IONQ,MSTR,NET,NU,W,WULF",shrinkage_max_diversification,0.25,-0.0205925006566588,0.45,0.04250253658946879,0.9808738585347391,BIL,0.00025162556649704904,0.00024681294031595006,0.0026351224174675503,2.63512241746755e-06,0.9104239062096641,0.9098493780190323,1.1597687274382353,0.9046196074018236,0.006375380488420318,0.019126141465260954,-0.2154906780175384,0.78,3.0,10.0
20,10,signal_shrinkage_max_diversification_blend_0.25,drawdown_budget_78_m3,,1.0,2022,2022-07-12,0.1792650684431287,0.01724385621473499,0.5514928456696485,-0.4353824129200168,0.0806692807994079,1.0703377425232322e-05,0.0,0.003403225937946443,0.0412073956021669,0.0392316877617493,0.0618957553429411,0.2033772494812714,0.4060136103994758,0.010703377425233978,risk_off,True,0.0746943799012072,"APLD,CIFR,COIN,CVNA,MARA,MSTR,NET,RIOT,W,WULF",shrinkage_max_diversification,0.25,0.0804390833639162,0.45,0.03831968047718886,0.982756143785265,BIL,0.00032837062668544803,0.00032270825081374174,0.0018822852505259169,1.8822852505259169e-06,0.9098493780190323,0.9129458010219311,1.1597687274382353,0.9046196074018236,0.005747952071578329,0.01724385621473499,-0.2128208155444069,0.78,3.0,10.0
20,10,signal_shrinkage_max_diversification_blend_0.25,drawdown_budget_78_m3,,1.0,2022,2022-07-26,0.2934061030332374,0.027360420336412318,0.5874841154962346,-0.3899650917641567,0.1320327463649568,3.962166881461212e-05,0.0,0.008700855374922717,0.0802026571684852,0.0513448153246316,0.0954562767672984,0.3756538302510819,0.2795361216100723,0.039621668814613084,risk_off,True,0.0741334250675166,"APLD,CIFR,COIN,DKNG,HUT,IREN,NET,NVTS,RGTI,WULF",shrinkage_max_diversification,0.25,0.1315474724931168,0.45,0.06080093408091626,0.9726395796635877,BIL,0.000732812801763405,0.0007127627354792542,0.010116564121677274,1.0116564121677274e-05,0.9129458010219311,0.920889210401766,1.1597687274382353,0.9046196074018236,0.009120140112137439,0.027360420336412318,-0.2059716833063091,0.78,3.0,10.0
20,10,signal_shrinkage_max_diversification_blend_0.25,drawdown_budget_78_m3,,1.0,2022,2022-08-09,-0.0326097411832374,0.05300182524511594,0.6717649467511111,-0.3097165414531609,-0.0146743835324568,8.468096893781687e-05,0.0,-0.0011911263053380077,0.0021356335640147,-0.017311279150943,-0.0161366806907349,-0.2086588179679914,-0.2553386074691479,0.08468096893782748,risk_off,True,0.0671640976071923,"APLD,CLSK,CVNA,NU,NVTS,RGTI,SHOP,TWLO,W,WULF",shrinkage_max_diversification,0.25,-0.0151756455869283,0.45,0.11778183387803541,0.946998174754884,BIL,0.0006567388234335336,0.0006219304670822264,0.025641404908703702,2.56414049087037e-05,0.920889210401766,0.9197923150389544,1.1597687274382353,0.9046196074018236,0.017667275081705312,0.05300182524511594,-0.20691747132150629,0.78,3.0,10.0
20,10,signal_shrinkage_max_diversification_blend_0.25,drawdown_budget_78_m3,,1.0,2022,2022-08-23,-0.0995697888869098,0.04948739206357124,0.6693475077705343,-0.320192038574587,-0.0448064049991094,7.908500229910242e-05,0.0,-0.003873755172107342,-0.035979742429687,-0.0095138427719923,-0.0293027011083202,-0.2388116549327687,-0.1814939195873097,0.07908500229911188,risk_off,True,0.0721940576433301,"CRDO,DOCN,GH,HOOD,NU,POET,RCL,RGTI,RVMD,WULF",shrinkage_max_diversification,0.25,-0.0454935852016794,0.45,0.10997198236349164,0.9505126079364288,BIL,0.0011917559020964141,0.001132779010525294,0.0035144331815447627,3.5144331815447626e-06,0.9197923150389544,0.9162292648013077,1.1597687274382353,0.9046196074018236,0.016495797354523747,0.04948739206357124,-0.20998967886888253,0.78,3.0,10.0
20,10,signal_shrinkage_max_diversification_blend_0.25,drawdown_budget_78_m3,,1.0,2022,2022-09-07,-0.0729552307441372,0.03801338107881269,0.6543561685674057,-0.351118939988474,-0.0328298538348617,6.495704658436973e-05,0.0,-0.0021018725051155135,-0.0414146579002377,0.0079516752739662,-0.0148263865711644,-0.0309212401046468,0.0578372612325005,0.06495704658437046,risk_off,True,0.0752475327317337,"CDE,CELH,ILMN,NU,OKTA,POET,QXO,RGTI,RKLB,SNOW",shrinkage_max_diversification,0.25,-0.0334629826262714,0.45,0.08447418017513932,0.9619866189211873,BIL,0.0007654571435351532,0.000736359529438452,0.011474010984758531,1.1474010984758532e-05,0.9162292648013077,0.9143034677012397,1.1597687274382353,0.9046196074018236,0.012671127026270896,0.03801338107881269,-0.21165017984162549,0.78,3.0,10.0
20,10,signal_shrinkage_max_diversification_blend_0.25,drawdown_budget_78_m3,,1.0,2022,2022-09-21,0.0822087077279784,0.03177454961566591,0.655515504477593,-0.3728324356261562,0.0369939184775903,5.3650693666684175e-05,0.0,0.003457974183391146,0.0071051015697038,0.0292173569422958,0.0331251628056329,0.0964333165776454,-0.1934657784468934,0.05365069366668764,risk_off,True,0.0724351924626667,"CDE,HUT,NVTS,OKTA,QBTS,RGTI,RIOT,ROKU,SNOW,ZS",shrinkage_max_diversification,0.25,0.0363224585119996,0.45,0.07061011025703536,0.968225450384334,BIL,0.0009289987307794512,0.0008994802145154088,0.006238831463146743,6.238831463146743e-06,0.9143034677012397,0.9174651054883356,1.1597687274382353,0.9046196074018236,0.010591516538555305,0.03177454961566591,-0.20892408651603678,0.78,3.0,10.0
20,10,signal_shrinkage_max_diversification_blend_0.25,drawdown_budget_78_m3,,1.0,2022,2022-10-05,-0.1571735318535096,0.042003226094385816,0.6648264448079272,-0.3500521677891154,-0.0707280893340793,7.947274544919903e-05,0.0,-0.006052729822040914,-0.0415359531202562,-0.0299339799704598,-0.0527787541866007,-0.2356242483006325,-0.2044538134997286,0.07947274544920559,risk_off,True,0.0723674951648936,"AFRM,CIFR,CVNA,HUT,IREN,PATH,RGTI,RIOT,SITM,VRT",shrinkage_max_diversification,0.25,-0.071469933090716,0.45,0.09334050243196848,0.9579967739056142,BIL,0.0006560964869870567,0.0006285383179044071,0.010228676478719834,1.0228676478719834e-05,0.9174651054883356,0.9119119370836644,1.1597687274382353,0.9046196074018236,0.014001075364795272,0.042003226094385816,-0.21371225528907944,0.78,3.0,10.0
20,10,signal_shrinkage_max_diversification_blend_0.25,drawdown_budget_78_m3,,1.0,2022,2022-10-19,-0.01132543311247,0.023990243088039813,0.6501007005420011,-0.3965038958696832,-0.0050964449006115,4.1497570093201744e-05,0.0,0.0009462503987747448,0.041191466115838,-0.0467284261104527,-0.0240731197467418,-0.1241322625503775,0.0469671037140006,0.04149757009320691,risk_off,True,0.069339786658455,"AA,AFRM,ASTS,CLSK,CVNA,IREN,RGTI,SITM,W,XYZ",shrinkage_max_diversification,0.25,-0.0055369599946147,0.45,0.05331165130675514,0.9760097569119602,BIL,0.0012904049917474847,0.0012594478623134426,0.018012983006346017,1.8012983006346017e-05,0.9119119370836644,0.9127748341177772,1.1597687274382353,0.9046196074018236,0.007996747696013272,0.023990243088039813,-0.2129682301970951,0.78,3.0,10.0
20,10,signal_shrinkage_max_diversification_blend_0.25,drawdown_budget_78_m3,,1.0,2022,2022-11-02,-0.0753385486133685,0.02680363133752208,0.6128788794658336,-0.3998454296551585,-0.0339023468760158,3.6157608840690123e-05,0.0,-0.0006717788945902176,0.0559835106855999,-0.0904456660098478,-0.0596547351327679,0.1863702258172374,0.071805706496273,0.03615760884069261,risk_off,True,0.0751910642134122,"AFRM,ASTS,CIFR,CLSK,HUT,JOBY,QBTS,RBLX,RGTI,W",shrinkage_max_diversification,0.25,-0.0344621553242479,0.45,0.059563625194493514,0.9731963686624779,BIL,0.0014218357582744812,0.001383725396787186,0.002813388249482296,2.813388249482296e-06,0.9127748341177772,0.9121616512487037,1.1597687274382353,0.9046196074018236,0.008934543779174027,0.02680363133752208,-0.21349694152942067,0.78,3.0,10.0
20,10,signal_shrinkage_max_diversification_blend_0.25,drawdown_budget_78_m3,,1.0,2022,2022-11-16,-0.0671218960834395,0.024804958101084913,0.6132453849734546,-0.4205280496769399,-0.0302048532375477,2.399868802087777e-05,0.0,-0.0001970212926854255,0.0263508646068226,-0.0569548318687785,-0.0424618563350261,-0.162185035991434,-0.3051742595480884,0.023998688020880454,risk_off,True,0.0784840107416167,"ASTS,CIFR,CVNA,DKNG,GH,IREN,NET,QBTS,RGTI,W",shrinkage_max_diversification,0.25,-0.0306039672619559,0.45,0.05512212911352203,0.975195041898915,BIL,0.0015298818710618445,0.001491933215350546,0.0019986732364370985,1.9986732364370986e-06,0.9121616512487037,0.9119819359810367,1.1597687274382353,0.9046196074018236,0.008268319367028305,0.024804958101084913,-0.21365189937870155,0.78,3.0,10.0
20,10,signal_shrinkage_max_diversification_blend_0.25,drawdown_budget_78_m3,,1.0,2022,2022-12-01,-0.1423768393158465,0.02421866581587502,0.614806368012045,-0.4382621902738486,-0.0640695776921309,2.4232968895024224e-05,0.0,-0.00176432055024714,-0.0527441971825413,-0.011764752544173,-0.0407740609945708,-0.3301862377033458,-0.4089305370924966,0.024232968895028316,risk_off,True,0.07920002484052,"AFRM,CVNA,DKNG,GH,IREN,MKSI,NET,RGTI,TWLO,WULF",shrinkage_max_diversification,0.25,-0.0645089497267144,0.45,0.05381925736861116,0.9757813341841249,BIL,0.0017504838944137902,0.0017080895099589111,0.0005862922852098995,5.862922852098995e-07,0.9119819359810367,0.9103729075099313,1.1597687274382353,0.9046196074018236,0.008072888605291673,0.02421866581587502,-0.21503926949227548,0.78,3.0,10.0
20,10,signal_shrinkage_max_diversification_blend_0.25,drawdown_budget_78_m3,,1.0,2022,2022-12-15,-0.0876783971990479,0.01895915419048741,0.6253675857253085,-0.4744993064010675,-0.0394552787395715,3.769046840082563e-05,0.0,-7.792567958347375e-05,-0.0165313118139395,-0.0236937233399909,-0.0327859448376577,-0.2245339101138281,0.3427091273277429,0.03769046840082948,risk_off,True,0.0693103555401459,"CLSK,COIN,CVNA,MARA,MSTR,NET,RBLX,RIOT,W,WULF",shrinkage_max_diversification,0.25,-0.0402250351539305,0.45,0.04213145375663869,0.9810408458095126,BIL,0.0016534204945874986,0.0016220730404889023,0.005259511625387625,5.259511625387625e-06,0.9103729075099313,0.9103019660824392,1.1597687274382353,0.9046196074018236,0.006319718063495803,0.01895915419048741,-0.2151004380906466,0.78,3.0,10.0
20,10,signal_shrinkage_max_diversification_blend_0.25,drawdown_budget_78_m3,,1.0,2022,2022-12-30,0.2410144348318045,0.01872683645319407,0.6312986345902913,-0.4956375902744995,0.108456495674312,2.5132199507208754e-05,0.0,0.004595586021783484,0.0883539124863704,0.0195042468472325,0.0680988987147362,0.4494854256198051,0.4761072683525764,0.025132199507209088,risk_off,True,0.0720151782887455,"APLD,ASTS,CLSK,COIN,CVNA,IREN,MRNA,QBTS,RBLX,WULF",shrinkage_max_diversification,0.25,0.1078581593336029,0.45,0.04161519211820904,0.9812731635468059,BIL,0.00010932767889904049,0.00010728031733649084,0.0002323177372933749,2.323177372933749e-07,0.9103019660824392,0.9144853370733697,1.1597687274382353,0.9046196074018236,0.006242278817731356,0.01872683645319407,-0.211493364635432,0.78,3.0,10.0
20,10,signal_shrinkage_max_diversification_blend_0.25,drawdown_budget_78_m3,,1.0,2023,2023-01-03,0.2063859318242115,0.03236485902481306,0.6611065672237777,-0.4412379891244464,0.0928736693208951,4.6002881596432e-05,0.0,0.00779720384163943,0.0733106877775073,0.0191129815433877,0.0594338598210168,0.4992035120792665,0.5623883157183059,0.046002881596432,risk_off,True,0.0716397303135254,"APLD,ASTS,CLSK,CVNA,IREN,MDB,QBTS,RBLX,RDW,WULF",shrinkage_max_diversification,0.25,0.0924236693208951,0.45,0.07192190894402901,0.967635140975187,BIL,0.0012024730043060927,0.0011635551350405826,0.013638022571618946,1.3638022571618947e-05,0.9144853370733697,0.921615765656721,1.1597687274382353,0.9046196074018236,0.010788286341604352,0.03236485902481306,-0.20534521766900926,0.78,3.0,10.0
20,10,signal_shrinkage_max_diversification_blend_0.25,drawdown_budget_78_m3,,1.0,2023,2023-01-18,0.1252319855268144,0.05532508954896091,0.692879388889667,-0.3895951538022059,0.0563543934870664,9.302831931721962e-05,0.0,0.00834147133092089,0.0618947278572444,-0.0061102501211317,0.0279318502003526,0.3463795251490087,0.30199755191069,0.09302831931722838,risk_off,True,0.0686580246782758,"ASTS,CIFR,CLSK,CVNA,GH,IONQ,MARA,POET,RDW,RGTI",shrinkage_max_diversification,0.25,0.0557844777361126,0.45,0.12294464344213536,0.9446749104510391,BIL,0.0015942297396824845,0.0015060288365729344,0.022960230524147862,2.2960230524147863e-05,0.921615765656721,0.9293033971440713,1.1597687274382353,0.9046196074018236,0.018441696516320303,0.05532508954896091,-0.19871662758421615,0.78,3.0,10.0
20,10,signal_shrinkage_max_diversification_blend_0.25,drawdown_budget_78_m3,,1.0,2023,2023-02-01,0.0908303111388147,0.07968481494237221,0.6938827974922206,-0.3555440382494699,0.0408736400124666,9.387540379511329e-05,0.0,0.00875468117346023,0.0099988888073997,0.0304821788523119,0.0359815676963817,0.0615089920387241,-0.042887287702692,0.09387540379512528,risk_off,True,0.0769374084692121,"CIFR,CVNA,MARA,POET,RDW,RGTI,RIVN,RVMD,TE,WULF",shrinkage_max_diversification,0.25,0.0404810676597116,0.45,0.17707736653860492,0.9203151850576278,BIL,0.001750226519298348,0.0016107600430008268,0.024359725393411358,2.435972539341136e-05,0.9293033971440713,0.9374391520994811,1.1597687274382353,0.9046196074018236,0.02656160498079074,0.07968481494237221,-0.19170164712912086,0.78,3.0,10.0
20,10,signal_shrinkage_max_diversification_blend_0.25,drawdown_budget_78_m3,,1.0,2023,2023-02-15,-0.1481254189047504,0.10502935990295005,0.6888526292170111,-0.3294557728581421,-0.0666564385071376,0.00011971563316716264,0.0,-0.01386799737382798,-0.0385830442559211,-0.0284777287128586,-0.0496984030536152,-0.1933170553287949,-0.0815554427828261,0.11971563316717974,risk_off,True,0.0809999999999999,"CIFR,CVNA,HUT,IREN,MARA,POET,QBTS,RDW,RIOT,RIVN",shrinkage_max_diversification,0.25,-0.0670607729687797,0.45,0.23339857756211121,0.89497064009705,BIL,0.0020215592682071293,0.0018092361922614584,0.02534454496057781,2.5344544960577807e-05,0.9374391520994811,0.924438748400042,1.1597687274382353,0.9046196074018236,0.035009786634316684,0.10502935990295005,-0.20291112656400367,0.78,3.0,10.0
20,10,signal_shrinkage_max_diversification_blend_0.25,drawdown_budget_78_m3,,1.0,2023,2023-03-02,-0.0803739120470572,0.06431732020921928,0.6979823706492545,-0.3744229870400282,-0.0361682604211757,0.00012415239868855102,0.0,-0.0031457252395728098,-0.0353427268897586,-0.0014093290226709,-0.0208478288120382,0.1001783524201594,0.0634214391019098,0.12415239868856263,risk_off,True,0.0697663710328105,"CIFR,CRDO,GH,IONQ,PLTR,QBTS,RBLX,RDW,RIOT,TE",shrinkage_max_diversification,0.25,-0.0367520559124296,0.45,0.1429273782427095,0.9356826797907807,BIL,0.0022955023568398403,0.002147861796713955,0.04071203969373072,4.0712039693730717e-05,0.924438748400042,0.9215307180967609,1.1597687274382353,0.9046196074018236,0.021439106736406425,0.06431732020921928,-0.20541854915135405,0.78,3.0,10.0
20,10,signal_shrinkage_max_diversification_blend_0.25,drawdown_budget_78_m3,,1.0,2023,2023-03-16,0.1252812528701943,0.0550533271311798,0.6888836311291403,-0.3974142283978636,0.0563765637915874,0.00010209513352042324,0.0,0.008237644162789999,0.0257094455041746,0.0299083264872453,0.0440485215145414,0.0316264513237547,-0.0925064183384773,0.10209513352042836,risk_off,True,0.0757726691190086,"CIFR,HUT,JOBY,MSTR,POET,RIOT,RVMD,SHOP,TE,WULF",shrinkage_max_diversification,0.25,0.05561777199142,0.45,0.12234072695817734,0.9449466728688202,BIL,0.0015266358833392335,0.0014425894986435609,0.00926399307803949,9.263993078039489e-06,0.9215307180967609,0.9291219602375224,1.1597687274382353,0.9046196074018236,0.0183511090437266,0.0550533271311798,-0.19887306990090947,0.78,3.0,10.0
20,10,signal_shrinkage_max_diversification_blend_0.25,drawdown_budget_78_m3,,1.0,2023,2023-03-30,0.2259413543744624,0.07911454217302635,0.7002646532179256,-0.3638997503476222,0.101673609468508,0.00014423541374635395,0.0,0.019362726054426915,0.0196548125734808,0.0813352513933827,0.0921453983087972,-0.1001511774626422,-0.1110202153869018,0.14423541374636892,risk_off,False,0.0585153356065378,"CIFR,CLSK,COIN,CVNA,HUT,LUNR,MSTR,QBTS,W,WULF",shrinkage_max_diversification,0.25,0.1009900639668636,0.45,0.17581009371783635,0.9208854578269736,BIL,0.0017718975199527698,0.0016317146588841855,0.02406121504184655,2.4061215041846552e-05,0.9291219602375224,0.9471122942247536,1.1597687274382353,0.9046196074018236,0.026371514057675453,0.07911454217302635,-0.1833610686185767,0.78,3.0,10.0
20,10,signal_shrinkage_max_diversification_blend_0.25,drawdown_budget_78_m3,,1.0,2023,2023-04-14,-0.0883729729611614,0.13459656394085318,0.7341031524241829,-0.2996599454458906,-0.0397678378325226,0.00016080379190274268,0.0,-0.010638701741560803,-0.0076557768901477,-0.0324641858048011,-0.0366748630943823,-0.1785669746451389,-0.1848345331965353,0.16080379190275157,risk_off,False,0.0790780676628023,"AFRM,CIFR,COIN,CRDO,CVNA,HUT,MSTR,QBTS,RGTI,W",shrinkage_max_diversification,0.25,-0.0401199626949488,0.45,0.29910347542411814,0.8654034360591468,BIL,0.0016371561483554675,0.0014168005561521798,0.055482021767826795,5.5482021767826794e-05,0.9471122942247536,0.9370362490107311,1.1597687274382353,0.9046196074018236,0.04486552131361772,0.13459656394085318,-0.1920490466400906,0.78,3.0,10.0
20,10,signal_shrinkage_max_diversification_blend_0.25,drawdown_budget_78_m3,,1.0,2023,2023-04-28,-0.0569417971334072,0.10378459203621368,0.7231949465447235,-0.3277575623083799,-0.0256238087100332,0.000165445523802275,0.0,-0.004575299954687032,-0.0066914287223138,-0.0195161381079305,-0.0231964239052031,-0.1327021635285025,0.2263838050585543,0.16544552380228217,risk_off,False,0.0683372680545341,"AAOI,CIFR,CLSK,HUT,IREN,LUNR,MARA,MSTR,ONDS,QBTS",shrinkage_max_diversification,0.25,-0.0262075668302444,0.45,0.23063242674714152,0.8962154079637863,BIL,0.0016735114583918964,0.0014998267544147645,0.030811971904639468,3.0811971904639465e-05,0.9370362490107311,0.9327490271030922,1.1597687274382353,0.9046196074018236,0.03459486401207123,0.10378459203621368,-0.19574566460038767,0.78,3.0,10.0
20,10,signal_shrinkage_max_diversification_blend_0.25,drawdown_budget_78_m3,,1.0,2023,2023-05-12,0.5736935882560485,0.09047263159940959,0.648228714222049,-0.3453754009203095,0.2581621147152219,0.0001208946564905842,0.0,0.05337153772457333,0.0377097526605543,0.2199172586497112,0.2406576226130161,0.4125100005699442,0.4423233674214998,0.12089465649058638,risk_off,False,0.0538397264342248,"AFRM,ASTS,CLSK,LUNR,NVTS,ONDS,PLTR,QBTS,RGTI,ZS",shrinkage_max_diversification,0.25,0.2576270113102655,0.45,0.2010502924431324,0.9095273684005905,BIL,0.0017469113905006495,0.001588863719831072,0.01331196043680416,1.331196043680416e-05,0.9327490271030922,0.982531276990684,1.1597687274382353,0.9046196074018236,0.030157543866469863,0.09047263159940959,-0.15282137399845552,0.78,3.0,10.0
20,10,signal_shrinkage_max_diversification_blend_0.25,drawdown_budget_78_m3,,1.0,2023,2023-05-26,0.1996991221236147,0.2378906547203967,0.912573324181529,-0.176726421929228,0.0898646049556266,0.00037799316574166873,0.0,0.0487208565394922,0.0479737650817646,0.0414546780822133,0.0678402488771839,0.2405144012180105,0.1509545563825332,0.377993165741673,risk_off,False,0.0558339850686401,"AFRM,APLD,ASTS,CLSK,COIN,CVNA,LUNR,QBTS,RGTI,SITM",shrinkage_max_diversification,0.25,0.089428443163978,0.45,0.5286458993786594,0.7621093452796033,BIL,0.0020893259031937728,0.001592294796158722,0.14741802312098717,0.00014741802312098718,0.982531276990684,1.0304010423825112,1.1597687274382353,0.9046196074018236,0.0792968849067989,0.2378906547203967,-0.11154610569771017,0.78,3.0,10.0
20,10,signal_shrinkage_max_diversification_blend_0.25,drawdown_budget_78_m3,,1.0,2023,2023-06-12,0.0375224201546125,0.3662111055997777,0.918392365268511,-0.1031023475443212,0.0168850890695756,0.0005457859652117415,0.0,0.014510499431156362,0.0163893761754235,-1.72684943885483e-05,0.0089968884020944,-0.0500133234012145,0.1537125389343581,0.5457859652117731,risk_off,False,0.0581465436505572,"AFRM,APLD,CIFR,CVNA,IONQ,IREN,MARA,NVTS,QBTS,RGTI",shrinkage_max_diversification,0.25,0.016372107681035,0.45,0.8138024568883949,0.6337888944002223,BIL,0.0020750733223444673,0.0013151584267680962,0.12832045087938093,0.00012832045087938094,1.0304010423825112,1.0453526761218657,1.1597687274382353,0.9046196074018236,0.12207036853325924,0.3662111055997777,-0.09865419596982794,0.78,3.0,10.0
20,10,signal_shrinkage_max_diversification_blend_0.25,drawdown_budget_78_m3,,1.0,2023,2023-06-27,0.2540739890238527,0.4038820732983965,0.9080264676058094,-0.0884182425994494,0.1143332950607337,0.00046221438537324494,0.0,0.10341094772814068,0.0504773019498989,0.0633829725174884,0.0911454885899328,0.2514985954615626,0.1588566093783378,0.4622143853732473,risk_off,False,0.0684125934823971,"AFRM,CIFR,CVNA,IONQ,LUNR,ONDS,POET,QBTS,RGTI,RIOT",shrinkage_max_diversification,0.25,0.1138602744673873,0.45,0.8975157184408811,0.5961179267016035,BIL,0.0021090334630979868,0.0012572326553662745,0.037670967698618885,3.7670967698618886e-05,1.0453526761218657,1.1534535870697757,1.1597687274382353,0.9046196074018236,0.13462735776613216,0.4038820732983965,-0.005445172144285082,0.78,3.0,10.0
20,10,signal_shrinkage_max_diversification_blend_0.25,drawdown_budget_78_m3,,1.0,2023,2023-07-12,-0.0089734020965,0.45,0.9362549571829388,0.0,-0.004038030943425,0.0006720166923626034,0.0,-0.0037488622732804035,0.0172829962893976,-0.0219469259984837,-0.012441278039315,-0.0240007450635721,-0.1423622517545356,0.6720166923626817,risk_off,True,0.0724999039453065,"CIFR,COHR,IONQ,IREN,JOBY,MARA,ONDS,RIOT,TE,WULF",shrinkage_max_diversification,0.25,-0.004663929709086,0.45,1.0,0.55,BIL,0.0017476097500130905,0.0009611853625071999,0.04611792670160342,4.611792670160342e-05,1.1534535870697757,1.14912944843323,1.1597687274382353,0.9046196074018236,0.21572951218617128,0.6471885365585138,-0.009173621217142158,0.78,3.0,10.0
20,10,signal_shrinkage_max_diversification_blend_0.25,drawdown_budget_78_m3,,1.0,2023,2023-07-26,-0.0813334773327807,0.45,0.9052970433866028,-0.0046639297090862,-0.0366000647997513,0.0004932052336385,0.0,-0.03592704561184315,-0.0205261877550626,-0.0165670822783273,-0.0278564855436117,-0.171658060869025,-0.1373640491000614,0.4932052336385736,risk_off,True,0.0705429190578765,"HUT,IONQ,IREN,LUNR,MARA,ONDS,RGTI,RIOT,TE,TOST",shrinkage_max_diversification,0.25,-0.0370932700333899,0.45,1.0,0.55,BIL,0.002120408039175903,0.0011662244215467467,0.0,0.0,1.14912944843323,1.1078446223254572,1.1597687274382353,0.9046196074018236,0.2127783265538805,0.6383349796616414,-0.04477108572109123,0.78,3.0,10.0
20,10,signal_shrinkage_max_diversification_blend_0.25,drawdown_budget_78_m3,,1.0,2023,2023-08-09,-0.0927183342763676,0.45,0.9165333304985178,-0.0415841993383603,-0.0417232504243654,0.0006114999260846,0.0,-0.04119306300983791,-0.0205564670553931,-0.0217782832950569,-0.0330843401755231,0.0409923546278573,0.0199031312132467,0.6114999260846827,risk_off,True,0.0605832720984664,"AAOI,AFRM,ANET,LUNR,MARA,NTRA,QBTS,SOFI,TEAM,TOST",shrinkage_max_diversification,0.25,-0.0423347503504501,0.45,1.0,0.55,BIL,0.0020757951647494277,0.0011416873406121853,0.0,0.0,1.1078446223254572,1.0622091089928944,1.1597687274382353,0.9046196074018236,0.18344180296425286,0.5503254088927586,-0.08411989057580149,0.78,3.0,10.0
20,10,signal_shrinkage_max_diversification_blend_0.25,drawdown_budget_78_m3,,1.0,2023,2023-08-23,-0.0283331344153794,0.4450804467506927,0.9201915805118464,-0.0821584929912976,-0.0127499104869207,0.0006962996071982462,0.0,-0.01194312604880552,0.0046571870469025,-0.0181061195343366,-0.0155446666585402,-0.0875049791861972,-0.2085841174006419,0.6962996071982698,risk_off,True,0.081,"AAOI,ASTS,COHR,DDOG,IONQ,MXL,QBTS,ROKU,SMCI,SOFI",shrinkage_max_diversification,0.25,-0.013448932487434,0.45,0.9890676594459837,0.5549195532493073,BIL,0.0024574691481893396,0.001363697681837184,0.0049195532493072625,4.9195532493072625e-06,1.0622091089928944,1.0495230117140029,1.1597687274382353,0.9046196074018236,0.14836014891689756,0.4450804467506927,-0.09505836216824848,0.78,3.0,10.0
20,10,signal_shrinkage_max_diversification_blend_0.25,drawdown_budget_78_m3,,1.0,2023,2023-09-07,-0.0836150273136959,0.4141978861679284,0.9140221205286396,-0.0945024814532223,-0.0376267622911631,0.0008032627100448517,0.0,-0.034284557400677595,-0.0378473474051735,-0.0006185574283952,-0.0214345985012406,-0.2056052377863402,-0.1353845446976586,0.80326271004494,risk_off,True,0.0696479078641002,"APP,BB,CLSK,COIN,FN,IONQ,IREN,MARA,RBLX,RGTI",shrinkage_max_diversification,0.25,-0.0384659048335687,0.45,0.9204397470398409,0.5858021138320716,BIL,0.001966317374716642,0.0011518728745737385,0.030882560582764285,3.0882560582764284e-05,1.0495230117140029,1.0135405797755621,1.1597687274382353,0.9046196074018236,0.13806596205597613,0.4141978861679284,-0.12608388569475437,0.78,3.0,10.0
20,10,signal_shrinkage_max_diversification_blend_0.25,drawdown_budget_78_m3,,1.0,2023,2023-09-21,-0.0828350176069819,0.32239746847982526,0.8987434029197237,-0.1293332628286755,-0.0372757579231418,0.00042652457371059635,0.0,-0.025622059968635855,-0.0272844028883131,-0.0104585605340542,-0.0254649821226264,0.0335124407745897,-0.1919746149535955,0.42652457371065755,risk_off,True,0.0794877513551918,"BB,CLSK,COIN,IREN,LUNR,MARA,QBTS,RBLX,RIOT,WULF",shrinkage_max_diversification,0.25,-0.0377429634223673,0.45,0.7164388188440561,0.6776025315201748,BIL,0.002228835508715221,0.0015102645830474906,0.09180041768810321,9.18004176881032e-05,1.0135405797755621,0.9875715822599067,1.1597687274382353,0.9046196074018236,0.10746582282660842,0.32239746847982526,-0.14847541678304066,0.78,3.0,10.0
20,10,signal_shrinkage_max_diversification_blend_0.25,drawdown_budget_78_m3,,1.0,2023,2023-10-05,0.0091884183351098,0.2519877333902021,0.8976596161581686,-0.1621948056428047,0.0041347882507994,0.000517870384177136,0.0,0.003105418668235657,-0.0001932257964155,0.0035289382772147,0.0034226640891861,-0.1338990867852401,-0.007325497252038,0.5178703841771529,risk_off,True,0.0696105528881126,"APLD,CDE,CIFR,COHR,IONQ,QBTS,RDW,RIOT,RIVN,WBD",shrinkage_max_diversification,0.25,0.0033357124807992,0.45,0.5599727408671157,0.7480122666097979,BIL,0.001748527933419286,0.001307920342707506,0.07040973508962312,7.040973508962312e-05,0.9875715822599067,0.9906384054876756,1.1597687274382353,0.9046196074018236,0.08399591113006737,0.2519877333902021,-0.14583107644585713,0.78,3.0,10.0
20,10,signal_shrinkage_max_diversification_blend_0.25,drawdown_budget_78_m3,,1.0,2023,2023-10-19,0.070982816432951,0.260495043224696,0.8752896482678684,-0.1594001283995091,0.0319422673948279,0.000340984767553991,0.0,0.01966764996002567,0.0119696654941191,0.0193982537130363,0.0259815697348018,0.0911818576674468,0.1486167369601354,0.34098476755400164,risk_off,True,0.0651276175989245,"AAOI,APLD,CIFR,GH,IONQ,ONDS,RGTI,RIOT,RIVN,SMR",shrinkage_max_diversification,0.25,0.0313679192071554,0.45,0.5788778738326578,0.739504956775304,BIL,0.0020526743989475182,0.0015179628926674576,0.008507309834493881,8.507309834493882e-06,0.9906384054876756,1.0101219348837651,1.1597687274382353,0.9046196074018236,0.08683168107489868,0.260495043224696,-0.12903158105066237,0.78,3.0,10.0
20,10,signal_shrinkage_max_diversification_blend_0.25,drawdown_budget_78_m3,,1.0,2023,2023-11-02,0.0538807239874614,0.31333542171049394,0.8571995427671766,-0.1330322595415995,0.0242463257943576,0.00045900792163700374,0.0,0.017850120684952505,0.0403035317175691,-0.0166405277622179,0.005526414682445,0.1872769890283243,0.280994800813071,0.4590079216370151,risk_off,True,0.0793698155102379,"AAOI,APLD,BE,IREN,ONDS,POET,QBTS,RGTI,RVMD,WULF",shrinkage_max_diversification,0.25,0.0236630039553511,0.45,0.696300937134431,0.686664578289506,BIL,0.002077272192290369,0.001426389233911584,0.052840378485798034,5.284037848579804e-05,1.0101219348837651,1.0281527333279579,1.1597687274382353,0.9046196074018236,0.10444514057016464,0.31333542171049394,-0.11348468965963454,0.78,3.0,10.0
20,10,signal_shrinkage_max_diversification_blend_0.25,drawdown_budget_78_m3,,1.0,2023,2023-11-16,0.1941122655686349,0.36045167781525506,0.8524059566643646,-0.1125171984699706,0.1455841991764762,0.0003613042831384053,0.0,0.07099586696578246,0.0584144813180132,0.086515979688333,0.1011196000178363,0.2790382522483337,0.3325856613832645,0.3613042831384155,neutral,True,0.135,"BE,CVNA,IREN,ONDS,POET,QBTS,SMR,TE,WBD,WULF",shrinkage_max_diversification,0.25,0.1449304610063462,0.75,0.4806022370870067,0.6395483221847449,BIL,0.002171969485340597,0.0013890794401860427,0.04711625610476111,4.711625610476111e-05,1.0281527333279579,1.101147328003815,1.1597687274382353,0.9046196074018236,0.12015055927175168,0.36045167781525506,-0.05054576662358068,0.78,3.0,10.0
20,10,signal_shrinkage_max_diversification_blend_0.25,drawdown_budget_78_m3,,1.0,2023,2023-12-01,0.0846814837217034,0.5354262293627723,0.8676040840222433,0.0,0.0635111127912775,0.0005891704691403498,0.0,0.04571696051700076,0.0489312297816856,0.0139996967558023,0.0262325042012237,0.24459189417472,0.1629836436265317,0.5891704691403955,neutral,True,0.1277433165707568,"APLD,CVNA,HOOD,IONQ,ONDS,POET,RGTI,TE,WBD,WULF",shrinkage_max_diversification,0.25,0.062930926537488,0.75,0.7139016391503631,0.4645737706372277,BIL,0.0020781273528642785,0.0009654434601845185,0.17497455154751718,0.00017497455154751718,1.101147328003815,1.1514884369215663,1.1597687274382353,0.9046196074018236,0.17847540978759077,0.5354262293627723,-0.007139604923611764,0.78,3.0,10.0
20,10,signal_shrinkage_max_diversification_blend_0.25,drawdown_budget_78_m3,,1.0,2023,2023-12-15,0.2141204814179194,0.6431731876867077,0.8360017170979509,0.0,0.1605903610634396,0.0007855976876881143,0.0,0.1376781910597867,0.0118203189066931,0.1479796049047651,0.1509346846314384,0.0017931535983555,-0.2402426490604045,0.7855976876881412,neutral,True,0.0900000000524899,"APLD,CI,CIFR,HUT,ONDS,POET,QXO,RGTI,SMR,TE",shrinkage_max_diversification,0.25,0.1597999238114582,0.75,0.8575642502489437,0.3568268123132923,BIL,0.0020941143969952503,0.0007472361648991874,0.10774695832393544,0.00010774695832393543,1.1514884369215663,1.3100232819431887,1.3100232819431887,0.9046196074018236,0.21439106256223592,0.6431731876867077,0.0,0.78,3.0,10.0
20,10,signal_shrinkage_max_diversification_blend_0.25,drawdown_budget_78_m3,,1.0,2024,2024-01-02,-0.1124632964153397,0.6599999999999999,0.8351756965539759,0.0,-0.0843474723115048,0.0006768268123132921,0.0,-0.07412154492633295,-0.0293994676928985,-0.0556980046186062,-0.0630478715418309,-0.2765762211412924,-0.2669420236787642,0.6768268123132921,neutral,True,0.1196481298574746,"AXTI,CAVA,CDE,HUT,MP,RIVN,RKLB,SMR,TE,W",shrinkage_max_diversification,0.25,-0.0850974723115048,0.75,0.8799999999999999,0.3400000000000001,BIL,0.0022972280003075163,0.0007810575201045557,0.016826812313292194,1.6826812313292194e-05,1.3100232819431887,1.2129223323960945,1.3100232819431887,1.0218181599156873,0.21999999999999997,0.6599999999999999,-0.07412154492633294,0.78,3.0,10.0
20,10,signal_shrinkage_max_diversification_blend_0.25,drawdown_budget_78_m3,,1.0,2024,2024-01-17,0.1211309238395451,0.4726704275521572,0.8588709598649729,-0.0850974723115046,0.0908481928796589,0.0009396668760534481,0.0,0.05729399071137348,0.025098665846337,0.064555771416694,0.0708304378782783,-0.02391839720535,0.0475648925873879,0.9396668760534967,neutral,True,0.1001844147869727,"AFRM,CPNG,HUT,LUNR,MRNA,PL,POET,RGTI,RKLB,ROKU",shrinkage_max_diversification,0.25,0.0896544372630311,0.75,0.6302272367362096,0.5273295724478428,BIL,0.0018558641076367177,0.0009786520264013678,0.18732957244784276,0.00018732957244784276,1.2129223323960945,1.2824154932420138,1.3100232819431887,1.0218181599156873,0.1575568091840524,0.4726704275521572,-0.021074273321481485,0.78,3.0,10.0
20,10,signal_shrinkage_max_diversification_blend_0.25,drawdown_budget_78_m3,,1.0,2024,2024-01-31,0.1480160346850754,0.45,0.8405410936602652,-0.003072401041068,0.0666072156082839,0.0009777079184313572,0.0,0.06674905485387976,0.0470245874309523,0.0186275906864523,0.0444911137734761,-0.0037165930315859,-0.023169994672877,0.977707918431422,risk_off,True,0.075045298890113,"AAL,BB,CDE,CPNG,CVNA,KTOS,QBTS,RGTI,SMR,W",shrinkage_max_diversification,0.25,0.0656521781174046,0.45,1.0,0.55,BIL,0.0020355402982314974,0.0011195471640273237,0.022670427552157202,2.2670427552157203e-05,1.2824154932420138,1.3680155153458904,1.3680155153458904,1.0218181599156873,0.20320819165052564,0.609624574951577,0.0,0.78,3.0,10.0
20,10,signal_shrinkage_max_diversification_blend_0.25,drawdown_budget_78_m3,,1.0,2024,2024-02-14,-0.0930258677570899,0.45,0.827396859561549,0.0,-0.0418616404906904,0.0006495814944812,0.0,-0.04118971858788527,0.0262162826819388,-0.0687275046671105,-0.0543085491920441,-0.1375331289778919,-0.1217248458396199,0.6495814944812048,risk_off,True,0.0717645758920373,"AAOI,AFRM,CDE,HUT,KTOS,NVTS,RKLB,SMR,SOFI,TE",shrinkage_max_diversification,0.25,-0.0425112219851716,0.45,1.0,0.55,BIL,0.002402733449611505,0.0013215033972863279,0.0,0.0,1.3680155153458904,1.3116673412449324,1.3680155153458904,1.0670521019697945,0.22,0.66,-0.04118971858788523,0.78,3.0,10.0
20,10,signal_shrinkage_max_diversification_blend_0.25,drawdown_budget_78_m3,,1.0,2024,2024-02-29,-0.071776618044961,0.45,0.8357291497501725,-0.0425112219851717,-0.0322994781202324,0.0004797473378807,0.0,-0.031666208431904104,0.0143021977995018,-0.0470814232576151,-0.039215214467889,-0.0924161433703072,-0.0077986766390396,0.4797473378807675,risk_off,True,0.0525502822091573,"ASTS,CIFR,FN,HUT,KTOS,NCLH,NVTS,QXO,RKLB,TE",shrinkage_max_diversification,0.25,-0.0327792254581132,0.45,1.0,0.55,BIL,0.0020236673203801736,0.0011130170262090957,0.0,0.0,1.3116673412449324,1.2701318098237488,1.3680155153458904,1.0670521019697945,0.18649182729743674,0.5594754818923102,-0.07155160480573386,0.78,3.0,10.0
20,10,signal_shrinkage_max_diversification_blend_0.25,drawdown_budget_78_m3,,1.0,2024,2024-03-14,0.0291536374823615,0.45,0.5992308924911994,-0.073896962513333,0.0131191368670627,0.0007573962078882,0.0,0.013502427685988558,0.0381502531437385,-0.025788512484564,-0.0048058732555078,-0.0101035368162423,0.0046689023885694,0.7573962078882353,risk_off,True,0.0692004634024941,"ALB,APLD,CIEN,ECHO,MRNA,MRVL,NCLH,QBTS,RKLB,XYZ",shrinkage_max_diversification,0.25,0.0123617406591744,0.45,1.0,0.55,BIL,0.002073976412389378,0.001140687026814158,0.0,0.0,1.2701318098237488,1.2872816727375678,1.3680155153458904,1.0670521019697945,0.15988868736555376,0.4796660620966613,-0.059015297489451224,0.78,3.0,10.0
20,10,signal_shrinkage_max_diversification_blend_0.25,drawdown_budget_78_m3,,1.0,2024,2024-03-28,-0.1148622405376403,0.45,0.5674047673617777,-0.0624487169402491,-0.0516880082419381,0.0005313639768795,0.0,-0.051106137181231734,-0.0385648929890026,-0.013654479229815,-0.0348651703737664,-0.1106438426638464,-0.1482478751843166,0.5313639768795376,risk_off,True,0.0715057975600795,"AFRM,ALB,APLD,ECHO,GH,IONQ,MRVL,POET,RIVN,TE",shrinkage_max_diversification,0.25,-0.0522193722188177,0.45,1.0,0.55,BIL,0.0020240637047017618,0.001113235037585969,0.0,0.0,1.2872816727375678,1.2214936789797561,1.3680155153458904,1.0670521019697945,0.17108110480546745,0.5132433144164024,-0.10710539078139591,0.78,3.0,10.0
20,10,signal_shrinkage_max_diversification_blend_0.25,drawdown_budget_78_m3,,1.0,2024,2024-04-12,0.0160278496368515,0.3793099702463246,0.5894011695456439,-0.1114070563645762,0.0072125323365831,0.0006393387157899945,0.0,0.006660280650149839,0.0085393518065188,-0.0020014442591289,0.0026951992344564,-0.0644049248232406,-0.020633465281626,0.6393387157900042,risk_off,True,0.0684760292747339,"BB,CORZ,ECHO,GH,IREN,OKLO,ONDS,RDW,RIOT,TE",shrinkage_max_diversification,0.25,0.0065379075473898,0.45,0.8429110449918324,0.6206900297536754,BIL,0.0019657093534390935,0.0012200961970731889,0.07069002975367533,7.069002975367533e-05,1.2214936789797561,1.2296291696941455,1.3680155153458904,1.0670521019697945,0.12643665674877488,0.3793099702463246,-0.10115846209299395,0.78,3.0,10.0
20,10,signal_shrinkage_max_diversification_blend_0.25,drawdown_budget_78_m3,,1.0,2024,2024-04-26,-0.0312416835100369,0.3966490184145272,0.5208493590237835,-0.1055975178518248,-0.0140587575795166,0.0005295743601770256,0.0,-0.011681102059473552,0.0246491882132063,-0.0392890789348781,-0.0257320254176146,-0.0184294776680529,0.1215397696226951,0.5295743601770758,risk_off,True,0.072837477087263,"CLSK,COIN,GH,IONQ,IREN,MARA,OKLO,QXO,RIOT,TE",shrinkage_max_diversification,0.25,-0.0146398907216717,0.45,0.8814422631433938,0.6033509815854727,BIL,0.0020559432841515957,0.0012404553985769257,0.017339048168202642,1.7339048168202643e-05,1.2296291696941455,1.2152657458676424,1.3680155153458904,1.0670521019697945,0.13221633947150907,0.3966490184145272,-0.11165792183257994,0.78,3.0,10.0
20,10,signal_shrinkage_max_diversification_blend_0.25,drawdown_budget_78_m3,,1.0,2024,2024-05-10,0.1779667841660877,0.36587958905736373,0.5224413999797484,-0.1186914724516661,0.0800850528747394,0.00047241143968883,0.0,0.06609628445405615,0.0186195260911458,0.0609223456098056,0.0711630849599358,0.1721077300996046,0.107472188726658,0.47241143968886684,risk_off,True,0.0688185129217748,"APLD,AXTI,CLSK,CORZ,IONQ,IREN,MARA,QXO,RGTI,RIOT",shrinkage_max_diversification,0.25,0.0795418717009514,0.45,0.8130657534608082,0.6341204109426363,BIL,0.002293384682310551,0.0014542820371963138,0.030769429357163536,3.0769429357163534e-05,1.2152657458676424,1.2955902962937809,1.3680155153458904,1.0670521019697945,0.12195986301912123,0.36587958905736373,-0.052941811141518746,0.78,3.0,10.0
20,10,signal_shrinkage_max_diversification_blend_0.25,drawdown_budget_78_m3,,1.0,2024,2024-05-24,-0.0284370092303892,0.45,0.5446028869153567,-0.048590542624462,-0.0127966541536751,0.0008666321856330363,0.0,-0.012671234725126093,0.0031696447760444,-0.01674881070441,-0.0150055060775855,-0.047904180589764,-0.0900265214694501,0.8666321856330664,risk_off,True,0.0720056291164698,"AAOI,AXTI,CLSK,COIN,HUT,MARA,RIVN,SMCI,TSLA,W",shrinkage_max_diversification,0.25,-0.0135791659283655,0.45,1.0,0.55,BIL,0.0018037302076037154,0.0009920516141820436,0.08412041094263623,8.412041094263623e-05,1.2955902962937809,1.2791735675418467,1.3680155153458904,1.0670521019697945,0.17639696359084517,0.5291908907725356,-0.06494220775089732,0.78,3.0,10.0
20,10,signal_shrinkage_max_diversification_blend_0.25,drawdown_budget_78_m3,,1.0,2024,2024-06-10,0.0295927688049039,0.45,0.531513945041372,-0.0615098895119807,0.0133167459622067,0.000379203032482,0.0,0.014079346332074472,0.0068638571567,0.0060736857730247,0.0098488072092097,-0.0200813352875389,0.0770747350552484,0.3792030324820317,risk_off,True,0.0727291252108227,"AAOI,AXTI,CIFR,CLSK,COIN,HUT,MARA,OKLO,QBTS,SMCI",shrinkage_max_diversification,0.25,0.0129375429297247,0.45,1.0,0.55,BIL,0.0020760061860904955,0.0011418034023497727,0.0,0.0,1.2791735675418467,1.2971834952181038,1.3680155153458904,1.0670521019697945,0.16582696121502913,0.49748088364508736,-0.05177720525331708,0.78,3.0,10.0
20,10,signal_shrinkage_max_diversification_blend_0.25,drawdown_budget_78_m3,,1.0,2024,2024-06-25,0.0494895612529657,0.45,0.5279676975465362,-0.0493681334184199,0.0222703025638345,0.0005200223145254,0.0,0.022965129883231468,0.0176636421246817,0.0040866381246274,0.0138016412932023,0.1303914201489261,-0.0377064191262235,0.5200223145254156,risk_off,True,0.0610129986723613,"CIFR,CLSK,LUNR,NVTS,OKLO,PL,POET,QBTS,QXO,SMCI",shrinkage_max_diversification,0.25,0.0217502802493091,0.45,1.0,0.55,BIL,0.0022088175162224832,0.0012148496339223658,0.0,0.0,1.2971834952181038,1.3269734826681716,1.3680155153458904,1.0670521019697945,0.17740851166905716,0.5322255350071715,-0.030001145613718916,0.78,3.0,10.0
20,10,signal_shrinkage_max_diversification_blend_0.25,drawdown_budget_78_m3,,1.0,2024,2024-07-10,0.2731874788572287,0.45,0.5120384937057204,-0.0286916239063467,0.1229343654857529,0.0003193964463399,0.0,0.12375669222402082,0.0013282442513573,0.1212867247880555,0.1220172591263021,-0.138287296188814,-0.3512902681701079,0.3193964463399558,risk_off,True,0.0549878568964931,"AFRM,CIFR,CLSK,LUNR,OKLO,ONDS,QBTS,QXO,RGTI,SMCI",shrinkage_max_diversification,0.25,0.1226149690394129,0.45,1.0,0.55,BIL,0.00207586033565077,0.0011417231846079234,0.0,0.0,1.3269734826681716,1.4911953315521735,1.4911953315521735,1.0670521019697945,0.1958753389523264,0.5876260168569791,0.0,0.78,3.0,10.0
20,10,signal_shrinkage_max_diversification_blend_0.25,drawdown_budget_78_m3,,1.0,2024,2024-07-24,-0.1941206526177727,0.45,0.5588577332140265,0.0,-0.0873542936779977,0.0005126932527874,0.0,-0.08671267079984867,-0.0555301768079566,-0.0323368101228286,-0.0628784073672047,-0.4417931491833081,-0.0828651719982572,0.5126932527874961,risk_off,True,0.0712326887758371,"AAOI,CLSK,IONQ,LUNR,MSTR,OKLO,QBTS,RGTI,STRL,TE",shrinkage_max_diversification,0.25,-0.0878669869307852,0.45,1.0,0.55,BIL,0.002098756601702778,0.001154316130936528,0.0,0.0,1.4911953315521735,1.3618898016690186,1.4911953315521735,1.1631323586106954,0.21999999999999997,0.6599999999999999,-0.08671267079984879,0.78,3.0,10.0
20,10,signal_shrinkage_max_diversification_blend_0.25,drawdown_budget_78_m3,,1.0,2024,2024-08-07,0.1594380740299087,0.43782714904262293,0.6220492439719647,-0.0878669869307852,0.0717471333134589,0.0006715630540605324,0.0,0.07024059131662641,0.0927288804023281,-0.0216594702315415,0.0293414139897388,0.3782678166199033,0.0106107182248331,0.6715630540606282,risk_off,True,0.0683127534475883,"AAOI,CIFR,INTC,IREN,MSTR,MXL,QXO,RIOT,SMCI,TE",shrinkage_max_diversification,0.25,0.0710694101707865,0.45,0.9729492200947176,0.5621728509573771,BIL,0.001967076438220472,0.0011058369693254856,0.01217285095737708,1.217285095737708e-05,1.3618898016690186,1.4575497466463336,1.4911953315521735,1.1631323586106954,0.14594238301420764,0.43782714904262293,-0.022562828754847608,0.78,3.0,10.0
20,10,signal_shrinkage_max_diversification_blend_0.25,drawdown_budget_78_m3,,1.0,2024,2024-08-21,-0.0086890347884458,0.45,0.6355164193345124,-0.0230422316946538,-0.0039100656548006,0.0007681684539524771,0.0,-0.0035609244492584733,-0.0222573709206211,0.0175913096628253,0.0053497556564837,-0.4488088308285617,-0.0119559609790154,0.7681684539525074,risk_off,True,0.062197616152531,"AAOI,APLD,CORZ,MOD,MP,ONTO,QBTS,QXO,RDW,WULF",shrinkage_max_diversification,0.25,-0.0046660612577957,0.45,1.0,0.55,BIL,0.0020314721081720055,0.0011173096594946032,0.01217285095737708,1.217285095737708e-05,1.4575497466463336,1.45235952211749,1.4911953315521735,1.1631323586106954,0.20199474406486723,0.6059842321946016,-0.02604340867554855,0.78,3.0,10.0
20,10,signal_shrinkage_max_diversification_blend_0.25,drawdown_budget_78_m3,,1.0,2024,2024-09-05,0.0496804438559381,0.45,0.6382636086271724,-0.0276007764878459,0.0223561997351721,0.0003942064257998,0.0,0.023224372329810578,0.0507676579525406,-0.0288056646431682,-0.0008834527692709,0.3701839393890022,0.2767916870957506,0.3942064257998204,risk_off,True,0.0611182946947981,"APLD,AXTI,IREN,MXL,ONTO,QBTS,QXO,RDW,RGTI,WULF",shrinkage_max_diversification,0.25,0.0219619933093723,0.45,1.0,0.55,BIL,0.0022952345826150466,0.0012623790204382757,0.0,0.0,1.45235952211749,1.4860896604158926,1.4911953315521735,1.1631323586106954,0.1991429526245068,0.5974288578735204,-0.0034238781655562267,0.78,3.0,10.0
20,10,signal_shrinkage_max_diversification_blend_0.25,drawdown_budget_78_m3,,1.0,2024,2024-09-19,0.0230777070375356,0.6519605991636104,0.6127241497146365,-0.0062449512470331,0.0230777070375356,0.000935055949561619,0.0,0.014760585690442038,0.0043088166027636,0.0176444431118224,0.0176444431118224,-0.0282820504857404,0.1006642794890034,0.9350559495616588,risk_on,True,0.1600309712330823,"ALAB,FSLR,HUT,MSTR,MXL,ONTO,QXO,SMR,WBD,WULF",shrinkage_max_diversification,0.25,0.0219532597145861,1.0,0.6519605991636104,0.3480394008363896,BIL,0.0018672768971788045,0.0006498859324897438,0.20196059916361042,0.00020196059916361043,1.4860896604158926,1.5080252141921413,1.5080252141921413,1.1631323586106954,0.21732019972120345,0.6519605991636104,0.0,0.78,3.0,10.0
20,10,signal_shrinkage_max_diversification_blend_0.25,drawdown_budget_78_m3,,1.0,2024,2024-10-03,0.0843626893485761,0.6600000000000001,0.609980858866642,0.0,0.0843626893485761,0.00119080861817753,0.0,0.055045955604096246,0.0419188997044025,0.0406517150724445,0.0406517150724445,0.1188158580760792,0.0672702676114491,1.190808618177548,risk_on,True,0.1716392843061204,"ALB,AXTI,CLSK,HUT,IREN,JOBY,MARA,NVTS,SMCI,WULF",shrinkage_max_diversification,0.25,0.0825706147768471,1.0,0.6600000000000001,0.33999999999999986,BIL,0.0016393801535692365,0.0005573892522135401,0.008039400836389765,8.039400836389764e-06,1.5080252141921413,1.5910359031824197,1.5910359031824197,1.1762596670698702,0.22000000000000003,0.6600000000000001,0.0,0.78,3.0,10.0
20,10,signal_shrinkage_max_diversification_blend_0.25,drawdown_budget_78_m3,,1.0,2024,2024-10-17,-0.0542441975257472,0.6600000000000001,0.574927214060464,0.0,-0.0542441975257472,0.0005201499673411141,0.0,-0.03572759260151095,-0.0204989313255261,-0.034533372211344,-0.034533372211344,0.0027746586871388,0.0770389714017379,0.520149967341149,risk_on,True,0.1603730713558225,"ASTS,AXTI,HUT,IREN,JOBY,NVTS,QBTS,SMCI,TEM,WULF",shrinkage_max_diversification,0.25,-0.0550323035368701,1.0,0.6600000000000001,0.33999999999999986,BIL,0.0017462580377156645,0.0005937277328233256,0.0,0.0,1.5910359031824197,1.5341920206191413,1.5910359031824197,1.2410080044822873,0.22000000000000003,0.6600000000000001,-0.03572759260151093,0.78,3.0,10.0
20,10,signal_shrinkage_max_diversification_blend_0.25,drawdown_budget_78_m3,,1.0,2024,2024-10-31,0.2114701258615126,0.5732998455145193,0.5599399915624846,-0.0550323035368701,0.2114701258615126,0.0009357883615599112,0.0,0.1210418856825978,0.0623047032388557,0.1476843683127391,0.1476843683127391,0.0168512390448242,0.0375989425171425,0.9357883615599152,risk_on,True,0.1626857682825951,"AFRM,ASTS,CELH,COIN,IREN,MARA,NXT,QBTS,TEM,TSLA",shrinkage_max_diversification,0.25,0.2099890715515949,1.0,0.5732998455145193,0.4267001544854807,BIL,0.0017386531244900638,0.000741883556816574,0.08670015448548085,8.670015448548085e-05,1.5341920206191413,1.7198935157940773,1.7198935157940773,1.2410080044822873,0.19109994850483977,0.5732998455145193,0.0,0.78,3.0,10.0
20,10,signal_shrinkage_max_diversification_blend_0.25,drawdown_budget_78_m3,,1.0,2024,2024-11-14,0.2031787551364878,0.6599999999999997,0.5882829387710046,0.0,0.2031787551364878,0.000993440904800616,0.0,0.13377265982883593,0.0551275850817806,0.1466773204330174,0.1466773204330174,0.1836271129507579,0.199460602564739,0.9934409048006518,risk_on,True,0.1578547653881808,"ASTS,HIMS,IREN,JOBY,MXL,NXT,RIVN,SMCI,TEM,THC",shrinkage_max_diversification,0.25,0.2018049055147981,1.0,0.6599999999999997,0.3400000000000003,BIL,0.0019650657163374774,0.0006681223435547429,0.08670015448548041,8.67001544854804e-05,1.7198935157940773,1.9499682460242194,1.9499682460242194,1.3415169423193805,0.21999999999999992,0.6599999999999997,0.0,0.78,3.0,10.0
20,10,signal_shrinkage_max_diversification_blend_0.25,drawdown_budget_78_m3,,1.0,2024,2024-11-29,0.0293807642708845,0.6599999999999999,0.6056210709746825,0.0,0.0293807642708845,0.0008567757912724561,0.0,0.019259503419942085,-0.0126604887832258,0.0407431079158188,0.0407431079158188,0.12366425646468,0.0202536359310675,0.8567757912724692,risk_on,True,0.1599985900270801,"ASTS,ECHO,FN,MELI,MXL,RIVN,SMCI,TEM,VRT,W",shrinkage_max_diversification,0.25,0.0280826191325929,1.0,0.6599999999999999,0.3400000000000001,BIL,0.0021322788012669847,0.0007249747924307749,2.220446049250313e-16,2.220446049250313e-19,1.9499682460242194,1.9875236661273012,1.9875236661273012,1.5209752318988912,0.21999999999999997,0.6599999999999999,0.0,0.78,3.0,10.0
20,10,signal_shrinkage_max_diversification_blend_0.25,drawdown_budget_78_m3,,1.0,2024,2024-12-13,-0.0609050398211121,0.6599999999999999,0.586446863451684,0.0,-0.0609050398211121,0.001008031723043532,0.0,-0.04063554780988534,-0.0302117463700917,-0.0322206142435105,-0.0322206142435105,-0.1768170719991176,-0.0098509361130118,1.0080317230435376,risk_on,True,0.1647955827425893,"ASTS,AXTI,CIFR,MARA,MP,MRNA,POET,SMCI,VRT,WULF",shrinkage_max_diversification,0.25,-0.0624323606136023,1.0,0.6599999999999999,0.3400000000000001,BIL,0.0016759123385063912,0.0005698101950921731,0.0,0.0,1.9875236661273012,1.9067595531691068,1.9875236661273012,1.550268459579295,0.21999999999999997,0.6599999999999999,-0.04063554780988532,0.78,3.0,10.0
20,10,signal_shrinkage_max_diversification_blend_0.25,drawdown_budget_78_m3,,1.0,2024,2024-12-30,0.0707816187338502,0.5608852353679992,0.5837793595935007,-0.0624323606136024,0.0707816187338502,0.0010723065605273635,0.0,0.03882016814541846,0.0260949716366847,0.0429515474109401,0.0429515474109401,0.0835259621315879,0.0173087757275667,1.0723065605274062,risk_on,True,0.1558517280527543,"ASTS,AXTI,HOOD,MRVL,MU,ODFL,OKLO,RIVN,USAR,WBD",shrinkage_max_diversification,0.25,0.0690465190476249,1.0,0.5608852353679992,0.43911476463200083,BIL,0.0004374934257638241,0.00019210982268232936,0.09911476463200075,9.911476463200076e-05,1.9067595531691068,1.9807802796360148,1.9875236661273012,1.550268459579295,0.1869617451226664,0.5608852353679992,-0.003392858463127646,0.78,3.0,10.0
20,10,signal_shrinkage_max_diversification_blend_0.25,drawdown_budget_78_m3,,1.0,2025,2025-01-02,0.0635516874799627,0.6520336826089009,0.5844175529225195,0.0,0.0635516874799627,0.0007431821298498027,0.0,0.04137954643709123,0.0387643647404446,0.0237873227395181,0.0237873227395181,0.1162877723147159,-0.0208218612863439,0.7431821298498027,risk_on,True,0.1642021613274786,"ASTS,FTAI,HOOD,JOBY,MU,OKLO,RIOT,RIVN,STLD,USAR",shrinkage_max_diversification,0.25,0.0625516874799627,1.0,0.6520336826089009,0.34796631739109907,BIL,0.0019682587340807967,0.0006848877433709614,0.09114844724090176,9.114844724090176e-05,1.9807802796360148,2.062744069198888,2.062744069198888,1.550268459579295,0.21734456086963364,0.6520336826089009,0.0,0.78,3.0,10.0
20,10,signal_shrinkage_max_diversification_blend_0.25,drawdown_budget_78_m3,,1.0,2025,2025-01-17,0.0484459694865843,0.6599999999999997,0.5534852611127156,0.0,0.0484459694865843,0.0010271926397553482,0.0,0.031489199073947524,0.008491856842083,0.0384098303378888,0.0384098303378888,-0.0933443436176387,0.0197963356604547,1.0271926397553495,risk_on,True,0.1577345005493523,"CLSK,COIN,CVNA,JOBY,MSTR,MU,RIOT,SMCI,SMR,TEM",shrinkage_max_diversification,0.25,0.0469016871799718,1.0,0.6599999999999997,0.3400000000000003,BIL,0.0015942701545801352,0.0005420518525572465,0.007966317391098765,7.966317391098764e-06,2.062744069198888,2.127698227832496,2.127698227832496,1.6089403739751327,0.21999999999999992,0.6599999999999997,0.0,0.78,3.0,10.0
20,10,signal_shrinkage_max_diversification_blend_0.25,drawdown_budget_78_m3,,1.0,2025,2025-02-03,0.0356444280003055,0.6599999999999997,0.5517929822635567,0.0,0.0356444280003055,0.0010712209091143555,0.0,0.02301182236248554,0.0274977991100165,0.0065235669067824,0.0065235669067824,0.0390712960360287,-0.3804124061692174,1.0712209091144025,risk_on,True,0.1553403781685188,"APLD,CIFR,CLSK,FN,IREN,MARA,MSTR,RIOT,SMR,WULF",shrinkage_max_diversification,0.25,0.0340213660167989,1.0,0.6599999999999997,0.3400000000000003,BIL,0.0016403552688184497,0.0005577207913982734,0.0,0.0,2.127698227832496,2.176660441492353,2.176660441492353,1.659604617709347,0.21999999999999992,0.6599999999999997,0.0,0.78,3.0,10.0
20,10,signal_shrinkage_max_diversification_blend_0.25,drawdown_budget_78_m3,,1.0,2025,2025-02-18,-0.1786139593384273,0.45,0.5429980103587304,0.0,-0.0803762817022923,0.0014729791727198997,0.0,-0.0810142703821692,-0.0783104051978308,-0.0033288556771814,-0.0463995785359884,-0.410327406244635,-0.2914614388112811,1.4729791727199946,risk_off,True,0.0722719128375351,"CIEN,CIFR,FN,FTAI,IREN,MRNA,NVTS,QBTS,RKLB,SMTC",shrinkage_max_diversification,0.25,-0.0816392608750123,0.45,1.0,0.55,BIL,0.0015181645324420234,0.000834990492843113,0.20999999999999974,0.00020999999999999974,2.176660441492353,2.0003198839551195,2.176660441492353,1.6977951443640353,0.21999999999999997,0.6599999999999999,-0.08101427038216924,0.78,3.0,10.0
20,10,signal_shrinkage_max_diversification_blend_0.25,drawdown_budget_78_m3,,1.0,2025,2025-03-04,0.0846925392006345,0.45,0.5845653802376415,-0.0816392608750122,0.0381116426402855,0.0006443086707014,0.0,0.03836940079926793,-0.0112585070288119,0.0487258409983959,0.0425336621325494,-0.0437361993421484,-0.222676245458825,0.644308670701485,risk_off,True,0.0715116912360172,"ALAB,APLD,FTAI,IONQ,MOD,NVTS,ONDS,POET,QBTS,TE",shrinkage_max_diversification,0.25,0.037467333969584,0.45,1.0,0.55,BIL,0.0016401215085162235,0.000902066829683923,0.0,0.0,2.0003198839551195,2.0770709593093386,2.176660441492353,1.6977951443640353,0.15123818046187648,0.45371454138562944,-0.045753338593655046,0.78,3.0,10.0
20,10,signal_shrinkage_max_diversification_blend_0.25,drawdown_budget_78_m3,,1.0,2025,2025-03-18,-0.0463182434335302,0.45,0.5806987967098408,-0.0472307323576622,-0.0208432095450886,0.0006723322610085,0.0,-0.020608419377673357,-0.0091370896931362,-0.0123784521129609,-0.0174038514441858,-0.2917651560677162,-0.2436628641951836,0.6723322610085355,risk_off,True,0.0682375174846285,"AAOI,ALAB,LITE,LUNR,MOD,MSTR,NU,POET,SMTC,TLN",shrinkage_max_diversification,0.25,-0.0215155418060971,0.45,1.0,0.55,BIL,0.001649313506224992,0.0009071224284237456,0.0,0.0,2.0770709593093386,2.0342658099027053,2.176660441492353,1.6977951443640353,0.18260127957853636,0.5478038387356091,-0.0654188539816617,0.78,3.0,10.0
20,10,signal_shrinkage_max_diversification_blend_0.25,drawdown_budget_78_m3,,1.0,2025,2025-04-01,0.1419267143998691,0.49620457253041483,0.5897199512202682,-0.0677300793671855,0.1064450357999018,0.0006908447403093078,0.0,0.07056033493718053,-0.0492220395207708,0.1546927188705322,0.1423872089903395,-0.1282322280064855,0.1717304350432706,0.6908447403093423,neutral,True,0.1156199238385064,"AAOI,CLSK,HUT,IONQ,IREN,LUNR,RGTI,RKLB,SMTC,USAR",shrinkage_max_diversification,0.25,0.1054706793497614,0.75,0.6616060967072198,0.5037954274695852,BIL,0.0016405369778915713,0.0008264950280565455,0.04620457253041488,4.6204572530414876e-05,2.0342658099027053,2.1778042868006953,2.1778042868006953,1.6977951443640353,0.16540152417680495,0.49620457253041483,0.0,0.78,3.0,10.0
20,10,signal_shrinkage_max_diversification_blend_0.25,drawdown_budget_78_m3,,1.0,2025,2025-04-15,0.1244684218340653,0.6599999999999998,0.6002745272082873,0.0,0.1244684218340653,0.0011742602599452987,0.0,0.08149470616485875,0.0494018929704341,0.0735355215416982,0.0735355215416982,0.4031463936121158,0.6210310408383999,1.174260259945349,risk_on,True,0.1618554692580914,"AAOI,APLD,HUT,LUNR,OKLO,ONDS,RDDT,RDW,TEM,WULF",shrinkage_max_diversification,0.25,0.1229374145121323,1.0,0.6599999999999998,0.3400000000000002,BIL,0.0015288471009442528,0.0005198080143210463,0.16379542746958498,0.00016379542746958498,2.1778042868006953,2.355283807238088,2.355283807238088,1.6986873437045424,0.21999999999999995,0.6599999999999998,0.0,0.78,3.0,10.0
20,10,signal_shrinkage_max_diversification_blend_0.25,drawdown_budget_78_m3,,1.0,2025,2025-04-30,0.2373182670578509,0.6599999999999998,0.5467054097582891,0.0,0.2373182670578509,0.0011366347162788417,0.0,0.15602160529939355,0.0825711583952144,0.1530249348500927,0.1530249348500927,0.6591009734156393,0.4991449217815799,1.1366347162788548,risk_on,True,0.1596162205985086,"AAOI,ASTS,CIFR,DAL,LUNR,NVTS,OKLO,PL,RDW,TER",shrinkage_max_diversification,0.25,0.2355960932453071,1.0,0.6599999999999998,0.3400000000000002,BIL,0.0015534816396791662,0.0005281837574909168,0.0,0.0,2.355283807238088,2.7227589677790416,2.7227589677790416,1.8371213696457087,0.21999999999999995,0.6599999999999998,0.0,0.78,3.0,10.0
20,10,signal_shrinkage_max_diversification_blend_0.25,drawdown_budget_78_m3,,1.0,2025,2025-05-14,0.0658337261966743,0.6599999999999997,0.5159607928312903,0.0,0.0658337261966743,0.0011658927369842277,0.0,0.04287855077571139,0.0062597193563984,0.05780750269333,0.05780750269333,-0.1043593419604896,0.1593786566400665,1.1658927369842798,risk_on,True,0.1615344642886834,"APLD,ASTS,AXTI,CIFR,DOCN,LSCC,ONDS,RDW,VSH,XYZ",shrinkage_max_diversification,0.25,0.0640672220497284,1.0,0.6599999999999997,0.3400000000000003,BIL,0.0017476006555607881,0.0005941842228906685,1.1102230246251565e-16,1.1102230246251566e-19,2.7227589677790416,2.839506926428979,2.839506926428979,2.1237519948676526,0.21999999999999992,0.6599999999999997,0.0,0.78,3.0,10.0
20,10,signal_shrinkage_max_diversification_blend_0.25,drawdown_budget_78_m3,,1.0,2025,2025-05-29,0.1817204036721198,0.45,0.5027888469113219,0.0,0.0817741816524539,0.0013859935965797997,0.0,0.08126614098656149,0.0464695390366535,0.0341286490192205,0.0596868954893799,0.4174633422358212,0.4349128124094497,1.3859935965798502,risk_off,True,0.0741123726150094,"AAOI,AFRM,ASTS,AXTI,CLSK,FTAI,LSCC,MARA,MRNA,RDDT",shrinkage_max_diversification,0.25,0.080598188055874,0.45,1.0,0.55,BIL,0.0015962780557954304,0.0008779529306874868,0.20999999999999974,0.00020999999999999974,2.839506926428979,3.0702626966444737,3.0702626966444737,2.2148154026146036,0.21999999999999997,0.6599999999999999,0.0,0.78,3.0,10.0
20,10,signal_shrinkage_max_diversification_blend_0.25,drawdown_budget_78_m3,,1.0,2025,2025-06-12,0.0621376034710249,0.45,0.5154395951051475,0.0,0.0279619215619612,0.0007219322141503,0.0,0.02832165211858495,0.0239603991413138,0.0032795902064969,0.0164578097342196,0.153833042408149,0.2044936006979426,0.721932214150362,risk_off,True,0.0733433435468789,"CLSK,ENPH,MARA,NET,PL,RBLX,RDDT,RGTI,RKLB,TSLA",shrinkage_max_diversification,0.25,0.0272399893478108,0.45,1.0,0.55,BIL,0.001966659583225727,0.00108166277077415,0.0,0.0,3.0702626966444737,3.157217608651507,3.157217608651507,2.3948049033826897,0.21999999999999995,0.6599999999999998,0.0,0.78,3.0,10.0
20,10,signal_shrinkage_max_diversification_blend_0.25,drawdown_budget_78_m3,,1.0,2025,2025-06-27,0.0430085494897603,0.45,0.5151133364362713,0.0,0.0193538472703921,0.0004365995138749,0.0,0.019855501709299464,0.0280945748403259,-0.0091773270838086,0.0062746890783705,0.2297044663824032,0.2727732678258654,0.436599513874916,risk_off,True,0.0693339357569629,"ALAB,CLSK,ENPH,FSLR,PL,RBLX,TE,TEM,TSLA,USAR",shrinkage_max_diversification,0.25,0.0189172477565172,0.45,1.0,0.55,BIL,0.001705916277785935,0.0009382539527822642,0.0,0.0,3.157217608651507,3.2199057482767173,3.2199057482767173,2.462629734748176,0.21999999999999992,0.6599999999999997,0.0,0.78,3.0,10.0
20,10,signal_shrinkage_max_diversification_blend_0.25,drawdown_budget_78_m3,,1.0,2025,2025-07-14,0.0263428591815405,0.45,0.5133732498161814,0.0,0.0118542866316932,0.0006131567783274,0.0,0.012142214313014316,0.0209958787269324,-0.0097547488735666,0.0017929844262461,0.1088777341240021,-0.0190516606638825,0.6131567783274688,risk_off,True,0.0769545578194637,"ALAB,CNC,CORZ,ECHO,ENPH,FSLR,IONQ,RGTI,SITM,TE",shrinkage_max_diversification,0.25,0.0112411298533657,0.45,1.0,0.55,BIL,0.0016383353811793011,0.0009010844596486156,0.0,0.0,3.2199057482767173,3.25900253394,3.25900253394,2.5115264836558397,0.21999999999999992,0.6599999999999997,0.0,0.78,3.0,10.0
20,10,signal_shrinkage_max_diversification_blend_0.25,drawdown_budget_78_m3,,1.0,2025,2025-07-28,-0.0285662903680004,0.45,0.5149580186057711,0.0,-0.0128548306656001,0.0005944325024612,0.0,-0.012553418428620667,-0.0124246768190232,-0.0010245863490382,-0.007858158599501,-0.0541204603785148,0.0059023440343449,0.5944325024612604,risk_off,True,0.0756274017339418,"APLD,CNC,HIMS,IONQ,LUNR,MARA,QBTS,RDW,TE,USAR",shrinkage_max_diversification,0.25,-0.0134492631680614,0.45,1.0,0.55,BIL,0.0016288086171649674,0.0008958447394407321,0.0,0.0,3.25900253394,3.218090911471516,3.25900253394,2.5420219764732,0.21999999999999995,0.6599999999999998,-0.012553418428620677,0.78,3.0,10.0
20,10,signal_shrinkage_max_diversification_blend_0.25,drawdown_budget_78_m3,,1.0,2025,2025-08-11,0.0765915132219747,0.45,0.5078631825983476,-0.0134492631680614,0.0344661809498886,0.0007822813632857,0.0,0.03458504553946654,0.0317425553841276,0.0019413442024751,0.0193997496637454,0.1821535373575194,0.2728647845566482,0.7822813632857871,risk_off,True,0.0685363849041049,"AXTI,CHTR,CVNA,DOCN,FTAI,GH,OKLO,QBTS,RDW,TER",shrinkage_max_diversification,0.25,0.0336838995866028,0.45,1.0,0.55,BIL,0.001638447187024994,0.0009011459528637467,0.0,0.0,3.218090911471516,3.329388732194902,3.329388732194902,2.5420219764732,0.21008385207152963,0.630251556214589,0.0,0.78,3.0,10.0
20,10,signal_shrinkage_max_diversification_blend_0.25,drawdown_budget_78_m3,,1.0,2025,2025-08-25,0.0807888042619087,0.45,0.4782467323550735,0.0,0.0363549619178589,0.0006469365823088,0.0,0.036741828395001126,0.0214099375155437,0.0142980878200062,0.0260735534535553,0.2402342467026087,0.3440818005851656,0.6469365823088821,risk_off,True,0.0738933954947114,"AAOI,CLS,CVNA,HUT,OKLO,RBLX,RDW,RGTI,RIOT,ROKU",shrinkage_max_diversification,0.25,0.03570802533555,0.45,1.0,0.55,BIL,0.0018796419262747666,0.0010338030594511218,0.0,0.0,3.329388732194902,3.4517165616534573,3.4517165616534573,2.5969232111120237,0.21999999999999992,0.6599999999999997,0.0,0.78,3.0,10.0
20,10,signal_shrinkage_max_diversification_blend_0.25,drawdown_budget_78_m3,,1.0,2025,2025-09-09,0.2367095825241993,0.45,0.4481021152172889,0.0,0.1065193121358897,0.0007240005291007,0.0,0.10663643356141433,0.0437080427389729,0.062087268867816,0.0861266923742511,0.3318499113640434,0.2972011159372906,0.7240005291007439,risk_off,True,0.0749570928732008,"AAOI,APLD,HOOD,HUT,KGC,NXT,PL,RGTI,RKLB,SMR",shrinkage_max_diversification,0.25,0.1057953116067889,0.45,1.0,0.55,BIL,0.0015293126447735172,0.0008411219546254346,0.0,0.0,3.4517165616534573,3.8197953054530496,3.8197953054530496,2.6923389180896966,0.22000000000000003,0.6600000000000001,0.0,0.78,3.0,10.0
20,10,signal_shrinkage_max_diversification_blend_0.25,drawdown_budget_78_m3,,1.0,2025,2025-09-23,0.115450419668045,0.45,0.4919509832684997,0.0,0.0519526888506202,0.0005809925630608,0.0,0.05215887828679799,0.019671963845306,0.0316997324422533,0.0425193125571717,0.123192708423835,0.1699895405164072,0.5809925630608415,risk_off,True,0.0556494219935736,"AAOI,AFRM,HIMS,MRVL,PL,POET,RDW,RKLB,SMR,SNOW",shrinkage_max_diversification,0.25,0.0513716962875594,0.45,1.0,0.55,BIL,0.0014312399986156077,0.0007871819992385843,0.0,0.0,3.8197953054530496,4.019031543870657,4.019031543870657,2.979440338253379,0.21999999999999992,0.6599999999999997,0.0,0.78,3.0,10.0
20,10,signal_shrinkage_max_diversification_blend_0.25,drawdown_budget_78_m3,,1.0,2025,2025-10-07,0.0299025862590636,0.45,0.4723449836680677,0.0,0.0134561638165786,0.0003973779844636,0.0,0.013840067063794963,0.0071789243476883,0.0058798614844266,0.0098282698756552,0.1541386931293247,0.0414383165395467,0.3973779844636855,risk_off,True,0.0499016138253602,"AAOI,ALAB,HIMS,NVTS,ORCL,POET,RDW,RKLB,RMBS,SMR",shrinkage_max_diversification,0.25,0.0130587858321149,0.45,1.0,0.55,BIL,0.0014205113303273897,0.0007812812316800644,0.0,0.0,4.019031543870657,4.074655209969334,4.074655209969334,3.1348446042191127,0.21999999999999995,0.6599999999999998,0.0,0.78,3.0,10.0
20,10,signal_shrinkage_max_diversification_blend_0.25,drawdown_budget_78_m3,,1.0,2025,2025-10-21,-0.0440444655791041,0.45,0.4747187188737158,0.0,-0.0198200095105968,0.0007713029206574,0.0,-0.01973252248386001,-0.0148724876915603,-0.0057188247396939,-0.0138986929700521,-0.0466371361450012,-0.2330971683603353,0.7713029206574278,risk_off,True,0.0759801969122467,"AAOI,CDE,CLS,FICO,JOBY,MARA,NVTS,SMR,SMTC,TEM",shrinkage_max_diversification,0.25,-0.0205913124312542,0.45,1.0,0.55,BIL,0.0015614362679894356,0.0008587899473941897,0.0,0.0,4.074655209969334,3.994251984424637,4.074655209969334,3.1782310637760807,0.22000000000000003,0.6600000000000001,-0.019732522483860038,0.78,3.0,10.0
20,10,signal_shrinkage_max_diversification_blend_0.25,drawdown_budget_78_m3,,1.0,2025,2025-11-04,0.0216613632539303,0.45,0.4917316411543111,-0.0205913124312543,0.0097476134642686,0.0009,0.0,0.009689318532739622,-0.0224354991936923,0.0312831126579609,0.0189435881014302,-0.3315746862143297,0.0197488634694266,0.9000000000000001,risk_off,True,0.071952388341408,"AA,ALB,CRDO,ENTG,FISV,HL,KVUE,RDDT,RMBS,SITM",shrinkage_max_diversification,0.25,0.0088476134642686,0.45,1.0,0.55,BIL,0.0015303728517654935,0.0008417050684710215,0.0,0.0,3.994251984424637,4.032953564201755,4.074655209969334,3.1782310637760807,0.20429880834523825,0.6128964250357147,-0.010234398646920995,0.78,3.0,10.0
20,10,signal_shrinkage_max_diversification_blend_0.25,drawdown_budget_78_m3,,1.0,2025,2025-11-18,0.0685415634359953,0.45,0.4938185926281814,-0.0119258829400995,0.0308437035461979,0.0007156476457681,0.0,0.031035410834826197,0.0557132084707917,-0.0255851525703619,0.0050571120885734,0.3484590112881119,0.1862982670777028,0.7156476457681736,risk_off,True,0.0699292442011412,"ALAB,CVNA,EXPE,FISV,MRNA,ONDS,RDDT,SMR,STX,W",shrinkage_max_diversification,0.25,0.0301280559004297,0.45,1.0,0.55,BIL,0.0016497362443572694,0.0009073549343964982,0.0,0.0,4.032953564201755,4.158117934944533,4.158117934944533,3.1782310637760807,0.21193462479026828,0.6358038743708049,0.0,0.78,3.0,10.0
20,10,signal_shrinkage_max_diversification_blend_0.25,drawdown_budget_78_m3,,1.0,2025,2025-12-03,-0.0921436999745936,0.45,0.4927516708513739,0.0,-0.0414646649885671,0.0008339864024719,0.0,-0.041517090588071764,-0.0079192880697692,-0.0343793633212699,-0.0387349717596429,-0.1442284878369189,0.0887307111819189,0.8339864024719792,risk_off,True,0.0707141678695614,"AFRM,HOOD,LUNR,MOD,MP,ONDS,POET,TTMI,USAR,WULF",shrinkage_max_diversification,0.25,-0.0422986513910391,0.45,1.0,0.55,BIL,0.0014210196417587806,0.0007815608029673294,0.0,0.0,4.158117934944533,3.9854849759635553,4.158117934944533,3.243331989256736,0.21999999999999997,0.6599999999999999,-0.04151709058807174,0.78,3.0,10.0
20,10,signal_shrinkage_max_diversification_blend_0.25,drawdown_budget_78_m3,,1.0,2025,2025-12-17,0.2041582283528336,0.45,0.4431160747518465,-0.0422986513910391,0.0918712027587751,0.000760127970167,0.0,0.09210556302208807,0.0343865719096196,0.0567245028789884,0.0756371174292792,0.3956097674068802,0.3310499318709211,0.7601279701670185,risk_off,True,0.0688492744293924,"APLD,CIFR,CLSK,HOOD,HUT,LUNR,NVTS,QBTS,RGTI,USAR",shrinkage_max_diversification,0.25,0.0911110747886081,0.45,1.0,0.55,BIL,0.0018081604245090421,0.0009944882334799732,0.0,0.0,3.9854849759635553,4.3525703135907525,4.3525703135907525,3.243331989256736,0.18621397174565732,0.5586419152369719,0.0,0.78,3.0,10.0
20,10,signal_shrinkage_max_diversification_blend_0.25,drawdown_budget_78_m3,,1.0,2026,2026-01-02,0.1599001749406988,0.45,0.4682009822094597,0.0,0.0719550787233144,0.00045,0.0,0.0722269735991836,0.0459226568050581,0.0255824219182563,0.0508398831610382,0.2205403967475262,0.0180920892367772,0.45,risk_off,True,0.0722791853107954,"ALAB,BE,CORZ,IONQ,IREN,NVTS,RGTI,RIVN,TTMI,USAR",shrinkage_max_diversification,0.25,0.0715050787233144,0.45,1.0,0.55,BIL,0.0013125361379440204,0.0007218948758692113,0.0,0.0,4.3525703135907525,4.666943294719062,4.666943294719062,3.395004844600787,0.21999999999999995,0.6599999999999998,0.0,0.78,3.0,10.0
20,10,signal_shrinkage_max_diversification_blend_0.25,drawdown_budget_78_m3,,1.0,2026,2026-01-16,-0.1804416000920757,0.45,0.4541818786713824,0.0,-0.081198720041434,0.0006484920074608,0.0,-0.08110193710068768,-0.0099038339129826,-0.0719433781359122,-0.0773904867880526,-0.28051387571717,-0.2419793169547876,0.6484920074608178,risk_off,True,0.0757325365436948,"ALAB,CIFR,CLSK,ECHO,IONQ,MARA,OKLO,QBTS,RGTI,SMR",shrinkage_max_diversification,0.25,-0.0818472120488948,0.45,1.0,0.55,BIL,0.001355045360376561,0.0007452749482071086,0.0,0.0,4.666943294719062,4.288445153178281,4.666943294719062,3.640215769880869,0.21999999999999995,0.6599999999999998,-0.08110193710068758,0.78,3.0,10.0
20,10,signal_shrinkage_max_diversification_blend_0.25,drawdown_budget_78_m3,,1.0,2026,2026-02-02,0.0146995990277925,0.45,0.5376273358985213,-0.0818472120488948,0.0066148195625066,0.0008285054940619,0.0,0.006568702490820824,0.0032585432178937,0.0025277708505509,0.0043199696203925,-0.1789533644032193,-0.2501948687888291,0.8285054940619133,risk_off,True,0.0707549854454451,"AMKR,AU,CIFR,CLS,HUT,INTC,MP,OKLO,RIOT,WULF",shrinkage_max_diversification,0.25,0.0057863140684447,0.45,1.0,0.55,BIL,0.0014225244043202245,0.0007823884223761235,0.0,0.0,4.288445153178281,4.316614673537711,4.666943294719062,3.640215769880869,0.15115720503432162,0.45347161510296485,-0.07506596910611052,0.78,3.0,10.0
20,10,signal_shrinkage_max_diversification_blend_0.25,drawdown_budget_78_m3,,1.0,2026,2026-02-17,0.001183266103783,0.45,0.5368519356805186,-0.0765344916549917,0.0005324697467023,0.0008334802107377,0.0,0.0004385598986708323,0.0069373459515931,-0.0072383564156285,-0.0034228161422523,-0.0744260346352632,-0.0372917856421571,0.8334802107377633,risk_off,True,0.0703028025002674,"CDE,CLS,CORZ,DDOG,EL,NET,PINS,RIVN,RVMD,SPOT",shrinkage_max_diversification,0.25,-0.0003010104640354,0.45,1.0,0.55,BIL,0.001344673386738604,0.0007395703627062323,0.0,0.0,4.316614673537711,4.318507767631539,4.666943294719062,3.640215769880869,0.15669661408589317,0.47008984225767947,-0.07466033013124451,0.78,3.0,10.0
20,10,signal_shrinkage_max_diversification_blend_0.25,drawdown_budget_78_m3,,1.0,2026,2026-03-03,-0.0215772288258398,0.45,0.4998908164651073,-0.0768124644361794,-0.0097097529716279,0.0007131369623268,0.0,-0.00970089844109831,-0.0156942947125458,0.005271404778591,-0.0033604573133091,0.0590495030323883,-0.0601929156609226,0.7131369623268191,risk_off,True,0.0656589633887842,"APP,AXON,COIN,HUBS,POET,RBRK,RGTI,RIVN,SPOT,XYZ",shrinkage_max_diversification,0.25,-0.0104228899339547,0.45,1.0,0.55,BIL,0.0013127118051934339,0.0007219914928563887,0.0,0.0,4.318507767631539,4.276614362360651,4.666943294719062,3.640215769880869,0.157066291007895,0.47119887302368496,-0.08363695629216084,0.78,3.0,10.0
20,10,signal_shrinkage_max_diversification_blend_0.25,drawdown_budget_78_m3,,1.0,2026,2026-03-17,-0.0943333506967463,0.4464269199118269,0.506310458079538,-0.08643474650776,-0.0424500078135358,0.0008565792529493353,0.0,-0.04224365671390575,-0.0225495885784317,-0.0207602526382136,-0.0331625263563511,-0.1986154392285275,0.2901212314478354,0.856579252949352,risk_off,True,0.077666184259594,"CIFR,COIN,FICO,FLUT,HL,IONQ,RDW,RGTI,TEAM,W",shrinkage_max_diversification,0.25,-0.0433098412166454,0.45,0.9920598220262821,0.5535730800881731,BIL,0.0013112446426017943,0.000725869735554191,0.0035730800881730307,3.5730800881730305e-06,4.276614362360651,4.095954533339329,4.666943294719062,3.640215769880869,0.1488089733039423,0.4464269199118269,-0.12234748213586455,0.78,3.0,10.0
20,10,signal_shrinkage_max_diversification_blend_0.25,drawdown_budget_78_m3,,1.0,2026,2026-03-31,0.364873054000853,0.33379674487273264,0.5042861627220576,-0.1260011125775534,0.1641928743003838,0.000641094610468348,0.0,0.12212933142124836,0.0747613400619157,0.0887190977045712,0.1298378347386249,0.5237020628082512,0.3138909195636782,0.6410946104683946,risk_off,True,0.0734035695988519,"ALAB,APLD,CIFR,CLSK,CRDO,HL,IREN,MU,RDW,TE",shrinkage_max_diversification,0.25,0.163480437766487,0.45,0.7417705441616281,0.6662032551272674,BIL,0.0014665018625172888,0.0009769883144592182,0.11263017503909434,0.00011263017503909434,4.095954533339329,4.596190722027893,4.666943294719062,3.640215769880869,0.11126558162424421,0.33379674487273264,-0.015160366908942402,0.78,3.0,10.0
20,10,signal_shrinkage_max_diversification_blend_0.25,drawdown_budget_78_m3,,1.0,2026,2026-04-15,0.0201913731567517,0.45,0.6264016022970096,0.0,0.0090861179205382,0.0008107636718463673,0.0,0.008996581262635105,0.0071643753281547,0.0012271821756644,0.0051675886061495,-0.008991924615117,0.243714608405886,0.810763671846381,risk_off,True,0.0724034142525758,"APP,MOD,MP,MU,NVTS,OKLO,RDW,SMR,SMTC,TEM",shrinkage_max_diversification,0.25,0.0083915575038191,0.45,1.0,0.55,BIL,0.0013113218435332197,0.0007212270139432709,0.11620325512726737,0.00011620325512726737,4.596190722027893,4.637540725357186,4.666943294719062,3.640215769880869,0.20799288148887707,0.6239786444666312,-0.006300177119174966,0.78,3.0,10.0
20,10,signal_shrinkage_max_diversification_blend_0.25,drawdown_budget_78_m3,,1.0,2026,2026-04-29,0.0852889810778931,0.45,0.6272206747171236,0.0,0.0383800414850518,0.0007539639421727,0.0,0.0384085460297425,0.0437094815221601,-0.0060834039792809,0.017956810857907,0.2388898515594062,0.3528080352321409,0.7539639421727673,risk_off,True,0.0741292387185514,"FICO,IREN,LYB,MP,NET,NXT,OKLO,TE,TEAM,TEM",shrinkage_max_diversification,0.25,0.0376260775428791,0.45,1.0,0.55,BIL,0.0014226699761152872,0.000782468486863408,0.0,0.0,4.637540725357186,4.8156619217718735,4.8156619217718735,3.640215769880869,0.21505470561652112,0.6451641168495634,0.0,0.78,3.0,10.0
20,10,signal_shrinkage_max_diversification_blend_0.25,drawdown_budget_78_m3,,1.0,2026,2026-05-13,0.2216547281519788,0.45,0.6280114203671519,0.0,0.0997446276683905,0.0007779806379605,0.0,0.09980825065555989,0.0466132735810123,0.0523533734494176,0.0779906739189744,0.23534777622623,0.0474379279983055,0.7779806379605009,risk_off,True,0.0720241385208743,"ALB,ENPH,FIX,FTAI,MP,RDDT,RGTI,TE,TER,ZTS",shrinkage_max_diversification,0.25,0.09896664703043,0.45,1.0,0.55,BIL,0.0015301884093270601,0.0008416036251298831,0.0,0.0,4.8156619217718735,5.296304713932516,5.296304713932516,3.7562162989820616,0.21999999999999995,0.6599999999999998,0.0,0.78,3.0,10.0
20,10,signal_shrinkage_max_diversification_blend_0.25,drawdown_budget_78_m3,,1.0,2026,2026-05-28,-0.015322014056132,0.45,0.6484710371413197,0.0,-0.0068949063252594,0.0008182750505609,0.0,-0.006997284959619133,-0.007783458915812,7.027753999173068e-05,-0.0042106248637049,-0.2291817072293589,-0.1991334859883724,0.8182750505609335,risk_off,True,0.0743671427229669,"ANET,FORM,FTAI,HIMS,KTOS,NET,NXPI,SHOP,TER,W",shrinkage_max_diversification,0.25,-0.0077131813758203,0.45,1.0,0.55,BIL,0.0013016298476384858,0.0007158964162011672,0.0,0.0,5.296304713932516,5.259244960616156,5.296304713932516,4.131117676867363,0.21999999999999995,0.6599999999999998,-0.006997284959619043,0.78,3.0,10.0
