ticker,cutoff,price,history_days,median_dollar_volume_60d,liquidity_rank
TSLA,2021-12-31,352.260009765625,1008,25247837440.7135,1
NVDA,2021-12-31,29.31838035583496,1008,12475138921.42868,2
AAPL,2021-12-31,173.59902954101562,1008,11450793203.75061,3
AMZN,2021-12-31,166.7169952392578,1008,10118877215.270996,4
MSFT,2021-12-31,323.9747314453125,1008,7558063627.22168,5
AMD,2021-12-31,143.89999389648438,1008,7463907941.903687,6
META,2021-12-31,333.422119140625,1008,6651221611.174011,7
GOOGL,2021-12-31,143.578857421875,1008,4042286362.0910645,8
PYPL,2021-12-31,186.96083068847656,1008,3013763979.563904,9
GOOG,2021-12-31,143.41506958007812,1008,2880224094.833374,10
MRNA,2021-12-31,253.97999572753903,773,2610905535.2905273,11
LCID,2021-12-31,380.5,325,2334620026.250763,12
V,2021-12-31,209.4094390869141,1008,2008699510.5262756,13
BA,2021-12-31,201.32000732421875,1008,1834312948.664856,14
BAC,2021-12-31,39.75520706176758,1008,1613132116.9326782,15
DIS,2021-12-31,150.1756591796875,1008,1608823195.4345703,16
XYZ,2021-12-31,161.50999450683594,1008,1524296545.3720093,17
MA,2021-12-31,349.2886657714844,1008,1488885021.6796875,18
SHOP,2021-12-31,137.73899841308594,1008,1453439142.2271729,19
JPM,2021-12-31,140.571044921875,1008,1438589133.4075928,20
ADBE,2021-12-31,567.0599975585938,1008,1399087581.7077637,21
INTC,2021-12-31,47.7645263671875,1008,1353213143.9414978,22
PFE,2021-12-31,46.5197639465332,1008,1324095579.2840958,23
AMC,2021-12-31,272.0,1008,1272835488.6634827,24
QCOM,2021-12-31,165.54652404785156,1008,1238141866.0060883,25
CRM,2021-12-31,249.8081970214844,1008,1219394576.3442993,26
MU,2021-12-31,91.0579833984375,1008,1197418785.1650238,27
F,2021-12-31,15.473865509033203,1008,1151994218.0205345,28
UBER,2021-12-31,41.93000030517578,668,1134958259.125328,29
C,2021-12-31,51.543209075927734,1008,1117806839.489746,30
BRK.B,2021-12-31,299.0,1008,1040773681.5368652,31
HD,2021-12-31,369.8318481445313,1008,1033751732.2753906,32
UPST,2021-12-31,151.3000030517578,263,1013536861.7904663,33
XOM,2021-12-31,52.379425048828125,1008,995461613.2383347,34
JNJ,2021-12-31,150.48875427246094,1008,972190454.5883179,35
ROKU,2021-12-31,228.1999969482422,1008,951393088.444519,36
SNAP,2021-12-31,47.029998779296875,1008,945115375.4451752,37
COST,2021-12-31,539.7208862304688,1008,942575235.1089478,38
WFC,2021-12-31,42.886962890625,1008,912236605.9770584,39
WMT,2021-12-31,45.5972900390625,1008,911640242.5392151,40
T,2021-12-31,14.096484184265137,1008,910782813.3150349,41
CVX,2021-12-31,97.99224090576172,1008,904166082.2639465,42
AVGO,2021-12-31,61.412086486816406,1008,900893707.8838348,43
GM,2021-12-31,56.31241607666016,1008,899665647.6650238,44
AMAT,2021-12-31,151.3890380859375,1008,882276421.068573,45
PG,2021-12-31,145.8335418701172,1008,862925991.8945312,46
CSCO,2021-12-31,55.47454452514648,1008,855187332.4888229,47
SNOW,2021-12-31,338.75,327,849510438.7023926,48
ABNB,2021-12-31,166.49000549316406,267,834942613.4246826,49
MRK,2021-12-31,66.78672790527344,1008,831518940.9233093,50
NKE,2021-12-31,153.96636962890625,1008,823862643.3242798,51
CMCSA,2021-12-31,40.25387954711914,1008,809051623.838068,52
GS,2021-12-31,342.34942626953125,1008,796774303.2821655,53
ZM,2021-12-31,183.91000366210935,683,771617327.4948121,54
BKNG,2021-12-31,93.9730224609375,1008,763997578.3157349,55
INTU,2021-12-31,620.94873046875,1008,761794098.7701416,56
NVAX,2021-12-31,143.07000732421875,1008,761248815.7272339,57
TSM,2021-12-31,111.8178253173828,1008,739555901.1299133,58
PLUG,2021-12-31,28.229999542236328,1008,735135866.8849945,59
VZ,2021-12-31,38.327911376953125,1008,717038561.125946,60
DHR,2021-12-31,285.02294921875,1008,715612825.2886353,61
LRCX,2021-12-31,68.58538055419922,1008,715114977.4017334,62
MELI,2021-12-31,1348.4000244140625,1008,715113481.8603516,63
TMO,2021-12-31,658.5445556640625,1008,706736768.8293457,64
TXN,2021-12-31,165.42869567871094,1008,702174489.8101807,65
TGT,2021-12-31,200.25912475585935,1008,682864252.5619507,66
MS,2021-12-31,84.7540512084961,1008,680990499.7425079,67
PLTR,2021-12-31,18.209999084472656,317,679870153.91922,68
CCL,2021-12-31,19.90550422668457,1008,678423149.1128922,69
CRWD,2021-12-31,51.1875,646,678277193.7927246,70
ACN,2021-12-31,382.741455078125,1008,665723164.4958496,71
KO,2021-12-31,51.85354995727539,1008,657794079.2022705,72
NET,2021-12-31,131.5,581,655220803.7139893,73
NOW,2021-12-31,129.82200622558594,1008,653591766.910553,74
ORCL,2021-12-31,81.80906677246094,1008,646863810.7131958,75
SBUX,2021-12-31,104.94554901123048,1008,643049455.5603027,76
PTON,2021-12-31,35.7599983215332,572,640223779.3569565,77
LLY,2021-12-31,265.1997985839844,1008,634186261.5188599,78
FCX,2021-12-31,39.12371063232422,1008,621481459.208107,79
GE,2021-12-31,57.560157775878906,1008,614533644.9344978,80
TWLO,2021-12-31,263.3399963378906,1008,609376660.6262207,81
LOW,2021-12-31,236.92672729492188,1008,601496279.2526245,82
ASML,2021-12-31,762.5325317382812,1008,599003519.5983887,83
AAL,2021-12-31,17.959999084472656,1008,589241946.8114853,84
PANW,2021-12-31,92.7933349609375,1008,585991622.328186,85
MCD,2021-12-31,241.6233673095703,1008,585530000.75531,86
CHTR,2021-12-31,651.969970703125,1008,584958633.6517334,87
MARA,2021-12-31,32.86000061035156,1008,583485420.5869675,88
BMY,2021-12-31,51.21782302856445,1008,576197910.6920242,89
ABT,2021-12-31,129.1053009033203,1008,568547672.782135,90
AXP,2021-12-31,154.33563232421875,1008,564392836.8545532,91
ABBV,2021-12-31,114.87705993652344,1008,559818790.5605316,92
CAT,2021-12-31,191.1051025390625,1008,558606562.9730225,93
MDT,2021-12-31,89.45081329345703,1008,544492780.1216125,94
SPGI,2021-12-31,429.6531677246094,1008,531292500.8539429,95
ZS,2021-12-31,321.3299865722656,957,528436237.49694824,96
IBM,2021-12-31,112.66111755371094,1008,527082520.0431824,97
DKNG,2021-12-31,27.469999313354492,616,524999805.99594116,98
SOFI,2021-12-31,15.8100004196167,252,521706522.28212357,99
UNP,2021-12-31,227.2031707763672,1008,514633207.82928467,100
PEP,2021-12-31,150.29737854003906,1008,512799365.42282104,101
TMUS,2021-12-31,110.91098022460938,1008,506327949.7329712,102
ETSY,2021-12-31,218.94000244140625,1008,501086105.39398193,103
ISRG,2021-12-31,359.29998779296875,1008,499881845.85266113,104
DDOG,2021-12-31,178.11000061035156,577,499519626.28326416,105
DOCU,2021-12-31,152.30999755859375,928,499438357.1273804,106
AMGN,2021-12-31,195.30625915527344,1008,499071351.8432617,107
DASH,2021-12-31,148.89999389648438,268,492415741.1621094,108
DE,2021-12-31,323.012451171875,1008,485236945.7611084,109
ADI,2021-12-31,162.79888916015625,1008,469649816.75338745,110
HON,2021-12-31,187.33819580078125,1008,466842492.66410065,111
FDX,2021-12-31,189.9150848388672,1008,462815093.0772629,112
COP,2021-12-31,61.38956451416016,1008,455861010.01815796,113
NEE,2021-12-31,82.59905242919922,1008,449037740.38124084,114
MRVL,2021-12-31,85.96125030517578,1008,437936441.64009094,115
DAL,2021-12-31,37.72208023071289,1008,436865499.2050171,116
OXY,2021-12-31,27.101503372192383,1008,435014967.28591913,117
REGN,2021-12-31,626.3468017578125,1008,417464713.24768066,118
ENPH,2021-12-31,182.94000244140625,1008,416989659.2941284,119
EBAY,2021-12-31,61.243507385253906,1008,414815648.59695435,120
FIS,2021-12-31,96.92398071289062,1008,410766805.7220459,121
KLAC,2021-12-31,41.12063217163086,1008,407860994.60601807,122
TJX,2021-12-31,71.11061096191406,1008,404696097.40104675,123
FISV,2021-12-31,103.79000091552734,1008,402066117.4659729,124
LIN,2021-12-31,325.91436767578125,1008,401427700.12664795,125
PINS,2021-12-31,36.349998474121094,683,399328206.8336487,126
CVS,2021-12-31,88.44617462158203,1008,398461129.3548584,127
NXPI,2021-12-31,209.244140625,1008,397772558.631897,128
LMT,2021-12-31,315.42584228515625,1008,395547367.6925659,129
BILL,2021-12-31,249.1499938964844,518,394330420.3552246,130
ELV,2021-12-31,433.9444580078125,1008,388146154.43725586,131
HUBS,2021-12-31,659.1500244140625,1008,384310926.8066406,132
TDOC,2021-12-31,91.81999969482422,1008,382192822.5967407,133
NCLH,2021-12-31,20.739999771118164,1008,378347954.32186127,134
RIOT,2021-12-31,22.329999923706055,1008,375029237.2554779,135
CLF,2021-12-31,21.770000457763672,1008,374242219.3002701,136
GILD,2021-12-31,61.728363037109375,1008,372550441.2820816,137
BX,2021-12-31,110.61912536621094,1008,369579860.4812622,138
CSX,2021-12-31,35.32542419433594,1008,367500396.9137192,139
BLK,2021-12-31,818.9031982421875,1008,366738397.8820801,140
WDAY,2021-12-31,273.17999267578125,1008,362705748.8922119,141
COF,2021-12-31,133.84202575683594,1008,357158097.101593,142
SCHW,2021-12-31,79.06639862060547,1008,355717919.1226959,143
LULU,2021-12-31,391.4500122070313,1008,355030129.2297363,144
DLTR,2021-12-31,140.52000427246094,1008,351226616.4588928,145
TEAM,2021-12-31,381.2900085449219,1008,348543529.99420166,146
Z,2021-12-31,63.849998474121094,1008,348478742.8691864,147
CMG,2021-12-31,34.96500015258789,1008,347828664.522171,148
PSKY,2021-12-31,27.16889190673828,1008,347514574.5885849,149
AA,2021-12-31,56.84954071044922,1008,346948498.8763809,150
RTX,2021-12-31,78.00894165039062,1008,344598331.5055847,151
GME,2021-12-31,37.09749984741211,1008,344479434.879303,152
AMT,2021-12-31,252.59754943847656,1008,343258249.91607666,153
EXPE,2021-12-31,178.50584411621094,1008,341955282.3486328,154
LUV,2021-12-31,39.51409530639648,1008,341199265.4689789,155
AON,2021-12-31,291.0779724121094,1008,340354295.47576904,156
EL,2021-12-31,344.52874755859375,1008,340060703.2348633,157
ON,2021-12-31,67.91999816894531,1008,339693501.7370224,158
CI,2021-12-31,211.4620361328125,1008,336669803.16848755,159
MTCH,2021-12-31,126.97827911376952,1008,336365970.9075928,160
MPC,2021-12-31,57.90974426269531,1008,334177475.7457733,161
MDB,2021-12-31,529.3499755859375,1008,333184959.89990234,162
M,2021-12-31,21.885223388671875,1008,327065794.62680817,163
GPN,2021-12-31,129.19967651367188,1008,325783545.7015991,164
ALGN,2021-12-31,657.1799926757812,1008,323034925.6072998,165
ADSK,2021-12-31,281.19000244140625,1008,322788086.6668701,166
PM,2021-12-31,77.169921875,1008,321548736.3319397,167
DXCM,2021-12-31,134.2375030517578,1008,320550576.33361816,168
SHW,2021-12-31,337.8742980957031,1008,316610823.1109619,169
ILMN,2021-12-31,370.0778198242187,1008,314981946.1755066,170
MSTR,2021-12-31,54.44900131225586,1008,314098570.3468323,171
CVNA,2021-12-31,46.358001708984375,1008,311707810.300827,172
DVN,2021-12-31,35.66010665893555,1008,311499087.70046234,173
MMM,2021-12-31,126.22688293457033,1008,308829310.5217056,174
HUM,2021-12-31,442.6744384765625,1008,305425692.9840088,175
NUE,2021-12-31,106.8568878173828,1008,304034887.71629333,176
ASAN,2021-12-31,74.55000305175781,317,303912309.41619873,177
MDLZ,2021-12-31,58.73751449584961,1008,303248970.88661194,178
EA,2021-12-31,128.81158447265625,1008,302982448.626709,179
OKTA,2021-12-31,224.1699981689453,1008,302844284.8892212,180
BSX,2021-12-31,42.47999954223633,1008,301762762.5923157,181
VRTX,2021-12-31,219.6000061035156,1008,298380366.8785095,182
EQIX,2021-12-31,772.0986938476562,1008,296402629.2175293,183
MAR,2021-12-31,158.73696899414062,1008,295463657.95288086,184
SLB,2021-12-31,27.07147789001465,1008,294151773.1435776,185
BIIB,2021-12-31,239.9199981689453,1008,293277689.4012452,186
FTNT,2021-12-31,71.87999725341797,1008,291229340.1813507,187
CP,2021-12-31,69.49858856201172,1008,286580721.4141846,188
BDX,2021-12-31,177.99285888671875,1008,285339998.2860718,189
CB,2021-12-31,182.26104736328125,1008,284830658.73565674,190
DG,2021-12-31,217.2922515869141,1008,283697950.3364563,191
EOG,2021-12-31,72.64289855957031,1008,281233571.6869354,192
W,2021-12-31,189.97000122070312,1008,280798936.87286377,193
SPOT,2021-12-31,234.02999877929688,946,277748503.45840454,194
HCA,2021-12-31,247.32081604003903,1008,277467199.66278076,195
NEM,2021-12-31,54.69229888916016,1008,276276256.9126129,196
B,2021-12-31,16.889894485473633,1008,274979379.50143814,197
SYK,2021-12-31,255.14073181152344,1008,274735935.30807495,198
CL,2021-12-31,76.64612579345703,1008,272580048.32458496,199
NSC,2021-12-31,270.15423583984375,1008,265724773.47335815,200
AZO,2021-12-31,2096.389892578125,1008,264984869.51904297,201
LVS,2021-12-31,35.54629135131836,1008,263407077.54535675,202
RNG,2021-12-31,186.72994995117188,1008,262861516.97387695,203
ZTS,2021-12-31,232.58192443847656,1008,261898109.55810547,204
GNRC,2021-12-31,351.9200134277344,1008,261263669.5678711,205
ADP,2021-12-31,222.94615173339844,1008,261233319.4984436,206
APD,2021-12-31,271.17547607421875,1008,260597628.67126465,207
PLD,2021-12-31,147.03936767578125,1008,260058009.4390869,208
CNC,2021-12-31,82.4000015258789,1008,259591305.9436798,209
RCL,2021-12-31,74.78379821777344,1008,257869349.56817627,210
ICE,2021-12-31,128.79611206054688,1008,257062256.58111572,211
CAR,2021-12-31,197.02374267578125,1008,256081235.60791016,212
PNC,2021-12-31,169.27764892578125,1008,254435699.54833984,213
MRSH,2021-12-31,162.24229431152344,1008,253920242.0036316,214
WYNN,2021-12-31,82.2619400024414,1008,253052217.22450256,215
MCHP,2021-12-31,78.75054931640625,1008,251068880.28793335,216
ALB,2021-12-31,221.0090179443359,1008,247863719.59152222,217
PENN,2021-12-31,51.849998474121094,1008,247790730.57670593,218
NOC,2021-12-31,360.0851745605469,1008,247627727.95715332,219
EW,2021-12-31,129.5500030517578,1008,246133673.43025208,220
DELL,2021-12-31,51.10978317260742,1008,243983746.6324253,221
HLT,2021-12-31,153.91421508789062,1008,241139525.49972534,222
WTW,2021-12-31,223.62046813964844,1008,239603720.18356323,223
EMR,2021-12-31,84.94844818115234,1008,237808384.6130371,224
MGM,2021-12-31,44.86491394042969,1008,237558149.1306305,225
ULTA,2021-12-31,412.3399963378906,1008,237492626.3244629,226
DOW,2021-12-31,44.182491302490234,704,234179407.54318237,227
SPG,2021-12-31,125.1135025024414,1008,233382623.38867188,228
QS,2021-12-31,22.190000534057617,348,232174653.90233994,229
ANET,2021-12-31,35.9375,1008,231909992.04788208,230
LYFT,2021-12-31,42.72999954223633,697,231875509.82894897,231
ORLY,2021-12-31,47.082000732421875,1008,231765949.83673096,232
VLO,2021-12-31,65.41154479980469,1008,227902431.4804077,233
RUN,2021-12-31,34.29999923706055,1008,227762007.78980255,234
DHI,2021-12-31,103.48348999023438,1008,224699606.37130737,235
MET,2021-12-31,54.499488830566406,1008,224289959.2557907,236
WM,2021-12-31,155.47850036621094,1008,222720906.33544922,237
SWKS,2021-12-31,135.19703674316406,1008,220973048.01635742,238
AZN,2021-12-31,105.70306396484376,1008,219724970.59078217,239
O,2021-12-31,56.54978561401367,1008,219397814.66407776,240
BBY,2021-12-31,81.83395385742188,1008,218688169.60601807,241
HPQ,2021-12-31,31.716062545776367,1008,218435426.31368637,242
GTM,2021-12-31,64.19999694824219,399,217355504.98199463,243
CME,2021-12-31,189.4610595703125,1008,216205820.85723877,244
APTV,2021-12-31,164.9499969482422,1008,215743983.86383057,245
KR,2021-12-31,41.09001159667969,1008,215055854.72660065,246
CCI,2021-12-31,166.52626037597656,1008,214963580.82733154,247
APA,2021-12-31,23.328258514404297,1008,214756598.60286713,248
A,2021-12-31,154.27500915527344,1008,214341583.64868164,249
CHWY,2021-12-31,58.970001220703125,644,214271853.35655212,250
MO,2021-12-31,33.41929244995117,1008,212894986.22379303,251
MCO,2021-12-31,375.6747131347656,1008,212627963.0706787,252
EXC,2021-12-31,35.05968475341797,1008,211986389.35760498,253
RH,2021-12-31,535.9400024414062,1008,211143100.9613037,254
TFC,2021-12-31,46.828338623046875,1008,210991881.45542145,255
OPEN,2021-12-31,14.609999656677246,389,210878776.25522614,256
ETN,2021-12-31,161.0176544189453,1008,210750990.1184082,257
BP,2021-12-31,21.258180618286133,1008,209909474.38144684,258
USB,2021-12-31,45.88007736206055,1008,209388059.42668915,259
JCI,2021-12-31,74.6817626953125,1008,208690187.47787476,260
SEDG,2021-12-31,280.57000732421875,1008,207303081.38275146,261
FCEL,2021-12-31,156.0,1008,206370147.73576355,262
LYV,2021-12-31,119.69000244140624,1008,206074299.73945618,263
FANG,2021-12-31,88.13262939453125,1008,205483106.84394836,264
AIG,2021-12-31,51.34839630126953,1008,204543682.2780609,265
CDNS,2021-12-31,186.3500061035156,1008,204427328.84521484,266
CHPT,2021-12-31,381.0,580,204274640.8555603,267
LHX,2021-12-31,194.83168029785156,1008,204151320.66955566,268
TEL,2021-12-31,150.32012939453125,1008,203681476.7929077,269
PGR,2021-12-31,93.29402923583984,1008,203671623.3543396,270
CROX,2021-12-31,128.22000122070312,1008,200195169.49157715,271
DUK,2021-12-31,88.1309814453125,1008,198612174.40452576,272
BNY,2021-12-31,51.204978942871094,1008,198113660.42022705,273
SO,2021-12-31,58.20650100708008,1008,197994027.4333954,274
SYF,2021-12-31,41.88470077514648,1008,197695109.17758942,275
VEEV,2021-12-31,255.47999572753903,1008,197200597.57080078,276
TT,2021-12-31,191.2132568359375,1008,195871983.11691284,277
MNST,2021-12-31,48.02000045776367,1008,195746747.22061157,278
SNPS,2021-12-31,368.5,1008,195501961.52954102,279
STZ,2021-12-31,231.2345733642578,1008,195252322.54486084,280
ALL,2021-12-31,105.7021713256836,1008,194345359.3330383,281
HAL,2021-12-31,20.879947662353516,1008,193582178.26070786,282
IQV,2021-12-31,282.1400146484375,1008,193006828.25317383,283
APO,2021-12-31,66.4631576538086,1008,192475687.7708435,284
CZR,2021-12-31,93.52999877929688,1008,190351357.75489807,285
APPS,2021-12-31,60.9900016784668,1008,189986854.33883667,286
TTWO,2021-12-31,177.72000122070312,1008,188935883.53881836,287
WDC,2021-12-31,49.06486129760742,1008,187158245.52629662,288
TRV,2021-12-31,143.55899047851562,1008,186824324.13101196,289
EPAM,2021-12-31,668.4500122070312,1008,185123411.85913086,290
MCK,2021-12-31,243.0130157470703,1008,185055059.87319946,291
PH,2021-12-31,300.22357177734375,1008,184953874.09820557,292
D,2021-12-31,63.93128204345703,1008,184858802.14233398,293
IDXX,2021-12-31,658.4600219726562,1008,183225051.73339844,294
PSX,2021-12-31,61.469200134277344,1008,183196714.44473267,295
LEN,2021-12-31,104.08756256103516,1008,183044156.34056857,296
BKR,2021-12-31,21.685365676879883,1008,183015840.89288712,297
DPZ,2021-12-31,528.162841796875,1008,182682372.55096436,298
FIVN,2021-12-31,137.32000732421875,1008,181669385.51559448,299
QRVO,2021-12-31,156.38999938964844,1008,181612367.43164062,300
BURL,2021-12-31,291.510009765625,1008,179945527.76184082,301
ODFL,2021-12-31,175.0067596435547,1008,179611780.42297363,302
CMI,2021-12-31,196.4725646972656,1008,176289576.14364624,303
KMI,2021-12-31,12.407828330993652,1008,175963708.79087448,304
DKS,2021-12-31,103.5247573852539,1008,175569501.02157593,305
DD,2021-12-31,92.8390121459961,1008,174392784.31848145,306
TLRY,2021-12-31,70.30000305175781,871,173136174.42596436,307
STX,2021-12-31,98.77938079833984,1008,172608856.722641,308
ROST,2021-12-31,108.6912078857422,1008,172140421.59423828,309
SPCE,2021-12-31,267.6000061035156,1008,171070033.1980896,310
ECL,2021-12-31,222.8699188232422,1008,170671538.01879883,311
KKR,2021-12-31,71.70653533935547,1008,170421854.92630005,312
TER,2021-12-31,160.6101531982422,1008,169704657.5263977,313
SWK,2021-12-31,158.94906616210938,1008,169343992.56896973,314
ZBH,2021-12-31,118.52764129638672,1008,169025714.14492798,315
DGX,2021-12-31,157.66758728027344,1008,165893356.18286133,316
DLR,2021-12-31,151.2662811279297,1008,165712982.264328,317
CTSH,2021-12-31,82.15797424316406,1008,165603456.5612793,318
MSCI,2021-12-31,581.598388671875,1008,164378694.6258545,319
XEL,2021-12-31,58.51448059082031,1008,164367005.0731659,320
PPG,2021-12-31,156.58473205566406,1008,164237009.2453003,321
OTIS,2021-12-31,80.84254455566406,452,163907303.956604,322
EFX,2021-12-31,282.6377258300781,1008,163522909.1644287,323
AEP,2021-12-31,75.59370422363281,1008,163452402.4333954,324
PCG,2021-12-31,11.931821823120115,1008,162506300.80776215,325
BAX,2021-12-31,78.14244842529297,1008,160375191.43981934,326
CARR,2021-12-31,50.97413635253906,452,160086717.8756714,327
KHC,2021-12-31,28.65703582763672,1008,159551875.0041008,328
WMB,2021-12-31,21.37191390991211,1008,159189311.34300232,329
SRE,2021-12-31,57.51964569091797,1008,159095104.51660156,330
BLDR,2021-12-31,85.70999908447266,1008,158096359.47227478,331
SYY,2021-12-31,69.21417236328125,1008,158007595.25299072,332
LH,2021-12-31,256.5189208984375,1008,156962420.635437,333
RIO,2021-12-31,48.38862228393555,1008,156261731.32858276,334
VFC,2021-12-31,62.840824127197266,1008,155788248.8937378,335
ENB,2021-12-31,29.74085807800293,1008,155726660.45265198,336
TROW,2021-12-31,159.6983184814453,1008,155239893.26553345,337
FLNA,2021-12-31,43.70000076293945,1008,155009658.4892273,338
VRSK,2021-12-31,221.71038818359375,1008,154911256.0142517,339
GD,2021-12-31,188.8293304443359,1008,154880413.38500977,340
KDP,2021-12-31,32.51070785522461,1008,154189678.42760086,341
DECK,2021-12-31,61.051666259765625,1008,153250104.43611145,342
MSI,2021-12-31,257.6300964355469,1008,152480420.68710327,343
LNG,2021-12-31,97.00379180908205,1008,152079525.29449463,344
CFG,2021-12-31,39.051021575927734,1008,151692953.3346176,345
NVS,2021-12-31,72.53801727294922,1008,151321127.01797485,346
ROP,2021-12-31,477.0673828125,1008,150524497.05352783,347
KEYS,2021-12-31,206.5099945068359,1008,149380626.638031,348
FUBO,2021-12-31,186.2400054931641,699,148919111.20700073,349
STT,2021-12-31,80.40103912353516,1008,147394542.50793457,350
SBAC,2021-12-31,360.8084106445313,1008,146926367.25616455,351
CF,2021-12-31,64.366455078125,1008,146046444.88372803,352
ROK,2021-12-31,322.9530944824219,1008,146044329.40826416,353
KMB,2021-12-31,119.9860382080078,1008,145274534.88845825,354
MOS,2021-12-31,35.01591110229492,1008,145132216.42656326,355
APH,2021-12-31,41.9811897277832,1008,144502884.42077637,356
FSLR,2021-12-31,87.16000366210938,1008,144332343.10035706,357
WBD,2021-12-31,23.540000915527344,1008,144262574.14512634,358
WST,2021-12-31,463.3940124511719,1008,143947947.34954834,359
FITB,2021-12-31,36.6158561706543,1008,143454537.38212585,360
BBWI,2021-12-31,62.23628234863281,1008,142995288.249588,361
AJG,2021-12-31,162.03709411621094,1008,141822471.4401245,362
PSA,2021-12-31,304.4888916015625,1008,141687131.50024414,363
CLX,2021-12-31,149.04742431640625,1008,141306243.65844727,364
YUM,2021-12-31,127.41207122802734,1008,140617160.28022766,365
WSM,2021-12-31,77.49140167236328,1008,139759077.1835327,366
RVTY,2021-12-31,198.8719482421875,1008,138998083.719635,367
AFL,2021-12-31,52.71001052856445,1008,137611083.4766388,368
WELL,2021-12-31,76.92449188232422,1008,137091054.90341187,369
FAST,2021-12-31,28.6947021484375,1008,136892613.2320404,370
BALL,2021-12-31,90.54156494140624,1008,136731427.69432068,371
CPAY,2021-12-31,223.83999633789065,1008,136034224.0348816,372
GIS,2021-12-31,55.89280319213867,1008,135804402.18544006,373
CTAS,2021-12-31,106.24919128417967,1008,135252033.18634036,374
IFF,2021-12-31,133.25119018554688,1008,134974164.6385193,375
DRI,2021-12-31,128.6958465576172,1008,134918221.14944458,376
KSS,2021-12-31,36.55067825317383,1008,133044221.22612,377
RF,2021-12-31,18.04355812072754,1008,132869391.56627655,378
PAYC,2021-12-31,404.7359619140625,1008,132853919.82421875,379
SU,2021-12-31,21.111452102661133,1008,132748127.2195816,380
PRU,2021-12-31,86.74903869628906,1008,132106847.56011963,381
CAH,2021-12-31,47.06291961669922,1008,132051066.38393402,382
AMP,2021-12-31,282.3681945800781,1008,131940488.88702393,383
MPWR,2021-12-31,476.860595703125,1008,131343547.25189209,384
CHGG,2021-12-31,30.700000762939453,1008,131016053.12709808,385
LYB,2021-12-31,66.95130920410156,1008,130911374.59030151,386
KMX,2021-12-31,130.22999572753906,1008,130832560.86349487,387
PAYX,2021-12-31,118.7333526611328,1008,130299192.02728271,388
HPE,2021-12-31,13.91191291809082,1008,129352118.31946373,389
ENTG,2021-12-31,136.1314697265625,1008,129343655.75408936,390
AKAM,2021-12-31,117.04000091552734,1008,128317195.70922852,391
CSGP,2021-12-31,79.02999877929688,1008,127683196.6621399,392
NDAQ,2021-12-31,65.74748229980469,1008,127207828.23371887,393
EQT,2021-12-31,20.37186622619629,1008,127043683.19673538,394
AVTR,2021-12-31,42.13999938964844,663,126379366.47148132,395
KEY,2021-12-31,18.46145248413086,1008,124824068.75123978,396
ESTC,2021-12-31,123.08999633789062,816,124814186.01493835,397
TSCO,2021-12-31,43.90203857421875,1008,124551464.93244171,398
VMC,2021-12-31,200.22039794921875,1008,124314650.52261353,399
PCAR,2021-12-31,50.15248489379883,1008,123822218.85280609,400
IT,2021-12-31,334.32000732421875,1008,123766086.61804199,401
IBN,2021-12-31,19.193504333496097,1008,123672656.15940094,402
ED,2021-12-31,73.08643341064453,1008,123211989.13879395,403
DT,2021-12-31,60.349998474121094,611,122905526.4503479,404
CBRE,2021-12-31,108.51000213623048,1008,122659941.93305969,405
IP,2021-12-31,38.29757308959961,1008,122575280.32188416,406
ADM,2021-12-31,59.380462646484375,1008,122221341.82338715,407
ZBRA,2021-12-31,595.2000122070312,1008,121663695.9564209,408
RMD,2021-12-31,250.0266571044922,1008,121438752.88696289,409
WIX,2021-12-31,157.7899932861328,1008,121158013.50402832,410
AAP,2021-12-31,214.52345275878903,1008,120870802.06756592,411
GLW,2021-12-31,33.12166213989258,1008,120827737.73803711,412
ALLY,2021-12-31,40.78394317626953,1008,120491112.88146973,413
LBRDK,2021-12-31,150.8426971435547,1008,120409816.32852936,414
TDG,2021-12-31,528.8385009765625,1008,120310047.66845703,415
FIRY,2021-12-31,148.8000030517578,426,119982150.0,416
MTB,2021-12-31,133.12747192382812,1008,119474790.70739746,417
CNI,2021-12-31,112.24874877929688,1008,119229599.08714294,418
CCJ,2021-12-31,21.599365234375,1008,118770466.33853912,419
FICO,2021-12-31,433.6700134277344,1008,118432975.50354004,420
MTD,2021-12-31,1697.2099609375,1008,118393103.83300781,421
CRSP,2021-12-31,75.77999877929688,1008,118132140.43159485,422
HSY,2021-12-31,172.77943420410156,1008,117910086.89498901,423
LAR,2021-12-31,11.723027229309082,1008,117908428.87945938,424
CDW,2021-12-31,192.60939025878903,1008,117718648.6038208,425
HUT,2021-12-31,39.25,963,117582578.42704773,426
HBAN,2021-12-31,12.611809730529783,1008,117034468.58735085,427
FVRR,2021-12-31,113.6999969482422,645,116794836.7980957,428
CRL,2021-12-31,376.7799987792969,1008,116256562.8036499,429
VRSN,2021-12-31,250.02700805664065,1008,115849505.0491333,430
INMD,2021-12-31,70.58000183105469,606,115127684.0675354,431
GAP,2021-12-31,14.561250686645508,1008,113846053.62577438,432
TSN,2021-12-31,75.44593048095703,1008,113714035.40992737,433
OPTU,2021-12-31,16.18000030517578,1008,113580749.59573746,434
TPR,2021-12-31,36.11689376831055,1008,113426228.17630768,435
GLOB,2021-12-31,314.0899963378906,1008,113308971.63696289,436
SAM,2021-12-31,505.1000061035156,1008,112870054.95300293,437
EXPD,2021-12-31,127.34282684326172,1008,112344907.15942383,438
INVH,2021-12-31,38.74824523925781,1008,112009099.60155487,439
AR,2021-12-31,17.5,1008,111611382.4186325,440
BUD,2021-12-31,56.496036529541016,1008,111453491.01867676,441
TFX,2021-12-31,317.47503662109375,1008,111407720.42388916,442
YUMC,2021-12-31,47.001983642578125,1008,111024309.82570648,443
GDDY,2021-12-31,84.86000061035156,1008,110726838.45291138,444
WAT,2021-12-31,372.6000061035156,1008,109853934.7946167,445
UAA,2021-12-31,21.190000534057617,1008,109652419.5602417,446
RSG,2021-12-31,131.8772735595703,1008,109138744.00787354,447
FTV,2021-12-31,56.38754653930664,1008,108913029.72950745,448
AME,2021-12-31,142.7557373046875,1008,108642962.58659363,449
INCY,2021-12-31,73.4000015258789,1008,108561061.48223877,450
BMRN,2021-12-31,88.3499984741211,1008,108397133.63342285,451
AMBA,2021-12-31,202.88999938964844,1008,108335385.24246216,452
IR,2021-12-31,61.546363830566406,1008,108067217.96035767,453
NTAP,2021-12-31,82.55439758300781,1008,107470636.66381836,454
POOL,2021-12-31,530.381591796875,1008,107425549.68261719,455
EPD,2021-12-31,15.936599731445312,1008,106713348.69236948,456
FSLY,2021-12-31,35.45000076293945,663,106710064.34001923,457
MLM,2021-12-31,428.5201110839844,1008,106527881.98852539,458
CHKP,2021-12-31,116.55999755859376,1008,106288904.08706665,459
MT,2021-12-31,29.6041259765625,1008,106112684.49935913,460
CPRT,2021-12-31,37.904998779296875,1008,106104447.42279053,461
STNE,2021-12-31,13.928330421447754,802,105619006.62398338,462
ICLR,2021-12-31,309.70001220703125,1008,105525838.64746094,463
XP,2021-12-31,25.28956413269043,519,104754904.22792435,464
VICI,2021-12-31,23.536178588867188,1008,104743634.85431671,465
PWR,2021-12-31,113.8156509399414,1008,104448682.55653381,466
PHM,2021-12-31,54.80762481689453,1008,103975082.00969696,467
OKE,2021-12-31,46.03432083129883,1008,103568874.08981323,468
LUMN,2021-12-31,11.724677085876465,1008,102984803.28502657,469
WY,2021-12-31,34.19705581665039,1008,102722957.77988434,470
ALNY,2021-12-31,169.5800018310547,1008,101515590.67840576,471
FOXA,2021-12-31,34.821990966796875,710,101437596.22859955,472
NTR,2021-12-31,65.53848266601562,1008,100596320.83053589,473
VTRS,2021-12-31,11.139687538146973,1008,100331794.72694397,474
OMC,2021-12-31,62.51610565185547,1008,100085052.30255127,475
LAD,2021-12-31,287.6051330566406,1008,99794136.45629883,476
AN,2021-12-31,116.8499984741211,1008,99672124.86419678,477
FIVE,2021-12-31,206.88999938964844,1008,99447638.34228516,478
CVE,2021-12-31,11.043676376342772,1008,99210936.82541847,479
WHR,2021-12-31,184.9965362548828,1008,99104970.30944824,480
CTVA,2021-12-31,45.057655334472656,658,98954524.21684265,481
CE,2021-12-31,156.69381713867188,1008,98654320.63217163,482
AI,2021-12-31,31.25,268,98598377.01892853,483
HIG,2021-12-31,63.1256103515625,1008,98574737.24555969,484
PPL,2021-12-31,25.854887008666992,1008,98313525.8852005,485
AWK,2021-12-31,171.28927612304688,1008,98304021.07543945,486
CHD,2021-12-31,97.12532043457033,1008,98018495.52383423,487
BTI,2021-12-31,26.645408630371097,1008,97901734.49306488,488
ELAN,2021-12-31,28.3799991607666,827,97697958.36734772,489
STLD,2021-12-31,58.05382537841797,1008,97683645.42121887,490
EIX,2021-12-31,55.073848724365234,1008,96299379.3308258,491
ETR,2021-12-31,48.04030227661133,1008,96291264.83955383,492
ARE,2021-12-31,180.49301147460935,1008,95878777.63748169,493
TECK,2021-12-31,27.014114379882812,1008,95793255.80158234,494
FE,2021-12-31,34.61317443847656,1008,95628098.0102539,495
IONQ,2021-12-31,16.700000762939453,252,95506220.13254166,496
COO,2021-12-31,104.69979095458984,1008,95070553.2119751,497
MHK,2021-12-31,182.17999267578125,1008,94463617.71621704,498
ALK,2021-12-31,52.099998474121094,1008,93355962.99095154,499
XPO,2021-12-31,46.00712966918945,1008,93086086.9948349,500
HDB,2021-12-31,30.44375228881836,1008,92535040.78140259,501
COR,2021-12-31,127.14849853515624,1008,92178131.75811768,502
OVV,2021-12-31,30.055885314941406,1008,91925057.60498047,503
P,2021-12-31,32.54999923706055,1008,91548460.49308777,504
GWW,2021-12-31,495.82220458984375,1008,91398227.89764404,505
GH,2021-12-31,100.0199966430664,817,90892932.50732422,506
STM,2021-12-31,46.99711608886719,1008,90320698.88763428,507
GRMN,2021-12-31,123.42717742919922,1008,89833897.2076416,508
AES,2021-12-31,20.217683792114254,1008,89595958.4060669,509
LW,2021-12-31,58.15862274169922,1008,89303580.33447266,510
RGEN,2021-12-31,264.8399963378906,1008,89132180.74188232,511
ASO,2021-12-31,42.27388000488281,315,89088831.38923645,512
AEO,2021-12-31,22.2437801361084,1008,88995462.11986542,513
EXR,2021-12-31,188.0575408935547,1008,88718670.52764893,514
FOUR,2021-12-31,57.93000030517578,398,88679138.47370148,515
TDY,2021-12-31,436.8900146484375,1008,88341472.92938232,516
PTC,2021-12-31,121.1500015258789,1008,88279332.0072174,517
FFIV,2021-12-31,244.7100067138672,1008,87860400.27923584,518
VOYA,2021-12-31,60.54073715209961,1008,87599210.02693176,519
STE,2021-12-31,233.5600128173828,1008,87474991.18423462,520
DOV,2021-12-31,171.71609497070312,1008,87395620.19348145,521
RL,2021-12-31,108.80332946777344,1008,87366775.72746277,522
PODD,2021-12-31,266.07000732421875,1008,87176736.328125,523
HST,2021-12-31,13.69737148284912,1008,86916993.47791672,524
FDS,2021-12-31,463.0574951171875,1008,86679798.2788086,525
WCN,2021-12-31,132.12986755371094,1008,86644536.71875,526
CCK,2021-12-31,105.21466064453124,1008,86537717.98706055,527
CNQ,2021-12-31,16.89482879638672,1008,86186955.81872892,528
SYNA,2021-12-31,289.510009765625,1008,85977711.69433594,529
PEG,2021-12-31,57.38685607910156,1008,85887620.94211578,530
TXG,2021-12-31,148.9600067138672,582,85645680.94024658,531
DVA,2021-12-31,113.76000213623048,1008,85545091.52984619,532
RY,2021-12-31,91.25943756103516,1008,85518821.68045044,533
JBHT,2021-12-31,195.83042907714844,1008,85468876.7539978,534
RRC,2021-12-31,17.11011505126953,1008,85370553.6570549,535
MAS,2021-12-31,64.45757293701172,1008,84238254.36744691,536
CPRI,2021-12-31,64.91000366210938,1008,84027388.8540268,537
LMND,2021-12-31,42.11000061035156,379,83665035.9292984,538
BR,2021-12-31,168.64671325683594,1008,83586957.18231201,539
CG,2021-12-31,47.265663146972656,1008,83566638.61675262,540
MGA,2021-12-31,69.233642578125,1008,83240990.81077576,541
AUPH,2021-12-31,22.8700008392334,1008,83005199.52487946,542
NTLA,2021-12-31,118.23999786376952,1008,82303984.72709656,543
UHS,2021-12-31,126.71597290039062,1008,82260320.51849365,544
SIRI,2021-12-31,53.204063415527344,1008,82189858.92097473,545
NVO,2021-12-31,50.57741165161133,1008,81833410.49194336,546
EMN,2021-12-31,101.63724517822266,1008,81798779.29611206,547
DTE,2021-12-31,102.97525024414062,1008,81526367.7154541,548
CHRW,2021-12-31,97.03337860107422,1008,81360314.53399658,549
BBBY,2021-12-31,59.0099983215332,1008,81275168.13030243,550
AEM,2021-12-31,47.803165435791016,1008,81125175.19264221,551
CNP,2021-12-31,24.90582847595215,1008,80960558.5515976,552
ES,2021-12-31,75.57884979248047,1008,80921648.32954407,553
XYL,2021-12-31,113.38912200927734,1008,80472575.5859375,554
TRU,2021-12-31,115.63215637207033,1008,80421685.01205444,555
RACE,2021-12-31,248.7533721923828,1008,80249627.80456543,556
DAR,2021-12-31,69.29000091552734,1008,80039922.05047607,557
TYL,2021-12-31,537.9500122070312,1008,79792504.23583984,558
DBX,2021-12-31,24.540000915527344,952,79689230.59692383,559
MKTX,2021-12-31,387.7554626464844,1008,79686007.96203613,560
CAG,2021-12-31,26.984455108642575,1008,79673195.65620422,561
HAPN,2021-12-31,24.18000030517578,1008,79577657.77416229,562
PVH,2021-12-31,105.75728607177734,1008,79391457.91854858,563
PKG,2021-12-31,119.15184020996094,1008,79247681.14852905,564
CLVT,2021-12-31,23.520000457763672,800,79015122.78022766,565
RJF,2021-12-31,93.71029663085938,1008,78731474.93515015,566
NI,2021-12-31,23.837379455566406,1008,78485054.37612534,567
VTR,2021-12-31,43.97879409790039,1008,77932795.27549744,568
NVR,2021-12-31,5908.8701171875,1008,77508101.22070312,569
BKKT,2021-12-31,212.75,281,77452861.5,570
ROG,2021-12-31,273.0,1008,77430020.87402344,571
TRMB,2021-12-31,87.19000244140625,1008,77334485.99853516,572
TD,2021-12-31,63.61091995239258,1008,77284314.76345062,573
MP,2021-12-31,45.41999816894531,387,77099956.67610168,574
PAGS,2021-12-31,24.848188400268555,993,76797322.58548737,575
TREX,2021-12-31,135.02999877929688,1008,76652814.21813965,576
LSPD,2021-12-31,40.43000030517578,330,76263533.17337036,577
SSNC,2021-12-31,77.0053939819336,1008,76244652.2857666,578
BRO,2021-12-31,68.08781433105469,1008,75936373.12698364,579
MKC,2021-12-31,86.94210815429688,1008,75926687.99591064,580
PFG,2021-12-31,61.63322830200195,1008,75871170.0963974,581
BE,2021-12-31,21.93000030517578,867,75701716.76387787,582
WEC,2021-12-31,83.17961883544922,1008,75439227.93083191,583
XRAY,2021-12-31,50.327110290527344,1008,75146556.19697571,584
YETI,2021-12-31,82.83000183105469,802,74919203.96652222,585
SAIA,2021-12-31,337.0299987792969,1008,74910425.23498535,586
LPX,2021-12-31,73.66630554199219,1008,74614308.39881897,587
TXT,2021-12-31,76.84326171875,1008,73793168.6668396,588
KGC,2021-12-31,5.3698039054870605,1008,73692688.15612793,589
TTE,2021-12-31,38.72536087036133,1008,73678774.933815,590
BB,2021-12-31,9.350000381469728,1008,73676666.60604477,591
OC,2021-12-31,83.25442504882812,1008,73633448.00300598,592
TECH,2021-12-31,126.63604736328124,1008,73480085.37139893,593
CPT,2021-12-31,151.73716735839844,1008,73403731.76574707,594
KNX,2021-12-31,57.81049346923828,1008,73355745.61214447,595
HWM,2021-12-31,31.409711837768555,1008,73153646.37088776,596
QDEL,2021-12-31,134.99000549316406,1008,72877438.15002441,597
WPM,2021-12-31,40.970699310302734,1008,72748626.89094543,598
CGC,2021-12-31,87.30000305175781,1008,72117010.67733765,599
LKQ,2021-12-31,52.97926330566406,1008,72068248.1431961,600
SM,2021-12-31,26.808334350585938,1008,71895372.34430313,601
AVY,2021-12-31,199.5069122314453,1008,71882093.6553955,602
LII,2021-12-31,307.3875732421875,1008,71711235.77270508,603
PCTY,2021-12-31,236.16000366210935,1008,71454731.95648193,604
BG,2021-12-31,82.6008529663086,1008,71390378.35273743,605
SAP,2021-12-31,128.80401611328125,1008,71329994.23866272,606
SIG,2021-12-31,82.50164031982422,1008,70754783.75434875,607
LNC,2021-12-31,53.051605224609375,1008,70650574.55387115,608
OLN,2021-12-31,52.22697448730469,1008,70471272.27993011,609
GEN,2021-12-31,23.636817932128903,1008,70142777.98576355,610
CPB,2021-12-31,35.99209213256836,1008,70091979.9407959,611
FNV,2021-12-31,132.80677795410156,1008,70039630.67779541,612
BN,2021-12-31,31.30185890197754,1008,70012918.67999554,613
FBIN,2021-12-31,84.86630249023438,1008,69880459.21675873,614
COHR,2021-12-31,68.33000183105469,1008,69864845.50666809,615
ESS,2021-12-31,297.61962890625,1008,69763246.01898193,616
SITM,2021-12-31,292.5400085449219,533,69621956.34460449,617
EQH,2021-12-31,29.21689224243164,919,69553322.04637527,618
ATO,2021-12-31,93.81220245361328,1008,69426983.6807251,619
PNR,2021-12-31,68.83892822265625,1008,69189822.66616821,620
WU,2021-12-31,12.191997528076172,1008,68981997.30100632,621
BWA,2021-12-31,37.24332809448242,1008,68946643.28821564,622
NLY,2021-12-31,16.768795013427734,1008,68874890.60497284,623
TNDM,2021-12-31,150.52000427246094,1008,68659666.92504883,624
LEA,2021-12-31,163.4072265625,1008,68656421.94900513,625
AEE,2021-12-31,77.85493469238281,1008,68521945.14541626,626
HRL,2021-12-31,41.88972091674805,1008,68422984.43126678,627
NRG,2021-12-31,38.21442794799805,1008,68374576.6664505,628
DOC,2021-12-31,27.788654327392575,1008,68356236.19709015,629
GT,2021-12-31,21.31999969482422,1008,68271159.29889679,630
ZG,2021-12-31,62.220001220703125,1008,68139473.81973267,631
BIO,2021-12-31,755.5700073242188,1008,68085681.82678223,632
WAL,2021-12-31,97.37361145019533,1008,68043269.91577148,633
SJM,2021-12-31,116.14685821533205,1008,67692900.59928894,634
FND,2021-12-31,130.00999450683594,1008,67672325.29678345,635
AXON,2021-12-31,157.0,1008,67353149.38735962,636
EDU,2021-12-31,20.55212020874023,1008,66907250.99565506,637
SRPT,2021-12-31,90.05000305175781,1008,66880073.64349365,638
NTRS,2021-12-31,104.23851776123048,1008,66578004.96826172,639
USFD,2021-12-31,34.83000183105469,1008,66455977.45800018,640
PLNT,2021-12-31,90.58000183105467,1008,66254125.60501099,641
TRIP,2021-12-31,27.260000228881836,1008,66200352.84919739,642
BJ,2021-12-31,66.97000122070312,885,66189214.341545105,643
AER,2021-12-31,64.05517578125,1008,66149892.86613464,644
WAB,2021-12-31,89.80281829833984,1008,65832412.00256348,645
RNR,2021-12-31,164.05752563476562,1008,65786813.819885254,646
NBIX,2021-12-31,85.16999816894531,1008,65685402.00996399,647
ALLE,2021-12-31,124.46829223632812,1008,65250252.963256836,648
MTN,2021-12-31,266.3710632324219,1008,65182994.956970215,649
PNW,2021-12-31,57.9792594909668,1008,65145286.31362915,650
CMRC,2021-12-31,35.369998931884766,356,65131995.7157135,651
VST,2021-12-31,21.08285903930664,1008,64876052.81639099,652
PPLI,2021-12-31,107.22723388671876,1008,64771731.83766174,653
UPWK,2021-12-31,34.15999984741211,818,64635314.270210266,654
JAZZ,2021-12-31,127.4000015258789,1008,64299313.65280151,655
JKHY,2021-12-31,157.55810546875,1008,64222209.94949341,656
MOH,2021-12-31,318.0799865722656,1008,64079653.72619629,657
IVZ,2021-12-31,18.88383674621582,1008,63905854.57391739,658
ZION,2021-12-31,53.80826187133789,1008,63491982.538414,659
SONO,2021-12-31,29.799999237060547,861,63357373.31542969,660
LPLA,2021-12-31,156.83364868164062,1008,63251686.55395508,661
CELH,2021-12-31,24.856666564941406,1008,63233609.48123932,662
J,2021-12-31,110.7164077758789,1008,63216513.78367996,663
SGI,2021-12-31,44.846336364746094,1008,63045634.61303711,664
UDR,2021-12-31,49.96927261352539,1008,62891345.71247101,665
COTY,2021-12-31,10.5,1008,62758475.38149357,666
STEM,2021-12-31,379.3999938964844,311,62551062.76557922,667
BYD,2021-12-31,62.613525390625,1008,62488540.45715332,668
RRX,2021-12-31,163.04530334472656,1008,62063376.92718506,669
WSC,2021-12-31,40.13612747192383,1008,62049445.84159852,670
SNA,2021-12-31,191.32728576660156,1008,61922359.481048584,671
FMC,2021-12-31,94.61004638671876,1008,61856141.453933716,672
JLL,2021-12-31,269.3399963378906,1008,61677629.17175293,673
BXP,2021-12-31,90.33943176269533,1008,61388310.999679565,674
AOS,2021-12-31,78.94606018066406,1008,61211398.44665527,675
QSR,2021-12-31,51.85923767089844,1008,61208954.9325943,676
CIEN,2021-12-31,76.97000122070312,1008,61183815.41900635,677
H,2021-12-31,94.57022094726562,1008,61109258.46672058,678
ACGL,2021-12-31,42.26744079589844,1008,60956501.890182495,679
LSCC,2021-12-31,77.05999755859375,1008,60955934.41734314,680
OLED,2021-12-31,156.70120239257812,1008,60854663.92059326,681
CACC,2021-12-31,687.6799926757812,1008,60439145.5078125,682
TXRH,2021-12-31,82.31889343261719,1008,60428518.7461853,683
ARMK,2021-12-31,25.25778007507324,1008,60279123.89188671,684
MKSI,2021-12-31,168.16403198242188,1008,60176242.012023926,685
NTRA,2021-12-31,93.38999938964844,1008,59978953.30123901,686
OHI,2021-12-31,20.691274642944336,1008,59896111.45076752,687
IEX,2021-12-31,222.1254119873047,1008,59805559.33761597,688
CMS,2021-12-31,56.55634307861328,1008,59504391.15791321,689
GPC,2021-12-31,123.06263732910156,1008,59502828.91921997,690
REXR,2021-12-31,69.28653717041016,1008,59253181.63661957,691
GRAB,2021-12-31,7.130000114440918,274,59245743.86353493,692
WEX,2021-12-31,140.38999938964844,1008,59151300.13427734,693
RHI,2021-12-31,92.90045928955078,1008,59090893.200302124,694
KLIC,2021-12-31,56.276329040527344,1008,58876306.76956177,695
SABR,2021-12-31,8.59000015258789,1008,58833268.86410713,696
TRGP,2021-12-31,47.31609725952149,1008,58808602.84729004,697
THC,2021-12-31,81.69000244140625,1008,58588056.49642944,698
NWSA,2021-12-31,21.424205780029297,1008,58461850.51488876,699
CNH,2021-12-31,15.058295249938965,1008,58419079.079265594,700
BEN,2021-12-31,26.607587814331055,1008,58255316.25967026,701
AGCO,2021-12-31,100.32035064697266,1008,58207242.042160034,702
NTNX,2021-12-31,31.86000061035156,1008,58125945.39813995,703
RPRX,2021-12-31,35.74129104614258,391,58077999.935531616,704
BLDP,2021-12-31,12.5600004196167,1008,57814267.90275574,705
AXTA,2021-12-31,33.119998931884766,1008,57620382.01932907,706
LITE,2021-12-31,105.7699966430664,1008,57606600.51727295,707
TAP,2021-12-31,40.053958892822266,1008,57584241.078567505,708
SQM,2021-12-31,42.2529182434082,1008,57467863.720321655,709
PFGC,2021-12-31,45.88999938964844,1008,57382480.74607849,710
OLLI,2021-12-31,51.189998626708984,1008,57368464.89028931,711
SLAB,2021-12-31,206.4199981689453,1008,57045146.26312256,712
IRM,2021-12-31,44.18922424316406,1008,56654750.55599213,713
LDOS,2021-12-31,83.9951171875,1008,56609047.54600525,714
AYI,2021-12-31,209.2126007080078,1008,56552807.55844116,715
VRT,2021-12-31,24.86075210571289,861,56507785.48736572,716
MAT,2021-12-31,21.559999465942383,1008,56025408.0581665,717
AMCR,2021-12-31,49.39459609985352,1008,55872595.59013367,718
SFIX,2021-12-31,18.920000076293945,1008,55796667.07954407,719
PII,2021-12-31,94.09137725830078,1008,55772379.15878296,720
HAS,2021-12-31,84.43961334228516,1008,55713993.34869385,721
TRP,2021-12-31,37.29677200317383,1008,55674184.54685211,722
SNDL,2021-12-31,5.78000020980835,611,55606160.96329689,723
BAH,2021-12-31,77.72886657714844,1008,55261984.41963196,724
DXC,2021-12-31,32.189998626708984,1008,54992623.116874695,725
ANF,2021-12-31,34.83000183105469,1008,54928306.73789978,726
CUBE,2021-12-31,46.0841064453125,1008,54881412.05596924,727
BNS,2021-12-31,57.42303085327149,1008,54463199.20749664,728
OSK,2021-12-31,104.3970947265625,1008,54449839.808654785,729
THO,2021-12-31,94.056640625,1008,54343431.79740906,730
AZTA,2021-12-31,103.11000061035156,1008,53947653.79180908,731
BTU,2021-12-31,9.632730484008787,1008,53804070.71771622,732
TOL,2021-12-31,68.86518096923828,1008,53248826.38320923,733
MIDD,2021-12-31,158.29444885253906,1008,53192303.74356079,734
GTLS,2021-12-31,159.49000549316406,1008,53074556.60247803,735
RKT,2021-12-31,12.307337760925291,355,52984737.798929214,736
FNF,2021-12-31,40.27806091308594,1008,52807710.96632767,737
LOGI,2021-12-31,77.03534698486328,1008,52764365.00663757,738
BHC,2021-12-31,27.61000061035156,1008,52727523.103523254,739
ACM,2021-12-31,73.7860336303711,1008,52473056.75239563,740
MTDR,2021-12-31,34.23219299316406,1008,52441768.93157959,741
SHAK,2021-12-31,72.16000366210938,1008,52238919.85054016,742
LBTYK,2021-12-31,14.706806182861328,1008,52111747.65214062,743
GDRX,2021-12-31,32.68000030517578,322,52075222.14355469,744
EHC,2021-12-31,49.75437927246094,1008,51716395.23519516,745
EEFT,2021-12-31,119.16999816894533,1008,51694960.34889221,746
RVLV,2021-12-31,56.040000915527344,649,51669272.15614319,747
CNK,2021-12-31,15.823724746704102,1008,51593951.43108368,748
FHN,2021-12-31,14.009710311889648,1008,51474197.113895416,749
SITE,2021-12-31,242.27999877929688,1008,51420687.07885742,750
TWST,2021-12-31,77.38999938964844,798,51390438.6631012,751
FATE,2021-12-31,58.5099983215332,1008,51138625.79231262,752
MKL,2021-12-31,1234.0,1008,51065339.904785156,753
EVRG,2021-12-31,57.19486999511719,1008,51051953.22380066,754
MTZ,2021-12-31,92.27999877929688,1008,50997529.8374176,755
FLG,2021-12-31,31.419374465942383,1008,50781026.033638,756
NYT,2021-12-31,45.86811447143555,1008,50771955.585861206,757
IBKR,2021-12-31,19.377412796020508,1008,50574630.70144653,758
NVCR,2021-12-31,75.08000183105469,1008,50502974.64103699,759
KRNT,2021-12-31,152.25,1008,49958900.93688965,760
FLEX,2021-12-31,13.813112258911133,1008,49586342.46497917,761
BFH,2021-12-31,61.2484016418457,1008,49100978.527656555,762
EG,2021-12-31,251.6685485839844,1008,48983335.26306152,763
ENOV,2021-12-31,79.12220001220703,1008,48838447.313999176,764
EVR,2021-12-31,125.26915740966795,1008,48750711.236572266,765
JEF,2021-12-31,32.31867599487305,1008,48717914.37010956,766
PACB,2021-12-31,20.459999084472656,1008,48709106.47649765,767
TW,2021-12-31,98.25497436523438,693,48701813.17214966,768
MRVI,2021-12-31,41.900001525878906,280,48658212.610054016,769
DDD,2021-12-31,21.540000915527344,1008,48646016.48273468,770
LNT,2021-12-31,52.99207305908203,1008,48601477.57472992,771
COLD,2021-12-31,27.066144943237305,996,48543681.84900284,772
CX,2021-12-31,6.635128021240234,1008,48452599.7685194,773
ARW,2021-12-31,134.27000427246094,1008,48446174.2351532,774
HSIC,2021-12-31,77.52999877929688,1008,48318037.507247925,775
DDS,2021-12-31,198.5790100097656,1008,48204143.492126465,776
BOOT,2021-12-31,123.0500030517578,1008,48095752.23388672,777
CINF,2021-12-31,101.747314453125,1008,47951783.31832885,778
FWONK,2021-12-31,61.14345169067383,1008,47944346.252599716,779
NOV,2021-12-31,12.381369590759276,1008,47777587.268304825,780
ABG,2021-12-31,172.72999572753906,1008,47649568.93615723,781
HUN,2021-12-31,28.83497428894043,1008,47587691.13750458,782
EQNR,2021-12-31,18.27885627746582,1008,47454209.905052185,783
MFC,2021-12-31,15.691073417663574,1008,47404221.8606472,784
BRKR,2021-12-31,82.54779052734375,1008,47365099.81536865,785
AG,2021-12-31,10.969706535339355,1008,47343566.77360535,786
UNM,2021-12-31,21.49033546447754,1008,47308843.50042343,787
SFM,2021-12-31,29.68000030517578,1008,47275467.33341217,788
ALC,2021-12-31,85.58910369873047,690,47273958.80088806,789
ELS,2021-12-31,76.94268798828125,1008,47110983.47320557,790
WH,2021-12-31,82.2782211303711,912,46939592.95043945,791
KEEL,2021-12-31,5.050000190734863,600,46801704.33330536,792
BMO,2021-12-31,90.02983856201172,1008,46549424.10774231,793
URBN,2021-12-31,29.36000061035156,1008,46348714.43939209,794
JBL,2021-12-31,69.40679931640625,1008,46334161.893844604,795
ALV,2021-12-31,91.5107192993164,1008,46297083.10928345,796
REG,2021-12-31,62.732398986816406,1008,46257348.18344116,797
AGNC,2021-12-31,7.912835597991943,1008,46153609.030246735,798
FRPT,2021-12-31,95.2699966430664,1008,46142155.56335449,799
DINO,2021-12-31,27.786399841308594,1008,45929068.58739853,800
NVST,2021-12-31,45.060001373291016,578,45826312.8452301,801
PSFE,2021-12-31,46.91999816894531,310,45743372.57938385,802
AIZ,2021-12-31,144.38577270507812,1008,45672971.02661133,803
EWBC,2021-12-31,69.85804748535156,1008,45225893.074798584,804
KBH,2021-12-31,41.604549407958984,1008,45082589.818573,805
SCCO,2021-12-31,48.889251708984375,1008,45007308.35752106,806
AMN,2021-12-31,122.33000183105467,1008,45000032.517623894,807
FCNCA,2021-12-31,816.6781616210938,1008,44719646.087646484,808
OMF,2021-12-31,34.06380844116211,1008,44666480.321121216,809
WLK,2021-12-31,89.89956665039062,1008,44665452.03399658,810
GWRE,2021-12-31,113.52999877929688,1008,44526585.73379517,811
HII,2021-12-31,169.48243713378906,1008,44496963.22250366,812
SMG,2021-12-31,134.34194946289062,1008,44445560.428619385,813
BEAM,2021-12-31,79.69000244140625,481,44156403.80859375,814
CABO,2021-12-31,1646.2679443359375,1008,44106747.595214844,815
BL,2021-12-31,103.54000091552734,1008,44007482.49549866,816
NWL,2021-12-31,17.57742691040039,1008,43887323.33602905,817
RPD,2021-12-31,117.69000244140624,1008,43801241.75186157,818
INSP,2021-12-31,230.05999755859375,924,43795605.976867676,819
HOG,2021-12-31,34.086978912353516,1008,43697070.75920105,820
SCI,2021-12-31,65.9195556640625,1008,43553841.11709595,821
WMS,2021-12-31,133.28228759765625,1008,43462489.25743103,822
WK,2021-12-31,130.49000549316406,1008,43389078.62243652,823
CGNX,2021-12-31,75.41773986816406,1008,43385982.15293884,824
ARRY,2021-12-31,15.6899995803833,306,43326340.563583374,825
BF.B,2021-12-31,66.53195190429688,1008,43301378.98712158,826
BC,2021-12-31,91.3700942993164,1008,43172791.48101807,827
MPT,2021-12-31,15.915657997131348,1008,43138263.48633766,828
FRT,2021-12-31,112.4375,1008,42943127.057647705,829
ZD,2021-12-31,110.86000061035156,1008,42875003.23791503,830
WING,2021-12-31,163.41064453125,1008,42752580.741882324,831
PRGO,2021-12-31,32.43165588378906,1008,42751773.42853546,832
HRI,2021-12-31,143.77365112304688,1008,42637019.81506348,833
HLF,2021-12-31,40.93000030517578,1008,42613612.619400024,834
VNO,2021-12-31,36.53033447265625,1008,42416832.471466064,835
MANH,2021-12-31,155.49000549316406,1008,42270312.257385254,836
OMCL,2021-12-31,180.44000244140625,1008,42258234.73815918,837
NXST,2021-12-31,129.56588745117188,1008,42116200.3326416,838
HSBC,2021-12-31,22.418291091918945,1008,41999124.88231659,839
SPT,2021-12-31,90.69000244140624,517,41970915.33241272,840
RS,2021-12-31,150.89598083496094,1008,41873654.637908936,841
FR,2021-12-31,58.23012924194336,1008,41716401.07116699,842
VRNS,2021-12-31,48.779998779296875,1008,41664180.629730225,843
CSL,2021-12-31,236.1675720214844,1008,41640168.31741333,844
TTEK,2021-12-31,32.95883560180664,1008,41491443.75991821,845
MUR,2021-12-31,22.41730499267578,1008,41465695.53222656,846
EVGO,2021-12-31,9.9399995803833,280,41462601.79824829,847
GFL,2021-12-31,37.62040710449219,464,41117501.65939331,848
MGNI,2021-12-31,17.5,1008,40939279.18357849,849
WPC,2021-12-31,61.9185791015625,1008,40935812.26898193,850
PK,2021-12-31,12.749380111694336,1008,40881845.36848068,851
APPN,2021-12-31,65.20999908447266,1008,40707154.109954834,852
PLAY,2021-12-31,38.400001525878906,1008,40669374.9671936,853
AU,2021-12-31,18.266082763671875,1008,40426672.701358795,854
TRI,2021-12-31,109.42401123046876,1008,40237988.457611084,855
WKHS,2021-12-31,13080.0,1008,40200960.0,856
EXP,2021-12-31,162.3328399658203,1008,40185205.069732666,857
ANY,2021-12-31,218.3999938964844,1008,40178792.5,858
CCEP,2021-12-31,49.10795211791992,1008,40080595.33843994,859
IPGP,2021-12-31,172.13999938964844,1008,40059920.429992676,860
EAT,2021-12-31,36.59000015258789,1008,39998690.296936035,861
HEI,2021-12-31,143.4803924560547,1008,39910178.800201416,862
GNTX,2021-12-31,32.05304718017578,1008,39771662.926483154,863
RGLD,2021-12-31,99.5498504638672,1008,39757369.67506409,864
RPM,2021-12-31,92.99053955078124,1008,39693556.230545044,865
ROL,2021-12-31,32.291255950927734,1008,39679778.098487854,866
TENB,2021-12-31,55.06999969482422,866,39651731.663131714,867
BRX,2021-12-31,20.53285789489746,1008,39562774.79047775,868
GGG,2021-12-31,76.1282958984375,1008,39559085.08453369,869
AEHR,2021-12-31,24.18000030517578,1008,39515106.75153732,870
BOX,2021-12-31,26.190000534057617,1008,39479371.746349335,871
WRB,2021-12-31,33.0385627746582,1008,39405424.89359379,872
RGA,2021-12-31,99.91585540771484,1008,39311225.4863739,873
MTG,2021-12-31,12.952098846435549,1008,39170366.674518585,874
ARWR,2021-12-31,66.30000305175781,1008,39158539.85671997,875
RKLB,2021-12-31,12.279999732971191,278,39147892.10691452,876
VYX,2021-12-31,24.66257667541504,1008,39009147.35423088,877
CRI,2021-12-31,83.7508773803711,1008,38964943.172073364,878
ST,2021-12-31,58.36868667602539,1008,38854557.78617859,879
CNX,2021-12-31,13.75,1008,38843253.42140198,880
PAAS,2021-12-31,22.917634963989254,1008,38798066.19138718,881
DOX,2021-12-31,67.36972045898438,1008,38739152.43034363,882
KBR,2021-12-31,45.237754821777344,1008,38680368.96686554,883
BSY,2021-12-31,47.26895523071289,322,38431880.90419769,884
FLR,2021-12-31,24.770000457763672,1008,38372802.15921402,885
LSTR,2021-12-31,162.49169921875,1008,38340927.4520874,886
GOOS,2021-12-31,37.060001373291016,1008,38153127.196884155,887
UA,2021-12-31,18.040000915527344,1008,38074077.08808899,888
EDIT,2021-12-31,26.549999237060547,1008,38064061.956214905,889
PHG,2021-12-31,32.745540618896484,1008,37951321.2310791,890
GL,2021-12-31,90.06053924560547,1008,37763529.9495697,891
ARES,2021-12-31,70.36331939697266,1008,37713223.25592041,892
WCC,2021-12-31,127.49527740478516,1008,37629266.832733154,893
XRX,2021-12-31,16.97849464416504,1008,37533688.65480423,894
ATKR,2021-12-31,106.7772979736328,1008,37506921.98219299,895
PUBM,2021-12-31,34.04999923706055,268,37483422.120666504,896
CHE,2021-12-31,520.4645385742188,1008,37426838.43231201,897
CSIQ,2021-12-31,31.290000915527344,1008,37418715.26145935,898
PBF,2021-12-31,11.62469482421875,1008,37348499.40366745,899
POST,2021-12-31,73.77617645263672,1008,37194312.53700638,900
TRUP,2021-12-31,132.02999877929688,1008,37047260.412597656,901
TDC,2021-12-31,42.470001220703125,1008,37032583.66756439,902
CALY,2021-12-31,27.440000534057617,1008,36736732.50293732,903
VAC,2021-12-31,145.58335876464844,1008,36595198.17657471,904
CALX,2021-12-31,79.97000122070312,1008,36587821.93069458,905
VIR,2021-12-31,41.869998931884766,561,36394204.92267609,906
CRNC,2021-12-31,76.63999938964844,580,36263113.61618042,907
L,2021-12-31,56.88312911987305,1008,36191164.38713074,908
MAC,2021-12-31,14.076029777526855,1008,35952083.14652443,909
SLG,2021-12-31,54.34417724609375,1008,35906670.394527435,910
STAG,2021-12-31,39.753326416015625,1008,35903164.92881775,911
LPSN,2021-12-31,535.7999877929688,1008,35899885.51672363,912
HIVE,2021-12-31,13.199999809265137,1008,35815779.917144775,913
CARG,2021-12-31,33.63999938964844,1008,35698840.52944183,914
ARCB,2021-12-31,117.13439178466795,1008,35586336.838531494,915
FLGT,2021-12-31,100.58999633789062,1008,35561453.60946655,916
BLMN,2021-12-31,17.698362350463867,1008,35430983.20646286,917
R,2021-12-31,73.91605377197266,1008,35428740.94963074,918
QLYS,2021-12-31,137.22000122070312,1008,35404730.755615234,919
REAL,2021-12-31,11.609999656677246,634,35337460.94288826,920
TREE,2021-12-31,122.5999984741211,1008,35327326.77612305,921
BAP,2021-12-31,94.66277313232422,1008,35315472.93014526,922
DB,2021-12-31,10.819412231445312,1008,35251029.40320969,923
MGY,2021-12-31,17.087209701538086,1008,35089400.40578842,924
ASH,2021-12-31,98.24176788330078,1008,34905781.718444824,925
PZZA,2021-12-31,115.3407974243164,1008,34784741.67327881,926
PLBY,2021-12-31,26.63999938964844,338,34721653.15732956,927
BTBT,2021-12-31,6.079999923706055,955,34650565.55213928,928
BBIO,2021-12-31,16.68000030517578,635,34588019.628334045,929
MUSA,2021-12-31,194.87225341796875,1008,34504353.93447876,930
DEO,2021-12-31,194.32188415527344,1008,34451900.20828247,931
NDSN,2021-12-31,241.91622924804688,1008,34421109.020996094,932
TTC,2021-12-31,92.75980377197266,1008,34329870.53756714,933
EMBJ,2021-12-31,17.668373107910156,1008,34319154.42752838,934
NCNO,2021-12-31,54.86000061035156,372,34261282.42034912,935
RRR,2021-12-31,46.41018295288086,1008,34249217.248535156,936
WTRG,2021-12-31,46.659759521484375,1008,34116504.32357788,937
FOX,2021-12-31,32.17972183227539,709,33944579.95033264,938
CBRL,2021-12-31,106.36791229248048,1008,33912678.89556885,939
HUBB,2021-12-31,194.52203369140625,1008,33777091.65174866,940
EGP,2021-12-31,198.0192718505859,1008,33761581.90689087,941
PGNY,2021-12-31,50.349998474121094,551,33739784.03759003,942
PR,2021-12-31,5.183806896209717,1008,33641966.36388302,943
PFSI,2021-12-31,66.0154037475586,1008,33549367.232894897,944
PHUN,2021-12-31,131.5,1008,33493167.5,945
HL,2021-12-31,5.11391019821167,1008,33224976.85980797,946
WEN,2021-12-31,19.046274185180664,1008,33143548.95143509,947
WGO,2021-12-31,66.34795379638672,1008,33025963.717651367,948
CHDN,2021-12-31,118.85655975341795,1008,32966732.82852173,949
HRB,2021-12-31,20.374847412109375,1008,32893260.122966766,950
QGEN,2021-12-31,54.85149765014648,1008,32813420.655397415,951
BCE,2021-12-31,38.14361572265625,1008,32781852.73666382,952
ADNT,2021-12-31,47.880001068115234,1008,32776399.05834198,953
CASY,2021-12-31,192.4276885986328,1008,32726873.751068115,954
SBSW,2021-12-31,10.91656494140625,1008,32721185.871124268,955
TM,2021-12-31,167.80294799804688,1008,32631152.24456787,956
ASTH,2021-12-31,73.4800033569336,1008,32626892.848968506,957
GPK,2021-12-31,17.83305549621582,1008,32346908.309745792,958
CC,2021-12-31,28.77238655090332,1008,32228667.138957977,959
AGNT,2021-12-31,31.11593246459961,983,32228198.876190186,960
FTI,2021-12-31,5.801915168762207,1008,32210740.688204765,961
AAMI,2021-12-31,25.34585189819336,1008,32154451.87473297,962
ZWS,2021-12-31,34.89826583862305,1008,32151783.533477783,963
BAND,2021-12-31,71.76000213623047,1008,31961339.762878418,964
STLA,2021-12-31,13.69111442565918,1008,31901418.64924431,965
PD,2021-12-31,34.75,688,31857186.01913452,966
VVV,2021-12-31,36.70546340942383,1008,31838869.41013336,967
ALSN,2021-12-31,33.99284362792969,1008,31816174.91493225,968
CLH,2021-12-31,99.7699966430664,1008,31751207.680511475,969
PEN,2021-12-31,287.32000732421875,1008,31576441.117095947,970
CHH,2021-12-31,149.28431701660156,1008,31555475.34790039,971
CAKE,2021-12-31,34.921966552734375,1008,31518436.965179443,972
CYTK,2021-12-31,45.58000183105469,1008,31435130.364990234,973
BNGO,2021-12-31,1794.0,848,31286880.0,974
LEG,2021-12-31,34.37189483642578,1008,31211945.342826843,975
HLI,2021-12-31,95.3912124633789,1008,31188963.983535767,976
IOVA,2021-12-31,19.09000015258789,1008,31083420.326423645,977
CRUS,2021-12-31,92.0199966430664,1008,30870925.510787964,978
HXL,2021-12-31,49.82086181640625,1008,30784304.670143127,979
QTWO,2021-12-31,79.44000244140625,1008,30706636.97052002,980
BCRX,2021-12-31,13.850000381469728,1008,30652620.65472603,981
SLM,2021-12-31,17.700565338134766,1008,30560436.56053543,982
LEVI,2021-12-31,22.08986473083496,703,30557703.334236145,983
GPI,2021-12-31,189.62855529785156,1008,30532265.171813965,984
MTH,2021-12-31,57.222537994384766,1008,30524402.729415894,985
UUUU,2021-12-31,7.630000114440918,1008,30495387.462711334,986
VNT,2021-12-31,30.28348731994629,321,30495287.35218048,987
MRCY,2021-12-31,55.060001373291016,1008,30409557.38220215,988
UHAL,2021-12-31,72.48847198486328,1008,30394307.51800537,989
MAN,2021-12-31,81.10137176513672,1008,30353509.42840576,990
SKY,2021-12-31,78.9800033569336,1008,30308496.800613403,991
WMG,2021-12-31,39.06248092651367,400,30227372.22557068,992
CM,2021-12-31,47.77937316894531,1008,30178528.300857544,993
CWH,2021-12-31,32.86259078979492,1008,30176325.436401367,994
PEGA,2021-12-31,55.31245422363281,1008,30092324.465560913,995
EYE,2021-12-31,47.9900016784668,1008,30091969.85168457,996
LESL,2021-12-31,473.2000122070313,296,29950143.796539307,997
NEO,2021-12-31,34.119998931884766,1008,29909529.90283966,998
FMX,2021-12-31,67.95759582519531,1008,29899432.008743286,999
FAF,2021-12-31,66.72400665283203,1008,29853302.16445923,1000
CDNA,2021-12-31,45.47999954223633,1008,29847607.45639801,1001
MEDP,2021-12-31,217.63999938964844,1008,29799777.62069702,1002
CLSK,2021-12-31,9.520000457763672,1008,29720213.075447083,1003
SF,2021-12-31,43.02556610107422,1008,29630522.155094147,1004
ALGT,2021-12-31,180.78140258789065,1008,29563124.658203125,1005
LAMR,2021-12-31,96.75563049316406,1008,29492429.5463562,1006
HALO,2021-12-31,40.209999084472656,1008,29279495.571899414,1007
GPRE,2021-12-31,34.7599983215332,1008,29230074.215888977,1008
TKR,2021-12-31,64.18649291992188,1008,29116873.237609863,1009
NNN,2021-12-31,37.721885681152344,1008,29078612.07332611,1010
CACI,2021-12-31,269.2099914550781,1008,29072198.046875,1011
EXEL,2021-12-31,18.280000686645508,1008,28973289.37625885,1012
GLPI,2021-12-31,36.59229278564453,1008,28860748.05240631,1013
HGV,2021-12-31,52.11000061035156,1008,28858259.92164612,1014
WSO,2021-12-31,275.62774658203125,1008,28834425.29296875,1015
GMED,2021-12-31,72.19999694824219,1008,28796846.33331299,1016
STAA,2021-12-31,91.3000030517578,1008,28727808.23020935,1017
CNXC,2021-12-31,163.4873809814453,278,28697459.468078613,1018
LGIH,2021-12-31,154.47999572753906,1008,28678701.998901367,1019
ASND,2021-12-31,134.52999877929688,1008,28677470.053100586,1020
MXL,2021-12-31,75.38999938964844,1008,28671836.5070343,1021
ESI,2021-12-31,22.83736991882324,1008,28485636.80448532,1022
UPBD,2021-12-31,36.62662887573242,1008,28463921.181678772,1023
SDGR,2021-12-31,34.83000183105469,481,28450875.589752197,1024
ARVN,2021-12-31,82.13999938964844,822,28435362.23602295,1025
LBTYA,2021-12-31,14.29160213470459,1008,28415418.340174675,1026
POWI,2021-12-31,87.88087463378906,1008,28390025.244522095,1027
G,2021-12-31,49.78313064575195,1008,28154944.696998596,1028
RARE,2021-12-31,84.08999633789062,1008,28129617.721557617,1029
KRC,2021-12-31,51.14902877807617,1008,28126321.604919434,1030
ITT,2021-12-31,97.36084747314452,1008,28123128.689575195,1031
CNMD,2021-12-31,136.66778564453125,1008,27908568.635559082,1032
ING,2021-12-31,10.17308235168457,1008,27870205.332756046,1033
UBS,2021-12-31,15.584076881408691,1008,27808433.05015564,1034
SPB,2021-12-31,91.14997100830078,1008,27787849.724197388,1035
GRWG,2021-12-31,13.050000190734863,983,27776724.19052124,1036
RITM,2021-12-31,6.785646915435791,1008,27746373.296499252,1037
DLB,2021-12-31,88.55705261230469,1008,27709256.601715088,1038
JACK,2021-12-31,79.91883850097656,1008,27688912.118148804,1039
PLCE,2021-12-31,79.29000091552734,1008,27667156.756210327,1040
PNFP,2021-12-31,90.48230743408205,1008,27647814.515686035,1041
IIPR,2021-12-31,170.1156005859375,1008,27552429.153442383,1042
INGR,2021-12-31,85.14351654052734,1008,27539470.877075195,1043
ACB,2021-12-31,54.099998474121094,1008,27526131.49143219,1044
RBC,2021-12-31,200.9237365722656,1008,27421783.77685547,1045
ICUI,2021-12-31,237.33999633789065,1008,27416565.544891357,1046
WBS,2021-12-31,48.3680305480957,1008,27396926.755142212,1047
BCS,2021-12-31,8.770180702209473,1008,27372417.231845856,1048
SNX,2021-12-31,107.67353057861328,1008,27330015.689468384,1049
ATR,2021-12-31,115.43096160888672,1008,27097783.059692383,1050
ACI,2021-12-31,20.24296760559082,383,27002578.22370529,1051
CENN,2021-12-31,32160.0,1008,26950590.0,1052
SLF,2021-12-31,46.84060287475586,1008,26939655.995941162,1053
RDN,2021-12-31,18.19806671142578,1008,26907285.179424286,1054
STWD,2021-12-31,15.571608543395996,1008,26748565.99931717,1055
HELE,2021-12-31,244.47000122070312,1008,26704517.742919922,1056
CLNE,2021-12-31,6.130000114440918,1008,26662156.675958633,1057
EBS,2021-12-31,43.470001220703125,1008,26654796.34666443,1058
AMG,2021-12-31,164.33241271972656,1008,26570674.111175537,1059
FROG,2021-12-31,29.700000762939453,327,26521397.424411774,1060
SSYS,2021-12-31,24.489999771118164,1008,26473321.048164368,1061
VC,2021-12-31,109.80091857910156,1008,26470415.077209473,1062
IRTC,2021-12-31,117.69000244140624,1008,26337798.24142456,1063
LIVN,2021-12-31,87.43000030517578,1008,26291601.2260437,1064
EFOR,2021-12-31,123.4000015258789,1008,26092335.667800903,1065
NAVI,2021-12-31,17.24742317199707,1008,26075392.945575714,1066
HQY,2021-12-31,44.2400016784668,1008,26016225.92563629,1067
TGTX,2021-12-31,19.0,1008,25940149.911117554,1068
LBRDA,2021-12-31,150.796630859375,1008,25937293.231704712,1069
ABCL,2021-12-31,14.300000190734863,266,25824835.91556549,1070
SON,2021-12-31,48.67816162109375,1008,25653229.747390747,1071
CMC,2021-12-31,34.05467987060547,1008,25621803.536319733,1072
FRHC,2021-12-31,69.33000183105469,983,25569562.91770935,1073
UGI,2021-12-31,36.92048263549805,1008,25485686.9720459,1074
PAG,2021-12-31,95.87608337402344,1008,25441817.00820923,1075
NVT,2021-12-31,35.743690490722656,931,25408617.651748657,1076
BPOP,2021-12-31,71.96028900146484,1008,25405172.777557373,1077
TNL,2021-12-31,46.027225494384766,1008,25374738.953590393,1078
DBRG,2021-12-31,32.91541290283203,1008,25368444.29421425,1079
SMTC,2021-12-31,88.93000030517578,1008,25344459.33418274,1080
VICR,2021-12-31,126.9800033569336,1008,25191167.211914062,1081
GO,2021-12-31,28.280000686645508,640,25160318.817043304,1082
CDLX,2021-12-31,660.9000244140625,981,25101429.345703125,1083
KRG,2021-12-31,17.458293914794922,1008,25100170.66345215,1084
HAE,2021-12-31,53.040000915527344,1008,25085657.57713318,1085
TPL,2021-12-31,131.2397918701172,1008,25064092.584228516,1086
WERN,2021-12-31,44.50667572021485,1008,24931275.609779358,1087
PENG,2021-12-31,35.494998931884766,1008,24930092.47970581,1088
BWXT,2021-12-31,45.57699966430664,1008,24818026.54647827,1089
CFR,2021-12-31,110.04425048828124,1008,24799347.51472473,1090
CPA,2021-12-31,68.65469360351562,1008,24657139.128494263,1091
IRDM,2021-12-31,38.66895294189453,1008,24649035.79978943,1092
CYRX,2021-12-31,59.16999816894531,1008,24576269.89364624,1093
INO,2021-12-31,59.880001068115234,1008,24532100.317840576,1094
ALKS,2021-12-31,23.260000228881836,1008,24501163.438510895,1095
AQN,2021-12-31,11.403207778930664,1008,24489593.895721436,1096
PRLB,2021-12-31,51.349998474121094,1008,24465958.248138428,1097
SEIC,2021-12-31,57.42216110229492,1008,24448676.062202454,1098
LOPE,2021-12-31,85.70999908447266,1008,24240879.50782776,1099
VIAV,2021-12-31,17.6200008392334,1008,24114582.669067383,1100
RHP,2021-12-31,78.36571502685547,1008,24099055.66291809,1101
TMHC,2021-12-31,34.959999084472656,1008,24075611.195373535,1102
ATER,2021-12-31,49.31999969482422,646,23910858.87787628,1103
WTFC,2021-12-31,84.1643295288086,1008,23887520.640182495,1104
AHT,2021-12-31,96.0,1008,23884324.492645264,1105
LOVE,2021-12-31,66.26000213623047,886,23789012.145233154,1106
TCBI,2021-12-31,60.128883361816406,1008,23674792.526435852,1107
HEI.A,2021-12-31,127.69336700439452,1008,23653108.17489624,1108
ONTO,2021-12-31,101.2300033569336,550,23640121.515274048,1109
CDXS,2021-12-31,31.270000457763672,1008,23594864.34249878,1110
TKO,2021-12-31,46.093231201171875,1008,23564219.75250244,1111
CDE,2021-12-31,5.034346580505371,1008,23537780.961704254,1112
PCRX,2021-12-31,60.16999816894531,1008,23474017.132377625,1113
GSHD,2021-12-31,123.1133270263672,928,23456603.91998291,1114
CRSR,2021-12-31,21.010000228881836,322,23454908.08944702,1115
OGE,2021-12-31,31.38537979125977,1008,23451536.398410797,1116
ITRI,2021-12-31,68.5199966430664,1008,23414394.874954224,1117
MORN,2021-12-31,330.9226379394531,1008,23382590.87677002,1118
AFG,2021-12-31,99.6494598388672,1008,23126198.722457886,1119
SENS,2021-12-31,53.400001525878906,1008,22988302.015247345,1120
AMRC,2021-12-31,81.44000244140625,1008,22960342.416000366,1121
DY,2021-12-31,93.76000213623048,1008,22874030.695343018,1122
SBLK,2021-12-31,13.902945518493652,1008,22815573.447704315,1123
MTSI,2021-12-31,78.30000305175781,1008,22759120.950317383,1124
ORI,2021-12-31,18.027219772338867,1008,22689501.894378662,1125
FOXF,2021-12-31,170.10000610351562,1008,22655365.338897705,1126
SWX,2021-12-31,59.902854919433594,1008,22654591.02306366,1127
LFUS,2021-12-31,300.6150817871094,1008,22604668.194580078,1128
PRCH,2021-12-31,15.59000015258789,498,22577987.627887726,1129
CRK,2021-12-31,7.6690497398376465,1008,22527568.459939957,1130
ACH,2021-12-31,43.5,1008,22445233.832740784,1131
ACAD,2021-12-31,23.34000015258789,1008,22337816.835403442,1132
WTS,2021-12-31,187.39744567871097,1008,22332851.105499268,1133
ACMR,2021-12-31,28.42333221435547,1008,22318880.028533936,1134
IRWD,2021-12-31,11.65999984741211,1008,22318640.750122074,1135
EME,2021-12-31,125.56266021728516,1008,22251568.981933594,1136
ADC,2021-12-31,58.68635177612305,1008,22227417.062187195,1137
SHOO,2021-12-31,41.79889678955078,1008,22190881.8901062,1138
LOB,2021-12-31,85.95748138427734,1008,22167329.106521606,1139
FLS,2021-12-31,28.04478645324707,1008,22143790.349578857,1140
ACIW,2021-12-31,34.70000076293945,1008,22141303.163909912,1141
TRNO,2021-12-31,74.58195495605469,1008,22139633.279037476,1142
VCYT,2021-12-31,41.20000076293945,1008,22126312.98713684,1143
VUZI,2021-12-31,8.670000076293945,1008,22096060.267448425,1144
ACLS,2021-12-31,74.55999755859375,1008,22094616.806793213,1145
CERT,2021-12-31,28.420000076293945,266,22089540.089035034,1146
WWD,2021-12-31,106.45333099365234,1008,22038031.004714966,1147
FNB,2021-12-31,10.374760627746582,1008,22011815.0097847,1148
MMS,2021-12-31,74.17951202392578,1008,22007058.603286743,1149
GPRO,2021-12-31,10.3100004196167,1008,21988865.143871307,1150
YELP,2021-12-31,36.2400016784668,1008,21966072.133255005,1151
OPLN,2021-12-31,15.619999885559082,1008,21889734.620571136,1152
PRG,2021-12-31,43.38090133666992,1008,21846526.762771606,1153
ATI,2021-12-31,15.93000030517578,1008,21777811.038208008,1154
MSGS,2021-12-31,165.9498748779297,1008,21767882.14492798,1155
CRC,2021-12-31,37.989871978759766,297,21735118.278503418,1156
TXNM,2021-12-31,39.41118621826172,1008,21706233.70361328,1157
HMC,2021-12-31,24.81595039367676,1008,21568524.62759018,1158
DEI,2021-12-31,26.1369571685791,1008,21532007.916641235,1159
SHO,2021-12-31,10.316350936889648,1008,21385998.26145172,1160
KOD,2021-12-31,84.77999877929688,817,21383207.18231201,1161
FCN,2021-12-31,153.4199981689453,1008,21380004.051208496,1162
COLM,2021-12-31,90.43687438964844,1008,21372152.38723755,1163
DIOD,2021-12-31,109.80999755859376,1008,21368059.7492218,1164
APLE,2021-12-31,12.06742000579834,1008,21344291.04037285,1165
AXSM,2021-12-31,37.779998779296875,1008,21325485.382461548,1166
SPSC,2021-12-31,142.35000610351562,1008,21325340.6829834,1167
TEX,2021-12-31,41.462398529052734,1008,21319465.837097168,1168
RBA,2021-12-31,56.584564208984375,1008,21288462.3626709,1169
ASB,2021-12-31,18.910053253173828,1008,21282812.348270416,1170
OWL,2021-12-31,12.12427043914795,265,21104520.054244995,1171
DCI,2021-12-31,55.29644775390625,1008,21060926.734161377,1172
GRPN,2021-12-31,23.15999984741211,1008,21043645.765304565,1173
TROX,2021-12-31,19.90188217163086,1008,21039032.527160645,1174
ESNT,2021-12-31,41.80450439453125,1008,20996600.456428528,1175
RSI,2021-12-31,16.5,426,20986704.7706604,1176
API,2021-12-31,16.209999084472656,383,20957878.63330841,1177
MSM,2021-12-31,70.17427062988281,1008,20891594.606781006,1178
PBA,2021-12-31,24.37787437438965,1008,20885410.57243347,1179
SAIC,2021-12-31,78.278564453125,1008,20885171.56944275,1180
SBRA,2021-12-31,9.45091438293457,1008,20880383.930015564,1181
BXMT,2021-12-31,18.883689880371097,1008,20850699.99294281,1182
ALGM,2021-12-31,36.18000030517578,296,20813690.674972534,1183
AGO,2021-12-31,46.86545944213867,1008,20782633.983421326,1184
HPP,2021-12-31,149.15980529785156,1008,20749659.135398865,1185
LPRO,2021-12-31,22.479999542236328,951,20666107.12375641,1186
FLO,2021-12-31,21.98866081237793,1008,20648204.79068756,1187
ORA,2021-12-31,77.24142456054688,1008,20640636.226272583,1188
AM,2021-12-31,7.099493503570557,1008,20611869.896411896,1189
MATX,2021-12-31,84.9478759765625,1008,20608705.62438965,1190
IART,2021-12-31,66.98999786376953,1008,20557856.64215088,1191
ALLO,2021-12-31,14.920000076293944,812,20504637.046527863,1192
KN,2021-12-31,23.350000381469727,1008,20498384.656906128,1193
FTDR,2021-12-31,36.650001525878906,832,20490033.502197266,1194
SLI,2021-12-31,9.8100004196167,965,20301588.418483734,1195
PI,2021-12-31,88.69999694824219,1008,20239982.611083984,1196
PTEN,2021-12-31,7.320950508117676,1008,20182169.896125793,1197
LECO,2021-12-31,130.58392333984375,1008,20151432.456207275,1198
HIW,2021-12-31,32.074554443359375,1008,20054084.55505371,1199
SSB,2021-12-31,71.57894134521484,1008,19954712.659072876,1200
NKTR,2021-12-31,202.6499938964844,1008,19934604.911453247,1201
TFII,2021-12-31,106.19608306884766,1008,19933813.466644287,1202
SPHR,2021-12-31,32.48960876464844,437,19924326.624938965,1203
GENI,2021-12-31,7.599999904632568,314,19864783.921527863,1204
VET,2021-12-31,11.286094665527344,1008,19811317.25449562,1205
ACHC,2021-12-31,60.70000076293945,1008,19743218.830490112,1206
KEX,2021-12-31,59.41999816894531,1008,19707705.552864075,1207
MC,2021-12-31,50.51660919189453,1008,19639819.16732788,1208
QNCX,2021-12-31,2524.0,669,19636499.0,1209
INSM,2021-12-31,27.239999771118164,1008,19601110.542297367,1210
CUZ,2021-12-31,31.998374938964844,1008,19528513.25941086,1211
SSRM,2021-12-31,17.06955909729004,1008,19522333.493232727,1212
SSTK,2021-12-31,92.16812133789062,1008,19481585.903167725,1213
AGI,2021-12-31,7.458575248718262,1008,19469853.0046463,1214
KNSL,2021-12-31,235.9619140625,1008,19448611.841583252,1215
CORT,2021-12-31,19.799999237060547,1008,19445064.744758606,1216
DAN,2021-12-31,20.26777458190918,1008,19441325.602436066,1217
TNET,2021-12-31,91.5587921142578,1008,19415361.824798584,1218
AMKR,2021-12-31,23.2579345703125,1008,19385134.032440186,1219
MED,2021-12-31,188.9718780517578,1008,19302208.65020752,1220
ADPT,2021-12-31,28.059999465942383,635,19105586.15875244,1221
ALIT,2021-12-31,206.4656524658203,369,19087821.916389465,1222
CXT,2021-12-31,33.2253303527832,1008,19060218.279331207,1223
OPCH,2021-12-31,28.440000534057617,1008,19021608.843421936,1224
AVNT,2021-12-31,49.663536071777344,1008,18955907.24849701,1225
BFLY,2021-12-31,6.690000057220459,373,18950352.083444595,1226
LCII,2021-12-31,130.76280212402344,1008,18944384.36050415,1227
AVT,2021-12-31,36.84922409057617,1008,18936335.4511261,1228
CUBI,2021-12-31,65.37000274658203,1008,18930890.30609131,1229
IHRT,2021-12-31,21.040000915527344,633,18916105.27420044,1230
DNLI,2021-12-31,44.599998474121094,1008,18875649.026870728,1231
MDU,2021-12-31,10.308809280395508,1008,18869875.260795593,1232
BEPC,2021-12-31,30.24153709411621,364,18867498.245811462,1233
ENR,2021-12-31,33.111976623535156,1008,18859040.28892517,1234
EGHT,2021-12-31,16.760000228881836,1008,18851027.35824585,1235
CMPS,2021-12-31,22.100000381469727,325,18844881.884479523,1236
PHR,2021-12-31,41.65999984741211,621,18829655.156326294,1237
KTB,2021-12-31,43.6763801574707,657,18761845.595169067,1238
VISN,2021-12-31,5.387158393859863,1008,18719366.73002243,1239
AVIR,2021-12-31,8.9399995803833,295,18714605.984687805,1240
VSAT,2021-12-31,44.540000915527344,1008,18688375.0,1241
AMWL,2021-12-31,120.8000030517578,326,18663356.292495728,1242
CHRD,2021-12-31,82.02217102050781,1008,18633081.41937256,1243
JOBY,2021-12-31,7.300000190734863,289,18607091.646146774,1244
UI,2021-12-31,292.8569030761719,1008,18535946.884155273,1245
OZK,2021-12-31,39.562137603759766,1008,18505595.791625977,1246
HASI,2021-12-31,41.64303207397461,1008,18488089.16721344,1247
ROOT,2021-12-31,55.79999923706055,297,18405557.279182434,1248
BCO,2021-12-31,62.30794906616211,1008,18404526.719665527,1249
LXP,2021-12-31,61.18693161010742,1008,18389595.456123352,1250
KFY,2021-12-31,69.10374450683594,1008,18337286.24534607,1251
GKOS,2021-12-31,44.439998626708984,1008,18217692.428588867,1252
ARCT,2021-12-31,37.0099983215332,1008,18208601.76677704,1253
PTGX,2021-12-31,34.20000076293945,1008,18200258.821296692,1254
NOVT,2021-12-31,176.3300018310547,1008,18159945.56427002,1255
NMRK,2021-12-31,17.77195930480957,1008,18112937.526226044,1256
IBP,2021-12-31,128.74122619628906,1008,18112423.653411865,1257
ONB,2021-12-31,15.78365421295166,1008,18097865.73748589,1258
MHO,2021-12-31,62.18000030517578,1008,18080757.529449463,1259
JBTM,2021-12-31,151.14938354492188,1008,17942724.68032837,1260
VMI,2021-12-31,241.29898071289065,1008,17933919.412231445,1261
HYLN,2021-12-31,6.199999809265137,505,17911622.73159027,1262
CWK,2021-12-31,22.239999771118164,861,17847101.594161987,1263
VIRT,2021-12-31,24.467376708984375,1008,17833151.954460144,1264
EXPO,2021-12-31,110.1038589477539,1008,17806365.673446655,1265
CVLT,2021-12-31,68.91999816894531,1008,17787898.691368103,1266
AHCO,2021-12-31,24.459999084472656,905,17769617.33198166,1267
CWEN,2021-12-31,28.341026306152344,1008,17767915.304756165,1268
SBH,2021-12-31,18.459999084472656,1008,17760224.601078033,1269
WFG,2021-12-31,89.50848388671875,1008,17752158.069992065,1270
CENX,2021-12-31,16.559999465942383,1008,17599669.905471805,1271
AOSL,2021-12-31,60.560001373291016,1008,17588389.910888672,1272
ENS,2021-12-31,75.91326904296875,1008,17587814.806365967,1273
OPRX,2021-12-31,62.11000061035156,1008,17527177.36415863,1274
RAMP,2021-12-31,47.95000076293945,1008,17519884.682655334,1275
IDA,2021-12-31,99.0618896484375,1008,17491531.20956421,1276
DOMO,2021-12-31,49.599998474121094,884,17481939.78691101,1277
CTRN,2021-12-31,94.75,1008,17450045.056533813,1278
PRTA,2021-12-31,49.400001525878906,1008,17424568.407440186,1279
FUL,2021-12-31,76.49628448486328,1008,17419607.305145264,1280
DAC,2021-12-31,63.4785041809082,1008,17416053.112983704,1281
FBP,2021-12-31,11.85449504852295,1008,17415785.452270508,1282
AGIO,2021-12-31,32.869998931884766,1008,17281769.524002075,1283
CNO,2021-12-31,21.655689239501953,1008,17267064.05620575,1284
OUT,2021-12-31,19.67931747436523,1008,17227099.648027416,1285
AWI,2021-12-31,110.90494537353516,1008,17192084.19494629,1286
VLY,2021-12-31,11.248305320739746,1008,17191824.628305435,1287
CTEV,2021-12-31,177.1999969482422,441,17173930.305023193,1288
AEIS,2021-12-31,89.6380386352539,1008,17156171.59461975,1289
LAZ,2021-12-31,34.90782928466797,1008,17147395.749664307,1290
CLDX,2021-12-31,38.63999938964844,1008,17117872.795677185,1291
HCAT,2021-12-31,39.619998931884766,616,17073151.671409607,1292
IRT,2021-12-31,21.782896041870117,1008,17052109.648418427,1293
EPR,2021-12-31,34.229122161865234,1008,17016216.1529541,1294
UFPI,2021-12-31,86.98207092285156,1008,16918396.480560303,1295
UMBF,2021-12-31,98.2916488647461,1008,16896214.363479614,1296
NFG,2021-12-31,55.58317947387695,1008,16832797.699928284,1297
OTEX,2021-12-31,41.1723747253418,1008,16823892.766952515,1298
BIPC,2021-12-31,38.231544494628906,444,16822281.742858887,1299
RCUS,2021-12-31,40.470001220703125,958,16804919.18487549,1300
RMBS,2021-12-31,29.38999938964844,1008,16795320.081710815,1301
WDFC,2021-12-31,226.91265869140625,1008,16780123.113250732,1302
TFIN,2021-12-31,119.08000183105467,1008,16747188.377380371,1303
MMSI,2021-12-31,62.29999923706055,1008,16683661.405563354,1304
EAF,2021-12-31,117.14752960205078,934,16683161.701011658,1305
EXLS,2021-12-31,28.95400047302246,1008,16662530.83229065,1306
ENSG,2021-12-31,83.18189239501953,1008,16622390.884399414,1307
MIR,2021-12-31,10.470000267028809,345,16594494.033145905,1308
CBSH,2021-12-31,54.678131103515625,1008,16580820.795776367,1309
FHI,2021-12-31,31.63846015930176,1008,16578473.46982956,1310
POR,2021-12-31,43.672630310058594,1008,16537845.137023926,1311
NVMI,2021-12-31,146.5,1008,16535082.619476318,1312
FCFS,2021-12-31,70.5693130493164,1008,16518977.857971191,1313
OM,2021-12-31,691.3499755859375,328,16514619.118713379,1314
REZI,2021-12-31,26.030000686645508,800,16500051.331043243,1315
SSD,2021-12-31,134.04153442382812,1008,16487541.329574585,1316
PB,2021-12-31,62.1118049621582,1008,16433103.686523438,1317
DRH,2021-12-31,8.502686500549316,1008,16413737.602329254,1318
UCTT,2021-12-31,57.36000061035156,1008,16367198.435974121,1319
BLFS,2021-12-31,37.27000045776367,1008,16364085.202407837,1320
ZNTL,2021-12-31,84.05999755859375,441,16287239.058303833,1321
IVT,2021-12-31,23.433815002441406,1008,16261506.736755371,1322
TTGT,2021-12-31,95.66000366210938,1008,16244801.59072876,1323
JELD,2021-12-31,26.36000061035156,1008,16183188.252067566,1324
LBRT,2021-12-31,9.1236572265625,1001,16179085.164785385,1325
SR,2021-12-31,53.75730514526367,1008,16072449.66430664,1326
BCPC,2021-12-31,164.834228515625,1008,16046622.689056396,1327
COLB,2021-12-31,25.600452423095703,1008,15968159.643554688,1328
GIL,2021-12-31,38.785945892333984,1008,15939620.11795044,1329
CRH,2021-12-31,46.52197265625,1008,15934429.898071289,1330
APAM,2021-12-31,32.440670013427734,1008,15867112.787532806,1331
EGO,2021-12-31,9.313637733459473,1008,15861774.188804626,1332
NSP,2021-12-31,101.10043334960938,1008,15841109.574890137,1333
KTOS,2021-12-31,19.399999618530273,1008,15761870.495891571,1334
MLKN,2021-12-31,33.5721321105957,1008,15761755.657196045,1335
HLNE,2021-12-31,95.13951873779295,1008,15721383.380126953,1336
RLAY,2021-12-31,30.709999084472656,370,15659547.72720337,1337
GEO,2021-12-31,7.75,1008,15622845.147752762,1338
NOG,2021-12-31,16.439788818359375,1008,15616488.395547867,1339
CMP,2021-12-31,49.10087966918945,1008,15515705.494308472,1340
FN,2021-12-31,118.47000122070312,1008,15507902.388763428,1341
ABR,2021-12-31,10.81861972808838,1008,15467110.508537292,1342
EXTR,2021-12-31,15.699999809265137,1008,15465153.234481812,1343
NUS,2021-12-31,43.13478088378906,1008,15460211.938858032,1344
JBGS,2021-12-31,23.60625648498535,1008,15439555.662250519,1345
HR,2021-12-31,18.363910675048828,1008,15438804.573059082,1346
INDB,2021-12-31,69.62906646728516,1008,15422665.66619873,1347
FSK,2021-12-31,10.69314670562744,1008,15410048.458909988,1348
NWS,2021-12-31,21.64867401123047,1008,15404744.99578476,1349
LGND,2021-12-31,96.3568344116211,1008,15402235.776885986,1350
PTCT,2021-12-31,39.83000183105469,1008,15339353.085327148,1351
PAR,2021-12-31,52.77000045776367,1008,15308633.520698547,1352
CWST,2021-12-31,85.41999816894531,1008,15308557.720947266,1353
TU,2021-12-31,18.272144317626953,1008,15304468.955898285,1354
FAMI,2021-12-31,528.0,976,15270096.0,1355
STEP,2021-12-31,36.19322967529297,327,15210537.578582764,1356
DBI,2021-12-31,12.482297897338867,1008,15174081.813097,1357
NWE,2021-12-31,46.47111892700195,1008,15110956.43196106,1358
NSIT,2021-12-31,106.5999984741211,1008,14966484.823226929,1359
DK,2021-12-31,12.67741870880127,1008,14936650.007534027,1360
THRM,2021-12-31,86.9000015258789,1008,14914273.850631714,1361
HHH,2021-12-31,97.02574157714844,1008,14829898.446094513,1362
PRI,2021-12-31,143.30758666992188,1008,14785528.524780273,1363
NOMD,2021-12-31,22.78603172302246,1008,14768741.357040405,1364
APG,2021-12-31,17.18000030517578,424,14705053.52640152,1365
ECPG,2021-12-31,62.11000061035156,1008,14687126.927757263,1366
SNN,2021-12-31,30.590490341186523,1008,14628374.42817688,1367
HIMS,2021-12-31,6.550000190734863,581,14621224.88694191,1368
KYMR,2021-12-31,63.4900016784668,344,14592825.303077698,1369
VSH,2021-12-31,19.989030838012695,1008,14553907.570457458,1370
HCSG,2021-12-31,16.820178985595703,1008,14539473.867702484,1371
SOS,2021-12-31,616.5,1008,14510786.25,1372
AXS,2021-12-31,49.052982330322266,1008,14488972.59349823,1373
PERI,2021-12-31,24.049999237060547,1008,14399973.841285706,1374
COHU,2021-12-31,38.09000015258789,1008,14391402.769470215,1375
HCC,2021-12-31,23.30160140991211,1008,14300680.335330963,1376
HWC,2021-12-31,44.140403747558594,1008,14225257.320785522,1377
KMT,2021-12-31,31.31513404846191,1008,14221220.287513733,1378
XENE,2021-12-31,31.239999771118164,1008,14170147.733688354,1379
FWRD,2021-12-31,118.5300064086914,1008,14168311.517715454,1380
BKH,2021-12-31,58.644775390625,1008,14155103.985023499,1381
GBCI,2021-12-31,49.20061874389648,1008,14153785.149002075,1382
EVH,2021-12-31,27.670000076293945,1008,14140188.703727722,1383
ENTA,2021-12-31,74.77999877929688,1008,14126200.245666504,1384
BCC,2021-12-31,58.10698699951172,1008,14126082.984924316,1385
GDOT,2021-12-31,36.2400016784668,1008,14119350.275039673,1386
SGRY,2021-12-31,53.40999984741211,1008,14116648.918914795,1387
DIN,2021-12-31,61.96708297729492,1008,14060962.83569336,1388
FFIN,2021-12-31,46.14995574951172,1008,14039076.1926651,1389
PRGS,2021-12-31,46.543495178222656,1008,14023799.720191956,1390
SNDR,2021-12-31,25.243810653686523,1008,14014357.04240799,1391
CNNE,2021-12-31,32.67359924316406,1008,13947440.074253082,1392
THG,2021-12-31,117.87971496582033,1008,13891091.666030884,1393
SXT,2021-12-31,91.10236358642578,1008,13873133.282852173,1394
ABCB,2021-12-31,46.906982421875,1008,13822781.008911133,1395
MEOH,2021-12-31,36.65346908569336,1008,13792009.584617615,1396
EHTH,2021-12-31,25.5,1008,13770725.904273987,1397
CASH,2021-12-31,58.70552444458008,1008,13754108.536338806,1398
LRN,2021-12-31,33.33000183105469,1008,13729754.810714722,1399
SMPL,2021-12-31,41.56999969482422,1008,13712093.377113342,1400
AGEN,2021-12-31,63.199214935302734,1008,13708592.89535141,1401
INDI,2021-12-31,11.989999771118164,566,13601161.94934845,1402
BLKB,2021-12-31,78.9800033569336,1008,13592128.536987305,1403
TWO,2021-12-31,12.241320610046388,1008,13497067.131018639,1404
ERIE,2021-12-31,176.62997436523438,1008,13479961.242675781,1405
FLWS,2021-12-31,23.3700008392334,1008,13478710.886955261,1406
ATRC,2021-12-31,69.52999877929688,1008,13454089.548110962,1407
ANGI,2021-12-31,92.0999984741211,1008,13451323.90613556,1408
CIM,2021-12-31,26.016910552978516,1008,13355819.365024567,1409
AMCX,2021-12-31,34.439998626708984,1008,13312867.536354065,1410
BKD,2021-12-31,5.159999847412109,1008,13307165.822124481,1411
ZUMZ,2021-12-31,47.9900016784668,1008,13304246.062469482,1412
OGI,2021-12-31,7.0,661,13241394.68716383,1413
ESRT,2021-12-31,8.205329895019531,1008,13217796.571588516,1414
PAGP,2021-12-31,7.267895698547363,1008,13214200.804519653,1415
MWA,2021-12-31,13.462757110595703,1008,13197337.411880493,1416
ONT,2021-12-31,70.51000213623047,365,13183614.088439941,1417
OGS,2021-12-31,66.24893951416016,1008,13151975.968551636,1418
EPRT,2021-12-31,23.73028564453125,890,13141732.375621796,1419
HE,2021-12-31,38.41082000732422,1008,13066948.657417297,1420
SAH,2021-12-31,44.76571273803711,1008,12990329.00352478,1421
ITGR,2021-12-31,85.58999633789062,1008,12981466.290283203,1422
MYGN,2021-12-31,27.600000381469727,1008,12898696.80929184,1423
BRBR,2021-12-31,28.530000686645508,556,12858137.5,1424
PAYO,2021-12-31,7.349999904632568,305,12802829.331183434,1425
CSTM,2021-12-31,17.90999984741211,1008,12799569.931983948,1426
AMTX,2021-12-31,12.300000190734863,1008,12768680.701446533,1427
HRMY,2021-12-31,42.63999938964844,346,12753781.575012207,1428
TVTX,2021-12-31,31.040000915527344,1008,12728319.38943863,1429
GDYN,2021-12-31,37.970001220703125,799,12718294.132995605,1430
KMPR,2021-12-31,52.36247253417969,1008,12698546.204566956,1431
RXT,2021-12-31,13.470000267028809,356,12644512.920665741,1432
RCI,2021-12-31,40.667118072509766,1008,12642229.353523254,1433
FTS,2021-12-31,40.97507858276367,1008,12641224.918556213,1434
NGVT,2021-12-31,71.69999694824219,1008,12630528.594589233,1435
SWBI,2021-12-31,14.850397109985352,1008,12575002.974033356,1436
SUPN,2021-12-31,29.15999984741211,1008,12523518.374633789,1437
GWH,2021-12-31,171.60000610351562,252,12522755.096672058,1438
SHC,2021-12-31,23.549999237060547,280,12521094.336605072,1439
AWR,2021-12-31,93.74005126953124,1008,12447480.309295654,1440
WSFS,2021-12-31,47.33041763305664,1008,12447391.532325745,1441
CBT,2021-12-31,51.15644836425781,1008,12436896.446228027,1442
TDS,2021-12-31,17.589284896850586,1008,12416178.812599182,1443
COKE,2021-12-31,59.23165512084961,1008,12391467.590332031,1444
NNOX,2021-12-31,14.539999961853027,344,12362152.676963806,1445
SGHC,2021-12-31,9.21945571899414,279,12354140.1968956,1446
EH,2021-12-31,14.920000076293944,517,12346668.155574799,1447
SLQT,2021-12-31,9.0600004196167,408,12330104.600095749,1448
IMO,2021-12-31,32.29836654663086,1008,12287675.240325928,1449
MLI,2021-12-31,13.943050384521484,1008,12287673.258209229,1450
WD,2021-12-31,130.58709716796875,1008,12281948.728942871,1451
VCEL,2021-12-31,39.29999923706055,1008,12271108.416748047,1452
SKYW,2021-12-31,39.29999923706055,1008,12256326.167678833,1453
ABM,2021-12-31,36.95185470581055,1008,12179052.236366272,1454
NTCT,2021-12-31,33.08000183105469,1008,12142231.728172302,1455
WWW,2021-12-31,25.468339920043945,1008,12110986.496543884,1456
ATRA,2021-12-31,394.0,1008,12095769.0,1457
EPC,2021-12-31,41.91739654541016,1008,12077783.522033691,1458
CVCO,2021-12-31,317.6499938964844,1008,12068461.975097656,1459
GIB,2021-12-31,87.82172393798828,1008,12052688.95187378,1460
BKE,2021-12-31,29.19223403930664,1008,12045472.553730011,1461
OUST,2021-12-31,52.0,310,11960303.228378296,1462
OI,2021-12-31,12.029999732971191,1008,11958671.689128876,1463
TRN,2021-12-31,25.28266716003418,1008,11935233.779621124,1464
HZO,2021-12-31,59.040000915527344,1008,11930345.622444153,1465
TTMI,2021-12-31,14.899999618530272,1008,11927782.809352875,1466
WHD,2021-12-31,36.413875579833984,982,11911072.633171082,1467
ALRM,2021-12-31,84.80999755859375,1008,11910727.24723816,1468
WTM,2021-12-31,1010.6259155273438,1008,11907153.735351562,1469
CWT,2021-12-31,64.96887969970703,1008,11862858.67805481,1470
MMYT,2021-12-31,27.709999084472656,1008,11809487.378692627,1471
PRAA,2021-12-31,50.209999084472656,1008,11775736.8724823,1472
ACHR,2021-12-31,6.039999961853027,261,11745855.596542358,1473
BJRI,2021-12-31,34.54999923706055,1008,11731385.530471802,1474
NEOG,2021-12-31,45.40999984741211,1008,11717849.212646484,1475
ORMP,2021-12-31,13.312520027160645,1008,11713062.995052338,1476
PRTS,2021-12-31,112.0,1008,11673340.871810913,1477
UNF,2021-12-31,203.83836364746097,1008,11660577.416992188,1478
KRYS,2021-12-31,69.94999694824219,1008,11650260.130310059,1479
BOKF,2021-12-31,94.5309829711914,1008,11603892.80090332,1480
TSEM,2021-12-31,39.68000030517578,1008,11593437.945747375,1481
BTCT,2021-12-31,150.0,808,11546412.0,1482
SANM,2021-12-31,41.459999084472656,1008,11530690.838241577,1483
NHI,2021-12-31,44.52055740356445,1008,11491937.683677673,1484
NBR,2021-12-31,81.08999633789062,1008,11462248.7865448,1485
GSAT,2021-12-31,17.399999618530273,1008,11461870.452075005,1486
AX,2021-12-31,55.90999984741211,1008,11453214.127349854,1487
BDC,2021-12-31,65.0649185180664,1008,11426692.911529541,1488
BGS,2021-12-31,19.5447940826416,1008,11404855.503749847,1489
ATEN,2021-12-31,15.521190643310549,1008,11353677.927398682,1490
SFNC,2021-12-31,24.617673873901367,1008,11344626.025772095,1491
PACK,2021-12-31,37.58000183105469,960,11323559.942436218,1492
XPEL,2021-12-31,68.27999877929688,633,11303299.8046875,1493
OBDC,2021-12-31,8.505733489990234,621,11293442.544746399,1494
FORM,2021-12-31,45.720001220703125,1008,11283408.002471924,1495
CCOI,2021-12-31,57.4760856628418,1008,11270820.136070251,1496
FTAI,2021-12-31,21.62397193908691,1008,11267750.883005142,1497
TE,2021-12-31,11.18000030517578,499,11261217.386722565,1498
EQX,2021-12-31,6.74552583694458,757,11257760.618305206,1499
LUNG,2021-12-31,32.06999969482422,316,11247937.447547913,1500
DNOW,2021-12-31,8.539999961853027,1008,11159691.024494171,1501
OII,2021-12-31,11.3100004196167,1008,11140224.964523315,1502
MZTI,2021-12-31,150.3517303466797,1008,11127806.66809082,1503
GVA,2021-12-31,37.01850891113281,1008,11123819.720840454,1504
HOMB,2021-12-31,21.33759880065918,1008,11117450.16860962,1505
TLS,2021-12-31,15.420000076293944,281,11108519.835186005,1506
VRRM,2021-12-31,15.43000030517578,1008,11099436.552810669,1507
SIGI,2021-12-31,76.35601043701172,1008,11074632.081604004,1508
VRTS,2021-12-31,246.94078063964844,1008,11071371.05102539,1509
NJR,2021-12-31,34.840755462646484,1008,11057963.324546814,1510
PBI,2021-12-31,5.507051944732666,1008,11022959.353876114,1511
RYN,2021-12-31,29.964414596557617,1008,10982551.783752441,1512
CLB,2021-12-31,22.08256721496582,1008,10972311.20262146,1513
SKT,2021-12-31,15.995095252990724,1008,10963941.395044327,1514
KPLT,2021-12-31,84.25,506,10960300.0,1515
FIX,2021-12-31,97.12196350097656,1008,10924194.686889648,1516
VERI,2021-12-31,22.479999542236328,1008,10922097.030162811,1517
EVTC,2021-12-31,48.78657150268555,1008,10921107.078170776,1518
ELF,2021-12-31,33.209999084472656,1008,10881966.10994339,1519
RVMD,2021-12-31,25.170000076293945,476,10874312.715244293,1520
TALO,2021-12-31,9.800000190734863,919,10873312.857913971,1521
GATX,2021-12-31,96.31624603271484,1008,10866630.629730225,1522
MD,2021-12-31,27.209999084472656,1008,10851126.327896118,1523
CTRE,2021-12-31,18.315343856811523,1008,10844059.602355957,1524
NEU,2021-12-31,312.67462158203125,1008,10833399.729919434,1525
QURE,2021-12-31,20.739999771118164,1008,10828723.744297028,1526
RDWR,2021-12-31,41.63999938964844,1008,10815753.597640991,1527
SBGI,2021-12-31,19.849685668945312,1008,10794697.08404541,1528
CVSA,2021-12-31,29.559999465942383,1008,10787803.96900177,1529
ASPN,2021-12-31,49.790000915527344,1008,10787093.056106567,1530
RPAY,2021-12-31,18.270000457763672,873,10768480.645942688,1531
TGLS,2021-12-31,25.180648803710938,1008,10752973.052215576,1532
STNG,2021-12-31,11.60563850402832,1008,10747440.230941772,1533
BNL,2021-12-31,18.410486221313477,326,10686579.43058014,1534
GOGO,2021-12-31,13.529999732971191,1008,10682464.304494858,1535
AVA,2021-12-31,34.22746276855469,1008,10651756.173706055,1536
IMAX,2021-12-31,17.84000015258789,1008,10637758.802890778,1537
ENVA,2021-12-31,40.959999084472656,1008,10634572.807693481,1538
FIZZ,2021-12-31,42.30427932739258,1008,10594159.820747375,1539
KPTI,2021-12-31,96.4499969482422,1008,10552842.365074158,1540
PIPR,2021-12-31,39.1370849609375,1008,10543436.210632324,1541
MCRB,2021-12-31,166.60000610351562,1008,10542912.5,1542
FIBK,2021-12-31,31.145193099975582,1008,10525353.162384033,1543
SPRU,2021-12-31,26.479999542236328,589,10461681.140859604,1544
APPF,2021-12-31,121.05999755859376,1008,10445488.214111328,1545
EBC,2021-12-31,17.773880004882812,306,10404242.726516724,1546
YEXT,2021-12-31,9.920000076293944,1008,10390835.844230652,1547
DCH,2021-12-31,9.329999923706056,1008,10368294.503736496,1548
RGNX,2021-12-31,32.70000076293945,1008,10360932.205581665,1549
BWIN,2021-12-31,36.11000061035156,552,10350931.783103943,1550
LNTH,2021-12-31,28.88999938964844,1008,10350731.004714966,1551
ALEC,2021-12-31,20.649999618530273,732,10324191.669750214,1552
MYRG,2021-12-31,110.5500030517578,1008,10317135.985565186,1553
BDN,2021-12-31,7.789288997650147,1008,10300828.543019295,1554
CATY,2021-12-31,37.20320510864258,1008,10269917.365264893,1555
GBX,2021-12-31,40.478702545166016,1008,10224537.96634674,1556
CNR,2021-12-31,20.918062210083008,1008,10208482.396697998,1557
FULT,2021-12-31,14.14035987854004,1008,10207496.214485168,1558
JYNT,2021-12-31,65.69000244140625,1008,10177698.376846313,1559
KWR,2021-12-31,218.65087890625,1008,10171783.703613281,1560
MSA,2021-12-31,142.75296020507812,1008,10149683.515167236,1561
AIT,2021-12-31,98.67786407470705,1008,10101509.91973877,1562
PJT,2021-12-31,70.81512451171875,1008,10057412.40119934,1563
FHB,2021-12-31,22.440967559814453,1008,10050363.578510284,1564
TRLV,2021-12-31,26.010000228881836,822,10042382.967567444,1565
ALXO,2021-12-31,21.489999771118164,369,10030662.812042236,1566
ECHO,2021-12-31,26.350000381469727,1008,10003715.434455872,1567
PBH,2021-12-31,60.650001525878906,1008,9974792.133522034,1568
GRBK,2021-12-31,30.329999923706055,1008,9968237.899398804,1569
AAON,2021-12-31,51.81629943847656,1008,9906381.8441391,1570
PATK,2021-12-31,49.08293533325195,1008,9903022.865009308,1571
BMI,2021-12-31,102.82140350341795,1008,9900115.591812134,1572
ZYME,2021-12-31,16.389999389648438,1008,9880855.10597229,1573
GTES,2021-12-31,15.90999984741211,992,9870325.000572205,1574
QTRX,2021-12-31,42.400001525878906,1008,9848408.377838135,1575
RILY,2021-12-31,70.23189544677734,1008,9801815.269470215,1576
FELE,2021-12-31,90.32266235351562,1008,9801386.81602478,1577
UP,2021-12-31,928.0,282,9797281.0,1578
PUK,2021-12-31,31.60508155822754,1008,9777640.388298035,1579
AEVA,2021-12-31,37.79999923706055,467,9762592.374801636,1580
BARK,2021-12-31,84.4000015258789,261,9739109.390945435,1581
ADT,2021-12-31,7.49625825881958,996,9721660.435771942,1582
WKC,2021-12-31,23.626691818237305,1008,9708867.387199402,1583
FSS,2021-12-31,42.06230163574219,1008,9706918.704986572,1584
TTEC,2021-12-31,85.34587097167969,1008,9700815.713500977,1585
ESPR,2021-12-31,5.0,1008,9698149.646759033,1586
ATEC,2021-12-31,11.43000030517578,1008,9673072.961521149,1587
SLGN,2021-12-31,39.85057830810547,1008,9646486.44065857,1588
PDM,2021-12-31,14.44737720489502,1008,9634438.27047348,1589
PCT,2021-12-31,9.56999969482422,372,9575695.909500122,1590
GSM,2021-12-31,6.009363174438477,1008,9562188.107728958,1591
MVST,2021-12-31,5.659999847412109,699,9533868.65105629,1592
LEU,2021-12-31,49.90999984741211,1008,9533053.597450256,1593
MDGL,2021-12-31,84.73999786376953,1008,9528632.82585144,1594
POWW,2021-12-31,5.449999809265137,1008,9508550.455451012,1595
HTH,2021-12-31,31.9354305267334,1008,9500113.236999512,1596
GLNG,2021-12-31,11.13720417022705,1008,9499716.223335266,1597
PRMB,2021-12-31,15.668529510498049,1008,9487897.677326202,1598
CSTL,2021-12-31,42.869998931884766,616,9471205.683898926,1599
CHRS,2021-12-31,15.960000038146973,1008,9464583.765029907,1600
WOR,2021-12-31,31.170223236083984,1008,9462407.6248312,1601
RCKT,2021-12-31,21.829999923706055,1008,9445256.119155884,1602
CAL,2021-12-31,21.298259735107425,1008,9404915.317344666,1603
IDT,2021-12-31,43.63394927978515,1008,9380422.179794312,1604
DFIN,2021-12-31,47.13999938964844,1008,9329217.265319824,1605
TBBK,2021-12-31,25.309999465942383,1008,9296572.60980606,1606
HLIO,2021-12-31,101.72339630126952,1008,9276650.3490448,1607
RLI,2021-12-31,45.74420547485352,1008,9272058.98475647,1608
AVNS,2021-12-31,34.66999816894531,1008,9249909.428310394,1609
WLY,2021-12-31,48.924556732177734,1008,9245436.888715744,1610
ASIX,2021-12-31,42.616851806640625,1008,9232397.95036316,1611
DEA,2021-12-31,40.5032844543457,1008,9196600.694274902,1612
PAVM,2021-12-31,1107.0,1008,9179491.5,1613
AKR,2021-12-31,18.00779151916504,1008,9116431.943130493,1614
TBCH,2021-12-31,22.260000228881836,1008,9107055.141067505,1615
BVN,2021-12-31,6.831441879272461,1008,9059750.92792511,1616
JRVR,2021-12-31,27.258546829223633,1008,9037851.85213089,1617
PSN,2021-12-31,33.650001525878906,670,9033687.450027466,1618
SEER,2021-12-31,22.809999465942383,271,9028665.871334076,1619
SPWH,2021-12-31,11.800000190734863,1008,9016957.03830719,1620
AVAV,2021-12-31,62.029998779296875,1008,8996697.470092773,1621
LWLG,2021-12-31,14.880000114440918,1008,8983776.052188873,1622
SAFE,2021-12-31,104.87014770507812,1008,8904293.751811981,1623
ARR,2021-12-31,22.426389694213867,1008,8873966.147212982,1624
MCB,2021-12-31,105.53404998779295,1008,8866927.683258057,1625
RUSHA,2021-12-31,34.72726058959961,1008,8864241.42036438,1626
CCCC,2021-12-31,32.20000076293945,315,8848212.630081177,1627
ACA,2021-12-31,52.05039596557617,795,8834472.678375244,1628
DORM,2021-12-31,113.01000213623048,1008,8829442.75932312,1629
BOH,2021-12-31,68.59281158447266,1008,8808549.394607544,1630
BXC,2021-12-31,95.76000213623048,1008,8800038.365745544,1631
TV,2021-12-31,7.336884498596191,1008,8781087.228345871,1632
ORC,2021-12-31,9.836535453796388,1008,8780113.500823975,1633
ROCK,2021-12-31,66.68000030517578,1008,8744420.840835571,1634
IOSP,2021-12-31,84.0985336303711,1008,8729507.094192505,1635
FBNC,2021-12-31,41.340240478515625,1008,8715309.844779968,1636
NMIH,2021-12-31,21.850000381469727,1008,8695706.174659729,1637
LAUR,2021-12-31,10.126893043518066,1008,8681174.433040619,1638
MGPI,2021-12-31,81.17695617675781,1008,8626704.358291626,1639
NRXP,2021-12-31,47.79999923706055,1008,8610390.068969727,1640
ASTS,2021-12-31,7.940000057220459,546,8595760.55688858,1641
ICHR,2021-12-31,46.029998779296875,1008,8595599.876403809,1642
NTGR,2021-12-31,29.209999084472656,1008,8593510.87217331,1643
SITC,2021-12-31,6.47503137588501,1008,8589276.551716805,1644
HCI,2021-12-31,76.52172088623047,1008,8586324.770355225,1645
SFBS,2021-12-31,78.5406265258789,1008,8577279.00428772,1646
OLMA,2021-12-31,9.359999656677246,281,8552610.94918251,1647
LILAK,2021-12-31,7.744565010070801,1008,8550262.606388092,1648
WAFD,2021-12-31,28.78571891784668,1008,8546332.756614685,1649
LZB,2021-12-31,32.655006408691406,1008,8491455.150985718,1650
BCTX,2021-12-31,82.80000305175781,1008,8479361.417198181,1651
GOLF,2021-12-31,49.88117599487305,1008,8465386.012649536,1652
MTX,2021-12-31,71.4508056640625,1008,8438349.059677124,1653
KALU,2021-12-31,79.25467681884766,1008,8416023.49357605,1654
GEF,2021-12-31,52.084693908691406,1008,8295037.647628784,1655
GIII,2021-12-31,27.3696346282959,1008,8294947.731018066,1656
CSV,2021-12-31,60.65279006958008,1008,8275259.872245789,1657
PPC,2021-12-31,23.889345169067383,1008,8271056.628131866,1658
INVA,2021-12-31,17.25,1008,8270250.13551712,1659
REYN,2021-12-31,26.86789321899414,485,8233029.815292358,1660
AIN,2021-12-31,83.30506134033203,1008,8223798.45199585,1661
STRA,2021-12-31,50.65221405029297,1008,8209609.666252136,1662
SRTA,2021-12-31,8.829999923706055,544,8185698.038673401,1663
ADUS,2021-12-31,93.51000213623048,1008,8163693.97277832,1664
ESE,2021-12-31,88.80335235595703,1008,8157146.806716919,1665
AIR,2021-12-31,39.029998779296875,1008,8116453.152084351,1666
MUFG,2021-12-31,5.202991962432861,1008,8104766.044330597,1667
JJSF,2021-12-31,142.25006103515625,1008,8096545.15914917,1668
CVBF,2021-12-31,17.79697608947754,1008,8035559.277439117,1669
GHC,2021-12-31,603.9247436523438,1008,8029928.866577148,1670
IPAR,2021-12-31,95.40361785888672,1008,7992967.5369262695,1671
PRIM,2021-12-31,23.28905487060547,1008,7985091.136169434,1672
CCRN,2021-12-31,27.760000228881836,1008,7956880.077266693,1673
MTUS,2021-12-31,16.5,1008,7913066.933917999,1674
GCO,2021-12-31,64.16999816894531,1008,7872472.552490234,1675
XNCR,2021-12-31,40.119998931884766,1008,7852523.9152908325,1676
MBUU,2021-12-31,68.7300033569336,1008,7847497.622680664,1677
PLMR,2021-12-31,64.7699966430664,684,7838854.413414001,1678
THRY,2021-12-31,41.130001068115234,935,7829002.491760254,1679
FULC,2021-12-31,17.690000534057617,621,7793475.6278038025,1680
ORGO,2021-12-31,9.239999771118164,1008,7774831.266260147,1681
XHR,2021-12-31,15.766024589538574,1008,7771947.961807251,1682
INSG,2021-12-31,58.29999923706055,1008,7734221.724948883,1683
VREX,2021-12-31,31.549999237060547,1008,7719672.392463684,1684
PMVP,2021-12-31,23.100000381469727,320,7716335.236644745,1685
IDCC,2021-12-31,66.45494842529297,1008,7708059.217643738,1686
UPLD,2021-12-31,179.39999389648438,1008,7705557.12020874,1687
DSGX,2021-12-31,82.68000030517578,1008,7672277.76260376,1688
MNRO,2021-12-31,48.23857116699219,1008,7659548.693656921,1689
CARS,2021-12-31,16.09000015258789,1008,7650471.069145203,1690
KURA,2021-12-31,14.0,1008,7643632.184505463,1691
MAIN,2021-12-31,31.176034927368164,1008,7621735.62374115,1692
UTZ,2021-12-31,14.684229850769045,781,7619175.191879272,1693
NPO,2021-12-31,106.11260223388672,1008,7607135.000610352,1694
ARI,2021-12-31,7.907188892364502,1008,7596440.896940232,1695
MSEX,2021-12-31,109.78168487548828,1008,7554413.373947144,1696
CERS,2021-12-31,6.809999942779541,1008,7518413.866496086,1697
PLXS,2021-12-31,95.88999938964844,1008,7513459.418106079,1698
BEEM,2021-12-31,18.600000381469727,1008,7483609.65385437,1699
FNKO,2021-12-31,18.799999237060547,1008,7476126.918411255,1700
LAND,2021-12-31,28.022096633911133,1008,7461513.008594513,1701
SHOE,2021-12-31,35.31694793701172,1008,7454182.536411285,1702
STC,2021-12-31,68.72757720947266,1008,7449590.839004517,1703
MCY,2021-12-31,46.46339416503906,1008,7445425.419616699,1704
SPXC,2021-12-31,59.68000030517578,1008,7444207.52620697,1705
ATOS,2021-12-31,24.0,1008,7428365.983385086,1706
TNXP,2021-12-31,230400.0,1008,7427200.0,1707
SNDX,2021-12-31,21.88999938964844,1008,7418263.887786865,1708
PETS,2021-12-31,22.530454635620117,1008,7366414.388465881,1709
CVI,2021-12-31,11.945383071899414,1008,7362172.017383575,1710
MLAB,2021-12-31,320.2831115722656,1008,7339170.097351074,1711
OSG,2021-12-31,16.049999237060547,1008,7329082.280015945,1712
CIGI,2021-12-31,146.86993408203125,1008,7325865.4457092285,1713
BRC,2021-12-31,50.01091384887695,1008,7286039.472198486,1714
ALT,2021-12-31,9.15999984741211,1008,7269390.455627441,1715
TVRD,2021-12-31,438.4800109863281,1008,7266461.59753418,1716
TOON,2021-12-31,10.5,1008,7237928.943476677,1717
FCPT,2021-12-31,23.001296997070312,1008,7216388.101005554,1718
SIBN,2021-12-31,22.209999084472656,808,7211394.069957733,1719
HESM,2021-12-31,19.51101875305176,1008,7208711.704730988,1720
CRS,2021-12-31,27.74139404296875,1008,7198630.9277534485,1721
DFTX,2021-12-31,20.700000762939453,1008,7194478.8730220795,1722
CAE,2021-12-31,25.239999771118164,1008,7168861.441326141,1723
XPRO,2021-12-31,14.350000381469728,1008,7159789.338874817,1724
HTGC,2021-12-31,9.951373100280762,1008,7159574.628734589,1725
VNDA,2021-12-31,15.6899995803833,1008,7157570.786857605,1726
HLIT,2021-12-31,11.760000228881836,1008,7129810.425710678,1727
MOG.A,2021-12-31,78.0333251953125,1008,7115204.33921814,1728
OSIS,2021-12-31,93.1999969482422,1008,7100088.948059082,1729
LTC,2021-12-31,25.56294631958008,1008,7094778.486251831,1730
BSAC,2021-12-31,12.422354698181152,1008,7060824.761676788,1731
RWT,2021-12-31,7.858943939208984,1008,7039675.208759308,1732
CMPR,2021-12-31,71.61000061035156,1008,7034680.081176758,1733
PSNL,2021-12-31,14.270000457763672,640,7025565.340232849,1734
KROS,2021-12-31,58.5099983215332,438,7021630.555343628,1735
WFRD,2021-12-31,26.960941314697266,252,6998270.11384964,1736
HBM,2021-12-31,7.1842570304870605,1008,6997368.7754154205,1737
PUMP,2021-12-31,8.100000381469727,1008,6991591.432142258,1738
RGR,2021-12-31,56.2640495300293,1008,6989777.27355957,1739
RDY,2021-12-31,12.551222801208496,1008,6944185.585737228,1740
AUB,2021-12-31,31.457950592041016,1008,6916354.56867218,1741
CENTA,2021-12-31,38.279998779296875,1008,6914896.141052246,1742
SBCF,2021-12-31,31.501873016357425,1008,6876899.032592773,1743
EFC,2021-12-31,9.664578437805176,1008,6874790.657281876,1744
CAMT,2021-12-31,45.29534530639648,1008,6853309.544372559,1745
NEGG,2021-12-31,207.3999938964844,1008,6833701.013031006,1746
KAI,2021-12-31,225.5157470703125,1008,6813032.530212402,1747
VNOM,2021-12-31,16.08447265625,1008,6780343.7883377075,1748
INVX,2021-12-31,19.68000030517578,1008,6778218.863964081,1749
CNVS,2021-12-31,23.200000762939453,1008,6756146.110701561,1750
CHEF,2021-12-31,33.29999923706055,1008,6734134.494590759,1751
GPUS,2021-12-31,213516.59375,1008,6715903.9375,1752
USPH,2021-12-31,87.25675964355469,1008,6709848.942565918,1753
JBI,2021-12-31,12.520000457763672,512,6694819.03090477,1754
LKFN,2021-12-31,70.16400146484375,1008,6691128.311538696,1755
ROAD,2021-12-31,29.40999984741211,923,6687678.006839752,1756
GNK,2021-12-31,10.98668384552002,1008,6685571.162223816,1757
TPB,2021-12-31,36.50782775878906,1008,6678419.42615509,1758
MFA,2021-12-31,9.668333053588867,1008,6674008.463048935,1759
WGS,2021-12-31,147.17999267578125,292,6669856.891723633,1760
IMKTA,2021-12-31,82.92930603027344,1008,6665290.603637695,1761
ATOM,2021-12-31,20.1200008392334,1008,6659658.76750946,1762
ATLC,2021-12-31,71.31999969482422,1008,6636433.02230835,1763
CMRE,2021-12-31,10.89621353149414,1008,6624007.327270508,1764
WSBC,2021-12-31,28.5263729095459,1008,6623486.885643005,1765
NRIX,2021-12-31,28.950000762939453,364,6622289.9357795715,1766
SLP,2021-12-31,46.57343292236328,1008,6603556.20803833,1767
CVM,2021-12-31,213.0,1008,6596415.330169678,1768
MGNX,2021-12-31,16.049999237060547,1008,6595919.068717957,1769
INGN,2021-12-31,34.0,1008,6587775.056648254,1770
KFRC,2021-12-31,65.89981079101562,1008,6569378.375053406,1771
MX,2021-12-31,20.969999313354492,1008,6567972.210693359,1772
OXM,2021-12-31,85.94984436035156,1008,6566824.5361328125,1773
HOPE,2021-12-31,11.812135696411133,1008,6561858.823776245,1774
OR,2021-12-31,11.695043563842772,1008,6548482.604789734,1775
TCMD,2021-12-31,19.030000686645508,1008,6527367.882823944,1776
CRVL,2021-12-31,69.33333587646484,1008,6521750.539398193,1777
AGRO,2021-12-31,6.772924900054932,1008,6510364.0833854675,1778
OTTR,2021-12-31,63.98997497558594,1008,6493007.516479492,1779
SD,2021-12-31,7.411047458648682,1008,6479502.140522003,1780
LNN,2021-12-31,144.7402801513672,1008,6471514.328765869,1781
TDAY,2021-12-31,5.329999923706055,1008,6452866.0592556,1782
BZH,2021-12-31,23.219999313354492,1008,6435622.580051422,1783
ADEA,2021-12-31,7.557066440582275,1008,6431015.460100651,1784
ADTN,2021-12-31,21.850889205932617,1008,6400381.362915039,1785
SCL,2021-12-31,113.3172836303711,1008,6385197.0542907715,1786
USNA,2021-12-31,101.1999969482422,1008,6367017.067718506,1787
OSUR,2021-12-31,8.6899995803833,1008,6350750.579690933,1788
CLFD,2021-12-31,84.41999816894531,1008,6350665.250015259,1789
RDNT,2021-12-31,30.11000061035156,1008,6340377.412319183,1790
MTRN,2021-12-31,89.9145736694336,1008,6336484.142303467,1791
GNL,2021-12-31,8.734674453735352,1008,6329077.631235123,1792
VECO,2021-12-31,28.469999313354492,1008,6320287.337017059,1793
CXW,2021-12-31,9.970000267028809,1008,6285357.101154327,1794
IMMR,2021-12-31,5.049528121948242,1008,6280871.10979557,1795
MEI,2021-12-31,42.77141952514648,1008,6279997.829818726,1796
HTO,2021-12-31,64.8823013305664,1008,6270104.594993591,1797
E,2021-12-31,21.32725715637207,1008,6251854.189491272,1798
ERII,2021-12-31,21.489999771118164,1008,6233664.995193481,1799
IBOC,2021-12-31,37.99640655517578,1008,6219699.137878418,1800
NG,2021-12-31,6.860000133514404,1008,6141789.568781853,1801
FWONA,2021-12-31,56.81361389160156,1008,6129805.247014999,1802
BTAI,2021-12-31,325.2799987792969,963,6101222.41595459,1803
QNST,2021-12-31,18.190000534057617,1008,6075486.401939392,1804
CCC,2021-12-31,11.390000343322754,314,6069689.957952499,1805
OMER,2021-12-31,6.429999828338623,1008,6044066.0267829895,1806
FOSL,2021-12-31,10.289999961853027,1008,6036001.620292664,1807
CNS,2021-12-31,79.59583282470703,1008,6024088.674545288,1808
RNST,2021-12-31,33.63665008544922,1008,6015166.967201233,1809
ICFI,2021-12-31,100.06155395507812,1008,5961548.905944824,1810
HLMN,2021-12-31,10.75,272,5960571.9197273245,1811
AAT,2021-12-31,28.98406410217285,1008,5955338.989639282,1812
OCUL,2021-12-31,6.96999979019165,1008,5940541.94393158,1813
ASTE,2021-12-31,65.48312377929688,1008,5932836.0427856445,1814
KB,2021-12-31,38.910884857177734,1008,5922825.232696533,1815
CNDT,2021-12-31,5.340000152587891,1008,5919517.4255132675,1816
NWN,2021-12-31,39.93613052368164,1008,5867395.58391571,1817
EFSC,2021-12-31,42.63184356689453,1008,5850290.693855286,1818
MITK,2021-12-31,17.75,1008,5785456.0114860535,1819
HOV,2021-12-31,127.29000091552734,1008,5782414.535903931,1820
BANR,2021-12-31,52.1140251159668,1008,5781725.186157227,1821
ADAM,2021-12-31,8.307594299316406,1008,5693375.539767742,1822
CPK,2021-12-31,133.09251403808594,1008,5688416.523742676,1823
ARLO,2021-12-31,10.489999771118164,860,5673374.947166443,1824
CRMT,2021-12-31,102.4000015258789,1008,5659682.186126709,1825
HNI,2021-12-31,36.06851959228515,1008,5655747.381591797,1826
TRMK,2021-12-31,28.409191131591797,1008,5652837.769317627,1827
REPL,2021-12-31,27.100000381469727,870,5643730.001068115,1828
CPRX,2021-12-31,6.769999980926514,1008,5627590.082359314,1829
INN,2021-12-31,8.127141952514648,1008,5605874.95675087,1830
IVR,2021-12-31,11.905242919921877,1008,5595422.60368824,1831
UAVS,2021-12-31,1570.0,1008,5584220.0,1832
PRDO,2021-12-31,11.042606353759766,1008,5567196.710634232,1833
CALM,2021-12-31,28.61924743652344,1008,5565368.031787872,1834
AVPT,2021-12-31,6.289999961853027,544,5544594.143486023,1835
JOE,2021-12-31,49.81926345825195,1008,5543641.44153595,1836
NCTY,2021-12-31,67.0,1008,5512635.084953308,1837
ESTA,2021-12-31,67.58999633789062,871,5506195.4870224,1838
PSMT,2021-12-31,68.27094268798828,1008,5492908.363723755,1839
SPIR,2021-12-31,27.040000915527344,293,5489124.580282211,1840
IDYA,2021-12-31,23.63999938964844,659,5440064.103126526,1841
KT,2021-12-31,10.522032737731934,1008,5436352.274608612,1842
NNI,2021-12-31,93.0157699584961,1008,5432065.412139893,1843
RRGB,2021-12-31,16.530000686645508,1008,5386734.786891937,1844
DX,2021-12-31,9.202017784118652,1008,5347439.320373535,1845
MASS,2021-12-31,25.8700008392334,261,5344900.84438324,1846
UIS,2021-12-31,20.56999969482422,1008,5335869.587230682,1847
FFBC,2021-12-31,20.43408203125,1008,5328689.6595954895,1848
EVER,2021-12-31,15.65999984741211,885,5295193.144893646,1849
QSI,2021-12-31,7.869999885559082,285,5292751.0800123215,1850
SXI,2021-12-31,106.7993621826172,1008,5275846.292114257,1851
PPSI,2021-12-31,5.660261631011963,1008,5250576.755905151,1852
ANIP,2021-12-31,46.08000183105469,1008,5248789.350128174,1853
NXRT,2021-12-31,67.24261474609375,1008,5230987.090110779,1854
HVT,2021-12-31,23.308515548706055,1008,5229299.761772156,1855
EBON,2021-12-31,30.899999618530273,383,5219717.877655029,1856
ONDS,2021-12-31,6.710000038146973,271,5178132.0559978485,1857
CRNX,2021-12-31,28.40999984741211,872,5173390.056037903,1858
STGW,2021-12-31,8.670000076293945,1008,5150121.8547821045,1859
FCF,2021-12-31,13.82853889465332,1008,5103099.599266052,1860
VFF,2021-12-31,6.420000076293945,723,5092915.925216675,1861
FRME,2021-12-31,35.447914123535156,1008,5092244.651222229,1862
CBZ,2021-12-31,39.119998931884766,1008,5090130.117034912,1863
SA,2021-12-31,16.489999771118164,1008,5075290.409660339,1864
NUVB,2021-12-31,8.5,341,5062575.096988678,1865
DCBO,2021-12-31,67.36000061035156,272,5033061.04850769,1866
COLL,2021-12-31,18.68000030517578,1008,5013390.01789093,1867
