ticker,cutoff,price,history_days,median_dollar_volume_60d,liquidity_rank
TSLA,2021-12-31,352.260009765625,1008,25247837440.7135,1
NVDA,2021-12-31,29.31838035583496,1008,12475138921.42868,2
AAPL,2021-12-31,173.59902954101562,1008,11450793203.75061,3
AMZN,2021-12-31,166.7169952392578,1008,10118877215.270996,4
MSFT,2021-12-31,323.9747314453125,1008,7558063627.22168,5
AMD,2021-12-31,143.89999389648438,1008,7463907941.903687,6
META,2021-12-31,333.422119140625,1008,6651221611.174011,7
GOOGL,2021-12-31,143.578857421875,1008,4042286362.0910645,8
PYPL,2021-12-31,186.96083068847656,1008,3013763979.563904,9
GOOG,2021-12-31,143.41506958007812,1008,2880224094.833374,10
MRNA,2021-12-31,253.97999572753903,773,2610905535.2905273,11
V,2021-12-31,209.4094390869141,1008,2008699510.5262756,12
BA,2021-12-31,201.32000732421875,1008,1834312948.664856,13
BAC,2021-12-31,39.75520706176758,1008,1613132116.9326782,14
DIS,2021-12-31,150.1756591796875,1008,1608823195.4345703,15
XYZ,2021-12-31,161.50999450683594,1008,1524296545.3720093,16
MA,2021-12-31,349.2886657714844,1008,1488885021.6796875,17
SHOP,2021-12-31,137.73899841308594,1008,1453439142.2271729,18
JPM,2021-12-31,140.571044921875,1008,1438589133.4075928,19
ADBE,2021-12-31,567.0599975585938,1008,1399087581.7077637,20
INTC,2021-12-31,47.7645263671875,1008,1353213143.9414978,21
PFE,2021-12-31,46.5197639465332,1008,1324095579.2840958,22
AMC,2021-12-31,272.0,1008,1272835488.6634827,23
QCOM,2021-12-31,165.54652404785156,1008,1238141866.0060883,24
CRM,2021-12-31,249.8081970214844,1008,1219394576.3442993,25
MU,2021-12-31,91.0579833984375,1008,1197418785.1650238,26
F,2021-12-31,15.473865509033203,1008,1151994218.0205345,27
UBER,2021-12-31,41.93000030517578,668,1134958259.125328,28
C,2021-12-31,51.543209075927734,1008,1117806839.489746,29
BRK.B,2021-12-31,299.0,1008,1040773681.5368652,30
HD,2021-12-31,369.8318481445313,1008,1033751732.2753906,31
XOM,2021-12-31,52.379425048828125,1008,995461613.2383347,32
JNJ,2021-12-31,150.48875427246094,1008,972190454.5883179,33
ROKU,2021-12-31,228.1999969482422,1008,951393088.444519,34
SNAP,2021-12-31,47.029998779296875,1008,945115375.4451752,35
COST,2021-12-31,539.7208862304688,1008,942575235.1089478,36
WFC,2021-12-31,42.886962890625,1008,912236605.9770584,37
WMT,2021-12-31,45.5972900390625,1008,911640242.5392151,38
T,2021-12-31,14.096484184265137,1008,910782813.3150349,39
CVX,2021-12-31,97.99224090576172,1008,904166082.2639465,40
AVGO,2021-12-31,61.412086486816406,1008,900893707.8838348,41
GM,2021-12-31,56.31241607666016,1008,899665647.6650238,42
AMAT,2021-12-31,151.3890380859375,1008,882276421.068573,43
PG,2021-12-31,145.8335418701172,1008,862925991.8945312,44
CSCO,2021-12-31,55.47454452514648,1008,855187332.4888229,45
MRK,2021-12-31,66.78672790527344,1008,831518940.9233093,46
NKE,2021-12-31,153.96636962890625,1008,823862643.3242798,47
CMCSA,2021-12-31,40.25387954711914,1008,809051623.838068,48
GS,2021-12-31,342.34942626953125,1008,796774303.2821655,49
ZM,2021-12-31,183.91000366210935,683,771617327.4948121,50
BKNG,2021-12-31,93.9730224609375,1008,763997578.3157349,51
INTU,2021-12-31,620.94873046875,1008,761794098.7701416,52
NVAX,2021-12-31,143.07000732421875,1008,761248815.7272339,53
TSM,2021-12-31,111.8178253173828,1008,739555901.1299133,54
PLUG,2021-12-31,28.229999542236328,1008,735135866.8849945,55
VZ,2021-12-31,38.327911376953125,1008,717038561.125946,56
DHR,2021-12-31,285.02294921875,1008,715612825.2886353,57
LRCX,2021-12-31,68.58538055419922,1008,715114977.4017334,58
MELI,2021-12-31,1348.4000244140625,1008,715113481.8603516,59
TMO,2021-12-31,658.5445556640625,1008,706736768.8293457,60
TXN,2021-12-31,165.42869567871094,1008,702174489.8101807,61
TGT,2021-12-31,200.25912475585935,1008,682864252.5619507,62
MS,2021-12-31,84.7540512084961,1008,680990499.7425079,63
CCL,2021-12-31,19.90550422668457,1008,678423149.1128922,64
CRWD,2021-12-31,51.1875,646,678277193.7927246,65
ACN,2021-12-31,382.741455078125,1008,665723164.4958496,66
KO,2021-12-31,51.85354995727539,1008,657794079.2022705,67
NET,2021-12-31,131.5,581,655220803.7139893,68
NOW,2021-12-31,129.82200622558594,1008,653591766.910553,69
ORCL,2021-12-31,81.80906677246094,1008,646863810.7131958,70
SBUX,2021-12-31,104.94554901123048,1008,643049455.5603027,71
PTON,2021-12-31,35.7599983215332,572,640223779.3569565,72
LLY,2021-12-31,265.1997985839844,1008,634186261.5188599,73
FCX,2021-12-31,39.12371063232422,1008,621481459.208107,74
GE,2021-12-31,57.560157775878906,1008,614533644.9344978,75
TWLO,2021-12-31,263.3399963378906,1008,609376660.6262207,76
LOW,2021-12-31,236.92672729492188,1008,601496279.2526245,77
ASML,2021-12-31,762.5325317382812,1008,599003519.5983887,78
AAL,2021-12-31,17.959999084472656,1008,589241946.8114853,79
PANW,2021-12-31,92.7933349609375,1008,585991622.328186,80
MCD,2021-12-31,241.6233673095703,1008,585530000.75531,81
CHTR,2021-12-31,651.969970703125,1008,584958633.6517334,82
MARA,2021-12-31,32.86000061035156,1008,583485420.5869675,83
BMY,2021-12-31,51.21782302856445,1008,576197910.6920242,84
ABT,2021-12-31,129.1053009033203,1008,568547672.782135,85
AXP,2021-12-31,154.33563232421875,1008,564392836.8545532,86
ABBV,2021-12-31,114.87705993652344,1008,559818790.5605316,87
CAT,2021-12-31,191.1051025390625,1008,558606562.9730225,88
MDT,2021-12-31,89.45081329345703,1008,544492780.1216125,89
SPGI,2021-12-31,429.6531677246094,1008,531292500.8539429,90
ZS,2021-12-31,321.3299865722656,957,528436237.49694824,91
IBM,2021-12-31,112.66111755371094,1008,527082520.0431824,92
DKNG,2021-12-31,27.469999313354492,616,524999805.99594116,93
UNP,2021-12-31,227.2031707763672,1008,514633207.82928467,94
PEP,2021-12-31,150.29737854003906,1008,512799365.42282104,95
TMUS,2021-12-31,110.91098022460938,1008,506327949.7329712,96
ETSY,2021-12-31,218.94000244140625,1008,501086105.39398193,97
ISRG,2021-12-31,359.29998779296875,1008,499881845.85266113,98
DDOG,2021-12-31,178.11000061035156,577,499519626.28326416,99
DOCU,2021-12-31,152.30999755859375,928,499438357.1273804,100
AMGN,2021-12-31,195.30625915527344,1008,499071351.8432617,101
DE,2021-12-31,323.012451171875,1008,485236945.7611084,102
ADI,2021-12-31,162.79888916015625,1008,469649816.75338745,103
HON,2021-12-31,187.33819580078125,1008,466842492.66410065,104
FDX,2021-12-31,189.9150848388672,1008,462815093.0772629,105
COP,2021-12-31,61.38956451416016,1008,455861010.01815796,106
NEE,2021-12-31,82.59905242919922,1008,449037740.38124084,107
MRVL,2021-12-31,85.96125030517578,1008,437936441.64009094,108
DAL,2021-12-31,37.72208023071289,1008,436865499.2050171,109
OXY,2021-12-31,27.101503372192383,1008,435014967.28591913,110
REGN,2021-12-31,626.3468017578125,1008,417464713.24768066,111
ENPH,2021-12-31,182.94000244140625,1008,416989659.2941284,112
EBAY,2021-12-31,61.243507385253906,1008,414815648.59695435,113
FIS,2021-12-31,96.92398071289062,1008,410766805.7220459,114
KLAC,2021-12-31,41.12063217163086,1008,407860994.60601807,115
TJX,2021-12-31,71.11061096191406,1008,404696097.40104675,116
FISV,2021-12-31,103.79000091552734,1008,402066117.4659729,117
LIN,2021-12-31,325.91436767578125,1008,401427700.12664795,118
PINS,2021-12-31,36.349998474121094,683,399328206.8336487,119
CVS,2021-12-31,88.44617462158203,1008,398461129.3548584,120
NXPI,2021-12-31,209.244140625,1008,397772558.631897,121
LMT,2021-12-31,315.42584228515625,1008,395547367.6925659,122
BILL,2021-12-31,249.1499938964844,518,394330420.3552246,123
ELV,2021-12-31,433.9444580078125,1008,388146154.43725586,124
HUBS,2021-12-31,659.1500244140625,1008,384310926.8066406,125
TDOC,2021-12-31,91.81999969482422,1008,382192822.5967407,126
NCLH,2021-12-31,20.739999771118164,1008,378347954.32186127,127
RIOT,2021-12-31,22.329999923706055,1008,375029237.2554779,128
CLF,2021-12-31,21.770000457763672,1008,374242219.3002701,129
GILD,2021-12-31,61.728363037109375,1008,372550441.2820816,130
BX,2021-12-31,110.61912536621094,1008,369579860.4812622,131
CSX,2021-12-31,35.32542419433594,1008,367500396.9137192,132
BLK,2021-12-31,818.9031982421875,1008,366738397.8820801,133
WDAY,2021-12-31,273.17999267578125,1008,362705748.8922119,134
COF,2021-12-31,133.84202575683594,1008,357158097.101593,135
SCHW,2021-12-31,79.06639862060547,1008,355717919.1226959,136
LULU,2021-12-31,391.4500122070313,1008,355030129.2297363,137
DLTR,2021-12-31,140.52000427246094,1008,351226616.4588928,138
TEAM,2021-12-31,381.2900085449219,1008,348543529.99420166,139
Z,2021-12-31,63.849998474121094,1008,348478742.8691864,140
CMG,2021-12-31,34.96500015258789,1008,347828664.522171,141
PSKY,2021-12-31,27.16889190673828,1008,347514574.5885849,142
AA,2021-12-31,56.84954071044922,1008,346948498.8763809,143
RTX,2021-12-31,78.00894165039062,1008,344598331.5055847,144
GME,2021-12-31,37.09749984741211,1008,344479434.879303,145
AMT,2021-12-31,252.59754943847656,1008,343258249.91607666,146
EXPE,2021-12-31,178.50584411621094,1008,341955282.3486328,147
LUV,2021-12-31,39.51409530639648,1008,341199265.4689789,148
AON,2021-12-31,291.0779724121094,1008,340354295.47576904,149
EL,2021-12-31,344.52874755859375,1008,340060703.2348633,150
ON,2021-12-31,67.91999816894531,1008,339693501.7370224,151
CI,2021-12-31,211.4620361328125,1008,336669803.16848755,152
MTCH,2021-12-31,126.97827911376952,1008,336365970.9075928,153
MPC,2021-12-31,57.90974426269531,1008,334177475.7457733,154
MDB,2021-12-31,529.3499755859375,1008,333184959.89990234,155
M,2021-12-31,21.885223388671875,1008,327065794.62680817,156
GPN,2021-12-31,129.19967651367188,1008,325783545.7015991,157
ALGN,2021-12-31,657.1799926757812,1008,323034925.6072998,158
ADSK,2021-12-31,281.19000244140625,1008,322788086.6668701,159
PM,2021-12-31,77.169921875,1008,321548736.3319397,160
DXCM,2021-12-31,134.2375030517578,1008,320550576.33361816,161
SHW,2021-12-31,337.8742980957031,1008,316610823.1109619,162
ILMN,2021-12-31,370.0778198242187,1008,314981946.1755066,163
MSTR,2021-12-31,54.44900131225586,1008,314098570.3468323,164
CVNA,2021-12-31,46.358001708984375,1008,311707810.300827,165
DVN,2021-12-31,35.66010665893555,1008,311499087.70046234,166
MMM,2021-12-31,126.22688293457033,1008,308829310.5217056,167
HUM,2021-12-31,442.6744384765625,1008,305425692.9840088,168
NUE,2021-12-31,106.8568878173828,1008,304034887.71629333,169
MDLZ,2021-12-31,58.73751449584961,1008,303248970.88661194,170
EA,2021-12-31,128.81158447265625,1008,302982448.626709,171
OKTA,2021-12-31,224.1699981689453,1008,302844284.8892212,172
BSX,2021-12-31,42.47999954223633,1008,301762762.5923157,173
VRTX,2021-12-31,219.6000061035156,1008,298380366.8785095,174
EQIX,2021-12-31,772.0986938476562,1008,296402629.2175293,175
MAR,2021-12-31,158.73696899414062,1008,295463657.95288086,176
SLB,2021-12-31,27.07147789001465,1008,294151773.1435776,177
BIIB,2021-12-31,239.9199981689453,1008,293277689.4012452,178
FTNT,2021-12-31,71.87999725341797,1008,291229340.1813507,179
CP,2021-12-31,69.49858856201172,1008,286580721.4141846,180
BDX,2021-12-31,177.99285888671875,1008,285339998.2860718,181
CB,2021-12-31,182.26104736328125,1008,284830658.73565674,182
DG,2021-12-31,217.2922515869141,1008,283697950.3364563,183
EOG,2021-12-31,72.64289855957031,1008,281233571.6869354,184
W,2021-12-31,189.97000122070312,1008,280798936.87286377,185
SPOT,2021-12-31,234.02999877929688,946,277748503.45840454,186
HCA,2021-12-31,247.32081604003903,1008,277467199.66278076,187
NEM,2021-12-31,54.69229888916016,1008,276276256.9126129,188
B,2021-12-31,16.889894485473633,1008,274979379.50143814,189
SYK,2021-12-31,255.14073181152344,1008,274735935.30807495,190
CL,2021-12-31,76.64612579345703,1008,272580048.32458496,191
NSC,2021-12-31,270.15423583984375,1008,265724773.47335815,192
AZO,2021-12-31,2096.389892578125,1008,264984869.51904297,193
LVS,2021-12-31,35.54629135131836,1008,263407077.54535675,194
RNG,2021-12-31,186.72994995117188,1008,262861516.97387695,195
ZTS,2021-12-31,232.58192443847656,1008,261898109.55810547,196
GNRC,2021-12-31,351.9200134277344,1008,261263669.5678711,197
ADP,2021-12-31,222.94615173339844,1008,261233319.4984436,198
APD,2021-12-31,271.17547607421875,1008,260597628.67126465,199
PLD,2021-12-31,147.03936767578125,1008,260058009.4390869,200
CNC,2021-12-31,82.4000015258789,1008,259591305.9436798,201
RCL,2021-12-31,74.78379821777344,1008,257869349.56817627,202
ICE,2021-12-31,128.79611206054688,1008,257062256.58111572,203
CAR,2021-12-31,197.02374267578125,1008,256081235.60791016,204
PNC,2021-12-31,169.27764892578125,1008,254435699.54833984,205
MRSH,2021-12-31,162.24229431152344,1008,253920242.0036316,206
WYNN,2021-12-31,82.2619400024414,1008,253052217.22450256,207
MCHP,2021-12-31,78.75054931640625,1008,251068880.28793335,208
ALB,2021-12-31,221.0090179443359,1008,247863719.59152222,209
PENN,2021-12-31,51.849998474121094,1008,247790730.57670593,210
NOC,2021-12-31,360.0851745605469,1008,247627727.95715332,211
EW,2021-12-31,129.5500030517578,1008,246133673.43025208,212
DELL,2021-12-31,51.10978317260742,1008,243983746.6324253,213
HLT,2021-12-31,153.91421508789062,1008,241139525.49972534,214
WTW,2021-12-31,223.62046813964844,1008,239603720.18356323,215
EMR,2021-12-31,84.94844818115234,1008,237808384.6130371,216
MGM,2021-12-31,44.86491394042969,1008,237558149.1306305,217
ULTA,2021-12-31,412.3399963378906,1008,237492626.3244629,218
DOW,2021-12-31,44.182491302490234,704,234179407.54318237,219
SPG,2021-12-31,125.1135025024414,1008,233382623.38867188,220
ANET,2021-12-31,35.9375,1008,231909992.04788208,221
LYFT,2021-12-31,42.72999954223633,697,231875509.82894897,222
ORLY,2021-12-31,47.082000732421875,1008,231765949.83673096,223
VLO,2021-12-31,65.41154479980469,1008,227902431.4804077,224
RUN,2021-12-31,34.29999923706055,1008,227762007.78980255,225
DHI,2021-12-31,103.48348999023438,1008,224699606.37130737,226
MET,2021-12-31,54.499488830566406,1008,224289959.2557907,227
WM,2021-12-31,155.47850036621094,1008,222720906.33544922,228
SWKS,2021-12-31,135.19703674316406,1008,220973048.01635742,229
AZN,2021-12-31,105.70306396484376,1008,219724970.59078217,230
O,2021-12-31,56.54978561401367,1008,219397814.66407776,231
BBY,2021-12-31,81.83395385742188,1008,218688169.60601807,232
HPQ,2021-12-31,31.716062545776367,1008,218435426.31368637,233
CME,2021-12-31,189.4610595703125,1008,216205820.85723877,234
APTV,2021-12-31,164.9499969482422,1008,215743983.86383057,235
KR,2021-12-31,41.09001159667969,1008,215055854.72660065,236
CCI,2021-12-31,166.52626037597656,1008,214963580.82733154,237
APA,2021-12-31,23.328258514404297,1008,214756598.60286713,238
A,2021-12-31,154.27500915527344,1008,214341583.64868164,239
CHWY,2021-12-31,58.970001220703125,644,214271853.35655212,240
MO,2021-12-31,33.41929244995117,1008,212894986.22379303,241
MCO,2021-12-31,375.6747131347656,1008,212627963.0706787,242
EXC,2021-12-31,35.05968475341797,1008,211986389.35760498,243
RH,2021-12-31,535.9400024414062,1008,211143100.9613037,244
TFC,2021-12-31,46.828338623046875,1008,210991881.45542145,245
ETN,2021-12-31,161.0176544189453,1008,210750990.1184082,246
BP,2021-12-31,21.258180618286133,1008,209909474.38144684,247
USB,2021-12-31,45.88007736206055,1008,209388059.42668915,248
JCI,2021-12-31,74.6817626953125,1008,208690187.47787476,249
SEDG,2021-12-31,280.57000732421875,1008,207303081.38275146,250
FCEL,2021-12-31,156.0,1008,206370147.73576355,251
LYV,2021-12-31,119.69000244140624,1008,206074299.73945618,252
FANG,2021-12-31,88.13262939453125,1008,205483106.84394836,253
AIG,2021-12-31,51.34839630126953,1008,204543682.2780609,254
CDNS,2021-12-31,186.3500061035156,1008,204427328.84521484,255
CHPT,2021-12-31,381.0,580,204274640.8555603,256
LHX,2021-12-31,194.83168029785156,1008,204151320.66955566,257
TEL,2021-12-31,150.32012939453125,1008,203681476.7929077,258
PGR,2021-12-31,93.29402923583984,1008,203671623.3543396,259
CROX,2021-12-31,128.22000122070312,1008,200195169.49157715,260
DUK,2021-12-31,88.1309814453125,1008,198612174.40452576,261
BNY,2021-12-31,51.204978942871094,1008,198113660.42022705,262
SO,2021-12-31,58.20650100708008,1008,197994027.4333954,263
SYF,2021-12-31,41.88470077514648,1008,197695109.17758942,264
VEEV,2021-12-31,255.47999572753903,1008,197200597.57080078,265
TT,2021-12-31,191.2132568359375,1008,195871983.11691284,266
MNST,2021-12-31,48.02000045776367,1008,195746747.22061157,267
SNPS,2021-12-31,368.5,1008,195501961.52954102,268
STZ,2021-12-31,231.2345733642578,1008,195252322.54486084,269
ALL,2021-12-31,105.7021713256836,1008,194345359.3330383,270
HAL,2021-12-31,20.879947662353516,1008,193582178.26070786,271
IQV,2021-12-31,282.1400146484375,1008,193006828.25317383,272
APO,2021-12-31,66.4631576538086,1008,192475687.7708435,273
CZR,2021-12-31,93.52999877929688,1008,190351357.75489807,274
APPS,2021-12-31,60.9900016784668,1008,189986854.33883667,275
TTWO,2021-12-31,177.72000122070312,1008,188935883.53881836,276
WDC,2021-12-31,49.06486129760742,1008,187158245.52629662,277
TRV,2021-12-31,143.55899047851562,1008,186824324.13101196,278
EPAM,2021-12-31,668.4500122070312,1008,185123411.85913086,279
MCK,2021-12-31,243.0130157470703,1008,185055059.87319946,280
PH,2021-12-31,300.22357177734375,1008,184953874.09820557,281
D,2021-12-31,63.93128204345703,1008,184858802.14233398,282
IDXX,2021-12-31,658.4600219726562,1008,183225051.73339844,283
PSX,2021-12-31,61.469200134277344,1008,183196714.44473267,284
LEN,2021-12-31,104.08756256103516,1008,183044156.34056857,285
BKR,2021-12-31,21.685365676879883,1008,183015840.89288712,286
DPZ,2021-12-31,528.162841796875,1008,182682372.55096436,287
FIVN,2021-12-31,137.32000732421875,1008,181669385.51559448,288
QRVO,2021-12-31,156.38999938964844,1008,181612367.43164062,289
BURL,2021-12-31,291.510009765625,1008,179945527.76184082,290
ODFL,2021-12-31,175.0067596435547,1008,179611780.42297363,291
CMI,2021-12-31,196.4725646972656,1008,176289576.14364624,292
KMI,2021-12-31,12.407828330993652,1008,175963708.79087448,293
DKS,2021-12-31,103.5247573852539,1008,175569501.02157593,294
DD,2021-12-31,92.8390121459961,1008,174392784.31848145,295
TLRY,2021-12-31,70.30000305175781,871,173136174.42596436,296
STX,2021-12-31,98.77938079833984,1008,172608856.722641,297
ROST,2021-12-31,108.6912078857422,1008,172140421.59423828,298
SPCE,2021-12-31,267.6000061035156,1008,171070033.1980896,299
ECL,2021-12-31,222.8699188232422,1008,170671538.01879883,300
KKR,2021-12-31,71.70653533935547,1008,170421854.92630005,301
TER,2021-12-31,160.6101531982422,1008,169704657.5263977,302
SWK,2021-12-31,158.94906616210938,1008,169343992.56896973,303
ZBH,2021-12-31,118.52764129638672,1008,169025714.14492798,304
DGX,2021-12-31,157.66758728027344,1008,165893356.18286133,305
DLR,2021-12-31,151.2662811279297,1008,165712982.264328,306
CTSH,2021-12-31,82.15797424316406,1008,165603456.5612793,307
MSCI,2021-12-31,581.598388671875,1008,164378694.6258545,308
XEL,2021-12-31,58.51448059082031,1008,164367005.0731659,309
PPG,2021-12-31,156.58473205566406,1008,164237009.2453003,310
EFX,2021-12-31,282.6377258300781,1008,163522909.1644287,311
AEP,2021-12-31,75.59370422363281,1008,163452402.4333954,312
PCG,2021-12-31,11.931821823120115,1008,162506300.80776215,313
BAX,2021-12-31,78.14244842529297,1008,160375191.43981934,314
KHC,2021-12-31,28.65703582763672,1008,159551875.0041008,315
WMB,2021-12-31,21.37191390991211,1008,159189311.34300232,316
SRE,2021-12-31,57.51964569091797,1008,159095104.51660156,317
BLDR,2021-12-31,85.70999908447266,1008,158096359.47227478,318
SYY,2021-12-31,69.21417236328125,1008,158007595.25299072,319
LH,2021-12-31,256.5189208984375,1008,156962420.635437,320
RIO,2021-12-31,48.38862228393555,1008,156261731.32858276,321
VFC,2021-12-31,62.840824127197266,1008,155788248.8937378,322
ENB,2021-12-31,29.74085807800293,1008,155726660.45265198,323
TROW,2021-12-31,159.6983184814453,1008,155239893.26553345,324
FLNA,2021-12-31,43.70000076293945,1008,155009658.4892273,325
VRSK,2021-12-31,221.71038818359375,1008,154911256.0142517,326
GD,2021-12-31,188.8293304443359,1008,154880413.38500977,327
KDP,2021-12-31,32.51070785522461,1008,154189678.42760086,328
DECK,2021-12-31,61.051666259765625,1008,153250104.43611145,329
MSI,2021-12-31,257.6300964355469,1008,152480420.68710327,330
LNG,2021-12-31,97.00379180908205,1008,152079525.29449463,331
CFG,2021-12-31,39.051021575927734,1008,151692953.3346176,332
NVS,2021-12-31,72.53801727294922,1008,151321127.01797485,333
ROP,2021-12-31,477.0673828125,1008,150524497.05352783,334
KEYS,2021-12-31,206.5099945068359,1008,149380626.638031,335
FUBO,2021-12-31,186.2400054931641,699,148919111.20700073,336
STT,2021-12-31,80.40103912353516,1008,147394542.50793457,337
SBAC,2021-12-31,360.8084106445313,1008,146926367.25616455,338
CF,2021-12-31,64.366455078125,1008,146046444.88372803,339
ROK,2021-12-31,322.9530944824219,1008,146044329.40826416,340
KMB,2021-12-31,119.9860382080078,1008,145274534.88845825,341
MOS,2021-12-31,35.01591110229492,1008,145132216.42656326,342
APH,2021-12-31,41.9811897277832,1008,144502884.42077637,343
FSLR,2021-12-31,87.16000366210938,1008,144332343.10035706,344
WBD,2021-12-31,23.540000915527344,1008,144262574.14512634,345
WST,2021-12-31,463.3940124511719,1008,143947947.34954834,346
FITB,2021-12-31,36.6158561706543,1008,143454537.38212585,347
BBWI,2021-12-31,62.23628234863281,1008,142995288.249588,348
AJG,2021-12-31,162.03709411621094,1008,141822471.4401245,349
PSA,2021-12-31,304.4888916015625,1008,141687131.50024414,350
CLX,2021-12-31,149.04742431640625,1008,141306243.65844727,351
YUM,2021-12-31,127.41207122802734,1008,140617160.28022766,352
WSM,2021-12-31,77.49140167236328,1008,139759077.1835327,353
RVTY,2021-12-31,198.8719482421875,1008,138998083.719635,354
AFL,2021-12-31,52.71001052856445,1008,137611083.4766388,355
WELL,2021-12-31,76.92449188232422,1008,137091054.90341187,356
FAST,2021-12-31,28.6947021484375,1008,136892613.2320404,357
BALL,2021-12-31,90.54156494140624,1008,136731427.69432068,358
CPAY,2021-12-31,223.83999633789065,1008,136034224.0348816,359
GIS,2021-12-31,55.89280319213867,1008,135804402.18544006,360
CTAS,2021-12-31,106.24919128417967,1008,135252033.18634036,361
IFF,2021-12-31,133.25119018554688,1008,134974164.6385193,362
DRI,2021-12-31,128.6958465576172,1008,134918221.14944458,363
KSS,2021-12-31,36.55067825317383,1008,133044221.22612,364
RF,2021-12-31,18.04355812072754,1008,132869391.56627655,365
PAYC,2021-12-31,404.7359619140625,1008,132853919.82421875,366
SU,2021-12-31,21.111452102661133,1008,132748127.2195816,367
PRU,2021-12-31,86.74903869628906,1008,132106847.56011963,368
CAH,2021-12-31,47.06291961669922,1008,132051066.38393402,369
AMP,2021-12-31,282.3681945800781,1008,131940488.88702393,370
MPWR,2021-12-31,476.860595703125,1008,131343547.25189209,371
CHGG,2021-12-31,30.700000762939453,1008,131016053.12709808,372
LYB,2021-12-31,66.95130920410156,1008,130911374.59030151,373
KMX,2021-12-31,130.22999572753906,1008,130832560.86349487,374
PAYX,2021-12-31,118.7333526611328,1008,130299192.02728271,375
HPE,2021-12-31,13.91191291809082,1008,129352118.31946373,376
ENTG,2021-12-31,136.1314697265625,1008,129343655.75408936,377
AKAM,2021-12-31,117.04000091552734,1008,128317195.70922852,378
CSGP,2021-12-31,79.02999877929688,1008,127683196.6621399,379
NDAQ,2021-12-31,65.74748229980469,1008,127207828.23371887,380
EQT,2021-12-31,20.37186622619629,1008,127043683.19673538,381
AVTR,2021-12-31,42.13999938964844,663,126379366.47148132,382
KEY,2021-12-31,18.46145248413086,1008,124824068.75123978,383
ESTC,2021-12-31,123.08999633789062,816,124814186.01493835,384
TSCO,2021-12-31,43.90203857421875,1008,124551464.93244171,385
VMC,2021-12-31,200.22039794921875,1008,124314650.52261353,386
PCAR,2021-12-31,50.15248489379883,1008,123822218.85280609,387
IT,2021-12-31,334.32000732421875,1008,123766086.61804199,388
IBN,2021-12-31,19.193504333496097,1008,123672656.15940094,389
ED,2021-12-31,73.08643341064453,1008,123211989.13879395,390
DT,2021-12-31,60.349998474121094,611,122905526.4503479,391
CBRE,2021-12-31,108.51000213623048,1008,122659941.93305969,392
IP,2021-12-31,38.29757308959961,1008,122575280.32188416,393
ADM,2021-12-31,59.380462646484375,1008,122221341.82338715,394
ZBRA,2021-12-31,595.2000122070312,1008,121663695.9564209,395
RMD,2021-12-31,250.0266571044922,1008,121438752.88696289,396
WIX,2021-12-31,157.7899932861328,1008,121158013.50402832,397
AAP,2021-12-31,214.52345275878903,1008,120870802.06756592,398
GLW,2021-12-31,33.12166213989258,1008,120827737.73803711,399
ALLY,2021-12-31,40.78394317626953,1008,120491112.88146973,400
LBRDK,2021-12-31,150.8426971435547,1008,120409816.32852936,401
TDG,2021-12-31,528.8385009765625,1008,120310047.66845703,402
MTB,2021-12-31,133.12747192382812,1008,119474790.70739746,403
CNI,2021-12-31,112.24874877929688,1008,119229599.08714294,404
CCJ,2021-12-31,21.599365234375,1008,118770466.33853912,405
FICO,2021-12-31,433.6700134277344,1008,118432975.50354004,406
MTD,2021-12-31,1697.2099609375,1008,118393103.83300781,407
CRSP,2021-12-31,75.77999877929688,1008,118132140.43159485,408
HSY,2021-12-31,172.77943420410156,1008,117910086.89498901,409
LAR,2021-12-31,11.723027229309082,1008,117908428.87945938,410
CDW,2021-12-31,192.60939025878903,1008,117718648.6038208,411
HUT,2021-12-31,39.25,963,117582578.42704773,412
HBAN,2021-12-31,12.611809730529783,1008,117034468.58735085,413
FVRR,2021-12-31,113.6999969482422,645,116794836.7980957,414
CRL,2021-12-31,376.7799987792969,1008,116256562.8036499,415
VRSN,2021-12-31,250.02700805664065,1008,115849505.0491333,416
INMD,2021-12-31,70.58000183105469,606,115127684.0675354,417
GAP,2021-12-31,14.561250686645508,1008,113846053.62577438,418
TSN,2021-12-31,75.44593048095703,1008,113714035.40992737,419
OPTU,2021-12-31,16.18000030517578,1008,113580749.59573746,420
TPR,2021-12-31,36.11689376831055,1008,113426228.17630768,421
GLOB,2021-12-31,314.0899963378906,1008,113308971.63696289,422
SAM,2021-12-31,505.1000061035156,1008,112870054.95300293,423
EXPD,2021-12-31,127.34282684326172,1008,112344907.15942383,424
INVH,2021-12-31,38.74824523925781,1008,112009099.60155487,425
AR,2021-12-31,17.5,1008,111611382.4186325,426
BUD,2021-12-31,56.496036529541016,1008,111453491.01867676,427
TFX,2021-12-31,317.47503662109375,1008,111407720.42388916,428
YUMC,2021-12-31,47.001983642578125,1008,111024309.82570648,429
GDDY,2021-12-31,84.86000061035156,1008,110726838.45291138,430
WAT,2021-12-31,372.6000061035156,1008,109853934.7946167,431
UAA,2021-12-31,21.190000534057617,1008,109652419.5602417,432
RSG,2021-12-31,131.8772735595703,1008,109138744.00787354,433
FTV,2021-12-31,56.38754653930664,1008,108913029.72950745,434
AME,2021-12-31,142.7557373046875,1008,108642962.58659363,435
INCY,2021-12-31,73.4000015258789,1008,108561061.48223877,436
BMRN,2021-12-31,88.3499984741211,1008,108397133.63342285,437
AMBA,2021-12-31,202.88999938964844,1008,108335385.24246216,438
IR,2021-12-31,61.546363830566406,1008,108067217.96035767,439
NTAP,2021-12-31,82.55439758300781,1008,107470636.66381836,440
POOL,2021-12-31,530.381591796875,1008,107425549.68261719,441
EPD,2021-12-31,15.936599731445312,1008,106713348.69236948,442
FSLY,2021-12-31,35.45000076293945,663,106710064.34001923,443
MLM,2021-12-31,428.5201110839844,1008,106527881.98852539,444
CHKP,2021-12-31,116.55999755859376,1008,106288904.08706665,445
MT,2021-12-31,29.6041259765625,1008,106112684.49935913,446
CPRT,2021-12-31,37.904998779296875,1008,106104447.42279053,447
STNE,2021-12-31,13.928330421447754,802,105619006.62398338,448
ICLR,2021-12-31,309.70001220703125,1008,105525838.64746094,449
XP,2021-12-31,25.28956413269043,519,104754904.22792435,450
VICI,2021-12-31,23.536178588867188,1008,104743634.85431671,451
PWR,2021-12-31,113.8156509399414,1008,104448682.55653381,452
PHM,2021-12-31,54.80762481689453,1008,103975082.00969696,453
OKE,2021-12-31,46.03432083129883,1008,103568874.08981323,454
LUMN,2021-12-31,11.724677085876465,1008,102984803.28502657,455
WY,2021-12-31,34.19705581665039,1008,102722957.77988434,456
ALNY,2021-12-31,169.5800018310547,1008,101515590.67840576,457
FOXA,2021-12-31,34.821990966796875,710,101437596.22859955,458
NTR,2021-12-31,65.53848266601562,1008,100596320.83053589,459
VTRS,2021-12-31,11.139687538146973,1008,100331794.72694397,460
OMC,2021-12-31,62.51610565185547,1008,100085052.30255127,461
LAD,2021-12-31,287.6051330566406,1008,99794136.45629883,462
AN,2021-12-31,116.8499984741211,1008,99672124.86419678,463
FIVE,2021-12-31,206.88999938964844,1008,99447638.34228516,464
CVE,2021-12-31,11.043676376342772,1008,99210936.82541847,465
WHR,2021-12-31,184.9965362548828,1008,99104970.30944824,466
CTVA,2021-12-31,45.057655334472656,658,98954524.21684265,467
CE,2021-12-31,156.69381713867188,1008,98654320.63217163,468
HIG,2021-12-31,63.1256103515625,1008,98574737.24555969,469
PPL,2021-12-31,25.854887008666992,1008,98313525.8852005,470
AWK,2021-12-31,171.28927612304688,1008,98304021.07543945,471
CHD,2021-12-31,97.12532043457033,1008,98018495.52383423,472
BTI,2021-12-31,26.645408630371097,1008,97901734.49306488,473
ELAN,2021-12-31,28.3799991607666,827,97697958.36734772,474
STLD,2021-12-31,58.05382537841797,1008,97683645.42121887,475
EIX,2021-12-31,55.073848724365234,1008,96299379.3308258,476
ETR,2021-12-31,48.04030227661133,1008,96291264.83955383,477
ARE,2021-12-31,180.49301147460935,1008,95878777.63748169,478
TECK,2021-12-31,27.014114379882812,1008,95793255.80158234,479
FE,2021-12-31,34.61317443847656,1008,95628098.0102539,480
COO,2021-12-31,104.69979095458984,1008,95070553.2119751,481
MHK,2021-12-31,182.17999267578125,1008,94463617.71621704,482
ALK,2021-12-31,52.099998474121094,1008,93355962.99095154,483
XPO,2021-12-31,46.00712966918945,1008,93086086.9948349,484
HDB,2021-12-31,30.44375228881836,1008,92535040.78140259,485
COR,2021-12-31,127.14849853515624,1008,92178131.75811768,486
OVV,2021-12-31,30.055885314941406,1008,91925057.60498047,487
P,2021-12-31,32.54999923706055,1008,91548460.49308777,488
GWW,2021-12-31,495.82220458984375,1008,91398227.89764404,489
GH,2021-12-31,100.0199966430664,817,90892932.50732422,490
STM,2021-12-31,46.99711608886719,1008,90320698.88763428,491
GRMN,2021-12-31,123.42717742919922,1008,89833897.2076416,492
AES,2021-12-31,20.217683792114254,1008,89595958.4060669,493
LW,2021-12-31,58.15862274169922,1008,89303580.33447266,494
RGEN,2021-12-31,264.8399963378906,1008,89132180.74188232,495
AEO,2021-12-31,22.2437801361084,1008,88995462.11986542,496
EXR,2021-12-31,188.0575408935547,1008,88718670.52764893,497
TDY,2021-12-31,436.8900146484375,1008,88341472.92938232,498
PTC,2021-12-31,121.1500015258789,1008,88279332.0072174,499
FFIV,2021-12-31,244.7100067138672,1008,87860400.27923584,500
VOYA,2021-12-31,60.54073715209961,1008,87599210.02693176,501
STE,2021-12-31,233.5600128173828,1008,87474991.18423462,502
DOV,2021-12-31,171.71609497070312,1008,87395620.19348145,503
RL,2021-12-31,108.80332946777344,1008,87366775.72746277,504
PODD,2021-12-31,266.07000732421875,1008,87176736.328125,505
HST,2021-12-31,13.69737148284912,1008,86916993.47791672,506
FDS,2021-12-31,463.0574951171875,1008,86679798.2788086,507
WCN,2021-12-31,132.12986755371094,1008,86644536.71875,508
CCK,2021-12-31,105.21466064453124,1008,86537717.98706055,509
CNQ,2021-12-31,16.89482879638672,1008,86186955.81872892,510
SYNA,2021-12-31,289.510009765625,1008,85977711.69433594,511
PEG,2021-12-31,57.38685607910156,1008,85887620.94211578,512
TXG,2021-12-31,148.9600067138672,582,85645680.94024658,513
DVA,2021-12-31,113.76000213623048,1008,85545091.52984619,514
RY,2021-12-31,91.25943756103516,1008,85518821.68045044,515
JBHT,2021-12-31,195.83042907714844,1008,85468876.7539978,516
RRC,2021-12-31,17.11011505126953,1008,85370553.6570549,517
MAS,2021-12-31,64.45757293701172,1008,84238254.36744691,518
CPRI,2021-12-31,64.91000366210938,1008,84027388.8540268,519
BR,2021-12-31,168.64671325683594,1008,83586957.18231201,520
CG,2021-12-31,47.265663146972656,1008,83566638.61675262,521
MGA,2021-12-31,69.233642578125,1008,83240990.81077576,522
AUPH,2021-12-31,22.8700008392334,1008,83005199.52487946,523
NTLA,2021-12-31,118.23999786376952,1008,82303984.72709656,524
UHS,2021-12-31,126.71597290039062,1008,82260320.51849365,525
SIRI,2021-12-31,53.204063415527344,1008,82189858.92097473,526
NVO,2021-12-31,50.57741165161133,1008,81833410.49194336,527
EMN,2021-12-31,101.63724517822266,1008,81798779.29611206,528
DTE,2021-12-31,102.97525024414062,1008,81526367.7154541,529
CHRW,2021-12-31,97.03337860107422,1008,81360314.53399658,530
BBBY,2021-12-31,59.0099983215332,1008,81275168.13030243,531
AEM,2021-12-31,47.803165435791016,1008,81125175.19264221,532
CNP,2021-12-31,24.90582847595215,1008,80960558.5515976,533
ES,2021-12-31,75.57884979248047,1008,80921648.32954407,534
XYL,2021-12-31,113.38912200927734,1008,80472575.5859375,535
TRU,2021-12-31,115.63215637207033,1008,80421685.01205444,536
RACE,2021-12-31,248.7533721923828,1008,80249627.80456543,537
DAR,2021-12-31,69.29000091552734,1008,80039922.05047607,538
TYL,2021-12-31,537.9500122070312,1008,79792504.23583984,539
DBX,2021-12-31,24.540000915527344,952,79689230.59692383,540
MKTX,2021-12-31,387.7554626464844,1008,79686007.96203613,541
CAG,2021-12-31,26.984455108642575,1008,79673195.65620422,542
HAPN,2021-12-31,24.18000030517578,1008,79577657.77416229,543
PVH,2021-12-31,105.75728607177734,1008,79391457.91854858,544
PKG,2021-12-31,119.15184020996094,1008,79247681.14852905,545
CLVT,2021-12-31,23.520000457763672,800,79015122.78022766,546
RJF,2021-12-31,93.71029663085938,1008,78731474.93515015,547
NI,2021-12-31,23.837379455566406,1008,78485054.37612534,548
VTR,2021-12-31,43.97879409790039,1008,77932795.27549744,549
NVR,2021-12-31,5908.8701171875,1008,77508101.22070312,550
ROG,2021-12-31,273.0,1008,77430020.87402344,551
TRMB,2021-12-31,87.19000244140625,1008,77334485.99853516,552
TD,2021-12-31,63.61091995239258,1008,77284314.76345062,553
PAGS,2021-12-31,24.848188400268555,993,76797322.58548737,554
TREX,2021-12-31,135.02999877929688,1008,76652814.21813965,555
SSNC,2021-12-31,77.0053939819336,1008,76244652.2857666,556
BRO,2021-12-31,68.08781433105469,1008,75936373.12698364,557
MKC,2021-12-31,86.94210815429688,1008,75926687.99591064,558
PFG,2021-12-31,61.63322830200195,1008,75871170.0963974,559
BE,2021-12-31,21.93000030517578,867,75701716.76387787,560
WEC,2021-12-31,83.17961883544922,1008,75439227.93083191,561
XRAY,2021-12-31,50.327110290527344,1008,75146556.19697571,562
YETI,2021-12-31,82.83000183105469,802,74919203.96652222,563
SAIA,2021-12-31,337.0299987792969,1008,74910425.23498535,564
LPX,2021-12-31,73.66630554199219,1008,74614308.39881897,565
TXT,2021-12-31,76.84326171875,1008,73793168.6668396,566
KGC,2021-12-31,5.3698039054870605,1008,73692688.15612793,567
TTE,2021-12-31,38.72536087036133,1008,73678774.933815,568
BB,2021-12-31,9.350000381469728,1008,73676666.60604477,569
OC,2021-12-31,83.25442504882812,1008,73633448.00300598,570
TECH,2021-12-31,126.63604736328124,1008,73480085.37139893,571
CPT,2021-12-31,151.73716735839844,1008,73403731.76574707,572
KNX,2021-12-31,57.81049346923828,1008,73355745.61214447,573
HWM,2021-12-31,31.409711837768555,1008,73153646.37088776,574
QDEL,2021-12-31,134.99000549316406,1008,72877438.15002441,575
WPM,2021-12-31,40.970699310302734,1008,72748626.89094543,576
CGC,2021-12-31,87.30000305175781,1008,72117010.67733765,577
LKQ,2021-12-31,52.97926330566406,1008,72068248.1431961,578
SM,2021-12-31,26.808334350585938,1008,71895372.34430313,579
AVY,2021-12-31,199.5069122314453,1008,71882093.6553955,580
LII,2021-12-31,307.3875732421875,1008,71711235.77270508,581
PCTY,2021-12-31,236.16000366210935,1008,71454731.95648193,582
BG,2021-12-31,82.6008529663086,1008,71390378.35273743,583
SAP,2021-12-31,128.80401611328125,1008,71329994.23866272,584
SIG,2021-12-31,82.50164031982422,1008,70754783.75434875,585
LNC,2021-12-31,53.051605224609375,1008,70650574.55387115,586
OLN,2021-12-31,52.22697448730469,1008,70471272.27993011,587
GEN,2021-12-31,23.636817932128903,1008,70142777.98576355,588
CPB,2021-12-31,35.99209213256836,1008,70091979.9407959,589
FNV,2021-12-31,132.80677795410156,1008,70039630.67779541,590
BN,2021-12-31,31.30185890197754,1008,70012918.67999554,591
FBIN,2021-12-31,84.86630249023438,1008,69880459.21675873,592
COHR,2021-12-31,68.33000183105469,1008,69864845.50666809,593
ESS,2021-12-31,297.61962890625,1008,69763246.01898193,594
SITM,2021-12-31,292.5400085449219,533,69621956.34460449,595
EQH,2021-12-31,29.21689224243164,919,69553322.04637527,596
ATO,2021-12-31,93.81220245361328,1008,69426983.6807251,597
PNR,2021-12-31,68.83892822265625,1008,69189822.66616821,598
WU,2021-12-31,12.191997528076172,1008,68981997.30100632,599
BWA,2021-12-31,37.24332809448242,1008,68946643.28821564,600
NLY,2021-12-31,16.768795013427734,1008,68874890.60497284,601
TNDM,2021-12-31,150.52000427246094,1008,68659666.92504883,602
LEA,2021-12-31,163.4072265625,1008,68656421.94900513,603
AEE,2021-12-31,77.85493469238281,1008,68521945.14541626,604
HRL,2021-12-31,41.88972091674805,1008,68422984.43126678,605
NRG,2021-12-31,38.21442794799805,1008,68374576.6664505,606
DOC,2021-12-31,27.788654327392575,1008,68356236.19709015,607
GT,2021-12-31,21.31999969482422,1008,68271159.29889679,608
ZG,2021-12-31,62.220001220703125,1008,68139473.81973267,609
BIO,2021-12-31,755.5700073242188,1008,68085681.82678223,610
WAL,2021-12-31,97.37361145019533,1008,68043269.91577148,611
SJM,2021-12-31,116.14685821533205,1008,67692900.59928894,612
FND,2021-12-31,130.00999450683594,1008,67672325.29678345,613
AXON,2021-12-31,157.0,1008,67353149.38735962,614
EDU,2021-12-31,20.55212020874023,1008,66907250.99565506,615
SRPT,2021-12-31,90.05000305175781,1008,66880073.64349365,616
NTRS,2021-12-31,104.23851776123048,1008,66578004.96826172,617
USFD,2021-12-31,34.83000183105469,1008,66455977.45800018,618
PLNT,2021-12-31,90.58000183105467,1008,66254125.60501099,619
TRIP,2021-12-31,27.260000228881836,1008,66200352.84919739,620
BJ,2021-12-31,66.97000122070312,885,66189214.341545105,621
AER,2021-12-31,64.05517578125,1008,66149892.86613464,622
WAB,2021-12-31,89.80281829833984,1008,65832412.00256348,623
RNR,2021-12-31,164.05752563476562,1008,65786813.819885254,624
NBIX,2021-12-31,85.16999816894531,1008,65685402.00996399,625
ALLE,2021-12-31,124.46829223632812,1008,65250252.963256836,626
MTN,2021-12-31,266.3710632324219,1008,65182994.956970215,627
PNW,2021-12-31,57.9792594909668,1008,65145286.31362915,628
VST,2021-12-31,21.08285903930664,1008,64876052.81639099,629
PPLI,2021-12-31,107.22723388671876,1008,64771731.83766174,630
UPWK,2021-12-31,34.15999984741211,818,64635314.270210266,631
JAZZ,2021-12-31,127.4000015258789,1008,64299313.65280151,632
JKHY,2021-12-31,157.55810546875,1008,64222209.94949341,633
MOH,2021-12-31,318.0799865722656,1008,64079653.72619629,634
IVZ,2021-12-31,18.88383674621582,1008,63905854.57391739,635
ZION,2021-12-31,53.80826187133789,1008,63491982.538414,636
SONO,2021-12-31,29.799999237060547,861,63357373.31542969,637
LPLA,2021-12-31,156.83364868164062,1008,63251686.55395508,638
CELH,2021-12-31,24.856666564941406,1008,63233609.48123932,639
J,2021-12-31,110.7164077758789,1008,63216513.78367996,640
SGI,2021-12-31,44.846336364746094,1008,63045634.61303711,641
UDR,2021-12-31,49.96927261352539,1008,62891345.71247101,642
COTY,2021-12-31,10.5,1008,62758475.38149357,643
BYD,2021-12-31,62.613525390625,1008,62488540.45715332,644
RRX,2021-12-31,163.04530334472656,1008,62063376.92718506,645
WSC,2021-12-31,40.13612747192383,1008,62049445.84159852,646
SNA,2021-12-31,191.32728576660156,1008,61922359.481048584,647
FMC,2021-12-31,94.61004638671876,1008,61856141.453933716,648
JLL,2021-12-31,269.3399963378906,1008,61677629.17175293,649
BXP,2021-12-31,90.33943176269533,1008,61388310.999679565,650
AOS,2021-12-31,78.94606018066406,1008,61211398.44665527,651
QSR,2021-12-31,51.85923767089844,1008,61208954.9325943,652
CIEN,2021-12-31,76.97000122070312,1008,61183815.41900635,653
H,2021-12-31,94.57022094726562,1008,61109258.46672058,654
ACGL,2021-12-31,42.26744079589844,1008,60956501.890182495,655
LSCC,2021-12-31,77.05999755859375,1008,60955934.41734314,656
OLED,2021-12-31,156.70120239257812,1008,60854663.92059326,657
CACC,2021-12-31,687.6799926757812,1008,60439145.5078125,658
TXRH,2021-12-31,82.31889343261719,1008,60428518.7461853,659
ARMK,2021-12-31,25.25778007507324,1008,60279123.89188671,660
MKSI,2021-12-31,168.16403198242188,1008,60176242.012023926,661
NTRA,2021-12-31,93.38999938964844,1008,59978953.30123901,662
OHI,2021-12-31,20.691274642944336,1008,59896111.45076752,663
IEX,2021-12-31,222.1254119873047,1008,59805559.33761597,664
CMS,2021-12-31,56.55634307861328,1008,59504391.15791321,665
GPC,2021-12-31,123.06263732910156,1008,59502828.91921997,666
REXR,2021-12-31,69.28653717041016,1008,59253181.63661957,667
WEX,2021-12-31,140.38999938964844,1008,59151300.13427734,668
RHI,2021-12-31,92.90045928955078,1008,59090893.200302124,669
KLIC,2021-12-31,56.276329040527344,1008,58876306.76956177,670
SABR,2021-12-31,8.59000015258789,1008,58833268.86410713,671
TRGP,2021-12-31,47.31609725952149,1008,58808602.84729004,672
THC,2021-12-31,81.69000244140625,1008,58588056.49642944,673
NWSA,2021-12-31,21.424205780029297,1008,58461850.51488876,674
CNH,2021-12-31,15.058295249938965,1008,58419079.079265594,675
BEN,2021-12-31,26.607587814331055,1008,58255316.25967026,676
AGCO,2021-12-31,100.32035064697266,1008,58207242.042160034,677
NTNX,2021-12-31,31.86000061035156,1008,58125945.39813995,678
BLDP,2021-12-31,12.5600004196167,1008,57814267.90275574,679
AXTA,2021-12-31,33.119998931884766,1008,57620382.01932907,680
LITE,2021-12-31,105.7699966430664,1008,57606600.51727295,681
TAP,2021-12-31,40.053958892822266,1008,57584241.078567505,682
SQM,2021-12-31,42.2529182434082,1008,57467863.720321655,683
PFGC,2021-12-31,45.88999938964844,1008,57382480.74607849,684
OLLI,2021-12-31,51.189998626708984,1008,57368464.89028931,685
SLAB,2021-12-31,206.4199981689453,1008,57045146.26312256,686
IRM,2021-12-31,44.18922424316406,1008,56654750.55599213,687
LDOS,2021-12-31,83.9951171875,1008,56609047.54600525,688
AYI,2021-12-31,209.2126007080078,1008,56552807.55844116,689
VRT,2021-12-31,24.86075210571289,861,56507785.48736572,690
MAT,2021-12-31,21.559999465942383,1008,56025408.0581665,691
AMCR,2021-12-31,49.39459609985352,1008,55872595.59013367,692
SFIX,2021-12-31,18.920000076293945,1008,55796667.07954407,693
PII,2021-12-31,94.09137725830078,1008,55772379.15878296,694
HAS,2021-12-31,84.43961334228516,1008,55713993.34869385,695
TRP,2021-12-31,37.29677200317383,1008,55674184.54685211,696
SNDL,2021-12-31,5.78000020980835,611,55606160.96329689,697
BAH,2021-12-31,77.72886657714844,1008,55261984.41963196,698
DXC,2021-12-31,32.189998626708984,1008,54992623.116874695,699
ANF,2021-12-31,34.83000183105469,1008,54928306.73789978,700
CUBE,2021-12-31,46.0841064453125,1008,54881412.05596924,701
BNS,2021-12-31,57.42303085327149,1008,54463199.20749664,702
OSK,2021-12-31,104.3970947265625,1008,54449839.808654785,703
THO,2021-12-31,94.056640625,1008,54343431.79740906,704
AZTA,2021-12-31,103.11000061035156,1008,53947653.79180908,705
BTU,2021-12-31,9.632730484008787,1008,53804070.71771622,706
TOL,2021-12-31,68.86518096923828,1008,53248826.38320923,707
MIDD,2021-12-31,158.29444885253906,1008,53192303.74356079,708
GTLS,2021-12-31,159.49000549316406,1008,53074556.60247803,709
FNF,2021-12-31,40.27806091308594,1008,52807710.96632767,710
LOGI,2021-12-31,77.03534698486328,1008,52764365.00663757,711
BHC,2021-12-31,27.61000061035156,1008,52727523.103523254,712
ACM,2021-12-31,73.7860336303711,1008,52473056.75239563,713
MTDR,2021-12-31,34.23219299316406,1008,52441768.93157959,714
SHAK,2021-12-31,72.16000366210938,1008,52238919.85054016,715
LBTYK,2021-12-31,14.706806182861328,1008,52111747.65214062,716
EHC,2021-12-31,49.75437927246094,1008,51716395.23519516,717
EEFT,2021-12-31,119.16999816894533,1008,51694960.34889221,718
RVLV,2021-12-31,56.040000915527344,649,51669272.15614319,719
CNK,2021-12-31,15.823724746704102,1008,51593951.43108368,720
FHN,2021-12-31,14.009710311889648,1008,51474197.113895416,721
SITE,2021-12-31,242.27999877929688,1008,51420687.07885742,722
TWST,2021-12-31,77.38999938964844,798,51390438.6631012,723
FATE,2021-12-31,58.5099983215332,1008,51138625.79231262,724
MKL,2021-12-31,1234.0,1008,51065339.904785156,725
EVRG,2021-12-31,57.19486999511719,1008,51051953.22380066,726
MTZ,2021-12-31,92.27999877929688,1008,50997529.8374176,727
FLG,2021-12-31,31.419374465942383,1008,50781026.033638,728
NYT,2021-12-31,45.86811447143555,1008,50771955.585861206,729
IBKR,2021-12-31,19.377412796020508,1008,50574630.70144653,730
NVCR,2021-12-31,75.08000183105469,1008,50502974.64103699,731
KRNT,2021-12-31,152.25,1008,49958900.93688965,732
FLEX,2021-12-31,13.813112258911133,1008,49586342.46497917,733
BFH,2021-12-31,61.2484016418457,1008,49100978.527656555,734
EG,2021-12-31,251.6685485839844,1008,48983335.26306152,735
ENOV,2021-12-31,79.12220001220703,1008,48838447.313999176,736
EVR,2021-12-31,125.26915740966795,1008,48750711.236572266,737
JEF,2021-12-31,32.31867599487305,1008,48717914.37010956,738
PACB,2021-12-31,20.459999084472656,1008,48709106.47649765,739
TW,2021-12-31,98.25497436523438,693,48701813.17214966,740
DDD,2021-12-31,21.540000915527344,1008,48646016.48273468,741
LNT,2021-12-31,52.99207305908203,1008,48601477.57472992,742
COLD,2021-12-31,27.066144943237305,996,48543681.84900284,743
CX,2021-12-31,6.635128021240234,1008,48452599.7685194,744
ARW,2021-12-31,134.27000427246094,1008,48446174.2351532,745
HSIC,2021-12-31,77.52999877929688,1008,48318037.507247925,746
DDS,2021-12-31,198.5790100097656,1008,48204143.492126465,747
BOOT,2021-12-31,123.0500030517578,1008,48095752.23388672,748
CINF,2021-12-31,101.747314453125,1008,47951783.31832885,749
FWONK,2021-12-31,61.14345169067383,1008,47944346.252599716,750
NOV,2021-12-31,12.381369590759276,1008,47777587.268304825,751
ABG,2021-12-31,172.72999572753906,1008,47649568.93615723,752
HUN,2021-12-31,28.83497428894043,1008,47587691.13750458,753
EQNR,2021-12-31,18.27885627746582,1008,47454209.905052185,754
MFC,2021-12-31,15.691073417663574,1008,47404221.8606472,755
BRKR,2021-12-31,82.54779052734375,1008,47365099.81536865,756
AG,2021-12-31,10.969706535339355,1008,47343566.77360535,757
UNM,2021-12-31,21.49033546447754,1008,47308843.50042343,758
SFM,2021-12-31,29.68000030517578,1008,47275467.33341217,759
ALC,2021-12-31,85.58910369873047,690,47273958.80088806,760
ELS,2021-12-31,76.94268798828125,1008,47110983.47320557,761
WH,2021-12-31,82.2782211303711,912,46939592.95043945,762
KEEL,2021-12-31,5.050000190734863,600,46801704.33330536,763
BMO,2021-12-31,90.02983856201172,1008,46549424.10774231,764
URBN,2021-12-31,29.36000061035156,1008,46348714.43939209,765
JBL,2021-12-31,69.40679931640625,1008,46334161.893844604,766
ALV,2021-12-31,91.5107192993164,1008,46297083.10928345,767
REG,2021-12-31,62.732398986816406,1008,46257348.18344116,768
AGNC,2021-12-31,7.912835597991943,1008,46153609.030246735,769
FRPT,2021-12-31,95.2699966430664,1008,46142155.56335449,770
DINO,2021-12-31,27.786399841308594,1008,45929068.58739853,771
NVST,2021-12-31,45.060001373291016,578,45826312.8452301,772
AIZ,2021-12-31,144.38577270507812,1008,45672971.02661133,773
EWBC,2021-12-31,69.85804748535156,1008,45225893.074798584,774
KBH,2021-12-31,41.604549407958984,1008,45082589.818573,775
SCCO,2021-12-31,48.889251708984375,1008,45007308.35752106,776
AMN,2021-12-31,122.33000183105467,1008,45000032.517623894,777
FCNCA,2021-12-31,816.6781616210938,1008,44719646.087646484,778
OMF,2021-12-31,34.06380844116211,1008,44666480.321121216,779
WLK,2021-12-31,89.89956665039062,1008,44665452.03399658,780
GWRE,2021-12-31,113.52999877929688,1008,44526585.73379517,781
HII,2021-12-31,169.48243713378906,1008,44496963.22250366,782
SMG,2021-12-31,134.34194946289062,1008,44445560.428619385,783
CABO,2021-12-31,1646.2679443359375,1008,44106747.595214844,784
BL,2021-12-31,103.54000091552734,1008,44007482.49549866,785
NWL,2021-12-31,17.57742691040039,1008,43887323.33602905,786
RPD,2021-12-31,117.69000244140624,1008,43801241.75186157,787
INSP,2021-12-31,230.05999755859375,924,43795605.976867676,788
HOG,2021-12-31,34.086978912353516,1008,43697070.75920105,789
SCI,2021-12-31,65.9195556640625,1008,43553841.11709595,790
WMS,2021-12-31,133.28228759765625,1008,43462489.25743103,791
WK,2021-12-31,130.49000549316406,1008,43389078.62243652,792
CGNX,2021-12-31,75.41773986816406,1008,43385982.15293884,793
BF.B,2021-12-31,66.53195190429688,1008,43301378.98712158,794
BC,2021-12-31,91.3700942993164,1008,43172791.48101807,795
MPT,2021-12-31,15.915657997131348,1008,43138263.48633766,796
FRT,2021-12-31,112.4375,1008,42943127.057647705,797
ZD,2021-12-31,110.86000061035156,1008,42875003.23791503,798
WING,2021-12-31,163.41064453125,1008,42752580.741882324,799
PRGO,2021-12-31,32.43165588378906,1008,42751773.42853546,800
HRI,2021-12-31,143.77365112304688,1008,42637019.81506348,801
HLF,2021-12-31,40.93000030517578,1008,42613612.619400024,802
VNO,2021-12-31,36.53033447265625,1008,42416832.471466064,803
MANH,2021-12-31,155.49000549316406,1008,42270312.257385254,804
OMCL,2021-12-31,180.44000244140625,1008,42258234.73815918,805
NXST,2021-12-31,129.56588745117188,1008,42116200.3326416,806
HSBC,2021-12-31,22.418291091918945,1008,41999124.88231659,807
SPT,2021-12-31,90.69000244140624,517,41970915.33241272,808
RS,2021-12-31,150.89598083496094,1008,41873654.637908936,809
FR,2021-12-31,58.23012924194336,1008,41716401.07116699,810
VRNS,2021-12-31,48.779998779296875,1008,41664180.629730225,811
CSL,2021-12-31,236.1675720214844,1008,41640168.31741333,812
TTEK,2021-12-31,32.95883560180664,1008,41491443.75991821,813
MUR,2021-12-31,22.41730499267578,1008,41465695.53222656,814
MGNI,2021-12-31,17.5,1008,40939279.18357849,815
WPC,2021-12-31,61.9185791015625,1008,40935812.26898193,816
PK,2021-12-31,12.749380111694336,1008,40881845.36848068,817
APPN,2021-12-31,65.20999908447266,1008,40707154.109954834,818
PLAY,2021-12-31,38.400001525878906,1008,40669374.9671936,819
AU,2021-12-31,18.266082763671875,1008,40426672.701358795,820
TRI,2021-12-31,109.42401123046876,1008,40237988.457611084,821
WKHS,2021-12-31,13080.0,1008,40200960.0,822
EXP,2021-12-31,162.3328399658203,1008,40185205.069732666,823
ANY,2021-12-31,218.3999938964844,1008,40178792.5,824
CCEP,2021-12-31,49.10795211791992,1008,40080595.33843994,825
IPGP,2021-12-31,172.13999938964844,1008,40059920.429992676,826
EAT,2021-12-31,36.59000015258789,1008,39998690.296936035,827
HEI,2021-12-31,143.4803924560547,1008,39910178.800201416,828
GNTX,2021-12-31,32.05304718017578,1008,39771662.926483154,829
RGLD,2021-12-31,99.5498504638672,1008,39757369.67506409,830
RPM,2021-12-31,92.99053955078124,1008,39693556.230545044,831
ROL,2021-12-31,32.291255950927734,1008,39679778.098487854,832
TENB,2021-12-31,55.06999969482422,866,39651731.663131714,833
BRX,2021-12-31,20.53285789489746,1008,39562774.79047775,834
GGG,2021-12-31,76.1282958984375,1008,39559085.08453369,835
AEHR,2021-12-31,24.18000030517578,1008,39515106.75153732,836
BOX,2021-12-31,26.190000534057617,1008,39479371.746349335,837
WRB,2021-12-31,33.0385627746582,1008,39405424.89359379,838
RGA,2021-12-31,99.91585540771484,1008,39311225.4863739,839
MTG,2021-12-31,12.952098846435549,1008,39170366.674518585,840
ARWR,2021-12-31,66.30000305175781,1008,39158539.85671997,841
VYX,2021-12-31,24.66257667541504,1008,39009147.35423088,842
CRI,2021-12-31,83.7508773803711,1008,38964943.172073364,843
ST,2021-12-31,58.36868667602539,1008,38854557.78617859,844
CNX,2021-12-31,13.75,1008,38843253.42140198,845
PAAS,2021-12-31,22.917634963989254,1008,38798066.19138718,846
DOX,2021-12-31,67.36972045898438,1008,38739152.43034363,847
KBR,2021-12-31,45.237754821777344,1008,38680368.96686554,848
FLR,2021-12-31,24.770000457763672,1008,38372802.15921402,849
LSTR,2021-12-31,162.49169921875,1008,38340927.4520874,850
GOOS,2021-12-31,37.060001373291016,1008,38153127.196884155,851
UA,2021-12-31,18.040000915527344,1008,38074077.08808899,852
EDIT,2021-12-31,26.549999237060547,1008,38064061.956214905,853
PHG,2021-12-31,32.745540618896484,1008,37951321.2310791,854
GL,2021-12-31,90.06053924560547,1008,37763529.9495697,855
ARES,2021-12-31,70.36331939697266,1008,37713223.25592041,856
WCC,2021-12-31,127.49527740478516,1008,37629266.832733154,857
XRX,2021-12-31,16.97849464416504,1008,37533688.65480423,858
ATKR,2021-12-31,106.7772979736328,1008,37506921.98219299,859
CHE,2021-12-31,520.4645385742188,1008,37426838.43231201,860
CSIQ,2021-12-31,31.290000915527344,1008,37418715.26145935,861
PBF,2021-12-31,11.62469482421875,1008,37348499.40366745,862
POST,2021-12-31,73.77617645263672,1008,37194312.53700638,863
TRUP,2021-12-31,132.02999877929688,1008,37047260.412597656,864
TDC,2021-12-31,42.470001220703125,1008,37032583.66756439,865
CALY,2021-12-31,27.440000534057617,1008,36736732.50293732,866
VAC,2021-12-31,145.58335876464844,1008,36595198.17657471,867
CALX,2021-12-31,79.97000122070312,1008,36587821.93069458,868
VIR,2021-12-31,41.869998931884766,561,36394204.92267609,869
CRNC,2021-12-31,76.63999938964844,580,36263113.61618042,870
L,2021-12-31,56.88312911987305,1008,36191164.38713074,871
MAC,2021-12-31,14.076029777526855,1008,35952083.14652443,872
SLG,2021-12-31,54.34417724609375,1008,35906670.394527435,873
STAG,2021-12-31,39.753326416015625,1008,35903164.92881775,874
LPSN,2021-12-31,535.7999877929688,1008,35899885.51672363,875
HIVE,2021-12-31,13.199999809265137,1008,35815779.917144775,876
CARG,2021-12-31,33.63999938964844,1008,35698840.52944183,877
ARCB,2021-12-31,117.13439178466795,1008,35586336.838531494,878
FLGT,2021-12-31,100.58999633789062,1008,35561453.60946655,879
BLMN,2021-12-31,17.698362350463867,1008,35430983.20646286,880
R,2021-12-31,73.91605377197266,1008,35428740.94963074,881
QLYS,2021-12-31,137.22000122070312,1008,35404730.755615234,882
REAL,2021-12-31,11.609999656677246,634,35337460.94288826,883
TREE,2021-12-31,122.5999984741211,1008,35327326.77612305,884
BAP,2021-12-31,94.66277313232422,1008,35315472.93014526,885
DB,2021-12-31,10.819412231445312,1008,35251029.40320969,886
MGY,2021-12-31,17.087209701538086,1008,35089400.40578842,887
ASH,2021-12-31,98.24176788330078,1008,34905781.718444824,888
PZZA,2021-12-31,115.3407974243164,1008,34784741.67327881,889
BTBT,2021-12-31,6.079999923706055,955,34650565.55213928,890
BBIO,2021-12-31,16.68000030517578,635,34588019.628334045,891
MUSA,2021-12-31,194.87225341796875,1008,34504353.93447876,892
DEO,2021-12-31,194.32188415527344,1008,34451900.20828247,893
NDSN,2021-12-31,241.91622924804688,1008,34421109.020996094,894
TTC,2021-12-31,92.75980377197266,1008,34329870.53756714,895
EMBJ,2021-12-31,17.668373107910156,1008,34319154.42752838,896
RRR,2021-12-31,46.41018295288086,1008,34249217.248535156,897
WTRG,2021-12-31,46.659759521484375,1008,34116504.32357788,898
FOX,2021-12-31,32.17972183227539,709,33944579.95033264,899
CBRL,2021-12-31,106.36791229248048,1008,33912678.89556885,900
HUBB,2021-12-31,194.52203369140625,1008,33777091.65174866,901
EGP,2021-12-31,198.0192718505859,1008,33761581.90689087,902
PGNY,2021-12-31,50.349998474121094,551,33739784.03759003,903
PR,2021-12-31,5.183806896209717,1008,33641966.36388302,904
PFSI,2021-12-31,66.0154037475586,1008,33549367.232894897,905
PHUN,2021-12-31,131.5,1008,33493167.5,906
HL,2021-12-31,5.11391019821167,1008,33224976.85980797,907
WEN,2021-12-31,19.046274185180664,1008,33143548.95143509,908
WGO,2021-12-31,66.34795379638672,1008,33025963.717651367,909
CHDN,2021-12-31,118.85655975341795,1008,32966732.82852173,910
HRB,2021-12-31,20.374847412109375,1008,32893260.122966766,911
QGEN,2021-12-31,54.85149765014648,1008,32813420.655397415,912
BCE,2021-12-31,38.14361572265625,1008,32781852.73666382,913
ADNT,2021-12-31,47.880001068115234,1008,32776399.05834198,914
CASY,2021-12-31,192.4276885986328,1008,32726873.751068115,915
SBSW,2021-12-31,10.91656494140625,1008,32721185.871124268,916
TM,2021-12-31,167.80294799804688,1008,32631152.24456787,917
ASTH,2021-12-31,73.4800033569336,1008,32626892.848968506,918
GPK,2021-12-31,17.83305549621582,1008,32346908.309745792,919
CC,2021-12-31,28.77238655090332,1008,32228667.138957977,920
AGNT,2021-12-31,31.11593246459961,983,32228198.876190186,921
FTI,2021-12-31,5.801915168762207,1008,32210740.688204765,922
AAMI,2021-12-31,25.34585189819336,1008,32154451.87473297,923
ZWS,2021-12-31,34.89826583862305,1008,32151783.533477783,924
BAND,2021-12-31,71.76000213623047,1008,31961339.762878418,925
STLA,2021-12-31,13.69111442565918,1008,31901418.64924431,926
PD,2021-12-31,34.75,688,31857186.01913452,927
VVV,2021-12-31,36.70546340942383,1008,31838869.41013336,928
ALSN,2021-12-31,33.99284362792969,1008,31816174.91493225,929
CLH,2021-12-31,99.7699966430664,1008,31751207.680511475,930
PEN,2021-12-31,287.32000732421875,1008,31576441.117095947,931
CHH,2021-12-31,149.28431701660156,1008,31555475.34790039,932
CAKE,2021-12-31,34.921966552734375,1008,31518436.965179443,933
CYTK,2021-12-31,45.58000183105469,1008,31435130.364990234,934
BNGO,2021-12-31,1794.0,848,31286880.0,935
LEG,2021-12-31,34.37189483642578,1008,31211945.342826843,936
HLI,2021-12-31,95.3912124633789,1008,31188963.983535767,937
IOVA,2021-12-31,19.09000015258789,1008,31083420.326423645,938
CRUS,2021-12-31,92.0199966430664,1008,30870925.510787964,939
HXL,2021-12-31,49.82086181640625,1008,30784304.670143127,940
QTWO,2021-12-31,79.44000244140625,1008,30706636.97052002,941
BCRX,2021-12-31,13.850000381469728,1008,30652620.65472603,942
SLM,2021-12-31,17.700565338134766,1008,30560436.56053543,943
LEVI,2021-12-31,22.08986473083496,703,30557703.334236145,944
GPI,2021-12-31,189.62855529785156,1008,30532265.171813965,945
MTH,2021-12-31,57.222537994384766,1008,30524402.729415894,946
UUUU,2021-12-31,7.630000114440918,1008,30495387.462711334,947
MRCY,2021-12-31,55.060001373291016,1008,30409557.38220215,948
UHAL,2021-12-31,72.48847198486328,1008,30394307.51800537,949
MAN,2021-12-31,81.10137176513672,1008,30353509.42840576,950
SKY,2021-12-31,78.9800033569336,1008,30308496.800613403,951
CM,2021-12-31,47.77937316894531,1008,30178528.300857544,952
CWH,2021-12-31,32.86259078979492,1008,30176325.436401367,953
PEGA,2021-12-31,55.31245422363281,1008,30092324.465560913,954
EYE,2021-12-31,47.9900016784668,1008,30091969.85168457,955
NEO,2021-12-31,34.119998931884766,1008,29909529.90283966,956
FMX,2021-12-31,67.95759582519531,1008,29899432.008743286,957
FAF,2021-12-31,66.72400665283203,1008,29853302.16445923,958
CDNA,2021-12-31,45.47999954223633,1008,29847607.45639801,959
MEDP,2021-12-31,217.63999938964844,1008,29799777.62069702,960
CLSK,2021-12-31,9.520000457763672,1008,29720213.075447083,961
SF,2021-12-31,43.02556610107422,1008,29630522.155094147,962
ALGT,2021-12-31,180.78140258789065,1008,29563124.658203125,963
LAMR,2021-12-31,96.75563049316406,1008,29492429.5463562,964
HALO,2021-12-31,40.209999084472656,1008,29279495.571899414,965
GPRE,2021-12-31,34.7599983215332,1008,29230074.215888977,966
TKR,2021-12-31,64.18649291992188,1008,29116873.237609863,967
NNN,2021-12-31,37.721885681152344,1008,29078612.07332611,968
CACI,2021-12-31,269.2099914550781,1008,29072198.046875,969
EXEL,2021-12-31,18.280000686645508,1008,28973289.37625885,970
GLPI,2021-12-31,36.59229278564453,1008,28860748.05240631,971
HGV,2021-12-31,52.11000061035156,1008,28858259.92164612,972
WSO,2021-12-31,275.62774658203125,1008,28834425.29296875,973
GMED,2021-12-31,72.19999694824219,1008,28796846.33331299,974
STAA,2021-12-31,91.3000030517578,1008,28727808.23020935,975
LGIH,2021-12-31,154.47999572753906,1008,28678701.998901367,976
ASND,2021-12-31,134.52999877929688,1008,28677470.053100586,977
MXL,2021-12-31,75.38999938964844,1008,28671836.5070343,978
ESI,2021-12-31,22.83736991882324,1008,28485636.80448532,979
UPBD,2021-12-31,36.62662887573242,1008,28463921.181678772,980
ARVN,2021-12-31,82.13999938964844,822,28435362.23602295,981
LBTYA,2021-12-31,14.29160213470459,1008,28415418.340174675,982
POWI,2021-12-31,87.88087463378906,1008,28390025.244522095,983
G,2021-12-31,49.78313064575195,1008,28154944.696998596,984
RARE,2021-12-31,84.08999633789062,1008,28129617.721557617,985
KRC,2021-12-31,51.14902877807617,1008,28126321.604919434,986
ITT,2021-12-31,97.36084747314452,1008,28123128.689575195,987
CNMD,2021-12-31,136.66778564453125,1008,27908568.635559082,988
ING,2021-12-31,10.17308235168457,1008,27870205.332756046,989
UBS,2021-12-31,15.584076881408691,1008,27808433.05015564,990
SPB,2021-12-31,91.14997100830078,1008,27787849.724197388,991
GRWG,2021-12-31,13.050000190734863,983,27776724.19052124,992
RITM,2021-12-31,6.785646915435791,1008,27746373.296499252,993
DLB,2021-12-31,88.55705261230469,1008,27709256.601715088,994
JACK,2021-12-31,79.91883850097656,1008,27688912.118148804,995
PLCE,2021-12-31,79.29000091552734,1008,27667156.756210327,996
PNFP,2021-12-31,90.48230743408205,1008,27647814.515686035,997
IIPR,2021-12-31,170.1156005859375,1008,27552429.153442383,998
INGR,2021-12-31,85.14351654052734,1008,27539470.877075195,999
ACB,2021-12-31,54.099998474121094,1008,27526131.49143219,1000
RBC,2021-12-31,200.9237365722656,1008,27421783.77685547,1001
ICUI,2021-12-31,237.33999633789065,1008,27416565.544891357,1002
WBS,2021-12-31,48.3680305480957,1008,27396926.755142212,1003
BCS,2021-12-31,8.770180702209473,1008,27372417.231845856,1004
SNX,2021-12-31,107.67353057861328,1008,27330015.689468384,1005
ATR,2021-12-31,115.43096160888672,1008,27097783.059692383,1006
CENN,2021-12-31,32160.0,1008,26950590.0,1007
SLF,2021-12-31,46.84060287475586,1008,26939655.995941162,1008
RDN,2021-12-31,18.19806671142578,1008,26907285.179424286,1009
STWD,2021-12-31,15.571608543395996,1008,26748565.99931717,1010
HELE,2021-12-31,244.47000122070312,1008,26704517.742919922,1011
CLNE,2021-12-31,6.130000114440918,1008,26662156.675958633,1012
EBS,2021-12-31,43.470001220703125,1008,26654796.34666443,1013
AMG,2021-12-31,164.33241271972656,1008,26570674.111175537,1014
SSYS,2021-12-31,24.489999771118164,1008,26473321.048164368,1015
VC,2021-12-31,109.80091857910156,1008,26470415.077209473,1016
IRTC,2021-12-31,117.69000244140624,1008,26337798.24142456,1017
LIVN,2021-12-31,87.43000030517578,1008,26291601.2260437,1018
EFOR,2021-12-31,123.4000015258789,1008,26092335.667800903,1019
NAVI,2021-12-31,17.24742317199707,1008,26075392.945575714,1020
HQY,2021-12-31,44.2400016784668,1008,26016225.92563629,1021
TGTX,2021-12-31,19.0,1008,25940149.911117554,1022
LBRDA,2021-12-31,150.796630859375,1008,25937293.231704712,1023
SON,2021-12-31,48.67816162109375,1008,25653229.747390747,1024
CMC,2021-12-31,34.05467987060547,1008,25621803.536319733,1025
FRHC,2021-12-31,69.33000183105469,983,25569562.91770935,1026
UGI,2021-12-31,36.92048263549805,1008,25485686.9720459,1027
PAG,2021-12-31,95.87608337402344,1008,25441817.00820923,1028
NVT,2021-12-31,35.743690490722656,931,25408617.651748657,1029
BPOP,2021-12-31,71.96028900146484,1008,25405172.777557373,1030
TNL,2021-12-31,46.027225494384766,1008,25374738.953590393,1031
DBRG,2021-12-31,32.91541290283203,1008,25368444.29421425,1032
SMTC,2021-12-31,88.93000030517578,1008,25344459.33418274,1033
VICR,2021-12-31,126.9800033569336,1008,25191167.211914062,1034
GO,2021-12-31,28.280000686645508,640,25160318.817043304,1035
CDLX,2021-12-31,660.9000244140625,981,25101429.345703125,1036
KRG,2021-12-31,17.458293914794922,1008,25100170.66345215,1037
HAE,2021-12-31,53.040000915527344,1008,25085657.57713318,1038
TPL,2021-12-31,131.2397918701172,1008,25064092.584228516,1039
WERN,2021-12-31,44.50667572021485,1008,24931275.609779358,1040
PENG,2021-12-31,35.494998931884766,1008,24930092.47970581,1041
BWXT,2021-12-31,45.57699966430664,1008,24818026.54647827,1042
CFR,2021-12-31,110.04425048828124,1008,24799347.51472473,1043
CPA,2021-12-31,68.65469360351562,1008,24657139.128494263,1044
IRDM,2021-12-31,38.66895294189453,1008,24649035.79978943,1045
CYRX,2021-12-31,59.16999816894531,1008,24576269.89364624,1046
INO,2021-12-31,59.880001068115234,1008,24532100.317840576,1047
ALKS,2021-12-31,23.260000228881836,1008,24501163.438510895,1048
AQN,2021-12-31,11.403207778930664,1008,24489593.895721436,1049
PRLB,2021-12-31,51.349998474121094,1008,24465958.248138428,1050
SEIC,2021-12-31,57.42216110229492,1008,24448676.062202454,1051
LOPE,2021-12-31,85.70999908447266,1008,24240879.50782776,1052
VIAV,2021-12-31,17.6200008392334,1008,24114582.669067383,1053
RHP,2021-12-31,78.36571502685547,1008,24099055.66291809,1054
TMHC,2021-12-31,34.959999084472656,1008,24075611.195373535,1055
ATER,2021-12-31,49.31999969482422,646,23910858.87787628,1056
WTFC,2021-12-31,84.1643295288086,1008,23887520.640182495,1057
AHT,2021-12-31,96.0,1008,23884324.492645264,1058
LOVE,2021-12-31,66.26000213623047,886,23789012.145233154,1059
TCBI,2021-12-31,60.128883361816406,1008,23674792.526435852,1060
HEI.A,2021-12-31,127.69336700439452,1008,23653108.17489624,1061
ONTO,2021-12-31,101.2300033569336,550,23640121.515274048,1062
CDXS,2021-12-31,31.270000457763672,1008,23594864.34249878,1063
TKO,2021-12-31,46.093231201171875,1008,23564219.75250244,1064
CDE,2021-12-31,5.034346580505371,1008,23537780.961704254,1065
PCRX,2021-12-31,60.16999816894531,1008,23474017.132377625,1066
GSHD,2021-12-31,123.1133270263672,928,23456603.91998291,1067
OGE,2021-12-31,31.38537979125977,1008,23451536.398410797,1068
ITRI,2021-12-31,68.5199966430664,1008,23414394.874954224,1069
MORN,2021-12-31,330.9226379394531,1008,23382590.87677002,1070
AFG,2021-12-31,99.6494598388672,1008,23126198.722457886,1071
SENS,2021-12-31,53.400001525878906,1008,22988302.015247345,1072
AMRC,2021-12-31,81.44000244140625,1008,22960342.416000366,1073
DY,2021-12-31,93.76000213623048,1008,22874030.695343018,1074
SBLK,2021-12-31,13.902945518493652,1008,22815573.447704315,1075
MTSI,2021-12-31,78.30000305175781,1008,22759120.950317383,1076
ORI,2021-12-31,18.027219772338867,1008,22689501.894378662,1077
FOXF,2021-12-31,170.10000610351562,1008,22655365.338897705,1078
SWX,2021-12-31,59.902854919433594,1008,22654591.02306366,1079
LFUS,2021-12-31,300.6150817871094,1008,22604668.194580078,1080
CRK,2021-12-31,7.6690497398376465,1008,22527568.459939957,1081
ACH,2021-12-31,43.5,1008,22445233.832740784,1082
ACAD,2021-12-31,23.34000015258789,1008,22337816.835403442,1083
WTS,2021-12-31,187.39744567871097,1008,22332851.105499268,1084
ACMR,2021-12-31,28.42333221435547,1008,22318880.028533936,1085
IRWD,2021-12-31,11.65999984741211,1008,22318640.750122074,1086
EME,2021-12-31,125.56266021728516,1008,22251568.981933594,1087
ADC,2021-12-31,58.68635177612305,1008,22227417.062187195,1088
SHOO,2021-12-31,41.79889678955078,1008,22190881.8901062,1089
LOB,2021-12-31,85.95748138427734,1008,22167329.106521606,1090
FLS,2021-12-31,28.04478645324707,1008,22143790.349578857,1091
ACIW,2021-12-31,34.70000076293945,1008,22141303.163909912,1092
TRNO,2021-12-31,74.58195495605469,1008,22139633.279037476,1093
VCYT,2021-12-31,41.20000076293945,1008,22126312.98713684,1094
VUZI,2021-12-31,8.670000076293945,1008,22096060.267448425,1095
ACLS,2021-12-31,74.55999755859375,1008,22094616.806793213,1096
WWD,2021-12-31,106.45333099365234,1008,22038031.004714966,1097
FNB,2021-12-31,10.374760627746582,1008,22011815.0097847,1098
MMS,2021-12-31,74.17951202392578,1008,22007058.603286743,1099
GPRO,2021-12-31,10.3100004196167,1008,21988865.143871307,1100
YELP,2021-12-31,36.2400016784668,1008,21966072.133255005,1101
OPLN,2021-12-31,15.619999885559082,1008,21889734.620571136,1102
PRG,2021-12-31,43.38090133666992,1008,21846526.762771606,1103
ATI,2021-12-31,15.93000030517578,1008,21777811.038208008,1104
MSGS,2021-12-31,165.9498748779297,1008,21767882.14492798,1105
TXNM,2021-12-31,39.41118621826172,1008,21706233.70361328,1106
HMC,2021-12-31,24.81595039367676,1008,21568524.62759018,1107
DEI,2021-12-31,26.1369571685791,1008,21532007.916641235,1108
SHO,2021-12-31,10.316350936889648,1008,21385998.26145172,1109
KOD,2021-12-31,84.77999877929688,817,21383207.18231201,1110
FCN,2021-12-31,153.4199981689453,1008,21380004.051208496,1111
COLM,2021-12-31,90.43687438964844,1008,21372152.38723755,1112
DIOD,2021-12-31,109.80999755859376,1008,21368059.7492218,1113
APLE,2021-12-31,12.06742000579834,1008,21344291.04037285,1114
AXSM,2021-12-31,37.779998779296875,1008,21325485.382461548,1115
SPSC,2021-12-31,142.35000610351562,1008,21325340.6829834,1116
TEX,2021-12-31,41.462398529052734,1008,21319465.837097168,1117
RBA,2021-12-31,56.584564208984375,1008,21288462.3626709,1118
ASB,2021-12-31,18.910053253173828,1008,21282812.348270416,1119
DCI,2021-12-31,55.29644775390625,1008,21060926.734161377,1120
GRPN,2021-12-31,23.15999984741211,1008,21043645.765304565,1121
TROX,2021-12-31,19.90188217163086,1008,21039032.527160645,1122
ESNT,2021-12-31,41.80450439453125,1008,20996600.456428528,1123
MSM,2021-12-31,70.17427062988281,1008,20891594.606781006,1124
PBA,2021-12-31,24.37787437438965,1008,20885410.57243347,1125
SAIC,2021-12-31,78.278564453125,1008,20885171.56944275,1126
SBRA,2021-12-31,9.45091438293457,1008,20880383.930015564,1127
BXMT,2021-12-31,18.883689880371097,1008,20850699.99294281,1128
AGO,2021-12-31,46.86545944213867,1008,20782633.983421326,1129
HPP,2021-12-31,149.15980529785156,1008,20749659.135398865,1130
LPRO,2021-12-31,22.479999542236328,951,20666107.12375641,1131
FLO,2021-12-31,21.98866081237793,1008,20648204.79068756,1132
ORA,2021-12-31,77.24142456054688,1008,20640636.226272583,1133
AM,2021-12-31,7.099493503570557,1008,20611869.896411896,1134
MATX,2021-12-31,84.9478759765625,1008,20608705.62438965,1135
IART,2021-12-31,66.98999786376953,1008,20557856.64215088,1136
ALLO,2021-12-31,14.920000076293944,812,20504637.046527863,1137
KN,2021-12-31,23.350000381469727,1008,20498384.656906128,1138
FTDR,2021-12-31,36.650001525878906,832,20490033.502197266,1139
SLI,2021-12-31,9.8100004196167,965,20301588.418483734,1140
PI,2021-12-31,88.69999694824219,1008,20239982.611083984,1141
PTEN,2021-12-31,7.320950508117676,1008,20182169.896125793,1142
LECO,2021-12-31,130.58392333984375,1008,20151432.456207275,1143
HIW,2021-12-31,32.074554443359375,1008,20054084.55505371,1144
SSB,2021-12-31,71.57894134521484,1008,19954712.659072876,1145
NKTR,2021-12-31,202.6499938964844,1008,19934604.911453247,1146
TFII,2021-12-31,106.19608306884766,1008,19933813.466644287,1147
VET,2021-12-31,11.286094665527344,1008,19811317.25449562,1148
ACHC,2021-12-31,60.70000076293945,1008,19743218.830490112,1149
KEX,2021-12-31,59.41999816894531,1008,19707705.552864075,1150
MC,2021-12-31,50.51660919189453,1008,19639819.16732788,1151
QNCX,2021-12-31,2524.0,669,19636499.0,1152
INSM,2021-12-31,27.239999771118164,1008,19601110.542297367,1153
CUZ,2021-12-31,31.998374938964844,1008,19528513.25941086,1154
SSRM,2021-12-31,17.06955909729004,1008,19522333.493232727,1155
SSTK,2021-12-31,92.16812133789062,1008,19481585.903167725,1156
AGI,2021-12-31,7.458575248718262,1008,19469853.0046463,1157
KNSL,2021-12-31,235.9619140625,1008,19448611.841583252,1158
CORT,2021-12-31,19.799999237060547,1008,19445064.744758606,1159
DAN,2021-12-31,20.26777458190918,1008,19441325.602436066,1160
TNET,2021-12-31,91.5587921142578,1008,19415361.824798584,1161
AMKR,2021-12-31,23.2579345703125,1008,19385134.032440186,1162
MED,2021-12-31,188.9718780517578,1008,19302208.65020752,1163
ADPT,2021-12-31,28.059999465942383,635,19105586.15875244,1164
CXT,2021-12-31,33.2253303527832,1008,19060218.279331207,1165
OPCH,2021-12-31,28.440000534057617,1008,19021608.843421936,1166
AVNT,2021-12-31,49.663536071777344,1008,18955907.24849701,1167
LCII,2021-12-31,130.76280212402344,1008,18944384.36050415,1168
AVT,2021-12-31,36.84922409057617,1008,18936335.4511261,1169
CUBI,2021-12-31,65.37000274658203,1008,18930890.30609131,1170
IHRT,2021-12-31,21.040000915527344,633,18916105.27420044,1171
DNLI,2021-12-31,44.599998474121094,1008,18875649.026870728,1172
MDU,2021-12-31,10.308809280395508,1008,18869875.260795593,1173
ENR,2021-12-31,33.111976623535156,1008,18859040.28892517,1174
EGHT,2021-12-31,16.760000228881836,1008,18851027.35824585,1175
PHR,2021-12-31,41.65999984741211,621,18829655.156326294,1176
KTB,2021-12-31,43.6763801574707,657,18761845.595169067,1177
VISN,2021-12-31,5.387158393859863,1008,18719366.73002243,1178
VSAT,2021-12-31,44.540000915527344,1008,18688375.0,1179
CHRD,2021-12-31,82.02217102050781,1008,18633081.41937256,1180
UI,2021-12-31,292.8569030761719,1008,18535946.884155273,1181
OZK,2021-12-31,39.562137603759766,1008,18505595.791625977,1182
HASI,2021-12-31,41.64303207397461,1008,18488089.16721344,1183
BCO,2021-12-31,62.30794906616211,1008,18404526.719665527,1184
LXP,2021-12-31,61.18693161010742,1008,18389595.456123352,1185
KFY,2021-12-31,69.10374450683594,1008,18337286.24534607,1186
GKOS,2021-12-31,44.439998626708984,1008,18217692.428588867,1187
ARCT,2021-12-31,37.0099983215332,1008,18208601.76677704,1188
PTGX,2021-12-31,34.20000076293945,1008,18200258.821296692,1189
NOVT,2021-12-31,176.3300018310547,1008,18159945.56427002,1190
NMRK,2021-12-31,17.77195930480957,1008,18112937.526226044,1191
IBP,2021-12-31,128.74122619628906,1008,18112423.653411865,1192
ONB,2021-12-31,15.78365421295166,1008,18097865.73748589,1193
MHO,2021-12-31,62.18000030517578,1008,18080757.529449463,1194
JBTM,2021-12-31,151.14938354492188,1008,17942724.68032837,1195
VMI,2021-12-31,241.29898071289065,1008,17933919.412231445,1196
HYLN,2021-12-31,6.199999809265137,505,17911622.73159027,1197
CWK,2021-12-31,22.239999771118164,861,17847101.594161987,1198
VIRT,2021-12-31,24.467376708984375,1008,17833151.954460144,1199
EXPO,2021-12-31,110.1038589477539,1008,17806365.673446655,1200
CVLT,2021-12-31,68.91999816894531,1008,17787898.691368103,1201
AHCO,2021-12-31,24.459999084472656,905,17769617.33198166,1202
CWEN,2021-12-31,28.341026306152344,1008,17767915.304756165,1203
SBH,2021-12-31,18.459999084472656,1008,17760224.601078033,1204
WFG,2021-12-31,89.50848388671875,1008,17752158.069992065,1205
CENX,2021-12-31,16.559999465942383,1008,17599669.905471805,1206
AOSL,2021-12-31,60.560001373291016,1008,17588389.910888672,1207
ENS,2021-12-31,75.91326904296875,1008,17587814.806365967,1208
OPRX,2021-12-31,62.11000061035156,1008,17527177.36415863,1209
RAMP,2021-12-31,47.95000076293945,1008,17519884.682655334,1210
IDA,2021-12-31,99.0618896484375,1008,17491531.20956421,1211
DOMO,2021-12-31,49.599998474121094,884,17481939.78691101,1212
CTRN,2021-12-31,94.75,1008,17450045.056533813,1213
PRTA,2021-12-31,49.400001525878906,1008,17424568.407440186,1214
FUL,2021-12-31,76.49628448486328,1008,17419607.305145264,1215
DAC,2021-12-31,63.4785041809082,1008,17416053.112983704,1216
FBP,2021-12-31,11.85449504852295,1008,17415785.452270508,1217
AGIO,2021-12-31,32.869998931884766,1008,17281769.524002075,1218
CNO,2021-12-31,21.655689239501953,1008,17267064.05620575,1219
OUT,2021-12-31,19.67931747436523,1008,17227099.648027416,1220
AWI,2021-12-31,110.90494537353516,1008,17192084.19494629,1221
VLY,2021-12-31,11.248305320739746,1008,17191824.628305435,1222
AEIS,2021-12-31,89.6380386352539,1008,17156171.59461975,1223
LAZ,2021-12-31,34.90782928466797,1008,17147395.749664307,1224
CLDX,2021-12-31,38.63999938964844,1008,17117872.795677185,1225
HCAT,2021-12-31,39.619998931884766,616,17073151.671409607,1226
IRT,2021-12-31,21.782896041870117,1008,17052109.648418427,1227
EPR,2021-12-31,34.229122161865234,1008,17016216.1529541,1228
UFPI,2021-12-31,86.98207092285156,1008,16918396.480560303,1229
UMBF,2021-12-31,98.2916488647461,1008,16896214.363479614,1230
NFG,2021-12-31,55.58317947387695,1008,16832797.699928284,1231
OTEX,2021-12-31,41.1723747253418,1008,16823892.766952515,1232
RCUS,2021-12-31,40.470001220703125,958,16804919.18487549,1233
RMBS,2021-12-31,29.38999938964844,1008,16795320.081710815,1234
WDFC,2021-12-31,226.91265869140625,1008,16780123.113250732,1235
TFIN,2021-12-31,119.08000183105467,1008,16747188.377380371,1236
MMSI,2021-12-31,62.29999923706055,1008,16683661.405563354,1237
EAF,2021-12-31,117.14752960205078,934,16683161.701011658,1238
EXLS,2021-12-31,28.95400047302246,1008,16662530.83229065,1239
ENSG,2021-12-31,83.18189239501953,1008,16622390.884399414,1240
CBSH,2021-12-31,54.678131103515625,1008,16580820.795776367,1241
FHI,2021-12-31,31.63846015930176,1008,16578473.46982956,1242
POR,2021-12-31,43.672630310058594,1008,16537845.137023926,1243
NVMI,2021-12-31,146.5,1008,16535082.619476318,1244
FCFS,2021-12-31,70.5693130493164,1008,16518977.857971191,1245
REZI,2021-12-31,26.030000686645508,800,16500051.331043243,1246
SSD,2021-12-31,134.04153442382812,1008,16487541.329574585,1247
PB,2021-12-31,62.1118049621582,1008,16433103.686523438,1248
DRH,2021-12-31,8.502686500549316,1008,16413737.602329254,1249
UCTT,2021-12-31,57.36000061035156,1008,16367198.435974121,1250
BLFS,2021-12-31,37.27000045776367,1008,16364085.202407837,1251
IVT,2021-12-31,23.433815002441406,1008,16261506.736755371,1252
TTGT,2021-12-31,95.66000366210938,1008,16244801.59072876,1253
JELD,2021-12-31,26.36000061035156,1008,16183188.252067566,1254
LBRT,2021-12-31,9.1236572265625,1001,16179085.164785385,1255
SR,2021-12-31,53.75730514526367,1008,16072449.66430664,1256
BCPC,2021-12-31,164.834228515625,1008,16046622.689056396,1257
COLB,2021-12-31,25.600452423095703,1008,15968159.643554688,1258
GIL,2021-12-31,38.785945892333984,1008,15939620.11795044,1259
CRH,2021-12-31,46.52197265625,1008,15934429.898071289,1260
APAM,2021-12-31,32.440670013427734,1008,15867112.787532806,1261
EGO,2021-12-31,9.313637733459473,1008,15861774.188804626,1262
NSP,2021-12-31,101.10043334960938,1008,15841109.574890137,1263
KTOS,2021-12-31,19.399999618530273,1008,15761870.495891571,1264
MLKN,2021-12-31,33.5721321105957,1008,15761755.657196045,1265
HLNE,2021-12-31,95.13951873779295,1008,15721383.380126953,1266
GEO,2021-12-31,7.75,1008,15622845.147752762,1267
NOG,2021-12-31,16.439788818359375,1008,15616488.395547867,1268
CMP,2021-12-31,49.10087966918945,1008,15515705.494308472,1269
FN,2021-12-31,118.47000122070312,1008,15507902.388763428,1270
ABR,2021-12-31,10.81861972808838,1008,15467110.508537292,1271
EXTR,2021-12-31,15.699999809265137,1008,15465153.234481812,1272
NUS,2021-12-31,43.13478088378906,1008,15460211.938858032,1273
JBGS,2021-12-31,23.60625648498535,1008,15439555.662250519,1274
HR,2021-12-31,18.363910675048828,1008,15438804.573059082,1275
INDB,2021-12-31,69.62906646728516,1008,15422665.66619873,1276
FSK,2021-12-31,10.69314670562744,1008,15410048.458909988,1277
NWS,2021-12-31,21.64867401123047,1008,15404744.99578476,1278
LGND,2021-12-31,96.3568344116211,1008,15402235.776885986,1279
PTCT,2021-12-31,39.83000183105469,1008,15339353.085327148,1280
PAR,2021-12-31,52.77000045776367,1008,15308633.520698547,1281
CWST,2021-12-31,85.41999816894531,1008,15308557.720947266,1282
TU,2021-12-31,18.272144317626953,1008,15304468.955898285,1283
FAMI,2021-12-31,528.0,976,15270096.0,1284
DBI,2021-12-31,12.482297897338867,1008,15174081.813097,1285
NWE,2021-12-31,46.47111892700195,1008,15110956.43196106,1286
NSIT,2021-12-31,106.5999984741211,1008,14966484.823226929,1287
DK,2021-12-31,12.67741870880127,1008,14936650.007534027,1288
THRM,2021-12-31,86.9000015258789,1008,14914273.850631714,1289
HHH,2021-12-31,97.02574157714844,1008,14829898.446094513,1290
PRI,2021-12-31,143.30758666992188,1008,14785528.524780273,1291
NOMD,2021-12-31,22.78603172302246,1008,14768741.357040405,1292
ECPG,2021-12-31,62.11000061035156,1008,14687126.927757263,1293
SNN,2021-12-31,30.590490341186523,1008,14628374.42817688,1294
HIMS,2021-12-31,6.550000190734863,581,14621224.88694191,1295
VSH,2021-12-31,19.989030838012695,1008,14553907.570457458,1296
HCSG,2021-12-31,16.820178985595703,1008,14539473.867702484,1297
SOS,2021-12-31,616.5,1008,14510786.25,1298
AXS,2021-12-31,49.052982330322266,1008,14488972.59349823,1299
PERI,2021-12-31,24.049999237060547,1008,14399973.841285706,1300
COHU,2021-12-31,38.09000015258789,1008,14391402.769470215,1301
HCC,2021-12-31,23.30160140991211,1008,14300680.335330963,1302
HWC,2021-12-31,44.140403747558594,1008,14225257.320785522,1303
KMT,2021-12-31,31.31513404846191,1008,14221220.287513733,1304
XENE,2021-12-31,31.239999771118164,1008,14170147.733688354,1305
FWRD,2021-12-31,118.5300064086914,1008,14168311.517715454,1306
BKH,2021-12-31,58.644775390625,1008,14155103.985023499,1307
GBCI,2021-12-31,49.20061874389648,1008,14153785.149002075,1308
EVH,2021-12-31,27.670000076293945,1008,14140188.703727722,1309
ENTA,2021-12-31,74.77999877929688,1008,14126200.245666504,1310
BCC,2021-12-31,58.10698699951172,1008,14126082.984924316,1311
GDOT,2021-12-31,36.2400016784668,1008,14119350.275039673,1312
SGRY,2021-12-31,53.40999984741211,1008,14116648.918914795,1313
DIN,2021-12-31,61.96708297729492,1008,14060962.83569336,1314
FFIN,2021-12-31,46.14995574951172,1008,14039076.1926651,1315
PRGS,2021-12-31,46.543495178222656,1008,14023799.720191956,1316
SNDR,2021-12-31,25.243810653686523,1008,14014357.04240799,1317
CNNE,2021-12-31,32.67359924316406,1008,13947440.074253082,1318
THG,2021-12-31,117.87971496582033,1008,13891091.666030884,1319
SXT,2021-12-31,91.10236358642578,1008,13873133.282852173,1320
ABCB,2021-12-31,46.906982421875,1008,13822781.008911133,1321
MEOH,2021-12-31,36.65346908569336,1008,13792009.584617615,1322
EHTH,2021-12-31,25.5,1008,13770725.904273987,1323
CASH,2021-12-31,58.70552444458008,1008,13754108.536338806,1324
LRN,2021-12-31,33.33000183105469,1008,13729754.810714722,1325
SMPL,2021-12-31,41.56999969482422,1008,13712093.377113342,1326
AGEN,2021-12-31,63.199214935302734,1008,13708592.89535141,1327
INDI,2021-12-31,11.989999771118164,566,13601161.94934845,1328
BLKB,2021-12-31,78.9800033569336,1008,13592128.536987305,1329
TWO,2021-12-31,12.241320610046388,1008,13497067.131018639,1330
ERIE,2021-12-31,176.62997436523438,1008,13479961.242675781,1331
FLWS,2021-12-31,23.3700008392334,1008,13478710.886955261,1332
ATRC,2021-12-31,69.52999877929688,1008,13454089.548110962,1333
ANGI,2021-12-31,92.0999984741211,1008,13451323.90613556,1334
CIM,2021-12-31,26.016910552978516,1008,13355819.365024567,1335
AMCX,2021-12-31,34.439998626708984,1008,13312867.536354065,1336
BKD,2021-12-31,5.159999847412109,1008,13307165.822124481,1337
ZUMZ,2021-12-31,47.9900016784668,1008,13304246.062469482,1338
OGI,2021-12-31,7.0,661,13241394.68716383,1339
ESRT,2021-12-31,8.205329895019531,1008,13217796.571588516,1340
PAGP,2021-12-31,7.267895698547363,1008,13214200.804519653,1341
MWA,2021-12-31,13.462757110595703,1008,13197337.411880493,1342
OGS,2021-12-31,66.24893951416016,1008,13151975.968551636,1343
EPRT,2021-12-31,23.73028564453125,890,13141732.375621796,1344
HE,2021-12-31,38.41082000732422,1008,13066948.657417297,1345
SAH,2021-12-31,44.76571273803711,1008,12990329.00352478,1346
ITGR,2021-12-31,85.58999633789062,1008,12981466.290283203,1347
MYGN,2021-12-31,27.600000381469727,1008,12898696.80929184,1348
BRBR,2021-12-31,28.530000686645508,556,12858137.5,1349
CSTM,2021-12-31,17.90999984741211,1008,12799569.931983948,1350
AMTX,2021-12-31,12.300000190734863,1008,12768680.701446533,1351
TVTX,2021-12-31,31.040000915527344,1008,12728319.38943863,1352
GDYN,2021-12-31,37.970001220703125,799,12718294.132995605,1353
KMPR,2021-12-31,52.36247253417969,1008,12698546.204566956,1354
RCI,2021-12-31,40.667118072509766,1008,12642229.353523254,1355
FTS,2021-12-31,40.97507858276367,1008,12641224.918556213,1356
NGVT,2021-12-31,71.69999694824219,1008,12630528.594589233,1357
SWBI,2021-12-31,14.850397109985352,1008,12575002.974033356,1358
SUPN,2021-12-31,29.15999984741211,1008,12523518.374633789,1359
AWR,2021-12-31,93.74005126953124,1008,12447480.309295654,1360
WSFS,2021-12-31,47.33041763305664,1008,12447391.532325745,1361
CBT,2021-12-31,51.15644836425781,1008,12436896.446228027,1362
TDS,2021-12-31,17.589284896850586,1008,12416178.812599182,1363
COKE,2021-12-31,59.23165512084961,1008,12391467.590332031,1364
EH,2021-12-31,14.920000076293944,517,12346668.155574799,1365
IMO,2021-12-31,32.29836654663086,1008,12287675.240325928,1366
MLI,2021-12-31,13.943050384521484,1008,12287673.258209229,1367
WD,2021-12-31,130.58709716796875,1008,12281948.728942871,1368
VCEL,2021-12-31,39.29999923706055,1008,12271108.416748047,1369
SKYW,2021-12-31,39.29999923706055,1008,12256326.167678833,1370
ABM,2021-12-31,36.95185470581055,1008,12179052.236366272,1371
NTCT,2021-12-31,33.08000183105469,1008,12142231.728172302,1372
WWW,2021-12-31,25.468339920043945,1008,12110986.496543884,1373
ATRA,2021-12-31,394.0,1008,12095769.0,1374
EPC,2021-12-31,41.91739654541016,1008,12077783.522033691,1375
CVCO,2021-12-31,317.6499938964844,1008,12068461.975097656,1376
GIB,2021-12-31,87.82172393798828,1008,12052688.95187378,1377
BKE,2021-12-31,29.19223403930664,1008,12045472.553730011,1378
OI,2021-12-31,12.029999732971191,1008,11958671.689128876,1379
TRN,2021-12-31,25.28266716003418,1008,11935233.779621124,1380
HZO,2021-12-31,59.040000915527344,1008,11930345.622444153,1381
TTMI,2021-12-31,14.899999618530272,1008,11927782.809352875,1382
WHD,2021-12-31,36.413875579833984,982,11911072.633171082,1383
ALRM,2021-12-31,84.80999755859375,1008,11910727.24723816,1384
WTM,2021-12-31,1010.6259155273438,1008,11907153.735351562,1385
CWT,2021-12-31,64.96887969970703,1008,11862858.67805481,1386
MMYT,2021-12-31,27.709999084472656,1008,11809487.378692627,1387
PRAA,2021-12-31,50.209999084472656,1008,11775736.8724823,1388
BJRI,2021-12-31,34.54999923706055,1008,11731385.530471802,1389
NEOG,2021-12-31,45.40999984741211,1008,11717849.212646484,1390
ORMP,2021-12-31,13.312520027160645,1008,11713062.995052338,1391
PRTS,2021-12-31,112.0,1008,11673340.871810913,1392
UNF,2021-12-31,203.83836364746097,1008,11660577.416992188,1393
KRYS,2021-12-31,69.94999694824219,1008,11650260.130310059,1394
BOKF,2021-12-31,94.5309829711914,1008,11603892.80090332,1395
TSEM,2021-12-31,39.68000030517578,1008,11593437.945747375,1396
BTCT,2021-12-31,150.0,808,11546412.0,1397
SANM,2021-12-31,41.459999084472656,1008,11530690.838241577,1398
NHI,2021-12-31,44.52055740356445,1008,11491937.683677673,1399
NBR,2021-12-31,81.08999633789062,1008,11462248.7865448,1400
GSAT,2021-12-31,17.399999618530273,1008,11461870.452075005,1401
AX,2021-12-31,55.90999984741211,1008,11453214.127349854,1402
BDC,2021-12-31,65.0649185180664,1008,11426692.911529541,1403
BGS,2021-12-31,19.5447940826416,1008,11404855.503749847,1404
ATEN,2021-12-31,15.521190643310549,1008,11353677.927398682,1405
SFNC,2021-12-31,24.617673873901367,1008,11344626.025772095,1406
PACK,2021-12-31,37.58000183105469,960,11323559.942436218,1407
XPEL,2021-12-31,68.27999877929688,633,11303299.8046875,1408
OBDC,2021-12-31,8.505733489990234,621,11293442.544746399,1409
FORM,2021-12-31,45.720001220703125,1008,11283408.002471924,1410
CCOI,2021-12-31,57.4760856628418,1008,11270820.136070251,1411
FTAI,2021-12-31,21.62397193908691,1008,11267750.883005142,1412
EQX,2021-12-31,6.74552583694458,757,11257760.618305206,1413
DNOW,2021-12-31,8.539999961853027,1008,11159691.024494171,1414
OII,2021-12-31,11.3100004196167,1008,11140224.964523315,1415
MZTI,2021-12-31,150.3517303466797,1008,11127806.66809082,1416
GVA,2021-12-31,37.01850891113281,1008,11123819.720840454,1417
HOMB,2021-12-31,21.33759880065918,1008,11117450.16860962,1418
VRRM,2021-12-31,15.43000030517578,1008,11099436.552810669,1419
SIGI,2021-12-31,76.35601043701172,1008,11074632.081604004,1420
VRTS,2021-12-31,246.94078063964844,1008,11071371.05102539,1421
NJR,2021-12-31,34.840755462646484,1008,11057963.324546814,1422
PBI,2021-12-31,5.507051944732666,1008,11022959.353876114,1423
RYN,2021-12-31,29.964414596557617,1008,10982551.783752441,1424
CLB,2021-12-31,22.08256721496582,1008,10972311.20262146,1425
SKT,2021-12-31,15.995095252990724,1008,10963941.395044327,1426
KPLT,2021-12-31,84.25,506,10960300.0,1427
FIX,2021-12-31,97.12196350097656,1008,10924194.686889648,1428
VERI,2021-12-31,22.479999542236328,1008,10922097.030162811,1429
EVTC,2021-12-31,48.78657150268555,1008,10921107.078170776,1430
ELF,2021-12-31,33.209999084472656,1008,10881966.10994339,1431
TALO,2021-12-31,9.800000190734863,919,10873312.857913971,1432
GATX,2021-12-31,96.31624603271484,1008,10866630.629730225,1433
MD,2021-12-31,27.209999084472656,1008,10851126.327896118,1434
CTRE,2021-12-31,18.315343856811523,1008,10844059.602355957,1435
NEU,2021-12-31,312.67462158203125,1008,10833399.729919434,1436
QURE,2021-12-31,20.739999771118164,1008,10828723.744297028,1437
RDWR,2021-12-31,41.63999938964844,1008,10815753.597640991,1438
SBGI,2021-12-31,19.849685668945312,1008,10794697.08404541,1439
CVSA,2021-12-31,29.559999465942383,1008,10787803.96900177,1440
ASPN,2021-12-31,49.790000915527344,1008,10787093.056106567,1441
RPAY,2021-12-31,18.270000457763672,873,10768480.645942688,1442
TGLS,2021-12-31,25.180648803710938,1008,10752973.052215576,1443
STNG,2021-12-31,11.60563850402832,1008,10747440.230941772,1444
GOGO,2021-12-31,13.529999732971191,1008,10682464.304494858,1445
AVA,2021-12-31,34.22746276855469,1008,10651756.173706055,1446
IMAX,2021-12-31,17.84000015258789,1008,10637758.802890778,1447
ENVA,2021-12-31,40.959999084472656,1008,10634572.807693481,1448
FIZZ,2021-12-31,42.30427932739258,1008,10594159.820747375,1449
KPTI,2021-12-31,96.4499969482422,1008,10552842.365074158,1450
PIPR,2021-12-31,39.1370849609375,1008,10543436.210632324,1451
MCRB,2021-12-31,166.60000610351562,1008,10542912.5,1452
FIBK,2021-12-31,31.145193099975582,1008,10525353.162384033,1453
SPRU,2021-12-31,26.479999542236328,589,10461681.140859604,1454
APPF,2021-12-31,121.05999755859376,1008,10445488.214111328,1455
YEXT,2021-12-31,9.920000076293944,1008,10390835.844230652,1456
DCH,2021-12-31,9.329999923706056,1008,10368294.503736496,1457
RGNX,2021-12-31,32.70000076293945,1008,10360932.205581665,1458
BWIN,2021-12-31,36.11000061035156,552,10350931.783103943,1459
LNTH,2021-12-31,28.88999938964844,1008,10350731.004714966,1460
ALEC,2021-12-31,20.649999618530273,732,10324191.669750214,1461
MYRG,2021-12-31,110.5500030517578,1008,10317135.985565186,1462
BDN,2021-12-31,7.789288997650147,1008,10300828.543019295,1463
CATY,2021-12-31,37.20320510864258,1008,10269917.365264893,1464
GBX,2021-12-31,40.478702545166016,1008,10224537.96634674,1465
CNR,2021-12-31,20.918062210083008,1008,10208482.396697998,1466
FULT,2021-12-31,14.14035987854004,1008,10207496.214485168,1467
JYNT,2021-12-31,65.69000244140625,1008,10177698.376846313,1468
KWR,2021-12-31,218.65087890625,1008,10171783.703613281,1469
MSA,2021-12-31,142.75296020507812,1008,10149683.515167236,1470
AIT,2021-12-31,98.67786407470705,1008,10101509.91973877,1471
PJT,2021-12-31,70.81512451171875,1008,10057412.40119934,1472
FHB,2021-12-31,22.440967559814453,1008,10050363.578510284,1473
TRLV,2021-12-31,26.010000228881836,822,10042382.967567444,1474
ECHO,2021-12-31,26.350000381469727,1008,10003715.434455872,1475
PBH,2021-12-31,60.650001525878906,1008,9974792.133522034,1476
GRBK,2021-12-31,30.329999923706055,1008,9968237.899398804,1477
AAON,2021-12-31,51.81629943847656,1008,9906381.8441391,1478
PATK,2021-12-31,49.08293533325195,1008,9903022.865009308,1479
BMI,2021-12-31,102.82140350341795,1008,9900115.591812134,1480
ZYME,2021-12-31,16.389999389648438,1008,9880855.10597229,1481
GTES,2021-12-31,15.90999984741211,992,9870325.000572205,1482
QTRX,2021-12-31,42.400001525878906,1008,9848408.377838135,1483
RILY,2021-12-31,70.23189544677734,1008,9801815.269470215,1484
FELE,2021-12-31,90.32266235351562,1008,9801386.81602478,1485
PUK,2021-12-31,31.60508155822754,1008,9777640.388298035,1486
ADT,2021-12-31,7.49625825881958,996,9721660.435771942,1487
WKC,2021-12-31,23.626691818237305,1008,9708867.387199402,1488
FSS,2021-12-31,42.06230163574219,1008,9706918.704986572,1489
TTEC,2021-12-31,85.34587097167969,1008,9700815.713500977,1490
ESPR,2021-12-31,5.0,1008,9698149.646759033,1491
ATEC,2021-12-31,11.43000030517578,1008,9673072.961521149,1492
SLGN,2021-12-31,39.85057830810547,1008,9646486.44065857,1493
PDM,2021-12-31,14.44737720489502,1008,9634438.27047348,1494
GSM,2021-12-31,6.009363174438477,1008,9562188.107728958,1495
MVST,2021-12-31,5.659999847412109,699,9533868.65105629,1496
LEU,2021-12-31,49.90999984741211,1008,9533053.597450256,1497
MDGL,2021-12-31,84.73999786376953,1008,9528632.82585144,1498
POWW,2021-12-31,5.449999809265137,1008,9508550.455451012,1499
HTH,2021-12-31,31.9354305267334,1008,9500113.236999512,1500
GLNG,2021-12-31,11.13720417022705,1008,9499716.223335266,1501
PRMB,2021-12-31,15.668529510498049,1008,9487897.677326202,1502
CSTL,2021-12-31,42.869998931884766,616,9471205.683898926,1503
CHRS,2021-12-31,15.960000038146973,1008,9464583.765029907,1504
WOR,2021-12-31,31.170223236083984,1008,9462407.6248312,1505
RCKT,2021-12-31,21.829999923706055,1008,9445256.119155884,1506
CAL,2021-12-31,21.298259735107425,1008,9404915.317344666,1507
IDT,2021-12-31,43.63394927978515,1008,9380422.179794312,1508
DFIN,2021-12-31,47.13999938964844,1008,9329217.265319824,1509
TBBK,2021-12-31,25.309999465942383,1008,9296572.60980606,1510
HLIO,2021-12-31,101.72339630126952,1008,9276650.3490448,1511
RLI,2021-12-31,45.74420547485352,1008,9272058.98475647,1512
AVNS,2021-12-31,34.66999816894531,1008,9249909.428310394,1513
WLY,2021-12-31,48.924556732177734,1008,9245436.888715744,1514
ASIX,2021-12-31,42.616851806640625,1008,9232397.95036316,1515
DEA,2021-12-31,40.5032844543457,1008,9196600.694274902,1516
PAVM,2021-12-31,1107.0,1008,9179491.5,1517
AKR,2021-12-31,18.00779151916504,1008,9116431.943130493,1518
TBCH,2021-12-31,22.260000228881836,1008,9107055.141067505,1519
BVN,2021-12-31,6.831441879272461,1008,9059750.92792511,1520
JRVR,2021-12-31,27.258546829223633,1008,9037851.85213089,1521
PSN,2021-12-31,33.650001525878906,670,9033687.450027466,1522
SPWH,2021-12-31,11.800000190734863,1008,9016957.03830719,1523
AVAV,2021-12-31,62.029998779296875,1008,8996697.470092773,1524
LWLG,2021-12-31,14.880000114440918,1008,8983776.052188873,1525
SAFE,2021-12-31,104.87014770507812,1008,8904293.751811981,1526
ARR,2021-12-31,22.426389694213867,1008,8873966.147212982,1527
MCB,2021-12-31,105.53404998779295,1008,8866927.683258057,1528
RUSHA,2021-12-31,34.72726058959961,1008,8864241.42036438,1529
ACA,2021-12-31,52.05039596557617,795,8834472.678375244,1530
DORM,2021-12-31,113.01000213623048,1008,8829442.75932312,1531
BOH,2021-12-31,68.59281158447266,1008,8808549.394607544,1532
BXC,2021-12-31,95.76000213623048,1008,8800038.365745544,1533
TV,2021-12-31,7.336884498596191,1008,8781087.228345871,1534
ORC,2021-12-31,9.836535453796388,1008,8780113.500823975,1535
ROCK,2021-12-31,66.68000030517578,1008,8744420.840835571,1536
IOSP,2021-12-31,84.0985336303711,1008,8729507.094192505,1537
FBNC,2021-12-31,41.340240478515625,1008,8715309.844779968,1538
NMIH,2021-12-31,21.850000381469727,1008,8695706.174659729,1539
LAUR,2021-12-31,10.126893043518066,1008,8681174.433040619,1540
MGPI,2021-12-31,81.17695617675781,1008,8626704.358291626,1541
NRXP,2021-12-31,47.79999923706055,1008,8610390.068969727,1542
ASTS,2021-12-31,7.940000057220459,546,8595760.55688858,1543
ICHR,2021-12-31,46.029998779296875,1008,8595599.876403809,1544
NTGR,2021-12-31,29.209999084472656,1008,8593510.87217331,1545
SITC,2021-12-31,6.47503137588501,1008,8589276.551716805,1546
HCI,2021-12-31,76.52172088623047,1008,8586324.770355225,1547
SFBS,2021-12-31,78.5406265258789,1008,8577279.00428772,1548
LILAK,2021-12-31,7.744565010070801,1008,8550262.606388092,1549
WAFD,2021-12-31,28.78571891784668,1008,8546332.756614685,1550
LZB,2021-12-31,32.655006408691406,1008,8491455.150985718,1551
BCTX,2021-12-31,82.80000305175781,1008,8479361.417198181,1552
GOLF,2021-12-31,49.88117599487305,1008,8465386.012649536,1553
MTX,2021-12-31,71.4508056640625,1008,8438349.059677124,1554
KALU,2021-12-31,79.25467681884766,1008,8416023.49357605,1555
GEF,2021-12-31,52.084693908691406,1008,8295037.647628784,1556
GIII,2021-12-31,27.3696346282959,1008,8294947.731018066,1557
CSV,2021-12-31,60.65279006958008,1008,8275259.872245789,1558
PPC,2021-12-31,23.889345169067383,1008,8271056.628131866,1559
INVA,2021-12-31,17.25,1008,8270250.13551712,1560
AIN,2021-12-31,83.30506134033203,1008,8223798.45199585,1561
STRA,2021-12-31,50.65221405029297,1008,8209609.666252136,1562
SRTA,2021-12-31,8.829999923706055,544,8185698.038673401,1563
ADUS,2021-12-31,93.51000213623048,1008,8163693.97277832,1564
ESE,2021-12-31,88.80335235595703,1008,8157146.806716919,1565
AIR,2021-12-31,39.029998779296875,1008,8116453.152084351,1566
MUFG,2021-12-31,5.202991962432861,1008,8104766.044330597,1567
JJSF,2021-12-31,142.25006103515625,1008,8096545.15914917,1568
CVBF,2021-12-31,17.79697608947754,1008,8035559.277439117,1569
GHC,2021-12-31,603.9247436523438,1008,8029928.866577148,1570
IPAR,2021-12-31,95.40361785888672,1008,7992967.5369262695,1571
PRIM,2021-12-31,23.28905487060547,1008,7985091.136169434,1572
CCRN,2021-12-31,27.760000228881836,1008,7956880.077266693,1573
MTUS,2021-12-31,16.5,1008,7913066.933917999,1574
GCO,2021-12-31,64.16999816894531,1008,7872472.552490234,1575
XNCR,2021-12-31,40.119998931884766,1008,7852523.9152908325,1576
MBUU,2021-12-31,68.7300033569336,1008,7847497.622680664,1577
PLMR,2021-12-31,64.7699966430664,684,7838854.413414001,1578
THRY,2021-12-31,41.130001068115234,935,7829002.491760254,1579
FULC,2021-12-31,17.690000534057617,621,7793475.6278038025,1580
ORGO,2021-12-31,9.239999771118164,1008,7774831.266260147,1581
XHR,2021-12-31,15.766024589538574,1008,7771947.961807251,1582
INSG,2021-12-31,58.29999923706055,1008,7734221.724948883,1583
VREX,2021-12-31,31.549999237060547,1008,7719672.392463684,1584
IDCC,2021-12-31,66.45494842529297,1008,7708059.217643738,1585
UPLD,2021-12-31,179.39999389648438,1008,7705557.12020874,1586
DSGX,2021-12-31,82.68000030517578,1008,7672277.76260376,1587
MNRO,2021-12-31,48.23857116699219,1008,7659548.693656921,1588
CARS,2021-12-31,16.09000015258789,1008,7650471.069145203,1589
KURA,2021-12-31,14.0,1008,7643632.184505463,1590
MAIN,2021-12-31,31.176034927368164,1008,7621735.62374115,1591
UTZ,2021-12-31,14.684229850769045,781,7619175.191879272,1592
NPO,2021-12-31,106.11260223388672,1008,7607135.000610352,1593
ARI,2021-12-31,7.907188892364502,1008,7596440.896940232,1594
MSEX,2021-12-31,109.78168487548828,1008,7554413.373947144,1595
CERS,2021-12-31,6.809999942779541,1008,7518413.866496086,1596
PLXS,2021-12-31,95.88999938964844,1008,7513459.418106079,1597
BEEM,2021-12-31,18.600000381469727,1008,7483609.65385437,1598
FNKO,2021-12-31,18.799999237060547,1008,7476126.918411255,1599
LAND,2021-12-31,28.022096633911133,1008,7461513.008594513,1600
SHOE,2021-12-31,35.31694793701172,1008,7454182.536411285,1601
STC,2021-12-31,68.72757720947266,1008,7449590.839004517,1602
MCY,2021-12-31,46.46339416503906,1008,7445425.419616699,1603
SPXC,2021-12-31,59.68000030517578,1008,7444207.52620697,1604
ATOS,2021-12-31,24.0,1008,7428365.983385086,1605
TNXP,2021-12-31,230400.0,1008,7427200.0,1606
SNDX,2021-12-31,21.88999938964844,1008,7418263.887786865,1607
PETS,2021-12-31,22.530454635620117,1008,7366414.388465881,1608
CVI,2021-12-31,11.945383071899414,1008,7362172.017383575,1609
MLAB,2021-12-31,320.2831115722656,1008,7339170.097351074,1610
OSG,2021-12-31,16.049999237060547,1008,7329082.280015945,1611
CIGI,2021-12-31,146.86993408203125,1008,7325865.4457092285,1612
BRC,2021-12-31,50.01091384887695,1008,7286039.472198486,1613
ALT,2021-12-31,9.15999984741211,1008,7269390.455627441,1614
TVRD,2021-12-31,438.4800109863281,1008,7266461.59753418,1615
TOON,2021-12-31,10.5,1008,7237928.943476677,1616
FCPT,2021-12-31,23.001296997070312,1008,7216388.101005554,1617
SIBN,2021-12-31,22.209999084472656,808,7211394.069957733,1618
HESM,2021-12-31,19.51101875305176,1008,7208711.704730988,1619
CRS,2021-12-31,27.74139404296875,1008,7198630.9277534485,1620
DFTX,2021-12-31,20.700000762939453,1008,7194478.8730220795,1621
CAE,2021-12-31,25.239999771118164,1008,7168861.441326141,1622
XPRO,2021-12-31,14.350000381469728,1008,7159789.338874817,1623
HTGC,2021-12-31,9.951373100280762,1008,7159574.628734589,1624
VNDA,2021-12-31,15.6899995803833,1008,7157570.786857605,1625
HLIT,2021-12-31,11.760000228881836,1008,7129810.425710678,1626
MOG.A,2021-12-31,78.0333251953125,1008,7115204.33921814,1627
OSIS,2021-12-31,93.1999969482422,1008,7100088.948059082,1628
LTC,2021-12-31,25.56294631958008,1008,7094778.486251831,1629
BSAC,2021-12-31,12.422354698181152,1008,7060824.761676788,1630
RWT,2021-12-31,7.858943939208984,1008,7039675.208759308,1631
CMPR,2021-12-31,71.61000061035156,1008,7034680.081176758,1632
PSNL,2021-12-31,14.270000457763672,640,7025565.340232849,1633
HBM,2021-12-31,7.1842570304870605,1008,6997368.7754154205,1634
PUMP,2021-12-31,8.100000381469727,1008,6991591.432142258,1635
RGR,2021-12-31,56.2640495300293,1008,6989777.27355957,1636
RDY,2021-12-31,12.551222801208496,1008,6944185.585737228,1637
AUB,2021-12-31,31.457950592041016,1008,6916354.56867218,1638
CENTA,2021-12-31,38.279998779296875,1008,6914896.141052246,1639
SBCF,2021-12-31,31.501873016357425,1008,6876899.032592773,1640
EFC,2021-12-31,9.664578437805176,1008,6874790.657281876,1641
CAMT,2021-12-31,45.29534530639648,1008,6853309.544372559,1642
NEGG,2021-12-31,207.3999938964844,1008,6833701.013031006,1643
KAI,2021-12-31,225.5157470703125,1008,6813032.530212402,1644
VNOM,2021-12-31,16.08447265625,1008,6780343.7883377075,1645
INVX,2021-12-31,19.68000030517578,1008,6778218.863964081,1646
CNVS,2021-12-31,23.200000762939453,1008,6756146.110701561,1647
CHEF,2021-12-31,33.29999923706055,1008,6734134.494590759,1648
GPUS,2021-12-31,213516.59375,1008,6715903.9375,1649
USPH,2021-12-31,87.25675964355469,1008,6709848.942565918,1650
JBI,2021-12-31,12.520000457763672,512,6694819.03090477,1651
LKFN,2021-12-31,70.16400146484375,1008,6691128.311538696,1652
ROAD,2021-12-31,29.40999984741211,923,6687678.006839752,1653
GNK,2021-12-31,10.98668384552002,1008,6685571.162223816,1654
TPB,2021-12-31,36.50782775878906,1008,6678419.42615509,1655
MFA,2021-12-31,9.668333053588867,1008,6674008.463048935,1656
IMKTA,2021-12-31,82.92930603027344,1008,6665290.603637695,1657
ATOM,2021-12-31,20.1200008392334,1008,6659658.76750946,1658
ATLC,2021-12-31,71.31999969482422,1008,6636433.02230835,1659
CMRE,2021-12-31,10.89621353149414,1008,6624007.327270508,1660
WSBC,2021-12-31,28.5263729095459,1008,6623486.885643005,1661
SLP,2021-12-31,46.57343292236328,1008,6603556.20803833,1662
CVM,2021-12-31,213.0,1008,6596415.330169678,1663
MGNX,2021-12-31,16.049999237060547,1008,6595919.068717957,1664
INGN,2021-12-31,34.0,1008,6587775.056648254,1665
KFRC,2021-12-31,65.89981079101562,1008,6569378.375053406,1666
MX,2021-12-31,20.969999313354492,1008,6567972.210693359,1667
OXM,2021-12-31,85.94984436035156,1008,6566824.5361328125,1668
HOPE,2021-12-31,11.812135696411133,1008,6561858.823776245,1669
OR,2021-12-31,11.695043563842772,1008,6548482.604789734,1670
TCMD,2021-12-31,19.030000686645508,1008,6527367.882823944,1671
CRVL,2021-12-31,69.33333587646484,1008,6521750.539398193,1672
AGRO,2021-12-31,6.772924900054932,1008,6510364.0833854675,1673
OTTR,2021-12-31,63.98997497558594,1008,6493007.516479492,1674
SD,2021-12-31,7.411047458648682,1008,6479502.140522003,1675
LNN,2021-12-31,144.7402801513672,1008,6471514.328765869,1676
TDAY,2021-12-31,5.329999923706055,1008,6452866.0592556,1677
BZH,2021-12-31,23.219999313354492,1008,6435622.580051422,1678
ADEA,2021-12-31,7.557066440582275,1008,6431015.460100651,1679
ADTN,2021-12-31,21.850889205932617,1008,6400381.362915039,1680
SCL,2021-12-31,113.3172836303711,1008,6385197.0542907715,1681
USNA,2021-12-31,101.1999969482422,1008,6367017.067718506,1682
OSUR,2021-12-31,8.6899995803833,1008,6350750.579690933,1683
CLFD,2021-12-31,84.41999816894531,1008,6350665.250015259,1684
RDNT,2021-12-31,30.11000061035156,1008,6340377.412319183,1685
MTRN,2021-12-31,89.9145736694336,1008,6336484.142303467,1686
GNL,2021-12-31,8.734674453735352,1008,6329077.631235123,1687
VECO,2021-12-31,28.469999313354492,1008,6320287.337017059,1688
CXW,2021-12-31,9.970000267028809,1008,6285357.101154327,1689
IMMR,2021-12-31,5.049528121948242,1008,6280871.10979557,1690
MEI,2021-12-31,42.77141952514648,1008,6279997.829818726,1691
HTO,2021-12-31,64.8823013305664,1008,6270104.594993591,1692
E,2021-12-31,21.32725715637207,1008,6251854.189491272,1693
ERII,2021-12-31,21.489999771118164,1008,6233664.995193481,1694
IBOC,2021-12-31,37.99640655517578,1008,6219699.137878418,1695
NG,2021-12-31,6.860000133514404,1008,6141789.568781853,1696
FWONA,2021-12-31,56.81361389160156,1008,6129805.247014999,1697
BTAI,2021-12-31,325.2799987792969,963,6101222.41595459,1698
QNST,2021-12-31,18.190000534057617,1008,6075486.401939392,1699
OMER,2021-12-31,6.429999828338623,1008,6044066.0267829895,1700
FOSL,2021-12-31,10.289999961853027,1008,6036001.620292664,1701
CNS,2021-12-31,79.59583282470703,1008,6024088.674545288,1702
RNST,2021-12-31,33.63665008544922,1008,6015166.967201233,1703
ICFI,2021-12-31,100.06155395507812,1008,5961548.905944824,1704
AAT,2021-12-31,28.98406410217285,1008,5955338.989639282,1705
OCUL,2021-12-31,6.96999979019165,1008,5940541.94393158,1706
ASTE,2021-12-31,65.48312377929688,1008,5932836.0427856445,1707
KB,2021-12-31,38.910884857177734,1008,5922825.232696533,1708
CNDT,2021-12-31,5.340000152587891,1008,5919517.4255132675,1709
NWN,2021-12-31,39.93613052368164,1008,5867395.58391571,1710
EFSC,2021-12-31,42.63184356689453,1008,5850290.693855286,1711
MITK,2021-12-31,17.75,1008,5785456.0114860535,1712
HOV,2021-12-31,127.29000091552734,1008,5782414.535903931,1713
BANR,2021-12-31,52.1140251159668,1008,5781725.186157227,1714
ADAM,2021-12-31,8.307594299316406,1008,5693375.539767742,1715
CPK,2021-12-31,133.09251403808594,1008,5688416.523742676,1716
ARLO,2021-12-31,10.489999771118164,860,5673374.947166443,1717
CRMT,2021-12-31,102.4000015258789,1008,5659682.186126709,1718
HNI,2021-12-31,36.06851959228515,1008,5655747.381591797,1719
TRMK,2021-12-31,28.409191131591797,1008,5652837.769317627,1720
REPL,2021-12-31,27.100000381469727,870,5643730.001068115,1721
CPRX,2021-12-31,6.769999980926514,1008,5627590.082359314,1722
INN,2021-12-31,8.127141952514648,1008,5605874.95675087,1723
IVR,2021-12-31,11.905242919921877,1008,5595422.60368824,1724
UAVS,2021-12-31,1570.0,1008,5584220.0,1725
PRDO,2021-12-31,11.042606353759766,1008,5567196.710634232,1726
CALM,2021-12-31,28.61924743652344,1008,5565368.031787872,1727
AVPT,2021-12-31,6.289999961853027,544,5544594.143486023,1728
JOE,2021-12-31,49.81926345825195,1008,5543641.44153595,1729
NCTY,2021-12-31,67.0,1008,5512635.084953308,1730
ESTA,2021-12-31,67.58999633789062,871,5506195.4870224,1731
PSMT,2021-12-31,68.27094268798828,1008,5492908.363723755,1732
IDYA,2021-12-31,23.63999938964844,659,5440064.103126526,1733
KT,2021-12-31,10.522032737731934,1008,5436352.274608612,1734
NNI,2021-12-31,93.0157699584961,1008,5432065.412139893,1735
RRGB,2021-12-31,16.530000686645508,1008,5386734.786891937,1736
DX,2021-12-31,9.202017784118652,1008,5347439.320373535,1737
UIS,2021-12-31,20.56999969482422,1008,5335869.587230682,1738
FFBC,2021-12-31,20.43408203125,1008,5328689.6595954895,1739
EVER,2021-12-31,15.65999984741211,885,5295193.144893646,1740
SXI,2021-12-31,106.7993621826172,1008,5275846.292114257,1741
PPSI,2021-12-31,5.660261631011963,1008,5250576.755905151,1742
ANIP,2021-12-31,46.08000183105469,1008,5248789.350128174,1743
NXRT,2021-12-31,67.24261474609375,1008,5230987.090110779,1744
HVT,2021-12-31,23.308515548706055,1008,5229299.761772156,1745
CRNX,2021-12-31,28.40999984741211,872,5173390.056037903,1746
STGW,2021-12-31,8.670000076293945,1008,5150121.8547821045,1747
FCF,2021-12-31,13.82853889465332,1008,5103099.599266052,1748
VFF,2021-12-31,6.420000076293945,723,5092915.925216675,1749
FRME,2021-12-31,35.447914123535156,1008,5092244.651222229,1750
CBZ,2021-12-31,39.119998931884766,1008,5090130.117034912,1751
SA,2021-12-31,16.489999771118164,1008,5075290.409660339,1752
COLL,2021-12-31,18.68000030517578,1008,5013390.01789093,1753
