ticker,cutoff,price,history_days,median_dollar_volume_60d,liquidity_rank
TSLA,2023-12-31,248.47999572753903,1509,27733553506.95038,1
NVDA,2023-12-31,49.43413543701172,1509,18762205926.30005,2
AAPL,2023-12-31,190.37506103515625,1509,9389017909.14154,3
MSFT,2023-12-31,368.8729553222656,1509,8269830943.028259,4
AMZN,2023-12-31,151.94000244140625,1509,6633849554.56543,5
AMD,2023-12-31,147.41000366210938,1509,5842952801.8333435,6
META,2023-12-31,350.87872314453125,1509,5603815473.738098,7
GOOGL,2023-12-31,138.4622344970703,1509,3559925575.42572,8
GOOG,2023-12-31,139.69833374023438,1509,2686837718.950653,9
AVGO,2023-12-31,108.7544937133789,1509,2233568640.094757,10
XOM,2023-12-31,92.01725006103516,1509,1986756648.2585907,11
LLY,2023-12-31,572.9082641601562,1509,1648109163.583374,12
ADBE,2023-12-31,596.5999755859375,1509,1474238628.930664,13
INTC,2023-12-31,49.58590316772461,1509,1433761422.418785,14
CVX,2023-12-31,134.11180114746094,1509,1345978673.254013,15
V,2023-12-31,255.4952850341797,1509,1274565550.6988525,16
JPM,2023-12-31,160.41107177734375,1509,1225113245.8137512,17
BAC,2023-12-31,31.745849609375,1509,1201253937.5439644,18
UBER,2023-12-31,61.56999969482422,1169,1174942778.2262802,19
BA,2023-12-31,260.6600036621094,1509,1113751397.7920532,20
COIN,2023-12-31,173.9199981689453,684,1100536582.8048706,21
BRK.B,2023-12-31,356.6600036621094,1509,1061482144.8867798,22
WMT,2023-12-31,51.23213195800781,1509,999204882.1712494,23
PLTR,2023-12-31,17.170000076293945,818,997796877.3513794,24
COST,2023-12-31,651.0054321289062,1509,983030896.5301514,25
MA,2023-12-31,419.5765686035156,1509,955409789.2669678,26
CRM,2023-12-31,258.66497802734375,1509,937303602.0759583,27
DIS,2023-12-31,87.8271713256836,1509,929156040.0772095,28
PANW,2023-12-31,147.44000244140625,1509,925270415.8752441,29
JNJ,2023-12-31,145.79942321777344,1509,903019609.6916199,30
PG,2023-12-31,137.2843017578125,1509,878508691.3009644,31
QCOM,2023-12-31,137.33538818359375,1509,875645089.9864197,32
HD,2023-12-31,325.40386962890625,1509,857875588.1011963,33
PYPL,2023-12-31,60.88272857666016,1509,839058358.3198547,34
MU,2023-12-31,84.65082550048828,1509,825267446.6400146,35
NKE,2023-12-31,102.68267059326172,1509,810419139.3672943,36
PEP,2023-12-31,155.21194458007812,1509,807505187.4389648,37
SMCI,2023-12-31,28.426000595092773,1509,803750251.5106201,38
CSCO,2023-12-31,47.01193618774414,1509,791394308.8176727,39
PFE,2023-12-31,24.479944229125977,1509,789544951.143837,40
TMO,2023-12-31,526.4356689453125,1509,781974054.447937,41
TSM,2023-12-31,100.6648406982422,1509,781326029.265213,42
KO,2023-12-31,54.81157302856445,1509,743285491.8197632,43
AMAT,2023-12-31,158.8246612548828,1509,736695610.785675,44
TXN,2023-12-31,158.67886352539062,1509,727524809.1705322,45
INTU,2023-12-31,611.4960327148438,1509,723027510.3149414,46
MCD,2023-12-31,279.4294128417969,1509,711810002.4230957,47
BKNG,2023-12-31,138.9374542236328,1509,708308779.4303894,48
ORCL,2023-12-31,102.14524841308594,1509,696724640.5773163,49
CAT,2023-12-31,285.46099853515625,1509,695301540.9637451,50
C,2023-12-31,47.77865982055664,1509,687380459.3084335,51
MRK,2023-12-31,100.80145263671876,1509,686368789.4649506,52
CMCSA,2023-12-31,37.05778121948242,1509,682078256.5839252,53
NOW,2023-12-31,141.29800415039062,1509,680324612.9150391,54
NEE,2023-12-31,56.43496322631836,1509,667124977.2449493,55
RIVN,2023-12-31,23.459999084472656,537,656779581.3876152,56
SNOW,2023-12-31,199.0,828,652005406.9778442,57
SBUX,2023-12-31,90.03768157958984,1509,647667612.5652313,58
ABBV,2023-12-31,142.1218719482422,1509,642720039.7583008,59
SHOP,2023-12-31,77.9000015258789,1509,627036842.3217773,60
LRCX,2023-12-31,76.6876449584961,1509,624652722.7706909,61
WFC,2023-12-31,46.437686920166016,1509,615371655.7441711,62
XYZ,2023-12-31,77.3499984741211,1509,614661468.8747406,63
BMY,2023-12-31,45.00692367553711,1509,612362708.3656311,64
ABNB,2023-12-31,136.13999938964844,768,610762606.5483093,65
AMGN,2023-12-31,266.880615234375,1509,603656550.4455566,66
GS,2023-12-31,365.5697021484375,1509,602129436.9094849,67
CRWD,2023-12-31,63.83000183105469,1147,592065677.9663086,68
MS,2023-12-31,86.57694244384766,1509,581209970.400238,69
COP,2023-12-31,107.4910659790039,1509,578386654.1366577,70
ASML,2023-12-31,741.1859741210938,1509,575891042.69104,71
VZ,2023-12-31,31.485754013061523,1509,574877275.3715515,72
DHR,2023-12-31,227.94866943359375,1509,573286740.6616211,73
RTX,2023-12-31,80.10421752929688,1509,570357790.4968262,74
LULU,2023-12-31,511.2900085449219,1509,569984330.9371948,75
TMUS,2023-12-31,153.99191284179688,1509,569325451.4198303,76
LIN,2023-12-31,397.7718811035156,1509,551789737.4267578,77
ADI,2023-12-31,190.95762634277344,1509,540377207.9704285,78
GM,2023-12-31,35.027156829833984,1509,535417918.6577797,79
ACN,2023-12-31,333.6220703125,1509,531672085.49194336,80
HUM,2023-12-31,443.1502685546875,1509,529912804.9926758,81
IBM,2023-12-31,151.8782501220703,1509,528041141.4550781,82
ABT,2023-12-31,104.71884155273438,1509,525257358.29467773,83
OXY,2023-12-31,56.95759201049805,1509,520668521.8688965,84
LMT,2023-12-31,424.0051574707031,1509,518600632.0327759,85
SCHW,2023-12-31,66.51150512695312,1509,513048172.1035003,86
MELI,2023-12-31,1571.5400390625,1509,510941029.3457031,87
LOW,2023-12-31,212.12908935546875,1509,503151934.29641724,88
ISRG,2023-12-31,337.3599853515625,1509,502590230.9463501,89
DE,2023-12-31,386.48492431640625,1509,498076379.3045044,90
ENPH,2023-12-31,132.13999938964844,1509,484190052.9876709,91
GE,2023-12-31,100.34706115722656,1509,482915463.6536217,92
UNP,2023-12-31,232.27386474609375,1509,475649951.76239014,93
NEM,2023-12-31,39.537071228027344,1509,473351539.3671036,94
MDT,2023-12-31,75.91358184814453,1509,471125388.2156372,95
ON,2023-12-31,83.52999877929688,1509,465748161.6516113,96
T,2023-12-31,14.59842300415039,1509,463729277.72102356,97
MARA,2023-12-31,23.489999771118164,1509,463082207.77192116,98
MSTR,2023-12-31,63.1619987487793,1509,458062646.692276,99
AXP,2023-12-31,181.6712188720703,1509,456044361.1595154,100
HON,2023-12-31,196.56027221679688,1509,455460527.262352,101
ELV,2023-12-31,451.83880615234375,1509,455335091.37420654,102
SPGI,2023-12-31,408.60589599609375,1509,452497849.6947174,103
AFRM,2023-12-31,49.13999938964844,746,450995542.9148674,104
ROKU,2023-12-31,91.66000366210938,1509,447317495.88165283,105
VRTX,2023-12-31,406.8900146484375,1509,446129295.2850342,106
KLAC,2023-12-31,56.98257064819336,1509,443618474.11727905,107
F,2023-12-31,10.3624267578125,1509,440694390.0592804,108
AAL,2023-12-31,13.739999771118164,1509,435423248.52170944,109
TGT,2023-12-31,129.9111328125,1509,434690532.6854706,110
MRVL,2023-12-31,59.820674896240234,1509,426310103.72543335,111
CMG,2023-12-31,45.739200592041016,1509,424921157.579422,112
CVS,2023-12-31,71.46118927001953,1509,424368605.76400757,113
DXCM,2023-12-31,124.08999633789062,1509,418231687.64533997,114
TJX,2023-12-31,90.84144592285156,1509,413971957.3524475,115
NXPI,2023-12-31,219.7906036376953,1509,408791811.2579346,116
MDLZ,2023-12-31,67.2074966430664,1509,407501364.82696533,117
MDB,2023-12-31,408.8500061035156,1509,401100622.177124,118
GILD,2023-12-31,74.79370880126953,1509,399420594.3576813,119
CI,2023-12-31,285.4390563964844,1509,398379301.6204834,120
MPC,2023-12-31,140.99192810058594,1509,397900704.98428345,121
SNPS,2023-12-31,514.9099731445312,1509,397323945.9686279,122
BLK,2023-12-31,768.3093872070312,1509,397259594.229126,123
SYK,2023-12-31,292.42974853515625,1509,392893153.3691406,124
CCL,2023-12-31,18.342348098754883,1509,387965194.0940857,125
FDX,2023-12-31,193.6119079589844,1509,387740451.20391846,126
SLB,2023-12-31,48.65992736816406,1509,386231586.2751007,127
REGN,2023-12-31,871.09521484375,1509,379752899.2034912,128
ALB,2023-12-31,138.6811065673828,1509,374905120.76568604,129
ANET,2023-12-31,58.877498626708984,1509,374651442.65823364,130
FCX,2023-12-31,41.21186065673828,1509,369995987.26768494,131
VLO,2023-12-31,121.14893341064452,1509,366171467.4873352,132
NVO,2023-12-31,96.05817413330078,1509,365702804.42352295,133
AMT,2023-12-31,197.844970703125,1509,358883754.63027954,134
DASH,2023-12-31,98.88999938964844,769,358417490.38848877,135
SHW,2023-12-31,305.1094055175781,1509,357259292.07839966,136
CB,2023-12-31,220.23880004882812,1509,353206287.8051758,137
BSX,2023-12-31,57.810001373291016,1509,352513459.1823578,138
CHTR,2023-12-31,388.6799926757813,1509,352286028.4423828,139
ETN,2023-12-31,233.48028564453125,1509,351675886.18011475,140
DKNG,2023-12-31,35.25,1117,351453767.5552368,141
CDNS,2023-12-31,272.3699951171875,1509,347590879.41589355,142
EOG,2023-12-31,111.65596771240234,1509,346006088.66119385,143
FSLR,2023-12-31,172.27999877929688,1509,346001723.3596802,144
BDX,2023-12-31,182.0461578369141,1509,345266635.3301239,145
CSX,2023-12-31,33.44921875,1509,344972527.5068283,146
DVN,2023-12-31,42.05573654174805,1509,344414081.77223206,147
DG,2023-12-31,128.15330505371094,1509,344330262.48435974,148
ADP,2023-12-31,219.52874755859375,1509,338699196.56372076,149
DAL,2023-12-31,39.022586822509766,1509,337256949.52106476,150
MCK,2023-12-31,457.9883728027344,1509,337229311.52038574,151
NOC,2023-12-31,449.1168518066406,1509,337091066.8563843,152
PLD,2023-12-31,122.76970672607422,1509,336218633.9454651,153
MCHP,2023-12-31,84.5541763305664,1509,333754887.6060486,154
DDOG,2023-12-31,121.37999725341795,1078,333557240.54107666,155
ORLY,2023-12-31,63.33866882324219,1509,332236268.2342529,156
AZO,2023-12-31,2585.610107421875,1509,330046909.74121094,157
FISV,2023-12-31,132.83999633789062,1509,326195330.1437378,158
WDAY,2023-12-31,276.05999755859375,1509,325770956.33392334,159
PM,2023-12-31,85.06110382080078,1509,321822453.8711548,160
PGR,2023-12-31,145.69989013671875,1509,318677950.9277344,161
MRNA,2023-12-31,99.4499969482422,1274,315691441.8083191,162
RBLX,2023-12-31,45.720001220703125,708,315549154.83322144,163
USB,2023-12-31,38.88069915771485,1509,314918394.5487976,164
FTNT,2023-12-31,58.529998779296875,1509,311164894.41108704,165
BX,2023-12-31,121.2809829711914,1509,306717455.5339813,166
CCI,2023-12-31,100.78594970703124,1509,303463644.3500519,167
ZS,2023-12-31,221.55999755859375,1458,302380501.56173706,168
AZN,2023-12-31,127.7646255493164,1509,299576114.42012787,169
CL,2023-12-31,75.21790313720703,1509,299087050.38414,170
EW,2023-12-31,76.25,1509,297836351.8547058,171
HCA,2023-12-31,265.654052734375,1509,296929758.9302063,172
CME,2023-12-31,191.8531494140625,1509,292975627.734375,173
EL,2023-12-31,139.6136932373047,1509,290006016.5046692,174
PINS,2023-12-31,37.040000915527344,1184,289674174.7338295,175
MNST,2023-12-31,57.61000061035156,1509,288162532.56340027,176
PSX,2023-12-31,122.35284423828124,1509,287812631.8489075,177
MAR,2023-12-31,220.2667999267578,1509,287655301.03302,178
AON,2023-12-31,286.1092224121094,1509,285022242.39501953,179
MRSH,2023-12-31,181.93898010253903,1509,284911669.93255615,180
DELL,2023-12-31,73.43944549560547,1509,283777897.592926,181
SOFI,2023-12-31,9.949999809265137,753,282228918.5371399,182
CVNA,2023-12-31,10.588000297546388,1509,282023222.0968008,183
TEAM,2023-12-31,237.86000061035156,1509,278694199.78637695,184
ULTA,2023-12-31,489.989990234375,1509,278087521.58966064,185
RIOT,2023-12-31,15.470000267028809,1509,277925803.68585587,186
MMM,2023-12-31,85.87406921386719,1509,275286238.7341423,187
MCO,2023-12-31,382.7956848144531,1509,274810792.6010132,188
ZTS,2023-12-31,191.2195281982422,1509,274493072.9408264,189
RCL,2023-12-31,125.92659759521484,1509,269798838.3911133,190
MO,2023-12-31,33.59096908569336,1509,269442374.8861313,191
O,2023-12-31,50.00026321411133,1509,265931364.46704865,192
APD,2023-12-31,256.56146240234375,1509,264282250.40435788,193
ICE,2023-12-31,124.57491302490234,1509,264262558.57429504,194
SNAP,2023-12-31,16.93000030517578,1509,263871014.75548744,195
EQIX,2023-12-31,763.6964111328125,1509,262562263.85498047,196
SO,2023-12-31,64.39802551269531,1509,262339339.25170898,197
TFC,2023-12-31,32.732906341552734,1509,262134663.17424774,198
B,2023-12-31,17.089086532592773,1509,261802882.0947647,199
DHI,2023-12-31,148.0941619873047,1509,261688935.9336853,200
BP,2023-12-31,30.872859954833984,1509,259879788.498497,201
PNC,2023-12-31,141.54225158691406,1509,254153697.53112793,202
DUK,2023-12-31,88.4544906616211,1509,252874138.07487488,203
SPOT,2023-12-31,187.91000366210935,1447,250655079.52423096,204
DLTR,2023-12-31,142.0500030517578,1509,249147011.79351807,205
IQV,2023-12-31,231.3800048828125,1509,248791095.40100098,206
STZ,2023-12-31,228.9928741455078,1509,247492021.47140503,207
HLT,2023-12-31,181.00091552734375,1509,247489715.23132324,208
FANG,2023-12-31,142.7268829345703,1509,247217293.43566895,209
ADSK,2023-12-31,243.47999572753903,1509,246794945.72296143,210
ODFL,2023-12-31,199.6403350830078,1509,246089034.01489258,211
ILMN,2023-12-31,135.4474639892578,1509,245309217.07948685,212
AEP,2023-12-31,74.28195190429688,1509,244376243.74465942,213
ETSY,2023-12-31,81.05000305175781,1509,242988226.59797668,214
VRT,2023-12-31,47.882904052734375,1362,242563815.6074524,215
FIS,2023-12-31,56.52558135986328,1509,242186100.62656403,216
EXPE,2023-12-31,149.93028259277344,1509,241747962.44888306,217
HSY,2023-12-31,172.91015625,1509,241695672.8149414,218
TT,2023-12-31,238.5980529785156,1509,238609695.60928345,219
PCG,2023-12-31,17.730710983276367,1509,238262593.65234375,220
EA,2023-12-31,135.196044921875,1509,237626463.91067505,221
EMR,2023-12-31,93.192138671875,1509,236925278.64761353,222
JCI,2023-12-31,55.67823791503906,1509,236662946.28562927,223
PH,2023-12-31,449.4246826171875,1509,236593662.85858154,224
D,2023-12-31,41.81698989868164,1509,236153755.5091858,225
COF,2023-12-31,126.33995056152344,1509,234670018.11294556,226
HUBS,2023-12-31,580.5399780273438,1509,233321707.2692871,227
ALGN,2023-12-31,274.0,1509,233146579.7088623,228
EBAY,2023-12-31,41.888404846191406,1509,232986342.80223846,229
GD,2023-12-31,246.15701293945312,1509,232943712.25509644,230
HAL,2023-12-31,34.06803894042969,1509,232326701.6292572,231
BIIB,2023-12-31,258.7699890136719,1509,232266134.93041992,232
ROST,2023-12-31,134.97735595703125,1509,232226740.65818787,233
MPWR,2023-12-31,619.1349487304688,1509,230684777.97546387,234
SEDG,2023-12-31,93.5999984741211,1509,230505411.73706055,235
AI,2023-12-31,28.709999084472656,769,229111029.6447754,236
WM,2023-12-31,172.5416717529297,1509,228686318.39675903,237
NCLH,2023-12-31,20.040000915527344,1509,227648307.19323158,238
ROK,2023-12-31,297.9239807128906,1509,226051514.2868042,239
LNG,2023-12-31,166.57681274414062,1509,225394498.45581055,240
IDXX,2023-12-31,555.0499877929688,1509,223514128.54309082,241
TSCO,2023-12-31,41.082332611083984,1509,223476674.00550842,242
WBD,2023-12-31,11.380000114440918,1509,221649859.83462334,243
EXC,2023-12-31,32.66497802734375,1509,221378240.7131195,244
APH,2023-12-31,48.604976654052734,1509,220791019.47631836,245
GIS,2023-12-31,57.30028533935547,1509,220424138.49716187,246
ROP,2023-12-31,535.022705078125,1509,220333143.52874756,247
COR,2023-12-31,201.20437622070312,1509,220197048.29711914,248
A,2023-12-31,136.39520263671875,1509,219933725.48332214,249
VEEV,2023-12-31,192.52000427246097,1509,219804348.26278687,250
TTWO,2023-12-31,160.9499969482422,1509,218170365.45410156,251
WELL,2023-12-31,85.97258758544922,1509,215685168.3139801,252
NSC,2023-12-31,224.31166076660156,1509,214887535.19744873,253
KDP,2023-12-31,30.751863479614254,1509,214301043.61133575,254
VRSK,2023-12-31,234.6009521484375,1509,213491113.92211914,255
DPZ,2023-12-31,395.98193359375,1509,212692132.91625977,256
NET,2023-12-31,83.26000213623047,1082,211530376.77669525,257
LHX,2023-12-31,201.0040740966797,1509,211108036.34643555,258
BKR,2023-12-31,32.390533447265625,1509,209679268.2527542,259
DLR,2023-12-31,124.8989486694336,1509,209533973.56300354,260
TRV,2023-12-31,182.6531982421875,1509,208360176.04293823,261
XEL,2023-12-31,56.88278579711914,1509,207072863.0001068,262
CARR,2023-12-31,55.75719451904297,953,206931892.0326233,263
PBR,2023-12-31,12.089136123657228,1509,206558268.0630684,264
CELH,2023-12-31,54.52000045776367,1509,206134292.0135498,265
PSA,2023-12-31,276.0450744628906,1509,205797176.3557434,266
LEN,2023-12-31,137.8755645751953,1509,205546630.22063828,267
CNC,2023-12-31,74.20999908447266,1509,205488986.66381836,268
DECK,2023-12-31,111.40499877929688,1509,202267639.90859985,269
MET,2023-12-31,61.41072845458984,1509,201559839.19944763,270
KKR,2023-12-31,81.56002807617188,1509,201122600.26931763,271
ZM,2023-12-31,71.91000366210938,1184,201001352.1621704,272
PWR,2023-12-31,215.19480895996097,1509,200822294.00787354,273
OKE,2023-12-31,61.942909240722656,1509,199148335.603714,274
KHC,2023-12-31,32.15790557861328,1509,197298108.92457962,275
CRH,2023-12-31,67.05294799804688,1509,196428545.19004822,276
KMI,2023-12-31,15.661523818969728,1509,196222768.37716103,277
LVS,2023-12-31,46.82543182373047,1509,195945091.27750397,278
SRE,2023-12-31,69.15606689453125,1509,193993857.6335907,279
JBL,2023-12-31,126.77633666992188,1509,193769786.90567017,280
APO,2023-12-31,89.79785919189453,1509,193122205.43670654,281
CCJ,2023-12-31,42.932586669921875,1509,191954553.04203033,282
NUE,2023-12-31,167.775390625,1509,191025651.39923096,283
ADM,2023-12-31,66.14899444580078,1509,190560679.3106079,284
BLDR,2023-12-31,166.94000244140625,1509,190047905.2848816,285
FAST,2023-12-31,30.678279876708984,1509,189051310.64281464,286
BURL,2023-12-31,194.47999572753903,1509,187990390.5807495,287
KMB,2023-12-31,109.73194122314452,1509,187460100.3692627,288
APTV,2023-12-31,89.72000122070312,1509,187241196.7147827,289
CPRT,2023-12-31,49.0,1509,186943825.42057037,290
W,2023-12-31,61.70000076293945,1509,186315231.32362366,291
PPG,2023-12-31,140.9849395751953,1509,185783732.447052,292
PAYX,2023-12-31,109.51520538330078,1509,185506572.69439697,293
UPST,2023-12-31,40.86000061035156,764,185380787.31651306,294
NU,2023-12-31,8.329999923706055,517,184472327.5469303,295
GWW,2023-12-31,811.6719360351562,1509,184147107.6171875,296
HPQ,2023-12-31,27.09738540649414,1509,183291324.06892776,297
IT,2023-12-31,451.1099853515625,1509,183111698.35968018,298
WDC,2023-12-31,39.40387344360352,1509,183029726.15520096,299
MGM,2023-12-31,44.68000030517578,1509,182495774.44725037,300
AIG,2023-12-31,64.13520050048828,1509,182415370.2539444,301
PODD,2023-12-31,216.97999572753903,1509,181548666.36657715,302
EQT,2023-12-31,37.316162109375,1509,179812547.65033722,303
MSI,2023-12-31,304.898681640625,1509,179668158.17260742,304
CTSH,2023-12-31,72.26883697509766,1509,179490982.4569702,305
BILL,2023-12-31,81.58999633789062,1019,179444649.64790344,306
FERG,2023-12-31,185.4003143310547,1509,178770643.64242554,307
WMB,2023-12-31,31.756494522094727,1509,178549992.48962402,308
DD,2023-12-31,91.98699188232422,1509,178351628.77404785,309
AJG,2023-12-31,219.5607452392578,1509,178347451.12075806,310
CEG,2023-12-31,115.1039581298828,490,178226717.03033447,311
RMD,2023-12-31,168.03407287597656,1509,177848307.95211792,312
PCAR,2023-12-31,90.95682525634766,1509,177281853.95812988,313
CNQ,2023-12-31,29.867536544799805,1509,177019106.91261292,314
LUV,2023-12-31,27.383913040161133,1509,176246584.8312378,315
CTAS,2023-12-31,147.50511169433594,1509,175055297.2869873,316
TEL,2023-12-31,135.51785278320312,1509,172721831.2549591,317
BNY,2023-12-31,49.07028579711914,1509,170857477.40478516,318
ECL,2023-12-31,193.3811798095703,1509,170061337.9776001,319
GPN,2023-12-31,123.49876403808594,1509,169826657.09877014,320
OKTA,2023-12-31,90.52999877929688,1509,169545289.2097473,321
KEYS,2023-12-31,159.08999633789062,1509,169232479.25720215,322
KR,2023-12-31,43.32699966430664,1509,168299828.53546143,323
FICO,2023-12-31,1164.010009765625,1509,168258437.17041016,324
CAH,2023-12-31,97.2775650024414,1509,168219068.58558655,325
EFX,2023-12-31,242.3995361328125,1509,168118015.43426514,326
YUM,2023-12-31,124.49164581298828,1509,168086161.19995117,327
CLX,2023-12-31,129.8802490234375,1509,167759052.26211548,328
RSG,2023-12-31,160.42654418945312,1509,166709600.41503906,329
IR,2023-12-31,77.15908813476562,1509,166593623.31199646,330
MTCH,2023-12-31,35.045040130615234,1509,166140110.02664566,331
WYNN,2023-12-31,88.82551574707031,1509,165807875.14762878,332
TDG,2023-12-31,896.4923095703125,1509,164504853.90930176,333
ZBH,2023-12-31,118.84220123291016,1509,163990309.85488892,334
RIO,2023-12-31,63.66858673095703,1509,163956483.4022522,335
VICI,2023-12-31,27.55039405822754,1509,163180912.7626419,336
AFL,2023-12-31,78.20051574707031,1509,163132373.7258911,337
SBAC,2023-12-31,240.9239196777344,1509,163074740.69366455,338
ALL,2023-12-31,133.0944061279297,1509,163030410.92567444,339
MSCI,2023-12-31,547.9953002929688,1509,162562280.05065918,340
SYY,2023-12-31,67.81258392333984,1509,162006121.50421143,341
CP,2023-12-31,77.70618438720703,1509,159875144.74449158,342
DOW,2023-12-31,47.31177520751953,1205,159731956.54144287,343
PHM,2023-12-31,101.2751693725586,1509,159643761.20948792,344
LYFT,2023-12-31,14.989999771118164,1198,158307025.0465393,345
CTVA,2023-12-31,46.676761627197266,1159,156867668.01261902,346
ED,2023-12-31,83.57818603515625,1509,156779629.81681824,347
PSKY,2023-12-31,14.162412643432615,1509,156069792.7751541,348
GEHC,2023-12-31,76.99815368652344,261,155906473.90213013,349
LYV,2023-12-31,93.5999984741211,1509,154616809.33799744,350
AMC,2023-12-31,6.119999885559082,1509,154610493.5324669,351
RH,2023-12-31,291.4800109863281,1509,153884679.21676636,352
STX,2023-12-31,81.16366577148438,1509,153250157.1609497,353
BBY,2023-12-31,69.21441650390625,1509,152678649.78141785,354
LW,2023-12-31,101.6495590209961,1509,152036489.54696655,355
CHWY,2023-12-31,23.6299991607666,1145,151088164.41869736,356
MTD,2023-12-31,1212.9599609375,1509,149393256.9580078,357
VMC,2023-12-31,222.87820434570312,1509,149023025.440979,358
PPL,2023-12-31,24.96763801574707,1509,148618352.7507782,359
PEG,2023-12-31,56.438961029052734,1509,148183145.64819336,360
CF,2023-12-31,74.97813415527344,1509,147852343.73321533,361
BAX,2023-12-31,36.87028503417969,1509,147753777.45399475,362
AMP,2023-12-31,367.5201721191406,1509,147344263.53759766,363
CSGP,2023-12-31,87.38999938964844,1509,145268799.34043884,364
RUN,2023-12-31,19.6299991607666,1509,145222225.56462288,365
EXPD,2023-12-31,123.52399444580078,1509,145007584.92736816,366
LH,2023-12-31,220.71649169921875,1509,144985824.0661621,367
TD,2023-12-31,58.39979934692383,1509,144248441.23191833,368
CVE,2023-12-31,15.585745811462402,1509,143802034.93213654,369
HBAN,2023-12-31,11.491375923156738,1509,143578995.75071335,370
ETR,2023-12-31,46.7192497253418,1509,142446674.19204712,371
SPG,2023-12-31,126.27617645263672,1509,142291686.70578003,372
WEC,2023-12-31,77.00963592529297,1509,142243671.64230347,373
OTIS,2023-12-31,85.59706115722656,953,140910631.00776672,374
NVR,2023-12-31,7000.4501953125,1509,140000629.39453125,375
HUBB,2023-12-31,318.78326416015625,1509,139963767.59570312,376
MLM,2023-12-31,492.0774230957031,1509,139687714.95513916,377
BMRN,2023-12-31,96.41999816894533,1509,139611889.79415894,378
KEY,2023-12-31,12.791216850280762,1509,139545123.5625267,379
PAYC,2023-12-31,202.4802398681641,1509,139424213.95568848,380
TWLO,2023-12-31,75.87000274658203,1509,139388260.14442444,381
ELF,2023-12-31,144.33999633789062,1509,139020514.51187134,382
ENB,2023-12-31,31.299381256103516,1509,138434516.29657745,383
CMI,2023-12-31,228.001220703125,1509,138345136.29837036,384
FND,2023-12-31,111.55999755859376,1509,138293880.6980133,385
NRG,2023-12-31,49.53494644165039,1509,137935705.1322937,386
TER,2023-12-31,107.5218276977539,1509,137624170.96862793,387
STM,2023-12-31,48.76264572143555,1509,137252685.14671326,388
CRSP,2023-12-31,62.599998474121094,1509,136842962.6197815,389
SJM,2023-12-31,114.62908172607422,1509,136452770.13664246,390
ACGL,2023-12-31,70.62322998046875,1509,136338328.38058472,391
CHD,2023-12-31,91.76907348632812,1509,136327130.97496033,392
ES,2023-12-31,54.945037841796875,1509,135632323.21090698,393
WAT,2023-12-31,329.2300109863281,1509,135114327.33688354,394
AKAM,2023-12-31,118.3499984741211,1509,134876251.52282715,395
AA,2023-12-31,33.07148742675781,1509,134651489.69011307,396
SWKS,2023-12-31,102.74417114257812,1509,134220502.70080566,397
AVTR,2023-12-31,22.829999923706055,1164,134216980.7167053,398
WCN,2023-12-31,146.8936309814453,1509,134040748.17352295,399
WST,2023-12-31,349.5608215332031,1509,132801853.69873047,400
LSCC,2023-12-31,68.98999786376953,1509,132662138.24424744,401
Z,2023-12-31,57.86000061035156,1509,132059649.51972961,402
HPE,2023-12-31,15.94919776916504,1509,131498284.78150368,403
LPLA,2023-12-31,225.32745361328125,1509,131245987.06054688,404
FIVE,2023-12-31,213.16000366210935,1509,130664530.53207397,405
CLF,2023-12-31,20.420000076293945,1509,130492792.15288162,406
NI,2023-12-31,24.59086227416992,1509,130220324.7253418,407
CMS,2023-12-31,53.7047233581543,1509,129595355.82923889,408
M,2023-12-31,18.09237289428711,1509,129457633.26005936,409
LYB,2023-12-31,80.01795959472656,1509,129411841.50810242,410
AME,2023-12-31,162.26036071777344,1509,129217667.14248657,411
TOST,2023-12-31,18.260000228881836,572,128888660.48517227,412
EXR,2023-12-31,143.855712890625,1509,128849785.25085449,413
AWK,2023-12-31,124.21637725830078,1509,128823818.58139038,414
DOCU,2023-12-31,59.45000076293945,1429,128446125.4951477,415
CZR,2023-12-31,46.880001068115234,1509,128319848.98204803,416
CDW,2023-12-31,219.00914001464844,1509,128234436.69204712,417
DTE,2023-12-31,101.31476593017578,1509,127788972.91641235,418
IFF,2023-12-31,76.88383483886719,1509,127505226.63040161,419
EG,2023-12-31,338.47601318359375,1509,127356892.85125732,420
WSM,2023-12-31,97.07997131347656,1509,126907942.06237793,421
FTV,2023-12-31,54.8964729309082,1509,126226497.98889923,422
DKS,2023-12-31,139.00318908691406,1509,126082134.28192139,423
RF,2023-12-31,17.41291046142578,1509,125607790.85760117,424
ICLR,2023-12-31,283.07000732421875,1509,124390498.59695435,425
AEM,2023-12-31,52.655704498291016,1509,124194500.50315857,426
AEE,2023-12-31,67.00885009765625,1509,123981094.8852539,427
CNP,2023-12-31,26.81726837158203,1509,123705437.86640167,428
STLD,2023-12-31,114.11508178710938,1509,123646368.8293457,429
TRU,2023-12-31,67.77645874023438,1509,123557692.00630188,430
SU,2023-12-31,29.5998592376709,1509,122689844.2232132,431
MOH,2023-12-31,361.30999755859375,1509,122186911.22741699,432
DRI,2023-12-31,150.42117309570312,1509,122170839.81170654,433
TROW,2023-12-31,95.33171844482422,1509,121929849.35646057,434
XYL,2023-12-31,110.96326446533205,1509,121653497.48573302,435
FITB,2023-12-31,31.55864715576172,1509,121415284.2095375,436
VFC,2023-12-31,17.799463272094727,1509,120275894.12226677,437
KMX,2023-12-31,76.73999786376953,1509,120209637.17708588,438
CFG,2023-12-31,30.10711669921875,1509,120015497.48659134,439
HIG,2023-12-31,76.9586181640625,1509,119482161.68670654,440
TRGP,2023-12-31,82.2832260131836,1509,119243054.84008789,441
LCID,2023-12-31,42.099998474121094,826,119204132.74362564,442
APA,2023-12-31,32.41905975341797,1509,119173695.03707886,443
GPC,2023-12-31,127.7834014892578,1509,118875876.69868469,444
SYF,2023-12-31,36.40449142456055,1509,118807094.30465698,445
CPNG,2023-12-31,16.190000534057617,707,118501824.34616089,446
CNI,2023-12-31,119.3420639038086,1509,118482497.71156311,447
VST,2023-12-31,37.82285690307617,1509,118449431.56223297,448
TECK,2023-12-31,41.19658660888672,1509,117648684.77592468,449
AR,2023-12-31,22.68000030517578,1509,116897622.64652252,450
EXE,2023-12-31,71.63997650146484,727,116735875.1914978,451
EIX,2023-12-31,62.97629165649414,1509,116365111.36627197,452
NVS,2023-12-31,91.0304718017578,1509,116345368.85795593,453
JBHT,2023-12-31,194.8416290283203,1509,115482223.38180542,454
PATH,2023-12-31,24.84000015258789,679,115292878.34234238,455
PRU,2023-12-31,91.81090545654295,1509,115122070.98388672,456
MNDY,2023-12-31,187.80999755859375,644,115088753.95584106,457
GDDY,2023-12-31,106.16000366210938,1509,114844691.94831848,458
WTW,2023-12-31,233.94525146484375,1509,114799107.71789551,459
CROX,2023-12-31,93.41000366210938,1509,114575068.56842041,460
HDB,2023-12-31,32.762325286865234,1509,114141528.42292786,461
SAIA,2023-12-31,438.2200012207031,1509,113117953.27148438,462
CPAY,2023-12-31,282.6099853515625,1509,113071954.39147948,463
CBRE,2023-12-31,93.08999633789062,1509,112187641.513443,464
GNRC,2023-12-31,129.24000549316406,1509,112073350.74119568,465
ENTG,2023-12-31,118.71371459960938,1509,112045344.62623596,466
DUOL,2023-12-31,226.8500061035156,611,111718462.46185303,467
TSN,2023-12-31,49.39217758178711,1509,111394326.43241882,468
NDAQ,2023-12-31,56.25147247314453,1509,111359359.82322693,469
MOS,2023-12-31,33.01039505004883,1509,111006796.9165802,470
NTAP,2023-12-31,83.70582580566406,1509,110981214.65187073,471
STT,2023-12-31,71.79791259765625,1509,110911476.53160095,472
FE,2023-12-31,33.054954528808594,1509,110800698.57940674,473
QRVO,2023-12-31,112.61000061035156,1509,110751068.65653992,474
IONQ,2023-12-31,12.390000343322754,753,110739219.60906982,475
ONON,2023-12-31,26.969999313354492,577,110662741.32900238,476
POOL,2023-12-31,382.1499938964844,1509,109929098.04077148,477
SAP,2023-12-31,148.7207489013672,1509,109009747.68600464,478
MTB,2023-12-31,127.03627014160156,1509,108419493.20716858,479
XPO,2023-12-31,87.58999633789062,1509,108252290.93933105,480
ALLY,2023-12-31,32.321800231933594,1509,107554502.24342346,481
RACE,2023-12-31,329.80792236328125,1509,106985153.44848633,482
STLA,2023-12-31,20.05607795715332,1509,106946267.17605591,483
CHKP,2023-12-31,152.7899932861328,1509,106933782.63549805,484
KSS,2023-12-31,24.439661026000977,1509,106913617.29493141,485
DT,2023-12-31,54.689998626708984,1112,106853153.65219116,486
GAP,2023-12-31,19.28900718688965,1509,106292667.05389023,487
SRPT,2023-12-31,96.43000030517578,1509,104972432.08198547,488
DGX,2023-12-31,130.76608276367188,1509,104417478.5774231,489
TPR,2023-12-31,34.97603225708008,1509,104416808.31251144,490
OVV,2023-12-31,41.03763198852539,1509,103992222.00336456,491
PENN,2023-12-31,26.020000457763672,1509,103736403.19738388,492
ARE,2023-12-31,110.52946472167967,1509,103714310.88066101,493
DOV,2023-12-31,149.691650390625,1509,103679371.60186768,494
BG,2023-12-31,93.6869888305664,1509,103650827.36854553,495
CNH,2023-12-31,11.370691299438477,1509,102926356.17365837,496
HWM,2023-12-31,53.75759506225586,1509,102643710.11810303,497
ESTC,2023-12-31,112.6999969482422,1317,102604987.01210022,498
EVRG,2023-12-31,47.17467498779297,1509,102449187.61825562,499
EDU,2023-12-31,71.71710968017578,1509,102340481.52198792,500
AES,2023-12-31,17.006267547607422,1509,101355285.30025482,501
LII,2023-12-31,437.30914306640625,1509,101119642.35534668,502
BTI,2023-12-31,24.509904861450195,1509,100761503.61976624,503
IBN,2023-12-31,23.451602935791016,1509,100494731.28566742,504
PTC,2023-12-31,174.9600067138672,1509,100450067.55905151,505
GLW,2023-12-31,28.930843353271484,1509,100439923.38399887,506
ANF,2023-12-31,88.22000122070312,1509,100351039.81704712,507
MKC,2023-12-31,64.0348892211914,1509,100321839.75715637,508
BALL,2023-12-31,55.570526123046875,1509,99487972.43728638,509
DAR,2023-12-31,49.84000015258789,1509,99271505.15556335,510
AER,2023-12-31,72.76950073242188,1509,99184347.79529572,511
VRSN,2023-12-31,202.8822326660156,1509,98561171.10671997,512
ALNY,2023-12-31,191.41000366210935,1509,98412178.14102173,513
INSP,2023-12-31,203.42999267578125,1425,98402606.72073364,514
DVA,2023-12-31,104.76000213623048,1509,97780860.29243469,515
TOL,2023-12-31,100.61182403564452,1509,97498617.67578125,516
WY,2023-12-31,32.11520767211914,1509,97135035.23502348,517
BBWI,2023-12-31,40.135494232177734,1509,97110186.3453865,518
FOXA,2023-12-31,28.795989990234375,1211,96823928.95030975,519
SWK,2023-12-31,88.50843811035156,1509,96527005.44815063,520
FLEX,2023-12-31,22.95403289794922,1509,96443929.89447784,521
ATO,2023-12-31,109.19086456298828,1509,95827548.64273071,522
CCK,2023-12-31,89.41327667236328,1509,95642711.24610901,523
PR,2023-12-31,12.231534004211426,1509,95601260.52503586,524
OC,2023-12-31,141.26821899414062,1509,93850342.31071472,525
WAB,2023-12-31,125.33480834960938,1509,93719819.7921753,526
ZBRA,2023-12-31,273.3299865722656,1509,93398084.33761597,527
YUMC,2023-12-31,40.81209945678711,1509,93330715.19355774,528
XRAY,2023-12-31,33.07006072998047,1509,93182012.7325058,529
CLSK,2023-12-31,11.029999732971191,1509,93044225.26899576,530
WSO,2023-12-31,401.3312683105469,1509,92618648.97155762,531
CAG,2023-12-31,24.474185943603516,1509,92214152.23035812,532
RIG,2023-12-31,6.349999904632568,1509,91915631.35004044,533
FTI,2023-12-31,19.84052467346191,1509,91823323.73924255,534
ALK,2023-12-31,39.06999969482422,1509,91712162.73574829,535
FLG,2023-12-31,30.08094024658203,1509,91583645.53642273,536
EPAM,2023-12-31,297.3399963378906,1509,91382134.40551758,537
EPD,2023-12-31,22.194534301757812,1509,91080000.46348572,538
CPB,2023-12-31,38.12186050415039,1509,90104271.74606323,539
CE,2023-12-31,151.80055236816406,1509,89998982.41882324,540
FDS,2023-12-31,462.5429992675781,1509,89859631.3873291,541
BUD,2023-12-31,61.67757034301758,1509,89754454.86907959,542
KNX,2023-12-31,55.75423431396485,1509,89352871.47712708,543
APP,2023-12-31,39.849998474121094,683,89037504.61578369,544
BJ,2023-12-31,66.66000366210938,1386,88911539.45198059,545
XP,2023-12-31,24.246896743774418,1020,88767016.53862,546
HOOD,2023-12-31,12.739999771118164,610,88715052.21614838,547
RL,2023-12-31,139.3389892578125,1509,88693638.53874207,548
TXT,2023-12-31,80.22989654541016,1509,88689425.36773682,549
GTM,2023-12-31,18.489999771118164,900,88354552.20761299,550
COO,2023-12-31,94.61000061035156,1509,88309226.48620605,551
BN,2023-12-31,26.31717109680176,1509,88076050.81858635,552
AAP,2023-12-31,57.73616790771485,1509,87981563.46130371,553
MANH,2023-12-31,215.32000732421875,1509,87903341.0522461,554
HST,2023-12-31,16.671796798706055,1509,87837778.86939049,555
FCNCA,2023-12-31,1405.0626220703125,1509,87724072.4609375,556
ARRY,2023-12-31,16.799999237060547,807,87417180.92403412,557
ARES,2023-12-31,110.20516967773438,1509,87315516.53862,558
DEO,2023-12-31,134.37948608398438,1509,87314354.59136963,559
CRL,2023-12-31,236.3999938964844,1509,87175305.36956787,560
RRC,2023-12-31,29.7086181640625,1509,87159746.58689499,561
QSR,2023-12-31,71.56905364990234,1509,86951334.82017517,562
BR,2023-12-31,196.91664123535156,1509,86784698.6076355,563
NTRS,2023-12-31,78.59918212890625,1509,86366001.27754211,564
H,2023-12-31,129.11849975585938,1509,86350974.65133667,565
CHRW,2023-12-31,81.71070098876953,1509,86077216.381073,566
AGNC,2023-12-31,6.827818870544434,1509,86019716.97006226,567
THC,2023-12-31,75.56999969482422,1509,86009610.82458496,568
WING,2023-12-31,253.8195343017578,1509,85783349.15390015,569
INCY,2023-12-31,62.790000915527344,1509,85399734.41238403,570
BAH,2023-12-31,121.61783599853516,1509,85142440.28282166,571
RGEN,2023-12-31,179.8000030517578,1509,85018527.62145996,572
TRP,2023-12-31,35.25947189331055,1509,84934861.2827301,573
BIO,2023-12-31,322.8900146484375,1509,84708979.04052734,574
IEX,2023-12-31,208.9408721923828,1509,84531618.33953857,575
UDR,2023-12-31,34.29824447631836,1509,84476170.7400322,576
AXON,2023-12-31,258.3299865722656,1509,84470852.05078125,577
FNV,2023-12-31,108.53094482421876,1509,84441535.74180603,578
FMC,2023-12-31,56.89187240600586,1509,84411176.58500671,579
RNR,2023-12-31,193.2540283203125,1509,84390741.50848389,580
WFRD,2023-12-31,95.151123046875,753,83936243.13163757,581
OMC,2023-12-31,79.26345825195312,1509,83934574.892807,582
HRL,2023-12-31,28.95439720153809,1509,83576667.137146,583
TDY,2023-12-31,446.2900085449219,1509,83550509.40856934,584
STE,2023-12-31,214.9392547607422,1509,83513290.68450929,585
INVH,2023-12-31,31.060213088989254,1509,83450337.56780624,586
MAS,2023-12-31,64.15311431884766,1509,83318818.37539673,587
S,2023-12-31,27.440000534057617,630,83296047.8345871,588
VTR,2023-12-31,46.28899002075195,1509,82794196.25549316,589
NTR,2023-12-31,51.96107864379883,1509,82428077.12173462,590
BCS,2023-12-31,7.261500835418701,1509,82411267.02389717,591
J,2023-12-31,104.87269592285156,1509,82365883.40956116,592
RJF,2023-12-31,107.71599578857422,1509,82000285.86578369,593
IP,2023-12-31,32.47975540161133,1509,81846061.30371094,594
IRM,2023-12-31,64.69904327392578,1509,81731763.03215027,595
FFIV,2023-12-31,178.97999572753906,1509,81651610.18447876,596
TXRH,2023-12-31,117.5970230102539,1509,81518067.22183228,597
SQM,2023-12-31,59.276973724365234,1509,81460864.74685669,598
TDOC,2023-12-31,21.549999237060547,1509,80853756.6482544,599
WHR,2023-12-31,105.6929702758789,1509,80504710.81848145,600
KBR,2023-12-31,53.641632080078125,1509,80440521.9657898,601
ARMK,2023-12-31,27.32552719116211,1509,80375798.28109741,602
DINO,2023-12-31,49.96416091918945,1509,80235869.64454651,603
TKO,2023-12-31,79.92926025390625,1509,79068180.17044067,604
TYL,2023-12-31,418.1199951171875,1509,79010811.5524292,605
PBF,2023-12-31,40.37095642089844,1509,78901832.59067535,606
BF.B,2023-12-31,53.4194450378418,1509,78869280.55095673,607
P,2023-12-31,35.65999984741211,1509,78821658.15582275,608
PEN,2023-12-31,251.5399932861328,1509,78648333.59298706,609
ACLS,2023-12-31,129.69000244140625,1509,78503674.47357178,610
DOC,2023-12-31,16.83623504638672,1509,78487838.02833557,611
MKTX,2023-12-31,281.81451416015625,1509,78458441.66107178,612
GTLS,2023-12-31,136.3300018310547,1509,78264240.49758911,613
PNR,2023-12-31,70.76837921142578,1509,78257284.65461731,614
CPT,2023-12-31,90.2833251953125,1509,78016543.61419678,615
PKG,2023-12-31,153.0459747314453,1509,78002055.32913208,616
BRO,2023-12-31,69.86831665039062,1509,77949485.65750122,617
LNT,2023-12-31,47.16805648803711,1509,77780492.73433685,618
CAR,2023-12-31,177.25999450683594,1509,77624825.93307495,619
HAS,2023-12-31,46.15021133422851,1509,77294767.14859009,620
MKL,2023-12-31,1419.9000244140625,1509,77224782.01904297,621
RMBS,2023-12-31,68.25,1509,76862229.34837341,622
GLOB,2023-12-31,237.97999572753903,1509,76770544.77081299,623
NTNX,2023-12-31,47.689998626708984,1509,76639413.3562088,624
CCEP,2023-12-31,62.56396484375,1509,76289824.84531403,625
BWA,2023-12-31,34.67196273803711,1509,75591994.60067749,626
RY,2023-12-31,94.1998519897461,1509,75149502.26287842,627
ESS,2023-12-31,225.94244384765625,1509,75125939.35852051,628
TAP,2023-12-31,55.97041702270508,1509,75065817.90733337,629
MUSA,2023-12-31,352.3055419921875,1509,74911665.63415527,630
FHN,2023-12-31,13.061180114746094,1509,74693553.00540924,631
PLNT,2023-12-31,73.0,1509,74413366.64524078,632
ZION,2023-12-31,40.32620620727539,1509,74391927.89783478,633
ELS,2023-12-31,65.16532897949219,1509,74110339.92576599,634
TW,2023-12-31,89.99600219726562,1194,73900053.74603271,635
DBX,2023-12-31,29.479999542236328,1453,73807419.83156204,636
HSIC,2023-12-31,75.70999908447266,1509,73754961.70349121,637
JAZZ,2023-12-31,123.0,1509,72522648.86894226,638
MBLY,2023-12-31,43.31999969482422,296,72474044.3151474,639
TTE,2023-12-31,59.50996780395508,1509,72444599.42779541,640
RS,2023-12-31,269.02197265625,1509,72409953.35388184,641
WPM,2023-12-31,48.45663070678711,1509,72408684.42649841,642
ASO,2023-12-31,64.43962097167969,816,71654593.44291687,643
PCTY,2023-12-31,164.85000610351562,1509,71167809.11178589,644
ALLE,2023-12-31,122.9254913330078,1509,71069504.22477722,645
PVH,2023-12-31,121.60674285888672,1509,70953599.59030151,646
NBIX,2023-12-31,131.75999450683594,1509,70634128.1074524,647
LBRDK,2023-12-31,75.45880126953125,1509,70586910.50531769,648
CG,2023-12-31,37.87887954711914,1509,70585474.19929504,649
CSL,2023-12-31,304.153076171875,1509,70562674.14855957,650
MTN,2023-12-31,185.94894409179688,1509,70519456.07147217,651
IBKR,2023-12-31,20.446849822998047,1509,70401409.10186768,652
FIVN,2023-12-31,78.69000244140625,1509,70075694.272995,653
KGC,2023-12-31,5.90337610244751,1509,69862714.69583511,654
GRMN,2023-12-31,123.3064193725586,1509,69702270.56846619,655
IOT,2023-12-31,33.380001068115234,513,69315532.06558228,656
RVTY,2023-12-31,108.57098388671876,1509,69307807.46383667,657
TECH,2023-12-31,76.15065002441406,1509,69043690.07110596,658
JKHY,2023-12-31,157.90982055664062,1509,68949743.8873291,659
MTDR,2023-12-31,53.64679336547851,1509,68883026.37462616,660
BXP,2023-12-31,61.59204864501953,1509,68713333.95938873,661
AEO,2023-12-31,19.484228134155273,1509,68575419.33822632,662
WPC,2023-12-31,56.07593536376953,1509,68365411.04264832,663
WRB,2023-12-31,44.35577774047851,1509,68300016.21522903,664
PFG,2023-12-31,71.92242431640625,1509,68174372.00870514,665
LKQ,2023-12-31,43.96730041503906,1509,67886562.8993988,666
AVY,2023-12-31,192.6044158935547,1509,67878119.35272217,667
AOS,2023-12-31,78.65526580810547,1509,67771595.32279968,668
MDGL,2023-12-31,231.3800048828125,1509,67583081.02111816,669
UBS,2023-12-31,28.427207946777344,1509,67179523.24314117,670
OLLI,2023-12-31,75.88999938964844,1509,66744722.65167236,671
PTEN,2023-12-31,9.720807075500488,1509,66711888.74788284,672
LEA,2023-12-31,131.8136444091797,1509,66433707.00149536,673
ALV,2023-12-31,103.64076232910156,1509,66431092.53501892,674
BNS,2023-12-31,43.3232536315918,1509,66029924.524116516,675
LDOS,2023-12-31,105.3729248046875,1509,65689112.07733154,676
ROL,2023-12-31,42.30396270751953,1509,65614783.6730957,677
WAL,2023-12-31,62.57999038696289,1509,65576130.4567337,678
EQNR,2023-12-31,25.90154266357422,1509,65326777.93188095,679
BEN,2023-12-31,25.66988754272461,1509,65304984.08622741,680
MHK,2023-12-31,103.5,1509,65295706.51397705,681
AGCO,2023-12-31,115.48454284667967,1509,65198421.69761658,682
USFD,2023-12-31,45.40999984741211,1509,65050240.67821503,683
FOUR,2023-12-31,74.33999633789062,899,64979548.09799194,684
GTLB,2023-12-31,62.959999084472656,556,64461321.44088745,685
MTZ,2023-12-31,75.72000122070312,1509,64372050.97999573,686
FLR,2023-12-31,39.16999816894531,1509,64161395.71495056,687
PCOR,2023-12-31,69.22000122070312,658,63882532.35626221,688
SFM,2023-12-31,48.11000061035156,1509,63816785.70766449,689
SGI,2023-12-31,49.81182098388672,1509,63563308.74328613,690
TRMB,2023-12-31,53.20000076293945,1509,63400242.65880585,691
CNM,2023-12-31,40.40999984741211,615,63377467.08097458,692
VTRS,2023-12-31,9.744032859802246,1509,62835957.55915642,693
BOOT,2023-12-31,76.76000213623047,1509,62437758.99581909,694
KNSL,2023-12-31,333.4519348144531,1509,62142835.21270752,695
ARW,2023-12-31,122.25,1509,61848594.11010742,696
VNO,2023-12-31,27.18077850341797,1509,61820425.41208267,697
CUBE,2023-12-31,40.9198112487793,1509,61477982.40890503,698
UHS,2023-12-31,150.83360290527344,1509,61405844.98138428,699
EQH,2023-12-31,31.395263671875,1420,61388639.990615845,700
AN,2023-12-31,150.17999267578125,1509,61259281.286621094,701
FBIN,2023-12-31,72.90753936767578,1509,60751178.77845764,702
REXR,2023-12-31,50.37653732299805,1509,60649591.1151886,703
WSC,2023-12-31,43.7330436706543,1509,60558440.0062561,704
LNTH,2023-12-31,62.0,1509,60283565.55976868,705
BTU,2023-12-31,23.495677947998047,1509,60141797.947883606,706
CASY,2023-12-31,271.5851745605469,1509,59509853.13720703,707
CHRD,2023-12-31,144.93203735351562,1509,59474899.7253418,708
BE,2023-12-31,14.800000190734863,1368,59469038.49649429,709
HSBC,2023-12-31,33.69799041748047,1509,59421711.08760834,710
GEN,2023-12-31,21.7469425201416,1509,59260183.19730759,711
GLPI,2023-12-31,41.909908294677734,1509,59042221.701812744,712
SCCO,2023-12-31,76.51068115234375,1509,58956193.86968994,713
FNF,2023-12-31,44.87464904785156,1509,58927925.59605026,714
GMED,2023-12-31,53.290000915527344,1509,58738427.21424103,715
WCC,2023-12-31,170.05581665039062,1509,58276634.69085693,716
MUR,2023-12-31,38.52092742919922,1509,58246877.628326416,717
AMR,2023-12-31,338.9200134277344,729,57958581.22177124,718
CINF,2023-12-31,97.46715545654295,1509,57904032.99560547,719
AMCR,2023-12-31,43.352176666259766,1509,57631214.96898651,720
PNW,2023-12-31,64.74728393554688,1509,57627662.76817322,721
GL,2023-12-31,118.8655776977539,1509,57460730.86929321,722
CYTK,2023-12-31,83.48999786376953,1509,57408928.691482544,723
NTRA,2023-12-31,62.63999938964844,1509,57247795.13378143,724
TPL,2023-12-31,169.71612548828125,1509,57094053.07846069,725
SNA,2023-12-31,270.2758483886719,1509,56978466.75720215,726
AIZ,2023-12-31,162.14300537109375,1509,56944944.39163208,727
WH,2023-12-31,76.545654296875,1413,56920245.93658447,728
RBA,2023-12-31,65.39257049560547,1509,56862168.33114624,729
NWSA,2023-12-31,24.090953826904297,1509,56806269.28577423,730
SSNC,2023-12-31,59.07048797607422,1509,56788366.728401184,731
MEDP,2023-12-31,306.5299987792969,1509,56768390.173339844,732
QLYS,2023-12-31,196.27999877929688,1509,56620444.84100342,733
EME,2023-12-31,214.18234252929688,1509,56487340.35110474,734
EMN,2023-12-31,81.13715362548828,1509,56485285.317993164,735
AXTA,2023-12-31,33.970001220703125,1509,56346798.79951477,736
RRX,2023-12-31,144.6999969482422,1509,56074850.57296753,737
NLY,2023-12-31,13.82945156097412,1509,55916714.57576752,738
FWONK,2023-12-31,63.130001068115234,1509,55640751.53217316,739
IVZ,2023-12-31,15.992772102355955,1509,55623424.98893738,740
FMX,2023-12-31,118.98225402832033,1509,55529852.865219116,741
BCE,2023-12-31,32.670127868652344,1509,55502615.19832611,742
CPRI,2023-12-31,50.2400016784668,1509,55442191.07608795,743
REG,2023-12-31,60.628273010253906,1509,55329473.48175049,744
ALC,2023-12-31,77.21519470214844,1191,55229296.601486206,745
NOV,2023-12-31,18.92737197875977,1509,55227519.0533638,746
ELAN,2023-12-31,14.899999618530272,1328,55028318.87087822,747
NVST,2023-12-31,24.059999465942383,1079,54996028.05681229,748
KBH,2023-12-31,60.054534912109375,1509,54621805.20439148,749
GPK,2023-12-31,23.27836227416992,1509,54530229.99095917,750
CHH,2023-12-31,110.55575561523438,1509,54499930.811309814,751
CNX,2023-12-31,20.0,1509,54171671.03776932,752
CIEN,2023-12-31,45.0099983215332,1509,54048046.39034271,753
HII,2023-12-31,246.5608367919922,1509,53972670.30105591,754
FIX,2023-12-31,204.06173706054688,1509,53960072.22061157,755
CRBG,2023-12-31,19.947521209716797,324,53890395.75519562,756
ATI,2023-12-31,45.470001220703125,1509,53800007.96585083,757
ST,2023-12-31,36.23903274536133,1509,53685320.12882233,758
NVT,2023-12-31,57.604469299316406,1432,53459590.88573456,759
TGTX,2023-12-31,17.079999923706055,1509,53420722.61323929,760
RPRX,2023-12-31,26.31910514831543,892,53306767.444229126,761
STNE,2023-12-31,14.894887924194336,1303,53169032.0101738,762
WMS,2023-12-31,138.97166442871094,1509,52519001.11541748,763
EWBC,2023-12-31,67.39694213867188,1509,52501512.243652344,764
WEX,2023-12-31,194.5500030517578,1509,52500054.35028076,765
PFGC,2023-12-31,69.1500015258789,1509,52463394.37828064,766
GME,2023-12-31,17.530000686645508,1509,52456161.67001724,767
PTON,2023-12-31,6.090000152587891,1073,52368800.50868988,768
RPM,2023-12-31,106.75149536132812,1509,52301429.303359985,769
ONTO,2023-12-31,152.89999389648438,1051,52282849.782562256,770
DOX,2023-12-31,82.18292236328125,1509,52181361.54937744,771
MIDD,2023-12-31,118.39903259277344,1509,52156933.21078491,772
TREX,2023-12-31,82.79000091552734,1509,52125262.04547882,773
BRBR,2023-12-31,55.43000030517578,1057,51793006.13670349,774
URBN,2023-12-31,35.689998626708984,1509,51766386.90490723,775
HEI,2023-12-31,178.40306091308594,1509,51489868.478393555,776
MKSI,2023-12-31,101.10301208496094,1509,51339447.2946167,777
TFX,2023-12-31,243.6833648681641,1509,51131823.5168457,778
OLN,2023-12-31,50.44778823852539,1509,51042796.4509964,779
NNN,2023-12-31,37.49366760253906,1509,50825346.326828,780
BMO,2023-12-31,90.39938354492188,1509,50679561.17248535,781
COLD,2023-12-31,26.558061599731445,1497,50549716.51182175,782
OPCH,2023-12-31,33.689998626708984,1509,50459570.842552185,783
MAT,2023-12-31,18.8799991607666,1509,50332680.29670715,784
COHR,2023-12-31,43.529998779296875,1509,50308701.29585266,785
VSXY,2023-12-31,26.540000915527344,616,50189060.630607605,786
ALKS,2023-12-31,27.739999771118164,1509,50088397.126197815,787
YETI,2023-12-31,51.779998779296875,1303,50083251.836586,788
NYT,2023-12-31,47.48550033569336,1509,49969415.17486572,789
ACM,2023-12-31,89.68003845214844,1509,49866983.64715576,790
TDW,2023-12-31,72.11000061035156,1509,49844709.297561646,791
SHLS,2023-12-31,15.539999961853027,736,49823277.11191177,792
HRB,2023-12-31,44.6008415222168,1509,49618972.42889404,793
BC,2023-12-31,91.17195892333984,1509,49493835.42556763,794
FRT,2023-12-31,92.65398406982422,1509,49358225.21057129,795
COTY,2023-12-31,12.420000076293944,1509,49306902.71401405,796
OWL,2023-12-31,13.17188549041748,766,49306115.4417038,797
UNM,2023-12-31,42.41452407836914,1509,49268283.16383362,798
VVV,2023-12-31,37.58000183105469,1509,49247313.01774979,799
VAC,2023-12-31,76.48026275634766,1509,49089135.54267883,800
GWRE,2023-12-31,109.04000091552734,1509,48917928.931427,801
FN,2023-12-31,190.3300018310547,1509,48891009.36584473,802
DXC,2023-12-31,22.8700008392334,1509,48890752.686309814,803
AYI,2023-12-31,203.6145477294922,1509,48626428.090667725,804
LAD,2023-12-31,323.2896728515625,1509,48611889.63012695,805
SCI,2023-12-31,65.71330261230469,1509,48587304.7958374,806
PII,2023-12-31,85.0888442993164,1509,48472639.77394104,807
OHI,2023-12-31,25.68243408203125,1509,48249942.580127716,808
POST,2023-12-31,88.05999755859375,1509,48162852.05383301,809
LITE,2023-12-31,52.41999816894531,1509,48033117.59185791,810
CM,2023-12-31,44.213157653808594,1509,48012593.68600845,811
BSY,2023-12-31,51.41977310180664,823,47792687.26520538,812
UAA,2023-12-31,8.789999961853027,1509,47691365.088653564,813
SIRI,2023-12-31,49.29113006591797,1509,47460158.24069977,814
NE,2023-12-31,41.72074890136719,645,47313390.21320343,815
WIX,2023-12-31,123.0199966430664,1509,47077665.15274048,816
STNG,2023-12-31,56.983524322509766,1509,46993607.56454468,817
OGN,2023-12-31,13.181692123413086,662,46991024.7341156,818
ACI,2023-12-31,21.39423179626465,884,46893568.38245392,819
RHI,2023-12-31,76.61170196533203,1509,46881476.92108154,820
ROIV,2023-12-31,11.229999542236328,770,46769707.51657486,821
TM,2023-12-31,175.2821502685547,1509,46605618.28765869,822
ASND,2023-12-31,125.9499969482422,1509,46492207.25479126,823
RVMD,2023-12-31,28.68000030517578,977,46134655.0948143,824
CHPT,2023-12-31,46.79999923706055,1081,46064659.52284813,825
SIG,2023-12-31,104.1031265258789,1509,45801166.07208252,826
ASAN,2023-12-31,19.010000228881836,818,45700296.714782715,827
OSK,2023-12-31,103.94510650634766,1509,45678896.53015137,828
SLG,2023-12-31,39.66031265258789,1509,45575397.35584259,829
WTRG,2023-12-31,34.24593734741211,1509,45546861.89365387,830
BYD,2023-12-31,61.06328201293945,1509,45485168.02330017,831
ATKR,2023-12-31,153.65020751953125,1509,45421513.817596436,832
GGG,2023-12-31,84.03946685791016,1509,45248118.0480957,833
SM,2023-12-31,35.964141845703125,1509,45156484.44442749,834
PAAS,2023-12-31,15.737279891967772,1509,45144946.87581062,835
ABR,2023-12-31,11.126117706298828,1509,44966079.594278336,836
FRO,2023-12-31,16.615346908569336,1509,44893325.35715103,837
L,2023-12-31,69.09976959228516,1509,44828971.72164917,838
TTEK,2023-12-31,32.821434020996094,1509,44784922.857284546,839
CNR,2023-12-31,99.31197357177734,1509,44737984.20715332,840
OGE,2023-12-31,31.2186222076416,1509,44668824.15294647,841
MP,2023-12-31,19.850000381469727,888,44665153.02324295,842
CLH,2023-12-31,174.50999450683594,1509,44621096.84753418,843
VAL,2023-12-31,68.56999969482422,671,44600359.382247925,844
MGA,2023-12-31,53.76433944702149,1509,44544089.62516785,845
IMVT,2023-12-31,42.130001068115234,1140,44536563.00506592,846
THO,2023-12-31,111.84847259521484,1509,44274280.755615234,847
LECO,2023-12-31,210.08316040039065,1509,43865109.58251953,848
CLS,2023-12-31,29.280000686645508,1509,43864871.20923996,849
VRNS,2023-12-31,45.279998779296875,1509,43784063.89579773,850
CNK,2023-12-31,13.83103370666504,1509,43747468.90926361,851
LBRT,2023-12-31,17.346355438232422,1502,43664689.07546997,852
BRKR,2023-12-31,72.72833251953125,1509,43629750.817108154,853
MFC,2023-12-31,20.332290649414062,1509,43542246.45614624,854
SYM,2023-12-31,51.33000183105469,709,43424491.30554199,855
OLED,2023-12-31,185.1241455078125,1509,43233617.73223877,856
MT,2023-12-31,27.278345108032227,1509,43041571.794605255,857
BRX,2023-12-31,20.614599227905273,1509,42978137.457084656,858
EXEL,2023-12-31,23.989999771118164,1509,42863195.68653107,859
HQY,2023-12-31,66.30000305175781,1509,42800952.75764465,860
SITE,2023-12-31,162.5,1509,42785618.687820435,861
ENVX,2023-12-31,12.520000457763672,752,42768531.12945557,862
TTC,2023-12-31,91.67967224121094,1509,42665322.25074768,863
JLL,2023-12-31,188.8699951171875,1509,42597201.095581055,864
RGA,2023-12-31,154.7088165283203,1509,42496541.39404297,865
CMC,2023-12-31,48.28363037109375,1509,42295168.6542511,866
ADC,2023-12-31,56.446922302246094,1509,42080151.730155945,867
EGP,2023-12-31,169.23838806152344,1509,42076458.142089844,868
WBS,2023-12-31,47.17683029174805,1509,42012581.14967346,869
NOG,2023-12-31,31.888397216796875,1509,41724624.05433655,870
TEX,2023-12-31,55.61655807495117,1509,41412323.9906311,871
QGEN,2023-12-31,42.86075210571289,1509,41239547.269599915,872
SLAB,2023-12-31,132.27000427246094,1509,41070677.601623535,873
FRSH,2023-12-31,23.489999771118164,572,40870796.953201294,874
BAM,2023-12-31,36.823272705078125,271,40758858.008384705,875
UEC,2023-12-31,6.400000095367432,1509,40747829.17973995,876
DV,2023-12-31,36.779998779296875,679,40586776.01070404,877
SHAK,2023-12-31,74.12000274658203,1509,40245880.839920044,878
PRGO,2023-12-31,28.53647804260254,1509,40201812.160778046,879
AU,2023-12-31,16.87299346923828,1509,40111192.138671875,880
BXMT,2023-12-31,16.276601791381836,1509,39825731.02092743,881
GT,2023-12-31,14.31999969482422,1509,39809646.129989624,882
MGY,2023-12-31,20.050222396850582,1509,39750436.44132614,883
TRI,2023-12-31,137.96482849121094,1509,39743663.66996765,884
SPB,2023-12-31,74.9728775024414,1509,39678752.17514038,885
NTLA,2023-12-31,30.489999771118164,1509,39646226.29318237,886
WU,2023-12-31,9.387449264526367,1509,39644586.301231384,887
INMD,2023-12-31,22.239999771118164,1107,39603288.14163208,888
HR,2023-12-31,14.537191390991213,1509,39595085.736989975,889
GLBE,2023-12-31,39.630001068115234,664,39558964.08805847,890
NDSN,2023-12-31,255.76820373535156,1509,39423852.34375,891
BZ,2023-12-31,16.493972778320312,643,39387235.97784042,892
CGNX,2023-12-31,40.946502685546875,1509,39339054.38785553,893
PSN,2023-12-31,62.709999084472656,1171,39278169.815826416,894
MTH,2023-12-31,82.35309600830078,1509,39269982.60650635,895
EXP,2023-12-31,200.61170959472656,1509,39268190.63796997,896
CHE,2023-12-31,578.7317504882812,1509,39247198.864746094,897
WLK,2023-12-31,132.87579345703125,1509,39187015.08178711,898
LPX,2023-12-31,68.60498809814453,1509,39182323.35472107,899
AXSM,2023-12-31,79.58999633789062,1509,38879183.223724365,900
RGLD,2023-12-31,117.41327667236328,1509,38843557.77549744,901
LNC,2023-12-31,23.284685134887695,1509,38768368.861198425,902
FSLY,2023-12-31,17.799999237060547,1164,38464505.77497482,903
WWD,2023-12-31,134.37696838378906,1509,38409821.058654785,904
SNX,2023-12-31,104.1029281616211,1509,38388688.88626099,905
CRI,2023-12-31,67.24253845214844,1509,38297365.435028076,906
ITT,2023-12-31,116.7075653076172,1509,38227155.06858826,907
FCN,2023-12-31,199.1499938964844,1509,38113365.65628052,908
BOX,2023-12-31,25.61000061035156,1509,38109615.40002823,909
TXG,2023-12-31,55.959999084472656,1083,38103875.68740845,910
AMN,2023-12-31,74.87999725341797,1509,38026676.38549805,911
CLVT,2023-12-31,9.260000228881836,1301,37940196.979403496,912
TMHC,2023-12-31,53.349998474121094,1509,37871413.98639679,913
GH,2023-12-31,27.049999237060547,1318,37834188.03977966,914
VOYA,2023-12-31,68.59933471679688,1509,37832122.755622864,915
CRK,2023-12-31,8.850000381469727,1509,37808772.97086716,916
MORN,2023-12-31,280.5178527832031,1509,37789673.70605469,917
FR,2023-12-31,48.63691711425781,1509,37784786.44485474,918
WMG,2023-12-31,33.77571487426758,901,37771387.64877319,919
EAT,2023-12-31,43.18000030517578,1509,37619127.216911316,920
WEN,2023-12-31,16.73190689086914,1509,37546823.802137375,921
BBIO,2023-12-31,40.369998931884766,1136,37391499.99103546,922
GFL,2023-12-31,34.41133499145508,965,37335508.028793335,923
GNTX,2023-12-31,31.05651092529297,1509,37172556.49738312,924
HUN,2023-12-31,22.173887252807617,1509,37052606.54478073,925
BWXT,2023-12-31,75.23049926757812,1509,36819133.94165039,926
HTZ,2023-12-31,10.390000343322754,629,36549970.3813076,927
EHC,2023-12-31,65.56329345703125,1509,36528050.98648071,928
BBBY,2023-12-31,27.690000534057617,1509,36477360.72969437,929
BRZE,2023-12-31,53.130001068115234,532,36403904.79545593,930
CALY,2023-12-31,14.34000015258789,1509,36330774.10202026,931
RHP,2023-12-31,98.25527954101562,1509,36157427.742385864,932
FRPT,2023-12-31,86.76000213623047,1509,35842241.08276367,933
HOG,2023-12-31,34.49153518676758,1509,35811834.11445618,934
TRIP,2023-12-31,21.530000686645508,1509,35757117.970466614,935
LSTR,2023-12-31,182.47178649902344,1509,35660505.097961426,936
KRG,2023-12-31,19.990907669067383,1509,35518496.69570923,937
BHVN,2023-12-31,42.79999923706055,319,35460863.09480667,938
APPF,2023-12-31,173.24000549316406,1509,35324237.87231445,939
CFR,2023-12-31,100.37152099609376,1509,35283383.838653564,940
SAM,2023-12-31,345.5899963378906,1509,35119025.75683594,941
LAMR,2023-12-31,94.0181884765625,1509,35057154.8992157,942
G,2023-12-31,33.403221130371094,1509,35052655.10520935,943
PZZA,2023-12-31,68.55101776123047,1509,34971359.263420105,944
LBTYK,2023-12-31,9.759161949157717,1509,34942495.36111593,945
INSM,2023-12-31,30.989999771118164,1509,34808905.29212952,946
POR,2023-12-31,38.68268585205078,1509,34795300.062942505,947
ATR,2023-12-31,119.72708129882812,1509,34754744.33822632,948
CHDN,2023-12-31,134.01824951171875,1509,34628775.24147034,949
ACHC,2023-12-31,77.76000213623047,1509,34622115.254211426,950
WK,2023-12-31,101.52999877929688,1509,34601768.21022034,951
MSM,2023-12-31,90.99860382080078,1509,34481338.943481445,952
STAG,2023-12-31,35.448692321777344,1509,34354943.47496033,953
EXTR,2023-12-31,17.639999389648438,1509,34352887.09745407,954
CX,2023-12-31,7.584401130676269,1509,34340230.15060425,955
STWD,2023-12-31,16.31138801574707,1509,34239410.41622162,956
FOX,2023-12-31,26.765535354614254,1210,34222299.6213913,957
ZWS,2023-12-31,28.72016716003418,1509,34216568.081474304,958
UGI,2023-12-31,21.73028564453125,1509,34206478.92751694,959
EEFT,2023-12-31,101.48999786376952,1509,34132142.988586426,960
CNMD,2023-12-31,107.18507385253906,1509,33923973.16741943,961
RBC,2023-12-31,284.8900146484375,1509,33906473.76022339,962
AGL,2023-12-31,313.75,683,33892140.0,963
HLI,2023-12-31,115.55913543701172,1509,33768456.76574707,964
BEAM,2023-12-31,27.219999313354492,982,33757099.78084564,965
BROS,2023-12-31,31.670000076293945,577,33665516.22686386,966
DOCS,2023-12-31,28.040000915527344,634,33618945.902729034,967
PACB,2023-12-31,9.8100004196167,1509,33475125.466108322,968
APG,2023-12-31,23.066667556762695,925,33431067.41580963,969
SSD,2023-12-31,194.47654724121097,1509,33333045.40939331,970
GXO,2023-12-31,61.15999984741211,615,33316600.443267822,971
VMI,2023-12-31,228.8876037597656,1509,33305197.229766846,972
RPD,2023-12-31,57.099998474121094,1509,33281341.953277588,973
NUVL,2023-12-31,73.58999633789062,610,33262921.112823486,974
GKOS,2023-12-31,79.48999786376953,1509,33227667.601776123,975
JEF,2023-12-31,37.79365921020508,1509,33159985.208892822,976
RNG,2023-12-31,33.83763885498047,1509,33113541.9836998,977
TENB,2023-12-31,46.060001373291016,1367,33052545.375823975,978
AIT,2023-12-31,169.62864685058594,1509,32928793.350219727,979
TMDX,2023-12-31,78.93000030517578,1175,32852130.197906494,980
TKR,2023-12-31,76.93916320800781,1509,32794850.714492798,981
NXST,2023-12-31,141.82786560058594,1509,32781631.58493042,982
CBRL,2023-12-31,70.73389434814453,1509,32757983.907699585,983
AGI,2023-12-31,13.336377143859863,1509,32629761.564540863,984
ASH,2023-12-31,79.2505874633789,1509,32550246.800994873,985
RELY,2023-12-31,19.420000076293945,571,32546612.14237213,986
CALM,2023-12-31,49.760440826416016,1509,32532445.221710205,987
TDC,2023-12-31,43.5099983215332,1509,32450486.97052002,988
SMG,2023-12-31,57.37936782836914,1509,32383438.276290894,989
ORA,2023-12-31,74.70880889892578,1509,32201379.29611206,990
FLYW,2023-12-31,23.149999618530273,654,32126600.533485413,991
OMF,2023-12-31,40.43058395385742,1509,31920898.170280457,992
ABG,2023-12-31,224.97000122070312,1509,31507067.877960205,993
QDEL,2023-12-31,73.69999694824219,1509,31454419.93560791,994
AX,2023-12-31,54.599998474121094,1509,31440722.28012085,995
SAIC,2023-12-31,119.98045349121094,1509,31378964.57633972,996
HXL,2023-12-31,71.95439910888672,1509,31347690.853881836,997
HCC,2023-12-31,59.67230224609375,1509,31190912.95108795,998
JOBY,2023-12-31,6.650000095367432,790,31145364.315986633,999
SYNA,2023-12-31,114.08000183105467,1509,31105970.238494873,1000
ARCB,2023-12-31,118.66819763183594,1509,31040112.841415405,1001
AFG,2023-12-31,102.11109161376952,1509,30923759.928894043,1002
KRYS,2023-12-31,124.05999755859376,1509,30844689.307403564,1003
PAGS,2023-12-31,11.81757926940918,1494,30773893.31829548,1004
ACAD,2023-12-31,31.309999465942383,1509,30728529.07962799,1005
SPT,2023-12-31,61.439998626708984,1018,30725454.99458313,1006
CACI,2023-12-31,323.8599853515625,1509,30584941.65649414,1007
BMBL,2023-12-31,14.739999771118164,726,30536706.344747543,1008
EVR,2023-12-31,165.76730346679688,1509,30510668.85986328,1009
QS,2023-12-31,6.949999809265137,849,30509289.020085335,1010
SDRL,2023-12-31,47.279998779296875,304,30494559.38873291,1011
HALO,2023-12-31,36.959999084472656,1509,30456336.20109558,1012
MOD,2023-12-31,59.70000076293945,1509,30440643.354034424,1013
RARE,2023-12-31,47.81999969482422,1509,30426712.152671814,1014
HE,2023-12-31,14.1899995803833,1509,30425847.19891548,1015
GPI,2023-12-31,300.59326171875,1509,30401009.45739746,1016
SGML,2023-12-31,31.530000686645508,1383,30359558.470249176,1017
TFII,2023-12-31,131.94773864746094,1509,30318347.02949524,1018
PNFP,2023-12-31,84.67407989501953,1509,30313086.067962646,1019
LRN,2023-12-31,59.369998931884766,1509,30243526.611328125,1020
KOS,2023-12-31,6.710000038146973,1509,30177720.579767227,1021
TNDM,2023-12-31,29.579999923706055,1509,30157626.0761261,1022
MTSI,2023-12-31,92.9499969482422,1509,30088434.04273987,1023
ADNT,2023-12-31,36.36000061035156,1509,30085983.15181732,1024
PBA,2023-12-31,31.102235794067383,1509,30000550.62789917,1025
HMC,2023-12-31,28.949481964111328,1509,29970255.06362915,1026
AVAV,2023-12-31,126.04000091552734,1509,29913372.802734375,1027
AG,2023-12-31,6.111270427703857,1509,29784320.640015602,1028
UFPI,2023-12-31,121.4881820678711,1509,29778645.444869995,1029
SMTC,2023-12-31,21.90999984741211,1509,29766528.277778625,1030
FLS,2023-12-31,39.695777893066406,1509,29741928.65638733,1031
IOVA,2023-12-31,8.130000114440918,1509,29693116.284644604,1032
DTM,2023-12-31,50.38682556152344,629,29680827.953338623,1033
NXE,2023-12-31,7.0,1509,29666199.929642677,1034
MLTX,2023-12-31,60.38999938964844,804,29662210.956954956,1035
YPF,2023-12-31,17.190000534057617,1509,29623250.255584717,1036
SF,2023-12-31,44.044166564941406,1509,29605454.340076447,1037
FUBO,2023-12-31,38.15999984741211,1200,29557159.771831512,1038
PLAY,2023-12-31,53.849998474121094,1509,29528095.85132599,1039
CRUS,2023-12-31,83.19000244140625,1509,29501490.59677124,1040
CNXC,2023-12-31,91.62810516357422,779,29429574.612808228,1041
VC,2023-12-31,123.39513397216795,1509,29386504.07447815,1042
TRNO,2023-12-31,57.83536911010742,1509,29343064.61544037,1043
PB,2023-12-31,62.22212600708008,1509,29319228.60031128,1044
PAG,2023-12-31,149.00881958007812,1509,29300111.164855957,1045
R,2023-12-31,109.2585220336914,1509,29022891.08314514,1046
CRS,2023-12-31,69.86617279052734,1509,28988905.604553223,1047
DDS,2023-12-31,363.5998229980469,1509,28928628.088378906,1048
OZK,2023-12-31,45.33974838256836,1509,28890678.018951416,1049
ALSN,2023-12-31,56.527706146240234,1509,28758717.52681732,1050
IBP,2023-12-31,175.60621643066406,1509,28726138.18588257,1051
WTFC,2023-12-31,89.03910064697266,1509,28718526.349258423,1052
PCVX,2023-12-31,62.79999923706055,894,28713529.62989807,1053
KEX,2023-12-31,78.4800033569336,1509,28670086.01913452,1054
LOGI,2023-12-31,92.23779296875,1509,28608932.928848267,1055
DOCN,2023-12-31,36.689998626708984,698,28562229.60834503,1056
HGV,2023-12-31,40.18000030517578,1509,28500827.19230652,1057
BL,2023-12-31,62.439998626708984,1509,28408416.922569275,1058
APLE,2023-12-31,13.87936019897461,1509,28356515.613651276,1059
COLM,2023-12-31,76.06851959228516,1509,28306600.254821777,1060
PD,2023-12-31,23.149999618530273,1189,28256766.297626495,1061
POWI,2023-12-31,79.12040710449219,1509,28252323.933792114,1062
JXN,2023-12-31,46.809120178222656,586,28128141.731071472,1063
PPLI,2023-12-31,42.96964645385742,1509,28096466.344535828,1064
SEIC,2023-12-31,61.634517669677734,1509,28070617.466545105,1065
VYX,2023-12-31,16.90999984741211,1509,28028366.67289734,1066
ALGM,2023-12-31,30.270000457763672,797,27989677.86216736,1067
EVH,2023-12-31,33.029998779296875,1509,27979947.119522095,1068
INGR,2023-12-31,101.47897338867188,1509,27941312.672424316,1069
SLM,2023-12-31,18.181142807006836,1509,27888404.185199738,1070
TNET,2023-12-31,114.30911254882812,1509,27875766.277694702,1071
CABO,2023-12-31,534.77197265625,1509,27775763.403320312,1072
WGO,2023-12-31,66.64802551269531,1509,27723778.686714172,1073
IRTC,2023-12-31,107.04000091552734,1509,27677366.77055359,1074
NWL,2023-12-31,7.646444320678711,1509,27628940.577197075,1075
OUT,2023-12-31,11.873848915100098,1509,27587518.74298668,1076
GPRE,2023-12-31,25.219999313354492,1509,27568013.73271942,1077
RXRX,2023-12-31,9.859999656677246,682,27527727.85053253,1078
AMG,2023-12-31,151.34275817871094,1509,27490871.7628479,1079
AWI,2023-12-31,96.3127670288086,1509,27472147.842025757,1080
NSIT,2023-12-31,177.19000244140625,1509,27451845.81604004,1081
COKE,2023-12-31,89.83062744140625,1509,27339688.62915039,1082
STAA,2023-12-31,31.209999084472656,1509,27334416.60079956,1083
STRL,2023-12-31,87.93000030517578,1509,27311263.508987427,1084
SGRY,2023-12-31,31.989999771118164,1509,27304121.216773987,1085
CALX,2023-12-31,43.689998626708984,1509,27293495.08705139,1086
PK,2023-12-31,12.188067436218262,1509,27232455.49044609,1087
IMO,2023-12-31,53.758914947509766,1509,27167157.691001892,1088
MTG,2023-12-31,18.26067352294922,1509,27129694.838523865,1089
FTS,2023-12-31,37.73102188110352,1509,27090193.936920166,1090
EPRT,2023-12-31,23.144153594970703,1391,27052616.10546112,1091
CUZ,2023-12-31,21.326881408691406,1509,26926443.2970047,1092
SPHR,2023-12-31,33.959999084472656,938,26882296.574401855,1093
SSB,2023-12-31,79.50382232666016,1509,26798693.28918457,1094
RDN,2023-12-31,26.469926834106445,1509,26733567.99554825,1095
FTAI,2023-12-31,45.16741943359375,1509,26720838.919639587,1096
FAF,2023-12-31,59.100624084472656,1509,26704452.873802185,1097
ENOV,2023-12-31,56.02000045776367,1509,26702621.912956238,1098
MQ,2023-12-31,27.920000076293945,645,26651630.608272552,1099
LEVI,2023-12-31,15.43600368499756,1204,26650096.32821083,1100
VKTX,2023-12-31,18.61000061035156,1509,26586843.559646606,1101
ARWR,2023-12-31,30.600000381469727,1509,26563535.692691803,1102
FLNC,2023-12-31,23.850000381469727,546,26492095.26605606,1103
CC,2023-12-31,28.81702041625977,1509,26483436.907196045,1104
OI,2023-12-31,16.3799991607666,1509,26434630.41586876,1105
SLF,2023-12-31,47.68766784667969,1509,26427081.967926025,1106
CAMT,2023-12-31,68.2578353881836,1509,26418011.507606506,1107
ENSG,2023-12-31,111.73467254638672,1509,26356074.056625366,1108
GO,2023-12-31,26.959999084472656,1141,26354337.2089386,1109
SIGI,2023-12-31,95.18310546875,1509,26322742.893218994,1110
SNN,2023-12-31,25.494205474853516,1509,26292009.71622467,1111
LOPE,2023-12-31,132.0399932861328,1509,26248109.75112915,1112
LBTYA,2023-12-31,9.155075073242188,1509,26140566.30536127,1113
AEHR,2023-12-31,26.530000686645508,1509,26123579.431915283,1114
VFS,2023-12-31,8.369999885559082,583,26067591.513109207,1115
SBRA,2023-12-31,11.978094100952148,1509,26041140.73076248,1116
MC,2023-12-31,50.72516250610352,1509,26029024.434661865,1117
COLB,2023-12-31,23.074979782104492,1509,25965758.44707489,1118
DLB,2023-12-31,82.34629821777344,1509,25949178.024673462,1119
OGS,2023-12-31,58.15781021118164,1509,25880818.932151794,1120
DB,2023-12-31,12.358617782592772,1509,25862536.93099022,1121
AAOI,2023-12-31,19.31999969482422,1509,25860925.240898132,1122
TU,2023-12-31,15.27931022644043,1509,25830189.577293396,1123
KRC,2023-12-31,34.20686721801758,1509,25809695.553588867,1124
HUT,2023-12-31,13.34000015258789,1464,25778736.941814423,1125
DNA,2023-12-31,67.5999984741211,681,25694465.909805298,1126
EXLS,2023-12-31,30.850000381469727,1509,25687646.844482422,1127
LEG,2023-12-31,24.45683479309082,1509,25687251.36423111,1128
BCC,2023-12-31,121.91146087646484,1509,25639052.764892578,1129
HRI,2023-12-31,142.13232421875,1509,25539368.223571777,1130
ONB,2023-12-31,15.779489517211914,1509,25536516.12010002,1131
SBSW,2023-12-31,5.276857852935791,1509,25497607.860565186,1132
CTRE,2023-12-31,20.12901306152344,1509,25472215.108776093,1133
ORI,2023-12-31,24.291791915893555,1509,25392227.460575104,1134
ASB,2023-12-31,19.4677677154541,1509,25342890.270996094,1135
PI,2023-12-31,90.02999877929688,1509,25297446.59538269,1136
YELP,2023-12-31,47.34000015258789,1509,25267304.191589355,1137
HEI.A,2023-12-31,141.9631805419922,1509,25215245.94192505,1138
CRDO,2023-12-31,19.469999313354492,484,25212762.18776703,1139
PTCT,2023-12-31,27.559999465942383,1509,25136472.191524506,1140
SONO,2023-12-31,17.139999389648438,1362,25135920.185709,1141
BAP,2023-12-31,126.15383911132812,1509,25103666.95137024,1142
ACHR,2023-12-31,6.139999866485596,762,25098133.604979515,1143
IDCC,2023-12-31,105.16094207763672,1509,25096560.86959839,1144
IRDM,2023-12-31,38.94479751586914,1509,25069482.091140747,1145
AXS,2023-12-31,53.14983367919922,1509,25024736.520004272,1146
MHO,2023-12-31,137.74000549316406,1509,24913702.5226593,1147
AZTA,2023-12-31,65.13999938964844,1509,24907681.1460495,1148
IDYA,2023-12-31,35.58000183105469,1160,24871960.211753845,1149
IDA,2023-12-31,91.21228790283205,1509,24806886.854553223,1150
BKH,2023-12-31,48.39327621459961,1509,24801385.144615173,1151
RYAN,2023-12-31,41.88846969604492,615,24746671.984672546,1152
LMND,2023-12-31,16.1299991607666,880,24730671.557331085,1153
NEOG,2023-12-31,20.11000061035156,1509,24715962.555027008,1154
RITM,2023-12-31,8.453152656555176,1509,24695498.187303543,1155
PARR,2023-12-31,36.369998931884766,1509,24666100.052452087,1156
PGNY,2023-12-31,37.18000030517578,1052,24656604.261302948,1157
SPSC,2023-12-31,193.83999633789065,1509,24640088.661956787,1158
DBRG,2023-12-31,17.404626846313477,1509,24594480.62286377,1159
PAGP,2023-12-31,13.229153633117676,1509,24529995.154953003,1160
HASI,2023-12-31,24.06919860839844,1509,24461467.976760864,1161
PRTA,2023-12-31,36.34000015258789,1509,24429999.026489258,1162
NWS,2023-12-31,25.27823257446289,1509,24406945.119857788,1163
KD,2023-12-31,20.780000686645508,550,24349376.05047226,1164
MUFG,2023-12-31,8.204716682434082,1509,24314222.09894657,1165
PRI,2023-12-31,198.2407684326172,1509,24296645.75805664,1166
NBR,2023-12-31,81.62999725341797,1509,24250558.1615448,1167
ZG,2023-12-31,56.720001220703125,1509,24207539.728164673,1168
ERIE,2023-12-31,320.3050842285156,1509,24196444.00177002,1169
ING,2023-12-31,12.850542068481444,1509,24181348.320627213,1170
DY,2023-12-31,115.08999633789062,1509,24175150.365447998,1171
VSH,2023-12-31,22.731369018554688,1509,24112418.935203552,1172
BLMN,2023-12-31,25.330062866210938,1509,24084033.46605301,1173
CACC,2023-12-31,532.72998046875,1509,24064754.266357422,1174
CAKE,2023-12-31,33.036800384521484,1509,24064050.437545776,1175
IRT,2023-12-31,13.923067092895508,1509,23995536.251211166,1176
VLY,2023-12-31,9.669204711914062,1509,23977434.44275856,1177
EFOR,2023-12-31,96.16999816894533,1509,23944983.85772705,1178
BANC,2023-12-31,12.565927505493164,1509,23936138.568115234,1179
HELE,2023-12-31,120.80999755859376,1509,23901647.873687744,1180
LPG,2023-12-31,34.02865219116211,1509,23787544.327926636,1181
TLRY,2023-12-31,23.0,1372,23741546.05922699,1182
COUR,2023-12-31,19.3700008392334,693,23613798.849868774,1183
FLNA,2023-12-31,22.510000228881836,1509,23599299.3683815,1184
BIPC,2023-12-31,31.764413833618164,945,23581451.88808441,1185
VSAT,2023-12-31,27.950000762939453,1509,23523742.49777794,1186
LIVN,2023-12-31,51.7400016784668,1509,23496950.321769714,1187
CRC,2023-12-31,50.75740051269531,798,23441157.02972412,1188
CRNX,2023-12-31,35.58000183105469,1373,23320412.014102936,1189
ICUI,2023-12-31,99.73999786376952,1509,23296973.88496399,1190
WHD,2023-12-31,44.21976089477539,1483,23275590.314483643,1191
FTDR,2023-12-31,35.220001220703125,1333,23258238.646507263,1192
IART,2023-12-31,43.54999923706055,1509,23240190.186309814,1193
AMBA,2023-12-31,61.290000915527344,1509,23237846.126556396,1194
ENS,2023-12-31,98.7817840576172,1509,23217127.61077881,1195
HAYW,2023-12-31,13.600000381469728,706,23197373.98252487,1196
DCI,2023-12-31,62.97333908081055,1509,23187396.665763855,1197
MLI,2023-12-31,22.878158569335938,1509,23179441.502952576,1198
TCBI,2023-12-31,64.50007629394531,1509,23064830.68447113,1199
CBSH,2023-12-31,46.223114013671875,1509,22909150.996433258,1200
ARDX,2023-12-31,6.199999809265137,1509,22898544.52264309,1201
VRRM,2023-12-31,23.030000686645508,1509,22818734.840774536,1202
FLO,2023-12-31,19.319244384765625,1509,22787093.890190125,1203
NOVT,2023-12-31,168.41000366210938,1509,22784771.006774902,1204
CVI,2023-12-31,28.693525314331055,1509,22745867.02709198,1205
BEPC,2023-12-31,25.67032814025879,865,22696718.745994568,1206
SWX,2023-12-31,58.32331466674805,1509,22669257.379722595,1207
HMY,2023-12-31,5.905797958374023,1509,22575460.27700901,1208
TNL,2023-12-31,35.38294982910156,1509,22515245.894145966,1209
AEIS,2023-12-31,108.15050506591795,1509,22312998.974609375,1210
AMKR,2023-12-31,31.882400512695312,1509,22302185.09645462,1211
DK,2023-12-31,23.14716911315918,1509,22291215.362739563,1212
UPWK,2023-12-31,14.869999885559082,1319,22276428.986120224,1213
SANM,2023-12-31,51.369998931884766,1509,22222314.34402466,1214
CSIQ,2023-12-31,26.229999542236328,1509,22199210.044193268,1215
LCII,2023-12-31,113.49058532714844,1509,22186155.799102783,1216
VNT,2023-12-31,34.3143310546875,822,22149880.05695343,1217
TWST,2023-12-31,36.86000061035156,1299,22103195.061683655,1218
BPOP,2023-12-31,76.84854125976562,1509,22031463.864135742,1219
UA,2023-12-31,8.350000381469727,1509,22025946.826768875,1220
DEI,2023-12-31,12.59645175933838,1509,21990738.884830475,1221
KLIC,2023-12-31,52.39995193481445,1509,21942213.32397461,1222
RILY,2023-12-31,20.202577590942383,1509,21905908.631324768,1223
ATEC,2023-12-31,15.109999656677246,1509,21786926.019477844,1224
SNDX,2023-12-31,21.61000061035156,1509,21768084.95965004,1225
CMBT,2023-12-31,12.170388221740724,1509,21749332.28111267,1226
WTS,2023-12-31,204.27423095703125,1509,21640799.84664917,1227
EPR,2023-12-31,40.57649612426758,1509,21555675.67062378,1228
BDC,2023-12-31,76.89791107177734,1509,21544080.32913208,1229
CWST,2023-12-31,85.45999908447266,1509,21472319.778823853,1230
TXNM,2023-12-31,38.22632598876953,1509,21465767.855644226,1231
JACK,2023-12-31,77.97895050048828,1509,21446424.35913086,1232
CPA,2023-12-31,91.4426040649414,1509,21422206.74057007,1233
HAE,2023-12-31,85.51000213623047,1509,21392753.51486206,1234
FCFS,2023-12-31,105.32379150390624,1509,21348325.66986084,1235
FHI,2023-12-31,30.38473129272461,1509,21316438.555145264,1236
HIW,2023-12-31,19.144786834716797,1509,21255437.126731873,1237
FWRD,2023-12-31,62.869998931884766,1509,21253060.275650024,1238
WERN,2023-12-31,40.60565185546875,1509,21250414.529418945,1239
SHO,2023-12-31,9.823659896850586,1509,21125661.557674408,1240
HLX,2023-12-31,10.279999732971191,1509,21119756.662988663,1241
DIOD,2023-12-31,80.5199966430664,1509,21049971.598815918,1242
ESI,2023-12-31,22.460792541503903,1509,21049587.21141815,1243
CCC,2023-12-31,11.390000343322754,815,21001766.74308777,1244
AAON,2023-12-31,73.12733459472656,1509,20926900.16155243,1245
FUL,2023-12-31,78.62799072265625,1509,20908897.218704224,1246
AVT,2023-12-31,47.4000129699707,1509,20907230.78517914,1247
CVSA,2023-12-31,58.95000076293945,1509,20864879.928016663,1248
KTB,2023-12-31,58.054176330566406,1158,20782894.92416382,1249
SKY,2023-12-31,74.26000213623047,1509,20670911.182022095,1250
AQN,2023-12-31,5.668069839477539,1509,20667857.232427597,1251
HWC,2023-12-31,45.037017822265625,1509,20652308.742523193,1252
FOXF,2023-12-31,67.4800033569336,1509,20627376.56021118,1253
GEO,2023-12-31,10.829999923706056,1509,20585008.717679977,1254
LAZ,2023-12-31,31.275135040283203,1509,20553038.650226593,1255
AM,2023-12-31,10.888160705566406,1509,20467578.93652916,1256
KTOS,2023-12-31,20.290000915527344,1509,20317421.746253967,1257
MMS,2023-12-31,80.56285095214844,1509,20260626.2424469,1258
ALIT,2023-12-31,162.91880798339844,870,20245296.60369873,1259
FNB,2023-12-31,12.724027633666992,1509,20190139.336156845,1260
EYE,2023-12-31,20.93000030517578,1509,20145625.700569153,1261
SPCE,2023-12-31,49.0,1509,20131694.80061531,1262
THG,2023-12-31,114.78329467773438,1509,20114102.521896362,1263
TSEM,2023-12-31,30.520000457763672,1509,20069794.159412384,1264
HPP,2023-12-31,64.00133514404297,1509,19985930.025453568,1265
SON,2023-12-31,50.2423095703125,1509,19879855.42201996,1266
PECO,2023-12-31,33.45706558227539,717,19874041.402244568,1267
CWK,2023-12-31,10.800000190734863,1362,19871414.912462234,1268
DHT,2023-12-31,8.20808219909668,1509,19829787.04881668,1269
OMCL,2023-12-31,37.630001068115234,1509,19753499.278831482,1270
LFUS,2023-12-31,260.495849609375,1509,19710064.749145508,1271
SDGR,2023-12-31,35.79999923706055,982,19699519.880104065,1272
SLGN,2023-12-31,43.3520393371582,1509,19698667.804527283,1273
LGIH,2023-12-31,133.16000366210938,1509,19698361.597824097,1274
RYTM,2023-12-31,45.970001220703125,1509,19650422.599315643,1275
CHGG,2023-12-31,11.359999656677246,1509,19648657.4614048,1276
GBCI,2023-12-31,38.34438705444336,1509,19624373.610687256,1277
HHH,2023-12-31,81.55386352539062,1509,19562575.991550446,1278
MSGS,2023-12-31,181.8300018310547,1509,19530809.407043457,1279
XRX,2023-12-31,15.60393238067627,1509,19521693.99676323,1280
AMLX,2023-12-31,14.720000267028809,497,19509742.215394974,1281
INSW,2023-12-31,34.42839813232422,1509,19481567.699813843,1282
OII,2023-12-31,21.280000686645508,1509,19428948.533916473,1283
QTWO,2023-12-31,43.40999984741211,1509,19426590.998458862,1284
ITGR,2023-12-31,99.08000183105467,1509,19409060.033798218,1285
MMSI,2023-12-31,75.95999908447266,1509,19330309.032058716,1286
CWEN,2023-12-31,23.774677276611328,1509,19282989.174079895,1287
NSP,2023-12-31,104.36656951904295,1509,19148256.519699097,1288
GIL,2023-12-31,31.667938232421875,1509,19134590.20729065,1289
HESM,2023-12-31,26.02372360229492,1509,19032727.518081665,1290
CBT,2023-12-31,79.25211334228516,1509,19007914.014816284,1291
FROG,2023-12-31,34.61000061035156,828,18947009.610557556,1292
BOH,2023-12-31,64.78640747070312,1509,18940021.560668945,1293
ESNT,2023-12-31,50.54438781738281,1509,18824436.12098694,1294
ITRI,2023-12-31,75.51000213623047,1509,18793940.007972717,1295
XENE,2023-12-31,46.060001373291016,1509,18775230.601119995,1296
AMPH,2023-12-31,61.849998474121094,1509,18732370.43914795,1297
IRWD,2023-12-31,11.4399995803833,1509,18680192.136240005,1298
RCKT,2023-12-31,29.969999313354492,1509,18613155.419826508,1299
SMPL,2023-12-31,39.599998474121094,1509,18504652.03037262,1300
HOMB,2023-12-31,23.58550453186035,1509,18480715.90528488,1301
GPOR,2023-12-31,133.1999969482422,660,18456855.417251587,1302
MZTI,2023-12-31,157.18801879882812,1509,18450242.49343872,1303
SSRM,2023-12-31,10.760000228881836,1509,18428965.050172806,1304
EGO,2023-12-31,12.91955852508545,1509,18415869.325971603,1305
MMYT,2023-12-31,46.97999954223633,1509,18415509.810256958,1306
GLNG,2023-12-31,21.385908126831055,1509,18373752.469348907,1307
CVLT,2023-12-31,79.8499984741211,1509,18307931.495666504,1308
CLDX,2023-12-31,39.65999984741211,1509,18173717.89340973,1309
YOU,2023-12-31,19.22991943359375,630,18165965.96431732,1310
SR,2023-12-31,55.92706680297851,1509,18122069.30999756,1311
OBDC,2023-12-31,11.04877758026123,1122,18000765.156316757,1312
SBH,2023-12-31,13.279999732971191,1509,17950427.320814133,1313
FORM,2023-12-31,41.709999084472656,1509,17874269.102859497,1314
HLF,2023-12-31,15.260000228881836,1509,17872805.4104805,1315
KAI,2023-12-31,277.3439025878906,1509,17860100.790405273,1316
ALGT,2023-12-31,81.11939239501953,1509,17842102.379608154,1317
BMI,2023-12-31,151.34205627441406,1509,17840495.909118652,1318
NEU,2023-12-31,522.6314086914062,1509,17787903.121948246,1319
WDFC,2023-12-31,229.38644409179688,1509,17783244.01702881,1320
IPGP,2023-12-31,108.54000091552734,1509,17726338.948059082,1321
ARR,2023-12-31,12.895780563354492,1509,17644962.280082703,1322
MAC,2023-12-31,14.033546447753906,1509,17644468.36233139,1323
UMBF,2023-12-31,80.4058609008789,1509,17610128.821754456,1324
CCOI,2023-12-31,67.21288299560547,1509,17585181.420326233,1325
CVCO,2023-12-31,346.6199951171875,1509,17584986.666870117,1326
CARG,2023-12-31,24.15999984741211,1509,17559670.075416565,1327
NFG,2023-12-31,46.592384338378906,1509,17502751.134490967,1328
NJR,2023-12-31,40.50514221191406,1509,17502419.907569885,1329
DNLI,2023-12-31,21.459999084472656,1509,17462416.384887695,1330
NVCR,2023-12-31,14.93000030517578,1509,17455885.962677,1331
FVRR,2023-12-31,27.219999313354492,1146,17412638.312530518,1332
SHOO,2023-12-31,39.65715408325195,1509,17403414.52884674,1333
HLIT,2023-12-31,13.039999961853027,1509,17391576.750946045,1334
MATX,2023-12-31,106.6780242919922,1509,17363574.73602295,1335
BFH,2023-12-31,31.66080665588379,1509,17223357.474803925,1336
EXPO,2023-12-31,84.83470916748047,1509,17205977.811431885,1337
SKT,2023-12-31,25.32378578186035,1509,17199843.092155457,1338
TDS,2023-12-31,17.931930541992188,1509,17117089.643001556,1339
PHG,2023-12-31,21.587844848632812,1509,17085552.249908447,1340
UUUU,2023-12-31,7.190000057220459,1509,17082027.233457565,1341
LESL,2023-12-31,138.1999969482422,797,17021255.496082306,1342
RKT,2023-12-31,13.702549934387209,856,16935389.168405533,1343
FSK,2023-12-31,13.555267333984377,1509,16923510.39466858,1344
RLI,2023-12-31,59.24173355102539,1509,16757396.039199827,1345
PPC,2023-12-31,23.431888580322266,1509,16737502.7135849,1346
FIGS,2023-12-31,6.949999809265137,653,16735255.701899529,1347
ENR,2023-12-31,28.120786666870117,1509,16733975.838661194,1348
NWE,2023-12-31,45.31533432006836,1509,16676488.286209106,1349
RVLV,2023-12-31,16.579999923706055,1150,16580325.679397583,1350
CXM,2023-12-31,12.039999961853027,635,16569944.68574524,1351
ZD,2023-12-31,67.19000244140625,1509,16503918.743515015,1352
MDU,2023-12-31,10.257284164428713,1509,16503527.564665318,1353
HIMS,2023-12-31,8.899999618530273,1082,16449327.975559235,1354
GFF,2023-12-31,59.48561477661133,1509,16410536.576843262,1355
MSA,2023-12-31,163.86679077148438,1509,16398999.172973633,1356
PFSI,2023-12-31,85.88480377197266,1509,16389280.917739868,1357
TNK,2023-12-31,44.97459411621094,1509,16372844.762992859,1358
OTEX,2023-12-31,38.386356353759766,1509,16353446.473789215,1359
TRUP,2023-12-31,30.510000228881836,1509,16344971.800231934,1360
JBGS,2023-12-31,15.280125617980955,1509,16319600.05607605,1361
TALO,2023-12-31,14.229999542236328,1420,16314125.074672699,1362
ACA,2023-12-31,82.18777465820312,1296,16305125.479125977,1363
ESAB,2023-12-31,85.89836120605469,442,16289006.592559814,1364
ACMR,2023-12-31,19.540000915527344,1509,16141195.508003235,1365
CPRX,2023-12-31,16.809999465942383,1509,16095591.968774796,1366
RDY,2023-12-31,13.749144554138184,1509,16064716.258287428,1367
CNO,2023-12-31,26.660938262939453,1509,16023462.506580353,1368
CORT,2023-12-31,32.47999954223633,1509,15996942.497348785,1369
BCRX,2023-12-31,5.989999771118164,1509,15982812.809371948,1370
GSHD,2023-12-31,71.74039459228516,1429,15908214.199447632,1371
BCO,2023-12-31,85.79216003417969,1509,15892253.638839722,1372
VNOM,2023-12-31,27.26275062561035,1509,15890631.697177887,1373
CWH,2023-12-31,24.82352066040039,1509,15872602.186393738,1374
EDIT,2023-12-31,10.130000114440918,1509,15870251.472854614,1375
TPG,2023-12-31,39.284942626953125,493,15809665.332221985,1376
PJT,2023-12-31,100.0529556274414,1509,15783323.323059082,1377
FSS,2023-12-31,75.6808853149414,1509,15777375.72479248,1378
RXST,2023-12-31,40.31999969482422,609,15700877.441215515,1379
SSTK,2023-12-31,41.666961669921875,1509,15650674.238014221,1380
AGO,2023-12-31,72.46646881103516,1509,15615514.147949219,1381
AVA,2023-12-31,31.534748077392575,1509,15581672.996902466,1382
BRC,2023-12-31,56.54583358764648,1509,15557410.795593262,1383
ABM,2023-12-31,42.16151428222656,1509,15551870.782661438,1384
ABCB,2023-12-31,51.548614501953125,1509,15515926.762771606,1385
SITM,2023-12-31,122.08000183105467,1034,15513041.172409058,1386
CGC,2023-12-31,5.110000133514404,1509,15509429.374115467,1387
RKLB,2023-12-31,5.53000020980835,779,15423168.113851547,1388
RCI,2023-12-31,42.7056999206543,1509,15397070.38116455,1389
JBTM,2023-12-31,98.61956024169922,1509,15357073.051071167,1390
GOLF,2023-12-31,61.24966049194336,1509,15353480.62133789,1391
WOR,2023-12-31,55.608131408691406,1509,15343691.630435944,1392
NEO,2023-12-31,16.18000030517578,1509,15327410.158348083,1393
METC,2023-12-31,16.295978546142578,1509,15320638.41747713,1394
GOOS,2023-12-31,11.850000381469728,1509,15264621.317481995,1395
COCO,2023-12-31,25.649999618530273,551,15262969.460105896,1396
HRMY,2023-12-31,32.29999923706055,847,15197504.55570221,1397
MOG.A,2023-12-31,142.75540161132812,1509,15145786.920166016,1398
MAN,2023-12-31,71.1377944946289,1509,15031927.838516235,1399
VIAV,2023-12-31,10.06999969482422,1509,14988406.328058243,1400
PRVA,2023-12-31,23.030000686645508,674,14947396.653747559,1401
WD,2023-12-31,101.42174530029295,1509,14932432.96508789,1402
NVMI,2023-12-31,137.38999938964844,1509,14929950.206756592,1403
ZIM,2023-12-31,5.904088497161865,736,14881195.770263672,1404
APLD,2023-12-31,6.739999771118164,431,14868693.730735779,1405
GTES,2023-12-31,13.420000076293944,1493,14861077.672195435,1406
OTTR,2023-12-31,79.97201538085938,1509,14858751.350784302,1407
SBLK,2023-12-31,17.986799240112305,1509,14681721.257829666,1408
VICR,2023-12-31,44.939998626708984,1509,14641274.571990967,1409
SG,2023-12-31,11.300000190734863,531,14619634.594345093,1410
AVNT,2023-12-31,38.77588653564453,1509,14616279.942703247,1411
CXT,2023-12-31,55.14720916748047,1509,14613494.455718994,1412
HLNE,2023-12-31,108.74481964111328,1509,14564093.036270142,1413
NCNO,2023-12-31,33.630001068115234,873,14554974.816036224,1414
DRS,2023-12-31,19.762920379638672,1509,14553837.065029144,1415
GRBK,2023-12-31,51.939998626708984,1509,14539036.171722412,1416
DLO,2023-12-31,16.58626937866211,649,14530165.817070007,1417
ACIW,2023-12-31,30.600000381469727,1509,14508282.358551025,1418
RRR,2023-12-31,48.23848342895508,1509,14491099.425888062,1419
APAM,2023-12-31,35.709503173828125,1509,14482937.737941742,1420
CPK,2023-12-31,99.98271942138672,1509,14455643.246459961,1421
SPXC,2023-12-31,101.01000213623048,1509,14321703.245544434,1422
VCYT,2023-12-31,27.510000228881836,1509,14212985.154628754,1423
FHB,2023-12-31,20.553462982177734,1509,14156718.214988708,1424
FCEL,2023-12-31,48.0,1509,14153436.301786423,1425
KMT,2023-12-31,23.87996482849121,1509,14141956.865501404,1426
ARVN,2023-12-31,41.15999984741211,1323,14086819.675445557,1427
SKYW,2023-12-31,52.20000076293945,1509,14084720.158958435,1428
KMPR,2023-12-31,45.620849609375,1509,14056552.020263672,1429
LXP,2023-12-31,42.7925910949707,1509,14028609.837226868,1430
AROC,2023-12-31,14.197277069091797,1509,14020826.811504364,1431
MYRG,2023-12-31,144.6300048828125,1509,14016911.173248291,1432
ATRC,2023-12-31,35.689998626708984,1509,14012643.81904602,1433
INDI,2023-12-31,8.109999656677246,1067,13992974.588108063,1434
DRVN,2023-12-31,14.260000228881836,743,13881357.775497437,1435
RAMP,2023-12-31,37.880001068115234,1509,13874493.844127655,1436
EMBJ,2023-12-31,18.365154266357425,1509,13850850.91342926,1437
GIB,2023-12-31,106.3883285522461,1509,13845341.312026978,1438
TBBK,2023-12-31,38.560001373291016,1509,13785783.396148682,1439
INTA,2023-12-31,38.02000045776367,630,13728712.768936157,1440
CVBF,2023-12-31,17.996545791625977,1509,13680115.885162354,1441
MRVI,2023-12-31,6.550000190734863,781,13632927.635192871,1442
DBI,2023-12-31,8.046119689941406,1509,13565524.003314972,1443
MXL,2023-12-31,23.770000457763672,1509,13555091.692399979,1444
ALRM,2023-12-31,64.62000274658203,1509,13526915.241241455,1445
IPAR,2023-12-31,134.2786102294922,1509,13526402.075958252,1446
FBP,2023-12-31,15.227688789367676,1509,13517852.196455002,1447
APPN,2023-12-31,37.65999984741211,1509,13497743.530273438,1448
PSMT,2023-12-31,72.50790405273438,1509,13488576.737594604,1449
PRCT,2023-12-31,41.90999984741211,577,13453305.163383484,1450
PBH,2023-12-31,61.220001220703125,1509,13404470.982170105,1451
FULT,2023-12-31,14.950166702270508,1509,13367127.178955078,1452
STEM,2023-12-31,77.5999984741211,812,13343699.916496277,1453
SNDR,2023-12-31,24.523387908935547,1509,13316302.974128723,1454
AUPH,2023-12-31,8.989999771118164,1509,13254973.135662079,1455
AMRC,2023-12-31,31.670000076293945,1509,13219557.692527771,1456
KWR,2023-12-31,206.39634704589844,1509,13166778.186035156,1457
BGC,2023-12-31,7.074817180633545,1509,13151919.665622711,1458
MIRM,2023-12-31,29.520000457763672,1122,13128567.049884796,1459
BHC,2023-12-31,8.020000457763672,1509,13093792.08188057,1460
ACVA,2023-12-31,15.149999618530272,698,13056890.411758423,1461
EH,2023-12-31,16.799999237060547,1018,13008636.940002441,1462
PRGS,2023-12-31,53.77055740356445,1509,13007525.177955627,1463
KYMR,2023-12-31,25.459999084472656,845,12977423.908996582,1464
BNL,2023-12-31,14.533528327941896,827,12968416.377353668,1465
PLCE,2023-12-31,23.219999313354492,1509,12935603.02696228,1466
VET,2023-12-31,11.185365676879885,1509,12924033.538532257,1467
PCRX,2023-12-31,33.7400016784668,1509,12912183.342075348,1468
FCPT,2023-12-31,22.00839614868164,1509,12903338.63067627,1469
IIPR,2023-12-31,75.84477996826172,1509,12823382.415390015,1470
VRDN,2023-12-31,21.780000686645508,1509,12820868.705797195,1471
KFY,2023-12-31,55.610652923583984,1509,12765912.865257263,1472
LZ,2023-12-31,11.300000190734863,630,12737781.075334549,1473
ROAD,2023-12-31,43.52000045776367,1424,12727663.51070404,1474
GIII,2023-12-31,33.64761734008789,1509,12725055.33952713,1475
FIBK,2023-12-31,26.331151962280273,1509,12667254.310512543,1476
CABA,2023-12-31,22.700000762939453,1052,12663521.864414215,1477
DRH,2023-12-31,8.527626037597656,1509,12656281.212759018,1478
WRBY,2023-12-31,14.100000381469728,567,12655970.56183815,1479
FELE,2023-12-31,94.11534881591795,1509,12606774.670410156,1480
ZNTL,2023-12-31,15.149999618530272,942,12602411.611175537,1481
GATX,2023-12-31,115.60479736328124,1509,12571234.851837158,1482
PUK,2023-12-31,21.207603454589844,1509,12542615.939617157,1483
MRCY,2023-12-31,36.56999969482422,1509,12453129.504966736,1484
DAN,2023-12-31,13.66220474243164,1509,12450458.341598509,1485
VIRT,2023-12-31,18.81046485900879,1509,12401270.228004456,1486
ROG,2023-12-31,132.07000732421875,1509,12397482.927322388,1487
NMIH,2023-12-31,29.68000030517578,1509,12361135.966396332,1488
AIR,2023-12-31,62.400001525878906,1509,12351080.238342285,1489
LSPD,2023-12-31,20.989999771118164,831,12324538.664340973,1490
AGNT,2023-12-31,14.6959867477417,1484,12317111.587715149,1491
LUCK,2023-12-31,13.375288963317873,677,12280407.093286514,1492
MLKN,2023-12-31,24.42753028869629,1509,12277594.35749054,1493
WLY,2023-12-31,29.12369728088379,1509,12262677.578800201,1494
TGLS,2023-12-31,44.871368408203125,1509,12254061.350250244,1495
AWR,2023-12-31,75.61976623535156,1509,12217774.67880249,1496
VERX,2023-12-31,26.940000534057617,862,12211132.623291016,1497
XPRO,2023-12-31,15.920000076293944,1509,12195651.792907715,1498
DNUT,2023-12-31,14.73865032196045,629,12117025.0082016,1499
SXT,2023-12-31,62.8612060546875,1509,12072673.667144775,1500
ACH,2023-12-31,19.270000457763672,1509,12064132.025432587,1501
WTM,2023-12-31,1502.678955078125,1509,12002387.585449219,1502
PUMP,2023-12-31,8.380000114440918,1509,11965584.181594849,1503
RDNT,2023-12-31,34.77000045776367,1509,11899715.541267395,1504
CUBI,2023-12-31,57.619998931884766,1509,11868980.740356445,1505
RXO,2023-12-31,23.260000228881836,295,11866119.114875793,1506
GRPN,2023-12-31,12.84000015258789,1509,11858628.986501694,1507
FFIN,2023-12-31,28.635969161987305,1509,11852984.352302551,1508
BOKF,2023-12-31,81.081787109375,1509,11850370.11642456,1509
NTST,2023-12-31,15.796648025512695,851,11843519.412899017,1510
NVTS,2023-12-31,8.069999694824219,552,11837309.931564331,1511
CXW,2023-12-31,14.529999732971191,1509,11818501.472902298,1512
ADT,2023-12-31,6.326300144195557,1497,11798851.962733269,1513
OXM,2023-12-31,88.8249282836914,1509,11727832.799911499,1514
UI,2023-12-31,136.48167419433594,1509,11668576.304626465,1515
ICFI,2023-12-31,132.16873168945312,1509,11630445.176696777,1516
NAVI,2023-12-31,16.356548309326172,1509,11599921.524906158,1517
NTCT,2023-12-31,21.950000762939453,1509,11536449.009895325,1518
TRMD,2023-12-31,21.931415557861328,1473,11493398.790550232,1519
PRG,2023-12-31,29.725196838378903,1509,11465424.533367157,1520
MAIN,2023-12-31,35.42927932739258,1509,11462593.193435669,1521
RYN,2023-12-31,26.681171417236328,1509,11430265.277290344,1522
HTGC,2023-12-31,12.86973762512207,1509,11395072.975540161,1523
MED,2023-12-31,67.22000122070312,1509,11353982.051086426,1524
KRNT,2023-12-31,19.15999984741211,1509,11343114.101409912,1525
ROCK,2023-12-31,78.9800033569336,1509,11329698.168945312,1526
AGYS,2023-12-31,84.81999969482422,1509,11329456.562042236,1527
RUSHA,2023-12-31,48.65834045410156,1509,11318434.149169922,1528
PEGA,2023-12-31,24.29828834533691,1509,11255639.061927795,1529
AGIO,2023-12-31,22.270000457763672,1509,11201933.207511902,1530
OSCR,2023-12-31,9.149999618530272,713,11155771.273183823,1531
PRIM,2023-12-31,32.887168884277344,1509,11124525.734901428,1532
REZI,2023-12-31,18.81999969482422,1301,11106754.020309448,1533
EPC,2023-12-31,34.65476989746094,1509,11023405.06439209,1534
ENVA,2023-12-31,55.36000061035156,1509,11015957.809448242,1535
PAYO,2023-12-31,5.210000038146973,806,11015659.816122055,1536
HURN,2023-12-31,102.8000030517578,1509,10959286.437225342,1537
SAH,2023-12-31,53.25817108154297,1509,10945598.720550537,1538
GVA,2023-12-31,50.108402252197266,1509,10944913.331985474,1539
PLXS,2023-12-31,108.12999725341795,1509,10941075.08277893,1540
BCPC,2023-12-31,147.071044921875,1509,10878181.230926514,1541
CBZ,2023-12-31,62.59000015258789,1509,10864335.006141663,1542
UHAL.B,2023-12-31,69.81739044189453,285,10838882.333976746,1543
BZH,2023-12-31,33.790000915527344,1509,10827067.77935028,1544
IMAX,2023-12-31,15.020000457763672,1509,10783667.891216278,1545
WFG,2023-12-31,82.79994201660156,1509,10767712.588500977,1546
AIN,2023-12-31,94.46649932861328,1509,10733584.056854248,1547
RCUS,2023-12-31,19.100000381469727,1459,10733293.328619003,1548
WINA,2023-12-31,391.3026428222656,1509,10690130.517578125,1549
SHC,2023-12-31,16.850000381469727,781,10665480.240869522,1550
OR,2023-12-31,14.013702392578123,1509,10641983.19864273,1551
BLKB,2023-12-31,86.69999694824219,1509,10577759.572219849,1552
VECO,2023-12-31,31.030000686645508,1509,10570335.59217453,1553
MGPI,2023-12-31,95.00047302246094,1509,10532568.292236328,1554
BVN,2023-12-31,14.45310401916504,1509,10515085.39094925,1555
SLVM,2023-12-31,44.99828338623047,571,10434414.03579712,1556
PTGX,2023-12-31,22.93000030517578,1509,10408128.11536789,1557
CSTM,2023-12-31,19.959999084472656,1509,10373619.866085052,1558
TROX,2023-12-31,12.594038009643556,1509,10352478.908729553,1559
BJRI,2023-12-31,36.0099983215332,1509,10343955.958271027,1560
MNRO,2023-12-31,25.62623405456543,1509,10326592.375087738,1561
INDB,2023-12-31,60.03067779541016,1509,10319877.992630005,1562
PIPR,2023-12-31,41.2994384765625,1509,10313318.071746826,1563
MWA,2023-12-31,13.978111267089844,1509,10290532.417201996,1564
MYGN,2023-12-31,19.13999938964844,1509,10262276.914691925,1565
CWT,2023-12-31,48.63125991821289,1509,10236571.272659302,1566
CSW,2023-12-31,205.59033203125,1509,10206725.18234253,1567
PENG,2023-12-31,18.93000030517578,1509,10198464.86029625,1568
ULCC,2023-12-31,5.460000038146973,692,10182399.772405624,1569
BKE,2023-12-31,37.24106979370117,1509,10169107.544898987,1570
ZETA,2023-12-31,8.819999694824219,644,10148590.166330338,1571
XPEL,2023-12-31,53.849998474121094,1134,10124139.233398438,1572
UNF,2023-12-31,179.66795349121094,1509,10078721.952056885,1573
OPLN,2023-12-31,14.8100004196167,1509,10053680.865764618,1574
TVTX,2023-12-31,8.989999771118164,1509,10049596.617627144,1575
RES,2023-12-31,6.79641580581665,1509,9954578.798675537,1576
CAL,2023-12-31,29.535776138305664,1509,9948754.80184555,1577
CENX,2023-12-31,12.140000343322754,1509,9922519.895744324,1578
PAC,2023-12-31,161.881591796875,1509,9916682.843017578,1579
GNL,2023-12-31,7.3592400550842285,1509,9910789.506053925,1580
EVTC,2023-12-31,40.39152526855469,1509,9872572.988891602,1581
MEOH,2023-12-31,45.34436798095703,1509,9818228.19442749,1582
PHR,2023-12-31,23.149999618530273,1122,9810387.335729599,1583
REPL,2023-12-31,8.430000305175781,1371,9771032.472372055,1584
DSGX,2023-12-31,84.05999755859375,1509,9748829.233932495,1585
ESTA,2023-12-31,25.88999938964844,1372,9742159.629821777,1586
PRMB,2023-12-31,13.947793006896973,1509,9726973.533535004,1587
VCEL,2023-12-31,35.61000061035156,1509,9708899.145317078,1588
JOE,2023-12-31,58.651275634765625,1509,9701574.967193604,1589
VIR,2023-12-31,10.0600004196167,1062,9693644.91558075,1590
UPBD,2023-12-31,28.98055076599121,1509,9676962.883663177,1591
INVA,2023-12-31,16.040000915527344,1509,9643803.068065643,1592
DDD,2023-12-31,6.349999904632568,1509,9638684.951114655,1593
NGVT,2023-12-31,47.220001220703125,1509,9627537.857437134,1594
ASR,2023-12-31,257.7703857421875,1509,9582007.849884033,1595
PATK,2023-12-31,64.04325103759766,1509,9577672.591209412,1596
CHEF,2023-12-31,29.43000030517578,1509,9570807.47089386,1597
WKC,2023-12-31,21.250452041625977,1509,9561272.572231293,1598
LZB,2023-12-31,34.898128509521484,1509,9523811.321258545,1599
LNN,2023-12-31,125.44970703125,1509,9510736.304855347,1600
NPO,2023-12-31,154.24046325683594,1509,9506345.237731934,1601
PERI,2023-12-31,30.8700008392334,1509,9488361.628723145,1602
OSIS,2023-12-31,129.0500030517578,1509,9469505.987548828,1603
SITC,2023-12-31,7.54603385925293,1509,9450331.59341669,1604
SUPN,2023-12-31,28.940000534057617,1509,9450317.462062836,1605
EPAC,2023-12-31,31.030208587646484,1509,9425825.169467926,1606
TARS,2023-12-31,20.25,806,9412123.194408417,1607
DCH,2023-12-31,8.8100004196167,1509,9391176.482248306,1608
IBOC,2023-12-31,51.4118766784668,1509,9390253.764724731,1609
CDNA,2023-12-31,12.0,1509,9356001.388978958,1610
BWIN,2023-12-31,24.020000457763672,1053,9352252.487182617,1611
UTZ,2023-12-31,15.395867347717283,1282,9351284.26361084,1612
TWO,2023-12-31,9.611931800842283,1509,9309693.77155304,1613
CATY,2023-12-31,41.3327751159668,1509,9304879.98161316,1614
RLAY,2023-12-31,11.010000228881836,871,9270879.045581818,1615
JBI,2023-12-31,13.050000190734863,1013,9224871.148395538,1616
MTX,2023-12-31,70.18135833740234,1509,9206798.428916931,1617
JJSF,2023-12-31,156.15846252441406,1509,9191555.055999756,1618
PAR,2023-12-31,43.540000915527344,1509,9191481.371212006,1619
PLAB,2023-12-31,31.3700008392334,1509,9187293.450260162,1620
DIN,2023-12-31,43.27244186401367,1509,9144932.016563416,1621
SRRK,2023-12-31,18.799999237060547,1409,9106122.113895416,1622
AHCO,2023-12-31,7.289999961853027,1406,9071090.013384819,1623
PTLO,2023-12-31,15.93000030517578,551,9038034.121656418,1624
POWL,2023-12-31,29.134021759033203,1509,8939728.463745117,1625
AUB,2023-12-31,33.123958587646484,1509,8881682.445526123,1626
AKR,2023-12-31,15.410752296447754,1509,8874785.68778038,1627
SBCF,2023-12-31,26.63013458251953,1509,8804835.21976471,1628
HBM,2023-12-31,5.500138759613037,1509,8796187.196922302,1629
VCTR,2023-12-31,32.03325653076172,1483,8730031.433963776,1630
CNS,2023-12-31,69.82808685302734,1509,8723024.495315552,1631
DFIN,2023-12-31,62.369998931884766,1509,8722968.22052002,1632
HLMN,2023-12-31,9.210000038146973,773,8704850.065612793,1633
LAUR,2023-12-31,13.710000038146973,1509,8700267.023086548,1634
NOMD,2023-12-31,15.211626052856444,1509,8699168.799161911,1635
TNC,2023-12-31,89.4863510131836,1509,8671116.151809692,1636
LTH,2023-12-31,15.079999923706056,561,8664557.80711174,1637
NUS,2023-12-31,18.166648864746097,1509,8658321.383953094,1638
KROS,2023-12-31,39.7599983215332,939,8657710.991287231,1639
IRON,2023-12-31,57.7599983215332,852,8640003.860473633,1640
MBC,2023-12-31,14.850000381469728,265,8638666.074848175,1641
OLMA,2023-12-31,14.029999732971191,782,8637504.695034027,1642
XMTR,2023-12-31,35.90999984741211,630,8609441.54548645,1643
DFH,2023-12-31,35.529998779296875,741,8595264.969348907,1644
SFBS,2023-12-31,63.73052215576172,1509,8590705.433273315,1645
CMP,2023-12-31,25.147911071777344,1509,8587923.369789124,1646
TFIN,2023-12-31,80.18000030517578,1509,8550917.970848083,1647
LAR,2023-12-31,6.320000171661377,1509,8534626.11424923,1648
GENI,2023-12-31,6.179999828338623,815,8526680.331468582,1649
XHR,2023-12-31,12.427562713623049,1509,8501143.208885193,1650
ALG,2023-12-31,206.94078063964844,1509,8490205.718231201,1651
DEA,2023-12-31,27.20315742492676,1509,8476307.30758667,1652
WNC,2023-12-31,24.002267837524418,1509,8466449.5139122,1653
THRM,2023-12-31,52.36000061035156,1509,8459697.108459473,1654
WSFS,2023-12-31,44.57548904418945,1509,8428666.426086426,1655
WAFD,2023-12-31,30.277931213378903,1509,8403406.09960556,1656
ANDE,2023-12-31,55.28110885620117,1509,8395556.210517883,1657
BGS,2023-12-31,7.706345558166504,1509,8371199.060297012,1658
ARCO,2023-12-31,11.755443572998049,1509,8364159.244251251,1659
LBRDA,2023-12-31,75.57638549804688,1509,8350058.965045929,1660
OFIX,2023-12-31,13.479999542236328,1509,8344327.958869934,1661
STVN,2023-12-31,27.03830909729004,619,8337673.552131653,1662
TRN,2023-12-31,24.055200576782227,1509,8331129.953384399,1663
ECHO,2023-12-31,16.56999969482422,1509,8331029.523086548,1664
NSSC,2023-12-31,33.068687438964844,1509,8321360.254096985,1665
PGY,2023-12-31,16.559999465942383,679,8275803.235768318,1666
ERII,2023-12-31,18.84000015258789,1509,8258560.467910767,1667
KT,2023-12-31,12.52239227294922,1509,8256782.723712921,1668
ESRT,2023-12-31,9.266104698181152,1509,8245297.957921028,1669
ASPN,2023-12-31,15.779999732971191,1509,8237429.0184021,1670
GHC,2023-12-31,682.6246948242188,1509,8233841.061401367,1671
HNI,2023-12-31,38.72901916503906,1509,8226408.628082275,1672
GBX,2023-12-31,41.49421310424805,1509,8223295.895576477,1673
MGRC,2023-12-31,114.6484603881836,1509,8211951.82723999,1674
EBC,2023-12-31,13.18614387512207,807,8208034.84544754,1675
IREN,2023-12-31,7.150000095367432,532,8157640.462481976,1676
GTY,2023-12-31,24.887903213500977,1509,8153294.440460205,1677
UFPT,2023-12-31,172.0399932861328,1509,8144872.966003418,1678
CERT,2023-12-31,17.59000015258789,767,8129927.081251144,1679
MTRN,2023-12-31,128.62811279296875,1509,8128462.680053711,1680
APPS,2023-12-31,6.860000133514404,1509,8104030.055546761,1681
ANIP,2023-12-31,55.13999938964844,1509,8103387.916564941,1682
BNKK,2023-12-31,122.8499984741211,796,8095279.685668945,1683
ATEN,2023-12-31,12.717387199401855,1509,8080483.0713272095,1684
BORR,2023-12-31,6.820166110992432,1114,8036500.098538399,1685
GNK,2023-12-31,14.008264541625977,1509,7981420.032119751,1686
CIGI,2023-12-31,125.73255157470705,1509,7940306.5841674805,1687
HAPN,2023-12-31,8.739999771118164,1509,7889222.912454605,1688
SCL,2023-12-31,88.7353515625,1509,7865824.592590332,1689
PAM,2023-12-31,49.52000045776367,1509,7863710.289382935,1690
QURE,2023-12-31,6.769999980926514,1509,7841960.895037651,1691
COGT,2023-12-31,5.880000114440918,1449,7831885.352706909,1692
HTH,2023-12-31,33.32939529418945,1509,7824267.687797546,1693
RC,2023-12-31,8.051844596862793,1509,7823757.457280159,1694
QTRX,2023-12-31,27.34000015258789,1509,7741515.095329285,1695
EFC,2023-12-31,9.3272066116333,1509,7723357.366228104,1696
KN,2023-12-31,17.90999984741211,1509,7713181.86378479,1697
SNEX,2023-12-31,32.813331604003906,1509,7669307.797050476,1698
COLL,2023-12-31,30.780000686645508,1509,7663599.7314453125,1699
DORM,2023-12-31,83.41000366210938,1509,7640624.1355896,1700
JELD,2023-12-31,18.8799991607666,1509,7639405.282497406,1701
HZO,2023-12-31,38.900001525878906,1509,7584375.176811218,1702
XNCR,2023-12-31,21.229999542236328,1509,7576834.179401398,1703
MGNI,2023-12-31,9.34000015258789,1509,7568718.150901794,1704
TTMI,2023-12-31,15.8100004196167,1509,7565689.021158218,1705
ASTS,2023-12-31,6.03000020980835,1047,7553042.133998871,1706
CCRN,2023-12-31,22.63999938964844,1509,7470527.2614479065,1707
RGNX,2023-12-31,17.950000762939453,1509,7451431.978702545,1708
BATRK,2023-12-31,39.58000183105469,1509,7435856.418418884,1709
SAFE,2023-12-31,21.087005615234375,1509,7425210.054111481,1710
ESE,2023-12-31,116.3690948486328,1509,7422337.383270264,1711
EMBC,2023-12-31,17.032644271850586,447,7402459.5061302185,1712
CMPR,2023-12-31,80.05000305175781,1509,7362314.525222778,1713
ZIP,2023-12-31,13.899999618530272,654,7358846.6775894165,1714
PLMR,2023-12-31,55.5,1185,7356001.901245117,1715
HCI,2023-12-31,84.67231750488281,1509,7347063.956451416,1716
CRGY,2023-12-31,11.830065727233888,518,7335367.992210388,1717
COHU,2023-12-31,35.38999938964844,1509,7257655.881690979,1718
CRBU,2023-12-31,5.730000019073486,614,7251233.43334198,1719
WWW,2023-12-31,8.36599349975586,1509,7249892.384433746,1720
MBUU,2023-12-31,54.81999969482422,1509,7223661.499595642,1721
GEF,2023-12-31,60.17705535888672,1509,7199055.456542969,1722
ALKT,2023-12-31,24.25,684,7178471.028518677,1723
SFNC,2023-12-31,17.821910858154297,1509,7172345.821762085,1724
ARCT,2023-12-31,31.530000686645508,1509,7170382.569503784,1725
PFS,2023-12-31,15.840063095092772,1509,7134776.427555085,1726
E,2023-12-31,29.97936630249023,1509,7132470.606231689,1727
CASH,2023-12-31,52.554298400878906,1509,7106167.24281311,1728
PLRX,2023-12-31,18.11000061035156,901,7091897.16053009,1729
NMRK,2023-12-31,10.698979377746582,1509,7090261.957216263,1730
CYRX,2023-12-31,15.489999771118164,1509,7082041.091871262,1731
LOVE,2023-12-31,25.549999237060547,1387,7076531.918716431,1732
TMCI,2023-12-31,12.75,677,7040195.171356201,1733
TH,2023-12-31,9.729999542236328,1462,7036739.917802811,1734
DNOW,2023-12-31,11.31999969482422,1509,7000182.713747025,1735
XPOF,2023-12-31,12.890000343322754,614,6988050.119686127,1736
CIM,2023-12-31,11.26267433166504,1509,6971799.108994484,1737
NWN,2023-12-31,34.67705535888672,1509,6938634.778404236,1738
BANR,2023-12-31,49.21364974975586,1509,6904264.345932007,1739
ECPG,2023-12-31,50.75,1509,6891322.947311401,1740
PDFS,2023-12-31,32.13999938964844,1509,6882684.593868256,1741
GDRX,2023-12-31,6.699999809265137,823,6864211.754608154,1742
PLUS,2023-12-31,78.83436584472656,1509,6863439.205932617,1743
CRNC,2023-12-31,19.65999984741211,1081,6860023.466873169,1744
HTO,2023-12-31,60.49118423461914,1509,6855674.1050720215,1745
ASC,2023-12-31,12.594964981079102,1509,6832439.492797852,1746
PRDO,2023-12-31,16.705774307250977,1509,6813907.099246979,1747
MIR,2023-12-31,10.25,846,6813837.532758713,1748
SSYS,2023-12-31,14.279999732971191,1509,6794683.586502076,1749
AGEN,2023-12-31,16.600000381469727,1509,6787607.083497047,1750
NHI,2023-12-31,49.3460693359375,1509,6787333.168029785,1751
SIBN,2023-12-31,20.989999771118164,1309,6779649.383831024,1752
DX,2023-12-31,8.713152885437012,1509,6706941.0796403885,1753
VRTS,2023-12-31,214.9701232910156,1509,6703745.553588867,1754
CNNE,2023-12-31,18.13547134399414,1509,6690116.095066071,1755
OEC,2023-12-31,27.172985076904297,1509,6666112.652492523,1756
RYZ,2023-12-31,32.28070068359375,1509,6656044.279098511,1757
SXI,2023-12-31,155.79196166992188,1509,6655122.887420654,1758
KRUS,2023-12-31,76.0,1112,6648925.958442688,1759
IOSP,2023-12-31,117.72265625,1509,6644434.117126465,1760
GOLD,2023-12-31,28.384540557861328,1509,6597743.69392395,1761
BBVA,2023-12-31,7.793220043182373,1509,6568297.398972511,1762
AGM,2023-12-31,176.3683624267578,1509,6540892.663574219,1763
CRMT,2023-12-31,75.7699966430664,1509,6492545.881271362,1764
STRA,2023-12-31,86.35225677490234,1509,6479438.39263916,1765
BUR,2023-12-31,15.177079200744627,805,6476907.906723022,1766
IVR,2023-12-31,5.656167030334473,1509,6445825.784707069,1767
ARLO,2023-12-31,9.520000457763672,1361,6423429.152393341,1768
FWONA,2023-12-31,57.97999954223633,1509,6423127.154159546,1769
REYN,2023-12-31,24.499116897583008,986,6422103.992176056,1770
STC,2023-12-31,54.53998565673828,1509,6410513.050079346,1771
BKD,2023-12-31,5.820000171661377,1509,6390344.871544838,1772
LEU,2023-12-31,54.40999984741211,1509,6355664.472198486,1773
UCTT,2023-12-31,34.13999938964844,1509,6353157.077884674,1774
MFA,2023-12-31,7.932732582092285,1509,6322343.869400024,1775
HOPE,2023-12-31,10.670964241027832,1509,6299692.730474472,1776
IVT,2023-12-31,23.331369400024418,1509,6269117.391395569,1777
CLFD,2023-12-31,29.079999923706055,1509,6251960.00289917,1778
HLIO,2023-12-31,44.35758972167969,1509,6208013.343429565,1779
SCHL,2023-12-31,35.11107635498047,1509,6182667.802429199,1780
CRVL,2023-12-31,82.40333557128906,1509,6181661.714172363,1781
ARI,2023-12-31,9.140944480895996,1509,6158322.750520706,1782
ARHS,2023-12-31,10.913043975830078,541,6155001.45778656,1783
CTS,2023-12-31,43.37290954589844,1509,6153712.112426758,1784
KURA,2023-12-31,14.380000114440918,1509,6120219.865036011,1785
SFL,2023-12-31,9.320560455322266,1509,6106293.149328232,1786
WT,2023-12-31,6.740213394165039,1509,6104416.74284935,1787
BLCO,2023-12-31,17.059999465942383,415,6076119.04630661,1788
ABCL,2023-12-31,5.710000038146973,767,6064081.543838978,1789
STEP,2023-12-31,29.630046844482425,828,6044011.062335968,1790
PLTK,2023-12-31,7.4882073402404785,743,6041615.751123428,1791
KNSA,2023-12-31,17.540000915527344,1409,6037002.970695496,1792
DAC,2023-12-31,68.75919342041016,1509,6031775.92048645,1793
APOG,2023-12-31,50.56535720825195,1509,6018566.031455994,1794
ADUS,2023-12-31,92.8499984741211,1509,6013333.678436279,1795
GSAT,2023-12-31,29.100000381469727,1509,6008666.225439072,1796
STN,2023-12-31,78.9645004272461,1509,6007211.972427368,1797
VERA,2023-12-31,15.380000114440918,662,5986781.965208054,1798
KB,2023-12-31,38.104278564453125,1509,5981056.922912598,1799
ECVT,2023-12-31,9.770000457763672,1509,5969725.940179825,1800
UHAL,2023-12-31,71.80000305175781,1509,5968001.349067688,1801
CENTA,2023-12-31,35.231998443603516,1509,5967608.637928963,1802
LTC,2023-12-31,27.335344314575195,1509,5926931.817054749,1803
PRLB,2023-12-31,38.959999084472656,1509,5922083.958530426,1804
SEB,2023-12-31,3546.1357421875,1509,5907666.223144531,1805
HCSG,2023-12-31,10.369999885559082,1509,5893664.892101288,1806
GOGO,2023-12-31,10.130000114440918,1509,5858020.330619812,1807
LMAT,2023-12-31,55.52515411376953,1509,5852195.544242859,1808
HOV,2023-12-31,155.6199951171875,1509,5845974.801635742,1809
PSNY,2023-12-31,67.80000305175781,660,5836210.2849617,1810
RWT,2023-12-31,5.5182414054870605,1509,5835700.138831139,1811
MGEE,2023-12-31,68.43473052978516,1509,5783539.6854400635,1812
CTKB,2023-12-31,9.119999885559082,614,5781629.977226257,1813
DGII,2023-12-31,26.0,1509,5775149.955844879,1814
TNGX,2023-12-31,9.899999618530272,836,5767226.669478416,1815
USPH,2023-12-31,88.12323760986328,1509,5766790.306472778,1816
ACT,2023-12-31,27.320724487304688,576,5762170.831108093,1817
FIZZ,2023-12-31,46.40125274658203,1509,5761333.088302612,1818
CMRC,2023-12-31,9.729999542236328,857,5746609.973907471,1819
BMA,2023-12-31,24.68787002563477,1509,5735772.144412994,1820
MD,2023-12-31,9.300000190734863,1509,5734775.811767578,1821
BXC,2023-12-31,113.30999755859376,1509,5727064.34135437,1822
DYN,2023-12-31,13.300000190734863,827,5716971.5443611145,1823
AAT,2023-12-31,19.298091888427734,1509,5711445.559358597,1824
CDLX,2023-12-31,92.0999984741211,1482,5708650.505409241,1825
ORC,2023-12-31,5.309204578399658,1509,5694335.712003708,1826
BLFS,2023-12-31,16.25,1509,5689708.099794388,1827
RGR,2023-12-31,43.76537322998047,1509,5682206.889533997,1828
SEAT,2023-12-31,126.4000015258789,552,5681995.269241333,1829
FCF,2023-12-31,14.229936599731444,1509,5654706.38756752,1830
FFBC,2023-12-31,21.624422073364254,1509,5653730.328655243,1831
CAE,2023-12-31,21.59000015258789,1509,5653603.974151611,1832
MEI,2023-12-31,20.37658309936523,1509,5621818.2987213135,1833
MATV,2023-12-31,13.892848014831545,1509,5609625.6919384,1834
EAF,2023-12-31,21.899999618530273,1435,5606768.082885742,1835
CLBT,2023-12-31,8.65999984741211,791,5605901.3957977295,1836
KFRC,2023-12-31,61.77335357666016,1509,5599042.151641846,1837
SKM,2023-12-31,19.762439727783203,1509,5595970.291137695,1838
CARS,2023-12-31,18.969999313354492,1509,5592728.448677063,1839
PRAA,2023-12-31,26.200000762939453,1509,5579603.912782669,1840
AMRX,2023-12-31,6.070000171661377,1423,5575806.606113911,1841
INN,2023-12-31,5.842911243438721,1509,5573432.1143865585,1842
GTX,2023-12-31,9.403404235839844,1331,5566107.193899155,1843
BAK,2023-12-31,8.819999694824219,1509,5565681.610512733,1844
ADTN,2023-12-31,7.340000152587891,1509,5562531.955623627,1845
BSAC,2023-12-31,16.85479736328125,1509,5512070.372438431,1846
TRMK,2023-12-31,26.09029006958008,1509,5509703.407001495,1847
HMN,2023-12-31,30.01542091369629,1509,5484036.945533752,1848
NWBI,2023-12-31,10.648792266845703,1509,5481347.0452308655,1849
PDM,2023-12-31,6.555514335632324,1509,5470950.84233284,1850
PSFE,2023-12-31,12.789999961853027,811,5463536.959648133,1851
SMP,2023-12-31,36.487037658691406,1509,5459032.754516602,1852
FLNG,2023-12-31,21.210344314575195,1144,5452286.874580383,1853
LGND,2023-12-31,71.41999816894531,1509,5423943.509483337,1854
CLB,2023-12-31,17.54366111755371,1509,5423273.132324219,1855
OSW,2023-12-31,13.847869873046877,1509,5414656.143760681,1856
RNST,2023-12-31,31.57556915283203,1509,5411704.08411026,1857
FLGT,2023-12-31,28.90999984741211,1509,5381350.37727356,1858
UVV,2023-12-31,57.741607666015625,1509,5370300.540542603,1859
HWKN,2023-12-31,69.35304260253906,1509,5337580.372428894,1860
ESLT,2023-12-31,209.52606201171875,1509,5335453.09753418,1861
DOO,2023-12-31,69.74044799804688,1509,5314294.86579895,1862
BMEA,2023-12-31,14.520000457763672,682,5266283.104610443,1863
WABC,2023-12-31,51.503719329833984,1509,5245416.7766571045,1864
LKFN,2023-12-31,60.18097686767578,1509,5236495.575332642,1865
LADR,2023-12-31,9.31827449798584,1509,5217249.299526215,1866
ONT,2023-12-31,32.130001068115234,866,5212102.997112274,1867
ACDC,2023-12-31,8.479999542236328,410,5179759.198236465,1868
ASTH,2023-12-31,38.29999923706055,1509,5169432.977867126,1869
FRME,2023-12-31,33.75679016113281,1509,5160144.8521614075,1870
DOLE,2023-12-31,11.72271728515625,609,5149073.937749863,1871
AEG,2023-12-31,5.114101409912109,1509,5138053.314089775,1872
CRSR,2023-12-31,14.100000381469728,823,5109499.082946777,1873
BBW,2023-12-31,21.725772857666016,1509,5100348.772716522,1874
GDOT,2023-12-31,9.899999618530272,1509,5073344.960689545,1875
KNTK,2023-12-31,27.878921508789062,1290,5070693.595123291,1876
GSM,2023-12-31,6.299671649932861,1509,5060182.481455803,1877
HROW,2023-12-31,11.199999809265137,1509,5043473.942232132,1878
AGRO,2023-12-31,10.466708183288574,1509,5042579.371404648,1879
BELFB,2023-12-31,66.24539184570312,1509,5025916.528511047,1880
BANF,2023-12-31,93.18560028076172,1509,5016266.11328125,1881
OSG,2023-12-31,16.479999542236328,1509,5014220.895385742,1882
LEN.B,2023-12-31,121.45065307617188,1509,5005679.912971497,1883
SWBI,2023-12-31,12.142851829528809,1509,5002732.16342926,1884
