ticker,cutoff,price,history_days,median_dollar_volume_60d,liquidity_rank
TSLA,2025-12-31,449.7200012207031,2011,33581172311.314392,1
NVDA,2025-12-31,186.27281188964844,2011,33072876699.925232,2
AAPL,2025-12-31,271.3558349609375,2011,12025310881.503296,3
AMD,2025-12-31,214.16000366210935,2011,10897953898.608398,4
MSFT,2025-12-31,481.4758605957031,2011,10724862967.861938,5
AMZN,2025-12-31,230.82000732421875,2011,9700264657.958221,6
META,2025-12-31,658.9146728515625,2011,9345238096.246338,7
GOOGL,2025-12-31,312.5931091308594,2011,8886425200.579834,8
PLTR,2025-12-31,177.75,1320,7685852229.322815,9
AVGO,2025-12-31,344.8297424316406,2011,7673965165.59906,10
GOOG,2025-12-31,313.3904724121094,2011,5679809280.169678,11
MU,2025-12-31,285.24627685546875,2011,5246826450.670624,12
ORCL,2025-12-31,193.0479431152344,2011,4987809559.920502,13
TSM,2025-12-31,302.328125,2011,3487207952.342224,14
MSTR,2025-12-31,151.9499969482422,2011,3483770068.470001,15
HOOD,2025-12-31,113.0999984741211,1112,3277235767.0684814,16
LLY,2025-12-31,1071.045654296875,2011,3248665342.102051,17
INTC,2025-12-31,36.900001525878906,2011,3156992238.886261,18
COIN,2025-12-31,226.13999938964844,1186,2622363870.414734,19
JPM,2025-12-31,317.70855712890625,2011,2377279550.0183105,20
APP,2025-12-31,673.8200073242188,1185,2369677043.273926,21
COST,2025-12-31,859.915771484375,2011,2195422087.283325,22
BRK.B,2025-12-31,502.6499938964844,2011,2080736724.6276855,23
V,2025-12-31,349.26422119140625,2011,1978347261.303711,24
WMT,2025-12-31,110.97005462646484,2011,1808983525.9990692,25
BAC,2025-12-31,54.40813064575195,2011,1807369126.5703201,26
CRM,2025-12-31,263.56884765625,2011,1778625885.510254,27
IREN,2025-12-31,37.77000045776367,1034,1770649400.7482529,28
SOFI,2025-12-31,26.18000030517578,1255,1758443835.1882935,29
AMAT,2025-12-31,256.3511962890625,2011,1710149622.756958,30
NBIS,2025-12-31,83.70500183105469,300,1678837682.9315186,31
GEV,2025-12-31,652.3611450195312,443,1656528490.750122,32
GS,2025-12-31,870.5615234375,2011,1615997508.605957,33
XOM,2025-12-31,118.73727416992188,2011,1578954207.6202393,34
LRCX,2025-12-31,170.8547821044922,2011,1573382698.6328125,35
JNJ,2025-12-31,204.67852783203125,2011,1553676884.474945,36
UBER,2025-12-31,81.70999908447266,1671,1493151552.3628235,37
OKLO,2025-12-31,71.76000213623047,1127,1478360180.7289124,38
BA,2025-12-31,217.1199951171875,2011,1436907623.261261,39
RGTI,2025-12-31,22.149999618530273,1180,1434899715.271759,40
MA,2025-12-31,568.0936279296875,2011,1434756898.8555908,41
CAT,2025-12-31,570.44677734375,2011,1417733177.0446777,42
ASML,2025-12-31,1066.1220703125,2011,1383159503.0456543,43
BE,2025-12-31,86.88999938964844,1870,1379887931.0646057,44
QCOM,2025-12-31,169.33335876464844,2011,1367528646.4134216,45
MRVL,2025-12-31,84.85547637939453,2011,1347371778.3950806,46
PG,2025-12-31,141.2361602783203,2011,1311301776.2939453,47
BKNG,2025-12-31,213.1896820068359,2011,1296304409.5039368,48
CSCO,2025-12-31,75.92303466796875,2011,1293007518.2762146,49
HD,2025-12-31,339.27001953125,2011,1228119821.6644287,50
SHOP,2025-12-31,160.97000122070312,2011,1226606718.6462402,51
IONQ,2025-12-31,44.869998931884766,1255,1207750775.1514435,52
TXN,2025-12-31,171.49356079101562,2011,1196598136.0977173,53
C,2025-12-31,115.53838348388672,2011,1196167089.0274048,54
RKLB,2025-12-31,69.76000213623047,1281,1194977714.994049,55
NOW,2025-12-31,153.19000244140625,2011,1191247298.6679077,56
ADBE,2025-12-31,349.989990234375,2011,1191073274.0264893,57
WFC,2025-12-31,92.21694946289062,2011,1187897173.9772797,58
IBM,2025-12-31,292.3788146972656,2011,1180139127.0996094,59
PFE,2025-12-31,24.09208869934082,2011,1178615174.8163223,60
GE,2025-12-31,307.1990051269531,2011,1168689151.374817,61
VRT,2025-12-31,161.937744140625,1864,1162294477.9930115,62
WDC,2025-12-31,172.1427001953125,2011,1153848609.267044,63
ABBV,2025-12-31,224.8013153076172,2011,1140370160.3790283,64
MRK,2025-12-31,103.74008178710938,2011,1130505064.9246216,65
CVX,2025-12-31,149.56362915039062,2011,1117200484.918213,66
KLAC,2025-12-31,121.19563293457033,2011,1109057574.1882327,67
LITE,2025-12-31,368.5899963378906,2011,1104824492.5682068,68
CRWD,2025-12-31,117.19000244140624,1649,1076076683.2473755,69
LIN,2025-12-31,423.6230163574219,2011,1058782568.3151245,70
CVNA,2025-12-31,84.40399932861328,2011,1052283639.2230988,71
QBTS,2025-12-31,26.149999618530273,1269,1050714388.0656242,72
INTU,2025-12-31,656.2581787109375,2011,1034262811.6210938,73
SPOT,2025-12-31,580.7100219726562,1949,1028843058.0963135,74
KO,2025-12-31,68.9871826171875,2011,1022348127.0061493,75
APH,2025-12-31,134.67025756835938,2011,1016435970.7244873,76
PANW,2025-12-31,184.1999969482422,2011,1010463226.689148,77
DASH,2025-12-31,226.47999572753903,1271,1003789759.1560364,78
PEP,2025-12-31,140.7681121826172,2011,996053002.217102,79
SNOW,2025-12-31,219.36000061035156,1330,995910725.1472473,80
T,2025-12-31,23.976802825927734,2011,995017893.1475639,81
VZ,2025-12-31,38.78104782104492,2011,992007984.0251923,82
TMUS,2025-12-31,200.9779052734375,2011,984755531.9641113,83
STX,2025-12-31,274.7145690917969,2011,977895948.7838745,84
DIS,2025-12-31,112.90486907958984,2011,973833702.180481,85
ANET,2025-12-31,131.02999877929688,2011,965763006.2683105,86
SMCI,2025-12-31,29.270000457763672,2011,956407626.9987106,87
MELI,2025-12-31,2014.260009765625,2011,952916953.3569336,88
CEG,2025-12-31,352.24993896484375,992,939564192.8741455,89
ISRG,2025-12-31,566.3599853515625,2011,936987969.7143555,90
RDDT,2025-12-31,229.8699951171875,447,930385864.9459839,91
TMO,2025-12-31,578.2980346679688,2011,920486419.3969727,92
PYPL,2025-12-31,58.012542724609375,2011,918440551.644516,93
ACN,2025-12-31,262.8829040527344,2011,902429881.6642761,94
MCD,2025-12-31,301.8847351074219,2011,896168492.7246094,95
NKE,2025-12-31,62.72861099243164,2011,887629731.8534851,96
F,2025-12-31,12.817858695983888,2011,871186561.2431526,97
CRDO,2025-12-31,143.88999938964844,986,856281055.821991,98
WBD,2025-12-31,28.81999969482422,2011,848440303.4002304,99
DELL,2025-12-31,124.9450912475586,2011,847163970.3186035,100
SNPS,2025-12-31,469.7200012207031,2011,843488282.4508667,101
CLS,2025-12-31,295.6099853515625,2011,842081093.0908203,102
ETN,2025-12-31,316.6448669433594,2011,839705302.029419,103
NEM,2025-12-31,99.41619873046876,2011,839389802.9800415,104
ALAB,2025-12-31,166.36000061035156,448,835698755.8158875,105
ADI,2025-12-31,269.614990234375,2011,833369329.1717529,106
HIMS,2025-12-31,32.470001220703125,1584,832319716.6959763,107
COF,2025-12-31,240.4042510986328,2011,831775298.9440918,108
ASTS,2025-12-31,72.62999725341797,1549,827443292.4510956,109
PM,2025-12-31,157.67356872558594,2011,826254933.8722229,110
MS,2025-12-31,175.6129608154297,2011,825736296.3943481,111
AXP,2025-12-31,366.9622192382813,2011,809626740.0619507,112
AMGN,2025-12-31,322.6213684082031,2011,795393523.6755371,113
HON,2025-12-31,202.4805145263672,2011,794299991.7235489,114
SBUX,2025-12-31,83.182861328125,2011,787080965.4518127,115
SCHW,2025-12-31,99.2177276611328,2011,786016015.8004761,116
BSX,2025-12-31,95.3499984741211,2011,784336071.3993073,117
CMCSA,2025-12-31,27.00235939025879,2011,777081410.2228613,118
GILD,2025-12-31,121.25001525878906,2011,756762937.4885558,119
APLD,2025-12-31,24.520000457763672,933,756747546.3324547,120
SPGI,2025-12-31,492.1165771484375,2011,756667523.8566132,121
DHR,2025-12-31,227.9601287841797,2011,753616057.8605652,122
VST,2025-12-31,160.88491821289062,2011,749784465.486145,123
HPE,2025-12-31,23.79648780822754,2011,742454304.502964,124
NEE,2025-12-31,79.15652465820312,2011,736170957.2711945,125
RTX,2025-12-31,182.03460693359375,2011,718336117.6147461,126
AAL,2025-12-31,15.329999923706056,2011,715854607.2358131,127
CIFR,2025-12-31,14.760000228881836,1306,699553013.0605698,128
ABT,2025-12-31,123.88135528564452,2011,696604407.7842712,129
TJX,2025-12-31,152.67686462402344,2011,675550189.805603,130
PGR,2025-12-31,213.91427612304688,2011,671442403.4477234,131
OPEN,2025-12-31,5.829999923706055,1392,659409820.7949638,132
RBLX,2025-12-31,81.02999877929688,1210,655700311.9293213,133
UNP,2025-12-31,228.92807006835935,2011,654227759.7938539,134
NVO,2025-12-31,49.07999801635742,2011,653887863.6716843,135
BMY,2025-12-31,52.17694091796875,2011,652614278.4172058,136
FCX,2025-12-31,50.55244445800781,2011,641548565.2263641,137
BLK,2025-12-31,1058.44970703125,2011,641292745.6787109,138
REGN,2025-12-31,769.7929077148438,2011,640327718.7072754,139
BBAI,2025-12-31,5.400000095367432,1193,640148552.3365259,140
CMG,2025-12-31,37.0,2011,637258916.2155151,141
SHW,2025-12-31,322.4789733886719,2011,626191808.5327148,142
GM,2025-12-31,80.95243072509766,2011,617472591.8392181,143
LOW,2025-12-31,238.9348602294922,2011,613098692.6399231,144
LULU,2025-12-31,207.80999755859375,2011,609689737.4481201,145
RIVN,2025-12-31,19.709999084472656,1039,605017783.2087517,146
MARA,2025-12-31,8.979999542236328,2011,594270492.6490307,147
COHR,2025-12-31,184.57000732421875,2011,590521231.3278198,148
MP,2025-12-31,50.52000045776367,1390,586642410.2891922,149
ONDS,2025-12-31,9.760000228881836,1274,586218606.5237999,150
TGT,2025-12-31,95.86016082763672,2011,582619498.727417,151
LMT,2025-12-31,478.0050964355469,2011,580288990.8843994,152
HCA,2025-12-31,465.2342224121094,2011,577660709.6221924,153
ICE,2025-12-31,160.84112548828125,2011,563015005.7136536,154
DDOG,2025-12-31,135.99000549316406,1580,562218679.083252,155
BX,2025-12-31,150.97023010253906,2011,560662912.4946594,156
DE,2025-12-31,463.0121765136719,2011,559167596.3348389,157
SYK,2025-12-31,349.5882873535156,2011,557096967.5186157,158
MDT,2025-12-31,94.43004608154295,2011,555947092.4026489,159
MPWR,2025-12-31,903.1734008789062,2011,555896862.5915527,160
RKT,2025-12-31,19.36000061035156,1358,555820028.1520844,161
NU,2025-12-31,16.739999771118164,1019,552053608.5219383,162
ABNB,2025-12-31,135.72000122070312,1270,551043329.9911499,163
SMR,2025-12-31,14.170000076293944,964,547778179.2934418,164
B,2025-12-31,43.00543975830078,2011,546291455.4800034,165
COP,2025-12-31,92.2019271850586,2011,542884368.0912018,166
WELL,2025-12-31,184.32449340820312,2011,542695627.0500183,167
NXPI,2025-12-31,215.2093048095703,2011,540648414.0533447,168
GLW,2025-12-31,87.26313018798828,2011,538314446.8093872,169
KKR,2025-12-31,126.99896240234376,2011,538145058.8386536,170
KVUE,2025-12-31,16.851099014282227,668,536903532.0688248,171
RCL,2025-12-31,276.0108642578125,2011,533966370.3643799,172
VRTX,2025-12-31,453.3599853515625,2011,533623743.8446045,173
ZTS,2025-12-31,124.74244689941406,2011,532163378.7635803,174
TER,2025-12-31,193.4060516357422,2011,528518197.1954346,175
MDB,2025-12-31,419.69000244140625,2011,526504725.0,176
MCK,2025-12-31,818.7034912109375,2011,522928129.64782715,177
AMT,2025-12-31,172.18948364257812,2011,522879149.9572754,178
LEN,2025-12-31,101.20004272460938,2011,522000620.980072,179
SLB,2025-12-31,37.95599365234375,2011,520416767.2045708,180
KMB,2025-12-31,98.30873107910156,2011,519662850.21591187,181
CDNS,2025-12-31,312.5799865722656,2011,517850675.9567261,182
MSI,2025-12-31,381.16748046875,2011,516966996.8032837,183
FISV,2025-12-31,67.16999816894531,2010,516716309.4303131,184
MRSH,2025-12-31,183.63803100585935,2011,514053367.3500061,185
CVS,2025-12-31,78.02751922607422,2011,509220936.3220215,186
WDAY,2025-12-31,214.77999877929688,2011,505432363.19885254,187
SO,2025-12-31,85.80990600585938,2011,499917388.80348206,188
FSLR,2025-12-31,261.2300109863281,2011,499590294.16275024,189
FLUT,2025-12-31,215.0399932861328,2011,499589026.0826111,190
WULF,2025-12-31,11.489999771118164,2011,498432686.08255386,191
ADP,2025-12-31,253.2010498046875,2011,496010287.0239258,192
MDLZ,2025-12-31,52.924320220947266,2011,487247892.3210144,193
CCL,2025-12-31,30.21441650390625,2011,487126069.13928986,194
DAL,2025-12-31,68.8587875366211,2011,485829725.08392334,195
CB,2025-12-31,310.2333679199219,2011,480175852.70233154,196
CL,2025-12-31,78.0539779663086,2011,477534442.3389435,197
ELV,2025-12-31,346.9903869628906,2011,477382140.62194824,198
AZO,2025-12-31,3391.5,2011,476478158.2763672,199
CIEN,2025-12-31,233.8699951171875,2011,476211056.0165405,200
JCI,2025-12-31,119.05256652832033,2011,466325702.6714325,201
MCHP,2025-12-31,63.03065872192383,2011,466191964.4269943,202
NET,2025-12-31,197.1499938964844,1584,464735806.8305969,203
ORLY,2025-12-31,91.20999908447266,2011,464533970.5810547,204
TT,2025-12-31,387.3844299316406,2011,462837942.16918945,205
PH,2025-12-31,875.3463745117188,2011,461559895.21484375,206
ACHR,2025-12-31,7.519999980926514,1264,461061752.6633024,207
CLSK,2025-12-31,10.119999885559082,2011,460834990.65065384,208
CME,2025-12-31,265.3285217285156,2011,460660495.0805664,209
COR,2025-12-31,336.39794921875,2011,458469137.66174316,210
CI,2025-12-31,272.1448669433594,2011,455027154.19921875,211
MO,2025-12-31,55.874168395996094,2011,449916010.88790894,212
DKNG,2025-12-31,34.459999084472656,1619,446710588.67998123,213
ALNY,2025-12-31,397.6499938964844,2011,442370268.21136475,214
AZN,2025-12-31,181.9629821777344,2011,437608593.49365234,215
CRH,2025-12-31,123.9112777709961,2011,436615145.07141113,216
KDP,2025-12-31,27.342023849487305,2011,432105767.1777725,217
HLT,2025-12-31,286.98101806640625,2011,430600575.8026123,218
ON,2025-12-31,54.150001525878906,2011,427461159.19742584,219
MMM,2025-12-31,158.5647735595703,2011,427107159.2628479,220
CSX,2025-12-31,36.02058792114258,2011,424866697.89333344,221
DHI,2025-12-31,143.18710327148438,2011,424203953.7940979,222
AXON,2025-12-31,567.9299926757812,2011,423367101.92871094,223
AEM,2025-12-31,168.8109893798828,2011,418572162.2810364,224
EA,2025-12-31,203.9440155029297,2011,417840835.45913696,225
TEL,2025-12-31,225.9415740966797,2011,417511476.65405273,226
ROP,2025-12-31,441.9820251464844,2011,416528133.94470215,227
HBAN,2025-12-31,17.021554946899414,2011,413730387.8062248,228
MAR,2025-12-31,309.03173828125,2011,412294718.3898926,229
EQT,2025-12-31,53.29914474487305,2011,410939748.40011597,230
NOC,2025-12-31,565.8989868164062,2011,407796255.06591797,231
APO,2025-12-31,143.56564331054688,2011,406674754.6485901,232
XYZ,2025-12-31,65.08999633789062,2011,405775680.4992676,233
RF,2025-12-31,26.58791160583496,2011,405278496.87166214,234
VLO,2025-12-31,161.03533935546875,2011,403542741.72592163,235
EXPE,2025-12-31,282.0977783203125,2011,399117048.5481262,236
HWM,2025-12-31,204.8124237060547,2011,398678912.5595093,237
KR,2025-12-31,61.842437744140625,2011,398382048.90289307,238
FICO,2025-12-31,1690.6199951171875,2011,396645796.3745117,239
ADSK,2025-12-31,296.010009765625,2011,395505818.36242676,240
CAH,2025-12-31,204.04910278320312,2011,395181911.6378784,241
PWR,2025-12-31,421.80267333984375,2011,393628779.3106079,242
AJG,2025-12-31,257.145263671875,2011,393574371.24328613,243
ZS,2025-12-31,224.9199981689453,1960,393381073.50616455,244
USB,2025-12-31,52.36648941040039,2011,393118591.11709595,245
EOG,2025-12-31,103.21701049804688,2011,389875750.0507355,246
FTNT,2025-12-31,79.41000366210938,2011,389247972.22213745,247
FDX,2025-12-31,230.95700073242188,2011,387479019.56770325,248
CMI,2025-12-31,507.1468505859375,2011,386883393.838501,249
EQIX,2025-12-31,758.2565307617188,2011,386417677.6977539,250
INSM,2025-12-31,174.0399932861328,2011,385808490.33203125,251
WMB,2025-12-31,59.24327850341797,2011,385060746.5057373,252
ECL,2025-12-31,261.1066589355469,2011,382433927.6649475,253
TEM,2025-12-31,59.04999923706055,388,381797311.0233307,254
SOUN,2025-12-31,9.970000267028809,923,381122749.9780178,255
TEAM,2025-12-31,162.13999938964844,2011,381022004.3457031,256
DUK,2025-12-31,115.22447204589844,2011,380826166.35284424,257
DLTR,2025-12-31,123.01000213623048,2011,379751365.4998779,258
HUM,2025-12-31,254.23594665527344,2011,378067173.7030029,259
ROST,2025-12-31,179.40623474121094,2011,377078713.20495605,260
CHTR,2025-12-31,208.75,2011,377015542.9031372,261
LNG,2025-12-31,193.4294281005859,2011,373636174.5147705,262
AON,2025-12-31,351.9515380859375,2011,373464885.446167,263
CCJ,2025-12-31,91.48999786376952,2011,373282832.54623413,264
EBAY,2025-12-31,86.56979370117188,2011,371160191.83387756,265
PLD,2025-12-31,125.72866821289062,2011,368951536.06681824,266
AEP,2025-12-31,113.5805435180664,2011,367815890.67001337,267
MNST,2025-12-31,76.66999816894531,2011,366053781.9793701,268
TRV,2025-12-31,287.804443359375,2011,363661489.414978,269
BDX,2025-12-31,150.541259765625,2011,362156407.9277344,270
LYV,2025-12-31,142.5,2011,361721508.88671875,271
CTAS,2025-12-31,187.129638671875,2011,360942054.50668335,272
MCO,2025-12-31,508.5348205566406,2011,360573219.73724365,273
OXY,2025-12-31,40.737518310546875,2011,359857222.5379944,274
AFRM,2025-12-31,74.43000030517578,1248,357196535.9840393,275
WM,2025-12-31,217.8955841064453,2011,356834398.87390137,276
ALB,2025-12-31,140.7312469482422,2011,356821903.5758972,277
PNC,2025-12-31,205.56097412109375,2011,356719054.68673706,278
FIX,2025-12-31,932.4400024414062,2011,355458344.16503906,279
FERG,2025-12-31,220.06968688964844,2011,353198987.2467041,280
CARR,2025-12-31,52.42757034301758,1455,353143129.4494629,281
MPC,2025-12-31,161.2038116455078,2011,348734120.1622009,282
KMI,2025-12-31,26.976421356201172,2011,348378188.6136055,283
TFC,2025-12-31,48.2092399597168,2011,348349208.3787918,284
PCG,2025-12-31,15.977559089660645,2011,347041985.25571823,285
TDG,2025-12-31,1329.8499755859375,2011,346661158.69140625,286
BNY,2025-12-31,115.1210708618164,2011,345471359.83543396,287
EL,2025-12-31,103.99037170410156,2011,342780221.6316223,288
TTWO,2025-12-31,256.0299987792969,2011,342142108.7150574,289
JOBY,2025-12-31,13.199999809265137,1292,339861373.9115238,290
MSCI,2025-12-31,569.42138671875,2011,336580912.98217773,291
QS,2025-12-31,10.420000076293944,1351,336419371.2294102,292
XEL,2025-12-31,72.76924896240234,2011,335834089.6080017,293
BKR,2025-12-31,45.217647552490234,2011,335333623.3909607,294
RIOT,2025-12-31,12.670000076293944,2011,333668612.43400574,295
GD,2025-12-31,332.2777404785156,2011,333487311.2503052,296
PATH,2025-12-31,16.389999389648438,1181,330750882.6730728,297
PINS,2025-12-31,25.88999938964844,1686,326928564.9673462,298
SAP,2025-12-31,238.7594757080078,2011,324754123.33984375,299
IDXX,2025-12-31,676.530029296875,2011,322711181.4666748,300
LEU,2025-12-31,242.7599945068359,2011,321587445.81451416,301
EXE,2025-12-31,109.10084533691406,1229,320962273.34632874,302
QUBT,2025-12-31,10.260000228881836,2011,318138612.58769035,303
TLN,2025-12-31,374.8399963378906,648,316948569.9951172,304
KHC,2025-12-31,23.42510986328125,2011,316683419.1516876,305
SNAP,2025-12-31,8.069999694824219,2011,316080656.6363573,306
PAYX,2025-12-31,109.6156005859375,2011,313308972.38197327,307
HUT,2025-12-31,45.939998626708984,1966,312834648.9303589,308
DXCM,2025-12-31,66.37000274658203,2011,312314616.1907196,309
KEY,2025-12-31,20.237180709838867,2011,312215483.15382004,310
NSC,2025-12-31,286.2117614746094,2011,312140230.36499023,311
DG,2025-12-31,130.9145050048828,2011,312063208.31565857,312
EXC,2025-12-31,42.81725311279297,2011,311796208.68911743,313
LVS,2025-12-31,64.37757873535156,2011,311549080.6240082,314
DUOL,2025-12-31,175.5,1113,310216621.5194702,315
ROK,2025-12-31,386.5312805175781,2011,310099506.8786621,316
IQV,2025-12-31,225.41000366210935,2011,307758915.1611328,317
STZ,2025-12-31,136.15936279296875,2011,307088964.39056396,318
TPR,2025-12-31,127.06549835205078,2011,306632742.6120758,319
CPRT,2025-12-31,39.150001525878906,2011,305824285.65273285,320
O,2025-12-31,54.92557907104492,2011,305647565.2748108,321
NRG,2025-12-31,158.25978088378906,2011,305050948.9807129,322
DECK,2025-12-31,103.66999816894533,2011,304266587.86582947,323
EMR,2025-12-31,131.67974853515625,2011,302637684.99298096,324
VEEV,2025-12-31,223.22999572753903,2011,302474729.05426025,325
NCLH,2025-12-31,22.31999969482422,2011,302112419.29836273,326
APD,2025-12-31,242.19747924804688,2011,301996838.11569214,327
AIG,2025-12-31,84.48689270019531,2011,301734914.1105652,328
D,2025-12-31,57.3974609375,2011,299936701.5411377,329
VICI,2025-12-31,27.21241569519043,2011,299890833.0030441,330
CTSH,2025-12-31,82.0015640258789,2011,296548481.83135986,331
HUBS,2025-12-31,401.2999877929687,2011,292041867.21191406,332
W,2025-12-31,100.41000366210938,2011,291471256.89888,333
ULTA,2025-12-31,605.010009765625,2011,291009038.7084961,334
LHX,2025-12-31,291.3704833984375,2011,290338235.9466553,335
HPQ,2025-12-31,21.660554885864254,2011,288901346.411705,336
CNC,2025-12-31,41.150001525878906,2011,288811002.72254944,337
FITB,2025-12-31,46.064117431640625,2011,288094747.2694397,338
YUM,2025-12-31,149.85264587402344,2011,285224642.0768738,339
EFX,2025-12-31,215.65235900878903,2011,284044312.44659424,340
ODFL,2025-12-31,156.3831024169922,2011,283606762.9234314,341
OMC,2025-12-31,79.10655212402344,2011,282443668.3746338,342
PSX,2025-12-31,127.06529235839844,2011,282088244.02389526,343
EME,2025-12-31,611.1207275390625,2011,281238209.58862305,344
EW,2025-12-31,85.25,2011,281186556.5155029,345
CDE,2025-12-31,17.809999465942383,2011,281015502.83198357,346
PCAR,2025-12-31,108.88738250732422,2011,280993568.39675903,347
ALL,2025-12-31,206.01675415039065,2011,280205540.67230225,348
LYFT,2025-12-31,19.3700008392334,1700,279811688.8613701,349
FFIV,2025-12-31,255.2599945068359,2011,279326112.38708496,350
SRE,2025-12-31,87.05657958984375,2011,278741256.4933777,351
AG,2025-12-31,16.640653610229492,2011,276419209.7834587,352
RSG,2025-12-31,210.09312438964844,2011,276325274.54299927,353
VRSK,2025-12-31,222.5182647705078,2011,274960313.86413574,354
ARES,2025-12-31,157.8687286376953,2011,274622017.17071533,355
HL,2025-12-31,19.181798934936523,2011,274333642.0162201,356
EOSE,2025-12-31,11.460000038146973,1297,272429750.3038883,357
HSY,2025-12-31,179.4135284423828,2011,270927912.3603821,358
BBY,2025-12-31,65.06041717529297,2011,268335295.388031,359
HAL,2025-12-31,28.00461196899414,2011,267721792.77420044,360
BIIB,2025-12-31,175.99000549316406,2011,267006500.25405884,361
LUV,2025-12-31,40.97331619262695,2011,266091080.68771362,362
FAST,2025-12-31,39.69766998291016,2011,265930757.2145462,363
TSCO,2025-12-31,49.38630294799805,2011,265838834.58251953,364
CPNG,2025-12-31,23.59000015258789,1209,262457955.34124374,365
DOW,2025-12-31,22.873729705810547,1707,261871929.46100235,366
OKE,2025-12-31,71.64828491210938,2011,261790147.3930359,367
DLR,2025-12-31,152.64599609375,2011,261420284.54589844,368
ROKU,2025-12-31,108.48999786376952,2011,259697802.17170715,369
GIS,2025-12-31,44.32577896118164,2011,258469444.29569244,370
DVN,2025-12-31,36.18231964111328,2011,257518838.20819855,371
AVAV,2025-12-31,241.88999938964844,2011,257426419.14672852,372
RACE,2025-12-31,365.3435363769531,2011,257352515.6692505,373
CORZ,2025-12-31,14.5600004196167,487,257209937.032032,374
UPST,2025-12-31,43.72999954223633,1266,255547857.89585114,375
NTRA,2025-12-31,229.08999633789065,2011,254662211.59057617,376
TOST,2025-12-31,35.5099983215332,1074,254658758.5510254,377
VMC,2025-12-31,284.1158142089844,2011,254402925.29144287,378
AME,2025-12-31,204.6776885986328,2011,253037328.67507935,379
PSA,2025-12-31,254.5207061767578,2011,252466380.93185425,380
CRS,2025-12-31,314.51239013671875,2011,251950940.01312256,381
AMP,2025-12-31,487.11614990234375,2011,251941057.00531006,382
ONON,2025-12-31,46.47999954223633,1079,251520727.20413208,383
TRGP,2025-12-31,182.66705322265625,2011,249820543.8369751,384
GWW,2025-12-31,1005.1130981445312,2011,248195320.47424316,385
RMD,2025-12-31,239.6008453369141,2011,247028249.0371704,386
IBKR,2025-12-31,64.17599487304688,2011,246098335.69698334,387
P,2025-12-31,67.01000213623047,2011,246065050.07629395,388
PAAS,2025-12-31,51.50572204589844,2011,245314415.0894165,389
MET,2025-12-31,77.78230285644531,2011,244099705.47447205,390
CTVA,2025-12-31,66.72562408447266,1661,242324109.62142944,391
A,2025-12-31,135.2578582763672,2011,241511710.7208252,392
AA,2025-12-31,52.96834945678711,2011,239430542.32635498,393
MRNA,2025-12-31,29.489999771118164,1776,239399828.63931656,394
TWLO,2025-12-31,142.24000549316406,2011,238840099.37667847,395
BURL,2025-12-31,288.8500061035156,2011,238779109.1064453,396
NDAQ,2025-12-31,96.47734832763672,2011,237475165.0314331,397
FLEX,2025-12-31,60.41999816894531,2011,236871572.94197083,398
FN,2025-12-31,455.2799987792969,2011,234965825.09613037,399
MOH,2025-12-31,173.5399932861328,2011,234428686.0710144,400
DKS,2025-12-31,195.58560180664065,2011,234270923.10638428,401
CELH,2025-12-31,45.7400016784668,2011,234038206.97135925,402
GEHC,2025-12-31,81.94757080078125,763,233652629.93469238,403
AWK,2025-12-31,128.70050048828125,2011,233568607.182312,404
SYF,2025-12-31,82.7559585571289,2011,231871181.79206848,405
ETR,2025-12-31,91.32770538330078,2011,231545059.0034485,406
KGC,2025-12-31,28.086339950561523,2011,230782917.3295021,407
FANG,2025-12-31,148.6193389892578,2011,230358960.0730896,408
LYB,2025-12-31,42.33768844604492,2011,229603764.9339676,409
CSGP,2025-12-31,67.23999786376953,2011,229426020.3529358,410
JBL,2025-12-31,227.8968811035156,2011,229397494.08569336,411
STT,2025-12-31,126.688720703125,2011,229166270.37506104,412
CCI,2025-12-31,86.76053619384766,2011,228365669.04067993,413
DPZ,2025-12-31,412.1771240234375,2011,226230603.75823975,414
NVT,2025-12-31,101.62835693359376,1934,226194974.22218323,415
BP,2025-12-31,33.897972106933594,2011,222986687.73078918,416
CLF,2025-12-31,13.279999732971191,2011,222186327.74438858,417
SPG,2025-12-31,181.01222229003903,2011,222179824.74899292,418
CHWY,2025-12-31,33.04999923706055,1647,221740624.4430542,419
WEC,2025-12-31,103.69035339355467,2011,220914854.8828125,420
PBR,2025-12-31,11.690924644470217,2011,220503461.55958176,421
SYY,2025-12-31,72.12461853027344,2011,219957510.27450562,422
LPLA,2025-12-31,356.4502868652344,2011,219702608.5220337,423
DRI,2025-12-31,179.80715942382812,2011,218785528.70635986,424
DD,2025-12-31,119.6432113647461,2011,216331097.33085632,425
ENTG,2025-12-31,84.12186431884766,2011,216258491.50886536,426
AFL,2025-12-31,109.12215423583984,2011,214870336.69128418,427
LII,2025-12-31,483.0006408691406,2011,214406174.67956543,428
UUUU,2025-12-31,14.539999961853027,2011,212957065.0355816,429
ETSY,2025-12-31,55.439998626708984,2011,212584629.470253,430
PHM,2025-12-31,116.7627944946289,2011,211346437.28675842,431
CFG,2025-12-31,57.58841323852539,2011,209409492.32254028,432
BWXT,2025-12-31,172.3710174560547,2011,208021140.71273804,433
WAT,2025-12-31,379.8299865722656,2011,206750049.95422363,434
KEYS,2025-12-31,203.19000244140625,2011,206735277.45666504,435
BRO,2025-12-31,79.28482818603516,2011,206466015.61889648,436
TKO,2025-12-31,207.35350036621097,2011,206209387.87231445,437
BLDR,2025-12-31,102.88999938964844,2011,206157610.20393375,438
NUE,2025-12-31,162.15731811523438,2011,205970262.48931885,439
PEG,2025-12-31,78.97327423095703,2011,205641563.43650818,440
IR,2025-12-31,79.18050384521484,2011,205466666.12815857,441
WTW,2025-12-31,326.3233947753906,2011,205438315.63110352,442
MLM,2025-12-31,621.0086669921875,2011,204803300.68969727,443
ENPH,2025-12-31,32.04999923706055,2011,204783738.79203796,444
WRB,2025-12-31,69.40538024902344,2011,204374636.3685608,445
FDS,2025-12-31,287.2984619140625,2011,203279808.25805664,446
ECHO,2025-12-31,108.6999969482422,2011,203251165.8267975,447
PPL,2025-12-31,34.48237228393555,2011,202432124.5918274,448
JBHT,2025-12-31,193.5913848876953,2011,202152344.90890503,449
BROS,2025-12-31,61.220001220703125,1079,201619343.45531464,450
NVS,2025-12-31,133.79762268066406,2011,201277663.1286621,451
HUBB,2025-12-31,441.5798645019531,2011,201208130.1805725,452
CHRW,2025-12-31,159.66517639160156,2011,201194600.56304932,453
SFM,2025-12-31,79.66999816894531,2011,200784623.57902527,454
RIO,2025-12-31,77.85289001464844,2011,200144925.30822754,455
CBRE,2025-12-31,160.7899932861328,2011,199915344.04449463,456
DOV,2025-12-31,194.31639099121097,2011,199604378.84902954,457
AU,2025-12-31,82.86071014404297,2011,199565920.21331787,458
FIS,2025-12-31,65.14952087402344,2011,199431424.1262436,459
VTR,2025-12-31,76.43929290771484,2011,198994707.41882324,460
IT,2025-12-31,252.27999877929688,2011,198896934.81750488,461
FE,2025-12-31,43.89331817626953,2011,197771016.7327881,462
ZM,2025-12-31,86.29000091552734,1686,197717843.5092926,463
CLX,2025-12-31,98.48396301269533,2011,196669425.63438416,464
MTD,2025-12-31,1394.18994140625,2011,196509077.96020508,465
NTAP,2025-12-31,105.70586395263672,2011,196445455.33065796,466
WPM,2025-12-31,117.15909576416016,2011,196338932.6095581,467
CDW,2025-12-31,134.7176513671875,2011,195814793.9414978,468
INCY,2025-12-31,98.7699966430664,2011,194571967.59605408,469
RGLD,2025-12-31,220.8873748779297,2011,193557070.262146,470
OWL,2025-12-31,14.31277084350586,1268,193191110.11857986,471
CAVA,2025-12-31,58.689998626708984,639,192869491.629982,472
OTIS,2025-12-31,86.4264907836914,1455,192233748.94256592,473
CNQ,2025-12-31,33.19051742553711,2011,191963492.2348976,474
CART,2025-12-31,44.97999954223633,574,190570817.20809937,475
WSM,2025-12-31,177.3221893310547,2011,190180096.72851562,476
FOXA,2025-12-31,72.71331024169922,1713,190127112.53128052,477
RBRK,2025-12-31,76.4800033569336,423,189720984.97924805,478
CHD,2025-12-31,83.31971740722656,2011,188909998.6869812,479
VRSN,2025-12-31,241.40740966796875,2011,188681328.64379883,480
GAP,2025-12-31,25.031953811645508,2011,188417428.48567963,481
KTOS,2025-12-31,75.91000366210938,2011,186766595.2697754,482
GRMN,2025-12-31,201.18441772460935,2011,186508358.54187012,483
CVE,2025-12-31,16.72122573852539,2011,186179701.88531876,484
AKAM,2025-12-31,87.25,2011,185263078.2836914,485
DGX,2025-12-31,171.29429626464844,2011,185124621.73843384,486
FCNCA,2025-12-31,2141.686767578125,2011,185060095.17822266,487
HIG,2025-12-31,136.56532287597656,2011,184938677.49328613,488
RJF,2025-12-31,158.88671875,2011,184388198.52218628,489
NXT,2025-12-31,87.11000061035156,726,184119884.30862427,490
EAT,2025-12-31,143.52000427246094,2011,183994550.4837036,491
AGNC,2025-12-31,10.031485557556152,2011,183617157.5513363,492
WING,2025-12-31,237.58660888671875,2011,182936671.4126587,493
COO,2025-12-31,81.95999908447266,2011,182447433.76541138,494
BTI,2025-12-31,55.042938232421875,2011,182418769.12517548,495
NVTS,2025-12-31,7.139999866485596,1054,181844019.29807663,496
STRL,2025-12-31,306.2300109863281,2011,181627635.91003418,497
PODD,2025-12-31,284.239990234375,2011,181158135.71929932,498
USAR,2025-12-31,11.899999618530272,619,179568514.36767578,499
BAH,2025-12-31,83.0955810546875,2011,177445380.44700623,500
MTB,2025-12-31,198.6983642578125,2011,176726745.96176147,501
WCN,2025-12-31,174.6006317138672,2011,176235962.5137329,502
XYL,2025-12-31,135.18978881835938,2011,175825169.7402954,503
STLD,2025-12-31,168.54493713378906,2011,175453380.44815063,504
THC,2025-12-31,198.72000122070312,2011,175160250.2685547,505
PPG,2025-12-31,101.21461486816406,2011,175040673.71139526,506
ACGL,2025-12-31,95.91999816894533,2011,174341205.39855957,507
NTNX,2025-12-31,51.689998626708984,2011,174171925.74100494,508
SW,2025-12-31,37.8980712890625,2011,174003724.4003296,509
DTE,2025-12-31,126.9649887084961,2011,173420429.54711914,510
RL,2025-12-31,351.782470703125,2011,173390520.30792236,511
GH,2025-12-31,102.13999938964844,1820,172005328.45230103,512
LH,2025-12-31,249.56622314453125,2011,171702147.6348877,513
FIVE,2025-12-31,188.36000061035156,2011,171615189.08081055,514
WST,2025-12-31,274.68133544921875,2011,171466321.92993164,515
ED,2025-12-31,97.72720336914062,2011,171337912.39395142,516
ADM,2025-12-31,56.68618392944336,2011,171108521.33598328,517
IP,2025-12-31,38.42763900756836,2011,170615656.55002594,518
WYNN,2025-12-31,119.75354766845705,2011,170202536.9316101,519
EXPD,2025-12-31,148.24603271484375,2011,169545376.2954712,520
ZBH,2025-12-31,89.4388198852539,2011,169397198.56910706,521
POOL,2025-12-31,225.7084197998047,2011,168189756.93969727,522
XPO,2025-12-31,135.91000366210938,2011,168189564.23110962,523
BJ,2025-12-31,90.02999877929688,1888,167845811.5169525,524
ES,2025-12-31,65.84397888183594,2011,167633672.56011963,525
CF,2025-12-31,76.61651611328125,2011,166722892.25502014,526
ALGN,2025-12-31,156.14999389648438,2011,166689126.1428833,527
AEE,2025-12-31,98.4919891357422,2011,166577373.0808258,528
TECK,2025-12-31,47.73943710327149,2011,166533536.3182068,529
GPN,2025-12-31,76.85200500488281,2011,166490594.5728302,530
CNP,2025-12-31,37.92207336425781,2011,166014654.92744446,531
QSR,2025-12-31,67.02094268798828,2011,165552349.4796753,532
SWKS,2025-12-31,62.11713409423828,2011,165533517.22106934,533
TDY,2025-12-31,510.7300109863281,2011,165488697.44262695,534
GDDY,2025-12-31,124.08000183105467,2011,165075971.0975647,535
OSCR,2025-12-31,14.369999885559082,1215,163910734.56497192,536
Z,2025-12-31,68.22000122070312,2011,163858039.87426758,537
ILMN,2025-12-31,131.16000366210938,2011,163216402.44750977,538
AER,2025-12-31,142.9759521484375,2011,163176342.55218506,539
OKTA,2025-12-31,86.47000122070312,2011,163021821.41036987,540
PRU,2025-12-31,109.8718490600586,2011,162873778.24630737,541
MTZ,2025-12-31,217.3699951171875,2011,162756797.77069092,542
BULL,2025-12-31,7.769999980926514,844,162563055.74667454,543
TYL,2025-12-31,453.9500122070313,2011,162359055.20629883,544
LMND,2025-12-31,71.18000030517578,1382,162227650.157547,545
SCCO,2025-12-31,139.5142364501953,2011,162123936.38999176,546
WAB,2025-12-31,212.9325714111328,2011,162031506.35681152,547
OC,2025-12-31,110.33553314208984,2011,161579495.22857666,548
TROW,2025-12-31,99.68152618408205,2011,161353102.2125244,549
SN,2025-12-31,111.9000015258789,609,159723756.38008118,550
TRU,2025-12-31,85.45401000976562,2011,158975472.6890564,551
MOD,2025-12-31,133.50999450683594,2011,158715906.33773804,552
DOCU,2025-12-31,68.4000015258789,1931,158422573.3428955,553
FHN,2025-12-31,23.555395126342773,2011,157947354.23374176,554
ENB,2025-12-31,46.60441207885742,2011,157661833.50219727,555
CAG,2025-12-31,16.557573318481445,2011,157203984.10224915,556
SEI,2025-12-31,45.77834701538086,2011,157186085.05744934,557
ATO,2025-12-31,165.76617431640625,2011,156945008.14437866,558
EIX,2025-12-31,57.75776672363281,2011,156824471.60282135,559
GNRC,2025-12-31,136.3699951171875,2011,156785321.3279724,560
CPAY,2025-12-31,300.92999267578125,2011,156659958.91571045,561
APTV,2025-12-31,76.08999633789062,2011,156494856.99386597,562
MOS,2025-12-31,23.648147583007812,2011,156303458.06150436,563
MTSI,2025-12-31,171.27999877929688,2011,155961393.4677124,564
CP,2025-12-31,73.31681823730469,2011,155539494.04144287,565
GWRE,2025-12-31,201.0099945068359,2011,155126292.34313965,566
AMCR,2025-12-31,40.48543548583984,2011,154947268.43662262,567
SBAC,2025-12-31,190.96693420410156,2011,154819598.84490967,568
ZBRA,2025-12-31,242.82000732421875,2011,154689116.41693115,569
FTAI,2025-12-31,196.185791015625,2011,154457007.55691528,570
MKC,2025-12-31,66.90200805664062,2011,154108259.81826782,571
MNDY,2025-12-31,147.55999755859375,1146,154009753.1539917,572
CZR,2025-12-31,23.38999938964844,2011,153963821.69361115,573
KMX,2025-12-31,38.63999938964844,2011,153355880.33332825,574
ANF,2025-12-31,125.87000274658205,2011,153276198.0354309,575
IOT,2025-12-31,35.45000076293945,1015,152792405.7697296,576
IRM,2025-12-31,81.72048950195312,2011,152398220.61309814,577
CRL,2025-12-31,199.47999572753903,2011,151918504.75082397,578
RY,2025-12-31,169.33013916015625,2011,151721069.7692871,579
RH,2025-12-31,179.14999389648438,2011,151690582.76748657,580
SJM,2025-12-31,95.77767181396484,2011,150987057.9437256,581
CASY,2025-12-31,551.8118286132812,2011,150310646.1151123,582
TSN,2025-12-31,57.66399383544922,2011,150173567.0780182,583
VLTO,2025-12-31,99.4825439453125,563,149770308.1123352,584
CMS,2025-12-31,68.87564086914062,2011,149628075.44403076,585
RMBS,2025-12-31,91.88999938964844,2011,149470199.7138977,586
EPAM,2025-12-31,204.8800048828125,2011,149420207.70950317,587
SU,2025-12-31,43.729042053222656,2011,149265585.2230072,588
AR,2025-12-31,34.459999084472656,2011,149139279.32538986,589
WIX,2025-12-31,103.88999938964844,2011,148817998.87504578,590
SGI,2025-12-31,88.87242889404297,2011,148646340.3366089,591
KNX,2025-12-31,51.97597885131836,2011,148456726.21002197,592
ELF,2025-12-31,76.04000091552734,2011,147946500.14457703,593
APA,2025-12-31,24.06848907470703,2011,147909444.0349579,594
SYM,2025-12-31,59.5,1211,147840286.8144989,595
PKG,2025-12-31,203.67811584472656,2011,146995909.30404663,596
MAS,2025-12-31,62.88836288452149,2011,146591873.37417603,597
CPB,2025-12-31,26.529346466064453,2011,146367882.45449066,598
JKHY,2025-12-31,181.00550842285156,2011,145988994.1017151,599
ICLR,2025-12-31,182.22000122070312,2011,145890099.20043945,600
FND,2025-12-31,60.88999938964844,2011,145783110.24093628,601
TXRH,2025-12-31,164.56622314453125,2011,145773814.7415161,602
UHS,2025-12-31,217.5083465576172,2011,145639546.50268555,603
BR,2025-12-31,220.45590209960935,2011,145358262.30163574,604
MDGL,2025-12-31,582.3400268554688,2011,145346088.77563477,605
STLA,2025-12-31,10.890000343322754,2011,144621320.99671364,606
EXR,2025-12-31,127.34304809570312,2011,143167079.2263031,607
LDOS,2025-12-31,179.32040405273438,2011,143005631.6619873,608
TSEM,2025-12-31,117.41999816894533,2011,142823537.09335327,609
J,2025-12-31,131.7006378173828,2011,142777366.44821167,610
ROIV,2025-12-31,21.700000762939453,1272,142451725.5657196,611
BAX,2025-12-31,19.09069442749023,2011,142241725.81977844,612
RVMD,2025-12-31,79.6500015258789,1479,141979581.45580292,613
NVR,2025-12-31,7292.77001953125,2011,141792215.8203125,614
NI,2025-12-31,41.21720886230469,2011,141730174.7882843,615
STE,2025-12-31,252.12664794921875,2011,141303599.57962036,616
CRBG,2025-12-31,29.59789276123047,826,141092854.378891,617
MEDP,2025-12-31,561.6500244140625,2011,140482999.6673584,618
FWONK,2025-12-31,98.51000213623048,2011,140463981.25228882,619
CG,2025-12-31,58.30198287963867,2011,140241772.756958,620
TOL,2025-12-31,134.48411560058594,2011,139787542.03720093,621
BBWI,2025-12-31,19.691635131835938,2011,139536787.92495728,622
FNV,2025-12-31,206.49998474121097,2011,139516661.18011475,623
AAOI,2025-12-31,34.86000061035156,2011,139458727.87361145,624
GTLB,2025-12-31,37.529998779296875,1058,139347912.5553131,625
CCK,2025-12-31,102.27200317382812,2011,138837290.3289795,626
STM,2025-12-31,25.83712577819824,2011,138797192.12169647,627
TRI,2025-12-31,127.93821716308594,2011,138555926.77230835,628
BN,2025-12-31,45.737003326416016,2011,138352909.01908875,629
MGM,2025-12-31,36.4900016784668,2011,138071918.15681458,630
DEO,2025-12-31,85.40773010253906,2011,137987301.8939972,631
ACI,2025-12-31,16.848474502563477,1386,137037552.42042542,632
AS,2025-12-31,37.349998474121094,481,136719968.21899414,633
WSO,2025-12-31,331.6385803222656,2011,136439739.56298828,634
TD,2025-12-31,92.84270477294922,2011,136177290.41290283,635
IFF,2025-12-31,66.64197540283203,2011,135893050.8327484,636
DT,2025-12-31,43.34000015258789,1614,135824591.8586731,637
INVH,2025-12-31,27.177162170410156,2011,135621786.55872345,638
NLY,2025-12-31,20.923229217529297,2011,135261457.9214096,639
TW,2025-12-31,107.26782989501952,1696,135031622.85995483,640
H,2025-12-31,160.0415496826172,2011,134652519.89440918,641
ALK,2025-12-31,50.29999923706055,2011,134465368.24264526,642
IBN,2025-12-31,29.799999237060547,2011,134409840.33184052,643
ALC,2025-12-31,78.426025390625,1693,134175315.53230286,644
SAIA,2025-12-31,326.5199890136719,2011,133960088.16986084,645
PRAX,2025-12-31,294.739990234375,1308,133867932.4142456,646
PTC,2025-12-31,174.2100067138672,2011,133796011.89727783,647
CSL,2025-12-31,317.9391174316406,2011,133743517.48046875,648
VIK,2025-12-31,71.41000366210938,419,133702712.0212555,649
UEC,2025-12-31,11.68000030517578,2011,133097181.19316101,650
JAZZ,2025-12-31,170.0,2011,133004216.37954712,651
CACI,2025-12-31,532.8099975585938,2011,132923807.12585449,652
FTV,2025-12-31,55.095428466796875,2011,132261646.54045105,653
MKSI,2025-12-31,159.52548217773438,2011,131887051.37634277,654
PR,2025-12-31,13.79548168182373,2011,131767451.43165588,655
ROL,2025-12-31,59.63505554199219,2011,131759308.94622803,656
FOUR,2025-12-31,62.970001220703125,1401,131700130.79147339,657
GPC,2025-12-31,120.53070068359376,2011,130835749.93133545,658
WY,2025-12-31,23.286846160888672,2011,130813258.74652863,659
QXO,2025-12-31,19.290000915527344,2011,130240118.92242432,660
BALL,2025-12-31,52.61898422241211,2011,130003504.92858887,661
WWD,2025-12-31,301.8022155761719,2011,129993614.75982666,662
GME,2025-12-31,20.079999923706055,2011,129894191.7550087,663
URBN,2025-12-31,75.26000213623047,2011,129088934.15641785,664
PLNT,2025-12-31,108.47000122070312,2011,128989886.73820496,665
ESTC,2025-12-31,75.44000244140625,1819,128695063.61846924,666
TTMI,2025-12-31,69.0,2011,128275852.03914642,667
CHKP,2025-12-31,185.55999755859375,2011,127528231.97174072,668
ALLE,2025-12-31,157.9683837890625,2011,127466728.54614258,669
FLNC,2025-12-31,19.780000686645508,1048,127309771.37432098,670
LSCC,2025-12-31,73.58000183105469,2011,127090487.56256104,671
BCS,2025-12-31,25.14845085144043,2011,126822529.40893173,672
CLH,2025-12-31,234.47999572753903,2011,126295843.27087402,673
USFD,2025-12-31,75.31999969482422,2011,126217706.95724487,674
FLR,2025-12-31,39.630001068115234,2011,126195760.2968216,675
EVRG,2025-12-31,71.28671264648438,2011,126068511.24954224,676
CROX,2025-12-31,85.5199966430664,2011,125732670.63217163,677
HII,2025-12-31,337.5527648925781,2011,125117283.0947876,678
RUN,2025-12-31,18.399999618530273,2011,124876239.6326065,679
HDB,2025-12-31,36.540000915527344,2011,124831341.30554199,680
NBIX,2025-12-31,141.8300018310547,2011,124650235.7421875,681
EQX,2025-12-31,14.00993824005127,1760,124539212.27245331,682
VKTX,2025-12-31,35.18000030517578,2011,124209400.58898926,683
CNI,2025-12-31,97.699462890625,2011,124151767.90657043,684
BBIO,2025-12-31,76.48999786376953,1638,124139723.29292297,685
NTR,2025-12-31,60.72568130493164,2011,124073567.5951004,686
CCEP,2025-12-31,89.74137115478516,2011,123980472.63031006,687
FTI,2025-12-31,44.49473190307617,2011,123892749.27120209,688
GTLS,2025-12-31,206.22999572753903,2011,123685809.67941284,689
DOC,2025-12-31,15.539572715759276,2011,123544639.67475891,690
ARE,2025-12-31,47.55477142333984,2011,123286474.4468689,691
M,2025-12-31,21.63842010498047,2011,123263357.7539444,692
LNT,2025-12-31,64.00648498535156,2011,123198656.03103638,693
PL,2025-12-31,19.719999313354492,1178,122972681.35609627,694
IAG,2025-12-31,16.489999771118164,2011,122962120.91627121,695
WCC,2025-12-31,243.8106384277344,2011,122943577.94265747,696
ZETA,2025-12-31,20.350000381469727,1146,122532052.01311111,697
HAS,2025-12-31,80.7769546508789,2011,121856370.11260986,698
SHAK,2025-12-31,81.16999816894531,2011,121587475.7724762,699
NTRS,2025-12-31,135.20062255859375,2011,121035710.04333496,700
BG,2025-12-31,88.04170227050781,2011,120215376.40686035,701
RGEN,2025-12-31,163.86000061035156,2011,119807412.19329834,702
LCID,2025-12-31,10.56999969482422,1328,119662191.39156342,703
OVV,2025-12-31,38.77243423461914,2011,119311727.47020721,704
CRSP,2025-12-31,52.439998626708984,2011,119240707.57904053,705
TAP,2025-12-31,45.65761947631836,2011,118578731.01558685,706
HALO,2025-12-31,67.30000305175781,2011,118369847.46437073,707
OLLI,2025-12-31,109.61000061035156,2011,117655021.82006834,708
ATI,2025-12-31,114.76000213623048,2011,117569654.39529419,709
AVTR,2025-12-31,11.460000038146973,1666,117269929.11186218,710
AVY,2025-12-31,179.8307342529297,2011,116950845.96633911,711
PEN,2025-12-31,310.9100036621094,2011,116725436.92626953,712
BMRN,2025-12-31,59.43000030517578,2011,116346887.4950409,713
EG,2025-12-31,335.2385559082031,2011,116334957.76367188,714
EQH,2025-12-31,46.97922134399414,1922,116328232.37838745,715
ACM,2025-12-31,94.2663803100586,2011,116323273.1842041,716
TPL,2025-12-31,286.45330810546875,2011,116071570.76568604,717
CNH,2025-12-31,9.131855010986328,2011,115826714.52560425,718
EXK,2025-12-31,9.399999618530272,2011,115152153.73601913,719
ESS,2025-12-31,254.1003265380859,2011,114959704.08630371,720
ALLY,2025-12-31,44.66473388671875,2011,114664561.14006042,721
PNR,2025-12-31,103.5639190673828,2011,114232421.55151367,722
BILL,2025-12-31,54.540000915527344,1521,114131637.88433075,723
AGX,2025-12-31,312.6715393066406,2011,113963568.62182617,724
CNM,2025-12-31,51.970001220703125,1117,113458079.66709137,725
SBET,2025-12-31,8.9399995803833,2011,113409437.4733925,726
SEDG,2025-12-31,28.850000381469727,2011,112801210.8669281,727
HEI,2025-12-31,323.3540344238281,2011,111859645.94116211,728
PAYC,2025-12-31,158.49449157714844,2011,111067847.83706665,729
SWK,2025-12-31,72.687744140625,2011,110939754.10728455,730
BUD,2025-12-31,63.10314178466797,2011,110701047.29156494,731
HSBC,2025-12-31,76.09385681152344,2011,110450662.05348969,732
CYTK,2025-12-31,63.540000915527344,2011,110212520.68500519,733
AXTA,2025-12-31,32.310001373291016,2011,109574599.65391159,734
PFGC,2025-12-31,89.91999816894531,2011,109251385.84823608,735
BAM,2025-12-31,51.3192024230957,773,109110453.47938538,736
TRP,2025-12-31,53.9687385559082,2011,109031582.99541473,737
RVTY,2025-12-31,96.6156768798828,2011,108976326.84059143,738
RRX,2025-12-31,139.82147216796875,2011,108726346.18377686,739
GMED,2025-12-31,87.30999755859375,2011,108012480.80253601,740
EPD,2025-12-31,31.09580993652344,2011,107719309.02833939,741
SSNC,2025-12-31,86.7581787109375,2011,107595233.3278656,742
CPT,2025-12-31,107.89869689941406,2011,107498398.73313904,743
EVR,2025-12-31,338.50518798828125,2011,107384581.82983398,744
ONTO,2025-12-31,157.86000061035156,1553,106805482.14645386,745
AEO,2025-12-31,25.878826141357425,2011,106801208.59909058,746
INSP,2025-12-31,92.2300033569336,1927,106778947.81112671,747
AMKR,2025-12-31,39.36020278930664,2011,106754000.75178146,748
ELAN,2025-12-31,22.6299991607666,1830,106615953.99494171,749
SMTC,2025-12-31,73.69000244140625,2011,106615156.89125061,750
TECH,2025-12-31,58.62247467041016,2011,106349926.70974731,751
AES,2025-12-31,13.9995756149292,2011,106090257.6637268,752
PRIM,2025-12-31,123.96403503417967,2011,106062763.37127686,753
BF.B,2025-12-31,25.59853172302246,2011,105801315.20547867,754
HST,2025-12-31,16.895320892333984,2011,104972959.40480232,755
BNS,2025-12-31,73.01055145263672,2011,104702150.7019043,756
JHX,2025-12-31,20.75,2011,104533979.0389061,757
PNW,2025-12-31,87.06527709960938,2011,104058617.03643799,758
BWA,2025-12-31,44.82059860229492,2011,103904287.80517578,759
BRKR,2025-12-31,46.99827194213867,2011,103746196.57440186,760
RPRX,2025-12-31,38.26954650878906,1394,103677093.48621368,761
LUMN,2025-12-31,7.769999980926514,2011,103099464.25704956,762
TXT,2025-12-31,87.13236236572266,2011,102871594.74372864,763
MTN,2025-12-31,128.55799865722656,2011,102782127.8427124,764
HRL,2025-12-31,23.072538375854492,2011,102183272.71156311,765
EXEL,2025-12-31,43.83000183105469,2011,102057073.23303223,766
MKTX,2025-12-31,179.46250915527344,2011,101968467.51098633,767
RNR,2025-12-31,280.38177490234375,2011,101712863.23547363,768
XP,2025-12-31,16.16066551208496,1522,101541004.51908112,769
MUSA,2025-12-31,402.4090881347656,2011,101425079.8034668,770
DINO,2025-12-31,45.30437088012695,2011,100974386.42272949,771
RRC,2025-12-31,35.0851936340332,2011,100749576.89437866,772
MTCH,2025-12-31,31.73186683654785,2011,100559009.74388123,773
TPG,2025-12-31,62.19428634643555,995,100481752.92797089,774
VFC,2025-12-31,17.890615463256836,2011,100466776.05772018,775
NYT,2025-12-31,68.83613586425781,2011,100430032.27844238,776
DY,2025-12-31,337.8999938964844,2011,100410848.40240479,777
NVMI,2025-12-31,328.3900146484375,2011,100365396.28601074,778
TMDX,2025-12-31,121.6500015258789,1677,100244620.25413513,779
BTDR,2025-12-31,11.210000038146973,1113,100128716.52832031,780
ELS,2025-12-31,59.56747817993164,2011,99728770.32928467,781
COMP,2025-12-31,10.56999969482422,1194,98926179.19859886,782
AGI,2025-12-31,38.5020637512207,2011,98871528.01170349,783
ITT,2025-12-31,172.80967712402344,2011,98082502.55889893,784
GEN,2025-12-31,26.901512145996097,2011,98073694.10991669,785
SITM,2025-12-31,353.19000244140625,1536,97729707.74536133,786
IVZ,2025-12-31,25.85763168334961,2011,97599103.394413,787
ASND,2025-12-31,213.2400054931641,2011,97547272.83325197,788
FNB,2025-12-31,16.852947235107422,2011,96676509.22908783,789
BXP,2025-12-31,65.87369537353516,2011,96601117.40722656,790
WLK,2025-12-31,73.1337661743164,2011,96538246.41494751,791
DJCO,2025-12-31,487.3200073242187,2011,95722426.8951416,792
DOCS,2025-12-31,44.279998779296875,1136,95661900.8348465,793
JEF,2025-12-31,61.03751373291016,2011,95593960.74867249,794
RBA,2025-12-31,102.56684112548828,2011,95523977.90908813,795
JLL,2025-12-31,336.4700012207031,2011,95401934.00421143,796
PSKY,2025-12-31,13.267406463623049,2011,95180888.52586746,797
IEX,2025-12-31,176.0874481201172,2011,94448112.53509521,798
UDR,2025-12-31,35.802616119384766,2011,94358726.49230957,799
EMN,2025-12-31,62.36612319946289,2011,93975489.22233582,800
BOOT,2025-12-31,176.47000122070312,2011,93840407.17315674,801
BRBR,2025-12-31,26.729999542236328,1559,93793457.11841583,802
TRMB,2025-12-31,78.3499984741211,2011,93007449.49264526,803
HSIC,2025-12-31,75.58000183105469,2011,92696262.78572083,804
FLS,2025-12-31,68.96760559082031,2011,92517933.74671936,805
LW,2025-12-31,41.17677688598633,2011,91895183.69941711,806
PFG,2025-12-31,86.73171997070312,2011,91651064.19410706,807
VLY,2025-12-31,11.484664916992188,2011,91406826.49040222,808
MHK,2025-12-31,109.3000030517578,2011,91365720.04852295,809
KNSL,2025-12-31,390.5386962890625,2011,91224406.90307617,810
DOCN,2025-12-31,48.119998931884766,1200,91012354.18014526,811
S,2025-12-31,15.0,1132,90842407.38172531,812
CNK,2025-12-31,23.09002685546875,2011,90718887.43953705,813
GLPI,2025-12-31,43.21601104736328,2011,90102056.4704895,814
SNA,2025-12-31,340.0970153808594,2011,89964787.71209717,815
UNM,2025-12-31,76.5770034790039,2011,89684759.28993225,816
HBM,2025-12-31,19.83850479125977,2011,89118845.32651901,817
SANM,2025-12-31,150.07000732421875,2011,89101268.33953857,818
MIDD,2025-12-31,119.60578918457033,2011,89025388.95323181,819
MANH,2025-12-31,173.30999755859375,2011,88935525.13504028,820
DBX,2025-12-31,27.799999237060547,1955,88928646.73900604,821
NWSA,2025-12-31,26.011302947998047,2011,88831512.41006851,822
CVLT,2025-12-31,125.36000061035156,2011,88720389.99938965,823
SNX,2025-12-31,149.3993377685547,2011,88583512.26425171,824
WHR,2025-12-31,71.20081329345703,2011,88438317.85888672,825
QRVO,2025-12-31,84.51000213623047,2011,88220416.59545898,826
IDCC,2025-12-31,316.16156005859375,2011,87851549.20654297,827
CAR,2025-12-31,128.32000732421875,2011,87786716.62521362,828
AI,2025-12-31,13.479999542236328,1271,87598520.25794983,829
LRN,2025-12-31,64.93000030517578,2011,87574377.37159729,830
ASST,2025-12-31,14.760000228881836,730,87294675.00699997,831
PI,2025-12-31,174.00999450683594,2011,87192261.85150146,832
UI,2025-12-31,552.0256958007812,2011,86987757.34863281,833
DVA,2025-12-31,113.61000061035156,2011,86867307.04078674,834
PRMB,2025-12-31,16.179624557495117,2011,86626668.07365417,835
RS,2025-12-31,286.7228088378906,2011,86321058.29925537,836
LAD,2025-12-31,330.99627685546875,2011,86261666.64733887,837
RPM,2025-12-31,102.97140502929688,2011,85833929.737854,838
FSM,2025-12-31,9.8100004196167,2011,85605286.7615223,839
IBP,2025-12-31,256.81781005859375,2011,84986142.4484253,840
EXP,2025-12-31,206.1631622314453,2011,84910171.04187012,841
RBC,2025-12-31,448.4299926757813,2011,84733825.99334717,842
BEN,2025-12-31,23.311914443969727,2011,84472354.33101653,843
DAVE,2025-12-31,221.41000366210935,1178,83924628.82080078,844
WMS,2025-12-31,144.4699249267578,2011,83832508.13369751,845
ASO,2025-12-31,49.668190002441406,1318,83371529.8866272,846
PNFP,2025-12-31,94.45650482177734,2011,83179168.71795654,847
PTCT,2025-12-31,75.95999908447266,2011,83166374.28588867,848
GPI,2025-12-31,391.9532470703125,2011,83061201.02233887,849
PGY,2025-12-31,20.899999618530273,1181,82719378.46097946,850
DTM,2025-12-31,118.17921447753906,1131,82607709.74273682,851
GKOS,2025-12-31,112.91000366210938,2011,82440781.95228577,852
PCTY,2025-12-31,152.5,2011,82406131.83517456,853
AYI,2025-12-31,359.55328369140625,2011,82397193.15032959,854
CINF,2025-12-31,161.4766845703125,2011,82138707.32574463,855
MKL,2025-12-31,2149.64990234375,2011,82077048.88916016,856
OSK,2025-12-31,124.6560516357422,2011,81923420.17364502,857
EHC,2025-12-31,105.54312896728516,2011,81898865.43884277,858
BTU,2025-12-31,29.540264129638672,2011,81264230.41877747,859
AN,2025-12-31,206.47999572753903,2011,80917401.9355774,860
GRAL,2025-12-31,85.58999633789062,390,80734023.31352234,861
VSXY,2025-12-31,54.16999816894531,1118,80667990.80200195,862
DB,2025-12-31,37.20323944091797,2011,80598853.73439789,863
COGT,2025-12-31,35.52000045776367,1951,80477449.14340973,864
ARMK,2025-12-31,36.66180419921875,2011,80338533.80184174,865
BIRK,2025-12-31,40.900001525878906,558,80197321.66423798,866
AEIS,2025-12-31,209.2421417236328,2011,80139723.75869751,867
FBIN,2025-12-31,49.42316055297851,2011,79970578.61175537,868
LKQ,2025-12-31,29.560317993164062,2011,79858692.57736206,869
PCOR,2025-12-31,72.73999786376953,1160,79500348.4008789,870
COLB,2025-12-31,27.26714134216309,2011,79209543.4548378,871
AAON,2025-12-31,76.10108184814453,2011,78986519.68078613,872
MIR,2025-12-31,23.420000076293945,1348,78617293.02082062,873
SF,2025-12-31,82.69395446777344,2011,78507058.12454224,874
PBF,2025-12-31,26.726675033569336,2011,78479232.31678009,875
AHR,2025-12-31,46.58426284790039,477,78413322.15518951,876
CSIQ,2025-12-31,23.770000457763672,2011,78226875.34389496,877
BSY,2025-12-31,38.02289581298828,1325,78073843.83220673,878
SRPT,2025-12-31,21.520000457763672,2011,77787139.51950073,879
APG,2025-12-31,38.2599983215332,1427,77686128.92971039,880
ZION,2025-12-31,57.682716369628906,2011,77643434.46826935,881
CELC,2025-12-31,99.73999786376952,2011,77356542.71850586,882
SERV,2025-12-31,10.380000114440918,456,77235586.0476017,883
SOLV,2025-12-31,79.23999786376953,444,77167882.69233704,884
CRML,2025-12-31,6.940000057220459,979,77072860.9629631,885
AOS,2025-12-31,66.17471313476562,2011,77050362.109375,886
VTRS,2025-12-31,12.254494667053224,2011,76690458.58268738,887
WH,2025-12-31,74.74205780029297,1915,76576704.29649353,888
AMPX,2025-12-31,7.889999866485596,827,76273104.40220833,889
CM,2025-12-31,89.27272033691406,2011,76243719.88868713,890
ARWR,2025-12-31,66.38999938964844,2011,76075010.57662964,891
NNE,2025-12-31,24.010000228881836,414,75973948.97670746,892
TU,2025-12-31,12.559314727783203,2011,75930642.24100113,893
TREX,2025-12-31,35.08000183105469,2011,75886425.84972382,894
SIG,2025-12-31,82.5577621459961,2011,75687655.27801514,895
G,2025-12-31,46.282169342041016,2011,75643535.18447876,896
REXR,2025-12-31,37.71773147583008,2011,75575135.65235138,897
HMY,2025-12-31,19.524391174316406,2011,75459390.51351547,898
KEX,2025-12-31,110.18000030517578,2011,75423686.11679079,899
L,2025-12-31,105.18853759765624,2011,75148214.96620178,900
RGA,2025-12-31,201.72264099121097,2011,74932751.63879395,901
EQNR,2025-12-31,23.082700729370117,2011,74782105.2154541,902
CALM,2025-12-31,78.52238464355469,2011,74756418.3544159,903
GLOB,2025-12-31,65.37000274658203,2011,74752796.15421295,904
HQY,2025-12-31,91.61000061035156,2011,74528724.1279602,905
QURE,2025-12-31,23.93000030517578,2011,74513521.34151459,906
ADC,2025-12-31,70.53274536132812,2011,74383186.62338257,907
WAL,2025-12-31,83.21389770507812,2011,74284995.68405151,908
MMYT,2025-12-31,82.12000274658203,2011,74186066.64619446,909
CX,2025-12-31,11.438055992126465,2011,73867320.2085495,910
LUNR,2025-12-31,16.229999542236328,1034,73829934.51728821,911
PTGX,2025-12-31,87.33999633789062,2011,73633157.99560547,912
RYAN,2025-12-31,51.244197845458984,1117,73492735.18409729,913
DDS,2025-12-31,605.6741943359375,2011,73423406.00585938,914
CVCO,2025-12-31,590.739990234375,2011,73405402.13623047,915
CE,2025-12-31,42.23626327514648,2011,73401358.86306763,916
WTRG,2025-12-31,37.661380767822266,2011,73313008.73527527,917
DOX,2025-12-31,78.92005920410156,2011,72942077.28309631,918
WPC,2025-12-31,62.66678237915039,2011,72612958.21990967,919
LECO,2025-12-31,238.1505889892578,2011,72596801.64031982,920
SITE,2025-12-31,124.55999755859376,2011,72438270.5947876,921
ALSN,2025-12-31,97.41514587402344,2011,72420107.59773254,922
SBSW,2025-12-31,13.848108291625977,2011,72315321.67720795,923
COLD,2025-12-31,12.421985626220703,1999,72250730.86013794,924
DAR,2025-12-31,36.0,2011,72112917.63687134,925
GL,2025-12-31,139.00454711914062,2011,72100620.90454102,926
INOD,2025-12-31,50.95000076293945,2011,72092793.73207092,927
FROG,2025-12-31,62.459999084472656,1330,71699705.63907623,928
TTAN,2025-12-31,106.5,263,71206803.4954071,929
UBS,2025-12-31,45.145381927490234,2011,71131813.91334534,930
ZIM,2025-12-31,20.537033081054688,1238,71091408.01563263,931
IRTC,2025-12-31,177.44000244140625,2011,70984470.19805908,932
WBS,2025-12-31,62.252323150634766,2011,70914174.37324524,933
COKE,2025-12-31,152.84576416015625,2011,70877351.07192993,934
YETI,2025-12-31,44.16999816894531,1805,70781096.18797302,935
MGA,2025-12-31,52.4753303527832,2011,70649465.91339111,936
RCAT,2025-12-31,7.929999828338623,2011,70591427.66952515,937
CHDN,2025-12-31,113.77999877929688,2011,70558130.97953796,938
SQM,2025-12-31,68.02638244628906,2011,70489987.33291626,939
AGCO,2025-12-31,103.83609008789062,2011,70489476.37405396,940
AMG,2025-12-31,288.2604675292969,2011,70394387.3413086,941
HLI,2025-12-31,172.69424438476562,2011,70347836.3937378,942
GPK,2025-12-31,14.738215446472168,2011,70315251.24397278,943
POWL,2025-12-31,106.1723861694336,2011,70290953.29170227,944
NDSN,2025-12-31,239.015869140625,2011,70282341.3848877,945
OHI,2025-12-31,43.060916900634766,2011,70193626.94244385,946
AXSM,2025-12-31,182.63999938964844,2011,70066289.15863037,947
DJT,2025-12-31,13.239999771118164,1068,69874915.11969566,948
TTE,2025-12-31,64.72399139404297,2011,69851535.77194214,949
POST,2025-12-31,99.0500030517578,2011,69712536.52458191,950
ITRI,2025-12-31,92.86000061035156,2011,69594627.95944214,951
TTEK,2025-12-31,33.39696502685547,2011,69316693.33019257,952
BMO,2025-12-31,128.74368286132812,2011,68999965.52085876,953
PSN,2025-12-31,61.79999923706055,1673,68939201.25083923,954
AXS,2025-12-31,106.1910400390625,2011,68882782.6335907,955
AAP,2025-12-31,38.718597412109375,2011,68686807.75222778,956
SLM,2025-12-31,26.71925163269043,2011,68472024.37086105,957
FER,2025-12-31,63.98311996459961,2011,68365369.84920502,958
STNE,2025-12-31,12.218268394470217,1805,68283927.02465057,959
SPXC,2025-12-31,200.05999755859375,2011,68118078.15475464,960
AIT,2025-12-31,255.8866424560547,2011,68039769.76928711,961
MAT,2025-12-31,19.84000015258789,2011,67541797.5692749,962
SCI,2025-12-31,77.26930236816406,2011,67455646.45385742,963
LNTH,2025-12-31,66.55000305175781,2011,67402561.10916138,964
MORN,2025-12-31,215.518310546875,2011,67256850.51727295,965
REG,2025-12-31,67.72352600097656,2011,67240241.50695801,966
NXE,2025-12-31,9.199999809265137,2011,67168454.2186737,967
KSS,2025-12-31,20.05156517028809,2011,66999514.42632675,968
RYTM,2025-12-31,107.04000091552734,2011,66975284.79766846,969
FRPT,2025-12-31,60.93000030517578,2011,66959635.50262451,970
GIL,2025-12-31,61.91084671020508,2011,66850180.18035889,971
LOGI,2025-12-31,100.22000122070312,2011,66798838.415527344,972
ALV,2025-12-31,116.89983367919922,2011,66708926.65100098,973
HXL,2025-12-31,73.60140991210938,2011,66657153.034973145,974
MTDR,2025-12-31,41.83502960205078,2011,66543620.43571472,975
MLI,2025-12-31,57.06769943237305,2011,66374730.351638794,976
BAP,2025-12-31,274.0468444824219,2011,66370664.84069824,977
WAY,2025-12-31,32.75,393,66271113.8584137,978
ENSG,2025-12-31,174.0719451904297,2011,66173167.98248291,979
FOX,2025-12-31,64.58291625976562,1712,65952853.53927612,980
VSAT,2025-12-31,34.459999084472656,2011,65799692.84057617,981
SSB,2025-12-31,93.0033950805664,2011,65719242.879104614,982
BCE,2025-12-31,23.223417282104492,2011,65676600.246334076,983
VRNS,2025-12-31,32.79999923706055,2011,65167859.56077576,984
WU,2025-12-31,8.794588088989258,2011,65160241.5869236,985
JBTM,2025-12-31,150.4546661376953,2011,65157814.22729492,986
BYD,2025-12-31,84.83673858642578,2011,65080437.828063965,987
SIRI,2025-12-31,19.550212860107425,2011,64892768.94159317,988
LPX,2025-12-31,80.126220703125,2011,64793815.52619934,989
GGG,2025-12-31,81.4187240600586,2011,64673200.96168518,990
TLRY,2025-12-31,9.029999732971191,1874,64518982.61879921,991
BKH,2025-12-31,68.11167907714844,2011,64326579.96444702,992
ONB,2025-12-31,22.03844833374023,2011,64293802.971839905,993
CUBE,2025-12-31,34.53982162475586,2011,64233586.977005005,994
CNR,2025-12-31,88.30806732177734,2011,63872872.85041809,995
AIZ,2025-12-31,239.05519104003903,2011,63845215.99731445,996
CHE,2025-12-31,426.7365112304687,2011,63766827.69470215,997
VVV,2025-12-31,29.059999465942383,2011,63720935.78252792,998
INGR,2025-12-31,107.70280456542967,2011,63493520.9564209,999
ATR,2025-12-31,121.0124053955078,2011,63380490.858078,1000
METC,2025-12-31,18.0,2011,62963512.16840744,1001
TFX,2025-12-31,121.37339782714844,2011,62957870.48187256,1002
UGI,2025-12-31,36.65532684326172,2011,62949942.969703674,1003
PEGA,2025-12-31,59.58821868896485,2011,62935743.80283356,1004
BRX,2025-12-31,25.379613876342773,2011,62923907.395267494,1005
OLED,2025-12-31,115.5443344116211,2011,62725194.43664551,1006
OMF,2025-12-31,65.0625,2011,62721979.09049988,1007
ORA,2025-12-31,110.24799346923828,2011,62698615.689468384,1008
EEFT,2025-12-31,76.11000061035156,2011,62669206.93283081,1009
YPF,2025-12-31,36.15999984741211,2011,62571382.91301727,1010
CGNX,2025-12-31,35.87854766845703,2011,62513026.79710388,1011
HLNE,2025-12-31,132.60719299316406,2011,62274246.46720886,1012
R,2025-12-31,189.82421875,2011,62066321.380615234,1013
KVYO,2025-12-31,32.470001220703125,573,61874934.7366333,1014
CRK,2025-12-31,23.18000030517578,2011,61838098.13289642,1015
PII,2025-12-31,61.93925857543945,2011,61715338.59786987,1016
PCVX,2025-12-31,46.13999938964844,1396,61621962.95757294,1017
PPTA,2025-12-31,24.209999084472656,1224,61483272.49145508,1018
FMC,2025-12-31,13.708295822143556,2011,61455273.027420044,1019
CMC,2025-12-31,68.6091079711914,2011,61344511.88316345,1020
IESC,2025-12-31,389.0199890136719,2011,61237773.107910156,1021
EWBC,2025-12-31,110.89472198486328,2011,61042618.75915527,1022
CORT,2025-12-31,34.79999923706055,2011,60988621.37298584,1023
LBRT,2025-12-31,18.34698486328125,2004,60907696.83480263,1024
BPOP,2025-12-31,123.18920135498048,2011,60729567.599487305,1025
VMI,2025-12-31,401.014404296875,2011,60566944.23522949,1026
SPHR,2025-12-31,95.08000183105467,1440,60559653.227996826,1027
LEA,2025-12-31,113.28612518310548,2011,60484305.070114136,1028
TMHC,2025-12-31,58.869998931884766,2011,60465306.98051453,1029
SRRK,2025-12-31,44.04999923706055,1911,60375670.51124573,1030
ENVX,2025-12-31,7.309999942779541,1254,60285907.868766785,1031
CHRD,2025-12-31,90.9374771118164,2011,60228805.407714844,1032
HRB,2025-12-31,42.53082656860352,2011,60063215.198898315,1033
ENS,2025-12-31,146.3391571044922,2011,59757857.15713501,1034
CNX,2025-12-31,36.77000045776367,2011,59529485.9828949,1035
LIF,2025-12-31,64.13999938964844,394,59428401.25579834,1036
CENX,2025-12-31,39.18000030517578,2011,59228447.05886841,1037
WGS,2025-12-31,130.05999755859375,1295,59145773.60153198,1038
RDNT,2025-12-31,71.3499984741211,2011,59012442.49916077,1039
VIAV,2025-12-31,17.81999969482422,2011,58967919.48680878,1040
ARW,2025-12-31,110.18000030517578,2011,58963120.74432373,1041
NEU,2025-12-31,681.2721557617188,2011,58939440.88745117,1042
PTON,2025-12-31,6.159999847412109,1575,58760457.54489899,1043
NTLA,2025-12-31,8.989999771118164,2011,58672155.66830635,1044
TM,2025-12-31,214.05999755859375,2011,58662290.47164917,1045
OUST,2025-12-31,21.63999938964844,1313,58577822.603321075,1046
GFL,2025-12-31,42.93305206298828,1467,58408395.96748352,1047
PB,2025-12-31,67.91020202636719,2011,58332324.574279785,1048
GVA,2025-12-31,115.12703704833984,2011,58331715.60745239,1049
ORI,2025-12-31,42.452415466308594,2011,58137344.44351196,1050
OBDC,2025-12-31,11.67383098602295,1624,58134482.93414116,1051
HRI,2025-12-31,146.9344940185547,2011,57851930.18035889,1052
SSRM,2025-12-31,21.920000076293945,2011,57833991.55263901,1053
LSTR,2025-12-31,141.08364868164062,2011,57785239.37988281,1054
POET,2025-12-31,6.329999923706055,2011,57607468.598651886,1055
CTRE,2025-12-31,35.430458068847656,2011,57571924.34711456,1056
LOPE,2025-12-31,166.30999755859375,2011,57526147.89733887,1057
WMG,2025-12-31,30.305774688720703,1403,57332479.92668152,1058
CHH,2025-12-31,94.46038055419922,2011,57210162.15362549,1059
EGP,2025-12-31,175.31256103515625,2011,56977120.71685791,1060
ULS,2025-12-31,78.60918426513672,432,56866770.67298889,1061
KBH,2025-12-31,55.89699172973633,2011,56782178.9642334,1062
ALKS,2025-12-31,27.979999542236328,2011,56604848.91014099,1063
RITM,2025-12-31,10.333455085754396,2011,56411691.87626839,1064
MUR,2025-12-31,30.658342361450195,2011,56348967.75560379,1065
AWI,2025-12-31,190.3190765380859,2011,56275615.142822266,1066
TE,2025-12-31,6.679999828338623,1502,56250256.23040199,1067
LNC,2025-12-31,43.00824737548828,2011,56141277.065086365,1068
WFRD,2025-12-31,77.84921264648438,1255,55987490.421295166,1069
CBSH,2025-12-31,51.78761291503906,2011,55974893.10453415,1070
INDV,2025-12-31,35.880001068115234,2011,55849941.31889343,1071
HR,2025-12-31,16.53095817565918,2011,55711144.916152954,1072
LBRDK,2025-12-31,48.599998474121094,2011,55613247.427749634,1073
FNF,2025-12-31,53.41300964355469,2011,55611393.574352264,1074
WK,2025-12-31,86.25,2011,55518203.479003906,1075
CRUS,2025-12-31,118.5,2011,55281477.65388489,1076
FLG,2025-12-31,12.57124137878418,2011,54977197.032547,1077
FRO,2025-12-31,20.26624298095703,2011,54860071.81787491,1078
WRBY,2025-12-31,21.790000915527344,1069,54809513.31691742,1079
ARQT,2025-12-31,29.040000915527344,1488,54748306.01615906,1080
CFR,2025-12-31,124.80054473876952,2011,54683317.139816284,1081
AFG,2025-12-31,133.28460693359375,2011,54653518.211746216,1082
BOX,2025-12-31,29.90999984741211,2011,54636449.935913086,1083
STWD,2025-12-31,17.016681671142578,2011,54397373.23303223,1084
BZ,2025-12-31,20.3799991607666,1145,54326881.885528564,1085
WTFC,2025-12-31,138.8101043701172,2011,54303482.63549805,1086
SM,2025-12-31,18.414945602416992,2011,53990689.85738754,1087
MFC,2025-12-31,35.59092712402344,2011,53955256.14480972,1088
YUMC,2025-12-31,47.16436004638672,2011,53733417.15774536,1089
ESI,2025-12-31,24.886014938354492,2011,53609964.44272995,1090
CWST,2025-12-31,97.94000244140624,2011,53591089.49050903,1091
TTC,2025-12-31,78.04326629638672,2011,53561450.29563904,1092
TMC,2025-12-31,6.170000076293945,1082,53535932.72573948,1093
SLG,2025-12-31,44.5535888671875,2011,53496882.538986206,1094
VAL,2025-12-31,50.400001525878906,1173,53490430.5896759,1095
RHI,2025-12-31,25.906173706054688,2011,53447067.785167694,1096
KRYS,2025-12-31,246.5399932861328,2011,53444893.65539551,1097
MTH,2025-12-31,64.87749481201172,2011,53430065.80810547,1098
POR,2025-12-31,46.99319839477539,2011,53364169.467163086,1099
WSC,2025-12-31,18.715587615966797,2011,53248531.02207184,1100
LAMR,2025-12-31,123.77478790283205,2011,53196987.22229004,1101
REZI,2025-12-31,35.119998931884766,1803,52839193.136787415,1102
DX,2025-12-31,12.821122169494627,2011,52825082.66329765,1103
TVTX,2025-12-31,38.209999084472656,2011,52813164.93854523,1104
THO,2025-12-31,100.77481842041016,2011,52811846.29974365,1105
WEN,2025-12-31,8.029067993164062,2011,52616676.20289326,1106
MBLY,2025-12-31,10.4399995803833,798,52610788.507556915,1107
ADMA,2025-12-31,18.239999771118164,2011,52528942.07239151,1108
VNOM,2025-12-31,37.643253326416016,2011,52478951.35574341,1109
GSAT,2025-12-31,61.040000915527344,2011,52393549.56932068,1110
CRNX,2025-12-31,46.54999923706055,1875,52348318.74732971,1111
APPF,2025-12-31,232.6499938964844,2011,52327011.657714844,1112
HAE,2025-12-31,80.1500015258789,2011,52228612.449645996,1113
ARRY,2025-12-31,9.220000267028809,1309,52126130.13706207,1114
WEX,2025-12-31,148.97999572753906,2011,52109581.549072266,1115
BIO,2025-12-31,302.989990234375,2011,52055677.08892822,1116
OGE,2025-12-31,41.54804229736328,2011,52027148.25401306,1117
SBRA,2025-12-31,18.395360946655273,2011,51884990.03095627,1118
NOVT,2025-12-31,118.98999786376952,2011,51810200.64163208,1119
CAKE,2025-12-31,49.99355697631836,2011,51687443.62945557,1120
NOV,2025-12-31,15.418731689453123,2011,51607639.902973175,1121
FCN,2025-12-31,170.8300018310547,2011,51566646.28601074,1122
CCC,2025-12-31,7.949999809265137,1317,51495834.870672226,1123
SEZL,2025-12-31,63.474998474121094,578,51395775.91629028,1124
ESAB,2025-12-31,111.4664306640625,944,51345880.09605408,1125
RDW,2025-12-31,7.599999904632568,1247,51312839.33010101,1126
MC,2025-12-31,67.38261413574219,2011,51292305.1990509,1127
PVH,2025-12-31,66.95555114746094,2011,51279458.070755005,1128
TGTX,2025-12-31,29.809999465942383,2011,51246938.137722015,1129
FRT,2025-12-31,97.7068862915039,2011,51224017.96531677,1130
VOYA,2025-12-31,73.56584167480469,2011,51210738.26904297,1131
SOC,2025-12-31,9.020000457763672,1183,51193684.00468826,1132
CR,2025-12-31,183.9408264160156,693,51179812.5,1133
QTWO,2025-12-31,72.16000366210938,2011,51164082.43560791,1134
OPCH,2025-12-31,31.86000061035156,2011,51084618.38712692,1135
GNTX,2025-12-31,22.910905838012695,2011,51068551.3086319,1136
GT,2025-12-31,8.760000228881836,2011,51023253.2749176,1137
CACC,2025-12-31,443.4599914550781,2011,50935530.20324707,1138
NNN,2025-12-31,38.52288818359375,2011,50884567.670059204,1139
ADT,2025-12-31,7.936648845672607,1999,50596714.769124985,1140
FR,2025-12-31,56.32198715209961,2011,50531112.02163696,1141
EPRT,2025-12-31,29.053333282470703,1893,50392685.3430748,1142
ALGM,2025-12-31,26.3799991607666,1299,50262732.54318237,1143
KD,2025-12-31,26.559999465942383,1052,50257520.37649155,1144
OSIS,2025-12-31,255.05999755859375,2011,50221911.38000488,1145
HEI.A,2025-12-31,252.18505859375,2011,50163572.1496582,1146
EMBJ,2025-12-31,64.13761138916016,2011,49964158.66146088,1147
MYRG,2025-12-31,218.5,2011,49926995.07064819,1148
CVSA,2025-12-31,103.47000122070312,2011,49919124.59373474,1149
HWC,2025-12-31,62.742191314697266,2011,49831507.54241943,1150
ASPI,2025-12-31,5.349999904632568,787,49765004.40373421,1151
SKY,2025-12-31,84.5,2011,49603935.413360596,1152
NXST,2025-12-31,199.5457305908203,2011,49598029.680633545,1153
HCC,2025-12-31,88.00859832763672,2011,49533713.58795166,1154
UMBF,2025-12-31,114.2320785522461,2011,49512013.177490234,1155
EGO,2025-12-31,35.780303955078125,2011,49502904.25271988,1156
GXO,2025-12-31,52.63999938964844,1117,49404867.24700928,1157
AMBA,2025-12-31,70.83999633789062,2011,49338062.12348938,1158
IDA,2025-12-31,124.97438049316406,2011,49209066.80908203,1159
CPRI,2025-12-31,24.399999618530273,2011,49071821.76656723,1160
KBR,2025-12-31,39.83546447753906,2011,48914275.61035156,1161
TEX,2025-12-31,53.09199142456055,2011,48795034.97180939,1162
APGE,2025-12-31,75.4800033569336,620,48719134.22241211,1163
UPWK,2025-12-31,19.81999969482422,1821,48660085.367012024,1164
DCI,2025-12-31,88.09197235107422,2011,48658204.18357849,1165
GENI,2025-12-31,11.020000457763672,1317,48611660.43891907,1166
OZK,2025-12-31,45.131935119628906,2011,48481248.00987244,1167
PENN,2025-12-31,14.75,2011,48444928.10201645,1168
CAMT,2025-12-31,106.3499984741211,2011,48369060.02540588,1169
KRC,2025-12-31,36.14019775390625,2011,48136553.410720825,1170
QLYS,2025-12-31,132.89999389648438,2011,48095200.68016052,1171
LOAR,2025-12-31,68.0,423,48083961.72828674,1172
NUVL,2025-12-31,100.58999633789062,1112,47966351.70631409,1173
PPC,2025-12-31,38.9900016784668,2011,47912876.814842224,1174
OLN,2025-12-31,20.520462036132812,2011,47842059.596157074,1175
MLYS,2025-12-31,36.290000915527344,725,47807414.90058899,1176
HESM,2025-12-31,33.080970764160156,2011,47784517.564201355,1177
QGEN,2025-12-31,44.567970275878906,2011,47767645.10726929,1178
LQDA,2025-12-31,34.4900016784668,1869,47706881.501197815,1179
EBC,2025-12-31,18.16994285583496,1309,47619125.09441376,1180
BMI,2025-12-31,173.3845672607422,2011,47594523.15979004,1181
LTH,2025-12-31,26.579999923706055,1063,47528427.210617065,1182
MGY,2025-12-31,21.630292892456055,2011,47523805.49221039,1183
MSM,2025-12-31,81.83528137207031,2011,47335937.32299805,1184
SEIC,2025-12-31,81.54302978515625,2011,47291443.423461914,1185
ACLS,2025-12-31,80.33999633789062,2011,47155826.22947693,1186
BFH,2025-12-31,73.62327575683594,2011,47107479.31995392,1187
TKR,2025-12-31,83.58912658691406,2011,46967161.06643677,1188
MT,2025-12-31,45.35395050048828,2011,46960209.264564514,1189
ROAD,2025-12-31,108.5500030517578,1926,46733235.010910034,1190
BC,2025-12-31,73.45431518554688,2011,46504958.44326019,1191
GTES,2025-12-31,21.469999313354492,1995,46481444.213581085,1192
LFUS,2025-12-31,251.9469757080078,2011,46367382.38220215,1193
MDU,2025-12-31,19.261274337768555,2011,46298444.68841553,1194
GPOR,2025-12-31,207.9900054931641,1162,46263922.06954956,1195
PRI,2025-12-31,256.0751037597656,2011,46259634.93347168,1196
STAG,2025-12-31,36.00448989868164,2011,46017365.26374817,1197
SAIC,2025-12-31,99.6147689819336,2011,45969442.45758057,1198
KYMR,2025-12-31,77.80999755859375,1347,45918685.566329956,1199
TWST,2025-12-31,31.719999313354492,1801,45784388.94672394,1200
HOG,2025-12-31,20.120342254638672,2011,45732811.375141144,1201
PIPR,2025-12-31,83.12657165527344,2011,45689176.612854004,1202
SEB,2025-12-31,4440.6708984375,2011,45674152.9296875,1203
SMMT,2025-12-31,17.489999771118164,2011,45394713.127326965,1204
YOU,2025-12-31,34.71623611450195,1132,45219673.98328781,1205
DK,2025-12-31,29.300289154052734,2011,45063705.17091751,1206
SHLS,2025-12-31,8.5,1238,45035811.56654358,1207
RHP,2025-12-31,92.52495574951172,2011,45028956.730651855,1208
ZG,2025-12-31,68.2300033569336,2011,45014042.49382019,1209
HTZ,2025-12-31,5.139999866485596,1131,44991351.491093636,1210
PTEN,2025-12-31,5.98433780670166,2011,44925027.70028114,1211
WTM,2025-12-31,2077.083251953125,2011,44807627.09350586,1212
NE,2025-12-31,27.631460189819336,1147,44800146.24052048,1213
ASAN,2025-12-31,13.710000038146973,1320,44766164.558029175,1214
VITL,2025-12-31,31.940000534057617,1362,44743455.57832718,1215
EXLS,2025-12-31,42.439998626708984,2011,44734172.2032547,1216
VNO,2025-12-31,33.279998779296875,2011,44730893.61248016,1217
RELY,2025-12-31,13.800000190734863,1073,44692999.15113449,1218
BEAM,2025-12-31,27.719999313354492,1484,44622512.7576828,1219
RARE,2025-12-31,23.0,2011,44488415.90232849,1220
ESLT,2025-12-31,576.3406372070312,2011,44452638.73901367,1221
NFG,2025-12-31,79.04682159423828,2011,44419261.64588928,1222
MMSI,2025-12-31,88.13999938964844,2011,44404273.58627319,1223
KGS,2025-12-31,36.788299560546875,630,44064137.71247864,1224
LEVI,2025-12-31,20.480390548706055,1706,43999184.751701355,1225
DYN,2025-12-31,19.559999465942383,1329,43918136.33055687,1226
MMS,2025-12-31,85.46035766601562,2011,43687481.18286133,1227
JXN,2025-12-31,104.8407974243164,1088,43675921.171951294,1228
PRGO,2025-12-31,13.269516944885254,2011,43640210.11047363,1229
STNG,2025-12-31,50.23457336425781,2011,43588766.21017456,1230
ITGR,2025-12-31,78.43000030517578,2011,43287462.046432495,1231
MUFG,2025-12-31,15.859999656677246,2011,43256357.23314285,1232
NCNO,2025-12-31,25.63999938964844,1375,43224722.38292694,1233
BANC,2025-12-31,19.03810691833496,2011,43165193.816185,1234
GLBE,2025-12-31,39.310001373291016,1166,43093618.099975586,1235
MTG,2025-12-31,28.889503479003903,2011,42874952.305698395,1236
MRCY,2025-12-31,73.01000213623047,2011,42735921.69075012,1237
TDOC,2025-12-31,7.0,2011,42701977.212142944,1238
PARR,2025-12-31,35.13999938964844,2011,42672102.79788971,1239
SSD,2025-12-31,160.66944885253906,2011,42570955.19256592,1240
DSGX,2025-12-31,87.66000366210938,2011,42566426.542282104,1241
NOG,2025-12-31,20.65988540649414,2011,42457432.76376724,1242
ECG,2025-12-31,85.55999755859375,295,42430486.59210205,1243
NUVB,2025-12-31,8.960000038146973,1344,42383610.73036194,1244
PRCT,2025-12-31,31.459999084472656,1079,42373480.74102402,1245
EDU,2025-12-31,54.3931999206543,2011,42300477.42919922,1246
ARR,2025-12-31,16.300708770751953,2011,42267339.17713165,1247
CSW,2025-12-31,292.943603515625,2011,42089152.001953125,1248
SON,2025-12-31,42.78329849243164,2011,42079089.33792114,1249
HUN,2025-12-31,9.875726699829102,2011,41948853.18231583,1250
KAI,2025-12-31,284.3842468261719,2011,41929416.467285156,1251
FRSH,2025-12-31,12.25,1074,41835466.49789811,1252
SLGN,2025-12-31,39.94489288330078,2011,41486454.981803894,1253
WTS,2025-12-31,275.023193359375,2011,41313686.42883301,1254
CBRL,2025-12-31,25.01491355895996,2011,41262911.582279205,1255
PBA,2025-12-31,37.20988464355469,2011,41251821.25740051,1256
TXNM,2025-12-31,58.04058837890625,2011,41172294.804382324,1257
ASB,2025-12-31,25.305618286132812,2011,41087803.539562225,1258
GTM,2025-12-31,10.170000076293944,1402,41057969.153022766,1259
VERA,2025-12-31,50.63999938964844,1164,41053198.2585907,1260
ST,2025-12-31,33.09049606323242,2011,41049329.1973114,1261
IMAX,2025-12-31,36.959999084472656,2011,40887764.1828537,1262
ING,2025-12-31,27.157318115234375,2011,40746101.93185806,1263
ACMR,2025-12-31,39.45000076293945,2011,40719844.118118286,1264
EYE,2025-12-31,25.81999969482422,2011,40682839.96152878,1265
CRGY,2025-12-31,8.228469848632812,1020,40616930.849695206,1266
VNT,2025-12-31,37.12443923950195,1324,40501959.256362915,1267
IRT,2025-12-31,17.09628677368164,2011,40454596.42486572,1268
LGND,2025-12-31,189.07000732421875,2011,40292399.05395508,1269
PAG,2025-12-31,155.56776428222656,2011,40139044.36645508,1270
IMO,2025-12-31,85.42450714111328,2011,40055344.34051514,1271
SRAD,2025-12-31,23.770000457763672,1080,40041249.19242859,1272
NKTR,2025-12-31,42.279998779296875,2011,39985489.29462433,1273
KTB,2025-12-31,60.187442779541016,1660,39976175.64620972,1274
ACHC,2025-12-31,14.1899995803833,2011,39946949.09248352,1275
AMR,2025-12-31,199.8800048828125,1231,39909241.91818237,1276
MGNI,2025-12-31,16.229999542236328,2011,39750064.20502663,1277
GLNG,2025-12-31,36.826416015625,2011,39749814.43309784,1278
SARO,2025-12-31,28.68000030517578,313,39659416.58401489,1279
KNTK,2025-12-31,34.739864349365234,1792,39593113.97399902,1280
PCT,2025-12-31,8.59000015258789,1375,39583233.07170868,1281
OR,2025-12-31,35.262962341308594,2011,39554560.74886322,1282
BEPC,2025-12-31,37.62504196166992,1367,39498305.86357117,1283
ATEC,2025-12-31,21.040000915527344,2011,39428310.70518494,1284
NPO,2025-12-31,213.64666748046875,2011,39346547.287750244,1285
ASH,2025-12-31,57.85624313354492,2011,39268958.06980133,1286
FSS,2025-12-31,108.29617309570312,2011,39227734.8602295,1287
SHOO,2025-12-31,41.18958282470703,2011,39223602.62756348,1288
XRAY,2025-12-31,11.43000030517578,2011,39203359.45453644,1289
FORM,2025-12-31,55.779998779296875,2011,39134420.02887726,1290
RRR,2025-12-31,60.48801040649414,2011,39122097.59120941,1291
DAN,2025-12-31,23.596040725708008,2011,39027386.972522736,1292
PFSI,2025-12-31,130.94761657714844,2011,39013566.82891846,1293
SGML,2025-12-31,13.1899995803833,1885,39013244.890880585,1294
PAGS,2025-12-31,9.413994789123535,1996,38957716.24546051,1295
TRNO,2025-12-31,57.75260543823242,2011,38818802.546691895,1296
BRZE,2025-12-31,34.290000915527344,1034,38780927.95944214,1297
KSPI,2025-12-31,76.45551300048828,490,38695706.34536743,1298
ABG,2025-12-31,232.52999877929688,2011,38587295.19805908,1299
ERIE,2025-12-31,281.90899658203125,2011,38498812.130737305,1300
IRON,2025-12-31,79.41000366210938,1354,38458996.45881653,1301
ALHC,2025-12-31,19.75,1198,38438663.436317444,1302
UFPI,2025-12-31,90.3282470703125,2011,38325952.61955261,1303
ACAD,2025-12-31,26.709999084472656,2011,38195811.617565155,1304
LINE,2025-12-31,34.007389068603516,361,38093374.55320358,1305
AVT,2025-12-31,47.63602828979492,2011,38075985.625076294,1306
SVM,2025-12-31,8.331221580505371,2011,38069882.9154253,1307
AROC,2025-12-31,25.688175201416016,2011,38059809.34238434,1308
PJT,2025-12-31,166.65087890625,2011,38008552.10571289,1309
LAZ,2025-12-31,47.631988525390625,2011,37963299.66926575,1310
KRG,2025-12-31,23.03510475158691,2011,37864020.40309906,1311
SPSC,2025-12-31,89.12999725341797,2011,37673416.664886475,1312
FLO,2025-12-31,10.41799259185791,2011,37588645.0884819,1313
TARS,2025-12-31,81.87999725341797,1308,37440255.91201782,1314
NVST,2025-12-31,21.709999084472656,1581,37427407.47079849,1315
FIVN,2025-12-31,20.049999237060547,2011,37370332.19823837,1316
TDC,2025-12-31,30.440000534057617,2011,37314633.74118805,1317
TNL,2025-12-31,69.35839080810547,2011,37298614.07966614,1318
TCBI,2025-12-31,90.35799407958984,2011,37162179.60128784,1319
GTX,2025-12-31,17.319116592407227,1833,37076070.25728226,1320
FUBO,2025-12-31,30.239999771118164,1702,37047203.59695053,1321
SMG,2025-12-31,57.1553840637207,2011,37021579.74758148,1322
VC,2025-12-31,94.42693328857422,2011,36983005.517578125,1323
CRC,2025-12-31,44.1234016418457,1300,36913185.90602875,1324
DBRG,2025-12-31,15.320337295532228,2011,36770408.99019241,1325
SNDX,2025-12-31,21.010000228881836,2011,36769625.60386658,1326
KMPR,2025-12-31,39.70265579223633,2011,36673402.94113159,1327
MIRM,2025-12-31,78.98999786376953,1624,36584475.74043274,1328
RCI,2025-12-31,37.03351211547851,2011,36542646.88873291,1329
THG,2025-12-31,180.8929901123047,2011,36536144.67544556,1330
OGN,2025-12-31,7.1415815353393555,1164,36528800.3718853,1331
PZZA,2025-12-31,37.4764289855957,2011,36495186.88240051,1332
PSIX,2025-12-31,57.13999938964844,2011,36392029.3926239,1333
BL,2025-12-31,55.290000915527344,2011,36280897.9511261,1334
ESE,2025-12-31,195.2107391357422,2011,36220013.06915283,1335
CTRI,2025-12-31,25.25,427,36019379.78553772,1336
AMTM,2025-12-31,29.0,319,35988655.114746094,1337
FSK,2025-12-31,13.567116737365724,2011,35955906.46004677,1338
STEP,2025-12-31,62.5948486328125,1330,35856310.00747681,1339
MSGS,2025-12-31,258.6499938964844,2011,35836109.452056885,1340
XMTR,2025-12-31,59.470001220703125,1132,35824945.355796814,1341
RLI,2025-12-31,61.114410400390625,2011,35803604.139328,1342
RNG,2025-12-31,28.7844181060791,2011,35744253.10707092,1343
TDW,2025-12-31,50.5099983215332,2011,35720404.99782562,1344
AM,2025-12-31,17.395721435546875,2011,35685091.43829346,1345
CCOI,2025-12-31,21.514921188354492,2011,35675574.17240143,1346
FCFS,2025-12-31,158.72247314453125,2011,35468477.65426636,1347
VSEC,2025-12-31,172.60958862304688,2011,35196124.98245239,1348
AEG,2025-12-31,7.490095615386963,2011,34958346.32592201,1349
ORC,2025-12-31,6.57161283493042,2011,34950166.50817394,1350
SG,2025-12-31,6.760000228881836,1033,34888897.70157337,1351
REAL,2025-12-31,15.779999732971191,1637,34832311.5562439,1352
PPLI,2025-12-31,39.099998474121094,2011,34819102.907943726,1353
NB,2025-12-31,5.300000190734863,699,34781310.14442444,1354
BVN,2025-12-31,27.04460334777832,2011,34760742.90046692,1355
EPR,2025-12-31,48.288944244384766,2011,34626064.79740143,1356
NAMS,2025-12-31,35.08000183105469,1230,34586360.7585907,1357
DLB,2025-12-31,63.473487854003906,2011,34534444.50454712,1358
TXG,2025-12-31,16.309999465942383,1585,34499433.555173874,1359
GBCI,2025-12-31,43.46173858642578,2011,34483391.300582886,1360
WWW,2025-12-31,17.83087158203125,2011,34438288.41018677,1361
SAM,2025-12-31,195.1300048828125,2011,34390099.66583252,1362
NSIT,2025-12-31,81.47000122070312,2011,34316993.590927124,1363
MSA,2025-12-31,159.22833251953125,2011,34303953.356933594,1364
AUB,2025-12-31,34.63236999511719,2011,34277473.466682434,1365
ODD,2025-12-31,40.18000030517578,617,34271092.237854004,1366
FAF,2025-12-31,60.44001007080078,2011,34228182.743644714,1367
HASI,2025-12-31,30.732580184936523,2011,34195872.752571106,1368
MATX,2025-12-31,123.03546905517578,2011,34178860.14633179,1369
IMVT,2025-12-31,25.420000076293945,1642,34037992.628479004,1370
AMSC,2025-12-31,28.780000686645508,2011,34008438.38596344,1371
ZWS,2025-12-31,46.27950668334961,2011,33962239.67781067,1372
LAUR,2025-12-31,33.66999816894531,2011,33961508.92162323,1373
FMX,2025-12-31,99.49993896484376,2011,33952434.33265686,1374
FTS,2025-12-31,51.08521270751953,2011,33896703.879356384,1375
BHVN,2025-12-31,11.289999961853027,821,33888384.118413925,1376
ESNT,2025-12-31,64.22492980957031,2011,33845400.537872314,1377
CVI,2025-12-31,25.364171981811523,2011,33841236.12289429,1378
XENE,2025-12-31,44.81999969482422,2011,33699886.61022186,1379
VRDN,2025-12-31,31.1200008392334,2011,33634805.50479889,1380
TNDM,2025-12-31,21.979999542236328,2011,33620759.6906662,1381
CGON,2025-12-31,41.52000045776367,486,33592698.450279236,1382
HGV,2025-12-31,44.75,2011,33467695.916748047,1383
FSLY,2025-12-31,10.18000030517578,1666,33456862.957477566,1384
BMA,2025-12-31,87.44070434570312,2011,33440839.572525024,1385
CNXC,2025-12-31,40.6385612487793,1281,33321179.31137085,1386
TBBK,2025-12-31,67.5199966430664,2011,33295483.238983154,1387
SIGI,2025-12-31,82.84349822998047,2011,33281369.551467896,1388
OGS,2025-12-31,76.00331115722656,2011,33251351.3835907,1389
ADPT,2025-12-31,16.239999771118164,1638,33146706.72683716,1390
FTDR,2025-12-31,57.689998626708984,1835,33029647.80921936,1391
IRDM,2025-12-31,17.22037124633789,2011,32842845.938825607,1392
SMPL,2025-12-31,20.079999923706055,2011,32827381.120681763,1393
WT,2025-12-31,12.147981643676758,2011,32770684.329319,1394
POWI,2025-12-31,35.294952392578125,2011,32652932.96146393,1395
VISN,2025-12-31,8.846845626831055,2011,32424357.471466064,1396
CALX,2025-12-31,52.93000030517578,2011,32386792.55065918,1397
SR,2025-12-31,81.10786437988281,2011,32079035.903549194,1398
ACIW,2025-12-31,47.810001373291016,2011,32058644.55356598,1399
LXP,2025-12-31,48.212928771972656,2011,32000714.424171448,1400
DRS,2025-12-31,33.95380401611328,2011,31986311.603164673,1401
VICR,2025-12-31,109.5999984741211,2011,31930137.54272461,1402
OTEX,2025-12-31,31.85806655883789,2011,31886051.04780197,1403
SLAB,2025-12-31,130.6999969482422,2011,31882094.427490234,1404
RCUS,2025-12-31,23.829999923706055,1961,31865681.413078308,1405
AXTI,2025-12-31,16.350000381469727,2011,31672822.914385796,1406
SXI,2025-12-31,216.71633911132812,2011,31661297.491455078,1407
SUPN,2025-12-31,49.70000076293945,2011,31592320.97644806,1408
VAC,2025-12-31,56.438941955566406,2011,31576152.086257935,1409
COCO,2025-12-31,53.0099983215332,1053,31367505.657577515,1410
CC,2025-12-31,11.68857479095459,2011,31153298.37026596,1411
GO,2025-12-31,10.100000381469728,1643,31091433.607912064,1412
OCUL,2025-12-31,12.140000343322754,2011,30982250.15335083,1413
MWA,2025-12-31,23.700719833374023,2011,30940035.66093445,1414
ATRO,2025-12-31,43.288108825683594,2011,30895772.70244217,1415
TIGO,2025-12-31,52.852970123291016,1755,30865059.62867737,1416
TRIP,2025-12-31,14.5600004196167,2011,30762539.43710327,1417
CRI,2025-12-31,31.979753494262695,2011,30707241.223812103,1418
PGNY,2025-12-31,25.68000030517578,1554,30673838.975811005,1419
VCYT,2025-12-31,42.099998474121094,2011,30630979.948425293,1420
ABCB,2025-12-31,73.91192626953125,2011,30628403.2207489,1421
SAN,2025-12-31,11.587140083312988,2011,30609479.98766899,1422
TDS,2025-12-31,40.92105865478515,2011,30577329.12712097,1423
GEO,2025-12-31,16.1200008392334,2011,30574971.74282074,1424
TENB,2025-12-31,23.530000686645508,1869,30493691.950035095,1425
PK,2025-12-31,10.03688621520996,2011,30474208.639526363,1426
CWEN,2025-12-31,32.48699951171875,2011,30392937.889289856,1427
ICUI,2025-12-31,142.6699981689453,2011,30329561.18621826,1428
IDYA,2025-12-31,34.56999969482422,1662,30313310.545253754,1429
RYN,2025-12-31,21.114727020263672,2011,30296241.752243042,1430
WINA,2025-12-31,402.89837646484375,2011,30246371.850585938,1431
BETR,2025-12-31,32.58000183105469,1174,30229515.884399414,1432
TPC,2025-12-31,66.91199493408203,2011,30177753.674697876,1433
ATMU,2025-12-31,51.80769348144531,652,30174895.281982422,1434
SNEX,2025-12-31,63.41999816894531,2011,30157146.112060547,1435
BCC,2025-12-31,73.17122650146484,2011,30011963.78479004,1436
APLE,2025-12-31,11.427839279174805,2011,29875156.00438118,1437
QDEL,2025-12-31,28.559999465942383,2011,29693211.579036713,1438
CUZ,2025-12-31,24.84069442749023,2011,29692235.87665558,1439
MOG.A,2025-12-31,243.09169006347656,2011,29606616.375732422,1440
BKD,2025-12-31,10.789999961853027,2011,29535311.076259613,1441
ANIP,2025-12-31,78.94000244140625,2011,29481365.209579468,1442
OUT,2025-12-31,23.624143600463867,2011,29478207.328891754,1443
JANX,2025-12-31,13.800000190734863,1145,29436010.193634033,1444
LIVN,2025-12-31,61.529998779296875,2011,29404929.81414795,1445
HMC,2025-12-31,29.479999542236328,2011,29401391.34454727,1446
MAN,2025-12-31,29.05324935913086,2011,29357713.21735382,1447
COLM,2025-12-31,54.53448486328125,2011,29351736.02142334,1448
CBT,2025-12-31,65.53125,2011,29179403.598213196,1449
BKSY,2025-12-31,18.75,1515,29177079.345226288,1450
SKYT,2025-12-31,18.15999984741211,1181,29161418.532943726,1451
TPB,2025-12-31,108.18962097167967,2011,29139100.98876953,1452
CARG,2025-12-31,38.349998474121094,2011,29114485.764694214,1453
VERX,2025-12-31,19.969999313354492,1364,28836966.818237305,1454
RXO,2025-12-31,12.640000343322754,797,28694764.937257767,1455
NWE,2025-12-31,63.294456481933594,2011,28688579.03652191,1456
VRRM,2025-12-31,22.40999984741211,2011,28668790.211200714,1457
BDC,2025-12-31,116.45198822021484,2011,28585883.409118652,1458
FIBK,2025-12-31,33.74189376831055,2011,28522037.252426147,1459
PECO,2025-12-31,34.975276947021484,1219,28458473.817062378,1460
AGIO,2025-12-31,27.219999313354492,2011,28406836.305236816,1461
FHB,2025-12-31,24.801280975341797,2011,28381593.719482422,1462
SXT,2025-12-31,93.219970703125,2011,28367002.716827393,1463
SYNA,2025-12-31,74.0199966430664,2011,28344415.82107544,1464
BOKF,2025-12-31,117.32489013671876,2011,28271064.626312256,1465
IE,2025-12-31,15.979999542236328,882,28221773.69041443,1466
HOMB,2025-12-31,27.36600685119629,2011,28215027.69060135,1467
SHC,2025-12-31,17.639999389648438,1283,28186896.952342987,1468
STOK,2025-12-31,31.739999771118164,1644,28147070.60394287,1469
DV,2025-12-31,11.4399995803833,1181,28126809.427070618,1470
ROOT,2025-12-31,72.2300033569336,1300,28097919.636917114,1471
PLMR,2025-12-31,134.75999450683594,1687,28081985.549926758,1472
GIB,2025-12-31,91.95941162109376,2011,27976070.679855347,1473
VIRT,2025-12-31,32.969871520996094,2011,27915687.879562378,1474
AIR,2025-12-31,82.79000091552734,2011,27901114.191055298,1475
HIW,2025-12-31,24.76569938659668,2011,27873524.84960556,1476
UNF,2025-12-31,192.37303161621097,2011,27759757.707214355,1477
HCI,2025-12-31,190.70736694335935,2011,27754129.078674316,1478
UFPT,2025-12-31,222.02999877929688,2011,27656777.42996216,1479
MAIN,2025-12-31,57.79362487792969,2011,27606723.82106781,1480
CBZ,2025-12-31,50.45000076293945,2011,27576139.89944458,1481
MAC,2025-12-31,18.1701717376709,2011,27562370.51563263,1482
TGB,2025-12-31,5.659999847412109,2011,27523645.102977753,1483
BCRX,2025-12-31,7.800000190734863,2011,27431706.731510162,1484
BNL,2025-12-31,16.859355926513672,1329,27387305.161571503,1485
SGHC,2025-12-31,11.851157188415527,1282,27353585.776090622,1486
RUSHA,2025-12-31,53.65735626220703,2011,27328643.306541443,1487
FULT,2025-12-31,18.999027252197266,2011,27308569.20003891,1488
UMAC,2025-12-31,12.739999771118164,472,27171935.8669281,1489
LENZ,2025-12-31,16.0,1135,27119175.823116302,1490
KFY,2025-12-31,64.93653106689453,2011,27101541.5435791,1491
WERN,2025-12-31,29.647113800048828,2011,27068006.011104584,1492
CWK,2025-12-31,16.190000534057617,1864,27014544.438266754,1493
ENVA,2025-12-31,157.1999969482422,2011,26884825.247192383,1494
EFOR,2025-12-31,48.16999816894531,2011,26740137.06150055,1495
DXC,2025-12-31,14.649999618530272,2011,26729354.37912941,1496
ATKR,2025-12-31,62.65813446044922,2011,26708327.28614807,1497
MHO,2025-12-31,127.9499969482422,2011,26686988.806915283,1498
HAPN,2025-12-31,18.940000534057617,2011,26315452.42843628,1499
SKYW,2025-12-31,100.41000366210938,2011,26293756.595611572,1500
CPRX,2025-12-31,23.34000015258789,2011,26154083.616638184,1501
LCII,2025-12-31,118.98368072509766,2011,26112162.19177246,1502
TAC,2025-12-31,12.59343719482422,2011,26064893.882846832,1503
NVAX,2025-12-31,6.71999979019165,2011,25957980.29127121,1504
PD,2025-12-31,13.109999656677246,1691,25818776.577281952,1505
SA,2025-12-31,29.59000015258789,2011,25792862.118911743,1506
NEO,2025-12-31,11.760000228881836,2011,25600844.586753845,1507
YELP,2025-12-31,30.38999938964844,2011,25580529.433250427,1508
PATK,2025-12-31,107.49870300292967,2011,25578457.706451416,1509
HHH,2025-12-31,79.7699966430664,2011,25574307.81478882,1510
SBH,2025-12-31,14.260000228881836,2011,25491330.030965805,1511
BWIN,2025-12-31,24.030000686645508,1555,25417273.79655838,1512
AQN,2025-12-31,6.018852710723877,2011,25374908.285045624,1513
EXTR,2025-12-31,16.649999618530273,2011,25330097.714424133,1514
RDN,2025-12-31,35.445045471191406,2011,25307193.00479889,1515
ALIT,2025-12-31,39.0,1372,25184094.600963593,1516
INTA,2025-12-31,45.81999969482422,1132,25179006.012535095,1517
BBVA,2025-12-31,22.604421615600582,2011,25163124.193668365,1518
GATX,2025-12-31,168.35330200195312,2011,25157233.66241455,1519
EXPO,2025-12-31,68.80976867675781,2011,25100313.430023193,1520
BKKT,2025-12-31,10.039999961853027,1284,25078123.53029251,1521
STAA,2025-12-31,23.09000015258789,2011,25045556.246757507,1522
AESI,2025-12-31,9.420000076293944,707,25045055.998420715,1523
KT,2025-12-31,18.969999313354492,2011,25035920.527648926,1524
CRMD,2025-12-31,11.630000114440918,2011,25026567.33288765,1525
PBI,2025-12-31,10.415767669677734,2011,25008703.99107933,1526
BCPC,2025-12-31,153.36000061035156,2011,25004860.6842041,1527
ALKT,2025-12-31,23.06999969482422,1186,24989472.73979187,1528
FHI,2025-12-31,51.370059967041016,2011,24955867.322540283,1529
NG,2025-12-31,9.31999969482422,2011,24945849.386787415,1530
SWX,2025-12-31,78.88373565673828,2011,24833915.15045166,1531
GHC,2025-12-31,1094.9852294921875,2011,24803600.09765625,1532
APPN,2025-12-31,35.41999816894531,2011,24737526.334762573,1533
DNLI,2025-12-31,16.510000228881836,2011,24691063.97342682,1534
CALY,2025-12-31,11.670000076293944,2011,24668016.280269623,1535
ABR,2025-12-31,7.27078104019165,2011,24651923.65651131,1536
WHD,2025-12-31,45.4516716003418,1985,24648658.067321777,1537
NSP,2025-12-31,36.9862174987793,2011,24637554.315567017,1538
RVLV,2025-12-31,30.190000534057617,1652,24512814.73197937,1539
HRMY,2025-12-31,37.41999816894531,1349,24500814.94140625,1540
PLXS,2025-12-31,147.0,2011,24468329.720306396,1541
ASM,2025-12-31,6.210000038146973,2011,24431804.00133133,1542
AEVA,2025-12-31,13.279999732971191,1470,24297706.316757202,1543
VSH,2025-12-31,14.383318901062012,2011,24244186.297369003,1544
SGRY,2025-12-31,15.449999809265137,2011,24211581.1712265,1545
NJR,2025-12-31,45.32137298583984,2011,24199641.68434143,1546
AVA,2025-12-31,37.6385612487793,2011,24184365.941810608,1547
BIPC,2025-12-31,44.5007209777832,1447,24167789.218902588,1548
DNOW,2025-12-31,13.25,2011,24123972.727060318,1549
SONO,2025-12-31,17.559999465942383,1864,24113167.25320816,1550
PRGS,2025-12-31,42.959999084472656,2011,24105013.79184723,1551
LTBR,2025-12-31,12.640000343322754,2011,23978247.790527344,1552
RSI,2025-12-31,19.43000030517578,1429,23975278.794574738,1553
AGO,2025-12-31,89.02948760986328,2011,23916618.24569702,1554
BCO,2025-12-31,116.20941925048828,2011,23912806.17904663,1555
DORM,2025-12-31,123.19000244140624,2011,23852289.04724121,1556
BXMT,2025-12-31,18.159866333007812,2011,23842514.435768127,1557
MLTX,2025-12-31,13.18000030517578,1306,23709617.569351196,1558
GOLF,2025-12-31,79.3826675415039,2011,23687965.86418152,1559
CNO,2025-12-31,42.1383056640625,2011,23653845.113372803,1560
SKT,2025-12-31,32.79121780395508,2011,23545088.790893555,1561
UHAL.B,2025-12-31,46.64346694946289,787,23534951.671697617,1562
PBH,2025-12-31,61.689998626708984,2011,23533288.99459839,1563
HURN,2025-12-31,172.91000366210938,2011,23531192.108154297,1564
CPA,2025-12-31,117.78272247314452,2011,23407048.61145019,1565
DLO,2025-12-31,13.90614128112793,1151,23377078.442001343,1566
PAR,2025-12-31,36.279998779296875,2011,23364716.071510315,1567
FBP,2025-12-31,20.37437629699707,2011,23327843.01557541,1568
CXT,2025-12-31,46.68817901611328,2011,23310803.62930298,1569
ESTA,2025-12-31,72.87999725341797,1874,23276954.45137024,1570
BOH,2025-12-31,67.1480941772461,2011,23224851.42326355,1571
CHEF,2025-12-31,62.33000183105469,2011,23214007.664108276,1572
BELFB,2025-12-31,169.51846313476562,2011,23175407.42111206,1573
HROW,2025-12-31,49.0,2011,23173481.54964447,1574
SNDR,2025-12-31,26.348974227905273,2011,23024751.43070221,1575
ACVA,2025-12-31,8.020000457763672,1200,23003944.43230629,1576
HNI,2025-12-31,41.262298583984375,2011,22966485.174942017,1577
VCTR,2025-12-31,62.28772735595703,1985,22954557.54814148,1578
EWTX,2025-12-31,24.815000534057617,1198,22910429.34474945,1579
AX,2025-12-31,86.16000366210938,2011,22904842.42286682,1580
DRH,2025-12-31,8.808977127075195,2011,22903426.840996742,1581
GRND,2025-12-31,13.539999961853027,1247,22856364.865493774,1582
BKE,2025-12-31,49.85905456542969,2011,22791339.617156982,1583
PUMP,2025-12-31,9.510000228881836,2011,22723898.852539062,1584
LLYVK,2025-12-31,83.16000366210938,605,22638434.046173096,1585
BGC,2025-12-31,8.894939422607422,2011,22588916.591739655,1586
PAGP,2025-12-31,18.435077667236328,2011,22578397.064113617,1587
ERO,2025-12-31,28.290000915527344,2011,22467539.99557495,1588
AZZ,2025-12-31,106.67337036132812,2011,22459303.393936157,1589
CNS,2025-12-31,61.56034469604492,2011,22446367.706298828,1590
ENOV,2025-12-31,26.63999938964844,2011,22397851.467609406,1591
MUX,2025-12-31,18.510000228881836,2011,22385072.52407074,1592
PUK,2025-12-31,30.713245391845703,2011,22342173.42224121,1593
DEI,2025-12-31,10.593605041503906,2011,22300763.806152344,1594
SLF,2025-12-31,61.1661376953125,2011,22268130.41038513,1595
TNK,2025-12-31,52.38728332519531,2011,22179417.994117737,1596
HAYW,2025-12-31,15.449999809265137,1208,22076262.610006332,1597
ORLA,2025-12-31,13.45316219329834,2011,22016482.608366013,1598
IMNM,2025-12-31,21.479999542236328,1318,21974392.718315125,1599
WDFC,2025-12-31,194.9427947998047,2011,21958371.77734375,1600
PAY,2025-12-31,31.59000015258789,1156,21952259.475708008,1601
SDRL,2025-12-31,34.599998474121094,806,21936017.84095764,1602
NWS,2025-12-31,29.52114486694336,2011,21883378.158187866,1603
AKR,2025-12-31,20.13295555114746,2011,21853615.280342102,1604
IMSR,2025-12-31,6.110000133514404,307,21793339.84851837,1605
GRPN,2025-12-31,17.610000610351562,2011,21739272.011375427,1606
LASR,2025-12-31,37.5099983215332,1932,21561679.437065125,1607
FIGS,2025-12-31,11.359999656677246,1155,21560211.673021317,1608
CWH,2025-12-31,9.729999542236328,2011,21559044.41485405,1609
OI,2025-12-31,14.760000228881836,2011,21523216.14217758,1610
MZTI,2025-12-31,161.8874053955078,2011,21369082.54623413,1611
TFII,2025-12-31,102.55224609375,2011,21335340.983581543,1612
BBT,2025-12-31,25.79389762878418,2011,21224825.97885132,1613
NRIX,2025-12-31,18.969999313354492,1367,21195273.072862625,1614
PRM,2025-12-31,27.530000686645508,1040,21169105.60836792,1615
ARCB,2025-12-31,74.0350570678711,2011,21142252.688217163,1616
OLMA,2025-12-31,25.0,1284,21097002.92429924,1617
DNTH,2025-12-31,41.209999084472656,1893,21009775.562095642,1618
IPAR,2025-12-31,83.42729949951172,2011,20995636.477279663,1619
NEOG,2025-12-31,6.989999771118164,2011,20967475.175499916,1620
LB,2025-12-31,48.83378219604492,379,20892167.11730957,1621
COUR,2025-12-31,7.360000133514404,1195,20834752.989673615,1622
NOMD,2025-12-31,12.124882698059082,2011,20741705.063819885,1623
PENG,2025-12-31,19.559999465942383,2011,20619095.49884796,1624
WVE,2025-12-31,17.0,2011,20606732.95097351,1625
ACA,2025-12-31,106.22614288330078,1798,20592226.18598938,1626
HTGC,2025-12-31,17.69272232055664,2011,20576249.111652374,1627
VECO,2025-12-31,28.579999923706055,2011,20575858.097076416,1628
INBX,2025-12-31,79.0,400,20574353.630065918,1629
INSW,2025-12-31,44.49567413330078,2011,20558435.227775574,1630
ADNT,2025-12-31,19.170000076293945,2011,20528149.6011734,1631
MRX,2025-12-31,38.08689880371094,423,20523852.044677734,1632
OPLN,2025-12-31,29.780000686645508,2011,20512782.111644745,1633
FUL,2025-12-31,59.00779724121094,2011,20376460.356140137,1634
TNET,2025-12-31,58.04435348510742,2011,20365782.2221756,1635
GSHD,2025-12-31,73.6500015258789,1931,20351002.321624756,1636
HWKN,2025-12-31,141.704345703125,2011,20335546.376800537,1637
CSTM,2025-12-31,18.850000381469727,2011,20312601.97763443,1638
BKV,2025-12-31,27.149999618530273,317,20232529.264736176,1639
TNGX,2025-12-31,8.859999656677246,1338,20172585.289478302,1640
PLAY,2025-12-31,16.209999084472656,2011,20152332.680797577,1641
VCEL,2025-12-31,36.0099983215332,2011,20138923.245429993,1642
RIGL,2025-12-31,42.83000183105469,2011,20120439.874267578,1643
HE,2025-12-31,12.300000190734863,2011,20100215.50731659,1644
BLBD,2025-12-31,47.0,2011,20066529.9243927,1645
SOBO,2025-12-31,26.691879272460938,312,20045181.29196167,1646
VZLA,2025-12-31,5.46999979019165,990,20029319.762969017,1647
CLDX,2025-12-31,27.15999984741211,2011,20006516.053771973,1648
INDB,2025-12-31,71.90138244628906,2011,19980928.923416138,1649
ABM,2025-12-31,41.43644332885742,2011,19954881.337356567,1650
ZD,2025-12-31,35.150001525878906,2011,19891914.518737793,1651
PSMT,2025-12-31,122.11842346191406,2011,19884858.164596558,1652
NMRK,2025-12-31,17.236927032470703,2011,19832488.486671448,1653
CNMD,2025-12-31,40.599998474121094,2011,19781010.128974915,1654
PRDO,2025-12-31,29.062820434570312,2011,19779254.91962433,1655
INTR,2025-12-31,8.37399959564209,885,19640181.16955757,1656
ENR,2025-12-31,19.267597198486328,2011,19610437.549304962,1657
WLDN,2025-12-31,103.66000366210938,2011,19558931.437683105,1658
GFF,2025-12-31,73.27763366699219,2011,19498308.532333374,1659
JJSF,2025-12-31,88.57506561279297,2011,19367040.70930481,1660
BUR,2025-12-31,8.800434112548828,1307,19362933.82396698,1661
ALGT,2025-12-31,85.2699966430664,2011,19351356.882858276,1662
DFTX,2025-12-31,13.390000343322754,2011,19301613.0300045,1663
MXL,2025-12-31,17.43000030517578,2011,19257902.38056183,1664
AGYS,2025-12-31,118.83999633789062,2011,19226970.68786621,1665
STN,2025-12-31,93.92914581298828,2011,19168247.844314575,1666
KMT,2025-12-31,28.117904663085938,2011,19161785.3559494,1667
TRS,2025-12-31,35.37864303588867,2011,19114775.953674316,1668
BH.A,2025-12-31,1740.050048828125,1928,19112143.233459473,1669
DHT,2025-12-31,11.493807792663574,2011,19105394.033575058,1670
PHIN,2025-12-31,62.18687057495117,631,19095704.557609558,1671
AWR,2025-12-31,71.50007629394531,2011,19071501.208496094,1672
MNKD,2025-12-31,5.670000076293945,2011,19056265.152597427,1673
FFIN,2025-12-31,29.482261657714844,2011,19006717.26255417,1674
CECO,2025-12-31,59.849998474121094,2011,18994472.132110596,1675
CLBT,2025-12-31,18.030000686645508,1293,18960777.030944824,1676
RUM,2025-12-31,6.320000171661377,1186,18950518.499064445,1677
IDR,2025-12-31,40.29999923706055,2011,18906202.96382904,1678
PLPC,2025-12-31,206.23947143554688,2011,18892436.639404297,1679
IPGP,2025-12-31,71.5999984741211,2011,18879211.18850708,1680
LZ,2025-12-31,9.93000030517578,1132,18804717.357063293,1681
AEHR,2025-12-31,20.190000534057617,2011,18799673.299217224,1682
MQ,2025-12-31,19.0,1147,18797343.45932007,1683
NVRI,2025-12-31,17.920000076293945,2011,18786785.35065651,1684
FCEL,2025-12-31,7.309999942779541,2011,18765513.7239933,1685
ARVN,2025-12-31,11.859999656677246,1825,18716571.589565277,1686
GCT,2025-12-31,39.279998779296875,846,18604928.01322937,1687
TSSI,2025-12-31,7.070000171661377,2011,18597206.816005707,1688
LBTYA,2025-12-31,11.140000343322754,2011,18594757.79414177,1689
FELE,2025-12-31,95.00951385498048,2011,18586735.30883789,1690
FLYW,2025-12-31,14.15999984741211,1156,18540074.293231964,1691
ADUS,2025-12-31,107.38999938964844,2011,18539021.905517578,1692
HIFS,2025-12-31,281.9483947753906,2011,18439411.9720459,1693
REYN,2025-12-31,22.452716827392575,1488,18426514.11561966,1694
PRCH,2025-12-31,9.130000114440918,1501,18395995.21932602,1695
AVPT,2025-12-31,13.890000343322754,1547,18372265.72380066,1696
CERT,2025-12-31,8.8100004196167,1269,18366624.025535583,1697
SYRE,2025-12-31,32.7599983215332,2011,18344420.117759705,1698
WSFS,2025-12-31,54.94588088989258,2011,18292484.98878479,1699
MD,2025-12-31,21.38999938964844,2011,18280503.983783722,1700
URGN,2025-12-31,23.420000076293945,2011,18276298.319149017,1701
BLKB,2025-12-31,63.31999969482422,2011,18198071.335601807,1702
AVNT,2025-12-31,30.75869369506836,2011,18185260.744667053,1703
SBLK,2025-12-31,18.571006774902344,2011,18167235.223388672,1704
OII,2025-12-31,24.030000686645508,2011,18133707.07054138,1705
AMLX,2025-12-31,12.079999923706056,999,18132152.031707764,1706
PAC,2025-12-31,263.6300048828125,2011,18128961.127471924,1707
PACS,2025-12-31,38.38999938964844,433,18068952.50377655,1708
KLIC,2025-12-31,45.33799362182617,2011,17947005.688667297,1709
CMBT,2025-12-31,9.138395309448242,2011,17946169.678115845,1710
DCH,2025-12-31,6.409999847412109,2011,17925681.893253326,1711
NTST,2025-12-31,17.25897979736328,1353,17880070.02506256,1712
EVLV,2025-12-31,7.159999847412109,1326,17856749.947834015,1713
AUPH,2025-12-31,15.949999809265137,2011,17801559.09152031,1714
NVCR,2025-12-31,12.93000030517578,2011,17798016.880846024,1715
UTI,2025-12-31,26.1299991607666,2011,17771858.559513092,1716
FWRG,2025-12-31,15.079999923706056,1067,17767524.456596375,1717
AMRX,2025-12-31,12.600000381469728,1925,17745634.469270706,1718
SFNC,2025-12-31,18.45757484436035,2011,17736516.50505066,1719
CUBI,2025-12-31,73.12000274658203,2011,17656801.43928528,1720
SBCF,2025-12-31,31.03714370727539,2011,17585140.49987793,1721
TFPM,2025-12-31,33.11267852783203,838,17580321.853256226,1722
ATRC,2025-12-31,39.560001373291016,2011,17559152.884674072,1723
TRVI,2025-12-31,12.520000457763672,1674,17551808.778762817,1724
AMRC,2025-12-31,29.290000915527344,2011,17542036.95640564,1725
TALO,2025-12-31,11.020000457763672,1922,17523007.78374672,1726
RNST,2025-12-31,34.79362106323242,2011,17483562.58869171,1727
TBBB,2025-12-31,33.38999938964844,475,17454982.543754578,1728
ALRM,2025-12-31,51.02000045776367,2011,17439521.416282654,1729
TGLS,2025-12-31,49.98226165771485,2011,17438389.69898224,1730
SPRY,2025-12-31,11.649999618530272,1274,17427924.834156036,1731
PRVA,2025-12-31,23.709999084472656,1176,17391129.726028442,1732
ARLO,2025-12-31,13.989999771118164,1863,17293359.710121155,1733
MBC,2025-12-31,11.039999961853027,767,17289454.33330536,1734
MCY,2025-12-31,93.4284210205078,2011,17286808.08944702,1735
VSTM,2025-12-31,7.71999979019165,2011,17237604.9182415,1736
MBX,2025-12-31,31.540000915527344,326,17226305.63635826,1737
JACK,2025-12-31,18.950000762939453,2011,17148118.776893616,1738
VYX,2025-12-31,10.199999809265137,2011,17120022.763061523,1739
CXW,2025-12-31,19.11000061035156,2011,17118565.988731384,1740
NEGG,2025-12-31,50.7599983215332,2011,17045439.94140625,1741
AXGN,2025-12-31,32.72999954223633,2011,17042850.358200073,1742
WGO,2025-12-31,39.306583404541016,2011,17036078.400039673,1743
ROCK,2025-12-31,49.439998626708984,2011,17023634.266090393,1744
NUTX,2025-12-31,164.6199951171875,940,16976560.553741455,1745
TTI,2025-12-31,9.369999885559082,2011,16968564.667224884,1746
ZYME,2025-12-31,26.329999923706055,2011,16947019.43206787,1747
PAM,2025-12-31,88.51000213623047,2011,16875046.940231323,1748
SPB,2025-12-31,58.36309051513672,2011,16821359.965515137,1749
SDGR,2025-12-31,17.8799991607666,1484,16806720.005607605,1750
APAM,2025-12-31,38.459171295166016,2011,16785455.99632263,1751
CATY,2025-12-31,47.722354888916016,2011,16785255.074310303,1752
WAFD,2025-12-31,31.52359390258789,2011,16721081.032371521,1753
ALM,2025-12-31,8.8100004196167,2011,16720474.843358994,1754
KURA,2025-12-31,10.390000343322754,2011,16678908.571195602,1755
PVLA,2025-12-31,104.66999816894533,2011,16661807.144165039,1756
LNN,2025-12-31,117.1376724243164,2011,16661006.756591797,1757
CPK,2025-12-31,123.3675765991211,2011,16622850.257873535,1758
XERS,2025-12-31,7.849999904632568,1893,16445592.668771744,1759
ANAB,2025-12-31,32.31999969482422,2011,16443603.978824615,1760
AQST,2025-12-31,6.460000038146973,1870,16443024.237298965,1761
WLY,2025-12-31,30.14103126525879,2011,16437513.190029144,1762
OMCL,2025-12-31,45.29999923706055,2011,16372706.01196289,1763
NN,2025-12-31,16.639999389648438,1297,16322181.597328184,1764
SNN,2025-12-31,32.3199348449707,2011,16296045.75767517,1765
LGIH,2025-12-31,42.959999084472656,2011,16295997.688484192,1766
MEOH,2025-12-31,39.4443359375,2011,16288722.419929504,1767
FBK,2025-12-31,55.38753128051758,2011,16273048.419952393,1768
DPRO,2025-12-31,6.909999847412109,1251,16251673.287343979,1769
DXPE,2025-12-31,109.79000091552734,2011,16248991.096115112,1770
NEXT,2025-12-31,5.269999980926514,2011,16231344.629359245,1771
DIOD,2025-12-31,49.34000015258789,2011,16218148.54812622,1772
HYMC,2025-12-31,23.770000457763672,1964,16168422.273635864,1773
ARIS,2025-12-31,16.229999542236328,2011,16152206.255102158,1774
CURB,2025-12-31,22.932125091552734,317,16151336.083316803,1775
ASR,2025-12-31,317.38580322265625,2011,16077489.53704834,1776
COLL,2025-12-31,46.29999923706055,2011,16045243.810844421,1777
HLF,2025-12-31,12.890000343322754,2011,16022622.433090208,1778
CWT,2025-12-31,42.67218399047851,2011,16006975.635910034,1779
NBR,2025-12-31,54.29999923706055,2011,15965053.928375244,1780
KOD,2025-12-31,27.959999084472656,1820,15963302.074718475,1781
RAMP,2025-12-31,29.3700008392334,2011,15960534.93719101,1782
ARDX,2025-12-31,5.829999923706055,2011,15925592.789387703,1783
CIGI,2025-12-31,146.77232360839844,2011,15918028.186035156,1784
AIN,2025-12-31,50.21725082397461,2011,15846535.291862488,1785
BBW,2025-12-31,60.484466552734375,2011,15840060.667610168,1786
HTO,2025-12-31,48.20968246459961,2011,15827443.681144714,1787
MFG,2025-12-31,7.320000171661377,2011,15818854.349899292,1788
BJRI,2025-12-31,39.400001525878906,2011,15773821.236419678,1789
REPL,2025-12-31,9.720000267028809,1873,15719416.035223007,1790
CRAI,2025-12-31,199.27015686035156,2011,15716461.81640625,1791
KWR,2025-12-31,136.34091186523438,2011,15712329.00276184,1792
PLAB,2025-12-31,32.0,2011,15694997.001934052,1793
PWP,2025-12-31,17.173280715942383,1281,15694455.473804472,1794
CON,2025-12-31,19.57734107971191,361,15693278.983974457,1795
MTRN,2025-12-31,124.12521362304688,2011,15659923.254776001,1796
TSHA,2025-12-31,5.5,1324,15644851.109313965,1797
PHG,2025-12-31,26.064374923706055,2011,15564995.665454865,1798
CVBF,2025-12-31,18.242084503173828,2011,15556511.170768738,1799
KRUS,2025-12-31,52.33000183105469,1614,15488609.03892517,1800
KALU,2025-12-31,113.6525650024414,2011,15476332.22694397,1801
CABO,2025-12-31,112.8499984741211,2011,15476019.919586182,1802
LEG,2025-12-31,10.894497871398926,2011,15470004.27942276,1803
IVT,2025-12-31,27.78767967224121,2011,15450723.938655853,1804
OTTR,2025-12-31,79.75856018066406,2011,15427633.905029297,1805
LZB,2025-12-31,36.7773551940918,2011,15414187.317848206,1806
ALG,2025-12-31,167.25054931640625,2011,15399588.92211914,1807
RPD,2025-12-31,15.199999809265137,2011,15369879.889965057,1808
TRUP,2025-12-31,37.369998931884766,2011,15363493.403053284,1809
MSGE,2025-12-31,53.88999938964844,681,15350776.190567017,1810
SFBS,2025-12-31,70.72624206542969,2011,15329182.940292358,1811
WSBC,2025-12-31,32.514404296875,2011,15327944.143295288,1812
WKC,2025-12-31,23.070390701293945,2011,15319650.489234924,1813
CNA,2025-12-31,44.8726692199707,2011,15297474.196434021,1814
HELE,2025-12-31,21.25,2011,15295790.776062012,1815
CGAU,2025-12-31,14.286684036254885,2011,15278729.24118042,1816
WD,2025-12-31,58.455055236816406,2011,15252915.224075317,1817
KN,2025-12-31,21.43000030517578,2011,15245157.497215271,1818
AZTA,2025-12-31,33.2599983215332,2011,15207691.547203064,1819
XPRO,2025-12-31,13.350000381469728,2011,15176627.875614166,1820
SKWD,2025-12-31,51.11000061035156,744,15119710.99433899,1821
GPGI,2025-12-31,19.272878646850582,1284,15102763.09633255,1822
AORT,2025-12-31,45.61000061035156,2011,15080297.9221344,1823
DRVN,2025-12-31,14.81999969482422,1245,14989026.62062645,1824
EYPT,2025-12-31,18.270000457763672,2011,14941471.358013153,1825
PAYO,2025-12-31,5.619999885559082,1308,14877032.708668709,1826
IOSP,2025-12-31,75.64920806884766,2011,14867394.227600098,1827
HLIO,2025-12-31,53.239166259765625,2011,14830881.601333618,1828
GPRE,2025-12-31,9.800000190734863,2011,14819896.00777626,1829
FVRR,2025-12-31,19.760000228881836,1648,14806898.564624786,1830
IBOC,2025-12-31,65.77009582519531,2011,14782044.76928711,1831
EFC,2025-12-31,12.785843849182127,2011,14777039.03412819,1832
KNSA,2025-12-31,41.25,1911,14741201.67427063,1833
PHR,2025-12-31,16.920000076293945,1624,14720488.279438019,1834
INVA,2025-12-31,19.989999771118164,2011,14689467.66653061,1835
GRBK,2025-12-31,62.65999984741211,2011,14596054.580307007,1836
KROS,2025-12-31,20.36000061035156,1441,14489986.613941193,1837
AMN,2025-12-31,15.760000228881836,2011,14484802.470493317,1838
NATL,2025-12-31,38.11000061035156,558,14472822.25780487,1839
LION,2025-12-31,9.130000114440918,964,14450260.459160805,1840
NIC,2025-12-31,120.73524475097656,2011,14433750.106811523,1841
CDNA,2025-12-31,18.84000015258789,2011,14404870.739221573,1842
NMIH,2025-12-31,40.790000915527344,2011,14403424.277114868,1843
SII,2025-12-31,97.3760223388672,2011,14381819.662094116,1844
ORIC,2025-12-31,8.180000305175781,1430,14283846.018791199,1845
FCPT,2025-12-31,22.37745475769043,2011,14232852.668190002,1846
BW,2025-12-31,6.340000152587891,2011,14205587.27133274,1847
WFG,2025-12-31,60.52123260498047,2011,14196859.232711792,1848
BLMN,2025-12-31,6.170000076293945,2011,14189040.49987793,1849
EPAC,2025-12-31,38.2400016784668,2011,14137827.131271362,1850
PCRX,2025-12-31,25.8799991607666,2011,14119283.58631134,1851
RDY,2025-12-31,14.039999961853027,2011,14112771.402645111,1852
NHI,2025-12-31,74.62212371826172,2011,14090782.998275757,1853
EVTC,2025-12-31,28.978151321411133,2011,14058956.192398071,1854
ICFI,2025-12-31,84.94525146484375,2011,14022125.78201294,1855
IIPR,2025-12-31,44.21806335449219,2011,13945131.52885437,1856
HPP,2025-12-31,10.829999923706056,2011,13911119.328792572,1857
SKE,2025-12-31,23.729999542236328,2011,13862008.519935608,1858
CAE,2025-12-31,30.420000076293945,2011,13814058.79535675,1859
OXM,2025-12-31,33.125633239746094,2011,13800868.681907654,1860
ARHS,2025-12-31,10.683356285095217,1043,13783292.052841185,1861
MNRO,2025-12-31,19.439603805541992,2011,13732426.936626434,1862
SLVM,2025-12-31,46.64280700683594,1073,13717516.15562439,1863
ARQQ,2025-12-31,21.8799991607666,1194,13663015.173149109,1864
FWRD,2025-12-31,25.0,2011,13648366.792297363,1865
NGVT,2025-12-31,59.18000030517578,2011,13636991.362571716,1866
NNI,2025-12-31,132.2906951904297,2011,13589047.692108154,1867
EH,2025-12-31,13.18000030517578,1520,13587235.119628906,1868
GRRR,2025-12-31,10.920000076293944,1168,13554897.163581848,1869
BRC,2025-12-31,77.6930923461914,2011,13493825.59928894,1870
DXYZ,2025-12-31,30.6299991607666,444,13421936.818885803,1871
CASH,2025-12-31,70.91663360595703,2011,13401337.201690674,1872
UTZ,2025-12-31,10.201401710510254,1784,13394691.16435051,1873
SPRB,2025-12-31,87.11000061035156,1313,13367100.109863281,1874
USAS,2025-12-31,5.110000133514404,2011,13351988.92993927,1875
ANDE,2025-12-31,52.6679573059082,2011,13320457.218933105,1876
FOXF,2025-12-31,17.110000610351562,2011,13305436.10868454,1877
PLUS,2025-12-31,87.13526916503906,2011,13305323.118972778,1878
LAR,2025-12-31,5.579999923706055,2011,13283599.693107605,1879
DFDV,2025-12-31,5.050000190734863,613,13280182.772016525,1880
DIN,2025-12-31,31.744579315185547,2011,13246532.37876892,1881
GEF,2025-12-31,66.54907989501953,2011,13230704.594421387,1882
XNCR,2025-12-31,15.3100004196167,2011,13202563.547945023,1883
LMAT,2025-12-31,80.71342468261719,2011,13143692.56515503,1884
RLAY,2025-12-31,8.460000038146973,1373,13076472.252488136,1885
PFS,2025-12-31,19.33072280883789,2011,13035853.058815002,1886
VVX,2025-12-31,54.54999923706055,2011,13027859.247207642,1887
SPT,2025-12-31,11.270000457763672,1520,13020632.766819,1888
TRN,2025-12-31,25.91041374206543,2011,13019111.16104126,1889
UPBD,2025-12-31,16.82612419128418,2011,12997449.1024971,1890
NTCT,2025-12-31,27.059999465942383,2011,12924567.494678497,1891
ICHR,2025-12-31,18.43000030517578,2011,12802013.79480362,1892
TDUP,2025-12-31,6.389999866485596,1198,12705423.482322693,1893
HOV,2025-12-31,97.54000091552734,2011,12701213.144302368,1894
SAH,2025-12-31,61.1747932434082,2011,12680887.441635132,1895
FFBC,2025-12-31,24.595626831054688,2011,12583886.77072525,1896
EZPW,2025-12-31,19.420000076293945,2011,12547728.002548218,1897
FTRE,2025-12-31,17.25,638,12514189.41397667,1898
COHU,2025-12-31,23.270000457763672,2011,12508914.817333221,1899
LMB,2025-12-31,77.8499984741211,2011,12505031.690216064,1900
OMER,2025-12-31,17.18000030517578,2011,12493792.022323608,1901
APPS,2025-12-31,5.0,2011,12484308.779144287,1902
MGRC,2025-12-31,104.02349090576172,2011,12463865.2053833,1903
BANF,2025-12-31,105.0780029296875,2011,12344885.21232605,1904
MNPR,2025-12-31,65.30000305175781,1516,12337138.432312012,1905
LTC,2025-12-31,33.35777282714844,2011,12315481.96029663,1906
CRNC,2025-12-31,10.6899995803833,1583,12275094.076776505,1907
TWO,2025-12-31,9.58569622039795,2011,12267239.126729965,1908
ANGI,2025-12-31,12.93000030517578,2011,12261242.270946503,1909
BANR,2025-12-31,61.66448593139648,2011,12158885.995292664,1910
FRHC,2025-12-31,121.68000030517578,1986,12156749.63684082,1911
SKM,2025-12-31,20.530000686645508,2011,12150434.610176086,1912
PRG,2025-12-31,29.23025703430176,2011,12087571.520233154,1913
STC,2025-12-31,69.12794494628906,2011,12048626.279830933,1914
WRLD,2025-12-31,140.38999938964844,2011,12026096.960449219,1915
VSTS,2025-12-31,6.670000076293945,568,12001396.055817604,1916
BBBY,2025-12-31,5.460000038146973,2011,11962129.639959335,1917
HTH,2025-12-31,33.58759689331055,2011,11937288.143920898,1918
TFIN,2025-12-31,62.630001068115234,2011,11894182.72266388,1919
CSTL,2025-12-31,38.900001525878906,1619,11889643.610572815,1920
IART,2025-12-31,12.420000076293944,2011,11845292.342281342,1921
BATRK,2025-12-31,39.45000076293945,2011,11839256.730651855,1922
BBAR,2025-12-31,17.820755004882812,2011,11826095.946645737,1923
SHO,2025-12-31,8.782185554504395,2011,11809319.251680374,1924
BHC,2025-12-31,6.949999809265137,2011,11795349.518442154,1925
GLUE,2025-12-31,15.68000030517578,1136,11780063.128709793,1926
USPH,2025-12-31,77.06059265136719,2011,11771320.240402222,1927
PHAT,2025-12-31,16.59000015258789,1554,11693115.214967728,1928
ORKA,2025-12-31,30.309999465942383,2011,11678471.301364899,1929
LPTH,2025-12-31,10.800000190734863,2011,11671481.876897812,1930
DFIN,2025-12-31,46.689998626708984,2011,11653753.305625916,1931
CLMT,2025-12-31,19.8700008392334,2011,11652097.776317596,1932
TNXP,2025-12-31,15.619999885559082,2011,11619692.278575897,1933
ZBIO,2025-12-31,36.310001373291016,326,11618534.83467102,1934
STRA,2025-12-31,79.01030731201172,2011,11614382.832717896,1935
CRVL,2025-12-31,67.66999816894531,2011,11587344.40460205,1936
UCTT,2025-12-31,25.329999923706055,2011,11585128.079605103,1937
BHE,2025-12-31,42.54805374145508,2011,11576756.155776978,1938
GBX,2025-12-31,46.13312911987305,2011,11563265.934753418,1939
CSWC,2025-12-31,20.95559310913086,2011,11512179.17881012,1940
CAL,2025-12-31,12.031018257141112,2011,11504640.861320496,1941
CLPT,2025-12-31,13.68000030517578,2011,11339592.421150208,1942
XHR,2025-12-31,13.90992546081543,2011,11287795.352077484,1943
NTGR,2025-12-31,24.530000686645508,2011,11284194.917678833,1944
HCSG,2025-12-31,19.1200008392334,2011,11239849.451255798,1945
EPC,2025-12-31,16.806297302246094,2011,11231524.111938477,1946
AGM,2025-12-31,172.19015502929688,2011,11229016.65649414,1947
VRTS,2025-12-31,158.1041259765625,2011,11215933.896636963,1948
ROG,2025-12-31,91.56999969482422,2011,11178386.904144287,1949
AMPL,2025-12-31,11.579999923706056,1070,11173231.942081451,1950
NSSC,2025-12-31,41.38190460205078,2011,11161240.758132935,1951
TREE,2025-12-31,53.09000015258789,2011,11160326.072883606,1952
CAPR,2025-12-31,28.86000061035156,2011,11155032.663035393,1953
ALX,2025-12-31,209.83653259277344,2011,11147960.064697266,1954
PAHC,2025-12-31,37.11739730834961,2011,11114949.967384338,1955
BH,2025-12-31,332.42999267578125,2011,11111952.912902832,1956
SPNT,2025-12-31,21.88999938964844,2011,11086506.372261047,1957
XPEL,2025-12-31,49.90999984741211,1636,11021768.51978302,1958
DBD,2025-12-31,67.88999938964844,599,10983728.522109985,1959
ASTH,2025-12-31,24.809999465942383,2011,10981878.303432465,1960
DOLE,2025-12-31,14.814753532409668,1111,10980980.167198181,1961
NWN,2025-12-31,45.821006774902344,2011,10970856.769561768,1962
LPG,2025-12-31,23.230663299560547,2011,10889493.281555176,1963
DNA,2025-12-31,8.3100004196167,1183,10845730.628919601,1964
GSBD,2025-12-31,8.6287260055542,2011,10826539.941883087,1965
GOLD,2025-12-31,33.76288604736328,2011,10825397.238063812,1966
CMPR,2025-12-31,66.58999633789062,2011,10817685.251617432,1967
ECPG,2025-12-31,54.349998474121094,2011,10691265.901947021,1968
TRIN,2025-12-31,13.739234924316406,1237,10659241.660737991,1969
JOE,2025-12-31,59.08571243286133,2011,10649082.629585266,1970
CCB,2025-12-31,114.58999633789062,1874,10603454.01420593,1971
AGNT,2025-12-31,8.891539573669434,1986,10495316.102790833,1972
EE,2025-12-31,27.92581367492676,933,10425580.537605286,1973
OSW,2025-12-31,20.646455764770508,2011,10413410.837745667,1974
CXM,2025-12-31,7.78000020980835,1137,10374001.826524734,1975
ZVRA,2025-12-31,8.960000038146973,2011,10365977.446603775,1976
JBGS,2025-12-31,16.805692672729492,2011,10344840.741062164,1977
AVAH,2025-12-31,8.170000076293945,1176,10322595.300197601,1978
VET,2025-12-31,8.1985502243042,2011,10281914.080619812,1979
LLYVA,2025-12-31,81.5,605,10280252.465820312,1980
GIII,2025-12-31,28.768312454223633,2011,10254169.060707092,1981
FWONA,2025-12-31,89.37999725341797,2011,10253915.983581543,1982
CNNE,2025-12-31,15.36337947845459,2011,10238315.97700119,1983
NBHC,2025-12-31,37.425872802734375,2011,10228463.621711731,1984
CDRE,2025-12-31,40.60085678100586,1043,10224219.580078125,1985
PSNL,2025-12-31,7.960000038146973,1643,10196667.28258133,1986
LXEO,2025-12-31,9.93000030517578,541,10141171.477890015,1987
DEA,2025-12-31,20.376808166503903,2011,10111264.68257904,1988
MTX,2025-12-31,60.754859924316406,2011,10108977.421188354,1989
UPB,2025-12-31,27.149999618530273,306,10091559.656906128,1990
ADTN,2025-12-31,8.6899995803833,2011,10089416.33758545,1991
ELVN,2025-12-31,15.399999618530272,1460,10020736.352062225,1992
AAMI,2025-12-31,46.84617233276367,2011,10002628.760528564,1993
IVR,2025-12-31,7.700184345245361,2011,9987926.48551464,1994
GNL,2025-12-31,8.251870155334473,2011,9984372.280621529,1995
FIZZ,2025-12-31,31.88999938964844,2011,9973263.68560791,1996
ADEA,2025-12-31,17.18011474609375,2011,9839744.903312206,1997
SFIX,2025-12-31,5.25,2011,9833341.15819931,1998
ONT,2025-12-31,24.829999923706055,1368,9818605.399608612,1999
DCO,2025-12-31,95.12999725341795,2011,9804656.970977783,2000
