ticker,yahoo_symbol,company_name,security_type,exchange,is_active,financial_status
A,A,"Agilent Technologies, Inc. Common Stock",COMMON_STOCK,NYSE,True,
AA,AA,Alcoa Corporation Common Stock,COMMON_STOCK,NYSE,True,
AACB,AACB,Artius II Acquisition Inc. - Class A Ordinary Shares,COMMON_STOCK,NASDAQ,False,D
AACI,AACI,Armada Acquisition Corp. III - Class A Ordinary Share,COMMON_STOCK,NASDAQ,True,N
AACO,AACO,Abony Acquisition Corp. I - Class A Ordinary Share,COMMON_STOCK,NASDAQ,True,N
AACP,AACP,Apogee Acquisition Corp - Class A Ordinary Shares,COMMON_STOCK,NASDAQ,True,N
AADX,AADX,"Applied Aerospace & Defense, Inc. Common Stock",COMMON_STOCK,NYSE,True,
AAL,AAL,"American Airlines Group, Inc. - Common Stock",COMMON_STOCK,NASDAQ,True,N
AAME,AAME,Atlantic American Corporation - Common Stock,COMMON_STOCK,NASDAQ,False,E
AAMI,AAMI,Acadian Asset Management Inc. Common Stock,COMMON_STOCK,NYSE,True,
AAOI,AAOI,"Applied Optoelectronics, Inc. - Common Stock",COMMON_STOCK,NASDAQ,True,N
AAON,AAON,"AAON, Inc. - Common Stock",COMMON_STOCK,NASDAQ,True,N
AAP,AAP,Advance Auto Parts Inc.,COMMON_STOCK,NYSE,True,
AAPG,AAPG,Ascentage Pharma Group International - American Depository Shares,COMMON_STOCK,NASDAQ,True,N
AAPL,AAPL,Apple Inc. - Common Stock,COMMON_STOCK,NASDAQ,True,N
AARD,AARD,"Aardvark Therapeutics, Inc. - Common Stock",COMMON_STOCK,NASDAQ,True,N
AAT,AAT,"American Assets Trust, Inc. Common Stock",COMMON_STOCK,NYSE,True,
AAUC,AAUC,Allied Gold Corporation Common Shares,COMMON_STOCK,NYSE,True,
ABAT,ABAT,American Battery Technology Company - Common Stock,COMMON_STOCK,NASDAQ,True,N
ABBV,ABBV,AbbVie Inc. Common Stock,COMMON_STOCK,NYSE,True,
ABCB,ABCB,Ameris Bancorp Common Stock,COMMON_STOCK,NYSE,True,
ABCL,ABCL,AbCellera Biologics Inc. - Common Shares,COMMON_STOCK,NASDAQ,True,N
ABEO,ABEO,Abeona Therapeutics Inc. - Common Stock,COMMON_STOCK,NASDAQ,True,N
ABG,ABG,Asbury Automotive Group Inc Common Stock,COMMON_STOCK,NYSE,True,
ABLV,ABLV,Able View Global Inc. - Class B Ordinary Shares,COMMON_STOCK,NASDAQ,True,N
ABM,ABM,ABM Industries Incorporated Common Stock,COMMON_STOCK,NYSE,True,
ABNB,ABNB,"Airbnb, Inc. - Class A Common Stock",COMMON_STOCK,NASDAQ,True,N
ABOS,ABOS,"Acumen Pharmaceuticals, Inc. - Common Stock",COMMON_STOCK,NASDAQ,True,N
ABR,ABR,Arbor Realty Trust Common Stock,COMMON_STOCK,NYSE,True,
ABSI,ABSI,Absci Corporation - Common Stock,COMMON_STOCK,NASDAQ,True,N
ABT,ABT,Abbott Laboratories Common Stock,COMMON_STOCK,NYSE,True,
ABTC,ABTC,American Bitcoin Corp. - Class A Common Stock,COMMON_STOCK,NASDAQ,True,N
ABTS,ABTS,Abits Group Inc - Ordinary Shares,COMMON_STOCK,NASDAQ,True,N
ABUS,ABUS,Arbutus Biopharma Corporation - Common Stock,COMMON_STOCK,NASDAQ,True,N
ABVC,ABVC,"ABVC BioPharma, Inc. - Common Stock",COMMON_STOCK,NASDAQ,True,N
ABX,ABX,"Abacus Global Management, Inc. Class A Common Stock",COMMON_STOCK,NYSE,True,
ACA,ACA,"Arcosa, Inc. Common Stock",COMMON_STOCK,NYSE,True,
ACAA,ACAA,Averin Capital Acquisition Corp. - Class A Ordinary Shares,COMMON_STOCK,NASDAQ,True,N
ACAD,ACAD,ACADIA Pharmaceuticals Inc. - Common Stock,COMMON_STOCK,NASDAQ,True,N
ACB,ACB,Aurora Cannabis Inc. - Common Shares,COMMON_STOCK,NASDAQ,True,N
ACCL,ACCL,Acco Group Holdings Limited - Class A Ordinary Shares,COMMON_STOCK,NASDAQ,True,N
ACCO,ACCO,Acco Brands Corporation Common Stock,COMMON_STOCK,NYSE,True,
ACCS,ACCS,ACCESS Newswire Inc. Common Stock,COMMON_STOCK,NYSEAMERICAN,True,
ACDC,ACDC,ProFrac Holding Corp. - Class A Common Stock,COMMON_STOCK,NASDAQ,True,N
ACEL,ACEL,"Accel Entertainment, Inc.",COMMON_STOCK,NYSE,True,
ACET,ACET,"Adicet Bio, Inc. - Common Stock",COMMON_STOCK,NASDAQ,True,N
ACFN,ACFN,"Acorn Energy, Inc. - Common Stock",COMMON_STOCK,NASDAQ,True,N
ACGC,ACGC,ACP Holdings Acquisition Corp. - Class A Ordinary Shares,COMMON_STOCK,NASDAQ,True,N
ACGL,ACGL,Arch Capital Group Ltd. - Common Stock,COMMON_STOCK,NASDAQ,True,N
ACH,ACH,"Accendra Health, Inc. Common Stock",COMMON_STOCK,NYSE,True,
ACHC,ACHC,"Acadia Healthcare Company, Inc. - Common Stock",COMMON_STOCK,NASDAQ,True,N
ACHR,ACHR,Archer Aviation Inc. Class A Common Stock,COMMON_STOCK,NYSE,True,
ACHV,ACHV,"Achieve Life Sciences, Inc.  - Common Shares",COMMON_STOCK,NASDAQ,True,N
ACI,ACI,"Albertsons Companies, Inc. Class A Common Stock",COMMON_STOCK,NYSE,True,
ACIC,ACIC,American Coastal Insurance Corporation - Common Stock,COMMON_STOCK,NASDAQ,True,N
ACIU,ACIU,AC Immune SA - Common Stock,COMMON_STOCK,NASDAQ,True,N
ACIW,ACIW,"ACI Worldwide, Inc. - Common Stock",COMMON_STOCK,NASDAQ,True,N
ACLS,ACLS,"Axcelis Technologies, Inc. - Common Stock",COMMON_STOCK,NASDAQ,True,N
ACM,ACM,AECOM Common Stock,COMMON_STOCK,NYSE,True,
ACMR,ACMR,"ACM Research, Inc. - Class A Common Stock",COMMON_STOCK,NASDAQ,True,N
ACN,ACN,Accenture plc Class A Ordinary Shares (Ireland),COMMON_STOCK,NYSE,True,
ACNB,ACNB,ACNB Corporation - Common Stock,COMMON_STOCK,NASDAQ,True,N
ACNT,ACNT,Ascent Industries Co. - Common Stock,COMMON_STOCK,NASDAQ,True,N
ACOG,ACOG,Alpha Cognition Inc. - Common Stock,COMMON_STOCK,NASDAQ,True,N
ACON,ACON,"Aclarion, Inc. - Common Stock",COMMON_STOCK,NASDAQ,True,N
ACR,ACR,ACRES Commercial Realty Corp. Common Stock,COMMON_STOCK,NYSE,True,
ACRE,ACRE,Ares Commercial Real Estate Corporation Common Stock,COMMON_STOCK,NYSE,True,
ACRS,ACRS,"Aclaris Therapeutics, Inc. - Common Stock",COMMON_STOCK,NASDAQ,True,N
ACRV,ACRV,"Acrivon Therapeutics, Inc. - Common Stock",COMMON_STOCK,NASDAQ,True,N
ACT,ACT,"Enact Holdings, Inc. - Common Stock",COMMON_STOCK,NASDAQ,True,N
ACTG,ACTG,Acacia Research Corporation - Common Stock,COMMON_STOCK,NASDAQ,True,N
ACTU,ACTU,"Actuate Therapeutics, Inc. - Common stock",COMMON_STOCK,NASDAQ,True,N
ACVA,ACVA,ACV Auctions Inc. Class A Common Stock,COMMON_STOCK,NYSE,True,
ACXP,ACXP,"Acurx Pharmaceuticals, Inc. - Common Stock",COMMON_STOCK,NASDAQ,True,N
AD,AD,"Array Digital Infrastructure, Inc. Common Shares",COMMON_STOCK,NYSE,True,
ADAC,ADAC,American Drive Acquisition Company - Class A Ordinary Shares,COMMON_STOCK,NASDAQ,True,N
ADAG,ADAG,"Adagene Inc. - ADS, each representing 1.25 ordinary shares",COMMON_STOCK,NASDAQ,True,N
ADAM,ADAM,"Adamas Trust, Inc. - Common Stock",COMMON_STOCK,NASDAQ,True,N
ADBE,ADBE,Adobe Inc. - Common Stock,COMMON_STOCK,NASDAQ,True,N
ADC,ADC,Agree Realty Corporation Common Stock,COMMON_STOCK,NYSE,True,
ADCT,ADCT,ADC Therapeutics SA Common Shares,COMMON_STOCK,NYSE,True,
ADEA,ADEA,Adeia Inc.  - Common Stock,COMMON_STOCK,NASDAQ,True,N
ADGM,ADGM,"Adagio Medical Holdings, Inc - Common Stock",COMMON_STOCK,NASDAQ,False,D
ADI,ADI,"Analog Devices, Inc. - Common Stock",COMMON_STOCK,NASDAQ,True,N
ADIL,ADIL,"Adial Pharmaceuticals, Inc - Common Stock",COMMON_STOCK,NASDAQ,True,N
ADM,ADM,Archer-Daniels-Midland Company Common Stock,COMMON_STOCK,NYSE,True,
ADMA,ADMA,ADMA Biologics Inc - Common Stock,COMMON_STOCK,NASDAQ,True,N
ADNT,ADNT,Adient plc Ordinary Shares,COMMON_STOCK,NYSE,True,
ADP,ADP,"Automatic Data Processing, Inc. - Common Stock",COMMON_STOCK,NASDAQ,True,N
ADPT,ADPT,Adaptive Biotechnologies Corporation - Common Stock,COMMON_STOCK,NASDAQ,True,N
ADSE,ADSE,ADS-TEC ENERGY PLC - Ordinary Shares,COMMON_STOCK,NASDAQ,True,N
ADSK,ADSK,"Autodesk, Inc. - Common Stock",COMMON_STOCK,NASDAQ,True,N
ADT,ADT,ADT Inc. Common Stock,COMMON_STOCK,NYSE,True,
ADTN,ADTN,"ADTRAN Holdings, Inc. - Common Stock",COMMON_STOCK,NASDAQ,True,N
ADUR,ADUR,Aduro Clean Technologies Inc. - Common Stock,COMMON_STOCK,NASDAQ,True,N
ADUS,ADUS,Addus HomeCare Corporation - Common Stock,COMMON_STOCK,NASDAQ,True,N
ADV,ADV,Advantage Solutions Inc.  - Class A Common Stock,COMMON_STOCK,NASDAQ,True,N
ADVB,ADVB,Advanced Biomed Inc. - Common Stock,COMMON_STOCK,NASDAQ,True,N
AEAQ,AEAQ,Activate Energy Acquisition Corp. - Class A Ordinary Share,COMMON_STOCK,NASDAQ,True,N
AEBI,AEBI,Aebi Schmidt Holding AG - Common Stock,COMMON_STOCK,NASDAQ,True,N
AEC,AEC,Anfield Energy Inc. - Common Shares,COMMON_STOCK,NASDAQ,True,N
AEE,AEE,Ameren Corporation Common Stock,COMMON_STOCK,NYSE,True,
AEG,AEG,Aegon Ltd. New York Registry Shares,COMMON_STOCK,NYSE,True,
AEHL,AEHL,Antelope Enterprise Holdings Limited - Class A Ordinary Shares,COMMON_STOCK,NASDAQ,True,N
AEHR,AEHR,Aehr Test Systems - Common Stock,COMMON_STOCK,NASDAQ,True,N
AEI,AEI,Alset Inc. - Common Stock,COMMON_STOCK,NASDAQ,True,N
AEIS,AEIS,"Advanced Energy Industries, Inc. - Common Stock",COMMON_STOCK,NASDAQ,True,N
AEM,AEM,Agnico Eagle Mines Limited Common Stock,COMMON_STOCK,NYSE,True,
AEMD,AEMD,"Aethlon Medical, Inc. - Common Stock",COMMON_STOCK,NASDAQ,True,N
AENT,AENT,Alliance Entertainment Holding Corporation - common stock,COMMON_STOCK,NASDAQ,True,N
AEO,AEO,"American Eagle Outfitters, Inc. Common Stock",COMMON_STOCK,NYSE,True,
AEON,AEON,"AEON Biopharma, Inc. Class A Common Stock",COMMON_STOCK,NYSEAMERICAN,True,
AEP,AEP,"American Electric Power Company, Inc. - Common Stock",COMMON_STOCK,NASDAQ,True,N
AER,AER,AerCap Holdings N.V. Ordinary Shares,COMMON_STOCK,NYSE,True,
AERT,AERT,"Aeries Technology, Inc. - Class A Ordinary Share",COMMON_STOCK,NASDAQ,False,D
AES,AES,The AES Corporation Common Stock,COMMON_STOCK,NYSE,True,
AESI,AESI,Atlas Energy Solutions Inc. Common Stock,COMMON_STOCK,NYSE,True,
AESP,AESP,Aeon Acquisition I Corp. - Class A Ordinary Shares,COMMON_STOCK,NASDAQ,True,N
AEVA,AEVA,"Aeva Technologies, Inc. - Common Stock",COMMON_STOCK,NASDAQ,True,N
AEXA,AEXA,American Exceptionalism Acquisition Corp. A Class A Ordinary Shares,COMMON_STOCK,NYSE,True,
AEYE,AEYE,"AudioEye, Inc. - Common Stock",COMMON_STOCK,NASDAQ,True,N
AFBI,AFBI,"Affinity Bancshares, Inc. - Common Stock",COMMON_STOCK,NASDAQ,True,N
AFCG,AFCG,Advanced Flower Capital Inc. - Common Stock,COMMON_STOCK,NASDAQ,True,N
AFG,AFG,"American Financial Group, Inc. Common Stock",COMMON_STOCK,NYSE,True,
AFJK,AFJK,"Aimei Health Technology Co., Ltd - Ordinary Share",COMMON_STOCK,NASDAQ,True,N
AFL,AFL,AFLAC Incorporated Common Stock,COMMON_STOCK,NYSE,True,
AFRI,AFRI,Forafric Global PLC - Ordinary Shares,COMMON_STOCK,NASDAQ,True,N
AFRM,AFRM,"Affirm Holdings, Inc. - Class A Common Stock",COMMON_STOCK,NASDAQ,True,N
AFYA,AFYA,Afya Limited - Class A Common Shares,COMMON_STOCK,NASDAQ,True,N
AG,AG,First Majestic Silver Corp. Ordinary Shares (Canada),COMMON_STOCK,NYSE,True,
AGBK,AGBK,AGI Inc Class A Common Shares,COMMON_STOCK,NYSE,True,
AGCC,AGCC,Agencia Comercial Spirits Ltd - Class A Ordinary Share,COMMON_STOCK,NASDAQ,True,N
AGCO,AGCO,AGCO Corporation Common Stock,COMMON_STOCK,NYSE,True,
AGEN,AGEN,Agenus Inc. - Common Stock,COMMON_STOCK,NASDAQ,True,N
AGI,AGI,Alamos Gold Inc. Class A Common Shares,COMMON_STOCK,NYSE,True,
AGIG,AGIG,Abundia Global Impact Group Inc. Common stock,COMMON_STOCK,NYSEAMERICAN,True,
AGIO,AGIO,"Agios Pharmaceuticals, Inc. - Common Stock",COMMON_STOCK,NASDAQ,True,N
AGL,AGL,"agilon health, inc. Common Stock",COMMON_STOCK,NYSE,True,
AGM,AGM,Federal Agricultural Mortgage Corporation Common Stock,COMMON_STOCK,NYSE,True,
AGM.A,AGM-A,Federal Agricultural Mortgage Corporation Common Stock,COMMON_STOCK,NYSE,True,
AGMB,AGMB,AgomAb Therapeutics NV - ADRs representing one common share.,COMMON_STOCK,NASDAQ,True,N
AGMH,AGMH,AGM Group Holdings Inc. - Class A Ordinary Shares,COMMON_STOCK,NASDAQ,False,E
AGNC,AGNC,AGNC Investment Corp. - Common Stock,COMMON_STOCK,NASDAQ,True,N
AGNT,AGNT,"AGNT, Inc. - Common Stock",COMMON_STOCK,NASDAQ,True,N
AGO,AGO,Assured Guaranty Ltd. Common Stock,COMMON_STOCK,NYSE,True,
AGPU,AGPU,Axe Compute Inc. - Common Stock,COMMON_STOCK,NASDAQ,True,N
AGRO,AGRO,Adecoagro S.A. Common Shares,COMMON_STOCK,NYSE,True,
AGRZ,AGRZ,Agroz Inc. - Ordinary Shares,COMMON_STOCK,NASDAQ,False,H
AGX,AGX,"Argan, Inc. Common Stock",COMMON_STOCK,NYSE,True,
AGYS,AGYS,"Agilysys, Inc. - Common Stock",COMMON_STOCK,NASDAQ,True,N
AHCO,AHCO,AdaptHealth Corp.  - Common Stock,COMMON_STOCK,NASDAQ,True,N
AHMA,AHMA,Ambitions Enterprise Management Co. L.L.C - Class A Ordinary Shares,COMMON_STOCK,NASDAQ,True,N
AHR,AHR,"American Healthcare REIT, Inc. Common Stock",COMMON_STOCK,NYSE,True,
AHRT,AHRT,"AH Realty Trust, Inc. Common Stock",COMMON_STOCK,NYSE,True,
AHT,AHT,Ashford Hospitality Trust Inc Common Stock,COMMON_STOCK,NYSE,True,
AI,AI,"C3.ai, Inc. Class A Common Stock",COMMON_STOCK,NYSE,True,
AIAI,AIAI,AIAI Holdings Corporation - Class A common stock,COMMON_STOCK,NASDAQ,True,N
AIB,AIB,AIB Data Centers Inc. Common Stock,COMMON_STOCK,NYSEAMERICAN,True,
AIBZ,AIBZ,Bitzero Holdings Inc. - Common Shares,COMMON_STOCK,NASDAQ,True,N
AIDX,AIDX,"20/20 Biolabs, Inc. - Common Stock",COMMON_STOCK,NASDAQ,True,N
AIFA,AIFA,"All In FutureTech Alliance, Inc. - Common Stock",COMMON_STOCK,NASDAQ,False,H
AIFC,AIFC,AI Financial Corporation - Common Stock,COMMON_STOCK,NASDAQ,False,D
AIFF,AIFF,"Firefly Neuroscience, Inc.  - Common Stock",COMMON_STOCK,NASDAQ,True,N
AIFU,AIFU,AIFU Inc. - Class A Ordinary Share,COMMON_STOCK,NASDAQ,True,N
AIG,AIG,"American International Group, Inc. New Common Stock",COMMON_STOCK,NYSE,True,
AIHS,AIHS,Senmiao Technology Limited - Common Stock,COMMON_STOCK,NASDAQ,True,N
AII,AII,"American Integrity Insurance Group, Inc. Common Stock",COMMON_STOCK,NYSE,True,
AIIA,AIIA,AI Infrastructure Acquisition Corp. Class A Ordinary Shares,COMMON_STOCK,NYSE,True,
AIIO,AIIO,Robo.ai Inc. - Class B Ordinary Shares,COMMON_STOCK,NASDAQ,True,N
AIIR,AIIR,Air Global PLC - Ordinary shares,COMMON_STOCK,NASDAQ,True,N
AIMD,AIMD,"Ainos, Inc. - Common Stock",COMMON_STOCK,NASDAQ,True,N
AIN,AIN,Albany International Corporation Common Stock,COMMON_STOCK,NYSE,True,
AIOS,AIOS,AIOS Tech Inc. - Class A Common Shares,COMMON_STOCK,NASDAQ,True,N
AIOT,AIOT,"PowerFleet, Inc. - Common Stock",COMMON_STOCK,NASDAQ,True,N
AIP,AIP,"Arteris, Inc.  - Common Stock",COMMON_STOCK,NASDAQ,True,N
AIR,AIR,AAR Corp. Common Stock,COMMON_STOCK,NYSE,True,
AIRE,AIRE,reAlpha Tech Corp. - Common Stock,COMMON_STOCK,NASDAQ,True,N
AIRG,AIRG,"Airgain, Inc. - Common Stock",COMMON_STOCK,NASDAQ,True,N
AIRI,AIRI,Air Industries Group Common Stock,COMMON_STOCK,NYSEAMERICAN,True,
AIRJ,AIRJ,AirJoule Technologies Corporation - Class A Common Stock,COMMON_STOCK,NASDAQ,True,N
AIRO,AIRO,"AIRO Group Holdings, Inc. - Common Stock",COMMON_STOCK,NASDAQ,True,N
AIRS,AIRS,"AirSculpt Technologies, Inc. - Common Stock",COMMON_STOCK,NASDAQ,True,N
AIRT,AIRT,"Air T, Inc. - Common Stock",COMMON_STOCK,NASDAQ,True,N
AISP,AISP,"Airship AI Holdings, Inc - Class A Common Stock",COMMON_STOCK,NASDAQ,True,N
AIT,AIT,"Applied Industrial Technologies, Inc. Common Stock",COMMON_STOCK,NYSE,True,
AIV,AIV,Apartment Investment and Management Company Common Stock,COMMON_STOCK,NYSE,True,
AIXC,AIXC,"AIxCrypto Holdings, Inc. - Common Stock",COMMON_STOCK,NASDAQ,True,N
AIZ,AIZ,"Assurant, Inc. Common Stock",COMMON_STOCK,NYSE,True,
AJG,AJG,Arthur J. Gallagher & Co. Common Stock,COMMON_STOCK,NYSE,True,
AKA,AKA,a.k.a. Brands Holding Corp. Common Stock,COMMON_STOCK,NYSE,True,
AKAM,AKAM,"Akamai Technologies, Inc. - Common Stock",COMMON_STOCK,NASDAQ,True,N
AKAN,AKAN,Akanda Corp. - Common Shares,COMMON_STOCK,NASDAQ,False,D
AKBA,AKBA,"Akebia Therapeutics, Inc. - Common Stock",COMMON_STOCK,NASDAQ,True,N
AKO.A,AKO-A,Embotelladora Andina S.A. Common Stock,COMMON_STOCK,NYSE,True,
AKO.B,AKO-B,Embotelladora Andina S.A. Common Stock,COMMON_STOCK,NYSE,True,
AKR,AKR,Acadia Realty Trust Common Stock,COMMON_STOCK,NYSE,True,
AKTS,AKTS,"Aktis Oncology, Inc. - Common stock",COMMON_STOCK,NASDAQ,True,N
ALAB,ALAB,"Astera Labs, Inc. - Common Stock",COMMON_STOCK,NASDAQ,True,N
ALB,ALB,Albemarle Corporation Common Stock,COMMON_STOCK,NYSE,True,
ALBT,ALBT,Avalon GloboCare Corp. - Common Stock,COMMON_STOCK,NASDAQ,False,D
ALC,ALC,Alcon Inc. Ordinary Shares,COMMON_STOCK,NYSE,True,
ALCO,ALCO,"Alico, Inc. - Common Stock",COMMON_STOCK,NASDAQ,True,N
ALDF,ALDF,Aldel Financial II Inc. - Class A Ordinary Shares,COMMON_STOCK,NASDAQ,True,N
ALDX,ALDX,"Aldeyra Therapeutics, Inc. - Common Stock",COMMON_STOCK,NASDAQ,True,N
ALEC,ALEC,"Alector, Inc. - Common Stock",COMMON_STOCK,NASDAQ,True,N
ALF,ALF,Centurion Acquisition Corp. - Class A Ordinary Shares,COMMON_STOCK,NASDAQ,True,N
ALG,ALG,"Alamo Group, Inc. Common Stock",COMMON_STOCK,NYSE,True,
ALGM,ALGM,"Allegro MicroSystems, Inc. - Common Stock",COMMON_STOCK,NASDAQ,True,N
ALGN,ALGN,"Align Technology, Inc. - Common Stock",COMMON_STOCK,NASDAQ,True,N
ALGS,ALGS,"Aligos Therapeutics, Inc. - Common stock",COMMON_STOCK,NASDAQ,True,N
ALGT,ALGT,Allegiant Travel Company - Common Stock,COMMON_STOCK,NASDAQ,True,N
ALH,ALH,Alliance Laundry Holdings Inc. Common Stock,COMMON_STOCK,NYSE,True,
ALHC,ALHC,"Alignment Healthcare, Inc. - Common Stock",COMMON_STOCK,NASDAQ,True,N
ALIS,ALIS,Calisa Acquisition Corp - Ordinary shares,COMMON_STOCK,NASDAQ,False,D
ALIT,ALIT,"Alight, Inc. Class A Common Stock",COMMON_STOCK,NYSE,True,
ALK,ALK,"Alaska Air Group, Inc. Common Stock",COMMON_STOCK,NYSE,True,
ALKS,ALKS,Alkermes plc - Ordinary Shares,COMMON_STOCK,NASDAQ,True,N
ALKT,ALKT,"Alkami Technology, Inc. - Common Stock",COMMON_STOCK,NASDAQ,True,N
ALL,ALL,Allstate Corporation (The) Common Stock,COMMON_STOCK,NYSE,True,
ALLE,ALLE,Allegion plc Ordinary Shares,COMMON_STOCK,NYSE,True,
ALLO,ALLO,"Allogene Therapeutics, Inc. - Common Stock",COMMON_STOCK,NASDAQ,True,N
ALLR,ALLR,"Allarity Therapeutics, Inc. - Common stock",COMMON_STOCK,NASDAQ,True,N
ALLT,ALLT,Allot Ltd. - Ordinary Shares,COMMON_STOCK,NASDAQ,True,N
ALLY,ALLY,Ally Financial Inc. Common Stock,COMMON_STOCK,NYSE,True,
ALM,ALM,Almonty Industries Inc. - Common Shares,COMMON_STOCK,NASDAQ,True,N
ALMR,ALMR,"Alamar Biosciences, Inc. - Class A common stock",COMMON_STOCK,NASDAQ,True,N
ALMS,ALMS,Alumis Inc. - Common Stock,COMMON_STOCK,NASDAQ,True,N
ALMU,ALMU,"Aeluma, Inc. - Common Stock",COMMON_STOCK,NASDAQ,True,N
ALNT,ALNT,Allient Inc. - Common Stock,COMMON_STOCK,NASDAQ,True,N
ALNY,ALNY,"Alnylam Pharmaceuticals, Inc. - Common Stock",COMMON_STOCK,NASDAQ,True,N
ALOT,ALOT,"AstroNova, Inc. - Common Stock",COMMON_STOCK,NASDAQ,True,N
ALOY,ALOY,REalloys Inc. - Common Stock,COMMON_STOCK,NASDAQ,True,N
ALP,ALP,Alpha Compute Corp  - Common Stock,COMMON_STOCK,NASDAQ,False,D
ALPS,ALPS,ALPS Group Inc - Ordinary Share,COMMON_STOCK,NASDAQ,False,D
ALPX,ALPX,Alpex Acquisition Corporation - Class A Ordinary Shares,COMMON_STOCK,NASDAQ,True,N
ALRM,ALRM,"Alarm.com Holdings, Inc. - Common Stock",COMMON_STOCK,NASDAQ,True,N
ALRS,ALRS,Alerus Financial Corporation - Common Stock,COMMON_STOCK,NASDAQ,True,N
ALSN,ALSN,"Allison Transmission Holdings, Inc. Common Stock",COMMON_STOCK,NYSE,True,
ALT,ALT,"Altimmune, Inc. - Common Stock",COMMON_STOCK,NASDAQ,True,N
ALTG,ALTG,Alta Equipment Group Inc. Class A Common Stock,COMMON_STOCK,NYSE,True,
ALTI,ALTI,"AlTi Global, Inc. - Class A Common Stock",COMMON_STOCK,NASDAQ,True,N
ALTO,ALTO,"Alto Ingredients, Inc. - Common Stock",COMMON_STOCK,NASDAQ,True,N
ALUB,ALUB,Alussa Energy Acquisition Corp. II Class A Ordinary Shares,COMMON_STOCK,NYSE,True,
ALV,ALV,"Autoliv, Inc. Common Stock",COMMON_STOCK,NYSE,True,
ALVO,ALVO,Alvotech - Ordinary Shares,COMMON_STOCK,NASDAQ,True,N
ALX,ALX,"Alexander's, Inc. Common Stock",COMMON_STOCK,NYSE,True,
ALXO,ALXO,ALX Oncology Holdings Inc. - Common Stock,COMMON_STOCK,NASDAQ,True,N
ALZN,ALZN,"Alzamend Neuro, Inc. - Common Stock",COMMON_STOCK,NASDAQ,False,D
AM,AM,Antero Midstream Corporation Common Stock,COMMON_STOCK,NYSE,True,
AMAL,AMAL,Amalgamated Financial Corp. - Common Stock,COMMON_STOCK,NASDAQ,True,N
AMAN,AMAN,Amanat Acquisition Corp - Class A Ordinary Shares,COMMON_STOCK,NASDAQ,True,N
AMAT,AMAT,"Applied Materials, Inc. - Common Stock",COMMON_STOCK,NASDAQ,True,N
AMBA,AMBA,"Ambarella, Inc. - Ordinary Shares",COMMON_STOCK,NASDAQ,True,N
AMBO,AMBO,Ambow Education Holding Ltd. American Depository Shares (each representing twenty (20) Class A Ordinary Shares),COMMON_STOCK,NYSEAMERICAN,True,
AMBP,AMBP,Ardagh Metal Packaging S.A. Ordinary Shares,COMMON_STOCK,NYSE,True,
AMBQ,AMBQ,"Ambiq Micro, Inc. Common Stock",COMMON_STOCK,NYSE,True,
AMC,AMC,"AMC Entertainment Holdings, Inc. Class A Common Stock",COMMON_STOCK,NYSE,True,
AMCI,AMCI,AMC Robotics Corporation - Common Stock,COMMON_STOCK,NASDAQ,True,N
AMCR,AMCR,Amcor plc Ordinary Shares,COMMON_STOCK,NYSE,True,
AMCX,AMCX,AMC Global Media Inc. - Class A Common Stock,COMMON_STOCK,NASDAQ,True,N
AMD,AMD,"Advanced Micro Devices, Inc. - Common Stock",COMMON_STOCK,NASDAQ,True,N
AME,AME,"AMETEK, Inc.",COMMON_STOCK,NYSE,True,
AMG,AMG,"Affiliated Managers Group, Inc. Common Stock",COMMON_STOCK,NYSE,True,
AMGN,AMGN,Amgen Inc. - Common Stock,COMMON_STOCK,NASDAQ,True,N
AMIX,AMIX,"Autonomix Medical, Inc. - Common Stock",COMMON_STOCK,NASDAQ,True,N
AMKR,AMKR,"Amkor Technology, Inc. - Common Stock",COMMON_STOCK,NASDAQ,True,N
AMLX,AMLX,"Amylyx Pharmaceuticals, Inc. - Common Stock",COMMON_STOCK,NASDAQ,True,N
AMN,AMN,AMN Healthcare Services Inc,COMMON_STOCK,NYSE,True,
AMOD,AMOD,"Alpha Modus Holdings, Inc. - Class A Common Stock",COMMON_STOCK,NASDAQ,False,D
AMP,AMP,"Ameriprise Financial, Inc. Common Stock",COMMON_STOCK,NYSE,True,
AMPG,AMPG,"Amplitech Group, Inc. - Common Stock",COMMON_STOCK,NASDAQ,True,N
AMPH,AMPH,"Amphastar Pharmaceuticals, Inc. - Common Stock",COMMON_STOCK,NASDAQ,True,N
AMPL,AMPL,"Amplitude, Inc. - Class A Common Stock",COMMON_STOCK,NASDAQ,True,N
AMPX,AMPX,"Amprius Technologies, Inc. Common Stock",COMMON_STOCK,NYSE,True,
AMPY,AMPY,Amplify Energy Corp. Common Stock,COMMON_STOCK,NYSE,True,
AMR,AMR,"Alpha Metallurgical Resources, Inc. Common Stock",COMMON_STOCK,NYSE,True,
AMRC,AMRC,"Ameresco, Inc. Class A Common Stock",COMMON_STOCK,NYSE,True,
AMRX,AMRX,"Amneal Pharmaceuticals, Inc. - Class A Common Stock",COMMON_STOCK,NASDAQ,True,N
AMRZ,AMRZ,Amrize Ltd Ordinary Shares,COMMON_STOCK,NYSE,True,
AMS,AMS,American Shared Hospital Services Common Stock,COMMON_STOCK,NYSEAMERICAN,True,
AMSC,AMSC,American Superconductor Corporation - Common Stock,COMMON_STOCK,NASDAQ,True,N
AMSF,AMSF,"AMERISAFE, Inc. - Common Stock",COMMON_STOCK,NASDAQ,True,N
AMSS,AMSS,AMASS Brands Inc. - Common Stock,COMMON_STOCK,NASDAQ,True,N
AMST,AMST,Amesite Inc. - Common Stock,COMMON_STOCK,NASDAQ,True,N
AMT,AMT,American Tower Corporation (REIT) Common Stock,COMMON_STOCK,NYSE,True,
AMTB,AMTB,Amerant Bancorp Inc. Class A Common Stock,COMMON_STOCK,NYSE,True,
AMTM,AMTM,"Amentum Holdings, Inc. Common Stock",COMMON_STOCK,NYSE,True,
AMTX,AMTX,"Aemetis, Inc - Common Stock",COMMON_STOCK,NASDAQ,True,N
AMWL,AMWL,American Well Corporation Class A Common Stock,COMMON_STOCK,NYSE,True,
AMZE,AMZE,"Amaze Holdings, Inc. Common Stock",COMMON_STOCK,NYSEAMERICAN,True,
AMZN,AMZN,"Amazon.com, Inc. - Common Stock",COMMON_STOCK,NASDAQ,True,N
AN,AN,"AutoNation, Inc. Common Stock",COMMON_STOCK,NYSE,True,
ANAB,ANAB,"AnaptysBio, Inc. - Common Stock",COMMON_STOCK,NASDAQ,True,N
ANDE,ANDE,"The Andersons, Inc. - Common Stock",COMMON_STOCK,NASDAQ,True,N
ANDG,ANDG,Andersen Group Inc. Class A Common Stock,COMMON_STOCK,NYSE,True,
ANET,ANET,"Arista Networks, Inc. Common Stock",COMMON_STOCK,NYSE,True,
ANF,ANF,Abercrombie & Fitch Company Common Stock,COMMON_STOCK,NYSE,True,
ANGH,ANGH,Anghami Inc. - Ordinary Shares,COMMON_STOCK,NASDAQ,True,N
ANGI,ANGI,Angi Inc. - Class A Common Stock,COMMON_STOCK,NASDAQ,True,N
ANGO,ANGO,"AngioDynamics, Inc. - Common Stock",COMMON_STOCK,NASDAQ,True,N
ANGX,ANGX,"Angel Studios, Inc. Class A Common Stock",COMMON_STOCK,NYSE,True,
ANIK,ANIK,Anika Therapeutics Inc. - Common Stock,COMMON_STOCK,NASDAQ,True,N
ANIP,ANIP,"ANI Pharmaceuticals, Inc. - Common Stock",COMMON_STOCK,NASDAQ,True,N
ANIX,ANIX,"Anixa Biosciences, Inc. - Common Stock",COMMON_STOCK,NASDAQ,True,N
ANNA,ANNA,"AleAnna, Inc. - Class A Common Stock",COMMON_STOCK,NASDAQ,True,N
ANNX,ANNX,"Annexon, Inc. - common stock",COMMON_STOCK,NASDAQ,True,N
ANPA,ANPA,Rich Sparkle Holdings Limited - Ordinary Shares,COMMON_STOCK,NASDAQ,True,N
ANRO,ANRO,"Alto Neuroscience, Inc. Common Stock",COMMON_STOCK,NYSE,True,
ANSC,ANSC,Agriculture & Natural Solutions Acquisition Corporation - Class A Ordinary Shares,COMMON_STOCK,NASDAQ,True,N
ANTA,ANTA,Antalpha Platform Holding Company - Class A Ordinary Shares,COMMON_STOCK,NASDAQ,True,N
ANTX,ANTX,"AN2 Therapeutics, Inc. - Common Stock",COMMON_STOCK,NASDAQ,True,N
ANVS,ANVS,"Annovis Bio, Inc. Common Stock",COMMON_STOCK,NYSE,True,
ANY,ANY,Sphere 3D Corp. - Common Shares,COMMON_STOCK,NASDAQ,True,N
AOMR,AOMR,"Angel Oak Mortgage REIT, Inc. Common Stock",COMMON_STOCK,NYSE,True,
AON,AON,Aon plc Class A Ordinary Shares (Ireland),COMMON_STOCK,NYSE,True,
AORT,AORT,"Artivion, Inc. Common Stock",COMMON_STOCK,NYSE,True,
AOS,AOS,A.O. Smith Corporation Common Stock,COMMON_STOCK,NYSE,True,
AOSL,AOSL,Alpha and Omega Semiconductor Limited - Common Shares,COMMON_STOCK,NASDAQ,True,N
AOUT,AOUT,"American Outdoor Brands, Inc. - Common Stock",COMMON_STOCK,NASDAQ,True,N
AP,AP,Ampco-Pittsburgh Corporation Common Stock,COMMON_STOCK,NYSE,True,
APA,APA,APA Corporation - Common Stock,COMMON_STOCK,NASDAQ,True,N
APAC,APAC,StoneBridge Acquisition II Corporation - Class A Ordinary Shares,COMMON_STOCK,NASDAQ,True,N
APAM,APAM,Artisan Partners Asset Management Inc. Class A Common Stock,COMMON_STOCK,NYSE,True,
APC,APC,ARKO Petroleum Corp. - Class A Common Stock,COMMON_STOCK,NASDAQ,True,N
APD,APD,"Air Products and Chemicals, Inc. Common Stock",COMMON_STOCK,NYSE,True,
APEI,APEI,"American Public Education, Inc. - Common Stock",COMMON_STOCK,NASDAQ,True,N
APG,APG,APi Group Corporation Common Stock,COMMON_STOCK,NYSE,True,
APGE,APGE,"Apogee Therapeutics, Inc. - Common Stock",COMMON_STOCK,NASDAQ,True,N
APH,APH,Amphenol Corporation Common Stock,COMMON_STOCK,NYSE,True,
API,API,"Agora, Inc. - ADS",COMMON_STOCK,NASDAQ,True,N
APLD,APLD,Applied Digital Corporation - Common Stock,COMMON_STOCK,NASDAQ,True,N
APLE,APLE,"Apple Hospitality REIT, Inc. Common Shares",COMMON_STOCK,NYSE,True,
APLM,APLM,Apollomics Inc. - Class A Ordinary Shares,COMMON_STOCK,NASDAQ,True,N
APM,APM,Aptorum Group Limited - Class A Ordinary Shares,COMMON_STOCK,NASDAQ,False,D
APMC,APMC,AmperCap Acquisition Company - Ordinary Shares,COMMON_STOCK,NASDAQ,True,N
APO,APO,"Apollo Global Management, Inc. (New) Common Stock",COMMON_STOCK,NYSE,True,
APOG,APOG,"Apogee Enterprises, Inc. - Common Stock",COMMON_STOCK,NASDAQ,True,N
APP,APP,Applovin Corporation - Class A Common Stock,COMMON_STOCK,NASDAQ,True,N
APPF,APPF,"AppFolio, Inc. - Class A Common Stock",COMMON_STOCK,NASDAQ,True,N
APPN,APPN,Appian Corporation - Class A Common Stock,COMMON_STOCK,NASDAQ,True,N
APPS,APPS,"Digital Turbine, Inc. - Common Stock",COMMON_STOCK,NASDAQ,True,N
APRE,APRE,"Aprea Therapeutics, Inc. - Common Stock",COMMON_STOCK,NASDAQ,False,D
APT,APT,"Alpha Pro Tech, Ltd. Common Stock",COMMON_STOCK,NYSEAMERICAN,True,
APTV,APTV,Aptiv PLC Ordinary Shares,COMMON_STOCK,NYSE,True,
APUR,APUR,Aperture AC - Class A Ordinary Shares,COMMON_STOCK,NASDAQ,True,N
APUS,APUS,"Apimeds Pharmaceuticals US, Inc. Common Stock",COMMON_STOCK,NYSEAMERICAN,True,
APVO,APVO,Aptevo Therapeutics Inc. - Common Stock,COMMON_STOCK,NASDAQ,True,N
APWC,APWC,"Asia Pacific Wire & Cable Corporation Limited  - Common shares, Par value .01 per share",COMMON_STOCK,NASDAQ,True,N
APXT,APXT,Apex Treasury Corporation - Class A Ordinary Share,COMMON_STOCK,NASDAQ,True,N
APYX,APYX,Apyx Medical Corporation - Common Stock,COMMON_STOCK,NASDAQ,True,N
AQB,AQB,"AquaBounty Technologies, Inc. - Common Stock",COMMON_STOCK,NASDAQ,True,N
AQMS,AQMS,"Aqua Metals, Inc. - Common Stock",COMMON_STOCK,NASDAQ,True,N
AQN,AQN,Algonquin Power & Utilities Corp. Common Shares,COMMON_STOCK,NYSE,True,
AQST,AQST,"Aquestive Therapeutics, Inc. - Common Stock",COMMON_STOCK,NASDAQ,True,N
AR,AR,Antero Resources Corporation Common Stock,COMMON_STOCK,NYSE,True,
ARAI,ARAI,Arrive AI Inc. - Common Stock,COMMON_STOCK,NASDAQ,False,D
ARAY,ARAY,Accuray Incorporated - Common Stock,COMMON_STOCK,NASDAQ,False,D
ARBB,ARBB,ARB IOT Group Limited - Ordinary Shares,COMMON_STOCK,NASDAQ,True,N
ARBE,ARBE,Arbe Robotics Ltd. - Ordinary Shares,COMMON_STOCK,NASDAQ,False,D
ARCB,ARCB,ArcBest Corporation - Common Stock,COMMON_STOCK,NASDAQ,True,N
ARCI,ARCI,Archimedes Tech SPAC Partners III Co. - Ordinary Share,COMMON_STOCK,NASDAQ,True,N
ARCL,ARCL,ARC Group Acquisition I Corp - Class A Ordinary Shares,COMMON_STOCK,NASDAQ,True,N
ARCO,ARCO,Arcos Dorados Holdings Inc. Class A Shares,COMMON_STOCK,NYSE,True,
ARCT,ARCT,Arcturus Therapeutics Holdings Inc. - Common Stock,COMMON_STOCK,NASDAQ,True,N
ARDT,ARDT,"Ardent Health, Inc. Common Stock",COMMON_STOCK,NYSE,True,
ARDX,ARDX,"Ardelyx, Inc. - Common Stock",COMMON_STOCK,NASDAQ,True,N
ARE,ARE,"Alexandria Real Estate Equities, Inc. Common Stock",COMMON_STOCK,NYSE,True,
AREC,AREC,American Resources Corporation - Class A Common Stock,COMMON_STOCK,NASDAQ,False,E
AREN,AREN,"The Arena Group Holdings, Inc. Common Stock",COMMON_STOCK,NYSEAMERICAN,True,
ARES,ARES,Ares Management Corporation Class A Common Stock,COMMON_STOCK,NYSE,True,
ARHS,ARHS,"Arhaus, Inc. - Class A Common Stock",COMMON_STOCK,NASDAQ,True,N
ARI,ARI,"Apollo Commercial Real Estate Finance, Inc",COMMON_STOCK,NYSE,True,
ARIS,ARIS,Aris Mining Corporation Common Shares,COMMON_STOCK,NYSE,True,
ARKO,ARKO,ARKO Corp. - Common Stock,COMMON_STOCK,NASDAQ,True,N
ARKR,ARKR,Ark Restaurants Corp. - Common Stock,COMMON_STOCK,NASDAQ,True,N
ARL,ARL,"American Realty Investors, Inc. Common Stock",COMMON_STOCK,NYSE,True,
ARLO,ARLO,"Arlo Technologies, Inc. Common Stock",COMMON_STOCK,NYSE,True,
ARMK,ARMK,Aramark Common Stock,COMMON_STOCK,NYSE,True,
ARMP,ARMP,"Armata Pharmaceuticals, Inc. Common Stock",COMMON_STOCK,NYSEAMERICAN,True,
AROC,AROC,"Archrock, Inc. Common Stock",COMMON_STOCK,NYSE,True,
AROW,AROW,Arrow Financial Corporation - Common Stock,COMMON_STOCK,NASDAQ,True,N
ARQ,ARQ,"Arq, Inc. - Common Stock",COMMON_STOCK,NASDAQ,True,N
ARQQ,ARQQ,Arqit Quantum Inc. - Ordinary Shares,COMMON_STOCK,NASDAQ,True,N
ARQT,ARQT,"Arcutis Biotherapeutics, Inc. - Common stock",COMMON_STOCK,NASDAQ,True,N
ARR,ARR,"ARMOUR Residential REIT, Inc.",COMMON_STOCK,NYSE,True,
ARRY,ARRY,"Array Technologies, Inc. - Common Stock",COMMON_STOCK,NASDAQ,True,N
ARTC,ARTC,Art Technology Acquisition Corp. - Class A Ordinary Shares,COMMON_STOCK,NASDAQ,True,N
ARTL,ARTL,"Artelo Biosciences, Inc. - Common Stock",COMMON_STOCK,NASDAQ,True,N
ARTNA,ARTNA,Artesian Resources Corporation - Class A Non-Voting Common Stock,COMMON_STOCK,NASDAQ,True,N
ARTV,ARTV,"Artiva Biotherapeutics, Inc. - Common Stock",COMMON_STOCK,NASDAQ,True,N
ARTW,ARTW,"Art's-Way Manufacturing Co., Inc. - Common Stock",COMMON_STOCK,NASDAQ,True,N
ARVN,ARVN,"Arvinas, Inc. - Common Stock",COMMON_STOCK,NASDAQ,True,N
ARW,ARW,"Arrow Electronics, Inc. Common Stock",COMMON_STOCK,NYSE,True,
ARWR,ARWR,"Arrowhead Pharmaceuticals, Inc. - Common Stock",COMMON_STOCK,NASDAQ,True,N
ARX,ARX,Accelerant Holdings Class A Common Shares,COMMON_STOCK,NYSE,True,
ARXS,ARXS,"Arxis, Inc. - Class A Common Stock",COMMON_STOCK,NASDAQ,True,N
AS,AS,"Amer Sports, Inc. Ordinary Shares",COMMON_STOCK,NYSE,True,
ASA,ASA,ASA  Gold and Precious Metals Limited,COMMON_STOCK,NYSE,True,
ASAN,ASAN,"Asana, Inc. Class A Common Stock",COMMON_STOCK,NYSE,True,
ASB,ASB,Associated Banc-Corp Common Stock,COMMON_STOCK,NYSE,True,
ASBP,ASBP,"Aspire Biopharma Holdings, Inc.  - Common Stock",COMMON_STOCK,NASDAQ,True,N
ASC,ASC,Ardmore Shipping Corporation Common Stock,COMMON_STOCK,NYSE,True,
ASH,ASH,Ashland Inc. Common Stock,COMMON_STOCK,NYSE,True,
ASIC,ASIC,Ategrity Specialty Insurance Company Holdings Common Stock,COMMON_STOCK,NYSE,True,
ASIX,ASIX,AdvanSix Inc. Common Stock,COMMON_STOCK,NYSE,True,
ASLE,ASLE,AerSale Corporation - Common Stock,COMMON_STOCK,NASDAQ,True,N
ASM,ASM,Avino Silver & Gold Mines Ltd. Common Shares (Canada),COMMON_STOCK,NYSEAMERICAN,True,
ASMB,ASMB,"Assembly Biosciences, Inc. - Common Stock",COMMON_STOCK,NASDAQ,True,N
ASML,ASML,ASML Holding N.V. - New York Registry Shares,COMMON_STOCK,NASDAQ,True,N
ASND,ASND,Ascendis Pharma A/S - Ordinary Share,COMMON_STOCK,NASDAQ,True,N
ASO,ASO,"Academy Sports and Outdoors, Inc. - Common Stock",COMMON_STOCK,NASDAQ,True,N
ASPC,ASPC,A SPAC III Acquisition Corp. - Class A Ordinary Shares,COMMON_STOCK,NASDAQ,False,D
ASPI,ASPI,ASP Isotopes Inc. - Common Stock,COMMON_STOCK,NASDAQ,True,N
ASPN,ASPN,"Aspen Aerogels, Inc. Common Stock",COMMON_STOCK,NYSE,True,
ASPS,ASPS,Altisource Portfolio Solutions S.A. - Common Stock,COMMON_STOCK,NASDAQ,True,N
ASR,ASR,"Grupo Aeroportuario del Sureste, S.A. de C.V. Common Stock",COMMON_STOCK,NYSE,True,
ASRV,ASRV,AmeriServ Financial Inc. - Common Stock,COMMON_STOCK,NASDAQ,True,N
ASST,ASST,"Strive, Inc. - Class A Common Stock",COMMON_STOCK,NASDAQ,True,N
ASTC,ASTC,Astrotech Corporation - Common Stock,COMMON_STOCK,NASDAQ,True,N
ASTE,ASTE,"Astec Industries, Inc. - Common Stock",COMMON_STOCK,NASDAQ,True,N
ASTH,ASTH,Astrana Health Inc. - Common Stock,COMMON_STOCK,NASDAQ,True,N
ASTI,ASTI,"Ascent Solar Technologies, Inc - Common Stock",COMMON_STOCK,NASDAQ,True,N
ASTL,ASTL,Algoma Steel Group Inc. - Common Shares,COMMON_STOCK,NASDAQ,True,N
ASTS,ASTS,"AST SpaceMobile, Inc. - Class A Common Stock",COMMON_STOCK,NASDAQ,True,N
ASUR,ASUR,Asure Software Inc - Common Stock,COMMON_STOCK,NASDAQ,True,N
ASYS,ASYS,"Amtech Systems, Inc. - Common Stock",COMMON_STOCK,NASDAQ,True,N
ATAI,ATAI,AtaiBeckley Inc. - Common Stock,COMMON_STOCK,NASDAQ,True,N
ATCH,ATCH,"AtlasClear Holdings, Inc. Common Stock",COMMON_STOCK,NYSEAMERICAN,True,
ATCX,ATCX,Atlas Critical Minerals Corporation - Common Stock,COMMON_STOCK,NASDAQ,True,N
ATEC,ATEC,"Alphatec Holdings, Inc. - Common Stock",COMMON_STOCK,NASDAQ,True,N
ATEN,ATEN,"A10 Networks, Inc. Common Stock",COMMON_STOCK,NYSE,True,
ATER,ATER,"Aterian, Inc. - Common Stock",COMMON_STOCK,NASDAQ,True,N
ATEX,ATEX,Anterix Inc. - Common Stock,COMMON_STOCK,NASDAQ,True,N
ATGL,ATGL,Alpha Technology Group Limited - Class A Ordinary Shares,COMMON_STOCK,NASDAQ,True,N
ATHR,ATHR,"Aether Holdings, Inc. - Common Stock",COMMON_STOCK,NASDAQ,True,N
ATI,ATI,ATI Inc. Common Stock,COMMON_STOCK,NYSE,True,
ATII,ATII,Archimedes Tech SPAC Partners II Co. - Ordinary Shares,COMMON_STOCK,NASDAQ,True,N
ATKR,ATKR,Atkore Inc. Common Stock,COMMON_STOCK,NYSE,True,
ATLC,ATLC,Atlanticus Holdings Corporation - Common Stock,COMMON_STOCK,NASDAQ,True,N
ATLO,ATLO,Ames National Corporation - Common Stock,COMMON_STOCK,NASDAQ,True,N
ATLX,ATLX,Atlas Lithium Corporation - Common Stock,COMMON_STOCK,NASDAQ,True,N
ATMU,ATMU,Atmus Filtration Technologies Inc. Common Stock,COMMON_STOCK,NYSE,True,
ATNI,ATNI,"ATN International, Inc. - Common Stock",COMMON_STOCK,NASDAQ,True,N
ATNM,ATNM,"Actinium Pharmaceuticals, Inc. (Delaware) Common Stock",COMMON_STOCK,NYSEAMERICAN,True,
ATO,ATO,Atmos Energy Corporation Common Stock,COMMON_STOCK,NYSE,True,
ATOM,ATOM,Atomera Incorporated - Common Stock,COMMON_STOCK,NASDAQ,True,N
ATOS,ATOS,"Atossa Therapeutics, Inc. - Common Stock",COMMON_STOCK,NASDAQ,True,N
ATPC,ATPC,Agape ATP Corporation - Common Stock,COMMON_STOCK,NASDAQ,True,N
ATR,ATR,"AptarGroup, Inc. Common Stock",COMMON_STOCK,NYSE,True,
ATRA,ATRA,"Atara Biotherapeutics, Inc. - Common Stock",COMMON_STOCK,NASDAQ,True,N
ATRC,ATRC,"AtriCure, Inc. - Common Stock",COMMON_STOCK,NASDAQ,True,N
ATRO,ATRO,Astronics Corporation - Common Stock,COMMON_STOCK,NASDAQ,True,N
ATS,ATS,ATS Corporation Common Shares,COMMON_STOCK,NYSE,True,
ATXG,ATXG,Addentax Group Corp. - Common Stock,COMMON_STOCK,NASDAQ,True,N
ATYR,ATYR,"aTyr Pharma, Inc. - Common Stock",COMMON_STOCK,NASDAQ,False,D
AU,AU,AngloGold Ashanti PLC Ordinary Shares,COMMON_STOCK,NYSE,True,
AUB,AUB,Atlantic Union Bankshares Corporation Common Stock,COMMON_STOCK,NYSE,True,
AUBN,AUBN,"Auburn National Bancorporation, Inc. - Common Stock",COMMON_STOCK,NASDAQ,True,N
AUC,AUC,ATIF Holdings Limited - Ordinary Shares,COMMON_STOCK,NASDAQ,True,N
AUDC,AUDC,AudioCodes Ltd. - Ordinary Shares,COMMON_STOCK,NASDAQ,True,N
AUGO,AUGO,Aura Minerals Inc. - Common Shares,COMMON_STOCK,NASDAQ,True,N
AUID,AUID,authID Inc. - Common Stock,COMMON_STOCK,NASDAQ,True,N
AUNA,AUNA,Auna SA Class A Ordinary Shares,COMMON_STOCK,NYSE,True,
AUPH,AUPH,Aurinia Pharmaceuticals Inc - Common Shares,COMMON_STOCK,NASDAQ,True,N
AUR,AUR,"Aurora Innovation, Inc.  - Class A Common Stock",COMMON_STOCK,NASDAQ,True,N
AURA,AURA,"Aura Biosciences, Inc. - Common Stock",COMMON_STOCK,NASDAQ,True,N
AURE,AURE,Aurelion Inc.  - Class A Ordinary Shares,COMMON_STOCK,NASDAQ,True,N
AUST,AUST,Austin Gold Corp. Common Shares,COMMON_STOCK,NYSEAMERICAN,True,
AUUD,AUUD,Auddia Inc. - Common Stock,COMMON_STOCK,NASDAQ,False,D
AVA,AVA,Avista Corporation Common Stock,COMMON_STOCK,NYSE,True,
AVAH,AVAH,Aveanna Healthcare Holdings Inc. - Common Stock,COMMON_STOCK,NASDAQ,True,N
AVAT,AVAT,Avalanche Treasury Corporation - Class A Common Stock,COMMON_STOCK,NASDAQ,True,N
AVAV,AVAV,"AeroVironment, Inc. - Common Stock",COMMON_STOCK,NASDAQ,True,N
AVBC,AVBC,"Avidia Bancorp, Inc. Common Stock",COMMON_STOCK,NYSE,True,
AVBH,AVBH,"Avidbank Holdings, Inc. - Common Stock",COMMON_STOCK,NASDAQ,True,N
AVBP,AVBP,"ArriVent BioPharma, Inc. - Common Stock",COMMON_STOCK,NASDAQ,True,N
AVD,AVD,American Vanguard Corporation Common Stock ($0.10 Par Value),COMMON_STOCK,NYSE,True,
AVEX,AVEX,AEVEX Corp. Class A Common Stock,COMMON_STOCK,NYSE,True,
AVGO,AVGO,Broadcom Inc. - Common Stock,COMMON_STOCK,NASDAQ,True,N
AVIR,AVIR,"Atea Pharmaceuticals, Inc. - common stock",COMMON_STOCK,NASDAQ,True,N
AVLN,AVLN,Avalyn Pharma Inc. - common stock,COMMON_STOCK,NASDAQ,True,N
AVNS,AVNS,"Avanos Medical, Inc. Common Stock",COMMON_STOCK,NYSE,True,
AVNT,AVNT,Avient Corporation Common Stock,COMMON_STOCK,NYSE,True,
AVNW,AVNW,"Aviat Networks, Inc. - Common Stock",COMMON_STOCK,NASDAQ,True,N
AVO,AVO,"Mission Produce, Inc. - Common Stock",COMMON_STOCK,NASDAQ,True,N
AVPT,AVPT,"AvePoint, Inc. - Class A Common Stock",COMMON_STOCK,NASDAQ,True,N
AVR,AVR,Anteris Technologies Global Corp. - Common Stock,COMMON_STOCK,NASDAQ,True,N
AVT,AVT,"Avnet, Inc. - Common Stock",COMMON_STOCK,NASDAQ,True,N
AVTR,AVTR,"Avantor, Inc. Common Stock",COMMON_STOCK,NYSE,True,
AVTX,AVTX,"Avalo Therapeutics, Inc. - Common Stock",COMMON_STOCK,NASDAQ,True,N
AVX,AVX,Avax One Technology Ltd. - Common Shares,COMMON_STOCK,NASDAQ,True,N
AVXL,AVXL,Anavex Life Sciences Corp. - Common Stock,COMMON_STOCK,NASDAQ,False,E
AVY,AVY,Avery Dennison Corporation Common Stock,COMMON_STOCK,NYSE,True,
AWI,AWI,Armstrong World Industries Inc Common Stock,COMMON_STOCK,NYSE,True,
AWK,AWK,"American Water Works Company, Inc. Common Stock",COMMON_STOCK,NYSE,True,
AWR,AWR,American States Water Company Common Stock,COMMON_STOCK,NYSE,True,
AWRE,AWRE,"Aware, Inc. - Common Stock",COMMON_STOCK,NASDAQ,True,N
AWX,AWX,Avalon Holdings Corporation Common Stock,COMMON_STOCK,NYSEAMERICAN,True,
AX,AX,"Axos Financial, Inc. Common Stock",COMMON_STOCK,NYSE,True,
AXG,AXG,Solowin Holdings - Class A Ordinary Share,COMMON_STOCK,NASDAQ,True,N
AXGN,AXGN,"Axogen, Inc. - Common Stock",COMMON_STOCK,NASDAQ,True,N
AXIL,AXIL,"AXIL Brands, Inc. Common Stock",COMMON_STOCK,NYSEAMERICAN,True,
AXIN,AXIN,Axiom Intelligence Acquisition Corp 1 - Class A Ordinary Shares,COMMON_STOCK,NASDAQ,True,N
AXON,AXON,"Axon Enterprise, Inc. - Common Stock",COMMON_STOCK,NASDAQ,True,N
AXP,AXP,American Express Company Common Stock,COMMON_STOCK,NYSE,True,
AXR,AXR,AMREP Corporation Common Stock,COMMON_STOCK,NYSE,True,
AXS,AXS,Axis Capital Holdings Limited Common Stock,COMMON_STOCK,NYSE,True,
AXSM,AXSM,"Axsome Therapeutics, Inc. - Common Stock",COMMON_STOCK,NASDAQ,True,N
AXTA,AXTA,Axalta Coating Systems Ltd. Common Shares,COMMON_STOCK,NYSE,True,
AXTI,AXTI,AXT Inc - Common Stock,COMMON_STOCK,NASDAQ,True,N
AYA,AYA,Aya Gold & Silver Inc. - Common Shares,COMMON_STOCK,NASDAQ,True,N
AYI,AYI,Acuity Inc. Common Stock,COMMON_STOCK,NYSE,True,
AYTU,AYTU,"Aytu BioPharma, Inc.  - Common Stock",COMMON_STOCK,NASDAQ,True,N
AZ,AZ,A2Z Cust2Mate Solutions Corp. - Common Shares,COMMON_STOCK,NASDAQ,True,N
AZI,AZI,Autozi Internet Technology (Global) Ltd. - Class A Ordinary Shares,COMMON_STOCK,NASDAQ,True,N
AZN,AZN,AstraZeneca PLC Ordinary Shares,COMMON_STOCK,NYSE,True,
AZO,AZO,"AutoZone, Inc. Common Stock",COMMON_STOCK,NYSE,True,
AZTA,AZTA,"Azenta, Inc. - Common Stock",COMMON_STOCK,NASDAQ,True,N
AZTR,AZTR,Azitra Inc Common Stock,COMMON_STOCK,NYSEAMERICAN,True,
AZZ,AZZ,AZZ Inc.,COMMON_STOCK,NYSE,True,
B,B,Barrick Mining Corporation Common Shares,COMMON_STOCK,NYSE,True,
BA,BA,Boeing Company (The) Common Stock,COMMON_STOCK,NYSE,True,
BAC,BAC,Bank of America Corporation Common Stock,COMMON_STOCK,NYSE,True,
BAC$E,BAC-PE,Bank of America Corporation Depositary Sh repstg 1/1000th Perp Pfd Ser E,COMMON_STOCK,NYSE,True,
BAC$L,BAC-PL,Bank of America Corporation Non Cumulative Perpetual Conv Pfd Ser L,COMMON_STOCK,NYSE,True,
BACC,BACC,Blue Acquisition Corp. - Class A Ordinary Shares,COMMON_STOCK,NASDAQ,True,N
BAER,BAER,"Bridger Aerospace Group Holdings, Inc. - Common Stock",COMMON_STOCK,NASDAQ,True,N
BAFN,BAFN,BayFirst Financial Corp. - Common Stock,COMMON_STOCK,NASDAQ,True,N
BAH,BAH,Booz Allen Hamilton Holding Corporation Common Stock,COMMON_STOCK,NYSE,True,
BAK,BAK,Braskem SA ADR,COMMON_STOCK,NYSE,True,
BALL,BALL,Ball Corporation Common Stock,COMMON_STOCK,NYSE,True,
BALY,BALY,Bally's Corporation Common Stock,COMMON_STOCK,NYSE,True,
BAM,BAM,Brookfield Asset Management Inc Class A Limited Voting Shares,COMMON_STOCK,NYSE,True,
BANC,BANC,"Banc of California, Inc. Common Stock",COMMON_STOCK,NYSE,True,
BAND,BAND,Bandwidth Inc. - Class A Common Stock,COMMON_STOCK,NASDAQ,True,N
BANF,BANF,BancFirst Corporation - Common Stock,COMMON_STOCK,NASDAQ,True,N
BANL,BANL,CBL International Limited - Class B Ordinary Shares,COMMON_STOCK,NASDAQ,False,D
BANR,BANR,Banner Corporation - Common Stock,COMMON_STOCK,NASDAQ,True,N
BAOS,BAOS,Baosheng Media Group Holdings Limited - Ordinary shares,COMMON_STOCK,NASDAQ,True,N
BAP,BAP,Credicorp Ltd. Common Stock,COMMON_STOCK,NYSE,True,
BARK,BARK,"BARK, Inc. Class A Common Stock",COMMON_STOCK,NYSE,True,
BATL,BATL,Battalion Oil Corporation Common Stock,COMMON_STOCK,NYSEAMERICAN,True,
BATRA,BATRA,"Atlanta Braves Holdings, Inc. - Series A Common Stock",COMMON_STOCK,NASDAQ,True,N
BATRK,BATRK,"Atlanta Braves Holdings, Inc. - Series C Common Stock",COMMON_STOCK,NASDAQ,True,N
BAX,BAX,Baxter International Inc. Common Stock,COMMON_STOCK,NYSE,True,
BB,BB,BlackBerry Limited Common Stock,COMMON_STOCK,NYSE,True,
BBAI,BBAI,"BigBear.ai, Inc. Common Stock",COMMON_STOCK,NYSE,True,
BBAR,BBAR,Banco BBVA Argentina S.A. ADS,COMMON_STOCK,NYSE,True,
BBBY,BBBY,"Bed Bath & Beyond, Inc. Common Stock",COMMON_STOCK,NYSE,True,
BBCP,BBCP,"Concrete Pumping Holdings, Inc.  - Common Stock",COMMON_STOCK,NASDAQ,True,N
BBCQ,BBCQ,Bleichroeder Acquisition Corp. II - Class A Ordinary Shares,COMMON_STOCK,NASDAQ,True,N
BBDC,BBDC,"Barings BDC, Inc. Common Stock",COMMON_STOCK,NYSE,True,
BBGI,BBGI,"Beasley Broadcast Group, Inc. - Class A Common Stock",COMMON_STOCK,NASDAQ,False,D
BBIO,BBIO,"BridgeBio Pharma, Inc. - Common Stock",COMMON_STOCK,NASDAQ,True,N
BBLG,BBLG,Bone Biologics Corp - Common Stock,COMMON_STOCK,NASDAQ,True,N
BBNX,BBNX,"Beta Bionics, Inc. - Common Stock",COMMON_STOCK,NASDAQ,True,N
BBOT,BBOT,"BridgeBio Oncology Therapeutics, Inc. - Common Stock",COMMON_STOCK,NASDAQ,True,N
BBSI,BBSI,"Barrett Business Services, Inc. - Common Stock",COMMON_STOCK,NASDAQ,True,N
BBT,BBT,Beacon Financial Corporation Common stock,COMMON_STOCK,NYSE,True,
BBUC,BBUC,Brookfield Business Corporation Class A Subordinate Voting Shares,COMMON_STOCK,NYSE,True,
BBVA,BBVA,Banco Bilbao Vizcaya Argentaria S.A. Common Stock,COMMON_STOCK,NYSE,True,
BBW,BBW,"Build-A-Bear Workshop, Inc. Common Stock",COMMON_STOCK,NYSE,True,
BBWI,BBWI,"Bath & Body Works, Inc.",COMMON_STOCK,NYSE,True,
BBY,BBY,"Best Buy Co., Inc. Common Stock",COMMON_STOCK,NYSE,True,
BC,BC,Brunswick Corporation Common Stock,COMMON_STOCK,NYSE,True,
BCAB,BCAB,"BioAtla, Inc. - Common Stock",COMMON_STOCK,NASDAQ,False,D
BCAL,BCAL,California BanCorp - Common Stock,COMMON_STOCK,NASDAQ,True,N
BCAR,BCAR,D. Boral ARC Acquisition I Corp. - Class A Ordinary Shares,COMMON_STOCK,NASDAQ,True,N
BCAX,BCAX,Bicara Therapeutics Inc. - Common Stock,COMMON_STOCK,NASDAQ,True,N
BCBP,BCBP,"BCB Bancorp, Inc. (NJ) - Common Stock",COMMON_STOCK,NASDAQ,True,N
BCC,BCC,"Boise Cascade, L.L.C. Common Stock",COMMON_STOCK,NYSE,True,
BCDA,BCDA,"BioCardia, Inc. - Common Stock",COMMON_STOCK,NASDAQ,False,D
BCE,BCE,"BCE, Inc. Common Stock",COMMON_STOCK,NYSE,True,
BCG,BCG,"Binah Capital Group, Inc. - Common Stock",COMMON_STOCK,NASDAQ,True,N
BCH,BCH,Banco De Chile ADS,COMMON_STOCK,NYSE,True,
BCHT,BCHT,Birchtech Corp. Common Stock,COMMON_STOCK,NYSEAMERICAN,True,
BCML,BCML,BayCom Corp - Common Stock,COMMON_STOCK,NASDAQ,True,N
BCO,BCO,Brinks Company (The) Common Stock,COMMON_STOCK,NYSE,True,
BCPC,BCPC,Balchem Corporation - Common Stock,COMMON_STOCK,NASDAQ,True,N
BCRX,BCRX,"BioCryst Pharmaceuticals, Inc. - Common Stock",COMMON_STOCK,NASDAQ,True,N
BCS,BCS,Barclays PLC Common Stock,COMMON_STOCK,NYSE,True,
BCSF,BCSF,"Bain Capital Specialty Finance, Inc. Common Stock",COMMON_STOCK,NYSE,True,
BCSS,BCSS,Bain Capital GSS Investment Corp. Class A Ordinary Shares,COMMON_STOCK,NYSE,True,
BCTX,BCTX,BriaCell Therapeutics Corp. - Common Shares,COMMON_STOCK,NASDAQ,True,N
BDC,BDC,Belden Inc Common Stock,COMMON_STOCK,NYSE,True,
BDCI,BDCI,BTC Development Corp. - Class A Ordinary Shares,COMMON_STOCK,NASDAQ,True,N
BDJ,BDJ,Blackrock Enhanced Equity Dividend Trust,COMMON_STOCK,NYSE,True,
BDL,BDL,"Flanigan's Enterprises, Inc. Common Stock",COMMON_STOCK,NYSEAMERICAN,True,
BDMD,BDMD,Baird Medical Investment Holdings Ltd - Ordinary Share,COMMON_STOCK,NASDAQ,True,N
BDN,BDN,Brandywine Realty Trust Common Stock,COMMON_STOCK,NYSE,True,
BDSX,BDSX,"Biodesix, Inc. - Common Stock",COMMON_STOCK,NASDAQ,True,N
BDTX,BDTX,"Black Diamond Therapeutics, Inc. - Common Stock",COMMON_STOCK,NASDAQ,True,N
BDX,BDX,"Becton, Dickinson and Company Common Stock",COMMON_STOCK,NYSE,True,
BE,BE,Bloom Energy Corporation Class A Common Stock,COMMON_STOCK,NYSE,True,
BEAG,BEAG,Bold Eagle Acquisition Corp. - Class A Ordinary Shares,COMMON_STOCK,NASDAQ,True,N
BEAM,BEAM,Beam Therapeutics Inc. - Common Stock,COMMON_STOCK,NASDAQ,True,N
BEAT,BEAT,"Heartbeam, Inc. - Common Stock",COMMON_STOCK,NASDAQ,False,D
BEBE,BEBE,TGE Value Creative Solutions Corp Class A Ordinary Shares,COMMON_STOCK,NYSE,True,
BEEM,BEEM,Beam Global - Common Stock,COMMON_STOCK,NASDAQ,True,N
BEEP,BEEP,Mobile Infrastructure Corporation - Common Stock,COMMON_STOCK,NASDAQ,True,N
BELFA,BELFA,Bel Fuse Inc. - Class A Common Stock,COMMON_STOCK,NASDAQ,True,N
BELFB,BELFB,Bel Fuse Inc. - Class B Common Stock,COMMON_STOCK,NASDAQ,True,N
BEN,BEN,"Franklin Resources, Inc. Common Stock",COMMON_STOCK,NYSE,True,
BENF,BENF,Beneficient - Class A Common Stock,COMMON_STOCK,NASDAQ,True,N
BEPC,BEPC,Brookfield Renewable Corporation Brookfield Renewable Corporation Class A Subordinate Voting Shares,COMMON_STOCK,NYSE,True,
BESS,BESS,Bimergen Energy Corporation Common Stock,COMMON_STOCK,NYSEAMERICAN,True,
BETA,BETA,"Beta Technologies, Inc. Class A Common Stock",COMMON_STOCK,NYSE,True,
BETR,BETR,Better Home & Finance Holding Company - Class A Common Stock,COMMON_STOCK,NASDAQ,True,N
BF.A,BF-A,Brown Forman Inc Class A Common Stock,COMMON_STOCK,NYSE,True,
BF.B,BF-B,Brown Forman Inc Class B Common Stock,COMMON_STOCK,NYSE,True,
BFC,BFC,Bank First Corporation - Common Stock,COMMON_STOCK,NASDAQ,True,N
BFH,BFH,"Bread Financial Holdings, Inc. Common Stock",COMMON_STOCK,NYSE,True,
BFLY,BFLY,"Butterfly Network, Inc. Class A Common Stock",COMMON_STOCK,NYSE,True,
BFRG,BFRG,"Bullfrog AI Holdings, Inc. - Common Stock",COMMON_STOCK,NASDAQ,False,D
BFRI,BFRI,Biofrontera Inc. - Common Stock,COMMON_STOCK,NASDAQ,True,N
BFS,BFS,"Saul Centers, Inc. Common Stock",COMMON_STOCK,NYSE,True,
BFST,BFST,"Business First Bancshares, Inc. - Common Stock",COMMON_STOCK,NASDAQ,True,N
BG,BG,Bunge Limited Common Shares,COMMON_STOCK,NYSE,True,
BGC,BGC,"BGC Group, Inc. - Class A Common Stock",COMMON_STOCK,NASDAQ,True,N
BGDE,BGDE,"Big Digital Energy, Inc. - Common Stock",COMMON_STOCK,NASDAQ,True,N
BGI,BGI,Birks Group Inc. Common Stock,COMMON_STOCK,NYSEAMERICAN,True,
BGIN,BGIN,Bgin Blockchain Limited - Class A Ordinary Shares,COMMON_STOCK,NASDAQ,True,N
BGL,BGL,Blue Gold Limited - Class A ordinary shares,COMMON_STOCK,NASDAQ,False,D
BGLC,BGLC,BioNexus Gene Lab Corp - Common stock,COMMON_STOCK,NASDAQ,True,N
BGM,BGM,BGM Group Ltd. - Class A Ordinary Shares,COMMON_STOCK,NASDAQ,False,H
BGMS,BGMS,"Bio Green Med Solution, Inc. - Common Stock",COMMON_STOCK,NASDAQ,True,N
BGR,BGR,BlackRock Energy and Resources Trust,COMMON_STOCK,NYSE,True,
BGS,BGS,"B&G Foods, Inc. Common Stock",COMMON_STOCK,NYSE,True,
BGSF,BGSF,"BGSF, Inc. Common Stock",COMMON_STOCK,NYSE,True,
BGSI,BGSI,Boyd Group Services Inc. Common Shares,COMMON_STOCK,NYSE,True,
BGT,BGT,BlackRock Floating Rate Income Trust,COMMON_STOCK,NYSE,True,
BGY,BGY,Blackrock Enhanced International Dividend Trust,COMMON_STOCK,NYSE,True,
BH,BH,Biglari Holdings Inc. Class B Common Stock,COMMON_STOCK,NYSE,True,
BH.A,BH-A,Biglari Holdings Inc. Class A Common Stock,COMMON_STOCK,NYSE,True,
BHAV,BHAV,BHAV Acquisition Corp - Class A Ordinary Shares,COMMON_STOCK,NASDAQ,True,N
BHB,BHB,"Bar Harbor Bankshares, Inc. Common Stock",COMMON_STOCK,NYSEAMERICAN,True,
BHC,BHC,Bausch Health Companies Inc. Common Stock,COMMON_STOCK,NYSE,True,
BHE,BHE,"Benchmark Electronics, Inc. Common Stock",COMMON_STOCK,NYSE,True,
BHM,BHM,"Bluerock Homes Trust, Inc. Class A Common Stock",COMMON_STOCK,NYSEAMERICAN,True,
BHR,BHR,Braemar Hotels & Resorts Inc. Common Stock,COMMON_STOCK,NYSE,True,
BHRB,BHRB,Burke & Herbert Financial Services Corp. - Common Stock,COMMON_STOCK,NASDAQ,True,N
BHST,BHST,BioHarvest Sciences Inc. - Common Stock,COMMON_STOCK,NASDAQ,True,N
BHVN,BHVN,Biohaven Ltd. Common Shares,COMMON_STOCK,NYSE,True,
BIAF,BIAF,"bioAffinity Technologies, Inc. - Common Stock",COMMON_STOCK,NASDAQ,True,N
BIIB,BIIB,Biogen Inc. - Common Stock,COMMON_STOCK,NASDAQ,True,N
BIII,BIII,Black Spade Acquisition III Co Class A Ordinary Shares,COMMON_STOCK,NYSE,True,
BILL,BILL,"BILL Holdings, Inc. Common Stock",COMMON_STOCK,NYSE,True,
BIO,BIO,"Bio-Rad Laboratories, Inc. Class A Common Stock",COMMON_STOCK,NYSE,True,
BIO.B,BIO-B,"Bio-Rad Laboratories, Inc. Class B  Common Stock",COMMON_STOCK,NYSE,True,
BIOA,BIOA,"BioAge Labs, Inc. - Common Stock",COMMON_STOCK,NASDAQ,True,N
BIOX,BIOX,Bioceres Crop Solutions Corp. - Ordinary Shares,COMMON_STOCK,NASDAQ,False,D
BIPC,BIPC,Brookfield Infrastructure Corporation Brookfield Infrastructure Corporation,COMMON_STOCK,NYSE,True,
BIRD,BIRD,"Smartbird, Inc. - Class A Common Stock",COMMON_STOCK,NASDAQ,True,N
BIRK,BIRK,Birkenstock Holding plc Ordinary Shares,COMMON_STOCK,NYSE,True,
BIVI,BIVI,BioVie Inc. - Common stock,COMMON_STOCK,NASDAQ,True,N
BIXI,BIXI,Bitcoin Infrastructure Acquisition Corp Ltd. - Class A Ordinary Shares,COMMON_STOCK,NASDAQ,True,N
BIYA,BIYA,Baiya International Group Inc.  - Ordinary Shares,COMMON_STOCK,NASDAQ,True,N
BJ,BJ,"BJ's Wholesale Club Holdings, Inc. Common Stock",COMMON_STOCK,NYSE,True,
BJDX,BJDX,"Bluejay Diagnostics, Inc. - Common Stock",COMMON_STOCK,NASDAQ,True,N
BJRI,BJRI,"BJ's Restaurants, Inc. - Common Stock",COMMON_STOCK,NASDAQ,True,N
BKD,BKD,Brookdale Senior Living Inc. Common Stock,COMMON_STOCK,NYSE,True,
BKE,BKE,"Buckle, Inc. (The) Common Stock",COMMON_STOCK,NYSE,True,
BKH,BKH,Black Hills Corporation Common Stock,COMMON_STOCK,NYSE,True,
BKHA,BKHA,Black Hawk Acquisition Corporation - Class A Ordinary Shares,COMMON_STOCK,NASDAQ,False,D
BKKT,BKKT,"Bakkt, Inc. Class A Common Stock",COMMON_STOCK,NYSE,True,
BKNG,BKNG,Booking Holdings Inc. - Common Stock,COMMON_STOCK,NASDAQ,True,N
BKR,BKR,Baker Hughes Company - Common Stock,COMMON_STOCK,NASDAQ,True,N
BKSY,BKSY,BlackSky Technology Inc. Class A Common Stock,COMMON_STOCK,NYSE,True,
BKT,BKT,BlackRock Income Trust Inc. (The),COMMON_STOCK,NYSE,True,
BKTI,BKTI,BK Technologies Corporation Common Stock,COMMON_STOCK,NYSEAMERICAN,True,
BKV,BKV,BKV Corporation Common Stock,COMMON_STOCK,NYSE,True,
BKYI,BKYI,"BIO-key International, Inc. - Common Stock",COMMON_STOCK,NASDAQ,True,N
BL,BL,"BlackLine, Inc. - Common Stock",COMMON_STOCK,NASDAQ,True,N
BLBD,BLBD,Blue Bird Corporation - Common Stock,COMMON_STOCK,NASDAQ,True,N
BLCO,BLCO,Bausch + Lomb Corporation Common Shares,COMMON_STOCK,NYSE,True,
BLDP,BLDP,"Ballard Power Systems, Inc. - Common Shares",COMMON_STOCK,NASDAQ,True,N
BLDR,BLDR,"Builders FirstSource, Inc. Common Stock",COMMON_STOCK,NYSE,True,
BLFS,BLFS,"BioLife Solutions, Inc. - Common Stock",COMMON_STOCK,NASDAQ,True,N
BLIN,BLIN,"Bridgeline Digital, Inc. - Common Stock",COMMON_STOCK,NASDAQ,True,N
BLIV,BLIV,BeLive Holdings - ordinary shares,COMMON_STOCK,NASDAQ,True,N
BLK,BLK,"BlackRock, Inc. Common Stock",COMMON_STOCK,NYSE,True,
BLKB,BLKB,"Blackbaud, Inc. - Common Stock",COMMON_STOCK,NASDAQ,True,N
BLLN,BLLN,"BillionToOne, Inc. - Class A common stock",COMMON_STOCK,NASDAQ,True,N
BLMN,BLMN,"Bloomin' Brands, Inc. - Common Stock",COMMON_STOCK,NASDAQ,True,N
BLND,BLND,"Blend Labs, Inc. Class A Common Stock",COMMON_STOCK,NYSE,True,
BLNE,BLNE,"Beeline Holdings, Inc. - Common Stock",COMMON_STOCK,NASDAQ,True,N
BLNK,BLNK,Blink Charging Co. - Common Stock,COMMON_STOCK,NASDAQ,False,D
BLRK,BLRK,Bluerock Acquisition Corp. - Class A Ordinary Shares,COMMON_STOCK,NASDAQ,True,N
BLSH,BLSH,Bullish Ordinary Shares,COMMON_STOCK,NYSE,True,
BLUW,BLUW,Blue Water Acquisition Corp. III - Class A Ordinary Shares,COMMON_STOCK,NASDAQ,True,N
BLW,BLW,Blackrock Limited Duration Income Trust,COMMON_STOCK,NYSE,True,
BLX,BLX,"Bladex, Inc. Class E Common Stock",COMMON_STOCK,NYSE,True,
BLZE,BLZE,"Backblaze, Inc. - Common Stock",COMMON_STOCK,NASDAQ,True,N
BLZR,BLZR,Trailblazer Acquisition Corp. - Class A Ordinary Shares,COMMON_STOCK,NASDAQ,True,N
BMA,BMA,Banco Macro S.A.  ADR (representing Ten Class B Common Shares),COMMON_STOCK,NYSE,True,
BMBL,BMBL,Bumble Inc. - common stock,COMMON_STOCK,NASDAQ,True,N
BME,BME,Blackrock Health Sciences Trust,COMMON_STOCK,NYSE,True,
BMEA,BMEA,"Biomea Fusion, Inc. - Common Stock",COMMON_STOCK,NASDAQ,True,N
BMGL,BMGL,Basel Medical Group Ltd - ordinary shares,COMMON_STOCK,NASDAQ,True,N
BMHL,BMHL,Bluemount Holdings Limited - Class B Ordinary Shares,COMMON_STOCK,NASDAQ,True,N
BMI,BMI,"Badger Meter, Inc. Common Stock",COMMON_STOCK,NYSE,True,
BMM,BMM,Blue Moon Metals Inc. - Common Shares,COMMON_STOCK,NASDAQ,True,N
BMNR,BMNR,"BitMine Immersion Technologies, Inc. Common Stock",COMMON_STOCK,NYSE,True,
BMO,BMO,Bank Of Montreal Common Stock,COMMON_STOCK,NYSE,True,
BMR,BMR,Beamr Imaging Ltd. - Ordinary Share,COMMON_STOCK,NASDAQ,True,N
BMRA,BMRA,"Biomerica, Inc. - Common Stock",COMMON_STOCK,NASDAQ,True,N
BMRC,BMRC,Bank of Marin Bancorp - Common Stock,COMMON_STOCK,NASDAQ,True,N
BMRN,BMRN,BioMarin Pharmaceutical Inc. - Common Stock,COMMON_STOCK,NASDAQ,True,N
BMY,BMY,Bristol-Myers Squibb Company Common Stock,COMMON_STOCK,NYSE,True,
BN,BN,Brookfield Corporation Class A Limited Voting Shares,COMMON_STOCK,NYSE,True,
BNAI,BNAI,Brand Engagement Network Inc. - Common Stock,COMMON_STOCK,NASDAQ,True,N
BNBX,BNBX,BNB Plus Corp. - Common Stock,COMMON_STOCK,NASDAQ,False,D
BNC,BNC,CEA Industries Inc. - Common Stock,COMMON_STOCK,NASDAQ,False,D
BNED,BNED,"Barnes & Noble Education, Inc Common Stock",COMMON_STOCK,NYSE,True,
BNGO,BNGO,"Bionano Genomics, Inc. - Common Stock",COMMON_STOCK,NASDAQ,True,N
BNKK,BNKK,"Bonk, Inc. - Common Stock",COMMON_STOCK,NASDAQ,True,N
BNL,BNL,"Broadstone Net Lease, Inc. Common Stock",COMMON_STOCK,NYSE,True,
BNRG,BNRG,Brenmiller Energy Ltd - Ordinary Shares,COMMON_STOCK,NASDAQ,True,N
BNS,BNS,Bank Nova Scotia Halifax Pfd 3 Ordinary Shares,COMMON_STOCK,NYSE,True,
BNT,BNT,Brookfield Wealth Solutions Ltd. Class A Exchangeable Limited Voting Shares,COMMON_STOCK,NYSE,True,
BNTC,BNTC,Benitec Biopharma Inc. - Common Stock,COMMON_STOCK,NASDAQ,True,N
BNY,BNY,The Bank of New York Mellon Corporation Common Stock,COMMON_STOCK,NYSE,True,
BNZI,BNZI,"Banzai International, Inc. - Class A Common Stock",COMMON_STOCK,NASDAQ,True,N
BOBS,BOBS,"Bob's Discount Furniture, Inc. Common Stock",COMMON_STOCK,NYSE,True,
BOC,BOC,Boston Omaha Corporation Class A Common Stock,COMMON_STOCK,NYSE,True,
BODI,BODI,"The Beachbody Company, Inc. - Class A Common Stock",COMMON_STOCK,NASDAQ,True,N
BOF,BOF,BranchOut Food Inc. - Common Stock,COMMON_STOCK,NASDAQ,True,N
BOH,BOH,Bank of Hawaii Corporation Common Stock,COMMON_STOCK,NYSE,True,
BOKF,BOKF,BOK Financial Corporation - Common Stock,COMMON_STOCK,NASDAQ,True,N
BOLD,BOLD,"Boundless Bio, Inc. - Common Stock",COMMON_STOCK,NASDAQ,True,N
BOLT,BOLT,"Bolt Biotherapeutics, Inc. - Common Stock",COMMON_STOCK,NASDAQ,True,N
BON,BON,Bon Natural Life Limited - Class A Ordinary Shares,COMMON_STOCK,NASDAQ,True,N
BOOM,BOOM,DMC Global Inc. - Common Stock,COMMON_STOCK,NASDAQ,True,N
BOOT,BOOT,"Boot Barn Holdings, Inc. Common Stock",COMMON_STOCK,NYSE,True,
BORR,BORR,Borr Drilling Limited Common Shares,COMMON_STOCK,NYSE,True,
BOSC,BOSC,B.O.S. Better Online Solutions - Ordinary Shares,COMMON_STOCK,NASDAQ,True,N
BOT,BOT,"RoboStrategy, Inc. - Common Stock",COMMON_STOCK,NASDAQ,True,N
BOTJ,BOTJ,"Bank of the James Financial Group, Inc. - Common Stock",COMMON_STOCK,NASDAQ,True,N
BOW,BOW,Bowhead Specialty Holdings Inc. Common Stock,COMMON_STOCK,NYSE,True,
BOX,BOX,"Box, Inc. Class A Common Stock",COMMON_STOCK,NYSE,True,
BOXL,BOXL,Boxlight Corporation - Class A Common Stock,COMMON_STOCK,NASDAQ,False,D
BP,BP,BP p.l.c. Common Stock,COMMON_STOCK,NYSE,True,
BPAC,BPAC,Blueport Acquisition Ltd - Class A Ordinary Shares,COMMON_STOCK,NASDAQ,True,N
BPOP,BPOP,"Popular, Inc. - Common Stock",COMMON_STOCK,NASDAQ,True,N
BPRN,BPRN,"Princeton Bancorp, Inc. - Common Stock",COMMON_STOCK,NASDAQ,True,N
BQ,BQ,Boqii Holding Limited Class A Ordinary Shares,COMMON_STOCK,NYSEAMERICAN,True,
BR,BR,"Broadridge Financial Solutions, Inc. Common Stock",COMMON_STOCK,NYSE,True,
BRAG,BRAG,Bragg Gaming Group Inc. - Common Shares,COMMON_STOCK,NASDAQ,True,N
BRAI,BRAI,Braiin Limited - Common Stock,COMMON_STOCK,NASDAQ,True,N
BRBI,BRBI,BRBI BR Partners S.A. - ADSs,COMMON_STOCK,NASDAQ,True,N
BRBR,BRBR,"BellRing Brands, Inc. Common Stock",COMMON_STOCK,NYSE,True,
BRBS,BRBS,"Blue Ridge Bankshares, Inc. Common Stock",COMMON_STOCK,NYSEAMERICAN,True,
BRC,BRC,Brady Corporation Common Stock,COMMON_STOCK,NYSE,True,
BRCB,BRCB,"Black Rock Coffee Bar, Inc. - Class A Common Stock",COMMON_STOCK,NASDAQ,True,N
BRCC,BRCC,BRC Inc. Class A Common Stock,COMMON_STOCK,NYSE,True,
BREZ,BREZ,Breeze Acquisition Corp. II - Ordinary Shares,COMMON_STOCK,NASDAQ,True,N
BRFH,BRFH,Barfresh Food Group Inc. - Common Stock,COMMON_STOCK,NASDAQ,True,N
BRIA,BRIA,BrilliA Inc Class A Ordinary Shares,COMMON_STOCK,NYSEAMERICAN,True,
BRID,BRID,Bridgford Foods Corporation - Common Stock,COMMON_STOCK,NASDAQ,True,N
BRK.B,BRK-B,Berkshire Hathaway Inc. New Common Stock,COMMON_STOCK,NYSE,True,
BRKR,BRKR,Bruker Corporation - Common Stock,COMMON_STOCK,NASDAQ,True,N
BRLS,BRLS,Borealis Foods Inc. - Class A Common Shares,COMMON_STOCK,NASDAQ,False,D
BRLT,BRLT,"Brilliant Earth Group, Inc. - Class A Common Stock",COMMON_STOCK,NASDAQ,True,N
BRN,BRN,"Barnwell Industries, Inc. Common Stock",COMMON_STOCK,NYSEAMERICAN,True,
BRO,BRO,"Brown & Brown, Inc. Common Stock",COMMON_STOCK,NYSE,True,
BROS,BROS,Dutch Bros Inc. Class A Common Stock,COMMON_STOCK,NYSE,True,
BRR,BRR,"ProCap Financial, Inc. - Common Stock",COMMON_STOCK,NASDAQ,False,D
BRT,BRT,BRT Apartments Corp. (MD) Common Stock,COMMON_STOCK,NYSE,True,
BRTX,BRTX,"BioRestorative Therapies, Inc. - Common Stock",COMMON_STOCK,NASDAQ,False,D
BRUN,BRUN,Boost Run Inc. - Class A Common Stock,COMMON_STOCK,NASDAQ,True,N
BRX,BRX,Brixmor Property Group Inc. Common Stock,COMMON_STOCK,NYSE,True,
BRZE,BRZE,"Braze, Inc. - Class A Common Stock",COMMON_STOCK,NASDAQ,True,N
BSAA,BSAA,BEST SPAC I Acquisition Corp. - Class A Ordinary Shares,COMMON_STOCK,NASDAQ,True,N
BSAC,BSAC,Banco Santander - Chile ADS,COMMON_STOCK,NYSE,True,
BSBK,BSBK,Bogota Financial Corp. - Common Stock,COMMON_STOCK,NASDAQ,True,N
BSET,BSET,"Bassett Furniture Industries, Incorporated - Common Stock",COMMON_STOCK,NASDAQ,True,N
BSIN,BSIN,Big Sky Industrial Inc. - Common Stock,COMMON_STOCK,NASDAQ,True,N
BSP,BSP,Bending Spoons S.p.A. - Ordinary Shares,COMMON_STOCK,NASDAQ,True,N
BSRR,BSRR,Sierra Bancorp - Common Stock,COMMON_STOCK,NASDAQ,True,N
BSVN,BSVN,Bank7 Corp. - Common stock,COMMON_STOCK,NASDAQ,True,N
BSX,BSX,Boston Scientific Corporation Common Stock,COMMON_STOCK,NYSE,True,
BSY,BSY,"Bentley Systems, Incorporated - Class B Common Stock",COMMON_STOCK,NASDAQ,True,N
BTAI,BTAI,"BioXcel Therapeutics, Inc. - Common Stock",COMMON_STOCK,NASDAQ,True,N
BTBD,BTBD,"BT Brands, Inc. - Common Stock",COMMON_STOCK,NASDAQ,True,N
BTBT,BTBT,"Bit Digital, Inc. - Ordinary Share",COMMON_STOCK,NASDAQ,True,N
BTCS,BTCS,BTCS Inc. - Common Stock,COMMON_STOCK,NASDAQ,True,N
BTCT,BTCT,BTC Digital Ltd. - Ordinary Shares,COMMON_STOCK,NASDAQ,True,N
BTDR,BTDR,Bitdeer Technologies Group - Ordinary Shares,COMMON_STOCK,NASDAQ,True,N
BTE,BTE,Baytex Energy Corp Common Shares,COMMON_STOCK,NYSE,True,
BTG,BTG,B2Gold Corp Common shares (Canada),COMMON_STOCK,NYSEAMERICAN,True,
BTGO,BTGO,"BitGo Holdings, Inc. Class A Common Stock",COMMON_STOCK,NYSE,True,
BTI,BTI,"British American Tobacco  Industries, p.l.c. Common Stock ADR",COMMON_STOCK,NYSE,True,
BTMD,BTMD,Biote Corp. - Class A common stock,COMMON_STOCK,NASDAQ,True,N
BTOC,BTOC,Armlogi Holding Corp. - common stock,COMMON_STOCK,NASDAQ,False,D
BTOG,BTOG,Bit Origin Limited - Class A Ordinary Shares,COMMON_STOCK,NASDAQ,True,N
BTQ,BTQ,BTQ Technologies Corp. - Common Stock,COMMON_STOCK,NASDAQ,True,N
BTT,BTT,BlackRock Municipal 2030 Target Term Trust,COMMON_STOCK,NYSE,True,
BTTC,BTTC,Black Titan Corp - Ordinary Shares,COMMON_STOCK,NASDAQ,True,N
BTU,BTU,Peabody Energy Corporation Common Stock,COMMON_STOCK,NYSE,True,
BTZ,BTZ,BlackRock Credit Allocation Income Trust,COMMON_STOCK,NYSE,True,
BUD,BUD,Anheuser-Busch Inbev SA Sponsored ADR (Belgium),COMMON_STOCK,NYSE,True,
BUDA,BUDA,"Buda Juice, Inc. Common Stock",COMMON_STOCK,NYSEAMERICAN,True,
BULL,BULL,Webull Corporation - Class A Ordinary Shares,COMMON_STOCK,NASDAQ,True,N
BUR,BUR,Burford Capital Limited Ordinary Shares,COMMON_STOCK,NYSE,True,
BURL,BURL,"Burlington Stores, Inc. Common Stock",COMMON_STOCK,NYSE,True,
BURU,BURU,"Nuburu, Inc. Common Stock",COMMON_STOCK,NYSEAMERICAN,True,
BUSE,BUSE,First Busey Corporation - Common Stock,COMMON_STOCK,NASDAQ,True,N
BUUU,BUUU,BUUU Group Limited - Class A Ordinary Share,COMMON_STOCK,NASDAQ,True,N
BVC,BVC,BitVentures Limited - Ordinary Share,COMMON_STOCK,NASDAQ,True,N
BVFL,BVFL,"BV Financial, Inc. - Common Stock",COMMON_STOCK,NASDAQ,True,N
BVN,BVN,Buenaventura Mining Company Inc.,COMMON_STOCK,NYSE,True,
BVS,BVS,Bioventus Inc. - Class A Common Stock,COMMON_STOCK,NASDAQ,True,N
BW,BW,"Babcock & Wilcox Enterprises, Inc. Common Stock",COMMON_STOCK,NYSE,True,
BWA,BWA,BorgWarner Inc. Common Stock,COMMON_STOCK,NYSE,True,
BWB,BWB,"Bridgewater Bancshares, Inc. - Common Stock",COMMON_STOCK,NASDAQ,True,N
BWEN,BWEN,"Broadwind, Inc. - Common Stock",COMMON_STOCK,NASDAQ,True,N
BWFG,BWFG,"Bankwell Financial Group, Inc. - Common Stock",COMMON_STOCK,NASDAQ,True,N
BWIN,BWIN,"The Baldwin Insurance Group, Inc. - Class A Common Stock",COMMON_STOCK,NASDAQ,True,N
BWIV,BWIV,Blue Water Acquisition Corp. IV Class A Ordinary Shares,COMMON_STOCK,NYSE,True,
BWLP,BWLP,BW LPG Limited Common Shares,COMMON_STOCK,NYSE,True,
BWMN,BWMN,Bowman Consulting Group Ltd. - Common Stock,COMMON_STOCK,NASDAQ,True,N
BWMX,BWMX,"Betterware de Mexico, S.A.P.I. de C.V. Ordinary Shares",COMMON_STOCK,NYSE,True,
BWXT,BWXT,"BWX Technologies, Inc. Common Stock",COMMON_STOCK,NYSE,True,
BX,BX,Blackstone Inc. Common Stock,COMMON_STOCK,NYSE,True,
BXC,BXC,Bluelinx Holdings Inc. Common Stock,COMMON_STOCK,NYSE,True,
BXDC,BXDC,Blackstone Digital Infrastructure Trust Inc. Common Stock,COMMON_STOCK,NYSE,True,
BXMT,BXMT,"Blackstone Mortgage Trust, Inc. Common Stock",COMMON_STOCK,NYSE,True,
BXP,BXP,"BXP, Inc. Common Stock",COMMON_STOCK,NYSE,True,
BY,BY,"Byline Bancorp, Inc. Common Stock",COMMON_STOCK,NYSE,True,
BYAH,BYAH,"Park Ha Biological Technology Co., Ltd. - Class A Ordinary Shares",COMMON_STOCK,NASDAQ,True,N
BYD,BYD,Boyd Gaming Corporation Common Stock,COMMON_STOCK,NYSE,True,
BYFC,BYFC,Broadway Financial Corporation - Class A Common Stock,COMMON_STOCK,NASDAQ,True,N
BYND,BYND,"Beyond Meat, Inc. - Common stock",COMMON_STOCK,NASDAQ,False,D
BYRN,BYRN,"Byrna Technologies, Inc. - Common Stock",COMMON_STOCK,NASDAQ,True,N
BYSI,BYSI,"BeyondSpring, Inc. - Ordinary Shares",COMMON_STOCK,NASDAQ,True,N
BZ,BZ,KANZHUN LIMITED - American Depository Shares,COMMON_STOCK,NASDAQ,True,N
BZAI,BZAI,"Blaize Holdings, Inc. - Common Stock",COMMON_STOCK,NASDAQ,True,N
BZFD,BZFD,"BuzzFeed, Inc. - Class A Common Stock",COMMON_STOCK,NASDAQ,True,N
BZH,BZH,"Beazer Homes USA, Inc. Common Stock",COMMON_STOCK,NYSE,True,
C,C,"Citigroup, Inc. Common Stock",COMMON_STOCK,NYSE,True,
CAAP,CAAP,Corporacion America Airports SA Common Shares,COMMON_STOCK,NYSE,True,
CAAS,CAAS,"China Automotive Systems, Inc. - Ordinary Share",COMMON_STOCK,NASDAQ,True,N
CABA,CABA,"Cabaletta Bio, Inc. - Common Stock",COMMON_STOCK,NASDAQ,True,N
CABO,CABO,"Cable One, Inc. Common Stock",COMMON_STOCK,NYSE,True,
CABR,CABR,"Caring Brands, Inc. - Common Stock",COMMON_STOCK,NASDAQ,False,D
CAC,CAC,Camden National Corporation - Common Stock,COMMON_STOCK,NASDAQ,True,N
CACC,CACC,Credit Acceptance Corporation - Common Stock,COMMON_STOCK,NASDAQ,True,N
CACI,CACI,"CACI International, Inc. Class A Common Stock",COMMON_STOCK,NYSE,True,
CADL,CADL,"Candel Therapeutics, Inc. - Common Stock",COMMON_STOCK,NASDAQ,True,N
CAE,CAE,CAE Inc. Ordinary Shares,COMMON_STOCK,NYSE,True,
CAES,CAES,"Cantor Equity Partners VII, Inc. - Class A Ordinary Shares",COMMON_STOCK,NASDAQ,True,N
CAG,CAG,"ConAgra Brands, Inc. Common Stock",COMMON_STOCK,NYSE,True,
CAH,CAH,"Cardinal Health, Inc. Common Stock",COMMON_STOCK,NYSE,True,
CAI,CAI,"Caris Life Sciences, Inc. - Common Stock",COMMON_STOCK,NASDAQ,True,N
CAII,CAII,Collective Acquisition Corp. II - Class A Ordinary Shares,COMMON_STOCK,NASDAQ,True,N
CAKE,CAKE,The Cheesecake Factory Incorporated - Common Stock,COMMON_STOCK,NASDAQ,True,N
CAL,CAL,"Caleres, Inc. Common Stock",COMMON_STOCK,NYSE,True,
CALC,CALC,"CalciMedica, Inc. - Common Stock",COMMON_STOCK,NASDAQ,False,D
CALM,CALM,"Cal-Maine Foods, Inc. - Common Stock",COMMON_STOCK,NASDAQ,True,N
CALX,CALX,"Calix, Inc Common Stock",COMMON_STOCK,NYSE,True,
CALY,CALY,Callaway Golf Company Common Stock,COMMON_STOCK,NYSE,True,
CAMP,CAMP,CAMP4 Therapeutics Corporation - Common Stock,COMMON_STOCK,NASDAQ,True,N
CAMT,CAMT,Camtek Ltd. - Ordinary Shares,COMMON_STOCK,NASDAQ,True,N
CANG,CANG,Cango Inc. Class A Ordinary Shares,COMMON_STOCK,NYSE,True,
CAPN,CAPN,Cayson Acquisition Corp - Ordinary Shares,COMMON_STOCK,NASDAQ,False,D
CAPR,CAPR,"Capricor Therapeutics, Inc. - Common Stock",COMMON_STOCK,NASDAQ,True,N
CAPS,CAPS,Capstone Holding Corp. - Common Stock,COMMON_STOCK,NASDAQ,False,D
CAQ,CAQ,Cambridge Acquisition Corp. - Class A Ordinary Shares,COMMON_STOCK,NASDAQ,True,N
CAR,CAR,"Avis Budget Group, Inc. - Common Stock",COMMON_STOCK,NASDAQ,True,N
CARE,CARE,"Carter Bankshares, Inc. - Common Stock",COMMON_STOCK,NASDAQ,True,N
CARG,CARG,"CarGurus, Inc. - Class A Common Stock",COMMON_STOCK,NASDAQ,True,N
CARL,CARL,"Carlsmed, Inc. - Common Stock",COMMON_STOCK,NASDAQ,True,N
CARR,CARR,Carrier Global Corporation Common Stock,COMMON_STOCK,NYSE,True,
CARS,CARS,Cars.com Inc. Common Stock,COMMON_STOCK,NYSE,True,
CART,CART,Maplebear Inc. - Common Stock,COMMON_STOCK,NASDAQ,True,N
CASH,CASH,"Pathward Financial, Inc. - Common Stock",COMMON_STOCK,NASDAQ,True,N
CASS,CASS,"Cass Information Systems, Inc - Common Stock",COMMON_STOCK,NASDAQ,True,N
CAST,CAST,"FreeCast, Inc. - Class A common stock",COMMON_STOCK,NASDAQ,True,N
CASY,CASY,"Caseys General Stores, Inc. - Common Stock",COMMON_STOCK,NASDAQ,True,N
CAT,CAT,"Caterpillar, Inc. Common Stock",COMMON_STOCK,NYSE,True,
CATO,CATO,Cato Corporation (The) Class A Common Stock,COMMON_STOCK,NYSE,True,
CATX,CATX,"Perspective Therapeutics, Inc. Common Stock",COMMON_STOCK,NYSEAMERICAN,True,
CATY,CATY,Cathay General Bancorp - Common Stock,COMMON_STOCK,NASDAQ,True,N
CAVA,CAVA,"CAVA Group, Inc. Common Stock",COMMON_STOCK,NYSE,True,
CB,CB,Chubb Limited  Common Stock,COMMON_STOCK,NYSE,True,
CBAN,CBAN,"Colony Bankcorp, Inc. Common Stock",COMMON_STOCK,NYSE,True,
CBAT,CBAT,CBAK Energy Technology Limited - Ordinary Shares,COMMON_STOCK,NASDAQ,False,D
CBC,CBC,"Central Bancompany, Inc. - Class A Common Stock",COMMON_STOCK,NASDAQ,True,N
CBFV,CBFV,"CB Financial Services, Inc. - Common Stock",COMMON_STOCK,NASDAQ,True,N
CBIO,CBIO,"Crescent Biopharma, Inc. - Common Stock",COMMON_STOCK,NASDAQ,True,N
CBK,CBK,"Commercial Bancgroup, Inc. - Common Stock",COMMON_STOCK,NASDAQ,True,N
CBL,CBL,"CBL & Associates Properties, Inc. Common Stock",COMMON_STOCK,NYSE,True,
CBLL,CBLL,"CeriBell, Inc. - Common Stock",COMMON_STOCK,NASDAQ,True,N
CBNA,CBNA,"Chain Bridge Bancorp, Inc. Class A Common Stock",COMMON_STOCK,NYSE,True,
CBNK,CBNK,"Capital Bancorp, Inc. - Common Stock",COMMON_STOCK,NASDAQ,True,N
CBRE,CBRE,CBRE Group Inc Common Stock Class A,COMMON_STOCK,NYSE,True,
CBRL,CBRL,"Cracker Barrel Old Country Store, Inc. - Common Stock",COMMON_STOCK,NASDAQ,True,N
CBRS,CBRS,Cerebras Systems Inc. - Class A Common Stock,COMMON_STOCK,NASDAQ,True,N
CBSH,CBSH,"Commerce Bancshares, Inc. - Common Stock",COMMON_STOCK,NASDAQ,True,N
CBT,CBT,Cabot Corporation Common Stock,COMMON_STOCK,NYSE,True,
CBUS,CBUS,"Cibus, Inc. - Class A Common Stock",COMMON_STOCK,NASDAQ,True,N
CBZ,CBZ,"CBIZ, Inc. Common Stock",COMMON_STOCK,NYSE,True,
CC,CC,Chemours Company (The) Common Stock,COMMON_STOCK,NYSE,True,
CCAP,CCAP,"Crescent Capital BDC, Inc. - Common Stock",COMMON_STOCK,NASDAQ,True,N
CCAQ,CCAQ,Collective Acquisition Corp. - Class A ordinary shares,COMMON_STOCK,NASDAQ,True,N
CCB,CCB,Coastal Financial Corporation - Common Stock,COMMON_STOCK,NASDAQ,True,N
CCBG,CCBG,Capital City Bank Group - Common Stock,COMMON_STOCK,NASDAQ,True,N
CCC,CCC,CCC Intelligent Solutions Holdings Inc. - Common Stock,COMMON_STOCK,NASDAQ,True,N
CCCC,CCCC,"C4 Therapeutics, Inc. - Common Stock",COMMON_STOCK,NASDAQ,True,N
CCEC,CCEC,Capital Clean Energy Carriers Corp. - Common Share,COMMON_STOCK,NASDAQ,True,N
CCEL,CCEL,"Cryo-Cell International, Inc. Common Stock",COMMON_STOCK,NYSEAMERICAN,True,
CCEP,CCEP,Coca-Cola Europacific Partners plc - Ordinary Shares,COMMON_STOCK,NASDAQ,True,N
CCG,CCG,Cheche Group Inc. - Class A Ordinary Shares,COMMON_STOCK,NASDAQ,False,D
CCHH,CCHH,CCH Holdings Ltd - Class A Ordinary Shares,COMMON_STOCK,NASDAQ,False,D
CCI,CCI,Crown Castle Inc. Common Stock,COMMON_STOCK,NYSE,True,
CCII,CCII,Cohen Circle Acquisition Corp. II - Class A Ordinary Shares,COMMON_STOCK,NASDAQ,True,N
CCIX,CCIX,Churchill Capital Corp IX - Ordinary Shares,COMMON_STOCK,NASDAQ,True,N
CCJ,CCJ,Cameco Corporation Common Stock,COMMON_STOCK,NYSE,True,
CCK,CCK,"Crown Holdings, Inc.",COMMON_STOCK,NYSE,True,
CCL,CCL,Carnival Corporation Ltd. Common Shares,COMMON_STOCK,NYSE,True,
CCLD,CCLD,"CareCloud, Inc. - Common Stock",COMMON_STOCK,NASDAQ,True,N
CCNE,CCNE,CNB Financial Corporation - Common Stock,COMMON_STOCK,NASDAQ,True,N
CCO,CCO,"Clear Channel Outdoor Holdings, Inc. Common Stock",COMMON_STOCK,NYSE,True,
CCOI,CCOI,"Cogent Communications Holdings, Inc. - Common Stock",COMMON_STOCK,NASDAQ,True,N
CCRN,CCRN,"Cross Country Healthcare, Inc. - Common Stock",COMMON_STOCK,NASDAQ,True,N
CCSI,CCSI,"Consensus Cloud Solutions, Inc. - Common Stock",COMMON_STOCK,NASDAQ,True,N
CCTG,CCTG,CCSC Technology International Holdings Limited - Class A Ordinary Shares,COMMON_STOCK,NASDAQ,False,D
CCU,CCU,"Compania Cervecerias Unidas, S.A. Common Stock",COMMON_STOCK,NYSE,True,
CCXI,CCXI,Churchill Capital Corp XI - Class A Ordinary Shares,COMMON_STOCK,NASDAQ,True,N
CCZ,CCZ,Comcast Holdings ZONES,COMMON_STOCK,NYSE,True,
CD,CD,Chaince Digital Holdings Inc. - American Ordinary Shares,COMMON_STOCK,NASDAQ,True,N
CDE,CDE,"Coeur Mining, Inc. Common Stock",COMMON_STOCK,NYSE,True,
CDIO,CDIO,Cardio Diagnostics Holdings Inc. - Common stock,COMMON_STOCK,NASDAQ,True,N
CDLX,CDLX,"Cardlytics, Inc. - Common Stock",COMMON_STOCK,NASDAQ,True,N
CDNA,CDNA,"CareDx, Inc. - Common Stock",COMMON_STOCK,NASDAQ,True,N
CDNL,CDNL,Cardinal Infrastructure Group Inc. - Class A Common Stock,COMMON_STOCK,NASDAQ,True,N
CDNS,CDNS,"Cadence Design Systems, Inc. - Common Stock",COMMON_STOCK,NASDAQ,True,N
CDRE,CDRE,"Cadre Holdings, Inc. Common Stock",COMMON_STOCK,NYSE,True,
CDRO,CDRO,"Codere Online Luxembourg, S.A. - Ordinary Shares",COMMON_STOCK,NASDAQ,True,N
CDT,CDT,CDT Equity Inc. - Common Stock,COMMON_STOCK,NASDAQ,False,E
CDTG,CDTG,CDT Environmental Technology Investment Holdings Limited - ordinary shares,COMMON_STOCK,NASDAQ,True,N
CDW,CDW,CDW Corporation - Common Stock,COMMON_STOCK,NASDAQ,True,N
CDXS,CDXS,"Codexis, Inc. - Common Stock",COMMON_STOCK,NASDAQ,True,N
CDZI,CDZI,"Cadiz, Inc. - Common Stock",COMMON_STOCK,NASDAQ,True,N
CE,CE,Celanese Corporation Common Stock,COMMON_STOCK,NYSE,True,
CECO,CECO,CECO Environmental Corp. - Common Stock,COMMON_STOCK,NASDAQ,True,N
CEG,CEG,Constellation Energy Corporation - Common Stock When-Issued,COMMON_STOCK,NASDAQ,True,N
CELC,CELC,Celcuity Inc. - Common Stock,COMMON_STOCK,NASDAQ,True,N
CELH,CELH,"Celsius Holdings, Inc. - Common Stock",COMMON_STOCK,NASDAQ,True,N
CELU,CELU,Celularity Inc. - Class A Common Stock,COMMON_STOCK,NASDAQ,False,H
CELZ,CELZ,"Creative Medical Technology Holdings, Inc. - Common Stock",COMMON_STOCK,NASDAQ,True,N
CENN,CENN,Cenntro Inc. - Common Stock,COMMON_STOCK,NASDAQ,True,N
CENT,CENT,Central Garden & Pet Company - Common Stock,COMMON_STOCK,NASDAQ,True,N
CENTA,CENTA,Central Garden & Pet Company - Class A Common Stock Nonvoting,COMMON_STOCK,NASDAQ,True,N
CENX,CENX,Century Aluminum Company - Common Stock,COMMON_STOCK,NASDAQ,True,N
CEPF,CEPF,"Cantor Equity Partners IV, Inc. - Class A Ordinary Shares",COMMON_STOCK,NASDAQ,True,N
CEPL,CEPL,"Capstone Energy Plus, Inc. - Common Stock",COMMON_STOCK,NASDAQ,True,N
CEPO,CEPO,"Cantor Equity Partners I, Inc. - Class A Ordinary Shares",COMMON_STOCK,NASDAQ,True,N
CEPS,CEPS,"Cantor Equity Partners VI, Inc. - Class A Ordinary Shares",COMMON_STOCK,NASDAQ,True,N
CEPV,CEPV,"Cantor Equity Partners V, Inc. - Class A Ordinary Shares",COMMON_STOCK,NASDAQ,True,N
CERS,CERS,Cerus Corporation - Common Stock,COMMON_STOCK,NASDAQ,True,N
CERT,CERT,"Certara, Inc. - Common Stock",COMMON_STOCK,NASDAQ,True,N
CET,CET,Central Securities Corporation Common Stock,COMMON_STOCK,NYSEAMERICAN,True,
CETX,CETX,Cemtrex Inc. - Common Stock,COMMON_STOCK,NASDAQ,True,N
CETY,CETY,"Clean Energy Technologies, Inc. - Common Stock",COMMON_STOCK,NASDAQ,False,E
CEVA,CEVA,"CEVA, Inc. - Common Stock",COMMON_STOCK,NASDAQ,True,N
CF,CF,"CF Industries Holdings, Inc. Common Stock",COMMON_STOCK,NYSE,True,
CFBK,CFBK,CF Bankshares Inc. - Common Stock,COMMON_STOCK,NASDAQ,True,N
CFFI,CFFI,C&F Financial Corporation - Common Stock,COMMON_STOCK,NASDAQ,True,N
CFFN,CFFN,"Capitol Federal Financial, Inc. - Common Stock",COMMON_STOCK,NASDAQ,True,N
CFG,CFG,"Citizens Financial Group, Inc. Common Stock",COMMON_STOCK,NYSE,True,
CFR,CFR,"Cullen/Frost Bankers, Inc. Common Stock",COMMON_STOCK,NYSE,True,
CG,CG,The Carlyle Group Inc. - Common Stock,COMMON_STOCK,NASDAQ,True,N
CGAU,CGAU,Centerra Gold Inc. Common Shares,COMMON_STOCK,NYSE,True,
CGC,CGC,Canopy Growth Corporation - Common Shares,COMMON_STOCK,NASDAQ,True,N
CGEM,CGEM,"Cullinan Therapeutics, Inc. - Common Stock",COMMON_STOCK,NASDAQ,True,N
CGEN,CGEN,Compugen Ltd. - Ordinary Shares,COMMON_STOCK,NASDAQ,True,N
CGNT,CGNT,Cognyte Software Ltd. - Ordinary Shares,COMMON_STOCK,NASDAQ,True,N
CGNX,CGNX,Cognex Corporation - Common Stock,COMMON_STOCK,NASDAQ,True,N
CGON,CGON,"CG Oncology, Inc. - Common stock",COMMON_STOCK,NASDAQ,True,N
CGTL,CGTL,Creative Global Technology Holdings Limited - Class A Ordinary Shares,COMMON_STOCK,NASDAQ,False,D
CGTX,CGTX,"Cognition Therapeutics, Inc. - Common Stock",COMMON_STOCK,NASDAQ,True,N
CHAI,CHAI,"Core AI Holdings, Inc. - Common Shares",COMMON_STOCK,NASDAQ,True,N
CHAR,CHAR,Charlton Aria Acquisition Corporation - Class A Ordinary Shares,COMMON_STOCK,NASDAQ,True,N
CHCI,CHCI,"Comstock Holding Companies, Inc. - Class A Common Stock",COMMON_STOCK,NASDAQ,True,N
CHCO,CHCO,City Holding Company - Common Stock,COMMON_STOCK,NASDAQ,True,N
CHD,CHD,"Church & Dwight Company, Inc. Common Stock",COMMON_STOCK,NYSE,True,
CHDN,CHDN,"Churchill Downs, Incorporated - Common Stock",COMMON_STOCK,NASDAQ,True,N
CHE,CHE,Chemed Corp,COMMON_STOCK,NYSE,True,
CHEC,CHEC,Chenghe Acquisition III Co. - Class A Ordinary Shares,COMMON_STOCK,NASDAQ,True,N
CHEF,CHEF,"The Chefs' Warehouse, Inc. - Common Stock",COMMON_STOCK,NASDAQ,True,N
CHGG,CHGG,"Chegg, Inc. Common Stock",COMMON_STOCK,NYSE,True,
CHH,CHH,"Choice Hotels International, Inc. Common Stock",COMMON_STOCK,NYSE,True,
CHKP,CHKP,Check Point Software Technologies Ltd. - Ordinary Shares,COMMON_STOCK,NASDAQ,True,N
CHMG,CHMG,Chemung Financial Corp  - Common Stock,COMMON_STOCK,NASDAQ,True,N
CHMI,CHMI,Cherry Hill Mortgage Investment Corporation Common Stock,COMMON_STOCK,NYSE,True,
CHNR,CHNR,"China Natural Resources, Inc. - Common Shares",COMMON_STOCK,NASDAQ,True,N
CHOW,CHOW,ChowChow Cloud International Holdings Limited Ordinary Shares,COMMON_STOCK,NYSEAMERICAN,True,
CHPG,CHPG,ChampionsGate Acquisition Corporation - Class A Ordinary Share,COMMON_STOCK,NASDAQ,True,N
CHPT,CHPT,"ChargePoint Holdings, Inc. Common Stock",COMMON_STOCK,NYSE,True,
CHR,CHR,"Cheer Holding, Inc.  - Class A Ordinary Share",COMMON_STOCK,NASDAQ,True,N
CHRD,CHRD,Chord Energy Corporation - Common Stock,COMMON_STOCK,NASDAQ,True,N
CHRN,CHRN,ChronoScale Holdings Corporation - Common Stock,COMMON_STOCK,NASDAQ,True,N
CHRS,CHRS,"Coherus Oncology, Inc. - Common Stock",COMMON_STOCK,NASDAQ,True,N
CHRW,CHRW,"C.H. Robinson Worldwide, Inc. - Common Stock",COMMON_STOCK,NASDAQ,True,N
CHSN,CHSN,Chanson International Holding - Class A Ordinary Shares,COMMON_STOCK,NASDAQ,True,N
CHT,CHT,"Chunghwa Telecom Co., Ltd.",COMMON_STOCK,NYSE,True,
CHTR,CHTR,"Charter Communications, Inc. - Class A Common Stock",COMMON_STOCK,NASDAQ,True,N
CHWY,CHWY,"Chewy, Inc. Class A Common Stock",COMMON_STOCK,NYSE,True,
CHYM,CHYM,"Chime Financial, Inc. - Class A Common Stock",COMMON_STOCK,NASDAQ,True,N
CI,CI,The Cigna Group Common Stock,COMMON_STOCK,NYSE,True,
CIA,CIA,"Citizens, Inc. Class A Common Stock ($1.00 Par)",COMMON_STOCK,NYSE,True,
CIEN,CIEN,Ciena Corporation Common Stock,COMMON_STOCK,NYSE,True,
CIFR,CIFR,Cipher Digital Inc. - Common Stock,COMMON_STOCK,NASDAQ,True,N
CIG.C,CIG-C,Comp En De Mn Cemig ADS American Depositary Receipts,COMMON_STOCK,NYSE,True,
CIGI,CIGI,Colliers International Group Inc.  - Subordinate Voting Shares,COMMON_STOCK,NASDAQ,True,N
CIIT,CIIT,"Tianci International, Inc. - Common Stock",COMMON_STOCK,NASDAQ,True,N
CIM,CIM,Chimera Investment Corporation Common Stock,COMMON_STOCK,NYSE,True,
CINF,CINF,Cincinnati Financial Corporation - Common Stock,COMMON_STOCK,NASDAQ,True,N
CING,CING,Cingulate Inc. - Common Stock,COMMON_STOCK,NASDAQ,True,N
CINT,CINT,CI&T Inc Class A Common Shares,COMMON_STOCK,NYSE,True,
CION,CION,CION Investment Corporation Common Stock,COMMON_STOCK,NYSE,True,
CIRC,CIRC,"Circle8 Group, Inc. - Common Stock",COMMON_STOCK,NASDAQ,True,N
CISO,CISO,"CISO Global, Inc. - Common Stock",COMMON_STOCK,NASDAQ,False,D
CISS,CISS,C3is Inc. - Common Stock,COMMON_STOCK,NASDAQ,True,N
CITR,CITR,CitroTech Inc. Common Stock,COMMON_STOCK,NYSEAMERICAN,True,
CIVB,CIVB,"Civista Bancshares, Inc.  - Common Stock",COMMON_STOCK,NASDAQ,True,N
CIX,CIX,CompX International Inc. Common Stock,COMMON_STOCK,NYSEAMERICAN,True,
CJMB,CJMB,Callan JMB Inc. - Common Stock,COMMON_STOCK,NASDAQ,False,D
CKX,CKX,"CKX Lands, Inc. Common Stock",COMMON_STOCK,NYSEAMERICAN,True,
CL,CL,Colgate-Palmolive Company Common Stock,COMMON_STOCK,NYSE,True,
CLAR,CLAR,Clarus Corporation - Common Stock,COMMON_STOCK,NASDAQ,True,N
CLB,CLB,Core Laboratories Inc. Common Stock,COMMON_STOCK,NYSE,True,
CLBK,CLBK,"Columbia Financial, Inc. - Common Stock",COMMON_STOCK,NASDAQ,True,N
CLBR,CLBR,Colombier Acquisition Corp. III Class A Ordinary Shares,COMMON_STOCK,NYSE,True,
CLBT,CLBT,Cellebrite DI Ltd. - Ordinary Shares,COMMON_STOCK,NASDAQ,True,N
CLDI,CLDI,"Calidi Biotherapeutics, Inc. Common Stock",COMMON_STOCK,NYSEAMERICAN,True,
CLDX,CLDX,"Celldex Therapeutics, Inc. - Common Stock",COMMON_STOCK,NASDAQ,True,N
CLF,CLF,Cleveland-Cliffs Inc. Common Stock,COMMON_STOCK,NYSE,True,
CLFD,CLFD,"Clearfield, Inc. - Common Stock",COMMON_STOCK,NASDAQ,True,N
CLGN,CLGN,CollPlant Biotechnologies Ltd. - Ordinary Shares,COMMON_STOCK,NASDAQ,False,D
CLH,CLH,"Clean Harbors, Inc. Common Stock",COMMON_STOCK,NYSE,True,
CLIK,CLIK,Click Holdings Limited - Ordinary Share,COMMON_STOCK,NASDAQ,True,N
CLIR,CLIR,ClearSign Technologies Corporation - Common Stock,COMMON_STOCK,NASDAQ,True,N
CLMB,CLMB,"Climb Global Solutions, Inc. - Common Stock",COMMON_STOCK,NASDAQ,True,N
CLMT,CLMT,"Calumet, Inc - Common Stock",COMMON_STOCK,NASDAQ,True,N
CLNE,CLNE,Clean Energy Fuels Corp. - Common Stock,COMMON_STOCK,NASDAQ,True,N
CLNN,CLNN,Clene Inc. - Common Stock,COMMON_STOCK,NASDAQ,True,N
CLOV,CLOV,"Clover Health Investments, Corp.  - Class A Common stock",COMMON_STOCK,NASDAQ,True,N
CLPR,CLPR,Clipper Realty Inc. Common Stock,COMMON_STOCK,NYSE,True,
CLPS,CLPS,CLPS Incorporation - Common Stock,COMMON_STOCK,NASDAQ,False,D
CLPT,CLPT,ClearPoint Neuro Inc. - Common Stock,COMMON_STOCK,NASDAQ,True,N
CLRB,CLRB,"Cellectar Biosciences, Inc. - Common Stock",COMMON_STOCK,NASDAQ,True,N
CLRO,CLRO,"ClearOne, Inc. - Common Stock",COMMON_STOCK,NASDAQ,False,D
CLS,CLS,"Celestica, Inc. Common Stock",COMMON_STOCK,NYSE,True,
CLSK,CLSK,"CleanSpark, Inc. - Common Stock",COMMON_STOCK,NASDAQ,True,N
CLST,CLST,"Catalyst Bancorp, Inc. - common stock",COMMON_STOCK,NASDAQ,True,N
CLVT,CLVT,Clarivate Plc Ordinary Shares,COMMON_STOCK,NYSE,True,
CLW,CLW,Clearwater Paper Corporation Common Stock,COMMON_STOCK,NYSE,True,
CLWT,CLWT,Euro Tech Holdings Company Limited - Ordinary Shares,COMMON_STOCK,NASDAQ,True,N
CLX,CLX,Clorox Company (The) Common Stock,COMMON_STOCK,NYSE,True,
CLYM,CLYM,"Climb Bio, Inc. - Common Stock",COMMON_STOCK,NASDAQ,True,N
CM,CM,Canadian Imperial Bank of Commerce Common Stock,COMMON_STOCK,NYSE,True,
CMBT,CMBT,CMB.TECH NV Ordinary Shares,COMMON_STOCK,NYSE,True,
CMC,CMC,Commercial Metals Company Common Stock,COMMON_STOCK,NYSE,True,
CMCL,CMCL,Caledonia Mining Corporation Plc Common Shares,COMMON_STOCK,NYSEAMERICAN,True,
CMCO,CMCO,Columbus McKinnon Corporation - Common Stock,COMMON_STOCK,NASDAQ,True,N
CMCSA,CMCSA,Comcast Corporation - Class A Common Stock,COMMON_STOCK,NASDAQ,True,N
CMCT,CMCT,Creative Media  - Common Stock,COMMON_STOCK,NASDAQ,True,N
CMDB,CMDB,Costamare Bulkers Holdings Limited Common Stock,COMMON_STOCK,NYSE,True,
CME,CME,CME Group Inc. - Class A Common Stock,COMMON_STOCK,NASDAQ,True,N
CMG,CMG,"Chipotle Mexican Grill, Inc. Common Stock",COMMON_STOCK,NYSE,True,
CMI,CMI,Cummins Inc. Common Stock,COMMON_STOCK,NYSE,True,
CMII,CMII,Columbus Circle Capital Corp II - Class A Ordinary Shares,COMMON_STOCK,NASDAQ,True,N
CMND,CMND,Clearmind Medicine Inc. - Common Shares,COMMON_STOCK,NASDAQ,True,N
CMP,CMP,Compass Minerals Intl Inc Common Stock,COMMON_STOCK,NYSE,True,
CMPR,CMPR,Cimpress plc - Ordinary Shares,COMMON_STOCK,NASDAQ,True,N
CMPS,CMPS,COMPASS Pathways Plc - American Depository Shares,COMMON_STOCK,NASDAQ,True,N
CMPX,CMPX,"Compass Therapeutics, Inc. - Common Stock",COMMON_STOCK,NASDAQ,True,N
CMRC,CMRC,"Commerce.com, Inc. - Series 1 Common Stock",COMMON_STOCK,NASDAQ,True,N
CMRE,CMRE,Costamare Inc. Common Stock $0.0001 par value,COMMON_STOCK,NYSE,True,
CMS,CMS,CMS Energy Corporation Common Stock,COMMON_STOCK,NYSE,True,
CMT,CMT,Core Molding Technologies Inc Common Stock,COMMON_STOCK,NYSEAMERICAN,True,
CMTG,CMTG,"Claros Mortgage Trust, Inc. Common Stock",COMMON_STOCK,NYSE,True,
CMTL,CMTL,Comtech Telecommunications Corp. - Common Stock,COMMON_STOCK,NASDAQ,True,N
CNA,CNA,CNA Financial Corporation Common Stock,COMMON_STOCK,NYSE,True,
CNC,CNC,Centene Corporation Common Stock,COMMON_STOCK,NYSE,True,
CNCK,CNCK,Coincheck Group N.V. - Ordinary Shares,COMMON_STOCK,NASDAQ,True,N
CNDT,CNDT,Conduent Incorporated - Common Stock,COMMON_STOCK,NASDAQ,True,N
CNET,CNET,ZW Data Action Technologies Inc. - Common Stock,COMMON_STOCK,NASDAQ,False,D
CNEY,CNEY,CN Energy Group Inc. - Class A Ordinary Shares,COMMON_STOCK,NASDAQ,True,N
CNH,CNH,CNH Industrial N.V. Common Shares,COMMON_STOCK,NYSE,True,
CNI,CNI,Canadian National Railway Company Common Stock,COMMON_STOCK,NYSE,True,
CNK,CNK,"Cinemark Holdings Inc Cinemark Holdings, Inc. Common Stock",COMMON_STOCK,NYSE,True,
CNL,CNL,Collective Mining Ltd. Common Shares,COMMON_STOCK,NYSEAMERICAN,True,
CNM,CNM,"Core & Main, Inc. Class A Common Stock",COMMON_STOCK,NYSE,True,
CNMD,CNMD,CONMED Corporation Common Stock,COMMON_STOCK,NYSE,True,
CNNE,CNNE,"Cannae Holdings, Inc. Common Stock",COMMON_STOCK,NYSE,True,
CNO,CNO,"CNO Financial Group, Inc. Common Stock",COMMON_STOCK,NYSE,True,
CNOB,CNOB,"ConnectOne Bancorp, Inc. - Common Stock",COMMON_STOCK,NASDAQ,True,N
CNP,CNP,"CenterPoint Energy, Inc (Holding Co) Common Stock",COMMON_STOCK,NYSE,True,
CNQ,CNQ,Canadian Natural Resources Limited Common Stock,COMMON_STOCK,NYSE,True,
CNR,CNR,"Core Natural Resources, Inc. Common Stock",COMMON_STOCK,NYSE,True,
CNS,CNS,Cohen & Steers Inc Common Stock,COMMON_STOCK,NYSE,True,
CNSP,CNSP,"CNS Pharmaceuticals, Inc. - Common Stock",COMMON_STOCK,NASDAQ,True,N
CNTB,CNTB,Connect Biopharma Holdings Limited - Ordinary Shares,COMMON_STOCK,NASDAQ,True,N
CNTN,CNTN,"Canton Strategic Holdings, Inc. - Common Stock",COMMON_STOCK,NASDAQ,True,N
CNTX,CNTX,Context Therapeutics Inc. - Common Stock,COMMON_STOCK,NASDAQ,True,N
CNTY,CNTY,"Century Casinos, Inc. - Common Stock",COMMON_STOCK,NASDAQ,True,N
CNVS,CNVS,Cineverse Corp. - Class A Common Stock,COMMON_STOCK,NASDAQ,True,N
CNX,CNX,CNX Resources Corporation Common Stock,COMMON_STOCK,NYSE,True,
CNXC,CNXC,Concentrix Corporation - Common Stock,COMMON_STOCK,NASDAQ,True,N
CNXN,CNXN,"PC Connection, Inc. - Common Stock",COMMON_STOCK,NASDAQ,True,N
CNXU,CNXU,Conexeu Sciences Inc. - Common Stock,COMMON_STOCK,NASDAQ,True,N
COAG,COAG,"Hemab Therapeutics Holdings, Inc. - Common Stock",COMMON_STOCK,NASDAQ,True,N
COCH,COCH,"Envoy Medical, Inc. - Class A Common Stock",COMMON_STOCK,NASDAQ,False,D
COCO,COCO,"The Vita Coco Company, Inc. - Common Stock",COMMON_STOCK,NASDAQ,True,N
COCP,COCP,"Cocrystal Pharma, Inc. - Common Stock",COMMON_STOCK,NASDAQ,True,N
CODA,CODA,"Coda Octopus Group, Inc. - Common stock",COMMON_STOCK,NASDAQ,True,N
CODX,CODX,"Co-Diagnostics, Inc. - Common Stock",COMMON_STOCK,NASDAQ,True,N
COF,COF,Capital One Financial Corporation Common Stock,COMMON_STOCK,NYSE,True,
COFS,COFS,"ChoiceOne Financial Services, Inc. - Common Stock",COMMON_STOCK,NASDAQ,True,N
COGT,COGT,"Cogent Biosciences, Inc. - Common Stock",COMMON_STOCK,NASDAQ,True,N
COHN,COHN,Cohen & Company Inc.,COMMON_STOCK,NYSEAMERICAN,True,
COHR,COHR,Coherent Corp. Common Stock,COMMON_STOCK,NYSE,True,
COHU,COHU,"Cohu, Inc. - Common Stock",COMMON_STOCK,NASDAQ,True,N
COIN,COIN,"Coinbase Global, Inc. - Class A Common Stock",COMMON_STOCK,NASDAQ,True,N
COKE,COKE,"Coca-Cola Consolidated, Inc. - Common Stock",COMMON_STOCK,NASDAQ,True,N
COLA,COLA,Columbus Acquisition Corp - Ordinary Shares,COMMON_STOCK,NASDAQ,False,D
COLB,COLB,"Columbia Banking System, Inc. - Common Stock",COMMON_STOCK,NASDAQ,True,N
COLD,COLD,"Americold Realty Trust, Inc. Common Stock",COMMON_STOCK,NYSE,True,
COLL,COLL,"Collegium Pharmaceutical, Inc. - Common Stock",COMMON_STOCK,NASDAQ,True,N
COLM,COLM,Columbia Sportswear Company - Common Stock,COMMON_STOCK,NASDAQ,True,N
COMP,COMP,"Compass, Inc. Class A Common Stock",COMMON_STOCK,NYSE,True,
CON,CON,"Concentra Group Holdings Parent, Inc. Common Stock",COMMON_STOCK,NYSE,True,
COO,COO,"The Cooper Companies, Inc.  - Common Stock",COMMON_STOCK,NASDAQ,True,N
COOK,COOK,"Traeger, Inc. Common Stock",COMMON_STOCK,NYSE,True,
COOT,COOT,Australian Oilseeds Holdings Limited - Ordinary Shares,COMMON_STOCK,NASDAQ,False,D
COP,COP,ConocoPhillips Common Stock,COMMON_STOCK,NYSE,True,
COPL,COPL,Copley Acquisition Corp Ordinary Shares,COMMON_STOCK,NYSE,True,
COPR,COPR,Idaho Copper Corporation Common Stock,COMMON_STOCK,NYSEAMERICAN,True,
COR,COR,"Cencora, Inc. Common Stock",COMMON_STOCK,NYSE,True,
CORT,CORT,Corcept Therapeutics Incorporated - Common Stock,COMMON_STOCK,NASDAQ,True,N
CORZ,CORZ,"Core Scientific, Inc. - Common Stock",COMMON_STOCK,NASDAQ,True,N
COSM,COSM,Cosmos Health Inc. - Common Stock,COMMON_STOCK,NASDAQ,False,D
COSO,COSO,"CoastalSouth Bancshares, Inc. Common Stock",COMMON_STOCK,NYSE,True,
COST,COST,Costco Wholesale Corporation - Common Stock,COMMON_STOCK,NASDAQ,True,N
COTY,COTY,Coty Inc. Class A Common Stock,COMMON_STOCK,NYSE,True,
COUR,COUR,"Coursera, Inc. Common Stock",COMMON_STOCK,NYSE,True,
COYA,COYA,"Coya Therapeutics, Inc. - Common Stock",COMMON_STOCK,NASDAQ,True,N
CP,CP,Canadian Pacific Kansas City Limited Common Shares,COMMON_STOCK,NYSE,True,
CPA,CPA,"Copa Holdings, S.A. Class A Common Stock",COMMON_STOCK,NYSE,True,
CPAY,CPAY,"Corpay, Inc. Common Stock",COMMON_STOCK,NYSE,True,
CPB,CPB,The Campbell's Company - Common Stock,COMMON_STOCK,NASDAQ,True,N
CPBI,CPBI,"Central Plains Bancshares, Inc. - Common Stock",COMMON_STOCK,NASDAQ,True,N
CPF,CPF,Central Pacific Financial Corp New,COMMON_STOCK,NYSE,True,
CPHC,CPHC,Canterbury Park Holding Corporation - Common Stock,COMMON_STOCK,NASDAQ,True,N
CPHI,CPHI,"China Pharma Holdings, Inc. Common Stock",COMMON_STOCK,NYSEAMERICAN,True,
CPIX,CPIX,Cumberland Pharmaceuticals Inc. - Common Stock,COMMON_STOCK,NASDAQ,True,N
CPK,CPK,Chesapeake Utilities Corporation Common Stock,COMMON_STOCK,NYSE,True,
CPNG,CPNG,"Coupang, Inc. Class A Common Stock",COMMON_STOCK,NYSE,True,
CPOP,CPOP,"Pop Culture Group Co., Ltd - Class A Ordinary Shares",COMMON_STOCK,NASDAQ,False,D
CPRI,CPRI,Capri Holdings Limited Ordinary Shares,COMMON_STOCK,NYSE,True,
CPRT,CPRT,"Copart, Inc. - Common Stock",COMMON_STOCK,NASDAQ,True,N
CPRX,CPRX,"Catalyst Pharmaceuticals, Inc. - Common Stock",COMMON_STOCK,NASDAQ,True,N
CPS,CPS,Cooper-Standard Holdings Inc. Common Stock,COMMON_STOCK,NYSE,True,
CPSH,CPSH,CPS Technologies Corp. - Common Stock,COMMON_STOCK,NASDAQ,True,N
CPSS,CPSS,"Consumer Portfolio Services, Inc. - Common Stock",COMMON_STOCK,NASDAQ,True,N
CPT,CPT,Camden Property Trust Common Stock,COMMON_STOCK,NYSE,True,
CR,CR,Crane Company Common Stock,COMMON_STOCK,NYSE,True,
CRAC,CRAC,Crown Reserve Acquisition Corp. I - Class A Ordinary Shares,COMMON_STOCK,NASDAQ,True,N
CRAI,CRAI,"CRA International,Inc. - Common Stock",COMMON_STOCK,NASDAQ,True,N
CRAN,CRAN,Crane Harbor Acquisition Corp. II - Class A Ordinary Shares,COMMON_STOCK,NASDAQ,True,N
CRAQ,CRAQ,Cal Redwood Acquisition Corp. - Class A Ordinary Shares,COMMON_STOCK,NASDAQ,True,N
CRBG,CRBG,Corebridge Financial Inc. Common Stock,COMMON_STOCK,NYSE,True,
CRBP,CRBP,"Corbus Pharmaceuticals Holdings, Inc. - Common Stock",COMMON_STOCK,NASDAQ,True,N
CRBU,CRBU,"Caribou Biosciences, Inc. - Common Stock",COMMON_STOCK,NASDAQ,True,N
CRC,CRC,California Resources Corporation Common Stock,COMMON_STOCK,NYSE,True,
CRCL,CRCL,"Circle Internet Group, Inc. Class A Common Stock",COMMON_STOCK,NYSE,True,
CRCT,CRCT,"Cricut, Inc. - Class A common stock",COMMON_STOCK,NASDAQ,True,N
CRD.A,CRD-A,Crawford & Company Common Stock,COMMON_STOCK,NYSE,True,
CRD.B,CRD-B,Crawford & Company Common Stock,COMMON_STOCK,NYSE,True,
CRDF,CRDF,"Cardiff Oncology, Inc. - Common Stock",COMMON_STOCK,NASDAQ,True,N
CRDL,CRDL,Cardiol Therapeutics Inc. - Class A Common Shares,COMMON_STOCK,NASDAQ,True,N
CRDO,CRDO,Credo Technology Group Holding Ltd - Ordinary Shares,COMMON_STOCK,NASDAQ,True,N
CRE,CRE,Cre8 Enterprise Limited - Class A Ordinary Shares,COMMON_STOCK,NASDAQ,True,N
CREG,CREG,Smart Powerr Corp. - Common Stock,COMMON_STOCK,NASDAQ,False,D
CREX,CREX,"Creative Realities, Inc. - Common Stock",COMMON_STOCK,NASDAQ,True,N
CRGO,CRGO,Freightos Limited - Ordinary shares,COMMON_STOCK,NASDAQ,True,N
CRGY,CRGY,Crescent Energy Company Class A Common Stock,COMMON_STOCK,NYSE,True,
CRH,CRH,CRH PLC Ordinary Shares,COMMON_STOCK,NYSE,True,
CRI,CRI,"Carter's, Inc. Common Stock",COMMON_STOCK,NYSE,True,
CRIS,CRIS,"Curis, Inc. - Common Stock",COMMON_STOCK,NASDAQ,False,D
CRK,CRK,"Comstock Resources, Inc. Common Stock",COMMON_STOCK,NYSE,True,
CRL,CRL,"Charles River Laboratories International, Inc. Common Stock",COMMON_STOCK,NYSE,True,
CRM,CRM,"Salesforce, Inc. Common Stock",COMMON_STOCK,NYSE,True,
CRMD,CRMD,CorMedix Inc. - Common Stock,COMMON_STOCK,NASDAQ,True,N
CRML,CRML,Critical Metals Corp. - Ordinary Shares,COMMON_STOCK,NASDAQ,True,N
CRMT,CRMT,"America's Car-Mart, Inc. - Common Stock",COMMON_STOCK,NASDAQ,True,N
CRNC,CRNC,Cerence Inc. - Common Stock,COMMON_STOCK,NASDAQ,True,N
CRNT,CRNT,Ceragon Networks Ltd. - Ordinary Shares,COMMON_STOCK,NASDAQ,True,N
CRNX,CRNX,"Crinetics Pharmaceuticals, Inc. - Common Stock",COMMON_STOCK,NASDAQ,True,N
CRON,CRON,Cronos Group Inc. - Common Share,COMMON_STOCK,NASDAQ,True,N
CROX,CROX,"Crocs, Inc. - Common Stock",COMMON_STOCK,NASDAQ,True,N
CRS,CRS,Carpenter Technology Corporation Common Stock,COMMON_STOCK,NYSE,True,
CRSP,CRSP,CRISPR Therapeutics AG - Common Shares,COMMON_STOCK,NASDAQ,True,N
CRSR,CRSR,"Corsair Gaming, Inc. - Common Stock",COMMON_STOCK,NASDAQ,True,N
CRT,CRT,Cross Timbers Royalty Trust Common Stock,COMMON_STOCK,NYSE,True,
CRUS,CRUS,"Cirrus Logic, Inc. - Common Stock",COMMON_STOCK,NASDAQ,True,N
CRVL,CRVL,CorVel Corp. - Common Stock,COMMON_STOCK,NASDAQ,True,N
CRVO,CRVO,CervoMed Inc. - Common Stock,COMMON_STOCK,NASDAQ,True,N
CRVS,CRVS,"Corvus Pharmaceuticals, Inc. - Common Stock",COMMON_STOCK,NASDAQ,True,N
CRWD,CRWD,"CrowdStrike Holdings, Inc. - Class A Common Stock",COMMON_STOCK,NASDAQ,True,N
CRWS,CRWS,"Crown Crafts, Inc. - Common Stock",COMMON_STOCK,NASDAQ,True,N
CRWV,CRWV,"CoreWeave, Inc. - Class A Common Stock",COMMON_STOCK,NASDAQ,True,N
CSAI,CSAI,"Cloudastructure, Inc. - Class A Common Stock",COMMON_STOCK,NASDAQ,False,H
CSAN,CSAN,Cosan S.A. ADS,COMMON_STOCK,NYSE,True,
CSBR,CSBR,"Champions Oncology, Inc. - Common Stock",COMMON_STOCK,NASDAQ,True,N
CSCO,CSCO,"Cisco Systems, Inc. - Common Stock",COMMON_STOCK,NASDAQ,True,N
CSGP,CSGP,"CoStar Group, Inc. - Common Stock",COMMON_STOCK,NASDAQ,True,N
CSHR,CSHR,CoinShares PLC - Ordinary Shares,COMMON_STOCK,NASDAQ,True,N
CSIQ,CSIQ,Canadian Solar Inc. - Common Shares,COMMON_STOCK,NASDAQ,True,N
CSL,CSL,Carlisle Companies Incorporated Common Stock,COMMON_STOCK,NYSE,True,
CSPI,CSPI,CSP Inc. - Common Stock,COMMON_STOCK,NASDAQ,True,N
CSR,CSR,D/B/A Centerspace Common Stock,COMMON_STOCK,NYSE,True,
CSTE,CSTE,Caesarstone Ltd. - Ordinary Shares,COMMON_STOCK,NASDAQ,True,N
CSTL,CSTL,"Castle Biosciences, Inc. - Common stock",COMMON_STOCK,NASDAQ,True,N
CSTM,CSTM,Constellium SE Ordinary Shares (France),COMMON_STOCK,NYSE,True,
CSV,CSV,"Carriage Services, Inc. Common Stock",COMMON_STOCK,NYSE,True,
CSW,CSW,"CSW Industrials, Inc. Common Stock",COMMON_STOCK,NYSE,True,
CSWC,CSWC,Capital Southwest Corporation - Common Stock,COMMON_STOCK,NASDAQ,True,N
CSX,CSX,CSX Corporation - Common Stock,COMMON_STOCK,NASDAQ,True,N
CTAA,CTAA,ClearThink 1 Acquisition Corp. - Class A Ordinary Shares,COMMON_STOCK,NASDAQ,True,N
CTAS,CTAS,Cintas Corporation - Common Stock,COMMON_STOCK,NASDAQ,True,N
CTEV,CTEV,Claritev Corporation Class A Common Stock,COMMON_STOCK,NYSE,True,
CTGO,CTGO,Contango Silver & Gold Inc. Common Stock,COMMON_STOCK,NYSEAMERICAN,True,
CTKB,CTKB,"Cytek Biosciences, Inc. - Common Stock",COMMON_STOCK,NASDAQ,True,N
CTM,CTM,"Castellum, Inc. Common Stock",COMMON_STOCK,NYSEAMERICAN,True,
CTMX,CTMX,"CytomX Therapeutics, Inc. - Common Stock",COMMON_STOCK,NASDAQ,True,N
CTNM,CTNM,"Contineum Therapeutics, Inc. - Common stock",COMMON_STOCK,NASDAQ,True,N
CTNT,CTNT,Cheetah Net Supply Chain Service Inc. - Class A Common Stock,COMMON_STOCK,NASDAQ,True,N
CTO,CTO,"CTO Realty Growth, Inc. Common Stock",COMMON_STOCK,NYSE,True,
CTOR,CTOR,"Citius Oncology, Inc.  - Common Stock",COMMON_STOCK,NASDAQ,False,D
CTOS,CTOS,"Custom Truck One Source, Inc. Common Stock",COMMON_STOCK,NYSE,True,
CTRE,CTRE,"CareTrust REIT, Inc. Common Stock",COMMON_STOCK,NYSE,True,
CTRI,CTRI,"Centuri Holdings, Inc. Common Stock",COMMON_STOCK,NYSE,True,
CTRM,CTRM,Castor Maritime Inc. - Common Shares,COMMON_STOCK,NASDAQ,True,N
CTRN,CTRN,"Citi Trends, Inc. - Common Stock",COMMON_STOCK,NASDAQ,True,N
CTS,CTS,CTS Corporation Common Stock,COMMON_STOCK,NYSE,True,
CTSH,CTSH,Cognizant Technology Solutions Corporation - Class A Common Stock,COMMON_STOCK,NASDAQ,True,N
CTSO,CTSO,Cytosorbents Corporation - Common Stock,COMMON_STOCK,NASDAQ,False,D
CTVA,CTVA,"Corteva, Inc. Common Stock",COMMON_STOCK,NYSE,True,
CTW,CTW,CTW - Class A Ordinary Shares,COMMON_STOCK,NASDAQ,True,N
CTXR,CTXR,"Citius Pharmaceuticals, Inc. - Common Stock",COMMON_STOCK,NASDAQ,False,D
CUB,CUB,Lionheart Holdings - Class A Ordinary Shares,COMMON_STOCK,NASDAQ,True,N
CUBE,CUBE,CubeSmart Common Shares,COMMON_STOCK,NYSE,True,
CUBI,CUBI,"Customers Bancorp, Inc Common Stock",COMMON_STOCK,NYSE,True,
CUE,CUE,"Cue Biopharma, Inc. - Common Stock",COMMON_STOCK,NASDAQ,True,N
CULP,CULP,"Culp, Inc. - Common Shares",COMMON_STOCK,NASDAQ,True,N
CUPR,CUPR,Cuprina Holdings (Cayman) Limited - Class A Ordinary shares,COMMON_STOCK,NASDAQ,True,N
CURB,CURB,Curbline Properties Corp. Common Stock,COMMON_STOCK,NYSE,True,
CURI,CURI,CuriosityStream Inc.  - Class A Common Stock,COMMON_STOCK,NASDAQ,True,N
CURR,CURR,Currenc Group Inc. - Ordinary Shares,COMMON_STOCK,NASDAQ,True,N
CURV,CURV,Torrid Holdings Inc. Common Stock,COMMON_STOCK,NYSE,True,
CURX,CURX,Curanex Pharmaceuticals Inc - Common Stock,COMMON_STOCK,NASDAQ,False,D
CUZ,CUZ,Cousins Properties Incorporated Common Stock,COMMON_STOCK,NYSE,True,
CV,CV,"CapsoVision, Inc. - Common Stock",COMMON_STOCK,NASDAQ,True,N
CVBF,CVBF,CVB Financial Corporation - Common Stock,COMMON_STOCK,NASDAQ,True,N
CVCO,CVCO,"Cavco Industries, Inc. - Common Stock",COMMON_STOCK,NASDAQ,True,N
CVE,CVE,Cenovus Energy Inc Common Stock,COMMON_STOCK,NYSE,True,
CVEO,CVEO,Civeo Corporation (Canada) Common Shares,COMMON_STOCK,NYSE,True,
CVGI,CVGI,"Commercial Vehicle Group, Inc. - Common Stock",COMMON_STOCK,NASDAQ,True,N
CVI,CVI,CVR Energy Inc. Common Stock,COMMON_STOCK,NYSE,True,
CVKD,CVKD,"Cadrenal Therapeutics, Inc. - Common Stock",COMMON_STOCK,NASDAQ,True,N
CVLG,CVLG,"Covenant Logistics Group, Inc. Class A Common Stock",COMMON_STOCK,NYSE,True,
CVLT,CVLT,"Commvault Systems, Inc. - Common Stock",COMMON_STOCK,NASDAQ,True,N
CVM,CVM,Cel-Sci Corporation Common Stock,COMMON_STOCK,NYSEAMERICAN,True,
CVNA,CVNA,Carvana Co. Class A Common Stock,COMMON_STOCK,NYSE,True,
CVR,CVR,Chicago Rivet & Machine Co. Common Stock,COMMON_STOCK,NYSEAMERICAN,True,
CVRX,CVRX,"CVRx, Inc. - Common Stock",COMMON_STOCK,NASDAQ,True,N
CVS,CVS,CVS Health Corporation Common Stock,COMMON_STOCK,NYSE,True,
CVSA,CVSA,Covista Inc. Common Shares,COMMON_STOCK,NYSE,True,
CVU,CVU,"CPI Aerostructures, Inc. Common Stock",COMMON_STOCK,NYSEAMERICAN,True,
CVV,CVV,CVD Equipment Corporation - Common Stock,COMMON_STOCK,NASDAQ,True,N
CVX,CVX,Chevron Corporation Common Stock,COMMON_STOCK,NYSE,True,
CWCO,CWCO,Consolidated Water Co. Ltd. - Ordinary Shares,COMMON_STOCK,NASDAQ,True,N
CWD,CWD,CaliberCos Inc. - Class A Common Stock,COMMON_STOCK,NASDAQ,True,N
CWEN,CWEN,"Clearway Energy, Inc. Class C Common Stock",COMMON_STOCK,NYSE,True,
CWH,CWH,"Camping World Holdings, Inc. Class A Common Stock",COMMON_STOCK,NYSE,True,
CWK,CWK,Cushman & Wakefield Ltd. Common Shares,COMMON_STOCK,NYSE,True,
CWST,CWST,"Casella Waste Systems, Inc. - Class A Common Stock",COMMON_STOCK,NASDAQ,True,N
CWT,CWT,California Water Service Group Common Stock,COMMON_STOCK,NYSE,True,
CX,CX,"Cemex, S.A.B. de C.V. Sponsored ADR",COMMON_STOCK,NYSE,True,
CXAI,CXAI,CXApp Inc. - Class A Common Stock,COMMON_STOCK,NASDAQ,False,D
CXDO,CXDO,"Crexendo, Inc. - Common Stock",COMMON_STOCK,NASDAQ,True,N
CXII,CXII,Churchill Capital Corp XII - Class A Ordinary Shares,COMMON_STOCK,NASDAQ,True,N
CXM,CXM,"Sprinklr, Inc. Class A Common Stock",COMMON_STOCK,NYSE,True,
CXT,CXT,"Crane NXT, Co. Common Stock",COMMON_STOCK,NYSE,True,
CXW,CXW,"CoreCivic, Inc. Common Stock",COMMON_STOCK,NYSE,True,
CYAB,CYAB,"Cyabra, Inc. - Common Stock",COMMON_STOCK,NASDAQ,False,D
CYCN,CYCN,"Cyclerion Therapeutics, Inc. - Common Stock",COMMON_STOCK,NASDAQ,True,N
CYCU,CYCU,"Cycurion, Inc. - Common Stock",COMMON_STOCK,NASDAQ,True,N
CYD,CYD,China Yuchai International Limited Common Stock,COMMON_STOCK,NYSE,True,
CYN,CYN,Cyngn Inc. - Common stock,COMMON_STOCK,NASDAQ,True,N
CYPH,CYPH,Cypherpunk Technologies Inc. - Common Stock,COMMON_STOCK,NASDAQ,True,N
CYRX,CYRX,"CryoPort, Inc. - Common Stock",COMMON_STOCK,NASDAQ,True,N
CYTK,CYTK,"Cytokinetics, Incorporated - Common Stock",COMMON_STOCK,NASDAQ,True,N
CZFS,CZFS,"Citizens Financial Services, Inc. - Common Stock",COMMON_STOCK,NASDAQ,True,N
CZNC,CZNC,Citizens & Northern Corp - Common Stock,COMMON_STOCK,NASDAQ,True,N
CZR,CZR,"Caesars Entertainment, Inc. - Common Stock",COMMON_STOCK,NASDAQ,True,N
D,D,"Dominion Energy, Inc. Common Stock",COMMON_STOCK,NYSE,True,
DAAQ,DAAQ,Digital Asset Acquisition Corp. - Class A Ordinary shares,COMMON_STOCK,NASDAQ,True,N
DAC,DAC,Danaos Corporation Common Stock,COMMON_STOCK,NYSE,True,
DAIC,DAIC,"CID HoldCo, Inc. - Common Stock",COMMON_STOCK,NASDAQ,False,D
DAIO,DAIO,Data I/O Corporation - Common Stock,COMMON_STOCK,NASDAQ,True,N
DAKT,DAKT,"Daktronics, Inc. - Common Stock",COMMON_STOCK,NASDAQ,True,N
DAL,DAL,"Delta Air Lines, Inc. Common Stock",COMMON_STOCK,NYSE,True,
DAN,DAN,Dana Incorporated Common Stock,COMMON_STOCK,NYSE,True,
DAR,DAR,Darling Ingredients Inc. Common Stock,COMMON_STOCK,NYSE,True,
DARE,DARE,"Dare Bioscience, Inc. - Common Stock",COMMON_STOCK,NASDAQ,True,N
DASH,DASH,"DoorDash, Inc. - Common Stock",COMMON_STOCK,NASDAQ,True,N
DAVE,DAVE,Dave Inc.  - Class A Common Stock,COMMON_STOCK,NASDAQ,True,N
DB,DB,Deutsche Bank AG Common Stock,COMMON_STOCK,NYSE,True,
DBCA,DBCA,D. Boral Acquisition I Corp. - Class A Ordinary Shares,COMMON_STOCK,NASDAQ,True,N
DBD,DBD,Diebold Nixdorf Incorporated Common stock,COMMON_STOCK,NYSE,True,
DBGI,DBGI,"Digital Brands Group, Inc. - Common Stock",COMMON_STOCK,NASDAQ,True,N
DBI,DBI,Designer Brands Inc. Class A Common Stock,COMMON_STOCK,NYSE,True,
DBRG,DBRG,"DigitalBridge Group, Inc.",COMMON_STOCK,NYSE,True,
DBRG$H,DBRG-PH,"DigitalBridge Group, Inc. 7.125% Series H",COMMON_STOCK,NYSE,True,
DBRG$I,DBRG-PI,"DigitalBridge Group, Inc. 7.15% Series I",COMMON_STOCK,NYSE,True,
DBRG$J,DBRG-PJ,"DigitalBridge Group, Inc. 7.125% Series J",COMMON_STOCK,NYSE,True,
DBX,DBX,"Dropbox, Inc. - Class A Common Stock",COMMON_STOCK,NASDAQ,True,N
DC,DC,Dakota Gold Corp. Common Stock,COMMON_STOCK,NYSEAMERICAN,True,
DCBO,DCBO,Docebo Inc. - Common Shares,COMMON_STOCK,NASDAQ,True,N
DCGO,DCGO,DocGo Inc. - Common Stock,COMMON_STOCK,NASDAQ,False,D
DCH,DCH,Dauch Corporation Common Stock,COMMON_STOCK,NYSE,True,
DCI,DCI,"Donaldson Company, Inc. Common Stock",COMMON_STOCK,NYSE,True,
DCO,DCO,Ducommun Incorporated Common Stock,COMMON_STOCK,NYSE,True,
DCOM,DCOM,"Dime Commercial Bancshares, Inc. Common Stock",COMMON_STOCK,NYSE,True,
DCOY,DCOY,Decoy Therapeutics Inc. - Common Stock,COMMON_STOCK,NASDAQ,True,N
DCTH,DCTH,"Delcath Systems, Inc. - Common Stock",COMMON_STOCK,NASDAQ,True,N
DCX,DCX,Digital Currency X Technology Inc. - Class A Ordinary Shares,COMMON_STOCK,NASDAQ,True,N
DD,DD,"DuPont de Nemours, Inc. Common Stock",COMMON_STOCK,NYSE,True,
DDC,DDC,DDC Enterprise Limited Class A Ordinary Shares,COMMON_STOCK,NYSEAMERICAN,True,
DDD,DDD,3D Systems Corporation Common Stock,COMMON_STOCK,NYSE,True,
DDI,DDI,"DoubleDown Interactive Co., Ltd. - American Depository Shares",COMMON_STOCK,NASDAQ,True,N
DDOG,DDOG,"Datadog, Inc. - Class A Common Stock",COMMON_STOCK,NASDAQ,True,N
DDS,DDS,"Dillard's, Inc. Common Stock",COMMON_STOCK,NYSE,True,
DDT,DDT,Dillard's Capital Trust I,COMMON_STOCK,NYSE,True,
DE,DE,Deere & Company Common Stock,COMMON_STOCK,NYSE,True,
DEA,DEA,"Easterly Government Properties, Inc. Common Stock",COMMON_STOCK,NYSE,True,
DEC,DEC,Diversified Energy Company Common Stock,COMMON_STOCK,NYSE,True,
DECK,DECK,Deckers Outdoor Corporation Common Stock,COMMON_STOCK,NYSE,True,
DEFT,DEFT,"Defi Technologies, Inc. - Common Stock",COMMON_STOCK,NASDAQ,False,D
DEI,DEI,"Douglas Emmett, Inc. Common Stock",COMMON_STOCK,NYSE,True,
DELL,DELL,Dell Technologies Inc. Class C Common Stock,COMMON_STOCK,NYSE,True,
DEO,DEO,Diageo plc Common Stock,COMMON_STOCK,NYSE,True,
DERM,DERM,Journey Medical Corporation - Common Stock,COMMON_STOCK,NASDAQ,True,N
DETX,DETX,"Liberty Defense Holdings, Ltd. - Common Shares",COMMON_STOCK,NASDAQ,True,N
DFDV,DFDV,DeFi Development Corp. - Common Stock,COMMON_STOCK,NASDAQ,True,N
DFH,DFH,"Dream Finders Homes, Inc. Class A Common Stock",COMMON_STOCK,NYSE,True,
DFIN,DFIN,"Donnelley Financial Solutions, Inc. Common Stock",COMMON_STOCK,NYSE,True,
DFLI,DFLI,Dragonfly Energy Holdings Corp - Common Stock,COMMON_STOCK,NASDAQ,True,N
DFNS,DFNS,T3 Defense Inc. - Common Stock,COMMON_STOCK,NASDAQ,False,D
DFSC,DFSC,"DEFSEC Technologies Inc. - common stock, no R/S concurrent with offering",COMMON_STOCK,NASDAQ,True,N
DFTX,DFTX,"Definium Therapeutics, Inc.  - Common Shares",COMMON_STOCK,NASDAQ,True,N
DG,DG,Dollar General Corporation Common Stock,COMMON_STOCK,NYSE,True,
DGICA,DGICA,"Donegal Group, Inc. - Class A Common Stock",COMMON_STOCK,NASDAQ,True,N
DGICB,DGICB,"Donegal Group, Inc. - Class B Common Stock",COMMON_STOCK,NASDAQ,True,N
DGII,DGII,Digi International Inc. - Common Stock,COMMON_STOCK,NASDAQ,True,N
DGNX,DGNX,Diginex Limited - Ordinary Shares,COMMON_STOCK,NASDAQ,False,D
DGX,DGX,Quest Diagnostics Incorporated Common Stock,COMMON_STOCK,NYSE,True,
DGXX,DGXX,Digi Power X Inc. - Common Subordinate Voting Shares,COMMON_STOCK,NASDAQ,True,N
DH,DH,Definitive Healthcare Corp. - Class A Common Stock,COMMON_STOCK,NASDAQ,False,D
DHI,DHI,"D.R. Horton, Inc. Common Stock",COMMON_STOCK,NYSE,True,
DHR,DHR,Danaher Corporation Common Stock,COMMON_STOCK,NYSE,True,
DHT,DHT,"DHT Holdings, Inc.",COMMON_STOCK,NYSE,True,
DHX,DHX,"DHI Group, Inc. Common Stock",COMMON_STOCK,NYSE,True,
DIBS,DIBS,"1stdibs.com, Inc. - Common Stock",COMMON_STOCK,NASDAQ,True,N
DIN,DIN,"Dine Brands Global, Inc. Common Stock",COMMON_STOCK,NYSE,True,
DINO,DINO,HF Sinclair Corporation Common Stock,COMMON_STOCK,NYSE,True,
DIOD,DIOD,Diodes Incorporated - Common Stock,COMMON_STOCK,NASDAQ,True,N
DIS,DIS,Walt Disney Company (The) Common Stock,COMMON_STOCK,NYSE,True,
DIT,DIT,AMCON Distributing Company Common Stock,COMMON_STOCK,NYSEAMERICAN,True,
DJCO,DJCO,Daily Journal Corp. (S.C.) - Common Stock,COMMON_STOCK,NASDAQ,True,N
DJT,DJT,Trump Media & Technology Group Corp. - Common Stock,COMMON_STOCK,NASDAQ,True,N
DK,DK,"Delek US Holdings, Inc. Common Stock",COMMON_STOCK,NYSE,True,
DKI,DKI,DarkIris Inc. - Class A Ordinary Shares,COMMON_STOCK,NASDAQ,True,N
DKNG,DKNG,DraftKings Inc. - Class A Common Stock,COMMON_STOCK,NASDAQ,True,N
DKS,DKS,Dick's Sporting Goods Inc Common Stock,COMMON_STOCK,NYSE,True,
DLB,DLB,Dolby Laboratories Common Stock,COMMON_STOCK,NYSE,True,
DLHC,DLHC,DLH Holdings Corp. - Common Stock,COMMON_STOCK,NASDAQ,True,N
DLO,DLO,DLocal Limited - Class A Common Shares,COMMON_STOCK,NASDAQ,True,N
DLPN,DLPN,"Dolphin Entertainment, Inc. - Common Stock",COMMON_STOCK,NASDAQ,True,N
DLR,DLR,"Digital Realty Trust, Inc. Common Stock",COMMON_STOCK,NYSE,True,
DLTH,DLTH,Duluth Holdings Inc. - Class B Common Stock,COMMON_STOCK,NASDAQ,True,N
DLTR,DLTR,"Dollar Tree, Inc. - Common Stock",COMMON_STOCK,NASDAQ,True,N
DLX,DLX,Deluxe Corporation Common Stock,COMMON_STOCK,NYSE,True,
DLXY,DLXY,Delixy Holdings Limited - Class A Ordinary Shares,COMMON_STOCK,NASDAQ,False,D
DMAA,DMAA,Drugs Made In America Acquisition Corp. - Ordinary Shares,COMMON_STOCK,NASDAQ,True,N
DMAC,DMAC,DiaMedica Therapeutics Inc. - Common Stock,COMMON_STOCK,NASDAQ,True,N
DMC,DMC,Del Monte Corporation Ordinary Shares,COMMON_STOCK,NYSE,True,
DMII,DMII,Drugs Made In America Acquisition II Corp. - Ordinary Shares,COMMON_STOCK,NASDAQ,True,N
DMRA,DMRA,"Damora Therapeutics, Inc. - Common Stock",COMMON_STOCK,NASDAQ,True,N
DMRC,DMRC,Digimarc Corporation - Common Stock,COMMON_STOCK,NASDAQ,True,N
DNA,DNA,"Ginkgo Bioworks Holdings, Inc. Class A Common Stock",COMMON_STOCK,NYSE,True,
DNLI,DNLI,Denali Therapeutics Inc. - Common Stock,COMMON_STOCK,NASDAQ,True,N
DNMX,DNMX,Dynamix Corporation III - Class A Ordinary Shares,COMMON_STOCK,NASDAQ,True,N
DNN,DNN,Denison Mines Corp Ordinary Shares (Canada),COMMON_STOCK,NYSEAMERICAN,True,
DNOW,DNOW,DNOW Inc. Common Stock,COMMON_STOCK,NYSE,True,
DNTH,DNTH,"Dianthus Therapeutics, Inc. - Common Stock",COMMON_STOCK,NASDAQ,True,N
DNUT,DNUT,"Krispy Kreme, Inc. - Common Stock",COMMON_STOCK,NASDAQ,True,N
DOC,DOC,"Healthpeak Properties, Inc. Common Stock",COMMON_STOCK,NYSE,True,
DOCN,DOCN,"DigitalOcean Holdings, Inc. Common Stock",COMMON_STOCK,NYSE,True,
DOCS,DOCS,"Doximity, Inc. Class A Common Stock",COMMON_STOCK,NYSE,True,
DOCU,DOCU,"DocuSign, Inc. - Common Stock",COMMON_STOCK,NASDAQ,True,N
DOGZ,DOGZ,Dogness (International) Corporation - Class A Common Stock,COMMON_STOCK,NASDAQ,True,N
DOLE,DOLE,Dole plc Ordinary Shares,COMMON_STOCK,NYSE,True,
DOMH,DOMH,Dominari Holdings Inc. - Common Stock,COMMON_STOCK,NASDAQ,True,N
DOMO,DOMO,"Domo, Inc. - Class B Common Stock",COMMON_STOCK,NASDAQ,True,N
DOO,DOO,BRP Inc. - Common Subordinate Voting Shares,COMMON_STOCK,NASDAQ,True,N
DORM,DORM,"Dorman Products, Inc. - Common Stock",COMMON_STOCK,NASDAQ,True,N
DOUG,DOUG,Douglas Elliman Inc. Common Stock,COMMON_STOCK,NYSE,True,
DOV,DOV,Dover Corporation Common Stock,COMMON_STOCK,NYSE,True,
DOW,DOW,Dow Inc. Common Stock,COMMON_STOCK,NYSE,True,
DOX,DOX,Amdocs Limited - Ordinary Shares,COMMON_STOCK,NASDAQ,True,N
DPC,DPC,DPC Holdings PLC Ordinary Shares,COMMON_STOCK,NYSE,True,
DPRO,DPRO,Draganfly Inc. - Common Shares,COMMON_STOCK,NASDAQ,True,N
DPZ,DPZ,Domino's Pizza Inc - Common Stock,COMMON_STOCK,NASDAQ,True,N
DRCT,DRCT,"Direct Digital Holdings, Inc. - Class A Common Stock",COMMON_STOCK,NASDAQ,False,D
DRDB,DRDB,Roman DBDR Acquisition Corp. II - Ordinary shares,COMMON_STOCK,NASDAQ,True,N
DRH,DRH,Diamondrock Hospitality Company - Common Stock,COMMON_STOCK,NASDAQ,True,N
DRI,DRI,"Darden Restaurants, Inc. Common Stock",COMMON_STOCK,NYSE,True,
DRIO,DRIO,DarioHealth Corp. - Common Stock,COMMON_STOCK,NASDAQ,True,N
DRMA,DRMA,"Dermata Therapeutics, Inc. - Common Stock",COMMON_STOCK,NASDAQ,True,N
DRS,DRS,"Leonardo DRS, Inc. - Common Stock",COMMON_STOCK,NASDAQ,True,N
DRTS,DRTS,Alpha Tau Medical Ltd. - Ordinary Shares,COMMON_STOCK,NASDAQ,True,N
DRVN,DRVN,Driven Brands Holdings Inc. - Common Stock,COMMON_STOCK,NASDAQ,True,N
DSAC,DSAC,Daedalus Special Acquisition Corp. - Class A Ordinary Shares,COMMON_STOCK,NASDAQ,True,N
DSGN,DSGN,"Design Therapeutics, Inc. - Common Stock",COMMON_STOCK,NASDAQ,True,N
DSGR,DSGR,"Distribution Solutions Group, Inc. - Common Stock",COMMON_STOCK,NASDAQ,True,N
DSGX,DSGX,The Descartes Systems Group Inc. - Common Stock,COMMON_STOCK,NASDAQ,True,N
DSP,DSP,Viant Technology Inc. - common stock,COMMON_STOCK,NASDAQ,True,N
DSS,DSS,"DSS, Inc. Common Stock",COMMON_STOCK,NYSEAMERICAN,True,
DSWL,DSWL,"Deswell Industries, Inc. - Common Shares",COMMON_STOCK,NASDAQ,True,N
DSX,DSX,Diana Shipping inc. common stock,COMMON_STOCK,NYSE,True,
DSY,DSY,Big Tree Cloud Holdings Limited - Class A Ordinary Shares,COMMON_STOCK,NASDAQ,True,N
DT,DT,"Dynatrace, Inc. Common Stock",COMMON_STOCK,NYSE,True,
DTCX,DTCX,"Datacentrex, Inc. - Common Stock",COMMON_STOCK,NASDAQ,True,N
DTE,DTE,DTE Energy Company Common Stock,COMMON_STOCK,NYSE,True,
DTI,DTI,Drilling Tools International Corporation  - Common Stock,COMMON_STOCK,NASDAQ,True,N
DTIL,DTIL,"Precision BioSciences, Inc. - Common Stock",COMMON_STOCK,NASDAQ,True,N
DTM,DTM,"DT Midstream, Inc. Common Stock",COMMON_STOCK,NYSE,True,
DTSQ,DTSQ,DT Cloud Star Acquisition Corporation - Ordinary Shares,COMMON_STOCK,NASDAQ,False,D
DTSS,DTSS,Datasea Intelligent Technology Ltd. - Class A Ordinary Shares,COMMON_STOCK,NASDAQ,False,D
DTST,DTST,Data Storage Corporation - Common Stock,COMMON_STOCK,NASDAQ,True,N
DUK,DUK,Duke Energy Corporation (Holding Company) Common Stock,COMMON_STOCK,NYSE,True,
DUKR,DUKR,DUKE Robotics Corp. - Common Stock,COMMON_STOCK,NASDAQ,True,N
DUO,DUO,Fangdd Network Group Ltd. - Class A Ordinary Shares,COMMON_STOCK,NASDAQ,True,N
DUOL,DUOL,"Duolingo, Inc. - Class A Common Stock",COMMON_STOCK,NASDAQ,True,N
DUOT,DUOT,"Duos Technologies Group, Inc. - Common Stock",COMMON_STOCK,NASDAQ,True,N
DV,DV,"DoubleVerify Holdings, Inc. Common Stock",COMMON_STOCK,NYSE,True,
DVA,DVA,DaVita Inc. Common Stock,COMMON_STOCK,NYSE,True,
DVLT,DVLT,Datavault AI Inc. - Common Stock,COMMON_STOCK,NASDAQ,False,D
DVN,DVN,Devon Energy Corporation Common Stock,COMMON_STOCK,NYSE,True,
DWSN,DWSN,Dawson Geophysical Company - Common Stock,COMMON_STOCK,NASDAQ,True,N
DWTX,DWTX,"Dogwood Therapeutics, Inc.  - Common Stock",COMMON_STOCK,NASDAQ,True,N
DX,DX,"Dynex Capital, Inc. Common Stock",COMMON_STOCK,NYSE,True,
DXC,DXC,DXC Technology Company Common Stock,COMMON_STOCK,NYSE,True,
DXCM,DXCM,"DexCom, Inc. - Common Stock",COMMON_STOCK,NASDAQ,True,N
DXLG,DXLG,"Destination XL Group, Inc. - Common Stock",COMMON_STOCK,NASDAQ,False,D
DXPE,DXPE,"DXP Enterprises, Inc. - Common Stock",COMMON_STOCK,NASDAQ,True,N
DXST,DXST,Decent Holding Inc. - Class A Ordinary Shares,COMMON_STOCK,NASDAQ,True,N
DXYZ,DXYZ,Destiny Tech100 Inc. Common Stock,COMMON_STOCK,NYSE,True,
DY,DY,"Dycom Industries, Inc. Common Stock",COMMON_STOCK,NYSE,True,
DYAI,DYAI,"Dyadic International, Inc. - Common Stock",COMMON_STOCK,NASDAQ,False,D
DYN,DYN,"Dyne Therapeutics, Inc. - Common Stock",COMMON_STOCK,NASDAQ,True,N
DYNC,DYNC,Dynamix Corporation - Class A Ordinary Share,COMMON_STOCK,NASDAQ,True,N
DYOR,DYOR,Insight Digital Partners II - Class A Ordinary Shares,COMMON_STOCK,NASDAQ,True,N
E,E,ENI S.p.A. Common Stock,COMMON_STOCK,NYSE,True,
EA,EA,Electronic Arts Inc. - Common Stock,COMMON_STOCK,NASDAQ,True,N
EAF,EAF,GrafTech International Ltd. Common Stock,COMMON_STOCK,NYSE,True,
EAT,EAT,"Brinker International, Inc. Common Stock",COMMON_STOCK,NYSE,True,
EBAY,EBAY,eBay Inc. - Common Stock,COMMON_STOCK,NASDAQ,True,N
EBC,EBC,"Eastern Bankshares, Inc. - Common Stock",COMMON_STOCK,NASDAQ,True,N
EBF,EBF,"Ennis, Inc. Common Stock",COMMON_STOCK,NYSE,True,
EBMT,EBMT,"Eagle Bancorp Montana, Inc. - Common Stock",COMMON_STOCK,NASDAQ,True,N
EBON,EBON,Ebang International Holdings Inc. - Class A Ordinary Shares,COMMON_STOCK,NASDAQ,True,N
EBS,EBS,Emergent BioSolutions Inc. Common Stock,COMMON_STOCK,NYSE,True,
ECBK,ECBK,"ECB Bancorp, Inc. - Common Stock",COMMON_STOCK,NASDAQ,True,N
ECG,ECG,"Everus Construction Group, Inc. Common Stock",COMMON_STOCK,NYSE,True,
ECHO,ECHO,EchoStar Corporation - Common stock,COMMON_STOCK,NASDAQ,True,N
ECL,ECL,Ecolab Inc. Common Stock,COMMON_STOCK,NYSE,True,
ECO,ECO,Okeanis Eco Tankers Corp. Common Stock,COMMON_STOCK,NYSE,True,
ECOR,ECOR,"electroCore, Inc. - Common Stock",COMMON_STOCK,NASDAQ,True,N
ECPG,ECPG,Encore Capital Group Inc - Common Stock,COMMON_STOCK,NASDAQ,True,N
ECVT,ECVT,Ecovyst Inc. Common Stock,COMMON_STOCK,NYSE,True,
ECX,ECX,ECARX Holdings Inc. - Class A Ordinary shares,COMMON_STOCK,NASDAQ,True,N
ED,ED,"Consolidated Edison, Inc. Common Stock",COMMON_STOCK,NYSE,True,
EDBL,EDBL,Edible Garden AG Incorporated - Common Stock,COMMON_STOCK,NASDAQ,False,D
EDIT,EDIT,"Editas Medicine, Inc. - Common Stock",COMMON_STOCK,NASDAQ,True,N
EDRY,EDRY,EuroDry Ltd. - Common Shares,COMMON_STOCK,NASDAQ,True,N
EDSA,EDSA,"Edesa Biotech, Inc. - Common Shares",COMMON_STOCK,NASDAQ,True,N
EDTK,EDTK,Skillful Craftsman Education Technology Limited - Ordinary Share,COMMON_STOCK,NASDAQ,True,N
EDU,EDU,"New Oriental Education & Technology Group, Inc. Sponsored ADR representing 10 Ordinary Share (Cayman Islands)",COMMON_STOCK,NYSE,True,
EDUC,EDUC,Educational Development Corporation - Common Stock,COMMON_STOCK,NASDAQ,True,N
EE,EE,"Excelerate Energy, Inc. Class A Common Stock",COMMON_STOCK,NYSE,True,
EEFT,EEFT,"Euronet Worldwide, Inc. - Common Stock",COMMON_STOCK,NASDAQ,True,N
EEIQ,EEIQ,EpicQuest Education Group International Limited - Common Stock,COMMON_STOCK,NASDAQ,True,N
EEX,EEX,"Emerald Holding, Inc. Common Stock",COMMON_STOCK,NYSE,True,
EFC,EFC,Ellington Financial Inc. Common Stock,COMMON_STOCK,NYSE,True,
EFOI,EFOI,"Energy Focus, Inc. - Common Stock",COMMON_STOCK,NASDAQ,True,N
EFOR,EFOR,"Everforth, Inc. Common Stock",COMMON_STOCK,NYSE,True,
EFSC,EFSC,Enterprise Financial Services Corporation - Common Stock,COMMON_STOCK,NASDAQ,True,N
EFSI,EFSI,Eagle Financial Services Inc - Common Stock,COMMON_STOCK,NASDAQ,True,N
EFTY,EFTY,"Etoiles Capital Group Co., Ltd. - Class A Ordinary Shares",COMMON_STOCK,NASDAQ,True,N
EFX,EFX,"Equifax, Inc. Common Stock",COMMON_STOCK,NYSE,True,
EFXT,EFXT,Enerflex Ltd Common Shares,COMMON_STOCK,NYSE,True,
EG,EG,"Everest Group, Ltd. Common Stock",COMMON_STOCK,NYSE,True,
EGAN,EGAN,eGain Corporation - Common Stock,COMMON_STOCK,NASDAQ,True,N
EGBN,EGBN,"Eagle Bancorp, Inc. - Common Stock",COMMON_STOCK,NASDAQ,True,N
EGG,EGG,Enigmatig Limited Class A Ordinary Shares,COMMON_STOCK,NYSEAMERICAN,True,
EGHA,EGHA,EGH Acquisition Corp. - Class A ordinary shares,COMMON_STOCK,NASDAQ,True,N
EGHT,EGHT,8x8 Inc - Common stock,COMMON_STOCK,NASDAQ,True,N
EGO,EGO,Eldorado Gold Corporation Ordinary Shares,COMMON_STOCK,NYSE,True,
EGP,EGP,"EastGroup Properties, Inc. Common Stock",COMMON_STOCK,NYSE,True,
EGY,EGY,"VAALCO Energy, Inc.  Common Stock",COMMON_STOCK,NYSE,True,
EH,EH,EHang Holdings Limited - ADS,COMMON_STOCK,NASDAQ,True,N
EHC,EHC,Encompass Health Corporation Common Stock,COMMON_STOCK,NYSE,True,
EHGO,EHGO,Eshallgo Inc. - Class A Ordinary Shares,COMMON_STOCK,NASDAQ,True,N
EHLD,EHLD,Euroholdings Ltd. - Common Stock,COMMON_STOCK,NASDAQ,True,N
EHTH,EHTH,"eHealth, Inc. - Common Stock",COMMON_STOCK,NASDAQ,True,N
EIC,EIC,Eagle Point Income Company Inc. Common Stock,COMMON_STOCK,NYSE,True,
EIG,EIG,Employers Holdings Inc Common Stock,COMMON_STOCK,NYSE,True,
EIKN,EIKN,"Eikon Therapeutics, Inc. - Common Stock",COMMON_STOCK,NASDAQ,True,N
EIX,EIX,Edison International Common Stock,COMMON_STOCK,NYSE,True,
EJH,EJH,E-Home Household Service Holdings Limited - Ordinary shares,COMMON_STOCK,NASDAQ,False,D
EL,EL,"Estee Lauder Companies, Inc. (The) Common Stock",COMMON_STOCK,NYSE,True,
ELA,ELA,Envela Corporation Common Stock,COMMON_STOCK,NYSEAMERICAN,True,
ELAB,ELAB,PMGC Holdings Inc. - Common Stock,COMMON_STOCK,NASDAQ,True,N
ELAN,ELAN,Elanco Animal Health Incorporated Common Stock,COMMON_STOCK,NYSE,True,
ELBM,ELBM,Electra Battery Materials Corporation - Common Stock,COMMON_STOCK,NASDAQ,False,D
ELDN,ELDN,"Eledon Pharmaceuticals, Inc. - Common Stock",COMMON_STOCK,NASDAQ,True,N
ELE,ELE,Elemental Royalty Corporation - Common Stock,COMMON_STOCK,NASDAQ,True,N
ELF,ELF,"e.l.f. Beauty, Inc. Common Stock",COMMON_STOCK,NYSE,True,
ELLO,ELLO,Ellomay Capital Ltd Ordinary Shares (Israel),COMMON_STOCK,NYSEAMERICAN,True,
ELMD,ELMD,"Electromed, Inc. Common Stock",COMMON_STOCK,NYSEAMERICAN,True,
ELMT,ELMT,The Elmet Group Co. - Common Stock,COMMON_STOCK,NASDAQ,True,N
ELOG,ELOG,Eastern International Ltd. - Ordinary Shares,COMMON_STOCK,NASDAQ,True,N
ELOX,ELOX,"Eloxx Pharmaceuticals, Inc. - Common Stock",COMMON_STOCK,NASDAQ,True,N
ELPW,ELPW,Elong Power Holding Limited - Class A Ordinary Shares,COMMON_STOCK,NASDAQ,True,N
ELS,ELS,"Equity Lifestyle Properties, Inc. Common Stock",COMMON_STOCK,NYSE,True,
ELSE,ELSE,"Electro-Sensors, Inc. - Common Stock",COMMON_STOCK,NASDAQ,True,N
ELTK,ELTK,Eltek Ltd. - Ordinary Shares,COMMON_STOCK,NASDAQ,True,N
ELTX,ELTX,"Elicio Therapeutics, Inc. - Common Stock",COMMON_STOCK,NASDAQ,True,N
ELUT,ELUT,"Elutia, Inc. - Class A Common Stock",COMMON_STOCK,NASDAQ,True,N
ELV,ELV,"Elevance Health, Inc. Common Stock",COMMON_STOCK,NYSE,True,
ELVA,ELVA,Electrovaya Inc. - Common Shares,COMMON_STOCK,NASDAQ,True,N
ELVN,ELVN,"Enliven Therapeutics, Inc.  - Common Stock",COMMON_STOCK,NASDAQ,True,N
ELVR,ELVR,Elevra Lithium Limited - American Depository Shares,COMMON_STOCK,NASDAQ,True,N
ELWT,ELWT,"Elauwit Connection, Inc. - Common Stock",COMMON_STOCK,NASDAQ,True,N
EMA,EMA,Emera Incorporated Common Shares,COMMON_STOCK,NYSE,True,
EMAT,EMAT,Evolution Metals & Technologies Corp. - Common Stock,COMMON_STOCK,NASDAQ,True,N
EMBC,EMBC,Embecta Corp. - Common Stock,COMMON_STOCK,NASDAQ,True,N
EMBJ,EMBJ,Embraer S.A. Common Stock,COMMON_STOCK,NYSE,True,
EME,EME,"EMCOR Group, Inc. Common Stock",COMMON_STOCK,NYSE,True,
EMIS,EMIS,Emmis Acquisition Corp. - Class A Ordinary Share,COMMON_STOCK,NASDAQ,True,N
EML,EML,Eastern Company (The) - Common Stock,COMMON_STOCK,NASDAQ,True,N
EMN,EMN,Eastman Chemical Company Common Stock,COMMON_STOCK,NYSE,True,
EMPD,EMPD,Empery Digital Inc. - Common stock,COMMON_STOCK,NASDAQ,True,N
EMPG,EMPG,Empro Group Inc. - Ordinary shares,COMMON_STOCK,NASDAQ,False,E
EMR,EMR,Emerson Electric Company Common Stock,COMMON_STOCK,NYSE,True,
ENB,ENB,Enbridge Inc Common Stock,COMMON_STOCK,NYSE,True,
ENGN,ENGN,enGene Therapeutics Inc. - Common Stock,COMMON_STOCK,NASDAQ,True,N
ENGS,ENGS,Energys Group Limited - Ordinary Shares,COMMON_STOCK,NASDAQ,True,N
ENHA,ENHA,Enhanced Group Inc. Class A Common Stock,COMMON_STOCK,NYSE,True,
ENLT,ENLT,Enlight Renewable Energy Ltd. - Ordinary Shares,COMMON_STOCK,NASDAQ,True,N
ENLV,ENLV,Enlivex Ltd. - Ordinary Shares,COMMON_STOCK,NASDAQ,False,D
ENOV,ENOV,Enovis Corporation Common Stock,COMMON_STOCK,NYSE,True,
ENPH,ENPH,"Enphase Energy, Inc. - Common Stock",COMMON_STOCK,NASDAQ,True,N
ENR,ENR,"Energizer Holdings, Inc. Common Stock",COMMON_STOCK,NYSE,True,
ENS,ENS,EnerSys Common Stock,COMMON_STOCK,NYSE,True,
ENSC,ENSC,"Ensysce Biosciences, Inc. - Common Stock",COMMON_STOCK,NASDAQ,False,D
ENSG,ENSG,"The Ensign Group, Inc. - Common Stock",COMMON_STOCK,NASDAQ,True,N
ENTA,ENTA,"Enanta Pharmaceuticals, Inc. - Common Stock",COMMON_STOCK,NASDAQ,True,N
ENTG,ENTG,"Entegris, Inc. - Common Stock",COMMON_STOCK,NASDAQ,True,N
ENTX,ENTX,Entera Bio Ltd. - Ordinary Shares,COMMON_STOCK,NASDAQ,True,N
ENVA,ENVA,"Enova International, Inc. Common Stock",COMMON_STOCK,NYSE,True,
ENVB,ENVB,"Enveric Biosciences, Inc.  - Common Stock",COMMON_STOCK,NASDAQ,True,N
ENVX,ENVX,Enovix Corporation - Common Stock,COMMON_STOCK,NASDAQ,True,N
EOG,EOG,"EOG Resources, Inc. Common Stock",COMMON_STOCK,NYSE,True,
EOLS,EOLS,"Evolus, Inc. - Common Stock",COMMON_STOCK,NASDAQ,True,N
EONR,EONR,EON Resources Inc. Class A Common Stock,COMMON_STOCK,NYSEAMERICAN,True,
EOSE,EOSE,"Eos Energy Enterprises, Inc. - Common Stock",COMMON_STOCK,NASDAQ,True,N
EP,EP,Empire Petroleum Corporation Common Stock,COMMON_STOCK,NYSEAMERICAN,True,
EPAC,EPAC,Enerpac Tool Group Corp. Common Stock,COMMON_STOCK,NYSE,True,
EPAM,EPAM,"EPAM Systems, Inc. Common Stock",COMMON_STOCK,NYSE,True,
EPC,EPC,Edgewell Personal Care Company Common Stock,COMMON_STOCK,NYSE,True,
EPD,EPD,Enterprise Products Partners L.P. Common Stock,COMMON_STOCK,NYSE,True,
EPM,EPM,"Evolution Petroleum Corporation, Inc. Common Stock",COMMON_STOCK,NYSEAMERICAN,True,
EPOW,EPOW,E-Power Inc. - Class A Ordinary Shares,COMMON_STOCK,NASDAQ,False,D
EPR,EPR,EPR Properties Common Stock,COMMON_STOCK,NYSE,True,
EPR$E,EPR-PE,EPR Properties Series E Cumulative Conv Pfd Shs Ser E,COMMON_STOCK,NYSE,True,
EPRT,EPRT,"Essential Properties Realty Trust, Inc. Common Stock",COMMON_STOCK,NYSE,True,
EPRX,EPRX,Eupraxia Pharmaceuticals Inc. - Common Stock,COMMON_STOCK,NASDAQ,True,N
EPSM,EPSM,Epsium Enterprise Limited - Class A Ordinary Shares,COMMON_STOCK,NASDAQ,True,N
EPSN,EPSN,Epsilon Energy Ltd. - Common Shares,COMMON_STOCK,NASDAQ,True,N
EQ,EQ,"Equillium, Inc. - Common Stock",COMMON_STOCK,NASDAQ,True,N
EQBK,EQBK,"Equity Bancshares, Inc. Class A Common Stock",COMMON_STOCK,NYSE,True,
EQH,EQH,"Equitable Holdings, Inc. Common Stock",COMMON_STOCK,NYSE,True,
EQIX,EQIX,"Equinix, Inc. - Common Stock",COMMON_STOCK,NASDAQ,True,N
EQNR,EQNR,Equinor ASA,COMMON_STOCK,NYSE,True,
EQPT,EQPT,EquipmentShare.com Inc - Class A Common Stock,COMMON_STOCK,NASDAQ,True,N
EQS,EQS,"Equus Total Return, Inc. Common Stock",COMMON_STOCK,NYSE,True,
EQT,EQT,EQT Corporation Common Stock,COMMON_STOCK,NYSE,True,
EQX,EQX,Equinox Gold Corp. Common Shares,COMMON_STOCK,NYSEAMERICAN,True,
ERAS,ERAS,"Erasca, Inc. - Common Stock",COMMON_STOCK,NASDAQ,True,N
ERIE,ERIE,Erie Indemnity Company - Class A Common Stock,COMMON_STOCK,NASDAQ,True,N
ERII,ERII,"Energy Recovery, Inc. - Common Stock",COMMON_STOCK,NASDAQ,True,N
ERNA,ERNA,Ernexa Therapeutics Inc. - Common Stock,COMMON_STOCK,NASDAQ,True,N
ERO,ERO,Ero Copper Corp. Common Shares,COMMON_STOCK,NYSE,True,
EROC,EROC,"ERock, Inc. Class A Common Stock",COMMON_STOCK,NYSE,True,
EROK,EROK,"EagleRock Land, LLC Class A shares representing limited liability company interests",COMMON_STOCK,NYSE,True,
ES,ES,Eversource Energy (D/B/A) Common Stock,COMMON_STOCK,NYSE,True,
ESAB,ESAB,ESAB Corporation Common Stock,COMMON_STOCK,NYSE,True,
ESCA,ESCA,"Escalade, Incorporated - Common Stock",COMMON_STOCK,NASDAQ,True,N
ESE,ESE,ESCO Technologies Inc. Common Stock,COMMON_STOCK,NYSE,True,
ESEA,ESEA,Euroseas Ltd. - Common Stock,COMMON_STOCK,NASDAQ,True,N
ESI,ESI,Element Solutions Inc. Common Stock,COMMON_STOCK,NYSE,True,
ESLA,ESLA,"Estrella Immunopharma, Inc. - Common Stock",COMMON_STOCK,NASDAQ,True,N
ESLT,ESLT,Elbit Systems Ltd. - Ordinary Shares,COMMON_STOCK,NASDAQ,True,N
ESNT,ESNT,Essent Group Ltd. Common Shares,COMMON_STOCK,NYSE,True,
ESOA,ESOA,Energy Services of America Corporation - Common Stock,COMMON_STOCK,NASDAQ,True,N
ESP,ESP,Espey Mfg. & Electronics Corp. Common Stock,COMMON_STOCK,NYSEAMERICAN,True,
ESPR,ESPR,"Esperion Therapeutics, Inc. - Common Stock",COMMON_STOCK,NASDAQ,True,N
ESQ,ESQ,"Esquire Financial Holdings, Inc. - Common Stock",COMMON_STOCK,NASDAQ,True,N
ESRT,ESRT,"Empire State Realty Trust, Inc. Class A Common Stock",COMMON_STOCK,NYSE,True,
ESS,ESS,"Essex Property Trust, Inc. Common Stock",COMMON_STOCK,NYSE,True,
ESTA,ESTA,Establishment Labs Holdings Inc. - Common Shares,COMMON_STOCK,NASDAQ,True,N
ESTC,ESTC,Elastic N.V. Ordinary Shares,COMMON_STOCK,NYSE,True,
ETD,ETD,Ethan Allen Interiors Inc. Common Stock,COMMON_STOCK,NYSE,True,
ETN,ETN,"Eaton Corporation, PLC Ordinary Shares",COMMON_STOCK,NYSE,True,
ETO,ETO,Eaton Vance Tax-Advantage Global Dividend Opp Common Stock,COMMON_STOCK,NYSE,True,
ETON,ETON,"Eton Pharmaceuticals, Inc. - Common Stock",COMMON_STOCK,NASDAQ,True,N
ETOR,ETOR,eToro Group Ltd. - Class A Common Shares,COMMON_STOCK,NASDAQ,True,N
ETR,ETR,Entergy Corporation Common Stock,COMMON_STOCK,NYSE,True,
ETS,ETS,Elite Express Holding Inc. - Class A Common Stock,COMMON_STOCK,NASDAQ,False,D
ETSY,ETSY,"Etsy, Inc. Common Stock",COMMON_STOCK,NYSE,True,
EU,EU,enCore Energy Corp. - Common Stock,COMMON_STOCK,NASDAQ,True,N
EUDA,EUDA,Euda Health Holdings Limited - Ordinary Shares,COMMON_STOCK,NASDAQ,True,N
EURK,EURK,Eureka Acquisition Corp - Class A Ordinary Share,COMMON_STOCK,NASDAQ,False,D
EVAC,EVAC,EQV Ventures Acquisition Corp. II Class A Ordinary Shares,COMMON_STOCK,NYSE,True,
EVC,EVC,Entravision Communications Corporation Common Stock,COMMON_STOCK,NYSE,True,
EVCM,EVCM,EverCommerce Inc. - Common Stock,COMMON_STOCK,NASDAQ,True,N
EVER,EVER,"EverQuote, Inc. - Class A Common Stock",COMMON_STOCK,NASDAQ,True,N
EVEX,EVEX,"Eve Holding, Inc. Common Stock",COMMON_STOCK,NYSE,True,
EVF,EVF,Eaton Vance Senior Income Trust Common Stock,COMMON_STOCK,NYSE,True,
EVGN,EVGN,Evogene Ltd. - Ordinary Shares,COMMON_STOCK,NASDAQ,False,D
EVGO,EVGO,EVgo Inc. - Common Stock,COMMON_STOCK,NASDAQ,True,N
EVH,EVH,"Evolent Health, Inc Class A Common Stock",COMMON_STOCK,NYSE,True,
EVI,EVI,"EVI Industries, Inc.  Common Stock",COMMON_STOCK,NYSEAMERICAN,True,
EVLV,EVLV,"Evolv Technologies Holdings, Inc. - Class A Common Stock",COMMON_STOCK,NASDAQ,True,N
EVMN,EVMN,"Evommune, Inc. Common Stock",COMMON_STOCK,NYSE,True,
EVN,EVN,Eaton Vance Municipal Income Trust Common Stock,COMMON_STOCK,NYSE,True,
EVOX,EVOX,Evolution Global Acquisition Corp - Class A Ordinary Shares,COMMON_STOCK,NASDAQ,True,N
EVR,EVR,Evercore Inc. Class A Common Stock,COMMON_STOCK,NYSE,True,
EVRG,EVRG,"Evergy, Inc. - Common Stock",COMMON_STOCK,NASDAQ,True,N
EVTC,EVTC,"Evertec, Inc. Common Stock",COMMON_STOCK,NYSE,True,
EVTL,EVTL,Vertical Aerospace Ltd. Ordinary Shares,COMMON_STOCK,NYSE,True,
EVTV,EVTV,"Azio AI Holdings, Inc. - Common stock",COMMON_STOCK,NASDAQ,False,D
EW,EW,Edwards Lifesciences Corporation Common Stock,COMMON_STOCK,NYSE,True,
EWBC,EWBC,"East West Bancorp, Inc. - Common Stock",COMMON_STOCK,NASDAQ,True,N
EWTX,EWTX,"Edgewise Therapeutics, Inc. - Common Stock",COMMON_STOCK,NASDAQ,True,N
EXC,EXC,Exelon Corporation - Common Stock,COMMON_STOCK,NASDAQ,True,N
EXE,EXE,Expand Energy Corporation - Common Stock,COMMON_STOCK,NASDAQ,True,N
EXEL,EXEL,"Exelixis, Inc. - Common Stock",COMMON_STOCK,NASDAQ,True,N
EXFY,EXFY,"Expensify, Inc. - Class A Common Stock",COMMON_STOCK,NASDAQ,True,N
EXK,EXK,Endeavour Silver Corporation Ordinary Shares (Canada),COMMON_STOCK,NYSE,True,
EXLS,EXLS,"ExlService Holdings, Inc. - Common Stock",COMMON_STOCK,NASDAQ,True,N
EXOD,EXOD,"Exodus Movement, Inc. Class A Common Stock",COMMON_STOCK,NYSEAMERICAN,True,
EXOZ,EXOZ,eXoZymes Inc. - Common Stock,COMMON_STOCK,NASDAQ,True,N
EXP,EXP,Eagle Materials Inc Common Stock,COMMON_STOCK,NYSE,True,
EXPD,EXPD,"Expeditors International of Washington, Inc. Common Stock",COMMON_STOCK,NYSE,True,
EXPE,EXPE,"Expedia Group, Inc. - Common Stock",COMMON_STOCK,NASDAQ,True,N
EXPO,EXPO,"Exponent, Inc. - Common Stock",COMMON_STOCK,NASDAQ,True,N
EXR,EXR,Extra Space Storage Inc Common Stock,COMMON_STOCK,NYSE,True,
EXTR,EXTR,"Extreme Networks, Inc. - Common Stock",COMMON_STOCK,NASDAQ,True,N
EXYN,EXYN,"Exyn Technologies, Inc. - Common Stock",COMMON_STOCK,NASDAQ,True,N
EYE,EYE,"National Vision Holdings, Inc. - Common Stock",COMMON_STOCK,NASDAQ,True,N
EYPT,EYPT,"EyePoint, Inc. - Common Stock",COMMON_STOCK,NASDAQ,True,N
EZGO,EZGO,EZGO Technologies Ltd. - Ordinary Shares,COMMON_STOCK,NASDAQ,True,N
EZPW,EZPW,"EZCORP, Inc. - Class A Non-Voting Common Stock",COMMON_STOCK,NASDAQ,True,N
EZRA,EZRA,"Reliance Global Group, Inc. - Common Stock",COMMON_STOCK,NASDAQ,True,N
F,F,Ford Motor Company Common Stock,COMMON_STOCK,NYSE,True,
FA,FA,First Advantage Corporation - Common Stock,COMMON_STOCK,NASDAQ,True,N
FABC,FABC,"Fabric.AI, Inc. - Common Stock",COMMON_STOCK,NASDAQ,True,N
FAC,FAC,Factorial Energy Inc. - Class A Common Stock,COMMON_STOCK,NASDAQ,True,N
FACT,FACT,FACT II Acquisition Corp. - Class A Ordinary Shares,COMMON_STOCK,NASDAQ,True,N
FAF,FAF,First American Corporation (New) Common Stock,COMMON_STOCK,NYSE,True,
FAMI,FAMI,"Farmmi, Inc. - Class A Ordinary Shares",COMMON_STOCK,NASDAQ,True,N
FANG,FANG,"Diamondback Energy, Inc. - Common Stock",COMMON_STOCK,NASDAQ,True,N
FAST,FAST,Fastenal Company - Common Stock,COMMON_STOCK,NASDAQ,True,N
FATE,FATE,"Fate Therapeutics, Inc. - Common Stock",COMMON_STOCK,NASDAQ,True,N
FATN,FATN,"FatPipe, Inc. - common stock",COMMON_STOCK,NASDAQ,True,N
FBGL,FBGL,FBS Global Limited - Ordinary Shares,COMMON_STOCK,NASDAQ,False,D
FBIN,FBIN,"Fortune Brands Innovations, Inc. Common Stock",COMMON_STOCK,NYSE,True,
FBIO,FBIO,"Fortress Biotech, Inc. - Common Stock",COMMON_STOCK,NASDAQ,True,N
FBIZ,FBIZ,"First Business Financial Services, Inc. - Common Stock",COMMON_STOCK,NASDAQ,True,N
FBK,FBK,FB Financial Corporation Common Stock,COMMON_STOCK,NYSE,True,
FBLA,FBLA,"FB Bancorp, Inc. - Common Stock",COMMON_STOCK,NASDAQ,True,N
FBLG,FBLG,"FibroBiologics, Inc. - Common Stock",COMMON_STOCK,NASDAQ,True,N
FBNC,FBNC,First Bancorp - Common Stock,COMMON_STOCK,NASDAQ,True,N
FBP,FBP,First BanCorp. New Common Stock,COMMON_STOCK,NYSE,True,
FBRT,FBRT,"Franklin BSP Realty Trust, Inc. Common Stock",COMMON_STOCK,NYSE,True,
FBRX,FBRX,"Forte Biosciences, Inc.  - Common Stock",COMMON_STOCK,NASDAQ,True,N
FBYD,FBYD,"Falcon's Beyond Global, Inc. - Class A Common Stock",COMMON_STOCK,NASDAQ,True,N
FC,FC,Franklin Covey Company Common Stock,COMMON_STOCK,NYSE,True,
FCAP,FCAP,"First Capital, Inc. - Common Stock",COMMON_STOCK,NASDAQ,True,N
FCBM,FCBM,"First Carolina Financial Services, Inc. Common Stock",COMMON_STOCK,NYSE,True,
FCEL,FCEL,"FuelCell Energy, Inc. - Common Stock",COMMON_STOCK,NASDAQ,True,N
FCF,FCF,First Commonwealth Financial Corporation Common Stock,COMMON_STOCK,NYSE,True,
FCFS,FCFS,"FirstCash Holdings, Inc. - Common Stock",COMMON_STOCK,NASDAQ,True,N
FCHL,FCHL,Fitness Champs Holdings Limited - Ordinary Shares,COMMON_STOCK,NASDAQ,False,D
FCN,FCN,"FTI Consulting, Inc. Common Stock",COMMON_STOCK,NYSE,True,
FCNCA,FCNCA,"First Citizens BancShares, Inc. - Class A Common Stock",COMMON_STOCK,NASDAQ,True,N
FCPT,FCPT,"Four Corners Property Trust, Inc. Common Stock",COMMON_STOCK,NYSE,True,
FCRS,FCRS,FutureCrest Acquisition Corp. Class A Ordinary Shares,COMMON_STOCK,NYSE,True,
FCUV,FCUV,Focus Universal Inc. - Common Stock,COMMON_STOCK,NASDAQ,True,N
FCX,FCX,"Freeport-McMoRan, Inc. Common Stock",COMMON_STOCK,NYSE,True,
FDBC,FDBC,"Fidelity D & D Bancorp, Inc. - Common Stock",COMMON_STOCK,NASDAQ,True,N
FDMT,FDMT,"4D Molecular Therapeutics, Inc. - Common Stock",COMMON_STOCK,NASDAQ,True,N
FDS,FDS,FactSet Research Systems Inc. Common Stock,COMMON_STOCK,NYSE,True,
FDSB,FDSB,"Fifth District Bancorp, Inc. - Common Stock",COMMON_STOCK,NASDAQ,True,N
FDX,FDX,FedEx Corporation Common Stock,COMMON_STOCK,NYSE,True,
FDXF,FDXF,"FedEx Freight Holding Company, Inc. Common Stock",COMMON_STOCK,NYSE,True,
FE,FE,FirstEnergy Corp. Common Stock,COMMON_STOCK,NYSE,True,
FEAM,FEAM,"5E Advanced Materials, Inc. - Common Stock",COMMON_STOCK,NASDAQ,True,N
FEBO,FEBO,Fenbo Holdings Limited - Class A Ordinary Shares,COMMON_STOCK,NASDAQ,True,N
FEED,FEED,"ENvue Medical, Inc. - Common Stock",COMMON_STOCK,NASDAQ,True,N
FEIM,FEIM,"Frequency Electronics, Inc. - Common Stock",COMMON_STOCK,NASDAQ,True,N
FELE,FELE,"Franklin Electric Co., Inc. - Common Stock",COMMON_STOCK,NASDAQ,True,N
FEMY,FEMY,Femasys Inc. - Common Stock,COMMON_STOCK,NASDAQ,True,N
FENC,FENC,Fennec Pharmaceuticals Inc. - Common Stock,COMMON_STOCK,NASDAQ,True,N
FER,FER,Ferrovial N.V. - Ordinary Shares,COMMON_STOCK,NASDAQ,True,N
FERA,FERA,Fifth Era Acquisition Corp I - Class A Ordinary Shares,COMMON_STOCK,NASDAQ,True,N
FERG,FERG,Ferguson Enterprises Inc. Common Stock,COMMON_STOCK,NYSE,True,
FET,FET,"Forum Energy Technologies, Inc. Common Stock",COMMON_STOCK,NYSE,True,
FF,FF,FutureFuel Corp.  Common shares,COMMON_STOCK,NYSE,True,
FFAI,FFAI,Faraday Future Intelligent Electric Inc. - Class A Common Stock,COMMON_STOCK,NASDAQ,False,D
FFBC,FFBC,First Financial Bancorp. - Common Stock,COMMON_STOCK,NASDAQ,True,N
FFIN,FFIN,"First Financial Bankshares, Inc. - Common Stock",COMMON_STOCK,NASDAQ,True,N
FFIV,FFIV,"F5, Inc. - Common Stock",COMMON_STOCK,NASDAQ,True,N
FG,FG,"F&G Annuities & Life, Inc. Common Stock",COMMON_STOCK,NYSE,True,
FGBI,FGBI,"First Guaranty Bancshares, Inc. - Common Stock",COMMON_STOCK,NASDAQ,True,N
FGI,FGI,FGI Industries Ltd. - Ordinary Shares,COMMON_STOCK,NASDAQ,True,N
FGII,FGII,FG Imperii Acquisition Corp. - Class A Ordinary Shares,COMMON_STOCK,NASDAQ,True,N
FGL,FGL,Founder Group Limited - Class A Ordinary Shares,COMMON_STOCK,NASDAQ,True,N
FGMC,FGMC,FG Merger II Corp. - Common stock,COMMON_STOCK,NASDAQ,True,N
FGNX,FGNX,FG Nexus Inc. - Common Stock,COMMON_STOCK,NASDAQ,True,N
FHB,FHB,"First Hawaiian, Inc. - Common Stock",COMMON_STOCK,NASDAQ,True,N
FHI,FHI,"Federated Hermes, Inc. Common Stock",COMMON_STOCK,NYSE,True,
FHN,FHN,First Horizon Corporation Common Stock,COMMON_STOCK,NYSE,True,
FHTX,FHTX,Foghorn Therapeutics Inc. - Common Stock,COMMON_STOCK,NASDAQ,True,N
FIBK,FIBK,"First Interstate BancSystem, Inc. - Common Stock",COMMON_STOCK,NASDAQ,True,N
FICO,FICO,Fair Isaac Corporation Common Stock,COMMON_STOCK,NYSE,True,
FIEE,FIEE,"FiEE, Inc - Common Stock",COMMON_STOCK,NASDAQ,True,N
FIG,FIG,"Figma, Inc. Class A Common Stock",COMMON_STOCK,NYSE,True,
FIGR,FIGR,"Figure Technology Solutions, Inc. - Class A Common Stock",COMMON_STOCK,NASDAQ,True,N
FIGS,FIGS,"FIGS, Inc. Class A Common Stock",COMMON_STOCK,NYSE,True,
FIGX,FIGX,FIGX Capital Acquisition Corp. - Class A ordinary share,COMMON_STOCK,NASDAQ,True,N
FINW,FINW,FinWise Bancorp - Common Stock,COMMON_STOCK,NASDAQ,True,N
FIP,FIP,FTAI Infrastructure Inc. - Common Stock,COMMON_STOCK,NASDAQ,True,N
FIRY,FIRY,Firy Inc. Class A Common Stock,COMMON_STOCK,NYSE,True,
FIS,FIS,"Fidelity National Information Services, Inc. Common Stock",COMMON_STOCK,NYSE,True,
FISI,FISI,"Financial Institutions, Inc. - Common Stock",COMMON_STOCK,NASDAQ,True,N
FISN,FISN,"Deep Fission, Inc. - Common Stock",COMMON_STOCK,NASDAQ,True,N
FISV,FISV,"Fiserv, Inc. - Common Stock",COMMON_STOCK,NASDAQ,True,N
FITB,FITB,Fifth Third Bancorp Common Stock,COMMON_STOCK,NYSE,True,
FIVE,FIVE,"Five Below, Inc. - Common Stock",COMMON_STOCK,NASDAQ,True,N
FIVN,FIVN,"Five9, Inc. - Common Stock",COMMON_STOCK,NASDAQ,True,N
FIX,FIX,"Comfort Systems USA, Inc. Common Stock",COMMON_STOCK,NYSE,True,
FIZZ,FIZZ,National Beverage Corp. - Common Stock,COMMON_STOCK,NASDAQ,True,N
FJET,FJET,"Starfighters Space, Inc. Common Stock",COMMON_STOCK,NYSEAMERICAN,True,
FKWL,FKWL,Franklin Wireless Corp. - common stock,COMMON_STOCK,NASDAQ,True,N
FLD,FLD,"Fold Holdings, Inc. - Class A Common Stock",COMMON_STOCK,NASDAQ,True,N
FLEX,FLEX,Flex Ltd. - Ordinary Shares,COMMON_STOCK,NASDAQ,True,N
FLG,FLG,"Flagstar Bank, N.A. Common Stock",COMMON_STOCK,NYSE,True,
FLGT,FLGT,"Fulgent Genetics, Inc. - Common Stock",COMMON_STOCK,NASDAQ,True,N
FLL,FLL,"Full House Resorts, Inc. - Common Stock",COMMON_STOCK,NASDAQ,True,N
FLNA,FLNA,"Filana Therapeutics, Inc. - Common Stock",COMMON_STOCK,NASDAQ,True,N
FLNC,FLNC,"Fluence Energy, Inc. - Class A Common Stock",COMMON_STOCK,NASDAQ,True,N
FLNG,FLNG,FLEX LNG Ltd. Ordinary Shares,COMMON_STOCK,NYSE,True,
FLNT,FLNT,"Fluent, Inc. - Common Stock",COMMON_STOCK,NASDAQ,True,N
FLO,FLO,"Flowers Foods, Inc. Common Stock",COMMON_STOCK,NYSE,True,
FLOC,FLOC,Flowco Holdings Inc. Class A Common Stock,COMMON_STOCK,NYSE,True,
FLR,FLR,Fluor Corporation Common Stock,COMMON_STOCK,NYSE,True,
FLS,FLS,Flowserve Corporation Common Stock,COMMON_STOCK,NYSE,True,
FLUT,FLUT,Flutter Entertainment plc Ordinary Shares,COMMON_STOCK,NYSE,True,
FLUX,FLUX,"Flux Power Holdings, Inc. - Common Stock",COMMON_STOCK,NASDAQ,True,N
FLWS,FLWS,"1-800-FLOWERS.COM, Inc. - Class A Common Stock",COMMON_STOCK,NASDAQ,True,N
FLXS,FLXS,"Flexsteel Industries, Inc. - Common Stock",COMMON_STOCK,NASDAQ,True,N
FLY,FLY,Firefly Aerospace Inc. - Common Stock,COMMON_STOCK,NASDAQ,True,N
FLYE,FLYE,"Fly-E Group, Inc. - Common Stock",COMMON_STOCK,NASDAQ,True,N
FLYW,FLYW,Flywire Corporation - Voting Common Stock,COMMON_STOCK,NASDAQ,True,N
FLYX,FLYX,"flyExclusive, Inc. Class A Common Stock",COMMON_STOCK,NYSEAMERICAN,True,
FLZH,FLZH,"Flash Sports & Media Holdings, Inc. - Common Stock",COMMON_STOCK,NASDAQ,True,N
FMAC,FMAC,Future Money Acquisition Corporation - Ordinary Shares,COMMON_STOCK,NASDAQ,True,N
FMAO,FMAO,"Farmers & Merchants Bancorp, Inc. - Common Stock",COMMON_STOCK,NASDAQ,True,N
FMBH,FMBH,"First Mid Bancshares, Inc. - Common Stock",COMMON_STOCK,NASDAQ,True,N
FMC,FMC,FMC Corporation Common Stock,COMMON_STOCK,NYSE,True,
FMFC,FMFC,Kandal M Venture Limited - Class A ordinary Shares,COMMON_STOCK,NASDAQ,False,D
FMNB,FMNB,Farmers National Banc Corp. - Common Stock,COMMON_STOCK,NASDAQ,True,N
FMST,FMST,Foremost Clean Energy Ltd. - Common Shares,COMMON_STOCK,NASDAQ,True,N
FMX,FMX,Fomento Economico Mexicano S.A.B. de C.V. Common Stock,COMMON_STOCK,NYSE,True,
FN,FN,Fabrinet Ordinary Shares,COMMON_STOCK,NYSE,True,
FNB,FNB,F.N.B. Corporation Common Stock,COMMON_STOCK,NYSE,True,
FND,FND,"Floor & Decor Holdings, Inc. Common Stock",COMMON_STOCK,NYSE,True,
FNF,FNF,"Fidelity National Financial, Inc. Common Stock",COMMON_STOCK,NYSE,True,
FNGR,FNGR,"FingerMotion, Inc. - common stock",COMMON_STOCK,NASDAQ,False,D
FNKO,FNKO,"Funko, Inc. - Class A Common Stock",COMMON_STOCK,NASDAQ,True,N
FNLC,FNLC,"First Bancorp, Inc (ME) - Common Stock",COMMON_STOCK,NASDAQ,True,N
FNUC,FNUC,Frontier Nuclear and Minerals Inc. - Common Shares,COMMON_STOCK,NASDAQ,True,N
FNV,FNV,Franco-Nevada Corporation,COMMON_STOCK,NYSE,True,
FNWB,FNWB,First Northwest Bancorp - Common Stock,COMMON_STOCK,NASDAQ,True,N
FNWD,FNWD,Finward Bancorp - common stock,COMMON_STOCK,NASDAQ,True,N
FOA,FOA,Finance of America Companies Inc. Class A Common Stock,COMMON_STOCK,NYSE,True,
FOFO,FOFO,"Hang Feng Technology Innovation Co., Ltd. - Ordinary Shares",COMMON_STOCK,NASDAQ,True,N
FOR,FOR,Forestar Group Inc Common Stock,COMMON_STOCK,NYSE,True,
FORM,FORM,"FormFactor, Inc. - Common Stock",COMMON_STOCK,NASDAQ,True,N
FORR,FORR,"Forrester Research, Inc. - Common Stock",COMMON_STOCK,NASDAQ,True,N
FOSL,FOSL,"Fossil Group, Inc. - Common Stock",COMMON_STOCK,NASDAQ,True,N
FOUR,FOUR,"Shift4 Payments, Inc. Class A Common Stock",COMMON_STOCK,NYSE,True,
FOX,FOX,Fox Corporation - Class B Common Stock,COMMON_STOCK,NASDAQ,True,N
FOXA,FOXA,Fox Corporation - Class A Common Stock,COMMON_STOCK,NASDAQ,True,N
FOXF,FOXF,Fox Factory Holding Corp. - Common Stock,COMMON_STOCK,NASDAQ,True,N
FOXX,FOXX,Foxx Development Holdings Inc. - Common Stock,COMMON_STOCK,NASDAQ,True,N
FPH,FPH,"Five Point Holdings, LLC Class A Common Shares",COMMON_STOCK,NYSE,True,
FPI,FPI,Farmland Partners Inc. Common Stock,COMMON_STOCK,NYSE,True,
FPS,FPS,"Forgent Power Solutions, Inc. Class A Common Stock",COMMON_STOCK,NYSE,True,
FR,FR,"First Industrial Realty Trust, Inc. Common Stock",COMMON_STOCK,NYSE,True,
FRAF,FRAF,Franklin Financial Services Corporation - Common Stock,COMMON_STOCK,NASDAQ,True,N
FRBA,FRBA,First Bank  - Common Stock,COMMON_STOCK,NASDAQ,True,N
FRD,FRD,Friedman Industries Inc. - Common Stock,COMMON_STOCK,NASDAQ,True,N
FRGT,FRGT,"Freight Technologies, Inc. - Ordinary Shares",COMMON_STOCK,NASDAQ,True,N
FRHC,FRHC,Freedom Holding Corp. - Common Stock,COMMON_STOCK,NASDAQ,True,N
FRME,FRME,First Merchants Corporation - Common Stock,COMMON_STOCK,NASDAQ,True,N
FRMI,FRMI,Fermi Inc. - Common Stock,COMMON_STOCK,NASDAQ,True,N
FRMM,FRMM,"Forum Markets, Incorporated - Common Stock",COMMON_STOCK,NASDAQ,True,N
FRO,FRO,Frontline Plc Ordinary Shares,COMMON_STOCK,NYSE,True,
FROG,FROG,JFrog Ltd. - Ordinary shares,COMMON_STOCK,NASDAQ,True,N
FRPH,FRPH,"FRP Holdings, Inc. - Common Stock",COMMON_STOCK,NASDAQ,True,N
FRPT,FRPT,"Freshpet, Inc. - Common Stock",COMMON_STOCK,NASDAQ,True,N
FRSH,FRSH,Freshworks Inc. - Class A Common Stock,COMMON_STOCK,NASDAQ,True,N
FRST,FRST,Primis Financial Corp. - Common Stock,COMMON_STOCK,NASDAQ,True,N
FRT,FRT,Federal Realty Investment Trust Common Stock,COMMON_STOCK,NYSE,True,
FRTT,FRTT,Fort Technology Inc. - Common Shares,COMMON_STOCK,NASDAQ,True,N
FRVO,FRVO,Fervo Energy Company - Class A common stock,COMMON_STOCK,NASDAQ,True,N
FSBC,FSBC,Five Star Bancorp - Common Stock,COMMON_STOCK,NASDAQ,True,N
FSBW,FSBW,"FS Bancorp, Inc. - Common Stock",COMMON_STOCK,NASDAQ,True,N
FSEA,FSEA,"First Seacoast Bancorp, Inc. - Common Stock",COMMON_STOCK,NASDAQ,True,N
FSHP,FSHP,Flag Ship Acquisition Corp. - Ordinary Shares,COMMON_STOCK,NASDAQ,True,N
FSI,FSI,Flexible Solutions International Inc. Common Stock (CDA),COMMON_STOCK,NYSEAMERICAN,True,
FSK,FSK,FS KKR Capital Corp. Common Stock,COMMON_STOCK,NYSE,True,
FSLR,FSLR,"First Solar, Inc. - Common Stock",COMMON_STOCK,NASDAQ,True,N
FSLY,FSLY,"Fastly, Inc. - Class A Common Stock",COMMON_STOCK,NASDAQ,True,N
FSM,FSM,Fortuna Mining Corp. Common Shares,COMMON_STOCK,NYSE,True,
FSP,FSP,Franklin Street Properties Corp. Common Stock,COMMON_STOCK,NYSEAMERICAN,True,
FSS,FSS,Federal Signal Corporation Common Stock,COMMON_STOCK,NYSE,True,
FSTR,FSTR,L.B. Foster Company - Common Stock,COMMON_STOCK,NASDAQ,True,N
FSUN,FSUN,FirstSun Capital Bancorp - Common Stock,COMMON_STOCK,NASDAQ,True,N
FSV,FSV,FirstService Corporation - Common Shares,COMMON_STOCK,NASDAQ,True,N
FT,FT,Franklin Universal Trust Common Stock,COMMON_STOCK,NYSE,True,
FTAI,FTAI,FTAI Aviation Ltd. - Common Stock,COMMON_STOCK,NASDAQ,True,N
FTCI,FTCI,"FTC Solar, Inc. - Common Stock",COMMON_STOCK,NASDAQ,True,N
FTDR,FTDR,"Frontdoor, Inc. - Common Stock",COMMON_STOCK,NASDAQ,True,N
FTEK,FTEK,"Fuel Tech, Inc. - Common Stock",COMMON_STOCK,NASDAQ,True,N
FTFT,FTFT,Future FinTech Group Inc. - Common Stock,COMMON_STOCK,NASDAQ,True,N
FTH,FTH,"Faeth Therapeutics, Inc.  - Common Stock",COMMON_STOCK,NASDAQ,True,N
FTHA,FTHA,Forefront Tech Holdings Acquisition Corp - Class A Ordinary Shares,COMMON_STOCK,NASDAQ,True,N
FTHM,FTHM,Fathom Holdings Inc. - Common Stock,COMMON_STOCK,NASDAQ,False,E
FTI,FTI,TechnipFMC plc Ordinary Share,COMMON_STOCK,NYSE,True,
FTK,FTK,"Flotek Industries, Inc. Common Stock",COMMON_STOCK,NYSE,True,
FTLF,FTLF,"FitLife Brands, Inc. - Common Stock",COMMON_STOCK,NASDAQ,True,N
FTNT,FTNT,"Fortinet, Inc. - Common Stock",COMMON_STOCK,NASDAQ,True,N
FTRE,FTRE,Fortrea Holdings Inc. - Common Stock,COMMON_STOCK,NASDAQ,True,N
FTRK,FTRK,FAST TRACK GROUP - Ordinary shares,COMMON_STOCK,NASDAQ,False,D
FTS,FTS,Fortis Inc. Common Shares,COMMON_STOCK,NYSE,True,
FTV,FTV,Fortive Corporation Common Stock,COMMON_STOCK,NYSE,True,
FTW,FTW,Presidio Production Company Class A Common Stock,COMMON_STOCK,NYSE,True,
FUBO,FUBO,FuboTV Inc. Class A Common Stock,COMMON_STOCK,NYSE,True,
FUFU,FUFU,BitFuFu Inc. - Class A Ordinary Shares,COMMON_STOCK,NASDAQ,True,N
FUL,FUL,H. B. Fuller Company Common Stock,COMMON_STOCK,NYSE,True,
FULC,FULC,"Fulcrum Therapeutics, Inc. - Common Stock",COMMON_STOCK,NASDAQ,True,N
FULT,FULT,Fulton Financial Corporation - Common Stock,COMMON_STOCK,NASDAQ,True,N
FUN,FUN,Six Flags Entertainment Corporation Common Stock New,COMMON_STOCK,NYSE,True,
FURY,FURY,Fury Gold Mines Limited Common Shares,COMMON_STOCK,NYSEAMERICAN,True,
FUSB,FUSB,"First US Bancshares, Inc. - Common Stock",COMMON_STOCK,NASDAQ,True,N
FUSE,FUSE,Fusemachines Inc. - Common stock,COMMON_STOCK,NASDAQ,False,D
FVAV,FVAV,Fortress Value Acquisition Corp. V - Class A Ordinary Shares,COMMON_STOCK,NASDAQ,True,N
FVCB,FVCB,"FVCBankcorp, Inc. - Common Stock",COMMON_STOCK,NASDAQ,True,N
FVN,FVN,Future Vision II Acquisition Corporation - Ordinary Shares,COMMON_STOCK,NASDAQ,False,D
FVR,FVR,"FrontView REIT, Inc. Common Stock",COMMON_STOCK,NYSE,True,
FVRR,FVRR,"Fiverr International Ltd. Ordinary Shares, no par value",COMMON_STOCK,NYSE,True,
FWDI,FWDI,"Forward Industries, Inc. - Common Stock",COMMON_STOCK,NASDAQ,True,N
FWONA,FWONA,Liberty Media Corporation - Series A Liberty Formula One Common Stock,COMMON_STOCK,NASDAQ,True,N
FWONK,FWONK,Liberty Media Corporation - Series C Liberty Formula One Common Stock,COMMON_STOCK,NASDAQ,True,N
FWRD,FWRD,Forward Air Corporation - Common Stock,COMMON_STOCK,NASDAQ,True,N
FWRG,FWRG,"First Watch Restaurant Group, Inc. - Common Stock",COMMON_STOCK,NASDAQ,True,N
FXAC,FXAC,FortuneX Acquisition Corporation - Ordinary shares,COMMON_STOCK,NASDAQ,True,N
FXHO,FXHO,UTime Limited - Class A Ordinary Shares,COMMON_STOCK,NASDAQ,True,N
FXNC,FXNC,First National Corporation - Common Stock,COMMON_STOCK,NASDAQ,True,N
G,G,Genpact Limited Common Stock,COMMON_STOCK,NYSE,True,
GAB,GAB,"Gabelli Equity Trust, Inc. (The) Common Stock",COMMON_STOCK,NYSE,True,
GAB$H,GAB-PH,"Gabelli Equity Trust, Inc. (The) Pfd Ser H",COMMON_STOCK,NYSE,True,
GABC,GABC,"German American Bancorp, Inc. - Common Stock",COMMON_STOCK,NASDAQ,True,N
GAIA,GAIA,"Gaia, Inc. - Class A Common Stock",COMMON_STOCK,NASDAQ,True,N
GAIN,GAIN,Gladstone Investment Corporation - Business Development Company,COMMON_STOCK,NASDAQ,True,N
GALT,GALT,Galectin Therapeutics Inc. - Common Stock,COMMON_STOCK,NASDAQ,True,N
GAM,GAM,"General American Investors, Inc. Common Stock",COMMON_STOCK,NYSE,True,
GAMB,GAMB,Gambling.com Group Limited - Ordinary Shares,COMMON_STOCK,NASDAQ,True,N
GAME,GAME,"GameSquare Holdings, Inc. - Common stock",COMMON_STOCK,NASDAQ,False,D
GANX,GANX,"Gain Therapeutics, Inc. - Common Stock",COMMON_STOCK,NASDAQ,True,N
GAP,GAP,"Gap, Inc. (The) Common Stock",COMMON_STOCK,NYSE,True,
GASS,GASS,"StealthGas, Inc. - common stock",COMMON_STOCK,NASDAQ,True,N
GATX,GATX,GATX Corporation Common Stock,COMMON_STOCK,NYSE,True,
GAU,GAU,Galiano Gold Inc.,COMMON_STOCK,NYSEAMERICAN,True,
GAUZ,GAUZ,Gauzy Ltd. - Ordinary Shares,COMMON_STOCK,NASDAQ,False,H
GBCI,GBCI,"Glacier Bancorp, Inc. Common Stock",COMMON_STOCK,NYSE,True,
GBFH,GBFH,GBank Financial Holdings Inc. - Common Stock,COMMON_STOCK,NASDAQ,True,N
GBLI,GBLI,"Global Indemnity Group, LLC - Class A Common Shares",COMMON_STOCK,NASDAQ,True,N
GBR,GBR,"New Concept Energy, Inc Common Stock",COMMON_STOCK,NYSEAMERICAN,True,
GBTG,GBTG,"Global Business Travel Group, Inc. Class A Common Stock",COMMON_STOCK,NYSE,True,
GBX,GBX,"Greenbrier Companies, Inc. (The) Common Stock",COMMON_STOCK,NYSE,True,
GCBC,GCBC,"Greene County Bancorp, Inc. - Common Stock",COMMON_STOCK,NASDAQ,True,N
GCDT,GCDT,Green Circle Decarbonize Technology Limited Ordinary Shares,COMMON_STOCK,NYSEAMERICAN,True,
GCGR,GCGR,General Catalyst Global Resilience Merger Corp. - Class A Ordinary Shares,COMMON_STOCK,NASDAQ,True,N
GCL,GCL,GCL Global Holdings Ltd - Ordinary Shares,COMMON_STOCK,NASDAQ,False,D
GCMG,GCMG,GCM Grosvenor Inc. - Class A Common Stock,COMMON_STOCK,NASDAQ,True,N
GCO,GCO,Genesco Inc. Common Stock,COMMON_STOCK,NYSE,True,
GCT,GCT,GigaCloud Technology Inc - Class A Ordinary Shares,COMMON_STOCK,NASDAQ,True,N
GCTK,GCTK,"GlucoTrack, Inc. - Common Stock",COMMON_STOCK,NASDAQ,False,D
GCTS,GCTS,"GCT Semiconductor Holding, Inc. Common Stock",COMMON_STOCK,NYSE,True,
GD,GD,General Dynamics Corporation Common Stock,COMMON_STOCK,NYSE,True,
GDC,GDC,GD Culture Group Limited - Common Stock,COMMON_STOCK,NASDAQ,False,D
GDDY,GDDY,GoDaddy Inc. Class A Common Stock,COMMON_STOCK,NYSE,True,
GDEV,GDEV,GDEV Inc. - Ordinary Shares,COMMON_STOCK,NASDAQ,True,N
GDHG,GDHG,Golden Heaven Group Holdings Ltd.  - Class A Ordinary Shares,COMMON_STOCK,NASDAQ,True,N
GDOT,GDOT,"Green Dot Corporation Class A Common Stock, $0.001 par value",COMMON_STOCK,NYSE,True,
GDRX,GDRX,"GoodRx Holdings, Inc. - Class A Common Stock",COMMON_STOCK,NASDAQ,True,N
GDTC,GDTC,CytoMed Therapeutics Limited - Ordinary Shares,COMMON_STOCK,NASDAQ,True,N
GDYN,GDYN,"Grid Dynamics Holdings, Inc. - Class A Common Stock",COMMON_STOCK,NASDAQ,True,N
GE,GE,GE Aerospace Common Stock,COMMON_STOCK,NYSE,True,
GEF,GEF,Greif Inc. Class A Common Stock,COMMON_STOCK,NYSE,True,
GEF.B,GEF-B,"Greif, Inc. Corporation Class B Common Stock",COMMON_STOCK,NYSE,True,
GEG,GEG,"Great Elm Group, Inc.  - Common Stock",COMMON_STOCK,NASDAQ,True,N
GEHC,GEHC,GE HealthCare Technologies Inc. - Common Stock,COMMON_STOCK,NASDAQ,True,N
GELS,GELS,Gelteq Limited - Ordinary Shares,COMMON_STOCK,NASDAQ,False,D
GEMI,GEMI,"Gemini Space Station, Inc. - Class A Common Stock",COMMON_STOCK,NASDAQ,True,N
GEN,GEN,Gen Digital Inc. - Common Stock,COMMON_STOCK,NASDAQ,True,N
GENB,GENB,"Generate Biomedicines, Inc. - Common Stock",COMMON_STOCK,NASDAQ,True,N
GENC,GENC,"Gencor Industries, Inc. Common Stock",COMMON_STOCK,NYSEAMERICAN,True,
GENI,GENI,Genius Sports Limited Ordinary Shares,COMMON_STOCK,NYSE,True,
GENK,GENK,"GEN Restaurant Group, Inc. - Class A Common Stock",COMMON_STOCK,NASDAQ,True,N
GEO,GEO,Geo Group Inc (The) REIT,COMMON_STOCK,NYSE,True,
GEOS,GEOS,Geospace Technologies Corporation - Common Stock,COMMON_STOCK,NASDAQ,True,N
GERN,GERN,Geron Corporation - Common Stock,COMMON_STOCK,NASDAQ,True,N
GETY,GETY,"Getty Images Holdings, Inc. Class A Common Stock",COMMON_STOCK,NYSE,True,
GEV,GEV,GE Vernova Inc. Common Stock,COMMON_STOCK,NYSE,True,
GEVO,GEVO,"Gevo, Inc. - Common Stock",COMMON_STOCK,NASDAQ,True,N
GFAI,GFAI,"Guardforce AI Co., Limited - Ordinary Shares",COMMON_STOCK,NASDAQ,False,D
GFF,GFF,Griffon Corporation Common Stock,COMMON_STOCK,NYSE,True,
GFL,GFL,"GFL Environmental Inc. Subordinate voting shares, no par value",COMMON_STOCK,NYSE,True,
GFR,GFR,Greenfire Resources Ltd. Common Shares,COMMON_STOCK,NYSE,True,
GFS,GFS,GlobalFoundries Inc. - Ordinary Share,COMMON_STOCK,NASDAQ,True,N
GGB,GGB,Gerdau S.A. Common Stock,COMMON_STOCK,NYSE,True,
GGG,GGG,Graco Inc. Common Stock,COMMON_STOCK,NYSE,True,
GGN,GGN,"GAMCO Global Gold, Natural Resources & Income Trust",COMMON_STOCK,NYSEAMERICAN,True,
GGR,GGR,Gogoro Inc. - Ordinary Shares,COMMON_STOCK,NASDAQ,True,N
GGRP,GGRP,"The Glimpse Group, Inc. - Common Stock",COMMON_STOCK,NASDAQ,False,D
GGT,GGT,"Gabelli Multi-Media Trust, Inc. (The) Common Stock",COMMON_STOCK,NYSE,True,
GH,GH,"Guardant Health, Inc. - Common Stock",COMMON_STOCK,NASDAQ,True,N
GHC,GHC,Graham Holdings Company Common Stock,COMMON_STOCK,NYSE,True,
GHM,GHM,Graham Corporation Common Stock,COMMON_STOCK,NYSE,True,
GHRS,GHRS,GH Research PLC - Ordinary Shares,COMMON_STOCK,NASDAQ,True,N
GIB,GIB,CGI Inc. Common Stock,COMMON_STOCK,NYSE,True,
GIBO,GIBO,GIBO Holdings Limited - Class A Ordinary Shares,COMMON_STOCK,NASDAQ,True,N
GIC,GIC,Global Industrial Company Common Stock,COMMON_STOCK,NYSE,True,
GIFT,GIFT,"Giftify, Inc. - Common Stock",COMMON_STOCK,NASDAQ,True,N
GIGM,GIGM,GigaMedia Limited - Ordinary Shares,COMMON_STOCK,NASDAQ,True,N
GIII,GIII,"G-III Apparel Group, LTD. - Common Stock",COMMON_STOCK,NASDAQ,True,N
GIL,GIL,"Gildan Activewear, Inc. Class A Sub. Vot. Common Stock",COMMON_STOCK,NYSE,True,
GILD,GILD,"Gilead Sciences, Inc. - Common Stock",COMMON_STOCK,NASDAQ,True,N
GILT,GILT,Gilat Satellite Networks Ltd. - Ordinary Shares,COMMON_STOCK,NASDAQ,True,N
GIPR,GIPR,Generation Income Properties Inc. - Common stock,COMMON_STOCK,NASDAQ,False,D
GIS,GIS,"General Mills, Inc. Common Stock",COMMON_STOCK,NYSE,True,
GITS,GITS,"Global Interactive Technologies, Inc. Common Stock - Common Stock",COMMON_STOCK,NASDAQ,True,N
GIW,GIW,GigCapital8 Corp. - Class A Ordinary Shares,COMMON_STOCK,NASDAQ,True,N
GIX,GIX,GigCapital9 Corp. - Class A Ordinary Share,COMMON_STOCK,NASDAQ,True,N
GJH,GJH,Synthetic Fixed-Income Securities Inc 6.375% (STRATS) Cl A-1,COMMON_STOCK,NYSE,True,
GJO,GJO,"Synthetic Fixed-Income Securities, Inc. on behalf of STRATS(SM) Trust for Wal-Mart Stores, Inc. Securities, Series 2004-5",COMMON_STOCK,NYSE,True,
GJP,GJP,"Synthetic Fixed-Income Securities, Inc. on behalf of STRATS (SM) Trust for Dominion Resources, Inc. Securities, Series 2005-6, Floating Rate Structured Repackaged Asset-Backed Trust Securities (STRATS) Certificates",COMMON_STOCK,NYSE,True,
GJR,GJR,"Synthetic Fixed-Income Securities, Inc. STRATS Trust for Procter&Gamble Securities, Series 2006-1",COMMON_STOCK,NYSE,True,
GJS,GJS,"Goldman Sachs Group Securities STRATS Trust for Goldman Sachs Group Securities, Series 2006-2",COMMON_STOCK,NYSE,True,
GJT,GJT,"Synthetic Fixed-Income Securities, Inc. Floating Rate Structured Repackaged Asset-Backed Trust Securities Certificates, Series 2006-3",COMMON_STOCK,NYSE,True,
GKOS,GKOS,Glaukos Corporation Common Stock,COMMON_STOCK,NYSE,True,
GL,GL,Globe Life Inc. Common Stock,COMMON_STOCK,NYSE,True,
GLAS,GLAS,Glass House Brands Inc. Subordinate Voting Shares,COMMON_STOCK,NYSE,True,
GLBE,GLBE,Global-E Online Ltd. - ordinary shares,COMMON_STOCK,NASDAQ,True,N
GLBS,GLBS,Globus Maritime Limited - Common Stock,COMMON_STOCK,NASDAQ,True,N
GLDG,GLDG,GoldMining Inc. Common Shares,COMMON_STOCK,NYSEAMERICAN,True,
GLE,GLE,Global Engine Group Holding Limited - Class A Ordinary Shares,COMMON_STOCK,NASDAQ,False,D
GLED,GLED,GalaxyEdge Acquisition Corporation Ordinary Shares,COMMON_STOCK,NYSE,True,
GLIBA,GLIBA,Liberty Capital Corporation - Series A GCI Group Common Stock,COMMON_STOCK,NASDAQ,True,N
GLIBK,GLIBK,Liberty Capital Corporation - Series C GCI Group Common Stock,COMMON_STOCK,NASDAQ,True,N
GLMD,GLMD,Galmed Pharmaceuticals Ltd. - Ordinary Shares,COMMON_STOCK,NASDAQ,False,D
GLND,GLND,Greenland Energy Company - Common Stock,COMMON_STOCK,NASDAQ,True,N
GLNG,GLNG,Golar LNG Limited - Common Shares,COMMON_STOCK,NASDAQ,True,N
GLOB,GLOB,Globant S.A. Common Shares,COMMON_STOCK,NYSE,True,
GLOO,GLOO,"Gloo Holdings, Inc. - Common Stock",COMMON_STOCK,NASDAQ,True,N
GLPI,GLPI,"Gaming and Leisure Properties, Inc. - Common Stock",COMMON_STOCK,NASDAQ,True,N
GLRE,GLRE,"Greenlight Reinsurance, Ltd. - Class A Ordinary Shares",COMMON_STOCK,NASDAQ,True,N
GLSI,GLSI,"Greenwich LifeSciences, Inc. - Common stock",COMMON_STOCK,NASDAQ,True,N
GLU,GLU,Gabelli Global Utility Common Shares of Beneficial Ownership,COMMON_STOCK,NYSEAMERICAN,True,
GLUE,GLUE,"Monte Rosa Therapeutics, Inc. - Common Stock",COMMON_STOCK,NASDAQ,True,N
GLW,GLW,Corning Incorporated Common Stock,COMMON_STOCK,NYSE,True,
GLXG,GLXG,Galaxy Payroll Group Limited - Class A Ordinary Shares,COMMON_STOCK,NASDAQ,True,N
GLXY,GLXY,Galaxy Digital Inc. - Class A common stock,COMMON_STOCK,NASDAQ,True,N
GM,GM,General Motors Company Common Stock,COMMON_STOCK,NYSE,True,
GME,GME,GameStop Corporation Common Stock,COMMON_STOCK,NYSE,True,
GMED,GMED,"Globus Medical, Inc. Class A Common Stock",COMMON_STOCK,NYSE,True,
GMEX,GMEX,GMEX ROBOTICS CORPORATION - Class A Ordinary Shares,COMMON_STOCK,NASDAQ,True,N
GMHS,GMHS,Gamehaus Holdings Inc. - Class A Ordinary Shares,COMMON_STOCK,NASDAQ,True,N
GMM,GMM,Global Mofy AI Limited  - Class A Ordinary Shares,COMMON_STOCK,NASDAQ,True,N
GMRS,GMRS,GMR Solutions Inc. Class A Common Stock,COMMON_STOCK,NYSE,True,
GMTL,GMTL,Guardian Metal Resources PLC ADS,COMMON_STOCK,NYSEAMERICAN,True,
GNE,GNE,Genie Energy Ltd. Class B Common Stock Stock,COMMON_STOCK,NYSE,True,
GNK,GNK,Genco Shipping & Trading Limited Ordinary Shares New (Marshall Islands),COMMON_STOCK,NYSE,True,
GNL,GNL,"Global Net Lease, Inc. Common Stock",COMMON_STOCK,NYSE,True,
GNLN,GNLN,"Greenlane Holdings, Inc. - Class A Common Stock",COMMON_STOCK,NASDAQ,True,N
GNLX,GNLX,Genelux Corporation - Common Stock,COMMON_STOCK,NASDAQ,True,N
GNPX,GNPX,"Genprex, Inc. - Common Stock",COMMON_STOCK,NASDAQ,False,D
GNRC,GNRC,Generac Holdlings Inc. Common Stock,COMMON_STOCK,NYSE,True,
GNS,GNS,Genius Group Limited Ordinary Shares,COMMON_STOCK,NYSEAMERICAN,True,
GNSS,GNSS,Genasys Inc. - Common Stock,COMMON_STOCK,NASDAQ,True,N
GNT,GNT,"GAMCO Natural Resources, Gold & Income Trust",COMMON_STOCK,NYSE,True,
GNTX,GNTX,Gentex Corporation - Common Stock,COMMON_STOCK,NASDAQ,True,N
GNW,GNW,Genworth Financial Inc Common Stock,COMMON_STOCK,NYSE,True,
GO,GO,Grocery Outlet Holding Corp. - Common Stock,COMMON_STOCK,NASDAQ,True,N
GOAI,GOAI,Eva Live Inc. - Common Stock,COMMON_STOCK,NASDAQ,True,N
GOGO,GOGO,Gogo Inc. - Common Stock,COMMON_STOCK,NASDAQ,True,N
GOLD,GOLD,"Gold.com, Inc. Common Stock",COMMON_STOCK,NYSE,True,
GOLF,GOLF,Acushnet Holdings Corp. Common Stock,COMMON_STOCK,NYSE,True,
GOOD,GOOD,Gladstone Commercial Corporation - Real Estate Investment Trust,COMMON_STOCK,NASDAQ,True,N
GOOG,GOOG,Alphabet Inc. - Class C Capital Stock,COMMON_STOCK,NASDAQ,True,N
GOOGL,GOOGL,Alphabet Inc. - Class A Common Stock,COMMON_STOCK,NASDAQ,True,N
GOOS,GOOS,Canada Goose Holdings Inc. Subordinate Voting Shares,COMMON_STOCK,NYSE,True,
GORO,GORO,Gold Resource Corporation Common Stock,COMMON_STOCK,NYSEAMERICAN,True,
GOSS,GOSS,"Gossamer Bio, Inc. - Common Stock",COMMON_STOCK,NASDAQ,False,D
GOVX,GOVX,"GeoVax Labs, Inc. - Common Stock",COMMON_STOCK,NASDAQ,True,N
GP,GP,GreenPower Motor Company Inc. - Common Shares,COMMON_STOCK,NASDAQ,True,N
GPAC,GPAC,General Purpose Acquisition Corp. - Class A Ordinary Shares,COMMON_STOCK,NASDAQ,True,N
GPAT,GPAT,GP-Act III Acquisition Corp. - Class A Ordinary Share,COMMON_STOCK,NASDAQ,True,N
GPC,GPC,Genuine Parts Company Common Stock,COMMON_STOCK,NYSE,True,
GPGI,GPGI,"GPGI, Inc. Class A Common Stock",COMMON_STOCK,NYSE,True,
GPI,GPI,"Group 1 Automotive, Inc. Common Stock",COMMON_STOCK,NYSE,True,
GPK,GPK,Graphic Packaging Holding Company,COMMON_STOCK,NYSE,True,
GPMT,GPMT,Granite Point Mortgage Trust Inc. Common Stock,COMMON_STOCK,NYSE,True,
GPN,GPN,Global Payments Inc. Common Stock,COMMON_STOCK,NYSE,True,
GPOR,GPOR,Gulfport Energy Corporation Common Shares,COMMON_STOCK,NYSE,True,
GPRE,GPRE,"Green Plains, Inc. - Common Stock",COMMON_STOCK,NASDAQ,True,N
GPRK,GPRK,Geopark Ltd Common Shares,COMMON_STOCK,NYSE,True,
GPRO,GPRO,"GoPro, Inc. - Class A Common Stock",COMMON_STOCK,NASDAQ,True,N
GPUS,GPUS,"Hyperscale Data, Inc. Common Stock",COMMON_STOCK,NYSEAMERICAN,True,
GRAB,GRAB,Grab Holdings Limited - Class A Ordinary Shares,COMMON_STOCK,NASDAQ,True,N
GRAF,GRAF,Graf Global Corp. Class A ordinary shares,COMMON_STOCK,NYSEAMERICAN,True,
GRAL,GRAL,"GRAIL, Inc. - Common Stock",COMMON_STOCK,NASDAQ,True,N
GRAN,GRAN,Grande Group Limited - Class A Ordinary Shares,COMMON_STOCK,NASDAQ,True,N
GRBK,GRBK,"Green Brick Partners, Inc. Common Stock",COMMON_STOCK,NYSE,True,
GRC,GRC,Gorman-Rupp Company (The) Common Stock,COMMON_STOCK,NYSE,True,
GRCE,GRCE,"Grace Therapeutics, Inc. - Common Stock",COMMON_STOCK,NASDAQ,True,N
GRDN,GRDN,"Guardian Pharmacy Services, Inc. Class A Common Stock",COMMON_STOCK,NYSE,True,
GRDX,GRDX,GridAI Technologies Corp.  - Common Stock,COMMON_STOCK,NASDAQ,True,N
GREE,GREE,Greenidge Generation Holdings Inc. - Class A Common Stock,COMMON_STOCK,NASDAQ,False,D
GRI,GRI,"GRI Bio, Inc. - Common Stock",COMMON_STOCK,NASDAQ,True,N
GRML,GRML,Greenland Mines Ltd - Common Stock,COMMON_STOCK,NASDAQ,False,D
GRMN,GRMN,Garmin Ltd. Common Stock (Switzerland),COMMON_STOCK,NYSE,True,
GRND,GRND,Grindr Inc. Common Stock,COMMON_STOCK,NYSE,True,
GRNQ,GRNQ,Greenpro Capital Corp. - Common Stock,COMMON_STOCK,NASDAQ,True,N
GRNT,GRNT,"Granite Ridge Resources, Inc. Common Stock",COMMON_STOCK,NYSE,True,
GRO,GRO,Brazil Potash Corp. Common Shares,COMMON_STOCK,NYSEAMERICAN,True,
GROV,GROV,"Grove Collaborative Holdings, Inc. Class A Common Stock",COMMON_STOCK,NYSE,True,
GROW,GROW,"U.S. Global Investors, Inc. - Class A Common Stock",COMMON_STOCK,NASDAQ,True,N
GROY,GROY,Gold Royalty Corp. Common Shares,COMMON_STOCK,NYSEAMERICAN,True,
GRPN,GRPN,"Groupon, Inc. - Common Stock",COMMON_STOCK,NASDAQ,True,N
GRRR,GRRR,Gorilla Technology Group Inc. - Ordinary shares,COMMON_STOCK,NASDAQ,True,N
GRWG,GRWG,GrowGeneration Corp. - Common Stock,COMMON_STOCK,NASDAQ,True,N
GS,GS,"Goldman Sachs Group, Inc. (The) Common Stock",COMMON_STOCK,NYSE,True,
GS$D,GS-PD,"Goldman Sachs Group, Inc. (The) Dep Shs repstg 1/1000 Pfd Ser D Fltg",COMMON_STOCK,NYSE,True,
GSAT,GSAT,"Globalstar, Inc. - Common Stock",COMMON_STOCK,NASDAQ,True,N
GSBC,GSBC,"Great Southern Bancorp, Inc. - Common Stock",COMMON_STOCK,NASDAQ,True,N
GSBD,GSBD,"Goldman Sachs BDC, Inc. Common Stock",COMMON_STOCK,NYSE,True,
GSHD,GSHD,"Goosehead Insurance, Inc. - Class A Common Stock",COMMON_STOCK,NASDAQ,True,N
GSHR,GSHR,Gesher Acquisition Corp. II - Class A Ordinary Shares,COMMON_STOCK,NASDAQ,True,N
GSIT,GSIT,"GSI Technology, Inc. - Common Stock",COMMON_STOCK,NASDAQ,True,N
GSIW,GSIW,Garden Stage Limited - Class A Ordinary Shares,COMMON_STOCK,NASDAQ,True,N
GSL,GSL,Global Ship Lease Inc New Class A Common Shares,COMMON_STOCK,NYSE,True,
GSM,GSM,Ferroglobe PLC - Ordinary Shares,COMMON_STOCK,NASDAQ,True,N
GSRF,GSRF,GSR IV Acquisition Corp. - Class A ordinary share,COMMON_STOCK,NASDAQ,True,N
GSRV,GSRV,GSR V Acquisition Corp. - Class A ordinary shares,COMMON_STOCK,NASDAQ,True,N
GSUN,GSUN,Golden Sun Technology Group Limited - Class A Ordinary Shares,COMMON_STOCK,NASDAQ,False,D
GT,GT,The Goodyear Tire & Rubber Company - Common Stock,COMMON_STOCK,NASDAQ,True,N
GTBP,GTBP,"GT Biopharma, Inc. - Common Stock",COMMON_STOCK,NASDAQ,False,D
GTE,GTE,Gran Tierra Energy Inc. Common Stock,COMMON_STOCK,NYSEAMERICAN,True,
GTEC,GTEC,Greenland Technologies Holding Corporation - Class A Ordinary Shares,COMMON_STOCK,NASDAQ,False,D
GTEN,GTEN,"Gores Holdings X, Inc. - Class A ordinary shares",COMMON_STOCK,NASDAQ,True,N
GTERA,GTERA,Globa Terra Acquisition Corporation - Class A Ordinary Shares,COMMON_STOCK,NASDAQ,True,N
GTES,GTES,Gates Industrial Corporation plc Ordinary Shares,COMMON_STOCK,NYSE,True,
GTIM,GTIM,Good Times Restaurants Inc. - Common Stock,COMMON_STOCK,NASDAQ,True,N
GTLB,GTLB,GitLab Inc. - Class A Common Stock,COMMON_STOCK,NASDAQ,True,N
GTLS,GTLS,"Chart Industries, Inc. Common Stock",COMMON_STOCK,NYSE,True,
GTM,GTM,ZoomInfo Technologies Inc. - Common Stock,COMMON_STOCK,NASDAQ,True,N
GTN,GTN,"Gray Media, Inc. Common Stock",COMMON_STOCK,NYSE,True,
GTN.A,GTN-A,"Gray Media, Inc. Class A Common Stock",COMMON_STOCK,NYSE,True,
GTX,GTX,Garrett Motion Inc. - Common Stock,COMMON_STOCK,NASDAQ,True,N
GTY,GTY,Getty Realty Corporation Common Stock,COMMON_STOCK,NYSE,True,
GUAC,GUAC,Berto Acquisition Corp. II - Ordinary Shares,COMMON_STOCK,NASDAQ,True,N
GURE,GURE,"Gulf Resources, Inc. - Common Stock",COMMON_STOCK,NASDAQ,False,E
GUT,GUT,Gabelli Utility Trust (The) Common Stock,COMMON_STOCK,NYSE,True,
GUTS,GUTS,"Fractyl Health, Inc. - Common Stock",COMMON_STOCK,NASDAQ,False,D
GV,GV,Visionary Holdings Inc. - Common Shares,COMMON_STOCK,NASDAQ,False,H
GVA,GVA,Granite Construction Incorporated Common Stock,COMMON_STOCK,NYSE,True,
GVH,GVH,Globavend Holdings Limited - Ord Shares,COMMON_STOCK,NASDAQ,True,N
GWAV,GWAV,"Greenwave Technology Solutions, Inc. - Common Stock",COMMON_STOCK,NASDAQ,False,E
GWH,GWH,"ESS Tech, Inc. Common Stock",COMMON_STOCK,NYSE,True,
GWRE,GWRE,"Guidewire Software, Inc. Common Stock",COMMON_STOCK,NYSE,True,
GWRS,GWRS,"Global Water Resources, Inc. - common stock",COMMON_STOCK,NASDAQ,True,N
GWW,GWW,"W.W. Grainger, Inc. Common Stock",COMMON_STOCK,NYSE,True,
GXAI,GXAI,Gaxos.ai Inc. - Common Stock,COMMON_STOCK,NASDAQ,True,N
GXO,GXO,"GXO Logistics, Inc. Common Stock",COMMON_STOCK,NYSE,True,
GYRE,GYRE,"Gyre Therapeutics, Inc. - Common Stock",COMMON_STOCK,NASDAQ,True,N
GYRO,GYRO,"Gyrodyne , LLC - Common Stock",COMMON_STOCK,NASDAQ,True,N
H,H,Hyatt Hotels Corporation Class A Common Stock,COMMON_STOCK,NYSE,True,
HACQ,HACQ,HCM IV Acquisition Corp. - Class A Ordinary Share,COMMON_STOCK,NASDAQ,True,N
HAE,HAE,Haemonetics Corporation Common Stock,COMMON_STOCK,NYSE,True,
HAFC,HAFC,Hanmi Financial Corporation - Common Stock,COMMON_STOCK,NASDAQ,True,N
HAFN,HAFN,Hafnia Limited Common Shares,COMMON_STOCK,NYSE,True,
HAIN,HAIN,"The Hain Celestial Group, Inc. - Common Stock",COMMON_STOCK,NASDAQ,False,D
HAL,HAL,Halliburton Company Common Stock,COMMON_STOCK,NYSE,True,
HALO,HALO,"Halozyme Therapeutics, Inc. - Common Stock",COMMON_STOCK,NASDAQ,True,N
HAO,HAO,Haoxi Health Technology Limited - Class A Ord Share,COMMON_STOCK,NASDAQ,True,N
HAPN,HAPN,"Happen, Inc. - Common Stock",COMMON_STOCK,NASDAQ,True,N
HAS,HAS,"Hasbro, Inc. - Common Stock",COMMON_STOCK,NASDAQ,True,N
HASI,HASI,"HA Sustainable Infrastructure Capital, Inc. Common Stock",COMMON_STOCK,NYSE,True,
HAVA,HAVA,Harvard Ave Acquisition Corporation - Class A Ordinary Share,COMMON_STOCK,NASDAQ,True,N
HAWK,HAWK,"HawkEye 360, Inc. Common Stock",COMMON_STOCK,NYSE,True,
HAYW,HAYW,"Hayward Holdings, Inc. Common Stock",COMMON_STOCK,NYSE,True,
HBAN,HBAN,Huntington Bancshares Incorporated - Common Stock,COMMON_STOCK,NASDAQ,True,N
HBB,HBB,Hamilton Beach Brands Holding Company Class A Common Stock,COMMON_STOCK,NYSE,True,
HBCP,HBCP,"Home Bancorp, Inc. - Common Stock",COMMON_STOCK,NASDAQ,True,N
HBIO,HBIO,"Harvard Bioscience, Inc. - Common Stock",COMMON_STOCK,NASDAQ,True,N
HBM,HBM,Hudbay Minerals Inc. Ordinary Shares (Canada),COMMON_STOCK,NYSE,True,
HBNB,HBNB,Hotel101 Global Holdings Corp. - Class A Ordinary Shares,COMMON_STOCK,NASDAQ,True,N
HBNC,HBNC,"Horizon Bancorp, Inc. - Common Stock",COMMON_STOCK,NASDAQ,True,N
HBT,HBT,"HBT Financial, Inc. - Common Stock",COMMON_STOCK,NASDAQ,True,N
HCA,HCA,"HCA Healthcare, Inc. Common Stock",COMMON_STOCK,NYSE,True,
HCAC,HCAC,Hall Chadwick Acquisition Corp. - Class A Ordinary Shares,COMMON_STOCK,NASDAQ,True,N
HCAI,HCAI,"Huachen AI Parking Management Technology Holding Co., Ltd. - Class A Ordinary Shares",COMMON_STOCK,NASDAQ,True,N
HCAT,HCAT,"Health Catalyst, Inc - Common stock",COMMON_STOCK,NASDAQ,True,N
HCC,HCC,"Warrior Met Coal, Inc. Common Stock",COMMON_STOCK,NYSE,True,
HCHL,HCHL,Happy City Holdings Limited - Class A Ordinary shares,COMMON_STOCK,NASDAQ,True,N
HCI,HCI,"HCI Group, Inc. Common Stock",COMMON_STOCK,NYSE,True,
HCIC,HCIC,Hennessy Capital Investment Corp. VIII - Class A Ordinary Shares,COMMON_STOCK,NASDAQ,True,N
HCKT,HCKT,"The Hackett Group, Inc. - Common Stock",COMMON_STOCK,NASDAQ,True,N
HCMA,HCMA,HCM III Acquisition Corp. - Class A Ordinary Share,COMMON_STOCK,NASDAQ,True,N
HCSG,HCSG,"Healthcare Services Group, Inc. - Common Stock",COMMON_STOCK,NASDAQ,True,N
HCTI,HCTI,"Healthcare Triangle, Inc. - Common Stock",COMMON_STOCK,NASDAQ,True,N
HCWB,HCWB,HCW Biologics Inc. - Common Stock,COMMON_STOCK,NASDAQ,True,N
HCWC,HCWC,Healthy Choice Wellness Corp. Class A Common Stock,COMMON_STOCK,NYSEAMERICAN,True,
HD,HD,"Home Depot, Inc. (The) Common Stock",COMMON_STOCK,NYSE,True,
HDB,HDB,HDFC Bank Limited Common Stock,COMMON_STOCK,NYSE,True,
HDRN,HDRN,"Hadron Energy, Inc. - Common Stock",COMMON_STOCK,NASDAQ,True,N
HDSN,HDSN,"Hudson Technologies, Inc. - Common Stock",COMMON_STOCK,NASDAQ,True,N
HE,HE,"Hawaiian Electric Industries, Inc. Common Stock",COMMON_STOCK,NYSE,True,
HEI,HEI,Heico Corporation Common Stock,COMMON_STOCK,NYSE,True,
HEI.A,HEI-A,Heico Corporation Common Stock,COMMON_STOCK,NYSE,True,
HELE,HELE,Helen of Troy Limited - Common Stock,COMMON_STOCK,NASDAQ,True,N
HELP,HELP,Cybin Inc. - Common Stock,COMMON_STOCK,NASDAQ,True,N
HESM,HESM,Hess Midstream LP Class A Representing Limited Partner Interests,COMMON_STOCK,NYSE,True,
HFBL,HFBL,"Home Federal Bancorp, Inc. of Louisiana - Common Stock",COMMON_STOCK,NASDAQ,True,N
HFFG,HFFG,HF Foods Group Inc. - Common Stock,COMMON_STOCK,NASDAQ,True,N
HFWA,HFWA,Heritage Financial Corporation - Common Stock,COMMON_STOCK,NASDAQ,True,N
HG,HG,"Hamilton Insurance Group, Ltd. Class B Common Shares",COMMON_STOCK,NYSE,True,
HGBL,HGBL,Heritage Global Inc. - Common Stock,COMMON_STOCK,NASDAQ,True,N
HGTY,HGTY,"Hagerty, Inc. Class A Common Stock",COMMON_STOCK,NYSE,True,
HGV,HGV,Hilton Grand Vacations Inc. Common Stock,COMMON_STOCK,NYSE,True,
HHH,HHH,Howard Hughes Holdings Inc. Common Stock,COMMON_STOCK,NYSE,True,
HHS,HHS,"Harte Hanks, Inc. - Common Stock",COMMON_STOCK,NASDAQ,True,N
HIFS,HIFS,Hingham Institution for Savings - Common Stock,COMMON_STOCK,NASDAQ,True,N
HIG,HIG,"The Hartford Insurance Group, Inc. Common Stock",COMMON_STOCK,NYSE,True,
HIHO,HIHO,Highway Holdings Limited - Common Stock,COMMON_STOCK,NASDAQ,False,D
HII,HII,"Huntington Ingalls Industries, Inc. Common Stock",COMMON_STOCK,NYSE,True,
HIMS,HIMS,"Hims & Hers Health, Inc. Class A Common Stock",COMMON_STOCK,NYSE,True,
HIND,HIND,"Vyome Holdings, Inc. - Common Stock",COMMON_STOCK,NASDAQ,True,N
HIPO,HIPO,Hippo Holdings Inc. Common Stock,COMMON_STOCK,NYSE,True,
HIT,HIT,"Health In Tech, Inc. - Class A Common Stock",COMMON_STOCK,NASDAQ,True,N
HITI,HITI,High Tide Inc. - Common Shares,COMMON_STOCK,NASDAQ,True,N
HIVE,HIVE,HIVE Digital Technologies Ltd - Common Shares,COMMON_STOCK,NASDAQ,True,N
HIW,HIW,"Highwoods Properties, Inc. Common Stock",COMMON_STOCK,NYSE,True,
HKIT,HKIT,Hitek Global Inc. - Class A Ordinary Share,COMMON_STOCK,NASDAQ,True,N
HKPD,HKPD,"Cellyan Biotechnology Co., Ltd  - Class A Ordinary Shares",COMMON_STOCK,NASDAQ,False,D
HL,HL,Hecla Mining Company Common Stock,COMMON_STOCK,NYSE,True,
HLF,HLF,Herbalife Ltd. Common Shares,COMMON_STOCK,NYSE,True,
HLI,HLI,"Houlihan Lokey, Inc. Class A Common Stock",COMMON_STOCK,NYSE,True,
HLIO,HLIO,"Helios Technologies, Inc. Common Stock",COMMON_STOCK,NYSE,True,
HLIT,HLIT,Harmonic Inc. - Common Stock,COMMON_STOCK,NASDAQ,True,N
HLLY,HLLY,Holley Inc. Common Stock,COMMON_STOCK,NYSE,True,
HLMN,HLMN,Hillman Solutions Corp. - Common Stock,COMMON_STOCK,NASDAQ,True,N
HLNE,HLNE,Hamilton Lane Incorporated - Class A Common Stock,COMMON_STOCK,NASDAQ,True,N
HLP,HLP,Hongli Group Inc. - Ordinary Shares,COMMON_STOCK,NASDAQ,False,D
HLT,HLT,Hilton Worldwide Holdings Inc. Common Stock,COMMON_STOCK,NYSE,True,
HLX,HLX,"Helix Energy Solutions Group, Inc. Common Stock",COMMON_STOCK,NYSE,True,
HLXC,HLXC,Helix Acquisition Corp. III - Class A Ordinary Shares,COMMON_STOCK,NASDAQ,True,N
HMC,HMC,"Honda Motor Company, Ltd. Common Stock",COMMON_STOCK,NYSE,True,
HMH,HMH,HMH Holding Inc. - Common Stock,COMMON_STOCK,NASDAQ,True,N
HMN,HMN,Horace Mann Educators Corporation Common Stock,COMMON_STOCK,NYSE,True,
HMR,HMR,Heidmar Maritime Holdings Corp. - Common Stock,COMMON_STOCK,NASDAQ,True,N
HMY,HMY,Harmony Gold Mining Company Limited,COMMON_STOCK,NYSE,True,
HNGE,HNGE,"Hinge Health, Inc. Class A Common Stock",COMMON_STOCK,NYSE,True,
HNI,HNI,HNI Corporation Common Stock,COMMON_STOCK,NYSE,True,
HNNA,HNNA,"Hennessy Advisors, Inc. - Common Stock",COMMON_STOCK,NASDAQ,True,N
HNRG,HNRG,Hallador Energy Company - Common Stock,COMMON_STOCK,NASDAQ,True,N
HNST,HNST,"The Honest Company, Inc. - Common Stock",COMMON_STOCK,NASDAQ,True,N
HNVR,HNVR,"Hanover Bancorp, Inc. - Common Stock",COMMON_STOCK,NASDAQ,True,N
HODO,HODO,House of Doge Inc. - Common Stock,COMMON_STOCK,NASDAQ,True,N
HOFT,HOFT,Hooker Furnishings Corporation - Common Stock,COMMON_STOCK,NASDAQ,True,N
HOG,HOG,"Harley-Davidson, Inc. Common Stock",COMMON_STOCK,NYSE,True,
HOLO,HOLO,MicroCloud Hologram Inc. - Ordinary Shares,COMMON_STOCK,NASDAQ,True,N
HOMB,HOMB,"Home BancShares, Inc. Common Stock",COMMON_STOCK,NYSE,True,
HON,HON,Honeywell International Inc. - Common Stock,COMMON_STOCK,NASDAQ,True,N
HONA,HONA,Honeywell Aerospace Inc. - Common Stock,COMMON_STOCK,NASDAQ,True,N
HOOD,HOOD,"Robinhood Markets, Inc. - Class A Common Stock",COMMON_STOCK,NASDAQ,True,N
HOPE,HOPE,"Hope Bancorp, Inc. - Common Stock",COMMON_STOCK,NASDAQ,True,N
HOUR,HOUR,"Hour Loop, Inc. - common stock",COMMON_STOCK,NASDAQ,True,N
HOV,HOV,"Hovnanian Enterprises, Inc. Class A Common Stock",COMMON_STOCK,NYSE,True,
HOVR,HOVR,New Horizon Aircraft Ltd. - Class A Ordinary Shares,COMMON_STOCK,NASDAQ,True,N
HOWL,HOWL,"Werewolf Therapeutics, Inc. - Common Stock",COMMON_STOCK,NASDAQ,False,D
HP,HP,"Helmerich & Payne, Inc. Common Stock",COMMON_STOCK,NYSE,True,
HPAI,HPAI,Helport AI Limited - Ordinary Shares,COMMON_STOCK,NASDAQ,True,N
HPE,HPE,Hewlett Packard Enterprise Company Common Stock,COMMON_STOCK,NYSE,True,
HPK,HPK,"HighPeak Energy, Inc. - Common Stock",COMMON_STOCK,NASDAQ,True,N
HPP,HPP,"Hudson Pacific Properties, Inc. Common Stock",COMMON_STOCK,NYSE,True,
HPQ,HPQ,HP Inc. Common Stock,COMMON_STOCK,NYSE,True,
HQ,HQ,Horizon Quantum Holdings Ltd. - Class A Ordinary Shares,COMMON_STOCK,NASDAQ,True,N
HQI,HQI,"HireQuest, Inc. - Common Stock",COMMON_STOCK,NASDAQ,True,N
HQY,HQY,"HealthEquity, Inc. - Common Stock",COMMON_STOCK,NASDAQ,True,N
HR,HR,Healthcare Realty Trust Incorporated Common Stock,COMMON_STOCK,NYSE,True,
HRB,HRB,"H&R Block, Inc. Common Stock",COMMON_STOCK,NYSE,True,
HRI,HRI,Herc Holdings Inc. Common Stock,COMMON_STOCK,NYSE,True,
HRL,HRL,Hormel Foods Corporation Common Stock,COMMON_STOCK,NYSE,True,
HRMY,HRMY,"Harmony Biosciences Holdings, Inc. - Common Stock",COMMON_STOCK,NASDAQ,True,N
HROW,HROW,"Harrow, Inc. - Common Stock",COMMON_STOCK,NASDAQ,True,N
HRTG,HRTG,"Heritage Insurance Holdings, Inc. Common Stock",COMMON_STOCK,NYSE,True,
HRTX,HRTX,"Heron Therapeutics, Inc.   - Common Stock",COMMON_STOCK,NASDAQ,False,D
HRZN,HRZN,Horizon Technology Finance Corporation - Common Stock,COMMON_STOCK,NASDAQ,True,N
HSBC,HSBC,"HSBC Holdings, plc. Common Stock",COMMON_STOCK,NYSE,True,
HSCS,HSCS,HeartSciences Inc. - Common Stock,COMMON_STOCK,NASDAQ,True,N
HSDT,HSDT,Solana Company - Class A Common Stock,COMMON_STOCK,NASDAQ,True,N
HSHP,HSHP,Himalaya Shipping Ltd. Common Shares,COMMON_STOCK,NYSE,True,
HSIC,HSIC,"Henry Schein, Inc. - Common Stock",COMMON_STOCK,NASDAQ,True,N
HSLV,HSLV,Highlander Silver Corp. Common Shares,COMMON_STOCK,NYSEAMERICAN,True,
HST,HST,"Host Hotels & Resorts, Inc. - Common Stock",COMMON_STOCK,NASDAQ,True,N
HSTM,HSTM,"HealthStream, Inc. - Common Stock",COMMON_STOCK,NASDAQ,True,N
HSY,HSY,The Hershey Company Common Stock,COMMON_STOCK,NYSE,True,
HTB,HTB,"HomeTrust Bancshares, Inc. Common Stock",COMMON_STOCK,NYSE,True,
HTCO,HTCO,High-Trend International Group - Class A Ordinary Shares,COMMON_STOCK,NASDAQ,True,N
HTCR,HTCR,"Heartcore Enterprises, Inc. - Common Stock",COMMON_STOCK,NASDAQ,True,N
HTFL,HTFL,"Heartflow, Inc. - Common Stock",COMMON_STOCK,NASDAQ,True,N
HTGC,HTGC,"Hercules Capital, Inc. Common Stock",COMMON_STOCK,NYSE,True,
HTH,HTH,Hilltop Holdings Inc.,COMMON_STOCK,NYSE,True,
HTLD,HTLD,"Heartland Express, Inc. - Common Stock",COMMON_STOCK,NASDAQ,True,N
HTLM,HTLM,HomesToLife Ltd - Ordinary Shares,COMMON_STOCK,NASDAQ,True,N
HTO,HTO,H2O America  - Common Stock,COMMON_STOCK,NASDAQ,True,N
HTOO,HTOO,Fusion Fuel Green PLC - Ordinary Shares,COMMON_STOCK,NASDAQ,True,N
HTZ,HTZ,"Hertz Global Holdings, Inc - Common Stock",COMMON_STOCK,NASDAQ,True,N
HUBB,HUBB,Hubbell Inc Common Stock,COMMON_STOCK,NYSE,True,
HUBC,HUBC,Hub Cyber Security Ltd. - Ordinary Shares,COMMON_STOCK,NASDAQ,False,H
HUBG,HUBG,"Hub Group, Inc. - Class A Common Stock",COMMON_STOCK,NASDAQ,False,E
HUBS,HUBS,"HubSpot, Inc. Common Stock",COMMON_STOCK,NYSE,True,
HUDI,HUDI,"Huadi International Group Co., Ltd. - Ordinary Shares",COMMON_STOCK,NASDAQ,True,N
HUHU,HUHU,HUHUTECH International Group Inc. - Ordinary Shares,COMMON_STOCK,NASDAQ,True,N
HUM,HUM,Humana Inc. Common Stock,COMMON_STOCK,NYSE,True,
HUMA,HUMA,"Humacyte, Inc. - Common Stock",COMMON_STOCK,NASDAQ,True,N
HUN,HUN,Huntsman Corporation Common Stock,COMMON_STOCK,NYSE,True,
HURA,HURA,"TuHURA Biosciences, Inc. - Common Stock",COMMON_STOCK,NASDAQ,True,N
HURC,HURC,"Hurco Companies, Inc. - Common Stock",COMMON_STOCK,NASDAQ,True,N
HURN,HURN,Huron Consulting Group Inc. - Common Stock,COMMON_STOCK,NASDAQ,True,N
HUT,HUT,Hut 8 Corp. - Common Stock,COMMON_STOCK,NASDAQ,True,N
HVII,HVII,Hennessy Capital Investment Corp. VII - Ordinary Shares,COMMON_STOCK,NASDAQ,True,N
HVMC,HVMC,Highview Merger Corp. - Class A Ordinary Share,COMMON_STOCK,NASDAQ,True,N
HVT,HVT,"Haverty Furniture Companies, Inc. Common Stock",COMMON_STOCK,NYSE,True,
HVT.A,HVT-A,"Haverty Furniture Companies, Inc. Common Stock",COMMON_STOCK,NYSE,True,
HWBK,HWBK,"Hawthorn Bancshares, Inc. - Common Stock",COMMON_STOCK,NASDAQ,True,N
HWC,HWC,Hancock Whitney Corporation - Common Stock,COMMON_STOCK,NASDAQ,True,N
HWH,HWH,HWH International Inc. - Common Stock,COMMON_STOCK,NASDAQ,False,D
HWKN,HWKN,"Hawkins, Inc. - Common Stock",COMMON_STOCK,NASDAQ,True,N
HWM,HWM,Howmet Aerospace Inc. Common Stock,COMMON_STOCK,NYSE,True,
HXHX,HXHX,Haoxin Holdings Limited - Class A Ordinary Shares,COMMON_STOCK,NASDAQ,False,D
HXL,HXL,Hexcel Corporation Common Stock,COMMON_STOCK,NYSE,True,
HY,HY,"Hyster-Yale, Inc. Class A common stock",COMMON_STOCK,NYSE,True,
HYFM,HYFM,"Hydrofarm Holdings Group, Inc. - Common Stock",COMMON_STOCK,NASDAQ,False,D
HYFT,HYFT,MindWalk Holdings Corp. - Common Stock,COMMON_STOCK,NASDAQ,True,N
HYLN,HYLN,Hyliion Holdings Corp. Class A Common Stock,COMMON_STOCK,NYSEAMERICAN,True,
HYMC,HYMC,Hycroft Mining Holding Corporation - Class A Common Stock,COMMON_STOCK,NASDAQ,True,N
HYNE,HYNE,"Hoyne Bancorp, Inc. - Common Stock",COMMON_STOCK,NASDAQ,True,N
HYPD,HYPD,"Hyperion DeFi, Inc. - Common Stock",COMMON_STOCK,NASDAQ,True,N
HYPR,HYPR,"Hyperfine, Inc.  - Class A Common Stock",COMMON_STOCK,NASDAQ,True,N
HZO,HZO,"MarineMax, Inc.  (FL) Common Stock",COMMON_STOCK,NYSE,True,
IACO,IACO,Idea Acquisition Corp. - Class A Ordinary Shares,COMMON_STOCK,NASDAQ,True,N
IACQ,IACQ,Irenic Acquisition Corp. - Class A Ordinary Shares,COMMON_STOCK,NASDAQ,True,N
IAG,IAG,Iamgold Corporation Ordinary Shares,COMMON_STOCK,NYSE,True,
IART,IART,Integra LifeSciences Holdings Corporation - Common Stock,COMMON_STOCK,NASDAQ,True,N
IAUX,IAUX,i-80 Gold Corp. Common Shares,COMMON_STOCK,NYSEAMERICAN,True,
IBAC,IBAC,IB Acquisition Corp. - Common Stock,COMMON_STOCK,NASDAQ,True,N
IBCP,IBCP,Independent Bank Corporation - Common Stock,COMMON_STOCK,NASDAQ,True,N
IBEX,IBEX,IBEX Limited - Common Share,COMMON_STOCK,NASDAQ,True,N
IBG,IBG,Innovation Beverage Group Limited - Ordinary Shares,COMMON_STOCK,NASDAQ,False,E
IBIO,IBIO,"iBio, Inc. - Common Stock",COMMON_STOCK,NASDAQ,True,N
IBKR,IBKR,"Interactive Brokers Group, Inc. - Class A Common Stock",COMMON_STOCK,NASDAQ,True,N
IBM,IBM,International Business Machines Corporation Common Stock,COMMON_STOCK,NYSE,True,
IBN,IBN,ICICI Bank Limited Common Stock,COMMON_STOCK,NYSE,True,
IBO,IBO,"Impact BioMedical, Inc. Common Stock",COMMON_STOCK,NYSEAMERICAN,True,
IBOC,IBOC,International Bancshares Corporation - Common Stock,COMMON_STOCK,NASDAQ,True,N
IBP,IBP,"Installed Building Products, Inc. Common Stock",COMMON_STOCK,NYSE,True,
IBTA,IBTA,"Ibotta, Inc. Class A Common Stock",COMMON_STOCK,NYSE,True,
ICCC,ICCC,ImmuCell Corporation - Common Stock,COMMON_STOCK,NASDAQ,True,N
ICCM,ICCM,IceCure Medical Ltd. - Ordinary Shares,COMMON_STOCK,NASDAQ,True,N
ICE,ICE,Intercontinental Exchange Inc. Common Stock,COMMON_STOCK,NYSE,True,
ICFI,ICFI,"ICF International, Inc. - Common Stock",COMMON_STOCK,NASDAQ,True,N
ICHR,ICHR,Ichor Holdings - Ordinary Shares,COMMON_STOCK,NASDAQ,True,N
ICL,ICL,ICL Group Ltd. Ordinary Shares,COMMON_STOCK,NYSE,True,
ICLR,ICLR,ICON plc - Ordinary Shares,COMMON_STOCK,NASDAQ,True,N
ICMB,ICMB,"Investcorp Credit Management BDC, Inc. - Common Stock",COMMON_STOCK,NASDAQ,True,N
ICON,ICON,Icon Energy Corp. - Common stock,COMMON_STOCK,NASDAQ,True,N
ICU,ICU,SeaStar Medical Holding Corporation - Common Stock,COMMON_STOCK,NASDAQ,True,N
ICUI,ICUI,"ICU Medical, Inc. - Common Stock",COMMON_STOCK,NASDAQ,True,N
IDA,IDA,"IDACORP, Inc. Common Stock",COMMON_STOCK,NYSE,True,
IDAC,IDAC,Iron Dome Acquisition I Corp. - Class A Ordinary Shares,COMMON_STOCK,NASDAQ,True,N
IDAI,IDAI,T Stamp Inc. - Class A Common Stock,COMMON_STOCK,NASDAQ,True,N
IDCC,IDCC,"InterDigital, Inc. - Common Stock",COMMON_STOCK,NASDAQ,True,N
IDN,IDN,"Intellicheck, Inc. - Common Stock",COMMON_STOCK,NASDAQ,True,N
IDR,IDR,"Idaho Strategic Resources, Inc. Common Stock",COMMON_STOCK,NYSEAMERICAN,True,
IDT,IDT,IDT Corporation Class B Common Stock,COMMON_STOCK,NYSE,True,
IDXX,IDXX,"IDEXX Laboratories, Inc. - Common Stock",COMMON_STOCK,NASDAQ,True,N
IDYA,IDYA,"IDEAYA Biosciences, Inc. - Common Stock",COMMON_STOCK,NASDAQ,True,N
IE,IE,Ivanhoe Electric Inc. Common Stock,COMMON_STOCK,NYSEAMERICAN,True,
IEAG,IEAG,Infinite Eagle Acquisition Corp. - Class A Ordinary Shares,COMMON_STOCK,NASDAQ,True,N
IESC,IESC,"IES Holdings, Inc. - Common Stock",COMMON_STOCK,NASDAQ,True,N
IEX,IEX,IDEX Corporation Common Stock,COMMON_STOCK,NYSE,True,
IFBD,IFBD,"Infobird Co., Ltd - Ordinary Shares",COMMON_STOCK,NASDAQ,True,N
IFF,IFF,"International Flavors & Fragrances, Inc. Common Stock",COMMON_STOCK,NYSE,True,
IFRX,IFRX,InflaRx N.V. - Common Stock,COMMON_STOCK,NASDAQ,True,N
IFS,IFS,Intercorp Financial Services Inc. Common Shares,COMMON_STOCK,NYSE,True,
IGAC,IGAC,Invest Green Acquisition Corporation - Class A Ordinary Shares,COMMON_STOCK,NASDAQ,True,N
IGC,IGC,"IGC Pharma, Inc. Common Stock",COMMON_STOCK,NYSEAMERICAN,True,
IGIC,IGIC,International General Insurance Holdings Ltd. - Ordinary Shares,COMMON_STOCK,NASDAQ,True,N
IHRT,IHRT,"iHeartMedia, Inc. - Class A Common Stock",COMMON_STOCK,NASDAQ,True,N
IHS,IHS,IHS Holding Limited Ordinary Shares,COMMON_STOCK,NYSE,True,
III,III,"Information Services Group, Inc. - Common Stock",COMMON_STOCK,NASDAQ,True,N
IIIN,IIIN,"Insteel Industries, Inc. Common Stock",COMMON_STOCK,NYSE,True,
IIIV,IIIV,"i3 Verticals, Inc. - Common Stock",COMMON_STOCK,NASDAQ,True,N
IIM,IIM,Invesco Value Municipal Income Trust Common Stock,COMMON_STOCK,NYSE,True,
IIPR,IIPR,"Innovative Industrial Properties, Inc. Common Stock",COMMON_STOCK,NYSE,True,
IKT,IKT,"Inhibikase Therapeutics, Inc. - Common Stock",COMMON_STOCK,NASDAQ,True,N
ILAG,ILAG,Intelligent Living Application Group Inc. - Ordinary Shares,COMMON_STOCK,NASDAQ,True,N
ILLR,ILLR,Triller Group Inc. - Common Stock,COMMON_STOCK,NASDAQ,False,D
ILLU,ILLU,Illumination Acquisition Corp I - Class A Ordinary Shares,COMMON_STOCK,NASDAQ,True,N
ILMN,ILMN,"Illumina, Inc. - Common Stock",COMMON_STOCK,NASDAQ,True,N
IMA,IMA,"ImageneBio, Inc. - Common Stock",COMMON_STOCK,NASDAQ,True,N
IMAX,IMAX,Imax Corporation Common Stock,COMMON_STOCK,NYSE,True,
IMCC,IMCC,IM Cannabis Corp. - Common Shares,COMMON_STOCK,NASDAQ,False,D
IMDX,IMDX,Insight Molecular Diagnostics Inc. - Common Stock,COMMON_STOCK,NASDAQ,True,N
IMKTA,IMKTA,"Ingles Markets, Incorporated - Class A Common Stock",COMMON_STOCK,NASDAQ,True,N
IMMR,IMMR,Immersion Corporation - Common Stock,COMMON_STOCK,NASDAQ,True,N
IMMX,IMMX,"Immix Biopharma, Inc. - Common Stock",COMMON_STOCK,NASDAQ,True,N
IMNM,IMNM,"Immunome, Inc. - Common Stock",COMMON_STOCK,NASDAQ,True,N
IMNN,IMNN,"Imunon, Inc. - Common Stock",COMMON_STOCK,NASDAQ,True,N
IMO,IMO,Imperial Oil Limited Common Stock,COMMON_STOCK,NYSEAMERICAN,True,
IMPP,IMPP,Imperial Petroleum Inc. - Common Shares,COMMON_STOCK,NASDAQ,True,N
IMRX,IMRX,Immuneering Corporation - Class A Common Stock,COMMON_STOCK,NASDAQ,True,N
IMSR,IMSR,Terrestrial Energy Inc. - Common Stock,COMMON_STOCK,NASDAQ,True,N
IMTE,IMTE,Integrated Media Technology Limited - Ordinary Shares,COMMON_STOCK,NASDAQ,False,D
IMTX,IMTX,Immatics N.V. - Ordinary Shares,COMMON_STOCK,NASDAQ,True,N
IMUX,IMUX,"Immunic, Inc.  - Common Stock",COMMON_STOCK,NASDAQ,True,N
IMVT,IMVT,"Immunovant, Inc.  - Common Stock",COMMON_STOCK,NASDAQ,True,N
IMXI,IMXI,"International Money Express, Inc. - Common Stock",COMMON_STOCK,NASDAQ,True,N
INAB,INAB,"IN8bio, Inc. - Common Stock",COMMON_STOCK,NASDAQ,True,N
INAC,INAC,Indigo Acquisition Corp. - Ordinary Shares,COMMON_STOCK,NASDAQ,True,N
INBK,INBK,First Internet Bancorp - Common Stock,COMMON_STOCK,NASDAQ,True,N
INBS,INBS,Intelligent Bio Solutions Inc.  - Common Stock,COMMON_STOCK,NASDAQ,True,N
INBX,INBX,"Inhibrx Biosciences, Inc. - Common Stock",COMMON_STOCK,NASDAQ,True,N
INCR,INCR,Intercure Ltd. - ordinary shares,COMMON_STOCK,NASDAQ,False,D
INCY,INCY,Incyte Corporation - Common Stock,COMMON_STOCK,NASDAQ,True,N
INDB,INDB,Independent Bank Corp. - Common Stock,COMMON_STOCK,NASDAQ,True,N
INDI,INDI,"indie Semiconductor, Inc. - Class A Common Stock",COMMON_STOCK,NASDAQ,True,N
INDO,INDO,Indonesia Energy Corporation Limited Ordinary Shares,COMMON_STOCK,NYSEAMERICAN,True,
INDP,INDP,"Indaptus Therapeutics, Inc. - Common Stock",COMMON_STOCK,NASDAQ,True,N
INDV,INDV,"Indivior Pharmaceuticals, Inc.  - Common Stock",COMMON_STOCK,NASDAQ,True,N
INEO,INEO,INNEOVA Holdings Limited - Class A Ordinary Shares,COMMON_STOCK,NASDAQ,False,D
INFQ,INFQ,"Infleqtion, Inc. Common Stock",COMMON_STOCK,NYSE,True,
INFU,INFU,"InfuSystems Holdings, Inc. Common Stock",COMMON_STOCK,NYSEAMERICAN,True,
ING,ING,"ING Group, N.V. Common Stock",COMMON_STOCK,NYSE,True,
INGM,INGM,Ingram Micro Holding Corporation Common Stock,COMMON_STOCK,NYSE,True,
INGN,INGN,"Inogen, Inc - Common Stock",COMMON_STOCK,NASDAQ,True,N
INGR,INGR,Ingredion Incorporated Common Stock,COMMON_STOCK,NYSE,True,
INHD,INHD,Inno Holdings Inc. - Common Stock,COMMON_STOCK,NASDAQ,True,N
INIO,INIO,INNIO N.V. - Ordinary Shares,COMMON_STOCK,NASDAQ,True,N
INKT,INKT,"MiNK Therapeutics, Inc. - Common Stock",COMMON_STOCK,NASDAQ,True,N
INLF,INLF,INLIF LIMITED - Class A Ordinary shares,COMMON_STOCK,NASDAQ,True,N
INLX,INLX,"Intellinetics, Inc. Common Stock",COMMON_STOCK,NYSEAMERICAN,True,
INM,INM,InMed Pharmaceuticals Inc. - Common Shares,COMMON_STOCK,NASDAQ,True,N
INMB,INMB,INmune Bio Inc. - Common stock,COMMON_STOCK,NASDAQ,True,N
INMD,INMD,InMode Ltd.  - Ordinary Shares,COMMON_STOCK,NASDAQ,True,N
INN,INN,"Summit Hotel Properties, Inc. Common Stock",COMMON_STOCK,NYSE,True,
INNV,INNV,InnovAge Holding Corp. - Common Stock,COMMON_STOCK,NASDAQ,True,N
INO,INO,"Inovio Pharmaceuticals, Inc. - Common Stock",COMMON_STOCK,NASDAQ,True,N
INOD,INOD,Innodata Inc. - Common Stock,COMMON_STOCK,NASDAQ,True,N
INR,INR,"Infinity Natural Resources, Inc. Class A Common Stock",COMMON_STOCK,NYSE,True,
INSE,INSE,"Inspired Entertainment, Inc. - Common Stock",COMMON_STOCK,NASDAQ,True,N
INSG,INSG,Inseego Corp. - Common Stock,COMMON_STOCK,NASDAQ,True,N
INSM,INSM,Insmed Incorporated - Common Stock,COMMON_STOCK,NASDAQ,True,N
INSP,INSP,"Inspire Medical Systems, Inc. Common Stock",COMMON_STOCK,NYSE,True,
INSW,INSW,"International Seaways, Inc. Common Stock",COMMON_STOCK,NYSE,True,
INTA,INTA,"Intapp, Inc. - Common Stock",COMMON_STOCK,NASDAQ,True,N
INTC,INTC,Intel Corporation - Common Stock,COMMON_STOCK,NASDAQ,True,N
INTG,INTG,The Intergroup Corporation - Common Stock,COMMON_STOCK,NASDAQ,True,N
INTJ,INTJ,Intelligent Group Limited - Class A Ordinary Shares,COMMON_STOCK,NASDAQ,True,N
INTR,INTR,Inter & Co. Inc. - Class A Common Shares,COMMON_STOCK,NASDAQ,True,N
INTS,INTS,"Intensity Therapeutics, Inc. - Common Stock",COMMON_STOCK,NASDAQ,True,N
INTT,INTT,inTest Corporation Common Stock,COMMON_STOCK,NYSEAMERICAN,True,
INTU,INTU,Intuit Inc. - Common Stock,COMMON_STOCK,NASDAQ,True,N
INTZ,INTZ,Intrusion Inc. - Common Stock,COMMON_STOCK,NASDAQ,False,D
INUV,INUV,"Inuvo, Inc.",COMMON_STOCK,NYSEAMERICAN,True,
INV,INV,"Innventure, Inc. - Common Stock",COMMON_STOCK,NASDAQ,True,N
INVA,INVA,"Innoviva, Inc. - Common Stock",COMMON_STOCK,NASDAQ,True,N
INVE,INVE,"Identiv, Inc. - Common Stock",COMMON_STOCK,NASDAQ,True,N
INVH,INVH,Invitation Homes Inc. Common Stock,COMMON_STOCK,NYSE,True,
INVX,INVX,"Innovex International, Inc. Common Stock",COMMON_STOCK,NYSE,True,
INVZ,INVZ,Innoviz Technologies Ltd. - Ordinary shares,COMMON_STOCK,NASDAQ,False,D
IONQ,IONQ,"IonQ, Inc. Common Stock",COMMON_STOCK,NYSE,True,
IONS,IONS,"Ionis Pharmaceuticals, Inc. - Common Stock",COMMON_STOCK,NASDAQ,True,N
IOSP,IOSP,Innospec Inc. - Common Stock,COMMON_STOCK,NASDAQ,True,N
IOT,IOT,Samsara Inc. Class A Common Stock,COMMON_STOCK,NYSE,True,
IOTR,IOTR,iOThree Limited - Ordinary Shares,COMMON_STOCK,NASDAQ,True,N
IOVA,IOVA,"Iovance Biotherapeutics, Inc. - Common Stock",COMMON_STOCK,NASDAQ,True,N
IP,IP,International Paper Company Common Stock,COMMON_STOCK,NYSE,True,
IPAR,IPAR,"Interparfums, Inc. - Common Stock",COMMON_STOCK,NASDAQ,True,N
IPCX,IPCX,Inflection Point Acquisition Corp. III - Class A ordinary shares,COMMON_STOCK,NASDAQ,True,N
IPDN,IPDN,"Professional Diversity Network, Inc. - Common Stock",COMMON_STOCK,NASDAQ,False,D
IPEX,IPEX,Inflection Point Acquisition Corp. - Class A Ordinary Shares,COMMON_STOCK,NASDAQ,True,N
IPFX,IPFX,Inflection Point Acquisition Corp. VI - Class A Ordinary Shares,COMMON_STOCK,NASDAQ,True,N
IPGP,IPGP,IPG Photonics Corporation - Common Stock,COMMON_STOCK,NASDAQ,True,N
IPI,IPI,"Intrepid Potash, Inc Common Stock",COMMON_STOCK,NYSE,True,
IPM,IPM,Intelligent Protection Management Corp.  - Common Stock,COMMON_STOCK,NASDAQ,True,N
IPSC,IPSC,"Century Therapeutics, Inc. - Common Stock",COMMON_STOCK,NASDAQ,True,N
IPST,IPST,"IP Strategy Holdings, Inc. - Common Stock",COMMON_STOCK,NASDAQ,True,N
IPW,IPW,iPower Inc. - Common Stock,COMMON_STOCK,NASDAQ,True,N
IPWR,IPWR,Ideal Power Inc. - Common Stock,COMMON_STOCK,NASDAQ,True,N
IQI,IQI,Invesco Quality Municipal Income Trust Common Stock,COMMON_STOCK,NYSE,True,
IQST,IQST,iQSTEL Inc. - Common Stock,COMMON_STOCK,NASDAQ,True,N
IQV,IQV,"IQVIA Holdings, Inc. Common Stock",COMMON_STOCK,NYSE,True,
IR,IR,Ingersoll Rand Inc. Common Stock,COMMON_STOCK,NYSE,True,
IRAB,IRAB,Iris Acquisition Corp II Class A Ordinary Shares,COMMON_STOCK,NYSE,True,
IRD,IRD,"Opus Genetics, Inc. - Common Stock",COMMON_STOCK,NASDAQ,True,N
IRDM,IRDM,Iridium Communications Inc - Common Stock,COMMON_STOCK,NASDAQ,True,N
IREN,IREN,IREN Limited - Ordinary Shares,COMMON_STOCK,NASDAQ,True,N
IRHO,IRHO,Iron Horse Acquisitions II Corp. - Common Stock,COMMON_STOCK,NASDAQ,True,N
IRIX,IRIX,IRIDEX Corporation - Common Stock,COMMON_STOCK,NASDAQ,True,N
IRM,IRM,Iron Mountain Incorporated (Delaware)Common Stock REIT,COMMON_STOCK,NYSE,True,
IRMD,IRMD,iRadimed Corporation - Common Stock,COMMON_STOCK,NASDAQ,True,N
IRON,IRON,"Disc Medicine, Inc. - Common Stock",COMMON_STOCK,NASDAQ,True,N
IRT,IRT,"Independence Realty Trust, Inc. Common Stock",COMMON_STOCK,NYSE,True,
IRTC,IRTC,"iRhythm Holdings, Inc.  - Common Stock",COMMON_STOCK,NASDAQ,True,N
IRWD,IRWD,"Ironwood Pharmaceuticals, Inc. - Class A Common Stock",COMMON_STOCK,NASDAQ,True,N
ISBA,ISBA,Isabella Bank Corporation - Common stock,COMMON_STOCK,NASDAQ,True,N
ISOU,ISOU,IsoEnergy Ltd. Common Shares,COMMON_STOCK,NYSEAMERICAN,True,
ISPC,ISPC,iSpecimen Inc. - Common Stock,COMMON_STOCK,NASDAQ,False,D
ISPR,ISPR,Ispire Technology Inc. - Common Stock,COMMON_STOCK,NASDAQ,True,N
ISRG,ISRG,"Intuitive Surgical, Inc. - Common Stock",COMMON_STOCK,NASDAQ,True,N
ISSC,ISSC,"Innovative Solutions and Support, Inc. - Common Stock",COMMON_STOCK,NASDAQ,True,N
ISTR,ISTR,Investar Holding Corporation - Common Stock,COMMON_STOCK,NASDAQ,True,N
IT,IT,"Gartner, Inc. Common Stock",COMMON_STOCK,NYSE,True,
ITG,ITG,"ITG, Inc. - Class A Common Stock",COMMON_STOCK,NASDAQ,True,N
ITGR,ITGR,Integer Holdings Corporation Common Stock,COMMON_STOCK,NYSE,True,
ITHA,ITHA,ITHAX Acquisition Corp III - Class A Ordinary Shares,COMMON_STOCK,NASDAQ,True,N
ITIC,ITIC,Investors Title Company - Common Stock,COMMON_STOCK,NASDAQ,True,N
ITOC,ITOC,iTonic Holdings Ltd - Class A Ordinary Shares,COMMON_STOCK,NASDAQ,False,D
ITP,ITP,"IT Tech Packaging, Inc. Common Stock",COMMON_STOCK,NYSEAMERICAN,True,
ITRG,ITRG,Integra Resources Corp. Common Shares,COMMON_STOCK,NYSEAMERICAN,True,
ITRI,ITRI,"Itron, Inc. - Common Stock",COMMON_STOCK,NASDAQ,True,N
ITRN,ITRN,Ituran Location and Control Ltd. - Ordinary Shares,COMMON_STOCK,NASDAQ,True,N
ITT,ITT,ITT Inc. Common Stock,COMMON_STOCK,NYSE,True,
ITW,ITW,Illinois Tool Works Inc. Common Stock,COMMON_STOCK,NYSE,True,
IVA,IVA,Inventiva S.A. - American Depository Shares,COMMON_STOCK,NASDAQ,True,N
IVDA,IVDA,"Iveda Solutions, Inc. - Common Stock",COMMON_STOCK,NASDAQ,False,D
IVF,IVF,"INVO Fertility, Inc. - Common Stock",COMMON_STOCK,NASDAQ,True,N
IVR,IVR,INVESCO MORTGAGE CAPITAL INC Common Stock,COMMON_STOCK,NYSE,True,
IVT,IVT,InvenTrust Properties Corp. Common Stock,COMMON_STOCK,NYSE,True,
IVVD,IVVD,"Invivyd, Inc. - Common Stock",COMMON_STOCK,NASDAQ,True,N
IVZ,IVZ,Invesco Ltd Common Stock,COMMON_STOCK,NYSE,True,
IXHL,IXHL,Incannex Healthcare Inc. - Common Stock,COMMON_STOCK,NASDAQ,True,N
IZEA,IZEA,"IZEA Worldwide, Inc. - Common Stock",COMMON_STOCK,NASDAQ,True,N
IZM,IZM,ICZOOM Group Inc. - Class A Ordinary Shares,COMMON_STOCK,NASDAQ,False,D
J,J,Jacobs Solutions Inc. Common Stock,COMMON_STOCK,NYSE,True,
JACK,JACK,Jack In The Box Inc. - Common Stock,COMMON_STOCK,NASDAQ,True,N
JACS,JACS,Jackson Acquisition Company II Class A Ordinary Shares,COMMON_STOCK,NYSE,True,
JAGU,JAGU,Jaguar Uranium Corp. Class A Common Shares,COMMON_STOCK,NYSEAMERICAN,True,
JAGX,JAGX,"Jaguar Health, Inc. - Common Stock",COMMON_STOCK,NASDAQ,True,N
JAKK,JAKK,"JAKKS Pacific, Inc. - Common Stock",COMMON_STOCK,NASDAQ,True,N
JAN,JAN,"Janus Living, Inc. Class A-1 Common Stock",COMMON_STOCK,NYSE,True,
JANX,JANX,"Janux Therapeutics, Inc. - Common Stock",COMMON_STOCK,NASDAQ,True,N
JATT,JATT,JATT II Acquisition Corp - Ordinary Shares,COMMON_STOCK,NASDAQ,True,N
JAZZ,JAZZ,Jazz Pharmaceuticals plc - Ordinary Shares,COMMON_STOCK,NASDAQ,True,N
JBDI,JBDI,JBDI Holdings Limited - Ordinary Shares,COMMON_STOCK,NASDAQ,False,D
JBGS,JBGS,JBG SMITH Properties Common Shares,COMMON_STOCK,NYSE,True,
JBHT,JBHT,"J.B. Hunt Transport Services, Inc. - Common Stock",COMMON_STOCK,NASDAQ,True,N
JBI,JBI,"Janus International Group, Inc. Common Stock",COMMON_STOCK,NYSE,True,
JBIO,JBIO,"Jade Biosciences, Inc. - Common Stock",COMMON_STOCK,NASDAQ,True,N
JBK,JBK,Lehman ABS 3.50 3.50% Adjustable Corp Backed Tr Certs GS Cap I,COMMON_STOCK,NYSE,True,
JBL,JBL,Jabil Inc. Common Stock,COMMON_STOCK,NYSE,True,
JBLU,JBLU,JetBlue Airways Corporation - Common Stock,COMMON_STOCK,NASDAQ,True,N
JBS,JBS,JBS N.V. Class A Common Shares,COMMON_STOCK,NYSE,True,
JBSS,JBSS,"John B. Sanfilippo & Son, Inc. - Common Stock",COMMON_STOCK,NASDAQ,True,N
JBTM,JBTM,JBT Marel Corporation Common Stock,COMMON_STOCK,NYSE,True,
JCAP,JCAP,"Jefferson Capital, Inc. - Common Stock",COMMON_STOCK,NASDAQ,True,N
JCI,JCI,Johnson Controls International plc Ordinary Share,COMMON_STOCK,NYSE,True,
JCSE,JCSE,JE Cleantech Holdings Limited - Ordinary Shares,COMMON_STOCK,NASDAQ,True,N
JCTC,JCTC,Jewett-Cameron Trading Company - Common Shares,COMMON_STOCK,NASDAQ,True,N
JDZG,JDZG,JIADE LIMITED - Class A Ordinary Shares,COMMON_STOCK,NASDAQ,True,N
JEF,JEF,Jefferies Financial Group Inc. Common Stock,COMMON_STOCK,NYSE,True,
JELD,JELD,"JELD-WEN Holding, Inc. Common Stock",COMMON_STOCK,NYSE,True,
JEM,JEM,707 Cayman Holdings Limited - Ordinary Shares,COMMON_STOCK,NASDAQ,True,N
JENA,JENA,Jena Acquisition Corporation II Class A Ordinary Shares,COMMON_STOCK,NYSE,True,
JFB,JFB,JFB Construction Holdings - Class A Common Stock,COMMON_STOCK,NASDAQ,True,N
JHI,JHI,John Hancock Investors Trust Common Stock,COMMON_STOCK,NYSE,True,
JHS,JHS,John Hancock Income Securities Trust Common Stock,COMMON_STOCK,NYSE,True,
JHX,JHX,James Hardie Industries plc. Ordinary Shares,COMMON_STOCK,NYSE,True,
JILL,JILL,"J. Jill, Inc. Common Stock",COMMON_STOCK,NYSE,True,
JJSF,JJSF,J & J Snack Foods Corp. - Common Stock,COMMON_STOCK,NASDAQ,True,N
JKHY,JKHY,"Jack Henry & Associates, Inc. - Common Stock",COMMON_STOCK,NASDAQ,True,N
JL,JL,J-Long Group Limited - Class A Ordinary Shares,COMMON_STOCK,NASDAQ,True,N
JLHL,JLHL,Julong Holding Limited - Class A Ordinary Shares,COMMON_STOCK,NASDAQ,True,N
JLL,JLL,Jones Lang LaSalle Incorporated Common Stock,COMMON_STOCK,NYSE,True,
JMSB,JMSB,"John Marshall Bancorp, Inc. - Common Stock",COMMON_STOCK,NASDAQ,True,N
JNJ,JNJ,Johnson & Johnson Common Stock,COMMON_STOCK,NYSE,True,
JOB,JOB,GEE Group Inc. Common Stock,COMMON_STOCK,NYSEAMERICAN,True,
JOBY,JOBY,"Joby Aviation, Inc. Common Stock",COMMON_STOCK,NYSE,True,
JOE,JOE,St. Joe Company (The) Common Stock,COMMON_STOCK,NYSE,True,
JOUT,JOUT,Johnson Outdoors Inc. - Class A Common Stock,COMMON_STOCK,NASDAQ,True,N
JPM,JPM,JP Morgan Chase & Co. Common Stock,COMMON_STOCK,NYSE,True,
JRSH,JRSH,"Jerash Holdings (US), Inc. - Common Stock",COMMON_STOCK,NASDAQ,True,N
JRVR,JRVR,"James River Group Holdings, Inc. - Common Stock",COMMON_STOCK,NASDAQ,True,N
JSPR,JSPR,"Jasper Therapeutics, Inc. - Class A Common Stock",COMMON_STOCK,NASDAQ,False,D
JTAI,JTAI,Jet.AI Inc. - Common Stock,COMMON_STOCK,NASDAQ,True,N
JUNS,JUNS,"Jupiter Neurosciences, Inc. - Common Stock",COMMON_STOCK,NASDAQ,False,D
JVA,JVA,"Coffee Holding Co., Inc. - Common Stock",COMMON_STOCK,NASDAQ,True,N
JWEL,JWEL,Jowell Global Ltd. - Ordinary Shares,COMMON_STOCK,NASDAQ,True,N
JXG,JXG,JX Luxventure Group Inc. - Common Stock,COMMON_STOCK,NASDAQ,True,N
JXN,JXN,Jackson Financial Inc. Class A Common Stock,COMMON_STOCK,NYSE,True,
JYD,JYD,Jayud Global Logistics Limited - Class A Ordinary Shares,COMMON_STOCK,NASDAQ,True,N
JYNT,JYNT,The Joint Corp. - Common Stock,COMMON_STOCK,NASDAQ,True,N
JZXN,JZXN,"Jiuzi Holdings, Inc. - Ordinary Shares",COMMON_STOCK,NASDAQ,True,N
KAI,KAI,Kadant Inc Common Stock,COMMON_STOCK,NYSE,True,
KALA,KALA,"KALA BIO, Inc. - Common Stock",COMMON_STOCK,NASDAQ,True,N
KALU,KALU,Kaiser Aluminum Corporation - Common Stock,COMMON_STOCK,NASDAQ,True,N
KAPA,KAPA,"Kairos Pharma, Ltd. Common Stock",COMMON_STOCK,NYSEAMERICAN,True,
KARD,KARD,"Kardigan, Inc. - Common Stock",COMMON_STOCK,NASDAQ,True,N
KARO,KARO,Karooooo Ltd. - Ordinary shares,COMMON_STOCK,NASDAQ,True,N
KAZR,KAZR,Skyline Builders Group Holding Limited - Class A Ordinary Shares,COMMON_STOCK,NASDAQ,True,N
KB,KB,KB Financial Group Inc,COMMON_STOCK,NYSE,True,
KBDC,KBDC,"Kayne Anderson BDC, Inc. Common Stock",COMMON_STOCK,NYSE,True,
KBH,KBH,KB Home Common Stock,COMMON_STOCK,NYSE,True,
KBON,KBON,Karbon Capital Partners Corp. - Class A Ordinary Shares,COMMON_STOCK,NASDAQ,True,N
KBR,KBR,"KBR, Inc. Common Stock",COMMON_STOCK,NYSE,True,
KBSX,KBSX,FST Corp. - Ordinary Shares,COMMON_STOCK,NASDAQ,True,N
KCHV,KCHV,Kochav Defense Acquisition Corp. - Class A Ordinary Shares,COMMON_STOCK,NASDAQ,True,N
KD,KD,"Kyndryl Holdings, Inc. Common Stock",COMMON_STOCK,NYSE,True,
KDK,KDK,"Kodiak AI, Inc. - Common Stock",COMMON_STOCK,NASDAQ,True,N
KDP,KDP,Keurig Dr Pepper Inc. - Common Stock,COMMON_STOCK,NASDAQ,True,N
KE,KE,"Kimball Electronics, Inc. - Common Stock",COMMON_STOCK,NASDAQ,True,N
KEEL,KEEL,Keel Infrastructure Corp. - Common Stock,COMMON_STOCK,NASDAQ,True,N
KELYA,KELYA,"Kelly Services, Inc. - Class A Common Stock",COMMON_STOCK,NASDAQ,True,N
KELYB,KELYB,"Kelly Services, Inc. - Class B Common Stock",COMMON_STOCK,NASDAQ,True,N
KEN,KEN,Kenon Holdings Ltd. Ordinary Shares,COMMON_STOCK,NYSE,True,
KEP,KEP,Korea Electric Power Corporation Common Stock,COMMON_STOCK,NYSE,True,
KEQU,KEQU,Kewaunee Scientific Corporation - Common Stock,COMMON_STOCK,NASDAQ,True,N
KEX,KEX,Kirby Corporation Common Stock,COMMON_STOCK,NYSE,True,
KEY,KEY,KeyCorp Common Stock,COMMON_STOCK,NYSE,True,
KEYS,KEYS,Keysight Technologies Inc. Common Stock,COMMON_STOCK,NYSE,True,
KEYY,KEYY,Keystone Acquisition Corp. - Class A Ordinary Shares,COMMON_STOCK,NASDAQ,True,N
KFFB,KFFB,Kentucky First Federal Bancorp - Common Stock,COMMON_STOCK,NASDAQ,True,N
KFII,KFII,K&F Growth Acquisition Corp. II - Class A Ordinary shares,COMMON_STOCK,NASDAQ,True,N
KFRC,KFRC,"Kforce, Inc. Common Stock",COMMON_STOCK,NYSE,True,
KFY,KFY,Korn Ferry Common Stock,COMMON_STOCK,NYSE,True,
KG,KG,"Kestrel Group, Ltd. - Common Stock",COMMON_STOCK,NASDAQ,True,N
KGC,KGC,Kinross Gold Corporation Common Stock,COMMON_STOCK,NYSE,True,
KGEI,KGEI,Kolibri Global Energy Inc. - Common stock,COMMON_STOCK,NASDAQ,True,N
KGS,KGS,"Kodiak Gas Services, Inc. Common Stock",COMMON_STOCK,NYSE,True,
KHC,KHC,The Kraft Heinz Company - Common Stock,COMMON_STOCK,NASDAQ,True,N
KIDS,KIDS,OrthoPediatrics Corp. - Common Stock,COMMON_STOCK,NASDAQ,True,N
KIDZ,KIDZ,KIDZ AI Inc. - Class B Common Stock,COMMON_STOCK,NASDAQ,True,N
KIM,KIM,Kimco Realty Corporation (HC) Common Stock,COMMON_STOCK,NYSE,True,
KINS,KINS,"Kingstone Companies, Inc - Common Stock",COMMON_STOCK,NASDAQ,True,N
KITT,KITT,"Nauticus Robotics, Inc. - Common stock",COMMON_STOCK,NASDAQ,False,D
KKR,KKR,KKR & Co. Inc. Common Stock,COMMON_STOCK,NYSE,True,
KLAC,KLAC,KLA Corporation  - Common Stock,COMMON_STOCK,NASDAQ,True,N
KLAR,KLAR,Klarna Group plc Ordinary Shares,COMMON_STOCK,NYSE,True,
KLC,KLC,"KinderCare Learning Companies, Inc. Common Stock",COMMON_STOCK,NYSE,True,
KLIC,KLIC,"Kulicke and Soffa Industries, Inc. - Common Stock",COMMON_STOCK,NASDAQ,True,N
KLRA,KLRA,"Kailera Therapeutics, Inc. - Common stock",COMMON_STOCK,NASDAQ,True,N
KLRS,KLRS,"Kalaris Therapeutics, Inc.  - Common Stock",COMMON_STOCK,NASDAQ,True,N
KLTR,KLTR,"Kaltura, Inc. - Common Stock",COMMON_STOCK,NASDAQ,True,N
KLXE,KLXE,"KLX Energy Services Holdings, Inc.  - Common Stock",COMMON_STOCK,NASDAQ,True,N
KMB,KMB,Kimberly-Clark Corporation - Common Stock,COMMON_STOCK,NASDAQ,True,N
KMDA,KMDA,Kamada Ltd. - Ordinary Shares,COMMON_STOCK,NASDAQ,True,N
KMI,KMI,"Kinder Morgan, Inc. Common Stock",COMMON_STOCK,NYSE,True,
KMPR,KMPR,Kemper Corporation,COMMON_STOCK,NYSE,True,
KMRK,KMRK,K-Tech Solutions Company Limited - Class A Ordinary Shares,COMMON_STOCK,NASDAQ,True,N
KMT,KMT,Kennametal Inc. Common Stock,COMMON_STOCK,NYSE,True,
KMTS,KMTS,"Kestra Medical Technologies, Ltd. - Common Stock",COMMON_STOCK,NASDAQ,True,N
KMX,KMX,CarMax Inc,COMMON_STOCK,NYSE,True,
KN,KN,Knowles Corporation Common Stock,COMMON_STOCK,NYSE,True,
KNDI,KNDI,"Kandi Technologies Group, Inc. - Ordinary Shares",COMMON_STOCK,NASDAQ,False,D
KNF,KNF,Knife Riv Holding Co. Common Stock,COMMON_STOCK,NYSE,True,
KNRX,KNRX,KNOREX LTD. Class A Ordinary Shares,COMMON_STOCK,NYSEAMERICAN,True,
KNSA,KNSA,"Kiniksa Pharmaceuticals International, plc - Class A Ordinary Shares",COMMON_STOCK,NASDAQ,True,N
KNSL,KNSL,"Kinsale Capital Group, Inc. Common Stock",COMMON_STOCK,NYSE,True,
KNTK,KNTK,Kinetik Holdings Inc. Class A Common Stock,COMMON_STOCK,NYSE,True,
KNX,KNX,Knight-Swift Transportation Holdings Inc.,COMMON_STOCK,NYSE,True,
KO,KO,Coca-Cola Company (The) Common Stock,COMMON_STOCK,NYSE,True,
KOD,KOD,Kodiak Sciences Inc - Common Stock,COMMON_STOCK,NASDAQ,True,N
KODK,KODK,Eastman Kodak Company Common New,COMMON_STOCK,NYSE,True,
KOP,KOP,Koppers Holdings Inc. Common Stock,COMMON_STOCK,NYSE,True,
KOPN,KOPN,Kopin Corporation - Common Stock,COMMON_STOCK,NASDAQ,True,N
KORE,KORE,"KORE Group Holdings, Inc. Common Stock",COMMON_STOCK,NYSE,True,
KOS,KOS,Kosmos Energy Ltd. Common Shares (DE),COMMON_STOCK,NYSE,True,
KOSS,KOSS,Koss Corporation - Common Stock,COMMON_STOCK,NASDAQ,True,N
KOYN,KOYN,CSLM Digital Asset Acquisition Corp III - Class A Ordinary Shares,COMMON_STOCK,NASDAQ,True,N
KPET,KPET,KPET Ultra Paceline Corporation Class A Ordinary Shares,COMMON_STOCK,NYSE,True,
KPLT,KPLT,"Katapult Holdings, Inc. - Common Stock",COMMON_STOCK,NASDAQ,True,N
KPRX,KPRX,"Kiora Pharmaceuticals, Inc.  - Common Stock",COMMON_STOCK,NASDAQ,True,N
KPTI,KPTI,Karyopharm Therapeutics Inc. - Common Stock,COMMON_STOCK,NASDAQ,True,N
KR,KR,Kroger Company (The) Common Stock,COMMON_STOCK,NYSE,True,
KRAQ,KRAQ,KRAKacquisition Corp - Class A Ordinary Shares,COMMON_STOCK,NASDAQ,True,N
KRC,KRC,Kilroy Realty Corporation Common Stock,COMMON_STOCK,NYSE,True,
KREF,KREF,KKR Real Estate Finance Trust Inc. Common Stock,COMMON_STOCK,NYSE,True,
KRG,KRG,Kite Realty Group Trust Common Stock,COMMON_STOCK,NYSE,True,
KRMD,KRMD,"KORU Medical Systems, Inc. - Common Stock",COMMON_STOCK,NASDAQ,True,N
KRMN,KRMN,Karman Holdings Inc. Common Stock,COMMON_STOCK,NYSE,True,
KRNT,KRNT,Kornit Digital Ltd. - Ordinary Shares,COMMON_STOCK,NASDAQ,True,N
KRNY,KRNY,Kearny Financial - Common Stock,COMMON_STOCK,NASDAQ,True,N
KRO,KRO,Kronos Worldwide Inc Common Stock,COMMON_STOCK,NYSE,True,
KROS,KROS,"Keros Therapeutics, Inc. - common stock",COMMON_STOCK,NASDAQ,True,N
KRRO,KRRO,"Korro Bio, Inc. - Common Stock",COMMON_STOCK,NASDAQ,True,N
KRSP,KRSP,Rice Acquisition Corporation 3 Class A Ordinary Shares,COMMON_STOCK,NYSE,True,
KRT,KRT,Karat Packaging Inc. - Common Stock,COMMON_STOCK,NASDAQ,True,N
KRUS,KRUS,"Kura Sushi USA, Inc. - Class A Common Stock",COMMON_STOCK,NASDAQ,True,N
KRYS,KRYS,"Krystal Biotech, Inc. - Common Stock",COMMON_STOCK,NASDAQ,True,N
KSCP,KSCP,"Knightscope, Inc. - Class A Common Stock",COMMON_STOCK,NASDAQ,True,N
KSPI,KSPI,Joint Stock Company Kaspi.kz - American Depository Shares,COMMON_STOCK,NASDAQ,True,N
KSS,KSS,Kohl's Corporation Common Stock,COMMON_STOCK,NYSE,True,
KT,KT,KT Corporation Common Stock,COMMON_STOCK,NYSE,True,
KTB,KTB,"Kontoor Brands, Inc. Common Stock",COMMON_STOCK,NYSE,True,
KTCC,KTCC,Key Tronic Corporation - Common Stock,COMMON_STOCK,NASDAQ,True,N
KTF,KTF,DWS Municipal Income Trust,COMMON_STOCK,NYSE,True,
KTN,KTN,Structured Products Corp 8.205% CorTS 8.205% Corporate Backed Trust Securities (CorTS),COMMON_STOCK,NYSE,True,
KTOS,KTOS,"Kratos Defense & Security Solutions, Inc. - Common Stock",COMMON_STOCK,NASDAQ,True,N
KTTA,KTTA,Pasithea Therapeutics Corp. - Common Stock,COMMON_STOCK,NASDAQ,False,D
KTWO,KTWO,K2 Capital Acquisition Corporation - Class A Ordinary Share,COMMON_STOCK,NASDAQ,True,N
KULR,KULR,"KULR Technology Group, Inc. Common Stock",COMMON_STOCK,NYSEAMERICAN,True,
KURA,KURA,"Kura Oncology, Inc. - Common Stock",COMMON_STOCK,NASDAQ,True,N
KUST,KUST,"Kustom Entertainment, Inc. - Common Stock",COMMON_STOCK,NASDAQ,True,N
KVAC,KVAC,Keen Vision Acquisition Corporation - Ordinary Shares,COMMON_STOCK,NASDAQ,True,N
KVHI,KVHI,"KVH Industries, Inc. - Common Stock",COMMON_STOCK,NASDAQ,True,N
KVUE,KVUE,Kenvue Inc. Common Stock,COMMON_STOCK,NYSE,True,
KVYO,KVYO,"Klaviyo, Inc. Series A Common Stock",COMMON_STOCK,NYSE,True,
KWM,KWM,"K Wave Media, Ltd. - Ordinary Shares",COMMON_STOCK,NASDAQ,False,D
KWR,KWR,Quaker Houghton Common Stock,COMMON_STOCK,NYSE,True,
KWY,KWY,Kingsway Corporation Common Stock,COMMON_STOCK,NYSE,True,
KXIN,KXIN,Kaixin Holdings - Ordinary Shares,COMMON_STOCK,NASDAQ,True,N
KYIV,KYIV,Kyivstar Group Ltd. - Common Shares,COMMON_STOCK,NASDAQ,True,N
KYMR,KYMR,"Kymera Therapeutics, Inc. - Common Stock",COMMON_STOCK,NASDAQ,True,N
KYNB,KYNB,"Kyntra Bio, Inc. - Common Stock",COMMON_STOCK,NASDAQ,False,D
KYTX,KYTX,"Kyverna Therapeutics, Inc. - Common Stock",COMMON_STOCK,NASDAQ,True,N
L,L,Loews Corporation Common Stock,COMMON_STOCK,NYSE,True,
LAB,LAB,Standard BioTools Inc. - Common Stock,COMMON_STOCK,NASDAQ,True,N
LABT,LABT,Lakewood-Amedex Biotherapeutics Inc. - Common Stock,COMMON_STOCK,NASDAQ,True,N
LAC,LAC,Lithium Americas Corp. Common Shares,COMMON_STOCK,NYSE,True,
LAD,LAD,"Lithia Motors, Inc. Common Stock",COMMON_STOCK,NYSE,True,
LADR,LADR,Ladder Capital Corp Class A Common Stock,COMMON_STOCK,NYSE,True,
LAES,LAES,SEALSQ Corp - Ordinary Shares,COMMON_STOCK,NASDAQ,True,N
LAFA,LAFA,LaFayette Acquisition Corp. - Ordinary Share,COMMON_STOCK,NASDAQ,True,N
LAKE,LAKE,"Lakeland Industries, Inc. - Common Stock",COMMON_STOCK,NASDAQ,True,N
LAMR,LAMR,Lamar Advertising Company - Class A Common Stock,COMMON_STOCK,NASDAQ,True,N
LAND,LAND,Gladstone Land Corporation - Common Stock,COMMON_STOCK,NASDAQ,True,N
LANV,LANV,Lanvin Group Holdings Limited Ordinary Shares,COMMON_STOCK,NYSE,True,
LAR,LAR,Lithium Argentina AG Common Shares,COMMON_STOCK,NYSE,True,
LARK,LARK,Landmark Bancorp Inc. - Common Stock,COMMON_STOCK,NASDAQ,True,N
LASE,LASE,Laser Photonics Corporation - Common Stock,COMMON_STOCK,NASDAQ,True,N
LASR,LASR,"nLIGHT, Inc. - Common Stock",COMMON_STOCK,NASDAQ,True,N
LATA,LATA,Galata Acquisition Corp. II - Class A Ordinary Shares,COMMON_STOCK,NASDAQ,True,N
LAUR,LAUR,"Laureate Education, Inc. - Common Stock",COMMON_STOCK,NASDAQ,True,N
LAW,LAW,"CS Disco, Inc. Common Stock",COMMON_STOCK,NYSE,True,
LAWR,LAWR,"Robot Consulting Co., Ltd. - ADS",COMMON_STOCK,NASDAQ,True,N
LAZ,LAZ,"Lazard, Inc. Common Stock",COMMON_STOCK,NYSE,True,
LB,LB,LandBridge Company LLC Class A Shares Representing Limited Liability Company Interests,COMMON_STOCK,NYSE,True,
LBGJ,LBGJ,Li Bang International Corporation Inc. - Class A Ordinary Shares,COMMON_STOCK,NASDAQ,True,N
LBRDA,LBRDA,Liberty Broadband Corporation - Class A Common Stock,COMMON_STOCK,NASDAQ,True,N
LBRDK,LBRDK,Liberty Broadband Corporation - Class C Common Stock,COMMON_STOCK,NASDAQ,True,N
LBRT,LBRT,Liberty Energy Inc. Class A common stock,COMMON_STOCK,NYSE,True,
LBRX,LBRX,LB Pharmaceuticals Inc - Common Stock,COMMON_STOCK,NASDAQ,True,N
LBTYA,LBTYA,Liberty Global Ltd. - Class A Common Shares,COMMON_STOCK,NASDAQ,True,N
LBTYB,LBTYB,Liberty Global Ltd. - Class B Common Shares,COMMON_STOCK,NASDAQ,True,N
LBTYK,LBTYK,Liberty Global Ltd. - Class C Common Shares,COMMON_STOCK,NASDAQ,True,N
LCCC,LCCC,Lakeshore Acquisition III Corp. - Ordinary Shares,COMMON_STOCK,NASDAQ,True,N
LCFY,LCFY,Locafy Limited - Ordinary Share,COMMON_STOCK,NASDAQ,True,N
LCID,LCID,"Lucid Group, Inc. - Common Stock",COMMON_STOCK,NASDAQ,True,N
LCII,LCII,LCI Industries,COMMON_STOCK,NYSE,True,
LCLN,LCLN,"Lincoln International, Inc. Class A Common Stock",COMMON_STOCK,NYSE,True,
LCNB,LCNB,LCNB Corporation - Common Stock,COMMON_STOCK,NASDAQ,True,N
LCTX,LCTX,"Lineage Cell Therapeutics, Inc. Common Stock",COMMON_STOCK,NYSEAMERICAN,True,
LCUT,LCUT,"Lifetime Brands, Inc. - Common Stock",COMMON_STOCK,NASDAQ,True,N
LDI,LDI,"loanDepot, Inc. Class A Common Stock",COMMON_STOCK,NYSE,True,
LDOS,LDOS,"Leidos Holdings, Inc. Common Stock",COMMON_STOCK,NYSE,True,
LE,LE,"Lands' End, Inc. - Common Stock",COMMON_STOCK,NASDAQ,True,N
LEA,LEA,Lear Corporation Common Stock,COMMON_STOCK,NYSE,True,
LECO,LECO,"Lincoln Electric Holdings, Inc. - Common Shares",COMMON_STOCK,NASDAQ,True,N
LEDS,LEDS,SemiLEDS Corporation - Common Stock,COMMON_STOCK,NASDAQ,False,D
LEE,LEE,"Lee Enterprises, Incorporated - Common Stock",COMMON_STOCK,NASDAQ,True,N
LEG,LEG,"Leggett & Platt, Incorporated Common Stock",COMMON_STOCK,NYSE,True,
LEGH,LEGH,Legacy Housing Corporation - Common Stock,COMMON_STOCK,NASDAQ,True,N
LEGO,LEGO,Legato Merger Corp. IV Ordinary Shares,COMMON_STOCK,NYSEAMERICAN,True,
LEN,LEN,Lennar Corporation Class A Common Stock,COMMON_STOCK,NYSE,True,
LEN.B,LEN-B,Lennar Corporation Class B,COMMON_STOCK,NYSE,True,
LENZ,LENZ,"LENZ Therapeutics, Inc. - Common Stock",COMMON_STOCK,NASDAQ,True,N
LEO,LEO,"BNY Mellon Strategic Municipals, Inc. Common Stock",COMMON_STOCK,NYSE,True,
LESL,LESL,"Leslie's, Inc. - Common Stock",COMMON_STOCK,NASDAQ,True,N
LEU,LEU,Centrus Energy Corp. Class A Common Stock,COMMON_STOCK,NYSE,True,
LEVI,LEVI,Levi Strauss & Co Class A Common Stock,COMMON_STOCK,NYSE,True,
LEXX,LEXX,Lexaria Bioscience Corp. - Common Stock,COMMON_STOCK,NASDAQ,False,D
LFAC,LFAC,Leapfrog Acquisition Corporation - Class A Ordinary Shares,COMMON_STOCK,NASDAQ,True,N
LFCR,LFCR,"Lifecore Biomedical, Inc. - Common Stock",COMMON_STOCK,NASDAQ,True,N
LFMD,LFMD,"LifeMD, Inc. - Common Stock",COMMON_STOCK,NASDAQ,True,N
LFST,LFST,"LifeStance Health Group, Inc. - Common Stock",COMMON_STOCK,NASDAQ,True,N
LFT,LFT,"Lument Finance Trust, Inc. Common Stock",COMMON_STOCK,NYSE,True,
LFTO,LFTO,"Liftoff Mobile, Inc. - Common Stock",COMMON_STOCK,NASDAQ,True,N
LFUS,LFUS,"Littelfuse, Inc. - Common Stock",COMMON_STOCK,NASDAQ,True,N
LFVN,LFVN,Lifevantage Corporation - Common Stock,COMMON_STOCK,NASDAQ,True,N
LFWD,LFWD,Lifeward Ltd. - Ordinary Shares,COMMON_STOCK,NASDAQ,True,N
LGCL,LGCL,Lucas GC Limited - Class A Ordinary Shares,COMMON_STOCK,NASDAQ,True,N
LGCY,LGCY,Legacy Education Inc. Common Stock,COMMON_STOCK,NYSEAMERICAN,True,
LGIH,LGIH,"LGI Homes, Inc. - Common Stock",COMMON_STOCK,NASDAQ,True,N
LGL,LGL,"LGL Group, Inc. (The) Common Stock",COMMON_STOCK,NYSEAMERICAN,True,
LGN,LGN,Legence Corp. - Class A Common stock,COMMON_STOCK,NASDAQ,True,N
LGND,LGND,Ligand Pharmaceuticals Incorporated - Common Stock,COMMON_STOCK,NASDAQ,True,N
LGO,LGO,Largo Inc. - Common Shares,COMMON_STOCK,NASDAQ,True,N
LGPS,LGPS,LogProstyle Inc. Common Shares,COMMON_STOCK,NYSEAMERICAN,True,
LGVN,LGVN,Longeveron Inc. - Class A Common stock,COMMON_STOCK,NASDAQ,False,D
LH,LH,Labcorp Holdings Inc. Common Stock,COMMON_STOCK,NYSE,True,
LHAI,LHAI,Linkhome Holdings Inc. - Common stock,COMMON_STOCK,NASDAQ,False,D
LHSW,LHSW,Lianhe Sowell International Group Ltd - Class A Ordinary Shares,COMMON_STOCK,NASDAQ,True,N
LHX,LHX,"L3Harris Technologies, Inc. Common Stock",COMMON_STOCK,NYSE,True,
LICN,LICN,Lichen International Limited - Class A Ordinary Shares,COMMON_STOCK,NASDAQ,True,N
LIDR,LIDR,"AEye, Inc. - Class A Common Stock",COMMON_STOCK,NASDAQ,True,N
LIEN,LIEN,"Chicago Atlantic BDC, Inc. - Common Stock",COMMON_STOCK,NASDAQ,True,N
LIF,LIF,"Life360, Inc. - Common Stock",COMMON_STOCK,NASDAQ,True,N
LIFE,LIFE,Ethos Technologies Inc. - Class A Common Stock,COMMON_STOCK,NASDAQ,True,N
LII,LII,"Lennox International, Inc. Common Stock",COMMON_STOCK,NYSE,True,
LILA,LILA,Liberty Latin America Ltd. - Class A Common Stock,COMMON_STOCK,NASDAQ,True,N
LILAK,LILAK,Liberty Latin America Ltd. - Class C Common Stock,COMMON_STOCK,NASDAQ,True,N
LIME,LIME,"Neutron Holdings, Inc. - Common Stock",COMMON_STOCK,NASDAQ,True,N
LIMN,LIMN,"Liminatus Pharma, Inc. - Class A Common Stock",COMMON_STOCK,NASDAQ,False,D
LIN,LIN,Linde plc - Ordinary Shares,COMMON_STOCK,NASDAQ,True,N
LINC,LINC,Lincoln Educational Services Corporation - Common Stock,COMMON_STOCK,NASDAQ,True,N
LIND,LIND,Lindblad Expeditions Holdings Inc.  - Common Stock,COMMON_STOCK,NASDAQ,True,N
LINE,LINE,"Lineage, Inc. - Common Stock",COMMON_STOCK,NASDAQ,True,N
LINK,LINK,"Interlink Electronics, Inc. - Common Stock",COMMON_STOCK,NASDAQ,True,N
LION,LION,Lionsgate Studios Corp Common Shares,COMMON_STOCK,NYSE,True,
LIQT,LIQT,"LiqTech International, Inc. - Common Stock",COMMON_STOCK,NASDAQ,True,N
LITE,LITE,Lumentum Holdings Inc. - Common Stock,COMMON_STOCK,NASDAQ,True,N
LITS,LITS,"Lite Strategy, Inc. - Common Stock",COMMON_STOCK,NASDAQ,True,N
LIVE,LIVE,Live Ventures Incorporated - Common Stock,COMMON_STOCK,NASDAQ,True,N
LIVN,LIVN,LivaNova PLC - Ordinary Shares,COMMON_STOCK,NASDAQ,True,N
LKFN,LKFN,Lakeland Financial Corporation - Common Stock,COMMON_STOCK,NASDAQ,True,N
LKQ,LKQ,LKQ Corporation - Common Stock,COMMON_STOCK,NASDAQ,True,N
LKSP,LKSP,Lake Superior Acquisition Corp. - Class A Ordinary Shares,COMMON_STOCK,NASDAQ,True,N
LLY,LLY,Eli Lilly and Company Common Stock,COMMON_STOCK,NYSE,True,
LLYVA,LLYVA,"Liberty Live Holdings, Inc. - Series A Liberty Live Group Common Stock",COMMON_STOCK,NASDAQ,True,N
LLYVK,LLYVK,"Liberty Live Holdings, Inc. - Series C Liberty Live Group Common Stock",COMMON_STOCK,NASDAQ,True,N
LMAT,LMAT,"LeMaitre Vascular, Inc. - Common Stock",COMMON_STOCK,NASDAQ,True,N
LMB,LMB,"Limbach Holdings, Inc. - Common Stock",COMMON_STOCK,NASDAQ,True,N
LMND,LMND,"Lemonade, Inc. Common Stock",COMMON_STOCK,NYSE,True,
LMNR,LMNR,Limoneira Co - Common Stock,COMMON_STOCK,NASDAQ,True,N
LMRI,LMRI,"Lumexa Imaging Holdings, Inc. - Common Stock",COMMON_STOCK,NASDAQ,True,N
LMT,LMT,Lockheed Martin Corporation Common Stock,COMMON_STOCK,NYSE,True,
LNAI,LNAI,Lunai Bioworks Inc. - Common Stock,COMMON_STOCK,NASDAQ,True,N
LNC,LNC,Lincoln National Corporation Common Stock,COMMON_STOCK,NYSE,True,
LND,LND,Brasilagro Brazilian Agric Real Estate Co Sponsored ADR (Brazil),COMMON_STOCK,NYSE,True,
LNG,LNG,"Cheniere Energy, Inc. Common Stock",COMMON_STOCK,NYSE,True,
LNKS,LNKS,Linkers Industries Limited - Class A Ordinary Shares,COMMON_STOCK,NASDAQ,True,N
LNN,LNN,Lindsay Corporation Common Stock,COMMON_STOCK,NYSE,True,
LNSR,LNSR,"LENSAR, Inc. - Common Stock",COMMON_STOCK,NASDAQ,True,N
LNT,LNT,Alliant Energy Corporation - Common Stock,COMMON_STOCK,NASDAQ,True,N
LNTH,LNTH,"Lantheus Holdings, Inc. - Common Stock",COMMON_STOCK,NASDAQ,True,N
LNZA,LNZA,"LanzaTech Global, Inc. - Common Stock",COMMON_STOCK,NASDAQ,True,N
LOAN,LOAN,"Manhattan Bridge Capital, Inc - Common Stock",COMMON_STOCK,NASDAQ,True,N
LOAR,LOAR,Loar Holdings Inc. Common Stock,COMMON_STOCK,NYSE,True,
LOB,LOB,"Live Oak Bancshares, Inc. Common Stock",COMMON_STOCK,NYSE,True,
LOBO,LOBO,LOBO TECHNOLOGIES LTD. - Class A Ordinary Shares,COMMON_STOCK,NASDAQ,False,D
LOCL,LOCL,Local Bounti Corporation Common Stock,COMMON_STOCK,NYSE,True,
LOCO,LOCO,"El Pollo Loco Holdings, Inc. - Common Stock",COMMON_STOCK,NASDAQ,True,N
LODE,LODE,Comstock Inc. Common Stock,COMMON_STOCK,NYSEAMERICAN,True,
LOGI,LOGI,Logitech International S.A. - Registered Shares,COMMON_STOCK,NASDAQ,True,N
LOMA,LOMA,Loma Negra Compania Industrial Argentina Sociedad Anonima ADS,COMMON_STOCK,NYSE,True,
LONA,LONA,"LeonaBio, Inc. - Common Stock",COMMON_STOCK,NASDAQ,True,N
LOOP,LOOP,"Loop Industries, Inc. - Common Stock",COMMON_STOCK,NASDAQ,True,N
LOPE,LOPE,"Grand Canyon Education, Inc. - Common Stock",COMMON_STOCK,NASDAQ,True,N
LOVE,LOVE,The Lovesac Company - Common Stock,COMMON_STOCK,NASDAQ,True,N
LOW,LOW,"Lowe's Companies, Inc. Common Stock",COMMON_STOCK,NYSE,True,
LPA,LPA,Logistic Properties of the Americas Ordinary Shares,COMMON_STOCK,NYSEAMERICAN,True,
LPAA,LPAA,Launch One Acquisition Corp. - Class A Ordinary Shares,COMMON_STOCK,NASDAQ,True,N
LPBB,LPBB,Launch Two Acquisition Corp. - Class A Ordinary Shares,COMMON_STOCK,NASDAQ,True,N
LPCN,LPCN,Lipocine Inc. - Common Stock,COMMON_STOCK,NASDAQ,True,N
LPCV,LPCV,Launchpad Cadenza Acquisition Corp I - Class A Ordinary Share,COMMON_STOCK,NASDAQ,True,N
LPG,LPG,Dorian LPG Ltd. Common Stock,COMMON_STOCK,NYSE,True,
LPL,LPL,"LG Display Co, Ltd AMERICAN DEPOSITORY SHARES",COMMON_STOCK,NYSE,True,
LPLA,LPLA,LPL Financial Holdings Inc. - Common Stock,COMMON_STOCK,NASDAQ,True,N
LPRO,LPRO,Open Lending Corporation - Common Stock,COMMON_STOCK,NASDAQ,True,N
LPSN,LPSN,"LivePerson, Inc. - Common Stock",COMMON_STOCK,NASDAQ,True,N
LPTH,LPTH,"LightPath Technologies, Inc. - Class A Common Stock",COMMON_STOCK,NASDAQ,True,N
LPX,LPX,Louisiana-Pacific Corporation Common Stock,COMMON_STOCK,NYSE,True,
LQDA,LQDA,Liquidia Corporation - Common Stock,COMMON_STOCK,NASDAQ,True,N
LQDT,LQDT,"Liquidity Services, Inc. - Common Stock",COMMON_STOCK,NASDAQ,True,N
LRCX,LRCX,Lam Research Corporation - Common Stock,COMMON_STOCK,NASDAQ,True,N
LRHC,LRHC,La Rosa Holdings Corp. - Common Stock,COMMON_STOCK,NASDAQ,False,H
LRMR,LRMR,"Larimar Therapeutics, Inc. - Common Stock",COMMON_STOCK,NASDAQ,True,N
LRN,LRN,"Stride, Inc. Common Stock",COMMON_STOCK,NYSE,True,
LSAK,LSAK,"Lesaka Technologies, Inc. - Common Stock",COMMON_STOCK,NASDAQ,True,N
LSBK,LSBK,"Lake Shore Bancorp, Inc. - Common Stock",COMMON_STOCK,NASDAQ,True,N
LSCC,LSCC,Lattice Semiconductor Corporation - Common Stock,COMMON_STOCK,NASDAQ,True,N
LSE,LSE,"Leishen Energy Holding Co., Ltd. - Class A Ordinary Shares",COMMON_STOCK,NASDAQ,True,N
LSF,LSF,"Laird Superfood, Inc. Common Stock",COMMON_STOCK,NYSEAMERICAN,True,
LSH,LSH,Lakeside Holding Limited - Common Stock,COMMON_STOCK,NASDAQ,False,D
LSPD,LSPD,Lightspeed Commerce Inc. Subordinate Voting Shares,COMMON_STOCK,NYSE,True,
LSTA,LSTA,"Lisata Therapeutics, Inc. - Common Stock",COMMON_STOCK,NASDAQ,True,N
LSTR,LSTR,"Landstar System, Inc. - Common Stock",COMMON_STOCK,NASDAQ,True,N
LTBR,LTBR,Lightbridge Corporation - Common Stock,COMMON_STOCK,NASDAQ,True,N
LTC,LTC,"LTC Properties, Inc. Common Stock",COMMON_STOCK,NYSE,True,
LTH,LTH,"Life Time Group Holdings, Inc. Common Stock",COMMON_STOCK,NYSE,True,
LTRN,LTRN,Lantern Pharma Inc. - Common Stock,COMMON_STOCK,NASDAQ,True,N
LTRX,LTRX,"Lantronix, Inc. - Common Stock",COMMON_STOCK,NASDAQ,True,N
LUCD,LUCD,Lucid Diagnostics Inc. - Common Stock,COMMON_STOCK,NASDAQ,True,N
LUCK,LUCK,Lucky Strike Entertainment Corporation Class A Common Stock,COMMON_STOCK,NYSE,True,
LUCY,LUCY,"Innovative Eyewear, Inc. - Common Stock",COMMON_STOCK,NASDAQ,True,N
LUD,LUD,Luda Technology Group Limited Ordinary Shares,COMMON_STOCK,NYSEAMERICAN,True,
LULU,LULU,lululemon athletica inc. - Common Stock,COMMON_STOCK,NASDAQ,True,N
LUMN,LUMN,"Lumen Technologies, Inc. Common Stock",COMMON_STOCK,NYSE,True,
LUNG,LUNG,Pulmonx Corporation - Common Stock,COMMON_STOCK,NASDAQ,True,N
LUNR,LUNR,"Intuitive Machines, Inc. - Class A Common Stock",COMMON_STOCK,NASDAQ,True,N
LUV,LUV,Southwest Airlines Company Common Stock,COMMON_STOCK,NYSE,True,
LVLU,LVLU,"Lulu's Fashion Lounge Holdings, Inc. - Common Stock",COMMON_STOCK,NASDAQ,False,D
LVO,LVO,"LiveOne, Inc. - Common Stock",COMMON_STOCK,NASDAQ,True,N
LVS,LVS,Las Vegas Sands Corp. Common Stock,COMMON_STOCK,NYSE,True,
LVWR,LVWR,"LiveWire Group, Inc. Common Stock",COMMON_STOCK,NYSE,True,
LW,LW,"Lamb Weston Holdings, Inc. Common Stock",COMMON_STOCK,NYSE,True,
LWAC,LWAC,LightWave Acquisition Corp. - Class A Ordinary Shares,COMMON_STOCK,NASDAQ,True,N
LWAY,LWAY,"Lifeway Foods, Inc. - Common Stock",COMMON_STOCK,NASDAQ,True,N
LWLG,LWLG,"Lightwave Logic, Inc. - Common Stock",COMMON_STOCK,NASDAQ,True,N
LXEO,LXEO,"Lexeo Therapeutics, Inc. - Common Stock",COMMON_STOCK,NASDAQ,True,N
LXFR,LXFR,Luxfer Holdings PLC Ordinary Shares,COMMON_STOCK,NYSE,True,
LXP,LXP,LXP Industrial Trust Common Stock (Maryland REIT),COMMON_STOCK,NYSE,True,
LXRX,LXRX,"Lexicon Pharmaceuticals, Inc. - Common Stock",COMMON_STOCK,NASDAQ,True,N
LXU,LXU,"LSB Industries, Inc. Common Stock",COMMON_STOCK,NYSE,True,
LYB,LYB,LyondellBasell Industries NV Ordinary Shares Class A (Netherlands),COMMON_STOCK,NYSE,True,
LYEL,LYEL,"Lyell Immunopharma, Inc. - Common Stock",COMMON_STOCK,NASDAQ,True,N
LYFT,LYFT,"Lyft, Inc. - Class A Common Stock",COMMON_STOCK,NASDAQ,True,N
LYTS,LYTS,LSI Industries Inc. - Common Stock,COMMON_STOCK,NASDAQ,True,N
LYV,LYV,"Live Nation Entertainment, Inc. Common Stock",COMMON_STOCK,NYSE,True,
LZ,LZ,"LegalZoom.com, Inc. - Common Stock",COMMON_STOCK,NASDAQ,True,N
LZB,LZB,La-Z-Boy Incorporated Common Stock,COMMON_STOCK,NYSE,True,
LZM,LZM,Lifezone Metals Limited Ordinary Shares,COMMON_STOCK,NYSE,True,
LZMH,LZMH,LZ Technology Holdings Limited - Class B Ordinary Shares,COMMON_STOCK,NASDAQ,True,N
M,M,Macy's Inc Common Stock,COMMON_STOCK,NYSE,True,
MA,MA,Mastercard Incorporated Common Stock,COMMON_STOCK,NYSE,True,
MAAS,MAAS,Maase Inc. - Class A Ordinary Shares,COMMON_STOCK,NASDAQ,True,N
MAC,MAC,Macerich Company (The) Common Stock,COMMON_STOCK,NYSE,True,
MACI,MACI,Melar Acquisition Corp. I - Class A Ordinary Shares,COMMON_STOCK,NASDAQ,True,N
MAGH,MAGH,Magnitude International Ltd - Ordinary Shares,COMMON_STOCK,NASDAQ,True,N
MAGN,MAGN,Magnera Corporation Common Stock,COMMON_STOCK,NYSE,True,
MAIA,MAIA,"MAIA Biotechnology, Inc. Common Stock",COMMON_STOCK,NYSEAMERICAN,True,
MAIN,MAIN,Main Street Capital Corporation Common Stock,COMMON_STOCK,NYSE,True,
MAIR,MAIR,Madison Air Solutions Corporation Class A Common Stock,COMMON_STOCK,NYSE,True,
MAKO,MAKO,Mako Mining Corp - Common Stock,COMMON_STOCK,NASDAQ,True,N
MAMA,MAMA,"Mama's Creations, Inc. - Common Stock",COMMON_STOCK,NASDAQ,True,N
MAMK,MAMK,MaxsMaking Inc. - Class A Ordinary Shares,COMMON_STOCK,NASDAQ,True,N
MAMO,MAMO,Massimo Group - Common Stock,COMMON_STOCK,NASDAQ,True,N
MAN,MAN,ManpowerGroup Common Stock,COMMON_STOCK,NYSE,True,
MANE,MANE,"Veradermics, Incorporated Common Stock",COMMON_STOCK,NYSE,True,
MANH,MANH,"Manhattan Associates, Inc. - Common Stock",COMMON_STOCK,NASDAQ,True,N
MAR,MAR,Marriott International - Class A Common Stock,COMMON_STOCK,NASDAQ,True,N
MARA,MARA,"MARA Holdings, Inc. - Common Stock",COMMON_STOCK,NASDAQ,True,N
MAS,MAS,Masco Corporation Common Stock,COMMON_STOCK,NYSE,True,
MASK,MASK,3 E Network Technology Group Ltd - Class A Ordinary Shares,COMMON_STOCK,NASDAQ,True,N
MASS,MASS,908 Devices Inc. - Common Stock,COMMON_STOCK,NASDAQ,True,N
MAT,MAT,"Mattel, Inc. - Common Stock",COMMON_STOCK,NASDAQ,True,N
MATH,MATH,Metalpha Technology Holding Limited - Ordinary Shares,COMMON_STOCK,NASDAQ,True,N
MATV,MATV,"Mativ Holdings, Inc. Common Stock",COMMON_STOCK,NYSE,True,
MATW,MATW,Matthews International Corporation - Class A Common Stock,COMMON_STOCK,NASDAQ,True,N
MATX,MATX,"Matson, Inc. Common Stock",COMMON_STOCK,NYSE,True,
MAX,MAX,"MediaAlpha, Inc. Class A Common Stock",COMMON_STOCK,NYSE,True,
MAYS,MAYS,"J. W. Mays, Inc. - Common Stock",COMMON_STOCK,NASDAQ,True,N
MAZE,MAZE,"Maze Therapeutics, Inc. - Common Stock",COMMON_STOCK,NASDAQ,True,N
MB,MB,MasterBeef Group - Ordinary Shares,COMMON_STOCK,NASDAQ,True,N
MBAI,MBAI,Check-Cap Ltd. - Ordinary Share,COMMON_STOCK,NASDAQ,True,N
MBAV,MBAV,M3-Brigade Acquisition V Corp. - Class A Ordinary shares,COMMON_STOCK,NASDAQ,True,N
MBBC,MBBC,"Marathon Bancorp, Inc. - Common Stock",COMMON_STOCK,NASDAQ,True,N
MBC,MBC,"MasterBrand, Inc. Common Stock",COMMON_STOCK,NYSE,True,
MBGL,MBGL,Mobility Global Inc. Common Stock,COMMON_STOCK,NYSE,True,
MBI,MBI,MBIA Inc. Common Stock,COMMON_STOCK,NYSE,True,
MBIN,MBIN,Merchants Bancorp - Common Stock,COMMON_STOCK,NASDAQ,True,N
MBIO,MBIO,"Mustang Bio, Inc. - Common Stock",COMMON_STOCK,NASDAQ,False,D
MBLY,MBLY,Mobileye Global Inc. - Class A Common Stock,COMMON_STOCK,NASDAQ,True,N
MBOT,MBOT,Microbot Medical Inc.  - Common Stock,COMMON_STOCK,NASDAQ,True,N
MBRX,MBRX,"Moleculin Biotech, Inc. - Common Stock",COMMON_STOCK,NASDAQ,True,N
MBUU,MBUU,"Malibu Boats, Inc. - Common Stock",COMMON_STOCK,NASDAQ,True,N
MBVI,MBVI,M3-Brigade Acquisition VI Corp. - Class A Ordinary Shares,COMMON_STOCK,NASDAQ,True,N
MBWM,MBWM,Mercantile Bank Corporation - Common Stock,COMMON_STOCK,NASDAQ,True,N
MBX,MBX,"MBX Biosciences, Inc. - Common Stock",COMMON_STOCK,NASDAQ,True,N
MC,MC,Moelis & Company Class A Common Stock,COMMON_STOCK,NYSE,True,
MCAH,MCAH,Mountain Crest Acquisition 6 Corp. - Ordinary Shares,COMMON_STOCK,NASDAQ,True,N
MCB,MCB,Metropolitan Bank Holding Corp. Common Stock,COMMON_STOCK,NYSE,True,
MCBS,MCBS,"MetroCity Bankshares, Inc. - Common Stock",COMMON_STOCK,NASDAQ,True,N
MCD,MCD,McDonald's Corporation Common Stock,COMMON_STOCK,NYSE,True,
MCFT,MCFT,"MasterCraft Boat Holdings, Inc. - Common Stock",COMMON_STOCK,NASDAQ,True,N
MCGA,MCGA,Yorkville Acquisition Corp. - Class A Ordinary Share,COMMON_STOCK,NASDAQ,True,N
MCHB,MCHB,Mechanics Bancorp - Class A Common Stock,COMMON_STOCK,NASDAQ,True,N
MCHP,MCHP,Microchip Technology Incorporated - Common Stock,COMMON_STOCK,NASDAQ,True,N
MCHX,MCHX,"Marchex, Inc. - Class B Common Stock",COMMON_STOCK,NASDAQ,True,N
MCI,MCI,Barings Corporate Investors Common Stock,COMMON_STOCK,NYSE,True,
MCK,MCK,McKesson Corporation Common Stock,COMMON_STOCK,NYSE,True,
MCO,MCO,Moody's Corporation Common Stock,COMMON_STOCK,NYSE,True,
MCRB,MCRB,"Seres Therapeutics, Inc. - Common Stock",COMMON_STOCK,NASDAQ,True,N
MCRI,MCRI,"Monarch Casino & Resort, Inc. - Common Stock",COMMON_STOCK,NASDAQ,True,N
MCRP,MCRP,Micropolis AI Robotics Ordinary Shares,COMMON_STOCK,NYSEAMERICAN,True,
MCS,MCS,Marcus Corporation (The) Common Stock,COMMON_STOCK,NYSE,True,
MCTA,MCTA,Charming Medical Limited - Class A Ordinary Shares,COMMON_STOCK,NASDAQ,True,N
MCY,MCY,Mercury General Corporation Common Stock,COMMON_STOCK,NYSE,True,
MD,MD,"Pediatrix Medical Group, Inc. Common Stock",COMMON_STOCK,NYSE,True,
MDA,MDA,MDA Space Ltd. Common Shares,COMMON_STOCK,NYSE,True,
MDAI,MDAI,"Spectral AI, Inc. - Class A Common Stock",COMMON_STOCK,NASDAQ,True,N
MDB,MDB,"MongoDB, Inc. - Class A Common Stock",COMMON_STOCK,NASDAQ,True,N
MDBH,MDBH,"MDB Capital Holdings, LLC - Class A common",COMMON_STOCK,NASDAQ,True,N
MDCX,MDCX,Medicus Pharma Ltd. - Common Stock,COMMON_STOCK,NASDAQ,False,D
MDGL,MDGL,"Madrigal Pharmaceuticals, Inc. - Common Stock",COMMON_STOCK,NASDAQ,True,N
MDIA,MDIA,Mediaco Holding Inc. - Class A Common Stock,COMMON_STOCK,NASDAQ,False,D
MDLN,MDLN,Medline Inc. - Class A common stock,COMMON_STOCK,NASDAQ,True,N
MDLZ,MDLZ,"Mondelez International, Inc. - Class A Common Stock",COMMON_STOCK,NASDAQ,True,N
MDRR,MDRR,"Medalist Diversified, Inc. - Common Stock",COMMON_STOCK,NASDAQ,True,N
MDT,MDT,Medtronic plc. Ordinary Shares,COMMON_STOCK,NYSE,True,
MDU,MDU,"MDU Resources Group, Inc. Common Stock (Holding Company)",COMMON_STOCK,NYSE,True,
MDV,MDV,"Modiv Industrial, Inc. Class C Common Stock",COMMON_STOCK,NYSE,True,
MDWD,MDWD,MediWound Ltd. - Ordinary Shares,COMMON_STOCK,NASDAQ,True,N
MDXG,MDXG,"MiMedx Group, Inc - Common Stock",COMMON_STOCK,NASDAQ,True,N
MDXH,MDXH,MDxHealth SA - Ordinary Shares,COMMON_STOCK,NASDAQ,False,D
MEC,MEC,"Mayville Engineering Company, Inc. Common Stock",COMMON_STOCK,NYSE,True,
MED,MED,MEDIFAST INC Common Stock,COMMON_STOCK,NYSE,True,
MEDP,MEDP,"Medpace Holdings, Inc. - Common Stock",COMMON_STOCK,NASDAQ,True,N
MEGL,MEGL,Magic Empire Global Limited - Class A Ordinary Shares,COMMON_STOCK,NASDAQ,True,N
MEI,MEI,"Methode Electronics, Inc. Common Stock",COMMON_STOCK,NYSE,True,
MELI,MELI,"MercadoLibre, Inc. - Common Stock",COMMON_STOCK,NASDAQ,True,N
MENS,MENS,Jyong Biotech Ltd. - Ordinary shares,COMMON_STOCK,NASDAQ,True,N
MEOH,MEOH,Methanex Corporation - Common Stock,COMMON_STOCK,NASDAQ,True,N
MERC,MERC,Mercer International Inc. - Common Stock,COMMON_STOCK,NASDAQ,True,N
MESH,MESH,Meshflow Acquisition Corp. - Class A Ordinary Shares,COMMON_STOCK,NASDAQ,True,N
MET,MET,"MetLife, Inc. Common Stock",COMMON_STOCK,NYSE,True,
META,META,"Meta Platforms, Inc. - Class A Common Stock",COMMON_STOCK,NASDAQ,True,N
METC,METC,"Ramaco Resources, Inc. - Class A Common Stock",COMMON_STOCK,NASDAQ,True,N
METCB,METCB,"Ramaco Resources, Inc. - Class B Common Stock",COMMON_STOCK,NASDAQ,True,N
MEVO,MEVO,M Evo Global Acquisition Corp II - Class A Ordinary Shares,COMMON_STOCK,NASDAQ,True,N
MFA,MFA,"MFA Financial, Inc.",COMMON_STOCK,NYSE,True,
MFC,MFC,Manulife Financial Corporation Common Stock,COMMON_STOCK,NYSE,True,
MFG,MFG,"Mizuho Financial Group, Inc. Sponosred ADR (Japan)",COMMON_STOCK,NYSE,True,
MFI,MFI,mF International Limited - Class A Ordinary Shares,COMMON_STOCK,NASDAQ,True,N
MFIN,MFIN,Medallion Financial Corp. - Common Stock,COMMON_STOCK,NASDAQ,True,N
MFP,MFP,"Midera Food Processing, Inc. - Common Stock",COMMON_STOCK,NASDAQ,True,N
MG,MG,Mistras Group Inc Common Stock,COMMON_STOCK,NYSE,True,
MGA,MGA,"Magna International, Inc. Common Stock",COMMON_STOCK,NYSE,True,
MGEE,MGEE,MGE Energy Inc. - Common Stock,COMMON_STOCK,NASDAQ,True,N
MGIH,MGIH,Millennium Group International Holdings Limited - Ordinary Shares,COMMON_STOCK,NASDAQ,True,N
MGLD,MGLD,"The Marygold Companies, Inc. Common Stock",COMMON_STOCK,NYSEAMERICAN,True,
MGM,MGM,MGM Resorts International Common Stock,COMMON_STOCK,NYSE,True,
MGN,MGN,Megan Holdings Limited - Class A Ordinary Shares,COMMON_STOCK,NASDAQ,False,D
MGNI,MGNI,"Magnite, Inc. - Common Stock",COMMON_STOCK,NASDAQ,True,N
MGNX,MGNX,"MacroGenics, Inc. - Common Stock",COMMON_STOCK,NASDAQ,True,N
MGPI,MGPI,"MGP Ingredients, Inc. - Common Stock",COMMON_STOCK,NASDAQ,True,N
MGRC,MGRC,McGrath RentCorp - Common Stock,COMMON_STOCK,NASDAQ,True,N
MGRT,MGRT,Mega Fortune Company Limited - Ordinary Shares,COMMON_STOCK,NASDAQ,True,N
MGRX,MGRX,"Mangoceuticals, Inc. - Common Stock",COMMON_STOCK,NASDAQ,False,D
MGTX,MGTX,MeiraGTx Holdings plc - Ordinary Shares,COMMON_STOCK,NASDAQ,True,N
MGX,MGX,"Metagenomi Therapeutics, Inc. - Common Stock",COMMON_STOCK,NASDAQ,True,N
MGY,MGY,Magnolia Oil & Gas Corporation Class A Common Stock,COMMON_STOCK,NYSE,True,
MGYR,MGYR,"Magyar Bancorp, Inc. - Common Stock",COMMON_STOCK,NASDAQ,True,N
MH,MH,"McGraw Hill, Inc. Common Stock",COMMON_STOCK,NYSE,True,
MHH,MHH,"Mastech Digital, Inc Common Stock",COMMON_STOCK,NYSEAMERICAN,True,
MHK,MHK,"Mohawk Industries, Inc. Common Stock",COMMON_STOCK,NYSE,True,
MHO,MHO,"M/I Homes, Inc. Common Stock",COMMON_STOCK,NYSE,True,
MI,MI,NFT Limited Class A Ordinary Share,COMMON_STOCK,NYSEAMERICAN,True,
MIAX,MIAX,"Miami International Holdings, Inc. Common Stock",COMMON_STOCK,NYSE,True,
MICC,MICC,The Magnum Ice Cream Company N.V. Ordinary Shares,COMMON_STOCK,NYSE,True,
MIDD,MIDD,The Middleby Corporation - Common Stock,COMMON_STOCK,NASDAQ,True,N
MIMI,MIMI,Mint Incorporation Limited - Class A Ordinary Shares,COMMON_STOCK,NASDAQ,True,N
MIND,MIND,"MIND Technology, Inc. - Common Stock",COMMON_STOCK,NASDAQ,True,N
MINE,MINE,Mayfair Gold Corp. Common Shares,COMMON_STOCK,NYSEAMERICAN,True,
MIR,MIR,"Mirion Technologies, Inc. Class A Common Stock",COMMON_STOCK,NYSE,True,
MIRA,MIRA,"MIRA Pharmaceuticals, Inc. - Common Stock",COMMON_STOCK,NASDAQ,True,N
MIRM,MIRM,"Mirum Pharmaceuticals, Inc. - common stock",COMMON_STOCK,NASDAQ,True,N
MIST,MIST,Milestone Pharmaceuticals Inc. - Common Shares,COMMON_STOCK,NASDAQ,True,N
MITK,MITK,"Mitek Systems, Inc. - Common Stock",COMMON_STOCK,NASDAQ,True,N
MITQ,MITQ,"Moving iMage Technologies, Inc. Common Stock",COMMON_STOCK,NYSEAMERICAN,True,
MITT,MITT,"TPG Mortgage Investment Trust, Inc. Common Stock",COMMON_STOCK,NYSE,True,
MKC,MKC,"McCormick & Company, Incorporated Common Stock",COMMON_STOCK,NYSE,True,
MKC.V,MKC-V,"McCormick & Company, Incorporated Common Stock",COMMON_STOCK,NYSE,True,
MKDW,MKDW,MKDWELL Tech Inc. - Ordinary Shares,COMMON_STOCK,NASDAQ,True,N
MKL,MKL,Markel Group Inc. Common Stock,COMMON_STOCK,NYSE,True,
MKLY,MKLY,McKinley Acquisition Corporation - Class A Ordinary Shares,COMMON_STOCK,NASDAQ,True,N
MKSI,MKSI,MKS Inc. - Common Stock,COMMON_STOCK,NASDAQ,True,N
MKTW,MKTW,"MarketWise, Inc. - Class A Common Stock",COMMON_STOCK,NASDAQ,True,N
MKTX,MKTX,"MarketAxess Holdings, Inc. - Common Stock",COMMON_STOCK,NASDAQ,True,N
MKZR,MKZR,"MacKenzie Realty Capital, Inc. - Common Stock",COMMON_STOCK,NASDAQ,True,N
MLAA,MLAA,Mountain Lake Acquisition Corp. II - Class A Ordinary Shares,COMMON_STOCK,NASDAQ,True,N
MLAB,MLAB,"Mesa Laboratories, Inc. - Common Stock",COMMON_STOCK,NASDAQ,True,N
MLCI,MLCI,Mount Logan Capital Inc. - Common Stock,COMMON_STOCK,NASDAQ,True,N
MLEC,MLEC,Moolec Science SA - Ordinary Shares,COMMON_STOCK,NASDAQ,True,N
MLGO,MLGO,"MicroAlgo, Inc. - Ordinary Shares",COMMON_STOCK,NASDAQ,True,N
MLI,MLI,"Mueller Industries, Inc. Common Stock",COMMON_STOCK,NYSE,True,
MLKN,MLKN,"MillerKnoll, Inc. - Common Stock",COMMON_STOCK,NASDAQ,True,N
MLM,MLM,"Martin Marietta Materials, Inc. Common Stock",COMMON_STOCK,NYSE,True,
MLP,MLP,"Maui Land & Pineapple Company, Inc. Common Stock",COMMON_STOCK,NYSE,True,
MLR,MLR,"Miller Industries, Inc. Common Stock",COMMON_STOCK,NYSE,True,
MLSS,MLSS,"Milestone Scientific, Inc. Common Stock",COMMON_STOCK,NYSEAMERICAN,True,
MLTX,MLTX,MoonLake Immunotherapeutics - Class A Ordinary Shares,COMMON_STOCK,NASDAQ,True,N
MLYS,MLYS,"Mineralys Therapeutics, Inc. - Common Stock",COMMON_STOCK,NASDAQ,True,N
MMA,MMA,Mixed Martial Arts Group Limited Ordinary Shares,COMMON_STOCK,NYSEAMERICAN,True,
MMED,MMED,"MiniMed Group, Inc. - Common Stock",COMMON_STOCK,NASDAQ,True,N
MMI,MMI,"Marcus & Millichap, Inc. Common Stock",COMMON_STOCK,NYSE,True,
MMM,MMM,3M Company Common Stock,COMMON_STOCK,NYSE,True,
MMS,MMS,"Maximus, Inc. Common Stock",COMMON_STOCK,NYSE,True,
MMSI,MMSI,"Merit Medical Systems, Inc. - Common Stock",COMMON_STOCK,NASDAQ,True,N
MMTX,MMTX,Miluna Acquisition Corp - Class A Ordinary Shares,COMMON_STOCK,NASDAQ,True,N
MMYT,MMYT,MakeMyTrip Limited - Ordinary Shares,COMMON_STOCK,NASDAQ,True,N
MNDO,MNDO,MIND C.T.I. Ltd. - Ordinary Shares,COMMON_STOCK,NASDAQ,False,D
MNDR,MNDR,Mobile-health Network Solutions - Class A Ordinary Shares,COMMON_STOCK,NASDAQ,True,N
MNDY,MNDY,monday.com Ltd. - Ordinary Shares,COMMON_STOCK,NASDAQ,True,N
MNKD,MNKD,MannKind Corporation - Common Stock,COMMON_STOCK,NASDAQ,True,N
MNOV,MNOV,"MediciNova, Inc. - Common Stock",COMMON_STOCK,NASDAQ,True,N
MNPR,MNPR,Monopar Therapeutics Inc. - Common Stock,COMMON_STOCK,NASDAQ,True,N
MNRO,MNRO,"Monro, Inc.  - Common Stock",COMMON_STOCK,NASDAQ,True,N
MNSB,MNSB,"MainStreet Bancshares, Inc. - Common Stock",COMMON_STOCK,NASDAQ,True,N
MNST,MNST,Monster Beverage Corporation - Common Stock,COMMON_STOCK,NASDAQ,True,N
MNTK,MNTK,"Montauk Renewables, Inc. - Common Stock",COMMON_STOCK,NASDAQ,True,N
MNTN,MNTN,"MNTN, Inc. Class A Common Stock",COMMON_STOCK,NYSE,True,
MNTS,MNTS,Momentus Inc. - Class A Common Stock,COMMON_STOCK,NASDAQ,True,N
MNY,MNY,MoneyHero Limited - Class A Ordinary Shares,COMMON_STOCK,NASDAQ,True,N
MO,MO,"Altria Group, Inc.",COMMON_STOCK,NYSE,True,
MOB,MOB,Mobilicom Limited - Ordinary Shares,COMMON_STOCK,NASDAQ,True,N
MOBI,MOBI,"Mobia Medical, Inc. - Common Stock",COMMON_STOCK,NASDAQ,True,N
MOBX,MOBX,"Mobix Labs, Inc. - Class A Common Stock",COMMON_STOCK,NASDAQ,True,N
MOD,MOD,Modine Manufacturing Company Common Stock,COMMON_STOCK,NYSE,True,
MODD,MODD,"Modular Medical, Inc. - common stock",COMMON_STOCK,NASDAQ,True,N
MOG.A,MOG-A,Moog Inc. Class A Common Stock,COMMON_STOCK,NYSE,True,
MOG.B,MOG-B,Moog Inc. Class B Common Stock,COMMON_STOCK,NYSE,True,
MOH,MOH,Molina Healthcare Inc Common Stock,COMMON_STOCK,NYSE,True,
MORN,MORN,"Morningstar, Inc. - Common Stock",COMMON_STOCK,NASDAQ,True,N
MOS,MOS,Mosaic Company (The) Common Stock,COMMON_STOCK,NYSE,True,
MOV,MOV,Movado Group Inc. Common Stock,COMMON_STOCK,NYSE,True,
MOVE,MOVE,"Corvex, Inc. - Common Stock",COMMON_STOCK,NASDAQ,True,N
MP,MP,MP Materials Corp. Common Stock,COMMON_STOCK,NYSE,True,
MPAA,MPAA,"Motorcar Parts of America, Inc. - Common Stock",COMMON_STOCK,NASDAQ,True,N
MPB,MPB,Mid Penn Bancorp - Common Stock,COMMON_STOCK,NASDAQ,True,N
MPC,MPC,Marathon Petroleum Corporation Common Stock,COMMON_STOCK,NYSE,True,
MPLT,MPLT,"MapLight Therapeutics, Inc. - Common Stock",COMMON_STOCK,NASDAQ,True,N
MPT,MPT,"Medical Properties Trust, Inc. common stock",COMMON_STOCK,NYSE,True,
MPTI,MPTI,"M-tron Industries, Inc. Common Stock",COMMON_STOCK,NYSEAMERICAN,True,
MPU,MPU,Mega Matrix Inc. Class A Ordinary Shares,COMMON_STOCK,NYSEAMERICAN,True,
MPV,MPV,Barings Participation Investors Common Stock,COMMON_STOCK,NYSE,True,
MPWR,MPWR,"Monolithic Power Systems, Inc. - Common Stock",COMMON_STOCK,NASDAQ,True,N
MQ,MQ,"Marqeta, Inc. - Class A Common Stock",COMMON_STOCK,NASDAQ,True,N
MRAM,MRAM,"Everspin Technologies, Inc. - Common Stock",COMMON_STOCK,NASDAQ,True,N
MRBK,MRBK,Meridian Corporation - Common Stock,COMMON_STOCK,NASDAQ,True,N
MRCY,MRCY,Mercury Systems Inc - Common Stock,COMMON_STOCK,NASDAQ,True,N
MRDN,MRDN,Meridian Holdings Inc. - Common Stock,COMMON_STOCK,NASDAQ,True,N
MRK,MRK,"Merck & Company, Inc. Common Stock (new)",COMMON_STOCK,NYSE,True,
MRKR,MRKR,"Marker Therapeutics, Inc. - Common Stock",COMMON_STOCK,NASDAQ,True,N
MRLN,MRLN,"Merlin, Inc. - Common Stock",COMMON_STOCK,NASDAQ,True,N
MRNA,MRNA,"Moderna, Inc. - Common Stock",COMMON_STOCK,NASDAQ,True,N
MRNO,MRNO,Murano Global Investments PLC - Ordinary Shares,COMMON_STOCK,NASDAQ,False,D
MRP,MRP,"Millrose Properties, Inc. Class A Common Stock",COMMON_STOCK,NYSE,True,
MRSH,MRSH,Marsh Common Stock,COMMON_STOCK,NYSE,True,
MRT,MRT,"Marti Technologies, Inc. Class A Ordinary Shares",COMMON_STOCK,NYSEAMERICAN,True,
MRTN,MRTN,"Marten Transport, Ltd. - Common Stock",COMMON_STOCK,NASDAQ,True,N
MRVI,MRVI,"Maravai LifeSciences Holdings, Inc. - Class A common stock",COMMON_STOCK,NASDAQ,True,N
MRVL,MRVL,"Marvell Technology, Inc. - Common Stock",COMMON_STOCK,NASDAQ,True,N
MRX,MRX,Marex Group plc - Ordinary Shares,COMMON_STOCK,NASDAQ,True,N
MS,MS,Morgan Stanley Common Stock,COMMON_STOCK,NYSE,True,
MS$A,MS-PA,Morgan Stanley Dep Shs repstg 1/1000 Pfd Ser A,COMMON_STOCK,NYSE,True,
MS$F,MS-PF,Morgan Stanley Dep Shs Rpstg 1/1000th Int Prd Ser F Fxd to Flag,COMMON_STOCK,NYSE,True,
MSA,MSA,MSA Safety Incorporated Common Stock,COMMON_STOCK,NYSE,True,
MSAI,MSAI,"MultiSensor AI Holdings, Inc. - Common Stock",COMMON_STOCK,NASDAQ,True,N
MSB,MSB,Mesabi Trust Common Stock,COMMON_STOCK,NYSE,True,
MSBI,MSBI,"Midland States Bancorp, Inc. - Common Stock",COMMON_STOCK,NASDAQ,True,N
MSCI,MSCI,MSCI Inc. Common Stock,COMMON_STOCK,NYSE,True,
MSEX,MSEX,Middlesex Water Company - Common Stock,COMMON_STOCK,NASDAQ,True,N
MSFT,MSFT,Microsoft Corporation - Common Stock,COMMON_STOCK,NASDAQ,True,N
MSGE,MSGE,Madison Square Garden Entertainment Corp. Class A Common Stock,COMMON_STOCK,NYSE,True,
MSGM,MSGM,Motorsport Games Inc. - Class A Common Stock,COMMON_STOCK,NASDAQ,True,N
MSGS,MSGS,Madison Square Garden Sports Corp. Class A Common Stock (New),COMMON_STOCK,NYSE,True,
MSGY,MSGY,Masonglory Limited - Ordinary Shares,COMMON_STOCK,NASDAQ,False,D
MSI,MSI,"Motorola Solutions, Inc. Common Stock",COMMON_STOCK,NYSE,True,
MSLE,MSLE,Satellos Bioscience Inc. - Common Stock,COMMON_STOCK,NASDAQ,True,N
MSM,MSM,"MSC Industrial Direct Company, Inc. Common Stock",COMMON_STOCK,NYSE,True,
MSN,MSN,Emerson Radio Corporation Common Stock,COMMON_STOCK,NYSEAMERICAN,True,
MSS,MSS,Maison Solutions Inc. - Class A Common Stock,COMMON_STOCK,NASDAQ,False,D
MSTR,MSTR,Strategy Inc - Class A Common Stock,COMMON_STOCK,NASDAQ,True,N
MT,MT,Arcelor Mittal NY Registry Shares NEW,COMMON_STOCK,NYSE,True,
MTA,MTA,Metalla Royalty & Streaming Ltd. Common Shares,COMMON_STOCK,NYSEAMERICAN,True,
MTAL,MTAL,Metals Acquisition Corp. II Class A Ordinary Shares,COMMON_STOCK,NYSE,True,
MTB,MTB,M&T Bank Corporation Common Stock,COMMON_STOCK,NYSE,True,
MTC,MTC,"MMTec, Inc. - Common Shares",COMMON_STOCK,NASDAQ,True,N
MTCH,MTCH,"Match Group, Inc. - Common Stock",COMMON_STOCK,NASDAQ,True,N
MTD,MTD,"Mettler-Toledo International, Inc. Common Stock",COMMON_STOCK,NYSE,True,
MTDR,MTDR,Matador Resources Company Common Stock,COMMON_STOCK,NYSE,True,
MTEK,MTEK,Maris-Tech Ltd. - ordinary shares,COMMON_STOCK,NASDAQ,True,N
MTEN,MTEN,Mingteng International Corporation Inc. - Class A Ordinary Shares,COMMON_STOCK,NASDAQ,True,N
MTEX,MTEX,"Mannatech, Incorporated - Common Stock",COMMON_STOCK,NASDAQ,False,D
MTG,MTG,MGIC Investment Corporation Common Stock,COMMON_STOCK,NYSE,True,
MTH,MTH,Meritage Homes Corporation Common Stock,COMMON_STOCK,NYSE,True,
MTN,MTN,"Vail Resorts, Inc. Common Stock",COMMON_STOCK,NYSE,True,
MTNB,MTNB,"Matinas Biopharma Holdings, Inc. Common Stock",COMMON_STOCK,NYSEAMERICAN,True,
MTNE,MTNE,CH4 Natural Solutions Corporation Class A Ordinary Shares,COMMON_STOCK,NYSE,True,
MTR,MTR,Mesa Royalty Trust Common Stock,COMMON_STOCK,NYSE,True,
MTRN,MTRN,Materion Corporation,COMMON_STOCK,NYSE,True,
MTRX,MTRX,Matrix Service Company - Common Stock,COMMON_STOCK,NASDAQ,True,N
MTSI,MTSI,"MACOM Technology Solutions Holdings, Inc. - Common Stock",COMMON_STOCK,NASDAQ,True,N
MTUS,MTUS,Metallus Inc. Common Shares,COMMON_STOCK,NYSE,True,
MTVA,MTVA,MetaVia Inc.  - Common Stock,COMMON_STOCK,NASDAQ,True,N
MTW,MTW,"Manitowoc Company, Inc. (The) Common Stock",COMMON_STOCK,NYSE,True,
MTX,MTX,Minerals Technologies Inc. Common Stock,COMMON_STOCK,NYSE,True,
MTZ,MTZ,"MasTec, Inc. Common Stock",COMMON_STOCK,NYSE,True,
MU,MU,"Micron Technology, Inc. - Common Stock",COMMON_STOCK,NASDAQ,True,N
MUFG,MUFG,"Mitsubishi UFJ Financial Group, Inc. Common Stock",COMMON_STOCK,NYSE,True,
MUR,MUR,Murphy Oil Corporation Common Stock,COMMON_STOCK,NYSE,True,
MUSA,MUSA,Murphy USA Inc. Common Stock,COMMON_STOCK,NYSE,True,
MUX,MUX,McEwen Inc. Common Stock,COMMON_STOCK,NYSE,True,
MUZE,MUZE,Muzero Acquisition Corp - Class A Ordinary Shares,COMMON_STOCK,NASDAQ,True,N
MVBF,MVBF,MVB Financial Corp. - Common Stock,COMMON_STOCK,NASDAQ,True,N
MVIS,MVIS,"MicroVision, Inc. - Common Stock",COMMON_STOCK,NASDAQ,False,D
MVST,MVST,"Microvast Holdings, Inc. - Common Stock",COMMON_STOCK,NASDAQ,True,N
MWA,MWA,MUELLER WATER PRODUCTS Common Stock,COMMON_STOCK,NYSE,True,
MWG,MWG,Multi Ways Holdings Limited Class A Ordinary Shares,COMMON_STOCK,NYSEAMERICAN,True,
MWH,MWH,"SOLV Energy, Inc. - Class A common stock",COMMON_STOCK,NASDAQ,True,N
MWYN,MWYN,"Marwynn Holdings, Inc. - Common stock",COMMON_STOCK,NASDAQ,True,N
MX,MX,Magnachip Semiconductor Corporation Common Stock,COMMON_STOCK,NYSE,True,
MXC,MXC,Mexco Energy Corporation Common Stock,COMMON_STOCK,NYSEAMERICAN,True,
MXCT,MXCT,"MaxCyte, Inc. - Common Stock",COMMON_STOCK,NASDAQ,True,N
MXL,MXL,"MaxLinear, Inc - Common Stock",COMMON_STOCK,NASDAQ,True,N
MYE,MYE,"Myers Industries, Inc. Common Stock",COMMON_STOCK,NYSE,True,
MYFW,MYFW,"First Western Financial, Inc. - Common Stock",COMMON_STOCK,NASDAQ,True,N
MYGN,MYGN,"Myriad Genetics, Inc. - Common Stock",COMMON_STOCK,NASDAQ,True,N
MYO,MYO,Myomo Inc. Common Stock,COMMON_STOCK,NYSEAMERICAN,True,
MYPS,MYPS,"PLAYSTUDIOS, Inc.  - Class A Common Stock",COMMON_STOCK,NASDAQ,False,D
MYRG,MYRG,"MYR Group, Inc. - Common Stock",COMMON_STOCK,NASDAQ,True,N
MYSE,MYSE,"Myseum.AI, Inc. - Common Stock",COMMON_STOCK,NASDAQ,True,N
MYSZ,MYSZ,"My Size, Inc. - Common Stock",COMMON_STOCK,NASDAQ,False,D
MYX,MYX,Maywood Acquisition Corp. 2 - Class A Ordinary Share,COMMON_STOCK,NASDAQ,True,N
MZTI,MZTI,The Marzetti Company - Common Stock,COMMON_STOCK,NASDAQ,True,N
MZYX,MZYX,MOZAYYX Acquisition Corp. Class A Ordinary Shares,COMMON_STOCK,NYSE,True,
NA,NA,Nano Labs Ltd - Class A Ordinary Shares,COMMON_STOCK,NASDAQ,True,N
NABL,NABL,"N-able, Inc. Common Stock",COMMON_STOCK,NYSE,True,
NAGE,NAGE,"Niagen Bioscience, Inc. - Common Stock",COMMON_STOCK,NASDAQ,True,N
NAII,NAII,"Natural Alternatives International, Inc. - Common Stock",COMMON_STOCK,NASDAQ,True,N
NAK,NAK,"Northern Dynasty Minerals, Ltd. Common Stock",COMMON_STOCK,NYSEAMERICAN,True,
NAKA,NAKA,Nakamoto Inc. - Common Stock,COMMON_STOCK,NASDAQ,True,N
NAMM,NAMM,Namib Minerals - Ordinary Shares,COMMON_STOCK,NASDAQ,True,N
NAMS,NAMS,NewAmsterdam Pharma Company N.V. - Ordinary Shares,COMMON_STOCK,NASDAQ,True,N
NAT,NAT,Nordic American Tankers Limited Common Stock,COMMON_STOCK,NYSE,True,
NATH,NATH,"Nathan's Famous, Inc. - Common Stock",COMMON_STOCK,NASDAQ,True,N
NATL,NATL,NCR Atleos Corporation Common Stock,COMMON_STOCK,NYSE,True,
NATR,NATR,"Nature's Sunshine Products, Inc. - Common Stock",COMMON_STOCK,NASDAQ,True,N
NAUT,NAUT,"Nautilus Biotechnology, Inc. - Common Stock",COMMON_STOCK,NASDAQ,True,N
NAVI,NAVI,Navient Corporation - Common Stock,COMMON_STOCK,NASDAQ,True,N
NAVN,NAVN,"Navan, Inc. - Class A Common Stock",COMMON_STOCK,NASDAQ,True,N
NB,NB,NioCorp Developments Ltd. - Common Stock,COMMON_STOCK,NASDAQ,True,N
NBBK,NBBK,"NB Bancorp, Inc. - Common Stock",COMMON_STOCK,NASDAQ,True,N
NBHC,NBHC,National Bank Holdings Corporation Common Stock,COMMON_STOCK,NYSE,True,
NBIS,NBIS,Nebius Group N.V. - Class A Ordinary Shares,COMMON_STOCK,NASDAQ,True,N
NBIX,NBIX,"Neurocrine Biosciences, Inc. - Common Stock",COMMON_STOCK,NASDAQ,True,N
NBN,NBN,Northeast Bank - Common Stock,COMMON_STOCK,NASDAQ,True,N
NBR,NBR,Nabors Industries Ltd.,COMMON_STOCK,NYSE,True,
NBRG,NBRG,Newbridge Acquisition Limited - Class A Ordinary Share,COMMON_STOCK,NASDAQ,True,N
NBTB,NBTB,NBT Bancorp Inc. - Common Stock,COMMON_STOCK,NASDAQ,True,N
NBTX,NBTX,Nanobiotix S.A. - ADSs,COMMON_STOCK,NASDAQ,True,N
NC,NC,"NACCO Industries, Inc. Common Stock",COMMON_STOCK,NYSE,True,
NCDL,NCDL,Nuveen Churchill Direct Lending Corp. Common Stock,COMMON_STOCK,NYSE,True,
NCEL,NCEL,NewcelX Ltd. - Ordinary Shares,COMMON_STOCK,NASDAQ,True,N
NCEW,NCEW,New Century Logistics (BVI) Limited - Ordinary Shares,COMMON_STOCK,NASDAQ,True,N
NCI,NCI,Neo-Concept International Group Holdings Limited - Class A Ordinary Shares,COMMON_STOCK,NASDAQ,True,N
NCL,NCL,Northann Corp. Common Stock,COMMON_STOCK,NYSEAMERICAN,True,
NCLH,NCLH,Norwegian Cruise Line Holdings Ltd. Ordinary Shares,COMMON_STOCK,NYSE,True,
NCMI,NCMI,"National CineMedia, Inc. - Common Stock",COMMON_STOCK,NASDAQ,True,N
NCNO,NCNO,"nCino, Inc. - Common Stock",COMMON_STOCK,NASDAQ,True,N
NCPL,NCPL,Netcapital Inc. - Common Stock,COMMON_STOCK,NASDAQ,False,D
NCRA,NCRA,"Nocera, Inc. - common stock",COMMON_STOCK,NASDAQ,False,D
NCSM,NCSM,"NCS Multistage Holdings, Inc. - Common Stock",COMMON_STOCK,NASDAQ,True,N
NCT,NCT,Intercont (Cayman) Limited - Class A Ordinary shares,COMMON_STOCK,NASDAQ,True,N
NCTY,NCTY,The9 Limited - American Depository Shares,COMMON_STOCK,NASDAQ,True,N
NDAQ,NDAQ,"Nasdaq, Inc. - Common Stock",COMMON_STOCK,NASDAQ,True,N
NDLS,NDLS,Noodles & Company - Class A Common Stock,COMMON_STOCK,NASDAQ,True,N
NDRA,NDRA,ENDRA Life Sciences Inc. - Common Stock,COMMON_STOCK,NASDAQ,True,N
NDSN,NDSN,Nordson Corporation - Common Stock,COMMON_STOCK,NASDAQ,True,N
NE,NE,Noble Corporation plc A Ordinary Shares,COMMON_STOCK,NYSE,True,
NEE,NEE,"NextEra Energy, Inc. Common Stock",COMMON_STOCK,NYSE,True,
NEGG,NEGG,"Newegg Commerce, Inc. - Common Shares",COMMON_STOCK,NASDAQ,True,N
NEM,NEM,Newmont Corporation,COMMON_STOCK,NYSE,True,
NEO,NEO,"NeoGenomics, Inc. - Common Stock",COMMON_STOCK,NASDAQ,True,N
NEOG,NEOG,Neogen Corporation - Common Stock,COMMON_STOCK,NASDAQ,True,N
NEON,NEON,Neonode Inc. - Common Stock,COMMON_STOCK,NASDAQ,True,N
NEOV,NEOV,NeoVolta Inc. - Common Stock,COMMON_STOCK,NASDAQ,True,N
NEPH,NEPH,"Nephros, Inc. - Common Stock",COMMON_STOCK,NASDAQ,True,N
NERV,NERV,"Minerva Neurosciences, Inc - Common Stock",COMMON_STOCK,NASDAQ,True,N
NET,NET,"Cloudflare, Inc. Class A Common Stock",COMMON_STOCK,NYSE,True,
NEU,NEU,NewMarket Corp Common Stock,COMMON_STOCK,NYSE,True,
NEUP,NEUP,Neuphoria Therapeutics Inc. - Common Stock,COMMON_STOCK,NASDAQ,True,N
NEWP,NEWP,New Pacific Metals Corp. Common Shares,COMMON_STOCK,NYSEAMERICAN,True,
NEWT,NEWT,"NewtekOne, Inc. - Common Stock",COMMON_STOCK,NASDAQ,True,N
NEXA,NEXA,Nexa Resources S.A. Common Shares,COMMON_STOCK,NYSE,True,
NEXM,NEXM,NexMetals Mining Corp. - Common Stock,COMMON_STOCK,NASDAQ,True,N
NEXN,NEXN,Nexxen International Ltd. - Ordinary Shares,COMMON_STOCK,NASDAQ,True,N
NEXR,NEXR,Nexera Technologies Ltd - Ordinary Shares,COMMON_STOCK,NASDAQ,True,N
NEXT,NEXT,NextDecade Corporation - Common Stock,COMMON_STOCK,NASDAQ,True,N
NFBK,NFBK,"Northfield Bancorp, Inc. - Common Stock",COMMON_STOCK,NASDAQ,True,N
NFE,NFE,New Fortress Energy Inc. - Class A Common Stock,COMMON_STOCK,NASDAQ,False,D
NFG,NFG,National Fuel Gas Company Common Stock,COMMON_STOCK,NYSE,True,
NFGC,NFGC,New Found Gold Corp Common Shares,COMMON_STOCK,NYSEAMERICAN,True,
NG,NG,Novagold Resources Inc.,COMMON_STOCK,NYSEAMERICAN,True,
NGEN,NGEN,NervGen Pharma Corp. - Common stock,COMMON_STOCK,NASDAQ,True,N
NGNE,NGNE,Neurogene Inc. - Common Stock,COMMON_STOCK,NASDAQ,True,N
NGS,NGS,"Natural Gas Services Group, Inc. Common Stock",COMMON_STOCK,NYSE,True,
NGVC,NGVC,"Natural Grocers by Vitamin Cottage, Inc. Common Stock",COMMON_STOCK,NYSE,True,
NGVT,NGVT,Ingevity Corporation Common Stock,COMMON_STOCK,NYSE,True,
NHC,NHC,National HealthCare Corporation Common Stock,COMMON_STOCK,NYSEAMERICAN,True,
NHI,NHI,"National Health Investors, Inc. Common Stock",COMMON_STOCK,NYSE,True,
NHIC,NHIC,NewHold Investment Corp III - Class A Ordinary shares,COMMON_STOCK,NASDAQ,True,N
NHIV,NHIV,NewHold Investment Corp IV - Class A Ordinary Shares,COMMON_STOCK,NASDAQ,True,N
NHP,NHP,"National Healthcare Properties, Inc. - Class A Common Stock",COMMON_STOCK,NASDAQ,True,N
NHTC,NHTC,Natural Health Trends Corp. - Common Stock,COMMON_STOCK,NASDAQ,True,N
NI,NI,NiSource Inc Common Stock,COMMON_STOCK,NYSE,True,
NIC,NIC,Nicolet Bankshares Inc. Common Stock,COMMON_STOCK,NYSE,True,
NINE,NINE,"Nine Energy Service, Inc. Common Stock",COMMON_STOCK,NYSEAMERICAN,True,
NIQ,NIQ,NIQ Global Intelligence plc Ordinary Shares,COMMON_STOCK,NYSE,True,
NIVF,NIVF,NewGenIvf Group Limited - Class A Ordinary Shares,COMMON_STOCK,NASDAQ,True,N
NIXX,NIXX,"Nixxy, Inc. - Common Stock",COMMON_STOCK,NASDAQ,True,N
NJR,NJR,NewJersey Resources Corporation Common Stock,COMMON_STOCK,NYSE,True,
NKE,NKE,"Nike, Inc. Common Stock",COMMON_STOCK,NYSE,True,
NKLR,NKLR,Terra Innovatum Global N.V. - Ordinary shares,COMMON_STOCK,NASDAQ,True,N
NKSH,NKSH,"National Bankshares, Inc. - Common Stock",COMMON_STOCK,NASDAQ,True,N
NKTR,NKTR,Nektar Therapeutics - Common Stock,COMMON_STOCK,NASDAQ,True,N
NKTX,NKTX,"Nkarta, Inc. - Common Stock",COMMON_STOCK,NASDAQ,True,N
NL,NL,"NLI Holdings, Inc. Common Stock",COMMON_STOCK,NYSE,True,
NLY,NLY,Annaly Capital Management Inc. Common Stock,COMMON_STOCK,NYSE,True,
NLY$F,NLY-PF,Annaly Capital Management Inc 6.95% Series F,COMMON_STOCK,NYSE,True,
NMAD,NMAD,"Nomad Power Solutions, Inc. - Common Stock",COMMON_STOCK,NASDAQ,True,N
NMAX,NMAX,"Newsmax, Inc. Class B Common Stock",COMMON_STOCK,NYSE,True,
NMFC,NMFC,New Mountain Finance Corporation - Common Stock,COMMON_STOCK,NASDAQ,True,N
NMG,NMG,Nouveau Monde Graphite Inc. Common Shares,COMMON_STOCK,NYSE,True,
NMIH,NMIH,NMI Holdings Inc - Common Stock,COMMON_STOCK,NASDAQ,True,N
NMP,NMP,NMP Acquisition Corp. - Class A Ordinary Shares,COMMON_STOCK,NASDAQ,True,N
NMRA,NMRA,"Neumora Therapeutics, Inc. - Common Stock",COMMON_STOCK,NASDAQ,True,N
NMRK,NMRK,"Newmark Group, Inc. - Class A Common Stock",COMMON_STOCK,NASDAQ,True,N
NMTC,NMTC,NeuroOne Medical Technologies Corporation - Common Stock,COMMON_STOCK,NASDAQ,True,N
NN,NN,NextNav Inc. - Common stock,COMMON_STOCK,NASDAQ,True,N
NNBR,NNBR,"NN, Inc. - Common Stock",COMMON_STOCK,NASDAQ,True,N
NNE,NNE,Nano Nuclear Energy Inc. - common stock,COMMON_STOCK,NASDAQ,True,N
NNI,NNI,"Nelnet, Inc. Common Stock",COMMON_STOCK,NYSE,True,
NNN,NNN,"NNN REIT, Inc. Common Stock",COMMON_STOCK,NYSE,True,
NNNN,NNNN,Anbio Biotechnology - Class A Ordinary Shares,COMMON_STOCK,NASDAQ,True,N
NNOX,NNOX,NANO-X IMAGING LTD - Ordinary Shares,COMMON_STOCK,NASDAQ,True,N
NNVC,NNVC,"NanoViricides, Inc. Common Stock",COMMON_STOCK,NYSEAMERICAN,True,
NOA,NOA,North American Construction Group Ltd. Common Shares (no par),COMMON_STOCK,NYSE,True,
NOC,NOC,Northrop Grumman Corporation Common Stock,COMMON_STOCK,NYSE,True,
NODK,NODK,"NI Holdings, Inc. - Common Stock",COMMON_STOCK,NASDAQ,True,N
NOEM,NOEM,CO2 Energy Transition Corp. - Common Stock,COMMON_STOCK,NASDAQ,True,N
NOG,NOG,"Northern Oil and Gas, Inc. Common Stock",COMMON_STOCK,NYSE,True,
NOMA,NOMA,NOMADAR Corp. - Class A Common Stock,COMMON_STOCK,NASDAQ,True,N
NOMD,NOMD,Nomad Foods Limited Ordinary Shares,COMMON_STOCK,NYSE,True,
NOV,NOV,NOV Inc. Common Stock,COMMON_STOCK,NYSE,True,
NOVT,NOVT,Novanta Inc. - Common Shares,COMMON_STOCK,NASDAQ,True,N
NOW,NOW,"ServiceNow, Inc. Common Stock",COMMON_STOCK,NYSE,True,
NP,NP,Neptune Insurance Holdings Inc. Class A Common Stock,COMMON_STOCK,NYSE,True,
NPAC,NPAC,New Providence Acquisition Corp. III - Ordinary Shares,COMMON_STOCK,NASDAQ,True,N
NPB,NPB,"Northpointe Bancshares, Inc. Common Stock",COMMON_STOCK,NYSE,True,
NPCE,NPCE,"Neuropace, Inc. - Common Stock",COMMON_STOCK,NASDAQ,True,N
NPK,NPK,"National Presto Industries, Inc. Common Stock",COMMON_STOCK,NYSE,True,
NPKI,NPKI,NPK International Inc. Common Stock,COMMON_STOCK,NYSE,True,
NPO,NPO,Enpro Inc. Common Stock,COMMON_STOCK,NYSE,True,
NPT,NPT,Texxon Holding Limited - Ordinary shares,COMMON_STOCK,NASDAQ,True,N
NPWR,NPWR,NET Power Inc. Class A Common Stock,COMMON_STOCK,NYSE,True,
NRC,NRC,NRC Health - Common Stock,COMMON_STOCK,NASDAQ,True,N
NRDS,NRDS,"NerdWallet, Inc. - Class A Common Stock",COMMON_STOCK,NASDAQ,True,N
NRDY,NRDY,Nerdy Inc. Class A Common Stock,COMMON_STOCK,NYSE,True,
NREF,NREF,"NexPoint Real Estate Finance, Inc. Common Stock",COMMON_STOCK,NYSE,True,
NRG,NRG,"NRG Energy, Inc. Common Stock",COMMON_STOCK,NYSE,True,
NRGV,NRGV,"Energy Vault Holdings, Inc. Common Stock",COMMON_STOCK,NYSE,True,
NRIM,NRIM,Northrim BanCorp Inc - Common Stock,COMMON_STOCK,NASDAQ,True,N
NRIX,NRIX,"Nurix Therapeutics, Inc. - Common stock",COMMON_STOCK,NASDAQ,True,N
NRP,NRP,Natural Resource Partners LP Limited Partnership,COMMON_STOCK,NYSE,True,
NRSN,NRSN,NeuroSense Therapeutics Ltd. - Ordinary Shares,COMMON_STOCK,NASDAQ,False,D
NRT,NRT,North European Oil Royality Trust Common Stock,COMMON_STOCK,NYSE,True,
NRXP,NRXP,"NRX Pharmaceuticals, Inc. - Common Stock",COMMON_STOCK,NASDAQ,True,N
NRXS,NRXS,"Neuraxis, Inc. Common Stock",COMMON_STOCK,NYSEAMERICAN,True,
NSC,NSC,Norfolk Southern Corporation Common Stock,COMMON_STOCK,NYSE,True,
NSIT,NSIT,"Insight Enterprises, Inc. - Common Stock",COMMON_STOCK,NASDAQ,True,N
NSP,NSP,"Insperity, Inc. Common Stock",COMMON_STOCK,NYSE,True,
NSPR,NSPR,InspireMD Inc. - Common Stock,COMMON_STOCK,NASDAQ,True,N
NSRX,NSRX,Nasus Pharma Ltd. Ordinary Shares,COMMON_STOCK,NYSEAMERICAN,True,
NSSC,NSSC,"NAPCO Security Technologies, Inc. - Common Stock",COMMON_STOCK,NASDAQ,True,N
NSTS,NSTS,"NSTS Bancorp, Inc. - Common Stock",COMMON_STOCK,NASDAQ,True,N
NSYS,NSYS,Nortech Systems Incorporated - Common Stock,COMMON_STOCK,NASDAQ,True,N
NTAP,NTAP,"NetApp, Inc. - Common Stock",COMMON_STOCK,NASDAQ,True,N
NTB,NTB,Bank of N.T. Butterfield & Son Limited (The) Voting Ordinary Shares,COMMON_STOCK,NYSE,True,
NTCL,NTCL,NETCLASS TECHNOLOGY INC - Class A Ordinary Shares,COMMON_STOCK,NASDAQ,False,D
NTCT,NTCT,"NetScout Systems, Inc. - Common Stock",COMMON_STOCK,NASDAQ,True,N
NTGR,NTGR,"NETGEAR, Inc. - Common Stock",COMMON_STOCK,NASDAQ,True,N
NTHI,NTHI,"NeOnc Technologies Holdings, Inc. - Common Stock",COMMON_STOCK,NASDAQ,True,N
NTIC,NTIC,Northern Technologies International Corporation - Common Stock,COMMON_STOCK,NASDAQ,True,N
NTIP,NTIP,"Network-1 Technologies, Inc. Common Stock",COMMON_STOCK,NYSEAMERICAN,True,
NTLA,NTLA,"Intellia Therapeutics, Inc. - Common Stock",COMMON_STOCK,NASDAQ,True,N
NTNX,NTNX,"Nutanix, Inc. - Class A Common Stock",COMMON_STOCK,NASDAQ,True,N
NTR,NTR,Nutrien Ltd. Common Shares,COMMON_STOCK,NYSE,True,
NTRA,NTRA,"Natera, Inc. - Common Stock",COMMON_STOCK,NASDAQ,True,N
NTRB,NTRB,Nutriband Inc. - Common Stock,COMMON_STOCK,NASDAQ,True,N
NTRP,NTRP,"NextTrip, Inc. - Common Stock",COMMON_STOCK,NASDAQ,True,N
NTRS,NTRS,Northern Trust Corporation - Common Stock,COMMON_STOCK,NASDAQ,True,N
NTSK,NTSK,"Netskope, Inc. - Class A Common Stock",COMMON_STOCK,NASDAQ,True,N
NTST,NTST,NetSTREIT Corp. Common Stock,COMMON_STOCK,NYSE,True,
NTWK,NTWK,NETSOL Technologies Inc. - Common Stock,COMMON_STOCK,NASDAQ,True,N
NTWO,NTWO,Newbury Street II Acquisition Corp - Class A Ordinary Shares,COMMON_STOCK,NASDAQ,True,N
NTZ,NTZ,"Natuzzi, S.p.A.",COMMON_STOCK,NYSE,True,
NU,NU,Nu Holdings Ltd. Class A Ordinary Shares,COMMON_STOCK,NYSE,True,
NUAI,NUAI,"New Era Energy & Digital, Inc. - Common Stock",COMMON_STOCK,NASDAQ,True,N
NUCL,NUCL,Eagle Nuclear Energy Corp. - Common stock,COMMON_STOCK,NASDAQ,True,N
NUE,NUE,Nucor Corporation Common Stock,COMMON_STOCK,NYSE,True,
NUS,NUS,"Nu Skin Enterprises, Inc. Common Stock",COMMON_STOCK,NYSE,True,
NUTR,NUTR,Nusatrip Incorporated - Common Stock,COMMON_STOCK,NASDAQ,False,E
NUTX,NUTX,Nutex Health Inc. - Common Stock,COMMON_STOCK,NASDAQ,True,N
NUVB,NUVB,Nuvation Bio Inc. Class A Common Stock,COMMON_STOCK,NYSE,True,
NUVL,NUVL,"Nuvalent, Inc. - Class A Common Stock",COMMON_STOCK,NASDAQ,True,N
NUWE,NUWE,"Nuwellis, Inc. - Common Stock",COMMON_STOCK,NASDAQ,True,N
NVA,NVA,Nova Minerals Corp Common Stock,COMMON_STOCK,NYSEAMERICAN,True,
NVAX,NVAX,"Novavax, Inc. - Common Stock",COMMON_STOCK,NASDAQ,True,N
NVCR,NVCR,NovoCure Limited - Ordinary Shares,COMMON_STOCK,NASDAQ,True,N
NVCT,NVCT,"Nuvectis Pharma, Inc. - Common Stock",COMMON_STOCK,NASDAQ,True,N
NVDA,NVDA,NVIDIA Corporation - Common Stock,COMMON_STOCK,NASDAQ,True,N
NVEC,NVEC,NVE Corporation - Common Stock,COMMON_STOCK,NASDAQ,True,N
NVGS,NVGS,Navigator Holdings Ltd. Ordinary Shares (Marshall Islands),COMMON_STOCK,NYSE,True,
NVMI,NVMI,Nova Ltd. - Ordinary Shares,COMMON_STOCK,NASDAQ,True,N
NVNI,NVNI,Nvni Group Limited - Ordinary Shares,COMMON_STOCK,NASDAQ,False,D
NVNO,NVNO,enVVeno Medical Corporation - Common Stock,COMMON_STOCK,NASDAQ,True,N
NVO,NVO,Novo Nordisk A/S Common Stock,COMMON_STOCK,NYSE,True,
NVR,NVR,"NVR, Inc. Common Stock",COMMON_STOCK,NYSE,True,
NVRI,NVRI,Enviri Corporation Common Stock,COMMON_STOCK,NYSE,True,
NVS,NVS,Novartis AG Common Stock,COMMON_STOCK,NYSE,True,
NVST,NVST,Envista Holdings Corporation Common Stock,COMMON_STOCK,NYSE,True,
NVT,NVT,nVent Electric plc Ordinary Shares,COMMON_STOCK,NYSE,True,
NVTS,NVTS,Navitas Semiconductor Corporation - Common Stock,COMMON_STOCK,NASDAQ,True,N
NVVE,NVVE,Nuvve Holding Corp. - Common Stock,COMMON_STOCK,NASDAQ,False,H
NVX,NVX,NOVONIX Limited - American Depository Shares,COMMON_STOCK,NASDAQ,False,D
NWAX,NWAX,New America Acquisition I Corp. Class A Common Stock,COMMON_STOCK,NYSE,True,
NWBI,NWBI,"Northwest Bancshares, Inc. - Common Stock",COMMON_STOCK,NASDAQ,True,N
NWE,NWE,"NorthWestern Energy Group, Inc.  - Common Stock",COMMON_STOCK,NASDAQ,True,N
NWFL,NWFL,Norwood Financial Corp. - Common Stock,COMMON_STOCK,NASDAQ,True,N
NWL,NWL,Newell Brands Inc. - Common Stock,COMMON_STOCK,NASDAQ,True,N
NWN,NWN,Northwest Natural Holding Company Common Stock,COMMON_STOCK,NYSE,True,
NWPX,NWPX,"NWPX Infrastructure, Inc. - Common Stock",COMMON_STOCK,NASDAQ,True,N
NWS,NWS,News Corporation - Class B Common Stock,COMMON_STOCK,NASDAQ,True,N
NWSA,NWSA,News Corporation - Class A Common Stock,COMMON_STOCK,NASDAQ,True,N
NWTG,NWTG,"Newton Golf Company, Inc. - Common Stock",COMMON_STOCK,NASDAQ,False,D
NX,NX,Quanex Building Products Corporation Common Stock,COMMON_STOCK,NYSE,True,
NXB,NXB,NextBoat Inc. Common Stcok,COMMON_STOCK,NYSEAMERICAN,True,
NXDR,NXDR,"Nextdoor Holdings, Inc. Class A Common Stock",COMMON_STOCK,NYSE,True,
NXDT,NXDT,NexPoint Diversified Real Estate Trust Common Stock,COMMON_STOCK,NYSE,True,
NXE,NXE,Nexgen Energy Ltd. Common Shares,COMMON_STOCK,NYSE,True,
NXGL,NXGL,"NexGel, Inc - Common Stock",COMMON_STOCK,NASDAQ,False,D
NXL,NXL,"Nexalin Technology, Inc. - Common Stock",COMMON_STOCK,NASDAQ,False,D
NXP,NXP,Nuveen Select Tax Free Income Portfolio Common Stock,COMMON_STOCK,NYSE,True,
NXPI,NXPI,NXP Semiconductors N.V. - Common Stock,COMMON_STOCK,NASDAQ,True,N
NXPL,NXPL,NextPlat Corp - Common Stock,COMMON_STOCK,NASDAQ,True,N
NXRT,NXRT,"NexPoint Residential Trust, Inc. Common Stock",COMMON_STOCK,NYSE,True,
NXST,NXST,"Nexstar Media Group, Inc. - Common Stock",COMMON_STOCK,NASDAQ,True,N
NXT,NXT,Nextpower Inc. - Class A Common Stock,COMMON_STOCK,NASDAQ,True,N
NXTC,NXTC,"NextCure, Inc. - Common Stock",COMMON_STOCK,NASDAQ,True,N
NXTS,NXTS,Nexentis Technologies Inc. - Common Stock,COMMON_STOCK,NASDAQ,True,N
NXTT,NXTT,Next Technology Holding Inc. - Ordinary Shares,COMMON_STOCK,NASDAQ,True,N
NXXT,NXXT,"NextNRG, Inc. - Common Stock",COMMON_STOCK,NASDAQ,False,D
NYAX,NYAX,Nayax Ltd. - Ordinary Shares,COMMON_STOCK,NASDAQ,True,N
NYC,NYC,American Strategic Investment Co. Class A Common Stock,COMMON_STOCK,NYSE,True,
NYT,NYT,New York Times Company (The) Common Stock,COMMON_STOCK,NYSE,True,
NYXH,NYXH,Nyxoah SA - Ordinary Shares,COMMON_STOCK,NASDAQ,True,N
O,O,Realty Income Corporation Common Stock,COMMON_STOCK,NYSE,True,
OABI,OABI,"OmniAb, Inc. - Common Stock",COMMON_STOCK,NASDAQ,True,N
OACC,OACC,Oaktree Acquisition Corp. III Life Sciences - Class A Ordinary Share,COMMON_STOCK,NASDAQ,True,N
OBA,OBA,Oxley Bridge Acquisition Limited - Class A Ordinary Shares,COMMON_STOCK,NASDAQ,True,N
OBDC,OBDC,Blue Owl Capital Corporation Common Stock,COMMON_STOCK,NYSE,True,
OBE,OBE,Obsidian Energy Ltd. Common Shares,COMMON_STOCK,NYSEAMERICAN,True,
OBIO,OBIO,"Orchestra BioMed Holdings, Inc. - Ordinary Shares",COMMON_STOCK,NASDAQ,True,N
OBK,OBK,"Origin Bancorp, Inc. Common Stock",COMMON_STOCK,NYSE,True,
OBT,OBT,"Orange County Bancorp, Inc. - Common Stock",COMMON_STOCK,NASDAQ,True,N
OC,OC,Owens Corning Inc Common Stock New,COMMON_STOCK,NYSE,True,
OCC,OCC,Optical Cable Corporation - Common Stock,COMMON_STOCK,NASDAQ,True,N
OCFC,OCFC,OceanFirst Financial Corp. - Common Stock,COMMON_STOCK,NASDAQ,True,N
OCG,OCG,Oriental Culture Holding LTD - Ordinary Shares,COMMON_STOCK,NASDAQ,True,N
OCGN,OCGN,"Ocugen, Inc. - Common Stock",COMMON_STOCK,NASDAQ,True,N
OCS,OCS,Oculis Holding AG - Ordinary shares,COMMON_STOCK,NASDAQ,True,N
OCTV,OCTV,Octave Intelligence plc - Class B Ordinary Shares,COMMON_STOCK,NASDAQ,True,N
OCUL,OCUL,"Ocular Therapeutix, Inc. - Common Stock",COMMON_STOCK,NASDAQ,True,N
ODC,ODC,Oil-Dri Corporation Of America Common Stock,COMMON_STOCK,NYSE,True,
ODD,ODD,ODDITY Tech Ltd. - Class A Ordinary Shares,COMMON_STOCK,NASDAQ,True,N
ODFL,ODFL,"Old Dominion Freight Line, Inc. - Common Stock",COMMON_STOCK,NASDAQ,True,N
ODTX,ODTX,"Odyssey Therapeutics, Inc. - Common Stock",COMMON_STOCK,NASDAQ,True,N
ODV,ODV,Osisko Development Corp. Common Shares,COMMON_STOCK,NYSE,True,
ODYS,ODYS,Odysight.ai Inc. - Common Stock,COMMON_STOCK,NASDAQ,True,N
OEC,OEC,Orion S.A. Common Shares,COMMON_STOCK,NYSE,True,
OESX,OESX,"Orion Energy Systems, Inc. - Common Stock",COMMON_STOCK,NASDAQ,True,N
OFAL,OFAL,OFA Group - Class A Ordinary Shares,COMMON_STOCK,NASDAQ,False,D
OFG,OFG,OFG Bancorp Common Stock,COMMON_STOCK,NYSE,True,
OFIX,OFIX,Orthofix Medical Inc.  - Common Stock,COMMON_STOCK,NASDAQ,True,N
OFLX,OFLX,"Omega Flex, Inc. - Common Stock",COMMON_STOCK,NASDAQ,True,N
OFRM,OFRM,"Once Upon a Farm, PBC Common Stock",COMMON_STOCK,NYSE,True,
OGC,OGC,OceanaGold Corporation Common Shares,COMMON_STOCK,NYSE,True,
OGE,OGE,OGE Energy Corp Common Stock,COMMON_STOCK,NYSE,True,
OGEN,OGEN,Oragenics Inc. Common Stock,COMMON_STOCK,NYSEAMERICAN,True,
OGI,OGI,Organigram Global Inc. - Common Shares,COMMON_STOCK,NASDAQ,True,N
OGN,OGN,Organon & Co. Common Stock,COMMON_STOCK,NYSE,True,
OGS,OGS,"ONE Gas, Inc. Common Stock",COMMON_STOCK,NYSE,True,
OHAC,OHAC,Oceanhawk Acquisition Corp. - Class A Ordinary Shares,COMMON_STOCK,NASDAQ,True,N
OHI,OHI,"Omega Healthcare Investors, Inc. Common Stock",COMMON_STOCK,NYSE,True,
OI,OI,"O-I Glass, Inc. Common Stock",COMMON_STOCK,NYSE,True,
OII,OII,"Oceaneering International, Inc. Common Stock",COMMON_STOCK,NYSE,True,
OIM,OIM,OneIM Acquisition Corp. - Class A Ordinary Shares,COMMON_STOCK,NASDAQ,True,N
OIO,OIO,OIO Group - Ordinary Shares,COMMON_STOCK,NASDAQ,True,N
OIS,OIS,"Oil States International, Inc. Common Stock",COMMON_STOCK,NYSE,True,
OKE,OKE,"ONEOK, Inc. Common Stock",COMMON_STOCK,NYSE,True,
OKLO,OKLO,Oklo Inc. Class A common stock,COMMON_STOCK,NYSE,True,
OKTA,OKTA,"Okta, Inc. - Class A Common Stock",COMMON_STOCK,NASDAQ,True,N
OKUR,OKUR,"OnKure Therapeutics, Inc. - Class A Common Stock",COMMON_STOCK,NASDAQ,True,N
OKYO,OKYO,OKYO Pharma Limited - Ordinary Shares,COMMON_STOCK,NASDAQ,True,N
OLB,OLB,"The OLB Group, Inc. - Common Stock",COMMON_STOCK,NASDAQ,False,D
OLED,OLED,Universal Display Corporation - Common Stock,COMMON_STOCK,NASDAQ,True,N
OLLI,OLLI,"Ollie's Bargain Outlet Holdings, Inc. - Common Stock",COMMON_STOCK,NASDAQ,True,N
OLMA,OLMA,"Olema Pharmaceuticals, Inc. - Common Stock",COMMON_STOCK,NASDAQ,True,N
OLN,OLN,Olin Corporation Common Stock,COMMON_STOCK,NYSE,True,
OLOX,OLOX,Olenox Industries Inc. - Common Stock,COMMON_STOCK,NASDAQ,False,E
OLP,OLP,"One Liberty Properties, Inc. Common Stock",COMMON_STOCK,NYSE,True,
OM,OM,"Outset Medical, Inc. - Common Stock",COMMON_STOCK,NASDAQ,True,N
OMC,OMC,Omnicom Group Inc. Common Stock,COMMON_STOCK,NYSE,True,
OMCL,OMCL,"Omnicell, Inc. - Common Stock",COMMON_STOCK,NASDAQ,True,N
OMDA,OMDA,"Omada Health, Inc. - Common Stock",COMMON_STOCK,NASDAQ,True,N
OMER,OMER,Omeros Corporation - Common Stock,COMMON_STOCK,NASDAQ,True,N
OMEX,OMEX,"Odyssey Marine Exploration, Inc. - Common Stock",COMMON_STOCK,NASDAQ,True,N
OMF,OMF,"OneMain Holdings, Inc. Common Stock",COMMON_STOCK,NYSE,True,
OMH,OMH,Ohmyhome Limited - Class A Ordinary Shares,COMMON_STOCK,NASDAQ,True,N
OMSE,OMSE,OMS Energy Technologies Inc. - Ordinary Shares,COMMON_STOCK,NASDAQ,True,N
ON,ON,ON Semiconductor Corporation - Common Stock,COMMON_STOCK,NASDAQ,True,N
ONB,ONB,Old National Bancorp - Common Stock,COMMON_STOCK,NASDAQ,True,N
ONCH,ONCH,1RT Acquisition Corp. - Class A Ordinary Share,COMMON_STOCK,NASDAQ,True,N
ONCO,ONCO,"Onconetix, Inc.  - Common Stock",COMMON_STOCK,NASDAQ,True,N
ONCY,ONCY,Oncolytics Biotech Inc. - Common Stock,COMMON_STOCK,NASDAQ,True,N
ONDS,ONDS,Ondas Inc - Common Stock,COMMON_STOCK,NASDAQ,True,N
ONEG,ONEG,OneConstruction Group Limited - Ordinary Shares,COMMON_STOCK,NASDAQ,True,N
ONEW,ONEW,OneWater Marine Inc. - Class A Common Stock,COMMON_STOCK,NASDAQ,True,N
ONFO,ONFO,Onfolio Holdings Inc. - Common Stock,COMMON_STOCK,NASDAQ,False,D
ONIT,ONIT,Onity Group Inc. Common Stock,COMMON_STOCK,NYSE,True,
ONL,ONL,Orion Properties Inc. Common Stock,COMMON_STOCK,NYSE,True,
ONMD,ONMD,OneMedNet Corp - Class A Common Stock,COMMON_STOCK,NASDAQ,False,D
ONON,ONON,On Holding AG Class A Ordinary Shares,COMMON_STOCK,NYSE,True,
ONT,ONT,"Onterris, Inc. Common Stock",COMMON_STOCK,NYSE,True,
ONTO,ONTO,Onto Innovation Inc. Common Stock,COMMON_STOCK,NYSE,True,
OOMA,OOMA,"Ooma, Inc. Common Stock",COMMON_STOCK,NYSE,True,
OPAD,OPAD,Offerpad Solutions Inc. Class A Common Stock,COMMON_STOCK,NYSE,True,
OPAL,OPAL,OPAL Fuels Inc. - Class A Common Stock,COMMON_STOCK,NASDAQ,True,N
OPBK,OPBK,OP Bancorp - Common Stock,COMMON_STOCK,NASDAQ,True,N
OPCH,OPCH,"Option Care Health, Inc. - Common Stock",COMMON_STOCK,NASDAQ,True,N
OPEN,OPEN,Opendoor Technologies Inc  - Common Stock,COMMON_STOCK,NASDAQ,True,N
OPFI,OPFI,OppFi Inc. Class A Common Stock,COMMON_STOCK,NYSE,True,
OPHC,OPHC,"OptimumBank Holdings, Inc. Common Stock",COMMON_STOCK,NYSEAMERICAN,True,
OPK,OPK,"Opko Health, Inc. - Common Stock",COMMON_STOCK,NASDAQ,True,N
OPLN,OPLN,"OPENLANE, Inc. Common Stock",COMMON_STOCK,NYSE,True,
OPRT,OPRT,Oportun Financial Corporation - common stock,COMMON_STOCK,NASDAQ,True,N
OPRX,OPRX,OptimizeRx Corporation - Common Stock,COMMON_STOCK,NASDAQ,True,N
OPTH,OPTH,Optimi Health Corp. - Common Shares,COMMON_STOCK,NASDAQ,True,N
OPTT,OPTT,"Ocean Power Technologies, Inc. Common Stock",COMMON_STOCK,NYSEAMERICAN,True,
OPTU,OPTU,"Optimum Communications, Inc. Class A common stock",COMMON_STOCK,NYSE,True,
OPTX,OPTX,"Syntec Optics Holdings, Inc. - Class A Common Stock",COMMON_STOCK,NASDAQ,True,N
OPXS,OPXS,"Optex Systems Holdings, Inc. - Common Stock",COMMON_STOCK,NASDAQ,True,N
OPY,OPY,"Oppenheimer Holdings, Inc. Class A Common Stock (DE)",COMMON_STOCK,NYSE,True,
OR,OR,OR Royalties Inc. Common Shares,COMMON_STOCK,NYSE,True,
ORA,ORA,"Ormat Technologies, Inc. Common Stock",COMMON_STOCK,NYSE,True,
ORBS,ORBS,Eightco Holdings Inc. - Common Stock,COMMON_STOCK,NASDAQ,True,N
ORC,ORC,"Orchid Island Capital, Inc. Common Stock",COMMON_STOCK,NYSE,True,
ORCL,ORCL,Oracle Corporation Common Stock,COMMON_STOCK,NYSE,True,
ORGO,ORGO,Organogenesis Holdings Inc.  - Class A,COMMON_STOCK,NASDAQ,True,N
ORI,ORI,Old Republic International Corporation Common Stock,COMMON_STOCK,NYSE,True,
ORIC,ORIC,"Oric Pharmaceuticals, Inc. - Common Stock",COMMON_STOCK,NASDAQ,True,N
ORIO,ORIO,Orion Digital Corp. - Common Shares,COMMON_STOCK,NASDAQ,False,D
ORIQ,ORIQ,Origin Investment Corp I - Ordinary Shares,COMMON_STOCK,NASDAQ,True,N
ORKA,ORKA,"Oruka Therapeutics, Inc. - Common Stock",COMMON_STOCK,NASDAQ,True,N
ORKT,ORKT,Orangekloud Technology Inc. - Class A Ordinary Shares,COMMON_STOCK,NASDAQ,True,N
ORLA,ORLA,Orla Mining Ltd. Common Shares,COMMON_STOCK,NYSEAMERICAN,True,
ORLY,ORLY,"O'Reilly Automotive, Inc. - Common Stock",COMMON_STOCK,NASDAQ,True,N
ORMP,ORMP,Oramed Pharmaceuticals Inc. - Common Stock,COMMON_STOCK,NASDAQ,True,N
ORN,ORN,"Orion Group Holdings, Inc. Common",COMMON_STOCK,NYSE,True,
ORRF,ORRF,"Orrstown Financial Services, Inc. - Common Stock",COMMON_STOCK,NASDAQ,True,N
OSBC,OSBC,"Old Second Bancorp, Inc. - Common Stock",COMMON_STOCK,NASDAQ,True,N
OSCR,OSCR,"Oscar Health, Inc. Class A Common Stock",COMMON_STOCK,NYSE,True,
OSG,OSG,"Octave Specialty Group, Inc. Common Stock",COMMON_STOCK,NYSE,True,
OSIS,OSIS,"OSI Systems, Inc. - Common Stock",COMMON_STOCK,NASDAQ,True,N
OSK,OSK,Oshkosh Corporation (Holding Company)Common Stock,COMMON_STOCK,NYSE,True,
OSPN,OSPN,OneSpan Inc. - Common Stock,COMMON_STOCK,NASDAQ,True,N
OSRH,OSRH,"OSR Health, Inc. - Common Stock",COMMON_STOCK,NASDAQ,False,D
OSS,OSS,"One Stop Systems, Inc. - Common Stock",COMMON_STOCK,NASDAQ,True,N
OST,OST,"Ostin Technology Group Co., Ltd. - Class A Ordinary Shares",COMMON_STOCK,NASDAQ,True,N
OSTX,OSTX,OS Therapies Incorporated Common Stock,COMMON_STOCK,NYSEAMERICAN,True,
OSUR,OSUR,"OraSure Technologies, Inc. - Common Stock",COMMON_STOCK,NASDAQ,True,N
OSW,OSW,OneSpaWorld Holdings Limited - Common Shares,COMMON_STOCK,NASDAQ,True,N
OTAI,OTAI,Starlink AI Acquisition Corporation Ordinary Shares,COMMON_STOCK,NYSE,True,
OTEX,OTEX,Open Text Corporation - Common Shares,COMMON_STOCK,NASDAQ,True,N
OTF,OTF,Blue Owl Technology Finance Corp. Common Stock,COMMON_STOCK,NYSE,True,
OTGA,OTGA,OTG Acquisition Corp. I - Class A Ordinary Share,COMMON_STOCK,NASDAQ,True,N
OTIS,OTIS,Otis Worldwide Corporation Common Stock,COMMON_STOCK,NYSE,True,
OTLK,OTLK,"Outlook Therapeutics, Inc. - Common Stock",COMMON_STOCK,NASDAQ,True,N
OTTR,OTTR,Otter Tail Corporation - Common Stock,COMMON_STOCK,NASDAQ,True,N
OUST,OUST,"Ouster, Inc. - Common Stock",COMMON_STOCK,NASDAQ,True,N
OUT,OUT,OUTFRONT Media Inc. Common Stock,COMMON_STOCK,NYSE,True,
OVBC,OVBC,Ohio Valley Banc Corp. - Common Stock,COMMON_STOCK,NASDAQ,True,N
OVID,OVID,Ovid Therapeutics Inc. - Common Stock,COMMON_STOCK,NASDAQ,True,N
OVLY,OVLY,Oak Valley Bancorp (CA) - Common Stock,COMMON_STOCK,NASDAQ,True,N
OVV,OVV,Ovintiv Inc. (DE),COMMON_STOCK,NYSE,True,
OWL,OWL,Blue Owl Capital Inc. Class A Common Stock,COMMON_STOCK,NYSE,True,
OWLS,OWLS,OBOOK Holdings Inc. - Class A Common Shares,COMMON_STOCK,NASDAQ,True,N
OWLT,OWLT,"Owlet, Inc. Class A Common Stock",COMMON_STOCK,NYSE,True,
OXBR,OXBR,Oxbridge Re Holdings Limited - Ordinary Shares,COMMON_STOCK,NASDAQ,True,N
OXM,OXM,"Oxford Industries, Inc. Common Stock",COMMON_STOCK,NYSE,True,
OXY,OXY,Occidental Petroleum Corporation Common Stock,COMMON_STOCK,NYSE,True,
OYSE,OYSE,Oyster Enterprises II Acquisition Corp - Class A Ordinary Shares,COMMON_STOCK,NASDAQ,True,N
OZK,OZK,Bank OZK - Common Stock,COMMON_STOCK,NASDAQ,True,N
P,P,"Everpure, Inc. Class A common stock",COMMON_STOCK,NYSE,True,
PAAC,PAAC,Proem Acquisition Corp I - Ordinary Shares,COMMON_STOCK,NASDAQ,True,N
PAAS,PAAS,Pan American Silver Corp. Common Stock,COMMON_STOCK,NYSE,True,
PAC,PAC,"Grupo Aeroportuario Del Pacifico, S.A. B. de C.V. Grupo Aeroportuario Del Pacifico, S.A. de C.V. (each representing 10 Series B shares)",COMMON_STOCK,NYSE,True,
PACB,PACB,"Pacific Biosciences of California, Inc. - Common Stock",COMMON_STOCK,NASDAQ,True,N
PACH,PACH,Pioneer Acquisition I Corp - Class A Ordinary Shares,COMMON_STOCK,NASDAQ,True,N
PACK,PACK,Ranpak Holdings Corp Class A Common Stock,COMMON_STOCK,NYSE,True,
PACS,PACS,"PACS Group, Inc. Common Stock",COMMON_STOCK,NYSE,True,
PAG,PAG,"Penske Automotive Group, Inc. Common Stock",COMMON_STOCK,NYSE,True,
PAGP,PAGP,"Plains GP Holdings, L.P. - Class A Shares representing limited partner interests",COMMON_STOCK,NASDAQ,True,N
PAGS,PAGS,PagSeguro Digital Ltd. Class A Common Shares,COMMON_STOCK,NYSE,True,
PAHC,PAHC,Phibro Animal Health Corporation - Class A Common Stock,COMMON_STOCK,NASDAQ,True,N
PAII,PAII,Pyrophyte Acquisition Corp. II Class A Ordinary Shares,COMMON_STOCK,NYSE,True,
PAL,PAL,"Proficient Auto Logistics, Inc. - Common Stock",COMMON_STOCK,NASDAQ,True,N
PALI,PALI,"Palisade Bio, Inc. - Common Stock",COMMON_STOCK,NASDAQ,True,N
PALO,PALO,Paloma Acquisition Corp I - Class A Ordinary Shares,COMMON_STOCK,NASDAQ,True,N
PAM,PAM,Pampa Energia S.A.,COMMON_STOCK,NYSE,True,
PAMT,PAMT,PAMT CORP - Common Stock,COMMON_STOCK,NASDAQ,True,N
PANL,PANL,Pangaea Logistics Solutions Ltd. - Common Stock,COMMON_STOCK,NASDAQ,True,N
PANW,PANW,"Palo Alto Networks, Inc. - Common Stock",COMMON_STOCK,NASDAQ,True,N
PAPL,PAPL,Pineapple Financial Inc. Common Stock,COMMON_STOCK,NYSEAMERICAN,True,
PAR,PAR,PAR Technology Corporation Common Stock,COMMON_STOCK,NYSE,True,
PARK,PARK,"Park Dental Partners, Inc. - Common Stock",COMMON_STOCK,NASDAQ,True,N
PARR,PARR,"Par Pacific Holdings, Inc.  Common Stock",COMMON_STOCK,NYSE,True,
PASG,PASG,"Passage Bio, Inc. - Common Stock",COMMON_STOCK,NASDAQ,True,N
PASW,PASW,"Ping An Biomedical Co., Ltd. - Class A Ordinary Shares",COMMON_STOCK,NASDAQ,False,D
PATH,PATH,"UiPath, Inc. Class A Common Stock",COMMON_STOCK,NYSE,True,
PATK,PATK,"Patrick Industries, Inc. - Common Stock",COMMON_STOCK,NASDAQ,True,N
PAVM,PAVM,PAVmed Inc. - Common Stock,COMMON_STOCK,NASDAQ,True,N
PAVS,PAVS,Paranovus Entertainment Technology Ltd. - Class A Ordinary Shares,COMMON_STOCK,NASDAQ,True,N
PAX,PAX,Patria Investments Limited - Class A Common Shares,COMMON_STOCK,NASDAQ,True,N
PAY,PAY,"Paymentus Holdings, Inc. Class A Common Stock",COMMON_STOCK,NYSE,True,
PAYC,PAYC,"Paycom Software, Inc. Common Stock",COMMON_STOCK,NYSE,True,
PAYO,PAYO,Payoneer Global Inc. - Common Stock,COMMON_STOCK,NASDAQ,True,N
PAYP,PAYP,PayPay Corporation - American Depository Shares,COMMON_STOCK,NASDAQ,True,N
PAYS,PAYS,"Paysign, Inc. - Common Stock",COMMON_STOCK,NASDAQ,True,N
PAYX,PAYX,"Paychex, Inc. - Common Stock",COMMON_STOCK,NASDAQ,True,N
PB,PB,"Prosperity Bancshares, Inc. Common Stock",COMMON_STOCK,NYSE,True,
PBA,PBA,Pembina Pipeline Corp. Ordinary Shares (Canada),COMMON_STOCK,NYSE,True,
PBF,PBF,PBF Energy Inc. Class A Common Stock,COMMON_STOCK,NYSE,True,
PBFS,PBFS,"Pioneer Bancorp, Inc. - Common Stock",COMMON_STOCK,NASDAQ,True,N
PBH,PBH,Prestige Consumer Healthcare Inc. Common Stock,COMMON_STOCK,NYSE,True,
PBHC,PBHC,"Pathfinder Bancorp, Inc. - Common Stock",COMMON_STOCK,NASDAQ,True,N
PBI,PBI,Pitney Bowes Inc. Common Stock,COMMON_STOCK,NYSE,True,
PBK,PBK,PowerBank Corporation - Common Stock,COMMON_STOCK,NASDAQ,False,D
PBLS,PBLS,"Parabilis Medicines, Inc. - Common Stock",COMMON_STOCK,NASDAQ,True,N
PBM,PBM,Psyence Biomedical Ltd. - Common Shares,COMMON_STOCK,NASDAQ,True,N
PBR,PBR,Petroleo Brasileiro S.A. Petrobras ADS,COMMON_STOCK,NYSE,True,
PBT,PBT,Permian Basin Royalty Trust Common Stock,COMMON_STOCK,NYSE,True,
PBYI,PBYI,Puma Biotechnology Inc - Common Stock,COMMON_STOCK,NASDAQ,True,N
PC,PC,Premium Catering (Holdings) Limited - Ordinary Shares,COMMON_STOCK,NASDAQ,True,N
PCAP,PCAP,ProCap Acquisition Corp - Class A Ordinary Shares,COMMON_STOCK,NASDAQ,True,N
PCAR,PCAR,PACCAR Inc. - Common Stock,COMMON_STOCK,NASDAQ,True,N
PCB,PCB,PCB Bancorp - Common Stock,COMMON_STOCK,NASDAQ,True,N
PCG,PCG,Pacific Gas & Electric Co. Common Stock,COMMON_STOCK,NYSE,True,
PCOR,PCOR,"Procore Technologies, Inc. Common Stock",COMMON_STOCK,NYSE,True,
PCRX,PCRX,"Pacira BioSciences, Inc. - Common Stock",COMMON_STOCK,NASDAQ,True,N
PCSA,PCSA,"Processa Pharmaceuticals, Inc. - Common Stock",COMMON_STOCK,NASDAQ,True,N
PCSC,PCSC,Perceptive Capital Solutions Corp - Class A Ordinary Shares,COMMON_STOCK,NASDAQ,True,N
PCT,PCT,"PureCycle Technologies, Inc. - Common stock",COMMON_STOCK,NASDAQ,True,N
PCTY,PCTY,Paylocity Holding Corporation - Common Stock,COMMON_STOCK,NASDAQ,True,N
PCVX,PCVX,"Vaxcyte, Inc. - Common Stock",COMMON_STOCK,NASDAQ,True,N
PCYO,PCYO,Pure Cycle Corporation - Common Stock,COMMON_STOCK,NASDAQ,True,N
PD,PD,"PagerDuty, Inc. Common Stock",COMMON_STOCK,NYSE,True,
PDCC,PDCC,Pearl Diver Credit Company Inc. Common Stock,COMMON_STOCK,NYSE,True,
PDEX,PDEX,"Pro-Dex, Inc. - Common Stock",COMMON_STOCK,NASDAQ,True,N
PDFS,PDFS,"PDF Solutions, Inc. - Common Stock",COMMON_STOCK,NASDAQ,True,N
PDLB,PDLB,"Ponce Financial Group, Inc. - Common Stock",COMMON_STOCK,NASDAQ,True,N
PDM,PDM,"Piedmont Realty Trust, Inc. Class A Common Stock",COMMON_STOCK,NYSE,True,
PDS,PDS,Precision Drilling Corporation Common Stock,COMMON_STOCK,NYSE,True,
PDSB,PDSB,PDS Biotechnology Corporation - Common Stock,COMMON_STOCK,NASDAQ,True,N
PDYN,PDYN,Palladyne AI Corp. - Common stock,COMMON_STOCK,NASDAQ,True,N
PEBK,PEBK,"Peoples Bancorp of North Carolina, Inc. - Common Stock",COMMON_STOCK,NASDAQ,True,N
PEBO,PEBO,Peoples Bancorp Inc. - Common Stock,COMMON_STOCK,NASDAQ,True,N
PECE,PECE,Peace Acquisition Corp - Ordinary Shares,COMMON_STOCK,NASDAQ,True,N
PECO,PECO,"Phillips Edison & Company, Inc. - Common Stock",COMMON_STOCK,NASDAQ,True,N
PED,PED,Pedevco Corp. Common Stock,COMMON_STOCK,NYSEAMERICAN,True,
PEG,PEG,Public Service Enterprise Group Incorporated Common Stock,COMMON_STOCK,NYSE,True,
PEGA,PEGA,Pegasystems Inc. - Common Stock,COMMON_STOCK,NASDAQ,True,N
PEN,PEN,"Penumbra, Inc. Common Stock",COMMON_STOCK,NYSE,True,
PENG,PENG,"Penguin Solutions, Inc. - Common Stock",COMMON_STOCK,NASDAQ,True,N
PENN,PENN,"PENN Entertainment, Inc. - Common Stock",COMMON_STOCK,NASDAQ,True,N
PEP,PEP,"PepsiCo, Inc. - Common Stock",COMMON_STOCK,NASDAQ,True,N
PEPG,PEPG,PepGen Inc. - Common Stock,COMMON_STOCK,NASDAQ,True,N
PERF,PERF,Perfect Corp. Class A Ordinary Share,COMMON_STOCK,NYSE,True,
PERI,PERI,Perion Network Ltd - Ordinary Shares,COMMON_STOCK,NASDAQ,True,N
PESI,PESI,"Perma-Fix Environmental Services, Inc. - Common Stock",COMMON_STOCK,NASDAQ,True,N
PETS,PETS,"PetMed Express, Inc. - Common Stock",COMMON_STOCK,NASDAQ,True,N
PETZ,PETZ,"TDH Holdings, Inc. - Common Shares",COMMON_STOCK,NASDAQ,True,N
PEW,PEW,GrabAGun Digital Holdings Inc. Common Stock,COMMON_STOCK,NYSE,True,
PFAI,PFAI,Pinnacle Food Group Limited - Class A Common Shares,COMMON_STOCK,NASDAQ,True,N
PFE,PFE,"Pfizer, Inc. Common Stock",COMMON_STOCK,NYSE,True,
PFG,PFG,Principal Financial Group Inc - Common Stock,COMMON_STOCK,NASDAQ,True,N
PFGC,PFGC,Performance Food Group Company Common Stock,COMMON_STOCK,NYSE,True,
PFIS,PFIS,Peoples Financial Services Corp.  - Common Stock,COMMON_STOCK,NASDAQ,True,N
PFLT,PFLT,PennantPark Floating Rate Capital Ltd. Common Stock,COMMON_STOCK,NYSE,True,
PFS,PFS,"Provident Financial Services, Inc Common Stock",COMMON_STOCK,NYSE,True,
PFSA,PFSA,"Profusa, Inc. - Common Stock",COMMON_STOCK,NASDAQ,False,D
PFSI,PFSI,"PennyMac Financial Services, Inc. Common Stock",COMMON_STOCK,NYSE,True,
PFX,PFX,PhenixFIN Corporation  - Common Stock,COMMON_STOCK,NASDAQ,True,N
PG,PG,Procter & Gamble Company (The) Common Stock,COMMON_STOCK,NYSE,True,
PGAC,PGAC,Pantages Capital Acquisition Corporation - Class A Ordinary Shares,COMMON_STOCK,NASDAQ,True,N
PGC,PGC,Peapack-Gladstone Financial Corporation - Common Stock,COMMON_STOCK,NASDAQ,True,N
PGEN,PGEN,"Precigen, Inc. - Common Stock",COMMON_STOCK,NASDAQ,True,N
PGNY,PGNY,"Progyny, Inc. - Common Stock",COMMON_STOCK,NASDAQ,True,N
PGR,PGR,Progressive Corporation (The) Common Stock,COMMON_STOCK,NYSE,True,
PGY,PGY,Pagaya Technologies Ltd. - Class A Ordinary Shares,COMMON_STOCK,NASDAQ,True,N
PH,PH,Parker-Hannifin Corporation Common Stock,COMMON_STOCK,NYSE,True,
PHAR,PHAR,"Pharming Group N.V. - ADS, each representing 10 ordinary shares",COMMON_STOCK,NASDAQ,True,N
PHAT,PHAT,"Phathom Pharmaceuticals, Inc. - Common Stock",COMMON_STOCK,NASDAQ,True,N
PHG,PHG,Koninklijke Philips N.V. NY Registry Shares,COMMON_STOCK,NYSE,True,
PHGE,PHGE,BiomX Inc. COmmon Stock,COMMON_STOCK,NYSEAMERICAN,True,
PHI,PHI,PLDT Inc. Sponsored ADR,COMMON_STOCK,NYSE,True,
PHIN,PHIN,PHINIA Inc. Common Stock,COMMON_STOCK,NYSE,True,
PHIO,PHIO,Phio Pharmaceuticals Corp. - Common Stock,COMMON_STOCK,NASDAQ,True,N
PHM,PHM,"PulteGroup, Inc. Common Stock",COMMON_STOCK,NYSE,True,
PHOE,PHOE,Phoenix Asia Holdings Limited - Ordinary Shares,COMMON_STOCK,NASDAQ,True,N
PHR,PHR,"Phreesia, Inc. Common Stock",COMMON_STOCK,NYSE,True,
PHUN,PHUN,"Phunware, Inc. - Common Stock",COMMON_STOCK,NASDAQ,True,N
PHVS,PHVS,Pharvaris N.V. - Ordinary Shares,COMMON_STOCK,NASDAQ,True,N
PI,PI,"Impinj, Inc. - Common Stock",COMMON_STOCK,NASDAQ,True,N
PICS,PICS,PicS N.V. - Class A Common Shares,COMMON_STOCK,NASDAQ,True,N
PII,PII,Polaris Inc. Common Stock,COMMON_STOCK,NYSE,True,
PIII,PIII,P3 Health Partners Inc. - Class A Common Stock,COMMON_STOCK,NASDAQ,True,N
PIM,PIM,Putnam Master Intermediate Income Trust Common Stock,COMMON_STOCK,NYSE,True,
PINE,PINE,"Alpine Income Property Trust, Inc. Common Stock",COMMON_STOCK,NYSE,True,
PINS,PINS,"Pinterest, Inc. Class A Common Stock",COMMON_STOCK,NYSE,True,
PIPR,PIPR,Piper Sandler Companies Common Stock,COMMON_STOCK,NYSE,True,
PJT,PJT,PJT Partners Inc. Class A Common Stock,COMMON_STOCK,NYSE,True,
PK,PK,Park Hotels & Resorts Inc. Common Stock,COMMON_STOCK,NYSE,True,
PKBK,PKBK,"Parke Bancorp, Inc. - Common Stock",COMMON_STOCK,NASDAQ,True,N
PKE,PKE,Park Aerospace Corp. Common Stock,COMMON_STOCK,NYSE,True,
PKG,PKG,Packaging Corporation of America Common Stock,COMMON_STOCK,NYSE,True,
PKOH,PKOH,Park-Ohio Holdings Corp. - Common Stock,COMMON_STOCK,NASDAQ,True,N
PL,PL,Planet Labs PBC Class A Common Stock,COMMON_STOCK,NYSE,True,
PLAB,PLAB,"Photronics, Inc. - Common Stock",COMMON_STOCK,NASDAQ,True,N
PLAG,PLAG,Planet Green Holdings Corp. Common Stock,COMMON_STOCK,NYSEAMERICAN,True,
PLAY,PLAY,"Dave & Buster's Entertainment, Inc. - Common Stock",COMMON_STOCK,NASDAQ,True,N
PLBC,PLBC,Plumas Bancorp - Common Stock,COMMON_STOCK,NASDAQ,True,N
PLBL,PLBL,Polibeli Group Ltd - Class A Ordinary Shares,COMMON_STOCK,NASDAQ,True,N
PLBY,PLBY,"Playboy, Inc. - Common Stock",COMMON_STOCK,NASDAQ,True,N
PLCE,PLCE,"Children's Place, Inc. (The) - Common Stock",COMMON_STOCK,NASDAQ,True,N
PLD,PLD,"Prologis, Inc. Common Stock",COMMON_STOCK,NYSE,True,
PLG,PLG,Platinum Group Metals Ltd. Ordinary Shares (Canada),COMMON_STOCK,NYSEAMERICAN,True,
PLGO,PLGO,Pelagos Insurance Capital Limited Common Shares,COMMON_STOCK,NYSE,True,
PLMK,PLMK,Plum Acquisition Corp. IV - Class A Ordinary Shares,COMMON_STOCK,NASDAQ,True,N
PLMR,PLMR,"Palomar Holdings, Inc. - Common stock",COMMON_STOCK,NASDAQ,True,N
PLNT,PLNT,"Planet Fitness, Inc. Common Stock",COMMON_STOCK,NYSE,True,
PLOW,PLOW,"Douglas Dynamics, Inc. Common Stock",COMMON_STOCK,NYSE,True,
PLPC,PLPC,Preformed Line Products Company - Common Stock,COMMON_STOCK,NASDAQ,True,N
PLRX,PLRX,"Pliant Therapeutics, Inc. - Common Stock",COMMON_STOCK,NASDAQ,True,N
PLRZ,PLRZ,Polyrizon Ltd. - Ordinary Shares,COMMON_STOCK,NASDAQ,True,N
PLSE,PLSE,"Pulse Biosciences, Inc - Common Stock",COMMON_STOCK,NASDAQ,True,N
PLSM,PLSM,Pulsenmore Ltd. - Ordinary Shares,COMMON_STOCK,NASDAQ,True,N
PLTK,PLTK,Playtika Holding Corp. - Common Stock,COMMON_STOCK,NASDAQ,True,N
PLTR,PLTR,Palantir Technologies Inc. - Class A Common Stock,COMMON_STOCK,NASDAQ,True,N
PLTS,PLTS,Platinum Analytics Cayman Limited - Class A Ordinary Shares,COMMON_STOCK,NASDAQ,True,N
PLUG,PLUG,"Plug Power, Inc. - Common Stock",COMMON_STOCK,NASDAQ,True,N
PLUN,PLUN,Plutonian Acquisition Corp II Class A Ordinary Shares,COMMON_STOCK,NYSE,True,
PLUR,PLUR,Pluri Inc. - Common Stock,COMMON_STOCK,NASDAQ,True,N
PLUS,PLUS,ePlus inc. - Common Stock,COMMON_STOCK,NASDAQ,True,N
PLUT,PLUT,Plutus Financial Group Limited - Ordinary Shares,COMMON_STOCK,NASDAQ,True,N
PLX,PLX,"Protalix BioTherapeutics, Inc. (DE) Common Stock",COMMON_STOCK,NYSEAMERICAN,True,
PLXS,PLXS,Plexus Corp. - Common Stock,COMMON_STOCK,NASDAQ,True,N
PLYX,PLYX,"Polaryx Therapeutics, Inc. - Common Stock",COMMON_STOCK,NASDAQ,True,N
PM,PM,Philip Morris International Inc Common Stock,COMMON_STOCK,NYSE,True,
PMA,PMA,Ming Shing Group Holdings Limited - Ordinary Shares,COMMON_STOCK,NASDAQ,True,N
PMAX,PMAX,Powell Max Limited - Class A Ordinary Shares,COMMON_STOCK,NASDAQ,True,N
PMCB,PMCB,"PharmaCyte  Biotech, Inc. - Common Stock",COMMON_STOCK,NASDAQ,False,D
PMEC,PMEC,Primech Holdings Ltd. - Ordinary Shares,COMMON_STOCK,NASDAQ,False,D
PMI,PMI,"Picard Medical, Inc. Common Stock",COMMON_STOCK,NYSEAMERICAN,True,
PMM,PMM,Putnam Managed Municipal Income Trust Common Stock,COMMON_STOCK,NYSE,True,
PMN,PMN,ProMIS Neurosciences Inc. - Common Shares,COMMON_STOCK,NASDAQ,True,N
PMTR,PMTR,Perimeter Acquisition Corp. I - Class A Ordinary Shares,COMMON_STOCK,NASDAQ,True,N
PMTS,PMTS,CPI Card Group Inc. - Common Stock,COMMON_STOCK,NASDAQ,True,N
PMVP,PMVP,"PMV Pharmaceuticals, Inc. - Common Stock",COMMON_STOCK,NASDAQ,True,N
PN,PN,PN Smart Energy Limited - Class A Ordinary Shares,COMMON_STOCK,NASDAQ,True,N
PNBK,PNBK,Patriot National Bancorp Inc. - Common Stock,COMMON_STOCK,NASDAQ,True,N
PNC,PNC,"PNC Financial Services Group, Inc. (The) Common Stock",COMMON_STOCK,NYSE,True,
PNFP,PNFP,"Pinnacle Financial Partners, Inc. Common stock",COMMON_STOCK,NYSE,True,
PNNT,PNNT,PennantPark Investment Corporation Common Stock,COMMON_STOCK,NYSE,True,
PNR,PNR,Pentair plc. Ordinary Share,COMMON_STOCK,NYSE,True,
PNRG,PNRG,PrimeEnergy Resources Corporation - Common Stock,COMMON_STOCK,NASDAQ,True,N
PNTG,PNTG,"The Pennant Group, Inc. - Common Stock",COMMON_STOCK,NASDAQ,True,N
PNW,PNW,Pinnacle West Capital Corporation Common Stock,COMMON_STOCK,NYSE,True,
POAS,POAS,Phaos Technology Holdings (Cayman) Limited Class A Ordinary Shares,COMMON_STOCK,NYSEAMERICAN,True,
POCI,POCI,"Precision Optics Corporation, Inc. - Common stock",COMMON_STOCK,NASDAQ,True,N
PODC,PODC,"PodcastOne, Inc. - Common Stock",COMMON_STOCK,NASDAQ,True,N
PODD,PODD,Insulet Corporation - Common Stock,COMMON_STOCK,NASDAQ,True,N
POET,POET,POET Technologies Inc. - Common Shares,COMMON_STOCK,NASDAQ,True,N
POLA,POLA,"Polar Power, Inc. - Common Stock",COMMON_STOCK,NASDAQ,False,D
POLE,POLE,Andretti Acquisition Corp. II - Class A Ordinary Shares,COMMON_STOCK,NASDAQ,True,N
PONO,PONO,"Pono Capital Four, Inc. - Class A Ordinary Shares",COMMON_STOCK,NASDAQ,True,N
POOL,POOL,Pool Corporation - Common Stock,COMMON_STOCK,NASDAQ,True,N
POR,POR,Portland General Electric Co Common Stock,COMMON_STOCK,NYSE,True,
POST,POST,"Post Holdings, Inc. Common Stock",COMMON_STOCK,NYSE,True,
POWI,POWI,"Power Integrations, Inc. - Common Stock",COMMON_STOCK,NASDAQ,True,N
POWL,POWL,"Powell Industries, Inc. - Common Stock",COMMON_STOCK,NASDAQ,True,N
POWW,POWW,Outdoor Holding Company - Common Stock,COMMON_STOCK,NASDAQ,True,N
PPC,PPC,Pilgrim's Pride Corporation - Common Stock,COMMON_STOCK,NASDAQ,True,N
PPCB,PPCB,"Propanc Biopharma, Inc. - Common Stock",COMMON_STOCK,NASDAQ,True,N
PPG,PPG,"PPG Industries, Inc. Common Stock",COMMON_STOCK,NYSE,True,
PPHC,PPHC,"Public Policy Holding Company, Inc. - Common Stock",COMMON_STOCK,NASDAQ,True,N
PPIH,PPIH,"Perma-Pipe International Holdings, Inc. - Common Stock",COMMON_STOCK,NASDAQ,True,N
PPL,PPL,PPL Corporation Common Stock,COMMON_STOCK,NYSE,True,
PPLI,PPLI,People Incorporated - Common Stock,COMMON_STOCK,NASDAQ,True,N
PPSI,PPSI,"Pioneer Power Solutions, Inc. - Common Stock",COMMON_STOCK,NASDAQ,True,N
PPT,PPT,Putnam Premier Income Trust Common Stock,COMMON_STOCK,NYSE,True,
PPTA,PPTA,Perpetua Resources Corp. - Common Shares,COMMON_STOCK,NASDAQ,True,N
PR,PR,Permian Resources Corporation Class A Common Stock,COMMON_STOCK,NYSE,True,
PRAA,PRAA,"PRA Group, Inc. - Common Stock",COMMON_STOCK,NASDAQ,True,N
PRAX,PRAX,"Praxis Precision Medicines, Inc. - Common Stock",COMMON_STOCK,NASDAQ,True,N
PRCH,PRCH,"Porch Group, Inc. - Common Stock",COMMON_STOCK,NASDAQ,True,N
PRCT,PRCT,PROCEPT BioRobotics Corporation - Common Stock,COMMON_STOCK,NASDAQ,True,N
PRDO,PRDO,Perdoceo Education Corporation - Common Stock,COMMON_STOCK,NASDAQ,True,N
PRE,PRE,Prenetics Global Limited - Class A Ordinary Share,COMMON_STOCK,NASDAQ,True,N
PRFX,PRFX,PRF Technologies Ltd. - Ordinary Shares,COMMON_STOCK,NASDAQ,True,N
PRG,PRG,"PROG Holdings, Inc. Common Stock",COMMON_STOCK,NYSE,True,
PRGO,PRGO,Perrigo Company plc Ordinary Shares,COMMON_STOCK,NYSE,True,
PRGS,PRGS,Progress Software Corporation - Common Stock,COMMON_STOCK,NASDAQ,True,N
PRHI,PRHI,"Presurance Holdings, Inc. - Common Stock",COMMON_STOCK,NASDAQ,True,N
PRI,PRI,"Primerica, Inc. Common Stock",COMMON_STOCK,NYSE,True,
PRIM,PRIM,Primoris Services Corporation Common Stock,COMMON_STOCK,NYSE,True,
PRK,PRK,Park National Corporation Common Stock,COMMON_STOCK,NYSEAMERICAN,True,
PRLB,PRLB,"Proto Labs, Inc. Common stock",COMMON_STOCK,NYSE,True,
PRLD,PRLD,Prelude Therapeutics Incorporated - Common Stock,COMMON_STOCK,NASDAQ,True,N
PRM,PRM,"Perimeter Solutions, SA Common Stock",COMMON_STOCK,NYSE,True,
PRMB,PRMB,Primo Brands Corporation Class A Common Stock,COMMON_STOCK,NYSE,True,
PRME,PRME,"Prime Medicine, Inc. - Common Stock",COMMON_STOCK,NASDAQ,True,N
PROF,PROF,Profound Medical Corp. - common stock,COMMON_STOCK,NASDAQ,True,N
PROK,PROK,ProKidney Corp. - Class A Ordinary Shares,COMMON_STOCK,NASDAQ,True,N
PROP,PROP,Prairie Operating Co. - Common Stock,COMMON_STOCK,NASDAQ,False,D
PROV,PROV,"Provident Financial Holdings, Inc. - Common Stock",COMMON_STOCK,NASDAQ,True,N
PRPL,PRPL,"Purple Innovation, Inc. - Common Stock",COMMON_STOCK,NASDAQ,False,D
PRPO,PRPO,"Precipio, Inc. - Common Stock",COMMON_STOCK,NASDAQ,True,N
PRQR,PRQR,ProQR Therapeutics N.V. - Ordinary Shares,COMMON_STOCK,NASDAQ,True,N
PRSO,PRSO,Peraso Inc. - Common Stock,COMMON_STOCK,NASDAQ,True,N
PRSU,PRSU,"Pursuit Attractions and Hospitality, Inc. Common Stock",COMMON_STOCK,NYSE,True,
PRTA,PRTA,Prothena Corporation plc - Ordinary Shares,COMMON_STOCK,NASDAQ,True,N
PRTH,PRTH,"Priority Technology Holdings, Inc. - Common Stock",COMMON_STOCK,NASDAQ,True,N
PRTS,PRTS,"CarParts.com, Inc. - Common Stock",COMMON_STOCK,NASDAQ,True,N
PRU,PRU,"Prudential Financial, Inc. Common Stock",COMMON_STOCK,NYSE,True,
PRVA,PRVA,"Privia Health Group, Inc. - Common Stock",COMMON_STOCK,NASDAQ,True,N
PRZO,PRZO,ParaZero Technologies Ltd. - Ordinary Shares,COMMON_STOCK,NASDAQ,False,D
PS,PS,Pershing Square Inc. Common Stock,COMMON_STOCK,NYSE,True,
PSA,PSA,Public Storage Common Stock,COMMON_STOCK,NYSE,True,
PSBD,PSBD,Palmer Square Capital BDC Inc. Common Stock,COMMON_STOCK,NYSE,True,
PSFE,PSFE,Paysafe Limited Common Shares,COMMON_STOCK,NYSE,True,
PSHG,PSHG,Performance Shipping Inc. - Common Shares,COMMON_STOCK,NASDAQ,True,N
PSIG,PSIG,PS International Group Ltd. - Ordinary Shares,COMMON_STOCK,NASDAQ,True,N
PSIX,PSIX,"Power Solutions International, Inc. - Common Stock",COMMON_STOCK,NASDAQ,True,N
PSKY,PSKY,Paramount Skydance Corporation - Class B Common Stock,COMMON_STOCK,NASDAQ,True,N
PSMT,PSMT,"PriceSmart, Inc. - Common Stock",COMMON_STOCK,NASDAQ,True,N
PSN,PSN,Parsons Corporation Common Stock,COMMON_STOCK,NYSE,True,
PSNL,PSNL,"Personalis, Inc. - Common Stock",COMMON_STOCK,NASDAQ,True,N
PSNY,PSNY,Polestar Automotive Holding UK Limited - Class A ADS,COMMON_STOCK,NASDAQ,True,N
PSNYW,PSNYW,Polestar Automotive Holding UK Limited - Class C-1 ADS (ADW),COMMON_STOCK,NASDAQ,True,N
PSO,PSO,"Pearson, Plc Common Stock",COMMON_STOCK,NYSE,True,
PSQH,PSQH,"PSQ Holdings, Inc. Class A Common Stock",COMMON_STOCK,NYSE,True,
PSTL,PSTL,"Postal Realty Trust, Inc. Class A Common Stock",COMMON_STOCK,NYSE,True,
PSTV,PSTV,"PLUS THERAPEUTICS, Inc. - Common Stock",COMMON_STOCK,NASDAQ,True,N
PSUS,PSUS,"Pershing Square USA, Ltd. Common Shares",COMMON_STOCK,NYSE,True,
PSX,PSX,Phillips 66 Common Stock,COMMON_STOCK,NYSE,True,
PTAC,PTAC,Patriot Acquisition Corp. - Class A Ordinary Shares,COMMON_STOCK,NASDAQ,True,N
PTC,PTC,PTC Inc. - Common Stock,COMMON_STOCK,NASDAQ,True,N
PTCT,PTCT,"PTC Therapeutics, Inc. - Common Stock",COMMON_STOCK,NASDAQ,True,N
PTEN,PTEN,"Patterson-UTI Energy, Inc. - Common Stock",COMMON_STOCK,NASDAQ,True,N
PTGX,PTGX,"Protagonist Therapeutics, Inc. - Common Stock",COMMON_STOCK,NASDAQ,True,N
PTHS,PTHS,Pelthos Therapeutics Inc. Common Stock,COMMON_STOCK,NYSEAMERICAN,True,
PTLE,PTLE,PTL LTD - Class A Ordinary Shares,COMMON_STOCK,NASDAQ,True,N
PTLO,PTLO,Portillo's Inc. - Class A Common Stock,COMMON_STOCK,NASDAQ,True,N
PTN,PTN,"Palatin Technologies, Inc. - Common Stock",COMMON_STOCK,NASDAQ,True,N
PTNM,PTNM,Pitanium Limited - Class A Ordinary Shares,COMMON_STOCK,NASDAQ,True,N
PTON,PTON,"Peloton Interactive, Inc. - Common Stock",COMMON_STOCK,NASDAQ,True,N
PTOR,PTOR,Praetorian Acquisition Corp. - Class A Ordinary Shares,COMMON_STOCK,NASDAQ,True,N
PTRN,PTRN,Pattern Group Inc. - Series A Common Stock,COMMON_STOCK,NASDAQ,True,N
PUBM,PUBM,"PubMatic, Inc. - Class A Common Stock",COMMON_STOCK,NASDAQ,True,N
PUK,PUK,Prudential Public Limited Company Common Stock,COMMON_STOCK,NYSE,True,
PULM,PULM,"Pulmatrix, Inc. - Common Stock",COMMON_STOCK,NASDAQ,True,N
PUMP,PUMP,ProPetro Holding Corp. Common Stock,COMMON_STOCK,NYSE,True,
PURR,PURR,Hyperliquid Strategies Inc - Common Stock,COMMON_STOCK,NASDAQ,True,N
PUSA,PUSA,Aureus Greenway Holdings Inc. - Common Stock,COMMON_STOCK,NASDAQ,True,N
PVH,PVH,PVH Corp. Common Stock,COMMON_STOCK,NYSE,True,
PVLA,PVLA,"Palvella Therapeutics, Inc. - Common Stock",COMMON_STOCK,NASDAQ,True,N
PW,PW,Power REIT (MD) Common Stock,COMMON_STOCK,NYSEAMERICAN,True,
PWP,PWP,Perella Weinberg Partners - Class A Common Stock,COMMON_STOCK,NASDAQ,True,N
PWR,PWR,"Quanta Services, Inc. Common Stock",COMMON_STOCK,NYSE,True,
PWRL,PWRL,Powerlaw Corp. - Common Stock,COMMON_STOCK,NASDAQ,True,N
PXED,PXED,"Phoenix Education Partners, Inc. Common Stock",COMMON_STOCK,NYSE,True,
PXLW,PXLW,"Pixelworks, Inc. - Common Stock",COMMON_STOCK,NASDAQ,True,N
PXS,PXS,Pyxis Tankers Inc. - Common Stock,COMMON_STOCK,NASDAQ,True,N
PYPD,PYPD,PolyPid Ltd. - Ordinary Shares,COMMON_STOCK,NASDAQ,True,N
PYPL,PYPL,"PayPal Holdings, Inc. - Common Stock",COMMON_STOCK,NASDAQ,True,N
PYT,PYT,PPlus Tr GSC-2 Tr Ctf Fltg Rate,COMMON_STOCK,NYSE,True,
PYXS,PYXS,"Pyxis Oncology, Inc. - Common Stock",COMMON_STOCK,NASDAQ,True,N
PZG,PZG,Paramount Gold Nevada Corp. Common Stock,COMMON_STOCK,NYSEAMERICAN,True,
PZZA,PZZA,"Papa John's International, Inc. - Common Stock",COMMON_STOCK,NASDAQ,True,N
Q,Q,"Qnity Electronics, Inc. Common Stock",COMMON_STOCK,NYSE,True,
QADR,QADR,QDRO Acquisition Corp. - Class A Ordinary Shares,COMMON_STOCK,NASDAQ,True,N
QBTS,QBTS,D-Wave Quantum Inc. Common Shares,COMMON_STOCK,NYSE,True,
QCLS,QCLS,"Q/C Technologies, Inc. - Common Stock",COMMON_STOCK,NASDAQ,True,N
QCOM,QCOM,QUALCOMM Incorporated - Common Stock,COMMON_STOCK,NASDAQ,True,N
QCRH,QCRH,"QCR Holdings, Inc. - Common Stock",COMMON_STOCK,NASDAQ,True,N
QDEL,QDEL,QuidelOrtho Corporation - Common Stock,COMMON_STOCK,NASDAQ,True,N
QETA,QETA,Quetta Acquisition Corporation - Common Stock,COMMON_STOCK,NASDAQ,False,D
QGEN,QGEN,Qiagen N.V. Common Shares,COMMON_STOCK,NYSE,True,
QH,QH,Quhuo Limited - American Depository Shares,COMMON_STOCK,NASDAQ,True,N
QLEP,QLEP,Quantum Leap Acquisition Corp Class A Ordinary Shares,COMMON_STOCK,NYSE,True,
QLYS,QLYS,"Qualys, Inc. - Common Stock",COMMON_STOCK,NASDAQ,True,N
QMCO,QMCO,Quantum Corporation - Common Stock,COMMON_STOCK,NASDAQ,True,N
QMMM,QMMM,QMMM Holdings Limited - Class A Ordinary Shares,COMMON_STOCK,NASDAQ,False,H
QNC,QNC,Quantum eMotion Corp. Common Shares,COMMON_STOCK,NYSEAMERICAN,True,
QNCX,QNCX,"Quince Therapeutics, Inc. - Common Stock",COMMON_STOCK,NASDAQ,True,N
QNST,QNST,"QuinStreet, Inc. - Common Stock",COMMON_STOCK,NASDAQ,True,N
QNT,QNT,Quantinuum Inc. - Class A Common Stock,COMMON_STOCK,NASDAQ,True,N
QNTM,QNTM,Quantum Biopharma Ltd. - Class B Subordinate Voting Shares,COMMON_STOCK,NASDAQ,True,N
QRED,QRED,QuasarEdge Acquisition Corporation Ordinary Shares,COMMON_STOCK,NYSE,True,
QRHC,QRHC,Quest Resource Holding Corporation - Common Stock,COMMON_STOCK,NASDAQ,True,N
QRVO,QRVO,"Qorvo, Inc. - Common Stock",COMMON_STOCK,NASDAQ,True,N
QS,QS,QuantumScape Corporation - Common Stock,COMMON_STOCK,NASDAQ,True,N
QSEA,QSEA,Quartzsea Acquisition Corporation - Ordinary Shares,COMMON_STOCK,NASDAQ,True,N
QSI,QSI,Quantum-Si Incorporated - Class A Common Stock,COMMON_STOCK,NASDAQ,True,N
QSR,QSR,Restaurant Brands International Inc. Common Shares,COMMON_STOCK,NYSE,True,
QTEX,QTEX,QTREX Quantum Ltd. - Ordinary Shares,COMMON_STOCK,NASDAQ,True,N
QTI,QTI,"QT Imaging Holdings, Inc. - Common Stock",COMMON_STOCK,NASDAQ,True,N
QTRX,QTRX,Quanterix Corporation - Common Stock,COMMON_STOCK,NASDAQ,True,N
QTTB,QTTB,Q32 Bio Inc. - Common Stock,COMMON_STOCK,NASDAQ,True,N
QTWO,QTWO,"Q2 Holdings, Inc. Common Stock",COMMON_STOCK,NYSE,True,
QUAD,QUAD,"Quad Graphics, Inc Class A Common Stock",COMMON_STOCK,NYSE,True,
QUBT,QUBT,Quantum Computing Inc. - Common Stock,COMMON_STOCK,NASDAQ,True,N
QUCY,QUCY,Quantum Cyber N.V. - Ordinary Shares,COMMON_STOCK,NASDAQ,True,N
QUIK,QUIK,QuickLogic Corporation - Common Stock,COMMON_STOCK,NASDAQ,True,N
QUMS,QUMS,Quantumsphere Acquisition Corp. - Ordinary Shares,COMMON_STOCK,NASDAQ,True,N
QURE,QURE,uniQure N.V. - Ordinary Shares,COMMON_STOCK,NASDAQ,True,N
QXL,QXL,Quantum X Labs Inc. - Common Stock,COMMON_STOCK,NASDAQ,True,N
QXO,QXO,"QXO, Inc. Common Stock",COMMON_STOCK,NYSE,True,
R,R,"Ryder System, Inc. Common Stock",COMMON_STOCK,NYSE,True,
RAC,RAC,Rithm Acquisition Corp. Class A Ordinary Shares,COMMON_STOCK,NYSE,True,
RACC,RACC,Research Alliance Corporation III - Class A Ordinary Shares,COMMON_STOCK,NASDAQ,True,N
RACE,RACE,Ferrari N.V. Common Shares,COMMON_STOCK,NYSE,True,
RAIL,RAIL,"Freightcar America, Inc. - Common Stock",COMMON_STOCK,NASDAQ,True,N
RAIN,RAIN,"Rain Enhancement Technologies Holdco, Inc. - Class A Common Stock",COMMON_STOCK,NASDAQ,False,D
RAL,RAL,Ralliant Corporation Common Stock,COMMON_STOCK,NYSE,True,
RAMP,RAMP,"LiveRamp Holdings, Inc. Common Stock",COMMON_STOCK,NYSE,True,
RANG,RANG,Range Capital Acquisition Corp. - Ordinary Shares,COMMON_STOCK,NASDAQ,True,N
RANI,RANI,"Rani Therapeutics Holdings, Inc. - Class A Common Stock",COMMON_STOCK,NASDAQ,False,D
RAPP,RAPP,"Rapport Therapeutics, Inc. - Common Stock",COMMON_STOCK,NASDAQ,True,N
RARE,RARE,Ultragenyx Pharmaceutical Inc. - Common Stock,COMMON_STOCK,NASDAQ,True,N
RAVE,RAVE,"Rave Restaurant Group, Inc. - Common Stock",COMMON_STOCK,NASDAQ,True,N
RAY,RAY,Raytech Holding Limited - Ordinary Shares,COMMON_STOCK,NASDAQ,True,N
RAYA,RAYA,Erayak Power Solution Group Inc. - Class A Ordinary Shares,COMMON_STOCK,NASDAQ,True,N
RBA,RBA,"RB Global, Inc. Common Stock",COMMON_STOCK,NYSE,True,
RBB,RBB,RBB Bancorp - Common Stock,COMMON_STOCK,NASDAQ,True,N
RBBN,RBBN,Ribbon Communications Inc.  - Common Stock,COMMON_STOCK,NASDAQ,True,N
RBC,RBC,RBC Bearings Incorporated Common Stock,COMMON_STOCK,NYSE,True,
RBCAA,RBCAA,"Republic Bancorp, Inc. - Class A Common Stock",COMMON_STOCK,NASDAQ,True,N
RBKB,RBKB,"Rhinebeck Bancorp, Inc. - Common Stock",COMMON_STOCK,NASDAQ,True,N
RBLX,RBLX,Roblox Corporation Class A Common Stock,COMMON_STOCK,NYSE,True,
RBNE,RBNE,Robin Energy Ltd. - Common Stock,COMMON_STOCK,NASDAQ,True,N
RBRK,RBRK,"Rubrik, Inc. Class A Common Stock",COMMON_STOCK,NYSE,True,
RC,RC,Ready Capital Corporation Common Stock,COMMON_STOCK,NYSE,True,
RCAT,RCAT,"Red Cat Holdings, Inc. - Common Stock",COMMON_STOCK,NASDAQ,True,N
RCEL,RCEL,"Avita Medical, Inc. - Common Stock",COMMON_STOCK,NASDAQ,True,N
RCI,RCI,"Rogers Communication, Inc. Common Stock",COMMON_STOCK,NYSE,True,
RCKT,RCKT,"Rocket Pharmaceuticals, Inc. - Common Stock",COMMON_STOCK,NASDAQ,True,N
RCKY,RCKY,"Rocky Brands, Inc. - Common Stock",COMMON_STOCK,NASDAQ,True,N
RCL,RCL,Royal Caribbean Cruises Ltd. Common Stock,COMMON_STOCK,NYSE,True,
RCMT,RCMT,"RCM Technologies, Inc. - Common Stock",COMMON_STOCK,NASDAQ,True,N
RCON,RCON,"Recon Technology, Ltd. - Class A Ordinary Shares",COMMON_STOCK,NASDAQ,False,D
RCT,RCT,RedCloud Holdings plc - Ordinary Shares,COMMON_STOCK,NASDAQ,False,D
RCUS,RCUS,"Arcus Biosciences, Inc. Common Stock",COMMON_STOCK,NYSE,True,
RDAC,RDAC,Rising Dragon Acquisition Corp. - Ordinary Shares,COMMON_STOCK,NASDAQ,True,N
RDAG,RDAG,Republic Digital Acquisition Company - Class A Ordinary Shares,COMMON_STOCK,NASDAQ,True,N
RDCM,RDCM,Radcom Ltd. - Ordinary Shares,COMMON_STOCK,NASDAQ,True,N
RDDT,RDDT,"Reddit, Inc. Class A Common Stock",COMMON_STOCK,NYSE,True,
RDGT,RDGT,"Ridgetech, Inc. - Ordinary Shares",COMMON_STOCK,NASDAQ,True,N
RDI,RDI,Reading International Inc - Class A Non-voting Common Stock,COMMON_STOCK,NASDAQ,True,N
RDIB,RDIB,Reading International Inc - Class B Voting Common Stock,COMMON_STOCK,NASDAQ,True,N
RDN,RDN,Radian Group Inc. Common Stock,COMMON_STOCK,NYSE,True,
RDNT,RDNT,"RadNet, Inc. - Common Stock",COMMON_STOCK,NASDAQ,True,N
RDNW,RDNW,"RideNow Group, Inc. - Class B Common Stock",COMMON_STOCK,NASDAQ,True,N
RDVT,RDVT,"Red Violet, Inc. - Common Stock",COMMON_STOCK,NASDAQ,True,N
RDW,RDW,Redwire Corporation Common Stock,COMMON_STOCK,NYSE,True,
RDWR,RDWR,Radware Ltd. - Ordinary Shares,COMMON_STOCK,NASDAQ,True,N
RDY,RDY,Dr. Reddy's Laboratories Ltd Common Stock,COMMON_STOCK,NYSE,True,
RDZN,RDZN,"Roadzen, Inc. - Ordinary Shares",COMMON_STOCK,NASDAQ,True,N
REA,REA,"Rare Earths Americas, Inc. Common Stock",COMMON_STOCK,NYSEAMERICAN,True,
REAL,REAL,"The RealReal, Inc. - Common Stock",COMMON_STOCK,NASDAQ,True,N
REAX,REAX,"The Real Brokerage, Inc. - Common Shares",COMMON_STOCK,NASDAQ,True,N
REBN,REBN,"Reborn Coffee, Inc. - Common Stock",COMMON_STOCK,NASDAQ,True,N
RECT,RECT,Rectitude Holdings Ltd - Ordinary Shares,COMMON_STOCK,NASDAQ,True,N
REED,REED,"Reed's, Inc. Common Stock",COMMON_STOCK,NYSEAMERICAN,True,
REFI,REFI,"Chicago Atlantic Real Estate Finance, Inc. - Common Stock",COMMON_STOCK,NASDAQ,True,N
REFR,REFR,Research Frontiers Incorporated - Common Stock,COMMON_STOCK,NASDAQ,False,D
REG,REG,Regency Centers Corporation - Common Stock,COMMON_STOCK,NASDAQ,True,N
REGN,REGN,"Regeneron Pharmaceuticals, Inc. - Common Stock",COMMON_STOCK,NASDAQ,True,N
REI,REI,"Ring Energy, Inc. Common Stock",COMMON_STOCK,NYSEAMERICAN,True,
REKR,REKR,"Rekor Systems, Inc. - Common Stock",COMMON_STOCK,NASDAQ,False,D
RELL,RELL,"Richardson Electronics, Ltd. - Common Stock",COMMON_STOCK,NASDAQ,True,N
RELY,RELY,"Remitly Global, Inc. - Common stock",COMMON_STOCK,NASDAQ,True,N
RENT,RENT,"Rent the Runway, Inc. - Class A Common Stock",COMMON_STOCK,NASDAQ,True,N
RENX,RENX,RenX Enterprises Corp. - Common Stock,COMMON_STOCK,NASDAQ,True,N
REPL,REPL,"Replimune Group, Inc. - Common Stock",COMMON_STOCK,NASDAQ,True,N
REPX,REPX,"Riley Exploration Permian, Inc. Common Stock",COMMON_STOCK,NYSEAMERICAN,True,
RES,RES,"RPC, Inc. Common Stock",COMMON_STOCK,NYSE,True,
RETO,RETO,"ReTo Eco-Solutions, Inc. - Class A Shares",COMMON_STOCK,NASDAQ,True,N
REVB,REVB,"Revelation Biosciences, Inc. - Common Stock",COMMON_STOCK,NASDAQ,True,N
REX,REX,REX American Resources Corporation,COMMON_STOCK,NYSE,True,
REXR,REXR,"Rexford Industrial Realty, Inc. Common Stock",COMMON_STOCK,NYSE,True,
REYN,REYN,Reynolds Consumer Products Inc. - Common Stock,COMMON_STOCK,NASDAQ,True,N
REZI,REZI,"Resideo Technologies, Inc. Common Stock",COMMON_STOCK,NYSE,True,
RF,RF,Regions Financial Corporation Common Stock,COMMON_STOCK,NYSE,True,
RFAI,RFAI,RF Acquisition Corp II - Ordinary Shares,COMMON_STOCK,NASDAQ,True,N
RFAM,RFAM,RF Acquisition Corp III - Ordinary Shares,COMMON_STOCK,NASDAQ,True,N
RFIL,RFIL,"RF Industries, Ltd. - Common Stock",COMMON_STOCK,NASDAQ,True,N
RFL,RFL,"Rafael Holdings, Inc. Class B Common Stock",COMMON_STOCK,NYSE,True,
RGA,RGA,"Reinsurance Group of America, Incorporated Common Stock",COMMON_STOCK,NYSE,True,
RGC,RGC,Regencell Bioscience Holdings Limited - Ordinary Shares,COMMON_STOCK,NASDAQ,True,N
RGCO,RGCO,RGC Resources Inc. - Common Stock,COMMON_STOCK,NASDAQ,True,N
RGEN,RGEN,Repligen Corporation - Common Stock,COMMON_STOCK,NASDAQ,True,N
RGLD,RGLD,"Royal Gold, Inc. - Common Stock",COMMON_STOCK,NASDAQ,True,N
RGNT,RGNT,Regentis Biomaterials Ltd. Ordinary Shares,COMMON_STOCK,NYSEAMERICAN,True,
RGNX,RGNX,REGENXBIO Inc. - Common Stock,COMMON_STOCK,NASDAQ,True,N
RGP,RGP,"Resources Connection, Inc. - Common Stock",COMMON_STOCK,NASDAQ,True,N
RGR,RGR,"Sturm, Ruger & Company, Inc. Common Stock",COMMON_STOCK,NYSE,True,
RGS,RGS,Regis Corporation - Common Stock,COMMON_STOCK,NASDAQ,True,N
RGT,RGT,"Royce Global Trust, Inc. Common Stock",COMMON_STOCK,NYSE,True,
RGTI,RGTI,"Rigetti Computing, Inc.  - Common stock",COMMON_STOCK,NASDAQ,True,N
RH,RH,RH Common Stock,COMMON_STOCK,NYSE,True,
RHI,RHI,Robert Half Inc. Common Stock,COMMON_STOCK,NYSE,True,
RHLD,RHLD,Resolute Holdings Management Common Stock,COMMON_STOCK,NYSE,True,
RHP,RHP,"Ryman Hospitality Properties, Inc. (REIT)",COMMON_STOCK,NYSE,True,
RIBB,RIBB,Ribbon Acquisition Corp - Class A Ordinary Shares,COMMON_STOCK,NASDAQ,True,N
RICK,RICK,"RCI Hospitality Holdings, Inc. - Common Stock",COMMON_STOCK,NASDAQ,True,N
RIG,RIG,Transocean Ltd (Switzerland) Common Stock,COMMON_STOCK,NYSE,True,
RIGL,RIGL,"Rigel Pharmaceuticals, Inc. - Common Stock",COMMON_STOCK,NASDAQ,True,N
RILY,RILY,"BRC Group Holdings, Inc. - Common Stock",COMMON_STOCK,NASDAQ,True,N
RIME,RIME,"Algorhythm Holdings, Inc. - Common Stock",COMMON_STOCK,NASDAQ,False,D
RIO,RIO,Rio Tinto Plc Common Stock,COMMON_STOCK,NYSE,True,
RIOT,RIOT,"Riot Platforms, Inc. - Common Stock",COMMON_STOCK,NASDAQ,True,N
RITM,RITM,Rithm Capital Corp. Common Stock,COMMON_STOCK,NYSE,True,
RITR,RITR,Reitar Logtech Holdings Limited - Ordinary shares,COMMON_STOCK,NASDAQ,False,D
RIVN,RIVN,"Rivian Automotive, Inc. - Class A Common Stock",COMMON_STOCK,NASDAQ,True,N
RJET,RJET,Republic Airways Holdings Inc. - Common Stock,COMMON_STOCK,NASDAQ,True,N
RJF,RJF,"Raymond James Financial, Inc. Common Stock",COMMON_STOCK,NYSE,True,
RKDA,RKDA,"Arcadia Biosciences, Inc. - Common Stock",COMMON_STOCK,NASDAQ,True,N
RKLB,RKLB,Rocket Lab Corporation - Common Stock,COMMON_STOCK,NASDAQ,True,N
RKT,RKT,"Rocket Companies, Inc. Class A Common Stock",COMMON_STOCK,NYSE,True,
RKTO,RKTO,Rocket One Inc. - Common Stock,COMMON_STOCK,NASDAQ,True,N
RL,RL,Ralph Lauren Corporation Common Stock,COMMON_STOCK,NYSE,True,
RLAY,RLAY,"Relay Therapeutics, Inc. - Common Stock",COMMON_STOCK,NASDAQ,True,N
RLGT,RLGT,"Radiant Logistics, Inc. Common Stock",COMMON_STOCK,NYSEAMERICAN,True,
RLI,RLI,RLI Corp. Common Stock (DE),COMMON_STOCK,NYSE,True,
RLMD,RLMD,"Relmada Therapeutics, Inc. - Common Stock",COMMON_STOCK,NASDAQ,True,N
RLYB,RLYB,Rallybio Corporation - Common Stock,COMMON_STOCK,NASDAQ,True,N
RM,RM,Regional Management Corp. Common Stock,COMMON_STOCK,NYSE,True,
RMAX,RMAX,"RE/MAX Holdings, Inc. Class A Common Stock",COMMON_STOCK,NYSE,True,
RMBI,RMBI,"Richmond Mutual Bancorporation, Inc. - Common Stock",COMMON_STOCK,NASDAQ,True,N
RMBS,RMBS,"Rambus, Inc. - Common Stock",COMMON_STOCK,NASDAQ,True,N
RMCF,RMCF,"Rocky Mountain Chocolate Factory, Inc. - Common Stock",COMMON_STOCK,NASDAQ,True,N
RMCO,RMCO,Royalty Management Holding Corporation - Class A Common Stock,COMMON_STOCK,NASDAQ,True,N
RMD,RMD,ResMed Inc. Common Stock,COMMON_STOCK,NYSE,True,
RMIX,RMIX,"Suncrete, Inc. - Class A Common Stock",COMMON_STOCK,NASDAQ,True,N
RMNI,RMNI,"Rimini Street, Inc. - Common Stock",COMMON_STOCK,NASDAQ,True,N
RMR,RMR,The RMR Group Inc. - Class A Common Stock,COMMON_STOCK,NASDAQ,True,N
RMSG,RMSG,Real Messenger Corporation - Ordinary Shares,COMMON_STOCK,NASDAQ,False,D
RMT,RMT,"Royce Micro-Cap Trust, Inc. Common Stock",COMMON_STOCK,NYSE,True,
RMTI,RMTI,"Rockwell Medical, Inc. - Common Stock",COMMON_STOCK,NASDAQ,False,D
RNA,RNA,"Atrium Therapeutics, Inc. - Common Stock",COMMON_STOCK,NASDAQ,True,N
RNAC,RNAC,"Cartesian Therapeutics, Inc. - Common Stock",COMMON_STOCK,NASDAQ,True,N
RNAZ,RNAZ,"TransCode Therapeutics, Inc. - Common Stock",COMMON_STOCK,NASDAQ,False,D
RNG,RNG,"RingCentral, Inc. Class A Common Stock",COMMON_STOCK,NYSE,True,
RNGR,RNGR,"Ranger Energy Services, Inc. Class A Common Stock",COMMON_STOCK,NYSE,True,
RNGT,RNGT,Range Capital Acquisition Corp II - Class A Ordinary Shares,COMMON_STOCK,NASDAQ,True,N
RNR,RNR,RenaissanceRe Holdings Ltd. Common Stock,COMMON_STOCK,NYSE,True,
RNST,RNST,Renasant Corporation Common Stock,COMMON_STOCK,NYSE,True,
RNTX,RNTX,"Rein Therapeutics, Inc. - Common Stock",COMMON_STOCK,NASDAQ,True,N
RNW,RNW,ReNew Energy Global plc - Class A Shares,COMMON_STOCK,NASDAQ,True,N
RNXT,RNXT,"RenovoRx, Inc. - Common Stock",COMMON_STOCK,NASDAQ,False,D
ROAD,ROAD,"Construction Partners, Inc. - Common Stock",COMMON_STOCK,NASDAQ,True,N
ROC,ROC,Rank One Computing Corporation - Common stock,COMMON_STOCK,NASDAQ,True,N
ROCK,ROCK,"Gibraltar Industries, Inc. - Common Stock",COMMON_STOCK,NASDAQ,True,N
ROG,ROG,Rogers Corporation Common Stock,COMMON_STOCK,NYSE,True,
ROIV,ROIV,Roivant Sciences Ltd. - Common Shares,COMMON_STOCK,NASDAQ,True,N
ROK,ROK,"Rockwell Automation, Inc. Common Stock",COMMON_STOCK,NYSE,True,
ROKU,ROKU,"Roku, Inc. - Class A Common Stock",COMMON_STOCK,NASDAQ,True,N
ROL,ROL,"Rollins, Inc. Common Stock",COMMON_STOCK,NYSE,True,
ROLR,ROLR,"High Roller Technologies, Inc. Common Stock",COMMON_STOCK,NYSEAMERICAN,True,
ROMA,ROMA,Roma Green Finance Limited - Class A Ordinary Shares,COMMON_STOCK,NASDAQ,True,N
ROOT,ROOT,"Root, Inc. - Common Stock",COMMON_STOCK,NASDAQ,True,N
ROP,ROP,"Roper Technologies, Inc. - Common Stock",COMMON_STOCK,NASDAQ,True,N
ROST,ROST,"Ross Stores, Inc. - Common Stock",COMMON_STOCK,NASDAQ,True,N
RPAY,RPAY,Repay Holdings Corporation - Class A Common Stock,COMMON_STOCK,NASDAQ,True,N
RPC,RPC,"Ridgepost Capital, Inc. Class A Common Stock",COMMON_STOCK,NYSE,True,
RPD,RPD,"Rapid7, Inc. - Common Stock",COMMON_STOCK,NASDAQ,True,N
RPGL,RPGL,Republic Power Group Limited - Class A Ordinary Shares,COMMON_STOCK,NASDAQ,True,N
RPID,RPID,"Rapid Micro Biosystems, Inc. - Class A Common Stock",COMMON_STOCK,NASDAQ,True,N
RPM,RPM,RPM International Inc. Common Stock,COMMON_STOCK,NYSE,True,
RPRX,RPRX,Royalty Pharma plc - Class A Ordinary Shares,COMMON_STOCK,NASDAQ,True,N
RPT,RPT,Rithm Property Trust Inc. Common stock,COMMON_STOCK,NYSE,True,
RR,RR,Richtech Robotics Inc. - Class B Common Stock,COMMON_STOCK,NASDAQ,False,E
RRBI,RRBI,"Red River Bancshares, Inc. - Common Stock",COMMON_STOCK,NASDAQ,True,N
RRC,RRC,Range Resources Corporation Common Stock,COMMON_STOCK,NYSE,True,
RREV,RREV,RRE Ventures Acquisition Corp. - Class A Ordinary Shares,COMMON_STOCK,NASDAQ,True,N
RRGB,RRGB,"Red Robin Gourmet Burgers, Inc. - Common Stock",COMMON_STOCK,NASDAQ,True,N
RRR,RRR,"Red Rock Resorts, Inc. - Class A Common Stock",COMMON_STOCK,NASDAQ,True,N
RRX,RRX,Regal Rexnord Corporation Common Stock,COMMON_STOCK,NYSE,True,
RS,RS,"Reliance, Inc. Common Stock",COMMON_STOCK,NYSE,True,
RSG,RSG,"Republic Services, Inc. Common Stock",COMMON_STOCK,NYSE,True,
RSI,RSI,"Rush Street Interactive, Inc. Class A Common Stock",COMMON_STOCK,NYSE,True,
RSKD,RSKD,Riskified Ltd. Class A Ordinary Shares,COMMON_STOCK,NYSE,True,
RSSS,RSSS,"Research Solutions, Inc - Common Stock",COMMON_STOCK,NASDAQ,True,N
RSVR,RSVR,"Reservoir Media, Inc.. - Common Stock",COMMON_STOCK,NASDAQ,True,N
RTAC,RTAC,Renatus Tactical Acquisition Corp I - Class A Ordinary Shares,COMMON_STOCK,NASDAQ,False,D
RTB,RTB,"RTB Digital, Inc. - Common Stock",COMMON_STOCK,NASDAQ,True,N
RTX,RTX,RTX Corporation Common Stock,COMMON_STOCK,NYSE,True,
RUBI,RUBI,Rubico Inc. - Common Stock,COMMON_STOCK,NASDAQ,True,N
RUM,RUM,RUM Group Inc. - Class A Common Stock,COMMON_STOCK,NASDAQ,True,N
RUN,RUN,Sunrun Inc. - Common Stock,COMMON_STOCK,NASDAQ,True,N
RUSHA,RUSHA,"Rush Enterprises, Inc. - Class A Common Stock",COMMON_STOCK,NASDAQ,True,N
RUSHB,RUSHB,"Rush Enterprises, Inc. - Class B Common Stock",COMMON_STOCK,NASDAQ,True,N
RVLV,RVLV,"Revolve Group, Inc. Class A Common Stock",COMMON_STOCK,NYSE,True,
RVMD,RVMD,"Revolution Medicines, Inc. - Common Stock",COMMON_STOCK,NASDAQ,True,N
RVP,RVP,"Retractable Technologies, Inc. Common Stock",COMMON_STOCK,NYSEAMERICAN,True,
RVSB,RVSB,Riverview Bancorp Inc - Common Stock,COMMON_STOCK,NASDAQ,True,N
RVSN,RVSN,Rail Vision Ltd. - Ordinary Shares,COMMON_STOCK,NASDAQ,True,N
RVT,RVT,"Royce Small-Cap Trust, Inc. Common Stock",COMMON_STOCK,NYSE,True,
RVTY,RVTY,"Revvity, Inc. Common Stock",COMMON_STOCK,NYSE,True,
RWAY,RWAY,Runway Growth Finance Corp. - Common Stock,COMMON_STOCK,NASDAQ,True,N
RWT,RWT,"Redwood Trust, Inc. Common Stock",COMMON_STOCK,NYSE,True,
RXO,RXO,"RXO, Inc. Common Stock",COMMON_STOCK,NYSE,True,
RXRX,RXRX,"Recursion Pharmaceuticals, Inc. - Class A Common Stock",COMMON_STOCK,NASDAQ,True,N
RXST,RXST,"RxSight, Inc. - Common Stock",COMMON_STOCK,NASDAQ,True,N
RXT,RXT,"Rackspace Technology, Inc. - Common Stock",COMMON_STOCK,NASDAQ,True,N
RY,RY,Royal Bank Of Canada Common Stock,COMMON_STOCK,NYSE,True,
RYAM,RYAM,Rayonier Advanced Materials Inc. Common Stock,COMMON_STOCK,NYSE,True,
RYAN,RYAN,"Ryan Specialty Holdings, Inc. Class A Common Stock",COMMON_STOCK,NYSE,True,
RYDE,RYDE,Ryde Group Ltd. Class A Ordinary Shares,COMMON_STOCK,NYSEAMERICAN,True,
RYET,RYET,Ruanyun Edai Technology Inc. - Ordinary shares,COMMON_STOCK,NASDAQ,True,N
RYM,RYM,"RYTHM, Inc. - Common Stock",COMMON_STOCK,NASDAQ,True,N
RYN,RYN,Rayonier Inc. REIT Common Stock,COMMON_STOCK,NYSE,True,
RYOJ,RYOJ,"rYojbaba Co., Ltd. - Common Shares",COMMON_STOCK,NASDAQ,True,N
RYTM,RYTM,"Rhythm Pharmaceuticals, Inc. - Common Stock",COMMON_STOCK,NASDAQ,True,N
RYZ,RYZ,Ryerson Holding Corporation Common Stock,COMMON_STOCK,NYSE,True,
RZLT,RZLT,"Rezolute, Inc. - Common Stock (NV)",COMMON_STOCK,NASDAQ,True,N
RZLV,RZLV,Rezolve AI PLC - Ordinary Shares,COMMON_STOCK,NASDAQ,True,N
S,S,"SentinelOne, Inc. Class A Common Stock",COMMON_STOCK,NYSE,True,
SA,SA,"Seabridge Gold, Inc. Common Shares New",COMMON_STOCK,NYSE,True,
SAAQ,SAAQ,Space Asset Acquisition Corp. - Class A Ordinary Shares,COMMON_STOCK,NASDAQ,True,N
SABR,SABR,Sabre Corporation - Common Stock,COMMON_STOCK,NASDAQ,True,N
SABS,SABS,"SAB Biotherapeutics, Inc. - Common Stock",COMMON_STOCK,NASDAQ,True,N
SAC,SAC,Safeguard Acquisition Corp. Class A Ordinary Shares,COMMON_STOCK,NYSE,True,
SACH,SACH,Sachem Capital Corp. Common Shares,COMMON_STOCK,NYSEAMERICAN,True,
SAFE,SAFE,Safehold Inc. New Common Stock,COMMON_STOCK,NYSE,True,
SAFT,SAFT,"Safety Insurance Group, Inc. - Common Stock",COMMON_STOCK,NASDAQ,True,N
SAFX,SAFX,"XCF Global, Inc. - Class A Common Stock",COMMON_STOCK,NASDAQ,False,D
SAGT,SAGT,SAGTEC GLOBAL LIMITED - Class A Ordinary shares,COMMON_STOCK,NASDAQ,True,N
SAGU,SAGU,Shreya Acquisition Group Class A Ordinary Shares,COMMON_STOCK,NYSE,True,
SAH,SAH,"Sonic Automotive, Inc. Common Stock",COMMON_STOCK,NYSE,True,
SAIA,SAIA,"Saia, Inc. - Common Stock",COMMON_STOCK,NASDAQ,True,N
SAIC,SAIC,Science Applications International Corporation - Common Stock,COMMON_STOCK,NASDAQ,True,N
SAIH,SAIH,SAIHEAT Limited - Class A Ordinary Shares,COMMON_STOCK,NASDAQ,True,N
SAIL,SAIL,"SailPoint, Inc. - Common Stock",COMMON_STOCK,NASDAQ,True,N
SAM,SAM,"Boston Beer Company, Inc. (The) Common Stock",COMMON_STOCK,NYSE,True,
SAMG,SAMG,Silvercrest Asset Management Group Inc. - Common Stock,COMMON_STOCK,NASDAQ,True,N
SAN,SAN,"Banco Santander, S.A. Sponsored ADR (Spain)",COMMON_STOCK,NYSE,True,
SANA,SANA,"Sana Biotechnology, Inc. - Common Stock",COMMON_STOCK,NASDAQ,True,N
SANG,SANG,Sangoma Technologies Corporation - Common Shares,COMMON_STOCK,NASDAQ,True,N
SANM,SANM,Sanmina Corporation - Common Stock,COMMON_STOCK,NASDAQ,True,N
SAP,SAP,SAP  SE ADS,COMMON_STOCK,NYSE,True,
SAR,SAR,Saratoga Investment Corp New,COMMON_STOCK,NYSE,True,
SARO,SARO,"StandardAero, Inc. Common Stock",COMMON_STOCK,NYSE,True,
SATL,SATL,Satellogic Inc. - Class A Common Stock,COMMON_STOCK,NASDAQ,True,N
SB,SB,"Safe Bulkers, Inc Common Stock ($0.001 par value)",COMMON_STOCK,NYSE,True,
SBAC,SBAC,SBA Communications Corporation - Class A Common Stock,COMMON_STOCK,NASDAQ,True,N
SBC,SBC,SBC Medical Group Holdings Incorporated - Common Stock,COMMON_STOCK,NASDAQ,True,N
SBCF,SBCF,Seacoast Banking Corporation of Florida - Common Stock,COMMON_STOCK,NASDAQ,True,N
SBET,SBET,"Sharplink, Inc. - Common Stock",COMMON_STOCK,NASDAQ,True,N
SBEV,SBEV,"Splash Beverage Group, Inc. (NV) Common Stock",COMMON_STOCK,NYSEAMERICAN,True,
SBFG,SBFG,"SB Financial Group, Inc. - Common Stock",COMMON_STOCK,NASDAQ,True,N
SBFM,SBFM,Sunshine Biopharma Inc. - Common stock,COMMON_STOCK,NASDAQ,True,N
SBGI,SBGI,"Sinclair, Inc. - Class A Common Stock",COMMON_STOCK,NASDAQ,True,N
SBH,SBH,"Sally Beauty Holdings, Inc. (Name to be changed from Sally Holdings, Inc.) Common Stock",COMMON_STOCK,NYSE,True,
SBLK,SBLK,Star Bulk Carriers Corp. - Common Shares,COMMON_STOCK,NASDAQ,True,N
SBMT,SBMT,Silver Bow Mining Corp. Common Shares,COMMON_STOCK,NYSEAMERICAN,True,
SBR,SBR,Sabine Royalty Trust Common Stock,COMMON_STOCK,NYSE,True,
SBRA,SBRA,"Sabra Health Care REIT, Inc. - Common Stock",COMMON_STOCK,NASDAQ,True,N
SBSI,SBSI,"Southside Bancshares, Inc. Common Stock",COMMON_STOCK,NYSE,True,
SBSW,SBSW,D/B/A Sibanye-Stillwater Limited ADS,COMMON_STOCK,NYSE,True,
SBUX,SBUX,Starbucks Corporation - Common Stock,COMMON_STOCK,NASDAQ,True,N
SBXD,SBXD,SilverBox Corp IV Class A Ordinary Shares,COMMON_STOCK,NYSE,True,
SBXE,SBXE,SilverBox Corp V Class A Ordinary Shares,COMMON_STOCK,NYSE,True,
SCCO,SCCO,Southern Copper Corporation Common Stock,COMMON_STOCK,NYSE,True,
SCE$L,SCE-PL,SCE TRUST VI,COMMON_STOCK,NYSE,True,
SCHL,SCHL,Scholastic Corporation - Common Stock,COMMON_STOCK,NASDAQ,True,N
SCHW,SCHW,Charles Schwab Corporation (The) Common Stock,COMMON_STOCK,NYSE,True,
SCI,SCI,Service Corporation International Common Stock,COMMON_STOCK,NYSE,True,
SCII,SCII,SC II Acquisition Corp. - Class A ordinary share,COMMON_STOCK,NASDAQ,True,N
SCKT,SCKT,"Socket Mobile, Inc. - Common Stock",COMMON_STOCK,NASDAQ,False,D
SCL,SCL,Stepan Company Common Stock,COMMON_STOCK,NYSE,True,
SCLX,SCLX,Scilex Holding Company - Common Stock,COMMON_STOCK,NASDAQ,True,N
SCM,SCM,Stellus Capital Investment Corporation Common Stock,COMMON_STOCK,NYSE,True,
SCNX,SCNX,"Scienture Holdings, Inc. - Common Stock",COMMON_STOCK,NASDAQ,False,D
SCOR,SCOR,"comScore, Inc. - Common Stock",COMMON_STOCK,NASDAQ,True,N
SCPQ,SCPQ,Social Commerce Partners Corporation - Class A Ordinary Shares,COMMON_STOCK,NASDAQ,True,N
SCSC,SCSC,"ScanSource, Inc. - Common Stock",COMMON_STOCK,NASDAQ,True,N
SCWO,SCWO,374Water Inc. - common stock,COMMON_STOCK,NASDAQ,True,N
SCYX,SCYX,"SCYNEXIS, Inc. - Common Stock",COMMON_STOCK,NASDAQ,True,N
SCZM,SCZM,Santacruz Silver Mining Ltd. - Common Shares,COMMON_STOCK,NASDAQ,True,N
SD,SD,"SandRidge Energy, Inc. Common Stock",COMMON_STOCK,NYSE,True,
SDA,SDA,SunCar Technology Group Inc. - Ordinary Shares,COMMON_STOCK,NASDAQ,True,N
SDEV,SDEV,Stablecoin Development Corporation Common Stock,COMMON_STOCK,NYSEAMERICAN,True,
SDGR,SDGR,"Schrodinger, Inc. - Common Stock",COMMON_STOCK,NASDAQ,True,N
SDHC,SDHC,Smith Douglas Homes Corp. Class A Common Stock,COMMON_STOCK,NYSE,True,
SDHI,SDHI,Siddhi Acquisition Corp - Class A Common stock,COMMON_STOCK,NASDAQ,True,N
SDOT,SDOT,Sadot Group Inc. - Common Stock,COMMON_STOCK,NASDAQ,False,D
SDRL,SDRL,Seadrill Limited Common Shares,COMMON_STOCK,NYSE,True,
SDST,SDST,Stardust Power Inc. - Common Stock,COMMON_STOCK,NASDAQ,False,D
SEAT,SEAT,Vivid Seats Inc. - Class A common stock,COMMON_STOCK,NASDAQ,True,N
SEB,SEB,Seaboard Corporation Common Stock,COMMON_STOCK,NYSEAMERICAN,True,
SECZ,SECZ,Securitize Corp. Common Stock,COMMON_STOCK,NYSE,True,
SEDG,SEDG,"SolarEdge Technologies, Inc. - Common Stock",COMMON_STOCK,NASDAQ,True,N
SEED,SEED,Origin Agritech Limited - Ordinary Shares,COMMON_STOCK,NASDAQ,True,N
SEER,SEER,"Seer, Inc. - Class A Common Stock",COMMON_STOCK,NASDAQ,True,N
SEG,SEG,Seaport Entertainment Group Inc. Common Stock,COMMON_STOCK,NYSE,True,
SEGG,SEGG,Sports Entertainment Gaming Global Corporation  - Common Stock,COMMON_STOCK,NASDAQ,False,E
SEI,SEI,"Solaris Energy Infrastructure, Inc. Class A Common Stock",COMMON_STOCK,NYSE,True,
SEIC,SEIC,SEI Investments Company - Common Stock,COMMON_STOCK,NASDAQ,True,N
SELF,SELF,"Global Self Storage, Inc. - Common Stock",COMMON_STOCK,NASDAQ,True,N
SENEA,SENEA,Seneca Foods Corp. - Class A Common Stock,COMMON_STOCK,NASDAQ,True,N
SENEB,SENEB,Seneca Foods Corp. - Class B Common Stock,COMMON_STOCK,NASDAQ,True,N
SENS,SENS,"Senseonics Holdings, Inc. - Common Stock",COMMON_STOCK,NASDAQ,True,N
SEPN,SEPN,"Septerna, Inc. - Common Stock",COMMON_STOCK,NASDAQ,True,N
SER,SER,"Serina Therapeutics, Inc. Common Stock",COMMON_STOCK,NYSEAMERICAN,True,
SERA,SERA,"Sera Prognostics, Inc. - Class A Common Stock",COMMON_STOCK,NASDAQ,True,N
SERV,SERV,Serve Robotics Inc. - Common Stock,COMMON_STOCK,NASDAQ,True,N
SES,SES,SES AI Corporation Class A Common Stock,COMMON_STOCK,NYSE,True,
SEV,SEV,Aptera Motors Corp. - Class B Common Stock,COMMON_STOCK,NASDAQ,True,N
SEVN,SEVN,Seven Hills Realty Trust  - Common Stock,COMMON_STOCK,NASDAQ,True,N
SEZL,SEZL,Sezzle Inc. - Common Stock,COMMON_STOCK,NASDAQ,True,N
SF,SF,Stifel Financial Corporation Common Stock,COMMON_STOCK,NYSE,True,
SFBC,SFBC,"Sound Financial Bancorp, Inc. - Common Stock",COMMON_STOCK,NASDAQ,True,N
SFBS,SFBS,"ServisFirst Bancshares, Inc. Common Stock",COMMON_STOCK,NYSE,True,
SFD,SFD,"Smithfield Foods, Inc. - Common Stock",COMMON_STOCK,NASDAQ,True,N
SFHG,SFHG,Samfine Creation Holdings Group Limited - Class A Ordinary Share,COMMON_STOCK,NASDAQ,True,N
SFIX,SFIX,"Stitch Fix, Inc. - Class A Common Stock",COMMON_STOCK,NASDAQ,True,N
SFL,SFL,SFL Corporation Ltd,COMMON_STOCK,NYSE,True,
SFM,SFM,"Sprouts Farmers Market, Inc. - Common Stock",COMMON_STOCK,NASDAQ,True,N
SFNC,SFNC,Simmons First National Corporation - Common Stock,COMMON_STOCK,NASDAQ,True,N
SFST,SFST,"Southern First Bancshares, Inc. - Common Stock",COMMON_STOCK,NASDAQ,True,N
SFWL,SFWL,Shengfeng Development Limited - Class A Ordinary Shares,COMMON_STOCK,NASDAQ,True,N
SG,SG,"Sweetgreen, Inc. Class A Common Stock",COMMON_STOCK,NYSE,True,
SGA,SGA,"Saga Communications, Inc. - Class A Common Stock",COMMON_STOCK,NASDAQ,True,N
SGC,SGC,"Superior Group of Companies, Inc. - Common Stock",COMMON_STOCK,NASDAQ,True,N
SGHC,SGHC,Super Group (SGHC) Limited Ordinary Shares,COMMON_STOCK,NYSE,True,
SGHT,SGHT,"Sight Sciences, Inc. - Common Stock",COMMON_STOCK,NASDAQ,True,N
SGI,SGI,Somnigroup International Inc. Common Stock,COMMON_STOCK,NYSE,True,
SGLY,SGLY,Singularity Future Technology Ltd. - Common Stock,COMMON_STOCK,NASDAQ,False,D
SGML,SGML,Sigma Lithium Corporation - common shares,COMMON_STOCK,NASDAQ,True,N
SGMT,SGMT,Sagimet Biosciences Inc. - Series A Common Stock,COMMON_STOCK,NASDAQ,True,N
SGP,SGP,"SpyGlass Pharma, Inc. - Common Stock",COMMON_STOCK,NASDAQ,True,N
SGRP,SGRP,"SPAR Group, Inc. - Common Stock",COMMON_STOCK,NASDAQ,False,D
SGRY,SGRY,"Surgery Partners, Inc. - Common Stock",COMMON_STOCK,NASDAQ,True,N
SGU,SGU,Star Group L.P. Common Stock,COMMON_STOCK,NYSE,True,
SHAK,SHAK,"Shake Shack, Inc. Class A Common Stock",COMMON_STOCK,NYSE,True,
SHAZ,SHAZ,"SharonAI Holdings, Inc. - Class A Common Stock",COMMON_STOCK,NASDAQ,True,N
SHBI,SHBI,"Shore Bancshares, Inc. - Common Stock",COMMON_STOCK,NASDAQ,True,N
SHC,SHC,Sotera Health Company - Common Stock,COMMON_STOCK,NASDAQ,True,N
SHEN,SHEN,Shenandoah Telecommunications Co - Common Stock,COMMON_STOCK,NASDAQ,True,N
SHFS,SHFS,"SHF Holdings, Inc. - Class A Common Stock",COMMON_STOCK,NASDAQ,False,D
SHIM,SHIM,Shimmick Corporation - Common Stock,COMMON_STOCK,NASDAQ,True,N
SHIP,SHIP,Seanergy Maritime Holdings Corp. - Common Stock,COMMON_STOCK,NASDAQ,True,N
SHLS,SHLS,"Shoals Technologies Group, Inc. - Class A Common Stock",COMMON_STOCK,NASDAQ,True,N
SHMD,SHMD,SCHMID Group N.V. - Class A Ordinary Shares,COMMON_STOCK,NASDAQ,True,N
SHO,SHO,"Sunstone Hotel Investors, Inc. Sunstone Hotel Investors, Inc. Common Shares",COMMON_STOCK,NYSE,True,
SHOE,SHOE,"Shoe Station Group, Inc. - Common Stock",COMMON_STOCK,NASDAQ,True,N
SHOO,SHOO,"Steven Madden, Ltd. - Common Stock",COMMON_STOCK,NASDAQ,True,N
SHOP,SHOP,Shopify Inc. - Class A Subordinate Voting Shares,COMMON_STOCK,NASDAQ,True,N
SHPH,SHPH,"Shuttle Pharmaceuticals Holdings, Inc. - common stock",COMMON_STOCK,NASDAQ,True,N
SHW,SHW,Sherwin-Williams Company (The) Common Stock,COMMON_STOCK,NYSE,True,
SI,SI,"Shoulder Innovations, Inc. Common Stock",COMMON_STOCK,NYSE,True,
SIBN,SIBN,"SI-BONE, Inc. - Common Stock",COMMON_STOCK,NASDAQ,True,N
SID,SID,Companhia Siderurgica Nacional S.A. Common Stock,COMMON_STOCK,NYSE,True,
SIDU,SIDU,"Sidus Space, Inc. - Class A Common Stock",COMMON_STOCK,NASDAQ,True,N
SIEB,SIEB,Siebert Financial Corp. - Common Stock,COMMON_STOCK,NASDAQ,True,N
SIF,SIF,"SIFCO Industries, Inc. Common Stock",COMMON_STOCK,NYSEAMERICAN,True,
SIFY,SIFY,Sify Technologies Limited - American Depository Shares,COMMON_STOCK,NASDAQ,True,N
SIG,SIG,Signet Jewelers Limited Common Shares,COMMON_STOCK,NYSE,True,
SIGA,SIGA,SIGA Technologies Inc. - Common Stock,COMMON_STOCK,NASDAQ,True,N
SIGI,SIGI,"Selective Insurance Group, Inc. - Common Stock",COMMON_STOCK,NASDAQ,True,N
SII,SII,Sprott Inc. Common Shares,COMMON_STOCK,NYSE,True,
SILC,SILC,Silicom Ltd - Ordinary Shares,COMMON_STOCK,NASDAQ,True,N
SILO,SILO,"Silo Pharma, Inc. - Common Stock",COMMON_STOCK,NASDAQ,True,N
SIMA,SIMA,SIM Acquisition Corp. I - Class A Ordinary Shares,COMMON_STOCK,NASDAQ,True,N
SIND,SIND,Sinda Ltd. Common Stock,COMMON_STOCK,NYSE,True,
SINT,SINT,"SiNtx Technologies, Inc. - Common Stock",COMMON_STOCK,NASDAQ,False,D
SION,SION,"Sionna Therapeutics, Inc. - Common Stock",COMMON_STOCK,NASDAQ,True,N
SIRI,SIRI,SiriusXM Holdings Inc. - Common Stock,COMMON_STOCK,NASDAQ,True,N
SITC,SITC,SITE Centers Corp. Common Stock,COMMON_STOCK,NYSE,True,
SITE,SITE,"SiteOne Landscape Supply, Inc. Common Stock",COMMON_STOCK,NYSE,True,
SITM,SITM,SiTime Corporation - Common Stock,COMMON_STOCK,NASDAQ,True,N
SJ,SJ,Scienjoy Holding Corporation - Class A Ordinary Shares,COMMON_STOCK,NASDAQ,True,N
SJM,SJM,The J.M. Smucker Company Common Stock,COMMON_STOCK,NYSE,True,
SJT,SJT,San Juan Basin Royalty Trust Common Stock,COMMON_STOCK,NYSE,True,
SKE,SKE,Skeena Resources Limited Common Shares,COMMON_STOCK,NYSE,True,
SKHYV,SKHYV,SK hynix Inc. - American Depository Shares,COMMON_STOCK,NASDAQ,True,N
SKIL,SKIL,Skillsoft Corp. Class A Common Stock,COMMON_STOCK,NYSE,True,
SKIN,SKIN,SkinHealth Systems Inc. - Class A Common Stock,COMMON_STOCK,NASDAQ,False,D
SKK,SKK,SKK Holdings Limited - Class A Ordinary Shares,COMMON_STOCK,NASDAQ,True,N
SKM,SKM,"SK Telecom Co., Ltd. Common Stock",COMMON_STOCK,NYSE,True,
SKT,SKT,Tanger Inc. Common Stock,COMMON_STOCK,NYSE,True,
SKWD,SKWD,"Skyward Specialty Insurance Group, Inc. - Common Stock",COMMON_STOCK,NASDAQ,True,N
SKY,SKY,"Champion Homes, Inc. Common Stock",COMMON_STOCK,NYSE,True,
SKYA,SKYA,"SkyAI, Inc. - Common Stock",COMMON_STOCK,NASDAQ,True,N
SKYE,SKYE,"Skye Bioscience, Inc. - Common Stock",COMMON_STOCK,NASDAQ,False,D
SKYH,SKYH,Sky Harbour Group Corporation Class A Common Stock,COMMON_STOCK,NYSE,True,
SKYQ,SKYQ,Sky Quarry Inc. - Common Stock,COMMON_STOCK,NASDAQ,True,N
SKYT,SKYT,"SkyWater Technology, Inc. - Common Stock",COMMON_STOCK,NASDAQ,True,N
SKYW,SKYW,"SkyWest, Inc. - Common Stock",COMMON_STOCK,NASDAQ,True,N
SKYX,SKYX,SKYX Platforms Corp. - Common Stock,COMMON_STOCK,NASDAQ,True,N
SLAB,SLAB,"Silicon Laboratories, Inc. - Common Stock",COMMON_STOCK,NASDAQ,True,N
SLB,SLB,SLB Limited Common Shares,COMMON_STOCK,NYSE,True,
SLBT,SLBT,SL Science Holding Limited - Ordinary Shares,COMMON_STOCK,NASDAQ,True,N
SLDB,SLDB,Solid Biosciences Inc. - Common Stock,COMMON_STOCK,NASDAQ,True,N
SLDE,SLDE,"Slide Insurance Holdings, Inc. - Common Stock",COMMON_STOCK,NASDAQ,True,N
SLDP,SLDP,"Solid Power, Inc. - Class A Common Stock",COMMON_STOCK,NASDAQ,True,N
SLE,SLE,"Super League Enterprise, Inc. - Common Stock",COMMON_STOCK,NASDAQ,True,N
SLF,SLF,Sun Life Financial Inc. Common Stock,COMMON_STOCK,NYSE,True,
SLG,SLG,SL Green Realty Corp Common Stock,COMMON_STOCK,NYSE,True,
SLGB,SLGB,Smart Logistics Global Limited - Class A Ordinary Shares,COMMON_STOCK,NASDAQ,False,D
SLGL,SLGL,Sol-Gel Technologies Ltd. - Ordinary Shares,COMMON_STOCK,NASDAQ,True,N
SLGN,SLGN,Silgan Holdings Inc. Common Stock,COMMON_STOCK,NYSE,True,
SLI,SLI,Standard Lithium Ltd. Common Shares,COMMON_STOCK,NYSEAMERICAN,True,
SLM,SLM,SLM Corporation - Common Stock,COMMON_STOCK,NASDAQ,True,N
SLMT,SLMT,Brera Holdings PLC - Class B Ordinary Shares,COMMON_STOCK,NASDAQ,True,N
SLN,SLN,Silence Therapeutics Plc - American Depository Share,COMMON_STOCK,NASDAQ,True,N
SLND,SLND,"Southland Holdings, Inc. Common Stock",COMMON_STOCK,NYSEAMERICAN,True,
SLNG,SLNG,"Stabilis Solutions, Inc. - Common Stock",COMMON_STOCK,NASDAQ,True,N
SLNH,SLNH,"Soluna Holdings, Inc. - Common Stock",COMMON_STOCK,NASDAQ,True,N
SLP,SLP,"Simulations Plus, Inc. - Common Stock",COMMON_STOCK,NASDAQ,True,N
SLQT,SLQT,"SelectQuote, Inc. Common Stock",COMMON_STOCK,NYSE,True,
SLS,SLS,"SELLAS Life Sciences Group, Inc.  - Common Stock",COMMON_STOCK,NASDAQ,True,N
SLSN,SLSN,"Solesence, Inc. - Common stock",COMMON_STOCK,NASDAQ,True,N
SLSR,SLSR,Solaris Resources Inc. Common Shares,COMMON_STOCK,NYSEAMERICAN,True,
SLVM,SLVM,Sylvamo Corporation Common Stock,COMMON_STOCK,NYSE,True,
SLXN,SLXN,Silexion Therapeutics Corp - Ordinary Shares,COMMON_STOCK,NASDAQ,True,N
SM,SM,SM Energy Company Common Stock,COMMON_STOCK,NYSE,True,
SMA,SMA,"SmartStop Self Storage REIT, Inc. Common Stock",COMMON_STOCK,NYSE,True,
SMBC,SMBC,"Southern Missouri Bancorp, Inc. - Common Stock",COMMON_STOCK,NASDAQ,True,N
SMBK,SMBK,"SmartFinancial, Inc. Common Stock",COMMON_STOCK,NYSE,True,
SMC,SMC,Summit Midstream Corporation Common Stock,COMMON_STOCK,NYSE,True,
SMCI,SMCI,"Super Micro Computer, Inc. - Common Stock",COMMON_STOCK,NASDAQ,True,N
SMG,SMG,Scotts Miracle-Gro Company (The) Common Stock,COMMON_STOCK,NYSE,True,
SMHI,SMHI,SEACOR Marine Holdings Inc. Common Stock,COMMON_STOCK,NYSE,True,
SMID,SMID,Smith-Midland Corporation - Common Stock,COMMON_STOCK,NASDAQ,True,N
SMJF,SMJF,SMJ International Holdings Inc. Class A Ordinary Shares,COMMON_STOCK,NYSEAMERICAN,True,
SMMT,SMMT,Summit Therapeutics Inc.  - Common Stock,COMMON_STOCK,NASDAQ,True,N
SMP,SMP,"Standard Motor Products, Inc. Common Stock",COMMON_STOCK,NYSE,True,
SMPL,SMPL,The Simply Good Foods Company - Common Stock,COMMON_STOCK,NASDAQ,True,N
SMR,SMR,NuScale Power Corporation Class A Common Stock,COMMON_STOCK,NYSE,True,
SMRT,SMRT,"SmartRent, Inc. Class A Common Stock",COMMON_STOCK,NYSE,True,
SMSI,SMSI,"Smith Micro Software, Inc. - Common Stock",COMMON_STOCK,NASDAQ,True,N
SMTC,SMTC,Semtech Corporation - Common Stock,COMMON_STOCK,NASDAQ,True,N
SMTI,SMTI,Sanara MedTech Inc. - Common Stock,COMMON_STOCK,NASDAQ,True,N
SMTK,SMTK,"SmartKem, Inc. - Common Stock",COMMON_STOCK,NASDAQ,False,D
SMWB,SMWB,Similarweb Ltd. Ordinary Shares,COMMON_STOCK,NYSE,True,
SMX,SMX,SMX (Security Matters) Public Limited Company - Ordinary Shares,COMMON_STOCK,NASDAQ,True,N
SMXT,SMXT,Solarmax Technology Inc. - Common Stock,COMMON_STOCK,NASDAQ,False,D
SN,SN,"SharkNinja, Inc. Ordinary Shares",COMMON_STOCK,NYSE,True,
SNA,SNA,Snap-On Incorporated Common Stock,COMMON_STOCK,NYSE,True,
SNAL,SNAL,"Snail, Inc. - Class A Common Stock",COMMON_STOCK,NASDAQ,False,D
SNAP,SNAP,Snap Inc. Class A Common Stock,COMMON_STOCK,NYSE,True,
SND,SND,"Smart Sand, Inc. - Common Stock",COMMON_STOCK,NASDAQ,True,N
SNDA,SNDA,"Sonida Senior Living, Inc. Common Stock",COMMON_STOCK,NYSE,True,
SNDK,SNDK,Sandisk Corporation - Common Stock When-Issued,COMMON_STOCK,NASDAQ,True,N
SNDL,SNDL,SNDL Inc. - Common Shares,COMMON_STOCK,NASDAQ,True,N
SNDR,SNDR,"Schneider National, Inc. Common Stock",COMMON_STOCK,NYSE,True,
SNDX,SNDX,"Syndax Pharmaceuticals, Inc. - Common Stock",COMMON_STOCK,NASDAQ,True,N
SNES,SNES,"SenesTech, Inc. - Common Stock",COMMON_STOCK,NASDAQ,True,N
SNEX,SNEX,StoneX Group Inc. - Common Stock,COMMON_STOCK,NASDAQ,True,N
SNFCA,SNFCA,Security National Financial Corporation - Class A Common Stock,COMMON_STOCK,NASDAQ,True,N
SNGX,SNGX,"Soligenix, Inc. - Common Stock",COMMON_STOCK,NASDAQ,False,D
SNN,SNN,"Smith & Nephew SNATS, Inc. Common Stock",COMMON_STOCK,NYSE,True,
SNOA,SNOA,"Sonoma Pharmaceuticals, Inc. - Common Stock",COMMON_STOCK,NASDAQ,True,N
SNOW,SNOW,Snowflake Inc. Common Stock,COMMON_STOCK,NYSE,True,
SNPS,SNPS,"Synopsys, Inc. - Common Stock",COMMON_STOCK,NASDAQ,True,N
SNT,SNT,Senstar Technologies Corporation - Common Shares,COMMON_STOCK,NASDAQ,True,N
SNTG,SNTG,Sentage Holdings Inc. - Class A Ordinary Shares,COMMON_STOCK,NASDAQ,True,N
SNTI,SNTI,"Senti Biosciences Holdings, Inc. - Common Stock",COMMON_STOCK,NASDAQ,True,N
SNWV,SNWV,"SANUWAVE Health, Inc. - Common Stock",COMMON_STOCK,NASDAQ,True,N
SNX,SNX,TD SYNNEX Corporation Common Stock,COMMON_STOCK,NYSE,True,
SNYR,SNYR,Synergy CHC Corp. - Common Stock,COMMON_STOCK,NASDAQ,False,D
SO,SO,Southern Company (The) Common Stock,COMMON_STOCK,NYSE,True,
SOAR,SOAR,"Volato Group, Inc. Class A Common Stock",COMMON_STOCK,NYSEAMERICAN,True,
SOBO,SOBO,South Bow Corporation Common Shares,COMMON_STOCK,NYSE,True,
SOBR,SOBR,"SOBR Safe, Inc. - Common Stock",COMMON_STOCK,NASDAQ,False,D
SOC,SOC,Sable Offshore Corp. Common Stock,COMMON_STOCK,NYSE,True,
SOCA,SOCA,Solarius Capital Acquisition Corp. - Class A Ordinary Share,COMMON_STOCK,NASDAQ,True,N
SOFI,SOFI,"SoFi Technologies, Inc.  - Common Stock",COMMON_STOCK,NASDAQ,True,N
SOLS,SOLS,Solstice Advanced Materials Inc. - Common Stock,COMMON_STOCK,NASDAQ,True,N
SOLV,SOLV,Solventum Corporation Common Stock,COMMON_STOCK,NYSE,True,
SON,SON,Sonoco Products Company Common Stock,COMMON_STOCK,NYSE,True,
SONM,SONM,"DNA X, Inc. - Common Stock",COMMON_STOCK,NASDAQ,False,D
SONO,SONO,"Sonos, Inc. - Common Stock",COMMON_STOCK,NASDAQ,True,N
SOPH,SOPH,SOPHiA GENETICS SA - Ordinary Shares,COMMON_STOCK,NASDAQ,True,N
SOR,SOR,"Source Capital, Inc. Cmn Shs of BI",COMMON_STOCK,NYSE,True,
SORA,SORA,AsiaStrategy - Ordinary Shares,COMMON_STOCK,NASDAQ,True,N
SORN,SORN,Soren Acquisition Corp. - Class A Ordinary Shares,COMMON_STOCK,NASDAQ,True,N
SOS,SOS,SOS Limited Class A Ordinary Shares,COMMON_STOCK,NYSE,True,
SOTK,SOTK,Sono-Tek Corporation - Common Stock,COMMON_STOCK,NASDAQ,True,N
SOUL,SOUL,Soulpower Acquisition Corporation Class A Ordinary Shares,COMMON_STOCK,NYSE,True,
SOUN,SOUN,"SoundHound AI, Inc. - Class A Common Stock",COMMON_STOCK,NASDAQ,True,N
SOWG,SOWG,Sow Good Inc. - Common Stock,COMMON_STOCK,NASDAQ,True,N
SPAI,SPAI,Safe Pro Group Inc. - Common Stock,COMMON_STOCK,NASDAQ,True,N
SPB,SPB,"Spectrum Brands Holdings, Inc. Common Stock",COMMON_STOCK,NYSE,True,
SPCB,SPCB,"SuperCom, Ltd. - Ordinary Shares",COMMON_STOCK,NASDAQ,True,N
SPCE,SPCE,"Virgin Galactic Holdings, Inc. Common Stock",COMMON_STOCK,NYSE,True,
SPCX,SPCX,Space Exploration Technologies Corp. - Class A Common Stock,COMMON_STOCK,NASDAQ,True,N
SPEG,SPEG,Silver Pegasus Acquisition Corp - Class A Ordinary Shares,COMMON_STOCK,NASDAQ,True,N
SPFI,SPFI,"South Plains Financial, Inc. - Common Stock",COMMON_STOCK,NASDAQ,True,N
SPG,SPG,"Simon Property Group, Inc. Common Stock",COMMON_STOCK,NYSE,True,
SPGI,SPGI,S&P Global Inc. Common Stock,COMMON_STOCK,NYSE,True,
SPH,SPH,"Suburban Propane Partners, L.P. Common Stock",COMMON_STOCK,NYSE,True,
SPHL,SPHL,Springview Holdings Ltd - Ordinary shares,COMMON_STOCK,NASDAQ,True,N
SPHR,SPHR,Sphere Entertainment Co. Class A Common Stock,COMMON_STOCK,NYSE,True,
SPIR,SPIR,"Spire Global, Inc. Class A Common Stock",COMMON_STOCK,NYSE,True,
SPKL,SPKL,Spark I Acquisition Corp. - Class A Ordinary Share,COMMON_STOCK,NASDAQ,False,D
SPMC,SPMC,"Sound Point Meridian Capital, Inc. Common Stock",COMMON_STOCK,NYSE,True,
SPNT,SPNT,SiriusPoint Ltd. Common Shares,COMMON_STOCK,NYSE,True,
SPOK,SPOK,"Spok Holdings, Inc. - Common Stock",COMMON_STOCK,NASDAQ,True,N
SPOT,SPOT,Spotify Technology S.A. Ordinary Shares,COMMON_STOCK,NYSE,True,
SPPL,SPPL,SIMPPLE LTD. - Ordinary Shares,COMMON_STOCK,NASDAQ,True,N
SPRB,SPRB,"Spruce Biosciences, Inc. - Common Stock",COMMON_STOCK,NASDAQ,True,N
SPRC,SPRC,SciSparc Ltd. - Ordinary Shares,COMMON_STOCK,NASDAQ,True,N
SPRO,SPRO,"Spero Therapeutics, Inc. - Common Stock",COMMON_STOCK,NASDAQ,True,N
SPRU,SPRU,Spruce Power Holding Corporation Class A Common Stock,COMMON_STOCK,NYSE,True,
SPRY,SPRY,"ARS Pharmaceuticals, Inc. - Common Stock",COMMON_STOCK,NASDAQ,True,N
SPSC,SPSC,"SPS Commerce, Inc. - Common Stock",COMMON_STOCK,NASDAQ,True,N
SPT,SPT,"Sprout Social, Inc - Class A Common Stock",COMMON_STOCK,NASDAQ,True,N
SPTX,SPTX,"Seaport Therapeutics, Inc. - Common Stock",COMMON_STOCK,NASDAQ,True,N
SPWH,SPWH,"Sportsman's Warehouse Holdings, Inc. - Common Stock",COMMON_STOCK,NASDAQ,True,N
SPWR,SPWR,SunPower Inc. - Common Stock,COMMON_STOCK,NASDAQ,True,N
SPXC,SPXC,"SPX Technologies, Inc. Common Stock",COMMON_STOCK,NYSE,True,
SQFT,SQFT,"Presidio Property Trust, Inc. - Class A Common Stock",COMMON_STOCK,NASDAQ,True,N
SQM,SQM,Sociedad Quimica y Minera S.A. Common Stock,COMMON_STOCK,NYSE,True,
SR,SR,Spire Inc. Common Stock,COMMON_STOCK,NYSE,True,
SRAD,SRAD,Sportradar Group AG - Class A Ordinary Shares,COMMON_STOCK,NASDAQ,True,N
SRBK,SRBK,"SR Bancorp, Inc. - Common stock",COMMON_STOCK,NASDAQ,True,N
SRCE,SRCE,1st Source Corporation - Common Stock,COMMON_STOCK,NASDAQ,True,N
SRE,SRE,DBA Sempra Common Stock,COMMON_STOCK,NYSE,True,
SRFM,SRFM,Surf Air Mobility Inc. Common Stock,COMMON_STOCK,NYSE,True,
SRG,SRG,Seritage Growth Properties Class A Common Stock,COMMON_STOCK,NYSE,True,
SRI,SRI,"Stoneridge, Inc. Common Stock",COMMON_STOCK,NYSE,True,
SRL,SRL,Scully Royalty Ltd.,COMMON_STOCK,NYSE,True,
SRPT,SRPT,"Sarepta Therapeutics, Inc. - Common Stock",COMMON_STOCK,NASDAQ,True,N
SRRK,SRRK,Scholar Rock Holding Corporation - Common Stock,COMMON_STOCK,NASDAQ,True,N
SRTA,SRTA,"Strata Critical Medical, Inc. - Class A Common Stock",COMMON_STOCK,NASDAQ,True,N
SRTS,SRTS,"Sensus Healthcare, Inc. - Common Stock",COMMON_STOCK,NASDAQ,True,N
SRXH,SRXH,SRX Global Inc. Common Stock,COMMON_STOCK,NYSEAMERICAN,True,
SRZN,SRZN,"Surrozen, Inc. - Common Stock",COMMON_STOCK,NASDAQ,True,N
SSAC,SSAC,SPACSphere Acquisition Corp. - Class A Ordinary Shares,COMMON_STOCK,NASDAQ,True,N
SSB,SSB,SouthState Bank Corporation Common Stock,COMMON_STOCK,NYSE,True,
SSBI,SSBI,Summit State Bank - Common Stock,COMMON_STOCK,NASDAQ,True,N
SSD,SSD,"Simpson Manufacturing Company, Inc. Common Stock",COMMON_STOCK,NYSE,True,
SSEA,SSEA,Starry Sea Acquisition Corp - Ordinary Shares,COMMON_STOCK,NASDAQ,True,N
SSII,SSII,SS Innovations International Inc. - Common Stock,COMMON_STOCK,NASDAQ,True,N
SSM,SSM,Sono Group N.V. - Ordinary Shares,COMMON_STOCK,NASDAQ,True,N
SSMR,SSMR,Sunshine Silver Mining & Refining Company Common Stock,COMMON_STOCK,NYSE,True,
SSNC,SSNC,"SS&C Technologies Holdings, Inc. - Common Stock",COMMON_STOCK,NASDAQ,True,N
SSP,SSP,E.W. Scripps Company (The) - Class A Common Stock,COMMON_STOCK,NASDAQ,True,N
SSRM,SSRM,SSR Mining Inc. - Common Stock,COMMON_STOCK,NASDAQ,True,N
SST,SST,"System1, Inc. Class A Common Stock",COMMON_STOCK,NYSE,True,
SSTI,SSTI,"SoundThinking, Inc. - Common Stock",COMMON_STOCK,NASDAQ,True,N
SSTK,SSTK,"Shutterstock, Inc. Common Stock",COMMON_STOCK,NYSE,True,
SSYS,SSYS,"Stratasys, Ltd. - Common Stock",COMMON_STOCK,NASDAQ,True,N
ST,ST,Sensata Technologies Holding plc Ordinary Shares,COMMON_STOCK,NYSE,True,
STAA,STAA,STAAR Surgical Company - Common Stock,COMMON_STOCK,NASDAQ,True,N
STAG,STAG,"Stag Industrial, Inc. Common Stock",COMMON_STOCK,NYSE,True,
STAK,STAK,STAK Inc. - Class A Ordinary Shares,COMMON_STOCK,NASDAQ,True,N
STBA,STBA,"S&T Bancorp, Inc. - Common Stock",COMMON_STOCK,NASDAQ,True,N
STC,STC,Stewart Information Services Corporation Common Stock,COMMON_STOCK,NYSE,True,
STE,STE,STERIS plc (Ireland) Ordinary Shares,COMMON_STOCK,NYSE,True,
STEM,STEM,"Stem, Inc. Class A Common Stock",COMMON_STOCK,NYSE,True,
STEP,STEP,StepStone Group Inc. - Class A Common Stock,COMMON_STOCK,NASDAQ,True,N
STEX,STEX,Streamex Corp. - Common Stock,COMMON_STOCK,NASDAQ,True,N
STFS,STFS,Star Fashion Culture Holdings Limited - Class A Ordinary Shares,COMMON_STOCK,NASDAQ,True,N
STGW,STGW,Stagwell Inc. - Class A Common Stock,COMMON_STOCK,NASDAQ,True,N
STI,STI,"Solidion Technology, Inc. - Common Stock",COMMON_STOCK,NASDAQ,True,N
STIM,STIM,"Neuronetics, Inc. - Common Stock",COMMON_STOCK,NASDAQ,True,N
STKE,STKE,Sol Strategies Inc. - Common Shares,COMMON_STOCK,NASDAQ,True,N
STKS,STKS,"The ONE Group Hospitality, Inc. - Common Stock",COMMON_STOCK,NASDAQ,True,N
STLA,STLA,Stellantis N.V. Common Shares,COMMON_STOCK,NYSE,True,
STLD,STLD,"Steel Dynamics, Inc. - Common Stock",COMMON_STOCK,NASDAQ,True,N
STM,STM,STMicroelectronics N.V. Common Stock,COMMON_STOCK,NYSE,True,
STN,STN,Stantec Inc Common Stock,COMMON_STOCK,NYSE,True,
STNE,STNE,StoneCo Ltd. - Class A Common Share,COMMON_STOCK,NASDAQ,True,N
STNG,STNG,Scorpio Tankers Inc. Common Shares,COMMON_STOCK,NYSE,True,
STOK,STOK,"Stoke Therapeutics, Inc. - Common Stock",COMMON_STOCK,NASDAQ,True,N
STRA,STRA,"Strategic Education, Inc. - Common Stock",COMMON_STOCK,NASDAQ,True,N
STRL,STRL,"Sterling Infrastructure, Inc. - Common Stock",COMMON_STOCK,NASDAQ,True,N
STRO,STRO,"Sutro Biopharma, Inc. - Common Stock",COMMON_STOCK,NASDAQ,True,N
STRR,STRR,"Star Equity Holdings, Inc. - Common Stock",COMMON_STOCK,NASDAQ,True,N
STRS,STRS,Stratus Properties Inc. - Common Stock,COMMON_STOCK,NASDAQ,True,N
STRT,STRT,STRATTEC SECURITY CORPORATION - Common Stock,COMMON_STOCK,NASDAQ,True,N
STRW,STRW,"Strawberry Fields REIT, Inc. Common Stock",COMMON_STOCK,NYSEAMERICAN,True,
STRZ,STRZ,Starz Entertainment Corp. - Common Shares,COMMON_STOCK,NASDAQ,True,N
STT,STT,State Street Corporation Common Stock,COMMON_STOCK,NYSE,True,
STTK,STTK,"Shattuck Labs, Inc. - Common Stock",COMMON_STOCK,NASDAQ,True,N
STUB,STUB,"StubHub Holdings, Inc. Class A Common Stock",COMMON_STOCK,NYSE,True,
STVN,STVN,Stevanato Group S.p.A. Ordinary Shares,COMMON_STOCK,NYSE,True,
STWD,STWD,"STARWOOD PROPERTY TRUST, INC. Starwood Property Trust Inc.",COMMON_STOCK,NYSE,True,
STX,STX,Seagate Technology Holdings PLC - Ordinary Shares (Ireland),COMMON_STOCK,NASDAQ,True,N
STXS,STXS,"Stereotaxis, Inc. Common Stock",COMMON_STOCK,NYSEAMERICAN,True,
STZ,STZ,"Constellation Brands, Inc. Common Stock",COMMON_STOCK,NYSE,True,
SU,SU,Suncor Energy  Inc. Common Stock,COMMON_STOCK,NYSE,True,
SUGP,SUGP,SU Group Holdings Limited - Class A Ordinary Shares,COMMON_STOCK,NASDAQ,True,N
SUIG,SUIG,Sui Group Holdings Limited - Common Stock,COMMON_STOCK,NASDAQ,True,N
SUJA,SUJA,"Suja Life, Inc. - Class A Common Stock",COMMON_STOCK,NASDAQ,True,N
SUMA,SUMA,SUMA Acquisition Corporation - Class A Ordinary Shares,COMMON_STOCK,NASDAQ,True,N
SUNB,SUNB,"Sunbelt Rentals Holdings, Inc. Common Stock",COMMON_STOCK,NYSE,True,
SUNE,SUNE,"SUNation Energy, Inc. - Common Stock",COMMON_STOCK,NASDAQ,True,N
SUNS,SUNS,"Sunrise Realty Trust, Inc. - Common Stock",COMMON_STOCK,NASDAQ,True,N
SUPN,SUPN,"Supernus Pharmaceuticals, Inc. - Common Stock",COMMON_STOCK,NASDAQ,True,N
SUPX,SUPX,SuperX AI Technology Limited - Ordinary Shares,COMMON_STOCK,NASDAQ,True,N
SURG,SURG,"SurgePays, Inc. - Common Stock",COMMON_STOCK,NASDAQ,False,D
SVA,SVA,"Sinovac Biotech, Ltd. - Ordinary Shares (Antigua/Barbudo)",COMMON_STOCK,NASDAQ,True,N
SVAC,SVAC,Spring Valley Acquisition Corp. III - Class A Ordinary Shares,COMMON_STOCK,NASDAQ,True,N
SVAQ,SVAQ,Silicon Valley Acquisition Corp. - Class A Ordinary Shares,COMMON_STOCK,NASDAQ,True,N
SVCC,SVCC,Stellar V Capital Corp. - Class A Ordinary Shares,COMMON_STOCK,NASDAQ,True,N
SVCO,SVCO,"Silvaco Group, Inc. - Common Stock",COMMON_STOCK,NASDAQ,True,N
SVIV,SVIV,Spring Valley Acquisition Corp. IV - Class A Ordinary Shares,COMMON_STOCK,NASDAQ,True,N
SVM,SVM,Silvercorp Metals Inc. Common Shares,COMMON_STOCK,NYSEAMERICAN,True,
SVRA,SVRA,"Savara, Inc. - Common Stock",COMMON_STOCK,NASDAQ,True,N
SVRN,SVRN,OceanPal Inc. - Common Stock,COMMON_STOCK,NASDAQ,False,E
SVV,SVV,"Savers Value Village, Inc. Common Stock",COMMON_STOCK,NYSE,True,
SW,SW,Smurfit WestRock plc Ordinary Shares,COMMON_STOCK,NYSE,True,
SWAG,SWAG,"Stran & Company, Inc. - Common Stock",COMMON_STOCK,NASDAQ,True,N
SWBI,SWBI,"Smith & Wesson Brands, Inc. - Common Stock",COMMON_STOCK,NASDAQ,True,N
SWIM,SWIM,"Latham Group, Inc. - Common Stock",COMMON_STOCK,NASDAQ,True,N
SWK,SWK,"Stanley Black & Decker, Inc. Common Stock",COMMON_STOCK,NYSE,True,
SWKS,SWKS,"Skyworks Solutions, Inc. - Common Stock",COMMON_STOCK,NASDAQ,True,N
SWMR,SWMR,"Swarmer, Inc - common stock",COMMON_STOCK,NASDAQ,True,N
SWVL,SWVL,Swvl Holdings Corp - Ordinary Shares,COMMON_STOCK,NASDAQ,True,N
SWX,SWX,"Southwest Gas Holdings, Inc. Common Stock (DE)",COMMON_STOCK,NYSE,True,
SXC,SXC,"SunCoke Energy, Inc. Common Stock",COMMON_STOCK,NYSE,True,
SXI,SXI,Standex International Corporation Common Stock,COMMON_STOCK,NYSE,True,
SXT,SXT,Sensient Technologies Corporation Common Stock,COMMON_STOCK,NYSE,True,
SXTC,SXTC,"China SXT Pharmaceuticals, Inc. - Class A Ordinary Shares",COMMON_STOCK,NASDAQ,True,N
SXTP,SXTP,"60 Degrees Pharmaceuticals, Inc. - Common Stock",COMMON_STOCK,NASDAQ,True,N
SY,SY,So-Young International Inc. - American Depository Shares,COMMON_STOCK,NASDAQ,True,N
SYBT,SYBT,"Stock Yards Bancorp, Inc. - Common Stock",COMMON_STOCK,NASDAQ,True,N
SYF,SYF,Synchrony Financial Common Stock,COMMON_STOCK,NYSE,True,
SYK,SYK,Stryker Corporation Common Stock,COMMON_STOCK,NYSE,True,
SYM,SYM,Symbotic Inc. - Class A Common Stock,COMMON_STOCK,NASDAQ,True,N
SYNA,SYNA,Synaptics Incorporated - Common Stock,COMMON_STOCK,NASDAQ,True,N
SYNX,SYNX,Silynxcom Ltd. Ordinary Shares,COMMON_STOCK,NYSEAMERICAN,True,
SYPR,SYPR,"Sypris Solutions, Inc. - Common Stock",COMMON_STOCK,NASDAQ,True,N
SYRE,SYRE,"Spyre Therapeutics, Inc. - Common Stock",COMMON_STOCK,NASDAQ,True,N
SYY,SYY,Sysco Corporation Common Stock,COMMON_STOCK,NYSE,True,
SZZL,SZZL,Sizzle Acquisition Corp. II - Class A ordinary shares,COMMON_STOCK,NASDAQ,True,N
T,T,AT&T Inc.,COMMON_STOCK,NYSE,True,
TAC,TAC,TransAlta Corporation Ordinary Shares,COMMON_STOCK,NYSE,True,
TACH,TACH,Titan Acquisition Corp. - Class A Ordinary Shares,COMMON_STOCK,NASDAQ,True,N
TACO,TACO,Berto Acquisition Corp. - Ordinary Shares,COMMON_STOCK,NASDAQ,True,N
TACT,TACT,TransAct Technologies Incorporated - Common Stock,COMMON_STOCK,NASDAQ,True,N
TALK,TALK,"Talkspace, Inc. - Common Stock",COMMON_STOCK,NASDAQ,True,N
TALO,TALO,"Talos Energy, Inc. Common Stock",COMMON_STOCK,NYSE,True,
TANH,TANH,Tantech Holdings Ltd. - Class A Common Shares,COMMON_STOCK,NASDAQ,False,D
TAOP,TAOP,Taoping Inc. - Ordinary Shares,COMMON_STOCK,NASDAQ,True,N
TAOX,TAOX,Tao Synergies Inc. - Common Stock,COMMON_STOCK,NASDAQ,True,N
TAP,TAP,Molson Coors Beverage Company Class B Common Stock,COMMON_STOCK,NYSE,True,
TAP.A,TAP-A,Molson Coors Beverage Company Class A Common Stock,COMMON_STOCK,NYSE,True,
TARA,TARA,"Protara Therapeutics, Inc.  - Common Stock",COMMON_STOCK,NASDAQ,True,N
TARS,TARS,"Tarsus Pharmaceuticals, Inc. - Common Stock",COMMON_STOCK,NASDAQ,True,N
TASK,TASK,"TaskUs, Inc. - Class A Common Stock",COMMON_STOCK,NASDAQ,True,N
TATT,TATT,TAT Technologies Ltd. - Ordinary Shares,COMMON_STOCK,NASDAQ,True,N
TAVI,TAVI,Tavia Acquisition Corp. - Ordinary Shares,COMMON_STOCK,NASDAQ,True,N
TAYD,TAYD,"Taylor Devices, Inc. - Common Stock",COMMON_STOCK,NASDAQ,True,N
TBBB,TBBB,BBB Foods Inc. Class A Common Shares,COMMON_STOCK,NYSE,True,
TBBK,TBBK,"The Bancorp, Inc. - Common Stock",COMMON_STOCK,NASDAQ,True,N
TBCH,TBCH,Turtle Beach Corporation - Common Stock,COMMON_STOCK,NASDAQ,True,N
TBI,TBI,"TrueBlue, Inc. Common Stock",COMMON_STOCK,NYSE,True,
TBLA,TBLA,Taboola.com Ltd. - Ordinary Shares,COMMON_STOCK,NASDAQ,True,N
TBN,TBN,Tamboran Resources Corporation Common stock,COMMON_STOCK,NYSE,True,
TBPH,TBPH,"Theravance Biopharma, Inc. - Ordinary Shares",COMMON_STOCK,NASDAQ,True,N
TCBI,TCBI,"Texas Capital Bancshares, Inc. - Common Stock",COMMON_STOCK,NASDAQ,True,N
TCBK,TCBK,TriCo Bancshares - Common Stock,COMMON_STOCK,NASDAQ,True,N
TCBX,TCBX,"Third Coast Bancshares, Inc. Common Stock",COMMON_STOCK,NYSE,True,
TCI,TCI,"Transcontinental Realty Investors, Inc. Common Stock",COMMON_STOCK,NYSE,True,
TCMD,TCMD,"Tactile Systems Technology, Inc. - Common Stock",COMMON_STOCK,NASDAQ,True,N
TCRT,TCRT,"Alaunos Therapeutics, Inc. - Common Stock",COMMON_STOCK,NASDAQ,False,D
TCRX,TCRX,"TScan Therapeutics, Inc. - Common Stock",COMMON_STOCK,NASDAQ,True,N
TCX,TCX,Tucows Inc. - Common Stock,COMMON_STOCK,NASDAQ,True,N
TD,TD,Toronto Dominion Bank (The) Common Stock,COMMON_STOCK,NYSE,True,
TDAC,TDAC,Translational Development Acquisition Corp. - Ordinary Shares,COMMON_STOCK,NASDAQ,True,N
TDAY,TDAY,"USA TODAY Co., Inc. Common Stock",COMMON_STOCK,NYSE,True,
TDC,TDC,Teradata Corporation Common Stock,COMMON_STOCK,NYSE,True,
TDG,TDG,Transdigm Group Incorporated Common Stock,COMMON_STOCK,NYSE,True,
TDIC,TDIC,Dreamland Limited - Class A Ordinary Shares,COMMON_STOCK,NASDAQ,True,N
TDOC,TDOC,"Teladoc Health, Inc. Common Stock",COMMON_STOCK,NYSE,True,
TDS,TDS,"Telephone and Data Systems, Inc. Common Shares",COMMON_STOCK,NYSE,True,
TDTH,TDTH,Trident Digital Tech Holdings Ltd - American Depository Shares,COMMON_STOCK,NASDAQ,False,D
TDUP,TDUP,ThredUp Inc. - Class A Common Stock,COMMON_STOCK,NASDAQ,True,N
TDW,TDW,Tidewater Inc. Common Stock,COMMON_STOCK,NYSE,True,
TDWD,TDWD,Tailwind 2.0 Acquisition Corp. - Class A Ordinary Shares,COMMON_STOCK,NASDAQ,True,N
TDY,TDY,Teledyne Technologies Incorporated Common Stock,COMMON_STOCK,NYSE,True,
TE,TE,T1 Energy Inc. Common Stock,COMMON_STOCK,NYSE,True,
TEAD,TEAD,Teads Holding Co. - Common Stock,COMMON_STOCK,NASDAQ,True,N
TEAM,TEAM,Atlassian Corporation  - Class A Common Stock,COMMON_STOCK,NASDAQ,True,N
TECH,TECH,Bio-Techne Corp - Common Stock,COMMON_STOCK,NASDAQ,True,N
TECK,TECK,Teck Resources Ltd Ordinary Shares,COMMON_STOCK,NYSE,True,
TECX,TECX,"Tectonic Therapeutic, Inc. - Common Stock",COMMON_STOCK,NASDAQ,True,N
TEL,TEL,TE Connectivity plc Ordinary Shares,COMMON_STOCK,NYSE,True,
TELA,TELA,"TELA Bio, Inc. - Common stock",COMMON_STOCK,NASDAQ,False,D
TELO,TELO,"Telomir Pharmaceuticals, Inc. - Common Stock",COMMON_STOCK,NASDAQ,True,N
TEM,TEM,"Tempus AI, Inc. - Class A Common Stock",COMMON_STOCK,NASDAQ,True,N
TEN,TEN,Tsakos Energy Navigation Ltd Common Shares,COMMON_STOCK,NYSE,True,
TENB,TENB,"Tenable Holdings, Inc. - Common Stock",COMMON_STOCK,NASDAQ,True,N
TENX,TENX,"Tenax Therapeutics, Inc. - Common Stock",COMMON_STOCK,NASDAQ,True,N
TEO,TEO,Telecom Argentina SA,COMMON_STOCK,NYSE,True,
TER,TER,"Teradyne, Inc. - Common Stock",COMMON_STOCK,NASDAQ,True,N
TEX,TEX,Terex Corporation Common Stock,COMMON_STOCK,NYSE,True,
TFC,TFC,Truist Financial Corporation Common Stock,COMMON_STOCK,NYSE,True,
TFII,TFII,TFI International Inc. Common Shares,COMMON_STOCK,NYSE,True,
TFIN,TFIN,"Triumph Financial, Inc. Common Stock",COMMON_STOCK,NYSE,True,
TFPM,TFPM,Triple Flag Precious Metals Corp. Common Shares,COMMON_STOCK,NYSE,True,
TFSL,TFSL,TFS Financial Corporation - Common Stock,COMMON_STOCK,NASDAQ,True,N
TFX,TFX,Teleflex Incorporated Common Stock,COMMON_STOCK,NYSE,True,
TG,TG,Tredegar Corporation Common Stock,COMMON_STOCK,NYSE,True,
TGB,TGB,Trekor Metals Limited Common Shares,COMMON_STOCK,NYSEAMERICAN,True,
TGE,TGE,The Generation Essentials Group Class A Ordinary Shares,COMMON_STOCK,NYSE,True,
TGEN,TGEN,Tecogen Inc. Common Stock,COMMON_STOCK,NYSEAMERICAN,True,
TGHL,TGHL,The GrowHub Limited - Class A Ordinary Shares,COMMON_STOCK,NASDAQ,False,D
TGL,TGL,Treasure Global Inc. - Common Stock,COMMON_STOCK,NASDAQ,True,N
TGLS,TGLS,Tecnoglass Inc. Common Stock,COMMON_STOCK,NYSE,True,
TGS,TGS,Transportadora de Gas del Sur SA TGS Common Stock,COMMON_STOCK,NYSE,True,
TGT,TGT,Target Corporation Common Stock,COMMON_STOCK,NYSE,True,
TGTX,TGTX,"TG Therapeutics, Inc. - Common Stock",COMMON_STOCK,NASDAQ,True,N
TH,TH,Target Hospitality Corp. - Common Stock,COMMON_STOCK,NASDAQ,True,N
THC,THC,Tenet Healthcare Corporation Common Stock,COMMON_STOCK,NYSE,True,
THCH,THCH,TH International Limited - Ordinary shares,COMMON_STOCK,NASDAQ,True,N
THFF,THFF,First Financial Corporation  - Common Stock,COMMON_STOCK,NASDAQ,True,N
THG,THG,Hanover Insurance Group Inc,COMMON_STOCK,NYSE,True,
THH,THH,TryHard Holdings Limited - Ordinary Shares,COMMON_STOCK,NASDAQ,False,D
THM,THM,"International Tower Hill Mines, Ltd. Ordinary Shares (Canada)",COMMON_STOCK,NYSEAMERICAN,True,
THO,THO,"Thor Industries, Inc. Common Stock",COMMON_STOCK,NYSE,True,
THRM,THRM,Gentherm Inc - Common Stock,COMMON_STOCK,NASDAQ,True,N
THRY,THRY,"Thryv Holdings, Inc. - Common Stock",COMMON_STOCK,NASDAQ,True,N
TIC,TIC,"TIC Solutions, Inc. Common Stock",COMMON_STOCK,NYSE,True,
TIGO,TIGO,Millicom International Cellular S.A. - Common Stock,COMMON_STOCK,NASDAQ,True,N
TII,TII,Titan Mining Corporation Common Shares,COMMON_STOCK,NYSEAMERICAN,True,
TIL,TIL,"Instil Bio, Inc. - Common Stock",COMMON_STOCK,NASDAQ,True,N
TILE,TILE,"Interface, Inc. - Common Stock",COMMON_STOCK,NASDAQ,True,N
TIPT,TIPT,Tiptree Inc. - Common Stock,COMMON_STOCK,NASDAQ,True,N
TISI,TISI,"Team, Inc. Common Stock",COMMON_STOCK,NYSE,True,
TITN,TITN,Titan Machinery Inc. - Common Stock,COMMON_STOCK,NASDAQ,True,N
TJGC,TJGC,TJGC Group Limited - ordinary shares,COMMON_STOCK,NASDAQ,True,N
TJX,TJX,"TJX Companies, Inc. (The) Common Stock",COMMON_STOCK,NYSE,True,
TK,TK,Teekay Corporation Ltd. Common Stock,COMMON_STOCK,NYSE,True,
TKC,TKC,Turkcell Iletisim Hizmetleri AS Common Stock,COMMON_STOCK,NYSE,True,
TKNO,TKNO,"Alpha Teknova, Inc. - Common Stock",COMMON_STOCK,NASDAQ,True,N
TKO,TKO,"TKO Group Holdings, Inc. Class A Common Stock",COMMON_STOCK,NYSE,True,
TKR,TKR,Timken Company (The) Common Stock,COMMON_STOCK,NYSE,True,
TLF,TLF,"Tandy Leather Factory, Inc. - common stock",COMMON_STOCK,NASDAQ,True,N
TLIH,TLIH,Ten-League International Holdings Limited - Ordinary Shares,COMMON_STOCK,NASDAQ,True,N
TLK,TLK,"PT Telekomunikasi Indonesia, Tbk",COMMON_STOCK,NYSE,True,
TLN,TLN,Talen Energy Corporation - Common Stock,COMMON_STOCK,NASDAQ,True,N
TLNC,TLNC,Talon Capital Corp. - Class A Ordinary Shares,COMMON_STOCK,NASDAQ,True,N
TLPH,TLPH,"Talphera, Inc. - Common Stock",COMMON_STOCK,NASDAQ,True,N
TLRY,TLRY,"Tilray Brands, Inc. - Common Stock",COMMON_STOCK,NASDAQ,True,N
TLS,TLS,Telos Corporation - Common Stock,COMMON_STOCK,NASDAQ,True,N
TLSA,TLSA,Tiziana Life Sciences Ltd - Common Shares,COMMON_STOCK,NASDAQ,True,N
TLSI,TLSI,"TriSalus Life Sciences, Inc. - Common Stock",COMMON_STOCK,NASDAQ,True,N
TLYS,TLYS,"Tilly's, Inc. Common Stock",COMMON_STOCK,NYSE,True,
TM,TM,Toyota Motor Corporation Common Stock,COMMON_STOCK,NYSE,True,
TMC,TMC,TMC the metals company Inc. - Common Stock,COMMON_STOCK,NASDAQ,True,N
TMCI,TMCI,"Treace Medical Concepts, Inc. - Common Stock",COMMON_STOCK,NASDAQ,True,N
TMCR,TMCR,The Metals Royalty Company Inc. - Common Stock,COMMON_STOCK,NASDAQ,True,N
TMDE,TMDE,TMD Energy Limited Ordinary Shares,COMMON_STOCK,NYSEAMERICAN,True,
TMDX,TMDX,"TransMedics Group, Inc. - Common Stock",COMMON_STOCK,NASDAQ,True,N
TMHC,TMHC,Taylor Morrison Home Corporation Common Stock,COMMON_STOCK,NYSE,True,
TMO,TMO,Thermo Fisher Scientific Inc Common Stock,COMMON_STOCK,NYSE,True,
TMP,TMP,Tompkins Financial Corporation Common Stock,COMMON_STOCK,NYSEAMERICAN,True,
TMQ,TMQ,Trilogy Metals Inc. Common Stock,COMMON_STOCK,NYSEAMERICAN,True,
TMS,TMS,Teamshares Inc. - Common Stock,COMMON_STOCK,NASDAQ,True,N
TMTS,TMTS,Spartacus Acquisition Corp. II - Class A Ordinary Shares,COMMON_STOCK,NASDAQ,True,N
TMUS,TMUS,"T-Mobile US, Inc. - Common Stock",COMMON_STOCK,NASDAQ,True,N
TNC,TNC,Tennant Company Common Stock,COMMON_STOCK,NYSE,True,
TNDM,TNDM,"Tandem Diabetes Care, Inc. - Common Stock",COMMON_STOCK,NASDAQ,True,N
TNET,TNET,"TriNet Group, Inc. Common Stock",COMMON_STOCK,NYSE,True,
TNGX,TNGX,"Tango Therapeutics, Inc. - Common Stock",COMMON_STOCK,NASDAQ,True,N
TNK,TNK,Teekay Tankers Ltd.,COMMON_STOCK,NYSE,True,
TNL,TNL,Travel   Leisure Co. Common  Stock,COMMON_STOCK,NYSE,True,
TNMG,TNMG,TNL Mediagene - Ordinary Shares,COMMON_STOCK,NASDAQ,False,D
TNON,TNON,"Tenon Medical, Inc. - Common Stock",COMMON_STOCK,NASDAQ,False,D
TNXP,TNXP,Tonix Pharmaceuticals Holding Corp. - Common Stock,COMMON_STOCK,NASDAQ,True,N
TNYA,TNYA,"Tenaya Therapeutics, Inc. - Common Stock",COMMON_STOCK,NASDAQ,False,D
TOI,TOI,"The Oncology Institute, Inc. - Common Stock",COMMON_STOCK,NASDAQ,True,N
TOL,TOL,"Toll Brothers, Inc. Common Stock",COMMON_STOCK,NYSE,True,
TOMZ,TOMZ,"TOMI Environmental Solutions, Inc. - Common Stock",COMMON_STOCK,NASDAQ,False,D
TONX,TONX,TON Strategy Company - Common Stock,COMMON_STOCK,NASDAQ,True,N
TOON,TOON,"Kartoon Studios, Inc. Common Stock",COMMON_STOCK,NYSEAMERICAN,True,
TOP,TOP,TOP Financial Group Limited - Class A Ordinary Shares,COMMON_STOCK,NASDAQ,True,N
TOPP,TOPP,Toppoint Holdings Inc. Common Stock,COMMON_STOCK,NYSEAMERICAN,True,
TOPS,TOPS,"TOP Ships, Inc. Common Stock",COMMON_STOCK,NYSEAMERICAN,True,
TORO,TORO,Toro Corp. - Common stock,COMMON_STOCK,NASDAQ,True,N
TOST,TOST,"Toast, Inc. Class A Common Stock",COMMON_STOCK,NYSE,True,
TOVX,TOVX,"Theriva Biologics, Inc. Common Stock",COMMON_STOCK,NYSEAMERICAN,True,
TOWN,TOWN,Towne Bank - Common Stock,COMMON_STOCK,NASDAQ,True,N
TOYO,TOYO,"TOYO Co., Ltd - Ordinary Shares",COMMON_STOCK,NASDAQ,True,N
TPB,TPB,"Turning Point Brands, Inc. Common Stock",COMMON_STOCK,NYSE,True,
TPC,TPC,Tutor Perini Corporation Common Stock,COMMON_STOCK,NYSE,True,
TPCS,TPCS,TechPrecision Corporation - Common stock,COMMON_STOCK,NASDAQ,True,N
TPET,TPET,Trio Petroleum Corp. Common Stock,COMMON_STOCK,NYSEAMERICAN,True,
TPG,TPG,TPG Inc. - Class A Common Stock,COMMON_STOCK,NASDAQ,True,N
TPL,TPL,Texas Pacific Land Corporation Common Stock,COMMON_STOCK,NYSE,True,
TPR,TPR,"Tapestry, Inc. Common Stock",COMMON_STOCK,NYSE,True,
TPST,TPST,"Tempest Therapeutics, Inc. - Common Stock",COMMON_STOCK,NASDAQ,False,D
TPVG,TPVG,TriplePoint Venture Growth BDC Corp. Common Stock,COMMON_STOCK,NYSE,True,
TR,TR,"Tootsie Roll Industries, Inc. Common Stock",COMMON_STOCK,NYSE,True,
TRAD,TRAD,APEX Tech Acquisition Inc. Ordinary Shares,COMMON_STOCK,NYSE,True,
TRAK,TRAK,"ReposiTrak, Inc. Common Stock",COMMON_STOCK,NYSE,True,
TRAW,TRAW,"Traws Pharma, Inc. - Common Stock",COMMON_STOCK,NASDAQ,True,N
TRAX,TRAX,"First Tracks Biotherapeutics, Inc. - Ordinary Shares",COMMON_STOCK,NASDAQ,True,N
TRC,TRC,Tejon Ranch Co Common Stock,COMMON_STOCK,NYSE,True,
TRDA,TRDA,"Entrada Therapeutics, Inc. - Common Stock",COMMON_STOCK,NASDAQ,True,N
TREE,TREE,"LendingTree, Inc. - Common Stock",COMMON_STOCK,NASDAQ,True,N
TREX,TREX,"Trex Company, Inc. Common Stock",COMMON_STOCK,NYSE,True,
TRGP,TRGP,"Targa Resources, Inc. Common Stock",COMMON_STOCK,NYSE,True,
TRGS,TRGS,TRG Latin America Acquisitions Corp. - Class A Ordinary Shares,COMMON_STOCK,NASDAQ,True,N
TRI,TRI,Thomson Reuters Corp - Common Shares,COMMON_STOCK,NASDAQ,True,N
TRIN,TRIN,Trinity Capital Inc. - Common Stock,COMMON_STOCK,NASDAQ,True,N
TRIP,TRIP,"TripAdvisor, Inc. - Common Stock",COMMON_STOCK,NASDAQ,True,N
TRLV,TRLV,Trulieve Cannabis Corp. Subordinate Voting Shares,COMMON_STOCK,NYSE,True,
TRMB,TRMB,Trimble Inc. - Common Stock,COMMON_STOCK,NASDAQ,True,N
TRMD,TRMD,TORM plc - Class A Common Stock,COMMON_STOCK,NASDAQ,True,N
TRMK,TRMK,Trustmark Corporation - Common Stock,COMMON_STOCK,NASDAQ,True,N
TRN,TRN,"Trinity Industries, Inc. Common Stock",COMMON_STOCK,NYSE,True,
TRNO,TRNO,Terreno Realty Corporation Common Stock,COMMON_STOCK,NYSE,True,
TRNR,TRNR,Interactive Strength Inc. - Common Stock,COMMON_STOCK,NASDAQ,True,N
TRNS,TRNS,"Transcat, Inc. - Common Stock",COMMON_STOCK,NASDAQ,True,N
TRON,TRON,Tron Inc. - Common Stock,COMMON_STOCK,NASDAQ,True,N
TROO,TROO,"TROOPS, Inc.  - Ordinary Shares",COMMON_STOCK,NASDAQ,True,N
TROW,TROW,"T. Rowe Price Group, Inc. - Common Stock",COMMON_STOCK,NASDAQ,True,N
TROX,TROX,Tronox Holdings plc Ordinary Shares (UK),COMMON_STOCK,NYSE,True,
TRP,TRP,TC Energy Corporation Common Stock,COMMON_STOCK,NYSE,True,
TRS,TRS,TriMas Corporation - Common Stock,COMMON_STOCK,NASDAQ,True,N
TRSG,TRSG,Tungray Technologies Inc - Class A Ordinary Shares,COMMON_STOCK,NASDAQ,True,N
TRST,TRST,TrustCo Bank Corp NY - Common Stock,COMMON_STOCK,NASDAQ,True,N
TRT,TRT,Trio-Tech International Common Stock,COMMON_STOCK,NYSEAMERICAN,True,
TRTX,TRTX,"TPG RE Finance Trust, Inc. Common Stock",COMMON_STOCK,NYSE,True,
TRU,TRU,TransUnion Common Stock,COMMON_STOCK,NYSE,True,
TRUG,TRUG,"TruGolf Holdings, Inc. - Class A Common Stock",COMMON_STOCK,NASDAQ,True,N
TRUP,TRUP,"Trupanion, Inc. - Common Stock",COMMON_STOCK,NASDAQ,True,N
TRV,TRV,"The Travelers Companies, Inc. Common Stock",COMMON_STOCK,NYSE,True,
TRVI,TRVI,"Trevi Therapeutics, Inc. - Common Stock",COMMON_STOCK,NASDAQ,True,N
TRX,TRX,TRX Gold Corporation Common Stock,COMMON_STOCK,NYSEAMERICAN,True,
TSAT,TSAT,Telesat Corporation - Class A Common Shares and Class B Variable Voting Shares,COMMON_STOCK,NASDAQ,True,N
TSBK,TSBK,"Timberland Bancorp, Inc. - Common Stock",COMMON_STOCK,NASDAQ,True,N
TSCO,TSCO,Tractor Supply Company - Common Stock,COMMON_STOCK,NASDAQ,True,N
TSEM,TSEM,Tower Semiconductor Ltd. - Ordinary Shares,COMMON_STOCK,NASDAQ,True,N
TSHA,TSHA,"Taysha Gene Therapies, Inc. - Common Stock",COMMON_STOCK,NASDAQ,True,N
TSLA,TSLA,"Tesla, Inc.  - Common Stock",COMMON_STOCK,NASDAQ,True,N
TSLX,TSLX,"Sixth Street Specialty Lending, Inc. Common Stock",COMMON_STOCK,NYSE,True,
TSM,TSM,Taiwan Semiconductor Manufacturing Company Ltd.,COMMON_STOCK,NYSE,True,
TSN,TSN,"Tyson Foods, Inc. Common Stock",COMMON_STOCK,NYSE,True,
TSQ,TSQ,"Townsquare Media, Inc. Class A Common Stock",COMMON_STOCK,NYSE,True,
TSSI,TSSI,"TSS, Inc. - Common Stock",COMMON_STOCK,NASDAQ,True,N
TT,TT,Trane Technologies plc,COMMON_STOCK,NYSE,True,
TTAM,TTAM,Titan America SA Common Shares,COMMON_STOCK,NYSE,True,
TTAN,TTAN,"ServiceTitan, Inc. - Class A Common Stock",COMMON_STOCK,NASDAQ,True,N
TTC,TTC,Toro Company (The) Common Stock,COMMON_STOCK,NYSE,True,
TTD,TTD,"The Trade Desk, Inc. - Class A Common Stock",COMMON_STOCK,NASDAQ,False,D
TTE,TTE,TotalEnergies SE Ordinary Shares,COMMON_STOCK,NYSE,True,
TTEC,TTEC,"TTEC Holdings, Inc. - Common Stock",COMMON_STOCK,NASDAQ,True,N
TTEK,TTEK,"Tetra Tech, Inc. - Common Stock",COMMON_STOCK,NASDAQ,True,N
TTGT,TTGT,"TechTarget, Inc. - Common Stock",COMMON_STOCK,NASDAQ,True,N
TTI,TTI,"Tetra Technologies, Inc. Common Stock",COMMON_STOCK,NYSE,True,
TTMI,TTMI,"TTM Technologies, Inc. - Common Stock",COMMON_STOCK,NASDAQ,True,N
TTRX,TTRX,Turn Therapeutics Inc. - Common Stock,COMMON_STOCK,NASDAQ,True,N
TTWO,TTWO,"Take-Two Interactive Software, Inc. - Common Stock",COMMON_STOCK,NASDAQ,True,N
TU,TU,Telus Corporation Ordinary Shares,COMMON_STOCK,NYSE,True,
TULP,TULP,"Bloomia Holdings, Inc. - Common Stock",COMMON_STOCK,NASDAQ,True,N
TUSK,TUSK,"Mammoth Energy Services, Inc. - Common Stock",COMMON_STOCK,NASDAQ,True,N
TV,TV,Grupo Televisa S.A.B. Common Stock,COMMON_STOCK,NYSE,True,
TVA,TVA,Texas Ventures Acquisition III Corp - Class A Ordinary Share,COMMON_STOCK,NASDAQ,True,N
TVAI,TVAI,Thayer Ventures Acquisition Corporation II - Class A Ordinary Shares,COMMON_STOCK,NASDAQ,True,N
TVC,TVC,Tennessee Valley Authority Common Stock,COMMON_STOCK,NYSE,True,
TVE,TVE,Tennessee Valley Authority,COMMON_STOCK,NYSE,True,
TVGN,TVGN,Tevogen Bio Holdings Inc. - Common Stock,COMMON_STOCK,NASDAQ,False,D
TVRD,TVRD,"Tvardi Therapeutics, Inc. - Common Stock",COMMON_STOCK,NASDAQ,True,N
TVTX,TVTX,"Travere Therapeutics, Inc. - Common Stock",COMMON_STOCK,NASDAQ,True,N
TW,TW,Tradeweb Markets Inc. - Class A Common Stock,COMMON_STOCK,NASDAQ,True,N
TWAV,TWAV,"TaoWeave, Inc. - Common Stock",COMMON_STOCK,NASDAQ,True,N
TWFG,TWFG,"TWFG, Inc. - Common Stock",COMMON_STOCK,NASDAQ,True,N
TWG,TWG,Top Wealth Group Holding Limited - Class A Ordinary Shares,COMMON_STOCK,NASDAQ,True,N
TWI,TWI,"Titan International, Inc. (DE) Common Stock",COMMON_STOCK,NYSE,True,
TWIN,TWIN,"Twin Disc, Incorporated - Common Stock",COMMON_STOCK,NASDAQ,True,N
TWLO,TWLO,Twilio Inc. Class A Common Stock,COMMON_STOCK,NYSE,True,
TWLV,TWLV,Twelve Seas Investment Company III - Class A Ordinary Shares,COMMON_STOCK,NASDAQ,True,N
TWO,TWO,Two Harbors Investment Corp,COMMON_STOCK,NYSE,True,
TWST,TWST,Twist Bioscience Corporation - Common Stock,COMMON_STOCK,NASDAQ,True,N
TXG,TXG,"10x Genomics, Inc. - Common Stock",COMMON_STOCK,NASDAQ,True,N
TXMD,TXMD,"TherapeuticsMD, Inc. - Common Stock",COMMON_STOCK,NASDAQ,True,N
TXN,TXN,Texas Instruments Incorporated - Common Stock,COMMON_STOCK,NASDAQ,True,N
TXNM,TXNM,"TXNM Energy, Inc. Common Stock",COMMON_STOCK,NYSE,True,
TXRH,TXRH,"Texas Roadhouse, Inc. - Common Stock",COMMON_STOCK,NASDAQ,True,N
TXT,TXT,Textron Inc. Common Stock,COMMON_STOCK,NYSE,True,
TY,TY,Tri Continental Corporation Common Stock,COMMON_STOCK,NYSE,True,
TYG,TYG,Tortoise Energy Infrastructure Corporation Common Stock,COMMON_STOCK,NYSE,True,
TYGO,TYGO,"Tigo Energy, Inc. - Common Stock",COMMON_STOCK,NASDAQ,True,N
TYL,TYL,"Tyler Technologies, Inc. Common Stock",COMMON_STOCK,NYSE,True,
TYRA,TYRA,"Tyra Biosciences, Inc. - Common Stock",COMMON_STOCK,NASDAQ,True,N
TZOO,TZOO,Travelzoo - Common Stock,COMMON_STOCK,NASDAQ,True,N
UA,UA,"Under Armour, Inc. Class C Common Stock",COMMON_STOCK,NYSE,True,
UAA,UAA,"Under Armour, Inc. Class A Common Stock",COMMON_STOCK,NYSE,True,
UAVS,UAVS,"AgEagle Aerial Systems, Inc. Common Stock",COMMON_STOCK,NYSEAMERICAN,True,
UBER,UBER,"Uber Technologies, Inc. Common Stock",COMMON_STOCK,NYSE,True,
UBS,UBS,UBS Group AG Registered Ordinary Shares,COMMON_STOCK,NYSE,True,
UBXG,UBXG,U-BX Technology Ltd. - Class A Ordinary Shares,COMMON_STOCK,NASDAQ,True,N
UCAR,UCAR,U Power Limited - Class A Ordinary Shares,COMMON_STOCK,NASDAQ,True,N
UCFI,UCFI,CN Healthy Food Tech Group Corp. - Common Stock,COMMON_STOCK,NASDAQ,True,N
UCTT,UCTT,"Ultra Clean Holdings, Inc. - Common Stock",COMMON_STOCK,NASDAQ,True,N
UDR,UDR,"UDR, Inc. Common Stock",COMMON_STOCK,NYSE,True,
UEC,UEC,Uranium Energy Corp. Common Stock,COMMON_STOCK,NYSEAMERICAN,True,
UEIC,UEIC,Universal Electronics Inc. - Common Stock,COMMON_STOCK,NASDAQ,True,N
UFG,UFG,Uni-Fuels Holdings Limited - Class A Ordinary Shares,COMMON_STOCK,NASDAQ,True,N
UFI,UFI,"Unifi, Inc. New Common Stock",COMMON_STOCK,NYSE,True,
UFPI,UFPI,"UFP Industries, Inc. - Common Stock",COMMON_STOCK,NASDAQ,True,N
UFPT,UFPT,"UFP Technologies, Inc. - Common Stock",COMMON_STOCK,NASDAQ,True,N
UGI,UGI,UGI Corporation Common Stock,COMMON_STOCK,NYSE,True,
UHAL,UHAL,U-Haul Holding Company Common Stock,COMMON_STOCK,NYSE,True,
UHAL.B,UHAL-B,U-Haul Holding Company Series N Non-Voting Common Stock,COMMON_STOCK,NYSE,True,
UHS,UHS,"Universal Health Services, Inc. Common Stock",COMMON_STOCK,NYSE,True,
UHT,UHT,Universal Health Realty Income Trust Common Stock,COMMON_STOCK,NYSE,True,
UI,UI,Ubiquiti Inc. Common Stock,COMMON_STOCK,NYSE,True,
UIS,UIS,Unisys Corporation New Common Stock,COMMON_STOCK,NYSE,True,
UK,UK,Ucommune International Ltd  - Class A Ordinary Shares,COMMON_STOCK,NASDAQ,True,N
ULBI,ULBI,Ultralife Corporation - Common Stock,COMMON_STOCK,NASDAQ,True,N
ULCC,ULCC,"Frontier Group Holdings, Inc. - Common Stock",COMMON_STOCK,NASDAQ,True,N
ULH,ULH,"Universal Logistics Holdings, Inc. - Common Stock",COMMON_STOCK,NASDAQ,True,N
ULS,ULS,UL Solutions Inc. Class A Common Stock,COMMON_STOCK,NYSE,True,
ULTA,ULTA,"Ulta Beauty, Inc. - Common Stock",COMMON_STOCK,NASDAQ,True,N
UMAC,UMAC,"Unusual Machines, Inc. Common Stock",COMMON_STOCK,NYSEAMERICAN,True,
UMBF,UMBF,UMB Financial Corporation - Common Stock,COMMON_STOCK,NASDAQ,True,N
UMH,UMH,"UMH Properties, Inc. Common Stock",COMMON_STOCK,NYSE,True,
UNB,UNB,"Union Bankshares, Inc. - Common Stock",COMMON_STOCK,NASDAQ,True,N
UNCY,UNCY,"Unicycive Therapeutics, Inc. - Common Stock",COMMON_STOCK,NASDAQ,True,N
UNF,UNF,Unifirst Corporation Common Stock,COMMON_STOCK,NYSE,True,
UNM,UNM,Unum Group Common Stock,COMMON_STOCK,NYSE,True,
UNP,UNP,Union Pacific Corporation Common Stock,COMMON_STOCK,NYSE,True,
UONE,UONE,"Urban One, Inc.  - Class A Common Stock",COMMON_STOCK,NASDAQ,True,N
UONEK,UONEK,"Urban One, Inc.  - Class D Common Stock",COMMON_STOCK,NASDAQ,True,N
UP,UP,Wheels Up Experience Inc. Class A Common Stock,COMMON_STOCK,NYSE,True,
UPB,UPB,"Upstream Bio, Inc. - Common Stock",COMMON_STOCK,NASDAQ,True,N
UPBD,UPBD,"Upbound Group, Inc. - Common Stock",COMMON_STOCK,NASDAQ,True,N
UPC,UPC,Universe Pharmaceuticals Inc - Class A Ordinary Shares,COMMON_STOCK,NASDAQ,True,N
UPLD,UPLD,"Upland Software, Inc. - Common Stock",COMMON_STOCK,NASDAQ,True,N
UPST,UPST,"Upstart Holdings, Inc. - Common stock",COMMON_STOCK,NASDAQ,True,N
UPWK,UPWK,Upwork Inc. - Common Stock,COMMON_STOCK,NASDAQ,True,N
UPXI,UPXI,"Upexi, Inc. - Common Stock",COMMON_STOCK,NASDAQ,False,D
URBN,URBN,"Urban Outfitters, Inc. - Common Stock",COMMON_STOCK,NASDAQ,True,N
URG,URG,Ur Energy Inc Common Shares (Canada),COMMON_STOCK,NYSEAMERICAN,True,
URGN,URGN,UroGen Pharma Ltd. - Ordinary Shares,COMMON_STOCK,NASDAQ,True,N
UROY,UROY,Uranium Royalty Corp. - Common Stock,COMMON_STOCK,NASDAQ,True,N
USAR,USAR,"USA Rare Earth, Inc. - Common Stock",COMMON_STOCK,NASDAQ,True,N
USAS,USAS,"Americas Gold and Silver Corporation Common Shares, no par value",COMMON_STOCK,NYSEAMERICAN,True,
USAU,USAU,U.S. Gold Corp. - Common Stock,COMMON_STOCK,NASDAQ,True,N
USB,USB,U.S. Bancorp Common Stock,COMMON_STOCK,NYSE,True,
USBC,USBC,"USBC, Inc. Common Stock",COMMON_STOCK,NYSEAMERICAN,True,
USCB,USCB,"USCB Financial Holdings, Inc.  - Class A Common Stock",COMMON_STOCK,NASDAQ,True,N
USDE,USDE,StablecoinX Inc. - Class A Common Stock,COMMON_STOCK,NASDAQ,True,N
USFD,USFD,US Foods Holding Corp. Common Stock,COMMON_STOCK,NYSE,True,
USGO,USGO,U.S. GoldMining Inc. - Common stock,COMMON_STOCK,NASDAQ,True,N
USIO,USIO,"Usio, Inc. - Common Stock",COMMON_STOCK,NASDAQ,True,N
USNA,USNA,"USANA Health Sciences, Inc. Common Stock",COMMON_STOCK,NYSE,True,
USPH,USPH,"U.S. Physical Therapy, Inc. Common Stock",COMMON_STOCK,NYSE,True,
UTI,UTI,Universal Technical Institute Inc Common Stock,COMMON_STOCK,NYSE,True,
UTMD,UTMD,"Utah Medical Products, Inc. - Common Stock",COMMON_STOCK,NASDAQ,True,N
UTSI,UTSI,UTStarcom Holdings Corp - Ordinary Shares,COMMON_STOCK,NASDAQ,True,N
UTZ,UTZ,Utz Brands Inc Class A Common Stock,COMMON_STOCK,NYSE,True,
UUU,UUU,"Universal Safety Products, Inc. Common Stock",COMMON_STOCK,NYSEAMERICAN,True,
UUUU,UUUU,Energy Fuels Inc Ordinary Shares (Canada),COMMON_STOCK,NYSEAMERICAN,True,
UVE,UVE,UNIVERSAL INSURANCE HOLDINGS INC Common Stock,COMMON_STOCK,NYSE,True,
UVSP,UVSP,Univest Financial Corporation - Common Stock,COMMON_STOCK,NASDAQ,True,N
UVV,UVV,Universal Corporation Common Stock,COMMON_STOCK,NYSE,True,
UWMC,UWMC,UWM Holdings Corporation Class A Common Stock,COMMON_STOCK,NYSE,True,
UYSC,UYSC,UY Scuti Acquisition Corp. - Ordinary Shares,COMMON_STOCK,NASDAQ,True,N
UZX,UZX,Linkage Global Inc - Class A Ordinary Shares,COMMON_STOCK,NASDAQ,False,D
V,V,Visa Inc.,COMMON_STOCK,NYSE,True,
VABK,VABK,Virginia National Bankshares Corporation - Common Stock,COMMON_STOCK,NASDAQ,True,N
VAC,VAC,Marriott Vacations Worldwide Corporation Common Stock,COMMON_STOCK,NYSE,True,
VACI,VACI,Viking Acquisition Corp. I Class A Ordinary Shares,COMMON_STOCK,NYSE,True,
VAL,VAL,Valaris Limited Common Shares,COMMON_STOCK,NYSE,True,
VALU,VALU,"Value Line, Inc. - Common Stock",COMMON_STOCK,NASDAQ,True,N
VANI,VANI,"Vivani Medical, Inc.  - Common Stock",COMMON_STOCK,NASDAQ,True,N
VATE,VATE,INNOVATE Corp. Common Stock,COMMON_STOCK,NYSE,True,
VBIO,VBIO,"Valion Bio, Inc. - Common stock",COMMON_STOCK,NASDAQ,False,D
VBNK,VBNK,VersaBank - Common Shares,COMMON_STOCK,NASDAQ,True,N
VC,VC,Visteon Corporation - Common Stock,COMMON_STOCK,NASDAQ,True,N
VCEL,VCEL,Vericel Corporation - Common Stock,COMMON_STOCK,NASDAQ,True,N
VCIG,VCIG,VCI Global Limited - Ordinary Share,COMMON_STOCK,NASDAQ,False,E
VCTR,VCTR,"Victory Capital Holdings, Inc. - Common Stock",COMMON_STOCK,NASDAQ,True,N
VCV,VCV,Invesco California Value Municipal Income Trust Common Stock,COMMON_STOCK,NYSE,True,
VCYT,VCYT,"Veracyte, Inc. - Common Stock",COMMON_STOCK,NASDAQ,True,N
VECA,VECA,Vernal Capital Acquisition Corp. Ordinary Shares,COMMON_STOCK,NYSE,True,
VECO,VECO,Veeco Instruments Inc. - Common Stock,COMMON_STOCK,NASDAQ,True,N
VEEA,VEEA,Veea Inc. - Common Stock,COMMON_STOCK,NASDAQ,False,D
VEEE,VEEE,Twin Vee PowerCats Co. - Common Stock,COMMON_STOCK,NASDAQ,True,N
VEEV,VEEV,Veeva Systems Inc. Class A Common Stock,COMMON_STOCK,NYSE,True,
VEL,VEL,"Velocity Financial, Inc. Common Stock",COMMON_STOCK,NYSE,True,
VELO,VELO,"Velo3D, Inc. - Common stock",COMMON_STOCK,NASDAQ,True,N
VENU,VENU,Venu Holding Corporation Common Stock,COMMON_STOCK,NYSEAMERICAN,True,
VERA,VERA,"Vera Therapeutics, Inc. - Class A Common Stock",COMMON_STOCK,NASDAQ,True,N
VERI,VERI,"Veritone, Inc. - Common Stock",COMMON_STOCK,NASDAQ,True,N
VERU,VERU,Veru Inc. - Common Stock,COMMON_STOCK,NASDAQ,True,N
VERX,VERX,"Vertex, Inc. - Class A Common Stock",COMMON_STOCK,NASDAQ,True,N
VET,VET,Vermilion Energy Inc. Common (Canada),COMMON_STOCK,NYSE,True,
VFC,VFC,V.F. Corporation Common Stock,COMMON_STOCK,NYSE,True,
VFF,VFF,"Village Farms International, Inc. - Common Shares",COMMON_STOCK,NASDAQ,True,N
VFS,VFS,VinFast Auto Ltd. - Ordinary Shares,COMMON_STOCK,NASDAQ,True,N
VG,VG,"Venture Global, Inc. Class A common stock",COMMON_STOCK,NYSE,True,
VGAS,VGAS,"Verde Clean Fuels, Inc. - Class A Common Stock",COMMON_STOCK,NASDAQ,True,N
VGM,VGM,Invesco Trust for Investment Grade Municipals Common Stock (DE),COMMON_STOCK,NYSE,True,
VGNT,VGNT,Versigent PLC Ordinary Shares,COMMON_STOCK,NYSE,True,
VGZ,VGZ,Vista Gold Corp Common Stock,COMMON_STOCK,NYSEAMERICAN,True,
VHC,VHC,VirnetX Holding Corp - Common Stock,COMMON_STOCK,NASDAQ,True,N
VHCP,VHCP,Vine Hill Capital Investment Corp. II - Class A Ordinary Shares,COMMON_STOCK,NASDAQ,True,N
VHI,VHI,"Valhi, Inc. Common Stock",COMMON_STOCK,NYSE,True,
VHUB,VHUB,"VenHub Global, Inc. - Common Stock",COMMON_STOCK,NASDAQ,True,N
VIA,VIA,"Via Transportation, Inc. Class A Common Stock",COMMON_STOCK,NYSE,True,
VIAV,VIAV,Viavi Solutions Inc. - Common Stock,COMMON_STOCK,NASDAQ,True,N
VICI,VICI,VICI Properties Inc. Common Stock,COMMON_STOCK,NYSE,True,
VICR,VICR,Vicor Corporation - Common Stock,COMMON_STOCK,NASDAQ,True,N
VIDA,VIDA,VIDA Global Inc. Class A Common Stock,COMMON_STOCK,NYSEAMERICAN,True,
VIK,VIK,Viking Holdings Ltd Ordinary Shares,COMMON_STOCK,NYSE,True,
VINP,VINP,Vinci Compass Investments Ltd. - Class A Common Shares,COMMON_STOCK,NASDAQ,True,N
VIR,VIR,"Vir Biotechnology, Inc. - Common Stock",COMMON_STOCK,NASDAQ,True,N
VIRC,VIRC,Virco Manufacturing Corporation - Common Stock,COMMON_STOCK,NASDAQ,True,N
VIRT,VIRT,"Virtu Financial, Inc. Class A Common Stock",COMMON_STOCK,NYSE,True,
VISN,VISN,"Vistance Networks, Inc.  - Common Stock",COMMON_STOCK,NASDAQ,True,N
VITL,VITL,"Vital Farms, Inc. - Common Stock",COMMON_STOCK,NASDAQ,True,N
VIVK,VIVK,"Vivakor, Inc. - Common Stock",COMMON_STOCK,NASDAQ,True,N
VIVO,VIVO,VivoPower PLC - Class A Ordinary Shares,COMMON_STOCK,NASDAQ,True,N
VIVS,VIVS,"VivoSim Labs, Inc. - Common Stock",COMMON_STOCK,NASDAQ,True,N
VKQ,VKQ,Invesco Municipal Trust Common Stock,COMMON_STOCK,NYSE,True,
VKTX,VKTX,"Viking Therapeutics, Inc. - Common Stock",COMMON_STOCK,NASDAQ,True,N
VLGEA,VLGEA,"Village Super Market, Inc. - Class A Common Stock",COMMON_STOCK,NASDAQ,True,N
VLN,VLN,Valens Semiconductor Ltd. Ordinary Shares,COMMON_STOCK,NYSE,True,
VLO,VLO,Valero Energy Corporation Common Stock,COMMON_STOCK,NYSE,True,
VLT,VLT,Invesco High Income Trust II,COMMON_STOCK,NYSE,True,
VLTO,VLTO,Veralto Corp Common Stock,COMMON_STOCK,NYSE,True,
VLY,VLY,Valley National Bancorp - Common Stock,COMMON_STOCK,NASDAQ,True,N
VMAR,VMAR,Vision Marine Technologies Inc. - Common Shares,COMMON_STOCK,NASDAQ,True,N
VMC,VMC,Vulcan Materials Company (Holding Company) Common Stock,COMMON_STOCK,NYSE,True,
VMD,VMD,"Viemed Healthcare, Inc. - Common Shares",COMMON_STOCK,NASDAQ,True,N
VMET,VMET,Versamet Royalties Corporation - Common Stock,COMMON_STOCK,NASDAQ,True,N
VMI,VMI,"Valmont Industries, Inc. Common Stock",COMMON_STOCK,NYSE,True,
VNCE,VNCE,Vince Holding Corp. - Common Stock,COMMON_STOCK,NASDAQ,True,N
VNDA,VNDA,Vanda Pharmaceuticals Inc. - Common Stock,COMMON_STOCK,NASDAQ,True,N
VNME,VNME,Vendome Acquisition Corporation I - Class A Ordinary Shares,COMMON_STOCK,NASDAQ,True,N
VNO,VNO,Vornado Realty Trust Common Stock,COMMON_STOCK,NYSE,True,
VNO$L,VNO-PL,Vornado Realty Trust Pfd Ser L %,COMMON_STOCK,NYSE,True,
VNOM,VNOM,"Viper Energy, Inc.  - Class A Common Stock",COMMON_STOCK,NASDAQ,True,N
VNRX,VNRX,VolitionRX Limited Common Stock,COMMON_STOCK,NYSEAMERICAN,True,
VNT,VNT,Vontier Corporation Common Stock,COMMON_STOCK,NYSE,True,
VNTG,VNTG,Vantage Corp Class A Ordinary Shares,COMMON_STOCK,NYSEAMERICAN,True,
VOR,VOR,Vor Biopharma Inc. - Common Stock,COMMON_STOCK,NASDAQ,True,N
VOXR,VOXR,Vox Royalty Corp. - common stock,COMMON_STOCK,NASDAQ,True,N
VOYA,VOYA,"Voya Financial, Inc. Common Stock",COMMON_STOCK,NYSE,True,
VOYG,VOYG,"Voyager Technologies, Inc. Class A Common Stock",COMMON_STOCK,NYSE,True,
VPG,VPG,"Vishay Precision Group, Inc. Common Stock",COMMON_STOCK,NYSE,True,
VPV,VPV,Invesco Pennsylvania Value Municipal Income Trust Common Stock (DE),COMMON_STOCK,NYSE,True,
VRA,VRA,"Vera Bradley, Inc. - Common Stock",COMMON_STOCK,NASDAQ,True,N
VRAX,VRAX,Virax Biolabs Group Limited - Ordinary Shares,COMMON_STOCK,NASDAQ,False,D
VRCA,VRCA,Verrica Pharmaceuticals Inc. - Common Stock,COMMON_STOCK,NASDAQ,True,N
VRDN,VRDN,"Viridian Therapeutics, Inc.  - Common Stock",COMMON_STOCK,NASDAQ,True,N
VREX,VREX,Varex Imaging Corporation - Common Stock,COMMON_STOCK,NASDAQ,True,N
VRM,VRM,"Vroom, Inc. - Common Stock",COMMON_STOCK,NASDAQ,True,N
VRME,VRME,"VerifyMe, Inc. - Common Stock",COMMON_STOCK,NASDAQ,False,D
VRNS,VRNS,"Varonis Systems, Inc. - Common Stock",COMMON_STOCK,NASDAQ,True,N
VRRM,VRRM,Verra Mobility Corporation - Class A Common Stock,COMMON_STOCK,NASDAQ,True,N
VRSK,VRSK,"Verisk Analytics, Inc. - Common Stock",COMMON_STOCK,NASDAQ,True,N
VRSN,VRSN,"VeriSign, Inc. - Common Stock",COMMON_STOCK,NASDAQ,True,N
VRT,VRT,"Vertiv Holdings, LLC Class A Common Stock",COMMON_STOCK,NYSE,True,
VRTS,VRTS,"Virtus Investment Partners, Inc. Common Stock",COMMON_STOCK,NYSE,True,
VRTX,VRTX,Vertex Pharmaceuticals Incorporated - Common Stock,COMMON_STOCK,NASDAQ,True,N
VRXA,VRXA,Veraxa Biotech AG - Ordinary Shares,COMMON_STOCK,NASDAQ,True,N
VS,VS,Versus Systems Inc. - Common Stock,COMMON_STOCK,NASDAQ,False,D
VSAT,VSAT,"ViaSat, Inc. - Common Stock",COMMON_STOCK,NASDAQ,True,N
VSEC,VSEC,VSE Corporation - Common Stock,COMMON_STOCK,NASDAQ,True,N
VSEE,VSEE,"VSee Health, Inc. - Common Stock",COMMON_STOCK,NASDAQ,False,D
VSH,VSH,"Vishay Intertechnology, Inc. Common Stock",COMMON_STOCK,NYSE,True,
VSME,VSME,VS Media Holdings Limited - Class A Ordinary Shares,COMMON_STOCK,NASDAQ,True,N
VSNT,VSNT,"Versant Media Group, Inc. - Class A Common Stock",COMMON_STOCK,NASDAQ,True,N
VST,VST,Vistra Corp. Common Stock,COMMON_STOCK,NYSE,True,
VSTD,VSTD,Vestand Inc.  - Class A Common Stock,COMMON_STOCK,NASDAQ,False,H
VSTM,VSTM,"Verastem, Inc. - Common Stock",COMMON_STOCK,NASDAQ,True,N
VSTS,VSTS,Vestis Corporation Common Stock,COMMON_STOCK,NYSE,True,
VSXY,VSXY,Victorias Secret & Co. Common Stock,COMMON_STOCK,NYSE,True,
VTAK,VTAK,"Catheter Precision, Inc. Common Stock",COMMON_STOCK,NYSEAMERICAN,True,
VTEX,VTEX,VTEX Class A Common Shares,COMMON_STOCK,NYSE,True,
VTGN,VTGN,"Vistagen Therapeutics, Inc. - Common Stock",COMMON_STOCK,NASDAQ,False,D
VTIX,VTIX,Virtuix Holdings Inc. - Class A Common Stock,COMMON_STOCK,NASDAQ,True,N
VTN,VTN,Invesco Trust for Investment Grade New York Municipals Common Stock,COMMON_STOCK,NYSE,True,
VTOL,VTOL,"Bristow Group, Inc. Common Stock",COMMON_STOCK,NYSE,True,
VTR,VTR,"Ventas, Inc. Common Stock",COMMON_STOCK,NYSE,True,
VTRS,VTRS,Viatris Inc. - Common Stock,COMMON_STOCK,NASDAQ,True,N
VTS,VTS,"Vitesse Energy, Inc. Common Stock",COMMON_STOCK,NYSE,True,
VTSI,VTSI,"VirTra, Inc. - Common Stock",COMMON_STOCK,NASDAQ,True,N
VTVT,VTVT,vTv Therapeutics Inc. - Class A Common Stock,COMMON_STOCK,NASDAQ,True,N
VUZI,VUZI,Vuzix Corporation  - Common Stock,COMMON_STOCK,NASDAQ,True,N
VVOS,VVOS,"Vivos Therapeutics, Inc. - Common Stock",COMMON_STOCK,NASDAQ,False,D
VVR,VVR,Invesco Senior Income Trust Common Stock (DE),COMMON_STOCK,NYSE,True,
VVV,VVV,Valvoline Inc. Common Stock,COMMON_STOCK,NYSE,True,
VVX,VVX,"V2X, Inc. Common Stock",COMMON_STOCK,NYSE,True,
VWAV,VWAV,"VisionWave Holdings, Inc. - Common Stock",COMMON_STOCK,NASDAQ,True,N
VYGR,VYGR,"Voyager Therapeutics, Inc. - Common Stock",COMMON_STOCK,NASDAQ,True,N
VYNE,VYNE,VYNE Therapeutics Inc. - Common Stock,COMMON_STOCK,NASDAQ,False,D
VYX,VYX,NCR Voyix Corporation Common Stock,COMMON_STOCK,NYSE,True,
VZ,VZ,Verizon Communications Inc. Common Stock,COMMON_STOCK,NYSE,True,
VZLA,VZLA,Vizsla Silver Corp. Common Shares,COMMON_STOCK,NYSEAMERICAN,True,
W,W,Wayfair Inc. Class A Common Stock,COMMON_STOCK,NYSE,True,
WAB,WAB,Westinghouse Air Brake Technologies Corporation Common Stock,COMMON_STOCK,NYSE,True,
WABC,WABC,Westamerica Bancorporation - Common Stock,COMMON_STOCK,NASDAQ,True,N
WAFD,WAFD,"WaFd, Inc. - Common Stock",COMMON_STOCK,NASDAQ,True,N
WAFU,WAFU,Wah Fu Education Group Limited - Ordinary Shares,COMMON_STOCK,NASDAQ,True,N
WAI,WAI,Top KingWin Ltd - Class A Ordinary Shares,COMMON_STOCK,NASDAQ,True,N
WAL,WAL,Western Alliance Bancorporation Common Stock (DE),COMMON_STOCK,NYSE,True,
WALD,WALD,Waldencast plc - Class A Ordinary Share,COMMON_STOCK,NASDAQ,True,N
WASH,WASH,"Washington Trust Bancorp, Inc. - Common Stock",COMMON_STOCK,NASDAQ,True,N
WAT,WAT,Waters Corporation Common Stock,COMMON_STOCK,NYSE,True,
WATT,WATT,Energous Corporation - Common Stock,COMMON_STOCK,NASDAQ,True,N
WAY,WAY,Waystar Holding Corp. - Common Stock,COMMON_STOCK,NASDAQ,True,N
WBD,WBD,"Warner Bros. Discovery, Inc. - Series A Common Stock",COMMON_STOCK,NASDAQ,True,N
WBI,WBI,WaterBridge Infrastructure LLC Class A Shares Representing Limited Liability Company Interests,COMMON_STOCK,NYSE,True,
WBS,WBS,Webster Financial Corporation Common Stock,COMMON_STOCK,NYSE,True,
WBTN,WBTN,WEBTOON Entertainment Inc. - Common stock,COMMON_STOCK,NASDAQ,True,N
WBUY,WBUY,WEBUY GLOBAL LTD. - Class A Ordinary Shares,COMMON_STOCK,NASDAQ,True,N
WBX,WBX,Wallbox N.V. Class A Ordinary Shares,COMMON_STOCK,NYSE,True,
WCC,WCC,"WESCO International, Inc. Common Stock",COMMON_STOCK,NYSE,True,
WCN,WCN,"Waste Connections, Inc. Common Shares",COMMON_STOCK,NYSE,True,
WCT,WCT,Wellchange Holdings Company Limited - Class A Ordinary shares,COMMON_STOCK,NASDAQ,True,N
WD,WD,"Walker & Dunlop, Inc Common Stock",COMMON_STOCK,NYSE,True,
WDAY,WDAY,"Workday, Inc. - Class A Common Stock",COMMON_STOCK,NASDAQ,True,N
WDC,WDC,Western Digital Corporation - Common Stock,COMMON_STOCK,NASDAQ,True,N
WDFC,WDFC,WD-40 Company - Common Stock,COMMON_STOCK,NASDAQ,True,N
WEAV,WEAV,"Weave Communications, Inc. Common Stock",COMMON_STOCK,NYSE,True,
WEC,WEC,"WEC Energy Group, Inc. Common Stock",COMMON_STOCK,NYSE,True,
WELL,WELL,Welltower Inc. Common Stock,COMMON_STOCK,NYSE,True,
WEN,WEN,Wendy's Company (The) - Common Stock,COMMON_STOCK,NASDAQ,True,N
WENC,WENC,West Enclave Merger Corp. Ordinary Shares,COMMON_STOCK,NYSE,True,
WENN,WENN,Wen Acquisition Corp - Class A Ordinary Shares,COMMON_STOCK,NASDAQ,True,N
WERN,WERN,"Werner Enterprises, Inc. - Common Stock",COMMON_STOCK,NASDAQ,True,N
WEST,WEST,Westrock Coffee Company - Common Stock,COMMON_STOCK,NASDAQ,True,N
WETH,WETH,Wetouch Technology Inc. - Common Stock,COMMON_STOCK,NASDAQ,True,N
WETO,WETO,Wetour Robotics Limited - Ordinary Shares,COMMON_STOCK,NASDAQ,True,N
WEX,WEX,WEX Inc. common stock,COMMON_STOCK,NYSE,True,
WEYS,WEYS,"Weyco Group, Inc. - Common Stock",COMMON_STOCK,NASDAQ,True,N
WFC,WFC,Wells Fargo & Company Common Stock,COMMON_STOCK,NYSE,True,
WFCF,WFCF,"Where Food Comes From, Inc. - Common Stock",COMMON_STOCK,NASDAQ,True,N
WFF,WFF,WF Holding Limited - Ordinary Shares,COMMON_STOCK,NASDAQ,True,N
WFG,WFG,West Fraser Timber Co. Ltd Common stock,COMMON_STOCK,NYSE,True,
WFRD,WFRD,Weatherford International plc - Ordinary shares,COMMON_STOCK,NASDAQ,True,N
WGO,WGO,"Winnebago Industries, Inc. Common Stock",COMMON_STOCK,NYSE,True,
WGRX,WGRX,"Wellgistics Health, Inc. - Common Stock",COMMON_STOCK,NASDAQ,False,D
WGS,WGS,GeneDx Holdings Corp. - Class A Common Stock,COMMON_STOCK,NASDAQ,True,N
WH,WH,"Wyndham Hotels & Resorts, Inc. Common Stock",COMMON_STOCK,NYSE,True,
WHD,WHD,"Cactus, Inc. Class A Common Stock",COMMON_STOCK,NYSE,True,
WHG,WHG,Westwood Holdings Group Inc Common Stock,COMMON_STOCK,NYSE,True,
WHK,WHK,WhiteHawk Minerals Corp Class A Common Stock,COMMON_STOCK,NYSE,True,
WHLR,WHLR,"Wheeler Real Estate Investment Trust, Inc. - Common Stock",COMMON_STOCK,NASDAQ,True,N
WHR,WHR,Whirlpool Corporation Common Stock,COMMON_STOCK,NYSE,True,
WHWK,WHWK,"Whitehawk Therapeutics, Inc. - Common Stock",COMMON_STOCK,NASDAQ,True,N
WILC,WILC,"G. Willi-Food International,  Ltd. - Ordinary Shares",COMMON_STOCK,NASDAQ,True,N
WIMI,WIMI,WiMi Hologram Cloud Inc. - Class B Ordinary Shares,COMMON_STOCK,NASDAQ,True,N
WINA,WINA,Winmark Corporation - Common Stock,COMMON_STOCK,NASDAQ,True,N
WING,WING,Wingstop Inc. - Common Stock,COMMON_STOCK,NASDAQ,True,N
WIT,WIT,Wipro Limited Common Stock,COMMON_STOCK,NYSE,True,
WIX,WIX,Wix.com Ltd. - Ordinary Shares,COMMON_STOCK,NASDAQ,True,N
WK,WK,Workiva Inc. Class A Common Stock,COMMON_STOCK,NYSE,True,
WKC,WKC,World Kinect Corporation Common Stock,COMMON_STOCK,NYSE,True,
WKHS,WKHS,"Workhorse Group, Inc. - Common Stock",COMMON_STOCK,NASDAQ,True,N
WKSP,WKSP,"Worksport, Ltd. - Common Stock",COMMON_STOCK,NASDAQ,True,N
WLDN,WLDN,"Willdan Group, Inc. - Common Stock",COMMON_STOCK,NASDAQ,True,N
WLDS,WLDS,Wearable Devices Ltd. - Ordinary Share,COMMON_STOCK,NASDAQ,True,N
WLFC,WLFC,Willis Lease Finance Corporation - Common Stock,COMMON_STOCK,NASDAQ,True,N
WLII,WLII,Willow Lane Acquisition Corp. II - Class A Ordinary Shares,COMMON_STOCK,NASDAQ,True,N
WLK,WLK,Westlake Corporation Common Stock,COMMON_STOCK,NYSE,True,
WLTH,WLTH,Wealthfront Corporation - Common Stock,COMMON_STOCK,NASDAQ,True,N
WLY,WLY,"John Wiley & Sons, Inc. Common Stock",COMMON_STOCK,NYSE,True,
WLYB,WLYB,"John Wiley & Sons, Inc. Common Stock",COMMON_STOCK,NYSE,True,
WM,WM,"Waste Management, Inc. Common Stock",COMMON_STOCK,NYSE,True,
WMB,WMB,"Williams Companies, Inc. (The) Common Stock",COMMON_STOCK,NYSE,True,
WMG,WMG,Warner Music Group Corp. - Class A Common Stock,COMMON_STOCK,NASDAQ,True,N
WMK,WMK,"Weis Markets, Inc. Common Stock",COMMON_STOCK,NYSE,True,
WMS,WMS,"Advanced Drainage Systems, Inc. Common Stock",COMMON_STOCK,NYSE,True,
WMT,WMT,Walmart Inc. - Common Stock,COMMON_STOCK,NASDAQ,True,N
WNC,WNC,Wabash National Corporation Common Stock,COMMON_STOCK,NYSE,True,
WNEB,WNEB,"Western New England Bancorp, Inc. - Common Stock",COMMON_STOCK,NASDAQ,True,N
WNW,WNW,Meiwu Technology Company Limited - Ordinary Shares,COMMON_STOCK,NASDAQ,True,N
WOK,WOK,WORK Medical Technology Group LTD - Class A Ordinary Shares,COMMON_STOCK,NASDAQ,True,N
WOLF,WOLF,"Wolfspeed, Inc. Common Stock New",COMMON_STOCK,NYSE,True,
WOOF,WOOF,"Petco Health and Wellness Company, Inc. - Class A Common Stock",COMMON_STOCK,NASDAQ,True,N
WOR,WOR,"Worthington Enterprises, Inc. Common Shares",COMMON_STOCK,NYSE,True,
WPAC,WPAC,White Pearl Acquisition Corp. Class A Ordinary Shares,COMMON_STOCK,NYSE,True,
WPC,WPC,W. P. Carey Inc. REIT,COMMON_STOCK,NYSE,True,
WPM,WPM,Wheaton Precious Metals Corp Common Shares (Canada),COMMON_STOCK,NYSE,True,
WPRT,WPRT,Westport Fuel Systems Inc - Common Shares,COMMON_STOCK,NASDAQ,True,N
WRAP,WRAP,"Wrap Technologies, Inc. - Common Stock",COMMON_STOCK,NASDAQ,True,N
WRB,WRB,W.R. Berkley Corporation Common Stock,COMMON_STOCK,NYSE,True,
WRBY,WRBY,Warby Parker Inc. Class A Common Stock,COMMON_STOCK,NYSE,True,
WRLD,WRLD,World Acceptance Corporation - Common Stock,COMMON_STOCK,NASDAQ,True,N
WRN,WRN,Western Copper and Gold Corporation Common Stock,COMMON_STOCK,NYSEAMERICAN,True,
WS,WS,"Worthington Steel, Inc. Common Shares",COMMON_STOCK,NYSE,True,
WSBC,WSBC,"WesBanco, Inc. - Common Stock",COMMON_STOCK,NASDAQ,True,N
WSBF,WSBF,"Waterstone Financial, Inc. - Common Stock",COMMON_STOCK,NASDAQ,True,N
WSBK,WSBK,"Winchester Bancorp, Inc. - Common Stock",COMMON_STOCK,NASDAQ,True,N
WSC,WSC,WillScot Holdings Corporation - Class A Common Stock,COMMON_STOCK,NASDAQ,True,N
WSE,WSE,Wise Group plc - Class A Ordinary Shares,COMMON_STOCK,NASDAQ,True,N
WSFS,WSFS,WSFS Financial Corporation - Common Stock,COMMON_STOCK,NASDAQ,True,N
WSHP,WSHP,WeShop Holdings Limited - Class A Ordinary Shares,COMMON_STOCK,NASDAQ,True,N
WSM,WSM,"Williams-Sonoma, Inc. Common Stock (DE)",COMMON_STOCK,NYSE,True,
WSO,WSO,"Watsco, Inc. Common Stock",COMMON_STOCK,NYSE,True,
WSO.B,WSO-B,"Watsco, Inc. Class B Common Stock",COMMON_STOCK,NYSE,True,
WSR,WSR,Whitestone REIT Common Shares,COMMON_STOCK,NYSE,True,
WST,WST,"West Pharmaceutical Services, Inc. Common Stock",COMMON_STOCK,NYSE,True,
WSTN,WSTN,Westin Acquisition Corp - Class A Ordinary Share,COMMON_STOCK,NASDAQ,True,N
WT,WT,"WisdomTree, Inc. Common Stock",COMMON_STOCK,NYSE,True,
WTBA,WTBA,West Bancorporation - Common Stock,COMMON_STOCK,NASDAQ,True,N
WTF,WTF,Waton Financial Limited - Ordinary Shares,COMMON_STOCK,NASDAQ,True,N
WTFC,WTFC,Wintrust Financial Corporation - Common Stock,COMMON_STOCK,NASDAQ,True,N
WTG,WTG,Wintergreen Acquisition Corp. - Ordinary Shares,COMMON_STOCK,NASDAQ,True,N
WTI,WTI,"W&T Offshore, Inc. Common Stock",COMMON_STOCK,NYSE,True,
WTM,WTM,"White Mountains Insurance Group, Ltd. Common Stock",COMMON_STOCK,NYSE,True,
WTRG,WTRG,"Essential Utilities, Inc. Common Stock",COMMON_STOCK,NYSE,True,
WTS,WTS,"Watts Water Technologies, Inc. Class A Common Stock",COMMON_STOCK,NYSE,True,
WTTR,WTTR,"Select Water Solutions, Inc. Class A common stock",COMMON_STOCK,NYSE,True,
WTW,WTW,Willis Towers Watson Public Limited Company - Ordinary Shares,COMMON_STOCK,NASDAQ,True,N
WU,WU,Western Union Company (The) Common Stock,COMMON_STOCK,NYSE,True,
WULF,WULF,TeraWulf Inc. - Common Stock,COMMON_STOCK,NASDAQ,True,N
WVE,WVE,Wave Life Sciences Ltd. - Ordinary Shares,COMMON_STOCK,NASDAQ,True,N
WVVI,WVVI,"Willamette Valley Vineyards, Inc. - Common Stock",COMMON_STOCK,NASDAQ,True,N
WW,WW,"WW International, Inc.  - Common Stock",COMMON_STOCK,NASDAQ,True,N
WWD,WWD,"Woodward, Inc. - Common Stock",COMMON_STOCK,NASDAQ,True,N
WWR,WWR,"Westwater Resources, Inc. Common Stock",COMMON_STOCK,NYSEAMERICAN,True,
WWW,WWW,"Wolverine World Wide, Inc. Common Stock",COMMON_STOCK,NYSE,True,
WXM,WXM,WF International Limited - Ordinary Shares,COMMON_STOCK,NASDAQ,True,N
WY,WY,Weyerhaeuser Company Common Stock,COMMON_STOCK,NYSE,True,
WYFI,WYFI,"WhiteFiber, Inc. - Ordinary Shares",COMMON_STOCK,NASDAQ,True,N
WYNN,WYNN,"Wynn Resorts, Limited - Common Stock",COMMON_STOCK,NASDAQ,True,N
WYY,WYY,WidePoint Corporation Common Stock,COMMON_STOCK,NYSEAMERICAN,True,
XAIR,XAIR,"Beyond Air, Inc. - Common Stock",COMMON_STOCK,NASDAQ,False,D
XBIO,XBIO,"Xenetic Biosciences, Inc. - Common Stock",COMMON_STOCK,NASDAQ,True,N
XBIT,XBIT,XBiotech Inc. - Common Stock,COMMON_STOCK,NASDAQ,True,N
XBP,XBP,"XBP Global Holdings, Inc. - Common Stock",COMMON_STOCK,NASDAQ,True,N
XCBE,XCBE,X3 Acquisition Corp. Ltd. - Class A Ordinary Shares,COMMON_STOCK,NASDAQ,True,N
XCH,XCH,XCHG Limited - ADS,COMMON_STOCK,NASDAQ,False,D
XCUR,XCUR,"Exicure, Inc. - Common Stock",COMMON_STOCK,NASDAQ,False,D
XE,XE,"X-Energy, Inc. - Class A Common Stock",COMMON_STOCK,NASDAQ,True,N
XEL,XEL,Xcel Energy Inc. - Common Stock,COMMON_STOCK,NASDAQ,True,N
XELB,XELB,"Xcel Brands, Inc - Common Stock",COMMON_STOCK,NASDAQ,True,N
XENE,XENE,Xenon Pharmaceuticals Inc. - Common Shares,COMMON_STOCK,NASDAQ,True,N
XERS,XERS,"Xeris Biopharma Holdings, Inc. - Common Stock",COMMON_STOCK,NASDAQ,True,N
XFLH,XFLH,XFLH Capital Corporation Ordinary Shares,COMMON_STOCK,NYSE,True,
XFOR,XFOR,"X4 Pharmaceuticals, Inc. - Common Stock",COMMON_STOCK,NASDAQ,True,N
XGN,XGN,Exagen Inc. - Common Stock,COMMON_STOCK,NASDAQ,True,N
XHLD,XHLD,"TEN Holdings, Inc. - Common Stock",COMMON_STOCK,NASDAQ,False,D
XHR,XHR,"Xenia Hotels & Resorts, Inc. Common Stock",COMMON_STOCK,NYSE,True,
XLO,XLO,"Xilio Therapeutics, Inc. - Common Stock",COMMON_STOCK,NASDAQ,True,N
XMAX,XMAX,"XMAX, Inc. - Common Stock",COMMON_STOCK,NASDAQ,True,N
XMTR,XMTR,"Xometry, Inc. - Class A Common Stock",COMMON_STOCK,NASDAQ,True,N
XNCR,XNCR,"Xencor, Inc. - Common Stock",COMMON_STOCK,NASDAQ,True,N
XNDU,XNDU,Xanadu Quantum Technologies Limited - Class B Subordinate Voting Shares,COMMON_STOCK,NASDAQ,True,N
XOM,XOM,ExxonMobil Holdings Corporation Common Stock,COMMON_STOCK,NYSE,True,
XOMA,XOMA,XOMA Royalty Corporation - Common Stock,COMMON_STOCK,NASDAQ,True,N
XOS,XOS,"Xos, Inc. - Common Stock",COMMON_STOCK,NASDAQ,True,N
XP,XP,XP Inc. - Class A Common Stock,COMMON_STOCK,NASDAQ,True,N
XPEL,XPEL,"XPEL, Inc. - Common Stock",COMMON_STOCK,NASDAQ,True,N
XPER,XPER,Xperi Inc. Common Stock,COMMON_STOCK,NYSE,True,
XPL,XPL,Solitario Resources Corp. Common Stock,COMMON_STOCK,NYSEAMERICAN,True,
XPO,XPO,"XPO, Inc. Common Stock",COMMON_STOCK,NYSE,True,
XPOF,XPOF,"Xponential Fitness, Inc. Class A Common Stock",COMMON_STOCK,NYSE,True,
XPON,XPON,Expion360 Inc. - Common Stock,COMMON_STOCK,NASDAQ,False,D
XPRO,XPRO,Expro Group Holdings N.V. Common Stock,COMMON_STOCK,NYSE,True,
XRAY,XRAY,DENTSPLY SIRONA Inc. - Common Stock,COMMON_STOCK,NASDAQ,True,N
XRN,XRN,Chiron Real Estate Inc. Common Stock,COMMON_STOCK,NYSE,True,
XRPN,XRPN,Armada Acquisition Corp. II - Class A Ordinary Shares,COMMON_STOCK,NASDAQ,True,N
XRTX,XRTX,XORTX Therapeutics Inc. - Common Shares,COMMON_STOCK,NASDAQ,True,N
XRX,XRX,Xerox Holdings Corporation - Common Stock,COMMON_STOCK,NASDAQ,True,N
XSLL,XSLL,Xsolla SPAC 1 - Class A Ordinary Shares,COMMON_STOCK,NASDAQ,True,N
XTIA,XTIA,"XTI Aerospace, Inc. Common Stock  - Common Stock",COMMON_STOCK,NASDAQ,True,N
XTNT,XTNT,"Xtant Medical Holdings, Inc. Common Stock",COMMON_STOCK,NYSEAMERICAN,True,
XWEL,XWEL,"XWELL, Inc. - Common Stock",COMMON_STOCK,NASDAQ,True,N
XXI,XXI,"Twenty One Capital, Inc. Class A Common Stock",COMMON_STOCK,NYSE,True,
XXII,XXII,"22nd Century Group, Inc - Common Stock",COMMON_STOCK,NASDAQ,True,N
XYL,XYL,Xylem Inc. Common Stock New,COMMON_STOCK,NYSE,True,
XYZ,XYZ,"Block, Inc. Class A Common Stock,",COMMON_STOCK,NYSE,True,
XZO,XZO,"Exzeo Group, Inc. Common Stock",COMMON_STOCK,NYSE,True,
YAAS,YAAS,Youxin Technology Ltd - Class A Ordinary shares,COMMON_STOCK,NASDAQ,True,N
YCBD,YCBD,"cbdMD, Inc. Common Stock",COMMON_STOCK,NYSEAMERICAN,True,
YCY,YCY,AA Mission Acquisition Corp. II Class A Ordinary Shares,COMMON_STOCK,NYSE,True,
YDDL,YDDL,One and One Green Technologies. INC - Class A Ordinary Shares,COMMON_STOCK,NASDAQ,True,N
YDES,YDES,YD Bio Limited - Ordinary Shares,COMMON_STOCK,NASDAQ,True,N
YDKG,YDKG,Yueda Digital Holding - Class A Ordinary Share,COMMON_STOCK,NASDAQ,True,N
YELP,YELP,Yelp Inc. Common Stock,COMMON_STOCK,NYSE,True,
YETI,YETI,"YETI Holdings, Inc. Common Stock",COMMON_STOCK,NYSE,True,
YEXT,YEXT,"Yext, Inc. Common Stock",COMMON_STOCK,NYSE,True,
YHC,YHC,LQR House Inc. - Common Stock,COMMON_STOCK,NASDAQ,True,N
YHGJ,YHGJ,Yunhong Green CTI Ltd. - Common Stock,COMMON_STOCK,NASDAQ,True,N
YHNA,YHNA,YHN Acquisition I Limited - Ordinary Shares,COMMON_STOCK,NASDAQ,False,D
YIBO,YIBO,Planet Image International Limited - Class A Ordinary Shares,COMMON_STOCK,NASDAQ,True,N
YJ,YJ,Yunji Inc. - American Depository Shares,COMMON_STOCK,NASDAQ,True,N
YMAT,YMAT,"J-Star Holding Co., Ltd. - Class A Ordinary Shares",COMMON_STOCK,NASDAQ,False,D
YOOV,YOOV,Concorde International Group Ltd - Class A Ordinary Shares,COMMON_STOCK,NASDAQ,False,D
YORW,YORW,The York Water Company - Common Stock,COMMON_STOCK,NASDAQ,True,N
YOU,YOU,"Clear Secure, Inc. Class A Common Stock",COMMON_STOCK,NYSE,True,
YPF,YPF,YPF Sociedad Anonima Common Stock,COMMON_STOCK,NYSE,True,
YSS,YSS,York Space Systems Inc. Common Stock,COMMON_STOCK,NYSE,True,
YSWY,YSWY,"Yesway, Inc. - Class A Common Stock",COMMON_STOCK,NASDAQ,True,N
YSXT,YSXT,"YSX Tech. Co., Ltd  - Class A Ordinary Shares",COMMON_STOCK,NASDAQ,True,N
YTRA,YTRA,"Yatra Online, Inc. - Ordinary Shares",COMMON_STOCK,NASDAQ,False,D
YUM,YUM,"Yum! Brands, Inc.",COMMON_STOCK,NYSE,True,
YUMC,YUMC,"Yum China Holdings, Inc. Common Stock",COMMON_STOCK,NYSE,True,
YXT,YXT,YXT.COM GROUP HOLDING LIMITED - American Depository Shares,COMMON_STOCK,NASDAQ,False,D
YYAI,YYAI,AiRWA Inc. - Common Stock,COMMON_STOCK,NASDAQ,True,N
YYGH,YYGH,YY Group Holding Limited - Class A Ordinary Shares,COMMON_STOCK,NASDAQ,True,N
Z,Z,"Zillow Group, Inc. - Class C Capital Stock",COMMON_STOCK,NASDAQ,True,N
ZBAO,ZBAO,Zhibao Technology Inc. - Class A Ordinary Shares,COMMON_STOCK,NASDAQ,True,N
ZBH,ZBH,"Zimmer Biomet Holdings, Inc. Common Stock",COMMON_STOCK,NYSE,True,
ZBIO,ZBIO,"Zenas BioPharma, Inc. - Common Stock",COMMON_STOCK,NASDAQ,True,N
ZBRA,ZBRA,Zebra Technologies Corporation - Class A Common Stock,COMMON_STOCK,NASDAQ,True,N
ZCMD,ZCMD,Zhongchao Inc. - Class A Ordinary Shares,COMMON_STOCK,NASDAQ,True,N
ZD,ZD,"Ziff Davis, Inc. - Common Stock",COMMON_STOCK,NASDAQ,True,N
ZDAI,ZDAI,"DirectBooking Technology Co., Ltd. - Class A Ordinary Shares",COMMON_STOCK,NASDAQ,True,N
ZDGE,ZDGE,"Zedge, Inc. Class B Common Stock",COMMON_STOCK,NYSEAMERICAN,True,
ZENA,ZENA,"ZenaTech, Inc. - Common Stock",COMMON_STOCK,NASDAQ,True,N
ZEO,ZEO,Zeo Energy Corporation - Class A Common Stock,COMMON_STOCK,NASDAQ,False,D
ZETA,ZETA,Zeta Global Holdings Corp. Class A Common Stock,COMMON_STOCK,NYSE,True,
ZG,ZG,"Zillow Group, Inc. - Class A Common Stock",COMMON_STOCK,NASDAQ,True,N
ZGN,ZGN,Ermenegildo Zegna N.V. Ordinary Shares,COMMON_STOCK,NYSE,True,
ZIM,ZIM,ZIM Integrated Shipping Services Ltd. Ordinary Shares,COMMON_STOCK,NYSE,True,
ZION,ZION,Zions Bancorporation N.A. - Common Stock,COMMON_STOCK,NASDAQ,True,N
ZIP,ZIP,"ZipRecruiter, Inc. Class A Common Stock",COMMON_STOCK,NYSE,True,
ZJK,ZJK,"ZJK Industrial Co., Ltd. - Class A Ordinary Shares",COMMON_STOCK,NASDAQ,True,N
ZJYL,ZJYL,JIN MEDICAL INTERNATIONAL LTD. - Class A Ordinary Shares,COMMON_STOCK,NASDAQ,True,N
ZKIN,ZKIN,"ZK International Group Co., Ltd - Ordinary Share",COMMON_STOCK,NASDAQ,True,N
ZKP,ZKP,Lafayette Digital Acquisition Corp. I - Class A Ordinary Shares,COMMON_STOCK,NASDAQ,True,N
ZM,ZM,"Zoom Communications, Inc. - Class A Common Stock",COMMON_STOCK,NASDAQ,True,N
ZNB,ZNB,Zeta Network Group - Class A Ordinary Shares,COMMON_STOCK,NASDAQ,True,N
ZNTL,ZNTL,"Zentalis Pharmaceuticals, Inc. - common stock",COMMON_STOCK,NASDAQ,True,N
ZONE,ZONE,CleanCore Solutions Inc. Class B Common Stock,COMMON_STOCK,NYSEAMERICAN,True,
ZOOZ,ZOOZ,ZOOZ Strategy Ltd. - Ordinary Shares,COMMON_STOCK,NASDAQ,True,N
ZS,ZS,"Zscaler, Inc. - Common Stock",COMMON_STOCK,NASDAQ,True,N
ZSQR,ZSQR,Z Squared Inc. - Common Stock,COMMON_STOCK,NASDAQ,True,N
ZSTK,ZSTK,ZeroStack Corp. - Common Stock,COMMON_STOCK,NASDAQ,True,N
ZTEK,ZTEK,Zentek Ltd. - common stock,COMMON_STOCK,NASDAQ,False,D
ZTG,ZTG,Zenta Group Company Limited - Class A Ordinary Shares,COMMON_STOCK,NASDAQ,True,N
ZTS,ZTS,Zoetis Inc. Class A Common Stock,COMMON_STOCK,NYSE,True,
ZUMZ,ZUMZ,Zumiez Inc. - Common Stock,COMMON_STOCK,NASDAQ,True,N
ZURA,ZURA,Zura Bio Limited - Class A Ordinary shares,COMMON_STOCK,NASDAQ,True,N
ZVIA,ZVIA,Zevia PBC Class A Common Stock,COMMON_STOCK,NYSE,True,
ZVRA,ZVRA,"Zevra Therapeutics, Inc.  - Common Stock",COMMON_STOCK,NASDAQ,True,N
ZWS,ZWS,Zurn Elkay Water Solutions Corporation Common Stock,COMMON_STOCK,NYSE,True,
ZYBT,ZYBT,Zhengye Biotechnology Holding Limited - Class A Ordinary Shares,COMMON_STOCK,NASDAQ,False,D
ZYME,ZYME,Zymeworks Inc. - Common Stock,COMMON_STOCK,NASDAQ,True,N
