model_horizon_days,rebalance_every_days,base_policy,exposure_policy,target_volatility,leverage_cap,period,num_rebalances,annualized_net_return,net_sharpe,net_sortino,max_drawdown,calmar,avg_net_return,avg_realized_return_ic,avg_model_target_ic,avg_turnover,annualized_turnover,return_per_annual_turnover,avg_transaction_cost,avg_financing_cost,avg_exposure,min_exposure,max_exposure,leveraged_period_share,deleveraged_period_share,net_hit_rate,top_n,covariance_lookback,annualized_net_volatility,avg_base_effective_n,avg_base_max_weight,avg_pairwise_correlation,avg_max_pairwise_correlation,avg_ex_ante_annualized_volatility,optimizer_fallback_rate
20,10,inverse_volatility,static_1x,,1.0,2021,26,-0.04094047398859402,0.20065193288118371,0.2897495106168007,-0.3979463777260662,-0.10287937340335876,0.004411705454492922,-0.04151941140090673,-0.054243463635006,1.0454054850491068,26.34421822323749,-0.0015540591731236716,0.001045405485049107,0.0,1.0,1.0,1.0,0.0,0.0,0.5,10,60,0.5540688088913354,9.56616285953754,0.12780900232828293,,,,0.0
20,10,inverse_volatility,static_1x,,1.0,2022,26,-0.4525892829446807,-0.5164315499603479,-1.2741721511352488,-0.49069914067697484,-0.9223355930892455,-0.014574345210011296,-0.08470086902554524,-0.08391591623005151,1.2073828283978225,30.426047275625127,-0.01487506013662374,0.0012073828283978225,0.0,1.0,1.0,1.0,0.0,0.0,0.3076923076923077,10,60,0.7111755649330183,9.517952551147125,0.13729644149863113,,,,0.0
20,10,inverse_volatility,static_1x,,1.0,2023,25,3.7843122922187513,2.3610551062948755,10.26347821784359,-0.32203580585939096,11.751215931159775,0.0746310290007342,0.06177551873293561,0.057163221451042814,1.2359482351069366,31.1458955246948,0.12150276074798572,0.0012359482351069367,0.0,1.0,1.0,1.0,0.0,0.0,0.64,10,60,0.7965514764159082,8.966015381051527,0.1572375230440222,,,,0.0
20,10,inverse_volatility,static_1x,,1.0,2024,26,0.8112897097088896,1.3678718546438524,2.4202560005390334,-0.23442713197204168,3.460732991459563,0.029402707872849494,-0.017673314871082705,-0.00026514577724847207,1.261517758512448,31.790247514513688,0.02552008157025198,0.0012615177585124477,0.0,1.0,1.0,1.0,0.0,0.0,0.6153846153846154,10,60,0.5416795702611522,9.409755037638046,0.13760037280546025,,,,0.0
20,10,inverse_volatility,static_1x,,1.0,2025,25,2.305818185085558,2.578564957294923,3.936978306086919,-0.21266693277012882,10.842391692261398,0.05371244701410323,0.09019189801549282,0.10917532406885332,1.443896806208204,36.38619951644674,0.06337067942595426,0.0014438968062082038,0.0,1.0,1.0,1.0,0.0,0.0,0.8,10,60,0.5249251762791984,9.4567214426018,0.13674288418200914,,,,0.0
20,10,inverse_volatility,static_1x,,1.0,2026,11,1.4059983315161761,1.5048769883338684,2.8578285040286864,-0.2963505780953096,4.7443751942471035,0.04500847146698965,0.027895204049558718,0.04338840353177768,1.5457581666289728,38.953105799050114,0.036094640020988056,0.001545758166628973,0.0,1.0,1.0,1.0,0.0,0.0,0.5454545454545454,10,60,0.7536918231595054,9.689376186022765,0.1356368306553395,,,,0.0
20,10,inverse_volatility,legacy_risk_scaled,,1.0,2021,26,-0.2026907056528191,-0.4876814267723533,-0.5229140817546766,-0.3699513683740021,-0.5478847302111045,-0.006561029239349711,-0.04151941140090673,-0.054243463635006,0.5669942129753842,14.288254166979682,-0.014185827273512508,0.0005669942129753842,0.0,0.5346153846153846,0.45,1.0,0.0,0.8461538461538461,0.5,10,60,0.3390285701997658,9.56616285953754,0.12780900232828293,,,,0.0
20,10,inverse_volatility,legacy_risk_scaled,,1.0,2022,26,-0.19248924697391112,-0.5164315499603479,-1.2741721511352493,-0.25314123481132866,-0.760402575729621,-0.006558455344505083,-0.08470086902554524,-0.08391591623005151,0.5433222727790201,13.691721274031307,-0.014058805545435689,0.0005433222727790202,0.0,0.44999999999999996,0.45,0.45,0.0,1.0,0.3076923076923077,10,60,0.3200290042198582,9.517952551147125,0.13729644149863113,,,,0.0
20,10,inverse_volatility,legacy_risk_scaled,,1.0,2023,25,1.5214902986798648,2.53848581595851,12.282246109121036,-0.1568075933237819,9.702912125806545,0.04018973789866442,0.06177551873293561,0.057163221451042814,0.5946586801661112,14.985398740186003,0.10153151911798776,0.0005946586801661112,0.0,0.486,0.45,0.75,0.0,1.0,0.64,10,60,0.39897067325701246,8.966015381051527,0.1572375230440222,,,,0.0
20,10,inverse_volatility,legacy_risk_scaled,,1.0,2024,26,0.6914266968761151,1.5573594106399549,3.165225830214669,-0.10980231948876618,6.29701357945225,0.02376558502425646,-0.017673314871082705,-0.00026514577724847207,0.829073125596175,20.89264276502361,0.03309426694614399,0.000829073125596175,0.0,0.6423076923076922,0.45,1.0,0.0,0.6923076923076923,0.6153846153846154,10,60,0.38455653750804003,9.409755037638046,0.13760037280546025,,,,0.0
20,10,inverse_volatility,legacy_risk_scaled,,1.0,2025,25,1.2799238371411472,2.7201509617839976,5.67782749173217,-0.09623869422069964,13.299472187413084,0.035124920481210846,0.09019189801549282,0.10917532406885332,0.8777931922699177,22.120388445201925,0.05786172518226153,0.0008777931922699176,0.0,0.594,0.45,1.0,0.0,0.76,0.8,10,60,0.32540399726417885,9.4567214426018,0.13674288418200914,,,,0.0
20,10,inverse_volatility,legacy_risk_scaled,,1.0,2026,11,0.577505542396541,1.5048769883338682,2.8578285040286855,-0.14014548574225616,4.120757363948496,0.020253812160145337,0.027895204049558718,0.04338840353177768,0.6955911749830378,17.528897609572553,0.03294591338597154,0.0006955911749830379,0.0,0.45,0.45,0.45,0.0,1.0,0.5454545454545454,10,60,0.33916132042177743,9.689376186022765,0.1356368306553395,,,,0.0
20,10,inverse_volatility,vol_target_25pct_max_1p25,0.25,1.25,2021,26,0.10157688509209994,0.44111333072143905,0.7354386815753142,-0.26614340832968486,0.3816622238724458,0.006241583461607636,-0.04151941140090673,-0.054243463635006,0.6773641067190466,17.069575489319973,0.005950756370927571,0.0006773641067190464,0.0,0.6164380314475165,0.5,1.0,0.0,0.7692307692307693,0.5,10,60,0.3565702786067896,9.56616285953754,0.12780900232828293,,,,0.0
20,10,inverse_volatility,vol_target_25pct_max_1p25,0.25,1.25,2022,26,-0.21605135760420147,-0.5164315499603479,-1.2741721511352488,-0.27779244112143686,-0.7777438318048211,-0.007287172605005648,-0.08470086902554524,-0.08391591623005151,0.6036914141989113,15.213023637812563,-0.014201736797883979,0.0006036914141989112,0.0,0.5,0.5,0.5,0.0,1.0,0.3076923076923077,10,60,0.35558778246650913,9.517952551147125,0.13729644149863113,,,,0.0
20,10,inverse_volatility,vol_target_25pct_max_1p25,0.25,1.25,2023,25,1.351661667140677,2.3610551062948755,10.26347821784359,-0.17298737016280852,7.8136436542653325,0.0373155145003671,0.06177551873293561,0.057163221451042814,0.6179741175534683,15.5729477623474,0.08679549227081804,0.0006179741175534683,0.0,0.5,0.5,0.5,0.0,1.0,0.64,10,60,0.3982757382079541,8.966015381051527,0.1572375230440222,,,,0.0
20,10,inverse_volatility,vol_target_25pct_max_1p25,0.25,1.25,2024,26,0.3977622344606322,1.3709331875545248,2.432195952592804,-0.12156828088365568,3.271924482022593,0.014773880752219162,-0.017673314871082705,-0.00026514577724847207,0.6311635670065363,15.905321888564714,0.025008122265454256,0.0006311635670065362,0.0,0.5003083291087133,0.5,0.5080165568265451,0.0,1.0,0.6153846153846154,10,60,0.2715681539667415,9.409755037638046,0.13760037280546025,,,,0.0
20,10,inverse_volatility,vol_target_25pct_max_1p25,0.25,1.25,2025,25,0.9046000007812898,2.5708961702665496,3.9217764519122817,-0.10772722618822372,8.397134436569914,0.027229149119368672,0.09019189801549282,0.10917532406885332,0.7244099657756525,18.255131137546442,0.04955319104340718,0.0007244099657756526,0.0,0.5022310430651866,0.5,0.5323026825604095,0.0,1.0,0.8,10,60,0.2669009218435096,9.4567214426018,0.13674288418200914,,,,0.0
20,10,inverse_volatility,vol_target_25pct_max_1p25,0.25,1.25,2026,11,0.6493151776557113,1.498883995588128,2.8227501621741533,-0.15640889168794048,4.1513955546158705,0.0225448664334464,0.027895204049558718,0.04338840353177768,0.7755544735714964,19.54397273400171,0.03322329530914984,0.0007755544735714965,0.0,0.5015720921219331,0.5,0.5095160456576746,0.0,1.0,0.5454545454545454,10,60,0.3790357598020304,9.689376186022765,0.1356368306553395,,,,0.0
20,10,inverse_volatility,regime_dd_vol_target_25pct_max_1p25,0.25,1.25,2021,26,0.00644632876125506,0.17002771603755268,0.25160952460176816,-0.2532918494422992,0.02545020211052451,0.0020701131068137225,-0.04151941140090673,-0.054243463635006,0.5941234748573792,14.971911566405954,0.00043056150396448797,0.0005941234748573792,0.0,0.5491303391398241,0.5,1.0,0.0,0.9615384615384616,0.5,10,60,0.3068138036988283,9.56616285953754,0.12780900232828293,,,,0.0
20,10,inverse_volatility,regime_dd_vol_target_25pct_max_1p25,0.25,1.25,2022,26,-0.21605135760420147,-0.5164315499603479,-1.2741721511352488,-0.27779244112143686,-0.7777438318048211,-0.007287172605005648,-0.08470086902554524,-0.08391591623005151,0.6036914141989113,15.213023637812563,-0.014201736797883979,0.0006036914141989112,0.0,0.5,0.5,0.5,0.0,1.0,0.3076923076923077,10,60,0.35558778246650913,9.517952551147125,0.13729644149863113,,,,0.0
20,10,inverse_volatility,regime_dd_vol_target_25pct_max_1p25,0.25,1.25,2023,25,1.351661667140677,2.3610551062948755,10.26347821784359,-0.17298737016280852,7.8136436542653325,0.0373155145003671,0.06177551873293561,0.057163221451042814,0.6179741175534683,15.5729477623474,0.08679549227081804,0.0006179741175534683,0.0,0.5,0.5,0.5,0.0,1.0,0.64,10,60,0.3982757382079541,8.966015381051527,0.1572375230440222,,,,0.0
20,10,inverse_volatility,regime_dd_vol_target_25pct_max_1p25,0.25,1.25,2024,26,0.3977622344606322,1.3709331875545248,2.432195952592804,-0.12156828088365568,3.271924482022593,0.014773880752219162,-0.017673314871082705,-0.00026514577724847207,0.6311635670065363,15.905321888564714,0.025008122265454256,0.0006311635670065362,0.0,0.5003083291087133,0.5,0.5080165568265451,0.0,1.0,0.6153846153846154,10,60,0.2715681539667415,9.409755037638046,0.13760037280546025,,,,0.0
20,10,inverse_volatility,regime_dd_vol_target_25pct_max_1p25,0.25,1.25,2025,25,0.9046000007812898,2.5708961702665496,3.9217764519122817,-0.10772722618822372,8.397134436569914,0.027229149119368672,0.09019189801549282,0.10917532406885332,0.7244099657756525,18.255131137546442,0.04955319104340718,0.0007244099657756526,0.0,0.5022310430651866,0.5,0.5323026825604095,0.0,1.0,0.8,10,60,0.2669009218435096,9.4567214426018,0.13674288418200914,,,,0.0
20,10,inverse_volatility,regime_dd_vol_target_25pct_max_1p25,0.25,1.25,2026,11,0.6493151776557113,1.498883995588128,2.8227501621741533,-0.15640889168794048,4.1513955546158705,0.0225448664334464,0.027895204049558718,0.04338840353177768,0.7755544735714964,19.54397273400171,0.03322329530914984,0.0007755544735714965,0.0,0.5015720921219331,0.5,0.5095160456576746,0.0,1.0,0.5454545454545454,10,60,0.3790357598020304,9.689376186022765,0.1356368306553395,,,,0.0
20,10,inverse_volatility,vol_target_30pct_max_1p25,0.3,1.25,2021,26,0.05041485016162173,0.312523817091771,0.4868318577708789,-0.28978401610833515,0.17397388178502654,0.00474430729797152,-0.04151941140090673,-0.054243463635006,0.7177765743044536,18.08796967247223,0.002787203377410966,0.0007177765743044538,0.0,0.6586652462047262,0.5,1.0,0.0,0.7692307692307693,0.5,10,60,0.3825517844413604,9.56616285953754,0.12780900232828293,,,,0.0
20,10,inverse_volatility,vol_target_30pct_max_1p25,0.3,1.25,2022,26,-0.2188769052253554,-0.5065223264937067,-1.2341066818517605,-0.277792441121437,-0.7879152663109122,-0.007316487254686586,-0.08470086902554524,-0.08391591623005151,0.615665917383285,15.514781118058782,-0.014107637327257467,0.0006156659173832851,0.0,0.5086116377955547,0.5,0.5703380601460556,0.0,1.0,0.3076923076923077,10,60,0.3640026691308991,9.517952551147125,0.13729644149863113,,,,0.0
20,10,inverse_volatility,vol_target_30pct_max_1p25,0.3,1.25,2023,25,1.351661667140677,2.3610551062948755,10.26347821784359,-0.17298737016280852,7.8136436542653325,0.0373155145003671,0.06177551873293561,0.057163221451042814,0.6179741175534683,15.5729477623474,0.08679549227081804,0.0006179741175534683,0.0,0.5,0.5,0.5,0.0,1.0,0.64,10,60,0.3982757382079541,8.966015381051527,0.1572375230440222,,,,0.0
20,10,inverse_volatility,vol_target_30pct_max_1p25,0.3,1.25,2024,26,0.4482835961785754,1.4074180123757187,2.524632218214912,-0.1232191064688184,3.638101338545392,0.016439777094008783,-0.017673314871082705,-0.00026514577724847207,0.6661967925692255,16.788159172744482,0.026702367517837347,0.0006661967925692254,0.0,0.5296721943045247,0.5,0.6096198681918541,0.0,1.0,0.6153846153846154,10,60,0.2943563171184043,9.409755037638046,0.13760037280546025,,,,0.0
20,10,inverse_volatility,vol_target_30pct_max_1p25,0.3,1.25,2025,25,1.050876052737896,2.5060434183730353,3.593921955022232,-0.1292693380799257,8.12935277883261,0.030694829223495198,0.09019189801549282,0.10917532406885332,0.8184102882697679,20.62393926439815,0.05095418674704688,0.0008184102882697681,0.0,0.5672864188501211,0.5321626850141147,0.6387632190724913,0.0,1.0,0.8,10,60,0.3086577394314478,9.4567214426018,0.13674288418200914,,,,0.0
20,10,inverse_volatility,vol_target_30pct_max_1p25,0.3,1.25,2026,11,0.6560499010576379,1.3889115638961425,2.4392051281041534,-0.18027865136549148,3.6390881343325683,0.023333002443335762,0.027895204049558718,0.04338840353177768,0.8360580666834463,21.068663280422847,0.031138658030917615,0.0008360580666834466,0.0,0.5376278286395091,0.5,0.6114192547892096,0.0,1.0,0.5454545454545454,10,60,0.42334708476516725,9.689376186022765,0.1356368306553395,,,,0.0
20,10,inverse_volatility,regime_dd_vol_target_30pct_max_1p25,0.3,1.25,2021,26,-0.04330508717328263,0.03307714888790925,0.04594912412443315,-0.2773464599926757,-0.15614076045688938,0.00044041224965238215,-0.04151941140090673,-0.054243463635006,0.6319284009628097,15.924595704262803,-0.0027193837744772654,0.0006319284009628096,0.0,0.5892317021638515,0.5,1.0,0.0,0.9615384615384616,0.5,10,60,0.33553039074951363,9.56616285953754,0.12780900232828293,,,,0.0
20,10,inverse_volatility,regime_dd_vol_target_30pct_max_1p25,0.3,1.25,2022,26,-0.21605135760420147,-0.5164315499603479,-1.2741721511352488,-0.27779244112143686,-0.7777438318048211,-0.007287172605005648,-0.08470086902554524,-0.08391591623005151,0.6036914141989113,15.213023637812563,-0.014201736797883979,0.0006036914141989112,0.0,0.5,0.5,0.5,0.0,1.0,0.3076923076923077,10,60,0.35558778246650913,9.517952551147125,0.13729644149863113,,,,0.0
20,10,inverse_volatility,regime_dd_vol_target_30pct_max_1p25,0.3,1.25,2023,25,1.351661667140677,2.3610551062948755,10.26347821784359,-0.17298737016280852,7.8136436542653325,0.0373155145003671,0.06177551873293561,0.057163221451042814,0.6179741175534683,15.5729477623474,0.08679549227081804,0.0006179741175534683,0.0,0.5,0.5,0.5,0.0,1.0,0.64,10,60,0.3982757382079541,8.966015381051527,0.1572375230440222,,,,0.0
20,10,inverse_volatility,regime_dd_vol_target_30pct_max_1p25,0.3,1.25,2024,26,0.4482835961785754,1.4074180123757187,2.524632218214912,-0.1232191064688184,3.638101338545392,0.016439777094008783,-0.017673314871082705,-0.00026514577724847207,0.6661967925692255,16.788159172744482,0.026702367517837347,0.0006661967925692254,0.0,0.5296721943045247,0.5,0.6096198681918541,0.0,1.0,0.6153846153846154,10,60,0.2943563171184043,9.409755037638046,0.13760037280546025,,,,0.0
20,10,inverse_volatility,regime_dd_vol_target_30pct_max_1p25,0.3,1.25,2025,25,1.050876052737896,2.5060434183730353,3.593921955022232,-0.1292693380799257,8.12935277883261,0.030694829223495198,0.09019189801549282,0.10917532406885332,0.8184102882697679,20.62393926439815,0.05095418674704688,0.0008184102882697681,0.0,0.5672864188501211,0.5321626850141147,0.6387632190724913,0.0,1.0,0.8,10,60,0.3086577394314478,9.4567214426018,0.13674288418200914,,,,0.0
20,10,inverse_volatility,regime_dd_vol_target_30pct_max_1p25,0.3,1.25,2026,11,0.6560499010576379,1.3889115638961425,2.4392051281041534,-0.18027865136549148,3.6390881343325683,0.023333002443335762,0.027895204049558718,0.04338840353177768,0.8360580666834463,21.068663280422847,0.031138658030917615,0.0008360580666834466,0.0,0.5376278286395091,0.5,0.6114192547892096,0.0,1.0,0.5454545454545454,10,60,0.42334708476516725,9.689376186022765,0.1356368306553395,,,,0.0
20,10,inverse_volatility,vol_target_35pct_max_1p25,0.35,1.25,2021,26,0.014278469335445632,0.23696189446456764,0.3543105219524009,-0.3146077924931284,0.045384983068267444,0.003925260435261583,-0.04151941140090673,-0.054243463635006,0.7813018212026036,19.68880589430561,0.0007252074814539792,0.0007813018212026036,0.0,0.7253609073633295,0.5239691381004701,1.0,0.0,0.7692307692307693,0.5,10,60,0.4174365806455968,9.56616285953754,0.12780900232828293,,,,0.0
20,10,inverse_volatility,vol_target_35pct_max_1p25,0.35,1.25,2022,26,-0.23950725371271842,-0.48031998112308616,-1.1503843234740052,-0.2888370573839142,-0.8292123451263805,-0.007761993952558582,-0.08470086902554524,-0.08391591623005151,0.6786705460185622,17.102497759667767,-0.014004226580139665,0.0006786705460185622,0.0,0.560345008832618,0.5,0.6653944035037316,0.0,1.0,0.3076923076923077,10,60,0.40723320971806815,9.517952551147125,0.13729644149863113,,,,0.0
20,10,inverse_volatility,vol_target_35pct_max_1p25,0.35,1.25,2023,25,1.3597079729936903,2.356132539634867,10.31095955592374,-0.17298737016280863,7.86015748845704,0.03748814511564393,0.06177551873293561,0.057163221451042814,0.61824891304729,15.579872608791709,0.08727336911769151,0.00061824891304729,0.0,0.5003177280304609,0.5,0.5079432007615241,0.0,1.0,0.64,10,60,0.4009542082299957,8.966015381051527,0.1572375230440222,,,,0.0
20,10,inverse_volatility,vol_target_35pct_max_1p25,0.35,1.25,2024,26,0.5385061595648688,1.4593293014991648,2.6238492100658797,-0.13178831961697757,4.086144820193124,0.01933859424337285,-0.017673314871082705,-0.00026514577724847207,0.7487555703792231,18.868640373556424,0.028539743664814432,0.0007487555703792231,0.0,0.5980623487453169,0.5,0.7112231795571631,0.0,1.0,0.6153846153846154,10,60,0.3339428423950376,9.409755037638046,0.13760037280546025,,,,0.0
20,10,inverse_volatility,vol_target_35pct_max_1p25,0.35,1.25,2025,25,1.287991268997935,2.506043418373035,3.593921955022232,-0.15081422775991338,8.540250400302648,0.03581063409407773,0.09019189801549282,0.10917532406885332,0.954812002981396,24.06126247513118,0.05352966288984855,0.000954812002981396,0.0,0.6618341553251413,0.6208564658498004,0.7452237555845733,0.0,1.0,0.8,10,60,0.3601006960033558,9.4567214426018,0.13674288418200914,,,,0.0
20,10,inverse_volatility,vol_target_35pct_max_1p25,0.35,1.25,2026,11,0.7266635051447718,1.3395730013722549,2.3301903478766994,-0.20854348404460432,3.484469958262275,0.026066842258723934,0.027895204049558718,0.04338840353177768,0.9524016660563576,24.00052198462021,0.03027698754262201,0.0009524016660563576,0.0,0.6100182334200365,0.5339157067672498,0.7133224639207444,0.0,1.0,0.5454545454545454,10,60,0.4903685161218781,9.689376186022765,0.1356368306553395,,,,0.0
20,10,inverse_volatility,regime_dd_vol_target_35pct_max_1p25,0.35,1.25,2021,26,-0.09619966335346375,-0.10545476687188886,-0.13973053638006916,-0.3026049592206478,-0.31790511167174457,-0.001493198002097197,-0.04151941140090673,-0.054243463635006,0.666783362269497,16.802940729191324,-0.005725168284759733,0.0006667833622694968,0.0,0.6251400057180398,0.5,1.0,0.0,0.9615384615384616,0.5,10,60,0.35682208371445406,9.56616285953754,0.12780900232828293,,,,0.0
20,10,inverse_volatility,regime_dd_vol_target_35pct_max_1p25,0.35,1.25,2022,26,-0.21605135760420147,-0.5164315499603479,-1.2741721511352488,-0.27779244112143686,-0.7777438318048211,-0.007287172605005648,-0.08470086902554524,-0.08391591623005151,0.6036914141989113,15.213023637812563,-0.014201736797883979,0.0006036914141989112,0.0,0.5,0.5,0.5,0.0,1.0,0.3076923076923077,10,60,0.35558778246650913,9.517952551147125,0.13729644149863113,,,,0.0
20,10,inverse_volatility,regime_dd_vol_target_35pct_max_1p25,0.35,1.25,2023,25,1.351661667140677,2.3610551062948755,10.26347821784359,-0.17298737016280852,7.8136436542653325,0.0373155145003671,0.06177551873293561,0.057163221451042814,0.6179741175534683,15.5729477623474,0.08679549227081804,0.0006179741175534683,0.0,0.5,0.5,0.5,0.0,1.0,0.64,10,60,0.3982757382079541,8.966015381051527,0.1572375230440222,,,,0.0
20,10,inverse_volatility,regime_dd_vol_target_35pct_max_1p25,0.35,1.25,2024,26,0.5385061595648688,1.4593293014991648,2.6238492100658797,-0.13178831961697757,4.086144820193124,0.01933859424337285,-0.017673314871082705,-0.00026514577724847207,0.7487555703792231,18.868640373556424,0.028539743664814432,0.0007487555703792231,0.0,0.5980623487453169,0.5,0.7112231795571631,0.0,1.0,0.6153846153846154,10,60,0.3339428423950376,9.409755037638046,0.13760037280546025,,,,0.0
20,10,inverse_volatility,regime_dd_vol_target_35pct_max_1p25,0.35,1.25,2025,25,1.233625849975601,2.5744784969662198,3.880752907203791,-0.1382658431535253,8.922130164901452,0.03454196061440344,0.09019189801549282,0.10917532406885332,0.9365208132315815,23.600324493435853,0.052271563059174006,0.0009365208132315816,0.0,0.6484161452874322,0.6208564658498004,0.6955258486284329,0.0,1.0,0.8,10,60,0.3381101875617601,9.4567214426018,0.13674288418200914,,,,0.0
20,10,inverse_volatility,regime_dd_vol_target_35pct_max_1p25,0.35,1.25,2026,11,0.7347160635782481,1.3814008747703925,2.5208861434840584,-0.19793537852952814,3.7118986460959666,0.025954261572845437,0.027895204049558718,0.04338840353177768,0.9331016597807977,23.5141618264761,0.031245683728815043,0.0009331016597807977,0.0,0.5987263953584209,0.5339157067672498,0.65,0.0,1.0,0.5454545454545454,10,60,0.47346675652309583,9.689376186022765,0.1356368306553395,,,,0.0
20,10,shrinkage_min_variance,static_1x,,1.0,2021,26,-0.0015453585217428678,0.24843622829626635,0.33898226623990857,-0.3793182708959266,-0.004074041880695135,0.004999942586090849,-0.04151941140090673,-0.054243463635006,1.1778287328646273,29.681284068188607,-5.2065083107342064e-05,0.0011778287328646272,0.0,1.0,1.0,1.0,0.0,0.0,0.5384615384615384,10,60,0.5071665836885633,7.318859606033137,0.17481663690963398,0.17380466868719038,0.5675528118367684,0.39530801297606905,0.0
20,10,shrinkage_min_variance,static_1x,,1.0,2022,26,-0.3124998225562541,-0.3445683907100098,-0.8423694757190634,-0.42861555396393847,-0.7290911859501632,-0.008209911213745712,-0.08470086902554524,-0.08391591623005151,1.3581745555481866,34.2259987998143,-0.009130480731447628,0.001358174555548187,0.0,1.0,1.0,1.0,0.0,0.0,0.34615384615384615,10,60,0.6004316361117153,6.553995299558839,0.18,0.3670921797890567,0.6679256603045716,0.6270405667172756,0.0
20,10,shrinkage_min_variance,static_1x,,1.0,2023,25,2.9481016713997006,2.216817664895792,9.989187501170976,-0.2713753600571137,10.863556922703824,0.06496006446497306,0.06177551873293561,0.057163221451042814,1.309323940062002,32.99496328956245,0.08935005156778872,0.0013093239400620022,0.0,1.0,1.0,1.0,0.0,0.0,0.6,10,60,0.7384430620703633,7.583672347732278,0.17028256285354085,0.14423952224032185,0.4397510243747695,0.5165856767204409,0.0
20,10,shrinkage_min_variance,static_1x,,1.0,2024,26,0.6649501012172352,1.2763131178912428,2.547863477312089,-0.20245920170834175,3.2843659147443818,0.024991783920111903,-0.017673314871082705,-0.00026514577724847207,1.4283228760734104,35.99373647704994,0.018474050384883374,0.00142832287607341,0.0,1.0,1.0,1.0,0.0,0.0,0.6153846153846154,10,60,0.49344705931361116,7.227865431709868,0.1761225220941061,0.17978276378678362,0.4845889002053952,0.42492994860218397,0.0
20,10,shrinkage_min_variance,static_1x,,1.0,2025,25,2.3670647958613675,2.918957911120361,4.213749350189249,-0.176461321729944,13.414071552087307,0.05327203529351479,0.09019189801549282,0.10917532406885332,1.604386299354566,40.43053474373506,0.058546462738244084,0.001604386299354566,0.0,1.0,1.0,1.0,0.0,0.0,0.76,10,60,0.45990909436625227,7.4129195528672644,0.17469413058815017,0.2325496518666765,0.5077993205614534,0.4958950999863723,0.0
20,10,shrinkage_min_variance,static_1x,,1.0,2026,11,1.0380609382243886,1.2863325547794788,2.6984256385634273,-0.2684378960047963,3.8670431920157844,0.037457068190059666,0.027895204049558718,0.04338840353177768,1.6728912347997102,42.156859116952695,0.02462377321195993,0.0016728912347997102,0.0,1.0,1.0,1.0,0.0,0.0,0.6363636363636364,10,60,0.7338056670355538,6.696734217191329,0.17999999999999997,0.2792894529494215,0.6483673996933809,0.42436611514846345,0.0
20,10,shrinkage_min_variance,legacy_risk_scaled,,1.0,2021,26,-0.13536759737485327,-0.3323087838596313,-0.3448169503496284,-0.28721453532041497,-0.4713117921550799,-0.003938218010115766,-0.04151941140090673,-0.054243463635006,0.6409479152309696,16.151887463820433,-0.008380915089835237,0.0006409479152309696,0.0,0.5346153846153846,0.45,1.0,0.0,0.8461538461538461,0.5384615384615384,10,60,0.29864721811517936,7.318859606033137,0.17481663690963398,0.17380466868719038,0.5675528118367684,0.39530801297606905,0.0
20,10,shrinkage_min_variance,legacy_risk_scaled,,1.0,2022,26,-0.119835994822873,-0.3445683907100102,-0.8423694757190645,-0.2154987097278548,-0.5560868321402451,-0.003694460046185575,-0.08470086902554524,-0.08391591623005151,0.6111785499966842,15.401699459916442,-0.0077806994698702645,0.000611178549996684,0.0,0.44999999999999996,0.45,0.45,0.0,1.0,0.34615384615384615,10,60,0.27019423625027195,6.553995299558839,0.18,0.3670921797890567,0.6679256603045716,0.6270405667172756,0.0
20,10,shrinkage_min_variance,legacy_risk_scaled,,1.0,2023,25,1.2611220828180398,2.4302444415144246,12.051421633909174,-0.13029600020433052,9.678900970408492,0.03526688299360615,0.06177551873293561,0.057163221451042814,0.6252280420436833,15.755746659500819,0.08004203863341347,0.0006252280420436833,0.0,0.486,0.45,0.75,0.0,1.0,0.6,10,60,0.36569385213162314,7.583672347732278,0.17028256285354085,0.14423952224032185,0.4397510243747695,0.5165856767204409,0.0
20,10,shrinkage_min_variance,legacy_risk_scaled,,1.0,2024,26,0.5918455349422469,1.5050273048285958,3.9379993866379586,-0.09404905671185348,6.2929449335737315,0.02081183383926454,-0.017673314871082705,-0.00026514577724847207,0.9386838980798665,23.654834231612636,0.02502006689826203,0.0009386838980798665,0.0,0.6423076923076922,0.45,1.0,0.0,0.6923076923076923,0.6153846153846154,10,60,0.3484708955557427,7.227865431709868,0.1761225220941061,0.17978276378678362,0.4845889002053952,0.42492994860218397,0.0
20,10,shrinkage_min_variance,legacy_risk_scaled,,1.0,2025,25,1.2007764029435104,3.0810672712337337,5.964982230977515,-0.07995364715949871,15.018406859515663,0.03312825369711687,0.09019189801549282,0.10917532406885332,0.9838857236283023,24.793920235433216,0.04843027611371718,0.0009838857236283023,0.0,0.594,0.45,1.0,0.0,0.76,0.76,10,60,0.2709554578576463,7.4129195528672644,0.17469413058815017,0.2325496518666765,0.5077993205614534,0.4958950999863723,0.0
20,10,shrinkage_min_variance,legacy_risk_scaled,,1.0,2026,11,0.4547895035075442,1.2863325547794788,2.6984256385634273,-0.12590045652384418,3.612294316195843,0.016855680685526852,0.027895204049558718,0.04338840353177768,0.7528010556598695,18.97058660262871,0.023973402248116307,0.0007528010556598696,0.0,0.45,0.45,0.45,0.0,1.0,0.6363636363636364,10,60,0.33021255016599926,6.696734217191329,0.17999999999999997,0.2792894529494215,0.6483673996933809,0.42436611514846345,0.0
20,10,shrinkage_min_variance,vol_target_25pct_max_1p25,0.25,1.25,2021,26,0.08899514781937135,0.41113355357631104,0.6346590642298608,-0.22673633810424654,0.3925050063146652,0.005641905039001676,-0.04151941140090673,-0.054243463635006,0.778767437543139,19.624939426087103,0.004534798599228876,0.0007787674375431392,0.0,0.6355441968843927,0.5,1.0,0.0,0.7692307692307693,0.5,10,60,0.3458146525529271,7.318859606033137,0.17481663690963398,0.17380466868719038,0.5675528118367684,0.39530801297606905,0.0
20,10,shrinkage_min_variance,vol_target_25pct_max_1p25,0.25,1.25,2022,26,-0.1321187099984753,-0.3269944576814154,-0.8038402693288298,-0.23705393488251603,-0.5573360765513273,-0.003917140497778951,-0.08470086902554524,-0.08391591623005151,0.6817468379525358,17.1800203164039,-0.007690253420266631,0.0006817468379525358,0.0,0.5017526623969507,0.5,0.5229539883623042,0.0,1.0,0.34615384615384615,10,60,0.3018764943111139,6.553995299558839,0.18,0.3670921797890567,0.6679256603045716,0.6270405667172756,0.0
20,10,shrinkage_min_variance,vol_target_25pct_max_1p25,0.25,1.25,2023,25,1.1107588547034646,2.216817664895792,9.989187501170976,-0.1439232265153747,7.717717852752606,0.03248003223248653,0.06177551873293561,0.057163221451042814,0.654661970031001,16.497481644781224,0.06732899472901305,0.0006546619700310011,0.0,0.5,0.5,0.5,0.0,1.0,0.6,10,60,0.3692215310351816,7.583672347732278,0.17028256285354085,0.14423952224032185,0.4397510243747695,0.5165856767204409,0.0
20,10,shrinkage_min_variance,vol_target_25pct_max_1p25,0.25,1.25,2024,26,0.34657109152234367,1.2738220249776604,2.4685026712043894,-0.10534204843023809,3.2899596759964047,0.01315248007935987,-0.017673314871082705,-0.00026514577724847207,0.7346070816023698,18.512098456379718,0.018721329315472976,0.0007346070816023697,0.0,0.514571940551994,0.5,0.5535969401859963,0.0,1.0,0.6153846153846154,10,60,0.26019529534016456,7.227865431709868,0.1761225220941061,0.17978276378678362,0.4845889002053952,0.42492994860218397,0.0
20,10,shrinkage_min_variance,vol_target_25pct_max_1p25,0.25,1.25,2025,25,1.0359350589775045,2.901831641875099,4.575012757582722,-0.08990238723413735,11.522887109544335,0.02985820961452856,0.09019189801549282,0.10917532406885332,0.8617258157871889,21.71549055783716,0.047704888647041574,0.0008617258157871889,0.0,0.5383706799316126,0.5,0.6412485711098178,0.0,1.0,0.76,10,60,0.2592937754996421,7.4129195528672644,0.17469413058815017,0.2325496518666765,0.5077993205614534,0.4958950999863723,0.0
20,10,shrinkage_min_variance,vol_target_25pct_max_1p25,0.25,1.25,2026,11,0.48784762744934973,1.2034238423249173,2.188814945733643,-0.1546970919294386,3.153566892336088,0.01846229692225507,0.027895204049558718,0.04338840353177768,0.8640274561135602,21.773491894061717,0.022405576001449743,0.0008640274561135603,0.0,0.5161598406574981,0.5,0.5880747953695233,0.0,1.0,0.6363636363636364,10,60,0.3866051727394754,6.696734217191329,0.17999999999999997,0.2792894529494215,0.6483673996933809,0.42436611514846345,0.0
20,10,shrinkage_min_variance,regime_dd_vol_target_25pct_max_1p25,0.25,1.25,2021,26,-0.0018335894817264053,0.1385022606432276,0.18787679774620877,-0.22673633810424665,-0.008086879664094139,0.0016320894606720844,-0.04151941140090673,-0.054243463635006,0.6839553830459612,17.23567565275822,-0.00010638338285467657,0.0006839553830459611,0.0,0.5682365045767003,0.5,1.0,0.0,0.9615384615384616,0.5,10,60,0.29695294660121935,7.318859606033137,0.17481663690963398,0.17380466868719038,0.5675528118367684,0.39530801297606905,0.0
20,10,shrinkage_min_variance,regime_dd_vol_target_25pct_max_1p25,0.25,1.25,2022,26,-0.1358546989655659,-0.3445683907100098,-0.8423694757190634,-0.23705393488251625,-0.5730961565050392,-0.004104955606872856,-0.08470086902554524,-0.08391591623005151,0.6790872777740933,17.11299939990715,-0.007938684259306585,0.0006790872777740935,0.0,0.5,0.5,0.5,0.0,1.0,0.34615384615384615,10,60,0.3002158180558577,6.553995299558839,0.18,0.3670921797890567,0.6679256603045716,0.6270405667172756,0.0
20,10,shrinkage_min_variance,regime_dd_vol_target_25pct_max_1p25,0.25,1.25,2023,25,1.1107588547034646,2.216817664895792,9.989187501170976,-0.1439232265153747,7.717717852752606,0.03248003223248653,0.06177551873293561,0.057163221451042814,0.654661970031001,16.497481644781224,0.06732899472901305,0.0006546619700310011,0.0,0.5,0.5,0.5,0.0,1.0,0.6,10,60,0.3692215310351816,7.583672347732278,0.17028256285354085,0.14423952224032185,0.4397510243747695,0.5165856767204409,0.0
20,10,shrinkage_min_variance,regime_dd_vol_target_25pct_max_1p25,0.25,1.25,2024,26,0.34657109152234367,1.2738220249776604,2.4685026712043894,-0.10534204843023809,3.2899596759964047,0.01315248007935987,-0.017673314871082705,-0.00026514577724847207,0.7346070816023698,18.512098456379718,0.018721329315472976,0.0007346070816023697,0.0,0.514571940551994,0.5,0.5535969401859963,0.0,1.0,0.6153846153846154,10,60,0.26019529534016456,7.227865431709868,0.1761225220941061,0.17978276378678362,0.4845889002053952,0.42492994860218397,0.0
20,10,shrinkage_min_variance,regime_dd_vol_target_25pct_max_1p25,0.25,1.25,2025,25,1.0359350589775045,2.901831641875099,4.575012757582722,-0.08990238723413735,11.522887109544335,0.02985820961452856,0.09019189801549282,0.10917532406885332,0.8617258157871889,21.71549055783716,0.047704888647041574,0.0008617258157871889,0.0,0.5383706799316126,0.5,0.6412485711098178,0.0,1.0,0.76,10,60,0.2592937754996421,7.4129195528672644,0.17469413058815017,0.2325496518666765,0.5077993205614534,0.4958950999863723,0.0
20,10,shrinkage_min_variance,regime_dd_vol_target_25pct_max_1p25,0.25,1.25,2026,11,0.48784762744934973,1.2034238423249173,2.188814945733643,-0.1546970919294386,3.153566892336088,0.01846229692225507,0.027895204049558718,0.04338840353177768,0.8640274561135602,21.773491894061717,0.022405576001449743,0.0008640274561135603,0.0,0.5161598406574981,0.5,0.5880747953695233,0.0,1.0,0.6363636363636364,10,60,0.3866051727394754,6.696734217191329,0.17999999999999997,0.2792894529494215,0.6483673996933809,0.42436611514846345,0.0
20,10,shrinkage_min_variance,vol_target_30pct_max_1p25,0.3,1.25,2021,26,0.04817621865973298,0.30644528673274146,0.446416612868418,-0.2679440896486488,0.17979951982857975,0.004593578343376929,-0.04151941140090673,-0.054243463635006,0.8516249638781107,21.460949089728388,0.002244831692126376,0.0008516249638781105,0.0,0.7036999702884594,0.5043871291436676,1.0,0.0,0.7692307692307693,0.5,10,60,0.377744998095057,7.318859606033137,0.17481663690963398,0.17380466868719038,0.5675528118367684,0.39530801297606905,0.0
20,10,shrinkage_min_variance,vol_target_30pct_max_1p25,0.3,1.25,2022,26,-0.1436372632388625,-0.31773432686271436,-0.7488934192466169,-0.24149203131992458,-0.5947909024317837,-0.004136887968380396,-0.08470086902554524,-0.08391591623005151,0.7351320304246729,18.525327166701757,-0.007753561486192939,0.0007351320304246729,0.0,0.5394358613737426,0.5,0.627544786034765,0.0,1.0,0.34615384615384615,10,60,0.32810297153769546,6.553995299558839,0.18,0.3670921797890567,0.6679256603045716,0.6270405667172756,0.0
20,10,shrinkage_min_variance,vol_target_30pct_max_1p25,0.3,1.25,2023,25,1.135805925220918,2.200896266278635,10.17035779979457,-0.1439232265153747,7.891748626824905,0.03306911088759974,0.06177551873293561,0.057163221451042814,0.6558132409363442,16.526493671595873,0.06872637038387826,0.0006558132409363441,0.0,0.5012815114210377,0.5,0.5259299327856731,0.0,1.0,0.6,10,60,0.37863737929664515,7.583672347732278,0.17028256285354085,0.14423952224032185,0.4397510243747695,0.5165856767204409,0.0
20,10,shrinkage_min_variance,vol_target_30pct_max_1p25,0.3,1.25,2024,26,0.4138242842707691,1.2893703105112508,2.4000557206538042,-0.12166023089673017,3.4014754141148957,0.015577035184101355,-0.017673314871082705,-0.00026514577724847207,0.8338462507511982,21.012925518930196,0.019693796748956337,0.0008338462507511984,0.0,0.585623405246914,0.5,0.6643163282231955,0.0,1.0,0.6153846153846154,10,60,0.3044441797978944,7.227865431709868,0.1761225220941061,0.17978276378678362,0.4845889002053952,0.42492994860218397,0.0
20,10,shrinkage_min_variance,vol_target_30pct_max_1p25,0.3,1.25,2025,25,1.3057285678242856,2.88206170802457,4.523252994750192,-0.10788286468096475,12.103206303296034,0.03547804244740907,0.09019189801549282,0.10917532406885332,1.0251656657279904,25.834174776345357,0.050542685381994655,0.0010251656657279905,0.0,0.6407776653719546,0.571315972952262,0.7694982853317814,0.0,1.0,0.76,10,60,0.3102108005478857,7.4129195528672644,0.17469413058815017,0.2325496518666765,0.5077993205614534,0.4958950999863723,0.0
20,10,shrinkage_min_variance,vol_target_30pct_max_1p25,0.3,1.25,2026,11,0.5229343975198126,1.1221997432684168,1.9872502608652096,-0.1843709580552595,2.8363165383296387,0.020412135044833607,0.027895204049558718,0.04338840353177768,0.9770762889674305,24.622322481979246,0.02123822388820313,0.0009770762889674304,0.0,0.5800486066635,0.5,0.705689754443428,0.0,1.0,0.6363636363636364,10,60,0.45837276849810504,6.696734217191329,0.17999999999999997,0.2792894529494215,0.6483673996933809,0.42436611514846345,0.0
20,10,shrinkage_min_variance,regime_dd_vol_target_30pct_max_1p25,0.3,1.25,2021,26,-0.0336886633049025,0.05679467849382435,0.07446022364439486,-0.2586663442706748,-0.13023984005298292,0.000738814518629477,-0.04151941140090673,-0.054243463635006,0.7491615827466751,18.878871885216213,-0.0017844637915723997,0.0007491615827466753,0.0,0.6304652564305541,0.5,1.0,0.0,0.9615384615384616,0.5,10,60,0.3278146186088066,7.318859606033137,0.17481663690963398,0.17380466868719038,0.5675528118367684,0.39530801297606905,0.0
20,10,shrinkage_min_variance,regime_dd_vol_target_30pct_max_1p25,0.3,1.25,2022,26,-0.1358546989655659,-0.3445683907100098,-0.8423694757190634,-0.23705393488251625,-0.5730961565050392,-0.004104955606872856,-0.08470086902554524,-0.08391591623005151,0.6790872777740933,17.11299939990715,-0.007938684259306585,0.0006790872777740935,0.0,0.5,0.5,0.5,0.0,1.0,0.34615384615384615,10,60,0.3002158180558577,6.553995299558839,0.18,0.3670921797890567,0.6679256603045716,0.6270405667172756,0.0
20,10,shrinkage_min_variance,regime_dd_vol_target_30pct_max_1p25,0.3,1.25,2023,25,1.1107588547034646,2.216817664895792,9.989187501170976,-0.1439232265153747,7.717717852752606,0.03248003223248653,0.06177551873293561,0.057163221451042814,0.654661970031001,16.497481644781224,0.06732899472901305,0.0006546619700310011,0.0,0.5,0.5,0.5,0.0,1.0,0.6,10,60,0.3692215310351816,7.583672347732278,0.17028256285354085,0.14423952224032185,0.4397510243747695,0.5165856767204409,0.0
20,10,shrinkage_min_variance,regime_dd_vol_target_30pct_max_1p25,0.3,1.25,2024,26,0.4090531473916883,1.2841472867388328,2.387890642072158,-0.12101674320696842,3.3801368021622156,0.01542100704675208,-0.017673314871082705,-0.00026514577724847207,0.8315402976514193,20.954815500815766,0.019520722927661376,0.0008315402976514195,0.0,0.5839020908379842,0.5,0.65,0.0,1.0,0.6153846153846154,10,60,0.30262056509502794,7.227865431709868,0.1761225220941061,0.17978276378678362,0.4845889002053952,0.42492994860218397,0.0
20,10,shrinkage_min_variance,regime_dd_vol_target_30pct_max_1p25,0.3,1.25,2025,25,1.205498245146488,2.9021819651234266,4.293162031116532,-0.10788286468096475,11.174140107527109,0.03345465106008613,0.09019189801549282,0.10917532406885332,0.9975587745394379,25.138481118393834,0.04795429920642359,0.000997558774539438,0.0,0.622703021005449,0.571315972952262,0.65,0.0,1.0,0.76,10,60,0.29049081582254144,7.4129195528672644,0.17469413058815017,0.2325496518666765,0.5077993205614534,0.4958950999863723,0.0
20,10,shrinkage_min_variance,regime_dd_vol_target_30pct_max_1p25,0.3,1.25,2026,11,0.5452801951878006,1.1707040765431556,2.2335844429253067,-0.17489462920052778,3.1177640941884057,0.02081942229166784,0.027895204049558718,0.04338840353177768,0.9618701272210006,24.239127205969215,0.02249586755143221,0.0009618701272210005,0.0,0.5711432646491417,0.5,0.65,0.0,1.0,0.6363636363636364,10,60,0.4481486417124383,6.696734217191329,0.17999999999999997,0.2792894529494215,0.6483673996933809,0.42436611514846345,0.0
20,10,shrinkage_min_variance,vol_target_35pct_max_1p25,0.35,1.25,2021,26,0.017371995562120546,0.24355903384681446,0.34029096106308393,-0.3078143446791616,0.056436601680235454,0.004005475354242353,-0.04151941140090673,-0.054243463635006,0.9369250875999872,23.610512207519676,0.0007357737693038174,0.0009369250875999872,0.0,0.7825217602083309,0.5884516506676122,1.0,0.0,0.7692307692307693,0.5384615384615384,10,60,0.4144292138652178,7.318859606033137,0.17481663690963398,0.17380466868719038,0.5675528118367684,0.39530801297606905,0.0
20,10,shrinkage_min_variance,vol_target_35pct_max_1p25,0.35,1.25,2022,26,-0.16568210297733255,-0.296798722169232,-0.7004561203377222,-0.26986625193479286,-0.6139415424844079,-0.0044843086364392305,-0.08470086902554524,-0.08391591623005151,0.8449491665717512,21.29271899760813,-0.007781162330463482,0.0008449491665717512,0.0,0.6207775400009379,0.5326991461267394,0.7321355837072259,0.0,1.0,0.34615384615384615,10,60,0.3807448253562036,6.553995299558839,0.18,0.3670921797890567,0.6679256603045716,0.6270405667172756,0.0
20,10,shrinkage_min_variance,vol_target_35pct_max_1p25,0.35,1.25,2023,25,1.2718481268855344,2.1533273694135078,9.879775760513263,-0.1439232265153747,8.836990093115153,0.03615990028531919,0.06177551873293561,0.057163221451042814,0.6930839519741094,17.465715589747557,0.07281969755834763,0.0006930839519741096,0.0,0.52907856157707,0.5,0.6135849215832853,0.0,1.0,0.6,10,60,0.42317276050702457,7.583672347732278,0.17028256285354085,0.14423952224032185,0.4397510243747695,0.5165856767204409,0.0
20,10,shrinkage_min_variance,vol_target_35pct_max_1p25,0.35,1.25,2024,26,0.49391530054137056,1.316813183482317,2.3950525451869136,-0.14193693604618496,3.47982219639189,0.018371032956100188,-0.017673314871082705,-0.00026514577724847207,0.9478586539622914,23.886038079849744,0.02067799184152006,0.0009478586539622914,0.0,0.6672016650957586,0.5,0.7750357162603948,0.0,1.0,0.6153846153846154,10,60,0.3515684960485069,7.227865431709868,0.1761225220941061,0.17978276378678362,0.4845889002053952,0.42492994860218397,0.0
20,10,shrinkage_min_variance,vol_target_35pct_max_1p25,0.35,1.25,2025,25,1.6218719102584127,2.8820617080245694,4.523252994750192,-0.12586334212779227,12.885975239809577,0.04139104952197724,0.09019189801549282,0.10917532406885332,1.1960266100159886,30.139870572402913,0.05381150879073295,0.0011960266100159887,0.0,0.747573942933947,0.666535301777639,0.897747999553745,0.0,1.0,0.76,10,60,0.36191260063919994,7.4129195528672644,0.17469413058815017,0.2325496518666765,0.5077993205614534,0.4958950999863723,0.0
20,10,shrinkage_min_variance,vol_target_35pct_max_1p25,0.35,1.25,2026,11,0.5901268227936878,1.1046460047763522,1.9458497875324288,-0.2133979853926714,2.7653814149547924,0.02338945862204399,0.027895204049558718,0.04338840353177768,1.126709512865125,28.39307972420115,0.020784177994283823,0.0011267095128651252,0.0,0.6679387844881026,0.5585406720876337,0.8233047135173326,0.0,1.0,0.6363636363636364,10,60,0.5335775938417865,6.696734217191329,0.17999999999999997,0.2792894529494215,0.6483673996933809,0.42436611514846345,0.0
20,10,shrinkage_min_variance,regime_dd_vol_target_35pct_max_1p25,0.35,1.25,2021,26,-0.051568024861123885,0.012098719407272952,0.01547455355761957,-0.2587483108661769,-0.19929801546721812,0.00016293849349598155,-0.04151941140090673,-0.054243463635006,0.785986362945298,19.806856346221508,-0.002603544144498294,0.000785986362945298,0.0,0.6620217796996553,0.5,1.0,0.0,0.9615384615384616,0.5384615384615384,10,60,0.3393788960532838,7.318859606033137,0.17481663690963398,0.17380466868719038,0.5675528118367684,0.39530801297606905,0.0
20,10,shrinkage_min_variance,regime_dd_vol_target_35pct_max_1p25,0.35,1.25,2022,26,-0.1358546989655659,-0.3445683907100098,-0.8423694757190634,-0.23705393488251625,-0.5730961565050392,-0.004104955606872856,-0.08470086902554524,-0.08391591623005151,0.6790872777740933,17.11299939990715,-0.007938684259306585,0.0006790872777740935,0.0,0.5,0.5,0.5,0.0,1.0,0.34615384615384615,10,60,0.3002158180558577,6.553995299558839,0.18,0.3670921797890567,0.6679256603045716,0.6270405667172756,0.0
20,10,shrinkage_min_variance,regime_dd_vol_target_35pct_max_1p25,0.35,1.25,2023,25,1.1107588547034646,2.216817664895792,9.989187501170976,-0.1439232265153747,7.717717852752606,0.03248003223248653,0.06177551873293561,0.057163221451042814,0.654661970031001,16.497481644781224,0.06732899472901305,0.0006546619700310011,0.0,0.5,0.5,0.5,0.0,1.0,0.6,10,60,0.3692215310351816,7.583672347732278,0.17028256285354085,0.14423952224032185,0.4397510243747695,0.5165856767204409,0.0
20,10,shrinkage_min_variance,regime_dd_vol_target_35pct_max_1p25,0.35,1.25,2024,26,0.474539022543091,1.3532333967683912,2.701712582759957,-0.12101674320696842,3.92126750371651,0.01751316536306258,-0.017673314871082705,-0.00026514577724847207,0.9016510219890367,22.721605754123726,0.02088492458139616,0.0009016510219890366,0.0,0.6327071560650553,0.5,0.7531473477398122,0.0,1.0,0.6153846153846154,10,60,0.3261313001904223,7.227865431709868,0.1761225220941061,0.17978276378678362,0.4845889002053952,0.42492994860218397,0.0
20,10,shrinkage_min_variance,regime_dd_vol_target_35pct_max_1p25,0.35,1.25,2025,25,1.290903283708662,2.9387650843907847,4.288545266528052,-0.11475896314408973,11.248823171117555,0.0351332893950865,0.09019189801549282,0.10917532406885332,1.0634884564628313,26.79990910286335,0.04816819634551446,0.0010634884564628313,0.0,0.6621178698276593,0.65,0.7395177736183083,0.0,1.0,0.76,10,60,0.30126902536672734,7.4129195528672644,0.17469413058815017,0.2325496518666765,0.5077993205614534,0.4958950999863723,0.0
20,10,shrinkage_min_variance,regime_dd_vol_target_35pct_max_1p25,0.35,1.25,2026,11,0.6085199201826448,1.2170662124774394,2.484907046603259,-0.17916555891130637,3.396411251583709,0.022774845355502817,0.027895204049558718,0.04338840353177768,1.037743522551194,26.151136768290087,0.023269348693113555,0.001037743522551194,0.0,0.6169729858049284,0.5585406720876337,0.65,0.0,1.0,0.6363636363636364,10,60,0.4715652255191579,6.696734217191329,0.17999999999999997,0.2792894529494215,0.6483673996933809,0.42436611514846345,0.0
20,10,shrinkage_risk_parity,static_1x,,1.0,2021,26,-0.05354421961156208,0.1640175347840661,0.2306168643239061,-0.3971140252375679,-0.13483336323749837,0.0034851934180289796,-0.04151941140090673,-0.054243463635006,1.031702739002679,25.998909022867508,-0.0020594794790991773,0.001031702739002679,0.0,1.0,1.0,1.0,0.0,0.0,0.5,10,60,0.5354724679282428,9.395672179116078,0.14513449901246067,0.17380466868719038,0.5675528118367684,0.42432458635747167,0.0
20,10,shrinkage_risk_parity,static_1x,,1.0,2022,26,-0.4428766534547962,-0.5526001466047402,-1.449140458584782,-0.49775938352340776,-0.8897404410940037,-0.014763178938649075,-0.08470086902554524,-0.08391591623005151,1.189370071718505,29.972125807306323,-0.01477628434840067,0.001189370071718505,0.0,1.0,1.0,1.0,0.0,0.0,0.3076923076923077,10,60,0.6732392518166685,9.534216532443233,0.14192414156975025,0.3670921797890567,0.6679256603045716,0.6741321639941027,0.0
20,10,shrinkage_risk_parity,static_1x,,1.0,2023,25,3.112386750194971,2.187057889150522,8.88914781063991,-0.31977947393805395,9.732915974456468,0.06793891160905526,0.06177551873293561,0.057163221451042814,1.1902737761746431,29.994899159601005,0.1037638677707884,0.0011902737761746432,0.0,1.0,1.0,1.0,0.0,0.0,0.6,10,60,0.7828144746608312,9.267919361121052,0.15117310110233084,0.14423952224032185,0.4397510243747695,0.5457749316695408,0.0
20,10,shrinkage_risk_parity,static_1x,,1.0,2024,26,0.863056866524943,1.4264048239314868,2.7604659015372337,-0.23638198912009745,3.6511109401251964,0.030395680370202367,-0.017673314871082705,-0.00026514577724847207,1.2823516008440616,32.31526034127035,0.02670740874158203,0.0012823516008440615,0.0,1.0,1.0,1.0,0.0,0.0,0.6153846153846154,10,60,0.5369942196479076,9.274401747091249,0.15113290592613945,0.17978276378678362,0.4845889002053952,0.45335117417383736,0.0
20,10,shrinkage_risk_parity,static_1x,,1.0,2025,25,2.346854874837674,2.7498357121239834,4.470879779000225,-0.189068533767076,12.412720552055978,0.05356435922354587,0.09019189801549282,0.10917532406885332,1.4454460674191163,36.42524089896173,0.06442935769038576,0.0014454460674191167,0.0,1.0,1.0,1.0,0.0,0.0,0.8,10,60,0.49087363528010497,9.403748699491771,0.14977630812199083,0.2325496518666765,0.5077993205614534,0.5251041521939818,0.0
20,10,shrinkage_risk_parity,static_1x,,1.0,2026,11,1.3735480009159722,1.4964219276976474,2.881812243490176,-0.27738258539525584,4.951817717607388,0.044039099539377465,0.027895204049558718,0.04338840353177768,1.5897522422691885,40.06175650518355,0.03428576579607163,0.0015897522422691885,0.0,1.0,1.0,1.0,0.0,0.0,0.5454545454545454,10,60,0.7416259330680863,9.178030241725084,0.15686798075959676,0.2792894529494215,0.6483673996933809,0.46140525105491653,0.0
20,10,shrinkage_risk_parity,legacy_risk_scaled,,1.0,2021,26,-0.19810870550552606,-0.4969877331125687,-0.5221651349176677,-0.3542468845342962,-0.5592390904607837,-0.006480440113454668,-0.04151941140090673,-0.054243463635006,0.5606838347917098,14.129232636751087,-0.014021193549480667,0.0005606838347917098,0.0,0.5346153846153846,0.45,1.0,0.0,0.8461538461538461,0.5,10,60,0.3285938062017886,9.395672179116078,0.14513449901246067,0.17380466868719038,0.5675528118367684,0.42432458635747167,0.0
20,10,shrinkage_risk_parity,legacy_risk_scaled,,1.0,2022,26,-0.1903724108199052,-0.5526001466047401,-1.4491404585847816,-0.25756015513270425,-0.739137661731173,-0.0066434305223920815,-0.08470086902554524,-0.08391591623005151,0.5352165322733273,13.487456613287849,-0.01411477465902283,0.0005352165322733272,0.0,0.44999999999999996,0.45,0.45,0.0,1.0,0.3076923076923077,10,60,0.30295766331750085,9.534216532443233,0.14192414156975025,0.3670921797890567,0.6679256603045716,0.6741321639941027,0.0
20,10,shrinkage_risk_parity,legacy_risk_scaled,,1.0,2023,25,1.3441940837379396,2.4030074269926707,10.777880732060384,-0.15589310121914712,8.622537323497948,0.03706844299296843,0.06177551873293561,0.057163221451042814,0.5699439394188376,14.362587273354707,0.09358996802976241,0.0005699439394188376,0.0,0.486,0.45,0.75,0.0,1.0,0.6,10,60,0.3887315340476697,9.267919361121052,0.15117310110233084,0.14423952224032185,0.4397510243747695,0.5457749316695408,0.0
20,10,shrinkage_risk_parity,legacy_risk_scaled,,1.0,2024,26,0.7210509800594236,1.6405630551078194,3.9761696744485304,-0.11110767465123861,6.489659533625974,0.024299136971654225,-0.017673314871082705,-0.00026514577724847207,0.8398394682527074,21.163954599968225,0.034069765962383335,0.0008398394682527074,0.0,0.6423076923076922,0.45,1.0,0.0,0.6923076923076923,0.6153846153846154,10,60,0.3732488365986293,9.274401747091249,0.15113290592613945,0.17978276378678362,0.4845889002053952,0.45335117417383736,0.0
20,10,shrinkage_risk_parity,legacy_risk_scaled,,1.0,2025,25,1.3015365463906337,2.9373795482846816,6.484561768712676,-0.08563084019518419,15.199390119540496,0.0352632681194435,0.09019189801549282,0.10917532406885332,0.8823493568407828,22.235203792387725,0.058534950187243966,0.0008823493568407828,0.0,0.594,0.45,1.0,0.0,0.76,0.8,10,60,0.3025262285661739,9.403748699491771,0.14977630812199083,0.2325496518666765,0.5077993205614534,0.5251041521939818,0.0
20,10,shrinkage_risk_parity,legacy_risk_scaled,,1.0,2026,11,0.5634462382345109,1.4964219276976474,2.8818122434901765,-0.13040305863342005,4.320805387076322,0.01981759479271986,0.027895204049558718,0.04338840353177768,0.7153885090211348,18.027790427332597,0.031254314859365646,0.0007153885090211348,0.0,0.45,0.45,0.45,0.0,1.0,0.5454545454545454,10,60,0.33373166988063885,9.178030241725084,0.15686798075959676,0.2792894529494215,0.6483673996933809,0.46140525105491653,0.0
20,10,shrinkage_risk_parity,vol_target_25pct_max_1p25,0.25,1.25,2021,26,0.07547244293091482,0.3742004304418208,0.60404704586421,-0.26116805966536694,0.2889803715952755,0.005192707480585802,-0.04151941140090673,-0.054243463635006,0.6717004891105477,16.926852325585802,0.004458740554901301,0.0006717004891105478,0.0,0.6198015449125875,0.5,1.0,0.0,0.7692307692307693,0.5,10,60,0.34969555849056466,9.395672179116078,0.14513449901246067,0.17380466868719038,0.5675528118367684,0.42432458635747167,0.0
20,10,shrinkage_risk_parity,vol_target_25pct_max_1p25,0.25,1.25,2022,26,-0.21299194207302696,-0.550898035690686,-1.4455023111095886,-0.28256702506245013,-0.7537749389758186,-0.007362525517891701,-0.08470086902554524,-0.08391591623005151,0.5948695880660313,14.990713619263989,-0.01420825902506197,0.0005948695880660311,0.0,0.500137593542433,0.5,0.502635901470626,0.0,1.0,0.3076923076923077,10,60,0.3367876286185272,9.534216532443233,0.14192414156975025,0.3670921797890567,0.6679256603045716,0.6741321639941027,0.0
20,10,shrinkage_risk_parity,vol_target_25pct_max_1p25,0.25,1.25,2023,25,1.1720410514939457,2.187057889150522,8.88914781063991,-0.17195830117725885,6.815844559232862,0.03396945580452763,0.06177551873293561,0.057163221451042814,0.5951368880873216,14.997449579800502,0.0781493576796233,0.0005951368880873216,0.0,0.5,0.5,0.5,0.0,1.0,0.6,10,60,0.3914072373304156,9.267919361121052,0.15117310110233084,0.14423952224032185,0.4397510243747695,0.5457749316695408,0.0
20,10,shrinkage_risk_parity,vol_target_25pct_max_1p25,0.25,1.25,2024,26,0.41390177016543706,1.4264048239314868,2.7604659015372337,-0.12297237442745701,3.365810996921126,0.015197840185101183,-0.017673314871082705,-0.00026514577724847207,0.6411758004220308,16.157630170635176,0.025616489905658367,0.0006411758004220308,0.0,0.5,0.5,0.5,0.0,1.0,0.6153846153846154,10,60,0.2684971098239538,9.274401747091249,0.15113290592613945,0.17978276378678362,0.4845889002053952,0.45335117417383736,0.0
20,10,shrinkage_risk_parity,vol_target_25pct_max_1p25,0.25,1.25,2025,25,0.9516125233676445,2.7536563921780055,4.716315137494529,-0.09453426688353794,10.066323617233836,0.028120544774553856,0.09019189801549282,0.10917532406885332,0.7364649644767972,18.55891710481529,0.05127521816026321,0.0007364649644767973,0.0,0.509320191766102,0.5,0.5661637468557271,0.0,1.0,0.8,10,60,0.2573442824354203,9.403748699491771,0.14977630812199083,0.2325496518666765,0.5077993205614534,0.5251041521939818,0.0
20,10,shrinkage_risk_parity,vol_target_25pct_max_1p25,0.25,1.25,2026,11,0.6194930509529775,1.446250160747887,2.632112617919266,-0.1522010612588538,4.070228195711352,0.021814658593399965,0.027895204049558718,0.04338840353177768,0.8078265222470503,20.35722836062567,0.0304311097748052,0.0008078265222470505,0.0,0.5073991552761133,0.5,0.5455476594435885,0.0,1.0,0.5454545454545454,10,60,0.3801067142280574,9.178030241725084,0.15686798075959676,0.2792894529494215,0.6483673996933809,0.46140525105491653,0.0
20,10,shrinkage_risk_parity,regime_dd_vol_target_25pct_max_1p25,0.25,1.25,2021,26,-0.013253926849603914,0.10200418546807895,0.14512483384548028,-0.24783710965794814,-0.053478378875126055,0.001217712792818981,-0.04151941140090673,-0.054243463635006,0.58868826336187,14.834944236719123,-0.0008934261321183864,0.00058868826336187,0.0,0.5524938526048953,0.5,1.0,0.0,0.9615384615384616,0.5,10,60,0.30083434555380345,9.395672179116078,0.14513449901246067,0.17380466868719038,0.5675528118367684,0.42432458635747167,0.0
20,10,shrinkage_risk_parity,regime_dd_vol_target_25pct_max_1p25,0.25,1.25,2022,26,-0.2133335122851644,-0.5526001466047402,-1.449140458584782,-0.2825670250624499,-0.7549837502731104,-0.007381589469324538,-0.08470086902554524,-0.08391591623005151,0.5946850358592525,14.986062903653162,-0.014235460885004023,0.0005946850358592525,0.0,0.5,0.5,0.5,0.0,1.0,0.3076923076923077,10,60,0.3366196259083343,9.534216532443233,0.14192414156975025,0.3670921797890567,0.6679256603045716,0.6741321639941027,0.0
20,10,shrinkage_risk_parity,regime_dd_vol_target_25pct_max_1p25,0.25,1.25,2023,25,1.1720410514939457,2.187057889150522,8.88914781063991,-0.17195830117725885,6.815844559232862,0.03396945580452763,0.06177551873293561,0.057163221451042814,0.5951368880873216,14.997449579800502,0.0781493576796233,0.0005951368880873216,0.0,0.5,0.5,0.5,0.0,1.0,0.6,10,60,0.3914072373304156,9.267919361121052,0.15117310110233084,0.14423952224032185,0.4397510243747695,0.5457749316695408,0.0
20,10,shrinkage_risk_parity,regime_dd_vol_target_25pct_max_1p25,0.25,1.25,2024,26,0.41390177016543706,1.4264048239314868,2.7604659015372337,-0.12297237442745701,3.365810996921126,0.015197840185101183,-0.017673314871082705,-0.00026514577724847207,0.6411758004220308,16.157630170635176,0.025616489905658367,0.0006411758004220308,0.0,0.5,0.5,0.5,0.0,1.0,0.6153846153846154,10,60,0.2684971098239538,9.274401747091249,0.15113290592613945,0.17978276378678362,0.4845889002053952,0.45335117417383736,0.0
20,10,shrinkage_risk_parity,regime_dd_vol_target_25pct_max_1p25,0.25,1.25,2025,25,0.9516125233676445,2.7536563921780055,4.716315137494529,-0.09453426688353794,10.066323617233836,0.028120544774553856,0.09019189801549282,0.10917532406885332,0.7364649644767972,18.55891710481529,0.05127521816026321,0.0007364649644767973,0.0,0.509320191766102,0.5,0.5661637468557271,0.0,1.0,0.8,10,60,0.2573442824354203,9.403748699491771,0.14977630812199083,0.2325496518666765,0.5077993205614534,0.5251041521939818,0.0
20,10,shrinkage_risk_parity,regime_dd_vol_target_25pct_max_1p25,0.25,1.25,2026,11,0.6194930509529775,1.446250160747887,2.632112617919266,-0.1522010612588538,4.070228195711352,0.021814658593399965,0.027895204049558718,0.04338840353177768,0.8078265222470503,20.35722836062567,0.0304311097748052,0.0008078265222470505,0.0,0.5073991552761133,0.5,0.5455476594435885,0.0,1.0,0.5454545454545454,10,60,0.3801067142280574,9.178030241725084,0.15686798075959676,0.2792894529494215,0.6483673996933809,0.46140525105491653,0.0
20,10,shrinkage_risk_parity,vol_target_30pct_max_1p25,0.3,1.25,2021,26,0.022794389841841234,0.24140540391368193,0.3640282375635179,-0.28474515019338287,0.08005189843044058,0.003622697408879841,-0.04151941140090673,-0.054243463635006,0.7198452082209715,18.140099247168482,0.001256574703988968,0.0007198452082209714,0.0,0.6710610677680588,0.5,1.0,0.0,0.7692307692307693,0.5,10,60,0.3781687287183297,9.395672179116078,0.14513449901246067,0.17380466868719038,0.5675528118367684,0.42432458635747167,0.0
20,10,shrinkage_risk_parity,vol_target_30pct_max_1p25,0.3,1.25,2022,26,-0.22033587716649483,-0.5388667021631308,-1.3838608651021647,-0.2825670250624499,-0.7797650030742214,-0.007532244935179257,-0.08470086902554524,-0.08391591623005151,0.6234723152925026,15.711502345371064,-0.014023857955977733,0.0006234723152925025,0.0,0.5211801103595897,0.5,0.6031630817647512,0.0,1.0,0.3076923076923077,10,60,0.35224401805598193,9.534216532443233,0.14192414156975025,0.3670921797890567,0.6679256603045716,0.6741321639941027,0.0
20,10,shrinkage_risk_parity,vol_target_30pct_max_1p25,0.3,1.25,2023,25,1.1720410514939457,2.187057889150522,8.88914781063991,-0.17195830117725885,6.815844559232862,0.03396945580452763,0.06177551873293561,0.057163221451042814,0.5951368880873216,14.997449579800502,0.0781493576796233,0.0005951368880873216,0.0,0.5,0.5,0.5,0.0,1.0,0.6,10,60,0.3914072373304156,9.267919361121052,0.15117310110233084,0.14423952224032185,0.4397510243747695,0.5457749316695408,0.0
20,10,shrinkage_risk_parity,vol_target_30pct_max_1p25,0.3,1.25,2024,26,0.466592708410112,1.4398152253557284,2.7638400484183774,-0.12850518373606556,3.6309251879553606,0.0169690647678992,-0.017673314871082705,-0.00026514577724847207,0.6852869016404933,17.269229921340433,0.02701873277125812,0.0006852869016404935,0.0,0.5363431965036636,0.5,0.5953517877311812,0.0,1.0,0.6153846153846154,10,60,0.2969967427906659,9.274401747091249,0.15113290592613945,0.17978276378678362,0.4845889002053952,0.45335117417383736,0.0
20,10,shrinkage_risk_parity,vol_target_30pct_max_1p25,0.3,1.25,2025,25,1.1605327536143903,2.713755637236851,4.563844588867533,-0.11267816129137032,10.299535777952672,0.03275583231577979,0.09019189801549282,0.10917532406885332,0.861220846646912,21.702765335502182,0.053473957612025974,0.0008612208466469123,0.0,0.5959417385580511,0.5402979037316981,0.6793964962268725,0.0,1.0,0.8,10,60,0.30417144529568685,9.403748699491771,0.14977630812199083,0.2325496518666765,0.5077993205614534,0.5251041521939818,0.0
20,10,shrinkage_risk_parity,vol_target_30pct_max_1p25,0.3,1.25,2026,11,0.6467205421673254,1.3399459338179383,2.335844989478653,-0.17918919653364251,3.609149182416835,0.02330083058184221,0.027895204049558718,0.04338840353177768,0.8947432845039366,22.5475307694992,0.02868254394588369,0.0008947432845039367,0.0,0.5581811205814716,0.5,0.6546571913323062,0.0,1.0,0.5454545454545454,10,60,0.43821240532396394,9.178030241725084,0.15686798075959676,0.2792894529494215,0.6483673996933809,0.46140525105491653,0.0
20,10,shrinkage_risk_parity,regime_dd_vol_target_30pct_max_1p25,0.3,1.25,2021,26,-0.061586045788136645,-0.02665915777423815,-0.035829623695409825,-0.2718396081820058,-0.22655287873613586,-0.00035229727888698117,-0.04151941140090673,-0.054243463635006,0.6368329824722937,16.0481911583018,-0.003837569304891904,0.0006368329824722938,0.0,0.6037533754603666,0.5,1.0,0.0,0.9615384615384616,0.5,10,60,0.3330146999816701,9.395672179116078,0.14513449901246067,0.17380466868719038,0.5675528118367684,0.42432458635747167,0.0
20,10,shrinkage_risk_parity,regime_dd_vol_target_30pct_max_1p25,0.3,1.25,2022,26,-0.2133335122851644,-0.5526001466047402,-1.449140458584782,-0.2825670250624499,-0.7549837502731104,-0.007381589469324538,-0.08470086902554524,-0.08391591623005151,0.5946850358592525,14.986062903653162,-0.014235460885004023,0.0005946850358592525,0.0,0.5,0.5,0.5,0.0,1.0,0.3076923076923077,10,60,0.3366196259083343,9.534216532443233,0.14192414156975025,0.3670921797890567,0.6679256603045716,0.6741321639941027,0.0
20,10,shrinkage_risk_parity,regime_dd_vol_target_30pct_max_1p25,0.3,1.25,2023,25,1.1720410514939457,2.187057889150522,8.88914781063991,-0.17195830117725885,6.815844559232862,0.03396945580452763,0.06177551873293561,0.057163221451042814,0.5951368880873216,14.997449579800502,0.0781493576796233,0.0005951368880873216,0.0,0.5,0.5,0.5,0.0,1.0,0.6,10,60,0.3914072373304156,9.267919361121052,0.15117310110233084,0.14423952224032185,0.4397510243747695,0.5457749316695408,0.0
20,10,shrinkage_risk_parity,regime_dd_vol_target_30pct_max_1p25,0.3,1.25,2024,26,0.466592708410112,1.4398152253557284,2.7638400484183774,-0.12850518373606556,3.6309251879553606,0.0169690647678992,-0.017673314871082705,-0.00026514577724847207,0.6852869016404933,17.269229921340433,0.02701873277125812,0.0006852869016404935,0.0,0.5363431965036636,0.5,0.5953517877311812,0.0,1.0,0.6153846153846154,10,60,0.2969967427906659,9.274401747091249,0.15113290592613945,0.17978276378678362,0.4845889002053952,0.45335117417383736,0.0
20,10,shrinkage_risk_parity,regime_dd_vol_target_30pct_max_1p25,0.3,1.25,2025,25,1.1374050148935435,2.716429442437927,4.495653540580841,-0.11267816129137032,10.094280931265551,0.032266408432117186,0.09019189801549282,0.10917532406885332,0.8581357642239189,21.625021258442757,0.052596711989334216,0.0008581357642239191,0.0,0.5936922534019526,0.5402979037316981,0.65,0.0,1.0,0.8,10,60,0.2993317182424603,9.403748699491771,0.14977630812199083,0.2325496518666765,0.5077993205614534,0.5251041521939818,0.0
20,10,shrinkage_risk_parity,regime_dd_vol_target_30pct_max_1p25,0.3,1.25,2026,11,0.650380061005738,1.3465538899817355,2.359550679325712,-0.1783934631130929,3.6457617317145092,0.02337846691673724,0.027895204049558718,0.04338840353177768,0.8938965224435175,22.52619236557664,0.028872170247450032,0.0008938965224435175,0.0,0.5577577395512621,0.5,0.65,0.0,1.0,0.5454545454545454,10,60,0.4375148820146882,9.178030241725084,0.15686798075959676,0.2792894529494215,0.6483673996933809,0.46140525105491653,0.0
20,10,shrinkage_risk_parity,vol_target_35pct_max_1p25,0.35,1.25,2021,26,-0.012239143522112528,0.1716466539123425,0.2482360847668323,-0.30885295566396553,-0.03962773642816879,0.0028178871001325076,-0.04151941140090673,-0.054243463635006,0.7863545238962519,19.81613400218555,-0.0006176352824805614,0.0007863545238962519,0.0,0.7417207833002067,0.5389238717231715,1.0,0.0,0.7692307692307693,0.5,10,60,0.41370311220633155,9.395672179116078,0.14513449901246067,0.17380466868719038,0.5675528118367684,0.42432458635747167,0.0
20,10,shrinkage_risk_parity,vol_target_35pct_max_1p25,0.35,1.25,2022,26,-0.24153291856990988,-0.5034580823072538,-1.2759314948122904,-0.29611626796533264,-0.81566919720259,-0.007973828753001948,-0.08470086902554524,-0.08391591623005151,0.6960201422561059,17.53970758485387,-0.013770635422592891,0.0006960201422561059,0.0,0.5824728749555784,0.5,0.7036902620588764,0.0,1.0,0.3076923076923077,10,60,0.3991205854810725,9.534216532443233,0.14192414156975025,0.3670921797890567,0.6679256603045716,0.6741321639941027,0.0
20,10,shrinkage_risk_parity,vol_target_35pct_max_1p25,0.35,1.25,2023,25,1.2095644413519113,2.174363737793388,9.111027164616656,-0.17195830117725897,7.034056704858125,0.0348173572085102,0.06177551873293561,0.057163221451042814,0.5972926641020486,15.051775135371624,0.08036025189543515,0.0005972926641020486,0.0,0.5019944039273433,0.5,0.5347114497272162,0.0,1.0,0.6,10,60,0.4035191474195882,9.267919361121052,0.15117310110233084,0.14423952224032185,0.4397510243747695,0.5457749316695408,0.0
20,10,shrinkage_risk_parity,vol_target_35pct_max_1p25,0.35,1.25,2024,26,0.5573907400199594,1.4782334844961744,2.8033687275015153,-0.13786668011968362,4.042969189771467,0.01988803170160109,-0.017673314871082705,-0.00026514577724847207,0.774953361529161,19.528824710534856,0.028541950080553186,0.0007749533615291609,0.0,0.6092259940724616,0.5,0.6945770856863781,0.0,1.0,0.6153846153846154,10,60,0.3390387270595239,9.274401747091249,0.15113290592613945,0.17978276378678362,0.4845889002053952,0.45335117417383736,0.0
20,10,shrinkage_risk_parity,vol_target_35pct_max_1p25,0.35,1.25,2025,25,1.4316862420941447,2.7137556372368508,4.563844588867531,-0.131457854839932,10.89083831344593,0.03821513770174308,0.09019189801549282,0.10917532406885332,1.0047576544213974,25.319892891419215,0.05654392963800159,0.0010047576544213977,0.0,0.6952653616510596,0.6303475543536478,0.792629245598018,0.0,1.0,0.8,10,60,0.3548666861783013,9.403748699491771,0.14977630812199083,0.2325496518666765,0.5077993205614534,0.5251041521939818,0.0
20,10,shrinkage_risk_parity,vol_target_35pct_max_1p25,0.35,1.25,2026,11,0.730650893282625,1.3093339243481426,2.267998049853334,-0.20739359355853282,3.523015734217523,0.026441477989528575,0.027895204049558718,0.04338840353177768,1.0269294426131212,25.878621953850654,0.028233763551459377,0.0010269294426131217,0.0,0.6390113202462601,0.5456109814260727,0.7637667232210239,0.0,1.0,0.5454545454545454,10,60,0.5089039800659354,9.178030241725084,0.15686798075959676,0.2792894529494215,0.6483673996933809,0.46140525105491653,0.0
20,10,shrinkage_risk_parity,regime_dd_vol_target_35pct_max_1p25,0.35,1.25,2021,26,-0.09673575589102856,-0.11292303154030038,-0.14664060279469152,-0.29638239748581485,-0.3263883304529191,-0.0015794103766463851,-0.04151941140090673,-0.054243463635006,0.659871129891767,16.628752473272527,-0.005817379027471387,0.0006598711298917671,0.0,0.6337263388745549,0.5,1.0,0.0,0.9615384615384616,0.5,10,60,0.35246256630370865,9.395672179116078,0.14513449901246067,0.17380466868719038,0.5675528118367684,0.42432458635747167,0.0
20,10,shrinkage_risk_parity,regime_dd_vol_target_35pct_max_1p25,0.35,1.25,2022,26,-0.2133335122851644,-0.5526001466047402,-1.449140458584782,-0.2825670250624499,-0.7549837502731104,-0.007381589469324538,-0.08470086902554524,-0.08391591623005151,0.5946850358592525,14.986062903653162,-0.014235460885004023,0.0005946850358592525,0.0,0.5,0.5,0.5,0.0,1.0,0.3076923076923077,10,60,0.3366196259083343,9.534216532443233,0.14192414156975025,0.3670921797890567,0.6679256603045716,0.6741321639941027,0.0
20,10,shrinkage_risk_parity,regime_dd_vol_target_35pct_max_1p25,0.35,1.25,2023,25,1.1720410514939457,2.187057889150522,8.88914781063991,-0.17195830117725885,6.815844559232862,0.03396945580452763,0.06177551873293561,0.057163221451042814,0.5951368880873216,14.997449579800502,0.0781493576796233,0.0005951368880873216,0.0,0.5,0.5,0.5,0.0,1.0,0.6,10,60,0.3914072373304156,9.267919361121052,0.15117310110233084,0.14423952224032185,0.4397510243747695,0.5457749316695408,0.0
20,10,shrinkage_risk_parity,regime_dd_vol_target_35pct_max_1p25,0.35,1.25,2024,26,0.5521718990458149,1.4841970812505387,2.8499164907944725,-0.13683302843826872,4.035370007870018,0.01969293563653868,-0.017673314871082705,-0.00026514577724847207,0.7699270405535914,19.402161421950503,0.028459298272877936,0.0007699270405535913,0.0,0.6049537961852929,0.5,0.6945770856863781,0.0,1.0,0.6153846153846154,10,60,0.3343639361038493,9.274401747091249,0.15113290592613945,0.17978276378678362,0.4845889002053952,0.45335117417383736,0.0
20,10,shrinkage_risk_parity,regime_dd_vol_target_35pct_max_1p25,0.35,1.25,2025,25,1.261004793727353,2.7485094467496722,4.459301268113796,-0.12292385212771939,10.258422363929448,0.03479994564711131,0.09019189801549282,0.10917532406885332,0.9424321268335817,23.749289596206257,0.0530965268926944,0.0009424321268335817,0.0,0.6517378151708155,0.6303475543536478,0.6953241191998292,0.0,1.0,0.8,10,60,0.31906698787019905,9.403748699491771,0.14977630812199083,0.2325496518666765,0.5077993205614534,0.5251041521939818,0.0
20,10,shrinkage_risk_parity,regime_dd_vol_target_35pct_max_1p25,0.35,1.25,2026,11,0.7523796280824167,1.400182978136064,2.634938934344902,-0.18541567098901868,4.057799559601285,0.026328628519463094,0.027895204049558718,0.04338840353177768,0.9801524787847236,24.69984246537503,0.030460907964782555,0.0009801524787847236,0.0,0.6121780610033318,0.5456109814260727,0.65,0.0,1.0,0.5454545454545454,10,60,0.47385338134427435,9.178030241725084,0.15686798075959676,0.2792894529494215,0.6483673996933809,0.46140525105491653,0.0
20,10,shrinkage_max_diversification,static_1x,,1.0,2021,26,-0.04380319355020268,0.1689921872065033,0.2504921450480167,-0.40529206020698527,-0.10807809441870661,0.0034761714985932918,-0.04151941140090673,-0.054243463635006,1.119224385519764,28.204454515098053,-0.001553059412184501,0.0011192243855197642,0.0,1.0,1.0,1.0,0.0,0.0,0.46153846153846156,10,60,0.5183643292190012,8.039855676499492,0.17163828518757718,0.17380466868719038,0.5675528118367684,0.40869068955059806,0.0
20,10,shrinkage_max_diversification,static_1x,,1.0,2022,26,-0.43723446434199564,-0.6259516085292335,-1.739494825479649,-0.507435170648622,-0.8616558126688514,-0.015486482202273812,-0.08470086902554524,-0.08391591623005151,1.2828862610591791,32.328733778691316,-0.01352463932967854,0.0012828862610591793,0.0,1.0,1.0,1.0,0.0,0.0,0.34615384615384615,10,60,0.6234656899664697,7.028370196831775,0.17918997560534486,0.3670921797890567,0.6679256603045716,0.6547714917599208,0.0
20,10,shrinkage_max_diversification,static_1x,,1.0,2023,25,2.7402771044870224,2.128611314317508,8.180402822508789,-0.3038771172202983,9.017714560259025,0.06307778397423533,0.06177551873293561,0.057163221451042814,1.2624704443643007,31.814255197980376,0.08613362429622366,0.001262470444364301,0.0,1.0,1.0,1.0,0.0,0.0,0.6,10,60,0.7467592347456763,8.300276432690607,0.16463605858332592,0.14423952224032185,0.4397510243747695,0.535799910859869,0.0
20,10,shrinkage_max_diversification,static_1x,,1.0,2024,26,0.8258201701791787,1.3824986514018645,2.7776051193092983,-0.2505328461856503,3.296255092903978,0.02958267115660191,-0.017673314871082705,-0.00026514577724847207,1.373009761254082,34.59984598360286,0.0238677412197309,0.0013730097612540818,0.0,1.0,1.0,1.0,0.0,0.0,0.6153846153846154,10,60,0.5392289622781492,7.980894269475087,0.1713899819606724,0.17978276378678362,0.4845889002053952,0.4414719189705843,0.0
20,10,shrinkage_max_diversification,static_1x,,1.0,2025,25,3.106054844722376,3.2005018482220544,4.930618159304184,-0.17768525122601808,17.480656516456907,0.062039732657264916,0.09019189801549282,0.10917532406885332,1.5754735600641712,39.70193371361711,0.0782343466473788,0.0015754735600641712,0.0,1.0,1.0,1.0,0.0,0.0,0.8,10,60,0.4884862865589588,7.8655692797614245,0.1740146786078887,0.2325496518666765,0.5077993205614534,0.5120517769956238,0.0
20,10,shrinkage_max_diversification,static_1x,,1.0,2026,11,1.5474301158731238,1.587909809334784,3.2226964591764222,-0.25949849072739317,5.9631565159996285,0.04702211593532669,0.027895204049558718,0.04338840353177768,1.6733628414484252,42.168743604500314,0.03669613992739351,0.0016733628414484251,0.0,1.0,1.0,1.0,0.0,0.0,0.6363636363636364,10,60,0.7462371695194964,7.189193413639544,0.17815241641831417,0.2792894529494215,0.6483673996933809,0.43559786037106785,0.0
20,10,shrinkage_max_diversification,legacy_risk_scaled,,1.0,2021,26,-0.17055111047625093,-0.4532265752640695,-0.5095404519795532,-0.3158263887878481,-0.5400153898818639,-0.005495499415736988,-0.04151941140090673,-0.054243463635006,0.6097996574515251,15.366951367778432,-0.011098565121632655,0.0006097996574515251,0.0,0.5346153846153846,0.45,1.0,0.0,0.8461538461538461,0.46153846153846156,10,60,0.3055570719697622,8.039855676499492,0.17163828518757718,0.17380466868719038,0.5675528118367684,0.40869068955059806,0.0
20,10,shrinkage_max_diversification,legacy_risk_scaled,,1.0,2022,26,-0.1921969316409029,-0.6259516085292334,-1.739494825479649,-0.26436502670378037,-0.7270134557407193,-0.006968916991023214,-0.08470086902554524,-0.08391591623005151,0.5772988174766306,14.54793020041109,-0.01321129047178628,0.0005772988174766306,0.0,0.44999999999999996,0.45,0.45,0.0,1.0,0.34615384615384615,10,60,0.2805595604849114,7.028370196831775,0.17918997560534486,0.3670921797890567,0.6679256603045716,0.6547714917599208,0.0
20,10,shrinkage_max_diversification,legacy_risk_scaled,,1.0,2023,25,1.197835437127408,2.335853151768804,9.844084603158596,-0.14734005831970232,8.129733697595757,0.03415777620890626,0.06177551873293561,0.057163221451042814,0.6018867961889134,15.167547263960618,0.07897357537652556,0.0006018867961889135,0.0,0.486,0.45,0.75,0.0,1.0,0.6,10,60,0.3685060252236417,8.300276432690607,0.16463605858332592,0.14423952224032185,0.4397510243747695,0.535799910859869,0.0
20,10,shrinkage_max_diversification,legacy_risk_scaled,,1.0,2024,26,0.6676622864379371,1.60442059184278,4.2165014159118845,-0.11813268273645916,5.651799916602395,0.02283665991747939,-0.017673314871082705,-0.00026514577724847207,0.8965569830688168,22.593235973334185,0.029551423586508366,0.0008965569830688168,0.0,0.6423076923076922,0.45,1.0,0.0,0.6923076923076923,0.6153846153846154,10,60,0.35868638986956686,7.980894269475087,0.1713899819606724,0.17978276378678362,0.4845889002053952,0.4414719189705843,0.0
20,10,shrinkage_max_diversification,legacy_risk_scaled,,1.0,2025,25,1.704747242407302,3.380156988816799,7.364720061011726,-0.08050261617413201,21.176296168062798,0.042021862766364375,0.09019189801549282,0.10917532406885332,0.9735272440821224,24.532886550869485,0.06948824545666368,0.0009735272440821224,0.0,0.594,0.45,1.0,0.0,0.76,0.8,10,60,0.3132845442433314,7.8655692797614245,0.1740146786078887,0.2325496518666765,0.5077993205614534,0.5120517769956238,0.0
20,10,shrinkage_max_diversification,legacy_risk_scaled,,1.0,2026,11,0.615413230070474,1.587909809334784,3.2226964591764222,-0.12114391945568226,5.080017493536759,0.02115995217089701,0.027895204049558718,0.04338840353177768,0.7530132786517914,18.975934622025143,0.032431247384050906,0.0007530132786517913,0.0,0.45,0.45,0.45,0.0,1.0,0.6363636363636364,10,60,0.3358067262837734,7.189193413639544,0.17815241641831417,0.2792894529494215,0.6483673996933809,0.43559786037106785,0.0
20,10,shrinkage_max_diversification,vol_target_25pct_max_1p25,0.25,1.25,2021,26,0.07180542763093967,0.3640498246988521,0.6067702647867707,-0.2391994257101131,0.3001906355659942,0.005023027478175941,-0.04151941140090673,-0.054243463635006,0.7370597960997459,18.573906861713596,0.00386593020873558,0.0007370597960997459,0.0,0.6270358704819494,0.5,1.0,0.0,0.7692307692307693,0.46153846153846156,10,60,0.3477004625802058,8.039855676499492,0.17163828518757718,0.17380466868719038,0.5675528118367684,0.40869068955059806,0.0
20,10,shrinkage_max_diversification,vol_target_25pct_max_1p25,0.25,1.25,2022,26,-0.21298847192428072,-0.6167378604216511,-1.7178522541258092,-0.2898404543655987,-0.7348472882795771,-0.0076469963826486945,-0.08470086902554524,-0.08391591623005151,0.6432055667687874,16.208780282573443,-0.013140314583279975,0.0006432055667687875,0.0,0.5011398278595834,0.5,0.5151616023631521,0.0,1.0,0.34615384615384615,10,60,0.3124574008007212,7.028370196831775,0.17918997560534486,0.3670921797890567,0.6679256603045716,0.6547714917599208,0.0
20,10,shrinkage_max_diversification,vol_target_25pct_max_1p25,0.25,1.25,2023,25,1.0586840239953332,2.128611314317508,8.180402822508789,-0.16260454356923004,6.510789924788239,0.031538891987117665,0.06177551873293561,0.057163221451042814,0.6312352221821503,15.907127598990188,0.06655406624528117,0.0006312352221821505,0.0,0.5,0.5,0.5,0.0,1.0,0.6,10,60,0.37337961737283815,8.300276432690607,0.16463605858332592,0.14423952224032185,0.4397510243747695,0.535799910859869,0.0
20,10,shrinkage_max_diversification,vol_target_25pct_max_1p25,0.25,1.25,2024,26,0.40461078161122344,1.3896743569062604,2.809671710892055,-0.13081585429611098,3.092979698740171,0.014953762016226045,-0.017673314871082705,-0.00026514577724847207,0.6878890431504198,17.334803887390578,0.023340949470189238,0.0006878890431504198,0.0,0.5011174434168253,0.5,0.512049458405154,0.0,1.0,0.6153846153846154,10,60,0.27116770266080076,7.980894269475087,0.1713899819606724,0.17978276378678362,0.4845889002053952,0.4414719189705843,0.0
20,10,shrinkage_max_diversification,vol_target_25pct_max_1p25,0.25,1.25,2025,25,1.1720571121772982,3.1910753410095634,5.167550213618159,-0.08884262561300904,13.19250870953184,0.032479984402724864,0.09019189801549282,0.10917532406885332,0.8068435987940598,20.332458689610306,0.057644632657053343,0.0008068435987940599,0.0,0.5127963606941958,0.5,0.5748066483328412,0.0,1.0,0.8,10,60,0.2564952310683202,7.8655692797614245,0.1740146786078887,0.2325496518666765,0.5077993205614534,0.5120517769956238,0.0
20,10,shrinkage_max_diversification,vol_target_25pct_max_1p25,0.25,1.25,2026,11,0.6728026257483741,1.5188810974906848,2.8231137716878285,-0.1440494238345681,4.6706373954056675,0.02318091941054774,0.027895204049558718,0.04338840353177768,0.8538270430653939,21.516441485247928,0.03126923316802456,0.000853827043065394,0.0,0.5094879301469408,0.5,0.5570479506813566,0.0,1.0,0.6363636363636364,10,60,0.38459835342666493,7.189193413639544,0.17815241641831417,0.2792894529494215,0.6483673996933809,0.43559786037106785,0.0
20,10,shrinkage_max_diversification,regime_dd_vol_target_25pct_max_1p25,0.25,1.25,2021,26,-0.01904730772584895,0.08022565186662142,0.11730965840706446,-0.23702824803145173,-0.0803588090619542,0.0009493390038604663,-0.04151941140090673,-0.054243463635006,0.6439791610686378,16.228274858929673,-0.0011737111856574263,0.0006439791610686381,0.0,0.5597281781742571,0.5,1.0,0.0,0.9615384615384616,0.46153846153846156,10,60,0.29820066700183795,8.039855676499492,0.17163828518757718,0.17380466868719038,0.5675528118367684,0.40869068955059806,0.0
20,10,shrinkage_max_diversification,regime_dd_vol_target_25pct_max_1p25,0.25,1.25,2022,26,-0.21475098336766574,-0.6259516085292335,-1.739494825479649,-0.2898404543655988,-0.7409282594374602,-0.007743241101136906,-0.08470086902554524,-0.08391591623005151,0.6414431305295896,16.164366889345658,-0.013285455894298807,0.0006414431305295896,0.0,0.5,0.5,0.5,0.0,1.0,0.34615384615384615,10,60,0.31173284498323484,7.028370196831775,0.17918997560534486,0.3670921797890567,0.6679256603045716,0.6547714917599208,0.0
20,10,shrinkage_max_diversification,regime_dd_vol_target_25pct_max_1p25,0.25,1.25,2023,25,1.0586840239953332,2.128611314317508,8.180402822508789,-0.16260454356923004,6.510789924788239,0.031538891987117665,0.06177551873293561,0.057163221451042814,0.6312352221821503,15.907127598990188,0.06655406624528117,0.0006312352221821505,0.0,0.5,0.5,0.5,0.0,1.0,0.6,10,60,0.37337961737283815,8.300276432690607,0.16463605858332592,0.14423952224032185,0.4397510243747695,0.535799910859869,0.0
20,10,shrinkage_max_diversification,regime_dd_vol_target_25pct_max_1p25,0.25,1.25,2024,26,0.40461078161122344,1.3896743569062604,2.809671710892055,-0.13081585429611098,3.092979698740171,0.014953762016226045,-0.017673314871082705,-0.00026514577724847207,0.6878890431504198,17.334803887390578,0.023340949470189238,0.0006878890431504198,0.0,0.5011174434168253,0.5,0.512049458405154,0.0,1.0,0.6153846153846154,10,60,0.27116770266080076,7.980894269475087,0.1713899819606724,0.17978276378678362,0.4845889002053952,0.4414719189705843,0.0
20,10,shrinkage_max_diversification,regime_dd_vol_target_25pct_max_1p25,0.25,1.25,2025,25,1.1720571121772982,3.1910753410095634,5.167550213618159,-0.08884262561300904,13.19250870953184,0.032479984402724864,0.09019189801549282,0.10917532406885332,0.8068435987940598,20.332458689610306,0.057644632657053343,0.0008068435987940599,0.0,0.5127963606941958,0.5,0.5748066483328412,0.0,1.0,0.8,10,60,0.2564952310683202,7.8655692797614245,0.1740146786078887,0.2325496518666765,0.5077993205614534,0.5120517769956238,0.0
20,10,shrinkage_max_diversification,regime_dd_vol_target_25pct_max_1p25,0.25,1.25,2026,11,0.6728026257483741,1.5188810974906848,2.8231137716878285,-0.1440494238345681,4.6706373954056675,0.02318091941054774,0.027895204049558718,0.04338840353177768,0.8538270430653939,21.516441485247928,0.03126923316802456,0.000853827043065394,0.0,0.5094879301469408,0.5,0.5570479506813566,0.0,1.0,0.6363636363636364,10,60,0.38459835342666493,7.189193413639544,0.17815241641831417,0.2792894529494215,0.6483673996933809,0.43559786037106785,0.0
20,10,shrinkage_max_diversification,vol_target_30pct_max_1p25,0.3,1.25,2021,26,0.02646323091193037,0.24983587294704565,0.3925128847683102,-0.2794658889932261,0.09469216800398779,0.0037414079988094037,-0.04151941140090673,-0.054243463635006,0.7974726551962626,20.096310910945817,0.001316820337284725,0.0007974726551962627,0.0,0.6884974858765086,0.5,1.0,0.0,0.7692307692307693,0.46153846153846156,10,60,0.3773816804521942,8.039855676499492,0.17163828518757718,0.17380466868719038,0.5675528118367684,0.40869068955059806,0.0
20,10,shrinkage_max_diversification,vol_target_30pct_max_1p25,0.3,1.25,2022,26,-0.22070940517843396,-0.5803830955736715,-1.5571503515370633,-0.28984999034655934,-0.7614607987895484,-0.007746207960271252,-0.08470086902554524,-0.08391591623005151,0.691836564282337,17.434281419914893,-0.012659506856779381,0.0006918365642823371,0.0,0.5368089104081627,0.5,0.6181939228357826,0.0,1.0,0.34615384615384615,10,60,0.33633722637267455,7.028370196831775,0.17918997560534486,0.3670921797890567,0.6679256603045716,0.6547714917599208,0.0
20,10,shrinkage_max_diversification,vol_target_30pct_max_1p25,0.3,1.25,2023,25,1.0586840239953332,2.128611314317508,8.180402822508789,-0.16260454356923004,6.510789924788239,0.031538891987117665,0.06177551873293561,0.057163221451042814,0.6312352221821503,15.907127598990188,0.06655406624528117,0.0006312352221821505,0.0,0.5,0.5,0.5,0.0,1.0,0.6,10,60,0.37337961737283815,8.300276432690607,0.16463605858332592,0.14423952224032185,0.4397510243747695,0.535799910859869,0.0
20,10,shrinkage_max_diversification,vol_target_30pct_max_1p25,0.3,1.25,2024,26,0.4580042050084452,1.39705454250714,2.781502455578605,-0.1379739363515211,3.319497994473185,0.016788896201289743,-0.017673314871082705,-0.00026514577724847207,0.7437119855063241,18.741542034759366,0.02443791466886763,0.0007437119855063242,0.0,0.5437542064255678,0.5,0.6144593500861848,0.0,1.0,0.6153846153846154,10,60,0.30283727041411435,7.980894269475087,0.1713899819606724,0.17978276378678362,0.4845889002053952,0.4414719189705843,0.0
20,10,shrinkage_max_diversification,vol_target_30pct_max_1p25,0.3,1.25,2025,25,1.4418746552864397,3.1630580618943704,5.1067165394837755,-0.10382753439665504,13.8872088571227,0.03773107512523211,0.09019189801549282,0.10917532406885332,0.9402075799040844,23.693231013582928,0.06085597420038818,0.0009402075799040844,0.0,0.598731082935825,0.5253790826597015,0.6897679779994095,0.0,1.0,0.8,10,60,0.3006024785350911,7.8655692797614245,0.1740146786078887,0.2325496518666765,0.5077993205614534,0.5120517769956238,0.0
20,10,shrinkage_max_diversification,vol_target_30pct_max_1p25,0.3,1.25,2026,11,0.7131179738035491,1.4072818746777727,2.512431214277786,-0.17216216885468472,4.142129357149676,0.02504105313463425,0.027895204049558718,0.04338840353177768,0.9606912312606557,24.209419027768522,0.02945622003508607,0.0009606912312606557,0.0,0.56923484754556,0.5,0.6684575408176279,0.0,1.0,0.6363636363636364,10,60,0.448406641446492,7.189193413639544,0.17815241641831417,0.2792894529494215,0.6483673996933809,0.43559786037106785,0.0
20,10,shrinkage_max_diversification,regime_dd_vol_target_30pct_max_1p25,0.3,1.25,2021,26,-0.05751112387688351,-0.0191050573062738,-0.026858087859099995,-0.27409150056546716,-0.20982454311145957,-0.0002491177696291687,-0.04151941140090673,-0.054243463635006,0.7000939356766962,17.642367179052744,-0.0032598303443751022,0.0007000939356766963,0.0,0.6177933014579098,0.5,1.0,0.0,0.9615384615384616,0.46153846153846156,10,60,0.328591937413008,8.039855676499492,0.17163828518757718,0.17380466868719038,0.5675528118367684,0.40869068955059806,0.0
20,10,shrinkage_max_diversification,regime_dd_vol_target_30pct_max_1p25,0.3,1.25,2022,26,-0.21475098336766574,-0.6259516085292335,-1.739494825479649,-0.2898404543655988,-0.7409282594374602,-0.007743241101136906,-0.08470086902554524,-0.08391591623005151,0.6414431305295896,16.164366889345658,-0.013285455894298807,0.0006414431305295896,0.0,0.5,0.5,0.5,0.0,1.0,0.34615384615384615,10,60,0.31173284498323484,7.028370196831775,0.17918997560534486,0.3670921797890567,0.6679256603045716,0.6547714917599208,0.0
20,10,shrinkage_max_diversification,regime_dd_vol_target_30pct_max_1p25,0.3,1.25,2023,25,1.0586840239953332,2.128611314317508,8.180402822508789,-0.16260454356923004,6.510789924788239,0.031538891987117665,0.06177551873293561,0.057163221451042814,0.6312352221821503,15.907127598990188,0.06655406624528117,0.0006312352221821505,0.0,0.5,0.5,0.5,0.0,1.0,0.6,10,60,0.37337961737283815,8.300276432690607,0.16463605858332592,0.14423952224032185,0.4397510243747695,0.535799910859869,0.0
20,10,shrinkage_max_diversification,regime_dd_vol_target_30pct_max_1p25,0.3,1.25,2024,26,0.4580042050084452,1.39705454250714,2.781502455578605,-0.1379739363515211,3.319497994473185,0.016788896201289743,-0.017673314871082705,-0.00026514577724847207,0.7437119855063241,18.741542034759366,0.02443791466886763,0.0007437119855063242,0.0,0.5437542064255678,0.5,0.6144593500861848,0.0,1.0,0.6153846153846154,10,60,0.30283727041411435,7.980894269475087,0.1713899819606724,0.17978276378678362,0.4845889002053952,0.4414719189705843,0.0
20,10,shrinkage_max_diversification,regime_dd_vol_target_30pct_max_1p25,0.3,1.25,2025,25,1.4133854418303287,3.172533463019492,5.034438071058028,-0.10382753439665504,13.612819085453145,0.03719704424628611,0.09019189801549282,0.10917532406885332,0.9373756790781571,23.621867112769557,0.05983377330347769,0.000937375679078157,0.0,0.5963098215139725,0.5253790826597015,0.65,0.0,1.0,0.8,10,60,0.29546276688103473,7.8655692797614245,0.1740146786078887,0.2325496518666765,0.5077993205614534,0.5120517769956238,0.0
20,10,shrinkage_max_diversification,regime_dd_vol_target_30pct_max_1p25,0.3,1.25,2026,11,0.7278926608338983,1.4326685514873698,2.621532200802736,-0.1690531984828405,4.305701798997799,0.02534188958180934,0.027895204049558718,0.04338840353177768,0.9573353147483598,24.124849931658666,0.030171904194052458,0.0009573353147483596,0.0,0.567556889289412,0.5,0.65,0.0,1.0,0.6363636363636364,10,60,0.4457525202173221,7.189193413639544,0.17815241641831417,0.2792894529494215,0.6483673996933809,0.43559786037106785,0.0
20,10,shrinkage_max_diversification,vol_target_35pct_max_1p25,0.35,1.25,2021,26,-0.006218300275809607,0.18483024485259214,0.2791795788563298,-0.3203245828818796,-0.019412497847855217,0.00302909838962985,-0.04151941140090673,-0.054243463635006,0.8743651377636028,22.03400147164279,-0.00028221384498918205,0.0008743651377636028,0.0,0.764326867146913,0.5714081408989758,1.0,0.0,0.7692307692307693,0.46153846153846156,10,60,0.4129912800772968,8.039855676499492,0.17163828518757718,0.17380466868719038,0.5675528118367684,0.40869068955059806,0.0
20,10,shrinkage_max_diversification,vol_target_35pct_max_1p25,0.35,1.25,2022,26,-0.24891843344872489,-0.5533706516894497,-1.4820992315896506,-0.3179278595328502,-0.7829399846068071,-0.008514534692826998,-0.08470086902554524,-0.08391591623005151,0.791045882518352,19.934356239462467,-0.012486906045953004,0.000791045882518352,0.0,0.6141382067938866,0.5281809561779557,0.721226243308413,0.0,1.0,0.34615384615384615,10,60,0.38774422460635743,7.028370196831775,0.17918997560534486,0.3670921797890567,0.6679256603045716,0.6547714917599208,0.0
20,10,shrinkage_max_diversification,vol_target_35pct_max_1p25,0.35,1.25,2023,25,1.1494202522002932,2.105983697527528,8.222792937150784,-0.16260454356923004,7.068807715762993,0.03366209444560343,0.06177551873293561,0.057163221451042814,0.647094543171217,16.306782487914667,0.07048724989446294,0.0006470945431712171,0.0,0.5126094953998104,0.5,0.5709238113294007,0.0,1.0,0.6,10,60,0.4027974105521861,8.300276432690607,0.16463605858332592,0.14423952224032185,0.4397510243747695,0.535799910859869,0.0
20,10,shrinkage_max_diversification,vol_target_35pct_max_1p25,0.35,1.25,2024,26,0.5484802392288906,1.4349993369952199,2.8201123810951003,-0.1468136352909437,3.7358944088671024,0.019739147273439943,-0.017673314871082705,-0.00026514577724847207,0.8428102532929754,21.23881838298298,0.02582442343724476,0.0008428102532929755,0.0,0.6180495253793404,0.5,0.7168692417672156,0.0,1.0,0.6153846153846154,10,60,0.3466388439818099,7.980894269475087,0.1713899819606724,0.17978276378678362,0.4845889002053952,0.4414719189705843,0.0
20,10,shrinkage_max_diversification,vol_target_35pct_max_1p25,0.35,1.25,2025,25,1.803629823766752,3.1630580618943713,5.106716539483775,-0.12113212346276425,14.889773019798369,0.044019587646104134,0.09019189801549282,0.10917532406885332,1.0969088432214318,27.64210284918008,0.06524937099061012,0.0010969088432214317,0.0,0.6985195967584623,0.612942263102985,0.8047293076659777,0.0,1.0,0.8,10,60,0.35070289162427287,7.8655692797614245,0.1740146786078887,0.2325496518666765,0.5077993205614534,0.5120517769956238,0.0
20,10,shrinkage_max_diversification,vol_target_35pct_max_1p25,0.35,1.25,2026,11,0.8281114076780474,1.395050524866844,2.473829121557069,-0.19945084359499266,4.151957408410969,0.02886094346695084,0.027895204049558718,0.04338840353177768,1.1116821960565162,28.014391340624208,0.02956021416311077,0.0011116821960565164,0.0,0.6572250586810218,0.54907416166885,0.7798671309538991,0.0,1.0,0.6363636363636364,10,60,0.5213400965793555,7.189193413639544,0.17815241641831417,0.2792894529494215,0.6483673996933809,0.43559786037106785,0.0
20,10,shrinkage_max_diversification,regime_dd_vol_target_35pct_max_1p25,0.35,1.25,2021,26,-0.09636482864688611,-0.12933978138110658,-0.17710307655408303,-0.2790402679632442,-0.3453438077244805,-0.0017471789445885238,-0.04151941140090673,-0.054243463635006,0.7195257260109496,18.13204829547593,-0.005314613499619334,0.0007195257260109496,0.0,0.6399541943387846,0.5,1.0,0.0,0.9615384615384616,0.46153846153846156,10,60,0.34041274025272444,8.039855676499492,0.17163828518757718,0.17380466868719038,0.5675528118367684,0.40869068955059806,0.0
20,10,shrinkage_max_diversification,regime_dd_vol_target_35pct_max_1p25,0.35,1.25,2022,26,-0.21475098336766574,-0.6259516085292335,-1.739494825479649,-0.2898404543655988,-0.7409282594374602,-0.007743241101136906,-0.08470086902554524,-0.08391591623005151,0.6414431305295896,16.164366889345658,-0.013285455894298807,0.0006414431305295896,0.0,0.5,0.5,0.5,0.0,1.0,0.34615384615384615,10,60,0.31173284498323484,7.028370196831775,0.17918997560534486,0.3670921797890567,0.6679256603045716,0.6547714917599208,0.0
20,10,shrinkage_max_diversification,regime_dd_vol_target_35pct_max_1p25,0.35,1.25,2023,25,1.0586840239953332,2.128611314317508,8.180402822508789,-0.16260454356923004,6.510789924788239,0.031538891987117665,0.06177551873293561,0.057163221451042814,0.6312352221821503,15.907127598990188,0.06655406624528117,0.0006312352221821505,0.0,0.5,0.5,0.5,0.0,1.0,0.6,10,60,0.37337961737283815,8.300276432690607,0.16463605858332592,0.14423952224032185,0.4397510243747695,0.535799910859869,0.0
20,10,shrinkage_max_diversification,regime_dd_vol_target_35pct_max_1p25,0.35,1.25,2024,26,0.5185663928785649,1.4174502480570597,2.760994574041267,-0.14507989158520518,3.574350567900802,0.0188031753327969,-0.017673314871082705,-0.00026514577724847207,0.8264397477603109,20.826281643559835,0.024899614907441844,0.0008264397477603107,0.0,0.6051084805285064,0.5,0.660447403264182,0.0,1.0,0.6153846153846154,10,60,0.33429040563221757,7.980894269475087,0.1713899819606724,0.17978276378678362,0.4845889002053952,0.4414719189705843,0.0
20,10,shrinkage_max_diversification,regime_dd_vol_target_35pct_max_1p25,0.35,1.25,2025,25,1.5825572973843887,3.200339022043747,4.9123244533180035,-0.1155184642699193,13.699604711560232,0.04023110299392822,0.09019189801549282,0.10917532406885332,1.0246424357947819,25.820989382028504,0.06128956849677704,0.001024642435794782,0.0,0.6502475865893054,0.612942263102985,0.6948961124560187,0.0,1.0,0.8,10,60,0.3167863743384162,7.8655692797614245,0.1740146786078887,0.2325496518666765,0.5077993205614534,0.5120517769956238,0.0
20,10,shrinkage_max_diversification,regime_dd_vol_target_35pct_max_1p25,0.35,1.25,2026,11,0.8441523620294049,1.5104270827475677,2.957616975819007,-0.17269174326619707,4.888203373615723,0.028396566362456573,0.027895204049558718,0.04338840353177768,1.0425670824656728,26.27269047813495,0.03213041171904103,0.001042567082465673,0.0,0.6188753123021109,0.54907416166885,0.65,0.0,1.0,0.6363636363636364,10,60,0.47376896277057834,7.189193413639544,0.17815241641831417,0.2792894529494215,0.6483673996933809,0.43559786037106785,0.0
20,10,inverse_volatility,static_1x,,1.0,2021,26,-0.04094047398859402,0.20065193288118371,0.2897495106168007,-0.3979463777260662,-0.10287937340335876,0.004411705454492922,-0.04151941140090673,-0.054243463635006,1.0454054850491068,26.34421822323749,-0.0015540591731236716,0.001045405485049107,0.0,1.0,1.0,1.0,0.0,0.0,0.5,10,120,0.5540688088913354,9.56616285953754,0.12780900232828293,,,,0.0
20,10,inverse_volatility,static_1x,,1.0,2022,26,-0.4525892829446807,-0.5164315499603479,-1.2741721511352488,-0.49069914067697484,-0.9223355930892455,-0.014574345210011296,-0.08470086902554524,-0.08391591623005151,1.2073828283978225,30.426047275625127,-0.01487506013662374,0.0012073828283978225,0.0,1.0,1.0,1.0,0.0,0.0,0.3076923076923077,10,120,0.7111755649330183,9.517952551147125,0.13729644149863113,,,,0.0
20,10,inverse_volatility,static_1x,,1.0,2023,25,3.7843122922187513,2.3610551062948755,10.26347821784359,-0.32203580585939096,11.751215931159775,0.0746310290007342,0.06177551873293561,0.057163221451042814,1.2359482351069366,31.1458955246948,0.12150276074798572,0.0012359482351069367,0.0,1.0,1.0,1.0,0.0,0.0,0.64,10,120,0.7965514764159082,8.966015381051527,0.1572375230440222,,,,0.0
20,10,inverse_volatility,static_1x,,1.0,2024,26,0.8112897097088896,1.3678718546438524,2.4202560005390334,-0.23442713197204168,3.460732991459563,0.029402707872849494,-0.017673314871082705,-0.00026514577724847207,1.261517758512448,31.790247514513688,0.02552008157025198,0.0012615177585124477,0.0,1.0,1.0,1.0,0.0,0.0,0.6153846153846154,10,120,0.5416795702611522,9.409755037638046,0.13760037280546025,,,,0.0
20,10,inverse_volatility,static_1x,,1.0,2025,25,2.305818185085558,2.578564957294923,3.936978306086919,-0.21266693277012882,10.842391692261398,0.05371244701410323,0.09019189801549282,0.10917532406885332,1.443896806208204,36.38619951644674,0.06337067942595426,0.0014438968062082038,0.0,1.0,1.0,1.0,0.0,0.0,0.8,10,120,0.5249251762791984,9.4567214426018,0.13674288418200914,,,,0.0
20,10,inverse_volatility,static_1x,,1.0,2026,11,1.4059983315161761,1.5048769883338684,2.8578285040286864,-0.2963505780953096,4.7443751942471035,0.04500847146698965,0.027895204049558718,0.04338840353177768,1.5457581666289728,38.953105799050114,0.036094640020988056,0.001545758166628973,0.0,1.0,1.0,1.0,0.0,0.0,0.5454545454545454,10,120,0.7536918231595054,9.689376186022765,0.1356368306553395,,,,0.0
20,10,inverse_volatility,legacy_risk_scaled,,1.0,2021,26,-0.2026907056528191,-0.4876814267723533,-0.5229140817546766,-0.3699513683740021,-0.5478847302111045,-0.006561029239349711,-0.04151941140090673,-0.054243463635006,0.5669942129753842,14.288254166979682,-0.014185827273512508,0.0005669942129753842,0.0,0.5346153846153846,0.45,1.0,0.0,0.8461538461538461,0.5,10,120,0.3390285701997658,9.56616285953754,0.12780900232828293,,,,0.0
20,10,inverse_volatility,legacy_risk_scaled,,1.0,2022,26,-0.19248924697391112,-0.5164315499603479,-1.2741721511352493,-0.25314123481132866,-0.760402575729621,-0.006558455344505083,-0.08470086902554524,-0.08391591623005151,0.5433222727790201,13.691721274031307,-0.014058805545435689,0.0005433222727790202,0.0,0.44999999999999996,0.45,0.45,0.0,1.0,0.3076923076923077,10,120,0.3200290042198582,9.517952551147125,0.13729644149863113,,,,0.0
20,10,inverse_volatility,legacy_risk_scaled,,1.0,2023,25,1.5214902986798648,2.53848581595851,12.282246109121036,-0.1568075933237819,9.702912125806545,0.04018973789866442,0.06177551873293561,0.057163221451042814,0.5946586801661112,14.985398740186003,0.10153151911798776,0.0005946586801661112,0.0,0.486,0.45,0.75,0.0,1.0,0.64,10,120,0.39897067325701246,8.966015381051527,0.1572375230440222,,,,0.0
20,10,inverse_volatility,legacy_risk_scaled,,1.0,2024,26,0.6914266968761151,1.5573594106399549,3.165225830214669,-0.10980231948876618,6.29701357945225,0.02376558502425646,-0.017673314871082705,-0.00026514577724847207,0.829073125596175,20.89264276502361,0.03309426694614399,0.000829073125596175,0.0,0.6423076923076922,0.45,1.0,0.0,0.6923076923076923,0.6153846153846154,10,120,0.38455653750804003,9.409755037638046,0.13760037280546025,,,,0.0
20,10,inverse_volatility,legacy_risk_scaled,,1.0,2025,25,1.2799238371411472,2.7201509617839976,5.67782749173217,-0.09623869422069964,13.299472187413084,0.035124920481210846,0.09019189801549282,0.10917532406885332,0.8777931922699177,22.120388445201925,0.05786172518226153,0.0008777931922699176,0.0,0.594,0.45,1.0,0.0,0.76,0.8,10,120,0.32540399726417885,9.4567214426018,0.13674288418200914,,,,0.0
20,10,inverse_volatility,legacy_risk_scaled,,1.0,2026,11,0.577505542396541,1.5048769883338682,2.8578285040286855,-0.14014548574225616,4.120757363948496,0.020253812160145337,0.027895204049558718,0.04338840353177768,0.6955911749830378,17.528897609572553,0.03294591338597154,0.0006955911749830379,0.0,0.45,0.45,0.45,0.0,1.0,0.5454545454545454,10,120,0.33916132042177743,9.689376186022765,0.1356368306553395,,,,0.0
20,10,inverse_volatility,vol_target_25pct_max_1p25,0.25,1.25,2021,26,0.10157688509209994,0.44111333072143905,0.7354386815753142,-0.26614340832968486,0.3816622238724458,0.006241583461607636,-0.04151941140090673,-0.054243463635006,0.6773641067190466,17.069575489319973,0.005950756370927571,0.0006773641067190464,0.0,0.6164380314475165,0.5,1.0,0.0,0.7692307692307693,0.5,10,120,0.3565702786067896,9.56616285953754,0.12780900232828293,,,,0.0
20,10,inverse_volatility,vol_target_25pct_max_1p25,0.25,1.25,2022,26,-0.21605135760420147,-0.5164315499603479,-1.2741721511352488,-0.27779244112143686,-0.7777438318048211,-0.007287172605005648,-0.08470086902554524,-0.08391591623005151,0.6036914141989113,15.213023637812563,-0.014201736797883979,0.0006036914141989112,0.0,0.5,0.5,0.5,0.0,1.0,0.3076923076923077,10,120,0.35558778246650913,9.517952551147125,0.13729644149863113,,,,0.0
20,10,inverse_volatility,vol_target_25pct_max_1p25,0.25,1.25,2023,25,1.351661667140677,2.3610551062948755,10.26347821784359,-0.17298737016280852,7.8136436542653325,0.0373155145003671,0.06177551873293561,0.057163221451042814,0.6179741175534683,15.5729477623474,0.08679549227081804,0.0006179741175534683,0.0,0.5,0.5,0.5,0.0,1.0,0.64,10,120,0.3982757382079541,8.966015381051527,0.1572375230440222,,,,0.0
20,10,inverse_volatility,vol_target_25pct_max_1p25,0.25,1.25,2024,26,0.3977622344606322,1.3709331875545248,2.432195952592804,-0.12156828088365568,3.271924482022593,0.014773880752219162,-0.017673314871082705,-0.00026514577724847207,0.6311635670065363,15.905321888564714,0.025008122265454256,0.0006311635670065362,0.0,0.5003083291087133,0.5,0.5080165568265451,0.0,1.0,0.6153846153846154,10,120,0.2715681539667415,9.409755037638046,0.13760037280546025,,,,0.0
20,10,inverse_volatility,vol_target_25pct_max_1p25,0.25,1.25,2025,25,0.9046000007812898,2.5708961702665496,3.9217764519122817,-0.10772722618822372,8.397134436569914,0.027229149119368672,0.09019189801549282,0.10917532406885332,0.7244099657756525,18.255131137546442,0.04955319104340718,0.0007244099657756526,0.0,0.5022310430651866,0.5,0.5323026825604095,0.0,1.0,0.8,10,120,0.2669009218435096,9.4567214426018,0.13674288418200914,,,,0.0
20,10,inverse_volatility,vol_target_25pct_max_1p25,0.25,1.25,2026,11,0.6493151776557113,1.498883995588128,2.8227501621741533,-0.15640889168794048,4.1513955546158705,0.0225448664334464,0.027895204049558718,0.04338840353177768,0.7755544735714964,19.54397273400171,0.03322329530914984,0.0007755544735714965,0.0,0.5015720921219331,0.5,0.5095160456576746,0.0,1.0,0.5454545454545454,10,120,0.3790357598020304,9.689376186022765,0.1356368306553395,,,,0.0
20,10,inverse_volatility,regime_dd_vol_target_25pct_max_1p25,0.25,1.25,2021,26,0.00644632876125506,0.17002771603755268,0.25160952460176816,-0.2532918494422992,0.02545020211052451,0.0020701131068137225,-0.04151941140090673,-0.054243463635006,0.5941234748573792,14.971911566405954,0.00043056150396448797,0.0005941234748573792,0.0,0.5491303391398241,0.5,1.0,0.0,0.9615384615384616,0.5,10,120,0.3068138036988283,9.56616285953754,0.12780900232828293,,,,0.0
20,10,inverse_volatility,regime_dd_vol_target_25pct_max_1p25,0.25,1.25,2022,26,-0.21605135760420147,-0.5164315499603479,-1.2741721511352488,-0.27779244112143686,-0.7777438318048211,-0.007287172605005648,-0.08470086902554524,-0.08391591623005151,0.6036914141989113,15.213023637812563,-0.014201736797883979,0.0006036914141989112,0.0,0.5,0.5,0.5,0.0,1.0,0.3076923076923077,10,120,0.35558778246650913,9.517952551147125,0.13729644149863113,,,,0.0
20,10,inverse_volatility,regime_dd_vol_target_25pct_max_1p25,0.25,1.25,2023,25,1.351661667140677,2.3610551062948755,10.26347821784359,-0.17298737016280852,7.8136436542653325,0.0373155145003671,0.06177551873293561,0.057163221451042814,0.6179741175534683,15.5729477623474,0.08679549227081804,0.0006179741175534683,0.0,0.5,0.5,0.5,0.0,1.0,0.64,10,120,0.3982757382079541,8.966015381051527,0.1572375230440222,,,,0.0
20,10,inverse_volatility,regime_dd_vol_target_25pct_max_1p25,0.25,1.25,2024,26,0.3977622344606322,1.3709331875545248,2.432195952592804,-0.12156828088365568,3.271924482022593,0.014773880752219162,-0.017673314871082705,-0.00026514577724847207,0.6311635670065363,15.905321888564714,0.025008122265454256,0.0006311635670065362,0.0,0.5003083291087133,0.5,0.5080165568265451,0.0,1.0,0.6153846153846154,10,120,0.2715681539667415,9.409755037638046,0.13760037280546025,,,,0.0
20,10,inverse_volatility,regime_dd_vol_target_25pct_max_1p25,0.25,1.25,2025,25,0.9046000007812898,2.5708961702665496,3.9217764519122817,-0.10772722618822372,8.397134436569914,0.027229149119368672,0.09019189801549282,0.10917532406885332,0.7244099657756525,18.255131137546442,0.04955319104340718,0.0007244099657756526,0.0,0.5022310430651866,0.5,0.5323026825604095,0.0,1.0,0.8,10,120,0.2669009218435096,9.4567214426018,0.13674288418200914,,,,0.0
20,10,inverse_volatility,regime_dd_vol_target_25pct_max_1p25,0.25,1.25,2026,11,0.6493151776557113,1.498883995588128,2.8227501621741533,-0.15640889168794048,4.1513955546158705,0.0225448664334464,0.027895204049558718,0.04338840353177768,0.7755544735714964,19.54397273400171,0.03322329530914984,0.0007755544735714965,0.0,0.5015720921219331,0.5,0.5095160456576746,0.0,1.0,0.5454545454545454,10,120,0.3790357598020304,9.689376186022765,0.1356368306553395,,,,0.0
20,10,inverse_volatility,vol_target_30pct_max_1p25,0.3,1.25,2021,26,0.05041485016162173,0.312523817091771,0.4868318577708789,-0.28978401610833515,0.17397388178502654,0.00474430729797152,-0.04151941140090673,-0.054243463635006,0.7177765743044536,18.08796967247223,0.002787203377410966,0.0007177765743044538,0.0,0.6586652462047262,0.5,1.0,0.0,0.7692307692307693,0.5,10,120,0.3825517844413604,9.56616285953754,0.12780900232828293,,,,0.0
20,10,inverse_volatility,vol_target_30pct_max_1p25,0.3,1.25,2022,26,-0.2188769052253554,-0.5065223264937067,-1.2341066818517605,-0.277792441121437,-0.7879152663109122,-0.007316487254686586,-0.08470086902554524,-0.08391591623005151,0.615665917383285,15.514781118058782,-0.014107637327257467,0.0006156659173832851,0.0,0.5086116377955547,0.5,0.5703380601460556,0.0,1.0,0.3076923076923077,10,120,0.3640026691308991,9.517952551147125,0.13729644149863113,,,,0.0
20,10,inverse_volatility,vol_target_30pct_max_1p25,0.3,1.25,2023,25,1.351661667140677,2.3610551062948755,10.26347821784359,-0.17298737016280852,7.8136436542653325,0.0373155145003671,0.06177551873293561,0.057163221451042814,0.6179741175534683,15.5729477623474,0.08679549227081804,0.0006179741175534683,0.0,0.5,0.5,0.5,0.0,1.0,0.64,10,120,0.3982757382079541,8.966015381051527,0.1572375230440222,,,,0.0
20,10,inverse_volatility,vol_target_30pct_max_1p25,0.3,1.25,2024,26,0.4482835961785754,1.4074180123757187,2.524632218214912,-0.1232191064688184,3.638101338545392,0.016439777094008783,-0.017673314871082705,-0.00026514577724847207,0.6661967925692255,16.788159172744482,0.026702367517837347,0.0006661967925692254,0.0,0.5296721943045247,0.5,0.6096198681918541,0.0,1.0,0.6153846153846154,10,120,0.2943563171184043,9.409755037638046,0.13760037280546025,,,,0.0
20,10,inverse_volatility,vol_target_30pct_max_1p25,0.3,1.25,2025,25,1.050876052737896,2.5060434183730353,3.593921955022232,-0.1292693380799257,8.12935277883261,0.030694829223495198,0.09019189801549282,0.10917532406885332,0.8184102882697679,20.62393926439815,0.05095418674704688,0.0008184102882697681,0.0,0.5672864188501211,0.5321626850141147,0.6387632190724913,0.0,1.0,0.8,10,120,0.3086577394314478,9.4567214426018,0.13674288418200914,,,,0.0
20,10,inverse_volatility,vol_target_30pct_max_1p25,0.3,1.25,2026,11,0.6560499010576379,1.3889115638961425,2.4392051281041534,-0.18027865136549148,3.6390881343325683,0.023333002443335762,0.027895204049558718,0.04338840353177768,0.8360580666834463,21.068663280422847,0.031138658030917615,0.0008360580666834466,0.0,0.5376278286395091,0.5,0.6114192547892096,0.0,1.0,0.5454545454545454,10,120,0.42334708476516725,9.689376186022765,0.1356368306553395,,,,0.0
20,10,inverse_volatility,regime_dd_vol_target_30pct_max_1p25,0.3,1.25,2021,26,-0.04330508717328263,0.03307714888790925,0.04594912412443315,-0.2773464599926757,-0.15614076045688938,0.00044041224965238215,-0.04151941140090673,-0.054243463635006,0.6319284009628097,15.924595704262803,-0.0027193837744772654,0.0006319284009628096,0.0,0.5892317021638515,0.5,1.0,0.0,0.9615384615384616,0.5,10,120,0.33553039074951363,9.56616285953754,0.12780900232828293,,,,0.0
20,10,inverse_volatility,regime_dd_vol_target_30pct_max_1p25,0.3,1.25,2022,26,-0.21605135760420147,-0.5164315499603479,-1.2741721511352488,-0.27779244112143686,-0.7777438318048211,-0.007287172605005648,-0.08470086902554524,-0.08391591623005151,0.6036914141989113,15.213023637812563,-0.014201736797883979,0.0006036914141989112,0.0,0.5,0.5,0.5,0.0,1.0,0.3076923076923077,10,120,0.35558778246650913,9.517952551147125,0.13729644149863113,,,,0.0
20,10,inverse_volatility,regime_dd_vol_target_30pct_max_1p25,0.3,1.25,2023,25,1.351661667140677,2.3610551062948755,10.26347821784359,-0.17298737016280852,7.8136436542653325,0.0373155145003671,0.06177551873293561,0.057163221451042814,0.6179741175534683,15.5729477623474,0.08679549227081804,0.0006179741175534683,0.0,0.5,0.5,0.5,0.0,1.0,0.64,10,120,0.3982757382079541,8.966015381051527,0.1572375230440222,,,,0.0
20,10,inverse_volatility,regime_dd_vol_target_30pct_max_1p25,0.3,1.25,2024,26,0.4482835961785754,1.4074180123757187,2.524632218214912,-0.1232191064688184,3.638101338545392,0.016439777094008783,-0.017673314871082705,-0.00026514577724847207,0.6661967925692255,16.788159172744482,0.026702367517837347,0.0006661967925692254,0.0,0.5296721943045247,0.5,0.6096198681918541,0.0,1.0,0.6153846153846154,10,120,0.2943563171184043,9.409755037638046,0.13760037280546025,,,,0.0
20,10,inverse_volatility,regime_dd_vol_target_30pct_max_1p25,0.3,1.25,2025,25,1.050876052737896,2.5060434183730353,3.593921955022232,-0.1292693380799257,8.12935277883261,0.030694829223495198,0.09019189801549282,0.10917532406885332,0.8184102882697679,20.62393926439815,0.05095418674704688,0.0008184102882697681,0.0,0.5672864188501211,0.5321626850141147,0.6387632190724913,0.0,1.0,0.8,10,120,0.3086577394314478,9.4567214426018,0.13674288418200914,,,,0.0
20,10,inverse_volatility,regime_dd_vol_target_30pct_max_1p25,0.3,1.25,2026,11,0.6560499010576379,1.3889115638961425,2.4392051281041534,-0.18027865136549148,3.6390881343325683,0.023333002443335762,0.027895204049558718,0.04338840353177768,0.8360580666834463,21.068663280422847,0.031138658030917615,0.0008360580666834466,0.0,0.5376278286395091,0.5,0.6114192547892096,0.0,1.0,0.5454545454545454,10,120,0.42334708476516725,9.689376186022765,0.1356368306553395,,,,0.0
20,10,inverse_volatility,vol_target_35pct_max_1p25,0.35,1.25,2021,26,0.014278469335445632,0.23696189446456764,0.3543105219524009,-0.3146077924931284,0.045384983068267444,0.003925260435261583,-0.04151941140090673,-0.054243463635006,0.7813018212026036,19.68880589430561,0.0007252074814539792,0.0007813018212026036,0.0,0.7253609073633295,0.5239691381004701,1.0,0.0,0.7692307692307693,0.5,10,120,0.4174365806455968,9.56616285953754,0.12780900232828293,,,,0.0
20,10,inverse_volatility,vol_target_35pct_max_1p25,0.35,1.25,2022,26,-0.23950725371271842,-0.48031998112308616,-1.1503843234740052,-0.2888370573839142,-0.8292123451263805,-0.007761993952558582,-0.08470086902554524,-0.08391591623005151,0.6786705460185622,17.102497759667767,-0.014004226580139665,0.0006786705460185622,0.0,0.560345008832618,0.5,0.6653944035037316,0.0,1.0,0.3076923076923077,10,120,0.40723320971806815,9.517952551147125,0.13729644149863113,,,,0.0
20,10,inverse_volatility,vol_target_35pct_max_1p25,0.35,1.25,2023,25,1.3597079729936903,2.356132539634867,10.31095955592374,-0.17298737016280863,7.86015748845704,0.03748814511564393,0.06177551873293561,0.057163221451042814,0.61824891304729,15.579872608791709,0.08727336911769151,0.00061824891304729,0.0,0.5003177280304609,0.5,0.5079432007615241,0.0,1.0,0.64,10,120,0.4009542082299957,8.966015381051527,0.1572375230440222,,,,0.0
20,10,inverse_volatility,vol_target_35pct_max_1p25,0.35,1.25,2024,26,0.5385061595648688,1.4593293014991648,2.6238492100658797,-0.13178831961697757,4.086144820193124,0.01933859424337285,-0.017673314871082705,-0.00026514577724847207,0.7487555703792231,18.868640373556424,0.028539743664814432,0.0007487555703792231,0.0,0.5980623487453169,0.5,0.7112231795571631,0.0,1.0,0.6153846153846154,10,120,0.3339428423950376,9.409755037638046,0.13760037280546025,,,,0.0
20,10,inverse_volatility,vol_target_35pct_max_1p25,0.35,1.25,2025,25,1.287991268997935,2.506043418373035,3.593921955022232,-0.15081422775991338,8.540250400302648,0.03581063409407773,0.09019189801549282,0.10917532406885332,0.954812002981396,24.06126247513118,0.05352966288984855,0.000954812002981396,0.0,0.6618341553251413,0.6208564658498004,0.7452237555845733,0.0,1.0,0.8,10,120,0.3601006960033558,9.4567214426018,0.13674288418200914,,,,0.0
20,10,inverse_volatility,vol_target_35pct_max_1p25,0.35,1.25,2026,11,0.7266635051447718,1.3395730013722549,2.3301903478766994,-0.20854348404460432,3.484469958262275,0.026066842258723934,0.027895204049558718,0.04338840353177768,0.9524016660563576,24.00052198462021,0.03027698754262201,0.0009524016660563576,0.0,0.6100182334200365,0.5339157067672498,0.7133224639207444,0.0,1.0,0.5454545454545454,10,120,0.4903685161218781,9.689376186022765,0.1356368306553395,,,,0.0
20,10,inverse_volatility,regime_dd_vol_target_35pct_max_1p25,0.35,1.25,2021,26,-0.09619966335346375,-0.10545476687188886,-0.13973053638006916,-0.3026049592206478,-0.31790511167174457,-0.001493198002097197,-0.04151941140090673,-0.054243463635006,0.666783362269497,16.802940729191324,-0.005725168284759733,0.0006667833622694968,0.0,0.6251400057180398,0.5,1.0,0.0,0.9615384615384616,0.5,10,120,0.35682208371445406,9.56616285953754,0.12780900232828293,,,,0.0
20,10,inverse_volatility,regime_dd_vol_target_35pct_max_1p25,0.35,1.25,2022,26,-0.21605135760420147,-0.5164315499603479,-1.2741721511352488,-0.27779244112143686,-0.7777438318048211,-0.007287172605005648,-0.08470086902554524,-0.08391591623005151,0.6036914141989113,15.213023637812563,-0.014201736797883979,0.0006036914141989112,0.0,0.5,0.5,0.5,0.0,1.0,0.3076923076923077,10,120,0.35558778246650913,9.517952551147125,0.13729644149863113,,,,0.0
20,10,inverse_volatility,regime_dd_vol_target_35pct_max_1p25,0.35,1.25,2023,25,1.351661667140677,2.3610551062948755,10.26347821784359,-0.17298737016280852,7.8136436542653325,0.0373155145003671,0.06177551873293561,0.057163221451042814,0.6179741175534683,15.5729477623474,0.08679549227081804,0.0006179741175534683,0.0,0.5,0.5,0.5,0.0,1.0,0.64,10,120,0.3982757382079541,8.966015381051527,0.1572375230440222,,,,0.0
20,10,inverse_volatility,regime_dd_vol_target_35pct_max_1p25,0.35,1.25,2024,26,0.5385061595648688,1.4593293014991648,2.6238492100658797,-0.13178831961697757,4.086144820193124,0.01933859424337285,-0.017673314871082705,-0.00026514577724847207,0.7487555703792231,18.868640373556424,0.028539743664814432,0.0007487555703792231,0.0,0.5980623487453169,0.5,0.7112231795571631,0.0,1.0,0.6153846153846154,10,120,0.3339428423950376,9.409755037638046,0.13760037280546025,,,,0.0
20,10,inverse_volatility,regime_dd_vol_target_35pct_max_1p25,0.35,1.25,2025,25,1.233625849975601,2.5744784969662198,3.880752907203791,-0.1382658431535253,8.922130164901452,0.03454196061440344,0.09019189801549282,0.10917532406885332,0.9365208132315815,23.600324493435853,0.052271563059174006,0.0009365208132315816,0.0,0.6484161452874322,0.6208564658498004,0.6955258486284329,0.0,1.0,0.8,10,120,0.3381101875617601,9.4567214426018,0.13674288418200914,,,,0.0
20,10,inverse_volatility,regime_dd_vol_target_35pct_max_1p25,0.35,1.25,2026,11,0.7347160635782481,1.3814008747703925,2.5208861434840584,-0.19793537852952814,3.7118986460959666,0.025954261572845437,0.027895204049558718,0.04338840353177768,0.9331016597807977,23.5141618264761,0.031245683728815043,0.0009331016597807977,0.0,0.5987263953584209,0.5339157067672498,0.65,0.0,1.0,0.5454545454545454,10,120,0.47346675652309583,9.689376186022765,0.1356368306553395,,,,0.0
20,10,shrinkage_min_variance,static_1x,,1.0,2021,26,-0.019177869457647212,0.2185117246463395,0.3180275444825193,-0.3921224641640769,-0.048907857137260466,0.00450504560440019,-0.04151941140090673,-0.054243463635006,1.1362397103992856,28.633240702061997,-0.0006697764202522187,0.0011362397103992857,0.0,1.0,1.0,1.0,0.0,0.0,0.5384615384615384,10,120,0.519547174938224,8.15132338954304,0.1555042988228571,0.16650582268813974,0.5819148152017872,0.39407542523379135,0.38461538461538464
20,10,shrinkage_min_variance,static_1x,,1.0,2022,26,-0.43557593251570303,-0.6003697196768296,-1.5481091063408616,-0.4660977784231425,-0.9345162167245292,-0.015149434580442777,-0.08470086902554524,-0.08391591623005151,1.322997439041092,33.33953546383552,-0.013064847078873863,0.0013229974390410921,0.0,1.0,1.0,1.0,0.0,0.0,0.34615384615384615,10,120,0.6358844207410344,7.227183358102816,0.1702009300472081,0.37885306923861345,0.6929767789437502,0.5707392764100448,0.2692307692307692
20,10,shrinkage_min_variance,static_1x,,1.0,2023,25,2.661174948355236,2.0789222435404477,7.762997333220005,-0.24068545567549038,11.056650435675786,0.06207336729398391,0.06177551873293561,0.057163221451042814,1.3202259298134462,33.26969343129884,0.07998796123115777,0.001320225929813446,0.0,1.0,1.0,1.0,0.0,0.0,0.56,10,120,0.7524325937003042,7.477869115161238,0.16909183243031528,0.15108421420979043,0.4255103203515611,0.53321325892774,0.0
20,10,shrinkage_min_variance,static_1x,,1.0,2024,26,0.8302792405180834,1.42058884363139,3.0664676742496644,-0.23357384740923703,3.5546755329306134,0.02921197717779495,-0.017673314871082705,-0.00026514577724847207,1.4321697708913868,36.09067822646295,0.02300536541065315,0.0014321697708913868,0.0,1.0,1.0,1.0,0.0,0.0,0.6153846153846154,10,120,0.518194851508664,7.642941988313684,0.16887319251155242,0.1670089640390184,0.4589065580287003,0.4220942988227405,0.11538461538461539
20,10,shrinkage_min_variance,static_1x,,1.0,2025,25,1.953816619481986,2.5246285179029675,4.959388186931419,-0.18654463872771276,10.473721640072684,0.0481658138033007,0.09019189801549282,0.10917532406885332,1.5896641592758616,40.05953681375171,0.048772821028007396,0.0015896641592758618,0.0,1.0,1.0,1.0,0.0,0.0,0.64,10,120,0.4807750919534802,7.064260488587007,0.17610958437590246,0.24577343091870316,0.5437894164181624,0.49639577449797173,0.0
20,10,shrinkage_min_variance,static_1x,,1.0,2026,11,0.8645263029417625,1.169385684729886,2.4885034166460986,-0.25893734336860375,3.3387470949336486,0.033383448122974516,0.027895204049558718,0.04338840353177768,1.6889896599306886,42.56253943025335,0.02031190606844429,0.0016889896599306886,0.0,1.0,1.0,1.0,0.0,0.0,0.6363636363636364,10,120,0.71940584161784,6.694518936633295,0.17894533821092026,0.2553374198655853,0.6357245818807302,0.4019485135785177,0.0
20,10,shrinkage_min_variance,legacy_risk_scaled,,1.0,2021,26,-0.1679095679283219,-0.4450173201095807,-0.49287966632535635,-0.3243456230103178,-0.5176871707714722,-0.005385456503312325,-0.04151941140090673,-0.054243463635006,0.6124849428385484,15.43462055953142,-0.010878762278651019,0.0006124849428385484,0.0,0.5346153846153846,0.45,1.0,0.0,0.8461538461538461,0.5384615384615384,10,120,0.3049622964114129,8.15132338954304,0.1555042988228571,0.16650582268813974,0.5819148152017872,0.39407542523379135,0.38461538461538464
20,10,shrinkage_min_variance,legacy_risk_scaled,,1.0,2022,26,-0.19013739618493497,-0.6003697196768296,-1.548109106340861,-0.23790702050594525,-0.7992088496614309,-0.006817245561199249,-0.08470086902554524,-0.08391591623005151,0.5953488475684915,15.002790958725985,-0.012673468337192718,0.0005953488475684914,0.0,0.44999999999999996,0.45,0.45,0.0,1.0,0.34615384615384615,10,120,0.28614798933346547,7.227183358102816,0.1702009300472081,0.37885306923861345,0.6929767789437502,0.5707392764100448,0.2692307692307692
20,10,shrinkage_min_variance,legacy_risk_scaled,,1.0,2023,25,1.182531939065841,2.280890570736107,9.427931422522628,-0.11442529925939104,10.334532194538168,0.03392382364718626,0.06177551873293561,0.057163221451042814,0.6293614928535601,15.859909619909715,0.07456107679083816,0.0006293614928535603,0.0,0.486,0.45,0.75,0.0,1.0,0.56,10,120,0.3748011267516442,7.477869115161238,0.16909183243031528,0.15108421420979043,0.4255103203515611,0.53321325892774,0.0
20,10,shrinkage_min_variance,legacy_risk_scaled,,1.0,2024,26,0.7102440246944004,1.6840083174379967,4.967845414805049,-0.10934207136544793,6.495615235974369,0.023793572365558294,-0.017673314871082705,-0.00026514577724847207,0.9489279525298571,23.912984403752397,0.02970118713341986,0.0009489279525298573,0.0,0.6423076923076922,0.45,1.0,0.0,0.6923076923076923,0.6153846153846154,10,120,0.35605407491352586,7.642941988313684,0.16887319251155242,0.1670089640390184,0.4589065580287003,0.4220942988227405,0.11538461538461539
20,10,shrinkage_min_variance,legacy_risk_scaled,,1.0,2025,25,1.0589791578779648,2.661969663887275,6.961481137688591,-0.08874483380290987,11.932854144837462,0.030602101994548013,0.09019189801549282,0.10917532406885332,0.9809333709101421,24.71952094693558,0.042839792896926826,0.000980933370910142,0.0,0.594,0.45,1.0,0.0,0.76,0.64,10,120,0.28970013472522665,7.064260488587007,0.17610958437590246,0.24577343091870316,0.5437894164181624,0.49639577449797173,0.0
20,10,shrinkage_min_variance,legacy_risk_scaled,,1.0,2026,11,0.39288838816431415,1.169385684729886,2.4885034166461,-0.1212109754589421,3.241359841191919,0.015022551655338534,0.027895204049558718,0.04338840353177768,0.7600453469688101,19.153142743614016,0.020512998489258888,0.00076004534696881,0.0,0.45,0.45,0.45,0.0,1.0,0.6363636363636364,10,120,0.32373262872802805,6.694518936633295,0.17894533821092026,0.2553374198655853,0.6357245818807302,0.4019485135785177,0.0
20,10,shrinkage_min_variance,vol_target_25pct_max_1p25,0.25,1.25,2021,26,0.0998417061234782,0.43837129808442815,0.730634778972732,-0.23795321678114423,0.4195854440383838,0.006065611142473869,-0.04151941140090673,-0.054243463635006,0.7447154577691332,18.766829535782154,0.005320115789036875,0.0007447154577691331,0.0,0.6283454826979116,0.5,1.0,0.0,0.7692307692307693,0.5384615384615384,10,120,0.3486847826449228,8.15132338954304,0.1555042988228571,0.16650582268813974,0.5819148152017872,0.39407542523379135,0.38461538461538464
20,10,shrinkage_min_variance,vol_target_25pct_max_1p25,0.25,1.25,2022,26,-0.2126320192851463,-0.6003697196768296,-1.5481091063408616,-0.2613413224935186,-0.8136180580107828,-0.0075747172902213885,-0.08470086902554524,-0.08391591623005151,0.661498719520546,16.66976773191776,-0.012755547809944454,0.0006614987195205461,0.0,0.5,0.5,0.5,0.0,1.0,0.34615384615384615,10,120,0.3179422103705172,7.227183358102816,0.1702009300472081,0.37885306923861345,0.6929767789437502,0.5707392764100448,0.2692307692307692
20,10,shrinkage_min_variance,vol_target_25pct_max_1p25,0.25,1.25,2023,25,1.0334322801317999,2.0789222435404477,7.762997333220005,-0.126506894755131,8.168979897357609,0.031036683646991955,0.06177551873293561,0.057163221451042814,0.6601129649067231,16.63484671564942,0.06212454480627025,0.000660112964906723,0.0,0.5,0.5,0.5,0.0,1.0,0.56,10,120,0.3762162968501521,7.477869115161238,0.16909183243031528,0.15108421420979043,0.4255103203515611,0.53321325892774,0.0
20,10,shrinkage_min_variance,vol_target_25pct_max_1p25,0.25,1.25,2024,26,0.41545767847454207,1.438394068493082,3.191287030517637,-0.12448059517823007,3.33752965978106,0.015204690872008016,-0.017673314871082705,-0.00026514577724847207,0.7265925085046516,18.31013121431722,0.022690043758380265,0.0007265925085046517,0.0,0.5081585239783132,0.5,0.553736716486528,0.0,1.0,0.6153846153846154,10,120,0.26637916435237635,7.642941988313684,0.16887319251155242,0.1670089640390184,0.4589065580287003,0.4220942988227405,0.11538461538461539
20,10,shrinkage_min_variance,vol_target_25pct_max_1p25,0.25,1.25,2025,25,0.8491502251477456,2.5350997782908573,5.295169700426019,-0.09443602502935045,8.991803974000728,0.025925822908794152,0.09019189801549282,0.10917532406885332,0.8300428083952888,20.917078771561275,0.040596023681004866,0.0008300428083952889,0.0,0.5230478551127569,0.5,0.5798300874954548,0.0,1.0,0.64,10,120,0.25771401303268726,7.064260488587007,0.17610958437590246,0.24577343091870316,0.5437894164181624,0.49639577449797173,0.0
20,10,shrinkage_min_variance,vol_target_25pct_max_1p25,0.25,1.25,2026,11,0.426228691393163,1.1319140450017378,2.240583001410482,-0.14096050599837728,3.0237454695151964,0.01647897257743025,0.027895204049558718,0.04338840353177768,0.8561590406886167,21.57520782535314,0.019755484852956987,0.0008561590406886168,0.0,0.5067552857070091,0.5,0.5412108855550445,0.0,1.0,0.6363636363636364,10,120,0.36687424348604564,6.694518936633295,0.17894533821092026,0.2553374198655853,0.6357245818807302,0.4019485135785177,0.0
20,10,shrinkage_min_variance,regime_dd_vol_target_25pct_max_1p25,0.25,1.25,2021,26,0.0009802276531536425,0.14830321110360567,0.21580861013609443,-0.22823558778462416,0.004294806356310393,0.0017605280949010704,-0.04151941140090673,-0.054243463635006,0.6553550615437497,16.51494755090249,5.935396707330603e-05,0.0006553550615437497,0.0,0.5610377903902193,0.5,1.0,0.0,0.9615384615384616,0.5384615384615384,10,120,0.29915271329164317,8.15132338954304,0.1555042988228571,0.16650582268813974,0.5819148152017872,0.39407542523379135,0.38461538461538464
20,10,shrinkage_min_variance,regime_dd_vol_target_25pct_max_1p25,0.25,1.25,2022,26,-0.2126320192851463,-0.6003697196768296,-1.5481091063408616,-0.2613413224935186,-0.8136180580107828,-0.0075747172902213885,-0.08470086902554524,-0.08391591623005151,0.661498719520546,16.66976773191776,-0.012755547809944454,0.0006614987195205461,0.0,0.5,0.5,0.5,0.0,1.0,0.34615384615384615,10,120,0.3179422103705172,7.227183358102816,0.1702009300472081,0.37885306923861345,0.6929767789437502,0.5707392764100448,0.2692307692307692
20,10,shrinkage_min_variance,regime_dd_vol_target_25pct_max_1p25,0.25,1.25,2023,25,1.0334322801317999,2.0789222435404477,7.762997333220005,-0.126506894755131,8.168979897357609,0.031036683646991955,0.06177551873293561,0.057163221451042814,0.6601129649067231,16.63484671564942,0.06212454480627025,0.000660112964906723,0.0,0.5,0.5,0.5,0.0,1.0,0.56,10,120,0.3762162968501521,7.477869115161238,0.16909183243031528,0.15108421420979043,0.4255103203515611,0.53321325892774,0.0
20,10,shrinkage_min_variance,regime_dd_vol_target_25pct_max_1p25,0.25,1.25,2024,26,0.41545767847454207,1.438394068493082,3.191287030517637,-0.12448059517823007,3.33752965978106,0.015204690872008016,-0.017673314871082705,-0.00026514577724847207,0.7265925085046516,18.31013121431722,0.022690043758380265,0.0007265925085046517,0.0,0.5081585239783132,0.5,0.553736716486528,0.0,1.0,0.6153846153846154,10,120,0.26637916435237635,7.642941988313684,0.16887319251155242,0.1670089640390184,0.4589065580287003,0.4220942988227405,0.11538461538461539
20,10,shrinkage_min_variance,regime_dd_vol_target_25pct_max_1p25,0.25,1.25,2025,25,0.8491502251477456,2.5350997782908573,5.295169700426019,-0.09443602502935045,8.991803974000728,0.025925822908794152,0.09019189801549282,0.10917532406885332,0.8300428083952888,20.917078771561275,0.040596023681004866,0.0008300428083952889,0.0,0.5230478551127569,0.5,0.5798300874954548,0.0,1.0,0.64,10,120,0.25771401303268726,7.064260488587007,0.17610958437590246,0.24577343091870316,0.5437894164181624,0.49639577449797173,0.0
20,10,shrinkage_min_variance,regime_dd_vol_target_25pct_max_1p25,0.25,1.25,2026,11,0.426228691393163,1.1319140450017378,2.240583001410482,-0.14096050599837728,3.0237454695151964,0.01647897257743025,0.027895204049558718,0.04338840353177768,0.8561590406886167,21.57520782535314,0.019755484852956987,0.0008561590406886168,0.0,0.5067552857070091,0.5,0.5412108855550445,0.0,1.0,0.6363636363636364,10,120,0.36687424348604564,6.694518936633295,0.17894533821092026,0.2553374198655853,0.6357245818807302,0.4019485135785177,0.0
20,10,shrinkage_min_variance,vol_target_30pct_max_1p25,0.3,1.25,2021,26,0.05807750931096378,0.3304871148242537,0.520666774944203,-0.26950940667873424,0.21549344056919856,0.004981163472428666,-0.04151941140090673,-0.054243463635006,0.8121307774751865,20.465695592374697,0.0028377979653231456,0.0008121307774751865,0.0,0.6928602412388567,0.5,1.0,0.0,0.7692307692307693,0.5384615384615384,10,120,0.37981910299877863,8.15132338954304,0.1555042988228571,0.16650582268813974,0.5819148152017872,0.39407542523379135,0.38461538461538464
20,10,shrinkage_min_variance,vol_target_30pct_max_1p25,0.3,1.25,2022,26,-0.21896436406247877,-0.5671939569209113,-1.3785933812182378,-0.2613513953514577,-0.8378159365402351,-0.0076321908060996415,-0.08470086902554524,-0.08391591623005151,0.6977034371894543,17.582126617174247,-0.012453804299679771,0.0006977034371894545,0.0,0.5254161694261377,0.5,0.5919462745466506,0.0,1.0,0.34615384615384615,10,120,0.33909248497252475,7.227183358102816,0.1702009300472081,0.37885306923861345,0.6929767789437502,0.5707392764100448,0.2692307692307692
20,10,shrinkage_min_variance,vol_target_30pct_max_1p25,0.3,1.25,2023,25,1.0555609773594457,2.064891576090808,7.900083725760173,-0.1265068947551311,8.34390077633798,0.031584758934789556,0.06177551873293561,0.057163221451042814,0.6607902209380287,16.651913567638324,0.06338977037515045,0.0006607902209380288,0.0,0.5010172717614158,0.5,0.5254317940353949,0.0,1.0,0.56,10,120,0.3854613648352129,7.477869115161238,0.16909183243031528,0.15108421420979043,0.4255103203515611,0.53321325892774,0.0
20,10,shrinkage_min_variance,vol_target_30pct_max_1p25,0.3,1.25,2024,26,0.4885730992842554,1.4492940402430872,3.1399691651271113,-0.1359895284940148,3.592725886285859,0.01765534595092132,-0.017673314871082705,-0.00026514577724847207,0.8049025737018789,20.283544857287346,0.024087165370836248,0.0008049025737018789,0.0,0.5637114939434582,0.5,0.6644840597838336,0.0,1.0,0.6153846153846154,10,120,0.3069871990149029,7.642941988313684,0.16887319251155242,0.1670089640390184,0.4589065580287003,0.4220942988227405,0.11538461538461539
20,10,shrinkage_min_variance,vol_target_30pct_max_1p25,0.3,1.25,2025,25,1.0361999210413235,2.5049388917167414,5.214363951230082,-0.11076587221616174,9.354866262589972,0.0303389846379312,0.09019189801549282,0.10917532406885332,0.9737880865534424,24.539459781146746,0.0422258652098535,0.0009737880865534425,0.0,0.6148139763514378,0.5385409304320209,0.6957961049945458,0.0,1.0,0.64,10,120,0.3052139975965213,7.064260488587007,0.17610958437590246,0.24577343091870316,0.5437894164181624,0.49639577449797173,0.0
20,10,shrinkage_min_variance,vol_target_30pct_max_1p25,0.3,1.25,2026,11,0.4695039654860498,1.0747244504956934,2.071458226301072,-0.16757053755932494,2.801828843688178,0.018593465824242258,0.027895204049558718,0.04338840353177768,0.9594132775007002,24.177214593017645,0.019419274444527703,0.0009594132775007004,0.0,0.5648950593918599,0.5,0.6494530626660534,0.0,1.0,0.6363636363636364,10,120,0.435977183318751,6.694518936633295,0.17894533821092026,0.2553374198655853,0.6357245818807302,0.4019485135785177,0.0
20,10,shrinkage_min_variance,regime_dd_vol_target_30pct_max_1p25,0.3,1.25,2021,26,-0.035286849007214016,0.05427694024199249,0.07599850501004686,-0.2655031395022601,-0.13290558097868985,0.0007153306086076825,-0.04151941140090673,-0.054243463635006,0.7189011963339321,18.11631014761509,-0.0019477944857253027,0.0007189011963339321,0.0,0.6226577056208841,0.5,1.0,0.0,0.9615384615384616,0.5384615384615384,10,120,0.33211767753568305,8.15132338954304,0.1555042988228571,0.16650582268813974,0.5819148152017872,0.39407542523379135,0.38461538461538464
20,10,shrinkage_min_variance,regime_dd_vol_target_30pct_max_1p25,0.3,1.25,2022,26,-0.2126320192851463,-0.6003697196768296,-1.5481091063408616,-0.2613413224935186,-0.8136180580107828,-0.0075747172902213885,-0.08470086902554524,-0.08391591623005151,0.661498719520546,16.66976773191776,-0.012755547809944454,0.0006614987195205461,0.0,0.5,0.5,0.5,0.0,1.0,0.34615384615384615,10,120,0.3179422103705172,7.227183358102816,0.1702009300472081,0.37885306923861345,0.6929767789437502,0.5707392764100448,0.2692307692307692
20,10,shrinkage_min_variance,regime_dd_vol_target_30pct_max_1p25,0.3,1.25,2023,25,1.0334322801317999,2.0789222435404477,7.762997333220005,-0.126506894755131,8.168979897357609,0.031036683646991955,0.06177551873293561,0.057163221451042814,0.6601129649067231,16.63484671564942,0.06212454480627025,0.000660112964906723,0.0,0.5,0.5,0.5,0.0,1.0,0.56,10,120,0.3762162968501521,7.477869115161238,0.16909183243031528,0.15108421420979043,0.4255103203515611,0.53321325892774,0.0
20,10,shrinkage_min_variance,regime_dd_vol_target_30pct_max_1p25,0.3,1.25,2024,26,0.48974449829480826,1.4530427605416314,3.1480738732443347,-0.13507017256451626,3.6258523180673503,0.01768355685390876,-0.017673314871082705,-0.00026514577724847207,0.8040868642930287,20.26298898018432,0.024169410483998267,0.0008040868642930287,0.0,0.5630920954675246,0.5,0.65,0.0,1.0,0.6153846153846154,10,120,0.3066844588609291,7.642941988313684,0.16887319251155242,0.1670089640390184,0.4589065580287003,0.4220942988227405,0.11538461538461539
20,10,shrinkage_min_variance,regime_dd_vol_target_30pct_max_1p25,0.3,1.25,2025,25,1.0017415649615429,2.503202824805061,5.079027829681796,-0.11076587221616174,9.043774448926154,0.029564837059030985,0.09019189801549282,0.10917532406885332,0.9665132650533599,24.35613427934467,0.041128922737590355,0.00096651326505336,0.0,0.6099010585446893,0.5385409304320209,0.65,0.0,1.0,0.64,10,120,0.2976322519712724,7.064260488587007,0.17610958437590246,0.24577343091870316,0.5437894164181624,0.49639577449797173,0.0
20,10,shrinkage_min_variance,regime_dd_vol_target_30pct_max_1p25,0.3,1.25,2026,11,0.4695039654860498,1.0747244504956934,2.071458226301072,-0.16757053755932494,2.801828843688178,0.018593465824242258,0.027895204049558718,0.04338840353177768,0.9594132775007002,24.177214593017645,0.019419274444527703,0.0009594132775007004,0.0,0.5648950593918599,0.5,0.6494530626660534,0.0,1.0,0.6363636363636364,10,120,0.435977183318751,6.694518936633295,0.17894533821092026,0.2553374198655853,0.6357245818807302,0.4019485135785177,0.0
20,10,shrinkage_min_variance,vol_target_35pct_max_1p25,0.35,1.25,2021,26,0.02647740464724735,0.263945333582783,0.3989955637556974,-0.30937898055785373,0.08558242903090854,0.004356628254838702,-0.04151941140090673,-0.054243463635006,0.8925044948621518,22.491113270526224,0.0011772385087733747,0.0008925044948621517,0.0,0.7697106681843735,0.5790500552150548,1.0,0.0,0.7692307692307693,0.5384615384615384,10,120,0.4159460996399924,8.15132338954304,0.1555042988228571,0.16650582268813974,0.5819148152017872,0.39407542523379135,0.38461538461538464
20,10,shrinkage_min_variance,vol_target_35pct_max_1p25,0.35,1.25,2022,26,-0.24372962875113957,-0.5323298473245713,-1.2873145097448875,-0.2820844960231059,-0.8640305730633822,-0.008230085808985849,-0.08470086902554524,-0.08391591623005151,0.7901577244261108,19.91197465553799,-0.012240354508655052,0.000790157724426111,0.0,0.595432088924849,0.5139177242557683,0.6906039869710924,0.0,1.0,0.34615384615384615,10,120,0.38960460967725696,7.227183358102816,0.1702009300472081,0.37885306923861345,0.6929767789437502,0.5707392764100448,0.2692307692307692
20,10,shrinkage_min_variance,vol_target_35pct_max_1p25,0.35,1.25,2023,25,1.1587596350121157,2.022452250093736,7.9658994660168965,-0.1265068947551311,9.15965597966048,0.03407214093853828,0.06177551873293561,0.057163221451042814,0.6817459427723453,17.179997757863102,0.06744818313388683,0.0006817459427723454,0.0,0.5175747438800382,0.5,0.6130037597079606,0.0,1.0,0.56,10,120,0.42454300298628544,7.477869115161238,0.16909183243031528,0.15108421420979043,0.4255103203515611,0.53321325892774,0.0
20,10,shrinkage_min_variance,vol_target_35pct_max_1p25,0.35,1.25,2024,26,0.5901078590540716,1.4849635989632723,3.159835180550207,-0.14747496684915562,4.0014103522915985,0.02088727372697023,-0.017673314871082705,-0.00026514577724847207,0.9146873098752086,23.050120208855258,0.025601075122695778,0.0009146873098752086,0.0,0.6416377685750603,0.5,0.7752314030811391,0.0,1.0,0.6153846153846154,10,120,0.35445939434955015,7.642941988313684,0.16887319251155242,0.1670089640390184,0.4589065580287003,0.4220942988227405,0.11538461538461539
20,10,shrinkage_min_variance,vol_target_35pct_max_1p25,0.35,1.25,2025,25,1.2699898999767307,2.504938891716742,5.214363951230081,-0.1289238982680454,9.850694223783844,0.035395482077586395,0.09019189801549282,0.10917532406885332,1.1360861009790162,28.62936974467121,0.04435968766700197,0.001136086100979016,0.0,0.7172829724100106,0.6282977521706911,0.8117621224936368,0.0,1.0,0.64,10,120,0.35608299719594144,7.064260488587007,0.17610958437590246,0.24577343091870316,0.5437894164181624,0.49639577449797173,0.0
20,10,shrinkage_min_variance,vol_target_35pct_max_1p25,0.35,1.25,2026,11,0.5282744036262816,1.0554213748487584,2.0236944835163255,-0.19407199727349655,2.7220537277297625,0.02127783113731102,0.027895204049558718,0.04338840353177768,1.099184344691678,27.699445486230285,0.01907165989618431,0.0010991843446916782,0.0,0.6463011918161838,0.5449936996478472,0.7576952397770623,0.0,1.0,0.6363636363636364,10,120,0.5080448031830653,6.694518936633295,0.17894533821092026,0.2553374198655853,0.6357245818807302,0.4019485135785177,0.0
20,10,shrinkage_min_variance,regime_dd_vol_target_35pct_max_1p25,0.35,1.25,2021,26,-0.07406073058520046,-0.056690930646597776,-0.07736699182148929,-0.27054713350891013,-0.2737442811707386,-0.0007691057104937831,-0.04151941140090673,-0.054243463635006,0.7355864648908431,18.536778915249247,-0.0039953398011493,0.0007355864648908431,0.0,0.6395489524159659,0.5,1.0,0.0,0.9615384615384616,0.5384615384615384,10,120,0.34187944497267636,8.15132338954304,0.1555042988228571,0.16650582268813974,0.5819148152017872,0.39407542523379135,0.38461538461538464
20,10,shrinkage_min_variance,regime_dd_vol_target_35pct_max_1p25,0.35,1.25,2022,26,-0.2126320192851463,-0.6003697196768296,-1.5481091063408616,-0.2613413224935186,-0.8136180580107828,-0.0075747172902213885,-0.08470086902554524,-0.08391591623005151,0.661498719520546,16.66976773191776,-0.012755547809944454,0.0006614987195205461,0.0,0.5,0.5,0.5,0.0,1.0,0.34615384615384615,10,120,0.3179422103705172,7.227183358102816,0.1702009300472081,0.37885306923861345,0.6929767789437502,0.5707392764100448,0.2692307692307692
20,10,shrinkage_min_variance,regime_dd_vol_target_35pct_max_1p25,0.35,1.25,2023,25,1.0334322801317999,2.0789222435404477,7.762997333220005,-0.126506894755131,8.168979897357609,0.031036683646991955,0.06177551873293561,0.057163221451042814,0.6601129649067231,16.63484671564942,0.06212454480627025,0.000660112964906723,0.0,0.5,0.5,0.5,0.0,1.0,0.56,10,120,0.3762162968501521,7.477869115161238,0.16909183243031528,0.15108421420979043,0.4255103203515611,0.53321325892774,0.0
20,10,shrinkage_min_variance,regime_dd_vol_target_35pct_max_1p25,0.35,1.25,2024,26,0.5554265013918935,1.4920937995853873,3.1753993782040117,-0.13786692841803394,4.028714556603119,0.019738263217400756,-0.017673314871082705,-0.00026514577724847207,0.881854749551029,22.22273968868593,0.02499361056164794,0.0008818547495510289,0.0,0.6171237691148141,0.5,0.7136955770589455,0.0,1.0,0.6153846153846154,10,120,0.33335989548158057,7.642941988313684,0.16887319251155242,0.1670089640390184,0.4589065580287003,0.4220942988227405,0.11538461538461539
20,10,shrinkage_min_variance,regime_dd_vol_target_35pct_max_1p25,0.35,1.25,2025,25,1.074352348849974,2.5070532714294327,4.9580263308291945,-0.12244937875469519,8.77384891435212,0.03120453850639046,0.09019189801549282,0.10917532406885332,1.0410867055905515,26.235384980881896,0.04095050824041157,0.0010410867055905516,0.0,0.6546057694785568,0.6282977521706911,0.7346196483649977,0.0,1.0,0.64,10,120,0.3136568254541669,7.064260488587007,0.17610958437590246,0.24577343091870316,0.5437894164181624,0.49639577449797173,0.0
20,10,shrinkage_min_variance,regime_dd_vol_target_35pct_max_1p25,0.35,1.25,2026,11,0.527860911939984,1.1136130937579585,2.3217885324545104,-0.17261356966924501,3.058049914334367,0.020570343972907943,0.027895204049558718,0.04338840353177768,1.0403776135501543,26.217515861463887,0.02013390264467681,0.0010403776135501546,0.0,0.6130145316165897,0.5449936996478472,0.65,0.0,1.0,0.6363636363636364,10,120,0.4654872244434542,6.694518936633295,0.17894533821092026,0.2553374198655853,0.6357245818807302,0.4019485135785177,0.0
20,10,shrinkage_risk_parity,static_1x,,1.0,2021,26,-0.05363951502399156,0.1603448250776117,0.22648719482403565,-0.39494698485434265,-0.13581446898189115,0.0033766781310857934,-0.04151941140090673,-0.054243463635006,1.048457752649361,26.4211353667639,-0.0020301744902100852,0.001048457752649361,0.0,1.0,1.0,1.0,0.0,0.0,0.5384615384615384,10,120,0.5306831003880217,9.320368556602476,0.14247434144729768,0.16650582268813974,0.5819148152017872,0.43051942724058534,0.38461538461538464
20,10,shrinkage_risk_parity,static_1x,,1.0,2022,26,-0.4327289409098495,-0.5123119695041597,-1.2955811499167904,-0.48132919592698187,-0.8990290731823691,-0.01387352541486971,-0.08470086902554524,-0.08391591623005151,1.2008138065362677,30.260507924713945,-0.014300121530889344,0.0012008138065362677,0.0,1.0,1.0,1.0,0.0,0.0,0.3076923076923077,10,120,0.6824217688942323,9.35326521736678,0.15278935470662533,0.37885306923861345,0.6929767789437502,0.6185975744994157,0.2692307692307692
20,10,shrinkage_risk_parity,static_1x,,1.0,2023,25,2.9632359406482345,2.126083856957454,8.379326543637289,-0.32074127119683093,9.238711094431531,0.06649691796412377,0.06177551873293561,0.057163221451042814,1.1883172966189837,29.94559587479839,0.09895398151492568,0.0011883172966189836,0.0,1.0,1.0,1.0,0.0,0.0,0.6,10,120,0.7881732073794927,9.259916254307356,0.14878296707360986,0.15108421420979043,0.4255103203515611,0.5649607678934457,0.0
20,10,shrinkage_risk_parity,static_1x,,1.0,2024,26,0.9098774845916704,1.4383756400239263,2.820486573230232,-0.2430037823742417,3.744293507293642,0.03175255143680108,-0.017673314871082705,-0.00026514577724847207,1.290070552111199,32.509777913202214,0.0279878099143264,0.001290070552111199,0.0,1.0,1.0,1.0,0.0,0.0,0.6153846153846154,10,120,0.5562971687938745,9.302050695970367,0.15119796749356587,0.1670089640390184,0.4589065580287003,0.44522656439695873,0.11538461538461539
20,10,shrinkage_risk_parity,static_1x,,1.0,2025,25,2.1726027374320203,2.625742844198577,4.660674183813505,-0.18312859534370662,11.863809326743048,0.05137587591356576,0.09019189801549282,0.10917532406885332,1.449545160626893,36.5285380477977,0.0594768598346083,0.0014495451606268924,0.0,1.0,1.0,1.0,0.0,0.0,0.8,10,120,0.4930688760639139,9.229778997618817,0.15973664848722083,0.24577343091870316,0.5437894164181624,0.526940304516869,0.0
20,10,shrinkage_risk_parity,static_1x,,1.0,2026,11,1.1833411916930254,1.3984114354541233,2.54347143022058,-0.28016618415506667,4.2237117061853136,0.04031442839466825,0.027895204049558718,0.04338840353177768,1.5976509110471802,40.260802958388936,0.02939189247954278,0.0015976509110471803,0.0,1.0,1.0,1.0,0.0,0.0,0.5454545454545454,10,120,0.7264840445299466,9.107181644878759,0.1579245389095997,0.2553374198655853,0.6357245818807302,0.4367675144454195,0.0
20,10,shrinkage_risk_parity,legacy_risk_scaled,,1.0,2021,26,-0.20146703371783448,-0.518168720063397,-0.5414029097390809,-0.35609054535888685,-0.5657747343861247,-0.006693804630322238,-0.04151941140090673,-0.054243463635006,0.5700550759129922,14.365387913007403,-0.014024475700751002,0.0005700550759129923,0.0,0.5346153846153846,0.45,1.0,0.0,0.8461538461538461,0.5384615384615384,10,120,0.32553851699786557,9.320368556602476,0.14247434144729768,0.16650582268813974,0.5819148152017872,0.43051942724058534,0.38461538461538464
20,10,shrinkage_risk_parity,legacy_risk_scaled,,1.0,2022,26,-0.1829725645881891,-0.5123119695041598,-1.2955811499167904,-0.2469580988904806,-0.7409053009811701,-0.006243086436691369,-0.08470086902554524,-0.08391591623005151,0.5403662129413205,13.617228566121275,-0.013436843165239382,0.0005403662129413205,0.0,0.44999999999999996,0.45,0.45,0.0,1.0,0.3076923076923077,10,120,0.30708979600240455,9.35326521736678,0.15278935470662533,0.37885306923861345,0.6929767789437502,0.6185975744994157,0.2692307692307692
20,10,shrinkage_risk_parity,legacy_risk_scaled,,1.0,2023,25,1.2999530919701248,2.342908960743472,10.167059305404688,-0.1562051709409089,8.322087445247801,0.03630782823311269,0.06177551873293561,0.057163221451042814,0.5678548877423875,14.309943171108163,0.09084264531495385,0.0005678548877423876,0.0,0.486,0.45,0.75,0.0,1.0,0.6,10,120,0.3905219053770223,9.259916254307356,0.14878296707360986,0.15108421420979043,0.4255103203515611,0.5649607678934457,0.0
20,10,shrinkage_risk_parity,legacy_risk_scaled,,1.0,2024,26,0.734487553159473,1.6283278609665415,3.718717729586078,-0.11419282428603972,6.431993934397028,0.02474552053129201,-0.017673314871082705,-0.00026514577724847207,0.8489032963042954,21.392363066868242,0.034334100952924745,0.0008489032963042954,0.0,0.6423076923076922,0.45,1.0,0.0,0.6923076923076923,0.6153846153846154,10,120,0.3829616457083836,9.302050695970367,0.15119796749356587,0.1670089640390184,0.4589065580287003,0.44522656439695873,0.11538461538461539
20,10,shrinkage_risk_parity,legacy_risk_scaled,,1.0,2025,25,1.2560535743263679,2.832756249761957,6.888860951261299,-0.08295786790466797,15.1408613318001,0.03449481075402415,0.09019189801549282,0.10917532406885332,0.8870929591927427,22.354742571657116,0.05618734236371298,0.0008870929591927427,0.0,0.594,0.45,1.0,0.0,0.76,0.8,10,120,0.3068634059405765,9.229778997618817,0.15973664848722083,0.24577343091870316,0.5437894164181624,0.526940304516869,0.0
20,10,shrinkage_risk_parity,legacy_risk_scaled,,1.0,2026,11,0.5024999437800244,1.3984114354541233,2.54347143022058,-0.1315925772486799,3.8186040146505706,0.01814149277760071,0.027895204049558718,0.04338840353177768,0.718942909971231,18.11736133127502,0.02773582392004215,0.0007189429099712309,0.0,0.45,0.45,0.45,0.0,1.0,0.5454545454545454,10,120,0.32691782003847597,9.107181644878759,0.1579245389095997,0.2553374198655853,0.6357245818807302,0.4367675144454195,0.0
20,10,shrinkage_risk_parity,vol_target_25pct_max_1p25,0.25,1.25,2021,26,0.08432921666494075,0.39769449763153986,0.6533531124954642,-0.2560243420196293,0.3293796831961988,0.005523016373146565,-0.04151941140090673,-0.054243463635006,0.6835410807517192,17.225235234943323,0.004895678666487496,0.000683541080751719,0.0,0.6214665470965804,0.5,1.0,0.0,0.7692307692307693,0.5384615384615384,10,120,0.34996715678033447,9.320368556602476,0.14247434144729768,0.16650582268813974,0.5819148152017872,0.43051942724058534,0.38461538461538464
20,10,shrinkage_risk_parity,vol_target_25pct_max_1p25,0.25,1.25,2022,26,-0.2054248000886052,-0.5123119695041597,-1.2955811499167904,-0.27115560896845414,-0.7575900822044365,-0.006936762707434855,-0.08470086902554524,-0.08391591623005151,0.6004069032681338,15.130253962356973,-0.013577088699217338,0.0006004069032681338,0.0,0.5,0.5,0.5,0.0,1.0,0.3076923076923077,10,120,0.34121088444711617,9.35326521736678,0.15278935470662533,0.37885306923861345,0.6929767789437502,0.6185975744994157,0.2692307692307692
20,10,shrinkage_risk_parity,vol_target_25pct_max_1p25,0.25,1.25,2023,25,1.1323946537618785,2.126083856957454,8.379326543637289,-0.17231908253069095,6.571498856258088,0.033248458982061885,0.06177551873293561,0.057163221451042814,0.5941586483094918,14.972797937399195,0.07563012995275736,0.0005941586483094918,0.0,0.5,0.5,0.5,0.0,1.0,0.6,10,120,0.39408660368974635,9.259916254307356,0.14878296707360986,0.15108421420979043,0.4255103203515611,0.5649607678934457,0.0
20,10,shrinkage_risk_parity,vol_target_25pct_max_1p25,0.25,1.25,2024,26,0.4346168047586547,1.4383756400239263,2.820486573230232,-0.12639223508075814,3.4386353281984205,0.01587627571840054,-0.017673314871082705,-0.00026514577724847207,0.6450352760555995,16.254888956601107,0.02673760527795897,0.0006450352760555995,0.0,0.5,0.5,0.5,0.0,1.0,0.6153846153846154,10,120,0.27814858439693724,9.302050695970367,0.15119796749356587,0.1670089640390184,0.4589065580287003,0.44522656439695873,0.11538461538461539
20,10,shrinkage_risk_parity,vol_target_25pct_max_1p25,0.25,1.25,2025,25,0.8897892970968815,2.630143499500068,4.883799520969724,-0.09156429767185326,9.717644537456017,0.026805626871634392,0.09019189801549282,0.10917532406885332,0.7359833845065156,18.54678128956419,0.04797540248115956,0.0007359833845065156,0.0,0.5080156387925413,0.5,0.5611494607260903,0.0,1.0,0.8,10,120,0.2568307764551952,9.229778997618817,0.15973664848722083,0.24577343091870316,0.5437894164181624,0.526940304516869,0.0
20,10,shrinkage_risk_parity,vol_target_25pct_max_1p25,0.25,1.25,2026,11,0.5531972673088783,1.3614419700819747,2.3807382586024057,-0.15144197046265173,3.6528662801921645,0.02000451553361711,0.027895204049558718,0.04338840353177768,0.8081620879494593,20.365684616326373,0.027163205054516148,0.0008081620879494595,0.0,0.5052843681613248,0.5,0.5323050036461953,0.0,1.0,0.5454545454545454,10,120,0.3702793086486071,9.107181644878759,0.1579245389095997,0.2553374198655853,0.6357245818807302,0.4367675144454195,0.0
20,10,shrinkage_risk_parity,regime_dd_vol_target_25pct_max_1p25,0.25,1.25,2021,26,-0.011826916108416352,0.10618413872617836,0.15255067754034152,-0.24497831109238233,-0.04827740078572251,0.001263584502522819,-0.04151941140090673,-0.054243463635006,0.6005173408108839,15.133036988434274,-0.0007815295844089531,0.0006005173408108839,0.0,0.554158854788888,0.5,1.0,0.0,0.9615384615384616,0.5384615384615384,10,120,0.29987839846484265,9.320368556602476,0.14247434144729768,0.16650582268813974,0.5819148152017872,0.43051942724058534,0.38461538461538464
20,10,shrinkage_risk_parity,regime_dd_vol_target_25pct_max_1p25,0.25,1.25,2022,26,-0.2054248000886052,-0.5123119695041597,-1.2955811499167904,-0.27115560896845414,-0.7575900822044365,-0.006936762707434855,-0.08470086902554524,-0.08391591623005151,0.6004069032681338,15.130253962356973,-0.013577088699217338,0.0006004069032681338,0.0,0.5,0.5,0.5,0.0,1.0,0.3076923076923077,10,120,0.34121088444711617,9.35326521736678,0.15278935470662533,0.37885306923861345,0.6929767789437502,0.6185975744994157,0.2692307692307692
20,10,shrinkage_risk_parity,regime_dd_vol_target_25pct_max_1p25,0.25,1.25,2023,25,1.1323946537618785,2.126083856957454,8.379326543637289,-0.17231908253069095,6.571498856258088,0.033248458982061885,0.06177551873293561,0.057163221451042814,0.5941586483094918,14.972797937399195,0.07563012995275736,0.0005941586483094918,0.0,0.5,0.5,0.5,0.0,1.0,0.6,10,120,0.39408660368974635,9.259916254307356,0.14878296707360986,0.15108421420979043,0.4255103203515611,0.5649607678934457,0.0
20,10,shrinkage_risk_parity,regime_dd_vol_target_25pct_max_1p25,0.25,1.25,2024,26,0.4346168047586547,1.4383756400239263,2.820486573230232,-0.12639223508075814,3.4386353281984205,0.01587627571840054,-0.017673314871082705,-0.00026514577724847207,0.6450352760555995,16.254888956601107,0.02673760527795897,0.0006450352760555995,0.0,0.5,0.5,0.5,0.0,1.0,0.6153846153846154,10,120,0.27814858439693724,9.302050695970367,0.15119796749356587,0.1670089640390184,0.4589065580287003,0.44522656439695873,0.11538461538461539
20,10,shrinkage_risk_parity,regime_dd_vol_target_25pct_max_1p25,0.25,1.25,2025,25,0.8897892970968815,2.630143499500068,4.883799520969724,-0.09156429767185326,9.717644537456017,0.026805626871634392,0.09019189801549282,0.10917532406885332,0.7359833845065156,18.54678128956419,0.04797540248115956,0.0007359833845065156,0.0,0.5080156387925413,0.5,0.5611494607260903,0.0,1.0,0.8,10,120,0.2568307764551952,9.229778997618817,0.15973664848722083,0.24577343091870316,0.5437894164181624,0.526940304516869,0.0
20,10,shrinkage_risk_parity,regime_dd_vol_target_25pct_max_1p25,0.25,1.25,2026,11,0.5531972673088783,1.3614419700819747,2.3807382586024057,-0.15144197046265173,3.6528662801921645,0.02000451553361711,0.027895204049558718,0.04338840353177768,0.8081620879494593,20.365684616326373,0.027163205054516148,0.0008081620879494595,0.0,0.5052843681613248,0.5,0.5323050036461953,0.0,1.0,0.5454545454545454,10,120,0.3702793086486071,9.107181644878759,0.1579245389095997,0.2553374198655853,0.6357245818807302,0.4367675144454195,0.0
20,10,shrinkage_risk_parity,vol_target_30pct_max_1p25,0.3,1.25,2021,26,0.0317219110505258,0.264396563602233,0.4056002412877872,-0.2793793660438606,0.11354421588008644,0.003971044104312754,-0.04151941140090673,-0.054243463635006,0.7333271484213858,18.479844140218923,0.0017165681057605502,0.0007333271484213856,0.0,0.6745501331165994,0.5,1.0,0.0,0.7692307692307693,0.5384615384615384,10,120,0.3784856734342073,9.320368556602476,0.14247434144729768,0.16650582268813974,0.5819148152017872,0.43051942724058534,0.38461538461538464
20,10,shrinkage_risk_parity,vol_target_30pct_max_1p25,0.3,1.25,2022,26,-0.21440663735333887,-0.5050862486539468,-1.2307353679145039,-0.2711574918341936,-0.7907088825133531,-0.0071675263099366246,-0.08470086902554524,-0.08391591623005151,0.6271101702136236,15.803176289383314,-0.013567312888699392,0.0006271101702136236,0.0,0.5208714558857727,0.5,0.5986484911605431,0.0,1.0,0.3076923076923077,10,120,0.3576055841784627,9.35326521736678,0.15278935470662533,0.37885306923861345,0.6929767789437502,0.6185975744994157,0.2692307692307692
20,10,shrinkage_risk_parity,vol_target_30pct_max_1p25,0.3,1.25,2023,25,1.1323946537618785,2.126083856957454,8.379326543637289,-0.17231908253069095,6.571498856258088,0.033248458982061885,0.06177551873293561,0.057163221451042814,0.5941586483094918,14.972797937399195,0.07563012995275736,0.0005941586483094918,0.0,0.5,0.5,0.5,0.0,1.0,0.6,10,120,0.39408660368974635,9.259916254307356,0.14878296707360986,0.15108421420979043,0.4255103203515611,0.5649607678934457,0.0
20,10,shrinkage_risk_parity,vol_target_30pct_max_1p25,0.3,1.25,2024,26,0.4855940039087716,1.459693820805241,2.914926740767134,-0.1321786937630054,3.6737691233311405,0.017542900510557038,-0.017673314871082705,-0.00026514577724847207,0.6792666876784709,17.117520529497465,0.02836824428350942,0.000679266687678471,0.0,0.5284402033436237,0.5,0.5809730633369228,0.0,1.0,0.6153846153846154,10,120,0.30285878213977985,9.302050695970367,0.15119796749356587,0.1670089640390184,0.4589065580287003,0.44522656439695873,0.11538461538461539
20,10,shrinkage_risk_parity,vol_target_30pct_max_1p25,0.3,1.25,2025,25,1.0696965673785241,2.5961393215729327,4.880844674182207,-0.10542405497734153,10.146608073541003,0.03095713828254609,0.09019189801549282,0.10917532406885332,0.8490980813807889,21.39727165079588,0.04999219455807285,0.0008490980813807889,0.0,0.5874527526140971,0.5230815558893888,0.6733793528713083,0.0,1.0,0.8,10,120,0.30049230341286437,9.229778997618817,0.15973664848722083,0.24577343091870316,0.5437894164181624,0.526940304516869,0.0
20,10,shrinkage_risk_parity,vol_target_30pct_max_1p25,0.3,1.25,2026,11,0.5732251566062534,1.25952971136831,2.106839770799746,-0.1778277273211697,3.223485815409244,0.021283310360711835,0.027895204049558718,0.04338840353177768,0.8888237166889993,22.39835766056278,0.025592285170780264,0.0008888237166889994,0.0,0.5520907105789877,0.5,0.6387660043754344,0.0,1.0,0.5454545454545454,10,120,0.4258251442971341,9.107181644878759,0.1579245389095997,0.2553374198655853,0.6357245818807302,0.4367675144454195,0.0
20,10,shrinkage_risk_parity,regime_dd_vol_target_30pct_max_1p25,0.3,1.25,2021,26,-0.05943673934740035,-0.020926048482669456,-0.028411166506671064,-0.2686800942006121,-0.22121750226505962,-0.0002757732084111868,-0.04151941140090673,-0.054243463635006,0.6501708828937807,16.384306248923274,-0.00362766286496301,0.0006501708828937807,0.0,0.6071612140219057,0.5,1.0,0.0,0.9615384615384616,0.5384615384615384,10,120,0.3320973311190278,9.320368556602476,0.14247434144729768,0.16650582268813974,0.5819148152017872,0.43051942724058534,0.38461538461538464
20,10,shrinkage_risk_parity,regime_dd_vol_target_30pct_max_1p25,0.3,1.25,2022,26,-0.2054248000886052,-0.5123119695041597,-1.2955811499167904,-0.27115560896845414,-0.7575900822044365,-0.006936762707434855,-0.08470086902554524,-0.08391591623005151,0.6004069032681338,15.130253962356973,-0.013577088699217338,0.0006004069032681338,0.0,0.5,0.5,0.5,0.0,1.0,0.3076923076923077,10,120,0.34121088444711617,9.35326521736678,0.15278935470662533,0.37885306923861345,0.6929767789437502,0.6185975744994157,0.2692307692307692
20,10,shrinkage_risk_parity,regime_dd_vol_target_30pct_max_1p25,0.3,1.25,2023,25,1.1323946537618785,2.126083856957454,8.379326543637289,-0.17231908253069095,6.571498856258088,0.033248458982061885,0.06177551873293561,0.057163221451042814,0.5941586483094918,14.972797937399195,0.07563012995275736,0.0005941586483094918,0.0,0.5,0.5,0.5,0.0,1.0,0.6,10,120,0.39408660368974635,9.259916254307356,0.14878296707360986,0.15108421420979043,0.4255103203515611,0.5649607678934457,0.0
20,10,shrinkage_risk_parity,regime_dd_vol_target_30pct_max_1p25,0.3,1.25,2024,26,0.4855940039087716,1.459693820805241,2.914926740767134,-0.1321786937630054,3.6737691233311405,0.017542900510557038,-0.017673314871082705,-0.00026514577724847207,0.6792666876784709,17.117520529497465,0.02836824428350942,0.000679266687678471,0.0,0.5284402033436237,0.5,0.5809730633369228,0.0,1.0,0.6153846153846154,10,120,0.30285878213977985,9.302050695970367,0.15119796749356587,0.1670089640390184,0.4589065580287003,0.44522656439695873,0.11538461538461539
20,10,shrinkage_risk_parity,regime_dd_vol_target_30pct_max_1p25,0.3,1.25,2025,25,1.0541904800172466,2.59754419033772,4.8269050274197784,-0.10542405497734153,9.999525063267777,0.03061502186311384,0.09019189801549282,0.10917532406885332,0.8469805126069946,21.343908917696265,0.049390694276399194,0.0008469805126069944,0.0,0.5858951501028072,0.5230815558893888,0.65,0.0,1.0,0.8,10,120,0.2970107510856869,9.229778997618817,0.15973664848722083,0.24577343091870316,0.5437894164181624,0.526940304516869,0.0
20,10,shrinkage_risk_parity,regime_dd_vol_target_30pct_max_1p25,0.3,1.25,2026,11,0.5732251566062534,1.25952971136831,2.106839770799746,-0.1778277273211697,3.223485815409244,0.021283310360711835,0.027895204049558718,0.04338840353177768,0.8888237166889993,22.39835766056278,0.025592285170780264,0.0008888237166889994,0.0,0.5520907105789877,0.5,0.6387660043754344,0.0,1.0,0.5454545454545454,10,120,0.4258251442971341,9.107181644878759,0.1579245389095997,0.2553374198655853,0.6357245818807302,0.4367675144454195,0.0
20,10,shrinkage_risk_parity,vol_target_35pct_max_1p25,0.35,1.25,2021,26,-0.005322470380073607,0.18815145691154514,0.2761313029127954,-0.3036031554930524,-0.017531011400161174,0.003086591153798305,-0.04151941140090673,-0.054243463635006,0.8015590773126614,20.199288748279066,-0.0002634979105651465,0.0008015590773126613,0.0,0.7459761820484417,0.5419423625231666,1.0,0.0,0.7692307692307693,0.5384615384615384,10,120,0.41340151361296484,9.320368556602476,0.14247434144729768,0.16650582268813974,0.5819148152017872,0.43051942724058534,0.38461538461538464
20,10,shrinkage_risk_parity,vol_target_35pct_max_1p25,0.35,1.25,2022,26,-0.23493400268217923,-0.4683270565347689,-1.1263813736660655,-0.283878146823454,-0.8275874888963767,-0.007540467142807429,-0.08470086902554524,-0.08391591623005151,0.6990606768059151,17.61632905550906,-0.013336149770017472,0.0006990606768059153,0.0,0.5818022530847914,0.5,0.6984232396873004,0.0,1.0,0.3076923076923077,10,120,0.40574160588699626,9.35326521736678,0.15278935470662533,0.37885306923861345,0.6929767789437502,0.6185975744994157,0.2692307692307692
20,10,shrinkage_risk_parity,vol_target_35pct_max_1p25,0.35,1.25,2023,25,1.167119525777197,2.113395440576173,8.58258598322003,-0.17231908253069095,6.7730138104079485,0.0340549752461661,0.06177551873293561,0.057163221451042814,0.5957512929466038,15.012932582254415,0.07774094230974936,0.0005957512929466038,0.0,0.501708854691339,0.5,0.5346679091257568,0.0,1.0,0.6,10,120,0.40606947461257864,9.259916254307356,0.14878296707360986,0.15108421420979043,0.4255103203515611,0.5649607678934457,0.0
20,10,shrinkage_risk_parity,vol_target_35pct_max_1p25,0.35,1.25,2024,26,0.5803780854059433,1.497711321093536,2.9785425449385117,-0.14256189999052482,4.071060258347548,0.020547599764981925,-0.017673314871082705,-0.00026514577724847207,0.7653643431989713,19.287181448614074,0.030091389296679618,0.0007653643431989715,0.0,0.5977770068391279,0.5,0.67780190722641,0.0,1.0,0.6153846153846154,10,120,0.3457271817238314,9.302050695970367,0.15119796749356587,0.1670089640390184,0.4589065580287003,0.44522656439695873,0.11538461538461539
20,10,shrinkage_risk_parity,vol_target_35pct_max_1p25,0.35,1.25,2025,25,1.313853372941388,2.5961393215729327,4.8808446741822085,-0.12299473080689849,10.682192353460534,0.036116661329637104,0.09019189801549282,0.10917532406885332,0.990614428277587,24.96348359259519,0.052631010734860366,0.000990614428277587,0.0,0.6853615447164466,0.6102618152042869,0.7856092450165264,0.0,1.0,0.8,10,120,0.3505743539816751,9.229778997618817,0.15973664848722083,0.24577343091870316,0.5437894164181624,0.526940304516869,0.0
20,10,shrinkage_risk_parity,vol_target_35pct_max_1p25,0.35,1.25,2026,11,0.6446584852466701,1.229906947364901,2.0466312117498004,-0.20587597345378106,3.131295383486773,0.02415758115646227,0.027895204049558718,0.04338840353177768,1.0199013582171543,25.701514227072288,0.025082509907825946,0.0010199013582171542,0.0,0.6319745876787077,0.5493424181851911,0.7452270051046734,0.0,1.0,0.5454545454545454,10,120,0.49497325504758943,9.107181644878759,0.1579245389095997,0.2553374198655853,0.6357245818807302,0.4367675144454195,0.0
20,10,shrinkage_risk_parity,regime_dd_vol_target_35pct_max_1p25,0.35,1.25,2021,26,-0.1091033705815706,-0.16274711305944017,-0.21123794438546148,-0.29326354155602796,-0.37203182503586596,-0.0022280469048249272,-0.04151941140090673,-0.054243463635006,0.668629543642148,16.84946449978213,-0.006475183266683719,0.0006686295436421479,0.0,0.6273506804997931,0.5,1.0,0.0,0.9615384615384616,0.5384615384615384,10,120,0.3449940275197487,9.320368556602476,0.14247434144729768,0.16650582268813974,0.5819148152017872,0.43051942724058534,0.38461538461538464
20,10,shrinkage_risk_parity,regime_dd_vol_target_35pct_max_1p25,0.35,1.25,2022,26,-0.2054248000886052,-0.5123119695041597,-1.2955811499167904,-0.27115560896845414,-0.7575900822044365,-0.006936762707434855,-0.08470086902554524,-0.08391591623005151,0.6004069032681338,15.130253962356973,-0.013577088699217338,0.0006004069032681338,0.0,0.5,0.5,0.5,0.0,1.0,0.3076923076923077,10,120,0.34121088444711617,9.35326521736678,0.15278935470662533,0.37885306923861345,0.6929767789437502,0.6185975744994157,0.2692307692307692
20,10,shrinkage_risk_parity,regime_dd_vol_target_35pct_max_1p25,0.35,1.25,2023,25,1.1323946537618785,2.126083856957454,8.379326543637289,-0.17231908253069095,6.571498856258088,0.033248458982061885,0.06177551873293561,0.057163221451042814,0.5941586483094918,14.972797937399195,0.07563012995275736,0.0005941586483094918,0.0,0.5,0.5,0.5,0.0,1.0,0.6,10,120,0.39408660368974635,9.259916254307356,0.14878296707360986,0.15108421420979043,0.4255103203515611,0.5649607678934457,0.0
20,10,shrinkage_risk_parity,regime_dd_vol_target_35pct_max_1p25,0.35,1.25,2024,26,0.5698598013701426,1.491024264413389,2.934087556000021,-0.14098402534229204,4.0420168170584745,0.020233299494103858,-0.017673314871082705,-0.00026514577724847207,0.7609603668995829,19.17620124586949,0.029717032798291534,0.0007609603668995832,0.0,0.5945212693647146,0.5,0.6723369821041679,0.0,1.0,0.6153846153846154,10,120,0.3419656939332359,9.302050695970367,0.15119796749356587,0.1670089640390184,0.4589065580287003,0.44522656439695873,0.11538461538461539
20,10,shrinkage_risk_parity,regime_dd_vol_target_35pct_max_1p25,0.35,1.25,2025,25,1.1640619360221574,2.604222321492181,4.577249728825386,-0.1190332985745618,9.779296633479374,0.033008476198858105,0.09019189801549282,0.10917532406885332,0.9344474630042872,23.548076067708035,0.04943342006689284,0.0009344474630042872,0.0,0.645354832550935,0.6102618152042869,0.6925010423557012,0.0,1.0,0.8,10,120,0.3194095962339373,9.229778997618817,0.15973664848722083,0.24577343091870316,0.5437894164181624,0.526940304516869,0.0
20,10,shrinkage_risk_parity,regime_dd_vol_target_35pct_max_1p25,0.35,1.25,2026,11,0.6656709468301629,1.3068146367729934,2.3327246769002072,-0.18722399023981628,3.5554788997793563,0.024163287251430864,0.027895204049558718,0.04338840353177768,0.9819260419521356,24.74453625719382,0.026901734585413242,0.0009819260419521357,0.0,0.6102989076566199,0.5493424181851911,0.65,0.0,1.0,0.5454545454545454,10,120,0.4659534884302282,9.107181644878759,0.1579245389095997,0.2553374198655853,0.6357245818807302,0.4367675144454195,0.0
20,10,shrinkage_max_diversification,static_1x,,1.0,2021,26,-0.0614762508719916,0.1330451397836976,0.19602592943060887,-0.4065935066872708,-0.1511983095177064,0.002736106487206432,-0.04151941140090673,-0.054243463635006,1.0936375923963764,27.559667328388684,-0.00223066012152716,0.0010936375923963765,0.0,1.0,1.0,1.0,0.0,0.0,0.46153846153846156,10,120,0.5182442860347967,8.601436567112604,0.15243919480846266,0.16650582268813974,0.5819148152017872,0.40971821356320365,0.38461538461538464
20,10,shrinkage_max_diversification,static_1x,,1.0,2022,26,-0.4995877541771926,-0.7471190882733312,-1.7059450430992813,-0.5224664334697151,-0.9562102408367471,-0.019364563798947014,-0.08470086902554524,-0.08391591623005151,1.240837141578889,31.269095967788,-0.015977045025281356,0.001240837141578889,0.0,1.0,1.0,1.0,0.0,0.0,0.2692307692307692,10,120,0.653158265386115,7.65416344383058,0.1698003982841631,0.37885306923861345,0.6929767789437502,0.6004585237219056,0.2692307692307692
20,10,shrinkage_max_diversification,static_1x,,1.0,2023,25,2.590535733694858,2.021172857476834,7.291612313541188,-0.27717019122840825,9.34637206913809,0.06187151351593827,0.06177551873293561,0.057163221451042814,1.248111200779832,31.452402259651766,0.08236368441141576,0.0012481112007798323,0.0,1.0,1.0,1.0,0.0,0.0,0.6,10,120,0.7714145451903858,8.330374365118207,0.16313346040233834,0.15108421420979043,0.4255103203515611,0.5565485845744924,0.0
20,10,shrinkage_max_diversification,static_1x,,1.0,2024,26,0.9327665164204193,1.4777981252449708,3.022473565041099,-0.25668906646487766,3.6338381266739628,0.03195000770002564,-0.017673314871082705,-0.00026514577724847207,1.3319022250101573,33.56393607025596,0.02779073689295422,0.0013319022250101573,0.0,1.0,1.0,1.0,0.0,0.0,0.6153846153846154,10,120,0.5448242085888289,8.383625706649717,0.16318250549041277,0.1670089640390184,0.4589065580287003,0.43915935880707535,0.11538461538461539
20,10,shrinkage_max_diversification,static_1x,,1.0,2025,25,2.872313497781731,2.924996627714458,5.1827575795366965,-0.17708134834527545,16.22030510057591,0.06001402604416451,0.09019189801549282,0.10917532406885332,1.5588113214695318,39.2820453010322,0.07312026336129338,0.0015588113214695318,0.0,1.0,1.0,1.0,0.0,0.0,0.76,10,120,0.5170445127981815,7.784805921461893,0.17515366160239626,0.24577343091870316,0.5437894164181624,0.5194051503385684,0.0
20,10,shrinkage_max_diversification,static_1x,,1.0,2026,11,1.4764530701506051,1.5814263649803029,3.1554845122873116,-0.24797217855205445,5.954107750199353,0.04528451658604422,0.027895204049558718,0.04338840353177768,1.6608899871137033,41.85442767526532,0.03527591110804135,0.0016608899871137033,0.0,1.0,1.0,1.0,0.0,0.0,0.6363636363636364,10,120,0.7216079377698549,7.508312570713639,0.17950637688094045,0.2553374198655853,0.6357245818807302,0.41742953916565234,0.0
20,10,shrinkage_max_diversification,legacy_risk_scaled,,1.0,2021,26,-0.19133307211042105,-0.5269762466157906,-0.5916386840759545,-0.3340713114262863,-0.5727312270351571,-0.006453420983720754,-0.04151941140090673,-0.054243463635006,0.592531478746704,14.93179326441694,-0.012813803990065641,0.000592531478746704,0.0,0.5346153846153846,0.45,1.0,0.0,0.8461538461538461,0.46153846153846156,10,120,0.30860254107113677,8.601436567112604,0.15243919480846266,0.16650582268813974,0.5819148152017872,0.40971821356320365,0.38461538461538464
20,10,shrinkage_max_diversification,legacy_risk_scaled,,1.0,2022,26,-0.2299978603394628,-0.747119088273331,-1.7059450430992806,-0.27336397435875703,-0.8413612689052381,-0.008714053709526152,-0.08470086902554524,-0.08391591623005151,0.5583767137105001,14.071093185504603,-0.016345415193212996,0.0005583767137105002,0.0,0.44999999999999996,0.45,0.45,0.0,1.0,0.2692307692307692,10,120,0.29392121942375177,7.65416344383058,0.1698003982841631,0.37885306923861345,0.6929767789437502,0.6004585237219056,0.2692307692307692
20,10,shrinkage_max_diversification,legacy_risk_scaled,,1.0,2023,25,1.1566086581307862,2.2260793494988693,8.776539421834263,-0.13335100866492344,8.673415144815621,0.03351220407093471,0.06177551873293561,0.057163221451042814,0.5935534378950029,14.957546634954074,0.07732609406865723,0.000593553437895003,0.0,0.486,0.45,0.75,0.0,1.0,0.6,10,120,0.37936991903620537,8.330374365118207,0.16313346040233834,0.15108421420979043,0.4255103203515611,0.5565485845744924,0.0
20,10,shrinkage_max_diversification,legacy_risk_scaled,,1.0,2024,26,0.7195543026032334,1.726343427614627,4.331879793642842,-0.12125194170793652,5.934373441511124,0.02396855174957667,-0.017673314871082705,-0.00026514577724847207,0.8755096639350055,22.062843531162137,0.03261385150046122,0.0008755096639350054,0.0,0.6423076923076922,0.45,1.0,0.0,0.6923076923076923,0.6153846153846154,10,120,0.3498767941694653,8.383625706649717,0.16318250549041277,0.1670089640390184,0.4589065580287003,0.43915935880707535,0.11538461538461539
20,10,shrinkage_max_diversification,legacy_risk_scaled,,1.0,2025,25,1.6068796038086113,3.2336011172986026,7.724864359616857,-0.08046707088613103,19.969405945973936,0.040533109552128826,0.09019189801549282,0.10917532406885332,0.9585777217016255,24.156158586880963,0.06652049406072769,0.0009585777217016256,0.0,0.594,0.45,1.0,0.0,0.76,0.76,10,120,0.3158813730145441,7.784805921461893,0.17515366160239626,0.24577343091870316,0.5437894164181624,0.5194051503385684,0.0
20,10,shrinkage_max_diversification,legacy_risk_scaled,,1.0,2026,11,0.5893354858668622,1.5814263649803033,3.155484512287311,-0.1152197310009675,5.114883368907654,0.0203780324637199,0.027895204049558718,0.04338840353177768,0.7474004942011665,18.834492453869395,0.03129022389694329,0.0007474004942011665,0.0,0.45,0.45,0.45,0.0,1.0,0.6363636363636364,10,120,0.3247235719964347,7.508312570713639,0.17950637688094045,0.2553374198655853,0.6357245818807302,0.41742953916565234,0.0
20,10,shrinkage_max_diversification,vol_target_25pct_max_1p25,0.25,1.25,2021,26,0.0737219482868885,0.3693139290850768,0.6200842669687113,-0.24217853020923907,0.30441157696016113,0.005090631665189689,-0.04151941140090673,-0.054243463635006,0.7167145052867537,18.061205533226193,0.004081784471765539,0.0007167145052867538,0.0,0.62681304621684,0.5,1.0,0.0,0.7692307692307693,0.46153846153846156,10,120,0.3473573777208606,8.601436567112604,0.15243919480846266,0.16650582268813974,0.5819148152017872,0.40971821356320365,0.38461538461538464
20,10,shrinkage_max_diversification,vol_target_25pct_max_1p25,0.25,1.25,2022,26,-0.2553116387803509,-0.7442211561148089,-1.700625908986226,-0.2995931936692853,-0.8521943895100105,-0.009651994145341656,-0.08470086902554524,-0.08391591623005151,0.6209947222651182,15.649067001080978,-0.01631481536648255,0.0006209947222651182,0.0,0.5003518402358327,0.5,0.5047297874715483,0.0,1.0,0.2692307692307692,10,120,0.3268252326128274,7.65416344383058,0.1698003982841631,0.37885306923861345,0.6929767789437502,0.6004585237219056,0.2692307692307692
20,10,shrinkage_max_diversification,vol_target_25pct_max_1p25,0.25,1.25,2023,25,1.0212048051613967,2.021172857476834,7.291612313541188,-0.14727044306093273,6.934214251931571,0.030935756757969134,0.06177551873293561,0.057163221451042814,0.624055600389916,15.726201129825883,0.06493652196935264,0.0006240556003899162,0.0,0.5,0.5,0.5,0.0,1.0,0.6,10,120,0.3857072725951929,8.330374365118207,0.16313346040233834,0.15108421420979043,0.4255103203515611,0.5565485845744924,0.0
20,10,shrinkage_max_diversification,vol_target_25pct_max_1p25,0.25,1.25,2024,26,0.44593527921456655,1.4801300097827421,3.0570665743184797,-0.13545035144641837,3.292241581159501,0.016150719195261107,-0.017673314871082705,-0.00026514577724847207,0.6679161828534755,16.831487807907582,0.0264941093921039,0.0006679161828534755,0.0,0.5019207685316437,0.5,0.5216433050651695,0.0,1.0,0.6153846153846154,10,120,0.2749745772537375,8.383625706649717,0.16318250549041277,0.1670089640390184,0.4589065580287003,0.43915935880707535,0.11538461538461539
20,10,shrinkage_max_diversification,vol_target_25pct_max_1p25,0.25,1.25,2025,25,1.1145472374987064,2.932765845013884,5.4551540408486945,-0.08879430581150383,12.552012511531007,0.0315066957920587,0.09019189801549282,0.10917532406885332,0.7969644150897126,20.083503260260755,0.055495658454372446,0.0007969644150897127,0.0,0.511644548029538,0.5,0.5655765430723833,0.0,1.0,0.76,10,120,0.2707235340010994,7.784805921461893,0.17515366160239626,0.24577343091870316,0.5437894164181624,0.5194051503385684,0.0
20,10,shrinkage_max_diversification,vol_target_25pct_max_1p25,0.25,1.25,2026,11,0.6635422727972313,1.5814263649803029,3.1554845122873116,-0.12765753240686528,5.197830948842207,0.02264225829302211,0.027895204049558718,0.04338840353177768,0.8304449935568516,20.92721383763266,0.03170714830676633,0.0008304449935568517,0.0,0.5,0.5,0.5,0.0,1.0,0.6363636363636364,10,120,0.36080396888492744,7.508312570713639,0.17950637688094045,0.2553374198655853,0.6357245818807302,0.41742953916565234,0.0
20,10,shrinkage_max_diversification,regime_dd_vol_target_25pct_max_1p25,0.25,1.25,2021,26,-0.02325943689015275,0.06511065066505056,0.09553313710408151,-0.2376364040110137,-0.09787825643530083,0.0007683528889953479,-0.04151941140090673,-0.054243463635006,0.6297917507982684,15.870752120116364,-0.001465553536096827,0.0006297917507982684,0.0,0.5595053539091477,0.5,1.0,0.0,0.9615384615384616,0.46153846153846156,10,120,0.2973782722935676,8.601436567112604,0.15243919480846266,0.16650582268813974,0.5819148152017872,0.40971821356320365,0.38461538461538464
20,10,shrinkage_max_diversification,regime_dd_vol_target_25pct_max_1p25,0.25,1.25,2022,26,-0.255832067000092,-0.7471190882733312,-1.7059450430992813,-0.29959319366928516,-0.8539315058088396,-0.009682281899473507,-0.08470086902554524,-0.08391591623005151,0.6204185707894445,15.634547983894,-0.016363253179026253,0.0006204185707894445,0.0,0.5,0.5,0.5,0.0,1.0,0.2692307692307692,10,120,0.3265791326930575,7.65416344383058,0.1698003982841631,0.37885306923861345,0.6929767789437502,0.6004585237219056,0.2692307692307692
20,10,shrinkage_max_diversification,regime_dd_vol_target_25pct_max_1p25,0.25,1.25,2023,25,1.0212048051613967,2.021172857476834,7.291612313541188,-0.14727044306093273,6.934214251931571,0.030935756757969134,0.06177551873293561,0.057163221451042814,0.624055600389916,15.726201129825883,0.06493652196935264,0.0006240556003899162,0.0,0.5,0.5,0.5,0.0,1.0,0.6,10,120,0.3857072725951929,8.330374365118207,0.16313346040233834,0.15108421420979043,0.4255103203515611,0.5565485845744924,0.0
20,10,shrinkage_max_diversification,regime_dd_vol_target_25pct_max_1p25,0.25,1.25,2024,26,0.44593527921456655,1.4801300097827421,3.0570665743184797,-0.13545035144641837,3.292241581159501,0.016150719195261107,-0.017673314871082705,-0.00026514577724847207,0.6679161828534755,16.831487807907582,0.0264941093921039,0.0006679161828534755,0.0,0.5019207685316437,0.5,0.5216433050651695,0.0,1.0,0.6153846153846154,10,120,0.2749745772537375,8.383625706649717,0.16318250549041277,0.1670089640390184,0.4589065580287003,0.43915935880707535,0.11538461538461539
20,10,shrinkage_max_diversification,regime_dd_vol_target_25pct_max_1p25,0.25,1.25,2025,25,1.1145472374987064,2.932765845013884,5.4551540408486945,-0.08879430581150383,12.552012511531007,0.0315066957920587,0.09019189801549282,0.10917532406885332,0.7969644150897126,20.083503260260755,0.055495658454372446,0.0007969644150897127,0.0,0.511644548029538,0.5,0.5655765430723833,0.0,1.0,0.76,10,120,0.2707235340010994,7.784805921461893,0.17515366160239626,0.24577343091870316,0.5437894164181624,0.5194051503385684,0.0
20,10,shrinkage_max_diversification,regime_dd_vol_target_25pct_max_1p25,0.25,1.25,2026,11,0.6635422727972313,1.5814263649803029,3.1554845122873116,-0.12765753240686528,5.197830948842207,0.02264225829302211,0.027895204049558718,0.04338840353177768,0.8304449935568516,20.92721383763266,0.03170714830676633,0.0008304449935568517,0.0,0.5,0.5,0.5,0.0,1.0,0.6363636363636364,10,120,0.36080396888492744,7.508312570713639,0.17950637688094045,0.2553374198655853,0.6357245818807302,0.41742953916565234,0.0
20,10,shrinkage_max_diversification,vol_target_30pct_max_1p25,0.3,1.25,2021,26,0.024951750646989623,0.24569334987176658,0.3879494603557481,-0.28011413450198597,0.0890770852793675,0.0036719666277240295,-0.04151941140090673,-0.054243463635006,0.7751917896698232,19.534833099679542,0.001277295307293869,0.0007751917896698233,0.0,0.6872452225500847,0.5,1.0,0.0,0.7692307692307693,0.46153846153846156,10,120,0.3766221554915552,8.601436567112604,0.15243919480846266,0.16650582268813974,0.5819148152017872,0.40971821356320365,0.38461538461538464
20,10,shrinkage_max_diversification,vol_target_30pct_max_1p25,0.3,1.25,2022,26,-0.26365150163644724,-0.7039138999188331,-1.5640112489687497,-0.29960480335075823,-0.8799975791034994,-0.009793508917377205,-0.08470086902554524,-0.08391591623005151,0.6623980822917621,16.692431673752406,-0.015794673106316763,0.000662398082291762,0.0,0.5309117141520253,0.5,0.605675744965858,0.0,1.0,0.2692307692307692,10,120,0.3506059828430198,7.65416344383058,0.1698003982841631,0.37885306923861345,0.6929767789437502,0.6004585237219056,0.2692307692307692
20,10,shrinkage_max_diversification,vol_target_30pct_max_1p25,0.3,1.25,2023,25,1.0212048051613967,2.021172857476834,7.291612313541188,-0.14727044306093273,6.934214251931571,0.030935756757969134,0.06177551873293561,0.057163221451042814,0.624055600389916,15.726201129825883,0.06493652196935264,0.0006240556003899162,0.0,0.5,0.5,0.5,0.0,1.0,0.6,10,120,0.3857072725951929,8.330374365118207,0.16313346040233834,0.15108421420979043,0.4255103203515611,0.5565485845744924,0.0
20,10,shrinkage_max_diversification,vol_target_30pct_max_1p25,0.3,1.25,2024,26,0.5080008085540755,1.498089850708771,3.179792679102042,-0.14493230526699097,3.5050902393241317,0.01815944633653057,-0.017673314871082705,-0.00026514577724847207,0.7142125990429218,17.998157495881628,0.028225156306711793,0.0007142125990429218,0.0,0.5392426991522323,0.5,0.6259719660782034,0.0,1.0,0.6153846153846154,10,120,0.3054676910494145,8.383625706649717,0.16318250549041277,0.1670089640390184,0.4589065580287003,0.43915935880707535,0.11538461538461539
20,10,shrinkage_max_diversification,vol_target_30pct_max_1p25,0.3,1.25,2025,25,1.3785925092068938,2.8989607661963883,5.4152785435458775,-0.10436216328599712,13.209696558598145,0.03685117796738092,0.09019189801549282,0.10917532406885332,0.9267200671559928,23.35334569233102,0.059031906064731805,0.000926720067155993,0.0,0.5958327817435849,0.5275768207637297,0.6786918516868599,0.0,1.0,0.76,10,120,0.32033882472871256,7.784805921461893,0.17515366160239626,0.24577343091870316,0.5437894164181624,0.5194051503385684,0.0
20,10,shrinkage_max_diversification,vol_target_30pct_max_1p25,0.3,1.25,2026,11,0.6793843256934093,1.4724863624515265,2.7039784050400537,-0.14898784677284338,4.559998284485869,0.023587889819292666,0.027895204049558718,0.04338840353177768,0.8950112819174548,22.55428430431986,0.030122185059238863,0.0008950112819174547,0.0,0.5364675290942336,0.5,0.5998207023852982,0.0,1.0,0.6363636363636364,10,120,0.40368103814322626,7.508312570713639,0.17950637688094045,0.2553374198655853,0.6357245818807302,0.41742953916565234,0.0
20,10,shrinkage_max_diversification,regime_dd_vol_target_30pct_max_1p25,0.3,1.25,2021,26,-0.06483747993055744,-0.04314757379391654,-0.06064111029576627,-0.2760701862919722,-0.23485868141511387,-0.0005622019202644559,-0.04151941140090673,-0.054243463635006,0.68531655358992,17.269977150465984,-0.0037543465961567862,0.00068531655358992,0.0,0.6173685843423102,0.5,1.0,0.0,0.9615384615384616,0.46153846153846156,10,120,0.328349595236379,8.601436567112604,0.15243919480846266,0.16650582268813974,0.5819148152017872,0.40971821356320365,0.38461538461538464
20,10,shrinkage_max_diversification,regime_dd_vol_target_30pct_max_1p25,0.3,1.25,2022,26,-0.255832067000092,-0.7471190882733312,-1.7059450430992813,-0.29959319366928516,-0.8539315058088396,-0.009682281899473507,-0.08470086902554524,-0.08391591623005151,0.6204185707894445,15.634547983894,-0.016363253179026253,0.0006204185707894445,0.0,0.5,0.5,0.5,0.0,1.0,0.2692307692307692,10,120,0.3265791326930575,7.65416344383058,0.1698003982841631,0.37885306923861345,0.6929767789437502,0.6004585237219056,0.2692307692307692
20,10,shrinkage_max_diversification,regime_dd_vol_target_30pct_max_1p25,0.3,1.25,2023,25,1.0212048051613967,2.021172857476834,7.291612313541188,-0.14727044306093273,6.934214251931571,0.030935756757969134,0.06177551873293561,0.057163221451042814,0.624055600389916,15.726201129825883,0.06493652196935264,0.0006240556003899162,0.0,0.5,0.5,0.5,0.0,1.0,0.6,10,120,0.3857072725951929,8.330374365118207,0.16313346040233834,0.15108421420979043,0.4255103203515611,0.5565485845744924,0.0
20,10,shrinkage_max_diversification,regime_dd_vol_target_30pct_max_1p25,0.3,1.25,2024,26,0.5080008085540755,1.498089850708771,3.179792679102042,-0.14493230526699097,3.5050902393241317,0.01815944633653057,-0.017673314871082705,-0.00026514577724847207,0.7142125990429218,17.998157495881628,0.028225156306711793,0.0007142125990429218,0.0,0.5392426991522323,0.5,0.6259719660782034,0.0,1.0,0.6153846153846154,10,120,0.3054676910494145,8.383625706649717,0.16318250549041277,0.1670089640390184,0.4589065580287003,0.43915935880707535,0.11538461538461539
20,10,shrinkage_max_diversification,regime_dd_vol_target_30pct_max_1p25,0.3,1.25,2025,25,1.3608638435493572,2.9083452929721703,5.363934842208309,-0.10436216328599712,13.039820186747242,0.03650178211261924,0.09019189801549282,0.10917532406885332,0.9245026098475345,23.29746576815787,0.05841252679977478,0.0009245026098475347,0.0,0.594439068167282,0.5275768207637297,0.65,0.0,1.0,0.76,10,120,0.3162777512906569,7.784805921461893,0.17515366160239626,0.24577343091870316,0.5437894164181624,0.5194051503385684,0.0
20,10,shrinkage_max_diversification,regime_dd_vol_target_30pct_max_1p25,0.3,1.25,2026,11,0.6793843256934093,1.4724863624515265,2.7039784050400537,-0.14898784677284338,4.559998284485869,0.023587889819292666,0.027895204049558718,0.04338840353177768,0.8950112819174548,22.55428430431986,0.030122185059238863,0.0008950112819174547,0.0,0.5364675290942336,0.5,0.5998207023852982,0.0,1.0,0.6363636363636364,10,120,0.40368103814322626,7.508312570713639,0.17950637688094045,0.2553374198655853,0.6357245818807302,0.41742953916565234,0.0
20,10,shrinkage_max_diversification,vol_target_35pct_max_1p25,0.35,1.25,2021,26,-0.010749516915739332,0.1730747743850277,0.2623508778072941,-0.32098999693745356,-0.03348863521698443,0.002828906377598813,-0.04151941140090673,-0.054243463635006,0.8497825224416006,21.414519565528334,-0.0005019732935331964,0.0008497825224416008,0.0,0.7626164257941436,0.5649219866284921,1.0,0.0,0.7692307692307693,0.46153846153846156,10,120,0.41189388210265426,8.601436567112604,0.15243919480846266,0.16650582268813974,0.5819148152017872,0.40971821356320365,0.38461538461538464
20,10,shrinkage_max_diversification,vol_target_35pct_max_1p25,0.35,1.25,2022,26,-0.2873917800224205,-0.6560345217575179,-1.4613516597401923,-0.31607205692658713,-0.9092603212601357,-0.010407753532293763,-0.08470086902554524,-0.08391591623005151,0.7461843668103574,18.803846043621004,-0.015283670125554712,0.0007461843668103573,0.0,0.5974596050699017,0.5102332139237686,0.7066217024601675,0.0,1.0,0.2692307692307692,10,120,0.39978900547972157,7.65416344383058,0.1698003982841631,0.37885306923861345,0.6929767789437502,0.6004585237219056,0.2692307692307692
20,10,shrinkage_max_diversification,vol_target_35pct_max_1p25,0.35,1.25,2023,25,1.086502916725557,1.9962607097237486,7.492455544236818,-0.14727044306093273,7.377603367948174,0.03253836161204454,0.06177551873293561,0.057163221451042814,0.630355093453309,15.884948355023386,0.06839826560606765,0.0006303550934533091,0.0,0.505749955064713,0.5,0.5640507303197609,0.0,1.0,0.6,10,120,0.41075131551178656,8.330374365118207,0.16313346040233834,0.15108421420979043,0.4255103203515611,0.5565485845744924,0.0
20,10,shrinkage_max_diversification,vol_target_35pct_max_1p25,0.35,1.25,2024,26,0.6104812187690138,1.5383107978208999,3.250479966655103,-0.15539592213561548,3.9285536607340386,0.02133292440793619,-0.017673314871082705,-0.00026514577724847207,0.8067095215540117,20.329079943161094,0.03002994825520305,0.0008067095215540116,0.0,0.6113494587830349,0.5,0.7303006270912373,0.0,1.0,0.6153846153846154,10,120,0.3494675431268615,8.383625706649717,0.16318250549041277,0.1670089640390184,0.4589065580287003,0.43915935880707535,0.11538461538461539
20,10,shrinkage_max_diversification,vol_target_35pct_max_1p25,0.35,1.25,2025,25,1.7174030485398202,2.8989607661963883,5.415278543545877,-0.12168723375700885,14.11325572548733,0.0429930409619444,0.09019189801549282,0.10917532406885332,1.0811734116819918,27.245569974386193,0.06303421254003372,0.0010811734116819918,0.0,0.6951382453675157,0.6155062908910179,0.7918071603013365,0.0,1.0,0.76,10,120,0.37372862885016467,7.784805921461893,0.17515366160239626,0.24577343091870316,0.5437894164181624,0.5194051503385684,0.0
20,10,shrinkage_max_diversification,vol_target_35pct_max_1p25,0.35,1.25,2026,11,0.7670823823630581,1.433306590640906,2.5977475931261087,-0.17285247061887077,4.437786625881839,0.026579194178606602,0.027895204049558718,0.04338840353177768,1.0207000554597696,25.721641397586193,0.029822450694575182,0.0010207000554597696,0.0,0.6100543563244883,0.5334641651373406,0.6997908194495146,0.0,1.0,0.6363636363636364,10,120,0.46730803979725366,7.508312570713639,0.17950637688094045,0.2553374198655853,0.6357245818807302,0.41742953916565234,0.0
20,10,shrinkage_max_diversification,regime_dd_vol_target_35pct_max_1p25,0.35,1.25,2021,26,-0.10238002884165398,-0.14971437852618594,-0.20493127498562863,-0.28133656135527374,-0.3639058796640646,-0.00201926956269269,-0.04151941140090673,-0.054243463635006,0.7062244943541369,17.79685725772425,-0.005752702702451506,0.000706224494354137,0.0,0.6395117955692213,0.5,1.0,0.0,0.9615384615384616,0.46153846153846156,10,120,0.3398844752306513,8.601436567112604,0.15243919480846266,0.16650582268813974,0.5819148152017872,0.40971821356320365,0.38461538461538464
20,10,shrinkage_max_diversification,regime_dd_vol_target_35pct_max_1p25,0.35,1.25,2022,26,-0.255832067000092,-0.7471190882733312,-1.7059450430992813,-0.29959319366928516,-0.8539315058088396,-0.009682281899473507,-0.08470086902554524,-0.08391591623005151,0.6204185707894445,15.634547983894,-0.016363253179026253,0.0006204185707894445,0.0,0.5,0.5,0.5,0.0,1.0,0.2692307692307692,10,120,0.3265791326930575,7.65416344383058,0.1698003982841631,0.37885306923861345,0.6929767789437502,0.6004585237219056,0.2692307692307692
20,10,shrinkage_max_diversification,regime_dd_vol_target_35pct_max_1p25,0.35,1.25,2023,25,1.0212048051613967,2.021172857476834,7.291612313541188,-0.14727044306093273,6.934214251931571,0.030935756757969134,0.06177551873293561,0.057163221451042814,0.624055600389916,15.726201129825883,0.06493652196935264,0.0006240556003899162,0.0,0.5,0.5,0.5,0.0,1.0,0.6,10,120,0.3857072725951929,8.330374365118207,0.16313346040233834,0.15108421420979043,0.4255103203515611,0.5565485845744924,0.0
20,10,shrinkage_max_diversification,regime_dd_vol_target_35pct_max_1p25,0.35,1.25,2024,26,0.5718548222443791,1.517841128038992,3.0794146476670505,-0.1505625826341871,3.7981204376241378,0.020186808248403576,-0.017673314871082705,-0.00026514577724847207,0.7904390592751187,19.91906429373299,0.028708919947825973,0.0007904390592751188,0.0,0.5975948708645172,0.5,0.65,0.0,1.0,0.6153846153846154,10,120,0.335152051464705,8.383625706649717,0.16318250549041277,0.1670089640390184,0.4589065580287003,0.43915935880707535,0.11538461538461539
20,10,shrinkage_max_diversification,regime_dd_vol_target_35pct_max_1p25,0.35,1.25,2025,25,1.5104400988202769,2.9273025225098612,5.218207709561367,-0.11539417225580173,13.089396711230671,0.03929586501455027,0.09019189801549282,0.10917532406885332,1.0187594554554926,25.672738277478413,0.05883439789301015,0.0010187594554554927,0.0,0.6528630004842401,0.6155062908910179,0.7343491306451474,0.0,1.0,0.76,10,120,0.3382826990896808,7.784805921461893,0.17515366160239626,0.24577343091870316,0.5437894164181624,0.5194051503385684,0.0
20,10,shrinkage_max_diversification,regime_dd_vol_target_35pct_max_1p25,0.35,1.25,2026,11,0.7894158407337419,1.4804594886980336,2.8498486482231464,-0.16461240961575951,4.795603457700467,0.026930038217050787,0.027895204049558718,0.04338840353177768,1.0074629144660041,25.388065444543304,0.0310939737593678,0.001007462914466004,0.0,0.6026629579447,0.5334641651373406,0.65,0.0,1.0,0.6363636363636364,10,120,0.45839617243866376,7.508312570713639,0.17950637688094045,0.2553374198655853,0.6357245818807302,0.41742953916565234,0.0
20,10,inverse_volatility,static_1x,,1.0,2021,26,-0.01090154838752977,0.2183437818412787,0.3104501526078097,-0.362589125644206,-0.030065844826871663,0.004215178314297852,-0.04151941140090673,-0.054243463635006,0.9464415320239061,23.850326607002433,-0.000457081723330744,0.0009464415320239062,0.0,1.0,1.0,1.0,0.0,0.0,0.46153846153846156,15,60,0.48649195605452367,14.251216945508057,0.09153108489776077,,,,0.0
20,10,inverse_volatility,static_1x,,1.0,2022,26,-0.4745371978824735,-0.6715078551011019,-1.522091448046617,-0.47129567000334294,-1.0068779071938165,-0.017400229492074353,-0.08470086902554524,-0.08391591623005151,1.0848084475356599,27.337172877898627,-0.017358678602282393,0.00108480844753566,0.0,1.0,1.0,1.0,0.0,0.0,0.34615384615384615,15,60,0.6529868263927538,14.259630502314952,0.09090971610916664,,,,0.0
20,10,inverse_volatility,static_1x,,1.0,2023,25,2.5667058448119566,2.1328130080431142,6.3475654633816125,-0.31748657895172805,8.084454635174387,0.060500622161141715,0.06177551873293561,0.057163221451042814,1.0420511368202825,26.25968864787112,0.09774319411133003,0.0010420511368202825,0.0,1.0,1.0,1.0,0.0,0.0,0.64,15,60,0.7148379500271463,13.497111807159927,0.10849253112597512,,,,0.0
20,10,inverse_volatility,static_1x,,1.0,2024,26,0.699793002115521,1.3451476774528257,1.773730213874284,-0.20789223540270618,3.366133423694051,0.025784845201600168,-0.017673314871082705,-0.00026514577724847207,1.1783819754747458,29.695225781963593,0.02356584210720378,0.0011783819754747455,0.0,1.0,1.0,1.0,0.0,0.0,0.6923076923076923,15,60,0.4830533553838084,13.996315719754309,0.09712545646181482,,,,0.0
20,10,inverse_volatility,static_1x,,1.0,2025,25,2.085563423809205,2.449643631948012,3.9909596007714505,-0.2638122870992633,7.905482518425993,0.050828277702569036,0.09019189801549282,0.10917532406885332,1.30203511765543,32.81128496491683,0.06356238184634265,0.0013020351176554299,0.0,1.0,1.0,1.0,0.0,0.0,0.72,15,60,0.5228811984730043,13.903139554917226,0.10203176299885901,,,,0.0
20,10,inverse_volatility,static_1x,,1.0,2026,11,0.590663012138896,1.0128457605270624,1.9990448801987815,-0.29764358373252875,1.9844641189029735,0.02547864412171477,0.027895204049558718,0.04338840353177768,1.335665942817655,33.6587817590049,0.017548555867767643,0.0013356659428176549,0.0,1.0,1.0,1.0,0.0,0.0,0.45454545454545453,15,60,0.6339186645092907,14.483316794947058,0.09600667390980379,,,,0.0
20,10,inverse_volatility,legacy_risk_scaled,,1.0,2021,26,-0.15674133078556796,-0.4177450742969631,-0.4452625232977948,-0.302418418697621,-0.5182929381767877,-0.004926232427534223,-0.04151941140090673,-0.054243463635006,0.5125944194350758,12.917379369763909,-0.012134143180191565,0.0005125944194350758,0.0,0.5346153846153846,0.45,1.0,0.0,0.8461538461538461,0.46153846153846156,15,60,0.2971694097956355,14.251216945508057,0.09153108489776077,,,,0.0
20,10,inverse_volatility,legacy_risk_scaled,,1.0,2022,26,-0.21260922212579236,-0.6715078551011021,-1.5220914480466177,-0.22645530298002658,-0.9388573344407154,-0.007830103271433462,-0.08470086902554524,-0.08391591623005151,0.48816380139104704,12.301727795054385,-0.017282874866672536,0.000488163801391047,0.0,0.44999999999999996,0.45,0.45,0.0,1.0,0.34615384615384615,15,60,0.2938440718767392,14.259630502314952,0.09090971610916664,,,,0.0
20,10,inverse_volatility,legacy_risk_scaled,,1.0,2023,25,1.1735089156670706,2.2490335018173817,7.88403719110925,-0.15405681755443756,7.617377369569504,0.033815345596658095,0.06177551873293561,0.057163221451042814,0.5000186724180217,12.600470544934145,0.09313215022266486,0.0005000186724180216,0.0,0.486,0.45,0.75,0.0,1.0,0.64,15,60,0.37889462666838347,13.497111807159927,0.10849253112597512,,,,0.0
20,10,inverse_volatility,legacy_risk_scaled,,1.0,2024,26,0.5599181795814543,1.4192587249737842,2.1729244798009746,-0.09355150593121775,5.9851327245669905,0.020143520157661046,-0.017673314871082705,-0.00026514577724847207,0.7784281592345456,19.61638961271055,0.02854338594593636,0.0007784281592345455,0.0,0.6423076923076922,0.45,1.0,0.0,0.6923076923076923,0.6923076923076923,15,60,0.3576632639566367,13.996315719754309,0.09712545646181482,,,,0.0
20,10,inverse_volatility,legacy_risk_scaled,,1.0,2025,25,1.203827839629763,2.6472855755057947,5.789706663207567,-0.13853461412299695,8.689726009998868,0.03371202932026731,0.09019189801549282,0.10917532406885332,0.8041497875724278,20.26457464682518,0.05940553209777659,0.0008041497875724278,0.0,0.594,0.45,1.0,0.0,0.76,0.72,15,60,0.3209110292940047,13.903139554917226,0.10203176299885901,,,,0.0
20,10,inverse_volatility,legacy_risk_scaled,,1.0,2026,11,0.28613604841053175,1.0128457605270627,1.9990448801987826,-0.1418970593906853,2.0165044267951537,0.01146538985477165,0.027895204049558718,0.04338840353177768,0.6010496742679446,15.146451791552204,0.018891292320365193,0.0006010496742679447,0.0,0.45,0.45,0.45,0.0,1.0,0.45454545454545453,15,60,0.2852633990291808,14.483316794947058,0.09600667390980379,,,,0.0
20,10,inverse_volatility,vol_target_25pct_max_1p25,0.25,1.25,2021,26,0.08759090302954875,0.40965532038658814,0.6600390144034346,-0.22173506347537353,0.3950250432055678,0.005473645553874983,-0.04151941140090673,-0.054243463635006,0.6322555586817054,15.932840078778975,0.005497507198745533,0.0006322555586817053,0.0,0.6394629192070233,0.5,1.0,0.0,0.7692307692307693,0.46153846153846156,15,60,0.3367120139620809,14.251216945508057,0.09153108489776077,,,,0.0
20,10,inverse_volatility,vol_target_25pct_max_1p25,0.25,1.25,2022,26,-0.23714736613620135,-0.6570643876465173,-1.4775023365865327,-0.2504387267089584,-0.9469276946604057,-0.008640021974009962,-0.08470086902554524,-0.08391591623005151,0.5469771535049127,13.7838242683238,-0.01720475838343229,0.0005469771535049127,0.0,0.5037697476535056,0.5,0.5423206146013314,0.0,1.0,0.34615384615384615,15,60,0.3313656284506825,14.259630502314952,0.09090971610916664,,,,0.0
20,10,inverse_volatility,vol_target_25pct_max_1p25,0.25,1.25,2023,25,1.0034076638124994,2.1328130080431142,6.3475654633816125,-0.17000836427831212,5.902107629068598,0.030250311080570857,0.06177551873293561,0.057163221451042814,0.5210255684101412,13.12984432393556,0.07642190105661027,0.0005210255684101413,0.0,0.5,0.5,0.5,0.0,1.0,0.64,15,60,0.35741897501357317,13.497111807159927,0.10849253112597512,,,,0.0
20,10,inverse_volatility,vol_target_25pct_max_1p25,0.25,1.25,2024,26,0.3842564822807075,1.398231842102366,1.9587824079110177,-0.10394611770135309,3.6966891191137345,0.014232194066240085,-0.017673314871082705,-0.00026514577724847207,0.6031526858688044,15.19944768389387,0.025280950352418778,0.0006031526858688044,0.0,0.511306480948091,0.5,0.61213162735781,0.0,1.0,0.6923076923076923,15,60,0.256503449334973,13.996315719754309,0.09712545646181482,,,,0.0
20,10,inverse_volatility,vol_target_25pct_max_1p25,0.25,1.25,2025,25,0.8441762056966386,2.4248941627575427,3.8635830477830986,-0.139207823992064,6.0641433899919575,0.025949265953747903,0.09019189801549282,0.10917532406885332,0.6581851486279721,16.586265745424896,0.050896097931476446,0.0006581851486279722,0.0,0.5058928963891327,0.5,0.5338190668081515,0.0,1.0,0.72,15,60,0.26967012089749115,13.903139554917226,0.10203176299885901,,,,0.0
20,10,inverse_volatility,vol_target_25pct_max_1p25,0.25,1.25,2026,11,0.30756730067881954,0.9851403323636408,1.9058028146074586,-0.15979373136889108,1.9247770112382347,0.012489183141504006,0.027895204049558718,0.04338840353177768,0.6713395049347209,16.917755524354966,0.01818014808383078,0.0006713395049347208,0.0,0.5023005979612072,0.5,0.5212450532622724,0.0,1.0,0.45454545454545453,15,60,0.319474703071772,14.483316794947058,0.09600667390980379,,,,0.0
20,10,inverse_volatility,regime_dd_vol_target_25pct_max_1p25,0.25,1.25,2021,26,-0.012135592911487358,0.09860193524590975,0.13756872203303339,-0.22173506347537342,-0.05473014831880739,0.0011301452021871528,-0.04151941140090673,-0.054243463635006,0.5614626878682721,14.148859734280457,-0.0008577081927022522,0.0005614626878682722,0.0,0.5721552268993308,0.5,1.0,0.0,0.9615384615384616,0.46153846153846156,15,60,0.28883468690638764,14.251216945508057,0.09153108489776077,,,,0.0
20,10,inverse_volatility,regime_dd_vol_target_25pct_max_1p25,0.25,1.25,2022,26,-0.2371465438784658,-0.6715078551011019,-1.522091448046617,-0.25041392401446916,-0.94701820121138,-0.008700114746037177,-0.08470086902554524,-0.08391591623005151,0.5424042237678299,13.668586438949314,-0.017349748998382524,0.00054240422376783,0.0,0.5,0.5,0.5,0.0,1.0,0.34615384615384615,15,60,0.3264934131963769,14.259630502314952,0.09090971610916664,,,,0.0
20,10,inverse_volatility,regime_dd_vol_target_25pct_max_1p25,0.25,1.25,2023,25,1.0034076638124994,2.1328130080431142,6.3475654633816125,-0.17000836427831212,5.902107629068598,0.030250311080570857,0.06177551873293561,0.057163221451042814,0.5210255684101412,13.12984432393556,0.07642190105661027,0.0005210255684101413,0.0,0.5,0.5,0.5,0.0,1.0,0.64,15,60,0.35741897501357317,13.497111807159927,0.10849253112597512,,,,0.0
20,10,inverse_volatility,regime_dd_vol_target_25pct_max_1p25,0.25,1.25,2024,26,0.3842564822807075,1.398231842102366,1.9587824079110177,-0.10394611770135309,3.6966891191137345,0.014232194066240085,-0.017673314871082705,-0.00026514577724847207,0.6031526858688044,15.19944768389387,0.025280950352418778,0.0006031526858688044,0.0,0.511306480948091,0.5,0.61213162735781,0.0,1.0,0.6923076923076923,15,60,0.256503449334973,13.996315719754309,0.09712545646181482,,,,0.0
20,10,inverse_volatility,regime_dd_vol_target_25pct_max_1p25,0.25,1.25,2025,25,0.8441762056966386,2.4248941627575427,3.8635830477830986,-0.139207823992064,6.0641433899919575,0.025949265953747903,0.09019189801549282,0.10917532406885332,0.6581851486279721,16.586265745424896,0.050896097931476446,0.0006581851486279722,0.0,0.5058928963891327,0.5,0.5338190668081515,0.0,1.0,0.72,15,60,0.26967012089749115,13.903139554917226,0.10203176299885901,,,,0.0
20,10,inverse_volatility,regime_dd_vol_target_25pct_max_1p25,0.25,1.25,2026,11,0.30756730067881954,0.9851403323636408,1.9058028146074586,-0.15979373136889108,1.9247770112382347,0.012489183141504006,0.027895204049558718,0.04338840353177768,0.6713395049347209,16.917755524354966,0.01818014808383078,0.0006713395049347208,0.0,0.5023005979612072,0.5,0.5212450532622724,0.0,1.0,0.45454545454545453,15,60,0.319474703071772,14.483316794947058,0.09600667390980379,,,,0.0
20,10,inverse_volatility,vol_target_30pct_max_1p25,0.3,1.25,2021,26,0.033627160102639,0.2667647554630386,0.4012866441819857,-0.26192818421348807,0.1283831299163695,0.0038785370732044165,-0.04151941140090673,-0.054243463635006,0.6910272927439454,17.413887777147423,0.0019310541409810027,0.0006910272927439452,0.0,0.707217821958146,0.5,1.0,0.0,0.7692307692307693,0.46153846153846156,15,60,0.36638698419924315,14.251216945508057,0.09153108489776077,,,,0.0
20,10,inverse_volatility,vol_target_30pct_max_1p25,0.3,1.25,2022,26,-0.2692632395437594,-0.697890023554746,-1.4559098741333416,-0.26298140808494097,-1.023886979328932,-0.009954082041518937,-0.08470086902554524,-0.08391591623005151,0.5834846318205628,14.703812721878181,-0.01831247749388944,0.0005834846318205628,0.0,0.535727957389701,0.5,0.6507847375215977,0.0,1.0,0.34615384615384615,15,60,0.35943036722117555,14.259630502314952,0.09090971610916664,,,,0.0
20,10,inverse_volatility,vol_target_30pct_max_1p25,0.3,1.25,2023,25,1.0175958728118326,2.128679596378554,6.4192862538373365,-0.17000836427831223,5.98556357583664,0.030592107669317543,0.06177551873293561,0.057163221451042814,0.5218357500267574,13.150260900674287,0.0773821812736548,0.0005218357500267574,0.0,0.500789789483041,0.5,0.5197447370760254,0.0,1.0,0.64,15,60,0.3621593003373276,13.497111807159927,0.10849253112597512,,,,0.0
20,10,inverse_volatility,vol_target_30pct_max_1p25,0.3,1.25,2024,26,0.4461357196463329,1.4018007650992066,1.9748791779562174,-0.12463087253076954,3.579656553685673,0.016379273205467868,-0.017673314871082705,-0.00026514577724847207,0.6661083506085552,16.78593043533559,0.02657795594739182,0.0006661083506085553,0.0,0.5662959703771194,0.5,0.734557952829372,0.0,1.0,0.6923076923076923,15,60,0.29444818055052147,13.996315719754309,0.09712545646181482,,,,0.0
20,10,inverse_volatility,vol_target_30pct_max_1p25,0.3,1.25,2025,25,1.0025396109299565,2.394222604348211,3.658698461896411,-0.1635958822063721,6.128146976616916,0.029782841421491568,0.09019189801549282,0.10917532406885332,0.754987025288862,19.025673037279322,0.05269404183313559,0.000754987025288862,0.0,0.5800976657819492,0.5360596299582435,0.6405828801697818,0.0,1.0,0.72,15,60,0.31347444571717537,13.903139554917226,0.10203176299885901,,,,0.0
20,10,inverse_volatility,vol_target_30pct_max_1p25,0.3,1.25,2026,11,0.298346582465981,0.8762827773501,1.613331173038074,-0.18857565296818468,1.5821055251300984,0.012783142831404422,0.027895204049558718,0.04338840353177768,0.753432527577298,18.98649969494791,0.015713616899347044,0.000753432527577298,0.0,0.5599925882504512,0.5016724656995809,0.6254940639147268,0.0,1.0,0.45454545454545453,15,60,0.3676155776170062,14.483316794947058,0.09600667390980379,,,,0.0
20,10,inverse_volatility,regime_dd_vol_target_30pct_max_1p25,0.3,1.25,2021,26,-0.051959416916518064,-0.01480788644535359,-0.019896850069340073,-0.2473873310025141,-0.21003265084738726,-0.00018466931064709568,-0.04151941140090673,-0.054243463635006,0.611585671823448,15.41195892995089,-0.00337137006091695,0.0006115856718234479,0.0,0.6310468474825134,0.5,1.0,0.0,0.9615384615384616,0.46153846153846156,15,60,0.3142694702232158,14.251216945508057,0.09153108489776077,,,,0.0
20,10,inverse_volatility,regime_dd_vol_target_30pct_max_1p25,0.3,1.25,2022,26,-0.2371465438784658,-0.6715078551011019,-1.522091448046617,-0.25041392401446916,-0.94701820121138,-0.008700114746037177,-0.08470086902554524,-0.08391591623005151,0.5424042237678299,13.668586438949314,-0.017349748998382524,0.00054240422376783,0.0,0.5,0.5,0.5,0.0,1.0,0.34615384615384615,15,60,0.3264934131963769,14.259630502314952,0.09090971610916664,,,,0.0
20,10,inverse_volatility,regime_dd_vol_target_30pct_max_1p25,0.3,1.25,2023,25,1.0034076638124994,2.1328130080431142,6.3475654633816125,-0.17000836427831212,5.902107629068598,0.030250311080570857,0.06177551873293561,0.057163221451042814,0.5210255684101412,13.12984432393556,0.07642190105661027,0.0005210255684101413,0.0,0.5,0.5,0.5,0.0,1.0,0.64,15,60,0.35741897501357317,13.497111807159927,0.10849253112597512,,,,0.0
20,10,inverse_volatility,regime_dd_vol_target_30pct_max_1p25,0.3,1.25,2024,26,0.4461357196463329,1.4018007650992066,1.9748791779562174,-0.12463087253076954,3.579656553685673,0.016379273205467868,-0.017673314871082705,-0.00026514577724847207,0.6661083506085552,16.78593043533559,0.02657795594739182,0.0006661083506085553,0.0,0.5662959703771194,0.5,0.734557952829372,0.0,1.0,0.6923076923076923,15,60,0.29444818055052147,13.996315719754309,0.09712545646181482,,,,0.0
20,10,inverse_volatility,regime_dd_vol_target_30pct_max_1p25,0.3,1.25,2025,25,1.0025396109299565,2.394222604348211,3.658698461896411,-0.1635958822063721,6.128146976616916,0.029782841421491568,0.09019189801549282,0.10917532406885332,0.754987025288862,19.025673037279322,0.05269404183313559,0.000754987025288862,0.0,0.5800976657819492,0.5360596299582435,0.6405828801697818,0.0,1.0,0.72,15,60,0.31347444571717537,13.903139554917226,0.10203176299885901,,,,0.0
20,10,inverse_volatility,regime_dd_vol_target_30pct_max_1p25,0.3,1.25,2026,11,0.298346582465981,0.8762827773501,1.613331173038074,-0.18857565296818468,1.5821055251300984,0.012783142831404422,0.027895204049558718,0.04338840353177768,0.753432527577298,18.98649969494791,0.015713616899347044,0.000753432527577298,0.0,0.5599925882504512,0.5016724656995809,0.6254940639147268,0.0,1.0,0.45454545454545453,15,60,0.3676155776170062,14.483316794947058,0.09600667390980379,,,,0.0
20,10,inverse_volatility,vol_target_35pct_max_1p25,0.35,1.25,2021,26,-0.003179941063897296,0.1880332790064871,0.2697505367976065,-0.3007871297132778,-0.010572064924880734,0.0029958597912521463,-0.04151941140090673,-0.054243463635006,0.7601852277695257,19.156667739792045,-0.0001659965661612407,0.0007601852277695257,0.0,0.7864611014178232,0.5790480374663035,1.0,0.0,0.7692307692307693,0.46153846153846156,15,60,0.401501623215056,14.251216945508057,0.09153108489776077,,,,0.0
20,10,inverse_volatility,vol_target_35pct_max_1p25,0.35,1.25,2022,26,-0.30599104935884036,-0.6745885417199842,-1.402060809987266,-0.29375056273175637,-1.041669661883377,-0.01115145614733786,-0.08470086902554524,-0.08391591623005151,0.6657242802840764,16.776251863158723,-0.018239535973515523,0.0006657242802840761,0.0,0.6117428151526296,0.5150391049277762,0.759248860441864,0.0,1.0,0.34615384615384615,15,60,0.4165749601918997,14.259630502314952,0.09090971610916664,,,,0.0
20,10,inverse_volatility,vol_target_35pct_max_1p25,0.35,1.25,2023,25,1.098155950616209,2.1035704755970364,6.466332799967033,-0.17000836427831223,6.459423071787648,0.03252650306748786,0.06177551873293561,0.057163221451042814,0.5399146842346432,13.605850042713007,0.08071204277342137,0.0005399146842346432,0.0,0.516542527689229,0.5,0.6063688599220296,0.0,1.0,0.64,15,60,0.3896555341546404,13.497111807159927,0.10849253112597512,,,,0.0
20,10,inverse_volatility,vol_target_35pct_max_1p25,0.35,1.25,2024,26,0.5293856100030232,1.425385546074065,2.046501681312083,-0.14540268461923112,3.6408241800303465,0.01915406775343096,-0.017673314871082705,-0.00026514577724847207,0.7538885400792914,18.997991209998144,0.027865346612247165,0.0007538885400792915,0.0,0.6442848328748167,0.5,0.8569842783009339,0.0,1.0,0.6923076923076923,15,60,0.3386329465146543,13.996315719754309,0.09712545646181482,,,,0.0
20,10,inverse_volatility,vol_target_35pct_max_1p25,0.35,1.25,2025,25,1.2247628981084917,2.39422260434821,3.6586984618964093,-0.19016335331221745,6.4405831974241075,0.03474664832507349,0.09019189801549282,0.10917532406885332,0.880818196170339,22.19661854349254,0.05517790449516734,0.0008808181961703389,0.0,0.6767806100789407,0.6254029016179508,0.747346693531412,0.0,1.0,0.72,15,60,0.36572018667003797,13.903139554917226,0.10203176299885901,,,,0.0
20,10,inverse_volatility,vol_target_35pct_max_1p25,0.35,1.25,2026,11,0.34068581190081426,0.8762827773501002,1.6133311730380744,-0.21770508529613264,1.5648959758445582,0.014913666636638494,0.027895204049558718,0.04338840353177768,0.8790046155068475,22.150916310772555,0.015380213040447906,0.0008790046155068478,0.0,0.6533246862921929,0.5852845433161776,0.7297430745671812,0.0,1.0,0.45454545454545453,15,60,0.4288848405531739,14.483316794947058,0.09600667390980379,,,,0.0
20,10,inverse_volatility,regime_dd_vol_target_35pct_max_1p25,0.35,1.25,2021,26,-0.07152261576989205,-0.06331008801546253,-0.08240940661039746,-0.2610071593501416,-0.2740254939671763,-0.0008232921016857523,-0.04151941140090673,-0.054243463635006,0.6395345192727631,16.116269885673628,-0.004437913752826345,0.0006395345192727632,0.0,0.6634297168653978,0.5,1.0,0.0,0.9615384615384616,0.46153846153846156,15,60,0.3277038717338985,14.251216945508057,0.09153108489776077,,,,0.0
20,10,inverse_volatility,regime_dd_vol_target_35pct_max_1p25,0.35,1.25,2022,26,-0.2371465438784658,-0.6715078551011019,-1.522091448046617,-0.25041392401446916,-0.94701820121138,-0.008700114746037177,-0.08470086902554524,-0.08391591623005151,0.5424042237678299,13.668586438949314,-0.017349748998382524,0.00054240422376783,0.0,0.5,0.5,0.5,0.0,1.0,0.34615384615384615,15,60,0.3264934131963769,14.259630502314952,0.09090971610916664,,,,0.0
20,10,inverse_volatility,regime_dd_vol_target_35pct_max_1p25,0.35,1.25,2023,25,1.0034076638124994,2.1328130080431142,6.3475654633816125,-0.17000836427831212,5.902107629068598,0.030250311080570857,0.06177551873293561,0.057163221451042814,0.5210255684101412,13.12984432393556,0.07642190105661027,0.0005210255684101413,0.0,0.5,0.5,0.5,0.0,1.0,0.64,15,60,0.35741897501357317,13.497111807159927,0.10849253112597512,,,,0.0
20,10,inverse_volatility,regime_dd_vol_target_35pct_max_1p25,0.35,1.25,2024,26,0.539606112025486,1.4637737386578762,2.2009381141702478,-0.135129953011759,3.993238360547121,0.019341237673955732,-0.017673314871082705,-0.00026514577724847207,0.7489054032925615,18.87241616297255,0.02859231734642365,0.0007489054032925614,0.0,0.6392080281731501,0.5,0.8569842783009339,0.0,1.0,0.6923076923076923,15,60,0.3329744047946764,13.996315719754309,0.09712545646181482,,,,0.0
20,10,inverse_volatility,regime_dd_vol_target_35pct_max_1p25,0.35,1.25,2025,25,1.1610713594459545,2.4743530742813684,4.006242979370217,-0.17342026598108695,6.695130773081503,0.03319577303393371,0.09019189801549282,0.10917532406885332,0.8545101976020918,21.53365697957271,0.05391891217304017,0.0008545101976020919,0.0,0.6557952167040859,0.6254029016179508,0.7253820228449294,0.0,1.0,0.72,15,60,0.33808169462560866,13.903139554917226,0.10203176299885901,,,,0.0
20,10,inverse_volatility,regime_dd_vol_target_35pct_max_1p25,0.35,1.25,2026,11,0.2632476616179109,0.804551590597656,1.4062207925668742,-0.2007346252806046,1.3114212919167287,0.011703101327328684,0.027895204049558718,0.04338840353177768,0.82781147911579,20.860849273717907,0.0126192207308439,0.0008278114791157899,0.0,0.6137497932803074,0.5,0.65,0.0,1.0,0.45454545454545453,15,60,0.3665621408188439,14.483316794947058,0.09600667390980379,,,,0.0
20,10,shrinkage_min_variance,static_1x,,1.0,2021,26,0.2630330979379403,0.7311218916110214,1.2076566567388498,-0.34391245628877165,0.7648257372715813,0.013489182197640483,-0.04151941140090673,-0.054243463635006,1.2006358112812292,30.256022444286977,0.008693578226360911,0.0012006358112812293,0.0,1.0,1.0,1.0,0.0,0.0,0.5384615384615384,15,60,0.46493942430244134,9.110899219968903,0.16470687643805898,0.16199020452184548,0.6239520341833864,0.32560469184945284,0.0
20,10,shrinkage_min_variance,static_1x,,1.0,2022,26,-0.5567792301287735,-1.3119822536035601,-2.3000294547400926,-0.4866263593144897,-1.1441616744993184,-0.026663835691343063,-0.08470086902554524,-0.08391591623005151,1.3511150734569832,34.04809985111598,-0.016352725484342242,0.0013511150734569833,0.0,1.0,1.0,1.0,0.0,0.0,0.34615384615384615,15,60,0.5121476739310233,6.991724463856871,0.18,0.40846607986692235,0.7453289790234195,0.5681116763396901,0.0
20,10,shrinkage_min_variance,static_1x,,1.0,2023,25,1.3103076887957696,1.6899818062405214,4.365304937127374,-0.2519421028879737,5.200828578375402,0.03986359663183823,0.06177551873293561,0.057163221451042814,1.2612685119973928,31.783966502334298,0.041225430082791496,0.0012612685119973927,0.0,1.0,1.0,1.0,0.0,0.0,0.52,15,60,0.5944221597018495,9.095469122370726,0.16128575405734513,0.16476302786488994,0.5322241473498852,0.42056413655651675,0.0
20,10,shrinkage_min_variance,static_1x,,1.0,2024,26,0.28777213398464974,0.8210614407709181,1.2931872663747994,-0.18846832633817368,1.5268991855336616,0.013269198290531107,-0.017673314871082705,-0.00026514577724847207,1.3818802375579262,34.82338198645974,0.008263761805115403,0.0013818802375579263,0.0,1.0,1.0,1.0,0.0,0.0,0.5769230769230769,15,60,0.40725794723403574,8.636191975991363,0.1692675751855902,0.18579982752328159,0.5640089409464794,0.35600925220151997,0.0
20,10,shrinkage_min_variance,static_1x,,1.0,2025,25,2.0544025730879456,2.814143765523984,4.496969731164813,-0.23486940794148425,8.746999411689167,0.04883684953056451,0.09019189801549282,0.10917532406885332,1.5349869646997993,38.681671510434946,0.05311049116721185,0.0015349869646997991,0.0,1.0,1.0,1.0,0.0,0.0,0.72,15,60,0.43732257862848584,8.361794220678979,0.17328832506677777,0.23816860518773086,0.5780849046789536,0.4288126189433561,0.0
20,10,shrinkage_min_variance,static_1x,,1.0,2026,11,0.3354736816532715,0.752846629273094,1.6417088484395284,-0.21850373192242545,1.5353224345494174,0.01670019867121982,0.027895204049558718,0.04338840353177768,1.5924166103480601,40.128898580771114,0.008359902551973433,0.0015924166103480604,0.0,1.0,1.0,1.0,0.0,0.0,0.45454545454545453,15,60,0.5590049688089638,7.474969040880882,0.17783545377442875,0.28559491432171163,0.7291935089622467,0.37061405521606827,0.0
20,10,shrinkage_min_variance,legacy_risk_scaled,,1.0,2021,26,0.047811668521985595,0.3067771254911312,0.377307277631655,-0.16628073503517093,0.28753582615492224,0.0033510535641089793,-0.04151941140090673,-0.054243463635006,0.6541759039302335,16.485232779041883,0.002900272575026653,0.0006541759039302336,0.0,0.5346153846153846,0.45,1.0,0.0,0.8461538461538461,0.5384615384615384,15,60,0.27527003416683227,9.110899219968903,0.16470687643805898,0.16199020452184548,0.6239520341833864,0.32560469184945284,0.0
20,10,shrinkage_min_variance,legacy_risk_scaled,,1.0,2022,26,-0.28122586078428813,-1.3119822536035601,-2.300029454740092,-0.24109000188887886,-1.1664766625781038,-0.011998726061104378,-0.08470086902554524,-0.08391591623005151,0.6080017830556425,15.32164493300219,-0.018354808639282537,0.0006080017830556425,0.0,0.44999999999999996,0.45,0.45,0.0,1.0,0.34615384615384615,15,60,0.23046645326896048,6.991724463856871,0.18,0.40846607986692235,0.7453289790234195,0.5681116763396901,0.0
20,10,shrinkage_min_variance,legacy_risk_scaled,,1.0,2023,25,0.6967752599462944,1.9424040534337959,5.543536220163541,-0.12014728761950688,5.799342405072883,0.022780397415490206,0.06177551873293561,0.057163221451042814,0.6054625844279189,15.257657127583556,0.045667251146090396,0.0006054625844279189,0.0,0.486,0.45,0.75,0.0,1.0,0.52,15,60,0.2955440778943574,9.095469122370726,0.16128575405734513,0.16476302786488994,0.5322241473498852,0.42056413655651675,0.0
20,10,shrinkage_min_variance,legacy_risk_scaled,,1.0,2024,26,0.20837810489506992,0.8425275280314908,1.426565474285861,-0.08481074685217815,2.4569775957552276,0.008853571288143711,-0.017673314871082705,-0.00026514577724847207,0.9104270478388421,22.94276160553882,0.009082520599645837,0.0009104270478388422,0.0,0.6423076923076922,0.45,1.0,0.0,0.6923076923076923,0.5769230769230769,15,60,0.26481033442610846,8.636191975991363,0.1692675751855902,0.18579982752328159,0.5640089409464794,0.35600925220151997,0.0
20,10,shrinkage_min_variance,legacy_risk_scaled,,1.0,2025,25,1.007473989915899,2.9649201636616804,6.0720414575577815,-0.12182083811107758,8.270128539070411,0.029174068908480982,0.09019189801549282,0.10917532406885332,0.9513131013561552,23.97309015417511,0.042025203402509176,0.0009513131013561553,0.0,0.594,0.45,1.0,0.0,0.76,0.72,15,60,0.24796166369139752,8.361794220678979,0.17328832506677777,0.23816860518773086,0.5780849046789536,0.4288126189433561,0.0
20,10,shrinkage_min_variance,legacy_risk_scaled,,1.0,2026,11,0.1751008669647014,0.7528466292730936,1.6417088484395272,-0.1016674684451978,1.7222900269134436,0.007515089402048914,0.027895204049558718,0.04338840353177768,0.7165874746566273,18.058004361347006,0.009696579060502567,0.0007165874746566272,0.0,0.45,0.45,0.45,0.0,1.0,0.45454545454545453,15,60,0.2515522359640337,7.474969040880882,0.17783545377442875,0.28559491432171163,0.7291935089622467,0.37061405521606827,0.0
20,10,shrinkage_min_variance,vol_target_25pct_max_1p25,0.25,1.25,2021,26,0.2398820867538809,0.7955537062160505,1.427408513227896,-0.22505198895914302,1.0658963196163096,0.010736009514776067,-0.04151941140090673,-0.054243463635006,0.8074720790397267,20.348296391801114,0.011788804435271347,0.0008074720790397269,0.0,0.6559254008711348,0.5,1.0,0.0,0.7692307692307693,0.5384615384615384,15,60,0.34007438801232065,9.110899219968903,0.16470687643805898,0.16199020452184548,0.6239520341833864,0.32560469184945284,0.0
20,10,shrinkage_min_variance,vol_target_25pct_max_1p25,0.25,1.25,2022,26,-0.3208282237996717,-1.2965030707535752,-2.1743476644650923,-0.26735809718624204,-1.1999944163882281,-0.013838262290689848,-0.08470086902554524,-0.08391591623005151,0.6941925001006356,17.493651002536016,-0.018339694998669057,0.0006941925001006353,0.0,0.5138977719465395,0.5,0.5588909484494212,0.0,1.0,0.34615384615384615,15,60,0.26897291459764366,6.991724463856871,0.18,0.40846607986692235,0.7453289790234195,0.5681116763396901,0.0
20,10,shrinkage_min_variance,vol_target_25pct_max_1p25,0.25,1.25,2023,25,0.6122465566912891,1.6833534371867083,4.486382439136232,-0.13279605832905095,4.610427179805471,0.020873984996003972,0.06177551873293561,0.057163221451042814,0.6358123155494766,16.02247035184681,0.03821174533306091,0.0006358123155494766,0.0,0.5046030272291421,0.5,0.5492087745129978,0.0,1.0,0.52,15,60,0.3124860235996633,9.095469122370726,0.16128575405734513,0.16476302786488994,0.5322241473498852,0.42056413655651675,0.0
20,10,shrinkage_min_variance,vol_target_25pct_max_1p25,0.25,1.25,2024,26,0.17877277735685704,0.7656019119353715,1.1443044274646599,-0.12579797202181464,1.4211101696127186,0.007812814942757106,-0.017673314871082705,-0.00026514577724847207,0.8151697324969468,20.542277258923058,0.008702675711340745,0.0008151697324969468,0.0,0.5935690971024086,0.5,0.7053765599751507,0.0,1.0,0.5769230769230769,15,60,0.2571609781639352,8.636191975991363,0.1692675751855902,0.18579982752328159,0.5640089409464794,0.35600925220151997,0.0
20,10,shrinkage_min_variance,vol_target_25pct_max_1p25,0.25,1.25,2025,25,1.0706474191518018,2.813428505940926,5.015175432526792,-0.13555604269704735,7.898190282410202,0.030691196503777673,0.09019189801549282,0.10917532406885332,0.9097933320735998,22.926791968254715,0.04669852723548327,0.0009097933320735998,0.0,0.5936911487232842,0.5407201343210513,0.7126489367687355,0.0,1.0,0.72,15,60,0.27490236565884746,8.361794220678979,0.17328832506677777,0.23816860518773086,0.5780849046789536,0.4288126189433561,0.0
20,10,shrinkage_min_variance,vol_target_25pct_max_1p25,0.25,1.25,2026,11,0.17024244536561772,0.6256789858743762,1.2387626118383217,-0.13766170201993644,1.2366725303233783,0.008063216929867762,0.027895204049558718,0.04338840353177768,0.8953231617815335,22.562143676894642,0.007545490703525613,0.0008953231617815339,0.0,0.5566484200861237,0.5,0.6368015821218561,0.0,1.0,0.45454545454545453,15,60,0.3247560989262067,7.474969040880882,0.17783545377442875,0.28559491432171163,0.7291935089622467,0.37061405521606827,0.0
20,10,shrinkage_min_variance,regime_dd_vol_target_25pct_max_1p25,0.25,1.25,2021,26,0.11181643999279611,0.5102873451742577,0.7807034098668704,-0.22199938680380693,0.5036790488597811,0.005790644595775995,-0.04151941140090673,-0.054243463635006,0.7128774595526962,17.964511980727945,0.006224295996058846,0.0007128774595526962,0.0,0.5878662427877352,0.5,1.0,0.0,0.9615384615384616,0.5384615384615384,15,60,0.28596484940014244,9.110899219968903,0.16470687643805898,0.16199020452184548,0.6239520341833864,0.32560469184945284,0.0
20,10,shrinkage_min_variance,regime_dd_vol_target_25pct_max_1p25,0.25,1.25,2022,26,-0.30955304215452806,-1.3119822536035601,-2.3000294547400926,-0.26578238445481084,-1.1646860749989216,-0.013331917845671531,-0.08470086902554524,-0.08391591623005151,0.6755575367284916,17.02404992555799,-0.018183278568150815,0.0006755575367284916,0.0,0.5,0.5,0.5,0.0,1.0,0.34615384615384615,15,60,0.25607383696551167,6.991724463856871,0.18,0.40846607986692235,0.7453289790234195,0.5681116763396901,0.0
20,10,shrinkage_min_variance,regime_dd_vol_target_25pct_max_1p25,0.25,1.25,2023,25,0.580964944182049,1.6899818062405214,4.365304937127374,-0.13279605832905073,4.37486587698632,0.019931798315919114,0.06177551873293561,0.057163221451042814,0.6306342559986964,15.891983251167149,0.03655710775679187,0.0006306342559986963,0.0,0.5,0.5,0.5,0.0,1.0,0.52,15,60,0.29721107985092476,9.095469122370726,0.16128575405734513,0.16476302786488994,0.5322241473498852,0.42056413655651675,0.0
20,10,shrinkage_min_variance,regime_dd_vol_target_25pct_max_1p25,0.25,1.25,2024,26,0.17108252305572935,0.7529450935438612,1.1246260923371336,-0.12250441211981289,1.3965417252760306,0.00748958713324983,-0.017673314871082705,-0.00026514577724847207,0.8043884924800413,20.270590010497042,0.008439938007089826,0.0008043884924800413,0.0,0.5857188726346709,0.5,0.65,0.0,1.0,0.5769230769230769,15,60,0.2506658153114072,8.636191975991363,0.1692675751855902,0.18579982752328159,0.5640089409464794,0.35600925220151997,0.0
20,10,shrinkage_min_variance,regime_dd_vol_target_25pct_max_1p25,0.25,1.25,2025,25,1.0421096040618885,2.8444789149540752,4.9099328082990725,-0.13555604269704735,7.6876661735462966,0.030047146838077583,0.09019189801549282,0.10917532406885332,0.9070992325604902,22.858900660524352,0.045588789222114054,0.0009070992325604903,0.0,0.5910663313277967,0.5407201343210513,0.65,0.0,1.0,0.72,15,60,0.26619571561555416,8.361794220678979,0.17328832506677777,0.23816860518773086,0.5780849046789536,0.4288126189433561,0.0
20,10,shrinkage_min_variance,regime_dd_vol_target_25pct_max_1p25,0.25,1.25,2026,11,0.17024244536561772,0.6256789858743762,1.2387626118383217,-0.13766170201993644,1.2366725303233783,0.008063216929867762,0.027895204049558718,0.04338840353177768,0.8953231617815335,22.562143676894642,0.007545490703525613,0.0008953231617815339,0.0,0.5566484200861237,0.5,0.6368015821218561,0.0,1.0,0.45454545454545453,15,60,0.3247560989262067,7.474969040880882,0.17783545377442875,0.28559491432171163,0.7291935089622467,0.37061405521606827,0.0
20,10,shrinkage_min_variance,vol_target_30pct_max_1p25,0.3,1.25,2021,26,0.21073487565608784,0.6964100084719617,1.173558194259416,-0.2658178205047561,0.7927793375776222,0.010205323264706299,-0.04151941140090673,-0.054243463635006,0.8950090047169049,22.554226918866004,0.009343475899846241,0.0008950090047169049,0.0,0.7362294089722669,0.5557443041935927,1.0,0.0,0.7692307692307693,0.5384615384615384,15,60,0.36928554033116384,9.110899219968903,0.16470687643805898,0.16199020452184548,0.6239520341833864,0.32560469184945284,0.0
20,10,shrinkage_min_variance,vol_target_30pct_max_1p25,0.3,1.25,2022,26,-0.3707287529540243,-1.277439646264401,-2.1390481603777722,-0.3082463907424028,-1.202702656342981,-0.016227657856317582,-0.08470086902554524,-0.08391591623005151,0.8196142236963736,20.654278437148616,-0.017949247371781073,0.0008196142236963738,0.0,0.6075110073817372,0.5552559854416368,0.6706691381393055,0.0,1.0,0.34615384615384615,15,60,0.3201223472083803,6.991724463856871,0.18,0.40846607986692235,0.7453289790234195,0.5681116763396901,0.0
20,10,shrinkage_min_variance,vol_target_30pct_max_1p25,0.3,1.25,2023,25,0.6798914404197045,1.6237492189763572,4.224611705669434,-0.14843304264438295,4.58045882713995,0.023036500020374506,0.06177551873293561,0.057163221451042814,0.6863084066950991,17.294971848716497,0.039311508938371646,0.0006863084066950991,0.0,0.5443069003949303,0.5,0.6590505294155973,0.0,1.0,0.52,15,60,0.35751813994984305,9.095469122370726,0.16128575405734513,0.16476302786488994,0.5322241473498852,0.42056413655651675,0.0
20,10,shrinkage_min_variance,vol_target_30pct_max_1p25,0.3,1.25,2024,26,0.2097106756914655,0.7715823377202755,1.1412470634928444,-0.15095756642617753,1.3892028114670218,0.00938039035882338,-0.017673314871082705,-0.00026514577724847207,0.9483781786083726,23.89913010093099,0.008774824640303382,0.0009483781786083727,0.0,0.6931461382664602,0.5,0.8464518719701808,0.0,1.0,0.5769230769230769,15,60,0.30636501833463037,8.636191975991363,0.1692675751855902,0.18579982752328159,0.5640089409464794,0.35600925220151997,0.0
20,10,shrinkage_min_variance,vol_target_30pct_max_1p25,0.3,1.25,2025,25,1.370602587031636,2.813428505940926,5.015175432526792,-0.16171261522283398,8.475545245143655,0.0368294358045332,0.09019189801549282,0.10917532406885332,1.0917519984883197,27.512150361905658,0.049818082883460214,0.0010917519984883195,0.0,0.712429378467941,0.6488641611852615,0.8551787241224826,0.0,1.0,0.72,15,60,0.3298828387906169,8.361794220678979,0.17328832506677777,0.23816860518773086,0.5780849046789536,0.4288126189433561,0.0
20,10,shrinkage_min_variance,vol_target_30pct_max_1p25,0.3,1.25,2026,11,0.18748739334848663,0.6098409306009245,1.1996567993176601,-0.16398983204970918,1.1432866965291775,0.00940151197885854,0.027895204049558718,0.04338840353177768,1.0610313672249345,26.73799045406835,0.007012022600223469,0.0010610313672249347,0.0,0.6582803405751866,0.5707835841772041,0.7641618985462273,0.0,1.0,0.45454545454545453,15,60,0.3884916377026073,7.474969040880882,0.17783545377442875,0.28559491432171163,0.7291935089622467,0.37061405521606827,0.0
20,10,shrinkage_min_variance,regime_dd_vol_target_30pct_max_1p25,0.3,1.25,2021,26,0.1182299944747236,0.5154984875361897,0.805700005123929,-0.2340312033436679,0.505189020889263,0.006241162127921416,-0.04151941140090673,-0.054243463635006,0.7800077492401181,19.656195280850973,0.006014897226316378,0.0007800077492401179,0.0,0.6471390486887244,0.5557443041935927,1.0,0.0,0.9615384615384616,0.5384615384615384,15,60,0.3050974724975858,9.110899219968903,0.16470687643805898,0.16199020452184548,0.6239520341833864,0.32560469184945284,0.0
20,10,shrinkage_min_variance,regime_dd_vol_target_30pct_max_1p25,0.3,1.25,2022,26,-0.30955304215452806,-1.3119822536035601,-2.3000294547400926,-0.26578238445481084,-1.1646860749989216,-0.013331917845671531,-0.08470086902554524,-0.08391591623005151,0.6755575367284916,17.02404992555799,-0.018183278568150815,0.0006755575367284916,0.0,0.5,0.5,0.5,0.0,1.0,0.34615384615384615,15,60,0.25607383696551167,6.991724463856871,0.18,0.40846607986692235,0.7453289790234195,0.5681116763396901,0.0
20,10,shrinkage_min_variance,regime_dd_vol_target_30pct_max_1p25,0.3,1.25,2023,25,0.580964944182049,1.6899818062405214,4.365304937127374,-0.13279605832905073,4.37486587698632,0.019931798315919114,0.06177551873293561,0.057163221451042814,0.6306342559986964,15.891983251167149,0.03655710775679187,0.0006306342559986963,0.0,0.5,0.5,0.5,0.0,1.0,0.52,15,60,0.29721107985092476,9.095469122370726,0.16128575405734513,0.16476302786488994,0.5322241473498852,0.42056413655651675,0.0
20,10,shrinkage_min_variance,regime_dd_vol_target_30pct_max_1p25,0.3,1.25,2024,26,0.2088482321059859,0.8379152579947949,1.3239656271937992,-0.12250441211981289,1.7048221242980721,0.008927821010925126,-0.017673314871082705,-0.00026514577724847207,0.8621558217242883,21.726326707452063,0.009612680271182316,0.0008621558217242886,0.0,0.624300847057117,0.5,0.7363332310361561,0.0,1.0,0.5769230769230769,15,60,0.26850100571472196,8.636191975991363,0.1692675751855902,0.18579982752328159,0.5640089409464794,0.35600925220151997,0.0
20,10,shrinkage_min_variance,regime_dd_vol_target_30pct_max_1p25,0.3,1.25,2025,25,1.1255142808940835,2.819054715049551,4.535329255594049,-0.15573671770441289,7.227032247015126,0.03188635720352074,0.09019189801549282,0.10917532406885332,1.010366230296576,25.46122900347371,0.04420502563880667,0.001010366230296576,0.0,0.6569418896574518,0.6488641611852615,0.7231006112027304,0.0,1.0,0.72,15,60,0.28503746211062764,8.361794220678979,0.17328832506677777,0.23816860518773086,0.5780849046789536,0.4288126189433561,0.0
20,10,shrinkage_min_variance,regime_dd_vol_target_30pct_max_1p25,0.3,1.25,2026,11,0.21863120248292933,0.7055797998212588,1.5060465636023936,-0.1450963136705412,1.5068005309863213,0.010065160420195562,0.027895204049558718,0.04338840353177768,0.9965035012962961,25.11188823266666,0.00870628287515728,0.0009965035012962963,0.0,0.6221204182900201,0.5707835841772041,0.65,0.0,1.0,0.45454545454545453,15,60,0.3594803063426449,7.474969040880882,0.17783545377442875,0.28559491432171163,0.7291935089622467,0.37061405521606827,0.0
20,10,shrinkage_min_variance,vol_target_35pct_max_1p25,0.35,1.25,2021,26,0.1906505360180848,0.6300807091865438,1.0088183587391164,-0.30522453214304657,0.6246238946767703,0.010058154854596815,-0.04151941140090673,-0.054243463635006,0.9891491318829868,24.926558123451265,0.007648490219703378,0.0009891491318829869,0.0,0.8204727720061062,0.6483683548925246,1.0,0.0,0.7692307692307693,0.5384615384615384,15,60,0.40227465884977265,9.110899219968903,0.16470687643805898,0.16199020452184548,0.6239520341833864,0.32560469184945284,0.0
20,10,shrinkage_min_variance,vol_target_35pct_max_1p25,0.35,1.25,2022,26,-0.42387614694751663,-1.2774396462644013,-2.1390481603777722,-0.35394195232384795,-1.1975866216607198,-0.01893226749903718,-0.08470086902554524,-0.08391591623005151,0.956216594312436,24.096658176673387,-0.01759066107174343,0.000956216594312436,0.0,0.7087628419453599,0.6477986496819096,0.7824473278291897,0.0,1.0,0.34615384615384615,15,60,0.37347607174311026,6.991724463856871,0.18,0.40846607986692235,0.7453289790234195,0.5681116763396901,0.0
20,10,shrinkage_min_variance,vol_target_35pct_max_1p25,0.35,1.25,2023,25,0.7885298358626902,1.6090712114056869,4.143160814538095,-0.1720204459942295,4.583930888594149,0.026260968906490288,0.06177551873293561,0.057163221451042814,0.7699770644503109,19.403422024147833,0.04063869944597163,0.0007699770644503109,0.0,0.6108299005893506,0.5228869488602441,0.7688922843181968,0.0,1.0,0.52,15,60,0.4112785138113474,9.095469122370726,0.16128575405734513,0.16476302786488994,0.5322241473498852,0.42056413655651675,0.0
20,10,shrinkage_min_variance,vol_target_35pct_max_1p25,0.35,1.25,2024,26,0.23636734185887964,0.7689217100567504,1.1371475556211303,-0.1761171608305404,1.34210284076923,0.010904772064693074,-0.017673314871082705,-0.00026514577724847207,1.105072050446274,27.847815671246106,0.008487823413128148,0.001105072050446274,0.0,0.8076669245256396,0.5711373386616583,0.9875271839652109,0.0,1.0,0.5769230769230769,15,60,0.35738392145278847,8.636191975991363,0.1692675751855902,0.18579982752328159,0.5640089409464794,0.35600925220151997,0.0
20,10,shrinkage_min_variance,vol_target_35pct_max_1p25,0.35,1.25,2025,25,1.70528616991417,2.813428505940926,5.015175432526791,-0.18754579525481296,9.092638774424389,0.04296767510528873,0.09019189801549282,0.10917532406885332,1.2737106649030396,32.097508755556596,0.053128302975194525,0.0012737106649030397,0.0,0.8311676082125978,0.7570081880494717,0.9977085114762296,0.0,1.0,0.72,15,60,0.3848633119223864,8.361794220678979,0.17328832506677777,0.23816860518773086,0.5780849046789536,0.4288126189433561,0.0
20,10,shrinkage_min_variance,vol_target_35pct_max_1p25,0.35,1.25,2026,11,0.20763481698472042,0.6098409306009243,1.1996567993176595,-0.18991779674166354,1.0932878358269738,0.010968430642001627,0.027895204049558718,0.04338840353177768,1.2378699284290902,31.194322196413072,0.006656173379160507,0.00123786992842909,0.0,0.767993730671051,0.6659141815400715,0.8915222149705986,0.0,1.0,0.45454545454545453,15,60,0.45324024398637514,7.474969040880882,0.17783545377442875,0.28559491432171163,0.7291935089622467,0.37061405521606827,0.0
20,10,shrinkage_min_variance,regime_dd_vol_target_35pct_max_1p25,0.35,1.25,2021,26,0.13383330436811858,0.5510252196896928,0.8493738095335578,-0.23403120334366778,0.5718609418573488,0.006951705947693913,-0.04151941140090673,-0.054243463635006,0.8132291434920411,20.493374415999437,0.006530564544979631,0.0008132291434920411,0.0,0.671934283843017,0.6483683548925246,1.0,0.0,0.9615384615384616,0.5384615384615384,15,60,0.3179219092377298,9.110899219968903,0.16470687643805898,0.16199020452184548,0.6239520341833864,0.32560469184945284,0.0
20,10,shrinkage_min_variance,regime_dd_vol_target_35pct_max_1p25,0.35,1.25,2022,26,-0.30955304215452806,-1.3119822536035601,-2.3000294547400926,-0.26578238445481084,-1.1646860749989216,-0.013331917845671531,-0.08470086902554524,-0.08391591623005151,0.6755575367284916,17.02404992555799,-0.018183278568150815,0.0006755575367284916,0.0,0.5,0.5,0.5,0.0,1.0,0.34615384615384615,15,60,0.25607383696551167,6.991724463856871,0.18,0.40846607986692235,0.7453289790234195,0.5681116763396901,0.0
20,10,shrinkage_min_variance,regime_dd_vol_target_35pct_max_1p25,0.35,1.25,2023,25,0.580964944182049,1.6899818062405214,4.365304937127374,-0.13279605832905073,4.37486587698632,0.019931798315919114,0.06177551873293561,0.057163221451042814,0.6306342559986964,15.891983251167149,0.03655710775679187,0.0006306342559986963,0.0,0.5,0.5,0.5,0.0,1.0,0.52,15,60,0.29721107985092476,9.095469122370726,0.16128575405734513,0.16476302786488994,0.5322241473498852,0.42056413655651675,0.0
20,10,shrinkage_min_variance,regime_dd_vol_target_35pct_max_1p25,0.35,1.25,2024,26,0.14535558621010725,0.6418930148216854,0.9751813804226186,-0.12250441211981289,1.1865334782223618,0.0067432132813073095,-0.017673314871082705,-0.00026514577724847207,0.9007178598737575,22.69809006881869,0.006403868597287322,0.0009007178598737577,0.0,0.6455407565248047,0.5,0.8579849220811966,0.0,1.0,0.5769230769230769,15,60,0.2647309921827855,8.636191975991363,0.1692675751855902,0.18579982752328159,0.5640089409464794,0.35600925220151997,0.0
20,10,shrinkage_min_variance,regime_dd_vol_target_35pct_max_1p25,0.35,1.25,2025,25,1.1912576441639082,2.8619888503808846,4.75918409911255,-0.16015164296926931,7.438310479228069,0.03321138946497281,0.09019189801549282,0.10917532406885332,1.0658342001029775,26.85902184259503,0.04435223483361272,0.0010658342001029775,0.0,0.6881824441731035,0.65,0.8436173797365187,0.0,1.0,0.72,15,60,0.2924284678488294,8.361794220678979,0.17328832506677777,0.23816860518773086,0.5780849046789536,0.4288126189433561,0.0
20,10,shrinkage_min_variance,regime_dd_vol_target_35pct_max_1p25,0.35,1.25,2026,11,0.2413710384666965,0.7528466292730939,1.641708848439528,-0.1450963136705412,1.6635228860104518,0.010855129136292878,0.027895204049558718,0.04338840353177768,1.0350707967262391,26.083784077501225,0.00925368181815663,0.0010350707967262394,0.0,0.6500000000000001,0.65,0.65,0.0,1.0,0.45454545454545453,15,60,0.3633532297258264,7.474969040880882,0.17783545377442875,0.28559491432171163,0.7291935089622467,0.37061405521606827,0.0
20,10,shrinkage_risk_parity,static_1x,,1.0,2021,26,0.13459112249355365,0.4989873093791582,0.7290856409692485,-0.3638142108591197,0.36994465437654817,0.009664003848585626,-0.04151941140090673,-0.054243463635006,0.9643985879989834,24.30284441757438,0.005538081064956549,0.0009643985879989833,0.0,1.0,1.0,1.0,0.0,0.0,0.5384615384615384,15,60,0.48805428997254924,13.766764816540958,0.11043092997298487,0.16199020452184548,0.6239520341833864,0.36231895396685465,0.0
20,10,shrinkage_risk_parity,static_1x,,1.0,2022,26,-0.5009622531427695,-0.7821849897374171,-1.8369207653367121,-0.49565321351596536,-1.0107111978335497,-0.019737355333403747,-0.08470086902554524,-0.08391591623005151,1.082125354905917,27.26955894362911,-0.01837075011658036,0.0010821253549059171,0.0,1.0,1.0,1.0,0.0,0.0,0.34615384615384615,15,60,0.6358871122913615,14.076911144237345,0.1059515883373495,0.40846607986692235,0.7453289790234195,0.6432311726648285,0.0
20,10,shrinkage_risk_parity,static_1x,,1.0,2023,25,2.1644244370716113,2.0141491186648626,6.123380546017315,-0.3052127156412021,7.091527731813233,0.05485927042190267,0.06177551873293561,0.057163221451042814,1.035641334970524,26.098161641257203,0.08293398082300123,0.001035641334970524,0.0,1.0,1.0,1.0,0.0,0.0,0.64,15,60,0.6863710347068775,13.465563836383591,0.1120700392129155,0.16476302786488994,0.5322241473498852,0.474987057271366,0.0
20,10,shrinkage_risk_parity,static_1x,,1.0,2024,26,0.6820034969860072,1.3466748145999228,1.9138871981782448,-0.20437902140557906,3.336954508812371,0.025070811689609847,-0.017673314871082705,-0.00026514577724847207,1.1989796408314657,30.214286948952935,0.02257221883601796,0.0011989796408314656,0.0,1.0,1.0,1.0,0.0,0.0,0.6538461538461539,15,60,0.4691440336811095,13.539516147805356,0.11571923606508164,0.18579982752328159,0.5640089409464794,0.39902767315727405,0.0
20,10,shrinkage_risk_parity,static_1x,,1.0,2025,25,2.1225287893897953,2.6191001008320196,4.094319176000469,-0.228587384991067,9.285415244908382,0.05061476785849784,0.09019189801549282,0.10917532406885332,1.3108621499102133,33.03372617773738,0.06425338691643706,0.0013108621499102132,0.0,1.0,1.0,1.0,0.0,0.0,0.76,15,60,0.4869963349735869,13.666037838331512,0.11812292876440003,0.23816860518773086,0.5780849046789536,0.4821775350178563,0.0
20,10,shrinkage_risk_parity,static_1x,,1.0,2026,11,0.6512130292077045,1.0890280951833045,2.2997333811291405,-0.2665366587664594,2.4432400114173425,0.026383713400029037,0.027895204049558718,0.04338840353177768,1.393132661675591,35.106943074224894,0.018549408526708708,0.0013931326616755913,0.0,1.0,1.0,1.0,0.0,0.0,0.45454545454545453,15,60,0.6105164601550719,13.075824461331507,0.1261213102472514,0.28559491432171163,0.7291935089622467,0.43846044895785746,0.0
20,10,shrinkage_risk_parity,legacy_risk_scaled,,1.0,2021,26,-0.07526242408779671,-0.11969246259755513,-0.12578599480916902,-0.26243244302557955,-0.2867878042062841,-0.001380875389745214,-0.04151941140090673,-0.054243463635006,0.5259885239559762,13.2549108036906,-0.005678078502560816,0.0005259885239559762,0.0,0.5346153846153846,0.45,1.0,0.0,0.8461538461538461,0.5384615384615384,15,60,0.29072891530840794,13.766764816540958,0.11043092997298487,0.16199020452184548,0.6239520341833864,0.36231895396685465,0.0
20,10,shrinkage_risk_parity,legacy_risk_scaled,,1.0,2022,26,-0.23190552286405663,-0.782184989737417,-1.8369207653367121,-0.23835428918113444,-0.9729446181177082,-0.008881809900031686,-0.08470086902554524,-0.08391591623005151,0.48695640970766274,12.2713015246331,-0.018898201009773522,0.00048695640970766263,0.0,0.44999999999999996,0.45,0.45,0.0,1.0,0.34615384615384615,15,60,0.2861492005311127,14.076911144237345,0.1059515883373495,0.40846607986692235,0.7453289790234195,0.6432311726648285,0.0
20,10,shrinkage_risk_parity,legacy_risk_scaled,,1.0,2023,25,1.0571410032279527,2.185638686581681,7.77798885064497,-0.14767864024758537,7.158387979843535,0.03135729614062947,0.06177551873293561,0.057163221451042814,0.498707335302632,12.567424849626326,0.08411755119899406,0.0004987073353026319,0.0,0.486,0.45,0.75,0.0,1.0,0.64,15,60,0.3615436840476751,13.465563836383591,0.1120700392129155,0.16476302786488994,0.5322241473498852,0.474987057271366,0.0
20,10,shrinkage_risk_parity,legacy_risk_scaled,,1.0,2024,26,0.5336803949052695,1.4425929561506579,2.4670771707573764,-0.09197055963251055,5.802730754686194,0.019167632860757667,-0.017673314871082705,-0.00026514577724847207,0.7902004806303053,19.913052111883694,0.026800532229149354,0.0007902004806303054,0.0,0.6423076923076922,0.45,1.0,0.0,0.6923076923076923,0.6538461538461539,15,60,0.3348306575542771,13.539516147805356,0.11571923606508164,0.18579982752328159,0.5640089409464794,0.39902767315727405,0.0
20,10,shrinkage_risk_parity,legacy_risk_scaled,,1.0,2025,25,1.1950652868362068,2.8265239536935463,6.13034691772215,-0.11017475555944578,10.846997397615269,0.03327396108676277,0.09019189801549282,0.10917532406885332,0.8140250145830101,20.513430367491853,0.05825770070763282,0.0008140250145830104,0.0,0.594,0.45,1.0,0.0,0.76,0.76,15,60,0.29665547970704836,13.666037838331512,0.11812292876440003,0.23816860518773086,0.5780849046789536,0.4821775350178563,0.0
20,10,shrinkage_risk_parity,legacy_risk_scaled,,1.0,2026,11,0.3029611188467147,1.0890280951833047,2.299733381129141,-0.12612631939995955,2.4020451899971316,0.01187267103001307,0.027895204049558718,0.04338840353177768,0.6269096977540161,15.798124383401204,0.01917703086101983,0.0006269096977540161,0.0,0.45,0.45,0.45,0.0,1.0,0.45454545454545453,15,60,0.2747324070697824,13.075824461331507,0.1261213102472514,0.28559491432171163,0.7291935089622467,0.43846044895785746,0.0
20,10,shrinkage_risk_parity,vol_target_25pct_max_1p25,0.25,1.25,2021,26,0.1820643759924987,0.6501961997995662,1.0935469482665068,-0.22588982267582658,0.8059875112380712,0.008870442872441462,-0.04151941140090673,-0.054243463635006,0.6436192184369242,16.21920430461049,0.011225234763258075,0.0006436192184369242,0.0,0.6391355281172696,0.5,1.0,0.0,0.7692307692307693,0.5384615384615384,15,60,0.34379647320983003,13.766764816540958,0.11043092997298487,0.16199020452184548,0.6239520341833864,0.36231895396685465,0.0
20,10,shrinkage_risk_parity,vol_target_25pct_max_1p25,0.25,1.25,2022,26,-0.2591243423097125,-0.772659632850755,-1.7866508736431073,-0.2623461127303275,-0.9877193895229287,-0.009885979738801147,-0.08470086902554524,-0.08391591623005151,0.5453766111525206,13.743490601043518,-0.018854332558719662,0.0005453766111525207,0.0,0.5036661689055766,0.5,0.5380371343217031,0.0,1.0,0.34615384615384615,15,60,0.32242746848133785,14.076911144237345,0.1059515883373495,0.40846607986692235,0.7453289790234195,0.6432311726648285,0.0
20,10,shrinkage_risk_parity,vol_target_25pct_max_1p25,0.25,1.25,2023,25,0.8774549411847836,2.0141491186648626,6.123380546017315,-0.16301185058748957,5.382767805055054,0.027429635210951334,0.06177551873293561,0.057163221451042814,0.517820667485262,13.049080820628602,0.06724266277802966,0.000517820667485262,0.0,0.5,0.5,0.5,0.0,1.0,0.64,15,60,0.3431855173534388,13.465563836383591,0.1120700392129155,0.16476302786488994,0.5322241473498852,0.474987057271366,0.0
20,10,shrinkage_risk_parity,vol_target_25pct_max_1p25,0.25,1.25,2024,26,0.3625219723892814,1.368642046563368,2.0075351323549033,-0.10628682175700133,3.410789469442399,0.013526254511244635,-0.017673314871082705,-0.00026514577724847207,0.614128783460277,15.47604534319898,0.02342471635032999,0.000614128783460277,0.0,0.5127575268596138,0.5,0.6005682764124189,0.0,1.0,0.6538461538461539,15,60,0.2490509586047435,13.539516147805356,0.11571923606508164,0.18579982752328159,0.5640089409464794,0.39902767315727405,0.0
20,10,shrinkage_risk_parity,vol_target_25pct_max_1p25,0.25,1.25,2025,25,0.9019911503240199,2.6046107831183867,4.096937408497146,-0.12185394574475594,7.4022317850371095,0.027122817262999255,0.09019189801549282,0.10917532406885332,0.6823489784203091,17.195194256191787,0.052456002350727934,0.0006823489784203089,0.0,0.5201773775197123,0.5,0.5839711873868909,0.0,1.0,0.76,15,60,0.2624173252516687,13.666037838331512,0.11812292876440003,0.23816860518773086,0.5780849046789536,0.4821775350178563,0.0
20,10,shrinkage_risk_parity,vol_target_25pct_max_1p25,0.25,1.25,2026,11,0.31268940317401284,0.9928457914307796,1.9644893012868434,-0.15296513153098512,2.0441874566078706,0.012651178137050034,0.027895204049558718,0.04338840353177768,0.7294366805537631,18.38180434995483,0.01701081119247041,0.0007294366805537631,0.0,0.5208916357942036,0.5,0.5708361682751049,0.0,1.0,0.45454545454545453,15,60,0.32110695518407506,13.075824461331507,0.1261213102472514,0.28559491432171163,0.7291935089622467,0.43846044895785746,0.0
20,10,shrinkage_risk_parity,regime_dd_vol_target_25pct_max_1p25,0.25,1.25,2021,26,0.062269147406513126,0.3491250101494826,0.4976680515360393,-0.22588982267582658,0.2756615887731927,0.004031713210698521,-0.04151941140090673,-0.054243463635006,0.5711601001082183,14.3932345227271,0.004326278940858593,0.0005711601001082183,0.0,0.5718278358095774,0.5,1.0,0.0,0.9615384615384616,0.5384615384615384,15,60,0.2910108699061739,13.766764816540958,0.11043092997298487,0.16199020452184548,0.6239520341833864,0.36231895396685465,0.0
20,10,shrinkage_risk_parity,regime_dd_vol_target_25pct_max_1p25,0.25,1.25,2022,26,-0.25775577762169566,-0.7821849897374171,-1.8369207653367121,-0.2637124369053935,-0.9774122928990461,-0.009868677666701874,-0.08470086902554524,-0.08391591623005151,0.5410626774529586,13.634779471814555,-0.01890428650896198,0.0005410626774529586,0.0,0.5,0.5,0.5,0.0,1.0,0.34615384615384615,15,60,0.31794355614568076,14.076911144237345,0.1059515883373495,0.40846607986692235,0.7453289790234195,0.6432311726648285,0.0
20,10,shrinkage_risk_parity,regime_dd_vol_target_25pct_max_1p25,0.25,1.25,2023,25,0.8774549411847836,2.0141491186648626,6.123380546017315,-0.16301185058748957,5.382767805055054,0.027429635210951334,0.06177551873293561,0.057163221451042814,0.517820667485262,13.049080820628602,0.06724266277802966,0.000517820667485262,0.0,0.5,0.5,0.5,0.0,1.0,0.64,15,60,0.3431855173534388,13.465563836383591,0.1120700392129155,0.16476302786488994,0.5322241473498852,0.474987057271366,0.0
20,10,shrinkage_risk_parity,regime_dd_vol_target_25pct_max_1p25,0.25,1.25,2024,26,0.3625219723892814,1.368642046563368,2.0075351323549033,-0.10628682175700133,3.410789469442399,0.013526254511244635,-0.017673314871082705,-0.00026514577724847207,0.614128783460277,15.47604534319898,0.02342471635032999,0.000614128783460277,0.0,0.5127575268596138,0.5,0.6005682764124189,0.0,1.0,0.6538461538461539,15,60,0.2490509586047435,13.539516147805356,0.11571923606508164,0.18579982752328159,0.5640089409464794,0.39902767315727405,0.0
20,10,shrinkage_risk_parity,regime_dd_vol_target_25pct_max_1p25,0.25,1.25,2025,25,0.9019911503240199,2.6046107831183867,4.096937408497146,-0.12185394574475594,7.4022317850371095,0.027122817262999255,0.09019189801549282,0.10917532406885332,0.6823489784203091,17.195194256191787,0.052456002350727934,0.0006823489784203089,0.0,0.5201773775197123,0.5,0.5839711873868909,0.0,1.0,0.76,15,60,0.2624173252516687,13.666037838331512,0.11812292876440003,0.23816860518773086,0.5780849046789536,0.4821775350178563,0.0
20,10,shrinkage_risk_parity,regime_dd_vol_target_25pct_max_1p25,0.25,1.25,2026,11,0.31268940317401284,0.9928457914307796,1.9644893012868434,-0.15296513153098512,2.0441874566078706,0.012651178137050034,0.027895204049558718,0.04338840353177768,0.7294366805537631,18.38180434995483,0.01701081119247041,0.0007294366805537631,0.0,0.5208916357942036,0.5,0.5708361682751049,0.0,1.0,0.45454545454545453,15,60,0.32110695518407506,13.075824461331507,0.1261213102472514,0.28559491432171163,0.7291935089622467,0.43846044895785746,0.0
20,10,shrinkage_risk_parity,vol_target_30pct_max_1p25,0.3,1.25,2021,26,0.13216456830394363,0.5123916250233702,0.7981768144600072,-0.2666863744540189,0.49558050565770834,0.007560371627263723,-0.04151941140090673,-0.054243463635006,0.7019585896410974,17.689356458955654,0.007471417550469011,0.0007019585896410973,0.0,0.7066239639473513,0.5028574026024987,1.0,0.0,0.7692307692307693,0.5384615384615384,15,60,0.3718276328157318,13.766764816540958,0.11043092997298487,0.16199020452184548,0.6239520341833864,0.36231895396685465,0.0
20,10,shrinkage_risk_parity,vol_target_30pct_max_1p25,0.3,1.25,2022,26,-0.2913334982975354,-0.7990587652018748,-1.7240925704484582,-0.27581446551881506,-1.0562662032592403,-0.011220147724610333,-0.08470086902554524,-0.08391591623005151,0.5908132162895297,14.888493050496146,-0.01956769548868661,0.0005908132162895297,0.0,0.5440404432408977,0.5,0.6456445611860436,0.0,1.0,0.34615384615384615,15,60,0.3538509743882815,14.076911144237345,0.1059515883373495,0.40846607986692235,0.7453289790234195,0.6432311726648285,0.0
20,10,shrinkage_risk_parity,vol_target_30pct_max_1p25,0.3,1.25,2023,25,0.8988674577216018,2.007737366145587,6.245955615880959,-0.16301185058748957,5.514123387239098,0.02797870927666548,0.06177551873293561,0.057163221451042814,0.5188265644238668,13.074429423481442,0.06875003326013232,0.0005188265644238668,0.0,0.5012866665600089,0.5,0.5321666640002221,0.0,1.0,0.64,15,60,0.35117315922925546,13.465563836383591,0.1120700392129155,0.16476302786488994,0.5322241473498852,0.474987057271366,0.0
20,10,shrinkage_risk_parity,vol_target_30pct_max_1p25,0.3,1.25,2024,26,0.42383008635240094,1.3646628931706548,2.024666718916786,-0.12754418610840168,3.323005926684745,0.015710044548893125,-0.017673314871082705,-0.00026514577724847207,0.6930077511494519,17.46379532896619,0.024269070861671085,0.0006930077511494519,0.0,0.5813191507898965,0.5,0.7206819316949027,0.0,1.0,0.6538461538461539,15,60,0.290103236933694,13.539516147805356,0.11571923606508164,0.18579982752328159,0.5640089409464794,0.39902767315727405,0.0
20,10,shrinkage_risk_parity,vol_target_30pct_max_1p25,0.3,1.25,2025,25,1.1277784041334376,2.598125627355091,4.046067737554418,-0.14518478220757935,7.767883017663555,0.0322316363434041,0.09019189801549282,0.10917532406885332,0.8119986321365857,20.46236552984196,0.0551147619022202,0.0008119986321365856,0.0,0.619079593793107,0.5675787322916482,0.7007654248642691,0.0,1.0,0.76,15,60,0.31262431165834204,13.666037838331512,0.11812292876440003,0.23816860518773086,0.5780849046789536,0.4821775350178563,0.0
20,10,shrinkage_risk_parity,vol_target_30pct_max_1p25,0.3,1.25,2026,11,0.33609305837416525,0.9336318182396884,1.8087756432271054,-0.18174543080032068,1.8492517632722365,0.014055475110447234,0.027895204049558718,0.04338840353177768,0.8448269476894213,21.289639081773416,0.015786695917353658,0.0008448269476894213,0.0,0.6001473935729843,0.5238023030206638,0.6850034019301258,0.0,1.0,0.45454545454545453,15,60,0.37937650138262335,13.075824461331507,0.1261213102472514,0.28559491432171163,0.7291935089622467,0.43846044895785746,0.0
20,10,shrinkage_risk_parity,regime_dd_vol_target_30pct_max_1p25,0.3,1.25,2021,26,0.03315558004415653,0.25751534848219126,0.35658907759951713,-0.24852311899224255,0.1334104455899391,0.0032028658383316364,-0.04151941140090673,-0.054243463635006,0.6183851918910983,15.583306835655677,0.002127634422771827,0.0006183851918910982,0.0,0.6293296075686481,0.5,1.0,0.0,0.9615384615384616,0.5384615384615384,15,60,0.31342682912563935,13.766764816540958,0.11043092997298487,0.16199020452184548,0.6239520341833864,0.36231895396685465,0.0
20,10,shrinkage_risk_parity,regime_dd_vol_target_30pct_max_1p25,0.3,1.25,2022,26,-0.25775577762169566,-0.7821849897374171,-1.8369207653367121,-0.2637124369053935,-0.9774122928990461,-0.009868677666701874,-0.08470086902554524,-0.08391591623005151,0.5410626774529586,13.634779471814555,-0.01890428650896198,0.0005410626774529586,0.0,0.5,0.5,0.5,0.0,1.0,0.34615384615384615,15,60,0.31794355614568076,14.076911144237345,0.1059515883373495,0.40846607986692235,0.7453289790234195,0.6432311726648285,0.0
20,10,shrinkage_risk_parity,regime_dd_vol_target_30pct_max_1p25,0.3,1.25,2023,25,0.8774549411847836,2.0141491186648626,6.123380546017315,-0.16301185058748957,5.382767805055054,0.027429635210951334,0.06177551873293561,0.057163221451042814,0.517820667485262,13.049080820628602,0.06724266277802966,0.000517820667485262,0.0,0.5,0.5,0.5,0.0,1.0,0.64,15,60,0.3431855173534388,13.465563836383591,0.1120700392129155,0.16476302786488994,0.5322241473498852,0.474987057271366,0.0
20,10,shrinkage_risk_parity,regime_dd_vol_target_30pct_max_1p25,0.3,1.25,2024,26,0.42383008635240094,1.3646628931706548,2.024666718916786,-0.12754418610840168,3.323005926684745,0.015710044548893125,-0.017673314871082705,-0.00026514577724847207,0.6930077511494519,17.46379532896619,0.024269070861671085,0.0006930077511494519,0.0,0.5813191507898965,0.5,0.7206819316949027,0.0,1.0,0.6538461538461539,15,60,0.290103236933694,13.539516147805356,0.11571923606508164,0.18579982752328159,0.5640089409464794,0.39902767315727405,0.0
20,10,shrinkage_risk_parity,regime_dd_vol_target_30pct_max_1p25,0.3,1.25,2025,25,1.0857557900546642,2.5935917824374832,3.93302028864532,-0.14518478220757935,7.4784407397622035,0.03133108190409805,0.09019189801549282,0.10917532406885332,0.8051877057806991,20.290730185673617,0.053509941737891135,0.000805187705780699,0.0,0.6141123754400637,0.5675787322916482,0.65,0.0,1.0,0.76,15,60,0.3044207917875381,13.666037838331512,0.11812292876440003,0.23816860518773086,0.5780849046789536,0.4821775350178563,0.0
20,10,shrinkage_risk_parity,regime_dd_vol_target_30pct_max_1p25,0.3,1.25,2026,11,0.35201114713676884,0.9703529885414204,1.9292183300153065,-0.17750428146777342,1.983113557746368,0.014483775944765931,0.027895204049558718,0.04338840353177768,0.8384626927930348,21.129259858384476,0.016659890100082442,0.000838462692793035,0.0,0.5969652661247911,0.5238023030206638,0.65,0.0,1.0,0.45454545454545453,15,60,0.37614265954571385,13.075824461331507,0.1261213102472514,0.28559491432171163,0.7291935089622467,0.43846044895785746,0.0
20,10,shrinkage_risk_parity,vol_target_35pct_max_1p25,0.35,1.25,2021,26,0.10300788536730399,0.4386980641138773,0.646840861269531,-0.3060811982979259,0.33653777474773433,0.00705846650194556,-0.04151941140090673,-0.054243463635006,0.77202797569297,19.455104987462843,0.005294645566481589,0.0007720279756929701,0.0,0.7859330861437045,0.5866669697029151,1.0,0.0,0.7692307692307693,0.5384615384615384,15,60,0.405457353016392,13.766764816540958,0.11043092997298487,0.16199020452184548,0.6239520341833864,0.36231895396685465,0.0
20,10,shrinkage_risk_parity,vol_target_35pct_max_1p25,0.35,1.25,2022,26,-0.33233133920299307,-0.7807916725673193,-1.6838817860185877,-0.3113019361040048,-1.0675530751982294,-0.01273511295154239,-0.08470086902554524,-0.08391591623005151,0.6796619442531835,17.127480995180225,-0.01940339850889416,0.0006796619442531835,0.0,0.6270269425861043,0.5373907405444847,0.7532519880503842,0.0,1.0,0.34615384615384615,15,60,0.4110249348890159,14.076911144237345,0.1059515883373495,0.40846607986692235,0.7453289790234195,0.6432311726648285,0.0
20,10,shrinkage_risk_parity,vol_target_35pct_max_1p25,0.35,1.25,2023,25,0.9833200241304554,1.9853104829381039,6.202169393524604,-0.16301185058748935,6.032199625895923,0.030126470520629396,0.06177551873293561,0.057163221451042814,0.5427064643508005,13.676202901640172,0.07190007571564523,0.0005427064643508004,0.0,0.5227031027639895,0.5,0.6208611080002591,0.0,1.0,0.64,15,60,0.382402180235468,13.465563836383591,0.1120700392129155,0.16476302786488994,0.5322241473498852,0.474987057271366,0.0
20,10,shrinkage_risk_parity,vol_target_35pct_max_1p25,0.35,1.25,2024,26,0.49807204011463346,1.3772012978067498,2.0652489105483665,-0.14880155045980192,3.347223456849567,0.018274411460054377,-0.017673314871082705,-0.00026514577724847207,0.7850778590851921,19.78396204894684,0.02517554567090101,0.0007850778590851921,0.0,0.6621800348959048,0.5,0.8407955869773865,0.0,1.0,0.6538461538461539,15,60,0.33438479148019956,13.539516147805356,0.11571923606508164,0.18579982752328159,0.5640089409464794,0.39902767315727405,0.0
20,10,shrinkage_risk_parity,vol_target_35pct_max_1p25,0.35,1.25,2025,25,1.3877560522939243,2.5981256273550914,4.04606773755442,-0.1689107491444971,8.21591319275216,0.037603575733971446,0.09019189801549282,0.10917532406885332,0.9473317374926832,23.872759784815614,0.058131362473500585,0.0009473317374926833,0.0,0.722259526091958,0.6621751876735896,0.8175596623416472,0.0,1.0,0.76,15,60,0.36472836360139893,13.666037838331512,0.11812292876440003,0.23816860518773086,0.5780849046789536,0.4821775350178563,0.0
20,10,shrinkage_risk_parity,vol_target_35pct_max_1p25,0.35,1.25,2026,11,0.38562381874388607,0.9336318182396882,1.8087756432271052,-0.20993366984239903,1.836884093120369,0.01639805429552177,0.027895204049558718,0.04338840353177768,0.9856314389709915,24.837912262068986,0.015525613210768455,0.0009856314389709913,0.0,0.7001719591684817,0.6111026868574411,0.7991706355851468,0.0,1.0,0.45454545454545453,15,60,0.44260591827972723,13.075824461331507,0.1261213102472514,0.28559491432171163,0.7291935089622467,0.43846044895785746,0.0
20,10,shrinkage_risk_parity,regime_dd_vol_target_35pct_max_1p25,0.35,1.25,2021,26,0.024493793616800374,0.23490855344264377,0.3151424373382542,-0.24852311899224244,0.09855740470392592,0.0030408033658525448,-0.04151941140090673,-0.054243463635006,0.6487450463692628,16.34837516850542,0.0014982402449380304,0.0006487450463692628,0.0,0.661579547770505,0.5,1.0,0.0,0.9615384615384616,0.5384615384615384,15,60,0.32620457491427185,13.766764816540958,0.11043092997298487,0.16199020452184548,0.6239520341833864,0.36231895396685465,0.0
20,10,shrinkage_risk_parity,regime_dd_vol_target_35pct_max_1p25,0.35,1.25,2022,26,-0.25775577762169566,-0.7821849897374171,-1.8369207653367121,-0.2637124369053935,-0.9774122928990461,-0.009868677666701874,-0.08470086902554524,-0.08391591623005151,0.5410626774529586,13.634779471814555,-0.01890428650896198,0.0005410626774529586,0.0,0.5,0.5,0.5,0.0,1.0,0.34615384615384615,15,60,0.31794355614568076,14.076911144237345,0.1059515883373495,0.40846607986692235,0.7453289790234195,0.6432311726648285,0.0
20,10,shrinkage_risk_parity,regime_dd_vol_target_35pct_max_1p25,0.35,1.25,2023,25,0.8774549411847836,2.0141491186648626,6.123380546017315,-0.16301185058748957,5.382767805055054,0.027429635210951334,0.06177551873293561,0.057163221451042814,0.517820667485262,13.049080820628602,0.06724266277802966,0.000517820667485262,0.0,0.5,0.5,0.5,0.0,1.0,0.64,15,60,0.3431855173534388,13.465563836383591,0.1120700392129155,0.16476302786488994,0.5322241473498852,0.474987057271366,0.0
20,10,shrinkage_risk_parity,regime_dd_vol_target_35pct_max_1p25,0.35,1.25,2024,26,0.5033723193634072,1.4310746632892075,2.2790526465113246,-0.13284636391362636,3.7891313283567793,0.018241557035597634,-0.017673314871082705,-0.00026514577724847207,0.7681155138122194,19.35651094806793,0.026005323000302973,0.0007681155138122195,0.0,0.6464070390447465,0.5,0.8407955869773865,0.0,1.0,0.6538461538461539,15,60,0.32121820691067726,13.539516147805356,0.11571923606508164,0.18579982752328159,0.5640089409464794,0.39902767315727405,0.0
20,10,shrinkage_risk_parity,regime_dd_vol_target_35pct_max_1p25,0.35,1.25,2025,25,1.1968001609129435,2.6580336335579795,4.185816149700528,-0.150347638625145,7.960219208343348,0.03361701375758169,0.09019189801549282,0.10917532406885332,0.8734846574173772,22.011813366917906,0.054370811752912813,0.0008734846574173774,0.0,0.663672665731416,0.65,0.733314690600887,0.0,1.0,0.76,15,60,0.31871257609223175,13.666037838331512,0.11812292876440003,0.23816860518773086,0.5780849046789536,0.4821775350178563,0.0
20,10,shrinkage_risk_parity,regime_dd_vol_target_35pct_max_1p25,0.35,1.25,2026,11,0.42105058833483144,1.0686749169916097,2.235739834106622,-0.1789028582354284,2.353515156145505,0.016714262598017327,0.027895204049558718,0.04338840353177768,0.8924374898780041,22.489424744925703,0.018722159108575387,0.000892437489878004,0.0,0.6391054872384151,0.6111026868574411,0.65,0.0,1.0,0.45454545454545453,15,60,0.3941324071268939,13.075824461331507,0.1261213102472514,0.28559491432171163,0.7291935089622467,0.43846044895785746,0.0
20,10,shrinkage_max_diversification,static_1x,,1.0,2021,26,0.21690014751415854,0.6441633799816864,1.0899785465844245,-0.3670990503594218,0.5908491108919908,0.012167377694713181,-0.04151941140090673,-0.054243463635006,1.1338141300339688,28.572116076856013,0.0075913224953559535,0.0011338141300339688,0.0,1.0,1.0,1.0,0.0,0.0,0.5769230769230769,15,60,0.475994021758097,10.070804849286624,0.15676308932566516,0.16199020452184548,0.6239520341833864,0.3392654519293268,0.0
20,10,shrinkage_max_diversification,static_1x,,1.0,2022,26,-0.5471856204049275,-0.9603262096367301,-2.0588672734483597,-0.5134559583468573,-1.065691441514609,-0.023691149401143936,-0.08470086902554524,-0.08391591623005151,1.2645991272696682,31.867898007195638,-0.017170433402334075,0.0012645991272696683,0.0,1.0,1.0,1.0,0.0,0.0,0.34615384615384615,15,60,0.6216814233724448,7.709910686052691,0.17930261806561426,0.40846607986692235,0.7453289790234195,0.6116531365291542,0.0
20,10,shrinkage_max_diversification,static_1x,,1.0,2023,25,1.410431120639783,1.7346680667398278,4.451404772001701,-0.26495758593620433,5.32323358720283,0.041982931744757146,0.06177551873293561,0.057163221451042814,1.2146452871151692,30.609061235302264,0.04607887546100546,0.0012146452871151694,0.0,1.0,1.0,1.0,0.0,0.0,0.64,15,60,0.6098975938124297,10.12401305055048,0.15569366184840924,0.16476302786488994,0.5322241473498852,0.4417728740323516,0.0
20,10,shrinkage_max_diversification,static_1x,,1.0,2024,26,0.5469351069111037,1.1605121126305928,1.889447935411103,-0.20653901368292216,2.648095859268294,0.02163712294799305,-0.017673314871082705,-0.00026514577724847207,1.3423070670868422,33.82613809058842,0.016169008281299472,0.001342307067086842,0.0,1.0,1.0,1.0,0.0,0.0,0.6538461538461539,15,60,0.46984041989313324,9.854724062068183,0.1585211413160327,0.18579982752328159,0.5640089409464794,0.3747652311680118,0.0
20,10,shrinkage_max_diversification,static_1x,,1.0,2025,25,2.0959113752112017,2.852302797430747,4.0597053800250995,-0.2141050538574225,9.78917282637764,0.049431084982419354,0.09019189801549282,0.10917532406885332,1.5005151478282928,37.81298172527298,0.055428355014128974,0.0015005151478282932,0.0,1.0,1.0,1.0,0.0,0.0,0.76,15,60,0.43672198571589843,9.332903919399824,0.17007170832002977,0.23816860518773086,0.5780849046789536,0.451948228413705,0.0
20,10,shrinkage_max_diversification,static_1x,,1.0,2026,11,0.6310144990565583,1.1159040668568074,3.3479873590572145,-0.18688994097242095,3.376396267093241,0.024633511163656637,0.027895204049558718,0.04338840353177768,1.5736761134786363,39.65663805966163,0.01591195143943431,0.0015736761134786364,0.0,1.0,1.0,1.0,0.0,0.0,0.45454545454545453,15,60,0.5562883941024329,7.871811646120895,0.1754203368901066,0.28559491432171163,0.7291935089622467,0.3854471304594263,0.0
20,10,shrinkage_max_diversification,legacy_risk_scaled,,1.0,2021,26,-0.0009509000842922166,0.13199018779055163,0.1555296776596051,-0.18963722661875093,-0.005014311278681153,0.0014209899674060094,-0.04151941140090673,-0.054243463635006,0.6232086625560233,15.704858296411786,-6.0548147989942475e-05,0.0006232086625560234,0.0,0.5346153846153846,0.45,1.0,0.0,0.8461538461538461,0.5769230769230769,15,60,0.27130006993743194,10.070804849286624,0.15676308932566516,0.16199020452184548,0.6239520341833864,0.3392654519293268,0.0
20,10,shrinkage_max_diversification,legacy_risk_scaled,,1.0,2022,26,-0.264897762417741,-0.9603262096367298,-2.0588672734483593,-0.2633903946659092,-1.005722941239918,-0.01066101723051477,-0.08470086902554524,-0.08391591623005151,0.5690696072713506,14.340554103238034,-0.018471933546691074,0.0005690696072713507,0.0,0.44999999999999996,0.45,0.45,0.0,1.0,0.34615384615384615,15,60,0.27975664051760024,7.709910686052691,0.17930261806561426,0.40846607986692235,0.7453289790234195,0.6116531365291542,0.0
20,10,shrinkage_max_diversification,legacy_risk_scaled,,1.0,2023,25,0.7147267855235209,1.967025007059485,5.47498641348105,-0.1265089464604785,5.649614557076421,0.023236527950878494,0.06177551873293561,0.057163221451042814,0.5790832988628698,14.592899131344318,0.048977710261037026,0.0005790832988628699,0.0,0.486,0.45,0.75,0.0,1.0,0.64,15,60,0.29768838843462153,10.12401305055048,0.15569366184840924,0.16476302786488994,0.5322241473498852,0.4417728740323516,0.0
20,10,shrinkage_max_diversification,legacy_risk_scaled,,1.0,2024,26,0.4115888684577922,1.2560560410267692,2.5268664941202896,-0.09294255615731506,4.428422086445898,0.015555227588018573,-0.017673314871082705,-0.00026514577724847207,0.8789268946518304,22.148957745226124,0.01858276462451169,0.0008789268946518303,0.0,0.6423076923076922,0.45,1.0,0.0,0.6923076923076923,0.6538461538461539,15,60,0.3120814059360221,9.854724062068183,0.1585211413160327,0.18579982752328159,0.5640089409464794,0.3747652311680118,0.0
20,10,shrinkage_max_diversification,legacy_risk_scaled,,1.0,2025,25,1.1967082927982062,3.0673195983147963,5.989990767100115,-0.09801345761666025,12.209632451480731,0.03305202385298391,0.09019189801549282,0.10917532406885332,0.9383623262786572,23.64673062222216,0.05060776950169983,0.0009383623262786572,0.0,0.594,0.45,1.0,0.0,0.76,0.76,15,60,0.2715435983758591,9.332903919399824,0.17007170832002977,0.23816860518773086,0.5780849046789536,0.451948228413705,0.0
20,10,shrinkage_max_diversification,legacy_risk_scaled,,1.0,2026,11,0.2853194569021269,1.1159040668568065,3.3479873590572113,-0.08688251075232056,3.2839688267699634,0.011085080023645479,0.027895204049558718,0.04338840353177768,0.7081542510653864,17.845487126847736,0.015988325500673868,0.0007081542510653864,0.0,0.45,0.45,0.45,0.0,1.0,0.45454545454545453,15,60,0.2503297773460948,7.871811646120895,0.1754203368901066,0.28559491432171163,0.7291935089622467,0.3854471304594263,0.0
20,10,shrinkage_max_diversification,vol_target_25pct_max_1p25,0.25,1.25,2021,26,0.2249907031976841,0.7445692386328755,1.3788544762659847,-0.24023936165528814,0.9365272270433191,0.010378820173317567,-0.04151941140090673,-0.054243463635006,0.7687755577877987,19.373144056252528,0.011613535858939228,0.0007687755577877987,0.0,0.6480981996983695,0.5,1.0,0.0,0.7692307692307693,0.5769230769230769,15,60,0.35127192314288347,10.070804849286624,0.15676308932566516,0.16199020452184548,0.6239520341833864,0.3392654519293268,0.0
20,10,shrinkage_max_diversification,vol_target_25pct_max_1p25,0.25,1.25,2022,26,-0.30182728057005104,-0.967686678987807,-1.9639123102032787,-0.2888950050713375,-1.0447646213042698,-0.01223385444361589,-0.08470086902554524,-0.08391591623005151,0.6415034538266864,16.165887036432498,-0.018670629077750783,0.0006415034538266864,0.0,0.5062983109268567,0.5,0.5557620589874935,0.0,1.0,0.34615384615384615,15,60,0.31858776055653953,7.709910686052691,0.17930261806561426,0.40846607986692235,0.7453289790234195,0.6116531365291542,0.0
20,10,shrinkage_max_diversification,vol_target_25pct_max_1p25,0.25,1.25,2023,25,0.6192736354567703,1.7346680667398278,4.451404772001701,-0.1398136885265978,4.429277576343758,0.020991465872378573,0.06177551873293561,0.057163221451042814,0.6073226435575846,15.304530617651132,0.040463419031129585,0.0006073226435575847,0.0,0.5,0.5,0.5,0.0,1.0,0.64,15,60,0.30494879690621485,10.12401305055048,0.15569366184840924,0.16476302786488994,0.5322241473498852,0.4417728740323516,0.0
20,10,shrinkage_max_diversification,vol_target_25pct_max_1p25,0.25,1.25,2024,26,0.3071759843151518,1.102420105959338,1.7260008316302093,-0.12545619659398555,2.448471997834167,0.012139364658279011,-0.017673314871082705,-0.00026514577724847207,0.7391120186165516,18.6256228691371,0.016492118758838742,0.0007391120186165518,0.0,0.5549408096551492,0.5,0.6727489862467995,0.0,1.0,0.6538461538461539,15,60,0.2774913009432308,9.854724062068183,0.1585211413160327,0.18579982752328159,0.5640089409464794,0.3747652311680118,0.0
20,10,shrinkage_max_diversification,vol_target_25pct_max_1p25,0.25,1.25,2025,25,0.9515530253318427,2.9153874667790936,4.648062434821122,-0.10874639711016654,8.750202771020204,0.027977671741348548,0.09019189801549282,0.10917532406885332,0.8093208457956999,20.394885314051635,0.046656453845133575,0.0008093208457957,0.0,0.5413003309967074,0.5,0.6487478937187504,0.0,1.0,0.76,15,60,0.24183314770880363,9.332903919399824,0.17007170832002977,0.23816860518773086,0.5780849046789536,0.451948228413705,0.0
20,10,shrinkage_max_diversification,vol_target_25pct_max_1p25,0.25,1.25,2026,11,0.3345969192415883,0.9800404158520941,2.7044832314865097,-0.12618597813817511,2.651617273000022,0.013557858081837822,0.027895204049558718,0.04338840353177768,0.9422712804892392,23.745236268328828,0.014091117707170196,0.0009422712804892393,0.0,0.5938548040901949,0.5,0.6721969662609202,0.0,1.0,0.45454545454545453,15,60,0.34861625922361505,7.871811646120895,0.1754203368901066,0.28559491432171163,0.7291935089622467,0.3854471304594263,0.0
20,10,shrinkage_max_diversification,regime_dd_vol_target_25pct_max_1p25,0.25,1.25,2021,26,0.09222302043533692,0.4439444821214807,0.6900652654812585,-0.23644438776470145,0.3900410633857507,0.005138611028722159,-0.04151941140090673,-0.054243463635006,0.6728534636429373,16.95590728380202,0.005438990606149255,0.0006728534636429374,0.0,0.5798847846148263,0.5,1.0,0.0,0.9615384615384616,0.5769230769230769,15,60,0.29168736889123903,10.070804849286624,0.15676308932566516,0.16199020452184548,0.6239520341833864,0.3392654519293268,0.0
20,10,shrinkage_max_diversification,regime_dd_vol_target_25pct_max_1p25,0.25,1.25,2022,26,-0.29304788446174146,-0.9603262096367301,-2.0588672734483597,-0.2888950050713375,-1.0143750473961242,-0.011845574700571968,-0.08470086902554524,-0.08391591623005151,0.6322995636348341,15.933949003597819,-0.018391415988313536,0.0006322995636348341,0.0,0.5,0.5,0.5,0.0,1.0,0.34615384615384615,15,60,0.3108407116862224,7.709910686052691,0.17930261806561426,0.40846607986692235,0.7453289790234195,0.6116531365291542,0.0
20,10,shrinkage_max_diversification,regime_dd_vol_target_25pct_max_1p25,0.25,1.25,2023,25,0.6192736354567703,1.7346680667398278,4.451404772001701,-0.1398136885265978,4.429277576343758,0.020991465872378573,0.06177551873293561,0.057163221451042814,0.6073226435575846,15.304530617651132,0.040463419031129585,0.0006073226435575847,0.0,0.5,0.5,0.5,0.0,1.0,0.64,15,60,0.30494879690621485,10.12401305055048,0.15569366184840924,0.16476302786488994,0.5322241473498852,0.4417728740323516,0.0
20,10,shrinkage_max_diversification,regime_dd_vol_target_25pct_max_1p25,0.25,1.25,2024,26,0.3000874718722051,1.0899962158339944,1.6917976630292493,-0.12545145130306556,2.392060584036241,0.011898268788787473,-0.017673314871082705,-0.00026514577724847207,0.7359295300641521,18.545424157616633,0.016181213722683108,0.000735929530064152,0.0,0.5527466604647222,0.5,0.65,0.0,1.0,0.6538461538461539,15,60,0.27508019672162715,9.854724062068183,0.1585211413160327,0.18579982752328159,0.5640089409464794,0.3747652311680118,0.0
20,10,shrinkage_max_diversification,regime_dd_vol_target_25pct_max_1p25,0.25,1.25,2025,25,0.9515530253318427,2.9153874667790936,4.648062434821122,-0.10874639711016654,8.750202771020204,0.027977671741348548,0.09019189801549282,0.10917532406885332,0.8093208457956999,20.394885314051635,0.046656453845133575,0.0008093208457957,0.0,0.5413003309967074,0.5,0.6487478937187504,0.0,1.0,0.76,15,60,0.24183314770880363,9.332903919399824,0.17007170832002977,0.23816860518773086,0.5780849046789536,0.451948228413705,0.0
20,10,shrinkage_max_diversification,regime_dd_vol_target_25pct_max_1p25,0.25,1.25,2026,11,0.34260607817688515,0.9995391523595548,2.7973562698217074,-0.12390432904687221,2.7650856173659557,0.013783932872764413,0.027895204049558718,0.04338840353177768,0.935017341734207,23.562437011702016,0.014540349880054163,0.0009350173417342071,0.0,0.5898467014027088,0.5,0.65,0.0,1.0,0.45454545454545453,15,60,0.3475152599812443,7.871811646120895,0.1754203368901066,0.28559491432171163,0.7291935089622467,0.3854471304594263,0.0
20,10,shrinkage_max_diversification,vol_target_30pct_max_1p25,0.3,1.25,2021,26,0.18465827897465314,0.6286509006323601,1.085389908682457,-0.2831816585462068,0.6520841777770802,0.009449338441663225,-0.04151941140090673,-0.054243463635006,0.8444362170297258,21.27979266914909,0.008677635249819238,0.0008444362170297257,0.0,0.7226803217897243,0.5384426648144299,1.0,0.0,0.7692307692307693,0.5769230769230769,15,60,0.37878467761739454,10.070804849286624,0.15676308932566516,0.16199020452184548,0.6239520341833864,0.3392654519293268,0.0
20,10,shrinkage_max_diversification,vol_target_30pct_max_1p25,0.3,1.25,2022,26,-0.3328170585511886,-0.9543537670947583,-1.8470488177688835,-0.29175469448232616,-1.1407427707092126,-0.01350866304620139,-0.08470086902554524,-0.08391591623005151,0.7097434033559614,17.885533764570226,-0.018608170319773843,0.0007097434033559615,0.0,0.5611639927385258,0.5,0.6669144707849922,0.0,1.0,0.34615384615384615,15,60,0.35670033534899304,7.709910686052691,0.17930261806561426,0.40846607986692235,0.7453289790234195,0.6116531365291542,0.0
20,10,shrinkage_max_diversification,vol_target_30pct_max_1p25,0.3,1.25,2023,25,0.6498235127081293,1.7254081438981745,4.642783571346417,-0.13981368852659803,4.647781769840851,0.021893949861345248,0.06177551873293561,0.057163221451042814,0.6088524531407107,15.343081819145908,0.04235286758995479,0.0006088524531407106,0.0,0.5021935382100554,0.5,0.5548384552513862,0.0,1.0,0.64,15,60,0.31976639177058425,10.12401305055048,0.15569366184840924,0.16476302786488994,0.5322241473498852,0.4417728740323516,0.0
20,10,shrinkage_max_diversification,vol_target_30pct_max_1p25,0.3,1.25,2024,26,0.3633437838080684,1.1026534989592789,1.701606982898622,-0.15054743591278252,2.4134837076771363,0.014420697799416874,-0.017673314871082705,-0.00026514577724847207,0.8546576955847798,21.53737392873645,0.016870384709403843,0.0008546576955847798,0.0,0.6452066015955367,0.5,0.8072987834961594,0.0,1.0,0.6538461538461539,15,60,0.3295700642933576,9.854724062068183,0.1585211413160327,0.18579982752328159,0.5640089409464794,0.3747652311680118,0.0
20,10,shrinkage_max_diversification,vol_target_30pct_max_1p25,0.3,1.25,2025,25,1.2009476952602256,2.9043457714038703,4.635326800354682,-0.13000698634347796,9.237562757491558,0.03335465633459,0.09019189801549282,0.10917532406885332,0.9640842942444245,24.294924214959497,0.04943204122121719,0.0009640842942444245,0.0,0.6448572267862938,0.5673000940685828,0.7784974724625006,0.0,1.0,0.76,15,60,0.28940677377589874,9.332903919399824,0.17007170832002977,0.23816860518773086,0.5780849046789536,0.451948228413705,0.0
20,10,shrinkage_max_diversification,vol_target_30pct_max_1p25,0.3,1.25,2026,11,0.3976593107414528,0.9802056768022943,2.7045868558092243,-0.1502390864430917,2.646843242700894,0.01627198128031522,0.027895204049558718,0.04338840353177768,1.1306229125420906,28.491697396060683,0.013957024224061636,0.001130622912542091,0.0,0.7125013671780553,0.5986316249680369,0.8066363595131042,0.0,1.0,0.45454545454545453,15,60,0.4183345781077849,7.871811646120895,0.1754203368901066,0.28559491432171163,0.7291935089622467,0.3854471304594263,0.0
20,10,shrinkage_max_diversification,regime_dd_vol_target_30pct_max_1p25,0.3,1.25,2021,26,0.08977141544890266,0.4279535323002989,0.6848458169355583,-0.2514376930701886,0.35703244948180085,0.005260994010899106,-0.04151941140090673,-0.054243463635006,0.7319427708811289,18.444957826204448,0.004866989466431085,0.0007319427708811289,0.0,0.6382436817305626,0.5384426648144299,1.0,0.0,0.9615384615384616,0.5769230769230769,15,60,0.3097930945026689,10.070804849286624,0.15676308932566516,0.16199020452184548,0.6239520341833864,0.3392654519293268,0.0
20,10,shrinkage_max_diversification,regime_dd_vol_target_30pct_max_1p25,0.3,1.25,2022,26,-0.29304788446174146,-0.9603262096367301,-2.0588672734483597,-0.2888950050713375,-1.0143750473961242,-0.011845574700571968,-0.08470086902554524,-0.08391591623005151,0.6322995636348341,15.933949003597819,-0.018391415988313536,0.0006322995636348341,0.0,0.5,0.5,0.5,0.0,1.0,0.34615384615384615,15,60,0.3108407116862224,7.709910686052691,0.17930261806561426,0.40846607986692235,0.7453289790234195,0.6116531365291542,0.0
20,10,shrinkage_max_diversification,regime_dd_vol_target_30pct_max_1p25,0.3,1.25,2023,25,0.6192736354567703,1.7346680667398278,4.451404772001701,-0.1398136885265978,4.429277576343758,0.020991465872378573,0.06177551873293561,0.057163221451042814,0.6073226435575846,15.304530617651132,0.040463419031129585,0.0006073226435575847,0.0,0.5,0.5,0.5,0.0,1.0,0.64,15,60,0.30494879690621485,10.12401305055048,0.15569366184840924,0.16476302786488994,0.5322241473498852,0.4417728740323516,0.0
20,10,shrinkage_max_diversification,regime_dd_vol_target_30pct_max_1p25,0.3,1.25,2024,26,0.339867485807112,1.133205450222472,1.7839289609877464,-0.13425035889389914,2.5315946162625633,0.013339854081820033,-0.017673314871082705,-0.00026514577724847207,0.8031960518516109,20.240540506660594,0.016791423415559045,0.0008031960518516111,0.0,0.6040045154069401,0.5,0.6550351963223427,0.0,1.0,0.6538461538461539,15,60,0.2966490522930937,9.854724062068183,0.1585211413160327,0.18579982752328159,0.5640089409464794,0.3747652311680118,0.0
20,10,shrinkage_max_diversification,regime_dd_vol_target_30pct_max_1p25,0.3,1.25,2025,25,1.1021163965622183,2.890722450957932,4.329547454767428,-0.13000698634347796,8.47736285225804,0.031315459817431356,0.09019189801549282,0.10917532406885332,0.9370270209776035,23.613080928635608,0.046673977016937276,0.0009370270209776034,0.0,0.6257406384623987,0.5673000940685828,0.65,0.0,1.0,0.76,15,60,0.2729938971269139,9.332903919399824,0.17007170832002977,0.23816860518773086,0.5780849046789536,0.451948228413705,0.0
20,10,shrinkage_max_diversification,regime_dd_vol_target_30pct_max_1p25,0.3,1.25,2026,11,0.39529745302171193,1.08840521695561,3.2079104097867037,-0.12402789084610977,3.187165808634008,0.015457195521878046,0.027895204049558718,0.04338840353177768,1.0037327175597919,25.294064482506755,0.015628071688324256,0.001003732717559792,0.0,0.6364637799416833,0.5986316249680369,0.65,0.0,1.0,0.45454545454545453,15,60,0.35788263514655055,7.871811646120895,0.1754203368901066,0.28559491432171163,0.7291935089622467,0.3854471304594263,0.0
20,10,shrinkage_max_diversification,vol_target_35pct_max_1p25,0.35,1.25,2021,26,0.15769358307057013,0.5551005996343197,0.9050323660983104,-0.3245083985070284,0.48594607657636546,0.009045348348516388,-0.04151941140090673,-0.054243463635006,0.9281167321837531,23.38854165103058,0.006742343555380317,0.0009281167321837532,0.0,0.8046655036264733,0.6281831089501683,1.0,0.0,0.7692307692307693,0.5769230769230769,15,60,0.41063327716232606,10.070804849286624,0.15676308932566516,0.16199020452184548,0.6239520341833864,0.3392654519293268,0.0
20,10,shrinkage_max_diversification,vol_target_35pct_max_1p25,0.35,1.25,2022,26,-0.37804283920934845,-0.9370337771548103,-1.815565447630978,-0.3260604686721492,-1.1594255530236235,-0.01540076817318023,-0.08470086902554524,-0.08391591623005151,0.8200209958122519,20.664529094468747,-0.018294287640483364,0.0008200209958122516,0.0,0.6488003486573064,0.5443414255845811,0.7780668825824909,0.0,1.0,0.34615384615384615,15,60,0.41417862133268935,7.709910686052691,0.17930261806561426,0.40846607986692235,0.7453289790234195,0.6116531365291542,0.0
20,10,shrinkage_max_diversification,vol_target_35pct_max_1p25,0.35,1.25,2023,25,0.7454136431178344,1.740909809105492,4.774166546885273,-0.1405664496992145,5.302927154473048,0.02457610074574047,0.06177551873293561,0.057163221451042814,0.6453931274301774,16.26390681124047,0.04583238527920345,0.0006453931274301775,0.0,0.5333146244462035,0.5,0.6473115311266172,0.0,1.0,0.64,15,60,0.35574372408808214,10.12401305055048,0.15569366184840924,0.16476302786488994,0.5322241473498852,0.4417728740323516,0.0
20,10,shrinkage_max_diversification,vol_target_35pct_max_1p25,0.35,1.25,2024,26,0.4175087465052083,1.0967190667578417,1.6894133637768611,-0.1756386752315794,2.37708890684084,0.016718008242794312,-0.017673314871082705,-0.00026514577724847207,0.9920268213053103,24.999075896893817,0.016700967196834848,0.0009920268213053105,0.0,0.7493525800656268,0.5568816463553764,0.9418485807455192,0.0,1.0,0.6538461538461539,15,60,0.3841401325900714,9.854724062068183,0.1585211413160327,0.18579982752328159,0.5640089409464794,0.3747652311680118,0.0
20,10,shrinkage_max_diversification,vol_target_35pct_max_1p25,0.35,1.25,2025,25,1.4863993548016534,2.904345771403871,4.635326800354682,-0.1513451280243302,9.821256714406427,0.038913765723688334,0.09019189801549282,0.10917532406885332,1.1247650099518287,28.344078250786083,0.052441266272627164,0.0011247650099518287,0.0,0.7523334312506759,0.6618501097466799,0.9082470512062506,0.0,1.0,0.76,15,60,0.3376412360718818,9.332903919399824,0.17007170832002977,0.23816860518773086,0.5780849046789536,0.451948228413705,0.0
20,10,shrinkage_max_diversification,vol_target_35pct_max_1p25,0.35,1.25,2026,11,0.45848009609284124,0.9802056768022945,2.7045868558092243,-0.17390308519719322,2.6364115137633055,0.01898397816036776,0.027895204049558718,0.04338840353177768,1.3190600646324393,33.24031362873747,0.013792893208338096,0.0013190600646324393,0.0,0.8312515950410646,0.6984035624627097,0.9410757527652882,0.0,1.0,0.45454545454545453,15,60,0.4880570077924157,7.871811646120895,0.1754203368901066,0.28559491432171163,0.7291935089622467,0.3854471304594263,0.0
20,10,shrinkage_max_diversification,regime_dd_vol_target_35pct_max_1p25,0.35,1.25,2021,26,0.10562767283189323,0.4681962679788552,0.7406686807176117,-0.2514376930701886,0.42009482167181417,0.005995873718337368,-0.04151941140090673,-0.054243463635006,0.7662099954942665,19.308491886455514,0.005470529415401352,0.0007662099954942665,0.0,0.6670008678598046,0.6281831089501683,1.0,0.0,0.9615384615384616,0.5769230769230769,15,60,0.32271939790200443,10.070804849286624,0.15676308932566516,0.16199020452184548,0.6239520341833864,0.3392654519293268,0.0
20,10,shrinkage_max_diversification,regime_dd_vol_target_35pct_max_1p25,0.35,1.25,2022,26,-0.29304788446174146,-0.9603262096367301,-2.0588672734483597,-0.2888950050713375,-1.0143750473961242,-0.011845574700571968,-0.08470086902554524,-0.08391591623005151,0.6322995636348341,15.933949003597819,-0.018391415988313536,0.0006322995636348341,0.0,0.5,0.5,0.5,0.0,1.0,0.34615384615384615,15,60,0.3108407116862224,7.709910686052691,0.17930261806561426,0.40846607986692235,0.7453289790234195,0.6116531365291542,0.0
20,10,shrinkage_max_diversification,regime_dd_vol_target_35pct_max_1p25,0.35,1.25,2023,25,0.6192736354567703,1.7346680667398278,4.451404772001701,-0.1398136885265978,4.429277576343758,0.020991465872378573,0.06177551873293561,0.057163221451042814,0.6073226435575846,15.304530617651132,0.040463419031129585,0.0006073226435575847,0.0,0.5,0.5,0.5,0.0,1.0,0.64,15,60,0.30494879690621485,10.12401305055048,0.15569366184840924,0.16476302786488994,0.5322241473498852,0.4417728740323516,0.0
20,10,shrinkage_max_diversification,regime_dd_vol_target_35pct_max_1p25,0.35,1.25,2024,26,0.3784183469761351,1.1752358278176258,1.9772931978962422,-0.13425035889389925,2.818751101255578,0.014677682948664176,-0.017673314871082705,-0.00026514577724847207,0.8702803162900902,21.931063970510273,0.017254901425894222,0.0008702803162900902,0.0,0.6519695874009674,0.5,0.7642077290427333,0.0,1.0,0.6538461538461539,15,60,0.31472628858940405,9.854724062068183,0.1585211413160327,0.18579982752328159,0.5640089409464794,0.3747652311680118,0.0
20,10,shrinkage_max_diversification,regime_dd_vol_target_35pct_max_1p25,0.35,1.25,2025,25,1.1835217908701607,2.8901845251256217,4.171293043947515,-0.14029619665833437,8.435879368507834,0.033029058153627694,0.09019189801549282,0.10917532406885332,0.9998373529155293,25.195901293471337,0.046972790418766654,0.0009998373529155294,0.0,0.663158946323042,0.65,0.7570411517881686,0.0,1.0,0.76,15,60,0.2879858563477848,9.332903919399824,0.17007170832002977,0.23816860518773086,0.5780849046789536,0.451948228413705,0.0
20,10,shrinkage_max_diversification,regime_dd_vol_target_35pct_max_1p25,0.35,1.25,2026,11,0.4130477169310711,1.115904066856807,3.3479873590572136,-0.12402789084610977,3.3302809078932802,0.016011782256376807,0.027895204049558718,0.04338840353177768,1.0228894737611138,25.776814738780068,0.01602400145700156,0.0010228894737611138,0.0,0.6500000000000001,0.65,0.65,0.0,1.0,0.45454545454545453,15,60,0.36158745616658133,7.871811646120895,0.1754203368901066,0.28559491432171163,0.7291935089622467,0.3854471304594263,0.0
20,10,inverse_volatility,static_1x,,1.0,2021,26,-0.01090154838752977,0.2183437818412787,0.3104501526078097,-0.362589125644206,-0.030065844826871663,0.004215178314297852,-0.04151941140090673,-0.054243463635006,0.9464415320239061,23.850326607002433,-0.000457081723330744,0.0009464415320239062,0.0,1.0,1.0,1.0,0.0,0.0,0.46153846153846156,15,120,0.48649195605452367,14.251216945508057,0.09153108489776077,,,,0.0
20,10,inverse_volatility,static_1x,,1.0,2022,26,-0.4745371978824735,-0.6715078551011019,-1.522091448046617,-0.47129567000334294,-1.0068779071938165,-0.017400229492074353,-0.08470086902554524,-0.08391591623005151,1.0848084475356599,27.337172877898627,-0.017358678602282393,0.00108480844753566,0.0,1.0,1.0,1.0,0.0,0.0,0.34615384615384615,15,120,0.6529868263927538,14.259630502314952,0.09090971610916664,,,,0.0
20,10,inverse_volatility,static_1x,,1.0,2023,25,2.5667058448119566,2.1328130080431142,6.3475654633816125,-0.31748657895172805,8.084454635174387,0.060500622161141715,0.06177551873293561,0.057163221451042814,1.0420511368202825,26.25968864787112,0.09774319411133003,0.0010420511368202825,0.0,1.0,1.0,1.0,0.0,0.0,0.64,15,120,0.7148379500271463,13.497111807159927,0.10849253112597512,,,,0.0
20,10,inverse_volatility,static_1x,,1.0,2024,26,0.699793002115521,1.3451476774528257,1.773730213874284,-0.20789223540270618,3.366133423694051,0.025784845201600168,-0.017673314871082705,-0.00026514577724847207,1.1783819754747458,29.695225781963593,0.02356584210720378,0.0011783819754747455,0.0,1.0,1.0,1.0,0.0,0.0,0.6923076923076923,15,120,0.4830533553838084,13.996315719754309,0.09712545646181482,,,,0.0
20,10,inverse_volatility,static_1x,,1.0,2025,25,2.085563423809205,2.449643631948012,3.9909596007714505,-0.2638122870992633,7.905482518425993,0.050828277702569036,0.09019189801549282,0.10917532406885332,1.30203511765543,32.81128496491683,0.06356238184634265,0.0013020351176554299,0.0,1.0,1.0,1.0,0.0,0.0,0.72,15,120,0.5228811984730043,13.903139554917226,0.10203176299885901,,,,0.0
20,10,inverse_volatility,static_1x,,1.0,2026,11,0.590663012138896,1.0128457605270624,1.9990448801987815,-0.29764358373252875,1.9844641189029735,0.02547864412171477,0.027895204049558718,0.04338840353177768,1.335665942817655,33.6587817590049,0.017548555867767643,0.0013356659428176549,0.0,1.0,1.0,1.0,0.0,0.0,0.45454545454545453,15,120,0.6339186645092907,14.483316794947058,0.09600667390980379,,,,0.0
20,10,inverse_volatility,legacy_risk_scaled,,1.0,2021,26,-0.15674133078556796,-0.4177450742969631,-0.4452625232977948,-0.302418418697621,-0.5182929381767877,-0.004926232427534223,-0.04151941140090673,-0.054243463635006,0.5125944194350758,12.917379369763909,-0.012134143180191565,0.0005125944194350758,0.0,0.5346153846153846,0.45,1.0,0.0,0.8461538461538461,0.46153846153846156,15,120,0.2971694097956355,14.251216945508057,0.09153108489776077,,,,0.0
20,10,inverse_volatility,legacy_risk_scaled,,1.0,2022,26,-0.21260922212579236,-0.6715078551011021,-1.5220914480466177,-0.22645530298002658,-0.9388573344407154,-0.007830103271433462,-0.08470086902554524,-0.08391591623005151,0.48816380139104704,12.301727795054385,-0.017282874866672536,0.000488163801391047,0.0,0.44999999999999996,0.45,0.45,0.0,1.0,0.34615384615384615,15,120,0.2938440718767392,14.259630502314952,0.09090971610916664,,,,0.0
20,10,inverse_volatility,legacy_risk_scaled,,1.0,2023,25,1.1735089156670706,2.2490335018173817,7.88403719110925,-0.15405681755443756,7.617377369569504,0.033815345596658095,0.06177551873293561,0.057163221451042814,0.5000186724180217,12.600470544934145,0.09313215022266486,0.0005000186724180216,0.0,0.486,0.45,0.75,0.0,1.0,0.64,15,120,0.37889462666838347,13.497111807159927,0.10849253112597512,,,,0.0
20,10,inverse_volatility,legacy_risk_scaled,,1.0,2024,26,0.5599181795814543,1.4192587249737842,2.1729244798009746,-0.09355150593121775,5.9851327245669905,0.020143520157661046,-0.017673314871082705,-0.00026514577724847207,0.7784281592345456,19.61638961271055,0.02854338594593636,0.0007784281592345455,0.0,0.6423076923076922,0.45,1.0,0.0,0.6923076923076923,0.6923076923076923,15,120,0.3576632639566367,13.996315719754309,0.09712545646181482,,,,0.0
20,10,inverse_volatility,legacy_risk_scaled,,1.0,2025,25,1.203827839629763,2.6472855755057947,5.789706663207567,-0.13853461412299695,8.689726009998868,0.03371202932026731,0.09019189801549282,0.10917532406885332,0.8041497875724278,20.26457464682518,0.05940553209777659,0.0008041497875724278,0.0,0.594,0.45,1.0,0.0,0.76,0.72,15,120,0.3209110292940047,13.903139554917226,0.10203176299885901,,,,0.0
20,10,inverse_volatility,legacy_risk_scaled,,1.0,2026,11,0.28613604841053175,1.0128457605270627,1.9990448801987826,-0.1418970593906853,2.0165044267951537,0.01146538985477165,0.027895204049558718,0.04338840353177768,0.6010496742679446,15.146451791552204,0.018891292320365193,0.0006010496742679447,0.0,0.45,0.45,0.45,0.0,1.0,0.45454545454545453,15,120,0.2852633990291808,14.483316794947058,0.09600667390980379,,,,0.0
20,10,inverse_volatility,vol_target_25pct_max_1p25,0.25,1.25,2021,26,0.08759090302954875,0.40965532038658814,0.6600390144034346,-0.22173506347537353,0.3950250432055678,0.005473645553874983,-0.04151941140090673,-0.054243463635006,0.6322555586817054,15.932840078778975,0.005497507198745533,0.0006322555586817053,0.0,0.6394629192070233,0.5,1.0,0.0,0.7692307692307693,0.46153846153846156,15,120,0.3367120139620809,14.251216945508057,0.09153108489776077,,,,0.0
20,10,inverse_volatility,vol_target_25pct_max_1p25,0.25,1.25,2022,26,-0.23714736613620135,-0.6570643876465173,-1.4775023365865327,-0.2504387267089584,-0.9469276946604057,-0.008640021974009962,-0.08470086902554524,-0.08391591623005151,0.5469771535049127,13.7838242683238,-0.01720475838343229,0.0005469771535049127,0.0,0.5037697476535056,0.5,0.5423206146013314,0.0,1.0,0.34615384615384615,15,120,0.3313656284506825,14.259630502314952,0.09090971610916664,,,,0.0
20,10,inverse_volatility,vol_target_25pct_max_1p25,0.25,1.25,2023,25,1.0034076638124994,2.1328130080431142,6.3475654633816125,-0.17000836427831212,5.902107629068598,0.030250311080570857,0.06177551873293561,0.057163221451042814,0.5210255684101412,13.12984432393556,0.07642190105661027,0.0005210255684101413,0.0,0.5,0.5,0.5,0.0,1.0,0.64,15,120,0.35741897501357317,13.497111807159927,0.10849253112597512,,,,0.0
20,10,inverse_volatility,vol_target_25pct_max_1p25,0.25,1.25,2024,26,0.3842564822807075,1.398231842102366,1.9587824079110177,-0.10394611770135309,3.6966891191137345,0.014232194066240085,-0.017673314871082705,-0.00026514577724847207,0.6031526858688044,15.19944768389387,0.025280950352418778,0.0006031526858688044,0.0,0.511306480948091,0.5,0.61213162735781,0.0,1.0,0.6923076923076923,15,120,0.256503449334973,13.996315719754309,0.09712545646181482,,,,0.0
20,10,inverse_volatility,vol_target_25pct_max_1p25,0.25,1.25,2025,25,0.8441762056966386,2.4248941627575427,3.8635830477830986,-0.139207823992064,6.0641433899919575,0.025949265953747903,0.09019189801549282,0.10917532406885332,0.6581851486279721,16.586265745424896,0.050896097931476446,0.0006581851486279722,0.0,0.5058928963891327,0.5,0.5338190668081515,0.0,1.0,0.72,15,120,0.26967012089749115,13.903139554917226,0.10203176299885901,,,,0.0
20,10,inverse_volatility,vol_target_25pct_max_1p25,0.25,1.25,2026,11,0.30756730067881954,0.9851403323636408,1.9058028146074586,-0.15979373136889108,1.9247770112382347,0.012489183141504006,0.027895204049558718,0.04338840353177768,0.6713395049347209,16.917755524354966,0.01818014808383078,0.0006713395049347208,0.0,0.5023005979612072,0.5,0.5212450532622724,0.0,1.0,0.45454545454545453,15,120,0.319474703071772,14.483316794947058,0.09600667390980379,,,,0.0
20,10,inverse_volatility,regime_dd_vol_target_25pct_max_1p25,0.25,1.25,2021,26,-0.012135592911487358,0.09860193524590975,0.13756872203303339,-0.22173506347537342,-0.05473014831880739,0.0011301452021871528,-0.04151941140090673,-0.054243463635006,0.5614626878682721,14.148859734280457,-0.0008577081927022522,0.0005614626878682722,0.0,0.5721552268993308,0.5,1.0,0.0,0.9615384615384616,0.46153846153846156,15,120,0.28883468690638764,14.251216945508057,0.09153108489776077,,,,0.0
20,10,inverse_volatility,regime_dd_vol_target_25pct_max_1p25,0.25,1.25,2022,26,-0.2371465438784658,-0.6715078551011019,-1.522091448046617,-0.25041392401446916,-0.94701820121138,-0.008700114746037177,-0.08470086902554524,-0.08391591623005151,0.5424042237678299,13.668586438949314,-0.017349748998382524,0.00054240422376783,0.0,0.5,0.5,0.5,0.0,1.0,0.34615384615384615,15,120,0.3264934131963769,14.259630502314952,0.09090971610916664,,,,0.0
20,10,inverse_volatility,regime_dd_vol_target_25pct_max_1p25,0.25,1.25,2023,25,1.0034076638124994,2.1328130080431142,6.3475654633816125,-0.17000836427831212,5.902107629068598,0.030250311080570857,0.06177551873293561,0.057163221451042814,0.5210255684101412,13.12984432393556,0.07642190105661027,0.0005210255684101413,0.0,0.5,0.5,0.5,0.0,1.0,0.64,15,120,0.35741897501357317,13.497111807159927,0.10849253112597512,,,,0.0
20,10,inverse_volatility,regime_dd_vol_target_25pct_max_1p25,0.25,1.25,2024,26,0.3842564822807075,1.398231842102366,1.9587824079110177,-0.10394611770135309,3.6966891191137345,0.014232194066240085,-0.017673314871082705,-0.00026514577724847207,0.6031526858688044,15.19944768389387,0.025280950352418778,0.0006031526858688044,0.0,0.511306480948091,0.5,0.61213162735781,0.0,1.0,0.6923076923076923,15,120,0.256503449334973,13.996315719754309,0.09712545646181482,,,,0.0
20,10,inverse_volatility,regime_dd_vol_target_25pct_max_1p25,0.25,1.25,2025,25,0.8441762056966386,2.4248941627575427,3.8635830477830986,-0.139207823992064,6.0641433899919575,0.025949265953747903,0.09019189801549282,0.10917532406885332,0.6581851486279721,16.586265745424896,0.050896097931476446,0.0006581851486279722,0.0,0.5058928963891327,0.5,0.5338190668081515,0.0,1.0,0.72,15,120,0.26967012089749115,13.903139554917226,0.10203176299885901,,,,0.0
20,10,inverse_volatility,regime_dd_vol_target_25pct_max_1p25,0.25,1.25,2026,11,0.30756730067881954,0.9851403323636408,1.9058028146074586,-0.15979373136889108,1.9247770112382347,0.012489183141504006,0.027895204049558718,0.04338840353177768,0.6713395049347209,16.917755524354966,0.01818014808383078,0.0006713395049347208,0.0,0.5023005979612072,0.5,0.5212450532622724,0.0,1.0,0.45454545454545453,15,120,0.319474703071772,14.483316794947058,0.09600667390980379,,,,0.0
20,10,inverse_volatility,vol_target_30pct_max_1p25,0.3,1.25,2021,26,0.033627160102639,0.2667647554630386,0.4012866441819857,-0.26192818421348807,0.1283831299163695,0.0038785370732044165,-0.04151941140090673,-0.054243463635006,0.6910272927439454,17.413887777147423,0.0019310541409810027,0.0006910272927439452,0.0,0.707217821958146,0.5,1.0,0.0,0.7692307692307693,0.46153846153846156,15,120,0.36638698419924315,14.251216945508057,0.09153108489776077,,,,0.0
20,10,inverse_volatility,vol_target_30pct_max_1p25,0.3,1.25,2022,26,-0.2692632395437594,-0.697890023554746,-1.4559098741333416,-0.26298140808494097,-1.023886979328932,-0.009954082041518937,-0.08470086902554524,-0.08391591623005151,0.5834846318205628,14.703812721878181,-0.01831247749388944,0.0005834846318205628,0.0,0.535727957389701,0.5,0.6507847375215977,0.0,1.0,0.34615384615384615,15,120,0.35943036722117555,14.259630502314952,0.09090971610916664,,,,0.0
20,10,inverse_volatility,vol_target_30pct_max_1p25,0.3,1.25,2023,25,1.0175958728118326,2.128679596378554,6.4192862538373365,-0.17000836427831223,5.98556357583664,0.030592107669317543,0.06177551873293561,0.057163221451042814,0.5218357500267574,13.150260900674287,0.0773821812736548,0.0005218357500267574,0.0,0.500789789483041,0.5,0.5197447370760254,0.0,1.0,0.64,15,120,0.3621593003373276,13.497111807159927,0.10849253112597512,,,,0.0
20,10,inverse_volatility,vol_target_30pct_max_1p25,0.3,1.25,2024,26,0.4461357196463329,1.4018007650992066,1.9748791779562174,-0.12463087253076954,3.579656553685673,0.016379273205467868,-0.017673314871082705,-0.00026514577724847207,0.6661083506085552,16.78593043533559,0.02657795594739182,0.0006661083506085553,0.0,0.5662959703771194,0.5,0.734557952829372,0.0,1.0,0.6923076923076923,15,120,0.29444818055052147,13.996315719754309,0.09712545646181482,,,,0.0
20,10,inverse_volatility,vol_target_30pct_max_1p25,0.3,1.25,2025,25,1.0025396109299565,2.394222604348211,3.658698461896411,-0.1635958822063721,6.128146976616916,0.029782841421491568,0.09019189801549282,0.10917532406885332,0.754987025288862,19.025673037279322,0.05269404183313559,0.000754987025288862,0.0,0.5800976657819492,0.5360596299582435,0.6405828801697818,0.0,1.0,0.72,15,120,0.31347444571717537,13.903139554917226,0.10203176299885901,,,,0.0
20,10,inverse_volatility,vol_target_30pct_max_1p25,0.3,1.25,2026,11,0.298346582465981,0.8762827773501,1.613331173038074,-0.18857565296818468,1.5821055251300984,0.012783142831404422,0.027895204049558718,0.04338840353177768,0.753432527577298,18.98649969494791,0.015713616899347044,0.000753432527577298,0.0,0.5599925882504512,0.5016724656995809,0.6254940639147268,0.0,1.0,0.45454545454545453,15,120,0.3676155776170062,14.483316794947058,0.09600667390980379,,,,0.0
20,10,inverse_volatility,regime_dd_vol_target_30pct_max_1p25,0.3,1.25,2021,26,-0.051959416916518064,-0.01480788644535359,-0.019896850069340073,-0.2473873310025141,-0.21003265084738726,-0.00018466931064709568,-0.04151941140090673,-0.054243463635006,0.611585671823448,15.41195892995089,-0.00337137006091695,0.0006115856718234479,0.0,0.6310468474825134,0.5,1.0,0.0,0.9615384615384616,0.46153846153846156,15,120,0.3142694702232158,14.251216945508057,0.09153108489776077,,,,0.0
20,10,inverse_volatility,regime_dd_vol_target_30pct_max_1p25,0.3,1.25,2022,26,-0.2371465438784658,-0.6715078551011019,-1.522091448046617,-0.25041392401446916,-0.94701820121138,-0.008700114746037177,-0.08470086902554524,-0.08391591623005151,0.5424042237678299,13.668586438949314,-0.017349748998382524,0.00054240422376783,0.0,0.5,0.5,0.5,0.0,1.0,0.34615384615384615,15,120,0.3264934131963769,14.259630502314952,0.09090971610916664,,,,0.0
20,10,inverse_volatility,regime_dd_vol_target_30pct_max_1p25,0.3,1.25,2023,25,1.0034076638124994,2.1328130080431142,6.3475654633816125,-0.17000836427831212,5.902107629068598,0.030250311080570857,0.06177551873293561,0.057163221451042814,0.5210255684101412,13.12984432393556,0.07642190105661027,0.0005210255684101413,0.0,0.5,0.5,0.5,0.0,1.0,0.64,15,120,0.35741897501357317,13.497111807159927,0.10849253112597512,,,,0.0
20,10,inverse_volatility,regime_dd_vol_target_30pct_max_1p25,0.3,1.25,2024,26,0.4461357196463329,1.4018007650992066,1.9748791779562174,-0.12463087253076954,3.579656553685673,0.016379273205467868,-0.017673314871082705,-0.00026514577724847207,0.6661083506085552,16.78593043533559,0.02657795594739182,0.0006661083506085553,0.0,0.5662959703771194,0.5,0.734557952829372,0.0,1.0,0.6923076923076923,15,120,0.29444818055052147,13.996315719754309,0.09712545646181482,,,,0.0
20,10,inverse_volatility,regime_dd_vol_target_30pct_max_1p25,0.3,1.25,2025,25,1.0025396109299565,2.394222604348211,3.658698461896411,-0.1635958822063721,6.128146976616916,0.029782841421491568,0.09019189801549282,0.10917532406885332,0.754987025288862,19.025673037279322,0.05269404183313559,0.000754987025288862,0.0,0.5800976657819492,0.5360596299582435,0.6405828801697818,0.0,1.0,0.72,15,120,0.31347444571717537,13.903139554917226,0.10203176299885901,,,,0.0
20,10,inverse_volatility,regime_dd_vol_target_30pct_max_1p25,0.3,1.25,2026,11,0.298346582465981,0.8762827773501,1.613331173038074,-0.18857565296818468,1.5821055251300984,0.012783142831404422,0.027895204049558718,0.04338840353177768,0.753432527577298,18.98649969494791,0.015713616899347044,0.000753432527577298,0.0,0.5599925882504512,0.5016724656995809,0.6254940639147268,0.0,1.0,0.45454545454545453,15,120,0.3676155776170062,14.483316794947058,0.09600667390980379,,,,0.0
20,10,inverse_volatility,vol_target_35pct_max_1p25,0.35,1.25,2021,26,-0.003179941063897296,0.1880332790064871,0.2697505367976065,-0.3007871297132778,-0.010572064924880734,0.0029958597912521463,-0.04151941140090673,-0.054243463635006,0.7601852277695257,19.156667739792045,-0.0001659965661612407,0.0007601852277695257,0.0,0.7864611014178232,0.5790480374663035,1.0,0.0,0.7692307692307693,0.46153846153846156,15,120,0.401501623215056,14.251216945508057,0.09153108489776077,,,,0.0
20,10,inverse_volatility,vol_target_35pct_max_1p25,0.35,1.25,2022,26,-0.30599104935884036,-0.6745885417199842,-1.402060809987266,-0.29375056273175637,-1.041669661883377,-0.01115145614733786,-0.08470086902554524,-0.08391591623005151,0.6657242802840764,16.776251863158723,-0.018239535973515523,0.0006657242802840761,0.0,0.6117428151526296,0.5150391049277762,0.759248860441864,0.0,1.0,0.34615384615384615,15,120,0.4165749601918997,14.259630502314952,0.09090971610916664,,,,0.0
20,10,inverse_volatility,vol_target_35pct_max_1p25,0.35,1.25,2023,25,1.098155950616209,2.1035704755970364,6.466332799967033,-0.17000836427831223,6.459423071787648,0.03252650306748786,0.06177551873293561,0.057163221451042814,0.5399146842346432,13.605850042713007,0.08071204277342137,0.0005399146842346432,0.0,0.516542527689229,0.5,0.6063688599220296,0.0,1.0,0.64,15,120,0.3896555341546404,13.497111807159927,0.10849253112597512,,,,0.0
20,10,inverse_volatility,vol_target_35pct_max_1p25,0.35,1.25,2024,26,0.5293856100030232,1.425385546074065,2.046501681312083,-0.14540268461923112,3.6408241800303465,0.01915406775343096,-0.017673314871082705,-0.00026514577724847207,0.7538885400792914,18.997991209998144,0.027865346612247165,0.0007538885400792915,0.0,0.6442848328748167,0.5,0.8569842783009339,0.0,1.0,0.6923076923076923,15,120,0.3386329465146543,13.996315719754309,0.09712545646181482,,,,0.0
20,10,inverse_volatility,vol_target_35pct_max_1p25,0.35,1.25,2025,25,1.2247628981084917,2.39422260434821,3.6586984618964093,-0.19016335331221745,6.4405831974241075,0.03474664832507349,0.09019189801549282,0.10917532406885332,0.880818196170339,22.19661854349254,0.05517790449516734,0.0008808181961703389,0.0,0.6767806100789407,0.6254029016179508,0.747346693531412,0.0,1.0,0.72,15,120,0.36572018667003797,13.903139554917226,0.10203176299885901,,,,0.0
20,10,inverse_volatility,vol_target_35pct_max_1p25,0.35,1.25,2026,11,0.34068581190081426,0.8762827773501002,1.6133311730380744,-0.21770508529613264,1.5648959758445582,0.014913666636638494,0.027895204049558718,0.04338840353177768,0.8790046155068475,22.150916310772555,0.015380213040447906,0.0008790046155068478,0.0,0.6533246862921929,0.5852845433161776,0.7297430745671812,0.0,1.0,0.45454545454545453,15,120,0.4288848405531739,14.483316794947058,0.09600667390980379,,,,0.0
20,10,inverse_volatility,regime_dd_vol_target_35pct_max_1p25,0.35,1.25,2021,26,-0.07152261576989205,-0.06331008801546253,-0.08240940661039746,-0.2610071593501416,-0.2740254939671763,-0.0008232921016857523,-0.04151941140090673,-0.054243463635006,0.6395345192727631,16.116269885673628,-0.004437913752826345,0.0006395345192727632,0.0,0.6634297168653978,0.5,1.0,0.0,0.9615384615384616,0.46153846153846156,15,120,0.3277038717338985,14.251216945508057,0.09153108489776077,,,,0.0
20,10,inverse_volatility,regime_dd_vol_target_35pct_max_1p25,0.35,1.25,2022,26,-0.2371465438784658,-0.6715078551011019,-1.522091448046617,-0.25041392401446916,-0.94701820121138,-0.008700114746037177,-0.08470086902554524,-0.08391591623005151,0.5424042237678299,13.668586438949314,-0.017349748998382524,0.00054240422376783,0.0,0.5,0.5,0.5,0.0,1.0,0.34615384615384615,15,120,0.3264934131963769,14.259630502314952,0.09090971610916664,,,,0.0
20,10,inverse_volatility,regime_dd_vol_target_35pct_max_1p25,0.35,1.25,2023,25,1.0034076638124994,2.1328130080431142,6.3475654633816125,-0.17000836427831212,5.902107629068598,0.030250311080570857,0.06177551873293561,0.057163221451042814,0.5210255684101412,13.12984432393556,0.07642190105661027,0.0005210255684101413,0.0,0.5,0.5,0.5,0.0,1.0,0.64,15,120,0.35741897501357317,13.497111807159927,0.10849253112597512,,,,0.0
20,10,inverse_volatility,regime_dd_vol_target_35pct_max_1p25,0.35,1.25,2024,26,0.539606112025486,1.4637737386578762,2.2009381141702478,-0.135129953011759,3.993238360547121,0.019341237673955732,-0.017673314871082705,-0.00026514577724847207,0.7489054032925615,18.87241616297255,0.02859231734642365,0.0007489054032925614,0.0,0.6392080281731501,0.5,0.8569842783009339,0.0,1.0,0.6923076923076923,15,120,0.3329744047946764,13.996315719754309,0.09712545646181482,,,,0.0
20,10,inverse_volatility,regime_dd_vol_target_35pct_max_1p25,0.35,1.25,2025,25,1.1610713594459545,2.4743530742813684,4.006242979370217,-0.17342026598108695,6.695130773081503,0.03319577303393371,0.09019189801549282,0.10917532406885332,0.8545101976020918,21.53365697957271,0.05391891217304017,0.0008545101976020919,0.0,0.6557952167040859,0.6254029016179508,0.7253820228449294,0.0,1.0,0.72,15,120,0.33808169462560866,13.903139554917226,0.10203176299885901,,,,0.0
20,10,inverse_volatility,regime_dd_vol_target_35pct_max_1p25,0.35,1.25,2026,11,0.2632476616179109,0.804551590597656,1.4062207925668742,-0.2007346252806046,1.3114212919167287,0.011703101327328684,0.027895204049558718,0.04338840353177768,0.82781147911579,20.860849273717907,0.0126192207308439,0.0008278114791157899,0.0,0.6137497932803074,0.5,0.65,0.0,1.0,0.45454545454545453,15,120,0.3665621408188439,14.483316794947058,0.09600667390980379,,,,0.0
20,10,shrinkage_min_variance,static_1x,,1.0,2021,26,0.05871137533837856,0.34684951516672546,0.5566607011088228,-0.34251262001856886,0.1714137579374319,0.006344548107571502,-0.04151941140090673,-0.054243463635006,1.1272399091815097,28.406445711374044,0.0020668328567016152,0.0011272399091815097,0.0,1.0,1.0,1.0,0.0,0.0,0.5,15,120,0.4609567126941165,11.795117138810111,0.1265486273088688,0.1383374312357487,0.5634802931968254,0.3106430865497242,0.5
20,10,shrinkage_min_variance,static_1x,,1.0,2022,26,-0.44879613882868297,-0.79612697363787,-1.7519044622282285,-0.368855562852173,-1.2167259600434652,-0.017576330958468264,-0.08470086902554524,-0.08391591623005151,1.2640807343977905,31.854834506824318,-0.014088792039793413,0.0012640807343977903,0.0,1.0,1.0,1.0,0.0,0.0,0.38461538461538464,15,120,0.5563478626147775,9.389025118326797,0.14883283975108708,0.41350500162266424,0.7473444806668595,0.5219932902919284,0.34615384615384615
20,10,shrinkage_min_variance,static_1x,,1.0,2023,25,1.2559971788637423,1.5610027774723383,4.503581278693744,-0.2725927493308621,4.607595697049387,0.03977090802644221,0.06177551873293561,0.057163221451042814,1.2413301778980648,31.28152048303123,0.0401514107840462,0.001241330177898065,0.0,1.0,1.0,1.0,0.0,0.0,0.6,15,120,0.6420404221760608,9.222805196717507,0.15767820208758565,0.1703856898108046,0.5138656750477408,0.43631689996089684,0.0
20,10,shrinkage_min_variance,static_1x,,1.0,2024,26,0.5872546291816456,1.383472366254393,2.335629801792523,-0.1652191431481923,3.5543982252402264,0.021349482307179996,-0.017673314871082705,-0.00026514577724847207,1.3681201868451576,34.47662870849797,0.01703341223258573,0.0013681201868451576,0.0,1.0,1.0,1.0,0.0,0.0,0.5769230769230769,15,120,0.38888160491237966,9.225341131210524,0.16011617635109276,0.18748312156890984,0.5929044740626045,0.343063119102588,0.19230769230769232
20,10,shrinkage_min_variance,static_1x,,1.0,2025,25,2.030655609125301,2.6797559485211297,5.077751885056836,-0.19784813051328431,10.263708855156228,0.04881561661420617,0.09019189801549282,0.10917532406885332,1.5225703318208021,38.36877236188421,0.052924695895211066,0.0015225703318208022,0.0,1.0,1.0,1.0,0.0,0.0,0.68,15,120,0.4590543177474342,7.891802980084682,0.17388778293385052,0.24473330721655226,0.6083165189807411,0.42229684076124946,0.0
20,10,shrinkage_min_variance,static_1x,,1.0,2026,11,0.096482996268205,0.3953292009440947,0.8586167937640232,-0.20033547155172127,0.4816071538449229,0.007558727485384639,0.027895204049558718,0.04338840353177768,1.6029332892418806,40.39391888889539,0.002388552507955076,0.001602933289241881,0.0,1.0,1.0,1.0,0.0,0.0,0.45454545454545453,15,120,0.4818261139748934,7.470398905023789,0.1777943394666441,0.26341339240545303,0.7448207383549872,0.3522247687044433,0.0
20,10,shrinkage_min_variance,legacy_risk_scaled,,1.0,2021,26,-0.08472973794544947,-0.20990069917668386,-0.24860760712206464,-0.225040302835821,-0.37650917136946965,-0.002166552130171343,-0.04151941140090673,-0.054243463635006,0.618149043772185,15.577355903059063,-0.00543928882878065,0.0006181490437721851,0.0,0.5346153846153846,0.45,1.0,0.0,0.8461538461538461,0.5,15,120,0.26010925115766637,11.795117138810111,0.1265486273088688,0.1383374312357487,0.5634802931968254,0.3106430865497242,0.5
20,10,shrinkage_min_variance,legacy_risk_scaled,,1.0,2022,26,-0.20554330552682853,-0.7961269736378702,-1.751904462228229,-0.16334207954638735,-1.2583610181628457,-0.007909348931310721,-0.08470086902554524,-0.08391591623005151,0.5688363304790057,14.334675528070944,-0.014338887903274993,0.0005688363304790057,0.0,0.44999999999999996,0.45,0.45,0.0,1.0,0.38461538461538464,15,120,0.2503565381766499,9.389025118326797,0.14883283975108708,0.41350500162266424,0.7473444806668595,0.5219932902919284,0.34615384615384615
20,10,shrinkage_min_variance,legacy_risk_scaled,,1.0,2023,25,0.6855191434409895,1.8052432729512313,5.721143913791421,-0.12825573116836786,5.344939654517844,0.022735415093995032,0.06177551873293561,0.057163221451042814,0.5986348715939076,15.085598764166471,0.04544195786708415,0.0005986348715939076,0.0,0.486,0.45,0.75,0.0,1.0,0.6,15,120,0.31737133102955073,9.222805196717507,0.15767820208758565,0.1703856898108046,0.5138656750477408,0.43631689996089684,0.0
20,10,shrinkage_min_variance,legacy_risk_scaled,,1.0,2024,26,0.35477399375848373,1.348616980569019,2.413536618035419,-0.07629084789487917,4.650282485355587,0.013262338490215318,-0.017673314871082705,-0.00026514577724847207,0.9098775904205733,22.928915278598446,0.015472777034926952,0.000909877590420573,0.0,0.6423076923076922,0.45,1.0,0.0,0.6923076923076923,0.5769230769230769,15,120,0.24781753067680728,9.225341131210524,0.16011617635109276,0.18748312156890984,0.5929044740626045,0.343063119102588,0.19230769230769232
20,10,shrinkage_min_variance,legacy_risk_scaled,,1.0,2025,25,1.0026637630437225,2.704787404972795,6.223865745148667,-0.0915633909027378,10.950487450915737,0.029294970007313466,0.09019189801549282,0.10917532406885332,0.9468002355245289,23.859365935218126,0.04202390649299357,0.0009468002355245287,0.0,0.594,0.45,1.0,0.0,0.76,0.68,15,120,0.272935774111875,7.891802980084682,0.17388778293385052,0.24473330721655226,0.6083165189807411,0.42229684076124946,0.0
20,10,shrinkage_min_variance,legacy_risk_scaled,,1.0,2026,11,0.06716872621867753,0.3953292009440947,0.8586167937640231,-0.09273765197243378,0.7242875443799612,0.003401427368423088,0.027895204049558718,0.04338840353177768,0.7213199801588464,18.177263500002926,0.003695205618748208,0.0007213199801588463,0.0,0.45,0.45,0.45,0.0,1.0,0.45454545454545453,15,120,0.21682175128870204,7.470398905023789,0.1777943394666441,0.26341339240545303,0.7448207383549872,0.3522247687044433,0.0
20,10,shrinkage_min_variance,vol_target_25pct_max_1p25,0.25,1.25,2021,26,0.11556898757640832,0.48798409511615265,0.8581759708897057,-0.22044525511030422,0.5242525520387411,0.006379416971809326,-0.04151941140090673,-0.054243463635006,0.7632474299963992,19.233835235909257,0.006008629384567197,0.0007632474299963993,0.0,0.659646267590818,0.5,1.0,0.0,0.7692307692307693,0.5,15,120,0.3294396462887376,11.795117138810111,0.1265486273088688,0.1383374312357487,0.5634802931968254,0.3106430865497242,0.5
20,10,shrinkage_min_variance,vol_target_25pct_max_1p25,0.25,1.25,2022,26,-0.23723165905617172,-0.8030420812043304,-1.655553383099275,-0.17987380393028962,-1.3188783128648973,-0.009136132356375639,-0.08470086902554524,-0.08391591623005151,0.64253595221631,16.191905995851013,-0.014651249773618966,0.0006425359522163101,0.0,0.5067575171172429,0.5,0.5540271096176186,0.0,1.0,0.38461538461538464,15,120,0.28669797108936934,9.389025118326797,0.14883283975108708,0.41350500162266424,0.7473444806668595,0.5219932902919284,0.34615384615384615
20,10,shrinkage_min_variance,vol_target_25pct_max_1p25,0.25,1.25,2023,25,0.6054103929111281,1.5540713588141983,4.755357209997902,-0.14194483857653462,4.265110299059585,0.0209971645373036,0.06177551873293561,0.057163221451042814,0.6218157624629582,15.669757214066546,0.038635594964270326,0.0006218157624629583,0.0,0.5024437676466547,0.5,0.5610941911663646,0.0,1.0,0.6,15,120,0.34047892546182124,9.222805196717507,0.15767820208758565,0.1703856898108046,0.5138656750477408,0.43631689996089684,0.0
20,10,shrinkage_min_variance,vol_target_25pct_max_1p25,0.25,1.25,2024,26,0.36619787258395586,1.3687774264728443,2.3271000584706223,-0.10842257503178987,3.3775057683013467,0.013646252791602418,-0.017673314871082705,-0.00026514577724847207,0.8246914016850333,20.782223322462837,0.017620726469056096,0.0008246914016850333,0.0,0.6046660093506758,0.5,0.7141891892668115,0.0,1.0,0.5769230769230769,15,120,0.2512355651820822,9.225341131210524,0.16011617635109276,0.18748312156890984,0.5929044740626045,0.343063119102588,0.19230769230769232
20,10,shrinkage_min_variance,vol_target_25pct_max_1p25,0.25,1.25,2025,25,1.0516020819934622,2.7009772733425366,5.2281547136166475,-0.11993530649034889,8.768077664253802,0.030408547252243096,0.09019189801549282,0.10917532406885332,0.9140365441331529,23.033720912155452,0.04565489379696818,0.0009140365441331528,0.0,0.6020526688871933,0.5643530814967719,0.6539560483330331,0.0,1.0,0.68,15,120,0.28371041782525386,7.891802980084682,0.17388778293385052,0.24473330721655226,0.6083165189807411,0.42229684076124946,0.0
20,10,shrinkage_min_variance,vol_target_25pct_max_1p25,0.25,1.25,2026,11,0.051825628302747395,0.3076595937699694,0.6233267447400039,-0.11729736887654629,0.441831123742367,0.003194235676108641,0.027895204049558718,0.04338840353177768,0.8576925909177769,21.613853291127977,0.002397796802110279,0.000857692590917777,0.0,0.5318680587452657,0.5,0.5787615144956483,0.0,1.0,0.45454545454545453,15,120,0.26163571904772776,7.470398905023789,0.1777943394666441,0.26341339240545303,0.7448207383549872,0.3522247687044433,0.0
20,10,shrinkage_min_variance,regime_dd_vol_target_25pct_max_1p25,0.25,1.25,2021,26,0.007325717458915859,0.16258309789478112,0.2440980227254331,-0.22022441163098017,0.03326478388413735,0.0018228105292146907,-0.04151941140090673,-0.054243463635006,0.6812572574568923,17.167682887913685,0.0004267155624171785,0.0006812572574568924,0.0,0.5922810890859382,0.5,1.0,0.0,0.9615384615384616,0.5,15,120,0.2825313696872589,11.795117138810111,0.1265486273088688,0.1383374312357487,0.5634802931968254,0.3106430865497242,0.5
20,10,shrinkage_min_variance,regime_dd_vol_target_25pct_max_1p25,0.25,1.25,2022,26,-0.22853342279107047,-0.79612697363787,-1.7519044622282285,-0.18216777322149746,-1.2545216903606606,-0.008788165479234132,-0.08470086902554524,-0.08391591623005151,0.6320403671988952,15.927417253412159,-0.014348429450613617,0.0006320403671988952,0.0,0.5,0.5,0.5,0.0,1.0,0.38461538461538464,15,120,0.27817393130738877,9.389025118326797,0.14883283975108708,0.41350500162266424,0.7473444806668595,0.5219932902919284,0.34615384615384615
20,10,shrinkage_min_variance,regime_dd_vol_target_25pct_max_1p25,0.25,1.25,2023,25,0.5695730990114998,1.5610027774723383,4.503581278693744,-0.14194483857653462,4.012636913912119,0.019885454013221105,0.06177551873293561,0.057163221451042814,0.6206650889490324,15.640760241515615,0.036415947192878086,0.0006206650889490324,0.0,0.5,0.5,0.5,0.0,1.0,0.6,15,120,0.3210202110880304,9.222805196717507,0.15767820208758565,0.1703856898108046,0.5138656750477408,0.43631689996089684,0.0
20,10,shrinkage_min_variance,regime_dd_vol_target_25pct_max_1p25,0.25,1.25,2024,26,0.35039829311555293,1.357033783153847,2.246456026059006,-0.107392443046325,3.262783517871965,0.013110001573599891,-0.017673314871082705,-0.00026514577724847207,0.8089630224445591,20.38586816560289,0.017188293884230085,0.0008089630224445592,0.0,0.5925648225179472,0.5,0.6567947311257062,0.0,1.0,0.5769230769230769,15,120,0.24345159549890363,9.225341131210524,0.16011617635109276,0.18748312156890984,0.5929044740626045,0.343063119102588,0.19230769230769232
20,10,shrinkage_min_variance,regime_dd_vol_target_25pct_max_1p25,0.25,1.25,2025,25,1.0509147567593238,2.700063947898191,5.225737053421342,-0.11993530649034889,8.76234686442303,0.030394485400917742,0.09019189801549282,0.10917532406885332,0.9137644260325566,23.026863536020425,0.04563864093411595,0.0009137644260325564,0.0,0.601894426953872,0.5643530814967719,0.65,0.0,1.0,0.68,15,120,0.2836751450643819,7.891802980084682,0.17388778293385052,0.24473330721655226,0.6083165189807411,0.42229684076124946,0.0
20,10,shrinkage_min_variance,regime_dd_vol_target_25pct_max_1p25,0.25,1.25,2026,11,0.051825628302747395,0.3076595937699694,0.6233267447400039,-0.11729736887654629,0.441831123742367,0.003194235676108641,0.027895204049558718,0.04338840353177768,0.8576925909177769,21.613853291127977,0.002397796802110279,0.000857692590917777,0.0,0.5318680587452657,0.5,0.5787615144956483,0.0,1.0,0.45454545454545453,15,120,0.26163571904772776,7.470398905023789,0.1777943394666441,0.26341339240545303,0.7448207383549872,0.3522247687044433,0.0
20,10,shrinkage_min_variance,vol_target_30pct_max_1p25,0.3,1.25,2021,26,0.08030536864880644,0.3863045582914926,0.6400619146233094,-0.26043578945995005,0.30834997300229294,0.005545613107661184,-0.04151941140090673,-0.054243463635006,0.8516607189043016,21.4618501163884,0.00374177287667687,0.0008516607189043017,0.0,0.7431123345199235,0.5575135698998901,1.0,0.0,0.7692307692307693,0.5,15,120,0.3617597755800012,11.795117138810111,0.1265486273088688,0.1383374312357487,0.5634802931968254,0.3106430865497242,0.5
20,10,shrinkage_min_variance,vol_target_30pct_max_1p25,0.3,1.25,2022,26,-0.2650480872056038,-0.7618724169126674,-1.5292911895882966,-0.1911279894521173,-1.3867570519910979,-0.010057387223651647,-0.08470086902554524,-0.08391591623005151,0.7271401776539228,18.323932476878856,-0.014464585456208243,0.000727140177653923,0.0,0.5724379607479542,0.5,0.6648325315411423,0.0,1.0,0.38461538461538464,15,120,0.33266220486503545,9.389025118326797,0.14883283975108708,0.41350500162266424,0.7473444806668595,0.5219932902919284,0.34615384615384615
20,10,shrinkage_min_variance,vol_target_30pct_max_1p25,0.3,1.25,2023,25,0.6783679160982914,1.5245330942678952,4.751956709149139,-0.15551978468890526,4.361939655814647,0.02330464111882332,0.06177551873293561,0.057163221451042814,0.6489040215666954,16.352381343480722,0.04148435031260688,0.0006489040215666954,0.0,0.5245001712435325,0.5,0.6733130293996376,0.0,1.0,0.6,15,120,0.3852175845853759,9.222805196717507,0.15767820208758565,0.1703856898108046,0.5138656750477408,0.43631689996089684,0.0
20,10,shrinkage_min_variance,vol_target_30pct_max_1p25,0.3,1.25,2024,26,0.44716034908426416,1.3844255146831348,2.347535846262116,-0.1301070900381478,3.436863809290911,0.016458333143802295,-0.017673314871082705,-0.00026514577724847207,0.9596048642537581,24.182042579194704,0.0184914217903571,0.0009596048642537582,0.0,0.7063684419900418,0.5,0.8570270271201739,0.0,1.0,0.5769230769230769,15,120,0.2995827444849896,9.225341131210524,0.16011617635109276,0.18748312156890984,0.5929044740626045,0.343063119102588,0.19230769230769232
20,10,shrinkage_min_variance,vol_target_30pct_max_1p25,0.3,1.25,2025,25,1.3433080054414517,2.7009772733425366,5.228154713616646,-0.14328591739282492,9.375017656192346,0.03649025670269171,0.09019189801549282,0.10917532406885332,1.0968438529597833,27.64046509458654,0.048599327140285434,0.0010968438529597834,0.0,0.7224632026646318,0.6772236977961262,0.7847472579996397,0.0,1.0,0.68,15,120,0.34045250139030464,7.891802980084682,0.17388778293385052,0.24473330721655226,0.6083165189807411,0.42229684076124946,0.0
20,10,shrinkage_min_variance,vol_target_30pct_max_1p25,0.3,1.25,2026,11,0.05181136765836181,0.2973645442941309,0.5974299249813337,-0.13992480028189347,0.3702800901197091,0.0036927675095836704,0.027895204049558718,0.04338840353177768,1.0155078738102061,25.590798420017194,0.0020246092680654628,0.0010155078738102062,0.0,0.6283275993206513,0.5714224576435954,0.6945138173947779,0.0,1.0,0.45454545454545453,15,120,0.3129416167028396,7.470398905023789,0.1777943394666441,0.26341339240545303,0.7448207383549872,0.3522247687044433,0.0
20,10,shrinkage_min_variance,regime_dd_vol_target_30pct_max_1p25,0.3,1.25,2021,26,0.003488671434764612,0.15928099047125502,0.24185594060529056,-0.23301896470941408,0.014971620181709906,0.0019284562151472716,-0.04151941140090673,-0.054243463635006,0.7459749699417844,18.798569242532967,0.00018558175304486842,0.0007459749699417844,0.0,0.6534932294347028,0.5575135698998901,1.0,0.0,0.9615384615384616,0.5,15,120,0.3051029283402242,11.795117138810111,0.1265486273088688,0.1383374312357487,0.5634802931968254,0.3106430865497242,0.5
20,10,shrinkage_min_variance,regime_dd_vol_target_30pct_max_1p25,0.3,1.25,2022,26,-0.22853342279107047,-0.79612697363787,-1.7519044622282285,-0.18216777322149746,-1.2545216903606606,-0.008788165479234132,-0.08470086902554524,-0.08391591623005151,0.6320403671988952,15.927417253412159,-0.014348429450613617,0.0006320403671988952,0.0,0.5,0.5,0.5,0.0,1.0,0.38461538461538464,15,120,0.27817393130738877,9.389025118326797,0.14883283975108708,0.41350500162266424,0.7473444806668595,0.5219932902919284,0.34615384615384615
20,10,shrinkage_min_variance,regime_dd_vol_target_30pct_max_1p25,0.3,1.25,2023,25,0.5695730990114998,1.5610027774723383,4.503581278693744,-0.14194483857653462,4.012636913912119,0.019885454013221105,0.06177551873293561,0.057163221451042814,0.6206650889490324,15.640760241515615,0.036415947192878086,0.0006206650889490324,0.0,0.5,0.5,0.5,0.0,1.0,0.6,15,120,0.3210202110880304,9.222805196717507,0.15767820208758565,0.1703856898108046,0.5138656750477408,0.43631689996089684,0.0
20,10,shrinkage_min_variance,regime_dd_vol_target_30pct_max_1p25,0.3,1.25,2024,26,0.40719461554753966,1.4441537789648555,2.524243118088992,-0.10739244304632489,3.791650548185144,0.014920630824387958,-0.017673314871082705,-0.00026514577724847207,0.8842314711505815,22.282633072994653,0.01827407982771289,0.0008842314711505815,0.0,0.6476437451768589,0.5,0.7881536773508473,0.0,1.0,0.5769230769230769,15,120,0.26036001307567586,9.225341131210524,0.16011617635109276,0.18748312156890984,0.5929044740626045,0.343063119102588,0.19230769230769232
20,10,shrinkage_min_variance,regime_dd_vol_target_30pct_max_1p25,0.3,1.25,2025,25,1.140564263413482,2.6890899278808886,5.1690320623650345,-0.13042113692239232,8.745240919745854,0.03235677529479821,0.09019189801549282,0.10917532406885332,1.020235758244208,25.709941107754045,0.0443627723079261,0.001020235758244208,0.0,0.6667589235906926,0.65,0.7513486481579055,0.0,1.0,0.68,15,120,0.3032218182719816,7.891802980084682,0.17388778293385052,0.24473330721655226,0.6083165189807411,0.42229684076124946,0.0
20,10,shrinkage_min_variance,regime_dd_vol_target_30pct_max_1p25,0.3,1.25,2026,11,0.07152726441937851,0.3577031302565506,0.7535952104208508,-0.13297779837496226,0.5378887701064994,0.004378306002402959,0.027895204049558718,0.04338840353177768,0.9984251772928022,25.160314467778615,0.0028428605099900246,0.0009984251772928025,0.0,0.6190852103954139,0.5714224576435954,0.65,0.0,1.0,0.45454545454545453,15,120,0.3084493870138114,7.470398905023789,0.1777943394666441,0.26341339240545303,0.7448207383549872,0.3522247687044433,0.0
20,10,shrinkage_min_variance,vol_target_35pct_max_1p25,0.35,1.25,2021,26,0.04721870012864904,0.30756342706545764,0.4855011948833154,-0.2991107869569699,0.1578635816148012,0.004843390276726627,-0.04151941140090673,-0.054243463635006,0.9424648742479176,23.750114831047522,0.0019881461822206445,0.0009424648742479176,0.0,0.8285028518117059,0.6504324982165384,1.0,0.0,0.7692307692307693,0.5,15,120,0.3968398848265363,11.795117138810111,0.1265486273088688,0.1383374312357487,0.5634802931968254,0.3106430865497242,0.5
20,10,shrinkage_min_variance,vol_target_35pct_max_1p25,0.35,1.25,2022,26,-0.30858577901542195,-0.7599298514515062,-1.524928145457641,-0.2243769446333489,-1.3753007445558967,-0.011698259325620982,-0.08470086902554524,-0.08391591623005151,0.8475061848018797,21.357155857007367,-0.014448823667416077,0.0008475061848018796,0.0,0.6670920445668485,0.5759543027600665,0.775637953464666,0.0,1.0,0.38461538461538464,15,120,0.3879254571228813,9.389025118326797,0.14883283975108708,0.41350500162266424,0.7473444806668595,0.5219932902919284,0.34615384615384615
20,10,shrinkage_min_variance,vol_target_35pct_max_1p25,0.35,1.25,2023,25,0.7549393276872232,1.4829697128677295,4.460348077113334,-0.18011519750591276,4.191424922166495,0.02580119088447594,0.06177551873293561,0.057163221451042814,0.7036922695303471,17.73304519216475,0.04257245834013828,0.0007036922695303469,0.0,0.5679323880851135,0.5,0.7855318676329104,0.0,1.0,0.6,15,120,0.43843782151927607,9.222805196717507,0.15767820208758565,0.1703856898108046,0.5138656750477408,0.43631689996089684,0.0
20,10,shrinkage_min_variance,vol_target_35pct_max_1p25,0.35,1.25,2024,26,0.5267016707931778,1.3878179162192554,2.3487097674209907,-0.15179160504450562,3.4698998712000426,0.019209124696621317,-0.017673314871082705,-0.00026514577724847207,1.1057295832201832,27.864385497148618,0.0189023250072059,0.001105729583220183,0.0,0.8150580713935303,0.5308116062617767,0.9998648649735361,0.0,1.0,0.5769230769230769,15,120,0.34879931776178413,9.225341131210524,0.16011617635109276,0.18748312156890984,0.5929044740626045,0.343063119102588,0.19230769230769232
20,10,shrinkage_min_variance,vol_target_35pct_max_1p25,0.35,1.25,2025,25,1.6674735487562877,2.7009772733425366,5.228154713616647,-0.1664241145379154,10.019422686346319,0.04257196615314033,0.09019189801549282,0.10917532406885332,1.2796511617864141,32.24720927701764,0.05170908075895685,0.001279651161786414,0.0,0.8428737364420706,0.7900943140954806,0.9155384676662464,0.0,1.0,0.68,15,120,0.3971945849553554,7.891802980084682,0.17388778293385052,0.24473330721655226,0.6083165189807411,0.42229684076124946,0.0
20,10,shrinkage_min_variance,vol_target_35pct_max_1p25,0.35,1.25,2026,11,0.05238760186693514,0.2973645442941309,0.5974299249813337,-0.16227257335307577,0.3228370684240595,0.004308228761180949,0.027895204049558718,0.04338840353177768,1.1847591861119071,29.85593149002006,0.0017546798660241683,0.0011847591861119072,0.0,0.7330488658740932,0.6666595339175281,0.8102661202939075,0.0,1.0,0.45454545454545453,15,120,0.3650985528199796,7.470398905023789,0.1777943394666441,0.26341339240545303,0.7448207383549872,0.3522247687044433,0.0
20,10,shrinkage_min_variance,regime_dd_vol_target_35pct_max_1p25,0.35,1.25,2021,26,-0.02200005595591259,0.07869541642758666,0.11404496537814353,-0.23301896470941386,-0.09441315638556606,0.000964250853147782,-0.04151941140090673,-0.054243463635006,0.7687381039894172,19.372200220533312,-0.0011356508659555312,0.000768738103989417,0.0,0.671679984983789,0.5,1.0,0.0,0.9615384615384616,0.5,15,120,0.3087742921048456,11.795117138810111,0.1265486273088688,0.1383374312357487,0.5634802931968254,0.3106430865497242,0.5
20,10,shrinkage_min_variance,regime_dd_vol_target_35pct_max_1p25,0.35,1.25,2022,26,-0.22853342279107047,-0.79612697363787,-1.7519044622282285,-0.18216777322149746,-1.2545216903606606,-0.008788165479234132,-0.08470086902554524,-0.08391591623005151,0.6320403671988952,15.927417253412159,-0.014348429450613617,0.0006320403671988952,0.0,0.5,0.5,0.5,0.0,1.0,0.38461538461538464,15,120,0.27817393130738877,9.389025118326797,0.14883283975108708,0.41350500162266424,0.7473444806668595,0.5219932902919284,0.34615384615384615
20,10,shrinkage_min_variance,regime_dd_vol_target_35pct_max_1p25,0.35,1.25,2023,25,0.5719017220060674,1.5617663167374942,4.486591950986947,-0.14194483857653462,4.029042040142278,0.01995768228925959,0.06177551873293561,0.057163221451042814,0.6224247283428119,15.68510315423886,0.036461457497747624,0.000622424728342812,0.0,0.5021178971831822,0.5,0.5255262556474612,0.0,1.0,0.6,15,120,0.3220287108893232,9.222805196717507,0.15767820208758565,0.1703856898108046,0.5138656750477408,0.43631689996089684,0.0
20,10,shrinkage_min_variance,regime_dd_vol_target_35pct_max_1p25,0.35,1.25,2024,26,0.43628150390324816,1.4564105767925513,2.6141372161073697,-0.107392443046325,4.062497244010483,0.01588314637734781,-0.017673314871082705,-0.00026514577724847207,0.9512776302701921,23.972196282808838,0.018199479878951198,0.0009512776302701919,0.0,0.6923792584448167,0.5308116062617767,0.9195126235759885,0.0,1.0,0.5769230769230769,15,120,0.27482311312970953,9.225341131210524,0.16011617635109276,0.18748312156890984,0.5929044740626045,0.343063119102588,0.19230769230769232
20,10,shrinkage_min_variance,regime_dd_vol_target_35pct_max_1p25,0.35,1.25,2025,25,1.216496039237386,2.720048651711271,5.382259400728649,-0.1305702525434661,9.316793186353234,0.03390261655166673,0.09019189801549282,0.10917532406885332,1.0801402728707512,27.21953487634293,0.04469202154863668,0.0010801402728707512,0.0,0.699885410855808,0.65,0.8765734228508897,0.0,1.0,0.68,15,120,0.31409215293428844,7.891802980084682,0.17388778293385052,0.24473330721655226,0.6083165189807411,0.42229684076124946,0.0
20,10,shrinkage_min_variance,regime_dd_vol_target_35pct_max_1p25,0.35,1.25,2026,11,0.0846460612515405,0.3953292009440948,0.858616793764023,-0.13260200779186437,0.6383467540280627,0.004913172865500016,0.027895204049558718,0.04338840353177768,1.0419066380072228,26.256047277782013,0.00322386916644412,0.0010419066380072228,0.0,0.6500000000000001,0.65,0.65,0.0,1.0,0.45454545454545453,15,120,0.3131869740836807,7.470398905023789,0.1777943394666441,0.26341339240545303,0.7448207383549872,0.3522247687044433,0.0
20,10,shrinkage_risk_parity,static_1x,,1.0,2021,26,0.0036969676495377524,0.2407444865178024,0.343836019863167,-0.36070858067717093,0.010249181326924092,0.0045204564188791934,-0.04151941140090673,-0.054243463635006,0.9729510678628669,24.518366910144245,0.00015078360084448228,0.0009729510678628668,0.0,1.0,1.0,1.0,0.0,0.0,0.46153846153846156,15,120,0.4731801064417396,13.917005225370664,0.10263598623808311,0.1383374312357487,0.5634802931968254,0.3471188996442723,0.5
20,10,shrinkage_risk_parity,static_1x,,1.0,2022,26,-0.4936411596639285,-0.7374328661336632,-1.7320540315834159,-0.4859777319055696,-1.015769092399172,-0.0189333036627426,-0.08470086902554524,-0.08391591623005151,1.0897647040021101,27.462070540853173,-0.017975380222317077,0.0010897647040021099,0.0,1.0,1.0,1.0,0.0,0.0,0.34615384615384615,15,120,0.647000254819987,13.813099162379368,0.11237281428813878,0.41350500162266424,0.7473444806668595,0.6016238445332198,0.34615384615384615
20,10,shrinkage_risk_parity,static_1x,,1.0,2023,25,1.965005369364158,1.9156156990193611,5.802256946304546,-0.30029980243088694,6.543478728449706,0.05212321127128414,0.06177551873293561,0.057163221451042814,1.022756903652593,25.77347397204534,0.07624138567798272,0.0010227569036525932,0.0,1.0,1.0,1.0,0.0,0.0,0.64,15,120,0.6856828980409628,13.538020723114208,0.11286049117153686,0.1703856898108046,0.5138656750477408,0.4865471792913862,0.0
20,10,shrinkage_risk_parity,static_1x,,1.0,2024,26,0.865721045492506,1.5617842687599648,2.177346476950234,-0.19775872301709274,4.377663004112742,0.029335374084585666,-0.017673314871082705,-0.00026514577724847207,1.197790092500052,30.18431033100131,0.028681160377659925,0.001197790092500052,0.0,1.0,1.0,1.0,0.0,0.0,0.6153846153846154,15,120,0.47333773410236374,13.50020991416673,0.11537896790248407,0.18748312156890984,0.5929044740626045,0.38665089216582366,0.19230769230769232
20,10,shrinkage_risk_parity,static_1x,,1.0,2025,25,2.0964365708052126,2.6046629661418663,3.9905182517927504,-0.21319723769156107,9.833319575360498,0.050247240975795956,0.09019189801549282,0.10917532406885332,1.3120171306453754,33.06283169226346,0.0634076533528061,0.0013120171306453753,0.0,1.0,1.0,1.0,0.0,0.0,0.72,15,120,0.4861398534281964,13.404870288217436,0.12192589125621638,0.24473330721655226,0.6083165189807411,0.4884620594783079,0.0
20,10,shrinkage_risk_parity,static_1x,,1.0,2026,11,0.5590742416111492,1.0115764762238237,2.0218887185431487,-0.2642790043572921,2.1154697588284708,0.023678004704646764,0.027895204049558718,0.04338840353177768,1.400581412503032,35.29465159507641,0.015840197206795484,0.001400581412503032,0.0,1.0,1.0,1.0,0.0,0.0,0.45454545454545453,15,120,0.5898572501255698,13.097088620289727,0.1227706410447559,0.26341339240545303,0.7448207383549872,0.41488293416358013,0.0
20,10,shrinkage_risk_parity,legacy_risk_scaled,,1.0,2021,26,-0.13684644707838378,-0.367778328173022,-0.3936045713411635,-0.27604314868357194,-0.49574295805200647,-0.004162917850977722,-0.04151941140090673,-0.054243463635006,0.5311486907047085,13.384947005758654,-0.010223906528692855,0.0005311486907047084,0.0,0.5346153846153846,0.45,1.0,0.0,0.8461538461538461,0.46153846153846156,15,120,0.28524119505836026,13.917005225370664,0.10263598623808311,0.1383374312357487,0.5634802931968254,0.3471188996442723,0.5
20,10,shrinkage_risk_parity,legacy_risk_scaled,,1.0,2022,26,-0.22581246467920713,-0.7374328661336631,-1.7320540315834152,-0.2312852320129225,-0.9763375841765392,-0.008519986648234168,-0.08470086902554524,-0.08391591623005151,0.4903941168009495,12.357931743383928,-0.018272674535534675,0.0004903941168009496,0.0,0.44999999999999996,0.45,0.45,0.0,1.0,0.34615384615384615,15,120,0.29115011466899415,13.813099162379368,0.11237281428813878,0.41350500162266424,0.7473444806668595,0.6016238445332198,0.34615384615384615
20,10,shrinkage_risk_parity,legacy_risk_scaled,,1.0,2023,25,0.9694490180606539,2.1288063423132333,7.280682449461351,-0.14504362671302495,6.683844302781744,0.02943193465248836,0.06177551873293561,0.057163221451042814,0.49126218347279244,12.379807023514369,0.07830889578644236,0.0004912621834727924,0.0,0.486,0.45,0.75,0.0,1.0,0.64,15,120,0.34840405089960735,13.538020723114208,0.11286049117153686,0.1703856898108046,0.5138656750477408,0.4865471792913862,0.0
20,10,shrinkage_risk_parity,legacy_risk_scaled,,1.0,2024,26,0.6138142157958688,1.5909677240244873,2.53984961507199,-0.08899142535769178,6.897453471822779,0.02125092800748308,-0.017673314871082705,-0.00026514577724847207,0.7906907447517528,19.92540676774417,0.03080560527323985,0.0007906907447517529,0.0,0.6423076923076922,0.45,1.0,0.0,0.6923076923076923,0.6153846153846154,15,120,0.33660229412694936,13.50020991416673,0.11537896790248407,0.18748312156890984,0.5929044740626045,0.38665089216582366,0.19230769230769232
20,10,shrinkage_risk_parity,legacy_risk_scaled,,1.0,2025,25,1.177813916320034,2.816619771021972,5.783756364695646,-0.09750179577985474,12.079920240437122,0.032929775947820414,0.09019189801549282,0.10917532406885332,0.8159416899581313,20.561730586944908,0.05728184752444203,0.0008159416899581314,0.0,0.594,0.45,1.0,0.0,0.76,0.72,15,120,0.29461923203925455,13.404870288217436,0.12192589125621638,0.24473330721655226,0.6083165189807411,0.4884620594783079,0.0
20,10,shrinkage_risk_parity,legacy_risk_scaled,,1.0,2026,11,0.26663235013246567,1.011576476223824,2.0218887185431496,-0.12488083250371385,2.1350942717693386,0.010655102117091047,0.027895204049558718,0.04338840353177768,0.6302616356263645,15.882593217784384,0.016787708812809398,0.0006302616356263645,0.0,0.45,0.45,0.45,0.0,1.0,0.45454545454545453,15,120,0.2654357625565064,13.097088620289727,0.1227706410447559,0.26341339240545303,0.7448207383549872,0.41488293416358013,0.0
20,10,shrinkage_risk_parity,vol_target_25pct_max_1p25,0.25,1.25,2021,26,0.08796839654429789,0.41117902037029014,0.6582824703843801,-0.22869215418131084,0.38465856801783904,0.005455848276968271,-0.04151941140090673,-0.054243463635006,0.6558944011150463,16.528538908099165,0.005322212509733235,0.0006558944011150461,0.0,0.6493729931019195,0.5,1.0,0.0,0.7692307692307693,0.46153846153846156,15,120,0.3343735204577929,13.917005225370664,0.10263598623808311,0.1383374312357487,0.5634802931968254,0.3471188996442723,0.5
20,10,shrinkage_risk_parity,vol_target_25pct_max_1p25,0.25,1.25,2022,26,-0.2548174597682926,-0.7290857991592307,-1.6662007029700308,-0.2542389726353167,-1.0022753676471376,-0.009562074325984991,-0.08470086902554524,-0.08391591623005151,0.5518966881645219,13.90779654174595,-0.018321914546522655,0.000551896688164522,0.0,0.5056842818192794,0.5,0.5553408469690486,0.0,1.0,0.34615384615384615,15,120,0.3305019426968646,13.813099162379368,0.11237281428813878,0.41350500162266424,0.7473444806668595,0.6016238445332198,0.34615384615384615
20,10,shrinkage_risk_parity,vol_target_25pct_max_1p25,0.25,1.25,2023,25,0.815672518280796,1.9156156990193611,5.802256946304546,-0.160128890345409,5.0938498138676565,0.02606160563564207,0.06177551873293561,0.057163221451042814,0.5113784518262965,12.88673698602267,0.063295504452795,0.0005113784518262966,0.0,0.5,0.5,0.5,0.0,1.0,0.64,15,120,0.3428414490204814,13.538020723114208,0.11286049117153686,0.1703856898108046,0.5138656750477408,0.4865471792913862,0.0
20,10,shrinkage_risk_parity,vol_target_25pct_max_1p25,0.25,1.25,2024,26,0.446806567335595,1.5624155800611554,2.2273743945113433,-0.10912036381297086,4.094621312859702,0.01603072020609091,-0.017673314871082705,-0.00026514577724847207,0.6264115637216249,15.785571405784946,0.028304744620891806,0.0006264115637216248,0.0,0.5236459918571658,0.5,0.5993298248618909,0.0,1.0,0.6153846153846154,15,120,0.2585574250211194,13.50020991416673,0.11537896790248407,0.18748312156890984,0.5929044740626045,0.38665089216582366,0.19230769230769232
20,10,shrinkage_risk_parity,vol_target_25pct_max_1p25,0.25,1.25,2025,25,0.9017267207730708,2.5984741014851607,4.0852312096378585,-0.11258526490412613,8.009278314892729,0.027121142282192746,0.09019189801549282,0.10917532406885332,0.685996312460138,17.28710707399548,0.05216180572685372,0.000685996312460138,0.0,0.5230798548323772,0.5,0.5929727137831832,0.0,1.0,0.72,15,120,0.2630208186876402,13.404870288217436,0.12192589125621638,0.24473330721655226,0.6083165189807411,0.4884620594783079,0.0
20,10,shrinkage_risk_parity,vol_target_25pct_max_1p25,0.25,1.25,2026,11,0.27018651702822893,0.9153752355186642,1.713964864082201,-0.1506841237097145,1.7930655889716016,0.01119778228456284,0.027895204049558718,0.04338840353177768,0.7285438274623645,18.359304452051585,0.014716598754264712,0.0007285438274623645,0.0,0.517739930122773,0.5,0.5682645968889788,0.0,1.0,0.45454545454545453,15,120,0.30827151819449666,13.097088620289727,0.1227706410447559,0.26341339240545303,0.7448207383549872,0.41488293416358013,0.0
20,10,shrinkage_risk_parity,regime_dd_vol_target_25pct_max_1p25,0.25,1.25,2021,26,-0.015040085053860786,0.08722299712155233,0.12024750477531065,-0.22869215418131084,-0.06576563637568765,0.0009938555058360164,-0.04151941140090673,-0.054243463635006,0.5839812022647902,14.716326297072714,-0.001021999971341521,0.0005839812022647903,0.0,0.5820653007942271,0.5,1.0,0.0,0.9615384615384616,0.46153846153846156,15,120,0.28713939641589187,13.917005225370664,0.10263598623808311,0.1383374312357487,0.5634802931968254,0.3471188996442723,0.5
20,10,shrinkage_risk_parity,regime_dd_vol_target_25pct_max_1p25,0.25,1.25,2022,26,-0.2513158709214659,-0.7374328661336632,-1.7320540315834159,-0.256173565665192,-0.9810374863186512,-0.0094666518313713,-0.08470086902554524,-0.08391591623005151,0.5448823520010551,13.731035270426586,-0.018302762025725842,0.0005448823520010549,0.0,0.5,0.5,0.5,0.0,1.0,0.34615384615384615,15,120,0.3235001274099935,13.813099162379368,0.11237281428813878,0.41350500162266424,0.7473444806668595,0.6016238445332198,0.34615384615384615
20,10,shrinkage_risk_parity,regime_dd_vol_target_25pct_max_1p25,0.25,1.25,2023,25,0.815672518280796,1.9156156990193611,5.802256946304546,-0.160128890345409,5.0938498138676565,0.02606160563564207,0.06177551873293561,0.057163221451042814,0.5113784518262965,12.88673698602267,0.063295504452795,0.0005113784518262966,0.0,0.5,0.5,0.5,0.0,1.0,0.64,15,120,0.3428414490204814,13.538020723114208,0.11286049117153686,0.1703856898108046,0.5138656750477408,0.4865471792913862,0.0
20,10,shrinkage_risk_parity,regime_dd_vol_target_25pct_max_1p25,0.25,1.25,2024,26,0.446806567335595,1.5624155800611554,2.2273743945113433,-0.10912036381297086,4.094621312859702,0.01603072020609091,-0.017673314871082705,-0.00026514577724847207,0.6264115637216249,15.785571405784946,0.028304744620891806,0.0006264115637216248,0.0,0.5236459918571658,0.5,0.5993298248618909,0.0,1.0,0.6153846153846154,15,120,0.2585574250211194,13.50020991416673,0.11537896790248407,0.18748312156890984,0.5929044740626045,0.38665089216582366,0.19230769230769232
20,10,shrinkage_risk_parity,regime_dd_vol_target_25pct_max_1p25,0.25,1.25,2025,25,0.9017267207730708,2.5984741014851607,4.0852312096378585,-0.11258526490412613,8.009278314892729,0.027121142282192746,0.09019189801549282,0.10917532406885332,0.685996312460138,17.28710707399548,0.05216180572685372,0.000685996312460138,0.0,0.5230798548323772,0.5,0.5929727137831832,0.0,1.0,0.72,15,120,0.2630208186876402,13.404870288217436,0.12192589125621638,0.24473330721655226,0.6083165189807411,0.4884620594783079,0.0
20,10,shrinkage_risk_parity,regime_dd_vol_target_25pct_max_1p25,0.25,1.25,2026,11,0.27018651702822893,0.9153752355186642,1.713964864082201,-0.1506841237097145,1.7930655889716016,0.01119778228456284,0.027895204049558718,0.04338840353177768,0.7285438274623645,18.359304452051585,0.014716598754264712,0.0007285438274623645,0.0,0.517739930122773,0.5,0.5682645968889788,0.0,1.0,0.45454545454545453,15,120,0.30827151819449666,13.097088620289727,0.1227706410447559,0.26341339240545303,0.7448207383549872,0.41488293416358013,0.0
20,10,shrinkage_risk_parity,vol_target_30pct_max_1p25,0.3,1.25,2021,26,0.03763124955538766,0.27687375032057354,0.4141113935828727,-0.2699693578687399,0.13939081773007778,0.00401032088135018,-0.04151941140090673,-0.054243463635006,0.7217495995769976,18.188089909340338,0.002069005032576975,0.0007217495995769977,0.0,0.7232882117290281,0.5128232127484265,1.0,0.0,0.7692307692307693,0.46153846153846156,15,120,0.3650042161563306,13.917005225370664,0.10263598623808311,0.1383374312357487,0.5634802931968254,0.3471188996442723,0.5
20,10,shrinkage_risk_parity,vol_target_30pct_max_1p25,0.3,1.25,2022,26,-0.2877693102999205,-0.7576236764669196,-1.615608954383172,-0.2662351301612921,-1.0808840671236077,-0.010905695730713122,-0.08470086902554524,-0.08391591623005151,0.5984544101656221,15.081051136173675,-0.019081515452836834,0.0005984544101656221,0.0,0.5467669738831041,0.5,0.6664090163628583,0.0,1.0,0.34615384615384615,15,120,0.36274411815583013,13.813099162379368,0.11237281428813878,0.41350500162266424,0.7473444806668595,0.6016238445332198,0.34615384615384615
20,10,shrinkage_risk_parity,vol_target_30pct_max_1p25,0.3,1.25,2023,25,0.8303231231939014,1.9113968937893517,5.889264759927506,-0.1601288903454089,5.185342391387576,0.02645241275550001,0.06177551873293561,0.057163221451042814,0.5118872034503159,12.89955752694796,0.0643683414302627,0.000511887203450316,0.0,0.5008847414942178,0.5,0.5221185373554457,0.0,1.0,0.64,15,120,0.3487505936650664,13.538020723114208,0.11286049117153686,0.1703856898108046,0.5138656750477408,0.4865471792913862,0.0
20,10,shrinkage_risk_parity,vol_target_30pct_max_1p25,0.3,1.25,2024,26,0.5375213230020714,1.5747996392009833,2.288418488223033,-0.13094443657556498,4.104957316700358,0.018951624180346398,-0.017673314871082705,-0.00026514577724847207,0.7150757837917119,18.01990975155114,0.029829301612112794,0.0007150757837917119,0.0,0.6004131358610942,0.5,0.7191957898342691,0.0,1.0,0.6153846153846154,15,120,0.3032645661431842,13.50020991416673,0.11537896790248407,0.18748312156890984,0.5929044740626045,0.38665089216582366,0.19230769230769232
20,10,shrinkage_risk_parity,vol_target_30pct_max_1p25,0.3,1.25,2025,25,1.1292591705132393,2.591628899072334,4.052577934331349,-0.13451858473273415,8.394818996623313,0.032269777348773176,0.09019189801549282,0.10917532406885332,0.8153682989973234,20.54728113473255,0.05495905580443785,0.0008153682989973234,0.0,0.6221455690726897,0.5638812036207554,0.7115672565398198,0.0,1.0,0.72,15,120,0.31377887068637256,13.404870288217436,0.12192589125621638,0.24473330721655226,0.6083165189807411,0.4884620594783079,0.0
20,10,shrinkage_risk_parity,vol_target_30pct_max_1p25,0.3,1.25,2026,11,0.28917343435616316,0.8591169185562832,1.5800684874421567,-0.17909726988451624,1.6146166524069583,0.012449301134556522,0.027895204049558718,0.04338840353177768,0.8440798323074593,21.270811774147973,0.01359484712791345,0.0008440798323074594,0.0,0.5965931677194951,0.5270340914310435,0.6819175162667745,0.0,1.0,0.45454545454545453,15,120,0.36516844426486694,13.097088620289727,0.1227706410447559,0.26341339240545303,0.7448207383549872,0.41488293416358013,0.0
20,10,shrinkage_risk_parity,regime_dd_vol_target_30pct_max_1p25,0.3,1.25,2021,26,-0.045916116383442285,-0.0010435476651696038,-0.0014011089657753966,-0.2461411569835359,-0.18654383909682185,-1.2757842775801596e-05,-0.04151941140090673,-0.054243463635006,0.6334492115845675,15.9629201319311,-0.0028764233613870513,0.0006334492115845676,0.0,0.6390833364376605,0.5,1.0,0.0,0.9615384615384616,0.46153846153846156,15,120,0.3080814117848163,13.917005225370664,0.10263598623808311,0.1383374312357487,0.5634802931968254,0.3471188996442723,0.5
20,10,shrinkage_risk_parity,regime_dd_vol_target_30pct_max_1p25,0.3,1.25,2022,26,-0.2513158709214659,-0.7374328661336632,-1.7320540315834159,-0.256173565665192,-0.9810374863186512,-0.0094666518313713,-0.08470086902554524,-0.08391591623005151,0.5448823520010551,13.731035270426586,-0.018302762025725842,0.0005448823520010549,0.0,0.5,0.5,0.5,0.0,1.0,0.34615384615384615,15,120,0.3235001274099935,13.813099162379368,0.11237281428813878,0.41350500162266424,0.7473444806668595,0.6016238445332198,0.34615384615384615
20,10,shrinkage_risk_parity,regime_dd_vol_target_30pct_max_1p25,0.3,1.25,2023,25,0.815672518280796,1.9156156990193611,5.802256946304546,-0.160128890345409,5.0938498138676565,0.02606160563564207,0.06177551873293561,0.057163221451042814,0.5113784518262965,12.88673698602267,0.063295504452795,0.0005113784518262966,0.0,0.5,0.5,0.5,0.0,1.0,0.64,15,120,0.3428414490204814,13.538020723114208,0.11286049117153686,0.1703856898108046,0.5138656750477408,0.4865471792913862,0.0
20,10,shrinkage_risk_parity,regime_dd_vol_target_30pct_max_1p25,0.3,1.25,2024,26,0.534171902488173,1.5795423740069214,2.3070211171206876,-0.12854316996111026,4.155583705067976,0.018830489220677336,-0.017673314871082705,-0.00026514577724847207,0.7118115174881225,17.937650240700687,0.029779368831494565,0.0007118115174881226,0.0,0.5977305949011942,0.5,0.7191957898342691,0.0,1.0,0.6153846153846154,15,120,0.30042139810235285,13.50020991416673,0.11537896790248407,0.18748312156890984,0.5929044740626045,0.38665089216582366,0.19230769230769232
20,10,shrinkage_risk_parity,regime_dd_vol_target_30pct_max_1p25,0.3,1.25,2025,25,1.0824845081071608,2.587959540794725,3.926394988402421,-0.13451858473273415,8.047100036458723,0.03126501059627133,0.09019189801549282,0.10917532406885332,0.8076484418638359,20.352740734968663,0.0531861788150876,0.0008076484418638361,0.0,0.6165290850278784,0.5638812036207554,0.65,0.0,1.0,0.72,15,120,0.3044399476137449,13.404870288217436,0.12192589125621638,0.24473330721655226,0.6083165189807411,0.4884620594783079,0.0
20,10,shrinkage_risk_parity,regime_dd_vol_target_30pct_max_1p25,0.3,1.25,2026,11,0.3034068273293773,0.8940673293241104,1.6835018361638978,-0.1751532815256378,1.7322360431195607,0.012845864830475652,0.027895204049558718,0.04338840353177768,0.8382766475316822,21.12457151779839,0.014362744686856421,0.000838276647531682,0.0,0.5936915753316065,0.5270340914310435,0.65,0.0,1.0,0.45454545454545453,15,120,0.36207093482848374,13.097088620289727,0.1227706410447559,0.26341339240545303,0.7448207383549872,0.41488293416358013,0.0
20,10,shrinkage_risk_parity,vol_target_35pct_max_1p25,0.35,1.25,2021,26,4.355207794137783e-05,0.19527872223969733,0.2782245703693394,-0.30981761484903314,0.0001405732787743516,0.0031018919653653314,-0.04151941140090673,-0.054243463635006,0.7956547017188444,20.05049848331488,2.1721194601530684e-06,0.0007956547017188447,0.0,0.8053747085556611,0.5982937482064976,1.0,0.0,0.7692307692307693,0.46153846153846156,15,120,0.40028773555399677,13.917005225370664,0.10263598623808311,0.1383374312357487,0.5634802931968254,0.3471188996442723,0.5
20,10,shrinkage_risk_parity,vol_target_35pct_max_1p25,0.35,1.25,2022,26,-0.3269464670388196,-0.7367006635225896,-1.5694393310873873,-0.29826503249910097,-1.0961609019314225,-0.012281931180839221,-0.08470086902554524,-0.08391591623005151,0.6855575301956883,17.276049760931347,-0.01892483939113139,0.0006855575301956885,0.0,0.627415452440453,0.532388005178016,0.777477185756668,0.0,1.0,0.34615384615384615,15,120,0.4201226917283182,13.813099162379368,0.11237281428813878,0.41350500162266424,0.7473444806668595,0.6016238445332198,0.34615384615384615
20,10,shrinkage_risk_parity,vol_target_35pct_max_1p25,0.35,1.25,2023,25,0.9017129734052851,1.887374316353677,5.931103559958247,-0.160128890345409,5.631169812394431,0.028358990363932062,0.06177551873293561,0.057163221451042814,0.5300690585419473,13.357740275257072,0.06750490388524429,0.0005300690585419473,0.0,0.5168160099949917,0.5,0.6091382935813533,0.0,1.0,0.64,15,120,0.3786459055730679,13.538020723114208,0.11286049117153686,0.1703856898108046,0.5138656750477408,0.4865471792913862,0.0
20,10,shrinkage_risk_parity,vol_target_35pct_max_1p25,0.35,1.25,2024,26,0.6399006519592674,1.5933370407672611,2.3444519256991185,-0.15276850933815922,4.188694742990662,0.022125700488462078,-0.017673314871082705,-0.00026514577724847207,0.8111244311953065,20.440335666121722,0.031305780022969645,0.0008111244311953065,0.0,0.6845349163319844,0.5,0.8390617548066472,0.0,1.0,0.6153846153846154,15,120,0.3499370428498614,13.50020991416673,0.11537896790248407,0.18748312156890984,0.5929044740626045,0.38665089216582366,0.19230769230769232
20,10,shrinkage_risk_parity,vol_target_35pct_max_1p25,0.35,1.25,2025,25,1.389629104450714,2.591628899072334,4.052577934331349,-0.15670506884219515,8.867799329772133,0.037648073573568704,0.09019189801549282,0.10917532406885332,0.9512630154968774,23.97182799052131,0.057969258956813256,0.0009512630154968775,0.0,0.7258364972514713,0.6578614042242147,0.8301617992964564,0.0,1.0,0.72,15,120,0.36607534913410134,13.404870288217436,0.12192589125621638,0.24473330721655226,0.6083165189807411,0.4884620594783079,0.0
20,10,shrinkage_risk_parity,vol_target_35pct_max_1p25,0.35,1.25,2026,11,0.33008624519337104,0.8591169185562831,1.5800684874421567,-0.20694623833168424,1.5950338013118337,0.01452418465698261,0.027895204049558718,0.04338840353177768,0.9847598043587026,24.815947069839304,0.013301376097571944,0.0009847598043587025,0.0,0.696025362339411,0.6148731066695508,0.7955704356445703,0.0,1.0,0.45454545454545453,15,120,0.42602985164234486,13.097088620289727,0.1227706410447559,0.26341339240545303,0.7448207383549872,0.41488293416358013,0.0
20,10,shrinkage_risk_parity,regime_dd_vol_target_35pct_max_1p25,0.35,1.25,2021,26,-0.06326164995248951,-0.045259141892192406,-0.058616486985438185,-0.246141156983536,-0.25701370192519646,-0.0005749328839903497,-0.04151941140090673,-0.054243463635006,0.660544857771506,16.64573041584195,-0.0038004730565792777,0.0006605448577715061,0.0,0.6673282835481253,0.5,1.0,0.0,0.9615384615384616,0.46153846153846156,15,120,0.3201189432859347,13.917005225370664,0.10263598623808311,0.1383374312357487,0.5634802931968254,0.3471188996442723,0.5
20,10,shrinkage_risk_parity,regime_dd_vol_target_35pct_max_1p25,0.35,1.25,2022,26,-0.2513158709214659,-0.7374328661336632,-1.7320540315834159,-0.256173565665192,-0.9810374863186512,-0.0094666518313713,-0.08470086902554524,-0.08391591623005151,0.5448823520010551,13.731035270426586,-0.018302762025725842,0.0005448823520010549,0.0,0.5,0.5,0.5,0.0,1.0,0.34615384615384615,15,120,0.3235001274099935,13.813099162379368,0.11237281428813878,0.41350500162266424,0.7473444806668595,0.6016238445332198,0.34615384615384615
20,10,shrinkage_risk_parity,regime_dd_vol_target_35pct_max_1p25,0.35,1.25,2023,25,0.815672518280796,1.9156156990193611,5.802256946304546,-0.160128890345409,5.0938498138676565,0.02606160563564207,0.06177551873293561,0.057163221451042814,0.5113784518262965,12.88673698602267,0.063295504452795,0.0005113784518262966,0.0,0.5,0.5,0.5,0.0,1.0,0.64,15,120,0.3428414490204814,13.538020723114208,0.11286049117153686,0.1703856898108046,0.5138656750477408,0.4865471792913862,0.0
20,10,shrinkage_risk_parity,regime_dd_vol_target_35pct_max_1p25,0.35,1.25,2024,26,0.6237739696062419,1.6635686534918714,2.588985247997141,-0.12854316996111037,4.85264187739387,0.021381426247042604,-0.017673314871082705,-0.00026514577724847207,0.7729514327581273,19.478376105504807,0.03202392058904522,0.0007729514327581272,0.0,0.650473105760261,0.5,0.8390617548066472,0.0,1.0,0.6153846153846154,15,120,0.32388921268412585,13.50020991416673,0.11537896790248407,0.18748312156890984,0.5929044740626045,0.38665089216582366,0.19230769230769232
20,10,shrinkage_risk_parity,regime_dd_vol_target_35pct_max_1p25,0.35,1.25,2025,25,1.1840335554774262,2.640082899003198,4.075386984166301,-0.13936721188257928,8.495782756097661,0.0333752179915947,0.09019189801549282,0.10917532406885332,0.8746079919995294,22.04012139838814,0.053721734743440115,0.0008746079919995296,0.0,0.6637253579007298,0.65,0.7298606873060793,0.0,1.0,0.72,15,120,0.3185716227720498,13.404870288217436,0.12192589125621638,0.24473330721655226,0.6083165189807411,0.4884620594783079,0.0
20,10,shrinkage_risk_parity,regime_dd_vol_target_35pct_max_1p25,0.35,1.25,2026,11,0.36728023797047715,0.9914842344723804,1.9664275920989074,-0.17722839290155623,2.072355517969898,0.015001222249273688,0.027895204049558718,0.04338840353177768,0.897679450647169,22.621522156308657,0.01623587641152833,0.0008976794506471687,0.0,0.6393712783493473,0.6148731066695508,0.65,0.0,1.0,0.45454545454545453,15,120,0.38127767193682766,13.097088620289727,0.1227706410447559,0.26341339240545303,0.7448207383549872,0.41488293416358013,0.0
20,10,shrinkage_max_diversification,static_1x,,1.0,2021,26,0.06659822289467376,0.3631386422438168,0.5634516995778281,-0.3578091872788701,0.18612776100343195,0.006589711946737271,-0.04151941140090673,-0.054243463635006,1.0686543985297574,26.930090842949888,0.0024730040192979417,0.0010686543985297574,0.0,1.0,1.0,1.0,0.0,0.0,0.5,15,120,0.4572929502398798,12.344190575300818,0.12089108623013098,0.1383374312357487,0.5634802931968254,0.3236716300023007,0.5
20,10,shrinkage_max_diversification,static_1x,,1.0,2022,26,-0.5718912405423588,-1.0746771405135191,-2.3504148667007216,-0.5413806769963183,-1.0563569496335163,-0.02612026475569619,-0.08470086902554524,-0.08391591623005151,1.2272745588644491,30.927318883384117,-0.01849145872290956,0.0012272745588644486,0.0,1.0,1.0,1.0,0.0,0.0,0.3076923076923077,15,120,0.6124915540019935,10.022419624391222,0.14764878830531813,0.41350500162266424,0.7473444806668595,0.564479954552644,0.34615384615384615
20,10,shrinkage_max_diversification,static_1x,,1.0,2023,25,1.3843317804283428,1.620796204319738,4.205307847665376,-0.2712432301066706,5.103654678805929,0.042528936642593544,0.06177551873293561,0.057163221451042814,1.1669134289650813,29.406218409920047,0.047076157876911676,0.0011669134289650814,0.0,1.0,1.0,1.0,0.0,0.0,0.64,15,120,0.6612362495278493,10.385129321302212,0.15088264547227875,0.1703856898108046,0.5138656750477408,0.4629589904223285,0.0
20,10,shrinkage_max_diversification,static_1x,,1.0,2024,26,0.7186207726706166,1.42070484872849,2.2215632483836756,-0.1953428216463674,3.6787672391235784,0.025602856077954525,-0.017673314871082705,-0.00026514577724847207,1.2925938954889054,32.57336616632041,0.022061606068016465,0.0012925938954889053,0.0,1.0,1.0,1.0,0.0,0.0,0.6538461538461539,15,120,0.4541351243658326,10.694409043437464,0.14941529976099102,0.18748312156890984,0.5929044740626045,0.36847412646952726,0.19230769230769232
20,10,shrinkage_max_diversification,static_1x,,1.0,2025,25,2.71537113774533,2.9101372489779367,5.260909373496535,-0.21108618060562578,12.863803447268214,0.05796707315499841,0.09019189801549282,0.10917532406885332,1.4584763051406893,36.75360288954537,0.07388040693332197,0.0014584763051406894,0.0,1.0,1.0,1.0,0.0,0.0,0.76,15,120,0.5019592268436803,9.238833653455583,0.17198189837632555,0.24473330721655226,0.6083165189807411,0.4560098793508277,0.0
20,10,shrinkage_max_diversification,static_1x,,1.0,2026,11,0.6074530851840387,1.1377047088868955,2.98748989887881,-0.1739326266915483,3.49246197644847,0.023455519060161797,0.027895204049558718,0.04338840353177768,1.5541942164210092,39.16569425380943,0.015509825543944115,0.0015541942164210088,0.0,1.0,1.0,1.0,0.0,0.0,0.5454545454545454,15,120,0.5195364629319111,8.258845410959037,0.1770454072733704,0.26341339240545303,0.7448207383549872,0.37078250554025105,0.0
20,10,shrinkage_max_diversification,legacy_risk_scaled,,1.0,2021,26,-0.08863815323113067,-0.21474199384001602,-0.24196364741606852,-0.23396628795046226,-0.37885010702865896,-0.0022641336860394026,-0.04151941140090673,-0.054243463635006,0.5873181014562743,14.80041615669811,-0.0059888960075637045,0.0005873181014562742,0.0,0.5346153846153846,0.45,1.0,0.0,0.8461538461538461,0.5,15,120,0.2656963729725827,12.344190575300818,0.12089108623013098,0.1383374312357487,0.5634802931968254,0.3236716300023007,0.5
20,10,shrinkage_max_diversification,legacy_risk_scaled,,1.0,2022,26,-0.2842329187767886,-1.0746771405135196,-2.3504148667007225,-0.26976758129677303,-1.05362148190854,-0.01175411914006329,-0.08470086902554524,-0.08391591623005151,0.5522735514890021,13.917293497522854,-0.02042300241978653,0.0005522735514890021,0.0,0.44999999999999996,0.45,0.45,0.0,1.0,0.3076923076923077,15,120,0.275621199300897,10.022419624391222,0.14764878830531813,0.41350500162266424,0.7473444806668595,0.564479954552644,0.34615384615384615
20,10,shrinkage_max_diversification,legacy_risk_scaled,,1.0,2023,25,0.7171150457365494,1.8392845582051567,5.176075786852164,-0.1289604480172194,5.560736309172847,0.023555909157358935,0.06177551873293561,0.057163221451042814,0.5584967082571101,14.074117048079174,0.050952755564472214,0.0005584967082571101,0.0,0.486,0.45,0.75,0.0,1.0,0.64,15,120,0.3227390281277146,10.385129321302212,0.15088264547227875,0.1703856898108046,0.5138656750477408,0.4629589904223285,0.0
20,10,shrinkage_max_diversification,legacy_risk_scaled,,1.0,2024,26,0.49359465933920177,1.5469645547687403,2.7913321260085295,-0.08790426974086529,5.615138613792926,0.017556415201228914,-0.017673314871082705,-0.00026514577724847207,0.8574780548980314,21.60844698343039,0.022842671651400765,0.0008574780548980314,0.0,0.6423076923076922,0.45,1.0,0.0,0.6923076923076923,0.6538461538461539,15,120,0.2859934067054998,10.694409043437464,0.14941529976099102,0.18748312156890984,0.5929044740626045,0.36847412646952726,0.19230769230769232
20,10,shrinkage_max_diversification,legacy_risk_scaled,,1.0,2025,25,1.4549429970381715,3.1683608136783876,7.588988187898392,-0.0976527995811809,14.89914271048262,0.03789925688046936,0.09019189801549282,0.10917532406885332,0.9110593879513835,22.958696576374866,0.06337219502849949,0.0009110593879513835,0.0,0.594,0.45,1.0,0.0,0.76,0.76,15,120,0.3014370299192741,9.238833653455583,0.17198189837632555,0.24473330721655226,0.6083165189807411,0.4560098793508277,0.0
20,10,shrinkage_max_diversification,legacy_risk_scaled,,1.0,2026,11,0.2726156676396676,1.1377047088868952,2.9874898988788097,-0.08020566019933129,3.3989579658361886,0.010554983577072805,0.027895204049558718,0.04338840353177768,0.699387397389454,17.62456241421424,0.015467939641996593,0.000699387397389454,0.0,0.45,0.45,0.45,0.0,1.0,0.5454545454545454,15,120,0.23379140831935996,8.258845410959037,0.1770454072733704,0.26341339240545303,0.7448207383549872,0.37078250554025105,0.0
20,10,shrinkage_max_diversification,vol_target_25pct_max_1p25,0.25,1.25,2021,26,0.1167448456416984,0.4917819247755981,0.8341017578042315,-0.23347380644186155,0.5000340184660912,0.006420139341226306,-0.04151941140090673,-0.054243463635006,0.7281275194139499,18.34881348923154,0.006362528329704427,0.0007281275194139501,0.0,0.66017017520439,0.5,1.0,0.0,0.7692307692307693,0.5,15,120,0.32898222412856504,12.344190575300818,0.12089108623013098,0.1383374312357487,0.5634802931968254,0.3236716300023007,0.5
20,10,shrinkage_max_diversification,vol_target_25pct_max_1p25,0.25,1.25,2022,26,-0.3222525876260791,-1.0726633562390244,-2.246276038924838,-0.29538889699872395,-1.0909434677481165,-0.013439291563192528,-0.08470086902554524,-0.08391591623005151,0.6267308162902065,15.793616570513205,-0.020403976897079228,0.0006267308162902065,0.0,0.5084636638740695,0.5,0.5595374347544991,0.0,1.0,0.3076923076923077,15,120,0.3157282715239738,10.022419624391222,0.14764878830531813,0.41350500162266424,0.7473444806668595,0.564479954552644,0.34615384615384615
20,10,shrinkage_max_diversification,vol_target_25pct_max_1p25,0.25,1.25,2023,25,0.6192249719956535,1.620796204319738,4.205307847665376,-0.1424793153468492,4.346069255654569,0.021264468321296772,0.06177551873293561,0.057163221451042814,0.5834567144825407,14.703109204960024,0.042115239937601835,0.0005834567144825407,0.0,0.5,0.5,0.5,0.0,1.0,0.64,15,120,0.33061812476392466,10.385129321302212,0.15088264547227875,0.1703856898108046,0.5138656750477408,0.4629589904223285,0.0
20,10,shrinkage_max_diversification,vol_target_25pct_max_1p25,0.25,1.25,2024,26,0.40926038350264937,1.4190494697932927,2.300575878749848,-0.11333978181344229,3.6109155757533884,0.01504161686358893,-0.017673314871082705,-0.00026514577724847207,0.7092486846640299,17.873066853533555,0.022898162182039702,0.00070924868466403,0.0,0.5530143607661804,0.5,0.6617506975110182,0.0,1.0,0.6538461538461539,15,120,0.26711453901438376,10.694409043437464,0.14941529976099102,0.18748312156890984,0.5929044740626045,0.36847412646952726,0.19230769230769232
20,10,shrinkage_max_diversification,vol_target_25pct_max_1p25,0.25,1.25,2025,25,1.1620129505267642,2.923719730146454,5.509621623181886,-0.11413405985366287,10.181123426404358,0.032498097721022995,0.09019189801549282,0.10917532406885332,0.7863472682979886,19.815951161109314,0.05864028131071119,0.0007863472682979887,0.0,0.5394818424895953,0.5,0.6117892954713332,0.0,1.0,0.76,15,120,0.28010621337112807,9.238833653455583,0.17198189837632555,0.24473330721655226,0.6083165189807411,0.4560098793508277,0.0
20,10,shrinkage_max_diversification,vol_target_25pct_max_1p25,0.25,1.25,2026,11,0.29502487177148806,1.08362267849125,2.746562245174488,-0.09498454290447744,3.1060303366220756,0.011549257042494458,0.027895204049558718,0.04338840353177768,0.7974211491247538,20.095012957943794,0.01468149696588582,0.0007974211491247539,0.0,0.5119982714310252,0.5,0.5373143648255064,0.0,1.0,0.5454545454545454,15,120,0.2685817519766964,8.258845410959037,0.1770454072733704,0.26341339240545303,0.7448207383549872,0.37078250554025105,0.0
20,10,shrinkage_max_diversification,regime_dd_vol_target_25pct_max_1p25,0.25,1.25,2021,26,0.010123609457277638,0.17226848923994625,0.2508536120756912,-0.2313054594373224,0.043767274157317786,0.001922855408133513,-0.04151941140090673,-0.054243463635006,0.6461030090227298,16.28179582737279,0.0006217747455264074,0.0006461030090227298,0.0,0.5923097005761758,0.5,1.0,0.0,0.9615384615384616,0.5,15,120,0.28128160001143365,12.344190575300818,0.12089108623013098,0.1383374312357487,0.5634802931968254,0.3236716300023007,0.5
20,10,shrinkage_max_diversification,regime_dd_vol_target_25pct_max_1p25,0.25,1.25,2022,26,-0.31359299067407853,-1.0746771405135191,-2.3504148667007216,-0.2974233950065742,-1.0543655809831196,-0.013060132377848095,-0.08470086902554524,-0.08391591623005151,0.6136372794322246,15.463659441692059,-0.02027935184789382,0.0006136372794322243,0.0,0.5,0.5,0.5,0.0,1.0,0.3076923076923077,15,120,0.30624577700099676,10.022419624391222,0.14764878830531813,0.41350500162266424,0.7473444806668595,0.564479954552644,0.34615384615384615
20,10,shrinkage_max_diversification,regime_dd_vol_target_25pct_max_1p25,0.25,1.25,2023,25,0.6192249719956535,1.620796204319738,4.205307847665376,-0.1424793153468492,4.346069255654569,0.021264468321296772,0.06177551873293561,0.057163221451042814,0.5834567144825407,14.703109204960024,0.042115239937601835,0.0005834567144825407,0.0,0.5,0.5,0.5,0.0,1.0,0.64,15,120,0.33061812476392466,10.385129321302212,0.15088264547227875,0.1703856898108046,0.5138656750477408,0.4629589904223285,0.0
20,10,shrinkage_max_diversification,regime_dd_vol_target_25pct_max_1p25,0.25,1.25,2024,26,0.4053257423111767,1.4151273435203602,2.279816762705878,-0.113337338415749,3.576277226701257,0.01491540114409301,-0.017673314871082705,-0.00026514577724847207,0.7076669849744656,17.833208021356533,0.022728706008799445,0.0007076669849744655,0.0,0.5515900569628719,0.5,0.65,0.0,1.0,0.6538461538461539,15,120,0.2656072688809126,10.694409043437464,0.14941529976099102,0.18748312156890984,0.5929044740626045,0.36847412646952726,0.19230769230769232
20,10,shrinkage_max_diversification,regime_dd_vol_target_25pct_max_1p25,0.25,1.25,2025,25,1.1620129505267642,2.923719730146454,5.509621623181886,-0.11413405985366287,10.181123426404358,0.032498097721022995,0.09019189801549282,0.10917532406885332,0.7863472682979886,19.815951161109314,0.05864028131071119,0.0007863472682979887,0.0,0.5394818424895953,0.5,0.6117892954713332,0.0,1.0,0.76,15,120,0.28010621337112807,9.238833653455583,0.17198189837632555,0.24473330721655226,0.6083165189807411,0.4560098793508277,0.0
20,10,shrinkage_max_diversification,regime_dd_vol_target_25pct_max_1p25,0.25,1.25,2026,11,0.29502487177148806,1.08362267849125,2.746562245174488,-0.09498454290447744,3.1060303366220756,0.011549257042494458,0.027895204049558718,0.04338840353177768,0.7974211491247538,20.095012957943794,0.01468149696588582,0.0007974211491247539,0.0,0.5119982714310252,0.5,0.5373143648255064,0.0,1.0,0.5454545454545454,15,120,0.2685817519766964,8.258845410959037,0.1770454072733704,0.26341339240545303,0.7448207383549872,0.37078250554025105,0.0
20,10,shrinkage_max_diversification,vol_target_30pct_max_1p25,0.3,1.25,2021,26,0.07679143857297421,0.37798830827019436,0.6012522208242235,-0.2753227401106576,0.27891426092196464,0.005405554329894723,-0.04151941140090673,-0.054243463635006,0.8074962708822564,20.34890602623286,0.0037737379333305818,0.0008074962708822564,0.0,0.741851175177321,0.5450506208204619,1.0,0.0,0.7692307692307693,0.5,15,120,0.3603814354384052,12.344190575300818,0.12089108623013098,0.1383374312357487,0.5634802931968254,0.3236716300023007,0.5
20,10,shrinkage_max_diversification,vol_target_30pct_max_1p25,0.3,1.25,2022,26,-0.3518462746075218,-1.03850120944253,-2.113198596206315,-0.3065406378101575,-1.1477965111608543,-0.01467032116482675,-0.08470086902554524,-0.08391591623005151,0.6948245369800389,17.50957833189698,-0.020094503016475723,0.0006948245369800388,0.0,0.5635045952522096,0.5,0.6714449217053989,0.0,1.0,0.3076923076923077,15,120,0.3559861943271936,10.022419624391222,0.14764878830531813,0.41350500162266424,0.7473444806668595,0.564479954552644,0.34615384615384615
20,10,shrinkage_max_diversification,vol_target_30pct_max_1p25,0.3,1.25,2023,25,0.6527708309791211,1.6140819715900536,4.405023096385366,-0.1424793153468491,4.581512968321244,0.022274344110067817,0.06177551873293561,0.057163221451042814,0.5848239617476492,14.737563836040758,0.04429299429955771,0.0005848239617476491,0.0,0.5022079513439341,0.5,0.5551987835983548,0.0,1.0,0.64,15,120,0.3477602014355886,10.385129321302212,0.15088264547227875,0.1703856898108046,0.5138656750477408,0.4629589904223285,0.0
20,10,shrinkage_max_diversification,vol_target_30pct_max_1p25,0.3,1.25,2024,26,0.5007755303198342,1.4438283505664498,2.3362051642007122,-0.13600773817613088,3.6819635193942184,0.01809938107855272,-0.017673314871082705,-0.00026514577724847207,0.8192569583851732,20.645275351306363,0.024256180738618575,0.0008192569583851732,0.0,0.6428441510936043,0.5,0.7941008370132218,0.0,1.0,0.6538461538461539,15,120,0.31589932626034634,10.694409043437464,0.14941529976099102,0.18748312156890984,0.5929044740626045,0.36847412646952726,0.19230769230769232
20,10,shrinkage_max_diversification,vol_target_30pct_max_1p25,0.3,1.25,2025,25,1.4920927375034587,2.9207316602828377,5.498566164944648,-0.13638649011315396,10.9401798980642,0.03893778350650383,0.09019189801549282,0.10917532406885332,0.9415983715604428,23.72827896332316,0.0628824677849493,0.0009415983715604429,0.0,0.6461247279243678,0.5907236901547728,0.7341471545655998,0.0,1.0,0.76,15,120,0.3359542260273496,9.238833653455583,0.17198189837632555,0.24473330721655226,0.6083165189807411,0.4560098793508277,0.0
20,10,shrinkage_max_diversification,vol_target_30pct_max_1p25,0.3,1.25,2026,11,0.3289772502815502,1.0354325155911452,2.542286389459292,-0.11343518991354207,2.90013399309588,0.013067205248705388,0.027895204049558718,0.04338840353177768,0.9235762286369787,23.274120961651864,0.014134894753859753,0.0009235762286369787,0.0,0.5918829901343237,0.5336727113521467,0.6447772377906077,0.0,1.0,0.5454545454545454,15,120,0.31802514148338945,8.258845410959037,0.1770454072733704,0.26341339240545303,0.7448207383549872,0.37078250554025105,0.0
20,10,shrinkage_max_diversification,regime_dd_vol_target_30pct_max_1p25,0.3,1.25,2021,26,0.0012803105219070243,0.15136682604311588,0.22086388884840494,-0.24466889100742306,0.005232829219257714,0.0018172258631944382,-0.04151941140090673,-0.054243463635006,0.7041353942683073,17.744211935561342,7.215369871350228e-05,0.0007041353942683073,0.0,0.6512164607723452,0.5450506208204619,1.0,0.0,0.9615384615384616,0.5,15,120,0.302537173762603,12.344190575300818,0.12089108623013098,0.1383374312357487,0.5634802931968254,0.3236716300023007,0.5
20,10,shrinkage_max_diversification,regime_dd_vol_target_30pct_max_1p25,0.3,1.25,2022,26,-0.31359299067407853,-1.0746771405135191,-2.3504148667007216,-0.2974233950065742,-1.0543655809831196,-0.013060132377848095,-0.08470086902554524,-0.08391591623005151,0.6136372794322246,15.463659441692059,-0.02027935184789382,0.0006136372794322243,0.0,0.5,0.5,0.5,0.0,1.0,0.3076923076923077,15,120,0.30624577700099676,10.022419624391222,0.14764878830531813,0.41350500162266424,0.7473444806668595,0.564479954552644,0.34615384615384615
20,10,shrinkage_max_diversification,regime_dd_vol_target_30pct_max_1p25,0.3,1.25,2023,25,0.6192249719956535,1.620796204319738,4.205307847665376,-0.1424793153468492,4.346069255654569,0.021264468321296772,0.06177551873293561,0.057163221451042814,0.5834567144825407,14.703109204960024,0.042115239937601835,0.0005834567144825407,0.0,0.5,0.5,0.5,0.0,1.0,0.64,15,120,0.33061812476392466,10.385129321302212,0.15088264547227875,0.1703856898108046,0.5138656750477408,0.4629589904223285,0.0
20,10,shrinkage_max_diversification,regime_dd_vol_target_30pct_max_1p25,0.3,1.25,2024,26,0.4125101906473554,1.3719160838303177,2.097786788676433,-0.12697283407013882,3.248806673240734,0.0152834001376673,-0.017673314871082705,-0.00026514577724847207,0.7726988636977102,19.472011365182297,0.021184775568946133,0.0007726988636977104,0.0,0.5962480855140033,0.5,0.672667356249343,0.0,1.0,0.6538461538461539,15,120,0.28073268329497286,10.694409043437464,0.14941529976099102,0.18748312156890984,0.5929044740626045,0.36847412646952726,0.19230769230769232
20,10,shrinkage_max_diversification,regime_dd_vol_target_30pct_max_1p25,0.3,1.25,2025,25,1.3958663321432394,2.91012018095766,5.24826638148735,-0.13638649011315396,10.234637836820566,0.037165299828464254,0.09019189801549282,0.10917532406885332,0.9209531991111624,23.208020617601292,0.06014585884522158,0.0009209531991111624,0.0,0.6315203352036939,0.5907236901547728,0.6904937551538035,0.0,1.0,0.76,15,120,0.32183054219056173,9.238833653455583,0.17198189837632555,0.24473330721655226,0.6083165189807411,0.4560098793508277,0.0
20,10,shrinkage_max_diversification,regime_dd_vol_target_30pct_max_1p25,0.3,1.25,2026,11,0.3289772502815502,1.0354325155911452,2.542286389459292,-0.11343518991354207,2.90013399309588,0.013067205248705388,0.027895204049558718,0.04338840353177768,0.9235762286369787,23.274120961651864,0.014134894753859753,0.0009235762286369787,0.0,0.5918829901343237,0.5336727113521467,0.6447772377906077,0.0,1.0,0.5454545454545454,15,120,0.31802514148338945,8.258845410959037,0.1770454072733704,0.26341339240545303,0.7448207383549872,0.37078250554025105,0.0
20,10,shrinkage_max_diversification,vol_target_35pct_max_1p25,0.35,1.25,2021,26,0.04286181699429714,0.297589972625708,0.4504430217469105,-0.31563494031421846,0.13579553946602893,0.004667015863749814,-0.04151941140090673,-0.054243463635006,0.8912719900827845,22.46005415008617,0.0019083576872913595,0.0008912719900827845,0.0,0.827031499245336,0.6358923909572054,1.0,0.0,0.7692307692307693,0.5,15,120,0.3952041754928923,12.344190575300818,0.12089108623013098,0.1383374312357487,0.5634802931968254,0.3236716300023007,0.5
20,10,shrinkage_max_diversification,vol_target_35pct_max_1p25,0.35,1.25,2022,26,-0.39869918100536805,-1.0211595648872462,-2.0796505364799995,-0.3469168594691071,-1.1492643557753415,-0.01676004502836246,-0.08470086902554524,-0.08391591623005151,0.8042786848747715,20.26782285884424,-0.01967153471698063,0.0008042786848747713,0.0,0.651966862157259,0.5470831717091195,0.7833524086562987,0.0,1.0,0.3076923076923077,15,120,0.41360150679425806,10.022419624391222,0.14764878830531813,0.41350500162266424,0.7473444806668595,0.564479954552644,0.34615384615384615
20,10,shrinkage_max_diversification,vol_target_35pct_max_1p25,0.35,1.25,2023,25,0.7268065829534316,1.5980008072383138,4.377720519487066,-0.15496704923419424,4.690071770386773,0.024505263900409836,0.06177551873293561,0.057163221451042814,0.6128272505544646,15.443246713972508,0.04706306882320558,0.0006128272505544647,0.0,0.5261296752976546,0.5,0.6477319141980806,0.0,1.0,0.64,15,120,0.38644076241585634,10.385129321302212,0.15088264547227875,0.1703856898108046,0.5138656750477408,0.4629589904223285,0.0
20,10,shrinkage_max_diversification,vol_target_35pct_max_1p25,0.35,1.25,2024,26,0.5912114768240448,1.4506770475860165,2.3387600036735385,-0.15867569453881925,3.725910754903977,0.021095481971844444,-0.017673314871082705,-0.00026514577724847207,0.9377751752486966,23.631934416267153,0.025017481278091294,0.0009377751752486965,0.0,0.7379482296605123,0.5145583736605368,0.9264509765154254,0.0,1.0,0.6538461538461539,15,120,0.36645382001121035,10.694409043437464,0.14941529976099102,0.18748312156890984,0.5929044740626045,0.36847412646952726,0.19230769230769232
20,10,shrinkage_max_diversification,vol_target_35pct_max_1p25,0.35,1.25,2025,25,1.866460838845788,2.9207316602828377,5.498566164944648,-0.15844209272163678,11.780081964234904,0.04542741409092113,0.09019189801549282,0.10917532406885332,1.0985314334871834,27.68299212387702,0.06742265541577551,0.0010985314334871835,0.0,0.7538121825784291,0.6891776385139016,0.8565050136598664,0.0,1.0,0.76,15,120,0.3919465970319079,9.238833653455583,0.17198189837632555,0.24473330721655226,0.6083165189807411,0.4560098793508277,0.0
20,10,shrinkage_max_diversification,vol_target_35pct_max_1p25,0.35,1.25,2026,11,0.38225107655518764,1.0354325155911455,2.5422863894592926,-0.13170439797037592,2.902341018567708,0.015245072790156288,0.027895204049558718,0.04338840353177768,1.077505600076475,27.153141121927167,0.014077600629656278,0.0010775056000764751,0.0,0.6905301551567109,0.6226181632441711,0.752240110755709,0.0,1.0,0.5454545454545454,15,120,0.37102933173062097,8.258845410959037,0.1770454072733704,0.26341339240545303,0.7448207383549872,0.37078250554025105,0.0
20,10,shrinkage_max_diversification,regime_dd_vol_target_35pct_max_1p25,0.35,1.25,2021,26,-0.021391629606738682,0.08132208501786953,0.11265027257656597,-0.24466889100742295,-0.08743093377608716,0.0009959715453772106,-0.04151941140090673,-0.054243463635006,0.728123511191694,18.348712482030688,-0.0011658381822532776,0.000728123511191694,0.0,0.6714847885933619,0.5,1.0,0.0,0.9615384615384616,0.5,15,120,0.30863058833268514,12.344190575300818,0.12089108623013098,0.1383374312357487,0.5634802931968254,0.3236716300023007,0.5
20,10,shrinkage_max_diversification,regime_dd_vol_target_35pct_max_1p25,0.35,1.25,2022,26,-0.31359299067407853,-1.0746771405135191,-2.3504148667007216,-0.2974233950065742,-1.0543655809831196,-0.013060132377848095,-0.08470086902554524,-0.08391591623005151,0.6136372794322246,15.463659441692059,-0.02027935184789382,0.0006136372794322243,0.0,0.5,0.5,0.5,0.0,1.0,0.3076923076923077,15,120,0.30624577700099676,10.022419624391222,0.14764878830531813,0.41350500162266424,0.7473444806668595,0.564479954552644,0.34615384615384615
20,10,shrinkage_max_diversification,regime_dd_vol_target_35pct_max_1p25,0.35,1.25,2023,25,0.6192249719956535,1.620796204319738,4.205307847665376,-0.1424793153468492,4.346069255654569,0.021264468321296772,0.06177551873293561,0.057163221451042814,0.5834567144825407,14.703109204960024,0.042115239937601835,0.0005834567144825407,0.0,0.5,0.5,0.5,0.0,1.0,0.64,15,120,0.33061812476392466,10.385129321302212,0.15088264547227875,0.1703856898108046,0.5138656750477408,0.4629589904223285,0.0
20,10,shrinkage_max_diversification,regime_dd_vol_target_35pct_max_1p25,0.35,1.25,2024,26,0.4634798931570694,1.4380839444578366,2.3157014319885447,-0.1269728340701387,3.650228779654135,0.01686327222114531,-0.017673314871082705,-0.00026514577724847207,0.8311617557101005,20.945276243894533,0.02212813465719613,0.0008311617557101006,0.0,0.6399897548601885,0.5,0.7847785822909001,0.0,1.0,0.6538461538461539,15,120,0.2955004550398978,10.694409043437464,0.14941529976099102,0.18748312156890984,0.5929044740626045,0.36847412646952726,0.19230769230769232
20,10,shrinkage_max_diversification,regime_dd_vol_target_35pct_max_1p25,0.35,1.25,2025,25,1.5349401454043763,2.9766976003708723,5.531267904660846,-0.13926909552001432,11.021398104677075,0.039647998062588743,0.09019189801549282,0.10917532406885332,0.9927759424271065,25.017953749163084,0.06135354477005235,0.0009927759424271066,0.0,0.6746267483785532,0.65,0.8055760476794375,0.0,1.0,0.76,15,120,0.3356503364845502,9.238833653455583,0.17198189837632555,0.24473330721655226,0.6083165189807411,0.4560098793508277,0.0
20,10,shrinkage_max_diversification,regime_dd_vol_target_35pct_max_1p25,0.35,1.25,2026,11,0.38609409731135425,1.1212313578237667,2.9122003862628114,-0.11483680559344644,3.3621110872609297,0.014952493446176897,0.027895204049558718,0.04338840353177768,0.9988170973935826,25.17019085431828,0.015339339282169752,0.0009988170973935827,0.0,0.6420981091844028,0.6226181632441711,0.65,0.0,1.0,0.5454545454545454,15,120,0.33606162743700485,8.258845410959037,0.1770454072733704,0.26341339240545303,0.7448207383549872,0.37078250554025105,0.0
