policy,policy_label,policy_kind,period,num_rebalances,annualized_net_return,annualized_volatility,net_sharpe,net_sortino,max_drawdown,calmar,expected_shortfall_95_return,worst_rebalance_return,ending_value_100k,maximum_underwater_days,avg_equity_exposure,avg_sleeve_gross_notional,avg_cash_weight,avg_sleeve_turnover,annualized_sleeve_turnover,avg_sleeve_transaction_cost,avg_short_borrow_cost,turnover_bps,budget_override,sleeve_budget
strategic_gold_10,Strategic 10% gold,strategic_single,overall,139,0.4863676761775477,0.3342251255293145,1.3554572490338652,2.7328079538016055,-0.47163170227153006,1.031244663653958,-0.10051165772886717,-0.20182787194986826,890074.8912816521,860,0.5074640287769785,0.049999999999999996,0.44253597122302163,0.030773381294964028,0.7754892086330935,1.5386690647482016e-05,0.0,5.0,0.05,0.05
strategic_gold_10,Strategic 10% gold,strategic_single,development_2021_2023,77,0.143750537685418,0.3298381533981484,0.5676951392296419,0.9822850737846316,-0.47163170227153006,0.3047940522086814,-0.11550454570127835,-0.20182787194986826,150742.10033059347,860,0.4657467532467533,0.04999999999999998,0.48425324675324666,0.024707792207792206,0.6226363636363635,1.2353896103896104e-05,0.0,5.0,0.05,0.05
strategic_gold_10,Strategic 10% gold,strategic_single,holdout_2024_2026,62,1.0580324930289629,0.33050632765436944,2.3694248936566025,6.099930396366279,-0.11567319775861118,9.146738514455901,-0.07947928818291068,-0.08265882264822434,590462.0469859599,146,0.5592741935483874,0.04999999999999998,0.3907258064516129,0.038306451612903226,0.9653225806451613,1.915322580645161e-05,0.0,5.0,0.05,0.05
strategic_gold_10,Strategic 10% gold,strategic_single,2021,26,-0.17543444233044347,0.299020319267214,-0.48883834649886365,-0.5809302542769897,-0.318296692830184,-0.5511664000355805,-0.1457982758459665,-0.20182787194986826,81953.15404690878,331,0.5078846153846154,0.05000000000000001,0.44211538461538463,0.06221153846153846,1.5677307692307692,3.110576923076923e-05,0.0,5.0,0.05,0.05
strategic_gold_10,Strategic 10% gold,strategic_single,2022,26,-0.17936511725025173,0.27764087909038354,-0.5790709209262446,-0.8958612729524289,-0.2520445836845919,-0.7116404353077028,-0.07689672545670206,-0.08369930951677687,81550.11464675082,362,0.4275,0.05000000000000001,0.5225000000000001,0.0,0.0,0.0,0.0,5.0,0.05,0.05
strategic_gold_10,Strategic 10% gold,strategic_single,2023,25,1.270232142500992,0.3746060902585757,2.3917031414139083,7.98785137571054,-0.1520844725325039,8.35214878513988,-0.05091202408956626,-0.06271876310387912,225550.76982365918,128,0.46169999999999994,0.05000000000000001,0.48829999999999996,0.011399999999999995,0.28727999999999987,5.699999999999998e-06,0.0,5.0,0.05,0.05
strategic_gold_10,Strategic 10% gold,strategic_single,2024,26,0.7796174154212461,0.36588289143491604,1.7604160745482023,4.195786191278996,-0.09896398939256879,7.877788882667938,-0.0821175966910481,-0.08265882264822434,181248.12595637457,146,0.6101923076923076,0.05000000000000001,0.33980769230769226,0.031057692307692304,0.782653846153846,1.5528846153846152e-05,0.0,5.0,0.05,0.05
strategic_gold_10,Strategic 10% gold,strategic_single,2025,25,1.6496013656086501,0.297888848433261,3.468968864783418,11.295580045819111,-0.07732822791486049,21.33246047516937,-0.05758280351375769,-0.07732822791486066,262918.99481910013,43,0.5643,0.05000000000000001,0.38569999999999993,0.06269999999999999,1.5800399999999997,3.1349999999999996e-05,0.0,5.0,0.05,0.05
strategic_gold_10,Strategic 10% gold,strategic_single,2026,11,0.6340886653938311,0.3285699895120546,1.6523053137512134,4.027272627209751,-0.11567319775861096,5.481725046774098,-0.07635373143468589,-0.07635373143468589,123907.18763062847,74,0.42750000000000005,0.05,0.5225,0.0,0.0,0.0,0.0,5.0,0.05,0.05
strategic_oil_10,Strategic 10% oil,strategic_single,overall,139,0.49796541017862817,0.33453256268643944,1.3781122691844059,2.7734537535291097,-0.45581142778761385,1.0924811880992507,-0.1006192282613693,-0.20381318755312985,929063.8472406159,860,0.5074640287769785,0.049999999999999996,0.44253597122302163,0.030773381294964028,0.7754892086330935,1.5386690647482016e-05,0.0,5.0,0.05,0.05
strategic_oil_10,Strategic 10% oil,strategic_single,development_2021_2023,77,0.15789100826237568,0.3326007243919478,0.6028381095201093,1.0448979536910237,-0.45581142778761385,0.3463954579391223,-0.11563338779683956,-0.20381318755312985,156509.29586199037,860,0.4657467532467533,0.04999999999999998,0.48425324675324666,0.024707792207792206,0.6226363636363635,1.2353896103896104e-05,0.0,5.0,0.05,0.05
strategic_oil_10,Strategic 10% oil,strategic_single,holdout_2024_2026,62,1.06249320687989,0.32822322309367763,2.390358787415456,6.160710631101983,-0.10441485187208177,10.175690410225801,-0.07906996191268384,-0.08375706276733175,593615.7607276329,146,0.5592741935483874,0.04999999999999998,0.3907258064516129,0.038306451612903226,0.9653225806451613,1.915322580645161e-05,0.0,5.0,0.05,0.05
strategic_oil_10,Strategic 10% oil,strategic_single,2021,26,-0.1506891629953203,0.3062125357263156,-0.37420880766399744,-0.4495504642136359,-0.31719378353606154,-0.47506972335789355,-0.1481251525781811,-0.20381318755312985,84491.84890548693,331,0.5078846153846154,0.05000000000000001,0.44211538461538463,0.06221153846153846,1.5677307692307692,3.110576923076923e-05,0.0,5.0,0.05,0.05
strategic_oil_10,Strategic 10% oil,strategic_single,2022,26,-0.16909270921010344,0.2766271457531878,-0.5375949377580818,-0.8432028559836058,-0.2542462540174021,-0.6650745351730128,-0.07364460731042335,-0.078415042684869,82603.54446610264,191,0.4275,0.05000000000000001,0.5225000000000001,0.0,0.0,0.0,0.0,5.0,0.05,0.05
strategic_oil_10,Strategic 10% oil,strategic_single,2023,25,1.2570046504517967,0.3790536534910246,2.3516099402528305,7.674454776379517,-0.14472618787819314,8.685398744211641,-0.052398237367084044,-0.06317305293095377,224246.99952392967,128,0.46169999999999994,0.05000000000000001,0.48829999999999996,0.011399999999999995,0.28727999999999987,5.699999999999998e-06,0.0,5.0,0.05,0.05
strategic_oil_10,Strategic 10% oil,strategic_single,2024,26,0.772264839760028,0.3652105411508045,1.7514043089660607,4.176060473802524,-0.10441485187208177,7.39612062761078,-0.08120218850661805,-0.08375706276733175,180475.5687159939,146,0.6101923076923076,0.05000000000000001,0.33980769230769226,0.031057692307692304,0.782653846153846,1.5528846153846152e-05,0.0,5.0,0.05,0.05
strategic_oil_10,Strategic 10% oil,strategic_single,2025,25,1.5753087228510219,0.30113106019011243,3.3360710463832195,10.707622456340395,-0.07939666962899072,19.840992452356176,-0.0603671555632972,-0.07939666962899085,255604.6491453823,43,0.5643,0.05000000000000001,0.38569999999999993,0.06269999999999999,1.5800399999999997,3.1349999999999996e-05,0.0,5.0,0.05,0.05
strategic_oil_10,Strategic 10% oil,strategic_single,2026,11,0.781953498072606,0.31308925769958895,2.0029545210018176,4.964528260461598,-0.08787149952525741,8.898829567007043,-0.07447880100850843,-0.07447880100850843,128682.13423682573,74,0.42750000000000005,0.05,0.5225,0.0,0.0,0.0,0.0,5.0,0.05,0.05
strategic_diversified_10,Strategic 10% diversified real-assets/defensive basket,strategic_equal,overall,139,0.48155861944664835,0.33408881403325513,1.3460389564132036,2.7073309850988707,-0.4712285550379084,1.021921558654078,-0.10048474095994606,-0.2029063888353399,874305.9621702065,860,0.5074640287769785,0.049999999999999996,0.44253597122302163,0.030773381294964028,0.7754892086330935,1.5386690647482016e-05,0.0,5.0,0.05,0.05
strategic_diversified_10,Strategic 10% diversified real-assets/defensive basket,strategic_equal,development_2021_2023,77,0.14364196383052819,0.3301621471319298,0.5672240418287396,0.9801506116281715,-0.4712285550379084,0.304824404834662,-0.11574149067590703,-0.2029063888353399,150698.38071644458,860,0.4657467532467533,0.04999999999999998,0.48425324675324666,0.024707792207792206,0.6226363636363635,1.2353896103896104e-05,0.0,5.0,0.05,0.05
strategic_diversified_10,Strategic 10% diversified real-assets/defensive basket,strategic_equal,holdout_2024_2026,62,1.0433751242603817,0.3300927302277592,2.349661188470122,6.035137741472434,-0.11297166448066065,9.235724099993185,-0.07928600169769082,-0.08201470290209402,580169.4470860367,146,0.5592741935483874,0.04999999999999998,0.3907258064516129,0.038306451612903226,0.9653225806451613,1.915322580645161e-05,0.0,5.0,0.05,0.05
strategic_diversified_10,Strategic 10% diversified real-assets/defensive basket,strategic_equal,2021,26,-0.16973128230475687,0.3003829341710208,-0.46238305045507944,-0.5508268784520491,-0.3187480169456133,-0.5324936102542638,-0.14629357044801683,-0.2029063888353399,82538.04703940348,331,0.5078846153846154,0.05000000000000001,0.44211538461538463,0.06221153846153846,1.5677307692307692,3.110576923076923e-05,0.0,5.0,0.05,0.05
strategic_diversified_10,Strategic 10% diversified real-assets/defensive basket,strategic_equal,2022,26,-0.1817352467869512,0.27708007207411267,-0.5911113164087582,-0.9130686009009668,-0.2546387322217838,-0.7136983647431313,-0.07668914102430542,-0.08352343270828735,81307.11840134898,362,0.4275,0.05000000000000001,0.5225000000000001,0.0,0.0,0.0,0.0,5.0,0.05,0.05
strategic_diversified_10,Strategic 10% diversified real-assets/defensive basket,strategic_equal,2023,25,1.2601456863410414,0.37530028418565287,2.3756817197928934,7.863922932256887,-0.15189664450298324,8.296073231007366,-0.05146867350685159,-0.06322547987789406,224556.60180807556,128,0.46169999999999994,0.05000000000000001,0.48829999999999996,0.011399999999999995,0.28727999999999987,5.699999999999998e-06,0.0,5.0,0.05,0.05
strategic_diversified_10,Strategic 10% diversified real-assets/defensive basket,strategic_equal,2024,26,0.764044952124028,0.3664159455518419,1.7337594402059548,4.117801460103179,-0.10368363994016327,7.369002019652907,-0.08168525322425757,-0.08201470290209402,179612.00086977697,146,0.6101923076923076,0.05000000000000001,0.33980769230769226,0.031057692307692304,0.782653846153846,1.5528846153846152e-05,0.0,5.0,0.05,0.05
strategic_diversified_10,Strategic 10% diversified real-assets/defensive basket,strategic_equal,2025,25,1.6124354741558466,0.297842607030478,3.4200673965515875,11.112355549678778,-0.077056717567479,20.925307034313104,-0.05820044367805034,-0.07705671756747907,259260.1016075419,43,0.5643,0.05000000000000001,0.38569999999999993,0.06269999999999999,1.5800399999999997,3.1349999999999996e-05,0.0,5.0,0.05,0.05
strategic_diversified_10,Strategic 10% diversified real-assets/defensive basket,strategic_equal,2026,11,0.6547970692488667,0.3257149355723557,1.70375621434112,4.166901450380149,-0.11297166448066076,5.796117745622481,-0.0767167827747691,-0.0767167827747691,124590.18090204545,74,0.42750000000000005,0.05,0.5225,0.0,0.0,0.0,0.0,5.0,0.05,0.05
regime_fixed_20,Risk-state 20% fixed defensive basket,regime_equal,overall,139,0.504665998677924,0.35164567485742126,1.3397263750487767,2.693450533831045,-0.49236123560579437,1.0249913319373936,-0.10563411881841342,-0.2140050855670619,952219.5623300131,860,0.5341726618705037,0.04244604316546762,0.42338129496402876,0.03201438848920864,0.8067625899280576,1.600719424460432e-05,0.0,5.0,0.05,0.05
regime_fixed_20,Risk-state 20% fixed defensive basket,regime_equal,development_2021_2023,77,0.14626038016196063,0.3473969505005515,0.5618840626067728,0.969905822899133,-0.49236123560579437,0.29705908910965323,-0.12167174347044869,-0.2140050855670619,151755.12270822923,860,0.49025974025974045,0.046428571428571416,0.46331168831168834,0.025324675324675326,0.6381818181818182,1.2662337662337662e-05,0.0,5.0,0.05,0.05
regime_fixed_20,Risk-state 20% fixed defensive basket,regime_equal,holdout_2024_2026,62,1.109518127493867,0.347610398558673,2.341052251906734,6.017901994908432,-0.1192590475924139,9.303429382446652,-0.08339787243623038,-0.0864552742721716,627471.1161881434,146,0.5887096774193551,0.037499999999999985,0.37379032258064515,0.04032258064516129,1.0161290322580645,2.016129032258065e-05,0.0,5.0,0.05,0.05
regime_fixed_20,Risk-state 20% fixed defensive basket,regime_equal,2021,26,-0.18179672397522473,0.3162934758983105,-0.46838815763929764,-0.5578088987894868,-0.3349370420546679,-0.5427787946653931,-0.15367787063734584,-0.2140050855670619,81300.81578298079,331,0.5346153846153846,0.04230769230769231,0.4230769230769231,0.06346153846153847,1.5992307692307695,3.1730769230769234e-05,0.0,5.0,0.05,0.05
regime_fixed_20,Risk-state 20% fixed defensive basket,regime_equal,2022,26,-0.19242626994278744,0.29159160683333457,-0.5933189808521585,-0.9159748624165308,-0.2667765440900842,-0.7213013070512285,-0.08069143989456404,-0.08793977162331157,80211.30566660129,362,0.44999999999999996,0.05000000000000001,0.5,0.0,0.0,0.0,0.0,5.0,0.05,0.05
regime_fixed_20,Risk-state 20% fixed defensive basket,regime_equal,2023,25,1.342865590841598,0.3947877393579619,2.3688864490660206,7.823839663157613,-0.15974410153326135,8.406354775872531,-0.05424965682720309,-0.06662400360986771,232708.8345079203,128,0.486,0.047,0.46699999999999997,0.012000000000000002,0.30240000000000006,6e-06,0.0,5.0,0.05,0.05
regime_fixed_20,Risk-state 20% fixed defensive basket,regime_equal,2024,26,0.8093847012504771,0.38578213555426105,1.7307754203664902,4.117653756057742,-0.10970727285304271,7.3776758842112535,-0.08578263426694477,-0.0864552742721716,184376.89565641084,146,0.6423076923076922,0.032692307692307694,0.32499999999999996,0.032692307692307694,0.8238461538461539,1.6346153846153847e-05,0.0,5.0,0.05,0.05
regime_fixed_20,Risk-state 20% fixed defensive basket,regime_equal,2025,25,1.7274772207141313,0.31393387946645734,3.4010781741804155,11.048451693932275,-0.08118658931320955,21.27786418086491,-0.06133883230666139,-0.08118658931320963,270584.3724945148,43,0.594,0.037000000000000005,0.369,0.066,1.6632,3.3e-05,0.0,5.0,0.05,0.05
regime_fixed_20,Risk-state 20% fixed defensive basket,regime_equal,2026,11,0.6909824702107727,0.3428339723805784,1.6973216523141852,4.146898824363489,-0.11925904759241401,5.793962673358845,-0.08083963189782233,-0.08083963189782233,125772.16308171111,74,0.45,0.05,0.5,0.0,0.0,0.0,0.0,5.0,0.05,0.05
regime_trend_20,Risk-state 20% trend-confirmed diversifiers,regime_trend_long,overall,139,0.5032625927494443,0.3509486860614113,1.3389931529638897,2.6967286144189537,-0.48927885242004643,1.028580308059979,-0.10557778531075057,-0.2140050855670619,947331.0132663532,860,0.5341726618705037,0.035431654676258986,0.43039568345323737,0.054664799241440104,1.3775529408842906,2.733239962072005e-05,0.0,5.0,0.05,0.05
regime_trend_20,Risk-state 20% trend-confirmed diversifiers,regime_trend_long,development_2021_2023,77,0.14527496188504596,0.34630585620827403,0.56011224835833,0.9673764776215392,-0.48927885242004643,0.2969164948913984,-0.1217049720780884,-0.2140050855670619,151356.8439934818,860,0.49025974025974045,0.03376623376623376,0.47597402597402594,0.052957773790845,1.334535899529294,2.64788868954225e-05,0.0,5.0,0.05,0.05
regime_trend_20,Risk-state 20% trend-confirmed diversifiers,regime_trend_long,holdout_2024_2026,62,1.1073592817918834,0.34737005552912664,2.3393702470831323,6.032897506171577,-0.12068252472914442,9.17580473458938,-0.08315514569737331,-0.08635542732625646,625892.4197092467,146,0.5887096774193551,0.037499999999999985,0.37379032258064515,0.056784814720404996,1.4309773309542058,2.8392407360202494e-05,0.0,5.0,0.05,0.05
regime_trend_20,Risk-state 20% trend-confirmed diversifiers,regime_trend_long,2021,26,-0.1809562972217802,0.3162681116928167,-0.46521078830080015,-0.5539253116399139,-0.33363461436503195,-0.54237866645274,-0.15367787063734584,-0.2140050855670619,81386.97732122781,331,0.5346153846153846,0.04230769230769231,0.4230769230769231,0.0833400247933293,2.1001686247918983,4.1670012396664654e-05,0.0,5.0,0.05,0.05
regime_trend_20,Risk-state 20% trend-confirmed diversifiers,regime_trend_long,2022,26,-0.18765403590443797,0.2907627262770944,-0.5757858686720504,-0.8963830164868292,-0.2644014867238864,-0.7097313945908498,-0.07971209599247558,-0.08831511196207803,80700.39546129917,362,0.44999999999999996,0.02884615384615385,0.5211538461538462,0.017846708712667417,0.4497370595592189,8.923354356333709e-06,0.0,5.0,0.05,0.05
regime_trend_20,Risk-state 20% trend-confirmed diversifiers,regime_trend_long,2023,25,1.3199148942465952,0.3934877688521796,2.3496496798333544,7.764466261707198,-0.16026006056053166,8.23608133948041,-0.05491789004160473,-0.06599891537126577,230447.22420236887,128,0.486,0.030000000000000006,0.484,0.057875740429565996,1.458468658825063,2.8937870214783002e-05,0.0,5.0,0.05,0.05
regime_trend_20,Risk-state 20% trend-confirmed diversifiers,regime_trend_long,2024,26,0.8108947385757792,0.3855655748566812,1.7337214252443043,4.137730430487,-0.10936856447622267,7.414331005067477,-0.08560577908990938,-0.08635542732625646,184535.65592523993,146,0.6423076923076922,0.032692307692307694,0.32499999999999996,0.047783251519674295,1.2041379382957922,2.3891625759837145e-05,0.0,5.0,0.05,0.05
regime_trend_20,Risk-state 20% trend-confirmed diversifiers,regime_trend_long,2025,25,1.7165101324145375,0.313784213405808,3.3891896055356483,11.0048077922259,-0.08101305068308162,21.188069304159722,-0.06142017030617935,-0.08101305068308162,269504.98017036513,43,0.594,0.037000000000000005,0.369,0.08266929071665344,2.0832661260596668,4.1334645358326696e-05,0.0,5.0,0.05,0.05
regime_trend_20,Risk-state 20% trend-confirmed diversifiers,regime_trend_long,2026,11,0.6933753683278236,0.3426689705823485,1.7021421004219917,4.192868050688013,-0.12068252472914442,5.745449640567354,-0.08039597392659285,-0.08039597392659285,125849.82153173476,74,0.45,0.05,0.5,0.019232882294294776,0.4846686338162283,9.616441147147387e-06,0.0,5.0,0.05,0.05
diversified_trend_overlay_20,Risk-state 20% diversified long/short trend overlay,regime_trend_long_short,overall,139,0.5008812486872178,0.3507577635324713,1.3349714267445516,2.6819373870786385,-0.49001592417746054,1.022173411053928,-0.10599433416301171,-0.2140050855670619,939082.9873201445,860,0.5341726618705037,0.04172661870503596,0.4241007194244604,0.05671598207695003,1.4292427483391406,2.8357991038475012e-05,1.985315588650687e-06,5.0,0.05,0.05
diversified_trend_overlay_20,Risk-state 20% diversified long/short trend overlay,regime_trend_long_short,development_2021_2023,77,0.14383490037568958,0.34552411458377014,0.5569656953621739,0.9604055932234524,-0.49001592417746054,0.2935310737444512,-0.12158749310441579,-0.2140050855670619,150776.07668505172,860,0.49025974025974045,0.04512987012987012,0.4646103896103897,0.0542234397922971,1.366430682765887,2.7111719896148548e-05,2.826660411850003e-06,5.0,0.05,0.05
diversified_trend_overlay_20,Risk-state 20% diversified long/short trend overlay,regime_trend_long_short,holdout_2024_2026,62,1.1031661893142872,0.34791586137814995,2.3304067953084298,5.964945127176598,-0.11989386367420851,9.201189748225618,-0.08405761643594029,-0.08827949909750171,622832.8843452702,146,0.5887096774193551,0.037499999999999985,0.37379032258064515,0.05981155878530933,1.5072512813897951,2.9905779392654666e-05,9.404195985483108e-07,5.0,0.05,0.05
diversified_trend_overlay_20,Risk-state 20% diversified long/short trend overlay,regime_trend_long_short,2021,26,-0.18102245762127578,0.31650937488087855,-0.4649019385818768,-0.5540098880405132,-0.3340239010216429,-0.5419446245241789,-0.15367787063734584,-0.2140050855670619,81380.19437751827,331,0.5346153846153846,0.04230769230769231,0.4230769230769231,0.0856720194411099,2.1589348899159693,4.283600972055496e-05,2.104208301744138e-06,5.0,0.05,0.05
diversified_trend_overlay_20,Risk-state 20% diversified long/short trend overlay,regime_trend_long_short,2022,26,-0.18853126806128928,0.2886067876529119,-0.5856955522098828,-0.9053118059145359,-0.26581828518564965,-0.7092486806527155,-0.07883670070863305,-0.08822170559266414,80610.48410697728,362,0.44999999999999996,0.04807692307692309,0.5019230769230769,0.02392830289043704,0.6029932328390134,1.196415144521852e-05,3.27277369162788e-06,5.0,0.05,0.05
diversified_trend_overlay_20,Risk-state 20% diversified long/short trend overlay,regime_trend_long_short,2023,25,1.3137347204994576,0.39292786664749096,2.345365946104654,7.776315518810502,-0.15661666138896957,8.388218142619552,-0.05364845789402152,-0.06599891537126577,229838.18650328965,128,0.486,0.045,0.469,0.053023859335466224,1.3362012552537488,2.6511929667733113e-05,3.114052795391112e-06,5.0,0.05,0.05
diversified_trend_overlay_20,Risk-state 20% diversified long/short trend overlay,regime_trend_long_short,2024,26,0.8058645570324441,0.3866907152506492,1.7224469798245683,4.080800380710568,-0.1110071369664073,7.25957428553727,-0.08658040597002391,-0.08827949909750171,184006.81581582286,146,0.6423076923076922,0.032692307692307694,0.32499999999999996,0.04594462864291324,1.1578046418014136,2.297231432145662e-05,5.656388151520551e-07,5.0,0.05,0.05
diversified_trend_overlay_20,Risk-state 20% diversified long/short trend overlay,regime_trend_long_short,2025,25,1.7105507204788215,0.3146662710446833,3.373311574292095,10.822946088166674,-0.0824495547833708,20.746633805035678,-0.06223309793383648,-0.08244955478337095,268918.4341081751,43,0.594,0.037000000000000005,0.369,0.08945752539305561,2.2543296399050012,4.47287626965278e-05,1.4796138738110224e-06,5.0,0.05,0.05
diversified_trend_overlay_20,Risk-state 20% diversified long/short trend overlay,regime_trend_long_short,2026,11,0.693951140436065,0.34096895682537204,1.7102610679093808,4.196718653909455,-0.11989386367420851,5.788045519341682,-0.08062009902034241,-0.08062009902034241,125868.49824855004,74,0.45,0.05,0.5,0.025210742286094965,0.6353107056095931,1.2605371143047482e-05,6.008235518878418e-07,5.0,0.05,0.05
strategic_gold_10,Strategic 10% gold,strategic_single,overall,139,0.47048434011071993,0.3176592660894411,1.3757563602575764,2.7770981645879558,-0.4505793253017193,1.044176493885226,-0.09546076945145718,-0.18965065833267464,838861.6162711701,860,0.4807553956834534,0.09999999999999999,0.4192446043165468,0.029532374100719426,0.7442158273381295,1.4766187050359712e-05,0.0,5.0,0.1,0.1
strategic_gold_10,Strategic 10% gold,strategic_single,development_2021_2023,77,0.13982843734159722,0.313583130935478,0.5700442431402943,0.9870844992245732,-0.4505793253017193,0.31033034471336335,-0.1093534125149331,-0.18965065833267464,149168.18758276122,860,0.44123376623376637,0.09999999999999996,0.4587662337662338,0.02409090909090909,0.607090909090909,1.2045454545454545e-05,0.0,5.0,0.1,0.1
strategic_gold_10,Strategic 10% gold,strategic_single,holdout_2024_2026,62,1.017643555830897,0.31349127085264944,2.4171991738899634,6.23098575937014,-0.10866015138297469,9.365379514742195,-0.075604315467288,-0.07862957615631576,562359.5954772556,131,0.5298387096774196,0.09999999999999996,0.37016129032258077,0.036290322580645164,0.9145161290322581,1.8145161290322583e-05,0.0,5.0,0.1,0.1
strategic_gold_10,Strategic 10% gold,strategic_single,2021,26,-0.16777627099462433,0.2826996076605032,-0.5025759990455887,-0.5963152973901541,-0.30199025857135386,-0.5555684868390627,-0.13791868105458713,-0.18965065833267464,82738.57448165138,331,0.48115384615384615,0.10000000000000002,0.41884615384615376,0.06096153846153846,1.5362307692307693,3.0480769230769227e-05,0.0,5.0,0.1,0.1
strategic_gold_10,Strategic 10% gold,strategic_single,2022,26,-0.16856775985478756,0.2655397166116094,-0.5681003562692502,-0.8808932185864303,-0.2395290999438896,-0.7037464754565314,-0.07402092852928635,-0.07896265428819131,82657.38888341397,362,0.40499999999999997,0.10000000000000002,0.4949999999999999,0.0,0.0,0.0,0.0,5.0,0.1,0.1
strategic_gold_10,Strategic 10% gold,strategic_single,2023,25,1.1948052428443172,0.355925462721751,2.402800195650371,7.984736543597068,-0.14796038826170943,8.075169691572917,-0.048766162816539727,-0.059488610836492484,218115.4838839916,128,0.43740000000000007,0.10000000000000002,0.46259999999999996,0.0108,0.27216,5.4e-06,0.0,5.0,0.1,0.1
strategic_gold_10,Strategic 10% gold,strategic_single,2024,26,0.755207585190274,0.34572656741947494,1.8037513973637527,4.311384263901651,-0.08532697545379653,8.850748326350901,-0.07861727532645789,-0.07862957615631576,178683.70417162622,131,0.5780769230769232,0.10000000000000002,0.321923076923077,0.029423076923076923,0.7414615384615384,1.4711538461538463e-05,0.0,5.0,0.1,0.1
strategic_gold_10,Strategic 10% gold,strategic_single,2025,25,1.5891764609014642,0.28205830823798533,3.564646916160196,11.635300859145728,-0.0735771854475522,21.59876667250709,-0.0538674265423949,-0.07357718544755214,256970.0975171188,43,0.5346,0.10000000000000002,0.3654,0.059399999999999994,1.4968799999999998,2.97e-05,0.0,5.0,0.1,0.1
strategic_gold_10,Strategic 10% gold,strategic_single,2026,11,0.5911337794230662,0.31489012144235395,1.6259960168176604,3.933899637068193,-0.1086601513829748,5.440207582074903,-0.07160552576868412,-0.07160552576868412,122474.75336673672,74,0.4050000000000001,0.1,0.49500000000000005,0.0,0.0,0.0,0.0,5.0,0.1,0.1
strategic_oil_10,Strategic 10% oil,strategic_single,overall,139,0.4931804788848968,0.3190511935554477,1.419875194362547,2.851713836189813,-0.4174088835691523,1.1815284683637821,-0.09754280548062855,-0.19362128953919783,912812.0337210371,860,0.4807553956834534,0.09999999999999999,0.4192446043165468,0.029532374100719426,0.7442158273381295,1.4766187050359712e-05,0.0,5.0,0.1,0.1
strategic_oil_10,Strategic 10% oil,strategic_single,development_2021_2023,77,0.16800446875313302,0.3198426547613781,0.641784347652204,1.1132191552853066,-0.4174088835691523,0.4024937546047691,-0.1128781628933479,-0.19362128953919783,160723.88813075685,860,0.44123376623376637,0.09999999999999996,0.4587662337662338,0.02409090909090909,0.607090909090909,1.2045454545454545e-05,0.0,5.0,0.1,0.1
strategic_oil_10,Strategic 10% oil,strategic_single,holdout_2024_2026,62,1.0257545745292647,0.3097414528643175,2.4558983774799317,6.350333051767997,-0.0963496754349541,10.646165333704253,-0.07478566292683435,-0.08080145473481483,567937.9987238861,146,0.5298387096774196,0.09999999999999996,0.37016129032258077,0.036290322580645164,0.9145161290322581,1.8145161290322583e-05,0.0,5.0,0.1,0.1
strategic_oil_10,Strategic 10% oil,strategic_single,2021,26,-0.11708879930598382,0.2976241526444818,-0.26512531305066306,-0.3217674309742737,-0.29969042564486226,-0.39069916582765923,-0.14257243451901633,-0.19362128953919783,87942.76306556672,331,0.48115384615384615,0.10000000000000002,0.41884615384615376,0.06096153846153846,1.5362307692307693,3.0480769230769227e-05,0.0,5.0,0.1,0.1
strategic_oil_10,Strategic 10% oil,strategic_single,2022,26,-0.14791055699280953,0.2646275748397741,-0.47890850003407665,-0.7621865378883154,-0.24400662804572726,-0.6061743411539249,-0.06751669223672895,-0.06839412062437557,84777.0626520145,191,0.40499999999999997,0.10000000000000002,0.4949999999999999,0.0,0.0,0.0,0.0,5.0,0.1,0.1
strategic_oil_10,Strategic 10% oil,strategic_single,2023,25,1.1690560470606282,0.36543954248355465,2.3152867335140774,7.302338741927661,-0.13384003810898348,8.734725898005852,-0.052208417574112445,-0.060397190490641746,215576.76891565832,113,0.43740000000000007,0.10000000000000002,0.46259999999999996,0.0108,0.27216,5.4e-06,0.0,5.0,0.1,0.1
strategic_oil_10,Strategic 10% oil,strategic_single,2024,26,0.7406454752799174,0.34443496884335445,1.7845318234876448,4.2688884179607465,-0.0963496754349541,7.6870572935134485,-0.07678645895759782,-0.08080145473481483,177154.39173034666,146,0.5780769230769232,0.10000000000000002,0.321923076923077,0.029423076923076923,0.7414615384615384,1.4711538461538463e-05,0.0,5.0,0.1,0.1
strategic_oil_10,Strategic 10% oil,strategic_single,2025,25,1.4456643484232123,0.28902189920829313,3.2796588168783027,10.380695904111972,-0.07771406887581256,18.602350505329873,-0.059436130641473926,-0.07771406887581252,242836.70868665204,43,0.5346,0.10000000000000002,0.3654,0.059399999999999994,1.4968799999999998,2.97e-05,0.0,5.0,0.1,0.1
strategic_oil_10,Strategic 10% oil,strategic_single,2026,11,0.8895702914992143,0.28671401764362003,2.373170652574582,5.985009889771542,-0.06785566491632922,13.109742459912768,-0.0678556649163292,-0.0678556649163292,132018.460989085,74,0.4050000000000001,0.1,0.49500000000000005,0.0,0.0,0.0,0.0,5.0,0.1,0.1
strategic_diversified_10,Strategic 10% diversified real-assets/defensive basket,strategic_equal,overall,139,0.46103021697883473,0.3172632577181003,1.3564732883915012,2.7249010230623876,-0.4497059406286509,1.0251815138006704,-0.09540693591361492,-0.19180769210361792,809541.7058177439,860,0.4807553956834534,0.09999999999999999,0.4192446043165468,0.029532374100719426,0.7442158273381295,1.4766187050359712e-05,0.0,5.0,0.1,0.1
strategic_diversified_10,Strategic 10% diversified real-assets/defensive basket,strategic_equal,development_2021_2023,77,0.1396615313123759,0.3141357221184676,0.5692222444701169,0.9829209973313758,-0.4497059406286509,0.3105618998876041,-0.10982730246419045,-0.19180769210361792,149101.4556701294,860,0.44123376623376637,0.09999999999999996,0.4587662337662338,0.02409090909090909,0.607090909090909,1.2045454545454545e-05,0.0,5.0,0.1,0.1
strategic_diversified_10,Strategic 10% diversified real-assets/defensive basket,strategic_equal,holdout_2024_2026,62,0.9890390411377092,0.3125067852015018,2.3767904865228515,6.101273891504549,-0.10320241561402921,9.583487317163732,-0.0752177424968483,-0.07818844178141435,542946.8828317581,146,0.5298387096774196,0.09999999999999996,0.37016129032258077,0.036290322580645164,0.9145161290322581,1.8145161290322583e-05,0.0,5.0,0.1,0.1
strategic_diversified_10,Strategic 10% diversified real-assets/defensive basket,strategic_equal,2021,26,-0.15615920045770104,0.28530897456737486,-0.44694281305425276,-0.5329088896458792,-0.3028899447016882,-0.5155641617997584,-0.13890927025868785,-0.19180769210361792,83930.45620333243,331,0.48115384615384615,0.10000000000000002,0.41884615384615376,0.06096153846153846,1.5362307692307693,3.0480769230769227e-05,0.0,5.0,0.1,0.1
strategic_diversified_10,Strategic 10% diversified real-assets/defensive basket,strategic_equal,2022,26,-0.1733552061819622,0.2643444333632538,-0.5934530901226153,-0.9175384980791993,-0.24477643770826674,-0.7082185189269447,-0.07360575966449309,-0.07861090067121229,82166.3772557325,362,0.40499999999999997,0.10000000000000002,0.4949999999999999,0.0,0.0,0.0,0.0,5.0,0.1,0.1
strategic_diversified_10,Strategic 10% diversified real-assets/defensive basket,strategic_equal,2023,25,1.1754399807139282,0.3572131346406719,2.3697692296049766,7.732953010873319,-0.14758133665834916,7.964692604967199,-0.04936635782315134,-0.06050204438452236,216206.20835266524,128,0.43740000000000007,0.10000000000000002,0.46259999999999996,0.0108,0.27216,5.4e-06,0.0,5.0,0.1,0.1
strategic_diversified_10,Strategic 10% diversified real-assets/defensive basket,strategic_equal,2024,26,0.72467181886984,0.34671179888307907,1.7476957616016586,4.148722177163455,-0.09485224595622044,7.640006955705784,-0.07775258839287687,-0.07818844178141435,175477.30590108334,146,0.5780769230769232,0.10000000000000002,0.321923076923077,0.029423076923076923,0.7414615384615384,1.4711538461538463e-05,0.0,5.0,0.1,0.1
strategic_diversified_10,Strategic 10% diversified real-assets/defensive basket,strategic_equal,2025,25,1.5170401177974586,0.28181617374715995,3.4632064019466964,11.258638990948127,-0.0730341647527889,20.771650130215647,-0.0551027068709802,-0.07303416475278894,249866.75105706154,43,0.5346,0.10000000000000002,0.3654,0.059399999999999994,1.4968799999999998,2.97e-05,0.0,5.0,0.1,0.1
strategic_diversified_10,Strategic 10% diversified real-assets/defensive basket,strategic_equal,2026,11,0.6317751576284216,0.3088778290695977,1.7356114447115039,4.233952773713544,-0.10320241561402921,6.121709011068331,-0.07233162844885054,-0.07233162844885054,123830.58259530422,74,0.4050000000000001,0.1,0.49500000000000005,0.0,0.0,0.0,0.0,5.0,0.1,0.1
regime_fixed_20,Risk-state 20% fixed defensive basket,regime_equal,overall,139,0.5073607255170232,0.35235403589894526,1.3429220035774272,2.6957567703489924,-0.4925995886858173,1.0299657920352439,-0.10570569163054964,-0.2140050855670619,961664.1351658023,860,0.5341726618705037,0.08489208633093524,0.38093525179856125,0.03201438848920864,0.8067625899280576,1.600719424460432e-05,0.0,5.0,0.1,0.1
regime_fixed_20,Risk-state 20% fixed defensive basket,regime_equal,development_2021_2023,77,0.1451714890236928,0.3485855992835298,0.558413330531877,0.9623681380572692,-0.4925995886858173,0.29470485229390636,-0.12168780805327375,-0.2140050855670619,151315.06397646482,860,0.49025974025974045,0.09285714285714283,0.41688311688311697,0.025324675324675326,0.6381818181818182,1.2662337662337662e-05,0.0,5.0,0.1,0.1
regime_fixed_20,Risk-state 20% fixed defensive basket,regime_equal,holdout_2024_2026,62,1.1204989315351077,0.3475162044837951,2.35701012646826,6.060688181317282,-0.11585003388658766,9.671977589855773,-0.08344148397392737,-0.08619787774449453,635537.6060346361,146,0.5887096774193551,0.07499999999999997,0.3362903225806451,0.04032258064516129,1.0161290322580645,2.016129032258065e-05,0.0,5.0,0.1,0.1
regime_fixed_20,Risk-state 20% fixed defensive basket,regime_equal,2021,26,-0.18026062746836824,0.3171039740399491,-0.46050850737607163,-0.5487085958780217,-0.33547957379554405,-0.5373222143719157,-0.15367787063734584,-0.2140050855670619,81458.30032508475,331,0.5346153846153846,0.08461538461538462,0.3807692307692307,0.06346153846153847,1.5992307692307695,3.1730769230769234e-05,0.0,5.0,0.1,0.1
regime_fixed_20,Risk-state 20% fixed defensive basket,regime_equal,2022,26,-0.19468999837734213,0.2933444699018244,-0.597656940895733,-0.923007728800947,-0.2691573818590586,-0.7233314465783053,-0.0816103574050103,-0.0874435785012607,79979.33600207549,362,0.44999999999999996,0.10000000000000002,0.44999999999999996,0.0,0.0,0.0,0.0,5.0,0.1,0.1
regime_fixed_20,Risk-state 20% fixed defensive basket,regime_equal,2023,25,1.3382814252322421,0.3961728987219512,2.3568984672942945,7.668293621561748,-0.16328569785658797,8.195950060535246,-0.05492832446385435,-0.06729909184846966,232257.11521680062,128,0.486,0.094,0.42,0.012000000000000002,0.30240000000000006,6e-06,0.0,5.0,0.1,0.1
regime_fixed_20,Risk-state 20% fixed defensive basket,regime_equal,2024,26,0.8150892745964626,0.38540929219552317,1.7404795924005971,4.1458192607165865,-0.1069526518382562,7.621029124449545,-0.08594735047825122,-0.08619787774449453,184976.6774400069,146,0.6423076923076922,0.06538461538461539,0.2923076923076923,0.032692307692307694,0.8238461538461539,1.6346153846153847e-05,0.0,5.0,0.1,0.1
regime_fixed_20,Risk-state 20% fixed defensive basket,regime_equal,2025,25,1.744292043561141,0.3139822350982459,3.42099395756504,11.1160979892109,-0.08129390824425009,21.45661441593337,-0.06137948412820229,-0.08129390824425006,272239.23813726596,43,0.594,0.07400000000000001,0.332,0.066,1.6632,3.3e-05,0.0,5.0,0.1,0.1
regime_fixed_20,Risk-state 20% fixed defensive basket,regime_equal,2026,11,0.7043168367402617,0.343096036940375,1.7196737630170116,4.1876520309296845,-0.11585003388658788,6.079556588043445,-0.08057732669495696,-0.08057732669495696,126204.1274793043,74,0.45,0.1,0.4500000000000001,0.0,0.0,0.0,0.0,5.0,0.1,0.1
regime_trend_20,Risk-state 20% trend-confirmed diversifiers,regime_trend_long,overall,139,0.5045189312188973,0.35102051981715704,1.3412372385022373,2.701486948803581,-0.4864498675927412,1.0371447600871455,-0.10559302461522395,-0.2140050855670619,951706.3087406317,860,0.5341726618705037,0.07086330935251797,0.39496402877697845,0.07731520999367156,1.9483432918405232,3.8657604996835784e-05,0.0,5.0,0.1,0.1
regime_trend_20,Risk-state 20% trend-confirmed diversifiers,regime_trend_long,development_2021_2023,77,0.14315610523329259,0.34652789226820685,0.5546495202026723,0.956876577453044,-0.4864498675927412,0.2942874790812848,-0.1217542652685532,-0.2140050855670619,150502.84372083363,860,0.49025974025974045,0.06753246753246751,0.44220779220779244,0.08059087225701465,2.0308899808767693,4.0295436128507325e-05,0.0,5.0,0.1,0.1
regime_trend_20,Risk-state 20% trend-confirmed diversifiers,regime_trend_long,holdout_2024_2026,62,1.116171053234583,0.34702043203092814,2.3537673009647837,6.0907606971744315,-0.11869889265222011,9.403382190808555,-0.08295603049621325,-0.08599818385266425,632351.0474698693,146,0.5887096774193551,0.07499999999999997,0.3362903225806451,0.07324704879564868,1.8458256296503468,3.662352439782434e-05,0.0,5.0,0.1,0.1
regime_trend_20,Risk-state 20% trend-confirmed diversifiers,regime_trend_long,2021,26,-0.17857979947969427,0.3170660984814375,-0.45414983395946606,-0.5409186864889137,-0.33287500138818327,-0.5364770521516059,-0.15367787063734584,-0.2140050855670619,81630.63384267646,331,0.5346153846153846,0.08461538461538462,0.3807692307692307,0.10321851112512014,2.6011064803530273,5.1609255562560074e-05,0.0,5.0,0.1,0.1
regime_trend_20,Risk-state 20% trend-confirmed diversifiers,regime_trend_long,2022,26,-0.18518748971910293,0.29188194995887057,-0.5623500405021963,-0.8829539661080961,-0.2644014867238863,-0.7004026036831392,-0.07965166960083338,-0.08819425917879363,80953.21905778268,362,0.44999999999999996,0.0576923076923077,0.49230769230769234,0.03569341742533483,0.8994741191184377,1.7846708712667415e-05,0.0,5.0,0.1,0.1
regime_trend_20,Risk-state 20% trend-confirmed diversifiers,regime_trend_long,2023,25,1.2925408007221004,0.3937424633533296,2.3173560153233357,7.544830906319139,-0.16432203169822956,7.865900800787302,-0.05626479089265762,-0.06604891537126578,227749.49061703644,128,0.486,0.06000000000000001,0.45400000000000007,0.10375148085913195,2.614537317650125,5.187574042956597e-05,0.0,5.0,0.1,0.1
regime_trend_20,Risk-state 20% trend-confirmed diversifiers,regime_trend_long,2024,26,0.8181143760321217,0.3849810691863615,1.7463693201135657,4.185611570576357,-0.10627889882024,7.6978062918762395,-0.08559364012418044,-0.08599818385266425,185294.76245905517,146,0.6423076923076922,0.06538461538461539,0.2923076923076923,0.06287419534704089,1.5844297227454305,3.143709767352044e-05,0.0,5.0,0.1,0.1
regime_trend_20,Risk-state 20% trend-confirmed diversifiers,regime_trend_long,2025,25,1.7222808246091916,0.31366856799155357,3.3973834025235883,11.027784586502415,-0.08094683098399402,21.276692412452142,-0.06154216012723822,-0.08094683098399405,270072.9420463968,43,0.594,0.07400000000000001,0.332,0.09933858143330682,2.5033322521193315,4.9669290716653416e-05,0.0,5.0,0.1,0.1
regime_trend_20,Risk-state 20% trend-confirmed diversifiers,regime_trend_long,2026,11,0.7091827038425011,0.3426890718255204,1.7297218247897963,4.282347929621255,-0.11869889265222033,5.974636224453738,-0.07969001075249803,-0.07969001075249803,126361.28191646413,74,0.45,0.1,0.4500000000000001,0.03846576458858955,0.9693372676324566,1.9232882294294775e-05,0.0,5.0,0.1,0.1
diversified_trend_overlay_20,Risk-state 20% diversified long/short trend overlay,regime_trend_long_short,overall,139,0.4997849108551562,0.3505852082535074,1.333396818649271,2.6728181667077973,-0.48789767869044454,1.0243641908619403,-0.10642612231974621,-0.2140050855670619,935305.5260057176,860,0.5341726618705037,0.08345323741007192,0.3823741007194246,0.08141757566469143,2.051722906750224,4.070878783234571e-05,3.970631177301374e-06,5.0,0.1,0.1
diversified_trend_overlay_20,Risk-state 20% diversified long/short trend overlay,regime_trend_long_short,development_2021_2023,77,0.14032447442646334,0.3448586958157176,0.5484895276952314,0.9433237562334571,-0.48789767869044454,0.2876104571825494,-0.12151930732120794,-0.2140050855670619,149366.63035756326,860,0.49025974025974045,0.09025974025974023,0.4194805194805196,0.08312220425991884,2.094679547349955,4.156110212995943e-05,5.653320823700006e-06,5.0,0.1,0.1
diversified_trend_overlay_20,Risk-state 20% diversified long/short trend overlay,regime_trend_long_short,holdout_2024_2026,62,1.1077542133582496,0.34812030504882274,2.3357499224429814,5.954925395447056,-0.11711872918457122,9.458386554148001,-0.08476097197334721,-0.08984632739515476,626181.0444318947,146,0.5887096774193551,0.07499999999999997,0.3362903225806451,0.07930053692545735,1.9983735305215253,3.965026846272868e-05,1.8808391970966215e-06,5.0,0.1,0.1
diversified_trend_overlay_20,Risk-state 20% diversified long/short trend overlay,regime_trend_long_short,2021,26,-0.17871206005200135,0.3175471017771865,-0.4535531390031502,-0.5411243889198746,-0.3336530924808414,-0.5356223696990404,-0.15367787063734584,-0.2140050855670619,81617.07289986179,331,0.5346153846153846,0.08461538461538462,0.3807692307692307,0.10788250042068136,2.71863901060117,5.394125021034067e-05,4.208416603488276e-06,5.0,0.1,0.1
diversified_trend_overlay_20,Risk-state 20% diversified long/short trend overlay,regime_trend_long_short,2022,26,-0.18689613217127898,0.28734983276346004,-0.5824855043398491,-0.9018182755917388,-0.26724783042499134,-0.6993363870309708,-0.07790087903314831,-0.08800744643996583,80778.0788064836,362,0.44999999999999996,0.09615384615384617,0.4538461538461539,0.04785660578087406,1.2059864656780264,2.392830289043703e-05,6.54554738325576e-06,5.0,0.1,0.1
diversified_trend_overlay_20,Risk-state 20% diversified long/short trend overlay,regime_trend_long_short,2023,25,1.2804496131311849,0.3924939535019449,2.3094468413333074,7.570095615616243,-0.15703695570914944,8.153810721488547,-0.05385372184715515,-0.06604891537126578,226557.81549419332,128,0.486,0.09,0.424,0.09404771867093244,2.3700025105074976,4.7023859335466216e-05,6.228105590782224e-06,5.0,0.1,0.1
diversified_trend_overlay_20,Risk-state 20% diversified long/short trend overlay,regime_trend_long_short,2024,26,0.8080344413827856,0.3872247687781776,1.7238077084939634,4.072061260450625,-0.10955690171526511,7.375477297476349,-0.08754289388440953,-0.08984632739515476,184234.9374165389,146,0.6423076923076922,0.06538461538461539,0.2923076923076923,0.059196949593518775,1.4917631297566731,2.9598474796759387e-05,1.1312776303041103e-06,5.0,0.1,0.1
diversified_trend_overlay_20,Risk-state 20% diversified long/short trend overlay,regime_trend_long_short,2025,25,1.7103280302190034,0.3154598735883611,3.365368577968817,10.670000088059664,-0.08381983918457281,20.404811639555046,-0.06316801538255248,-0.0838198391845727,268896.51595958293,43,0.594,0.07400000000000001,0.332,0.11291505078611118,2.845459279810002,5.645752539305559e-05,2.959227747622045e-06,5.0,0.1,0.1
diversified_trend_overlay_20,Risk-state 20% diversified long/short trend overlay,regime_trend_long_short,2026,11,0.7103436972824795,0.33928220413177385,1.7463517426298416,4.289735110681036,-0.11711872918457111,6.065158853995302,-0.08013826093999711,-0.08013826093999711,126398.74162118658,74,0.45,0.1,0.4500000000000001,0.05042148457218993,1.2706214112191863,2.5210742286094964e-05,1.2016471037756837e-06,5.0,0.1,0.1
strategic_gold_10,Strategic 10% gold,strategic_single,overall,139,0.4543055387651409,0.3013347497327702,1.3971692365384583,2.8225161984767473,-0.42899208887131035,1.059006798844312,-0.09042422126810735,-0.17747344471548096,789201.5974407799,860,0.45404676258992804,0.15000000000000002,0.3959532374100718,0.028291366906474814,0.7129424460431653,1.4145683453237405e-05,0.0,5.0,0.15,0.15
strategic_gold_10,Strategic 10% gold,strategic_single,development_2021_2023,77,0.13555680231403633,0.29755077670431335,0.5722216642840259,0.9912351280928059,-0.42899208887131035,0.3159890492868759,-0.1032022793285878,-0.17747344471548096,147466.627630996,860,0.4167207792207792,0.15000000000000002,0.43327922077922065,0.02347402597402597,0.5915454545454544,1.1737012987012984e-05,0.0,5.0,0.15,0.15
strategic_gold_10,Strategic 10% gold,strategic_single,holdout_2024_2026,62,0.9774141858710148,0.2967382649477914,2.4682754067024506,6.365635064511488,-0.10162455559732597,9.617893826211558,-0.07172934275166531,-0.07568278157875967,535173.0151553954,131,0.5004032258064516,0.15000000000000005,0.34959677419354845,0.03427419354838709,0.8637096774193546,1.7137096774193543e-05,0.0,5.0,0.15,0.15
strategic_gold_10,Strategic 10% gold,strategic_single,2021,26,-0.16036849978739165,0.26659186676138547,-0.5175832208823625,-0.6131732201938179,-0.2854741746060939,-0.5617618476651104,-0.13003908626320776,-0.17747344471548096,83498.53230150176,331,0.454423076923077,0.14999999999999997,0.39557692307692294,0.059711538461538455,1.504730769230769,2.9855769230769222e-05,0.0,5.0,0.15,0.15
strategic_gold_10,Strategic 10% gold,strategic_single,2022,26,-0.15780362370155954,0.2537048579122195,-0.5554984513875706,-0.8625712581457782,-0.22685355881313884,-0.6956189029044225,-0.07114513160187061,-0.07422599905960572,83761.71076720006,362,0.3825,0.14999999999999997,0.4674999999999999,0.0,0.0,0.0,0.0,5.0,0.15,0.15
strategic_gold_10,Strategic 10% gold,strategic_single,2023,25,1.121099897369906,0.33746322241222587,2.4135636892318693,7.96840364706172,-0.14382476518490073,7.794901635532817,-0.04753273940884965,-0.05625845856910583,210847.9427791345,128,0.41309999999999997,0.15,0.43689999999999996,0.010199999999999996,0.2570399999999999,5.099999999999999e-06,0.0,5.0,0.15,0.15
strategic_gold_10,Strategic 10% gold,strategic_single,2024,26,0.7304697168495868,0.3257355575638099,1.85151243298011,4.436410514756735,-0.07455112634497574,9.798238506410115,-0.07511695396186768,-0.07568278157875967,176085.97466662514,131,0.5459615384615385,0.14999999999999997,0.3040384615384615,0.027788461538461533,0.7002692307692306,1.3894230769230766e-05,0.0,5.0,0.15,0.15
strategic_gold_10,Strategic 10% gold,strategic_single,2025,25,1.529472295931063,0.266456296201373,3.668554396462358,11.998952144038812,-0.06982614298024359,21.90400658910528,-0.050152049571032115,-0.0698261429802436,251091.0755174708,43,0.5049,0.15,0.3450999999999999,0.0561,1.4137199999999999,2.8049999999999994e-05,0.0,5.0,0.15,0.15
strategic_gold_10,Strategic 10% gold,strategic_single,2026,11,0.5488301532359416,0.3017104043894644,1.594649106531926,3.8211111690748933,-0.10162455559732608,5.40056632976196,-0.06685732010268232,-0.06685732010268232,121042.5779074187,74,0.38249999999999995,0.14999999999999997,0.4675,0.0,0.0,0.0,0.0,5.0,0.15,0.15
strategic_oil_10,Strategic 10% oil,strategic_single,overall,139,0.4875986612361436,0.3047041070269974,1.4604408394238546,2.92246002050616,-0.3768656260633051,1.2938263070833576,-0.09446638269988775,-0.1834293915252658,894148.5016932816,829,0.45404676258992804,0.15000000000000002,0.3959532374100718,0.028291366906474814,0.7129424460431653,1.4145683453237405e-05,0.0,5.0,0.15,0.15
strategic_oil_10,Strategic 10% oil,strategic_single,development_2021_2023,77,0.17764729962639625,0.3081252875422968,0.6816565716907202,1.180518531111517,-0.3768656260633051,0.4713810104733602,-0.11012293798985623,-0.1834293915252658,164812.82853322808,829,0.4167207792207792,0.15000000000000002,0.43327922077922065,0.02347402597402597,0.5915454545454544,1.1737012987012984e-05,0.0,5.0,0.15,0.15
strategic_oil_10,Strategic 10% oil,strategic_single,holdout_2024_2026,62,0.9884086369568472,0.29249686387039886,2.519055376355023,6.546327950977081,-0.08826134694039656,11.198657976796182,-0.07050136394098483,-0.07784584670229792,542523.6067185218,131,0.5004032258064516,0.15000000000000005,0.34959677419354845,0.03427419354838709,0.8637096774193546,1.7137096774193543e-05,0.0,5.0,0.15,0.15
strategic_oil_10,Strategic 10% oil,strategic_single,2021,26,-0.08252421868758686,0.2898198242310724,-0.14915461877526312,-0.1830578248833113,-0.2818812067069978,-0.29276240034464907,-0.13701971645985156,-0.1834293915252658,91497.05932013794,331,0.454423076923077,0.14999999999999997,0.39557692307692294,0.059711538461538455,1.504730769230769,2.9855769230769222e-05,0.0,5.0,0.15,0.15
strategic_oil_10,Strategic 10% oil,strategic_single,2022,26,-0.1266623893033454,0.25416733002897024,-0.4121357243396416,-0.6632036875206879,-0.23368272355643094,-0.5420271870152108,-0.06378701592084865,-0.06440435576218691,86959.078869966,191,0.3825,0.14999999999999997,0.4674999999999999,0.0,0.0,0.0,0.0,5.0,0.15,0.15
strategic_oil_10,Strategic 10% oil,strategic_single,2023,25,1.0835268304508316,0.35272503593210125,2.270347234276742,6.877713168503379,-0.12416015197810215,8.726848454904685,-0.05295301511431029,-0.05762132805032973,207142.3723735436,113,0.41309999999999997,0.15,0.43689999999999996,0.010199999999999996,0.2570399999999999,5.099999999999999e-06,0.0,5.0,0.15,0.15
strategic_oil_10,Strategic 10% oil,strategic_single,2024,26,0.7088484675249334,0.32388897962133373,1.820620791988492,4.3672793527519,-0.08826134694039656,8.031244617234577,-0.07237072940857758,-0.07784584670229792,173816.48680236426,131,0.5459615384615385,0.14999999999999997,0.3040384615384615,0.027788461538461533,0.7002692307692306,1.3894230769230766e-05,0.0,5.0,0.15,0.15
strategic_oil_10,Strategic 10% oil,strategic_single,2025,25,1.321605771883247,0.27767393925620154,3.209490351665982,9.994668780315692,-0.07603146812263428,17.38235239324295,-0.05850510571965065,-0.07603146812263419,230613.85290790556,43,0.5049,0.15,0.3450999999999999,0.0561,1.4137199999999999,2.8049999999999994e-05,0.0,5.0,0.15,0.15
strategic_oil_10,Strategic 10% oil,strategic_single,2026,11,1.0004251976201703,0.2645310005919292,2.773735550384756,7.249948293876718,-0.06123252882414998,16.338132963497742,-0.06123252882414995,-0.06123252882414995,135345.0201069396,46,0.38249999999999995,0.14999999999999997,0.4675,0.0,0.0,0.0,0.0,5.0,0.15,0.15
strategic_diversified_10,Strategic 10% diversified real-assets/defensive basket,strategic_equal,overall,139,0.4403703660847502,0.30053556214129945,1.3676308635363774,2.74270653616076,-0.4275770011785338,1.0299206104887633,-0.0903291308672838,-0.18070899537189591,748382.1845841712,860,0.45404676258992804,0.15000000000000002,0.3959532374100718,0.028291366906474814,0.7129424460431653,1.4145683453237405e-05,0.0,5.0,0.15,0.15
strategic_diversified_10,Strategic 10% diversified real-assets/defensive basket,strategic_equal,development_2021_2023,77,0.13538079752819043,0.29822067759148624,0.5712218731638514,0.9853087373042821,-0.4275770011785338,0.3166231980556468,-0.10391311425247386,-0.18070899537189591,147396.7995089593,860,0.4167207792207792,0.15000000000000002,0.43327922077922065,0.02347402597402597,0.5915454545454544,1.1737012987012984e-05,0.0,5.0,0.15,0.15
strategic_diversified_10,Strategic 10% diversified real-assets/defensive basket,strategic_equal,holdout_2024_2026,62,0.9355600118148784,0.29499899285220343,2.4065174745356193,6.172831585309411,-0.0933554530813202,10.021482205221899,-0.07114948329600576,-0.07502108001640755,507732.9949343179,146,0.5004032258064516,0.15000000000000005,0.34959677419354845,0.03427419354838709,0.8637096774193546,1.7137096774193543e-05,0.0,5.0,0.15,0.15
strategic_diversified_10,Strategic 10% diversified real-assets/defensive basket,strategic_equal,2021,26,-0.14262844321983126,0.270309793377151,-0.4296611399382136,-0.5128328411644214,-0.28681913672866266,-0.4972765933493516,-0.13152497006935884,-0.18070899537189591,85319.3336588408,331,0.454423076923077,0.14999999999999997,0.39557692307692294,0.059711538461538455,1.504730769230769,2.9855769230769222e-05,0.0,5.0,0.15,0.15
strategic_diversified_10,Strategic 10% diversified real-assets/defensive basket,strategic_equal,2022,26,-0.16505506642371137,0.25179226395704396,-0.5955976294152215,-0.9211897874454628,-0.23481390738203667,-0.7029186144207834,-0.07052237830468072,-0.0736983686341372,83017.71601174732,362,0.3825,0.14999999999999997,0.4674999999999999,0.0,0.0,0.0,0.0,5.0,0.15,0.15
strategic_diversified_10,Strategic 10% diversified real-assets/defensive basket,strategic_equal,2023,25,1.0932253050954066,0.3392264004557475,2.3625265136049514,7.586103233016534,-0.14325107717454733,7.631532876805826,-0.048377005461654105,-0.057778608891150655,208098.9159098866,128,0.41309999999999997,0.15,0.43689999999999996,0.010199999999999996,0.2570399999999999,5.099999999999999e-06,0.0,5.0,0.15,0.15
strategic_diversified_10,Strategic 10% diversified real-assets/defensive basket,strategic_equal,2024,26,0.685578437674047,0.3270767875087475,1.7629388577523855,4.18212291049231,-0.08596213321746204,7.97535393799163,-0.07381992356149614,-0.07502108001640755,171374.9523096166,146,0.5459615384615385,0.14999999999999997,0.3040384615384615,0.027788461538461533,0.7002692307692306,1.3894230769230766e-05,0.0,5.0,0.15,0.15
strategic_diversified_10,Strategic 10% diversified real-assets/defensive basket,strategic_equal,2025,25,1.424489635786934,0.26584205795574734,3.510856678415701,11.42046485417634,-0.0690116119380988,20.64130362676727,-0.05200497006391006,-0.06901161193809882,240750.82809610464,43,0.5049,0.15,0.3450999999999999,0.0561,1.4137199999999999,2.8049999999999994e-05,0.0,5.0,0.15,0.15
strategic_diversified_10,Strategic 10% diversified real-assets/defensive basket,strategic_equal,2026,11,0.6086342112155709,0.29220266682954704,1.770158193040329,4.30464272059361,-0.09335545308131998,6.519535722090089,-0.06794647412293195,-0.06794647412293195,123060.94628797179,74,0.38249999999999995,0.14999999999999997,0.4675,0.0,0.0,0.0,0.0,5.0,0.15,0.15
regime_fixed_20,Risk-state 20% fixed defensive basket,regime_equal,overall,139,0.5100273948936891,0.35312287508649765,1.345874266347882,2.6971263088180084,-0.49286681215655403,1.0348178905819372,-0.10577726444268587,-0.2140050855670619,971085.7334369781,860,0.5341726618705037,0.12733812949640289,0.3384892086330935,0.03201438848920864,0.8067625899280576,1.600719424460432e-05,0.0,5.0,0.15,0.15
regime_fixed_20,Risk-state 20% fixed defensive basket,regime_equal,development_2021_2023,77,0.14405172181673742,0.3498496583377996,0.5548465646087658,0.95454003377126,-0.49286681215655403,0.29227312179214227,-0.12170387263609882,-0.2140050855670619,150863.42330693998,860,0.49025974025974045,0.13928571428571426,0.37045454545454537,0.025324675324675326,0.6381818181818182,1.2662337662337662e-05,0.0,5.0,0.15,0.15
regime_fixed_20,Risk-state 20% fixed defensive basket,regime_equal,holdout_2024_2026,62,1.1315066668149543,0.3474624218798929,2.372700666068685,6.102295670791009,-0.11243661163794938,10.063507342772418,-0.08348509551162436,-0.0862836521622979,643685.3361475498,146,0.5887096774193551,0.11250000000000003,0.29879032258064503,0.04032258064516129,1.0161290322580645,2.0161290322580645e-05,0.0,5.0,0.15,0.15
regime_fixed_20,Risk-state 20% fixed defensive basket,regime_equal,2021,26,-0.17873176709431826,0.3179521587934155,-0.45261537972597654,-0.5396081384778356,-0.33602257835119087,-0.5319040404109942,-0.15367787063734584,-0.2140050855670619,81615.05230306291,331,0.5346153846153846,0.12692307692307692,0.3384615384615385,0.06346153846153847,1.5992307692307695,3.1730769230769234e-05,0.0,5.0,0.15,0.15
regime_fixed_20,Risk-state 20% fixed defensive basket,regime_equal,2022,26,-0.19698222863238202,0.2952311694231999,-0.6016704888445745,-0.9291610154942805,-0.2715439138343402,-0.7254157379220595,-0.08252927491545654,-0.0869473853792098,79744.4667803339,362,0.44999999999999996,0.14999999999999997,0.4000000000000001,0.0,0.0,0.0,0.0,5.0,0.15,0.15
regime_fixed_20,Risk-state 20% fixed defensive basket,regime_equal,2023,25,1.3336409746515536,0.3976287333925505,2.3445772180144746,7.5146325106054555,-0.16682179637134598,7.994404829947182,-0.05638073651471126,-0.0679741800870716,231799.84249990637,128,0.486,0.141,0.3730000000000001,0.012000000000000002,0.30240000000000006,6e-06,0.0,5.0,0.15,0.15
regime_fixed_20,Risk-state 20% fixed defensive basket,regime_equal,2024,26,0.8207955954585722,0.38506018377691964,1.7500946764528027,4.173641035702456,-0.10419264312001753,7.877673229895064,-0.08611206668955768,-0.0862836521622979,185576.70283116266,146,0.6423076923076922,0.09807692307692308,0.25961538461538464,0.032692307692307694,0.8238461538461539,1.6346153846153847e-05,0.0,5.0,0.15,0.15
regime_fixed_20,Risk-state 20% fixed defensive basket,regime_equal,2025,25,1.7611851925660154,0.314058398950106,3.4405989336086535,11.182489168624176,-0.08140122717529052,21.63585554764985,-0.061420135949743195,-0.08140122717529051,273901.73137652816,43,0.594,0.111,0.29500000000000004,0.066,1.6632,3.3e-05,0.0,5.0,0.15,0.15
regime_fixed_20,Risk-state 20% fixed defensive basket,regime_equal,2026,11,0.7176910823764437,0.34347604025987005,1.7413936090563447,4.225802064314619,-0.11243661163794916,6.383072843634248,-0.08031502149209159,-0.08031502149209159,126635.47501206909,74,0.45,0.14999999999999997,0.4,0.0,0.0,0.0,0.0,5.0,0.15,0.15
regime_trend_20,Risk-state 20% trend-confirmed diversifiers,regime_trend_long,overall,139,0.5057121305740027,0.3512135849561499,1.343016665187809,2.7044569089086417,-0.4836658483620021,1.0455816392384603,-0.10576186058857136,-0.2140050855670619,955877.0215513988,860,0.5341726618705037,0.10629496402877699,0.35953237410071937,0.09996562074590302,2.5191336427967563,4.998281037295152e-05,0.0,5.0,0.15,0.15
regime_trend_20,Risk-state 20% trend-confirmed diversifiers,regime_trend_long,development_2021_2023,77,0.1409620161073264,0.3469502114624679,0.548876756188218,0.9456672182753995,-0.4836658483620021,0.29144504741178806,-0.12180355845901797,-0.2140050855670619,149621.94365605473,860,0.49025974025974045,0.10129870129870132,0.4084415584415584,0.10822397072318433,2.727244062224245,5.4111985361592163e-05,0.0,5.0,0.15,0.15
regime_trend_20,Risk-state 20% trend-confirmed diversifiers,regime_trend_long,holdout_2024_2026,62,1.1249996569122138,0.34669617728841556,2.3680201066846873,6.147473940013739,-0.11671273161878637,9.639048296690977,-0.08275691529505316,-0.08564094037907205,638861.5187012492,146,0.5887096774193551,0.11250000000000003,0.29879032258064503,0.08970928287089239,2.2606739283464883,4.485464143544619e-05,0.0,5.0,0.15,0.15
regime_trend_20,Risk-state 20% trend-confirmed diversifiers,regime_trend_long,2021,26,-0.17621060472989136,0.3179145323992199,-0.4430740971197137,-0.5278933767250268,-0.33211614419801605,-0.5305692234727082,-0.15367787063734584,-0.2140050855670619,81873.56388313253,331,0.5346153846153846,0.12692307692307692,0.3384615384615385,0.123096997456911,3.102044335914157,6.154849872845551e-05,0.0,5.0,0.15,0.15
regime_trend_20,Risk-state 20% trend-confirmed diversifiers,regime_trend_long,2022,26,-0.18279253755964997,0.29332888371091814,-0.5484034909909683,-0.8677915688330023,-0.2644014867238865,-0.6913445904732735,-0.07959124320919117,-0.08807340639550922,81198.72744120943,362,0.44999999999999996,0.08653846153846155,0.46346153846153854,0.05354012613800225,1.3492111786776566,2.6770063069001122e-05,0.0,5.0,0.15,0.15
regime_trend_20,Risk-state 20% trend-confirmed diversifiers,regime_trend_long,2023,25,1.2652742741371554,0.39423761825840464,2.2837103312351763,7.32334088477843,-0.16838286273506653,7.514269882250054,-0.057611691743710516,-0.06609891537126578,225062.1036567633,128,0.486,0.09,0.42400000000000004,0.14962722128869796,3.7706059764751885,7.481361064434899e-05,0.0,5.0,0.15,0.15
regime_trend_20,Risk-state 20% trend-confirmed diversifiers,regime_trend_long,2024,26,0.825340797577955,0.3844252583906326,1.7589243770512117,4.232723738810682,-0.10318753254464552,7.998454631336977,-0.0855815011584515,-0.08564094037907205,186054.67813931115,146,0.6423076923076922,0.09807692307692308,0.25961538461538464,0.07796513917440748,1.9647215071950683,3.898256958720374e-05,0.0,5.0,0.15,0.15
regime_trend_20,Risk-state 20% trend-confirmed diversifiers,regime_trend_long,2025,25,1.7280525479040616,0.31356642358410214,3.405436611848025,11.048489824983383,-0.08088061128490653,21.365473386655037,-0.061664149948297095,-0.08088061128490649,270640.9958473896,43,0.594,0.111,0.29500000000000004,0.11600787214996021,2.923398378178997,5.800393607498012e-05,0.0,5.0,0.15,0.15
regime_trend_20,Risk-state 20% trend-confirmed diversifiers,regime_trend_long,2026,11,0.7251113003291756,0.3427504136259777,1.757086871462775,4.371931852056123,-0.11671273161878615,6.212786645227154,-0.07898404757840319,-0.07898404757840319,126873.97667513318,74,0.45,0.15,0.4,0.05769864688288431,1.4540059014486846,2.8849323441442162e-05,0.0,5.0,0.15,0.15
diversified_trend_overlay_20,Risk-state 20% diversified long/short trend overlay,regime_trend_long_short,overall,139,0.4986543884506547,0.35048059248392727,1.331562490719565,2.662850122251566,-0.485797353518133,1.0264658397980377,-0.10685791047648074,-0.2140050855670619,931423.3179700847,860,0.5341726618705037,0.1251798561151079,0.34064748201438844,0.10611916925243282,2.674203065161307,5.305958462621642e-05,5.955946765952061e-06,5.0,0.15,0.15
diversified_trend_overlay_20,Risk-state 20% diversified long/short trend overlay,regime_trend_long_short,development_2021_2023,77,0.1367872741464955,0.3442887828106056,0.5398307958752315,0.925909551511893,-0.485797353518133,0.28157270342435026,-0.1214511215380001,-0.2140050855670619,147955.42665290463,860,0.49025974025974045,0.13538961038961037,0.3743506493506493,0.11202096872754064,2.822928411934024,5.6010484363770284e-05,8.479981235550011e-06,5.0,0.15,0.15
diversified_trend_overlay_20,Risk-state 20% diversified long/short trend overlay,regime_trend_long_short,holdout_2024_2026,62,1.1123283424515615,0.34835824320214676,2.3408616830485203,5.943941168427655,-0.11433821883363682,9.728403623901206,-0.08546432751075414,-0.09141315569280781,629529.6759578496,146,0.5887096774193551,0.11250000000000002,0.29879032258064503,0.09878951506560542,2.4894957796532564,4.939475753280271e-05,2.8212587956449314e-06,5.0,0.15,0.15
diversified_trend_overlay_20,Risk-state 20% diversified long/short trend overlay,regime_trend_long_short,2021,26,-0.17640890050229552,0.3186336537340834,-0.44221050090623604,-0.5282532559253005,-0.3332825575061581,-0.5293073295593514,-0.15367787063734584,-0.2140050855670619,81853.23038494714,331,0.5346153846153846,0.12692307692307692,0.3384615384615385,0.13009298140025277,3.27834313128637,6.504649070012639e-05,6.312624905232414e-06,5.0,0.15,0.15
diversified_trend_overlay_20,Risk-state 20% diversified long/short trend overlay,regime_trend_long_short,2022,26,-0.1852860877748007,0.28620560859205313,-0.57901909563452,-0.897553534765072,-0.2686900845591764,-0.6895903437552912,-0.07787030104076695,-0.08779318728726752,80943.11218594667,362,0.44999999999999996,0.14423076923076922,0.4057692307692309,0.0717849086713111,1.8089796985170397,3.589245433565555e-05,9.81832107488364e-06,5.0,0.15,0.15
diversified_trend_overlay_20,Risk-state 20% diversified long/short trend overlay,regime_trend_long_short,2023,25,1.247535176844313,0.3921726347650097,2.2727955129722046,7.362897700624155,-0.15745790394270887,7.922975891373667,-0.055420971523874346,-0.06609891537126578,223313.6018086228,128,0.486,0.135,0.37900000000000006,0.13507157800639866,3.403803765761246,6.753578900319932e-05,9.342158386173336e-06,5.0,0.15,0.15
diversified_trend_overlay_20,Risk-state 20% diversified long/short trend overlay,regime_trend_long_short,2024,26,0.8101915680723137,0.38778071486283955,1.7250672930090365,4.062955331632767,-0.10810580490798916,7.494431670546117,-0.08850538179879514,-0.09141315569280781,184461.72640962608,146,0.6423076923076922,0.09807692307692305,0.25961538461538464,0.07244927054412431,1.8257216177119326,3.622463527206216e-05,1.6969164454561654e-06,5.0,0.15,0.15
diversified_trend_overlay_20,Risk-state 20% diversified long/short trend overlay,regime_trend_long_short,2025,25,1.7100724495992798,0.3162938463572598,3.357036915017539,10.52064499634885,-0.08519012358577449,20.073599821433255,-0.06410293283126849,-0.08519012358577445,268871.36058041337,43,0.594,0.111,0.29500000000000004,0.13637257617916682,3.4365889197150037,6.818628808958339e-05,4.4388416214330675e-06,5.0,0.15,0.15
diversified_trend_overlay_20,Risk-state 20% diversified long/short trend overlay,regime_trend_long_short,2026,11,0.7268670461335811,0.3376303747599803,1.782618655271727,4.382484299661265,-0.1143382188336367,6.357166077522864,-0.07965642285965184,-0.07965642285965184,126930.32548276191,74,0.45,0.14999999999999997,0.4,0.07563222685828488,1.905932116828779,3.781611342914245e-05,1.8024706556635257e-06,5.0,0.15,0.15
strategic_gold_10,Strategic 10% gold,strategic_single,overall,139,0.4378434225182981,0.2852930085494085,1.4196265474407515,2.868183214720235,-0.40686787881992337,1.0761317010038147,-0.08565009256424012,-0.16529623109828737,741168.8040454204,860,0.4273381294964028,0.19999999999999998,0.37266187050359706,0.027050359712230215,0.6816690647482014,1.3525179856115104e-05,0.0,5.0,0.2,0.2
strategic_gold_10,Strategic 10% gold,strategic_single,development_2021_2023,77,0.1309405315711032,0.28177910065728706,0.5741154769692164,0.9943835990561082,-0.40686787881992337,0.321825679507761,-0.09705114614224256,-0.16529623109828737,145642.5193734133,860,0.3922077922077922,0.19999999999999993,0.4077922077922077,0.022857142857142854,0.5759999999999998,1.1428571428571426e-05,0.0,5.0,0.2,0.2
strategic_gold_10,Strategic 10% gold,strategic_single,holdout_2024_2026,62,0.9373606562495442,0.28029430170773484,2.5226794763988143,6.500299688543715,-0.09456647828180509,9.912187418635169,-0.06785437003604264,-0.07273598700120358,508895.8960845323,86,0.4709677419354838,0.19999999999999993,0.32903225806451625,0.032258064516129024,0.8129032258064514,1.612903225806451e-05,0.0,5.0,0.2,0.2
strategic_gold_10,Strategic 10% gold,strategic_single,2021,26,-0.15321400512387984,0.25073814446633386,-0.5339790507503047,-0.6316639315392716,-0.26874693032660013,-0.5701051354807418,-0.12215949147182843,-0.16529623109828737,84232.70877690765,331,0.4276923076923077,0.20000000000000004,0.3723076923076922,0.058461538461538454,1.473230769230769,2.9230769230769224e-05,0.0,5.0,0.2,0.2
strategic_gold_10,Strategic 10% gold,strategic_single,2022,26,-0.1470771326692457,0.24217534811028554,-0.5409803465591788,-0.8402262187513342,-0.21401647479505725,-0.6872234149734835,-0.0682693346744549,-0.06948934383102016,84862.61637225487,362,0.36,0.20000000000000004,0.43999999999999984,0.0,0.0,0.0,0.0,5.0,0.2,0.2
strategic_gold_10,Strategic 10% gold,strategic_single,2023,25,1.0491027048095871,0.3192572587432723,2.4236259864903906,7.9349206234517515,-0.13967759975331462,7.510887262255459,-0.04629931600115959,-0.05302830630171919,203746.89479617612,128,0.38880000000000003,0.20000000000000004,0.4111999999999999,0.0096,0.24191999999999997,4.8e-06,0.0,5.0,0.2,0.2
strategic_gold_10,Strategic 10% gold,strategic_single,2024,26,0.7054211957508971,0.30594226966869864,1.9042876648867326,4.571007735327043,-0.07049727819335139,10.006360725248902,-0.07161663259727748,-0.07273598700120358,173456.8244910295,86,0.513846153846154,0.20000000000000004,0.2861538461538461,0.026153846153846153,0.659076923076923,1.3076923076923073e-05,0.0,5.0,0.2,0.2
strategic_gold_10,Strategic 10% gold,strategic_single,2025,25,1.4704949656039927,0.2511254101813133,3.7813001657846974,12.385480089400621,-0.06607510051293519,22.25490319634279,-0.046436672599669326,-0.06607510051293508,245282.54297514143,43,0.4752000000000001,0.20000000000000004,0.3247999999999999,0.052799999999999986,1.3305599999999995,2.639999999999999e-05,0.0,5.0,0.2,0.2
strategic_gold_10,Strategic 10% gold,strategic_single,2026,11,0.5071833956616578,0.28909925045314966,1.5573695527604188,3.683885407083755,-0.09456647828180509,5.363247155617527,-0.06210911443668054,-0.06210911443668054,119610.94375727637,74,0.36,0.2,0.43999999999999984,0.0,0.0,0.0,0.0,5.0,0.2,0.2
strategic_oil_10,Strategic 10% oil,strategic_single,overall,139,0.4812308904488152,0.29165874183272655,1.4982982011020605,2.9817035537230656,-0.33410270595567026,1.440368131926074,-0.09167916170892099,-0.1732374935113338,873239.7176412491,829,0.4273381294964028,0.19999999999999998,0.37266187050359706,0.027050359712230215,0.6816690647482014,1.3525179856115104e-05,0.0,5.0,0.2,0.2
strategic_oil_10,Strategic 10% oil,strategic_single,development_2021_2023,77,0.18680851695344747,0.29757158621195606,0.721847295676338,1.244866744383728,-0.33410270595567026,0.5591350013736008,-0.10736771308636461,-0.1732374935113338,168761.82821274063,829,0.3922077922077922,0.19999999999999993,0.4077922077922077,0.022857142857142854,0.5759999999999998,1.1428571428571426e-05,0.0,5.0,0.2,0.2
strategic_oil_10,Strategic 10% oil,strategic_single,holdout_2024_2026,62,0.9505147876672531,0.2767208474845425,2.5763800232344045,6.7431578954866245,-0.08015023695723145,11.859163787306734,-0.06621706495513531,-0.074890238669781,517439.1193134304,131,0.4709677419354838,0.19999999999999993,0.32903225806451625,0.032258064516129024,0.8129032258064514,1.612903225806451e-05,0.0,5.0,0.2,0.2
strategic_oil_10,Strategic 10% oil,strategic_single,2021,26,-0.046980960564840246,0.2828644549530602,-0.026684986465848798,-0.03315033737892617,-0.26376239331888496,-0.1781184951110181,-0.13306475864570175,-0.1732374935113338,95156.42888279316,331,0.4276923076923077,0.20000000000000004,0.3723076923076922,0.058461538461538454,1.473230769230769,2.9230769230769224e-05,0.0,5.0,0.2,0.2
strategic_oil_10,Strategic 10% oil,strategic_single,2022,26,-0.10536621271548618,0.24544329820343658,-0.3372285126609921,-0.545608441877615,-0.22327467102141718,-0.4719129681547225,-0.06260681062652156,-0.0630441735777516,89147.71705735166,157,0.36,0.20000000000000004,0.43999999999999984,0.0,0.0,0.0,0.0,5.0,0.2,0.2
strategic_oil_10,Strategic 10% oil,strategic_single,2023,25,1.0003945713455096,0.34101077330933544,2.215529109628016,6.420300416499619,-0.11443443871259618,8.742076097021943,-0.05369761265450815,-0.05484546561001772,198941.716329171,113,0.38880000000000003,0.20000000000000004,0.4111999999999999,0.0096,0.24191999999999997,4.8e-06,0.0,5.0,0.2,0.2
strategic_oil_10,Strategic 10% oil,strategic_single,2024,26,0.6768983108008879,0.3036191849039551,1.8599050595065898,4.4702594296075375,-0.08015023695723145,8.445368803614194,-0.06795499985955734,-0.074890238669781,170464.4905698782,131,0.513846153846154,0.20000000000000004,0.2861538461538461,0.026153846153846153,0.659076923076923,1.3076923076923073e-05,0.0,5.0,0.2,0.2
strategic_oil_10,Strategic 10% oil,strategic_single,2025,25,1.2029364649686682,0.2671841881015511,3.1232777801101266,9.543445709223366,-0.07434886736945578,16.1796205850859,-0.05757408079782737,-0.07434886736945584,218917.1239665754,43,0.4752000000000001,0.20000000000000004,0.3247999999999999,0.052799999999999986,1.3305599999999995,2.639999999999999e-05,0.0,5.0,0.2,0.2
strategic_oil_10,Strategic 10% oil,strategic_single,2026,11,1.1143869314052912,0.24766923581531725,3.1778544723038387,8.849830860654617,-0.05460939273197074,20.406506567008208,-0.05460939273197071,-0.05460939273197071,138658.21343891358,46,0.36,0.2,0.43999999999999984,0.0,0.0,0.0,0.0,5.0,0.2,0.2
strategic_diversified_10,Strategic 10% diversified real-assets/defensive basket,strategic_equal,overall,139,0.4195911109031629,0.28392302460913993,1.379543933803639,2.7604404160779357,-0.40483512539051214,1.0364493705886237,-0.08540891127370497,-0.16961029864017396,690737.8936182897,860,0.4273381294964028,0.19999999999999998,0.37266187050359706,0.027050359712230215,0.6816690647482014,1.3525179856115104e-05,0.0,5.0,0.2,0.2
strategic_diversified_10,Strategic 10% diversified real-assets/defensive basket,strategic_equal,development_2021_2023,77,0.13080362269931278,0.2824358427952595,0.573182588035904,0.9871237810098981,-0.40483512539051214,0.32310344260058205,-0.0979989260407573,-0.16961029864017396,145588.65319640416,860,0.3922077922077922,0.19999999999999993,0.4077922077922077,0.022857142857142854,0.5759999999999998,1.1428571428571426e-05,0.0,5.0,0.2,0.2
strategic_diversified_10,Strategic 10% diversified real-assets/defensive basket,strategic_equal,holdout_2024_2026,62,0.882941338273387,0.2775841413152533,2.439178640716159,6.250258201547781,-0.08343034774164804,10.58297564583477,-0.06708122409516323,-0.07185371825140076,474444.868094535,131,0.4709677419354838,0.19999999999999993,0.32903225806451625,0.032258064516129024,0.8129032258064514,1.612903225806451e-05,0.0,5.0,0.2,0.2
strategic_diversified_10,Strategic 10% diversified real-assets/defensive basket,strategic_equal,2021,26,-0.12914371124775037,0.25539856581806647,-0.41020759807102086,-0.4901973698505527,-0.27053395792678336,-0.47736599219348835,-0.12414066988002986,-0.16961029864017396,86704.17930967493,331,0.4276923076923077,0.20000000000000004,0.3723076923076922,0.058461538461538454,1.473230769230769,2.9230769230769224e-05,0.0,5.0,0.2,0.2
strategic_diversified_10,Strategic 10% diversified real-assets/defensive basket,strategic_equal,2022,26,-0.15683871008349803,0.2394524181461058,-0.597436982709402,-0.9236631849778426,-0.22475044349643158,-0.6978349303501516,-0.06743899694486839,-0.06878583659706214,83860.72583938166,362,0.36,0.20000000000000004,0.43999999999999984,0.0,0.0,0.0,0.0,5.0,0.2,0.2
strategic_diversified_10,Strategic 10% diversified real-assets/defensive basket,strategic_equal,2023,25,1.0134512121250117,0.3213569431782624,2.353613486674174,7.421453825407742,-0.1395481983609549,7.2623740329747735,-0.04742500407156553,-0.055055173397778955,200229.87657620016,113,0.38880000000000003,0.20000000000000004,0.4111999999999999,0.0096,0.24191999999999997,4.8e-06,0.0,5.0,0.2,0.2
strategic_diversified_10,Strategic 10% diversified real-assets/defensive basket,strategic_equal,2024,26,0.646780242254563,0.3075241543058944,1.7796521257525424,4.218197211941913,-0.07701310817565199,8.398313710172332,-0.06988725873011543,-0.07185371825140076,167306.56006930166,131,0.513846153846154,0.20000000000000004,0.2861538461538461,0.026153846153846153,0.659076923076923,1.3076923076923073e-05,0.0,5.0,0.2,0.2
strategic_diversified_10,Strategic 10% diversified real-assets/defensive basket,strategic_equal,2025,25,1.33472003439792,0.24993029136278014,3.5637102938006358,11.600264254217748,-0.06498905912340858,20.53761129028507,-0.04890723325683992,-0.0649890591234087,231906.17432244637,43,0.4752000000000001,0.20000000000000004,0.3247999999999999,0.052799999999999986,1.3305599999999995,2.639999999999999e-05,0.0,5.0,0.2,0.2
strategic_diversified_10,Strategic 10% diversified real-assets/defensive basket,strategic_equal,2026,11,0.585385563818005,0.2757188330338697,1.8076313061322553,4.378725059953041,-0.08343034774164804,7.016458395100075,-0.06356131979701338,-0.06356131979701338,122281.41959348024,74,0.36,0.2,0.43999999999999984,0.0,0.0,0.0,0.0,5.0,0.2,0.2
regime_fixed_20,Risk-state 20% fixed defensive basket,regime_equal,overall,139,0.5126658362680152,0.35395179831605367,1.3485847374934374,2.697578600429765,-0.4931628713815154,1.039546701542769,-0.10584883725482211,-0.2140050855670619,980481.8410658996,860,0.5341726618705037,0.16978417266187049,0.29604316546762593,0.03201438848920864,0.8067625899280576,1.600719424460432e-05,0.0,5.0,0.2,0.2
regime_fixed_20,Risk-state 20% fixed defensive basket,regime_equal,development_2021_2023,77,0.1429011474954145,0.3511883133743705,0.5511883774983202,0.9464406129202801,-0.4931628713815154,0.28976461081731525,-0.12171993721892388,-0.2140050855670619,150400.30261595393,860,0.49025974025974045,0.18571428571428567,0.32402597402597405,0.025324675324675326,0.6381818181818182,1.2662337662337662e-05,0.0,5.0,0.2,0.2
regime_fixed_20,Risk-state 20% fixed defensive basket,regime_equal,holdout_2024_2026,62,1.1425412004302493,0.3474490695131773,2.3881181427223024,6.1426967502453955,-0.10901880638380246,10.480221150173985,-0.08352870704932136,-0.08687048111258788,651914.8060290497,146,0.5887096774193551,0.14999999999999994,0.26129032258064516,0.04032258064516129,1.0161290322580645,2.016129032258065e-05,0.0,5.0,0.2,0.2
regime_fixed_20,Risk-state 20% fixed defensive basket,regime_equal,2021,26,-0.17721019833674645,0.3188377293926002,-0.4447121006535582,-0.5305093944126728,-0.3365660557216087,-0.5265242745790331,-0.15367787063734584,-0.2140050855670619,81771.06587935874,331,0.5346153846153846,0.16923076923076924,0.2961538461538461,0.06346153846153847,1.5992307692307695,3.1730769230769234e-05,0.0,5.0,0.2,0.2
regime_fixed_20,Risk-state 20% fixed defensive basket,regime_equal,2022,26,-0.19930269404315482,0.2972491569486268,-0.6053655707387555,-0.9344511279299311,-0.27393605397722365,-0.727551890850139,-0.0834481924259028,-0.08645119225715893,79506.72617242999,362,0.44999999999999996,0.20000000000000004,0.35,0.0,0.0,0.0,0.0,5.0,0.2,0.2
regime_fixed_20,Risk-state 20% fixed defensive basket,regime_equal,2023,25,1.32894451374816,0.39915447004913024,2.331937410557815,7.363171966673773,-0.1703523829151713,7.801150127790824,-0.05809664547564173,-0.06864926832567353,231337.04314514797,128,0.486,0.188,0.326,0.012000000000000002,0.30240000000000006,6e-06,0.0,5.0,0.2,0.2
regime_fixed_20,Risk-state 20% fixed defensive basket,regime_equal,2024,26,0.82650357703754,0.3847348749097089,1.7596183549902025,4.201104594967105,-0.1014272439299777,8.148733466603243,-0.08627678290086413,-0.08687048111258788,186176.96257469786,146,0.6423076923076922,0.13076923076923078,0.22692307692307695,0.032692307692307694,0.8238461538461539,1.6346153846153847e-05,0.0,5.0,0.2,0.2
regime_fixed_20,Risk-state 20% fixed defensive basket,regime_equal,2025,25,1.7781568873524054,0.31416235079700666,3.459888345072963,11.247602630630368,-0.08150854610633096,21.81558833147058,-0.061460787771284095,-0.08150854610633095,275571.8731989474,43,0.594,0.14800000000000002,0.258,0.066,1.6632,3.3e-05,0.0,5.0,0.2,0.2
regime_fixed_20,Risk-state 20% fixed defensive basket,regime_equal,2026,11,0.7311045930729769,0.3439735914623002,1.7624629473626352,4.261354424975035,-0.10901880638380224,6.706224525143973,-0.08005271628922624,-0.08005271628922624,127066.19222985998,74,0.45,0.2,0.35000000000000003,0.0,0.0,0.0,0.0,5.0,0.2,0.2
regime_trend_20,Risk-state 20% trend-confirmed diversifiers,regime_trend_long,overall,139,0.5068419215813609,0.35152768173127114,1.3443311214876221,2.705633242061531,-0.4809278118489375,1.053883574819256,-0.10610027832485878,-0.2140050855670619,959839.8772305485,860,0.5341726618705037,0.14172661870503594,0.3241007194244605,0.12261603149813452,3.08992399375299,6.130801574906724e-05,0.0,5.0,0.2,0.2
regime_trend_20,Risk-state 20% trend-confirmed diversifiers,regime_trend_long,development_2021_2023,77,0.13869296027585154,0.3475720837267591,0.5428062059713168,0.9337821896796493,-0.4809278118489375,0.28838623356516524,-0.12185285164948276,-0.2140050855670619,148714.60063359063,860,0.49025974025974045,0.13506493506493503,0.3746753246753247,0.13585706918935403,3.4235981435717213,6.7928534594677e-05,0.0,5.0,0.2,0.2
regime_trend_20,Risk-state 20% trend-confirmed diversifiers,regime_trend_long,holdout_2024_2026,62,1.1338450489998007,0.34639736254295295,2.3821246377878644,6.202955344875495,-0.11472404214651832,9.8832383150493,-0.08255780009389313,-0.08585502747996533,645424.1030411286,146,0.5887096774193551,0.14999999999999994,0.2612903225806452,0.10617151694613608,2.675522227042629,5.3085758473068034e-05,0.0,5.0,0.2,0.2
regime_trend_20,Risk-state 20% trend-confirmed diversifiers,regime_trend_long,2021,26,-0.1738488100605069,0.31881301069257206,-0.4319894992031104,-0.5148556597880363,-0.3313580427945306,-0.5246554711463802,-0.15367787063734584,-0.2140050855670619,82115.75721876939,331,0.5346153846153846,0.16923076923076924,0.2961538461538462,0.14297548378870187,3.602982191475287,7.148774189435093e-05,0.0,5.0,0.2,0.2
regime_trend_20,Risk-state 20% trend-confirmed diversifiers,regime_trend_long,2022,26,-0.18047003989531984,0.2950987070693307,-0.5340089180832923,-0.8509401665223434,-0.26440148672388664,-0.682560609365196,-0.07953081681754898,-0.08795255361222482,81436.83027561773,362,0.44999999999999996,0.1153846153846154,0.4346153846153846,0.07138683485066966,1.7989482382368753,3.569341742533483e-05,0.0,5.0,0.2,0.2
regime_trend_20,Risk-state 20% trend-confirmed diversifiers,regime_trend_long,2023,25,1.238118595538022,0.3949723292128205,2.248784312021723,7.101232455200296,-0.1724424813793176,7.179893177334662,-0.05895859259476341,-0.06614891537126578,222385.38669018072,142,0.486,0.12000000000000002,0.3940000000000001,0.19550296171826392,4.926674635300251,9.775148085913198e-05,0.0,5.0,0.2,0.2
regime_trend_20,Risk-state 20% trend-confirmed diversifiers,regime_trend_long,2024,26,0.832573926214897,0.38389826710347985,1.7713828024133977,4.278987477534824,-0.10009448626317863,8.317880008153583,-0.0855693621927226,-0.08585502747996533,186815.3947694474,146,0.6423076923076922,0.13076923076923078,0.22692307692307698,0.09305608300177408,2.345013291644707,4.652804150088704e-05,0.0,5.0,0.2,0.2
regime_trend_20,Risk-state 20% trend-confirmed diversifiers,regime_trend_long,2025,25,1.7338252693007976,0.3134777933810618,3.4133479118584735,11.066912999130302,-0.08081439158581893,21.454412206514018,-0.061786139769355965,-0.08081439158581892,271209.13834098965,43,0.594,0.14800000000000002,0.25800000000000006,0.13267716286661366,3.343464504238664,6.633858143330683e-05,0.0,5.0,0.2,0.2
regime_trend_20,Risk-state 20% trend-confirmed diversifiers,regime_trend_long,2026,11,0.7411618654906698,0.34285297384796415,1.784227595934426,4.4615603785054425,-0.11472404214651855,6.460388351241173,-0.07827808440430838,-0.07827808440430838,127387.90607121676,74,0.45,0.2,0.35000000000000003,0.0769315291771791,1.9386745352649133,3.846576458858955e-05,0.0,5.0,0.2,0.2
diversified_trend_overlay_20,Risk-state 20% diversified long/short trend overlay,regime_trend_long_short,overall,139,0.4974896991748341,0.3504439770683606,1.3294690463803622,2.6520538898243466,-0.4837152546524478,1.0284763492362532,-0.10728969863321523,-0.2140050855670619,927437.5878284925,860,0.5341726618705037,0.16690647482014384,0.2989208633093526,0.13082076284017422,3.29668322357239,6.541038142008712e-05,7.941262354602748e-06,5.0,0.2,0.2
diversified_trend_overlay_20,Risk-state 20% diversified long/short trend overlay,regime_trend_long_short,development_2021_2023,77,0.13322352496593637,0.3438148505044109,0.5309950742782975,0.9081852579582815,-0.4837152546524478,0.275417249475951,-0.12138293575479225,-0.2140050855670619,146542.72973534258,860,0.49025974025974045,0.18051948051948047,0.32922077922077925,0.14091973319516235,3.551177276518091,7.045986659758121e-05,1.1306641647400012e-05,5.0,0.2,0.2
diversified_trend_overlay_20,Risk-state 20% diversified long/short trend overlay,regime_trend_long_short,holdout_2024_2026,62,1.1168884609483491,0.3486296072586236,2.345741538947171,5.932026529645269,-0.11155232758362366,10.012238069269234,-0.08616768304816107,-0.09297998399046085,632878.6078323044,146,0.5887096774193551,0.14999999999999994,0.26129032258064516,0.11827849320575347,2.9806180287849875,5.913924660287673e-05,3.761678394193243e-06,5.0,0.2,0.2
diversified_trend_overlay_20,Risk-state 20% diversified long/short trend overlay,regime_trend_long_short,2021,26,-0.17411307123589548,0.3197685330391456,-0.43087982780783374,-0.5153995871516472,-0.332912296097593,-0.5229998209043453,-0.15367787063734584,-0.2140050855670619,82088.65711626747,331,0.5346153846153846,0.16923076923076924,0.2961538461538462,0.15230346237982426,3.838047251971571,7.615173118991212e-05,8.416833206976552e-06,5.0,0.2,0.2
diversified_trend_overlay_20,Risk-state 20% diversified long/short trend overlay,regime_trend_long_short,2022,26,-0.1837013210716476,0.2851754720876431,-0.5752946136804501,-0.8925043834703312,-0.27014500928065033,-0.6800100492724727,-0.07849670999933105,-0.08757892813456922,81105.56465326496,191,0.44999999999999996,0.19230769230769235,0.3576923076923078,0.09571321156174814,2.411972931356053,4.785660578087408e-05,1.309109476651152e-05,5.0,0.2,0.2
diversified_trend_overlay_20,Risk-state 20% diversified long/short trend overlay,regime_trend_long_short,2023,25,1.2149887135168647,0.39196418733983446,2.2354401660977117,7.155345366402346,-0.15787950544311402,7.695670885887342,-0.05698822120059356,-0.06614891537126578,220105.2866213101,128,0.486,0.18,0.3340000000000001,0.1760954373418649,4.4376050210149955,8.804771867093245e-05,1.2456211181564448e-05,5.0,0.2,0.2
diversified_trend_overlay_20,Risk-state 20% diversified long/short trend overlay,regime_trend_long_short,2024,26,0.8123358903076361,0.3883584594852082,1.726226372635548,4.053496121094534,-0.10665384825970892,7.61656427370109,-0.08946786971318076,-0.09297998399046085,184687.17771296925,146,0.6423076923076922,0.13076923076923078,0.22692307692307698,0.08570159149472986,2.1596801056671926,4.285079574736493e-05,2.2625552606082205e-06,5.0,0.2,0.2
diversified_trend_overlay_20,Risk-state 20% diversified long/short trend overlay,regime_trend_long_short,2025,25,1.7097839955534142,0.31716787089871123,3.3483261946897405,10.374789901656147,-0.08656040798697606,19.752494648715953,-0.06503785027998449,-0.0865604079869762,268842.9696300943,43,0.594,0.14800000000000002,0.258,0.15983010157222238,4.027718559620004,7.99150507861112e-05,5.91845549524409e-06,5.0,0.2,0.2
diversified_trend_overlay_20,Risk-state 20% diversified long/short trend overlay,regime_trend_long_short,2026,11,0.7435219767541705,0.3360139837547431,1.819050308585872,4.474847956308948,-0.11155232758362366,6.665230505359017,-0.07917458477930654,-0.07917458477930654,127463.24993743048,74,0.45,0.2,0.35000000000000003,0.10084296914437986,2.5412428224383725,5.042148457218993e-05,2.4032942075513674e-06,5.0,0.2,0.2
strategic_gold_10,Strategic 10% gold,strategic_single,overall,139,0.4858099593260252,0.3342006022214303,1.3543964959816022,2.7296817160458575,-0.4719112591832113,1.0294519358721594,-0.10058630058601002,-0.20182787194986826,888234.287183984,860,0.5074640287769785,0.049999999999999996,0.44253597122302163,0.030773381294964028,0.7754892086330935,3.077338129496403e-05,0.0,10.0,0.05,0.05
strategic_gold_10,Strategic 10% gold,strategic_single,development_2021_2023,77,0.14340653028669403,0.3298049599753005,0.5668083289250457,0.9804445558298741,-0.4719112591832113,0.303884528067636,-0.11556985820127835,-0.20182787194986826,150603.60760571374,860,0.4657467532467533,0.04999999999999998,0.48425324675324666,0.024707792207792206,0.6226363636363635,2.4707792207792207e-05,0.0,10.0,0.05,0.05
strategic_gold_10,Strategic 10% gold,strategic_single,holdout_2024_2026,62,1.0570700013039178,0.33049839740527076,2.3680213432480772,6.093130776779684,-0.11567319775861096,9.138417730180086,-0.07954460068291068,-0.08265882264822434,589782.8752611406,146,0.5592741935483874,0.04999999999999998,0.3907258064516129,0.038306451612903226,0.9653225806451613,3.830645161290322e-05,0.0,10.0,0.05,0.05
strategic_gold_10,Strategic 10% gold,strategic_single,2021,26,-0.17606890968024957,0.29893671382631193,-0.4915972412480159,-0.583835672943592,-0.31849235187314884,-0.5528198986403775,-0.1459289008459665,-0.20182787194986826,81888.09356712383,331,0.5078846153846154,0.05000000000000001,0.44211538461538463,0.06221153846153846,1.5677307692307692,6.221153846153846e-05,0.0,10.0,0.05,0.05
strategic_gold_10,Strategic 10% gold,strategic_single,2022,26,-0.17936511725025173,0.27764087909038354,-0.5790709209262446,-0.8958612729524289,-0.2520445836845919,-0.7116404353077028,-0.07689672545670206,-0.08369930951677687,81550.11464675082,362,0.4275,0.05000000000000001,0.5225000000000001,0.0,0.0,0.0,0.0,10.0,0.05,0.05
strategic_gold_10,Strategic 10% gold,strategic_single,2023,25,1.2699461741584064,0.37456426864471076,2.3915866991411363,7.986570746910604,-0.1520844725325039,8.35026845943783,-0.05091202408956626,-0.06271876310387912,225522.5839378074,128,0.46169999999999994,0.05000000000000001,0.48829999999999996,0.011399999999999995,0.28727999999999987,1.1399999999999996e-05,0.0,10.0,0.05,0.05
strategic_gold_10,Strategic 10% gold,strategic_single,2024,26,0.7789451198510136,0.3658712346687606,1.7594025863878242,4.1932370397645835,-0.09896398939256856,7.870995547290521,-0.0821175966910481,-0.08265882264822434,181177.48162321188,146,0.6101923076923076,0.05000000000000001,0.33980769230769226,0.031057692307692304,0.782653846153846,3.1057692307692305e-05,0.0,10.0,0.05,0.05
strategic_gold_10,Strategic 10% gold,strategic_single,2025,25,1.6475695129810348,0.29790096945270184,3.4661757639735145,11.259535791359982,-0.07758947791486082,21.234445149752368,-0.057713428513757686,-0.07758947791486065,262718.9743603364,43,0.5643,0.05000000000000001,0.38569999999999993,0.06269999999999999,1.5800399999999997,6.269999999999999e-05,0.0,10.0,0.05,0.05
strategic_gold_10,Strategic 10% gold,strategic_single,2026,11,0.6340886653938311,0.3285699895120546,1.6523053137512134,4.027272627209751,-0.11567319775861096,5.481725046774098,-0.07635373143468589,-0.07635373143468589,123907.18763062847,74,0.42750000000000005,0.05,0.5225,0.0,0.0,0.0,0.0,10.0,0.05,0.05
strategic_oil_10,Strategic 10% oil,strategic_single,overall,139,0.4974034532409546,0.33450795480839435,1.3770545000623933,2.77030404561291,-0.4560998065146622,1.0905583517825164,-0.10069387111851216,-0.20381318755312985,927142.9983297338,860,0.5074640287769785,0.049999999999999996,0.44253597122302163,0.030773381294964028,0.7754892086330935,3.077338129496403e-05,0.0,10.0,0.05,0.05
strategic_oil_10,Strategic 10% oil,strategic_single,development_2021_2023,77,0.15754310219388157,0.3325669334811877,0.6019632548554827,1.043051392854914,-0.4560998065146622,0.3454136571505365,-0.11569870029683955,-0.20381318755312985,156365.65085888343,860,0.4657467532467533,0.04999999999999998,0.48425324675324666,0.024707792207792206,0.6226363636363635,2.4707792207792207e-05,0.0,10.0,0.05,0.05
strategic_oil_10,Strategic 10% oil,strategic_single,holdout_2024_2026,62,1.0615281897177664,0.32821595551101307,2.3889411562722263,6.153717278989864,-0.10441485187208177,10.166448265599614,-0.07913527441268384,-0.08375706276733175,592932.6506410668,146,0.5592741935483874,0.04999999999999998,0.3907258064516129,0.038306451612903226,0.9653225806451613,3.830645161290322e-05,0.0,10.0,0.05,0.05
strategic_oil_10,Strategic 10% oil,strategic_single,2021,26,-0.15134177581802388,0.3061290483049613,-0.37687143349950236,-0.45246252833158024,-0.31739033534256567,-0.47683170835897604,-0.1482557775781811,-0.20381318755312985,84424.86487751019,331,0.5078846153846154,0.05000000000000001,0.44211538461538463,0.06221153846153846,1.5677307692307692,6.221153846153846e-05,0.0,10.0,0.05,0.05
strategic_oil_10,Strategic 10% oil,strategic_single,2022,26,-0.16909270921010344,0.2766271457531878,-0.5375949377580818,-0.8432028559836058,-0.2542462540174021,-0.6650745351730128,-0.07364460731042335,-0.078415042684869,82603.54446610264,191,0.4275,0.05000000000000001,0.5225000000000001,0.0,0.0,0.0,0.0,10.0,0.05,0.05
strategic_oil_10,Strategic 10% oil,strategic_single,2023,25,1.2567200012454083,0.3790128000673798,2.3514844334550262,7.673218097472397,-0.14472618787819314,8.683431932188457,-0.052398237367084044,-0.06317305293095377,224218.94235484273,128,0.46169999999999994,0.05000000000000001,0.48829999999999996,0.011399999999999995,0.28727999999999987,1.1399999999999996e-05,0.0,10.0,0.05,0.05
strategic_oil_10,Strategic 10% oil,strategic_single,2024,26,0.7715959616754984,0.3651975456385719,1.7503950838730742,4.173505556842833,-0.10441485187208177,7.389714660714911,-0.08120218850661805,-0.08375706276733175,180405.29272647717,146,0.6101923076923076,0.05000000000000001,0.33980769230769226,0.031057692307692304,0.782653846153846,3.1057692307692305e-05,0.0,10.0,0.05,0.05
strategic_oil_10,Strategic 10% oil,strategic_single,2025,25,1.5733315152418843,0.3011430930521608,3.3333143420063376,10.673836477093815,-0.07965791962899083,19.751099734586635,-0.060497780563297195,-0.07965791962899084,255409.96413505584,43,0.5643,0.05000000000000001,0.38569999999999993,0.06269999999999999,1.5800399999999997,6.269999999999999e-05,0.0,10.0,0.05,0.05
strategic_oil_10,Strategic 10% oil,strategic_single,2026,11,0.781953498072606,0.31308925769958895,2.0029545210018176,4.964528260461598,-0.08787149952525741,8.898829567007043,-0.07447880100850843,-0.07447880100850843,128682.13423682573,74,0.42750000000000005,0.05,0.5225,0.0,0.0,0.0,0.0,10.0,0.05,0.05
strategic_diversified_10,Strategic 10% diversified real-assets/defensive basket,strategic_equal,overall,139,0.4810026800892093,0.33406421625294164,1.3449773789783286,2.7042214890442704,-0.47150837788388966,1.0201360201656007,-0.10055938381708891,-0.2029063888353399,872497.8793349034,860,0.5074640287769785,0.049999999999999996,0.44253597122302163,0.030773381294964028,0.7754892086330935,3.077338129496403e-05,0.0,10.0,0.05,0.05
strategic_diversified_10,Strategic 10% diversified real-assets/defensive basket,strategic_equal,development_2021_2023,77,0.14329811213763044,0.3301286197155208,0.5663386274547225,0.9783155018378445,-0.47150837788388966,0.3039142438587126,-0.11580680317590702,-0.2029063888353399,150559.97767176304,860,0.4657467532467533,0.04999999999999998,0.48425324675324666,0.024707792207792206,0.6226363636363635,2.4707792207792207e-05,0.0,10.0,0.05,0.05
strategic_diversified_10,Strategic 10% diversified real-assets/defensive basket,strategic_equal,holdout_2024_2026,62,1.0424191310527302,0.33008501185601224,2.3482538972720794,6.02839119687287,-0.11297166448066054,9.22726186114732,-0.07935131419769081,-0.08201470290209402,579501.8655203595,146,0.5592741935483874,0.04999999999999998,0.3907258064516129,0.038306451612903226,0.9653225806451613,3.830645161290322e-05,0.0,10.0,0.05,0.05
strategic_diversified_10,Strategic 10% diversified real-assets/defensive basket,strategic_equal,2021,26,-0.17036981233359527,0.3002989316904045,-0.46512267627798004,-0.5537375593365115,-0.31894352756562483,-0.5341692105620187,-0.14642419544801683,-0.2029063888353399,82472.55562892577,331,0.5078846153846154,0.05000000000000001,0.44211538461538463,0.06221153846153846,1.5677307692307692,6.221153846153846e-05,0.0,10.0,0.05,0.05
strategic_diversified_10,Strategic 10% diversified real-assets/defensive basket,strategic_equal,2022,26,-0.1817352467869512,0.27708007207411267,-0.5911113164087582,-0.9130686009009668,-0.2546387322217838,-0.7136983647431313,-0.07668914102430542,-0.08352343270828735,81307.11840134898,362,0.4275,0.05000000000000001,0.5225000000000001,0.0,0.0,0.0,0.0,10.0,0.05,0.05
strategic_diversified_10,Strategic 10% diversified real-assets/defensive basket,strategic_equal,2023,25,1.2598608151117632,0.3752587478622524,2.375561901358157,7.8626560172049045,-0.15189664450298324,8.294197802947647,-0.05146867350685159,-0.06322547987789406,224528.52306466826,128,0.46169999999999994,0.05000000000000001,0.48829999999999996,0.011399999999999995,0.28727999999999987,1.1399999999999996e-05,0.0,10.0,0.05,0.05
strategic_diversified_10,Strategic 10% diversified real-assets/defensive basket,strategic_equal,2024,26,0.7633782696738238,0.3664043754757357,1.7327461684787224,4.115264918862438,-0.10368363994016327,7.362572052007202,-0.08168525322425757,-0.08201470290209402,179541.96590290216,146,0.6101923076923076,0.05000000000000001,0.33980769230769226,0.031057692307692304,0.782653846153846,3.1057692307692305e-05,0.0,10.0,0.05,0.05
strategic_diversified_10,Strategic 10% diversified real-assets/defensive basket,strategic_equal,2025,25,1.6104314079963324,0.29785439876058495,3.4172796300618438,11.07697458243733,-0.0773179675674791,20.828682629181007,-0.05833106867805034,-0.07731796756747907,259062.79439577027,43,0.5643,0.05000000000000001,0.38569999999999993,0.06269999999999999,1.5800399999999997,6.269999999999999e-05,0.0,10.0,0.05,0.05
strategic_diversified_10,Strategic 10% diversified real-assets/defensive basket,strategic_equal,2026,11,0.6547970692488667,0.3257149355723557,1.70375621434112,4.166901450380149,-0.11297166448066076,5.796117745622481,-0.0767167827747691,-0.0767167827747691,124590.18090204545,74,0.42750000000000005,0.05,0.5225,0.0,0.0,0.0,0.0,10.0,0.05,0.05
regime_fixed_20,Risk-state 20% fixed defensive basket,regime_equal,overall,139,0.5040790958428005,0.35162065784906427,1.3386744876218382,2.690377967809875,-0.49264414903440445,1.0232113724090885,-0.10571269024698483,-0.2140050855670619,950172.6701177367,860,0.5341726618705037,0.04244604316546762,0.42338129496402876,0.03201438848920864,0.8067625899280576,3.201438848920864e-05,0.0,10.0,0.05,0.05
regime_fixed_20,Risk-state 20% fixed defensive basket,regime_equal,development_2021_2023,77,0.14590728324227586,0.3473634138574972,0.561019702136247,0.9681192117055514,-0.49264414903440445,0.296171757095376,-0.1217404934704487,-0.2140050855670619,151612.32978389654,860,0.49025974025974045,0.046428571428571416,0.46331168831168834,0.025324675324675326,0.6381818181818182,2.5324675324675325e-05,0.0,10.0,0.05,0.05
regime_fixed_20,Risk-state 20% fixed defensive basket,regime_equal,holdout_2024_2026,62,1.1084804547564713,0.347602415641018,2.339644390319024,6.011157430853811,-0.11925904759241401,9.294728384423061,-0.08346662243623038,-0.0864552742721716,626712.0038799504,146,0.5887096774193551,0.037499999999999985,0.37379032258064515,0.04032258064516129,1.0161290322580645,4.03225806451613e-05,0.0,10.0,0.05,0.05
regime_fixed_20,Risk-state 20% fixed defensive basket,regime_equal,2021,26,-0.18243921552289055,0.31621173002934116,-0.4710379776870829,-0.5606216087891969,-0.33513876537205234,-0.5443691818830827,-0.15381537063734585,-0.2140050855670619,81234.9486893657,331,0.5346153846153846,0.04230769230769231,0.4230769230769231,0.06346153846153847,1.5992307692307695,6.346153846153847e-05,0.0,10.0,0.05,0.05
regime_fixed_20,Risk-state 20% fixed defensive basket,regime_equal,2022,26,-0.19242626994278744,0.29159160683333457,-0.5933189808521585,-0.9159748624165308,-0.2667765440900842,-0.7213013070512285,-0.08069143989456404,-0.08793977162331157,80211.30566660129,362,0.44999999999999996,0.05000000000000001,0.5,0.0,0.0,0.0,0.0,10.0,0.05,0.05
regime_fixed_20,Risk-state 20% fixed defensive basket,regime_equal,2023,25,1.342556494613607,0.3947443030408333,2.368764080493289,7.822574740905452,-0.15974410153326135,8.404419829761693,-0.05424965682720309,-0.06662400360986771,232678.37668218353,128,0.486,0.047,0.46699999999999997,0.012000000000000002,0.30240000000000006,1.2e-05,0.0,10.0,0.05,0.05
regime_fixed_20,Risk-state 20% fixed defensive basket,regime_equal,2024,26,0.8086657829074981,0.38577052576790816,1.7297597151275064,4.115113467125355,-0.1097072728530426,7.371122824197254,-0.08578263426694477,-0.0864552742721716,184301.31246647937,146,0.6423076923076922,0.032692307692307694,0.32499999999999996,0.032692307692307694,0.8238461538461539,3.269230769230769e-05,0.0,10.0,0.05,0.05
regime_fixed_20,Risk-state 20% fixed defensive basket,regime_equal,2025,25,1.725277278939266,0.31394582527523285,3.3982998966583784,11.013294340156559,-0.08146158931320957,21.179027974838444,-0.061476332306661385,-0.08146158931320963,270367.8546857217,43,0.594,0.037000000000000005,0.369,0.066,1.6632,6.6e-05,0.0,10.0,0.05,0.05
regime_fixed_20,Risk-state 20% fixed defensive basket,regime_equal,2026,11,0.6909824702107727,0.3428339723805784,1.6973216523141852,4.146898824363489,-0.11925904759241401,5.793962673358845,-0.08083963189782233,-0.08083963189782233,125772.16308171111,74,0.45,0.05,0.5,0.0,0.0,0.0,0.0,10.0,0.05,0.05
regime_trend_20,Risk-state 20% trend-confirmed diversifiers,regime_trend_long,overall,139,0.5022556906207516,0.35091974776047213,1.3371407970113551,2.6916249161366546,-0.4897845404223168,1.0254625231488148,-0.10566171818576331,-0.2140050855670619,943836.2994338931,860,0.5341726618705037,0.035431654676258986,0.43039568345323737,0.054664799241440104,1.3775529408842906,5.46647992414401e-05,0.0,10.0,0.05,0.05
regime_trend_20,Risk-state 20% trend-confirmed diversifiers,regime_trend_long,development_2021_2023,77,0.14452992021556232,0.3462591471104989,0.5582607287166366,0.9636893701387295,-0.4897845404223168,0.29508877534383054,-0.12178299418875607,-0.2140050855670619,151056.1860777699,860,0.49025974025974045,0.03376623376623376,0.47597402597402594,0.052957773790845,1.334535899529294,5.2957773790845e-05,0.0,10.0,0.05,0.05
regime_trend_20,Risk-state 20% trend-confirmed diversifiers,regime_trend_long,holdout_2024_2026,62,1.1058973007643935,0.3473638482425144,2.3373522837072436,6.024101211822096,-0.12073823778282855,9.159461998721293,-0.0832241963915375,-0.08635563651015121,624824.6589172899,146,0.5887096774193551,0.037499999999999985,0.37379032258064515,0.056784814720404996,1.4309773309542058,5.678481472040499e-05,0.0,10.0,0.05,0.05
regime_trend_20,Risk-state 20% trend-confirmed diversifiers,regime_trend_long,2021,26,-0.18180846511487436,0.3161958754947029,-0.4686380606185331,-0.5576281802693046,-0.33386407198594203,-0.5445583408643316,-0.15381537063734585,-0.2140050855670619,81299.61208744123,331,0.5346153846153846,0.04230769230769231,0.4230769230769231,0.0833400247933293,2.1001686247918983,8.334002479332931e-05,0.0,10.0,0.05,0.05
regime_trend_20,Risk-state 20% trend-confirmed diversifiers,regime_trend_long,2022,26,-0.18782940094513945,0.2907194429638551,-0.5766450834784133,-0.8974899287771964,-0.26440148672388664,-0.7103946474449627,-0.07971228932923143,-0.08831549863558973,80682.4212859128,362,0.44999999999999996,0.02884615384615385,0.5211538461538462,0.017846708712667417,0.4497370595592189,1.7846708712667418e-05,0.0,10.0,0.05,0.05
regime_trend_20,Risk-state 20% trend-confirmed diversifiers,regime_trend_long,2023,25,1.318298145831097,0.39345932433952524,2.347966152087575,7.753270194355855,-0.1604185793858628,8.217864482268782,-0.05496789004160474,-0.06604891537126578,230287.899710767,128,0.486,0.030000000000000006,0.484,0.057875740429565996,1.458468658825063,5.7875740429566005e-05,0.0,10.0,0.05,0.05
regime_trend_20,Risk-state 20% trend-confirmed diversifiers,regime_trend_long,2024,26,0.8098377789769577,0.3855561297683589,1.7322023369146438,4.133707835381582,-0.10944127807124915,7.3997470903961124,-0.0856059999311186,-0.08635563651015121,184424.5302901586,146,0.6423076923076922,0.032692307692307694,0.32499999999999996,0.047783251519674295,1.2041379382957922,4.778325151967429e-05,0.0,10.0,0.05,0.05
regime_trend_20,Risk-state 20% trend-confirmed diversifiers,regime_trend_long,2025,25,1.7137681926117376,0.31379943768444496,3.3857057527983545,10.9663913400115,-0.08128805068308176,21.08265825309573,-0.06155806184354789,-0.08128805068308162,269235.1101824557,43,0.594,0.037000000000000005,0.369,0.08266929071665344,2.0832661260596668,8.266929071665339e-05,0.0,10.0,0.05,0.05
regime_trend_20,Risk-state 20% trend-confirmed diversifiers,regime_trend_long,2026,11,0.6929750253723173,0.34266609717877444,1.701449171131151,4.1908664996892195,-0.12073823778282877,5.739482686659447,-0.08039673502083114,-0.08039673502083114,125836.83322214636,74,0.45,0.05,0.5,0.019232882294294776,0.4846686338162283,1.9232882294294775e-05,0.0,10.0,0.05,0.05
diversified_trend_overlay_20,Risk-state 20% diversified long/short trend overlay,regime_trend_long_short,overall,139,0.499832706972267,0.35073924772512344,1.3330044290250442,2.6766120997950136,-0.49057657418002565,1.0188678654452927,-0.10607831064697695,-0.2140050855670619,935469.9490357144,860,0.5341726618705037,0.04172661870503596,0.4241007194244604,0.05671598207695003,1.4292427483391406,5.6715982076950024e-05,1.985315588650687e-06,10.0,0.05,0.05
diversified_trend_overlay_20,Risk-state 20% diversified long/short trend overlay,regime_trend_long_short,development_2021_2023,77,0.14306846421450659,0.345489345999694,0.5550442166235015,0.9566240013233794,-0.49057657418002565,0.29163329792833753,-0.12165884994754218,-0.2140050855670619,150467.59019598612,860,0.49025974025974045,0.04512987012987012,0.4646103896103897,0.0542234397922971,1.366430682765887,5.4223439792297095e-05,2.826660411850003e-06,10.0,0.05,0.05
diversified_trend_overlay_20,Risk-state 20% diversified long/short trend overlay,regime_trend_long_short,holdout_2024_2026,62,1.1016222872723467,0.34791944615089593,2.328216691743102,5.955509211687661,-0.11997975165337127,9.181735018547128,-0.0841353166071955,-0.08830669153214339,621708.6003818177,146,0.5887096774193551,0.037499999999999985,0.37379032258064515,0.05981155878530933,1.5072512813897951,5.981155878530933e-05,9.404195985483108e-07,10.0,0.05,0.05
diversified_trend_overlay_20,Risk-state 20% diversified long/short trend overlay,regime_trend_long_short,2021,26,-0.18189332560489357,0.31641584039813675,-0.46845091326625393,-0.5578471828207822,-0.33423259184388154,-0.5442118154948069,-0.15381537063734585,-0.2140050855670619,81290.91225037823,331,0.5346153846153846,0.04230769230769231,0.4230769230769231,0.0856720194411099,2.1589348899159693,8.567201944110992e-05,2.104208301744138e-06,10.0,0.05,0.05
diversified_trend_overlay_20,Risk-state 20% diversified long/short trend overlay,regime_trend_long_short,2022,26,-0.1887768292512252,0.2885995658400517,-0.5867548968391815,-0.9067123416560146,-0.2659556829907712,-0.7098055853830949,-0.07884090684644987,-0.08822195837125535,80585.31602096611,362,0.44999999999999996,0.04807692307692309,0.5019230769230769,0.02392830289043704,0.6029932328390134,2.392830289043704e-05,3.27277369162788e-06,10.0,0.05,0.05
diversified_trend_overlay_20,Risk-state 20% diversified long/short trend overlay,regime_trend_long_short,2023,25,1.3122469509287251,0.3929142484149235,2.3437468628281284,7.765329070635508,-0.156691286691084,8.374728286683947,-0.053686203060347035,-0.06604891537126578,229691.56932040787,128,0.486,0.045,0.469,0.053023859335466224,1.3362012552537488,5.302385933546623e-05,3.114052795391112e-06,10.0,0.05,0.05
diversified_trend_overlay_20,Risk-state 20% diversified long/short trend overlay,regime_trend_long_short,2024,26,0.804848040646807,0.3866855340200493,1.7209729709058048,4.076746224117521,-0.11105285977991564,7.247431918834449,-0.08659410997764949,-0.08830669153214339,183899.9516634431,146,0.6423076923076922,0.032692307692307694,0.32499999999999996,0.04594462864291324,1.1578046418014136,4.594462864291324e-05,5.656388151520551e-07,10.0,0.05,0.05
diversified_trend_overlay_20,Risk-state 20% diversified long/short trend overlay,regime_trend_long_short,2025,25,1.7075815538350683,0.3146954101828652,3.3694174589907817,10.784207991305683,-0.08272455478337093,20.641773876047765,-0.06237145670764638,-0.08272455478337094,268626.19457546814,43,0.594,0.037000000000000005,0.369,0.08945752539305561,2.2543296399050012,8.94575253930556e-05,1.4796138738110224e-06,10.0,0.05,0.05
diversified_trend_overlay_20,Risk-state 20% diversified long/short trend overlay,regime_trend_long_short,2026,11,0.6934137458445675,0.3409889816108897,1.7092290610621024,4.1933616904083415,-0.11997975165337116,5.779423080053393,-0.08062849169011212,-0.08062849169011212,125851.06652100022,74,0.45,0.05,0.5,0.025210742286094965,0.6353107056095931,2.5210742286094964e-05,6.008235518878418e-07,10.0,0.05,0.05
strategic_gold_10,Strategic 10% gold,strategic_single,overall,139,0.46995443476981924,0.3176353184845246,1.374688589061633,2.7739294482678245,-0.45085438660584964,1.0423641173988785,-0.09553148373717146,-0.18965065833267464,837195.5621419986,860,0.4807553956834534,0.09999999999999999,0.4192446043165468,0.029532374100719426,0.7442158273381295,2.9532374100719425e-05,0.0,10.0,0.1,0.1
strategic_gold_10,Strategic 10% gold,strategic_single,development_2021_2023,77,0.13949392443897057,0.3135502519413156,0.5691359263029147,0.9851983376103869,-0.45085438660584964,0.3093990622762207,-0.10941528751493308,-0.18965065833267464,149034.4637605806,860,0.44123376623376637,0.09999999999999996,0.4587662337662338,0.02409090909090909,0.607090909090909,2.409090909090909e-05,0.0,10.0,0.1,0.1
strategic_gold_10,Strategic 10% gold,strategic_single,holdout_2024_2026,62,1.0167488899811956,0.3134836922227498,2.4157989766309886,6.224106483186637,-0.1086601513829748,9.357145899766369,-0.07566619046728801,-0.07862957615631576,561746.284058785,131,0.5298387096774196,0.09999999999999996,0.37016129032258077,0.036290322580645164,0.9145161290322581,3.6290322580645165e-05,0.0,10.0,0.1,0.1
strategic_gold_10,Strategic 10% gold,strategic_single,2021,26,-0.16840354144752734,0.2826144206263278,-0.5054453796724677,-0.5993206056334831,-0.30217930967371487,-0.5572967309686588,-0.13804243105458713,-0.18965065833267464,82674.23310032029,331,0.48115384615384615,0.10000000000000002,0.41884615384615376,0.06096153846153846,1.5362307692307693,6.0961538461538454e-05,0.0,10.0,0.1,0.1
strategic_gold_10,Strategic 10% gold,strategic_single,2022,26,-0.16856775985478756,0.2655397166116094,-0.5681003562692502,-0.8808932185864303,-0.2395290999438896,-0.7037464754565314,-0.07402092852928635,-0.07896265428819131,82657.38888341397,362,0.40499999999999997,0.10000000000000002,0.4949999999999999,0.0,0.0,0.0,0.0,10.0,0.1,0.1
strategic_gold_10,Strategic 10% gold,strategic_single,2023,25,1.1945421726696166,0.35588510959311126,2.4026902739549847,7.983466033342129,-0.14796038826170943,8.073391714522497,-0.048766162816539727,-0.059488610836492484,218089.54795576344,128,0.43740000000000007,0.10000000000000002,0.46259999999999996,0.0108,0.27216,1.08e-05,0.0,10.0,0.1,0.1
strategic_gold_10,Strategic 10% gold,strategic_single,2024,26,0.7545786034492925,0.3457155278218347,1.8027366379696026,4.308821161664139,-0.08532697545379642,8.843376897355142,-0.07861727532645789,-0.07862957615631576,178617.64017630642,131,0.5780769230769232,0.10000000000000002,0.321923076923077,0.029423076923076923,0.7414615384615384,2.9423076923076926e-05,0.0,10.0,0.1,0.1
strategic_gold_10,Strategic 10% gold,strategic_single,2025,25,1.587294358999439,0.28207056524678414,3.561838640479523,11.598115870318981,-0.07382468544755205,21.50086179679174,-0.0539911765423949,-0.07382468544755214,256784.78498350375,43,0.5346,0.10000000000000002,0.3654,0.059399999999999994,1.4968799999999998,5.94e-05,0.0,10.0,0.1,0.1
strategic_gold_10,Strategic 10% gold,strategic_single,2026,11,0.5911337794230662,0.31489012144235395,1.6259960168176604,3.933899637068193,-0.1086601513829748,5.440207582074903,-0.07160552576868412,-0.07160552576868412,122474.75336673672,74,0.4050000000000001,0.1,0.49500000000000005,0.0,0.0,0.0,0.0,10.0,0.1,0.1
strategic_oil_10,Strategic 10% oil,strategic_single,overall,139,0.4926427023033977,0.319026909883857,1.4188168882438805,2.8485131244754425,-0.417701462271152,1.1794134011999158,-0.09761351976634282,-0.19362128953919783,911000.1428666682,860,0.4807553956834534,0.09999999999999999,0.4192446043165468,0.029532374100719426,0.7442158273381295,2.9532374100719425e-05,0.0,10.0,0.1,0.1
strategic_oil_10,Strategic 10% oil,strategic_single,development_2021_2023,77,0.16766250981427433,0.31980829761296925,0.640904146680035,1.1113303580364666,-0.417701462271152,0.40139315984830276,-0.11294003789334789,-0.19362128953919783,160580.15086360765,860,0.44123376623376637,0.09999999999999996,0.4587662337662338,0.02409090909090909,0.607090909090909,2.409090909090909e-05,0.0,10.0,0.1,0.1
strategic_oil_10,Strategic 10% oil,strategic_single,holdout_2024_2026,62,1.0248554750952086,0.3097352237361974,2.4544714814571233,6.343055407158815,-0.0963496754349541,10.63683370461472,-0.07484753792683434,-0.08080145473481483,567318.0265227465,146,0.5298387096774196,0.09999999999999996,0.37016129032258077,0.036290322580645164,0.9145161290322581,3.6290322580645165e-05,0.0,10.0,0.1,0.1
strategic_oil_10,Strategic 10% oil,strategic_single,2021,26,-0.11775218315009428,0.2975384583892633,-0.2677832387021504,-0.32478092110308937,-0.2998812138873984,-0.39266275344046303,-0.14269618451901633,-0.19362128953919783,87874.58956461016,331,0.48115384615384615,0.10000000000000002,0.41884615384615376,0.06096153846153846,1.5362307692307693,6.0961538461538454e-05,0.0,10.0,0.1,0.1
strategic_oil_10,Strategic 10% oil,strategic_single,2022,26,-0.14791055699280953,0.2646275748397741,-0.47890850003407665,-0.7621865378883154,-0.24400662804572726,-0.6061743411539249,-0.06751669223672895,-0.06839412062437557,84777.0626520145,191,0.40499999999999997,0.10000000000000002,0.4949999999999999,0.0,0.0,0.0,0.0,10.0,0.1,0.1
strategic_oil_10,Strategic 10% oil,strategic_single,2023,25,1.1687954248711399,0.36540117834905195,2.3151574070883756,7.30116428808282,-0.13384003810898348,8.732778631753012,-0.052208417574112445,-0.060397190490641746,215551.0719260863,113,0.43740000000000007,0.10000000000000002,0.46259999999999996,0.0108,0.27216,1.08e-05,0.0,10.0,0.1,0.1
strategic_oil_10,Strategic 10% oil,strategic_single,2024,26,0.7400229061741572,0.34442124138408714,1.7835265612107853,4.266313627440535,-0.0963496754349541,7.68059573458292,-0.07678645895759782,-0.08080145473481483,177089.01856641247,146,0.5780769230769232,0.10000000000000002,0.321923076923077,0.029423076923076923,0.7414615384615384,2.9423076923076926e-05,0.0,10.0,0.1,0.1
strategic_oil_10,Strategic 10% oil,strategic_single,2025,25,1.4438823173551611,0.28903394450099273,3.2769326856906167,10.348426500677977,-0.07796156887581251,18.520436904690406,-0.059559880641473925,-0.07796156887581251,242661.1697430124,43,0.5346,0.10000000000000002,0.3654,0.059399999999999994,1.4968799999999998,5.94e-05,0.0,10.0,0.1,0.1
strategic_oil_10,Strategic 10% oil,strategic_single,2026,11,0.8895702914992143,0.28671401764362003,2.373170652574582,5.985009889771542,-0.06785566491632922,13.109742459912768,-0.0678556649163292,-0.0678556649163292,132018.460989085,74,0.4050000000000001,0.1,0.49500000000000005,0.0,0.0,0.0,0.0,10.0,0.1,0.1
strategic_diversified_10,Strategic 10% diversified real-assets/defensive basket,strategic_equal,overall,139,0.4605036928529178,0.3172390851392304,1.3554036898709674,2.721765149095935,-0.44998154379022237,1.0233835125193507,-0.0954776501993292,-0.19180769210361792,807933.8052832931,860,0.4807553956834534,0.09999999999999999,0.4192446043165468,0.029532374100719426,0.7442158273381295,2.9532374100719425e-05,0.0,10.0,0.1,0.1
strategic_diversified_10,Strategic 10% diversified real-assets/defensive basket,strategic_equal,development_2021_2023,77,0.1393273376737454,0.3141020565073783,0.5683168628148616,0.9810456348867661,-0.44998154379022237,0.3096290050035888,-0.10988917746419045,-0.19180769210361792,148967.8996522672,860,0.44123376623376637,0.09999999999999996,0.4587662337662338,0.02409090909090909,0.607090909090909,2.409090909090909e-05,0.0,10.0,0.1,0.1
strategic_diversified_10,Strategic 10% diversified real-assets/defensive basket,strategic_equal,holdout_2024_2026,62,0.9881563949967056,0.31249962662595665,2.3753817052228015,6.094492212535219,-0.10320241561402899,9.574934744670637,-0.0752796174968483,-0.07818844178141435,542354.2972474186,146,0.5298387096774196,0.09999999999999996,0.37016129032258077,0.036290322580645164,0.9145161290322581,3.6290322580645165e-05,0.0,10.0,0.1,0.1
strategic_diversified_10,Strategic 10% diversified real-assets/defensive basket,strategic_equal,2021,26,-0.15679451561920432,0.28522268834775694,-0.44977106067723166,-0.5359255766677022,-0.3030787158029502,-0.5173392503126016,-0.13903302025868786,-0.19180769210361792,83865.26096164605,331,0.48115384615384615,0.10000000000000002,0.41884615384615376,0.06096153846153846,1.5362307692307693,6.0961538461538454e-05,0.0,10.0,0.1,0.1
strategic_diversified_10,Strategic 10% diversified real-assets/defensive basket,strategic_equal,2022,26,-0.1733552061819622,0.2643444333632538,-0.5934530901226153,-0.9175384980791993,-0.24477643770826674,-0.7082185189269447,-0.07360575966449309,-0.07861090067121229,82166.3772557325,362,0.40499999999999997,0.10000000000000002,0.4949999999999999,0.0,0.0,0.0,0.0,10.0,0.1,0.1
strategic_diversified_10,Strategic 10% diversified real-assets/defensive basket,strategic_equal,2023,25,1.1751789124060115,0.35717334090241193,2.369652261122853,7.731709910501546,-0.14758133665834916,7.962923625814224,-0.04936635782315134,-0.06050204438452236,216180.46797682796,128,0.43740000000000007,0.10000000000000002,0.46259999999999996,0.0108,0.27216,1.08e-05,0.0,10.0,0.1,0.1
strategic_diversified_10,Strategic 10% diversified real-assets/defensive basket,strategic_equal,2024,26,0.7240532792389507,0.34670093028859367,1.7466812394530702,4.146183902990221,-0.09485224595622033,7.63348586994073,-0.07775258839287687,-0.07818844178141435,175412.37486146943,146,0.5780769230769232,0.10000000000000002,0.321923076923077,0.029423076923076923,0.7414615384615384,2.9423076923076926e-05,0.0,10.0,0.1,0.1
strategic_diversified_10,Strategic 10% diversified real-assets/defensive basket,strategic_equal,2025,25,1.515209128217792,0.28182777812211784,3.4604081385856484,11.22278110899367,-0.07328166475278897,20.676510738794672,-0.0552264568709802,-0.07328166475278894,249686.4306301951,43,0.5346,0.10000000000000002,0.3654,0.059399999999999994,1.4968799999999998,5.94e-05,0.0,10.0,0.1,0.1
strategic_diversified_10,Strategic 10% diversified real-assets/defensive basket,strategic_equal,2026,11,0.6317751576284216,0.3088778290695977,1.7356114447115039,4.233952773713544,-0.10320241561402921,6.121709011068331,-0.07233162844885054,-0.07233162844885054,123830.58259530422,74,0.4050000000000001,0.1,0.49500000000000005,0.0,0.0,0.0,0.0,10.0,0.1,0.1
regime_fixed_20,Risk-state 20% fixed defensive basket,regime_equal,overall,139,0.5067728418635302,0.35232899462182155,1.3418725503148203,2.692696632433022,-0.4928822087014022,1.0281824600622647,-0.10578426305912106,-0.2140050855670619,959597.1877487624,860,0.5341726618705037,0.08489208633093524,0.38093525179856125,0.03201438848920864,0.8067625899280576,3.201438848920864e-05,0.0,10.0,0.1,0.1
regime_fixed_20,Risk-state 20% fixed defensive basket,regime_equal,development_2021_2023,77,0.14481882398412083,0.3485518597153542,0.5575519084046204,0.9605930256397355,-0.4928822087014022,0.2938203518558223,-0.12175655805327376,-0.2140050855670619,151172.72404056578,860,0.49025974025974045,0.09285714285714283,0.41688311688311697,0.025324675324675326,0.6381818181818182,2.5324675324675325e-05,0.0,10.0,0.1,0.1
regime_fixed_20,Risk-state 20% fixed defensive basket,regime_equal,holdout_2024_2026,62,1.1194558571732696,0.3475085161605449,2.355600252932538,6.053912897525431,-0.11585003388658766,9.662973929460996,-0.08351023397392737,-0.08619787774449453,634768.7347958771,146,0.5887096774193551,0.07499999999999997,0.3362903225806451,0.04032258064516129,1.0161290322580645,4.03225806451613e-05,0.0,10.0,0.1,0.1
regime_fixed_20,Risk-state 20% fixed defensive basket,regime_equal,2021,26,-0.18090418708753186,0.3170220125248084,-0.4631498361372712,-0.5515191727187334,-0.33568113255512033,-0.5389167562398718,-0.15381537063734585,-0.2140050855670619,81392.31980585851,331,0.5346153846153846,0.08461538461538462,0.3807692307692307,0.06346153846153847,1.5992307692307695,6.346153846153847e-05,0.0,10.0,0.1,0.1
regime_fixed_20,Risk-state 20% fixed defensive basket,regime_equal,2022,26,-0.19468999837734213,0.2933444699018244,-0.597656940895733,-0.923007728800947,-0.2691573818590586,-0.7233314465783053,-0.0816103574050103,-0.0874435785012607,79979.33600207549,362,0.44999999999999996,0.10000000000000002,0.44999999999999996,0.0,0.0,0.0,0.0,10.0,0.1,0.1
regime_fixed_20,Risk-state 20% fixed defensive basket,regime_equal,2023,25,1.3379731304253402,0.3961293005058895,2.356776175327188,7.667051898097463,-0.16328569785658797,8.194061990661712,-0.05492832446385435,-0.06729909184846966,232226.73588955085,128,0.486,0.094,0.42,0.012000000000000002,0.30240000000000006,1.2e-05,0.0,10.0,0.1,0.1
regime_fixed_20,Risk-state 20% fixed defensive basket,regime_equal,2024,26,0.814367771365937,0.38539834413660035,1.7394602102216943,4.143273395713591,-0.10695265183825642,7.614283118454121,-0.08594735047825122,-0.08619787774449453,184900.81490857672,146,0.6423076923076922,0.06538461538461539,0.2923076923076923,0.032692307692307694,0.8238461538461539,3.269230769230769e-05,0.0,10.0,0.1,0.1
regime_fixed_20,Risk-state 20% fixed defensive basket,regime_equal,2025,25,1.742079038981061,0.31399414724924973,3.4182157166193146,11.080735918252788,-0.08156890824425,21.357145467297148,-0.061516984128202286,-0.08156890824425006,272021.44531386695,43,0.594,0.07400000000000001,0.332,0.066,1.6632,6.6e-05,0.0,10.0,0.1,0.1
regime_fixed_20,Risk-state 20% fixed defensive basket,regime_equal,2026,11,0.7043168367402617,0.343096036940375,1.7196737630170116,4.1876520309296845,-0.11585003388658788,6.079556588043445,-0.08057732669495696,-0.08057732669495696,126204.1274793043,74,0.45,0.1,0.4500000000000001,0.0,0.0,0.0,0.0,10.0,0.1,0.1
regime_trend_20,Risk-state 20% trend-confirmed diversifiers,regime_trend_long,overall,139,0.503090655248426,0.35098732870474453,1.3385885545927751,2.6943716385526786,-0.4871800383362861,1.032658597767007,-0.105682318936678,-0.2140050855670619,946733.5109178952,860,0.5341726618705037,0.07086330935251797,0.39496402877697845,0.07731520999367156,1.9483432918405232,7.731520999367157e-05,0.0,10.0,0.1,0.1
regime_trend_20,Risk-state 20% trend-confirmed diversifiers,regime_trend_long,development_2021_2023,77,0.14202123853583037,0.3464674067508087,0.5518154968339445,0.9513136661909309,-0.4871800383362861,0.29151694930036787,-0.12184155948988852,-0.2140050855670619,150046.77424201893,860,0.49025974025974045,0.06753246753246751,0.44220779220779244,0.08059087225701465,2.0308899808767693,8.059087225701465e-05,0.0,10.0,0.1,0.1
regime_trend_20,Risk-state 20% trend-confirmed diversifiers,regime_trend_long,holdout_2024_2026,62,1.1142762531418011,0.3470160059978303,2.3511377537765417,6.079882947567722,-0.11881053012336806,9.378598445649402,-0.08302538188454162,-0.08599860222045375,630958.9231094406,146,0.5887096774193551,0.07499999999999997,0.3362903225806451,0.07324704879564868,1.8458256296503468,7.324704879564869e-05,0.0,10.0,0.1,0.1
regime_trend_20,Risk-state 20% trend-confirmed diversifiers,regime_trend_long,2021,26,-0.17964381039522326,0.3170029744924175,-0.4583429207638948,-0.5455081683771579,-0.33313200832408596,-0.5392571290251329,-0.15381537063734585,-0.2140050855670619,81521.540626075,331,0.5346153846153846,0.08461538461538462,0.3807692307692307,0.10321851112512014,2.6011064803530273,0.00010321851112512015,0.0,10.0,0.1,0.1
regime_trend_20,Risk-state 20% trend-confirmed diversifiers,regime_trend_long,2022,26,-0.18553875759398442,0.29179384190908875,-0.5640611274177253,-0.8851914196138028,-0.2644014867238863,-0.7017311433945982,-0.07965205627434507,-0.08819503252581702,80917.21224315999,362,0.44999999999999996,0.0576923076923077,0.49230769230769234,0.03569341742533483,0.8994741191184377,3.569341742533483e-05,0.0,10.0,0.1,0.1
regime_trend_20,Risk-state 20% trend-confirmed diversifiers,regime_trend_long,2023,25,1.2896477817298457,0.3937284611266434,2.314118198806496,7.5242928555012405,-0.16463783175922408,7.833240804676664,-0.056364790892657626,-0.06614891537126578,227464.36694929225,128,0.486,0.06000000000000001,0.45400000000000007,0.10375148085913195,2.614537317650125,0.00010375148085913193,0.0,10.0,0.1,0.1
regime_trend_20,Risk-state 20% trend-confirmed diversifiers,regime_trend_long,2024,26,0.8167145394708248,0.38497409127601073,1.744343134792283,4.180103083762113,-0.10642465736037043,7.674110114400485,-0.08559408180659892,-0.08599860222045375,185147.56958902482,146,0.6423076923076922,0.06538461538461539,0.2923076923076923,0.06287419534704089,1.5844297227454305,6.287419534704088e-05,0.0,10.0,0.1,0.1
regime_trend_20,Risk-state 20% trend-confirmed diversifiers,regime_trend_long,2025,25,1.7189817632302922,0.31368704433885614,3.393193119930008,10.985971594906205,-0.08122183098399405,21.164036102178525,-0.0616804432019753,-0.08122183098399405,269748.2436794903,43,0.594,0.07400000000000001,0.332,0.09933858143330682,2.5033322521193315,9.933858143330683e-05,0.0,10.0,0.1,0.1
regime_trend_20,Risk-state 20% trend-confirmed diversifiers,regime_trend_long,2026,11,0.7083752655458737,0.3426825853836615,1.728340228776571,4.278309510422477,-0.11881053012336817,5.962226284238651,-0.07969153294097459,-0.07969153294097459,126335.221290845,74,0.45,0.1,0.4500000000000001,0.03846576458858955,0.9693372676324566,3.846576458858955e-05,0.0,10.0,0.1,0.1
diversified_trend_overlay_20,Risk-state 20% diversified long/short trend overlay,regime_trend_long_short,overall,139,0.4982744286356453,0.3505733637263053,1.330515629993781,2.66525829818053,-0.48873790770990133,1.0195125460401253,-0.10651550385910527,-0.2140050855670619,930121.5039980996,860,0.5341726618705037,0.08345323741007192,0.3823741007194246,0.08141757566469143,2.051722906750224,8.141757566469142e-05,3.970631177301374e-06,10.0,0.1,0.1
diversified_trend_overlay_20,Risk-state 20% diversified long/short trend overlay,regime_trend_long_short,development_2021_2023,77,0.13914756022932373,0.34482287041993215,0.5455091861708727,0.9375654893077713,-0.48873790770990133,0.28470793452738913,-0.12159327100746073,-0.2140050855670619,148896.08730383156,860,0.49025974025974045,0.09025974025974023,0.4194805194805196,0.08312220425991884,2.094679547349955,8.312220425991886e-05,5.653320823700006e-06,10.0,0.1,0.1
diversified_trend_overlay_20,Risk-state 20% diversified long/short trend overlay,regime_trend_long_short,holdout_2024_2026,62,1.105696750689864,0.3481356055843319,2.332777158458808,5.9427945902512285,-0.11729097437972413,9.426955113444805,-0.08484762231585763,-0.0899007122644381,624678.2711624448,146,0.5887096774193551,0.07499999999999997,0.3362903225806451,0.07930053692545735,1.9983735305215253,7.930053692545736e-05,1.8808391970966215e-06,10.0,0.1,0.1
diversified_trend_overlay_20,Risk-state 20% diversified long/short trend overlay,regime_trend_long_short,2021,26,-0.17981359280751885,0.3174417606408001,-0.45798575462856256,-0.545980154530805,-0.3338685839060397,-0.5385759591508125,-0.15381537063734585,-0.2140050855670619,81504.1332224447,331,0.5346153846153846,0.08461538461538462,0.3807692307692307,0.10788250042068136,2.71863901060117,0.00010788250042068134,4.208416603488276e-06,10.0,0.1,0.1
diversified_trend_overlay_20,Risk-state 20% diversified long/short trend overlay,regime_trend_long_short,2022,26,-0.1873881455797184,0.2873353652808037,-0.5846134022795024,-0.9046358641002269,-0.2675220834777562,-0.7004586056735733,-0.07790929130878196,-0.08800795199714825,80727.64833060278,362,0.44999999999999996,0.09615384615384617,0.4538461538461539,0.04785660578087406,1.2059864656780264,4.785660578087406e-05,6.54554738325576e-06,10.0,0.1,0.1
diversified_trend_overlay_20,Risk-state 20% diversified long/short trend overlay,regime_trend_long_short,2023,25,1.2778168530334013,0.39251042435381606,2.3063308990902573,7.549848372298953,-0.15718615350104814,8.129321982708106,-0.05395372184715515,-0.06614891537126578,226298.33105861966,128,0.486,0.09,0.424,0.09404771867093244,2.3700025105074976,9.404771867093243e-05,6.228105590782224e-06,10.0,0.1,0.1
diversified_trend_overlay_20,Risk-state 20% diversified long/short trend overlay,regime_trend_long_short,2024,26,0.8067170644705206,0.38722666009205986,1.7218730745869142,4.066495856756248,-0.10964846974521036,7.357303447508983,-0.08757030189966067,-0.0899007122644381,184096.43953734759,146,0.6423076923076922,0.06538461538461539,0.2923076923076923,0.059196949593518775,1.4917631297566731,5.9196949593518774e-05,1.1312776303041103e-06,10.0,0.1,0.1
diversified_trend_overlay_20,Risk-state 20% diversified long/short trend overlay,regime_trend_long_short,2025,25,1.7065771513836032,0.3155058638765854,3.360368658501697,10.627639628561191,-0.08409483918457272,20.293482548173735,-0.06330723293017228,-0.0840948391845727,268527.3359234349,43,0.594,0.07400000000000001,0.332,0.11291505078611118,2.845459279810002,0.00011291505078611118,2.959227747622045e-06,10.0,0.1,0.1
diversified_trend_overlay_20,Risk-state 20% diversified long/short trend overlay,regime_trend_long_short,2026,11,0.7092591981683094,0.3393222158595445,1.7442735254569952,4.282934756498466,-0.11729097437972413,6.047005764246747,-0.08015504627953654,-0.08015504627953654,126363.75046359432,74,0.45,0.1,0.4500000000000001,0.05042148457218993,1.2706214112191863,5.042148457218993e-05,1.2016471037756837e-06,10.0,0.1,0.1
strategic_gold_10,Strategic 10% gold,strategic_single,overall,139,0.45380304567954255,0.3013115082414296,1.3960939409807145,2.819306736696142,-0.42926175306722036,1.0571709276145995,-0.09047666688833289,-0.17747344471548096,787698.6706329861,860,0.45404676258992804,0.15000000000000002,0.3959532374100718,0.028291366906474814,0.7129424460431653,2.829136690647481e-05,0.0,10.0,0.15,0.15
strategic_gold_10,Strategic 10% gold,strategic_single,development_2021_2023,77,0.13523175729581016,0.297518427777741,0.5712897489981639,0.9893010614723188,-0.42926175306722036,0.31503332484092406,-0.10326071682858781,-0.17747344471548096,147337.68669713123,860,0.4167207792207792,0.15000000000000002,0.43327922077922065,0.02347402597402597,0.5915454545454544,2.347402597402597e-05,0.0,10.0,0.15,0.15
strategic_gold_10,Strategic 10% gold,strategic_single,holdout_2024_2026,62,0.9765853809661875,0.29673104449723325,2.4668800933847184,6.358690875851609,-0.10162455559732608,9.609738268728854,-0.07178778025166532,-0.07568278157875967,534621.3099247224,131,0.5004032258064516,0.15000000000000005,0.34959677419354845,0.03427419354838709,0.8637096774193546,3.4274193548387086e-05,0.0,10.0,0.15,0.15
strategic_gold_10,Strategic 10% gold,strategic_single,2021,26,-0.16098834307042897,0.26650570928674483,-0.520573622288681,-0.6162885523289844,-0.2856562339830595,-0.5635737082495326,-0.13015596126320778,-0.17747344471548096,83434.93484683566,331,0.454423076923077,0.14999999999999997,0.39557692307692294,0.059711538461538455,1.504730769230769,5.9711538461538444e-05,0.0,10.0,0.15,0.15
strategic_gold_10,Strategic 10% gold,strategic_single,2022,26,-0.15780362370155954,0.2537048579122195,-0.5554984513875706,-0.8625712581457782,-0.22685355881313884,-0.6956189029044225,-0.07114513160187061,-0.07422599905960572,83761.71076720006,362,0.3825,0.14999999999999997,0.4674999999999999,0.0,0.0,0.0,0.0,10.0,0.15,0.15
strategic_gold_10,Strategic 10% gold,strategic_single,2023,25,1.1208587232945657,0.33742436768050676,2.4134607279946394,7.967146295198422,-0.14382476518490073,7.793224774979419,-0.04753273940884965,-0.05625845856910583,210824.1591277186,128,0.41309999999999997,0.15,0.43689999999999996,0.010199999999999996,0.2570399999999999,1.0199999999999997e-05,0.0,10.0,0.15,0.15
strategic_gold_10,Strategic 10% gold,strategic_single,2024,26,0.7298832931303061,0.3257251404456458,1.8504967079085506,4.43383493517964,-0.07455112634497574,9.790372445251398,-0.07511695396186768,-0.07568278157875967,176024.40840820884,131,0.5459615384615385,0.14999999999999997,0.3040384615384615,0.027788461538461533,0.7002692307692306,2.778846153846153e-05,0.0,10.0,0.15,0.15
strategic_gold_10,Strategic 10% gold,strategic_single,2025,25,1.5277346946788275,0.2664686795018065,3.6657312173455674,11.96061232461368,-0.07005989298024373,21.806123727731574,-0.05026892457103211,-0.0700598929802436,250919.9589252447,43,0.5049,0.15,0.3450999999999999,0.0561,1.4137199999999999,5.609999999999999e-05,0.0,10.0,0.15,0.15
strategic_gold_10,Strategic 10% gold,strategic_single,2026,11,0.5488301532359416,0.3017104043894644,1.594649106531926,3.8211111690748933,-0.10162455559732608,5.40056632976196,-0.06685732010268232,-0.06685732010268232,121042.5779074187,74,0.38249999999999995,0.14999999999999997,0.4675,0.0,0.0,0.0,0.0,10.0,0.15,0.15
strategic_oil_10,Strategic 10% oil,strategic_single,overall,139,0.4870852526777305,0.304680091452941,1.4593859693916362,2.9192287367443495,-0.3771612809166014,1.2914508389991275,-0.09453316841417347,-0.1834293915252658,892447.6642453948,829,0.45404676258992804,0.15000000000000002,0.3959532374100718,0.028291366906474814,0.7129424460431653,2.829136690647481e-05,0.0,10.0,0.15,0.15
strategic_oil_10,Strategic 10% oil,strategic_single,development_2021_2023,77,0.17731161534242434,0.30809026955415925,0.6807740300709383,1.1785977320448495,-0.3771612809166014,0.4701214687560461,-0.11018137548985624,-0.1834293915252658,164669.32264307747,829,0.4167207792207792,0.15000000000000002,0.43327922077922065,0.02347402597402597,0.5915454545454544,2.347402597402597e-05,0.0,10.0,0.15,0.15
strategic_oil_10,Strategic 10% oil,strategic_single,holdout_2024_2026,62,0.9875740319345967,0.2924917008646012,2.5176233735325195,6.538757982747557,-0.08826134694039678,11.189201911925377,-0.07055980144098482,-0.07784584670229792,541963.5241834231,131,0.5004032258064516,0.15000000000000005,0.34959677419354845,0.03427419354838709,0.8637096774193546,3.4274193548387086e-05,0.0,10.0,0.15,0.15
strategic_oil_10,Strategic 10% oil,strategic_single,2021,26,-0.0831979087764283,0.28973169912535146,-0.15179675166398252,-0.1861752602335279,-0.2820657922814742,-0.29495922955948123,-0.13713659145985158,-0.1834293915252658,91427.74221302244,331,0.454423076923077,0.14999999999999997,0.39557692307692294,0.059711538461538455,1.504730769230769,5.9711538461538444e-05,0.0,10.0,0.15,0.15
strategic_oil_10,Strategic 10% oil,strategic_single,2022,26,-0.1266623893033454,0.25416733002897024,-0.4121357243396416,-0.6632036875206879,-0.23368272355643094,-0.5420271870152108,-0.06378701592084865,-0.06440435576218691,86959.078869966,191,0.3825,0.14999999999999997,0.4674999999999999,0.0,0.0,0.0,0.0,10.0,0.15,0.15
strategic_oil_10,Strategic 10% oil,strategic_single,2023,25,1.0832890510931055,0.35268923973125205,2.2702132630945178,6.876609379137543,-0.12416015197810215,8.724933352885737,-0.05295301511431029,-0.05762132805032973,207118.92016957686,113,0.41309999999999997,0.15,0.43689999999999996,0.010199999999999996,0.2570399999999999,1.0199999999999997e-05,0.0,10.0,0.15,0.15
strategic_oil_10,Strategic 10% oil,strategic_single,2024,26,0.7082710368063085,0.32387451611609214,1.8196210157143358,4.364686186556428,-0.08826134694039678,8.024702334132819,-0.07237072940857758,-0.07784584670229792,173755.88887418574,131,0.5459615384615385,0.14999999999999997,0.3040384615384615,0.027788461538461533,0.7002692307692306,2.778846153846153e-05,0.0,10.0,0.15,0.15
strategic_oil_10,Strategic 10% oil,strategic_single,2025,25,1.3200051594109787,0.2776859455651942,3.2068060453668137,9.964280657619602,-0.07626521812263409,17.308088692389457,-0.05862198071965065,-0.07626521812263418,230456.11946973737,43,0.5049,0.15,0.3450999999999999,0.0561,1.4137199999999999,5.609999999999999e-05,0.0,10.0,0.15,0.15
strategic_oil_10,Strategic 10% oil,strategic_single,2026,11,1.0004251976201703,0.2645310005919292,2.773735550384756,7.249948293876718,-0.06123252882414998,16.338132963497742,-0.06123252882414995,-0.06123252882414995,135345.0201069396,46,0.38249999999999995,0.14999999999999997,0.4675,0.0,0.0,0.0,0.0,10.0,0.15,0.15
strategic_diversified_10,Strategic 10% diversified real-assets/defensive basket,strategic_equal,overall,139,0.439872691470631,0.3005118560153326,1.3665525367182907,2.739544332823562,-0.4278474890356353,1.0281062825964,-0.09039591658156951,-0.18070899537189591,746957.0030160308,860,0.45404676258992804,0.15000000000000002,0.3959532374100718,0.028291366906474814,0.7129424460431653,2.829136690647481e-05,0.0,10.0,0.15,0.15
strategic_diversified_10,Strategic 10% diversified real-assets/defensive basket,strategic_equal,development_2021_2023,77,0.13505624498727764,0.2981869502569625,0.5702945792771438,0.9833904749645087,-0.4278474890356353,0.3156644562568155,-0.10397155175247386,-0.18070899537189591,147268.0948975245,860,0.4167207792207792,0.15000000000000002,0.43327922077922065,0.02347402597402597,0.5915454545454544,2.347402597402597e-05,0.0,10.0,0.15,0.15
strategic_diversified_10,Strategic 10% diversified real-assets/defensive basket,strategic_equal,holdout_2024_2026,62,0.9347478243761249,0.29499239605469174,2.4051073380853736,6.1660155563027965,-0.0933554530813201,10.01278225881336,-0.07120792079600577,-0.07502108001640755,507208.9806932015,146,0.5004032258064516,0.15000000000000005,0.34959677419354845,0.03427419354838709,0.8637096774193546,3.4274193548387086e-05,0.0,10.0,0.15,0.15
strategic_diversified_10,Strategic 10% diversified real-assets/defensive basket,strategic_equal,2021,26,-0.14326022162438745,0.2702214613722596,-0.43258584551310236,-0.5159670711662115,-0.287000801177827,-0.499163141832565,-0.13164184506935883,-0.18070899537189591,85254.46858956694,331,0.454423076923077,0.14999999999999997,0.39557692307692294,0.059711538461538455,1.504730769230769,5.9711538461538444e-05,0.0,10.0,0.15,0.15
strategic_diversified_10,Strategic 10% diversified real-assets/defensive basket,strategic_equal,2022,26,-0.16505506642371137,0.25179226395704396,-0.5955976294152215,-0.9211897874454628,-0.23481390738203667,-0.7029186144207834,-0.07052237830468072,-0.0736983686341372,83017.71601174732,362,0.3825,0.14999999999999997,0.4674999999999999,0.0,0.0,0.0,0.0,10.0,0.15,0.15
strategic_diversified_10,Strategic 10% diversified real-assets/defensive basket,strategic_equal,2023,25,1.0929868611015632,0.33918836516464346,2.3624125338217854,7.58488670215706,-0.14325107717454733,7.629868358824207,-0.048377005461654105,-0.057778608891150655,208075.39901959483,128,0.41309999999999997,0.15,0.43689999999999996,0.010199999999999996,0.2570399999999999,1.0199999999999997e-05,0.0,10.0,0.15,0.15
strategic_diversified_10,Strategic 10% diversified real-assets/defensive basket,strategic_equal,2024,26,0.6850065329098962,0.32706662279528514,1.761923117154324,4.179583430081765,-0.08596213321746216,7.968700953209308,-0.07381992356149614,-0.07502108001640755,171314.96041713128,146,0.5459615384615385,0.14999999999999997,0.3040384615384615,0.027788461538461533,0.7002692307692306,2.778846153846153e-05,0.0,10.0,0.15,0.15
strategic_diversified_10,Strategic 10% diversified real-assets/defensive basket,strategic_equal,2025,25,1.4228223160845315,0.26585347393395997,3.508047086153108,11.384086656569362,-0.06924536193809883,20.547546814131014,-0.05212184506391006,-0.06924536193809881,240586.57748532388,43,0.5049,0.15,0.3450999999999999,0.0561,1.4137199999999999,5.609999999999999e-05,0.0,10.0,0.15,0.15
strategic_diversified_10,Strategic 10% diversified real-assets/defensive basket,strategic_equal,2026,11,0.6086342112155709,0.29220266682954704,1.770158193040329,4.30464272059361,-0.09335545308131998,6.519535722090089,-0.06794647412293195,-0.06794647412293195,123060.94628797179,74,0.38249999999999995,0.14999999999999997,0.4675,0.0,0.0,0.0,0.0,10.0,0.15,0.15
regime_fixed_20,Risk-state 20% fixed defensive basket,regime_equal,overall,139,0.509438540975069,0.3530978139311733,1.3448273832567281,2.6940800606303106,-0.49314912323784843,1.0330314239033214,-0.10585583587125731,-0.2140050855670619,968998.7827744714,860,0.5341726618705037,0.12733812949640289,0.3384892086330935,0.03201438848920864,0.8067625899280576,3.201438848920864e-05,0.0,10.0,0.15,0.15
regime_fixed_20,Risk-state 20% fixed defensive basket,regime_equal,development_2021_2023,77,0.14369949758477096,0.3498157245404666,0.5539882188079559,0.9527770886091502,-0.49314912323784843,0.2913915706496429,-0.12177262263609882,-0.2140050855670619,150721.54686603765,860,0.49025974025974045,0.13928571428571426,0.37045454545454537,0.025324675324675326,0.6381818181818182,2.5324675324675325e-05,0.0,10.0,0.15,0.15
regime_fixed_20,Risk-state 20% fixed defensive basket,regime_equal,holdout_2024_2026,62,1.1304581764702162,0.3474550291704679,2.371288904003466,6.095492113051909,-0.11243661163794916,10.054182174311169,-0.08355384551162436,-0.0862836521622979,642906.6068673807,146,0.5887096774193551,0.11250000000000003,0.29879032258064503,0.04032258064516129,1.0161290322580645,4.032258064516129e-05,0.0,10.0,0.15,0.15
regime_fixed_20,Risk-state 20% fixed defensive basket,regime_equal,2021,26,-0.17937638934237787,0.31786999247456743,-0.4552479186382125,-0.5424163957765239,-0.3362239724095476,-0.5335026769711801,-0.15381537063734585,-0.2140050855670619,81548.95892883846,331,0.5346153846153846,0.12692307692307692,0.3384615384615385,0.06346153846153847,1.5992307692307695,6.346153846153847e-05,0.0,10.0,0.15,0.15
regime_fixed_20,Risk-state 20% fixed defensive basket,regime_equal,2022,26,-0.19698222863238202,0.2952311694231999,-0.6016704888445745,-0.9291610154942805,-0.2715439138343402,-0.7254157379220595,-0.08252927491545654,-0.0869473853792098,79744.4667803339,362,0.44999999999999996,0.14999999999999997,0.4000000000000001,0.0,0.0,0.0,0.0,10.0,0.15,0.15
regime_fixed_20,Risk-state 20% fixed defensive basket,regime_equal,2023,25,1.3333334876610246,0.3975849821844441,2.3444549248786877,7.513413753283712,-0.16682179637134598,7.992561623620327,-0.05638073651471126,-0.0679741800870716,231769.54229706727,128,0.486,0.141,0.3730000000000001,0.012000000000000002,0.30240000000000006,1.2e-05,0.0,10.0,0.15,0.15
regime_fixed_20,Risk-state 20% fixed defensive basket,regime_equal,2024,26,0.8200715038229511,0.3850498993598516,1.749071628858149,4.171089855951964,-0.10419264312001753,7.87072368322902,-0.08611206668955768,-0.0862836521622979,185500.56055482494,146,0.6423076923076922,0.09807692307692308,0.25961538461538464,0.032692307692307694,0.8238461538461539,3.269230769230769e-05,0.0,10.0,0.15,0.15
regime_fixed_20,Risk-state 20% fixed defensive basket,regime_equal,2025,25,1.7589590658902106,0.3140702764019604,3.43782100263671,11.146931966782773,-0.08167622717529055,21.535753140448033,-0.06155763594974319,-0.08167622717529051,273682.65781267785,43,0.594,0.111,0.29500000000000004,0.066,1.6632,6.6e-05,0.0,10.0,0.15,0.15
regime_fixed_20,Risk-state 20% fixed defensive basket,regime_equal,2026,11,0.7176910823764437,0.34347604025987005,1.7413936090563447,4.225802064314619,-0.11243661163794916,6.383072843634248,-0.08031502149209159,-0.08031502149209159,126635.47501206909,74,0.45,0.14999999999999997,0.4,0.0,0.0,0.0,0.0,10.0,0.15,0.15
regime_trend_20,Risk-state 20% trend-confirmed diversifiers,regime_trend_long,overall,139,0.5038621430669281,0.3511758427867526,1.3395742915628905,2.6953440679438185,-0.4846224271743267,1.0397004241111618,-0.10583198072513512,-0.2140050855670619,949416.9345105599,860,0.5341726618705037,0.10629496402877699,0.35953237410071937,0.09996562074590302,2.5191336427967563,9.996562074590304e-05,0.0,10.0,0.15,0.15
regime_trend_20,Risk-state 20% trend-confirmed diversifiers,regime_trend_long,development_2021_2023,77,0.13943908696047314,0.3468755817461083,0.5450636901089531,0.938247373129325,-0.4846224271743267,0.28772726795475895,-0.12190012479102097,-0.2140050855670619,149012.54980000705,860,0.49025974025974045,0.10129870129870132,0.4084415584415584,0.10822397072318433,2.727244062224245,0.00010822397072318433,0.0,10.0,0.15,0.15
regime_trend_20,Risk-state 20% trend-confirmed diversifiers,regime_trend_long,holdout_2024_2026,62,1.1226689069394675,0.3466932434018083,2.3647798085736724,6.13452173592217,-0.11688050517157256,9.605270830165104,-0.08282656737754573,-0.08564156793075628,637138.9092964273,146,0.5887096774193551,0.11250000000000003,0.29879032258064503,0.08970928287089239,2.2606739283464883,8.970928287089238e-05,0.0,10.0,0.15,0.15
regime_trend_20,Risk-state 20% trend-confirmed diversifiers,regime_trend_long,2021,26,-0.1774875480480479,0.3178603465925326,-0.4480291992965536,-0.5333674955974057,-0.3324006798747746,-0.5339566336474186,-0.15381537063734585,-0.2140050855670619,81742.62723042125,331,0.5346153846153846,0.12692307692307692,0.3384615384615385,0.123096997456911,3.102044335914157,0.00012309699745691101,0.0,10.0,0.15,0.15
regime_trend_20,Risk-state 20% trend-confirmed diversifiers,regime_trend_long,2022,26,-0.18332020008349004,0.2931945767515784,-0.550955584563078,-0.8711779260714816,-0.2644014867238864,-0.6933402771480279,-0.07959182321945871,-0.0880745664160443,81144.63438683028,362,0.44999999999999996,0.08653846153846155,0.46346153846153854,0.05354012613800225,1.3492111786776566,5.3540126138002244e-05,0.0,10.0,0.15,0.15
regime_trend_20,Risk-state 20% trend-confirmed diversifiers,regime_trend_long,2023,25,1.2611353618087358,0.39423765399140376,2.2789279757879766,7.294056803127067,-0.16885470731853036,7.468760461795767,-0.057761691743710514,-0.06624891537126577,224654.15037907497,128,0.486,0.09,0.42400000000000004,0.14962722128869796,3.7706059764751885,0.00014962722128869797,0.0,10.0,0.15,0.15
regime_trend_20,Risk-state 20% trend-confirmed diversifiers,regime_trend_long,2024,26,0.8235958279895128,0.3844203882685988,1.756391226867324,4.225734759537817,-0.1034066675058799,7.9646298237266135,-0.08558216368207922,-0.08564156793075628,185871.17195236203,146,0.6423076923076922,0.09807692307692308,0.25961538461538464,0.07796513917440748,1.9647215071950683,7.796513917440748e-05,0.0,10.0,0.15,0.15
regime_trend_20,Risk-state 20% trend-confirmed diversifiers,regime_trend_long,2025,25,1.7241942448613918,0.31358815779141774,3.4005393808262054,11.003360853493163,-0.08115561128490645,21.24553333482268,-0.06180282456040272,-0.08115561128490649,270261.2621891004,43,0.594,0.111,0.29500000000000004,0.11600787214996021,2.923398378178997,0.00011600787214996025,0.0,10.0,0.15,0.15
regime_trend_20,Risk-state 20% trend-confirmed diversifiers,regime_trend_long,2026,11,0.7238899450916028,0.34273957592209786,1.7550212793536184,4.3658216237366,-0.11688050517157256,6.1934190310777835,-0.07898633086111802,-0.07898633086111802,126834.75950710414,74,0.45,0.15,0.4,0.05769864688288431,1.4540059014486846,5.7698646882884324e-05,0.0,10.0,0.15,0.15
diversified_trend_overlay_20,Risk-state 20% diversified long/short trend overlay,regime_trend_long_short,overall,139,0.496682683545407,0.35047561442517167,1.3277662981129912,2.653065846221057,-0.48691925234463573,1.020051438002827,-0.1069526970712336,-0.2140050855670619,924684.0654865421,860,0.5341726618705037,0.1251798561151079,0.34064748201438844,0.10611916925243282,2.674203065161307,0.00010611916925243283,5.955946765952061e-06,10.0,0.15,0.15
diversified_trend_overlay_20,Risk-state 20% diversified long/short trend overlay,regime_trend_long_short,development_2021_2023,77,0.1352023462974392,0.34425229056451534,0.5357879336899587,0.9181848192723372,-0.48691925234463573,0.2776689269245501,-0.12152769206737929,-0.2140050855670619,147326.02349767837,860,0.49025974025974045,0.13538961038961037,0.3743506493506493,0.11202096872754064,2.822928411934024,0.00011202096872754057,8.479981235550011e-06,10.0,0.15,0.15
diversified_trend_overlay_20,Risk-state 20% diversified long/short trend overlay,regime_trend_long_short,holdout_2024_2026,62,1.109755385093084,0.34838511098900704,2.337108245770779,5.92914699685124,-0.11459729158553833,9.683958230938943,-0.0855599280245198,-0.09149473299673284,627644.759244529,146,0.5887096774193551,0.11250000000000002,0.29879032258064503,0.09878951506560542,2.4894957796532564,9.878951506560542e-05,2.8212587956449314e-06,10.0,0.15,0.15
diversified_trend_overlay_20,Risk-state 20% diversified long/short trend overlay,regime_trend_long_short,2021,26,-0.17774230747880615,0.3185167177653393,-0.4475191135618554,-0.5341230856837744,-0.33350484704681804,-0.5329526963482313,-0.15381537063734585,-0.2140050855670619,81716.505192707,331,0.5346153846153846,0.12692307692307692,0.3384615384615385,0.13009298140025277,3.27834313128637,0.00013009298140025279,6.312624905232414e-06,10.0,0.15,0.15
diversified_trend_overlay_20,Risk-state 20% diversified long/short trend overlay,regime_trend_long_short,2022,26,-0.18602542261481625,0.2861838798289322,-0.5822235780762922,-0.9018026019967283,-0.26910064413886714,-0.6912856831320678,-0.07792437894255914,-0.08779394562304116,80867.32731981423,362,0.44999999999999996,0.14423076923076922,0.4057692307692309,0.0717849086713111,1.8089796985170397,7.17849086713111e-05,9.81832107488364e-06,10.0,0.15,0.15
diversified_trend_overlay_20,Risk-state 20% diversified long/short trend overlay,regime_trend_long_short,2023,25,1.2437897776298827,0.3922196120889089,2.2681841379208207,7.333851333611135,-0.15768162125833685,7.887981920176521,-0.05557097152387435,-0.06624891537126577,222944.41248358652,128,0.486,0.135,0.37900000000000006,0.13507157800639866,3.403803765761246,0.00013507157800639864,9.342158386173336e-06,10.0,0.15,0.15
diversified_trend_overlay_20,Risk-state 20% diversified long/short trend overlay,regime_trend_long_short,2024,26,0.8085726540725835,0.3877896618762795,1.7226734823937153,4.055887967705504,-0.10824334062320617,7.469952880401351,-0.08854649382167187,-0.09149473299673284,184291.52147376348,146,0.6423076923076922,0.09807692307692305,0.25961538461538464,0.07244927054412431,1.8257216177119326,7.244927054412432e-05,1.6969164454561654e-06,10.0,0.15,0.15
diversified_trend_overlay_20,Risk-state 20% diversified long/short trend overlay,regime_trend_long_short,2025,25,1.7055404018000644,0.31635637416233675,3.350941881798052,10.474824864033968,-0.0854651235857744,19.955981226521622,-0.06424300915269818,-0.08546512358577445,268425.2931885754,43,0.594,0.111,0.29500000000000004,0.13637257617916682,3.4365889197150037,0.00013637257617916677,4.4388416214330675e-06,10.0,0.15,0.15
diversified_trend_overlay_20,Risk-state 20% diversified long/short trend overlay,regime_trend_long_short,2026,11,0.7252256257351926,0.33769032882534117,1.77948015468904,4.372157189364571,-0.11459729158553844,6.32847090625929,-0.07968160086896098,-0.07968160086896098,126877.64681166266,74,0.45,0.14999999999999997,0.4,0.07563222685828488,1.905932116828779,7.56322268582849e-05,1.8024706556635257e-06,10.0,0.15,0.15
strategic_gold_10,Strategic 10% gold,strategic_single,overall,139,0.437367927041989,0.2852706274312969,1.4185431491753067,2.864936853602166,-0.4071312037647653,1.0742677618360446,-0.0856815211356687,-0.16529623109828737,739817.8458752886,860,0.4273381294964028,0.19999999999999998,0.37266187050359706,0.027050359712230215,0.6816690647482014,2.7050359712230207e-05,0.0,10.0,0.2,0.2
strategic_gold_10,Strategic 10% gold,strategic_single,development_2021_2023,77,0.1306249193665623,0.2817475372544346,0.5731576018284201,0.9923997240813601,-0.4071312037647653,0.32084231854170414,-0.09710614614224256,-0.16529623109828737,145518.36334373703,860,0.3922077922077922,0.19999999999999993,0.4077922077922077,0.022857142857142854,0.5759999999999998,2.285714285714285e-05,0.0,10.0,0.2,0.2
strategic_gold_10,Strategic 10% gold,strategic_single,holdout_2024_2026,62,0.9365957518775503,0.2802874473177245,2.521291043960527,6.493316318775295,-0.09456647828180498,9.90409888255039,-0.06790937003604264,-0.07273598700120358,508401.70881232637,86,0.4709677419354838,0.19999999999999993,0.32903225806451625,0.032258064516129024,0.8129032258064514,3.225806451612902e-05,0.0,10.0,0.2,0.2
strategic_gold_10,Strategic 10% gold,strategic_single,2021,26,-0.15382620693121674,0.25065176217753266,-0.5371018762608499,-0.6349007471165308,-0.2689216096421323,-0.5720113275237386,-0.12226949147182843,-0.16529623109828737,84169.87841951857,331,0.4276923076923077,0.20000000000000004,0.3723076923076922,0.058461538461538454,1.473230769230769,5.846153846153845e-05,0.0,10.0,0.2,0.2
strategic_gold_10,Strategic 10% gold,strategic_single,2022,26,-0.1470771326692457,0.24217534811028554,-0.5409803465591788,-0.8402262187513342,-0.21401647479505725,-0.6872234149734835,-0.0682693346744549,-0.06948934383102016,84862.61637225487,362,0.36,0.20000000000000004,0.43999999999999984,0.0,0.0,0.0,0.0,10.0,0.2,0.2
strategic_gold_10,Strategic 10% gold,strategic_single,2023,25,1.048882447541109,0.31921993886474903,2.4235304079600932,7.933680177105877,-0.13967759975331462,7.509310364679419,-0.04629931600115959,-0.05302830630171919,203725.16792575843,128,0.38880000000000003,0.20000000000000004,0.4111999999999999,0.0096,0.24191999999999997,9.6e-06,0.0,10.0,0.2,0.2
strategic_gold_10,Strategic 10% gold,strategic_single,2024,26,0.7048765471926093,0.3059324814099692,1.9032714315016857,4.568422226483417,-0.07049727819335139,9.998634915512048,-0.07161663259727748,-0.07273598700120358,173399.67048202574,86,0.513846153846154,0.20000000000000004,0.2861538461538461,0.026153846153846153,0.659076923076923,2.6153846153846146e-05,0.0,10.0,0.2,0.2
strategic_gold_10,Strategic 10% gold,strategic_single,2025,25,1.4688967002404247,0.25113790580326195,3.7784629608830036,12.346014090135403,-0.06629510051293508,22.15694204964397,-0.046546672599669325,-0.06629510051293508,245125.1185421325,43,0.4752000000000001,0.20000000000000004,0.3247999999999999,0.052799999999999986,1.3305599999999995,5.279999999999998e-05,0.0,10.0,0.2,0.2
strategic_gold_10,Strategic 10% gold,strategic_single,2026,11,0.5071833956616578,0.28909925045314966,1.5573695527604188,3.683885407083755,-0.09456647828180509,5.363247155617527,-0.06210911443668054,-0.06210911443668054,119610.94375727637,74,0.36,0.2,0.43999999999999984,0.0,0.0,0.0,0.0,10.0,0.2,0.2
strategic_oil_10,Strategic 10% oil,strategic_single,overall,139,0.4807419996576612,0.29163494050487915,1.497251779691964,2.978469582780672,-0.334400167993933,1.4376248748367353,-0.09174201885177813,-0.1732374935113338,871651.1226683279,829,0.4273381294964028,0.19999999999999998,0.37266187050359706,0.027050359712230215,0.6816690647482014,2.7050359712230207e-05,0.0,10.0,0.2,0.2
strategic_oil_10,Strategic 10% oil,strategic_single,development_2021_2023,77,0.1864794284917657,0.2975358233232226,0.7209661088244361,1.2429277538366013,-0.334400167993933,0.5576535131858814,-0.10742271308636461,-0.1732374935113338,168618.8820072348,829,0.3922077922077922,0.19999999999999993,0.4077922077922077,0.022857142857142854,0.5759999999999998,2.285714285714285e-05,0.0,10.0,0.2,0.2
strategic_oil_10,Strategic 10% oil,strategic_single,holdout_2024_2026,62,0.9497431867705308,0.27671677254418947,2.5749491268910374,6.735303064725854,-0.08015023695723145,11.849536855110214,-0.06627206495513531,-0.074890238669781,516935.65530278446,131,0.4709677419354838,0.19999999999999993,0.32903225806451625,0.032258064516129024,0.8129032258064514,3.225806451612902e-05,0.0,10.0,0.2,0.2
strategic_oil_10,Strategic 10% oil,strategic_single,2021,26,-0.04766444968788586,0.282773697483187,-0.029298515422213553,-0.03637197342692174,-0.2639403254855256,-0.18058797798406048,-0.13306475864570175,-0.1732374935113338,95086.01860987008,331,0.4276923076923077,0.20000000000000004,0.3723076923076922,0.058461538461538454,1.473230769230769,5.846153846153845e-05,0.0,10.0,0.2,0.2
strategic_oil_10,Strategic 10% oil,strategic_single,2022,26,-0.10536621271548618,0.24544329820343658,-0.3372285126609921,-0.545608441877615,-0.22327467102141718,-0.4719129681547225,-0.06260681062652156,-0.0630441735777516,89147.71705735166,157,0.36,0.20000000000000004,0.43999999999999984,0.0,0.0,0.0,0.0,10.0,0.2,0.2
strategic_oil_10,Strategic 10% oil,strategic_single,2023,25,1.0001784817816537,0.3409776219415498,2.2153897685786634,6.419272514838394,-0.11443443871259618,8.740187770690405,-0.05369761265450815,-0.05484546561001772,198920.39650394616,113,0.38880000000000003,0.20000000000000004,0.4111999999999999,0.0096,0.24191999999999997,9.6e-06,0.0,10.0,0.2,0.2
strategic_oil_10,Strategic 10% oil,strategic_single,2024,26,0.6763648291433273,0.30360398442554787,1.8589127569338422,4.467650761360498,-0.08015023695723145,8.438712782648901,-0.06795499985955734,-0.074890238669781,170408.53835234433,131,0.513846153846154,0.20000000000000004,0.2861538461538461,0.026153846153846153,0.659076923076923,2.6153846153846146e-05,0.0,10.0,0.2,0.2
strategic_oil_10,Strategic 10% oil,strategic_single,2025,25,1.2015042749444937,0.26719609346867623,3.120648760503266,9.5153105569605,-0.07456886736945567,16.11267969233826,-0.05768408079782737,-0.07456886736945584,218775.92907149147,43,0.4752000000000001,0.20000000000000004,0.3247999999999999,0.052799999999999986,1.3305599999999995,5.279999999999998e-05,0.0,10.0,0.2,0.2
strategic_oil_10,Strategic 10% oil,strategic_single,2026,11,1.1143869314052912,0.24766923581531725,3.1778544723038387,8.849830860654617,-0.05460939273197074,20.406506567008208,-0.05460939273197071,-0.05460939273197071,138658.21343891358,46,0.36,0.2,0.43999999999999984,0.0,0.0,0.0,0.0,10.0,0.2,0.2
strategic_diversified_10,Strategic 10% diversified real-assets/defensive basket,strategic_equal,overall,139,0.4191217119719308,0.28389983441013955,1.378456076057399,2.757252551977983,-0.40509955710575596,1.034614095770325,-0.08544033984513354,-0.16961029864017396,689479.0200212339,860,0.4273381294964028,0.19999999999999998,0.37266187050359706,0.027050359712230215,0.6816690647482014,2.7050359712230207e-05,0.0,10.0,0.2,0.2
strategic_diversified_10,Strategic 10% diversified real-assets/defensive basket,strategic_equal,development_2021_2023,77,0.13048868757774357,0.2824021454582577,0.5722311601608382,0.9851599266217897,-0.40509955710575596,0.3221151079749958,-0.0980539260407573,-0.16961029864017396,145464.79427357172,860,0.3922077922077922,0.19999999999999993,0.4077922077922077,0.022857142857142854,0.5759999999999998,2.285714285714285e-05,0.0,10.0,0.2,0.2
strategic_diversified_10,Strategic 10% diversified real-assets/defensive basket,strategic_equal,holdout_2024_2026,62,0.8821967784674636,0.27757810849950215,2.4377673748937307,6.243409875069515,-0.08343034774164804,10.57405131762474,-0.06713622409516323,-0.07185371825140076,473983.4290931929,131,0.4709677419354838,0.19999999999999993,0.32903225806451625,0.032258064516129024,0.8129032258064514,3.225806451612902e-05,0.0,10.0,0.2,0.2
strategic_diversified_10,Strategic 10% diversified real-assets/defensive basket,strategic_equal,2021,26,-0.12977163620511478,0.2553084743754346,-0.4132375467666001,-0.4934625153228153,-0.2707081438434522,-0.4793783975710772,-0.12425066988002986,-0.16961029864017396,86639.67791285619,331,0.4276923076923077,0.20000000000000004,0.3723076923076922,0.058461538461538454,1.473230769230769,5.846153846153845e-05,0.0,10.0,0.2,0.2
strategic_diversified_10,Strategic 10% diversified real-assets/defensive basket,strategic_equal,2022,26,-0.15683871008349803,0.2394524181461058,-0.597436982709402,-0.9236631849778426,-0.22475044349643158,-0.6978349303501516,-0.06743899694486839,-0.06878583659706214,83860.72583938166,362,0.36,0.20000000000000004,0.43999999999999984,0.0,0.0,0.0,0.0,10.0,0.2,0.2
strategic_diversified_10,Strategic 10% diversified real-assets/defensive basket,strategic_equal,2023,25,1.0132342516625337,0.3213206851140533,2.353502623811224,7.420266942334316,-0.1395481983609549,7.260819298015625,-0.04742500407156553,-0.055055173397778955,200208.47193163735,113,0.38880000000000003,0.20000000000000004,0.4111999999999999,0.0096,0.24191999999999997,9.6e-06,0.0,10.0,0.2,0.2
strategic_diversified_10,Strategic 10% diversified real-assets/defensive basket,strategic_equal,2024,26,0.6462534695589062,0.3075146962650324,1.7786352428431698,4.215657300119272,-0.07701310817565232,8.391473670753872,-0.06988725873011543,-0.07185371825140076,167251.34327619683,131,0.513846153846154,0.20000000000000004,0.2861538461538461,0.026153846153846153,0.659076923076923,2.6153846153846146e-05,0.0,10.0,0.2,0.2
strategic_diversified_10,Strategic 10% diversified real-assets/defensive basket,strategic_equal,2025,25,1.3332073549439345,0.24994151737065348,3.5608884887350505,11.563318079051049,-0.0652090591234088,20.44512484716006,-0.04901723325683992,-0.0652090591234087,231757.11299160545,43,0.4752000000000001,0.20000000000000004,0.3247999999999999,0.052799999999999986,1.3305599999999995,5.279999999999998e-05,0.0,10.0,0.2,0.2
strategic_diversified_10,Strategic 10% diversified real-assets/defensive basket,strategic_equal,2026,11,0.585385563818005,0.2757188330338697,1.8076313061322553,4.378725059953041,-0.08343034774164804,7.016458395100075,-0.06356131979701338,-0.06356131979701338,122281.41959348024,74,0.36,0.2,0.43999999999999984,0.0,0.0,0.0,0.0,10.0,0.2,0.2
regime_fixed_20,Risk-state 20% fixed defensive basket,regime_equal,overall,139,0.5120760226976513,0.3539267216267493,1.347540557351281,2.6945476456160824,-0.49344485805174754,1.0377573387216246,-0.10592740868339355,-0.2140050855670619,978374.944443725,860,0.5341726618705037,0.16978417266187049,0.29604316546762593,0.03201438848920864,0.8067625899280576,3.201438848920864e-05,0.0,10.0,0.2,0.2
regime_fixed_20,Risk-state 20% fixed defensive basket,regime_equal,development_2021_2023,77,0.14254937297178616,0.35115419399596215,0.5503332411810014,0.9446904590426625,-0.49344485805174754,0.2888861250568286,-0.12178868721892389,-0.2140050855670619,150258.90007375184,860,0.49025974025974045,0.18571428571428567,0.32402597402597405,0.025324675324675326,0.6381818181818182,2.5324675324675325e-05,0.0,10.0,0.2,0.2
regime_fixed_20,Risk-state 20% fixed defensive basket,regime_equal,holdout_2024_2026,62,1.1414872797927167,0.34744197333470217,2.3867046174684163,6.135867419137149,-0.10901880638380224,10.470553821458058,-0.08359745704932135,-0.08687048111258788,651126.1189610116,146,0.5887096774193551,0.14999999999999994,0.26129032258064516,0.04032258064516129,1.0161290322580645,4.03225806451613e-05,0.0,10.0,0.2,0.2
regime_fixed_20,Risk-state 20% fixed defensive basket,regime_equal,2021,26,-0.17785587773329026,0.3187553690209069,-0.44733556089860543,-0.5333151459997137,-0.33676728493533403,-0.5281269460821947,-0.15381537063734585,-0.2140050855670619,81704.86022486717,331,0.5346153846153846,0.16923076923076924,0.2961538461538461,0.06346153846153847,1.5992307692307695,6.346153846153847e-05,0.0,10.0,0.2,0.2
regime_fixed_20,Risk-state 20% fixed defensive basket,regime_equal,2022,26,-0.19930269404315482,0.2972491569486268,-0.6053655707387555,-0.9344511279299311,-0.27393605397722365,-0.727551890850139,-0.0834481924259028,-0.08645119225715893,79506.72617242999,362,0.44999999999999996,0.20000000000000004,0.35,0.0,0.0,0.0,0.0,10.0,0.2,0.2
regime_fixed_20,Risk-state 20% fixed defensive basket,regime_equal,2023,25,1.3286378409209099,0.39911057465463323,2.331815041744452,7.361975890476396,-0.1703523829151713,7.799349901565619,-0.05809664547564173,-0.06864926832567353,231306.82268794844,128,0.486,0.188,0.326,0.012000000000000002,0.30240000000000006,1.2e-05,0.0,10.0,0.2,0.2
regime_fixed_20,Risk-state 20% fixed defensive basket,regime_equal,2024,26,0.8257768935019683,0.3847252559329102,1.7585916551759828,4.198548367022658,-0.10142724392997793,8.141568887271134,-0.08627678290086413,-0.08687048111258788,186100.54015253624,146,0.6423076923076922,0.13076923076923078,0.22692307692307695,0.032692307692307694,0.8238461538461539,3.269230769230769e-05,0.0,10.0,0.2,0.2
regime_fixed_20,Risk-state 20% fixed defensive basket,regime_equal,2025,25,1.775917579120744,0.31417419251906703,3.4571109971655933,11.21186008294203,-0.08178354610633098,21.714851747951627,-0.061598287771284094,-0.08178354610633094,275351.51315270265,43,0.594,0.14800000000000002,0.258,0.066,1.6632,6.6e-05,0.0,10.0,0.2,0.2
regime_fixed_20,Risk-state 20% fixed defensive basket,regime_equal,2026,11,0.7311045930729769,0.3439735914623002,1.7624629473626352,4.261354424975035,-0.10901880638380224,6.706224525143973,-0.08005271628922624,-0.08005271628922624,127066.19222985998,74,0.45,0.2,0.35000000000000003,0.0,0.0,0.0,0.0,10.0,0.2,0.2
regime_trend_20,Risk-state 20% trend-confirmed diversifiers,regime_trend_long,overall,139,0.5045699305980105,0.35148509542419343,1.3400984757274164,2.6945422961439283,-0.48211266190512536,1.046580956003401,-0.1061806766021819,-0.2140050855670619,951884.266807717,860,0.5341726618705037,0.14172661870503594,0.3241007194244605,0.12261603149813452,3.08992399375299,0.00012261603149813448,0.0,10.0,0.2,0.2
regime_trend_20,Risk-state 20% trend-confirmed diversifiers,regime_trend_long,development_2021_2023,77,0.13678379667671092,0.34748296759827263,0.5380191331093331,0.9245290237407834,-0.48211266190512536,0.2837174948614573,-0.12195869009215342,-0.2140050855670619,147954.043711181,860,0.49025974025974045,0.13506493506493503,0.3746753246753247,0.13585706918935403,3.4235981435717213,0.000135857069189354,0.0,10.0,0.2,0.2
regime_trend_20,Risk-state 20% trend-confirmed diversifiers,regime_trend_long,holdout_2024_2026,62,1.1310752111095081,0.3463956305601828,2.378274602749791,6.187939374741458,-0.11494816374534733,9.839871941019064,-0.08262775287054985,-0.08585595747406022,643364.8198665507,146,0.5887096774193551,0.14999999999999994,0.2612903225806452,0.10617151694613608,2.675522227042629,0.00010617151694613607,0.0,10.0,0.2,0.2
regime_trend_20,Risk-state 20% trend-confirmed diversifiers,regime_trend_long,2021,26,-0.17533977127501044,0.31876758614469525,-0.43770248290214897,-0.5212120670374492,-0.331670086638008,-0.5286571757264926,-0.15381537063734585,-0.2140050855670619,81962.86208115538,331,0.5346153846153846,0.16923076923076924,0.2961538461538462,0.14297548378870187,3.602982191475287,0.00014297548378870185,0.0,10.0,0.2,0.2
regime_trend_20,Risk-state 20% trend-confirmed diversifiers,regime_trend_long,2022,26,-0.18117454243166486,0.2949169976427725,-0.5373878639608285,-0.855487784982405,-0.2644014867238865,-0.6852251274247363,-0.07953159016457237,-0.0879541003062716,81364.60229596865,362,0.44999999999999996,0.1153846153846154,0.4346153846153846,0.07138683485066966,1.7989482382368753,7.138683485066966e-05,0.0,10.0,0.2,0.2
regime_trend_20,Risk-state 20% trend-confirmed diversifiers,regime_trend_long,2023,25,1.232763951932244,0.3949859745360445,2.242470106284726,7.0638132609566195,-0.1730691346629798,7.122956697812261,-0.0591585925947634,-0.06634891537126578,221857.55274699867,142,0.486,0.12000000000000002,0.3940000000000001,0.19550296171826392,4.926674635300251,0.00019550296171826396,0.0,10.0,0.2,0.2
regime_trend_20,Risk-state 20% trend-confirmed diversifiers,regime_trend_long,2024,26,0.8304815658780511,0.3838951433533973,1.7683429794074248,4.270526642610209,-0.10038732924397797,8.272772790475148,-0.08557024555755952,-0.08585595747406022,186595.32896124554,146,0.6423076923076922,0.13076923076923078,0.22692307692307698,0.09305608300177408,2.345013291644707,9.305608300177409e-05,0.0,10.0,0.2,0.2
regime_trend_20,Risk-state 20% trend-confirmed diversifiers,regime_trend_long,2025,25,1.7294056043043997,0.31350279082326643,3.407743313524097,11.018552238155317,-0.08108939158581907,21.327149834070756,-0.06192520591883012,-0.08108939158581892,270774.1624636562,43,0.594,0.14800000000000002,0.25800000000000006,0.13267716286661366,3.343464504238664,0.00013267716286661366,0.0,10.0,0.2,0.2
regime_trend_20,Risk-state 20% trend-confirmed diversifiers,regime_trend_long,2026,11,0.7395197020349509,0.3428370485957147,1.781483076353036,4.453343875300736,-0.11494816374534744,6.433506007745018,-0.07828112878126148,-0.07828112878126148,127335.44791466724,74,0.45,0.2,0.35000000000000003,0.0769315291771791,1.9386745352649133,7.69315291771791e-05,0.0,10.0,0.2,0.2
diversified_trend_overlay_20,Risk-state 20% diversified long/short trend overlay,regime_trend_long_short,overall,139,0.49505751750622484,0.35044605683580066,1.3247576034463786,2.640058559954378,-0.485120883974518,1.020482798947548,-0.10738989028336196,-0.2140050855670619,919159.3375341638,1003,0.5341726618705037,0.16690647482014384,0.2989208633093526,0.13082076284017422,3.29668322357239,0.00013082076284017425,7.941262354602748e-06,10.0,0.2,0.2
diversified_trend_overlay_20,Risk-state 20% diversified long/short trend overlay,regime_trend_long_short,development_2021_2023,77,0.13123307366729553,0.3437780839176908,0.5258869366628901,0.8985070427693581,-0.485120883974518,0.2705162321442934,-0.12146211312729785,-0.2140050855670619,145757.66366777284,1003,0.49025974025974045,0.18051948051948047,0.32922077922077925,0.14091973319516235,3.551177276518091,0.00014091973319516242,1.1306641647400012e-05,10.0,0.2,0.2
diversified_trend_overlay_20,Risk-state 20% diversified long/short trend overlay,regime_trend_long_short,holdout_2024_2026,62,1.1137980849651368,0.3486678907781813,2.3412096841412997,5.914602330320902,-0.1118986993379909,9.953628518959821,-0.08627223373318192,-0.09308875372902756,630607.8969742644,146,0.5887096774193551,0.14999999999999994,0.26129032258064516,0.11827849320575347,2.9806180287849875,0.00011827849320575345,3.761678394193243e-06,10.0,0.2,0.2
diversified_trend_overlay_20,Risk-state 20% diversified long/short trend overlay,regime_trend_long_short,2021,26,-0.17567955638930877,0.31964021703578005,-0.4370564986339579,-0.5222789918074138,-0.3331413812662165,-0.5273423425261047,-0.15381537063734585,-0.2140050855670619,81928.01901380479,331,0.5346153846153846,0.16923076923076924,0.2961538461538462,0.15230346237982426,3.838047251971571,0.00015230346237982424,8.416833206976552e-06,10.0,0.2,0.2
diversified_trend_overlay_20,Risk-state 20% diversified long/short trend overlay,regime_trend_long_short,2022,26,-0.18468882454322633,0.28514647499439605,-0.5795824742870365,-0.8981971127673214,-0.27069132052663314,-0.6822857274622328,-0.07856881386838732,-0.08757993924893406,81004.33572146077,191,0.44999999999999996,0.19230769230769235,0.3576923076923078,0.09571321156174814,2.411972931356053,9.571321156174816e-05,1.309109476651152e-05,10.0,0.2,0.2
diversified_trend_overlay_20,Risk-state 20% diversified long/short trend overlay,regime_trend_long_short,2023,25,1.2101624953873888,0.39204206311280976,2.2293365120092123,7.117978187642329,-0.15817768916279662,7.650652261975382,-0.05718822120059355,-0.06634891537126578,219629.50339316222,128,0.486,0.18,0.3340000000000001,0.1760954373418649,4.4376050210149955,0.0001760954373418649,1.2456211181564448e-05,10.0,0.2,0.2
diversified_trend_overlay_20,Risk-state 20% diversified long/short trend overlay,regime_trend_long_short,2024,26,0.8104147672561888,0.3883744442372249,1.7233749147969668,4.044936880086845,-0.10683747419468126,7.585491639192402,-0.08952268574368305,-0.09308875372902756,184485.19289184015,146,0.6423076923076922,0.13076923076923078,0.22692307692307698,0.08570159149472986,2.1596801056671926,8.570159149472986e-05,2.2625552606082205e-06,10.0,0.2,0.2
diversified_trend_overlay_20,Risk-state 20% diversified long/short trend overlay,regime_trend_long_short,2025,25,1.7044713488428838,0.31724661887568095,3.3411471325394544,10.325663609569972,-0.0868354079869762,19.628759608045197,-0.06517878537522408,-0.0868354079869762,268320.07064869895,43,0.594,0.14800000000000002,0.258,0.15983010157222238,4.027718559620004,0.0001598301015722224,5.91845549524409e-06,10.0,0.2,0.2
diversified_trend_overlay_20,Risk-state 20% diversified long/short trend overlay,regime_trend_long_short,2026,11,0.7413137107159287,0.3360938285643444,1.8148376066067513,4.460914351055373,-0.1118986993379909,6.6248644095208356,-0.0792081554583854,-0.0792081554583854,127392.755288743,74,0.45,0.2,0.35000000000000003,0.10084296914437986,2.5412428224383725,0.00010084296914437985,2.4032942075513674e-06,10.0,0.2,0.2
strategic_gold_10,Strategic 10% gold,strategic_single,overall,139,0.4841372932815613,0.3341285473120048,1.351207175869093,2.720300499671966,-0.472749489256052,1.0240884533655021,-0.1008102291574386,-0.20182787194986826,882732.7520450725,860,0.5074640287769785,0.049999999999999996,0.44253597122302163,0.030773381294964028,0.7754892086330935,7.693345323741006e-05,0.0,25.0,0.05,0.05
strategic_gold_10,Strategic 10% gold,strategic_single,development_2021_2023,77,0.1423746195470721,0.32970672937359363,0.5641445172888065,0.9749243409298374,-0.472749489256052,0.30116292620669277,-0.11576579570127835,-0.20182787194986826,150188.68783246283,860,0.4657467532467533,0.04999999999999998,0.48425324675324666,0.024707792207792206,0.6226363636363635,6.176948051948051e-05,0.0,25.0,0.05,0.05
strategic_gold_10,Strategic 10% gold,strategic_single,holdout_2024_2026,62,1.0541839715315624,0.33047638103601396,2.363797596200584,6.0727204964491595,-0.11567319775861107,9.113467872924657,-0.07974053818291069,-0.08265882264822434,587749.1605957511,146,0.5592741935483874,0.04999999999999998,0.3907258064516129,0.038306451612903226,0.9653225806451613,9.576612903225805e-05,0.0,25.0,0.05,0.05
strategic_gold_10,Strategic 10% gold,strategic_single,2021,26,-0.17797039456840513,0.29868967084459963,-0.4998768774173305,-0.5925361676697519,-0.3190793290020426,-0.5577622189598682,-0.14632077584596648,-0.20182787194986826,81693.11825074158,331,0.5078846153846154,0.05000000000000001,0.44211538461538463,0.06221153846153846,1.5677307692307692,0.00015552884615384615,0.0,25.0,0.05,0.05
strategic_gold_10,Strategic 10% gold,strategic_single,2022,26,-0.17936511725025173,0.27764087909038354,-0.5790709209262446,-0.8958612729524289,-0.2520445836845919,-0.7116404353077028,-0.07689672545670206,-0.08369930951677687,81550.11464675082,362,0.4275,0.05000000000000001,0.5225000000000001,0.0,0.0,0.0,0.0,25.0,0.05,0.05
strategic_gold_10,Strategic 10% gold,strategic_single,2023,25,1.2690882708463325,0.37443910376633954,2.3912353006350395,7.982728860510798,-0.1520844725325039,8.344627493612798,-0.05091202408956626,-0.06271876310387912,225438.02628025218,128,0.46169999999999994,0.05000000000000001,0.48829999999999996,0.011399999999999995,0.28727999999999987,2.8499999999999985e-05,0.0,25.0,0.05,0.05
strategic_gold_10,Strategic 10% gold,strategic_single,2024,26,0.7769288946317283,0.36583762252397134,1.756355213985109,4.185589585221348,-0.09896398939256856,7.850622225320978,-0.0821175966910481,-0.08265882264822434,180965.623216345,146,0.6101923076923076,0.05000000000000001,0.33980769230769226,0.031057692307692304,0.782653846153846,7.764423076923076e-05,0.0,25.0,0.05,0.05
strategic_gold_10,Strategic 10% gold,strategic_single,2025,25,1.6414806308985108,0.2979404239600264,3.4577619467957406,11.152295180534708,-0.07837322791486057,20.944405054768264,-0.058105303513757686,-0.07837322791486065,262119.5628663954,43,0.5643,0.05000000000000001,0.38569999999999993,0.06269999999999999,1.5800399999999997,0.00015675,0.0,25.0,0.05,0.05
strategic_gold_10,Strategic 10% gold,strategic_single,2026,11,0.6340886653938311,0.3285699895120546,1.6523053137512134,4.027272627209751,-0.11567319775861096,5.481725046774098,-0.07635373143468589,-0.07635373143468589,123907.18763062847,74,0.42750000000000005,0.05,0.5225,0.0,0.0,0.0,0.0,25.0,0.05,0.05
strategic_oil_10,Strategic 10% oil,strategic_single,overall,139,0.4957180709733977,0.3344356447227649,1.3738740409788064,2.7608526932138457,-0.4569644875316845,1.0848065538988434,-0.10091779968994073,-0.20381318755312985,921401.6101036206,860,0.5074640287769785,0.049999999999999996,0.44253597122302163,0.030773381294964028,0.7754892086330935,7.693345323741006e-05,0.0,25.0,0.05,0.05
strategic_oil_10,Strategic 10% oil,strategic_single,development_2021_2023,77,0.15649949667174723,0.33246689848836536,0.5993352123058384,1.037512985868746,-0.4569644875316845,0.34247627757046667,-0.11589463779683955,-0.20381318755312985,155935.29446803973,860,0.4657467532467533,0.04999999999999998,0.48425324675324666,0.024707792207792206,0.6226363636363635,6.176948051948051e-05,0.0,25.0,0.05,0.05
strategic_oil_10,Strategic 10% oil,strategic_single,holdout_2024_2026,62,1.058634589077597,0.32819593965435795,2.3846749024949836,6.1327280683799135,-0.10441485187208166,10.138735726738638,-0.07933121191268383,-0.08375706276733175,590887.1453681517,146,0.5592741935483874,0.04999999999999998,0.3907258064516129,0.038306451612903226,0.9653225806451613,9.576612903225805e-05,0.0,25.0,0.05,0.05
strategic_oil_10,Strategic 10% oil,strategic_single,2021,26,-0.15329764521396616,0.3058822710402528,-0.3848633953972556,-0.461183683919778,-0.31797999076207817,-0.48209840136975124,-0.14864765257818108,-0.20381318755312985,84224.12469765313,331,0.5078846153846154,0.05000000000000001,0.44211538461538463,0.06221153846153846,1.5677307692307692,0.00015552884615384615,0.0,25.0,0.05,0.05
strategic_oil_10,Strategic 10% oil,strategic_single,2022,26,-0.16909270921010344,0.2766271457531878,-0.5375949377580818,-0.8432028559836058,-0.2542462540174021,-0.6650745351730128,-0.07364460731042335,-0.078415042684869,82603.54446610264,191,0.4275,0.05000000000000001,0.5225000000000001,0.0,0.0,0.0,0.0,25.0,0.05,0.05
strategic_oil_10,Strategic 10% oil,strategic_single,2023,25,1.2558660553360945,0.37889053750309104,2.3511059033280244,7.669508060751035,-0.14472618787819314,8.677531507933294,-0.052398237367084044,-0.06317305293095377,224134.77084758188,128,0.46169999999999994,0.05000000000000001,0.48829999999999996,0.011399999999999995,0.28727999999999987,2.8499999999999985e-05,0.0,25.0,0.05,0.05
strategic_oil_10,Strategic 10% oil,strategic_single,2024,26,0.7695899847648284,0.36515991923388735,1.7473604690726,4.165840805963758,-0.10441485187208166,7.370503055519831,-0.08120218850661805,-0.08375706276733175,180194.53887421152,146,0.6101923076923076,0.05000000000000001,0.33980769230769226,0.031057692307692304,0.782653846153846,7.764423076923076e-05,0.0,25.0,0.05,0.05
strategic_oil_10,Strategic 10% oil,strategic_single,2025,25,1.567406399726023,0.3011822498540561,3.325011787886509,10.573297947741015,-0.0804416696289908,19.485005805512735,-0.060889655563297194,-0.08044166962899084,254826.54273094898,43,0.5643,0.05000000000000001,0.38569999999999993,0.06269999999999999,1.5800399999999997,0.00015675,0.0,25.0,0.05,0.05
strategic_oil_10,Strategic 10% oil,strategic_single,2026,11,0.781953498072606,0.31308925769958895,2.0029545210018176,4.964528260461598,-0.08787149952525741,8.898829567007043,-0.07447880100850843,-0.07447880100850843,128682.13423682573,74,0.42750000000000005,0.05,0.5225,0.0,0.0,0.0,0.0,25.0,0.05,0.05
strategic_diversified_10,Strategic 10% diversified real-assets/defensive basket,strategic_equal,overall,139,0.4793353452415883,0.3339919384801823,1.3417856197746894,2.694890539783819,-0.4723474052342085,1.0147940687933172,-0.10078331238851747,-0.2029063888353399,867093.5514356039,860,0.5074640287769785,0.049999999999999996,0.44253597122302163,0.030773381294964028,0.7754892086330935,7.693345323741006e-05,0.0,25.0,0.05,0.05
strategic_diversified_10,Strategic 10% diversified real-assets/defensive basket,strategic_equal,development_2021_2023,77,0.1422666685150562,0.330029385408477,0.5636790026970041,0.9728114924966544,-0.4723474052342085,0.30119074845878485,-0.11600274067590702,-0.2029063888353399,150145.32641406034,860,0.4657467532467533,0.04999999999999998,0.48425324675324666,0.024707792207792206,0.6226363636363635,6.176948051948051e-05,0.0,25.0,0.05,0.05
strategic_diversified_10,Strategic 10% diversified real-assets/defensive basket,strategic_equal,holdout_2024_2026,62,1.0395525880282408,0.3300636333979712,2.3440190113830615,6.008140178748147,-0.11297166448066076,9.201887861059163,-0.07954725169769084,-0.08201470290209402,577502.858160496,146,0.5592741935483874,0.04999999999999998,0.3907258064516129,0.038306451612903226,0.9653225806451613,9.576612903225805e-05,0.0,25.0,0.05,0.05
strategic_diversified_10,Strategic 10% diversified real-assets/defensive basket,strategic_equal,2021,26,-0.17228347393758436,0.3000506791429994,-0.47334483411523093,-0.5624540582645593,-0.31953005942565893,-0.539177673134278,-0.14681607044801684,-0.2029063888353399,82276.28878290294,331,0.5078846153846154,0.05000000000000001,0.44211538461538463,0.06221153846153846,1.5677307692307692,0.00015552884615384615,0.0,25.0,0.05,0.05
strategic_diversified_10,Strategic 10% diversified real-assets/defensive basket,strategic_equal,2022,26,-0.1817352467869512,0.27708007207411267,-0.5911113164087582,-0.9130686009009668,-0.2546387322217838,-0.7136983647431313,-0.07668914102430542,-0.08352343270828735,81307.11840134898,362,0.4275,0.05000000000000001,0.5225000000000001,0.0,0.0,0.0,0.0,25.0,0.05,0.05
strategic_diversified_10,Strategic 10% diversified real-assets/defensive basket,strategic_equal,2023,25,1.259006203134069,0.37513443867963747,2.3752003887168,7.858855272048957,-0.15189664450298324,8.288571530027065,-0.05146867350685159,-0.06322547987789406,224444.28683444633,128,0.46169999999999994,0.05000000000000001,0.48829999999999996,0.011399999999999995,0.28727999999999987,2.8499999999999985e-05,0.0,25.0,0.05,0.05
strategic_diversified_10,Strategic 10% diversified real-assets/defensive basket,strategic_equal,2024,26,0.7613788784836824,0.3663710214567289,1.7296995663862442,4.1076552951402165,-0.10368363994016316,7.3432884775561655,-0.08168525322425757,-0.08201470290209402,179331.93497368268,146,0.6101923076923076,0.05000000000000001,0.33980769230769226,0.031057692307692304,0.782653846153846,7.764423076923076e-05,0.0,25.0,0.05,0.05
strategic_diversified_10,Strategic 10% diversified real-assets/defensive basket,strategic_equal,2025,25,1.6044257978099785,0.29789286605205534,3.4088822705523065,10.971695901608465,-0.07810171756747908,20.542772269044804,-0.05872294367805034,-0.07810171756747906,258471.51419746614,43,0.5643,0.05000000000000001,0.38569999999999993,0.06269999999999999,1.5800399999999997,0.00015675,0.0,25.0,0.05,0.05
strategic_diversified_10,Strategic 10% diversified real-assets/defensive basket,strategic_equal,2026,11,0.6547970692488667,0.3257149355723557,1.70375621434112,4.166901450380149,-0.11297166448066076,5.796117745622481,-0.0767167827747691,-0.0767167827747691,124590.18090204545,74,0.42750000000000005,0.05,0.5225,0.0,0.0,0.0,0.0,25.0,0.05,0.05
regime_fixed_20,Risk-state 20% fixed defensive basket,regime_equal,overall,139,0.5023189183578254,0.351547158398488,1.3355120326880074,2.681157676382528,-0.49349241986821846,1.0178857833155046,-0.10594840453269914,-0.2140050855670619,944055.4365736713,860,0.5341726618705037,0.04244604316546762,0.42338129496402876,0.03201438848920864,0.8067625899280576,8.003597122302159e-05,0.0,25.0,0.05,0.05
regime_fixed_20,Risk-state 20% fixed defensive basket,regime_equal,development_2021_2023,77,0.14484811014849042,0.34726414243697207,0.5584234666073722,0.9627605525126502,-0.49349241986821846,0.2935163830625209,-0.1219467434704487,-0.2140050855670619,151184.54086479053,860,0.49025974025974045,0.046428571428571416,0.46331168831168834,0.025324675324675326,0.6381818181818182,6.331168831168832e-05,0.0,25.0,0.05,0.05
regime_fixed_20,Risk-state 20% fixed defensive basket,regime_equal,holdout_2024_2026,62,1.1053690736041633,0.3475803363131034,2.3354078567213263,5.9909125412429,-0.11925904759241379,9.268639117276306,-0.08367287243623038,-0.0864552742721716,624439.1332431083,146,0.5887096774193551,0.037499999999999985,0.37379032258064515,0.04032258064516129,1.0161290322580645,0.00010080645161290323,0.0,25.0,0.05,0.05
regime_fixed_20,Risk-state 20% fixed defensive basket,regime_equal,2021,26,-0.18436471178733482,0.31597020710408436,-0.478990033189887,-0.5690447211384876,-0.3357439353242052,-0.5491229844831189,-0.15422787063734586,-0.2140050855670619,81037.56007508452,331,0.5346153846153846,0.04230769230769231,0.4230769230769231,0.06346153846153847,1.5992307692307695,0.00015865384615384616,0.0,25.0,0.05,0.05
regime_fixed_20,Risk-state 20% fixed defensive basket,regime_equal,2022,26,-0.19242626994278744,0.29159160683333457,-0.5933189808521585,-0.9159748624165308,-0.2667765440900842,-0.7213013070512285,-0.08069143989456404,-0.08793977162331157,80211.30566660129,362,0.44999999999999996,0.05000000000000001,0.5,0.0,0.0,0.0,0.0,25.0,0.05,0.05
regime_fixed_20,Risk-state 20% fixed defensive basket,regime_equal,2023,25,1.3416292078719292,0.39461431024566584,2.368394915634585,7.818779974148969,-0.15974410153326135,8.398615003587972,-0.05424965682720309,-0.06662400360986771,232587.00320497298,128,0.486,0.047,0.46699999999999997,0.012000000000000002,0.30240000000000006,3.0000000000000004e-05,0.0,25.0,0.05,0.05
regime_fixed_20,Risk-state 20% fixed defensive basket,regime_equal,2024,26,0.8065097710920262,0.38573712389951104,1.7267058425510298,4.107492600328195,-0.10970727285304271,7.35147041866931,-0.08578263426694477,-0.0864552742721716,184074.64675463163,146,0.6423076923076922,0.032692307692307694,0.32499999999999996,0.032692307692307694,0.8238461538461539,8.173076923076924e-05,0.0,25.0,0.05,0.05
regime_fixed_20,Risk-state 20% fixed defensive basket,regime_equal,2025,25,1.7186850510651488,0.3139849134758034,3.3899312352508244,10.908678821093128,-0.08228658931320976,20.886575387433663,-0.06188883230666138,-0.08228658931320963,269719.0406881524,43,0.594,0.037000000000000005,0.369,0.066,1.6632,0.000165,0.0,25.0,0.05,0.05
regime_fixed_20,Risk-state 20% fixed defensive basket,regime_equal,2026,11,0.6909824702107727,0.3428339723805784,1.6973216523141852,4.146898824363489,-0.11925904759241401,5.793962673358845,-0.08083963189782233,-0.08083963189782233,125772.16308171111,74,0.45,0.05,0.5,0.0,0.0,0.0,0.0,25.0,0.05,0.05
regime_trend_20,Risk-state 20% trend-confirmed diversifiers,regime_trend_long,overall,139,0.4992380966477856,0.35083445551444725,1.3315761164652689,2.6763264480230156,-0.49129912409267396,1.0161591424975025,-0.10591351681080151,-0.2140050855670619,933426.1180972744,860,0.5341726618705037,0.035431654676258986,0.43039568345323737,0.054664799241440104,1.3775529408842906,0.00013666199810360028,0.0,25.0,0.05,0.05
regime_trend_20,Risk-state 20% trend-confirmed diversifiers,regime_trend_long,development_2021_2023,77,0.142297077141881,0.34612034660884977,0.5527010527283547,0.9526409564347479,-0.49129912409267396,0.2896342984626194,-0.12201706052075907,-0.2140050855670619,150157.53999993065,860,0.49025974025974045,0.03376623376623376,0.47597402597402594,0.052957773790845,1.334535899529294,0.0001323944344771125,0.0,25.0,0.05,0.05
regime_trend_20,Risk-state 20% trend-confirmed diversifiers,regime_trend_long,holdout_2024_2026,62,1.1015159379686654,0.3473470426613629,2.3312857704679115,5.997722443879996,-0.12090536491901893,9.110562949017593,-0.08343134847403005,-0.08635626406183546,621631.2002032705,146,0.5887096774193551,0.037499999999999985,0.37379032258064515,0.056784814720404996,1.4309773309542058,0.0001419620368010125,0.0,25.0,0.05,0.05
regime_trend_20,Risk-state 20% trend-confirmed diversifiers,regime_trend_long,2021,26,-0.18436073993359958,0.31598269893359,-0.4789239262634754,-0.5687138091257791,-0.33455234529319067,-0.5510669481991881,-0.15422787063734586,-0.2140050855670619,81037.9672269578,331,0.5346153846153846,0.04230769230769231,0.4230769230769231,0.0833400247933293,2.1001686247918983,0.0002083500619833233,0.0,25.0,0.05,0.05
regime_trend_20,Risk-state 20% trend-confirmed diversifiers,regime_trend_long,2022,26,-0.18835530615008933,0.29058969431058124,-0.5792240617663913,-0.9008088709415399,-0.2644014867238865,-0.712383687716507,-0.07971286933949898,-0.08831665865612481,80628.51896433269,362,0.44999999999999996,0.02884615384615385,0.5211538461538462,0.017846708712667417,0.4497370595592189,4.461677178166855e-05,0.0,25.0,0.05,0.05
regime_trend_20,Risk-state 20% trend-confirmed diversifiers,regime_trend_long,2023,25,1.3134540773744656,0.3933744078321429,2.342911624229223,7.719753120269633,-0.16089400238167684,8.163474448591666,-0.055117890041604736,-0.06619891537126578,229810.52965374698,128,0.486,0.030000000000000006,0.484,0.057875740429565996,1.458468658825063,0.00014468935107391499,0.0,25.0,0.05,0.05
regime_trend_20,Risk-state 20% trend-confirmed diversifiers,regime_trend_long,2024,26,0.8066695763137148,0.3855291817756694,1.727638408644862,4.121642521919569,-0.10965939582753337,7.356137339862816,-0.08560666245474631,-0.08635626406183546,184091.44709357823,146,0.6423076923076922,0.032692307692307694,0.32499999999999996,0.047783251519674295,1.2041379382957922,0.00011945812879918573,0.0,25.0,0.05,0.05
regime_trend_20,Risk-state 20% trend-confirmed diversifiers,regime_trend_long,2025,25,1.705555809492596,0.31384823092541636,3.3752226644086485,10.852167641840607,-0.0821130506830815,20.770825043089125,-0.061971736455653514,-0.08211305068308163,268426.80970274983,43,0.594,0.037000000000000005,0.369,0.08266929071665344,2.0832661260596668,0.00020667322679163353,0.0,25.0,0.05,0.05
regime_trend_20,Risk-state 20% trend-confirmed diversifiers,regime_trend_long,2026,11,0.691774501706798,0.3426575576682927,1.699369913307271,4.184863100472627,-0.12090536491901871,5.721619567255284,-0.08039901830354597,-0.08039901830354597,125797.87430378291,74,0.45,0.05,0.5,0.019232882294294776,0.4846686338162283,4.808220573573692e-05,0.0,25.0,0.05,0.05
diversified_trend_overlay_20,Risk-state 20% diversified long/short trend overlay,regime_trend_long_short,overall,139,0.4966905585028252,0.35068517225972257,1.3270966192528835,2.6606525283923097,-0.49225534876569665,1.0090099777447814,-0.1063302400988727,-0.2140050855670619,924710.9023201185,860,0.5341726618705037,0.04172661870503596,0.4241007194244604,0.05671598207695003,1.4292427483391406,0.00014178995519237506,1.985315588650687e-06,25.0,0.05,0.05
diversified_trend_overlay_20,Risk-state 20% diversified long/short trend overlay,regime_trend_long_short,development_2021_2023,77,0.1407716256054652,0.34538633165547344,0.5492754055110007,0.9452933759191778,-0.49225534876569665,0.28597276994235277,-0.12187292047692136,-0.2140050855670619,149545.66815248033,860,0.49025974025974045,0.04512987012987012,0.4646103896103897,0.0542234397922971,1.366430682765887,0.00013555859948074275,2.826660411850003e-06,25.0,0.05,0.05
diversified_trend_overlay_20,Risk-state 20% diversified long/short trend overlay,regime_trend_long_short,holdout_2024_2026,62,1.0969958920388398,0.3479319448955494,2.321635011786408,5.927228047953259,-0.12023737859690975,9.123584569457954,-0.08436841712096117,-0.08838826883606841,618346.8326058503,146,0.5887096774193551,0.037499999999999985,0.37379032258064515,0.05981155878530933,1.5072512813897951,0.00014952889696327333,9.404195985483108e-07,25.0,0.05,0.05
diversified_trend_overlay_20,Risk-state 20% diversified long/short trend overlay,regime_trend_long_short,2021,26,-0.18450145799713924,0.3161386369974592,-0.4791052848833142,-0.5693372333963417,-0.3348586398987372,-0.5509831194826967,-0.15422787063734586,-0.2140050855670619,81023.54235773721,331,0.5346153846153846,0.04230769230769231,0.4230769230769231,0.0856720194411099,2.1589348899159693,0.00021418004860277476,2.104208301744138e-06,25.0,0.05,0.05
diversified_trend_overlay_20,Risk-state 20% diversified long/short trend overlay,regime_trend_long_short,2022,26,-0.18951310909324415,0.2885780077190095,-0.5899330294681925,-0.910909381980646,-0.2663677494932475,-0.711471675733208,-0.07885352525990036,-0.08822271670702898,80509.854591876,362,0.44999999999999996,0.04807692307692309,0.5019230769230769,0.02392830289043704,0.6029932328390134,5.98207572260926e-05,3.27277369162788e-06,25.0,0.05,0.05
diversified_trend_overlay_20,Risk-state 20% diversified long/short trend overlay,regime_trend_long_short,2023,25,1.3077888836803724,0.39287377354170655,2.3388866783252493,7.732452877000859,-0.156915131824778,8.334370742145744,-0.053799438559323544,-0.06619891537126578,229252.22982418432,128,0.486,0.045,0.469,0.053023859335466224,1.3362012552537488,0.00013255964833866555,3.114052795391112e-06,25.0,0.05,0.05
diversified_trend_overlay_20,Risk-state 20% diversified long/short trend overlay,regime_trend_long_short,2024,26,0.8018009251422027,0.38667135630361155,1.7165446431592337,4.064589025260875,-0.11119001817639507,7.211087274670668,-0.08663522200052622,-0.08838826883606841,183579.626503193,146,0.6423076923076922,0.032692307692307694,0.32499999999999996,0.04594462864291324,1.1578046418014136,0.0001148615716072831,5.656388151520551e-07,25.0,0.05,0.05
diversified_trend_overlay_20,Risk-state 20% diversified long/short trend overlay,regime_trend_long_short,2025,25,1.6986904164025893,0.3147857389094863,3.3577083845544613,10.669047033773975,-0.0835495547833709,20.331531637804545,-0.06278653302907608,-0.08354955478337095,267751.0712295786,43,0.594,0.037000000000000005,0.369,0.08945752539305561,2.2543296399050012,0.00022364381348263904,1.4796138738110224e-06,25.0,0.05,0.05
diversified_trend_overlay_20,Risk-state 20% diversified long/short trend overlay,regime_trend_long_short,2026,11,0.691802514243584,0.3410491032784274,1.7061335309767833,4.183299062601879,-0.12023737859690953,5.7536393617064885,-0.08065366969942127,-0.08065366969942127,125798.78353300606,74,0.45,0.05,0.5,0.025210742286094965,0.6353107056095931,6.30268557152374e-05,6.008235518878418e-07,25.0,0.05,0.05
strategic_gold_10,Strategic 10% gold,strategic_single,overall,139,0.46836515809357304,0.3175649546585192,1.371477921834793,2.7644208579493883,-0.4516791600651252,1.036942147222471,-0.09574362659431432,-0.18965065833267464,832215.0195989145,860,0.4807553956834534,0.09999999999999999,0.4192446043165468,0.029532374100719426,0.7442158273381295,7.383093525179856e-05,0.0,25.0,0.1,0.1
strategic_gold_10,Strategic 10% gold,strategic_single,development_2021_2023,77,0.13849048880096215,0.3134529783609356,0.5664073688049629,0.9795413531130576,-0.4516791600651252,0.3066125273103013,-0.10960091251493308,-0.18965065833267464,148633.81732527204,860,0.44123376623376637,0.09999999999999996,0.4587662337662338,0.02409090909090909,0.607090909090909,6.022727272727273e-05,0.0,25.0,0.1,0.1
strategic_gold_10,Strategic 10% gold,strategic_single,holdout_2024_2026,62,1.0140661680322056,0.31346263526731016,2.4115850618815644,6.2034568475508065,-0.10866015138297491,9.332456794194117,-0.075851815467288,-0.07862957615631576,559909.6050784219,131,0.5298387096774196,0.09999999999999996,0.37016129032258077,0.036290322580645164,0.9145161290322581,9.07258064516129e-05,0.0,25.0,0.1,0.1
strategic_gold_10,Strategic 10% gold,strategic_single,2021,26,-0.17028349784557884,0.28236270780915806,-0.514056903669937,-0.6083200763671727,-0.30274646298079944,-0.5624623857500803,-0.13841368105458712,-0.18965065833267464,82481.4084590242,331,0.48115384615384615,0.10000000000000002,0.41884615384615376,0.06096153846153846,1.5362307692307693,0.00015240384615384614,0.0,25.0,0.1,0.1
strategic_gold_10,Strategic 10% gold,strategic_single,2022,26,-0.16856775985478756,0.2655397166116094,-0.5681003562692502,-0.8808932185864303,-0.2395290999438896,-0.7037464754565314,-0.07402092852928635,-0.07896265428819131,82657.38888341397,362,0.40499999999999997,0.10000000000000002,0.4949999999999999,0.0,0.0,0.0,0.0,25.0,0.1,0.1
strategic_gold_10,Strategic 10% gold,strategic_single,2023,25,1.1937529636473192,0.3557643325699267,2.402358452548874,7.979654502577309,-0.14796038826170943,8.06805779352128,-0.048766162816539727,-0.059488610836492484,218011.74017107883,128,0.43740000000000007,0.10000000000000002,0.46259999999999996,0.0108,0.27216,2.7000000000000002e-05,0.0,25.0,0.1,0.1
strategic_gold_10,Strategic 10% gold,strategic_single,2024,26,0.7526922461335259,0.34568369904956686,1.799685254821703,4.301131854951601,-0.08532697545379642,8.821269500418424,-0.07861727532645789,-0.07862957615631576,178419.51444968442,131,0.5780769230769232,0.10000000000000002,0.321923076923077,0.029423076923076923,0.7414615384615384,7.355769230769231e-05,0.0,25.0,0.1,0.1
strategic_gold_10,Strategic 10% gold,strategic_single,2025,25,1.5816539192011287,0.2821102661712938,3.553378373083468,11.48749753094262,-0.07456718544755214,21.2111253724818,-0.054362426542394905,-0.07456718544755214,256229.41853165705,43,0.5346,0.10000000000000002,0.3654,0.059399999999999994,1.4968799999999998,0.0001485,0.0,25.0,0.1,0.1
strategic_gold_10,Strategic 10% gold,strategic_single,2026,11,0.5911337794230662,0.31489012144235395,1.6259960168176604,3.933899637068193,-0.1086601513829748,5.440207582074903,-0.07160552576868412,-0.07160552576868412,122474.75336673672,74,0.4050000000000001,0.1,0.49500000000000005,0.0,0.0,0.0,0.0,25.0,0.1,0.1
strategic_oil_10,Strategic 10% oil,strategic_single,overall,139,0.491029819345596,0.3189555311048173,1.4156344686748346,2.83890913523576,-0.4185787606382465,1.1730882345699445,-0.09782566262348567,-0.19362128953919783,905583.6254684312,860,0.4807553956834534,0.09999999999999999,0.4192446043165468,0.029532374100719426,0.7442158273381295,7.383093525179856e-05,0.0,25.0,0.1,0.1
strategic_oil_10,Strategic 10% oil,strategic_single,development_2021_2023,77,0.1666367386669989,0.31970656103587636,0.6382597437413862,1.1056653209459304,-0.4185787606382465,0.3981012758815382,-0.11312566289334788,-0.19362128953919783,160149.50228822386,860,0.44123376623376637,0.09999999999999996,0.4587662337662338,0.02409090909090909,0.607090909090909,6.022727272727273e-05,0.0,25.0,0.1,0.1
strategic_oil_10,Strategic 10% oil,strategic_single,holdout_2024_2026,62,1.0221594616803014,0.3097182359449921,2.450177003476374,6.321215729255829,-0.0963496754349541,10.608852153013881,-0.07503316292683435,-0.08080145473481483,565461.4048307417,146,0.5298387096774196,0.09999999999999996,0.37016129032258077,0.036290322580645164,0.9145161290322581,9.07258064516129e-05,0.0,25.0,0.1,0.1
strategic_oil_10,Strategic 10% oil,strategic_single,2021,26,-0.11974037868239418,0.2972850289912152,-0.27576282081191056,-0.3338064888592182,-0.30045357861500677,-0.3985320435667911,-0.14306743451901632,-0.19362128953919783,87670.27982451057,331,0.48115384615384615,0.10000000000000002,0.41884615384615376,0.06096153846153846,1.5362307692307693,0.00015240384615384614,0.0,25.0,0.1,0.1
strategic_oil_10,Strategic 10% oil,strategic_single,2022,26,-0.14791055699280953,0.2646275748397741,-0.47890850003407665,-0.7621865378883154,-0.24400662804572726,-0.6061743411539249,-0.06751669223672895,-0.06839412062437557,84777.0626520145,191,0.40499999999999997,0.10000000000000002,0.4949999999999999,0.0,0.0,0.0,0.0,25.0,0.1,0.1
strategic_oil_10,Strategic 10% oil,strategic_single,2023,25,1.1680135597941597,0.36528636351954535,2.3147675058731974,7.2976409265483,-0.13384003810898348,8.726936844138281,-0.052208417574112445,-0.060397190490641746,215473.98095737016,113,0.43740000000000007,0.10000000000000002,0.46259999999999996,0.0108,0.27216,2.7000000000000002e-05,0.0,25.0,0.1,0.1
strategic_oil_10,Strategic 10% oil,strategic_single,2024,26,0.7381557793783833,0.34438135274559484,1.7805036046739378,4.258589255879898,-0.0963496754349541,7.661217082944032,-0.07678645895759782,-0.08080145473481483,176892.96448638343,146,0.5780769230769232,0.10000000000000002,0.321923076923077,0.029423076923076923,0.7414615384615384,7.355769230769231e-05,0.0,25.0,0.1,0.1
strategic_oil_10,Strategic 10% oil,strategic_single,2025,25,1.4385417973145618,0.2890729398131301,3.2687233215956386,10.252390381774472,-0.0787040688758126,18.2778580302429,-0.05993113064147393,-0.07870406887581252,242135.0958093857,43,0.5346,0.10000000000000002,0.3654,0.059399999999999994,1.4968799999999998,0.0001485,0.0,25.0,0.1,0.1
strategic_oil_10,Strategic 10% oil,strategic_single,2026,11,0.8895702914992143,0.28671401764362003,2.373170652574582,5.985009889771542,-0.06785566491632922,13.109742459912768,-0.0678556649163292,-0.0678556649163292,132018.460989085,74,0.4050000000000001,0.1,0.49500000000000005,0.0,0.0,0.0,0.0,25.0,0.1,0.1
strategic_diversified_10,Strategic 10% diversified real-assets/defensive basket,strategic_equal,overall,139,0.45892455755529427,0.3171680480373943,1.3521876036435785,2.712355171047724,-0.450807941815245,1.018004597938906,-0.09568979305647207,-0.19180769210361792,803127.110898172,860,0.4807553956834534,0.09999999999999999,0.4192446043165468,0.029532374100719426,0.7442158273381295,7.383093525179856e-05,0.0,25.0,0.1,0.1
strategic_diversified_10,Strategic 10% diversified real-assets/defensive basket,strategic_equal,development_2021_2023,77,0.13832485991039944,0.31400241969030557,0.5655971032627567,0.9754210076842966,-0.450807941815245,0.30683767316390637,-0.11007480246419045,-0.19180769210361792,148567.75565286627,860,0.44123376623376637,0.09999999999999996,0.4587662337662338,0.02409090909090909,0.607090909090909,6.022727272727273e-05,0.0,25.0,0.1,0.1
strategic_diversified_10,Strategic 10% diversified real-assets/defensive basket,strategic_equal,holdout_2024_2026,62,0.9855097167159101,0.31247983523299516,2.3711421930001997,6.074135460515801,-0.1032024156140291,9.549289237585851,-0.0754652424968483,-0.07818844178141435,540579.6886201241,146,0.5298387096774196,0.09999999999999996,0.37016129032258077,0.036290322580645164,0.9145161290322581,9.07258064516129e-05,0.0,25.0,0.1,0.1
strategic_diversified_10,Strategic 10% diversified real-assets/defensive basket,strategic_equal,2021,26,-0.1586985842123556,0.284967638827523,-0.4582599545637096,-0.5449596390196825,-0.30364502910673563,-0.5226450921301622,-0.13940427025868785,-0.19180769210361792,83669.87718560477,331,0.48115384615384615,0.10000000000000002,0.41884615384615376,0.06096153846153846,1.5362307692307693,0.00015240384615384614,0.0,25.0,0.1,0.1
strategic_diversified_10,Strategic 10% diversified real-assets/defensive basket,strategic_equal,2022,26,-0.1733552061819622,0.2643444333632538,-0.5934530901226153,-0.9175384980791993,-0.24477643770826674,-0.7082185189269447,-0.07360575966449309,-0.07861090067121229,82166.3772557325,362,0.40499999999999997,0.10000000000000002,0.4949999999999999,0.0,0.0,0.0,0.0,25.0,0.1,0.1
strategic_diversified_10,Strategic 10% diversified real-assets/defensive basket,strategic_equal,2023,25,1.1743957089744632,0.3570542417836789,2.3692993273406717,7.727980609386223,-0.14758133665834916,7.9576166984663494,-0.04936635782315134,-0.06050204438452236,216103.246849316,128,0.43740000000000007,0.10000000000000002,0.46259999999999996,0.0108,0.27216,2.7000000000000002e-05,0.0,25.0,0.1,0.1
strategic_diversified_10,Strategic 10% diversified real-assets/defensive basket,strategic_equal,2024,26,0.7221982388327495,0.34666961092186027,1.7436308210602511,4.138569080470518,-0.09485224595622077,7.613928711462261,-0.07775258839287687,-0.07818844178141435,175217.6469048873,146,0.5780769230769232,0.10000000000000002,0.321923076923077,0.029423076923076923,0.7414615384615384,7.355769230769231e-05,0.0,25.0,0.1,0.1
strategic_diversified_10,Strategic 10% diversified real-assets/defensive basket,strategic_equal,2025,25,1.5097218727026376,0.2818655240206407,3.4519788132089393,11.116088667071036,-0.07402416475278895,20.39498693088269,-0.0555977068709802,-0.07402416475278895,249146.02575962673,43,0.5346,0.10000000000000002,0.3654,0.059399999999999994,1.4968799999999998,0.0001485,0.0,25.0,0.1,0.1
strategic_diversified_10,Strategic 10% diversified real-assets/defensive basket,strategic_equal,2026,11,0.6317751576284216,0.3088778290695977,1.7356114447115039,4.233952773713544,-0.10320241561402921,6.121709011068331,-0.07233162844885054,-0.07233162844885054,123830.58259530422,74,0.4050000000000001,0.1,0.49500000000000005,0.0,0.0,0.0,0.0,25.0,0.1,0.1
regime_fixed_20,Risk-state 20% fixed defensive basket,regime_equal,overall,139,0.5050097228205346,0.35225541922457215,1.3387174105546111,2.6835135887800248,-0.4937296001012017,1.022846762108289,-0.10601997734483537,-0.2140050855670619,953420.0157145172,860,0.5341726618705037,0.08489208633093524,0.38093525179856125,0.03201438848920864,0.8067625899280576,8.003597122302159e-05,0.0,25.0,0.1,0.1
regime_fixed_20,Risk-state 20% fixed defensive basket,regime_equal,development_2021_2023,77,0.14376094631060332,0.34845197472155215,0.5549645169597079,0.9552688454644636,-0.4937296001012017,0.2911734404441947,-0.12196280805327378,-0.2140050855670619,150746.2920371042,860,0.49025974025974045,0.09285714285714283,0.41688311688311697,0.025324675324675326,0.6381818181818182,6.331168831168832e-05,0.0,25.0,0.1,0.1
regime_fixed_20,Risk-state 20% fixed defensive basket,regime_equal,holdout_2024_2026,62,1.1163282799665586,0.3474873211959687,2.351357604080211,6.03357574027886,-0.11585003388658777,9.635977155253975,-0.08371648397392736,-0.08619787774449453,632466.6450036768,146,0.5887096774193551,0.07499999999999997,0.3362903225806451,0.04032258064516129,1.0161290322580645,0.00010080645161290323,0.0,25.0,0.1,0.1
regime_fixed_20,Risk-state 20% fixed defensive basket,regime_equal,2021,26,-0.1828328847320092,0.31677983249828345,-0.4710765143403745,-0.5599360036143073,-0.3362858088338494,-0.5436830217903798,-0.15422787063734586,-0.2140050855670619,81194.59123226358,331,0.5346153846153846,0.08461538461538462,0.3807692307692307,0.06346153846153847,1.5992307692307695,0.00015865384615384616,0.0,25.0,0.1,0.1
regime_fixed_20,Risk-state 20% fixed defensive basket,regime_equal,2022,26,-0.19468999837734213,0.2933444699018244,-0.597656940895733,-0.923007728800947,-0.2691573818590586,-0.7233314465783053,-0.0816103574050103,-0.0874435785012607,79979.33600207549,362,0.44999999999999996,0.10000000000000002,0.44999999999999996,0.0,0.0,0.0,0.0,25.0,0.1,0.1
regime_fixed_20,Risk-state 20% fixed defensive basket,regime_equal,2023,25,1.3370482479406571,0.3959988206950636,2.3564072644041,7.663326727704606,-0.16328569785658797,8.18839779289777,-0.05492832446385435,-0.06729909184846966,232135.5979078014,128,0.486,0.094,0.42,0.012000000000000002,0.30240000000000006,3.0000000000000004e-05,0.0,25.0,0.1,0.1
regime_fixed_20,Risk-state 20% fixed defensive basket,regime_equal,2024,26,0.8122040082112179,0.3853669290541987,1.7363952768922317,4.135635800704604,-0.10695265183825597,7.594052080536632,-0.08594735047825122,-0.08619787774449453,184673.3115531546,146,0.6423076923076922,0.06538461538461539,0.2923076923076923,0.032692307692307694,0.8238461538461539,8.173076923076924e-05,0.0,25.0,0.1,0.1
regime_fixed_20,Risk-state 20% fixed defensive basket,regime_equal,2025,25,1.7354476664889336,0.3140331339926787,3.409846965635255,10.975513780709495,-0.08239390824425008,21.062815242898047,-0.06192948412820229,-0.08239390824425007,271368.81049929874,43,0.594,0.07400000000000001,0.332,0.066,1.6632,0.000165,0.0,25.0,0.1,0.1
regime_fixed_20,Risk-state 20% fixed defensive basket,regime_equal,2026,11,0.7043168367402617,0.343096036940375,1.7196737630170116,4.1876520309296845,-0.11585003388658788,6.079556588043445,-0.08057732669495696,-0.08057732669495696,126204.1274793043,74,0.45,0.1,0.4500000000000001,0.0,0.0,0.0,0.0,25.0,0.1,0.1
regime_trend_20,Risk-state 20% trend-confirmed diversifiers,regime_trend_long,overall,139,0.4988127622655407,0.3508894751731382,1.330632974508908,2.673056692183872,-0.48936498140505735,1.019306205428425,-0.1059502019010401,-0.2140050855670619,931966.3768038832,860,0.5341726618705037,0.07086330935251797,0.39496402877697845,0.07731520999367156,1.9483432918405232,0.0001932880249841789,0.0,25.0,0.1,0.1
regime_trend_20,Risk-state 20% trend-confirmed diversifiers,regime_trend_long,development_2021_2023,77,0.13862249865642107,0.34628756688565293,0.5433049500266235,0.9346553289166386,-0.48936498140505735,0.28327016424103385,-0.12210344215389451,-0.2140050855670619,148686.48407533957,860,0.49025974025974045,0.06753246753246751,0.44220779220779244,0.08059087225701465,2.0308899808767693,0.00020147718064253666,0.0,25.0,0.1,0.1
regime_trend_20,Risk-state 20% trend-confirmed diversifiers,regime_trend_long,holdout_2024_2026,62,1.1086003149976298,0.34700461272662864,2.3432359818869144,6.04728061395317,-0.11914539435880633,9.304600660089974,-0.08323343604952674,-0.08599985732382222,626799.6601033726,146,0.5887096774193551,0.07499999999999997,0.3362903225806451,0.07324704879564868,1.8458256296503468,0.0001831176219891217,0.0,25.0,0.1,0.1
regime_trend_20,Risk-state 20% trend-confirmed diversifiers,regime_trend_long,2021,26,-0.1828287897923485,0.3168171455016497,-0.4709269402196849,-0.5592435222925564,-0.33390283006184207,-0.5475508840655433,-0.15422787063734586,-0.2140050855670619,81195.01102659217,331,0.5346153846153846,0.08461538461538462,0.3807692307692307,0.10321851112512014,2.6011064803530273,0.0002580462778128004,0.0,25.0,0.1,0.1
regime_trend_20,Risk-state 20% trend-confirmed diversifiers,regime_trend_long,2022,26,-0.18659180162917954,0.2915299160576673,-0.5691998161404592,-0.8918968107459805,-0.26440148672388664,-0.7057138896652142,-0.07965321629488016,-0.0881973525668872,80809.27261626648,362,0.44999999999999996,0.0576923076923077,0.49230769230769234,0.03569341742533483,0.8994741191184377,8.923354356333709e-05,0.0,25.0,0.1,0.1
regime_trend_20,Risk-state 20% trend-confirmed diversifiers,regime_trend_long,2023,25,1.2809890313465044,0.39368735085239304,2.3043981203371495,7.462934597128384,-0.16558469955781574,7.736155784727156,-0.05666479089265762,-0.06644891537126578,226610.98017805105,128,0.486,0.06000000000000001,0.45400000000000007,0.10375148085913195,2.614537317650125,0.0002593787021478299,0.0,25.0,0.1,0.1
regime_trend_20,Risk-state 20% trend-confirmed diversifiers,regime_trend_long,2024,26,0.8125203040789226,0.38495462376940626,1.7382575173507209,4.163582680329121,-0.10686184074510796,7.603465356889981,-0.0855954068538543,-0.08599985732382222,184706.56713714308,146,0.6423076923076922,0.06538461538461539,0.2923076923076923,0.06287419534704089,1.5844297227454305,0.00015718548836760222,0.0,25.0,0.1,0.1
regime_trend_20,Risk-state 20% trend-confirmed diversifiers,regime_trend_long,2025,25,1.7091051198375538,0.3137455778758227,3.3805917822478437,10.861720614806469,-0.08204683098399412,20.83084866703712,-0.06209529242618654,-0.08204683098399405,268776.15152058133,43,0.594,0.07400000000000001,0.332,0.09933858143330682,2.5033322521193315,0.00024834645358326707,0.0,25.0,0.1,0.1
regime_trend_20,Risk-state 20% trend-confirmed diversifiers,regime_trend_long,2026,11,0.7059549865405976,0.34266344869517906,1.724193503474209,4.266199378463967,-0.11914539435880644,5.925155482003892,-0.07969609950640424,-0.07969609950640424,126257.06351500729,74,0.45,0.1,0.4500000000000001,0.03846576458858955,0.9693372676324566,9.616441147147385e-05,0.0,25.0,0.1,0.1
diversified_trend_overlay_20,Risk-state 20% diversified long/short trend overlay,regime_trend_long_short,overall,139,0.4937509638109825,0.35053937209272584,1.3218650811488526,2.6426200764585843,-0.4912509801177556,1.005089015176372,-0.10678364847718247,-0.2140050855670619,914737.350272251,860,0.5341726618705037,0.08345323741007192,0.3823741007194246,0.08141757566469143,2.051722906750224,0.00020354393916172857,3.970631177301374e-06,25.0,0.1,0.1
diversified_trend_overlay_20,Risk-state 20% diversified long/short trend overlay,regime_trend_long_short,development_2021_2023,77,0.1356232699290134,0.34471682951528787,0.5365622106554377,0.9203252252987499,-0.4912509801177556,0.27607735234747777,-0.12181516206621909,-0.2140050855670619,147493.00377418307,860,0.49025974025974045,0.09025974025974023,0.4194805194805196,0.08312220425991884,2.094679547349955,0.0002078055106497972,5.653320823700006e-06,25.0,0.1,0.1
diversified_trend_overlay_20,Risk-state 20% diversified long/short trend overlay,regime_trend_long_short,holdout_2024_2026,62,1.099534721614042,0.34818322170662186,2.323848991033055,5.906471097214408,-0.11780756165988071,9.333311937891402,-0.08510757334338895,-0.09006386687228816,620190.3323311155,146,0.5887096774193551,0.07499999999999997,0.3362903225806451,0.07930053692545735,1.9983735305215253,0.00019825134231364345,1.8808391970966215e-06,25.0,0.1,0.1
diversified_trend_overlay_20,Risk-state 20% diversified long/short trend overlay,regime_trend_long_short,2021,26,-0.18311051830668856,0.3171289633964473,-0.4712964757708173,-0.5605173356199967,-0.33451500926182254,-0.5473910384791412,-0.15422787063734586,-0.2140050855670619,81166.12967437624,331,0.5346153846153846,0.08461538461538462,0.3807692307692307,0.10788250042068136,2.71863901060117,0.00026970625105170333,4.208416603488276e-06,25.0,0.1,0.1
diversified_trend_overlay_20,Risk-state 20% diversified long/short trend overlay,regime_trend_long_short,2022,26,-0.18886256857447759,0.2872923940097806,-0.5909974949937973,-0.9130701165243482,-0.2683443360540988,-0.7038068004401721,-0.07793452813568293,-0.08800946866869552,80576.52847324667,362,0.44999999999999996,0.09615384615384617,0.4538461538461539,0.04785660578087406,1.2059864656780264,0.00011964151445218517,6.54554738325576e-06,25.0,0.1,0.1
diversified_trend_overlay_20,Risk-state 20% diversified long/short trend overlay,regime_trend_long_short,2023,25,1.2699355920574762,0.3925604568097572,2.2969810139931077,7.489410874827227,-0.15763362381618662,8.056248161485664,-0.05425372184715515,-0.06644891537126578,225521.54093409303,128,0.486,0.09,0.424,0.09404771867093244,2.3700025105074976,0.00023511929667733108,6.228105590782224e-06,25.0,0.1,0.1
diversified_trend_overlay_20,Risk-state 20% diversified long/short trend overlay,regime_trend_long_short,2024,26,0.8027695977255831,0.3872336953568536,1.7160632533997808,4.049813244123841,-0.10992313361739292,7.303008668946483,-0.08765252594541414,-0.09006386687228816,183681.45543708897,146,0.6423076923076922,0.06538461538461539,0.2923076923076923,0.059196949593518775,1.4917631297566731,0.00014799237398379695,1.1312776303041103e-06,25.0,0.1,0.1
diversified_trend_overlay_20,Risk-state 20% diversified long/short trend overlay,regime_trend_long_short,2025,25,1.695352168153001,0.31564653598512743,3.345349013031523,10.501793426094244,-0.08491983918457269,19.964147182004957,-0.06372488557303166,-0.0849198391845727,267422.49330599664,43,0.594,0.07400000000000001,0.332,0.11291505078611118,2.845459279810002,0.00028228762696527797,2.959227747622045e-06,25.0,0.1,0.1
diversified_trend_overlay_20,Risk-state 20% diversified long/short trend overlay,regime_trend_long_short,2026,11,0.7060095408097133,0.33944244123612766,1.7380408397309952,4.262567246783827,-0.11780756165988071,5.992905131573948,-0.08020540229815483,-0.08020540229815483,126258.82591746535,74,0.45,0.1,0.4500000000000001,0.05042148457218993,1.2706214112191863,0.0001260537114304748,1.2016471037756837e-06,25.0,0.1,0.1
strategic_gold_10,Strategic 10% gold,strategic_single,overall,139,0.4522959610624606,0.30124323063775127,1.392860368833043,2.809675981082815,-0.43007036589112935,1.0516789738006678,-0.09067702403119003,-0.17747344471548096,783205.1169785295,860,0.45404676258992804,0.15000000000000002,0.3959532374100718,0.028291366906474814,0.7129424460431653,7.072841726618703e-05,0.0,25.0,0.15,0.15
strategic_gold_10,Strategic 10% gold,strategic_single,development_2021_2023,77,0.13425671496172642,0.29742276628629405,0.5684901389925897,0.9835005352898226,-0.43007036589112935,0.31217383388771547,-0.10343602932858781,-0.17747344471548096,146951.35570932788,860,0.4167207792207792,0.15000000000000002,0.43327922077922065,0.02347402597402597,0.5915454545454544,5.8685064935064925e-05,0.0,25.0,0.15,0.15
strategic_gold_10,Strategic 10% gold,strategic_single,holdout_2024_2026,62,0.9741000847259229,0.2967109652446674,2.4626806145867004,6.337846045579248,-0.1016245555973262,9.585282602225245,-0.07196309275166532,-0.07568278157875967,532968.9632314262,131,0.5004032258064516,0.15000000000000005,0.34959677419354845,0.03427419354838709,0.8637096774193546,8.568548387096774e-05,0.0,25.0,0.15,0.15
strategic_gold_10,Strategic 10% gold,strategic_single,2021,26,-0.16284608409770795,0.26625119084563836,-0.5295485746000026,-0.6256173346804785,-0.28620241211395614,-0.568989209052746,-0.13050658626320777,-0.17747344471548096,83244.33495888788,331,0.454423076923077,0.14999999999999997,0.39557692307692294,0.059711538461538455,1.504730769230769,0.00014927884615384613,0.0,25.0,0.15,0.15
strategic_gold_10,Strategic 10% gold,strategic_single,2022,26,-0.15780362370155954,0.2537048579122195,-0.5554984513875706,-0.8625712581457782,-0.22685355881313884,-0.6956189029044225,-0.07114513160187061,-0.07422599905960572,83761.71076720006,362,0.3825,0.14999999999999997,0.4674999999999999,0.0,0.0,0.0,0.0,25.0,0.15,0.15
strategic_gold_10,Strategic 10% gold,strategic_single,2023,25,1.1201352023746018,0.33730806810900466,2.4131498088041052,7.963374239608529,-0.14382476518490073,7.788194202400116,-0.04753273940884965,-0.05625845856910583,210752.80817347078,128,0.41309999999999997,0.15,0.43689999999999996,0.010199999999999996,0.2570399999999999,2.549999999999999e-05,0.0,25.0,0.15,0.15
strategic_gold_10,Strategic 10% gold,strategic_single,2024,26,0.728124541070492,0.325695110380064,1.8474422152958256,4.4261081964483475,-0.07455112634497574,9.766781224755604,-0.07511695396186768,-0.07568278157875967,175839.76810513725,131,0.5459615384615385,0.14999999999999997,0.3040384615384615,0.027788461538461533,0.7002692307692306,6.947115384615383e-05,0.0,25.0,0.15,0.15
strategic_gold_10,Strategic 10% gold,strategic_single,2025,25,1.5225270123011767,0.2665085953552143,3.657225297351195,11.846572991856968,-0.07076114298024361,21.516427634955864,-0.05061954957103211,-0.0707611429802436,250407.1079006588,43,0.5049,0.15,0.3450999999999999,0.0561,1.4137199999999999,0.00014024999999999997,0.0,25.0,0.15,0.15
strategic_gold_10,Strategic 10% gold,strategic_single,2026,11,0.5488301532359416,0.3017104043894644,1.594649106531926,3.8211111690748933,-0.10162455559732608,5.40056632976196,-0.06685732010268232,-0.06685732010268232,121042.5779074187,74,0.38249999999999995,0.14999999999999997,0.4675,0.0,0.0,0.0,0.0,25.0,0.15,0.15
strategic_oil_10,Strategic 10% oil,strategic_single,overall,139,0.4855454319346113,0.3046094748911024,1.456213524247386,2.9095334352079787,-0.37804782747027543,1.284349218943172,-0.09473352555703062,-0.1834293915252658,887362.3712888802,829,0.45404676258992804,0.15000000000000002,0.3959532374100718,0.028291366906474814,0.7129424460431653,7.072841726618703e-05,0.0,25.0,0.15,0.15
strategic_oil_10,Strategic 10% oil,strategic_single,development_2021_2023,77,0.17630465930061678,0.3079865498602254,0.6781222632708889,1.172836753070762,-0.37804782747027543,0.4663554357139613,-0.11035668798985623,-0.1834293915252658,164239.35067469208,829,0.4167207792207792,0.15000000000000002,0.43327922077922065,0.02347402597402597,0.5915454545454544,5.8685064935064925e-05,0.0,25.0,0.15,0.15
strategic_oil_10,Strategic 10% oil,strategic_single,holdout_2024_2026,62,0.9850713471378887,0.2924778173674655,2.5133132651264183,6.516044282556063,-0.08826134694039656,11.160846523259083,-0.07073511394098483,-0.07784584670229792,540286.0932192028,131,0.5004032258064516,0.15000000000000005,0.34959677419354845,0.03427419354838709,0.8637096774193546,8.568548387096774e-05,0.0,25.0,0.15,0.15
strategic_oil_10,Strategic 10% oil,strategic_single,2021,26,-0.08521704322433454,0.28947095351212954,-0.15973079984076335,-0.19551284795772672,-0.28261954900490327,-0.3015256500280385,-0.13748721645985157,-0.1834293915252658,91219.99976163513,331,0.454423076923077,0.14999999999999997,0.39557692307692294,0.059711538461538455,1.504730769230769,0.00014927884615384613,0.0,25.0,0.15,0.15
strategic_oil_10,Strategic 10% oil,strategic_single,2022,26,-0.1266623893033454,0.25416733002897024,-0.4121357243396416,-0.6632036875206879,-0.23368272355643094,-0.5420271870152108,-0.06378701592084865,-0.06440435576218691,86959.078869966,191,0.3825,0.14999999999999997,0.4674999999999999,0.0,0.0,0.0,0.0,25.0,0.15,0.15
strategic_oil_10,Strategic 10% oil,strategic_single,2023,25,1.0825757143123682,0.35258210817415003,2.2698095315526423,6.873298011040044,-0.12416015197810215,8.719188057238362,-0.05295301511431029,-0.05762132805032973,207048.5635576764,113,0.41309999999999997,0.15,0.43689999999999996,0.010199999999999996,0.2570399999999999,2.549999999999999e-05,0.0,25.0,0.15,0.15
strategic_oil_10,Strategic 10% oil,strategic_single,2024,26,0.706539253951534,0.3238323520490854,1.8166142709664466,4.356906687970014,-0.08826134694039656,8.005081255202965,-0.07237072940857758,-0.07784584670229792,173574.15243819146,131,0.5459615384615385,0.14999999999999997,0.3040384615384615,0.027788461538461533,0.7002692307692306,6.947115384615383e-05,0.0,25.0,0.15,0.15
strategic_oil_10,Strategic 10% oil,strategic_single,2025,25,1.3152080643277744,0.2777246189377147,3.198723945863432,9.87382350378362,-0.07696646812263419,17.08806570456362,-0.05897260571965065,-0.07696646812263418,229983.38131619288,43,0.5049,0.15,0.3450999999999999,0.0561,1.4137199999999999,0.00014024999999999997,0.0,25.0,0.15,0.15
strategic_oil_10,Strategic 10% oil,strategic_single,2026,11,1.0004251976201703,0.2645310005919292,2.773735550384756,7.249948293876718,-0.06123252882414998,16.338132963497742,-0.06123252882414995,-0.06123252882414995,135345.0201069396,46,0.38249999999999995,0.14999999999999997,0.4675,0.0,0.0,0.0,0.0,25.0,0.15,0.15
strategic_diversified_10,Strategic 10% diversified real-assets/defensive basket,strategic_equal,overall,139,0.43838005933178015,0.30044218792982813,1.36330995425408,2.730055482763123,-0.4286585714082093,1.0226788604544503,-0.09059627372442665,-0.18070899537189591,742695.8997312582,860,0.45404676258992804,0.15000000000000002,0.3959532374100718,0.028291366906474814,0.7129424460431653,7.072841726618703e-05,0.0,25.0,0.15,0.15
strategic_diversified_10,Strategic 10% diversified real-assets/defensive basket,strategic_equal,development_2021_2023,77,0.13408268034649007,0.2980871486207912,0.5675088105730958,0.977637298679306,-0.4286585714082093,0.31279598563959155,-0.10414686425247385,-0.18070899537189591,146882.47151691496,860,0.4167207792207792,0.15000000000000002,0.43327922077922065,0.02347402597402597,0.5915454545454544,5.8685064935064925e-05,0.0,25.0,0.15,0.15
strategic_diversified_10,Strategic 10% diversified real-assets/defensive basket,strategic_equal,holdout_2024_2026,62,0.9323123603108712,0.2949741972517809,2.400863595909392,6.145555377832177,-0.0933554530813201,9.986694183774699,-0.07138323329600577,-0.07502108001640755,505639.5715983914,146,0.5004032258064516,0.15000000000000005,0.34959677419354845,0.03427419354838709,0.8637096774193546,8.568548387096774e-05,0.0,25.0,0.15,0.15
strategic_diversified_10,Strategic 10% diversified real-assets/defensive basket,strategic_equal,2021,26,-0.1451537362584182,0.2699603565800019,-0.44136508414353476,-0.5253532558859934,-0.28754579452532036,-0.5048021533336543,-0.13199247006935882,-0.18070899537189591,85060.06940169542,331,0.454423076923077,0.14999999999999997,0.39557692307692294,0.059711538461538455,1.504730769230769,0.00014927884615384613,0.0,25.0,0.15,0.15
strategic_diversified_10,Strategic 10% diversified real-assets/defensive basket,strategic_equal,2022,26,-0.16505506642371137,0.25179226395704396,-0.5955976294152215,-0.9211897874454628,-0.23481390738203667,-0.7029186144207834,-0.07052237830468072,-0.0736983686341372,83017.71601174732,362,0.3825,0.14999999999999997,0.4674999999999999,0.0,0.0,0.0,0.0,25.0,0.15,0.15
strategic_diversified_10,Strategic 10% diversified real-assets/defensive basket,strategic_equal,2023,25,1.092271530413691,0.3390745236513128,2.362068599453662,7.58123710957863,-0.14325107717454733,7.6248748139100515,-0.048377005461654105,-0.057778608891150655,208004.84834871965,128,0.41309999999999997,0.15,0.43689999999999996,0.010199999999999996,0.2570399999999999,2.549999999999999e-05,0.0,25.0,0.15,0.15
strategic_diversified_10,Strategic 10% diversified real-assets/defensive basket,strategic_equal,2024,26,0.683291325310778,0.3270373450266559,1.758868974610738,4.171964988850133,-0.08596213321746193,7.948747893240712,-0.07381992356149614,-0.07502108001640755,171135.0417682426,146,0.5459615384615385,0.14999999999999997,0.3040384615384615,0.027788461538461533,0.7002692307692306,6.947115384615383e-05,0.0,25.0,0.15,0.15
strategic_diversified_10,Strategic 10% diversified real-assets/defensive basket,strategic_equal,2025,25,1.4178252798268431,0.2658904947701275,3.4995832603274044,11.27585160406359,-0.06994661193809881,20.27010659331987,-0.05247247006391006,-0.06994661193809881,240094.30523584437,43,0.5049,0.15,0.3450999999999999,0.0561,1.4137199999999999,0.00014024999999999997,0.0,25.0,0.15,0.15
strategic_diversified_10,Strategic 10% diversified real-assets/defensive basket,strategic_equal,2026,11,0.6086342112155709,0.29220266682954704,1.770158193040329,4.30464272059361,-0.09335545308131998,6.519535722090089,-0.06794647412293195,-0.06794647412293195,123060.94628797179,74,0.38249999999999995,0.14999999999999997,0.4675,0.0,0.0,0.0,0.0,25.0,0.15,0.15
regime_fixed_20,Risk-state 20% fixed defensive basket,regime_equal,overall,139,0.5076725120241801,0.35302417551046217,1.341679970140747,2.684938650708109,-0.4939955886644667,1.0276863269096985,-0.1060915501569716,-0.2140050855670619,962761.8275067043,860,0.5341726618705037,0.12733812949640289,0.3384892086330935,0.03201438848920864,0.8067625899280576,8.003597122302159e-05,0.0,25.0,0.15,0.15
regime_fixed_20,Risk-state 20% fixed defensive basket,regime_equal,development_2021_2023,77,0.14264294211088524,0.3497152518158959,0.5514100869796544,0.9474893915256217,-0.4939955886644667,0.28875347348045177,-0.12197887263609884,-0.2140050855670619,150296.50325614162,860,0.49025974025974045,0.13928571428571426,0.37045454545454537,0.025324675324675326,0.6381818181818182,6.331168831168832e-05,0.0,25.0,0.15,0.15
regime_fixed_20,Risk-state 20% fixed defensive basket,regime_equal,holdout_2024_2026,62,1.1273143601601947,0.3474347214074679,2.367040514638866,6.075070022672901,-0.11243661163794916,10.026221385879152,-0.08376009551162436,-0.0862836521622979,640575.0011801175,146,0.5887096774193551,0.11250000000000003,0.29879032258064503,0.04032258064516129,1.0161290322580645,0.00010080645161290323,0.0,25.0,0.15,0.15
regime_fixed_20,Risk-state 20% fixed defensive basket,regime_equal,2021,26,-0.18130827205591582,0.3176271875190381,-0.4631483210693978,-0.5508263880668011,-0.33682815458461757,-0.5382812261626656,-0.15422787063734586,-0.2140050855670619,81350.89210591752,331,0.5346153846153846,0.12692307692307692,0.3384615384615385,0.06346153846153847,1.5992307692307695,0.00015865384615384616,0.0,25.0,0.15,0.15
regime_fixed_20,Risk-state 20% fixed defensive basket,regime_equal,2022,26,-0.19698222863238202,0.2952311694231999,-0.6016704888445745,-0.9291610154942805,-0.2715439138343402,-0.7254157379220595,-0.08252927491545654,-0.0869473853792098,79744.4667803339,362,0.44999999999999996,0.14999999999999997,0.4000000000000001,0.0,0.0,0.0,0.0,25.0,0.15,0.15
regime_fixed_20,Risk-state 20% fixed defensive basket,regime_equal,2023,25,1.3324110286191582,0.39745404204301027,2.34408603508253,7.50975748131848,-0.16682179637134598,7.987032016207318,-0.05638073651471126,-0.0679741800870716,231678.6416885499,128,0.486,0.141,0.3730000000000001,0.012000000000000002,0.30240000000000006,3.0000000000000004e-05,0.0,25.0,0.15,0.15
regime_fixed_20,Risk-state 20% fixed defensive basket,regime_equal,2024,26,0.8178999787857202,0.38502047670854345,1.7459956706227724,4.163436316700485,-0.10419264312001753,7.849882240184623,-0.08611206668955768,-0.0862836521622979,185272.21834669224,146,0.6423076923076922,0.09807692307692308,0.25961538461538464,0.032692307692307694,0.8238461538461539,8.173076923076924e-05,0.0,25.0,0.15,0.15
regime_fixed_20,Risk-state 20% fixed defensive basket,regime_equal,2025,25,1.7522883711025616,0.31410915827702857,3.429452991525066,11.041131461999775,-0.08250122717529063,21.239543108606963,-0.061970135949743196,-0.08250122717529051,273026.1850220978,43,0.594,0.111,0.29500000000000004,0.066,1.6632,0.000165,0.0,25.0,0.15,0.15
regime_fixed_20,Risk-state 20% fixed defensive basket,regime_equal,2026,11,0.7176910823764437,0.34347604025987005,1.7413936090563447,4.225802064314619,-0.11243661163794916,6.383072843634248,-0.08031502149209159,-0.08031502149209159,126635.47501206909,74,0.45,0.14999999999999997,0.4,0.0,0.0,0.0,0.0,25.0,0.15,0.15
regime_trend_20,Risk-state 20% trend-confirmed diversifiers,regime_trend_long,overall,139,0.4983241778767289,0.3510647617509399,1.329234606240342,2.6680577273538475,-0.48748241713303986,1.0222403113684615,-0.10604234113482644,-0.2140050855670619,930291.8694767902,860,0.5341726618705037,0.10629496402877699,0.35953237410071937,0.09996562074590302,2.5191336427967563,0.0002499140518647576,0.0,25.0,0.15,0.15
regime_trend_20,Risk-state 20% trend-confirmed diversifiers,regime_trend_long,development_2021_2023,77,0.1348811406985988,0.3466539038968556,0.533611237094062,0.9160412198909867,-0.48748241713303986,0.27668924243843673,-0.12218982378702994,-0.2140050855670619,147198.68691954538,860,0.49025974025974045,0.10129870129870132,0.4084415584415584,0.10822397072318433,2.727244062224245,0.0002705599268079608,0.0,25.0,0.15,0.15
regime_trend_20,Risk-state 20% trend-confirmed diversifiers,regime_trend_long,holdout_2024_2026,62,1.115689939291867,0.34668651641232406,2.3550444918427473,6.095715769413763,-0.11738371725253038,9.50463970136213,-0.08303552362502342,-0.08564345058580901,631997.3968145933,146,0.5887096774193551,0.11250000000000003,0.29879032258064503,0.08970928287089239,2.2606739283464883,0.00022427320717723095,0.0,25.0,0.15,0.15
regime_trend_20,Risk-state 20% trend-confirmed diversifiers,regime_trend_long,2021,26,-0.18130792524948702,0.3177015450480206,-0.4628991749272731,-0.5497444501441436,-0.33325398836163944,-0.5440532794246288,-0.15422787063734586,-0.2140050855670619,81350.92766101446,331,0.5346153846153846,0.12692307692307692,0.3384615384615385,0.123096997456911,3.102044335914157,0.0003077424936422775,0.0,25.0,0.15,0.15
regime_trend_20,Risk-state 20% trend-confirmed diversifiers,regime_trend_long,2022,26,-0.18490147889729913,0.29279253646772063,-0.5586242332749444,-0.8813218958341695,-0.2644014867238865,-0.6993208744336262,-0.07959356325026135,-0.08807804647764957,80982.5370433734,362,0.44999999999999996,0.08653846153846155,0.46346153846153854,0.05354012613800225,1.3492111786776566,0.00013385031534500562,0.0,25.0,0.15,0.15
regime_trend_20,Risk-state 20% trend-confirmed diversifiers,regime_trend_long,2023,25,1.2487607284473112,0.39423951547800223,2.2645708377123177,7.206744338830158,-0.17026904665926534,7.334044284315953,-0.05821169174371052,-0.06669891537126578,223434.4051117186,128,0.486,0.09,0.42400000000000004,0.14962722128869796,3.7706059764751885,0.0003740680532217449,0.0,25.0,0.15,0.15
regime_trend_20,Risk-state 20% trend-confirmed diversifiers,regime_trend_long,2024,26,0.8183694587670971,0.3844074411404737,1.7487838246019964,4.204775068769144,-0.1040638645884967,7.864107891852791,-0.08558415125296231,-0.08564345058580901,185321.584806385,146,0.6423076923076922,0.09807692307692308,0.25961538461538464,0.07796513917440748,1.9647215071950683,0.00019491284793601867,0.0,25.0,0.15,0.15
regime_trend_20,Risk-state 20% trend-confirmed diversifiers,regime_trend_long,2025,25,1.7126482088422406,0.3136565637664815,3.3858171804555015,10.869307868661627,-0.08198061128490641,20.89089337099831,-0.06221884839671958,-0.0819806112849065,269124.87737845903,43,0.594,0.111,0.29500000000000004,0.11600787214996021,2.923398378178997,0.0002900196803749006,0.0,25.0,0.15,0.15
regime_trend_20,Risk-state 20% trend-confirmed diversifiers,regime_trend_long,2026,11,0.7202304942516151,0.3427077882514357,1.7488200172679702,4.347502720612845,-0.11738371725253027,6.135693357726667,-0.07899318070926252,-0.07899318070926252,126717.16236413756,74,0.45,0.15,0.4,0.05769864688288431,1.4540059014486846,0.0001442466172072108,0.0,25.0,0.15,0.15
diversified_trend_overlay_20,Risk-state 20% diversified long/short trend overlay,regime_trend_long_short,overall,139,0.49078160989792585,0.3504624446966505,1.316370445757076,2.6237863554077645,-0.4902711447777922,1.0010411894021725,-0.10723705685549227,-0.2140050855670619,904752.4139355945,1003,0.5341726618705037,0.1251798561151079,0.34064748201438844,0.10611916925243282,2.674203065161307,0.0002652979231310821,5.955946765952061e-06,25.0,0.15,0.15
diversified_trend_overlay_20,Risk-state 20% diversified long/short trend overlay,regime_trend_long_short,development_2021_2023,77,0.1304596127930593,0.34414458956666294,0.5236515007794064,0.8950733887278407,-0.4902711447777922,0.26609686126273674,-0.12175740365551684,-0.2140050855670619,145453.36320347298,1003,0.49025974025974045,0.13538961038961037,0.3743506493506493,0.11202096872754064,2.822928411934024,0.00028005242181885153,8.479981235550011e-06,25.0,0.15,0.15
diversified_trend_overlay_20,Risk-state 20% diversified long/short trend overlay,regime_trend_long_short,holdout_2024_2026,62,1.1020532914491818,0.34846749322689075,2.325839533614647,5.884880255897601,-0.11537417541211026,9.551992787924227,-0.08584672956581674,-0.09173946490850791,622022.3403634515,146,0.5887096774193551,0.11250000000000002,0.29879032258064503,0.09878951506560542,2.4894957796532564,0.00024697378766401354,2.8212587956449314e-06,25.0,0.15,0.15
diversified_trend_overlay_20,Risk-state 20% diversified long/short trend overlay,regime_trend_long_short,2021,26,-0.18173094436071335,0.31816911166454903,-0.4634637005284639,-0.5516927877415515,-0.33417164214494055,-0.5438251528293686,-0.15422787063734586,-0.2140050855670619,81307.55948504193,331,0.5346153846153846,0.12692307692307692,0.3384615384615385,0.13009298140025277,3.27834313128637,0.00032523245350063196,6.312624905232414e-06,25.0,0.15,0.15
diversified_trend_overlay_20,Risk-state 20% diversified long/short trend overlay,regime_trend_long_short,2022,26,-0.1882397832518914,0.2861196676399161,-0.5918379307732297,-0.914507675037615,-0.2703311854892415,-0.6963302547252095,-0.07808661264793573,-0.08779622063036206,80640.35931576412,362,0.44999999999999996,0.14423076923076922,0.4057692307692309,0.0717849086713111,1.8089796985170397,0.00017946227167827772,9.81832107488364e-06,25.0,0.15,0.15
diversified_trend_overlay_20,Risk-state 20% diversified long/short trend overlay,regime_trend_long_short,2023,25,1.2325886414015916,0.3923615807568663,2.254350681752879,7.247363104729973,-0.15835249638669302,7.783828291482312,-0.05602097152387435,-0.06669891537126578,221840.2713433706,128,0.486,0.135,0.37900000000000006,0.13507157800639866,3.403803765761246,0.00033767894501599666,9.342158386173336e-06,25.0,0.15,0.15
diversified_trend_overlay_20,Risk-state 20% diversified long/short trend overlay,regime_trend_long_short,2024,26,0.8037233445355481,0.387817914521535,1.7154864690944562,4.034710934748402,-0.10865585718582493,7.3969629005918005,-0.08866982989030206,-0.09173946490850791,183781.7170388273,146,0.6423076923076922,0.09807692307692305,0.25961538461538464,0.07244927054412431,1.8257216177119326,0.0001811231763603108,1.6969164454561654e-06,25.0,0.15,0.15
diversified_trend_overlay_20,Risk-state 20% diversified long/short trend overlay,regime_trend_long_short,2025,25,1.6919856790082717,0.3165465779704351,3.332643641699094,10.338760626334402,-0.08629012358577448,19.608103554590425,-0.06466323811698725,-0.08629012358577445,267091.1324097156,43,0.594,0.111,0.29500000000000004,0.13637257617916682,3.4365889197150037,0.0003409314404479169,4.4388416214330675e-06,25.0,0.15,0.15
diversified_trend_overlay_20,Risk-state 20% diversified long/short trend overlay,regime_trend_long_short,2026,11,0.720310075363821,0.3378706210825906,1.7700690829040049,4.3412524046311205,-0.11537417541211004,6.243252207791857,-0.07975713489688842,-0.07975713489688842,126719.72121682994,74,0.45,0.14999999999999997,0.4,0.07563222685828488,1.905932116828779,0.00018908056714571223,1.8024706556635257e-06,25.0,0.15,0.15
strategic_gold_10,Strategic 10% gold,strategic_single,overall,139,0.435941791018293,0.28520490329276726,1.4152848914807616,2.8551954803064263,-0.4079208298338658,1.068692155769146,-0.08577580684995441,-0.16529623109828737,735778.0524515763,860,0.4273381294964028,0.19999999999999998,0.37266187050359706,0.027050359712230215,0.6816690647482014,6.762589928057553e-05,0.0,25.0,0.2,0.2
strategic_gold_10,Strategic 10% gold,strategic_single,development_2021_2023,77,0.1296781631621744,0.28165426355797146,0.5702798201766088,0.986449956628706,-0.4079208298338658,0.31790032201833995,-0.09727114614224257,-0.16529623109828737,145146.35406441113,860,0.3922077922077922,0.19999999999999993,0.4077922077922077,0.022857142857142854,0.5759999999999998,5.714285714285712e-05,0.0,25.0,0.2,0.2
strategic_gold_10,Strategic 10% gold,strategic_single,holdout_2024_2026,62,0.9343020123966164,0.2802683677937045,2.517112014357952,6.47235339471358,-0.09456647828180498,9.879843570069589,-0.06807437003604265,-0.07273598700120358,506921.48431442014,86,0.4709677419354838,0.19999999999999993,0.32903225806451625,0.032258064516129024,0.8129032258064514,8.064516129032257e-05,0.0,25.0,0.2,0.2
strategic_gold_10,Strategic 10% gold,strategic_single,2021,26,-0.15566109371423864,0.2503967113710901,-0.5464743412891556,-0.6445931482691376,-0.269445647588728,-0.577708696010685,-0.12259949147182844,-0.16529623109828737,83981.57237982741,331,0.4276923076923077,0.20000000000000004,0.3723076923076922,0.058461538461538454,1.473230769230769,0.0001461538461538461,0.0,25.0,0.2,0.2
strategic_gold_10,Strategic 10% gold,strategic_single,2022,26,-0.1470771326692457,0.24217534811028554,-0.5409803465591788,-0.8402262187513342,-0.21401647479505725,-0.6872234149734835,-0.0682693346744549,-0.06948934383102016,84862.61637225487,362,0.36,0.20000000000000004,0.43999999999999984,0.0,0.0,0.0,0.0,25.0,0.2,0.2
strategic_gold_10,Strategic 10% gold,strategic_single,2023,25,1.0482216768632702,0.31910822596236865,2.4232416645914707,7.929958838068258,-0.13967759975331462,7.504579680024143,-0.04629931600115959,-0.05302830630171919,203659.9873145052,128,0.38880000000000003,0.20000000000000004,0.4111999999999999,0.0096,0.24191999999999997,2.3999999999999997e-05,0.0,25.0,0.2,0.2
strategic_gold_10,Strategic 10% gold,strategic_single,2024,26,0.7032430565255534,0.30590426846427543,1.9002151861744416,4.560665699952534,-0.0704972781933515,9.97546394056211,-0.07161663259727748,-0.07273598700120358,173228.25967920973,86,0.513846153846154,0.20000000000000004,0.2861538461538461,0.026153846153846153,0.659076923076923,6.538461538461537e-05,0.0,25.0,0.2,0.2
strategic_gold_10,Strategic 10% gold,strategic_single,2025,25,1.4641063436215442,0.25117799184322187,3.769914028703558,12.228635816094707,-0.06695510051293507,21.866987464811483,-0.04687667259966933,-0.06695510051293509,244653.27767087927,43,0.4752000000000001,0.20000000000000004,0.3247999999999999,0.052799999999999986,1.3305599999999995,0.00013199999999999996,0.0,25.0,0.2,0.2
strategic_gold_10,Strategic 10% gold,strategic_single,2026,11,0.5071833956616578,0.28909925045314966,1.5573695527604188,3.683885407083755,-0.09456647828180509,5.363247155617527,-0.06210911443668054,-0.06210911443668054,119610.94375727637,74,0.36,0.2,0.43999999999999984,0.0,0.0,0.0,0.0,25.0,0.2,0.2
strategic_oil_10,Strategic 10% oil,strategic_single,overall,139,0.47927569036024,0.2915649234293497,1.4941043832377423,2.968766625688162,-0.3352921580593238,1.4294270797572337,-0.09193059028034956,-0.1732374935113338,866900.7012661403,829,0.4273381294964028,0.19999999999999998,0.37266187050359706,0.027050359712230215,0.6816690647482014,6.762589928057553e-05,0.0,25.0,0.2,0.2
strategic_oil_10,Strategic 10% oil,strategic_single,development_2021_2023,77,0.18549224918697593,0.2974298703337119,0.7183180510333662,1.2371122377579153,-0.3352921580593238,0.5532257308390627,-0.10758771308636461,-0.1732374935113338,168190.56946832882,829,0.3922077922077922,0.19999999999999993,0.4077922077922077,0.022857142857142854,0.5759999999999998,5.714285714285712e-05,0.0,25.0,0.2,0.2
strategic_oil_10,Strategic 10% oil,strategic_single,holdout_2024_2026,62,0.9474293709236603,0.2767060511284189,2.5706422180479813,6.711738241283937,-0.08015023695723167,11.820668370939572,-0.06643706495513532,-0.07522886736945585,515427.65091201017,131,0.4709677419354838,0.19999999999999993,0.32903225806451625,0.032258064516129024,0.8129032258064514,8.064516129032257e-05,0.0,25.0,0.2,0.2
strategic_oil_10,Strategic 10% oil,strategic_single,2021,26,-0.049713009039695555,0.2825050391258252,-0.03714870263209511,-0.04602241460680742,-0.2644741219854462,-0.18796927527915652,-0.13306475864570175,-0.1732374935113338,94874.9939613587,331,0.4276923076923077,0.20000000000000004,0.3723076923076922,0.058461538461538454,1.473230769230769,0.0001461538461538461,0.0,25.0,0.2,0.2
strategic_oil_10,Strategic 10% oil,strategic_single,2022,26,-0.10536621271548618,0.24544329820343658,-0.3372285126609921,-0.545608441877615,-0.22327467102141718,-0.4719129681547225,-0.06260681062652156,-0.0630441735777516,89147.71705735166,157,0.36,0.20000000000000004,0.43999999999999984,0.0,0.0,0.0,0.0,25.0,0.2,0.2
strategic_oil_10,Strategic 10% oil,strategic_single,2023,25,0.9995302142018425,0.3408784039844194,2.2149700483756773,6.416188809854723,-0.11443443871259618,8.734522801411014,-0.05369761265450815,-0.05484546561001772,198856.43702827158,113,0.38880000000000003,0.20000000000000004,0.4111999999999999,0.0096,0.24191999999999997,2.3999999999999997e-05,0.0,25.0,0.2,0.2
strategic_oil_10,Strategic 10% oil,strategic_single,2024,26,0.6747648277114622,0.3035595410445371,1.855928172711664,4.459824756619378,-0.08015023695723167,8.41875025362081,-0.06795499985955734,-0.074890238669781,170240.7316095218,131,0.513846153846154,0.20000000000000004,0.2861538461538461,0.026153846153846153,0.659076923076923,6.538461538461537e-05,0.0,25.0,0.2,0.2
strategic_oil_10,Strategic 10% oil,strategic_single,2025,25,1.19721171119299,0.26723425289964425,3.112734647106484,9.431531133249964,-0.07522886736945578,15.914259420035862,-0.058014080797827376,-0.07522886736945585,218352.73498742157,43,0.4752000000000001,0.20000000000000004,0.3247999999999999,0.052799999999999986,1.3305599999999995,0.00013199999999999996,0.0,25.0,0.2,0.2
strategic_oil_10,Strategic 10% oil,strategic_single,2026,11,1.1143869314052912,0.24766923581531725,3.1778544723038387,8.849830860654617,-0.05460939273197074,20.406506567008208,-0.05460939273197071,-0.05460939273197071,138658.21343891358,46,0.36,0.2,0.43999999999999984,0.0,0.0,0.0,0.0,25.0,0.2,0.2
strategic_diversified_10,Strategic 10% diversified real-assets/defensive basket,strategic_equal,overall,139,0.41771386229477403,0.28383168911589807,1.3751845304977297,2.74768684788373,-0.4058925016832732,1.029124363131806,-0.08553462555941925,-0.16961029864017396,685714.5904409323,860,0.4273381294964028,0.19999999999999998,0.37266187050359706,0.027050359712230215,0.6816690647482014,6.762589928057553e-05,0.0,25.0,0.2,0.2
strategic_diversified_10,Strategic 10% diversified real-assets/defensive basket,strategic_equal,development_2021_2023,77,0.1295439631697517,0.2823024637469851,0.5693726692783962,0.9792701350867046,-0.4058925016832732,0.31915830578914633,-0.0982189260407573,-0.16961029864017396,145093.6746368597,860,0.3922077922077922,0.19999999999999993,0.4077922077922077,0.022857142857142854,0.5759999999999998,5.714285714285712e-05,0.0,25.0,0.2,0.2
strategic_diversified_10,Strategic 10% diversified real-assets/defensive basket,strategic_equal,holdout_2024_2026,62,0.8799640493365322,0.2775615083961547,2.4335200725384385,6.22285237317768,-0.08343034774164804,10.547289723176574,-0.06730122409516323,-0.07185371825140076,472601.2985453278,131,0.4709677419354838,0.19999999999999993,0.32903225806451625,0.032258064516129024,0.8129032258064514,8.064516129032257e-05,0.0,25.0,0.2,0.2
strategic_diversified_10,Strategic 10% diversified real-assets/defensive basket,strategic_equal,2021,26,-0.13165365170858023,0.25504220609887235,-0.4223336028222601,-0.5032408810836281,-0.27123070159345875,-0.48539361855101776,-0.12458066988002987,-0.16961029864017396,86446.36330204453,331,0.4276923076923077,0.20000000000000004,0.3723076923076922,0.058461538461538454,1.473230769230769,0.0001461538461538461,0.0,25.0,0.2,0.2
strategic_diversified_10,Strategic 10% diversified real-assets/defensive basket,strategic_equal,2022,26,-0.15683871008349803,0.2394524181461058,-0.597436982709402,-0.9236631849778426,-0.22475044349643158,-0.6978349303501516,-0.06743899694486839,-0.06878583659706214,83860.72583938166,362,0.36,0.20000000000000004,0.43999999999999984,0.0,0.0,0.0,0.0,25.0,0.2,0.2
strategic_diversified_10,Strategic 10% diversified real-assets/defensive basket,strategic_equal,2023,25,1.0125833713885677,0.3212121574978561,2.3531680786577622,7.416706293114037,-0.1395481983609549,7.256155101117272,-0.04742500407156553,-0.055055173397778955,200144.25799794894,113,0.38880000000000003,0.20000000000000004,0.4111999999999999,0.0096,0.24191999999999997,2.3999999999999997e-05,0.0,25.0,0.2,0.2
strategic_diversified_10,Strategic 10% diversified real-assets/defensive basket,strategic_equal,2024,26,0.6446735920662106,0.30748746816635775,1.7755776010656894,4.208037564651345,-0.07701310817565199,8.370959273528278,-0.06988725873011543,-0.07185371825140076,167085.74244482443,131,0.513846153846154,0.20000000000000004,0.2861538461538461,0.026153846153846153,0.659076923076923,6.538461538461537e-05,0.0,25.0,0.2,0.2
strategic_diversified_10,Strategic 10% diversified real-assets/defensive basket,strategic_equal,2025,25,1.3286735282280846,0.24997780777046247,3.5523874698410745,11.453398820340249,-0.06586905912340868,20.171436269322662,-0.04934723325683993,-0.06586905912340871,231310.33942350902,43,0.4752000000000001,0.20000000000000004,0.3247999999999999,0.052799999999999986,1.3305599999999995,0.00013199999999999996,0.0,25.0,0.2,0.2
strategic_diversified_10,Strategic 10% diversified real-assets/defensive basket,strategic_equal,2026,11,0.585385563818005,0.2757188330338697,1.8076313061322553,4.378725059953041,-0.08343034774164804,7.016458395100075,-0.06356131979701338,-0.06356131979701338,122281.41959348024,74,0.36,0.2,0.43999999999999984,0.0,0.0,0.0,0.0,25.0,0.2,0.2
regime_fixed_20,Risk-state 20% fixed defensive basket,regime_equal,overall,139,0.5103071156693657,0.3538530329717965,1.3444012725911723,2.6854520816352303,-0.4942903510993707,1.0324035549841737,-0.10616312296910783,-0.2140050855670619,972078.3771184523,860,0.5341726618705037,0.16978417266187049,0.29604316546762593,0.03201438848920864,0.8067625899280576,8.003597122302159e-05,0.0,25.0,0.2,0.2
regime_fixed_20,Risk-state 20% fixed defensive basket,regime_equal,development_2021_2023,77,0.14149416639662937,0.3510531592485734,0.5477647699295237,0.9394411159228754,-0.4942903510993707,0.2862571888808402,-0.1219949372189239,-0.2140050855670619,149835.27602722152,860,0.49025974025974045,0.18571428571428567,0.32402597402597405,0.025324675324675326,0.6381818181818182,6.331168831168832e-05,0.0,25.0,0.2,0.2
regime_fixed_20,Risk-state 20% fixed defensive basket,regime_equal,holdout_2024_2026,62,1.1383271814761313,0.3474225553042486,2.382450868185652,6.115367894335542,-0.10901880638380235,10.441567095026095,-0.08380370704932136,-0.08687048111258788,648764.6987361297,146,0.5887096774193551,0.14999999999999994,0.26129032258064516,0.04032258064516129,1.0161290322580645,0.00010080645161290323,0.0,25.0,0.2,0.2
regime_fixed_20,Risk-state 20% fixed defensive basket,regime_equal,2021,26,-0.17979092909158445,0.318511971043851,-0.45520881827168186,-0.5417177431014824,-0.33737097257650994,-0.5329176002265902,-0.15422787063734586,-0.2140050855670619,81506.45687495104,331,0.5346153846153846,0.16923076923076924,0.2961538461538461,0.06346153846153847,1.5992307692307695,0.00015865384615384616,0.0,25.0,0.2,0.2
regime_fixed_20,Risk-state 20% fixed defensive basket,regime_equal,2022,26,-0.19930269404315482,0.2972491569486268,-0.6053655707387555,-0.9344511279299311,-0.27393605397722365,-0.727551890850139,-0.0834481924259028,-0.08645119225715893,79506.72617242999,362,0.44999999999999996,0.20000000000000004,0.35,0.0,0.0,0.0,0.0,25.0,0.2,0.2
regime_fixed_20,Risk-state 20% fixed defensive basket,regime_equal,2023,25,1.3277178243625452,0.3989792005656438,2.3314459500148828,7.358387661884257,-0.1703523829151713,7.793949234180633,-0.05809664547564173,-0.06864926832567353,231216.16131634984,128,0.486,0.188,0.326,0.012000000000000002,0.30240000000000006,3.0000000000000004e-05,0.0,25.0,0.2,0.2
regime_fixed_20,Risk-state 20% fixed defensive basket,regime_equal,2024,26,0.8235975961070618,0.38469783100882876,1.7555047129256938,4.190879683189321,-0.1014272439299777,8.120082575403988,-0.08627678290086413,-0.08687048111258788,185871.3578900369,146,0.6423076923076922,0.13076923076923078,0.22692307692307695,0.032692307692307694,0.8238461538461539,8.173076923076924e-05,0.0,25.0,0.2,0.2
regime_fixed_20,Risk-state 20% fixed defensive basket,regime_equal,2025,25,1.769207383851744,0.3142129661473677,3.4487445545931203,11.105510044645825,-0.08260854610633095,21.416759733000017,-0.062010787771284104,-0.08260854610633095,274691.1851788565,43,0.594,0.14800000000000002,0.258,0.066,1.6632,0.000165,0.0,25.0,0.2,0.2
regime_fixed_20,Risk-state 20% fixed defensive basket,regime_equal,2026,11,0.7311045930729769,0.3439735914623002,1.7624629473626352,4.261354424975035,-0.10901880638380224,6.706224525143973,-0.08005271628922624,-0.08005271628922624,127066.19222985998,74,0.45,0.2,0.35000000000000003,0.0,0.0,0.0,0.0,25.0,0.2,0.2
regime_trend_20,Risk-state 20% trend-confirmed diversifiers,regime_trend_long,overall,139,0.49777225670993763,0.3513601352515825,1.3273838089067536,2.661345301587724,-0.48565219062957543,1.0249562677039517,-0.10642187143415126,-0.2140050855670619,928403.2540329873,860,0.5341726618705037,0.14172661870503594,0.3241007194244605,0.12261603149813452,3.08992399375299,0.00030654007874533626,0.0,25.0,0.2,0.2
regime_trend_20,Risk-state 20% trend-confirmed diversifiers,regime_trend_long,development_2021_2023,77,0.13107351878250717,0.3472187274020005,0.5236384832769132,0.8968510441324039,-0.48565219062957543,0.2698917482748095,-0.12227620542016539,-0.2140050855670619,145694.85542610247,860,0.49025974025974045,0.13506493506493503,0.3746753246753247,0.13585706918935403,3.4235981435717213,0.00033964267297338505,0.0,25.0,0.2,0.2
regime_trend_20,Risk-state 20% trend-confirmed diversifiers,regime_trend_long,holdout_2024_2026,62,1.1227847466132825,0.3463928207559449,2.3667079633322574,6.142960083866031,-0.11562033520060178,9.710962562643035,-0.08283761120052009,-0.08585874745634488,637224.4588305869,146,0.5887096774193551,0.14999999999999994,0.2612903225806452,0.10617151694613608,2.675522227042629,0.0002654287923653402,0.0,25.0,0.2,0.2
regime_trend_20,Risk-state 20% trend-confirmed diversifiers,regime_trend_long,2021,26,-0.17979822410356106,0.3186354816269114,-0.45484525600061154,-0.5402214605698709,-0.33260582019258245,-0.5405744974620585,-0.15422787063734586,-0.2140050855670619,81505.70893591254,331,0.5346153846153846,0.16923076923076924,0.2961538461538462,0.14297548378870187,3.602982191475287,0.00035743870947175464,0.0,25.0,0.2,0.2
regime_trend_20,Risk-state 20% trend-confirmed diversifiers,regime_trend_long,2022,26,-0.18328501306604617,0.29437340709267523,-0.5475468703448525,-0.8691050018250006,-0.2644014867238864,-0.6932071953795407,-0.07953391020564254,-0.08795874038841195,81148.24153144947,362,0.44999999999999996,0.1153846153846154,0.4346153846153846,0.07138683485066966,1.7989482382368753,0.00017846708712667417,0.0,25.0,0.2,0.2
regime_trend_20,Risk-state 20% trend-confirmed diversifiers,regime_trend_long,2023,25,1.2167713045417083,0.3950298985732007,2.2235132872685757,6.952462172189878,-0.1749469772589639,6.9550861844305665,-0.059758592594763404,-0.06694891537126578,220281.0177721096,142,0.486,0.12000000000000002,0.3940000000000001,0.19550296171826392,4.926674635300251,0.0004887574042956598,0.0,25.0,0.2,0.2
regime_trend_20,Risk-state 20% trend-confirmed diversifiers,regime_trend_long,2024,26,0.8242169619192783,0.38388775094913097,1.7592141452036312,4.245152647018684,-0.10126548828104998,8.139169384457663,-0.08557289565207032,-0.08585874745634488,185936.49160336796,146,0.6423076923076922,0.13076923076923078,0.22692307692307698,0.09305608300177408,2.345013291644707,0.0002326402075044352,0.0,25.0,0.2,0.2
regime_trend_20,Risk-state 20% trend-confirmed diversifiers,regime_trend_long,2025,25,1.7161850485947099,0.3135812002121655,3.3908979292232457,10.874931919516774,-0.08191439158581904,20.950958865350525,-0.062342404367252614,-0.08191439158581892,269472.9845530337,43,0.594,0.14800000000000002,0.25800000000000006,0.13267716286661366,3.343464504238664,0.00033169290716653413,0.0,25.0,0.2,0.2
regime_trend_20,Risk-state 20% trend-confirmed diversifiers,regime_trend_long,2026,11,0.7346014769245552,0.34279056141724684,1.7732413217682281,4.428715754114277,-0.11562033520060178,6.3535664003223875,-0.07829026191212081,-0.07829026191212081,127178.17032518682,74,0.45,0.2,0.35000000000000003,0.0769315291771791,1.9386745352649133,0.0001923288229429477,0.0,25.0,0.2,0.2
diversified_trend_overlay_20,Risk-state 20% diversified long/short trend overlay,regime_trend_long_short,overall,139,0.4877826221911574,0.3504544354257801,1.3106156096944133,2.6041843274862884,-0.48931601259747626,0.9968662574556287,-0.10769046523380206,-0.2140050855670619,894758.5792589979,1017,0.5341726618705037,0.16690647482014384,0.2989208633093526,0.13082076284017422,3.29668322357239,0.0003270519071004356,7.941262354602748e-06,25.0,0.2,0.2
diversified_trend_overlay_20,Risk-state 20% diversified long/short trend overlay,regime_trend_long_short,development_2021_2023,77,0.12528096763697216,0.34367009765941076,0.5105525290781159,0.8695711282651369,-0.48931601259747626,0.2560328385166325,-0.12169964524481455,-0.2140050855670619,143426.9464551904,1017,0.49025974025974045,0.18051948051948047,0.32922077922077925,0.14091973319516235,3.551177276518091,0.00035229933298790595,1.1306641647400012e-05,25.0,0.2,0.2
diversified_trend_overlay_20,Risk-state 20% diversified long/short trend overlay,regime_trend_long_short,holdout_2024_2026,62,1.104551532411489,0.34878467878089375,2.3276071593322905,5.862496693380127,-0.11293721873948392,9.780226082593686,-0.08658588578824454,-0.09341506294472766,623842.7306535037,146,0.5887096774193551,0.14999999999999994,0.26129032258064516,0.11827849320575347,2.9806180287849875,0.00029569623301438364,3.761678394193243e-06,25.0,0.2,0.2
diversified_trend_overlay_20,Risk-state 20% diversified long/short trend overlay,regime_trend_long_short,2021,26,-0.18036280158901186,0.31925859484142394,-0.45561155536145487,-0.5428661031741674,-0.333828538548092,-0.540285747807713,-0.15422787063734586,-0.2140050855670619,81447.82488190223,331,0.5346153846153846,0.16923076923076924,0.2961538461538462,0.15230346237982426,3.838047251971571,0.00038075865594956054,8.416833206976552e-06,25.0,0.2,0.2
diversified_trend_overlay_20,Risk-state 20% diversified long/short trend overlay,regime_trend_long_short,2022,26,-0.18764484803854808,0.28506122184995225,-0.5924476777743141,-0.9151997107840845,-0.2723282365686551,-0.6890392652736985,-0.0787851254755561,-0.0875829725920286,80701.33718211103,191,0.44999999999999996,0.19230769230769235,0.3576923076923078,0.09571321156174814,2.411972931356053,0.00023928302890437037,1.309109476651152e-05,25.0,0.2,0.2
diversified_trend_overlay_20,Risk-state 20% diversified long/short trend overlay,regime_trend_long_short,2023,25,1.195742940678012,0.39227731943986394,2.211030908561734,7.006985514234967,-0.15907174832067938,7.517003825641394,-0.057788221200593556,-0.06694891537126578,218207.93074136865,128,0.486,0.18,0.3340000000000001,0.1760954373418649,4.4376050210149955,0.00044023859335466214,1.2456211181564448e-05,25.0,0.2,0.2
diversified_trend_overlay_20,Risk-state 20% diversified long/short trend overlay,regime_trend_long_short,2024,26,0.8046621386965762,0.388423915069604,1.7148152540215962,4.019298869924592,-0.1073881907971882,7.493022582122178,-0.08968713383518997,-0.09341506294472766,183880.40840317874,146,0.6423076923076922,0.13076923076923078,0.22692307692307698,0.08570159149472986,2.1596801056671926,0.00021425397873682468,2.2625552606082205e-06,25.0,0.2,0.2
diversified_trend_overlay_20,Risk-state 20% diversified long/short trend overlay,regime_trend_long_short,2025,25,1.6885910674746238,0.3174855310985659,3.319603414612583,10.179822955533096,-0.08766040798697616,19.262870276915667,-0.06560159066094284,-0.0876604079869762,266757.0001185289,43,0.594,0.14800000000000002,0.258,0.15983010157222238,4.027718559620004,0.00039957525393055605,5.91845549524409e-06,25.0,0.2,0.2
diversified_trend_overlay_20,Risk-state 20% diversified long/short trend overlay,regime_trend_long_short,2026,11,0.7347045253009681,0.3363341313072465,1.8022073847736704,4.419251335573145,-0.11293721873948437,6.50542428351926,-0.07930886749562199,-0.07930886749562199,127181.46823587193,74,0.45,0.2,0.35000000000000003,0.10084296914437986,2.5412428224383725,0.0002521074228609496,2.4032942075513674e-06,25.0,0.2,0.2
strategic_gold_10,Strategic 10% gold,strategic_single,overall,139,0.4813511317361159,0.3340135090776177,1.3458682225474026,2.70465739053208,-0.474145070503448,1.0151980093877522,-0.10118344344315289,-0.20182787194986826,873630.7909713066,860,0.5074640287769785,0.049999999999999996,0.44253597122302163,0.030773381294964028,0.7754892086330935,0.00015386690647482013,0.0,50.0,0.05,0.05
strategic_gold_10,Strategic 10% gold,strategic_single,development_2021_2023,77,0.14065513994278134,0.3295475145889506,0.5596936545259883,0.9657286466911555,-0.474145070503448,0.29665001007694436,-0.11609235820127836,-0.20182787194986826,149499.01379559963,860,0.4657467532467533,0.04999999999999998,0.48425324675324666,0.024707792207792206,0.6226363636363635,0.00012353896103896103,0.0,50.0,0.05,0.05
strategic_gold_10,Strategic 10% gold,strategic_single,holdout_2024_2026,62,1.0493787389440277,0.33044560281528057,2.3567145757352272,6.038667983622162,-0.11567319775861096,9.071926420966518,-0.08006710068291069,-0.08265882264822434,584372.2769741915,146,0.5592741935483874,0.04999999999999998,0.3907258064516129,0.038306451612903226,0.9653225806451613,0.0001915322580645161,0.0,50.0,0.05,0.05
strategic_gold_10,Strategic 10% gold,strategic_single,2021,26,-0.18113315009632402,0.2982905413570508,-0.513685034076471,-0.6069841859887308,-0.3200576242168658,-0.5659391821692433,-0.14697390084596648,-0.20182787194986826,81368.84592346668,331,0.5078846153846154,0.05000000000000001,0.44211538461538463,0.06221153846153846,1.5677307692307692,0.0003110576923076923,0.0,50.0,0.05,0.05
strategic_gold_10,Strategic 10% gold,strategic_single,2022,26,-0.17936511725025173,0.27764087909038354,-0.5790709209262446,-0.8958612729524289,-0.2520445836845919,-0.7116404353077028,-0.07689672545670206,-0.08369930951677687,81550.11464675082,362,0.4275,0.05000000000000001,0.5225000000000001,0.0,0.0,0.0,0.0,50.0,0.05,0.05
strategic_gold_10,Strategic 10% gold,strategic_single,2023,25,1.2676584377139402,0.3742314965151836,2.390642720335324,7.976325716511122,-0.1520844725325039,8.335225921522087,-0.05091202408956626,-0.06271876310387912,225297.0968509935,128,0.46169999999999994,0.05000000000000001,0.48829999999999996,0.011399999999999995,0.28727999999999987,5.699999999999997e-05,0.0,50.0,0.05,0.05
strategic_gold_10,Strategic 10% gold,strategic_single,2024,26,0.7735707242986662,0.36578613068437527,1.7512533347778776,4.172843827649287,-0.09896398939256856,7.816688969864381,-0.0821175966910481,-0.08265882264822434,180612.77451363788,146,0.6101923076923076,0.05000000000000001,0.33980769230769226,0.031057692307692304,0.782653846153846,0.0001552884615384615,0.0,50.0,0.05,0.05
strategic_gold_10,Strategic 10% gold,strategic_single,2025,25,1.6313547236535575,0.2980164820491167,3.44362484022622,10.976495483032151,-0.07967947791486074,20.47396351412713,-0.05875842851375769,-0.07967947791486066,261122.70777299092,43,0.5643,0.05000000000000001,0.38569999999999993,0.06269999999999999,1.5800399999999997,0.0003135,0.0,50.0,0.05,0.05
strategic_gold_10,Strategic 10% gold,strategic_single,2026,11,0.6340886653938311,0.3285699895120546,1.6523053137512134,4.027272627209751,-0.11567319775861096,5.481725046774098,-0.07635373143468589,-0.07635373143468589,123907.18763062847,74,0.42750000000000005,0.05,0.5225,0.0,0.0,0.0,0.0,50.0,0.05,0.05
strategic_oil_10,Strategic 10% oil,strategic_single,overall,139,0.49291072917449963,0.3343201763144612,1.3685495523628792,2.745093605094382,-0.45840410534631104,1.075275555837616,-0.10129101397565501,-0.20381318755312985,911902.8175533138,860,0.5074640287769785,0.049999999999999996,0.44253597122302163,0.030773381294964028,0.7754892086330935,0.00015386690647482013,0.0,50.0,0.05,0.05
strategic_oil_10,Strategic 10% oil,strategic_single,development_2021_2023,77,0.1547605298532866,0.33230463663197907,0.5949436345062161,1.0282867590794464,-0.45840410534631104,0.33760720737081856,-0.11622120029683955,-0.20381318755312985,155219.96003986037,860,0.4657467532467533,0.04999999999999998,0.48425324675324666,0.024707792207792206,0.6226363636363635,0.00012353896103896103,0.0,50.0,0.05,0.05
strategic_oil_10,Strategic 10% oil,strategic_single,holdout_2024_2026,62,1.0538167565143355,0.3281685372389505,2.377520162375539,6.097718300612887,-0.10441485187208177,10.092594469274948,-0.07965777441268385,-0.08375706276733175,587490.6921243491,146,0.5592741935483874,0.04999999999999998,0.3907258064516129,0.038306451612903226,0.9653225806451613,0.0001915322580645161,0.0,50.0,0.05,0.05
strategic_oil_10,Strategic 10% oil,strategic_single,2021,26,-0.15655086866872037,0.30548328847637013,-0.39819597646128385,-0.47566854935406166,-0.3189627497945988,-0.49081238724438453,-0.14930077757818108,-0.20381318755312985,83890.26352054736,331,0.5078846153846154,0.05000000000000001,0.44211538461538463,0.06221153846153846,1.5677307692307692,0.0003110576923076923,0.0,50.0,0.05,0.05
strategic_oil_10,Strategic 10% oil,strategic_single,2022,26,-0.16909270921010344,0.2766271457531878,-0.5375949377580818,-0.8432028559836058,-0.2542462540174021,-0.6650745351730128,-0.07364460731042335,-0.078415042684869,82603.54446610264,191,0.4275,0.05000000000000001,0.5225000000000001,0.0,0.0,0.0,0.0,50.0,0.05,0.05
strategic_oil_10,Strategic 10% oil,strategic_single,2023,25,1.2544428178555354,0.37868775987809616,2.3504683112154896,7.6633246662154315,-0.14472618787819314,8.667697506904005,-0.052398237367084044,-0.06317305293095377,223994.4850021471,128,0.46169999999999994,0.05000000000000001,0.48829999999999996,0.011399999999999995,0.28727999999999987,5.699999999999997e-05,0.0,50.0,0.05,0.05
strategic_oil_10,Strategic 10% oil,strategic_single,2024,26,0.7662488811173256,0.36510174370917126,1.7422797455888308,4.153066221165302,-0.10441485187208177,7.338504699082982,-0.08120218850661805,-0.08375706276733175,179843.52950804995,146,0.6101923076923076,0.05000000000000001,0.33980769230769226,0.031057692307692304,0.782653846153846,0.0001552884615384615,0.0,50.0,0.05,0.05
strategic_oil_10,Strategic 10% oil,strategic_single,2025,25,1.5575528756553036,0.30125770111282185,3.3110669947433333,10.408429573481072,-0.08174791962899086,19.053119427677,-0.0615427805632972,-0.08174791962899085,253856.2836521044,43,0.5643,0.05000000000000001,0.38569999999999993,0.06269999999999999,1.5800399999999997,0.0003135,0.0,50.0,0.05,0.05
strategic_oil_10,Strategic 10% oil,strategic_single,2026,11,0.781953498072606,0.31308925769958895,2.0029545210018176,4.964528260461598,-0.08787149952525741,8.898829567007043,-0.07447880100850843,-0.07447880100850843,128682.13423682573,74,0.42750000000000005,0.05,0.5225,0.0,0.0,0.0,0.0,50.0,0.05,0.05
strategic_diversified_10,Strategic 10% diversified real-assets/defensive basket,strategic_equal,overall,139,0.47655806473920514,0.3338765306660321,1.3364427151009532,2.679331342712235,-0.473744313525993,1.0059393878361724,-0.10115652667423176,-0.2029063888353399,858152.4196335209,860,0.5074640287769785,0.049999999999999996,0.44253597122302163,0.030773381294964028,0.7754892086330935,0.00015386690647482013,0.0,50.0,0.05,0.05
strategic_diversified_10,Strategic 10% diversified real-assets/defensive basket,strategic_equal,development_2021_2023,77,0.14054796743790465,0.3298684920648208,0.5592351144662054,0.9636427430030622,-0.473744313525993,0.29667473239273656,-0.11632930317590703,-0.2029063888353399,149456.09815569664,860,0.4657467532467533,0.04999999999999998,0.48425324675324666,0.024707792207792206,0.6226363636363635,0.00012353896103896103,0.0,50.0,0.05,0.05
strategic_diversified_10,Strategic 10% diversified real-assets/defensive basket,strategic_equal,holdout_2024_2026,62,1.0347798040110625,0.3300339259282706,2.336917706354305,5.974353198228836,-0.11297166448066065,9.159640240479984,-0.07987381419769082,-0.08201470290209402,574183.6099183699,146,0.5592741935483874,0.04999999999999998,0.3907258064516129,0.038306451612903226,0.9653225806451613,0.0001915322580645161,0.0,50.0,0.05,0.05
strategic_diversified_10,Strategic 10% diversified real-assets/defensive basket,strategic_equal,2021,26,-0.17546648627925643,0.29964947208529447,-0.4870583113413228,-0.5769294708251089,-0.320507612525716,-0.5474643328953,-0.14746919544801684,-0.2029063888353399,81949.8681112841,331,0.5078846153846154,0.05000000000000001,0.44211538461538463,0.06221153846153846,1.5677307692307692,0.0003110576923076923,0.0,50.0,0.05,0.05
strategic_diversified_10,Strategic 10% diversified real-assets/defensive basket,strategic_equal,2022,26,-0.1817352467869512,0.27708007207411267,-0.5911113164087582,-0.9130686009009668,-0.2546387322217838,-0.7136983647431313,-0.07668914102430542,-0.08352343270828735,81307.11840134898,362,0.4275,0.05000000000000001,0.5225000000000001,0.0,0.0,0.0,0.0,50.0,0.05,0.05
strategic_diversified_10,Strategic 10% diversified real-assets/defensive basket,strategic_equal,2023,25,1.257581855540502,0.37492825699332843,2.3745909996556374,7.852520696789043,-0.15189664450298324,8.279194446035332,-0.05146867350685159,-0.06322547987789406,224303.89311740987,128,0.46169999999999994,0.05000000000000001,0.48829999999999996,0.011399999999999995,0.28727999999999987,5.699999999999997e-05,0.0,50.0,0.05,0.05
strategic_diversified_10,Strategic 10% diversified real-assets/defensive basket,strategic_equal,2024,26,0.7580487470955628,0.3663199533325017,1.7245993743654269,4.094972588936515,-0.10368363994016327,7.311170282341933,-0.08168525322425757,-0.08201470290209402,178982.12999633307,146,0.6101923076923076,0.05000000000000001,0.33980769230769226,0.031057692307692304,0.782653846153846,0.0001552884615384615,0.0,50.0,0.05,0.05
strategic_diversified_10,Strategic 10% diversified real-assets/defensive basket,strategic_equal,2025,25,1.5944383856485707,0.2979672810560273,3.394774104136167,10.799075518434252,-0.07940796756747903,20.079073101747053,-0.05937606867805034,-0.07940796756747907,257488.1831392108,43,0.5643,0.05000000000000001,0.38569999999999993,0.06269999999999999,1.5800399999999997,0.0003135,0.0,50.0,0.05,0.05
strategic_diversified_10,Strategic 10% diversified real-assets/defensive basket,strategic_equal,2026,11,0.6547970692488667,0.3257149355723557,1.70375621434112,4.166901450380149,-0.11297166448066076,5.796117745622481,-0.0767167827747691,-0.0767167827747691,124590.18090204545,74,0.42750000000000005,0.05,0.5225,0.0,0.0,0.0,0.0,50.0,0.05,0.05
regime_fixed_20,Risk-state 20% fixed defensive basket,regime_equal,overall,139,0.499387059462985,0.3514298344399502,1.3302187458518608,2.665782462765656,-0.49490463975119137,1.009057138187363,-0.10634126167555627,-0.2140050855670619,933937.7986401493,860,0.5341726618705037,0.04244604316546762,0.42338129496402876,0.03201438848920864,0.8067625899280576,0.00016007194244604318,0.0,50.0,0.05,0.05
regime_fixed_20,Risk-state 20% fixed defensive basket,regime_equal,development_2021_2023,77,0.14308321398574098,0.34710315556721427,0.554085978816154,0.9538335635273254,-0.49490463975119137,0.28911269463481837,-0.1222904934704487,-0.2140050855670619,150473.52289001746,860,0.49025974025974045,0.046428571428571416,0.46331168831168834,0.025324675324675326,0.6381818181818182,0.00012662337662337663,0.0,50.0,0.05,0.05
regime_fixed_20,Risk-state 20% fixed defensive basket,regime_equal,holdout_2024_2026,62,1.1001888940552025,0.347549769987421,2.328304017338596,5.9571363947058815,-0.1192590475924139,9.22520275203997,-0.08401662243623038,-0.0864552742721716,620665.8691195614,146,0.5887096774193551,0.037499999999999985,0.37379032258064515,0.04032258064516129,1.0161290322580645,0.00020161290322580645,0.0,50.0,0.05,0.05
regime_fixed_20,Risk-state 20% fixed defensive basket,regime_equal,2021,26,-0.1875672824501743,0.31558007937844446,-0.4922511497456974,-0.5830329170474761,-0.33675255191112674,-0.5569884515668813,-0.15491537063734584,-0.2140050855670619,80709.28736918911,331,0.5346153846153846,0.04230769230769231,0.4230769230769231,0.06346153846153847,1.5992307692307695,0.0003173076923076923,0.0,50.0,0.05,0.05
regime_fixed_20,Risk-state 20% fixed defensive basket,regime_equal,2022,26,-0.19242626994278744,0.29159160683333457,-0.5933189808521585,-0.9159748624165308,-0.2667765440900842,-0.7213013070512285,-0.08069143989456404,-0.08793977162331157,80211.30566660129,362,0.44999999999999996,0.05000000000000001,0.5,0.0,0.0,0.0,0.0,50.0,0.05,0.05
regime_fixed_20,Risk-state 20% fixed defensive basket,regime_equal,2023,25,1.3400837364459721,0.39439871048189074,2.367772767008989,7.812455362888165,-0.15974410153326135,8.388940333843529,-0.05424965682720309,-0.06662400360986771,232434.7140762887,128,0.486,0.047,0.46699999999999997,0.012000000000000002,0.30240000000000006,6.000000000000001e-05,0.0,50.0,0.05,0.05
regime_fixed_20,Risk-state 20% fixed defensive basket,regime_equal,2024,26,0.8029188955163797,0.3856862136308976,1.7215936340855185,4.094791155666259,-0.10970727285304271,7.318738991825289,-0.08578263426694477,-0.0864552742721716,183697.1500947091,146,0.6423076923076922,0.032692307692307694,0.32499999999999996,0.032692307692307694,0.8238461538461539,0.00016346153846153849,0.0,50.0,0.05,0.05
regime_fixed_20,Risk-state 20% fixed defensive basket,regime_equal,2025,25,1.7077233018177065,0.3140608921767276,3.375871660558564,10.737138613640056,-0.08366158931320977,20.412274208948897,-0.06257633230666139,-0.08366158931320963,268640.1461453094,43,0.594,0.037000000000000005,0.369,0.066,1.6632,0.00033,0.0,50.0,0.05,0.05
regime_fixed_20,Risk-state 20% fixed defensive basket,regime_equal,2026,11,0.6909824702107727,0.3428339723805784,1.6973216523141852,4.146898824363489,-0.11925904759241401,5.793962673358845,-0.08083963189782233,-0.08083963189782233,125772.16308171111,74,0.45,0.05,0.5,0.0,0.0,0.0,0.0,50.0,0.05,0.05
regime_trend_20,Risk-state 20% trend-confirmed diversifiers,regime_trend_long,overall,139,0.4942191353179053,0.35069738096387526,1.3222764828451652,2.650871864797691,-0.49381517936228647,1.0008180306570171,-0.10633318118586514,-0.2140050855670619,916319.8542087919,860,0.5341726618705037,0.035431654676258986,0.43039568345323737,0.054664799241440104,1.3775529408842906,0.00027332399620720057,0.0,50.0,0.05,0.05
regime_trend_20,Risk-state 20% trend-confirmed diversifiers,regime_trend_long,development_2021_2023,77,0.1385832688675117,0.3458934403770728,0.5434180538020116,0.9342702665738789,-0.49381517936228647,0.28063792823557654,-0.12240717107409738,-0.2140050855670619,148670.83161875553,860,0.49025974025974045,0.03376623376623376,0.47597402597402594,0.052957773790845,1.334535899529294,0.000264788868954225,0.0,50.0,0.05,0.05
regime_trend_20,Risk-state 20% trend-confirmed diversifiers,regime_trend_long,holdout_2024_2026,62,1.0942289161170216,0.34732508845306004,2.3211331442649716,5.953794473432786,-0.12118387006554909,9.029493079608255,-0.08377660194485098,-0.08635730998130918,616341.3792952736,146,0.5887096774193551,0.037499999999999985,0.37379032258064515,0.056784814720404996,1.4309773309542058,0.000283924073602025,0.0,50.0,0.05,0.05
regime_trend_20,Risk-state 20% trend-confirmed diversifiers,regime_trend_long,2021,26,-0.18860046220035742,0.3156392017662081,-0.49607937002249697,-0.5871130244255459,-0.3356991356204817,-0.561813964315881,-0.15491537063734584,-0.2140050855670619,80603.39222876682,331,0.5346153846153846,0.04230769230769231,0.4230769230769231,0.0833400247933293,2.1001686247918983,0.0004167001239666466,0.0,50.0,0.05,0.05
regime_trend_20,Risk-state 20% trend-confirmed diversifiers,regime_trend_long,2022,26,-0.1892311820456405,0.29037378462901,-0.5835268011931914,-0.9063344526586232,-0.2644014867238865,-0.7156963615838284,-0.07971383602327821,-0.08831859202368329,80538.74907936416,362,0.44999999999999996,0.02884615384615385,0.5211538461538462,0.017846708712667417,0.4497370595592189,8.92335435633371e-05,0.0,50.0,0.05,0.05
regime_trend_20,Risk-state 20% trend-confirmed diversifiers,regime_trend_long,2023,25,1.3054011833816817,0.39323427132011635,2.334474302189823,7.664128067732963,-0.16168592923100833,8.073684516582722,-0.055367890041604736,-0.06644891537126578,229016.92081412382,128,0.486,0.030000000000000006,0.484,0.057875740429565996,1.458468658825063,0.00028937870214782997,0.0,50.0,0.05,0.05
regime_trend_20,Risk-state 20% trend-confirmed diversifiers,regime_trend_long,2024,26,0.8013981506080587,0.3854888936402695,1.7200098062022866,4.101541931177563,-0.11002284866522727,7.283924751362493,-0.08560776666079248,-0.08635730998130918,183537.2864941474,146,0.6423076923076922,0.032692307692307694,0.32499999999999996,0.047783251519674295,1.2041379382957922,0.00023891625759837147,0.0,50.0,0.05,0.05
regime_trend_20,Risk-state 20% trend-confirmed diversifiers,regime_trend_long,2025,25,1.6919132044565255,0.3139399493390247,3.3576468974662106,10.665159524901373,-0.08348805068308163,20.26533366887415,-0.06266119414249621,-0.08348805068308163,267083.99876006326,43,0.594,0.037000000000000005,0.369,0.08266929071665344,2.0832661260596668,0.00041334645358326707,0.0,50.0,0.05,0.05
regime_trend_20,Risk-state 20% trend-confirmed diversifiers,regime_trend_long,2026,11,0.6897753119947156,0.3426435941716422,1.6959029217783035,4.174861615824881,-0.12118387006554898,5.691972963246781,-0.08040282377473736,-0.08040282377473736,125732.96280449622,74,0.45,0.05,0.5,0.019232882294294776,0.4846686338162283,9.616441147147385e-05,0.0,50.0,0.05,0.05
diversified_trend_overlay_20,Risk-state 20% diversified long/short trend overlay,regime_trend_long_short,overall,139,0.4914652174643743,0.3505999552455987,1.3172277769791378,2.6341082796159183,-0.49504274783780444,0.9927732900056496,-0.10675012251869889,-0.2140050855670619,907043.2104725816,860,0.5341726618705037,0.04172661870503596,0.4241007194244604,0.05671598207695003,1.4292427483391406,0.0002835799103847501,1.985315588650687e-06,50.0,0.05,0.05
diversified_trend_overlay_20,Risk-state 20% diversified long/short trend overlay,regime_trend_long_short,development_2021_2023,77,0.13695178292611732,0.34521894960457683,0.5396463342597245,0.9264564568155922,-0.49504274783780444,0.27664637755886917,-0.12222970469255331,-0.2140050855670619,148020.8594601595,860,0.49025974025974045,0.04512987012987012,0.4646103896103897,0.0542234397922971,1.366430682765887,0.0002711171989614855,2.826660411850003e-06,50.0,0.05,0.05
diversified_trend_overlay_20,Risk-state 20% diversified long/short trend overlay,regime_trend_long_short,holdout_2024_2026,62,1.089302911991651,0.3479585902210294,2.3106279867217983,5.880184022500384,-0.12066663354081786,9.027374677053313,-0.08475691797723725,-0.0885242310092768,612780.6673874346,146,0.5887096774193551,0.037499999999999985,0.37379032258064515,0.05981155878530933,1.5072512813897951,0.00029905779392654666,9.404195985483108e-07,50.0,0.05,0.05
diversified_trend_overlay_20,Risk-state 20% diversified long/short trend overlay,regime_trend_long_short,2021,26,-0.18883347039802456,0.3156879944939719,-0.4968862665098137,-0.5884142152825163,-0.3359019719511084,-0.5621683888938582,-0.15491537063734584,-0.2140050855670619,80579.51078429163,331,0.5346153846153846,0.04230769230769231,0.4230769230769231,0.0856720194411099,2.1589348899159693,0.0004283600972055495,2.104208301744138e-06,50.0,0.05,0.05
diversified_trend_overlay_20,Risk-state 20% diversified long/short trend overlay,regime_trend_long_short,2022,26,-0.19073889740356176,0.28854243532238133,-0.5952302344082494,-0.9178892352003165,-0.2670541041114054,-0.7142331627451505,-0.07887455594898449,-0.08822398059998504,80384.22819641745,362,0.44999999999999996,0.04807692307692309,0.5019230769230769,0.02392830289043704,0.6029932328390134,0.0001196415144521852,3.27277369162788e-06,50.0,0.05,0.05
diversified_trend_overlay_20,Risk-state 20% diversified long/short trend overlay,regime_trend_long_short,2023,25,1.300376214937756,0.3928075818908296,2.330776630264703,7.67793514605419,-0.15728810448775077,8.267479725645916,-0.05398816439095107,-0.06644891537126578,228521.70144194234,128,0.486,0.045,0.469,0.053023859335466224,1.3362012552537488,0.0002651192966773311,3.114052795391112e-06,50.0,0.05,0.05
diversified_trend_overlay_20,Risk-state 20% diversified long/short trend overlay,regime_trend_long_short,2024,26,0.7967305043372779,0.38665228050416767,1.7091432458639106,4.044344603448301,-0.11141858202603794,7.150786608925665,-0.08670374203865411,-0.0885242310092768,183046.64140063457,146,0.6423076923076922,0.032692307692307694,0.32499999999999996,0.04594462864291324,1.1578046418014136,0.0002297231432145662,5.656388151520551e-07,50.0,0.05,0.05
diversified_trend_overlay_20,Risk-state 20% diversified long/short trend overlay,regime_trend_long_short,2025,25,1.6839262698657995,0.31494598267636625,3.3381054168108406,10.480564478077527,-0.08492455478337102,19.82849688363073,-0.06347832689812555,-0.08492455478337095,266297.83769555873,43,0.594,0.037000000000000005,0.369,0.08945752539305561,2.2543296399050012,0.0004472876269652781,1.4796138738110224e-06,50.0,0.05,0.05
diversified_trend_overlay_20,Risk-state 20% diversified long/short trend overlay,regime_trend_long_short,2026,11,0.689120299544058,0.34114946367753024,1.7009759528667423,4.1665555590665795,-0.12066663354081786,5.7109432767174155,-0.08069563304826984,-0.08069563304826984,125711.68585677468,74,0.45,0.05,0.5,0.025210742286094965,0.6353107056095931,0.0001260537114304748,6.008235518878418e-07,50.0,0.05,0.05
strategic_gold_10,Strategic 10% gold,strategic_single,overall,139,0.4657178282588652,0.31745261482140397,1.3661024173269494,2.748565669770824,-0.45305241432019916,1.0279557365513003,-0.09609719802288574,-0.18965065833267464,823972.5760712,860,0.4807553956834534,0.09999999999999999,0.4192446043165468,0.029532374100719426,0.7442158273381295,0.00014766187050359712,0.0,50.0,0.1,0.1
strategic_gold_10,Strategic 10% gold,strategic_single,development_2021_2023,77,0.13681843972625285,0.31329540460415556,0.5618478498501234,0.9701182497470382,-0.45305241432019916,0.3019925187498396,-0.10991028751493308,-0.18965065833267464,147967.82116190562,860,0.44123376623376637,0.09999999999999996,0.4587662337662338,0.02409090909090909,0.607090909090909,0.00012045454545454546,0.0,50.0,0.1,0.1
strategic_gold_10,Strategic 10% gold,strategic_single,holdout_2024_2026,62,1.0095992159657707,0.3134331378720771,2.4045176699015363,6.16900416789132,-0.10866015138297469,9.29134740855845,-0.076161190467288,-0.07862957615631576,556859.3019759436,131,0.5298387096774196,0.09999999999999996,0.37016129032258077,0.036290322580645164,0.9145161290322581,0.0001814516129032258,0.0,50.0,0.1,0.1
strategic_gold_10,Strategic 10% gold,strategic_single,2021,26,-0.17341057964268625,0.28195604815754655,-0.5284195078803955,-0.6232640755409233,-0.3036917184926068,-0.5710085889184622,-0.13903243105458712,-0.18965065833267464,82160.69855193286,331,0.48115384615384615,0.10000000000000002,0.41884615384615376,0.06096153846153846,1.5362307692307693,0.0003048076923076923,0.0,50.0,0.1,0.1
strategic_gold_10,Strategic 10% gold,strategic_single,2022,26,-0.16856775985478756,0.2655397166116094,-0.5681003562692502,-0.8808932185864303,-0.2395290999438896,-0.7037464754565314,-0.07402092852928635,-0.07896265428819131,82657.38888341397,362,0.40499999999999997,0.10000000000000002,0.4949999999999999,0.0,0.0,0.0,0.0,50.0,0.1,0.1
strategic_gold_10,Strategic 10% gold,strategic_single,2023,25,1.1924376202846156,0.35556397969840314,2.4017985516675426,7.973301951302609,-0.14796038826170943,8.05916795903141,-0.048766162816539727,-0.059488610836492484,217882.06052993785,128,0.43740000000000007,0.10000000000000002,0.46259999999999996,0.0108,0.27216,5.4000000000000005e-05,0.0,50.0,0.1,0.1
strategic_gold_10,Strategic 10% gold,strategic_single,2024,26,0.7495502770161857,0.34563495232850855,1.7945760345905097,4.288316343764038,-0.0853269754537963,8.784446806298199,-0.07861727532645789,-0.07862957615631576,178089.52576977262,131,0.5780769230769232,0.10000000000000002,0.321923076923077,0.029423076923076923,0.7414615384615384,0.00014711538461538462,0.0,50.0,0.1,0.1
strategic_gold_10,Strategic 10% gold,strategic_single,2025,25,1.5722727199546118,0.2821861964316613,3.5391607784747108,11.306212716851196,-0.07580468544755226,20.7411020924615,-0.054981176542394906,-0.07580468544755214,255305.7097636776,43,0.5346,0.10000000000000002,0.3654,0.059399999999999994,1.4968799999999998,0.000297,0.0,50.0,0.1,0.1
strategic_gold_10,Strategic 10% gold,strategic_single,2026,11,0.5911337794230662,0.31489012144235395,1.6259960168176604,3.933899637068193,-0.1086601513829748,5.440207582074903,-0.07160552576868412,-0.07160552576868412,122474.75336673672,74,0.4050000000000001,0.1,0.49500000000000005,0.0,0.0,0.0,0.0,50.0,0.1,0.1
strategic_oil_10,Strategic 10% oil,strategic_single,overall,139,0.4883431705113521,0.31884147718741757,1.4103055480884197,2.822896897132573,-0.4200394654537236,1.1626125892333647,-0.0981792340520571,-0.19362128953919783,896619.6512467315,860,0.4807553956834534,0.09999999999999999,0.4192446043165468,0.029532374100719426,0.7442158273381295,0.00014766187050359712,0.0,50.0,0.1,0.1
strategic_oil_10,Strategic 10% oil,strategic_single,development_2021_2023,77,0.1649274724120371,0.3195414538566125,0.6338398289235919,1.0962283061332396,-0.4200394654537236,0.3926475628519421,-0.11343503789334788,-0.19362128953919783,159433.62971686464,860,0.44123376623376637,0.09999999999999996,0.4587662337662338,0.02409090909090909,0.607090909090909,0.00012045454545454546,0.0,50.0,0.1,0.1
strategic_oil_10,Strategic 10% oil,strategic_single,holdout_2024_2026,62,1.0176703881156182,0.30969558915581147,2.4429737956857545,6.284796650548194,-0.09634967543495421,10.562260677283223,-0.07534253792683435,-0.08080145473481483,562377.9956832336,146,0.5298387096774196,0.09999999999999996,0.37016129032258077,0.036290322580645164,0.9145161290322581,0.0001814516129032258,0.0,50.0,0.1,0.1
strategic_oil_10,Strategic 10% oil,strategic_single,2021,26,-0.12304752246245121,0.2968748555156092,-0.289080511563677,-0.3487991502282943,-0.3014075198276872,-0.40824304095928565,-0.14368618451901632,-0.19362128953919783,87330.46559213313,331,0.48115384615384615,0.10000000000000002,0.41884615384615376,0.06096153846153846,1.5362307692307693,0.0003048076923076923,0.0,50.0,0.1,0.1
strategic_oil_10,Strategic 10% oil,strategic_single,2022,26,-0.14791055699280953,0.2646275748397741,-0.47890850003407665,-0.7621865378883154,-0.24400662804572726,-0.6061743411539249,-0.06751669223672895,-0.06839412062437557,84777.0626520145,191,0.40499999999999997,0.10000000000000002,0.4949999999999999,0.0,0.0,0.0,0.0,50.0,0.1,0.1
strategic_oil_10,Strategic 10% oil,strategic_single,2023,25,1.1667104563059056,0.36509593158889503,2.314111255463046,7.2917686573240985,-0.13384003810898348,8.717200568606195,-0.052208417574112445,-0.060397190490641746,215345.4960095099,113,0.43740000000000007,0.10000000000000002,0.46259999999999996,0.0108,0.27216,5.4000000000000005e-05,0.0,50.0,0.1,0.1
strategic_oil_10,Strategic 10% oil,strategic_single,2024,26,0.7350458365079724,0.344319185620269,1.7754415427029235,4.245715303278838,-0.09634967543495421,7.628939414582697,-0.07678645895759782,-0.08080145473481483,176566.42572557987,146,0.5780769230769232,0.10000000000000002,0.321923076923077,0.029423076923076923,0.7414615384615384,0.00014711538461538462,0.0,50.0,0.1,0.1
strategic_oil_10,Strategic 10% oil,strategic_single,2025,25,1.4296594893845884,0.28914745944911324,3.2549387146699935,10.0948700486273,-0.07994156887581239,17.88380575324379,-0.06054988064147393,-0.07994156887581252,241260.11381491637,43,0.5346,0.10000000000000002,0.3654,0.059399999999999994,1.4968799999999998,0.000297,0.0,50.0,0.1,0.1
strategic_oil_10,Strategic 10% oil,strategic_single,2026,11,0.8895702914992143,0.28671401764362003,2.373170652574582,5.985009889771542,-0.06785566491632922,13.109742459912768,-0.0678556649163292,-0.0678556649163292,132018.460989085,74,0.4050000000000001,0.1,0.49500000000000005,0.0,0.0,0.0,0.0,50.0,0.1,0.1
strategic_diversified_10,Strategic 10% diversified real-assets/defensive basket,strategic_equal,overall,139,0.45629412246367496,0.31705459159975163,1.3468032779626358,2.6966646082355084,-0.4521839003246393,1.0090897135791097,-0.0960433644850435,-0.19180769210361792,795172.381611056,860,0.4807553956834534,0.09999999999999999,0.4192446043165468,0.029532374100719426,0.7442158273381295,0.00014766187050359712,0.0,50.0,0.1,0.1
strategic_diversified_10,Strategic 10% diversified real-assets/defensive basket,strategic_equal,development_2021_2023,77,0.13665440756994163,0.3138408960040849,0.5610522209295316,0.9660516963589694,-0.4521839003246393,0.30220980329426245,-0.11038417746419045,-0.19180769210361792,147902.59363073125,860,0.44123376623376637,0.09999999999999996,0.4587662337662338,0.02409090909090909,0.607090909090909,0.00012045454545454546,0.0,50.0,0.1,0.1
strategic_diversified_10,Strategic 10% diversified real-assets/defensive basket,strategic_equal,holdout_2024_2026,62,0.9811027859117658,0.3124524650451335,2.3640326580666517,6.040171177239293,-0.10320241561402899,9.50658741924252,-0.0757746174968483,-0.07818844178141435,537632.4796550662,146,0.5298387096774196,0.09999999999999996,0.37016129032258077,0.036290322580645164,0.9145161290322581,0.0001814516129032258,0.0,50.0,0.1,0.1
strategic_diversified_10,Strategic 10% diversified real-assets/defensive basket,strategic_equal,2021,26,-0.16186577994652707,0.28455528730924295,-0.4724207918098267,-0.5599627986767005,-0.304588884613045,-0.5314237916205122,-0.14002302025868785,-0.19180769210361792,83344.91020248402,331,0.48115384615384615,0.10000000000000002,0.41884615384615376,0.06096153846153846,1.5362307692307693,0.0003048076923076923,0.0,50.0,0.1,0.1
strategic_diversified_10,Strategic 10% diversified real-assets/defensive basket,strategic_equal,2022,26,-0.1733552061819622,0.2643444333632538,-0.5934530901226153,-0.9175384980791993,-0.24477643770826674,-0.7082185189269447,-0.07360575966449309,-0.07861090067121229,82166.3772557325,362,0.40499999999999997,0.10000000000000002,0.4949999999999999,0.0,0.0,0.0,0.0,50.0,0.1,0.1
strategic_diversified_10,Strategic 10% diversified real-assets/defensive basket,strategic_equal,2023,25,1.1730903748976562,0.35685668451297997,2.3687043330456605,7.721765107527352,-0.14758133665834916,7.948771853268688,-0.04936635782315134,-0.06050204438452236,215974.5449701295,128,0.43740000000000007,0.10000000000000002,0.46259999999999996,0.0108,0.27216,5.4000000000000005e-05,0.0,50.0,0.1,0.1
strategic_diversified_10,Strategic 10% diversified real-assets/defensive basket,strategic_equal,2024,26,0.7191084331615112,0.3466217011715308,1.7385240521451275,4.125877709604345,-0.09485224595622033,7.581353777257108,-0.07775258839287687,-0.07818844178141435,174893.31751811772,146,0.5780769230769232,0.10000000000000002,0.321923076923077,0.029423076923076923,0.7414615384615384,0.00014711538461538462,0.0,50.0,0.1,0.1
strategic_diversified_10,Strategic 10% diversified real-assets/defensive basket,strategic_equal,2025,25,1.5005954721182686,0.2819382056847413,3.437815796334776,10.941167349964726,-0.07526166475278895,19.938377353826226,-0.0562164568709802,-0.07526166475278895,248247.20387509975,43,0.5346,0.10000000000000002,0.3654,0.059399999999999994,1.4968799999999998,0.000297,0.0,50.0,0.1,0.1
strategic_diversified_10,Strategic 10% diversified real-assets/defensive basket,strategic_equal,2026,11,0.6317751576284216,0.3088778290695977,1.7356114447115039,4.233952773713544,-0.10320241561402921,6.121709011068331,-0.07233162844885054,-0.07233162844885054,123830.58259530422,74,0.4050000000000001,0.1,0.49500000000000005,0.0,0.0,0.0,0.0,50.0,0.1,0.1
regime_fixed_20,Risk-state 20% fixed defensive basket,regime_equal,overall,139,0.5020729643194661,0.3521379582108022,1.3334363571286367,2.6682003271162746,-0.4951403569443512,1.0140012973652521,-0.1064128344876925,-0.2140050855670619,943203.233614444,860,0.5341726618705037,0.08489208633093524,0.38093525179856125,0.03201438848920864,0.8067625899280576,0.00016007194244604318,0.0,50.0,0.1,0.1
regime_fixed_20,Risk-state 20% fixed defensive basket,regime_equal,development_2021_2023,77,0.14199820844768363,0.3482899492336699,0.5506418652376315,0.9463992606058619,-0.4951403569443512,0.2867837502157854,-0.12230655805327376,-0.2140050855670619,150037.52876622617,860,0.49025974025974045,0.09285714285714283,0.41688311688311697,0.025324675324675326,0.6381818181818182,0.00012662337662337663,0.0,50.0,0.1,0.1
regime_fixed_20,Risk-state 20% fixed defensive basket,regime_equal,holdout_2024_2026,62,1.1111211363829816,0.3474582306959722,2.3442433089106283,5.999645471309102,-0.11585003388658766,9.5910298780812,-0.08406023397392737,-0.08619787774449453,628644.8739662003,146,0.5887096774193551,0.07499999999999997,0.3362903225806451,0.04032258064516129,1.0161290322580645,0.00020161290322580645,0.0,50.0,0.1,0.1
regime_fixed_20,Risk-state 20% fixed defensive basket,regime_equal,2021,26,-0.1860407815857732,0.316388575656477,-0.48429566684500874,-0.5739141231118718,-0.3372936026317306,-0.5515692563813589,-0.15491537063734584,-0.2140050855670619,80865.7529851964,331,0.5346153846153846,0.08461538461538462,0.3807692307692307,0.06346153846153847,1.5992307692307695,0.0003173076923076923,0.0,50.0,0.1,0.1
regime_fixed_20,Risk-state 20% fixed defensive basket,regime_equal,2022,26,-0.19468999837734213,0.2933444699018244,-0.597656940895733,-0.923007728800947,-0.2691573818590586,-0.7233314465783053,-0.0816103574050103,-0.0874435785012607,79979.33600207549,362,0.44999999999999996,0.10000000000000002,0.44999999999999996,0.0,0.0,0.0,0.0,50.0,0.1,0.1
regime_fixed_20,Risk-state 20% fixed defensive basket,regime_equal,2023,25,1.3355067835887797,0.39578240483824034,2.3557856195309532,7.657118110383182,-0.16328569785658797,8.178957502828819,-0.05492832446385435,-0.06729909184846966,231983.70127155233,128,0.486,0.094,0.42,0.012000000000000002,0.30240000000000006,6.000000000000001e-05,0.0,50.0,0.1,0.1
regime_fixed_20,Risk-state 20% fixed defensive basket,regime_equal,2024,26,0.8086002248152278,0.3853193353700564,1.731264535310416,4.122906475689626,-0.1069526518382562,7.560356951579552,-0.08594735047825122,-0.08619787774449453,184294.42009034482,146,0.6423076923076922,0.06538461538461539,0.2923076923076923,0.032692307692307694,0.8238461538461539,0.00016346153846153849,0.0,50.0,0.1,0.1
regime_fixed_20,Risk-state 20% fixed defensive basket,regime_equal,2025,25,1.724420822046103,0.31410894199740713,3.3957865773291793,10.80298701741207,-0.0837689082442501,20.5854517886052,-0.0626169841282023,-0.08376890824425007,270283.56200257357,43,0.594,0.07400000000000001,0.332,0.066,1.6632,0.00033,0.0,50.0,0.1,0.1
regime_fixed_20,Risk-state 20% fixed defensive basket,regime_equal,2026,11,0.7043168367402617,0.343096036940375,1.7196737630170116,4.1876520309296845,-0.11585003388658788,6.079556588043445,-0.08057732669495696,-0.08057732669495696,126204.1274793043,74,0.45,0.1,0.4500000000000001,0.0,0.0,0.0,0.0,50.0,0.1,0.1
regime_trend_20,Risk-state 20% trend-confirmed diversifiers,regime_trend_long,overall,139,0.49170600906202266,0.35073212339528775,1.3173422593036106,2.6376361950926435,-0.4929880527595165,0.9973994426633311,-0.10639667350831027,-0.2140050855670619,907851.2428291354,860,0.5341726618705037,0.07086330935251797,0.39496402877697845,0.07731520999367156,1.9483432918405232,0.0003865760499683578,0.0,50.0,0.1,0.1
regime_trend_20,Risk-state 20% trend-confirmed diversifiers,regime_trend_long,development_2021_2023,77,0.1329774224623812,0.3459932310992784,0.5290927908844879,0.9069932610500949,-0.4929880527595165,0.26973761680031755,-0.12253991326057113,-0.2140050855670619,146445.50920799247,860,0.49025974025974045,0.06753246753246751,0.44220779220779244,0.08059087225701465,2.0308899808767693,0.00040295436128507333,0.0,50.0,0.1,0.1
regime_trend_20,Risk-state 20% trend-confirmed diversifiers,regime_trend_long,holdout_2024_2026,62,1.0991685725220517,0.34699190726928003,2.3300230161281985,5.993049832078821,-0.11970334084393697,9.182438558294633,-0.08358019299116859,-0.08600194916276968,619924.2624365761,146,0.5887096774193551,0.07499999999999997,0.3362903225806451,0.07324704879564868,1.8458256296503468,0.0003662352439782434,0.0,50.0,0.1,0.1
regime_trend_20,Risk-state 20% trend-confirmed diversifiers,regime_trend_long,2021,26,-0.18811364354271842,0.31651926104059297,-0.4919147562433521,-0.582025267660511,-0.33518686939219633,-0.5612202049675458,-0.15491537063734584,-0.2140050855670619,80653.28788288769,331,0.5346153846153846,0.08461538461538462,0.3807692307692307,0.10321851112512014,2.6011064803530273,0.0005160925556256008,0.0,50.0,0.1,0.1
regime_trend_20,Risk-state 20% trend-confirmed diversifiers,regime_trend_long,2022,26,-0.1883443452748894,0.2910913709069298,-0.5777823622639718,-0.9030491739524541,-0.2644014867238864,-0.7123422322945437,-0.07965514966243864,-0.08820121930200416,80629.64238099741,362,0.44999999999999996,0.0576923076923077,0.49230769230769234,0.03569341742533483,0.8994741191184377,0.00017846708712667417,0.0,50.0,0.1,0.1
regime_trend_20,Risk-state 20% trend-confirmed diversifiers,regime_trend_long,2023,25,1.2666252502450681,0.3936218226740119,2.288176102361477,7.361521257476869,-0.16716103892780532,7.577275532440948,-0.05716479089265762,-0.06694891537126578,225195.26178747893,128,0.486,0.06000000000000001,0.45400000000000007,0.10375148085913195,2.614537317650125,0.0005187574042956598,0.0,50.0,0.1,0.1
regime_trend_20,Risk-state 20% trend-confirmed diversifiers,regime_trend_long,2024,26,0.8055474655014387,0.38492706605350263,1.7280915086567799,4.136065687727193,-0.10759017231982204,7.487184453119679,-0.08559761526594664,-0.08600194916276968,183973.48046920326,146,0.6423076923076922,0.06538461538461539,0.2923076923076923,0.06287419534704089,1.5844297227454305,0.00031437097673520445,0.0,50.0,0.1,0.1
regime_trend_20,Risk-state 20% trend-confirmed diversifiers,regime_trend_long,2025,25,1.692712334773899,0.31385347614421955,3.359489289737242,10.658525765709184,-0.08342183098399392,20.29099954781235,-0.06278670779987194,-0.08342183098399406,267162.6568471776,43,0.594,0.07400000000000001,0.332,0.09933858143330682,2.5033322521193315,0.0004966929071665341,0.0,50.0,0.1,0.1
regime_trend_20,Risk-state 20% trend-confirmed diversifiers,regime_trend_long,2026,11,0.7019279669154399,0.3426326298500364,1.7172758741826295,4.246032921975909,-0.11970334084393686,5.863896211807305,-0.07970371044878702,-0.07970371044878702,126126.88086513273,74,0.45,0.1,0.4500000000000001,0.03846576458858955,0.9693372676324566,0.0001923288229429477,0.0,50.0,0.1,0.1
diversified_trend_overlay_20,Risk-state 20% diversified long/short trend overlay,regime_trend_long_short,overall,139,0.48623839979820627,0.3504878606583703,1.3074245921372958,2.605028280808383,-0.4954141583463816,0.9814786105855299,-0.10723055617397781,-0.2140050855670619,889647.9693659475,1003,0.5341726618705037,0.08345323741007192,0.3823741007194246,0.08141757566469143,2.051722906750224,0.00040708787832345714,3.970631177301374e-06,50.0,0.1,0.1
diversified_trend_overlay_20,Risk-state 20% diversified long/short trend overlay,regime_trend_long_short,development_2021_2023,77,0.12977090775544542,0.34454488333741,0.521631096319251,0.8917068360542301,-0.4954141583463816,0.2619442855420227,-0.12218498049748303,-0.2140050855670619,145182.76793357858,1003,0.49025974025974045,0.09025974025974023,0.4194805194805196,0.08312220425991884,2.094679547349955,0.0004156110212995944,5.653320823700006e-06,50.0,0.1,0.1
diversified_trend_overlay_20,Risk-state 20% diversified long/short trend overlay,regime_trend_long_short,holdout_2024_2026,62,1.0892991273572692,0.3482682945766479,2.3089362630863683,5.846164148110989,-0.11866804625211647,9.179380311385563,-0.08554082505594113,-0.09033579121870491,612777.9364097561,146,0.5887096774193551,0.07499999999999997,0.3362903225806451,0.07930053692545735,1.9983735305215253,0.0003965026846272869,1.8808391970966215e-06,50.0,0.1,0.1
diversified_trend_overlay_20,Risk-state 20% diversified long/short trend overlay,regime_trend_long_short,2021,26,-0.18857989516923945,0.3166184202464777,-0.49352264539270546,-0.5846450520420479,-0.33559222179066284,-0.561931662667893,-0.15491537063734584,-0.2140050855670619,80605.50019257789,331,0.5346153846153846,0.08461538461538462,0.3807692307692307,0.10788250042068136,2.71863901060117,0.0005394125021034067,4.208416603488276e-06,50.0,0.1,0.1
diversified_trend_overlay_20,Risk-state 20% diversified long/short trend overlay,regime_trend_long_short,2022,26,-0.19131455746796866,0.2872222131230753,-0.6016388825773011,-0.9270655699176125,-0.26971306966121433,-0.7093262395785204,-0.0779765895138512,-0.08801199645460764,80325.23306346594,362,0.44999999999999996,0.09615384615384617,0.4538461538461539,0.04785660578087406,1.2059864656780264,0.00023928302890437034,6.54554738325576e-06,50.0,0.1,0.1
diversified_trend_overlay_20,Risk-state 20% diversified long/short trend overlay,regime_trend_long_short,2023,25,1.2568567174084921,0.3926459097759565,2.2813911658250454,7.389686685836167,-0.15837899759802565,7.935753707688323,-0.05475372184715515,-0.06694891537126578,224232.41813280463,128,0.486,0.09,0.424,0.09404771867093244,2.3700025105074976,0.00047023859335466216,6.228105590782224e-06,50.0,0.1,0.1
diversified_trend_overlay_20,Risk-state 20% diversified long/short trend overlay,regime_trend_long_short,2024,26,0.7962060103057684,0.3872499582707572,1.706360693249451,4.022054264573878,-0.11038077269750479,7.2132672280501895,-0.0877895660216699,-0.09033579121870491,182991.51112438375,146,0.6423076923076922,0.06538461538461539,0.2923076923076923,0.059196949593518775,1.4917631297566731,0.0002959847479675939,1.1312776303041103e-06,50.0,0.1,0.1
diversified_trend_overlay_20,Risk-state 20% diversified long/short trend overlay,regime_trend_long_short,2025,25,1.6767357381134866,0.3158899815009218,3.3202514826260168,10.29608919978165,-0.0862948391845727,19.43031302865263,-0.06442097331113063,-0.0862948391845727,265590.0513884911,43,0.594,0.07400000000000001,0.332,0.11291505078611118,2.845459279810002,0.0005645752539305559,2.959227747622045e-06,50.0,0.1,0.1
diversified_trend_overlay_20,Risk-state 20% diversified long/short trend overlay,regime_trend_long_short,2026,11,0.7006062241301183,0.3396434501675676,1.7276596141890286,4.228733245241442,-0.11866804625211647,5.903916397524939,-0.08028932899585199,-0.08028932899585199,126084.11466844831,74,0.45,0.1,0.4500000000000001,0.05042148457218993,1.2706214112191863,0.0002521074228609496,1.2016471037756837e-06,50.0,0.1,0.1
strategic_gold_10,Strategic 10% gold,strategic_single,overall,139,0.44978546893819926,0.30113426077856487,1.3874455870256384,2.7936174236160523,-0.431416788051575,1.0425775755495827,-0.0910109526026186,-0.17747344471548096,775766.3917151234,860,0.45404676258992804,0.15000000000000002,0.3959532374100718,0.028291366906474814,0.7129424460431653,0.00014145683453237407,0.0,50.0,0.15,0.15
strategic_gold_10,Strategic 10% gold,strategic_single,development_2021_2023,77,0.13263195353033685,0.29726795252039284,0.5638113516383656,0.9738387752166597,-0.431416788051575,0.30743345461670113,-0.1037282168285878,-0.17747344471548096,146309.10810759224,860,0.4167207792207792,0.15000000000000002,0.43327922077922065,0.02347402597402597,0.5915454545454544,0.00011737012987012985,0.0,50.0,0.15,0.15
strategic_gold_10,Strategic 10% gold,strategic_single,holdout_2024_2026,62,0.9699616518931053,0.2966827745159878,2.4556365607621147,6.303066547639138,-0.1016245555973262,9.544559837845192,-0.07225528025166532,-0.07568278157875967,530224.2640592435,131,0.5004032258064516,0.15000000000000005,0.34959677419354845,0.03427419354838709,0.8637096774193546,0.00017137096774193548,0.0,50.0,0.15,0.15
strategic_gold_10,Strategic 10% gold,strategic_single,2021,26,-0.1659363604702897,0.26584021094834803,-0.544517945590494,-0.6411076499158765,-0.2871127089987833,-0.5779485033906768,-0.13109096126320777,-0.17747344471548096,82927.30958344645,331,0.454423076923077,0.14999999999999997,0.39557692307692294,0.059711538461538455,1.504730769230769,0.00029855769230769226,0.0,50.0,0.15,0.15
strategic_gold_10,Strategic 10% gold,strategic_single,2022,26,-0.15780362370155954,0.2537048579122195,-0.5554984513875706,-0.8625712581457782,-0.22685355881313884,-0.6956189029044225,-0.07114513160187061,-0.07422599905960572,83761.71076720006,362,0.3825,0.14999999999999997,0.4674999999999999,0.0,0.0,0.0,0.0,50.0,0.15,0.15
strategic_gold_10,Strategic 10% gold,strategic_single,2023,25,1.1189293385296493,0.3371151184805581,2.412624814132246,7.957087480292042,-0.14382476518490073,7.7798099450477585,-0.04753273940884965,-0.05625845856910583,210633.88991639114,128,0.41309999999999997,0.15,0.43689999999999996,0.010199999999999996,0.2570399999999999,5.099999999999998e-05,0.0,50.0,0.15,0.15
strategic_gold_10,Strategic 10% gold,strategic_single,2024,26,0.7251950180075626,0.32564913233711895,1.8423271047857654,4.413230298562863,-0.07455112634497563,9.727485734445072,-0.07511695396186768,-0.07568278157875967,175532.2291739431,131,0.5459615384615385,0.14999999999999997,0.3040384615384615,0.027788461538461533,0.7002692307692306,0.00013894230769230767,0.0,50.0,0.15,0.15
strategic_gold_10,Strategic 10% gold,strategic_single,2025,25,1.5138645970091864,0.26658433733294895,3.642928487886796,11.659727803487122,-0.07192989298024366,21.046390232013636,-0.051203924571032115,-0.0719298929802436,249554.01717533334,43,0.5049,0.15,0.3450999999999999,0.0561,1.4137199999999999,0.00028049999999999993,0.0,50.0,0.15,0.15
strategic_gold_10,Strategic 10% gold,strategic_single,2026,11,0.5488301532359416,0.3017104043894644,1.594649106531926,3.8211111690748933,-0.10162455559732608,5.40056632976196,-0.06685732010268232,-0.06685732010268232,121042.5779074187,74,0.38249999999999995,0.14999999999999997,0.4675,0.0,0.0,0.0,0.0,50.0,0.15,0.15
strategic_oil_10,Strategic 10% oil,strategic_single,overall,139,0.4829804139139411,0.30449655110560836,1.4509001144055085,2.8933703407216673,-0.3795240117056806,1.2725951429088773,-0.09506745412845917,-0.1834293915252658,878944.0265361955,829,0.45404676258992804,0.15000000000000002,0.3959532374100718,0.028291366906474814,0.7129424460431653,0.00014145683453237407,0.0,50.0,0.15,0.15
strategic_oil_10,Strategic 10% oil,strategic_single,development_2021_2023,77,0.17462672199727414,0.30781813573885386,0.6736889368590555,1.1632400413847508,-0.3795240117056806,0.46012035236573245,-0.11064887548985623,-0.1834293915252658,163524.54751783257,829,0.4167207792207792,0.15000000000000002,0.43327922077922065,0.02347402597402597,0.5915454545454544,0.00011737012987012985,0.0,50.0,0.15,0.15
strategic_oil_10,Strategic 10% oil,strategic_single,holdout_2024_2026,62,0.9809039726822082,0.2924600306578581,2.5060829758605903,6.478178404757803,-0.08826134694039645,11.11363022076493,-0.07102730144098482,-0.07813521812263419,537499.7453763603,131,0.5004032258064516,0.15000000000000005,0.34959677419354845,0.03427419354838709,0.8637096774193546,0.00017137096774193548,0.0,50.0,0.15,0.15
strategic_oil_10,Strategic 10% oil,strategic_single,2021,26,-0.08857581896066247,0.28904850901825707,-0.17297876411145813,-0.21102615428860155,-0.28354247687728507,-0.3123899457187763,-0.13807159145985157,-0.1834293915252658,90874.4580542839,331,0.454423076923077,0.14999999999999997,0.39557692307692294,0.059711538461538455,1.504730769230769,0.00029855769230769226,0.0,50.0,0.15,0.15
strategic_oil_10,Strategic 10% oil,strategic_single,2022,26,-0.1266623893033454,0.25416733002897024,-0.4121357243396416,-0.6632036875206879,-0.23368272355643094,-0.5420271870152108,-0.06378701592084865,-0.06440435576218691,86959.078869966,191,0.3825,0.14999999999999997,0.4674999999999999,0.0,0.0,0.0,0.0,50.0,0.15,0.15
strategic_oil_10,Strategic 10% oil,strategic_single,2023,25,1.0813868239874052,0.35240441317761667,2.269130578071323,6.867779064210874,-0.12416015197810215,8.709612599202737,-0.05295301511431029,-0.05762132805032973,206931.3025378424,113,0.41309999999999997,0.15,0.43689999999999996,0.010199999999999996,0.2570399999999999,5.099999999999998e-05,0.0,50.0,0.15,0.15
strategic_oil_10,Strategic 10% oil,strategic_single,2024,26,0.7036546469062068,0.3237661683404422,1.8115784056823936,4.3439408569926545,-0.08826134694039645,7.972398692050215,-0.07237072940857758,-0.07784584670229792,173271.44954000512,131,0.5459615384615385,0.14999999999999997,0.3040384615384615,0.027788461538461533,0.7002692307692306,0.00013894230769230767,0.0,50.0,0.15,0.15
strategic_oil_10,Strategic 10% oil,strategic_single,2025,25,1.3072286987724606,0.2777979188882096,3.185157370843857,9.72538862240732,-0.07813521812263424,16.730339150275977,-0.059556980719650654,-0.07813521812263419,229197.02350628737,43,0.5049,0.15,0.3450999999999999,0.0561,1.4137199999999999,0.00028049999999999993,0.0,50.0,0.15,0.15
strategic_oil_10,Strategic 10% oil,strategic_single,2026,11,1.0004251976201703,0.2645310005919292,2.773735550384756,7.249948293876718,-0.06123252882414998,16.338132963497742,-0.06123252882414995,-0.06123252882414995,135345.0201069396,46,0.38249999999999995,0.14999999999999997,0.4675,0.0,0.0,0.0,0.0,50.0,0.15,0.15
strategic_diversified_10,Strategic 10% diversified real-assets/defensive basket,strategic_equal,overall,139,0.43589364488455273,0.3003309120912165,1.3578804343777997,2.7142338512451873,-0.4300091047000657,1.0136846874174712,-0.09093020229585523,-0.18070899537189591,735641.9854570389,860,0.45404676258992804,0.15000000000000002,0.3959532374100718,0.028291366906474814,0.7129424460431653,0.00014145683453237407,0.0,50.0,0.15,0.15
strategic_diversified_10,Strategic 10% diversified real-assets/defensive basket,strategic_equal,development_2021_2023,77,0.13246038261085857,0.29792541837726794,0.5628530134753417,0.9680542413990619,-0.4300091047000657,0.30804087904894617,-0.10443905175247387,-0.18070899537189591,146241.39873331026,860,0.4167207792207792,0.15000000000000002,0.43327922077922065,0.02347402597402597,0.5915454545454544,0.00011737012987012985,0.0,50.0,0.15,0.15
strategic_diversified_10,Strategic 10% diversified real-assets/defensive basket,strategic_equal,holdout_2024_2026,62,0.9282569137026266,0.2949491721514349,2.393746463402013,6.111417484629053,-0.09335545308131998,9.943253265495283,-0.07167542079600575,-0.07502108001640755,503032.65137567185,146,0.5004032258064516,0.15000000000000005,0.34959677419354845,0.03427419354838709,0.8637096774193546,0.00017137096774193548,0.0,50.0,0.15,0.15
strategic_diversified_10,Strategic 10% diversified real-assets/defensive basket,strategic_equal,2021,26,-0.1483035295171018,0.2695381900814758,-0.4560129396998403,-0.5409415884585829,-0.2884541167711425,-0.5141321301881948,-0.13257684506935885,-0.18070899537189591,84736.72366440037,331,0.454423076923077,0.14999999999999997,0.39557692307692294,0.059711538461538455,1.504730769230769,0.00029855769230769226,0.0,50.0,0.15,0.15
strategic_diversified_10,Strategic 10% diversified real-assets/defensive basket,strategic_equal,2022,26,-0.16505506642371137,0.25179226395704396,-0.5955976294152215,-0.9211897874454628,-0.23481390738203667,-0.7029186144207834,-0.07052237830468072,-0.0736983686341372,83017.71601174732,362,0.3825,0.14999999999999997,0.4674999999999999,0.0,0.0,0.0,0.0,50.0,0.15,0.15
strategic_diversified_10,Strategic 10% diversified real-assets/defensive basket,strategic_equal,2023,25,1.0910793169142092,0.33888566988273,2.361488715260241,7.575154455281251,-0.14325107717454733,7.6165522691655605,-0.048377005461654105,-0.057778608891150655,207887.26389726085,128,0.41309999999999997,0.15,0.43689999999999996,0.010199999999999996,0.2570399999999999,5.099999999999998e-05,0.0,50.0,0.15,0.15
strategic_diversified_10,Strategic 10% diversified real-assets/defensive basket,strategic_equal,2024,26,0.6804343349989903,0.3269926043846057,1.7537557698247663,4.159267586797414,-0.08596213321746182,7.915512441712778,-0.07381992356149614,-0.07502108001640755,170835.36744865138,146,0.5459615384615385,0.14999999999999997,0.3040384615384615,0.027788461538461533,0.7002692307692306,0.00013894230769230767,0.0,50.0,0.15,0.15
strategic_diversified_10,Strategic 10% diversified real-assets/defensive basket,strategic_equal,2025,25,1.409513280214734,0.26596143516451276,3.4853610411762257,11.098419019822751,-0.07111536193809875,19.82009571211383,-0.05305684506391006,-0.07111536193809882,239275.44862643836,43,0.5049,0.15,0.3450999999999999,0.0561,1.4137199999999999,0.00028049999999999993,0.0,50.0,0.15,0.15
strategic_diversified_10,Strategic 10% diversified real-assets/defensive basket,strategic_equal,2026,11,0.6086342112155709,0.29220266682954704,1.770158193040329,4.30464272059361,-0.09335545308131998,6.519535722090089,-0.06794647412293195,-0.06794647412293195,123060.94628797179,74,0.38249999999999995,0.14999999999999997,0.4675,0.0,0.0,0.0,0.0,50.0,0.15,0.15
regime_fixed_20,Risk-state 20% fixed defensive basket,regime_equal,overall,139,0.5047309066350896,0.35290659815026065,1.336411847369905,2.669694653933557,-0.49540480498461237,1.0188252143633667,-0.10648440729982873,-0.2140050855670619,952446.1579411451,860,0.5341726618705037,0.12733812949640289,0.3384892086330935,0.03201438848920864,0.8067625899280576,0.00016007194244604318,0.0,50.0,0.15,0.15
regime_fixed_20,Risk-state 20% fixed defensive basket,regime_equal,development_2021_2023,77,0.1408824071696706,0.34955222996014407,0.5471029691278629,0.9386805462140413,-0.49540480498461237,0.28437836240616704,-0.12232262263609882,-0.2140050855670619,149590.0470133088,860,0.49025974025974045,0.13928571428571426,0.37045454545454537,0.025324675324675326,0.6381818181818182,0.00012662337662337663,0.0,50.0,0.15,0.15
regime_fixed_20,Risk-state 20% fixed defensive basket,regime_equal,holdout_2024_2026,62,1.1220801808820395,0.34740711072969704,2.359916403153277,6.04099784399088,-0.11243661163794927,9.9796691178776,-0.08410384551162436,-0.0862836521622979,636704.230634012,146,0.5887096774193551,0.11250000000000003,0.29879032258064503,0.04032258064516129,1.0161290322580645,0.00020161290322580645,0.0,50.0,0.15,0.15
regime_fixed_20,Risk-state 20% fixed defensive basket,regime_equal,2021,26,-0.1845214679717191,0.3172348539879158,-0.47632400301850253,-0.5647935092728952,-0.33783512487640077,-0.5461879312852016,-0.15491537063734584,-0.2140050855670619,81021.49116149268,331,0.5346153846153846,0.12692307692307692,0.3384615384615385,0.06346153846153847,1.5992307692307695,0.0003173076923076923,0.0,50.0,0.15,0.15
regime_fixed_20,Risk-state 20% fixed defensive basket,regime_equal,2022,26,-0.19698222863238202,0.2952311694231999,-0.6016704888445745,-0.9291610154942805,-0.2715439138343402,-0.7254157379220595,-0.08252927491545654,-0.0869473853792098,79744.4667803339,362,0.44999999999999996,0.14999999999999997,0.4000000000000001,0.0,0.0,0.0,0.0,50.0,0.15,0.15
regime_fixed_20,Risk-state 20% fixed defensive basket,regime_equal,2023,25,1.3308736033176212,0.39723685444899326,2.343464507671097,7.50366369470976,-0.16682179637134598,7.977816042425843,-0.05638073651471126,-0.0679741800870716,231527.1406743543,128,0.486,0.141,0.3730000000000001,0.012000000000000002,0.30240000000000006,6.000000000000001e-05,0.0,50.0,0.15,0.15
regime_fixed_20,Risk-state 20% fixed defensive basket,regime_equal,2024,26,0.8142832700285896,0.3849762086894704,1.740846459917739,4.150680417948019,-0.10419264312001764,7.815170492321912,-0.08611206668955768,-0.0862836521622979,184891.9300694075,146,0.6423076923076922,0.09807692307692308,0.25961538461538464,0.032692307692307694,0.8238461538461539,0.00016346153846153849,0.0,50.0,0.15,0.15
regime_fixed_20,Risk-state 20% fixed defensive basket,regime_equal,2025,25,1.7411961359811814,0.3141847889443451,3.4153932025928198,10.867663583332337,-0.08387622717529042,20.75911369192021,-0.06265763594974319,-0.08387622717529052,271934.554034815,43,0.594,0.111,0.29500000000000004,0.066,1.6632,0.00033,0.0,50.0,0.15,0.15
regime_fixed_20,Risk-state 20% fixed defensive basket,regime_equal,2026,11,0.7176910823764437,0.34347604025987005,1.7413936090563447,4.225802064314619,-0.11243661163794916,6.383072843634248,-0.08031502149209159,-0.08031502149209159,126635.47501206909,74,0.45,0.14999999999999997,0.4,0.0,0.0,0.0,0.0,50.0,0.15,0.15
regime_trend_20,Risk-state 20% trend-confirmed diversifiers,regime_trend_long,overall,139,0.48913411356904835,0.35088678499222775,1.3119604839323744,2.622756313503523,-0.492216730240836,0.9937372777429175,-0.10646016583075539,-0.2140050855670619,899251.0446673366,860,0.5341726618705037,0.10629496402877699,0.35953237410071937,0.09996562074590302,2.5191336427967563,0.0004998281037295152,0.0,50.0,0.15,0.15
regime_trend_20,Risk-state 20% trend-confirmed diversifiers,regime_trend_long,development_2021_2023,77,0.12732058736870755,0.3462918258991669,0.5144802591967711,0.8792098788586691,-0.492216730240836,0.2586677362762762,-0.12267265544704489,-0.2140050855670619,144222.77218051685,860,0.49025974025974045,0.10129870129870132,0.4084415584415584,0.10822397072318433,2.727244062224245,0.0005411198536159216,0.0,50.0,0.15,0.15
regime_trend_20,Risk-state 20% trend-confirmed diversifiers,regime_trend_long,holdout_2024_2026,62,1.10410249163778,0.3466822206714634,2.338771467662023,6.031212200465519,-0.11822204219506427,9.339227026851985,-0.08338378403748621,-0.0856465883442302,623515.2958658889,146,0.5887096774193551,0.11250000000000003,0.29879032258064503,0.08970928287089239,2.2606739283464883,0.0004485464143544619,0.0,50.0,0.15,0.15
regime_trend_20,Risk-state 20% trend-confirmed diversifiers,regime_trend_long,2021,26,-0.18764050267076426,0.317449413958617,-0.4876962662650133,-0.5768878449256998,-0.334675174029733,-0.5606645405197997,-0.15491537063734584,-0.2140050855670619,80701.78256566456,331,0.5346153846153846,0.12692307692307692,0.3384615384615385,0.123096997456911,3.102044335914157,0.000615484987284555,0.0,50.0,0.15,0.15
regime_trend_20,Risk-state 20% trend-confirmed diversifiers,regime_trend_long,2022,26,-0.18753125520157865,0.2921254167478146,-0.5714464561079643,-0.8981779525289345,-0.26440148672388664,-0.7092670223803119,-0.07959646330159906,-0.088083846580325,80712.98003765111,362,0.44999999999999996,0.08653846153846155,0.46346153846153854,0.05354012613800225,1.3492111786776566,0.00026770063069001123,0.0,50.0,0.15,0.15
regime_trend_20,Risk-state 20% trend-confirmed diversifiers,regime_trend_long,2023,25,1.2282760258624559,0.39424846545914227,2.2406093422719384,7.063014453752736,-0.1726223008539176,7.115395981785053,-0.05896169174371052,-0.06744891537126578,221415.14773885068,142,0.486,0.09,0.42400000000000004,0.14962722128869796,3.7706059764751885,0.0007481361064434898,0.0,50.0,0.15,0.15
regime_trend_20,Risk-state 20% trend-confirmed diversifiers,regime_trend_long,2024,26,0.80968724935278,0.3843914072444177,1.7360786395799641,4.169866888194807,-0.10515850056596898,7.699684238506612,-0.08558746387110083,-0.0856465883442302,184408.7042141336,146,0.6423076923076922,0.09807692307692308,0.25961538461538464,0.07796513917440748,1.9647215071950683,0.00038982569587203735,0.0,50.0,0.15,0.15
regime_trend_20,Risk-state 20% trend-confirmed diversifiers,regime_trend_long,2025,25,1.6935007424386348,0.31378124442165106,3.361180137970569,10.650251104051309,-0.08335561128490654,20.31657756848917,-0.06291222145724769,-0.0833556112849065,267240.25932619674,43,0.594,0.111,0.29500000000000004,0.11600787214996021,2.923398378178997,0.0005800393607498012,0.0,50.0,0.15,0.15
regime_trend_20,Risk-state 20% trend-confirmed diversifiers,regime_trend_long,2026,11,0.7141467667302799,0.34265722760222234,1.7384697517766838,4.317010525437169,-0.11822204219506427,6.040724330848137,-0.07900459712283668,-0.07900459712283668,126521.34823871471,74,0.45,0.15,0.4,0.05769864688288431,1.4540059014486846,0.0002884932344144216,0.0,50.0,0.15,0.15
diversified_trend_overlay_20,Risk-state 20% diversified long/short trend overlay,regime_trend_long_short,overall,139,0.48099314026615914,0.35044637726025935,1.2973536791504416,2.5752308440328515,-0.4958118850005433,0.9701121631354845,-0.10771098982925667,-0.2140050855670619,872466.8796843826,1017,0.5341726618705037,0.1251798561151079,0.34064748201438844,0.10611916925243282,2.674203065161307,0.0005305958462621642,5.955946765952061e-06,50.0,0.15,0.15
diversified_trend_overlay_20,Risk-state 20% diversified long/short trend overlay,regime_trend_long_short,development_2021_2023,77,0.12259508504349093,0.3439710125524998,0.5033985523865402,0.8567631874858118,-0.4958118850005433,0.247261287500917,-0.12214025630241272,-0.2140050855670619,142383.473533404,1017,0.49025974025974045,0.13538961038961037,0.3743506493506493,0.11202096872754064,2.822928411934024,0.0005601048436377031,8.479981235550011e-06,50.0,0.15,0.15
diversified_trend_overlay_20,Risk-state 20% diversified long/short trend overlay,regime_trend_long_short,holdout_2024_2026,62,1.0892722336330571,0.34861072229855306,2.3070309690268,5.811490585287133,-0.11666786750931901,9.336523045182513,-0.086324732134645,-0.09214735142813306,612758.5302094038,146,0.5887096774193551,0.11250000000000002,0.29879032258064503,0.09878951506560542,2.4894957796532564,0.0004939475753280271,2.8212587956449314e-06,50.0,0.15,0.15
diversified_trend_overlay_20,Risk-state 20% diversified long/short trend overlay,regime_trend_long_short,2021,26,-0.18834020864706624,0.317600475729642,-0.49009905087996164,-0.580841528123402,-0.33528272223325295,-0.5617355030780256,-0.15491537063734584,-0.2140050855670619,80630.06635790796,331,0.5346153846153846,0.12692307692307692,0.3384615384615385,0.13009298140025277,3.27834313128637,0.0006504649070012639,6.312624905232414e-06,50.0,0.15,0.15
diversified_trend_overlay_20,Risk-state 20% diversified long/short trend overlay,regime_trend_long_short,2022,26,-0.19191826507517418,0.28601589649636777,-0.6078645397880273,-0.9355426377839685,-0.27237830066344926,-0.7046018886515797,-0.07835700215689673,-0.08780001230923024,80263.36497796087,362,0.44999999999999996,0.14423076923076922,0.4057692307692309,0.0717849086713111,1.8089796985170397,0.00035892454335655544,9.81832107488364e-06,50.0,0.15,0.15
diversified_trend_overlay_20,Risk-state 20% diversified long/short trend overlay,regime_trend_long_short,2023,25,1.2140364415052374,0.39260164709517764,2.2312975356573226,7.105356185188765,-0.1594696992944521,7.612959997269358,-0.05677097152387435,-0.06744891537126578,220011.40940888834,128,0.486,0.135,0.37900000000000006,0.13507157800639866,3.403803765761246,0.0006753578900319933,9.342158386173336e-06,50.0,0.15,0.15
diversified_trend_overlay_20,Risk-state 20% diversified long/short trend overlay,regime_trend_long_short,2024,26,0.7956658877544422,0.3878697065595056,1.7034897792114039,3.9994995551090415,-0.10934308290972994,7.27678300795047,-0.08887539000468571,-0.09214735142813306,182934.7386474192,146,0.6423076923076922,0.09807692307692305,0.25961538461538464,0.07244927054412431,1.8257216177119326,0.0003622463527206216,1.6969164454561654e-06,50.0,0.15,0.15
diversified_trend_overlay_20,Risk-state 20% diversified long/short trend overlay,regime_trend_long_short,2025,25,1.669531968413624,0.3168723031228031,3.302104531584702,10.116548679907858,-0.0876651235857745,19.044426108406704,-0.0653636197241357,-0.08766512358577445,264880.9468974246,43,0.594,0.111,0.29500000000000004,0.13637257617916682,3.4365889197150037,0.0006818628808958338,4.4388416214330675e-06,50.0,0.15,0.15
diversified_trend_overlay_20,Risk-state 20% diversified long/short trend overlay,regime_trend_long_short,2026,11,0.712146456005802,0.3381725394196803,1.7543988377232165,4.2899996081923,-0.1166678675093189,6.104049651451107,-0.07988302494343415,-0.07988302494343415,126456.87963466112,74,0.45,0.14999999999999997,0.4,0.07563222685828488,1.905932116828779,0.00037816113429142446,1.8024706556635257e-06,50.0,0.15,0.15
strategic_gold_10,Strategic 10% gold,strategic_single,overall,139,0.4335660657264637,0.28510009701762984,1.4098277136670339,2.8389528267937014,-0.40923571073095044,1.0594531570865504,-0.08593294970709726,-0.16529623109828737,729088.4824870601,860,0.4273381294964028,0.19999999999999998,0.37266187050359706,0.027050359712230215,0.6816690647482014,0.00013525179856115107,0.0,50.0,0.2,0.2
strategic_gold_10,Strategic 10% gold,strategic_single,development_2021_2023,77,0.12810050419491392,0.2815035337620287,0.5654697852154877,0.9765400745240089,-0.40923571073095044,0.31302376805315707,-0.09754614614224257,-0.16529623109828737,144527.86616567723,860,0.3922077922077922,0.19999999999999993,0.4077922077922077,0.022857142857142854,0.5759999999999998,0.00011428571428571424,0.0,50.0,0.2,0.2
strategic_gold_10,Strategic 10% gold,strategic_single,holdout_2024_2026,62,0.9304823581533144,0.28024151504453804,2.5101013946549484,6.4373752468472025,-0.0945664782818052,9.839452362606817,-0.06834937003604265,-0.07273598700120358,504462.22021383874,86,0.4709677419354838,0.19999999999999993,0.32903225806451625,0.032258064516129024,0.8129032258064514,0.00016129032258064513,0.0,50.0,0.2,0.2
strategic_gold_10,Strategic 10% gold,strategic_single,2021,26,-0.1587135133364106,0.24998532168190787,-0.5621068224532236,-0.6606867204413147,-0.27031904416638775,-0.5871340431298606,-0.12314949147182844,-0.16529623109828737,83668.34530639014,331,0.4276923076923077,0.20000000000000004,0.3723076923076922,0.058461538461538454,1.473230769230769,0.0002923076923076922,0.0,50.0,0.2,0.2
strategic_gold_10,Strategic 10% gold,strategic_single,2022,26,-0.1470771326692457,0.24217534811028554,-0.5409803465591788,-0.8402262187513342,-0.21401647479505725,-0.6872234149734835,-0.0682693346744549,-0.06948934383102016,84862.61637225487,362,0.36,0.20000000000000004,0.43999999999999984,0.0,0.0,0.0,0.0,50.0,0.2,0.2
strategic_gold_10,Strategic 10% gold,strategic_single,2023,25,1.0471203961600613,0.3189228610990075,2.4227537217095594,7.923756606338893,-0.13967759975331462,7.496695232516784,-0.04629931600115959,-0.05302830630171919,203551.35296241657,128,0.38880000000000003,0.20000000000000004,0.4111999999999999,0.0096,0.24191999999999997,4.7999999999999994e-05,0.0,50.0,0.2,0.2
strategic_gold_10,Strategic 10% gold,strategic_single,2024,26,0.7005220888090955,0.3058610873638735,1.8950963953584974,4.547738155734398,-0.0704972781933515,9.936867163690879,-0.07161663259727748,-0.07273598700120358,172942.74575516745,86,0.513846153846154,0.20000000000000004,0.2861538461538461,0.026153846153846153,0.659076923076923,0.00013076923076923075,0.0,50.0,0.2,0.2
strategic_gold_10,Strategic 10% gold,strategic_single,2025,25,1.456137201142902,0.25125346154226336,3.755542428587111,12.036354443667708,-0.06805510051293506,21.396444794995748,-0.047426672599669324,-0.06805510051293508,243868.31639800212,43,0.4752000000000001,0.20000000000000004,0.3247999999999999,0.052799999999999986,1.3305599999999995,0.0002639999999999999,0.0,50.0,0.2,0.2
strategic_gold_10,Strategic 10% gold,strategic_single,2026,11,0.5071833956616578,0.28909925045314966,1.5573695527604188,3.683885407083755,-0.09456647828180509,5.363247155617527,-0.06210911443668054,-0.06210911443668054,119610.94375727637,74,0.36,0.2,0.43999999999999984,0.0,0.0,0.0,0.0,50.0,0.2,0.2
strategic_oil_10,Strategic 10% oil,strategic_single,overall,139,0.47683305185918345,0.2914528546290117,1.4888317288387403,2.95259209649692,-0.33677748800366103,1.4158697325220262,-0.09224487599463528,-0.1732374935113338,859034.3273423715,829,0.4273381294964028,0.19999999999999998,0.37266187050359706,0.027050359712230215,0.6816690647482014,0.00013525179856115107,0.0,50.0,0.2,0.2
strategic_oil_10,Strategic 10% oil,strategic_single,development_2021_2023,77,0.1838472373061264,0.29725773900430125,0.713889722393899,1.227424745297509,-0.33677748800366103,0.5459012073399866,-0.10786271308636461,-0.1732374935113338,167478.4667707816,829,0.3922077922077922,0.19999999999999993,0.4077922077922077,0.022857142857142854,0.5759999999999998,0.00011428571428571424,0.0,50.0,0.2,0.2
strategic_oil_10,Strategic 10% oil,strategic_single,holdout_2024_2026,62,0.9435763000820045,0.2766931939947982,2.5634168615252424,6.67246540803109,-0.08015023695723178,11.77259526488359,-0.06671206495513532,-0.07632886736945584,512922.2543684281,131,0.4709677419354838,0.19999999999999993,0.32903225806451625,0.032258064516129024,0.8129032258064514,0.00016129032258064513,0.0,50.0,0.2,0.2
strategic_oil_10,Strategic 10% oil,strategic_single,2021,26,-0.05312091874846869,0.28206935622844265,-0.05026342741800093,-0.062057981450508344,-0.26536378281864803,-0.20018149494338494,-0.13306475864570175,-0.1732374935113338,94523.97294993962,331,0.4276923076923077,0.20000000000000004,0.3723076923076922,0.058461538461538454,1.473230769230769,0.0002923076923076922,0.0,50.0,0.2,0.2
strategic_oil_10,Strategic 10% oil,strategic_single,2022,26,-0.10536621271548618,0.24544329820343658,-0.3372285126609921,-0.545608441877615,-0.22327467102141718,-0.4719129681547225,-0.06260681062652156,-0.0630441735777516,89147.71705735166,157,0.36,0.20000000000000004,0.43999999999999984,0.0,0.0,0.0,0.0,50.0,0.2,0.2
strategic_oil_10,Strategic 10% oil,strategic_single,2023,25,0.9984497719425314,0.3407138285634773,2.2142648513693577,6.411049301548602,-0.11443443871259618,8.725081218339813,-0.05369761265450815,-0.05484546561001772,198749.83790214732,113,0.38880000000000003,0.20000000000000004,0.4111999999999999,0.0096,0.24191999999999997,4.7999999999999994e-05,0.0,50.0,0.2,0.2
strategic_oil_10,Strategic 10% oil,strategic_single,2024,26,0.6720996371625501,0.30348933059733163,1.850928370057256,4.446781415384178,-0.08015023695723178,8.385497818567684,-0.06795499985955734,-0.074890238669781,169961.22007074812,131,0.513846153846154,0.20000000000000004,0.2861538461538461,0.026153846153846153,0.659076923076923,0.00013076923076923075,0.0,50.0,0.2,0.2
strategic_oil_10,Strategic 10% oil,strategic_single,2025,25,1.1900707808049384,0.26730599278357653,3.099455082419847,9.293960072636708,-0.07632886736945588,15.591359099364324,-0.05856408079782737,-0.07632886736945584,217648.71237995004,57,0.4752000000000001,0.20000000000000004,0.3247999999999999,0.052799999999999986,1.3305599999999995,0.0002639999999999999,0.0,50.0,0.2,0.2
strategic_oil_10,Strategic 10% oil,strategic_single,2026,11,1.1143869314052912,0.24766923581531725,3.1778544723038387,8.849830860654617,-0.05460939273197074,20.406506567008208,-0.05460939273197071,-0.05460939273197071,138658.21343891358,46,0.36,0.2,0.43999999999999984,0.0,0.0,0.0,0.0,50.0,0.2,0.2
strategic_diversified_10,Strategic 10% diversified real-assets/defensive basket,strategic_equal,overall,139,0.4153686032873767,0.28372286802222363,1.3697055094089685,2.7317375495791985,-0.407212907418423,1.02002808781445,-0.08581704010666695,-0.16961029864017396,679481.0064461068,860,0.4273381294964028,0.19999999999999998,0.37266187050359706,0.027050359712230215,0.6816690647482014,0.00013525179856115107,0.0,50.0,0.2,0.2
strategic_diversified_10,Strategic 10% diversified real-assets/defensive basket,strategic_equal,development_2021_2023,77,0.12796969235961786,0.28214103350804665,0.5645946119458922,0.9694599219670744,-0.407212907418423,0.3142574560587917,-0.0984939260407573,-0.16961029864017396,144476.6638902941,860,0.3922077922077922,0.19999999999999993,0.4077922077922077,0.022857142857142854,0.5759999999999998,0.00011428571428571424,0.0,50.0,0.2,0.2
strategic_diversified_10,Strategic 10% diversified real-assets/defensive basket,strategic_equal,holdout_2024_2026,62,0.8762460011936943,0.2775388368926707,2.4263964334548107,6.188550857399529,-0.08343034774164804,10.502725026474707,-0.06757622409516323,-0.07185371825140076,470305.02238206397,131,0.4709677419354838,0.19999999999999993,0.32903225806451625,0.032258064516129024,0.8129032258064514,0.00016129032258064513,0.0,50.0,0.2,0.2
strategic_diversified_10,Strategic 10% diversified real-assets/defensive basket,strategic_equal,2021,26,-0.13478448351714434,0.25461182072176386,-0.4375129574925861,-0.5194809545843381,-0.2721016311768031,-0.4953461062846978,-0.12513066988002985,-0.16961029864017396,86124.80375690368,331,0.4276923076923077,0.20000000000000004,0.3723076923076922,0.058461538461538454,1.473230769230769,0.0002923076923076922,0.0,50.0,0.2,0.2
strategic_diversified_10,Strategic 10% diversified real-assets/defensive basket,strategic_equal,2022,26,-0.15683871008349803,0.2394524181461058,-0.597436982709402,-0.9236631849778426,-0.22475044349643158,-0.6978349303501516,-0.06743899694486839,-0.06878583659706214,83860.72583938166,362,0.36,0.20000000000000004,0.43999999999999984,0.0,0.0,0.0,0.0,50.0,0.2,0.2
strategic_diversified_10,Strategic 10% diversified real-assets/defensive basket,strategic_equal,2023,25,1.011498574644702,0.3210321008915865,2.3526039713885143,7.410771877746903,-0.1395481983609549,7.248381466225478,-0.04742500407156553,-0.055055173397778955,200037.23477513494,113,0.38880000000000003,0.20000000000000004,0.4111999999999999,0.0096,0.24191999999999997,4.7999999999999994e-05,0.0,50.0,0.2,0.2
strategic_diversified_10,Strategic 10% diversified real-assets/defensive basket,strategic_equal,2024,26,0.642041931594103,0.30744590907519015,1.7704583235933404,4.195338005538136,-0.07701310817565221,8.336787682036256,-0.06988725873011543,-0.07185371825140076,166809.90621900948,131,0.513846153846154,0.20000000000000004,0.2861538461538461,0.026153846153846153,0.659076923076923,0.00013076923076923075,0.0,50.0,0.2,0.2
strategic_diversified_10,Strategic 10% diversified real-assets/defensive basket,strategic_equal,2025,25,1.321131176794784,0.25004699576285444,3.5381014251464022,11.273223518791276,-0.06696905912340867,19.72748600753433,-0.049897233256839923,-0.0669690591234087,230567.0837041068,43,0.4752000000000001,0.20000000000000004,0.3247999999999999,0.052799999999999986,1.3305599999999995,0.0002639999999999999,0.0,50.0,0.2,0.2
strategic_diversified_10,Strategic 10% diversified real-assets/defensive basket,strategic_equal,2026,11,0.585385563818005,0.2757188330338697,1.8076313061322553,4.378725059953041,-0.08343034774164804,7.016458395100075,-0.06356131979701338,-0.06356131979701338,122281.41959348024,74,0.36,0.2,0.43999999999999984,0.0,0.0,0.0,0.0,50.0,0.2,0.2
regime_fixed_20,Risk-state 20% fixed defensive basket,regime_equal,overall,139,0.5073607164109011,0.3537353597674986,1.3391467612230301,2.67028437376588,-0.495697949635172,1.0235279705802953,-0.10655598011196497,-0.2140050855670619,961664.1031212701,860,0.5341726618705037,0.16978417266187049,0.29604316546762593,0.03201438848920864,0.8067625899280576,0.00016007194244604318,0.0,50.0,0.2,0.2
regime_fixed_20,Risk-state 20% fixed defensive basket,regime_equal,development_2021_2023,77,0.13973587886528338,0.35088918308131,0.5434738591505193,0.9306961240881932,-0.495697949635172,0.28189722989196825,-0.12233868721892388,-0.2140050855670619,149131.17862457683,860,0.49025974025974045,0.18571428571428567,0.32402597402597405,0.025324675324675326,0.6381818181818182,0.00012662337662337663,0.0,50.0,0.2,0.2
regime_fixed_20,Risk-state 20% fixed defensive basket,regime_equal,holdout_2024_2026,62,1.1330658950860273,0.34739642793191,2.375317589888907,6.081166291771907,-0.10901880638380212,10.393306739179057,-0.08414745704932136,-0.08687048111258788,644844.4329285201,146,0.5887096774193551,0.14999999999999994,0.26129032258064516,0.04032258064516129,1.0161290322580645,0.00020161290322580645,0.0,50.0,0.2,0.2
regime_fixed_20,Risk-state 20% fixed defensive basket,regime_equal,2021,26,-0.18300939675198546,0.3181186128426083,-0.4683395716334436,-0.555672944845093,-0.33837711864513675,-0.5408444799245167,-0.15491537063734584,-0.2140050855670619,81176.49609751663,331,0.5346153846153846,0.16923076923076924,0.2961538461538461,0.06346153846153847,1.5992307692307695,0.0003173076923076923,0.0,50.0,0.2,0.2
regime_fixed_20,Risk-state 20% fixed defensive basket,regime_equal,2022,26,-0.19930269404315482,0.2972491569486268,-0.6053655707387555,-0.9344511279299311,-0.27393605397722365,-0.727551890850139,-0.0834481924259028,-0.08645119225715893,79506.72617242999,362,0.44999999999999996,0.20000000000000004,0.35,0.0,0.0,0.0,0.0,50.0,0.2,0.2
regime_fixed_20,Risk-state 20% fixed defensive basket,regime_equal,2023,25,1.326184469845718,0.3987612850926578,2.3308241698613665,7.352407280897361,-0.1703523829151713,7.7849481595224,-0.05809664547564173,-0.06864926832567353,231065.05903035216,128,0.486,0.188,0.326,0.012000000000000002,0.30240000000000006,6.000000000000001e-05,0.0,50.0,0.2,0.2
regime_fixed_20,Risk-state 20% fixed defensive basket,regime_equal,2024,26,0.8199679445614843,0.38465689715073165,1.7503371055890475,4.178098543467089,-0.1014272439299777,8.08429681011115,-0.08627678290086413,-0.08687048111258788,185489.67079915473,146,0.6423076923076922,0.13076923076923078,0.22692307692307695,0.032692307692307694,0.8238461538461539,0.00016346153846153849,0.0,50.0,0.2,0.2
regime_fixed_20,Risk-state 20% fixed defensive basket,regime_equal,2025,25,1.7580494617233224,0.3142884128927736,3.434686777178693,10.931147417999632,-0.08398354610633096,20.933260659147074,-0.0626982877712841,-0.08398354610633095,273593.1430841133,43,0.594,0.14800000000000002,0.258,0.066,1.6632,0.00033,0.0,50.0,0.2,0.2
regime_fixed_20,Risk-state 20% fixed defensive basket,regime_equal,2026,11,0.7311045930729769,0.3439735914623002,1.7624629473626352,4.261354424975035,-0.10901880638380224,6.706224525143973,-0.08005271628922624,-0.08005271628922624,127066.19222985998,74,0.45,0.2,0.35000000000000003,0.0,0.0,0.0,0.0,50.0,0.2,0.2
regime_trend_20,Risk-state 20% trend-confirmed diversifiers,regime_trend_long,overall,139,0.4865035801913522,0.3511612073070785,1.306137850935136,2.60627304265803,-0.491501626592581,0.9898310684424818,-0.10682386282076682,-0.2140050855670619,890523.8811092257,860,0.5341726618705037,0.14172661870503594,0.3241007194244605,0.12261603149813452,3.08992399375299,0.0006130801574906725,0.0,50.0,0.2,0.2
regime_trend_20,Risk-state 20% trend-confirmed diversifiers,regime_trend_long,development_2021_2023,77,0.12161353561288046,0.34678871124947,0.4996070714036515,0.8509946869886127,-0.491501626592581,0.2474326208358395,-0.12280539763351866,-0.2140050855670619,142003.4167616695,860,0.49025974025974045,0.13506493506493503,0.3746753246753247,0.13585706918935403,3.4235981435717213,0.0006792853459467701,0.0,50.0,0.2,0.2
regime_trend_20,Risk-state 20% trend-confirmed diversifiers,regime_trend_long,holdout_2024_2026,62,1.1090306110761645,0.34639609167382346,2.3473759124345737,6.068228953455102,-0.11673997664431235,9.500007135132464,-0.08318737508380382,-0.08586339742681931,627114.4042990399,146,0.5887096774193551,0.14999999999999994,0.2612903225806452,0.10617151694613608,2.675522227042629,0.0005308575847306804,0.0,50.0,0.2,0.2
regime_trend_20,Risk-state 20% trend-confirmed diversifiers,regime_trend_long,2021,26,-0.18718108259206623,0.3184292215399964,-0.4834270295473606,-0.5717041362177248,-0.33416404953309153,-0.560147277523132,-0.15491537063734584,-0.2140050855670619,80748.87179061443,331,0.5346153846153846,0.16923076923076924,0.2961538461538462,0.14297548378870187,3.602982191475287,0.0007148774189435093,0.0,50.0,0.2,0.2
regime_trend_20,Risk-state 20% trend-confirmed diversifiers,regime_trend_long,2022,26,-0.18679235855541432,0.29347257705039553,-0.564552265929388,-0.8917143212598466,-0.2644014867238865,-0.706472421429615,-0.0795377769407595,-0.08796647385864587,80788.71553633585,362,0.44999999999999996,0.1153846153846154,0.4346153846153846,0.07138683485066966,1.7989482382368753,0.00035693417425334834,0.0,50.0,0.2,0.2
regime_trend_20,Risk-state 20% trend-confirmed diversifiers,regime_trend_long,2023,25,1.1903530441368342,0.39511306209197183,2.191872719095347,6.769879359515487,-0.1780696652723388,6.684760384742199,-0.060758592594763405,-0.06794891537126578,217676.54099931955,142,0.486,0.12000000000000002,0.3940000000000001,0.19550296171826392,4.926674635300251,0.0009775148085913196,0.0,50.0,0.2,0.2
regime_trend_20,Risk-state 20% trend-confirmed diversifiers,regime_trend_long,2024,26,0.8138174385299595,0.38388202675868727,1.7439686719999794,4.202892110780626,-0.10272785407758633,7.922071825965672,-0.08557731247625501,-0.08586339742681931,184842.95074971704,146,0.6423076923076922,0.13076923076923078,0.22692307692307698,0.09305608300177408,2.345013291644707,0.0004652804150088704,0.0,50.0,0.2,0.2
regime_trend_20,Risk-state 20% trend-confirmed diversifiers,regime_trend_long,2025,25,1.6942784219708145,0.3137232640081998,3.362719001784329,10.640349728834861,-0.08328939158581883,20.342067455554435,-0.06303773511462343,-0.08328939158581893,267316.8056651475,43,0.594,0.14800000000000002,0.25800000000000006,0.13267716286661366,3.343464504238664,0.0006633858143330683,0.0,50.0,0.2,0.2
regime_trend_20,Risk-state 20% trend-confirmed diversifiers,regime_trend_long,2026,11,0.7264319246247681,0.34271737977104166,1.7594780348807424,4.3877402661319245,-0.11673997664431257,6.222649220138926,-0.07830548379688636,-0.07830548379688636,126916.36372745552,74,0.45,0.2,0.35000000000000003,0.0769315291771791,1.9386745352649133,0.0003846576458858954,0.0,50.0,0.2,0.2
diversified_trend_overlay_20,Risk-state 20% diversified long/short trend overlay,regime_trend_long_short,overall,139,0.47572966954331,0.3504755301245614,1.2870209379137711,2.544764951845802,-0.4962358943698376,0.9586764579926887,-0.10819142348453556,-0.2140050855670619,855500.1627008588,1017,0.5341726618705037,0.16690647482014384,0.2989208633093526,0.13082076284017422,3.29668322357239,0.0006541038142008712,7.941262354602748e-06,50.0,0.2,0.2
diversified_trend_overlay_20,Risk-state 20% diversified long/short trend overlay,regime_trend_long_short,development_2021_2023,77,0.11542466656380324,0.3434978394303157,0.48496285919444426,0.8216731205355925,-0.4962358943698376,0.23260039806346386,-0.12209553210734242,-0.2140050855670619,139622.7867662121,1017,0.49025974025974045,0.18051948051948047,0.32922077922077925,0.14091973319516235,3.551177276518091,0.0007045986659758119,1.1306641647400012e-05,50.0,0.2,0.2
diversified_trend_overlay_20,Risk-state 20% diversified long/short trend overlay,regime_trend_long_short,holdout_2024_2026,62,1.0892222340451485,0.3489857770614479,2.304913905365911,5.776212888521181,-0.1146660993509222,9.49907810774753,-0.08710863921334888,-0.09395891163756118,612722.4520545703,146,0.5887096774193551,0.14999999999999994,0.26129032258064516,0.11827849320575347,2.9806180287849875,0.0005913924660287673,3.761678394193243e-06,50.0,0.2,0.2
diversified_trend_overlay_20,Risk-state 20% diversified long/short trend overlay,regime_trend_long_short,2021,26,-0.1881144294185373,0.31863368356246546,-0.4866184307778805,-0.5770053922821672,-0.3349734732788783,-0.5615800784975138,-0.15491537063734584,-0.2140050855670619,80653.20733511061,331,0.5346153846153846,0.16923076923076924,0.2961538461538462,0.15230346237982426,3.838047251971571,0.0007615173118991211,8.416833206976552e-06,50.0,0.2,0.2
diversified_trend_overlay_20,Risk-state 20% diversified long/short trend overlay,regime_trend_long_short,2022,26,-0.1925499949453775,0.2849249322079093,-0.6138942979874732,-0.9432860704250061,-0.2750497142967858,-0.7000552443316157,-0.07914564482083744,-0.08758802816385283,80198.62673598544,191,0.44999999999999996,0.19230769230769235,0.3576923076923078,0.09571321156174814,2.411972931356053,0.00047856605780874074,1.309109476651152e-05,50.0,0.2,0.2
diversified_trend_overlay_20,Risk-state 20% diversified long/short trend overlay,regime_trend_long_short,2023,25,1.1719062212523426,0.3926748335520045,2.1805402136710876,6.82562693961242,-0.16056020791402048,7.298858393854939,-0.05878822120059356,-0.06794891537126578,215857.79057374873,128,0.486,0.18,0.3340000000000001,0.1760954373418649,4.4376050210149955,0.0008804771867093243,1.2456211181564448e-05,50.0,0.2,0.2
diversified_trend_overlay_20,Risk-state 20% diversified long/short trend overlay,regime_trend_long_short,2024,26,0.7951101383159913,0.3885114197506102,1.7005318781828167,3.976701552172104,-0.10830551460940241,7.341363375480096,-0.0899612139877015,-0.09395891163756118,182876.324188561,146,0.6423076923076922,0.13076923076923078,0.22692307692307698,0.08570159149472986,2.1596801056671926,0.00042850795747364937,2.2625552606082205e-06,50.0,0.2,0.2
diversified_trend_overlay_20,Risk-state 20% diversified long/short trend overlay,regime_trend_long_short,2025,25,1.6623151669831433,0.3178925922777578,3.283677512729745,9.94178148153225,-0.08903540798697629,18.670270677327604,-0.06630626613714077,-0.0890354079869762,264170.5443972096,43,0.594,0.14800000000000002,0.258,0.15983010157222238,4.027718559620004,0.0007991505078611121,5.91845549524409e-06,50.0,0.2,0.2
diversified_trend_overlay_20,Risk-state 20% diversified long/short trend overlay,regime_trend_long_short,2026,11,0.7237410879361357,0.336737191434129,1.7811835561816445,4.350272389870287,-0.11466609935092231,6.3117267617276305,-0.07947672089101629,-0.07947672089101629,126829.97870045887,74,0.45,0.2,0.35000000000000003,0.10084296914437986,2.5412428224383725,0.0005042148457218992,2.4032942075513674e-06,50.0,0.2,0.2
