policy,period,num_rebalances,annualized_net_return,annualized_net_volatility,net_sharpe,net_sortino,max_drawdown,calmar,expected_shortfall_95_return,worst_rebalance_return,ending_value_100k,maximum_underwater_days,avg_exposure,min_exposure,max_exposure,avg_cash_weight,avg_turnover,annualized_turnover,return_per_annual_turnover,avg_transaction_cost,avg_controller_transaction_cost,avg_financing_cost,leveraged_period_share,deleveraged_period_share,net_hit_rate,drawdown_budget_floor_ratio,drawdown_budget_cushion_multiplier,cash_turnover_bps,cash_proxy
drawdown_budget_77_m2.75,overall,139,0.3417778044594968,0.22611940217140164,1.417170057786541,2.8569513005057967,-0.22376031890071668,1.5274281254986275,-0.07913205038030016,-0.08871469338924039,506139.2250026653,1032,0.34710871418505895,0.02210544428587924,0.6325000000000001,0.652891285814941,0.5078047799855389,12.79668045563558,0.026708317492524395,0.0004895572419435229,1.8247538041985185e-05,0.0,0.0,1.0,0.5755395683453237,0.77,2.75,5.0,BIL
drawdown_budget_77_m2.75,development_2021_2023,77,0.08544562499870656,0.17094546421561022,0.5634778492139688,0.9584398611502271,-0.22376031890071668,0.38186227754090357,-0.07236053655622607,-0.08871469338924039,128470.21288662091,1032,0.2349717951034078,0.02210544428587924,0.5942895987237604,0.7650282048965922,0.3109423402736646,7.835746974896347,0.010904592155981,0.0002893378118459787,2.1604528427661564e-05,0.0,0.0,1.0,0.4805194805194805,0.77,2.75,5.0,BIL
drawdown_budget_77_m2.75,confirmation_2024_2026,62,0.7459377166489463,0.2713333717433178,2.2068765704362963,4.784786020956815,-0.12174267976738884,6.127166890643394,-0.07991263429398326,-0.08671267079984867,393973.9910366222,146,0.4863755330445287,0.338975404794613,0.6325000000000001,0.5136244669554713,0.7522952293051246,18.957839778489138,0.03934718962523031,0.0007382168567420857,1.407837256300001e-05,0.0,0.0,1.0,0.6935483870967742,0.77,2.75,5.0,BIL
drawdown_budget_77_m2.75,2021,26,-0.0478285234617144,0.2069792579178635,-0.13597308502250796,-0.18336370366822355,-0.18048248725465643,-0.2650036809068877,-0.08204119669271658,-0.08871469338924039,95069.11663493414,331,0.3928204641366131,0.18679773532563368,0.5914868572911596,0.6071795358633869,0.4870955765843573,12.274808529925805,-0.0038964781686907095,0.0004557812692259352,3.131430735837968e-05,0.0,0.0,1.0,0.5,0.77,2.75,5.0,BIL
drawdown_budget_77_m2.75,2022,26,-0.046256841178079156,0.0414554078542859,-1.1212142855298664,-1.246573690747705,-0.052808916189090116,-0.8759286218344211,-0.02071517987568272,-0.03281455042435915,95231.0264692854,362,0.05128344155253888,0.02210544428587924,0.16616259925126103,0.9487165584474611,0.08495500089055479,2.1408660224419807,-0.021606602511873328,7.442736805923353e-05,1.0527632831316222e-05,0.0,0.0,1.0,0.34615384615384615,0.77,2.75,5.0,BIL
drawdown_budget_77_m2.75,2023,25,0.4229852417801956,0.20343405983023913,1.8398434869910152,5.2088018863643075,-0.1402279631323582,3.016411508316275,-0.03856005431084053,-0.04119306300983791,141900.69408542474,157,0.2618450670017778,0.03676934761162475,0.5942895987237604,0.7381549329982221,0.3627698074689784,9.141799148218256,0.04626936502566191,0.00033974347770903877,2.3026329759913873e-05,0.0,0.0,1.0,0.6,0.77,2.75,5.0,BIL
drawdown_budget_77_m2.75,2024,26,0.48473275671482785,0.287271719710889,1.5214672732272483,3.074774697186785,-0.1115529104758296,4.3453169858786955,-0.07882653984653808,-0.08671267079984867,150347.92625635583,146,0.49862902894482003,0.36662790618844887,0.6325000000000001,0.5013709710551799,0.7009798654414143,17.66469260912364,0.027440769417321653,0.0006841721704515216,1.680769498985757e-05,0.0,0.0,1.0,0.6153846153846154,0.77,2.75,5.0,BIL
drawdown_budget_77_m2.75,2025,25,1.1767040858156923,0.24377313278802995,3.3538871450191334,8.471879032855425,-0.08089552038216907,14.545973377223747,-0.06120630548512048,-0.0808955203821692,216330.84412391507,57,0.4946893677640742,0.4461269943102993,0.6325000000000001,0.5053106322359259,0.8119999611536401,20.462399021071732,0.05750567587915513,0.0007991822052483438,1.2817755905248378e-05,0.0,0.0,1.0,0.8,0.77,2.75,5.0,BIL
drawdown_budget_77_m2.75,2026,11,0.5513936007765365,0.3035375295402453,1.5939102105445353,3.478246592304522,-0.12174267976738884,4.529172528730866,-0.08110193710068768,-0.08110193710068768,121129.9853790417,103,0.4385176456448733,0.338975404794613,0.45,0.5614823543551266,0.7378935169636311,18.594916627483503,0.02965292137753231,0.0007274012322782869,1.0492284685317658e-05,0.0,0.0,1.0,0.6363636363636364,0.77,2.75,5.0,BIL
drawdown_budget_77_m3,overall,139,0.36125556584114316,0.2347793135639636,1.434820241239307,2.952013135029277,-0.22537332605513538,1.602920683491912,-0.08031447141360644,-0.09312835157709942,548017.2173827864,1032,0.3539632447622556,0.01791833705378127,0.6900000000000002,0.6460367552377443,0.5199526117387003,13.102805815815248,0.027570855503719915,0.0005004294893018391,1.952312243683014e-05,0.0,0.0,1.0,0.5755395683453237,0.77,3.0,5.0,BIL
drawdown_budget_77_m3,development_2021_2023,77,0.09012542239290622,0.1758337087725883,0.5767499685738993,0.9964596107461621,-0.22537332605513538,0.3998939181066082,-0.07401518742452602,-0.09312835157709942,130170.15719632423,1032,0.2334078014373033,0.01791833705378127,0.6533802612997854,0.7665921985626967,0.31073196917865215,7.830445623302034,0.01150961602040997,0.00028801319693958654,2.2718772239041626e-05,0.0,0.0,1.0,0.4805194805194805,0.77,3.0,5.0,BIL
drawdown_budget_77_m3,confirmation_2024_2026,62,0.7936625490821603,0.28276269529800246,2.225487416308959,4.9242569249531165,-0.12266362733949221,6.470235442211127,-0.0815836804996362,-0.08671267079984867,421000.65728295926,146,0.5036853276013091,0.367030397936241,0.6900000000000002,0.496314672398691,0.7797911516923085,19.650737022646172,0.040388436737386325,0.0007642368201388303,1.555433155343846e-05,0.0,0.0,1.0,0.6935483870967742,0.77,3.0,5.0,BIL
drawdown_budget_77_m3,2021,26,-0.060859328554171865,0.20816412753416574,-0.19993398471601043,-0.2658262318840547,-0.1920513949647209,-0.31689084354399766,-0.08424802578664609,-0.09312835157709942,93727.05155478414,331,0.391866417327801,0.17139386793594497,0.6452583897721741,0.608133582672199,0.49146338365567455,12.384877268122999,-0.004914003363668008,0.00045696663375026223,3.4496749905370483e-05,0.0,0.0,1.0,0.5,0.77,3.0,5.0,BIL
drawdown_budget_77_m3,2022,26,-0.035294574964393255,0.033401700447220156,-1.0587565508645203,-1.1566962639059895,-0.041242637072143484,-0.8557788121708704,-0.01714669501014363,-0.027863014237776946,96360.55997001907,362,0.038368763380976445,0.01791833705378127,0.14090724879816593,0.9616312366190235,0.06669798513794843,1.6807892254763004,-0.02099881081424205,5.721690122388e-05,9.481083914064729e-06,0.0,0.0,1.0,0.34615384615384615,0.77,3.0,5.0,BIL
drawdown_budget_77_m3,2023,25,0.4454968053311519,0.21545612171701642,1.8213077843291612,5.322219636473827,-0.1448815960488956,3.0749026617625237,-0.03856005431084053,-0.04119306300983791,144127.60134405392,157,0.27145144048976566,0.03292223281870586,0.6533802612997854,0.7285485595102346,0.3765666415248808,9.489479366426995,0.04694639064259767,0.00035232977020081867,2.4236871324035594e-05,0.0,0.0,1.0,0.6,0.77,3.0,5.0,BIL
drawdown_budget_77_m3,2024,26,0.5182835839516184,0.3012357330095092,1.5387906201089459,3.145854207174585,-0.11230786901468048,4.6148465686217435,-0.08215425725784395,-0.08671267079984867,153854.47448185968,146,0.5231261315594371,0.397746449057795,0.6900000000000002,0.47687386844056284,0.7364382146528209,18.558243009251086,0.027927405826794035,0.0007183590392880185,1.8079175364765844e-05,0.0,0.0,1.0,0.6153846153846154,0.77,3.0,5.0,BIL
drawdown_budget_77_m3,2025,25,1.255623852612156,0.25345124181283063,3.379050206033757,8.872113600474115,-0.08092427038216932,15.516035506806588,-0.06122068048512048,-0.08092427038216919,224110.89742958144,43,0.5104072197119822,0.45,0.6900000000000001,0.48959278028801784,0.8429764318293269,21.243006082099036,0.059107635132216035,0.0008265228160386575,1.6453615790620538e-05,0.0,0.0,1.0,0.8,0.77,3.0,5.0,BIL
drawdown_budget_77_m3,2026,11,0.579952268278793,0.3131573901456636,1.6120387570310857,3.6103394939892506,-0.1226636273394921,4.727988898238579,-0.08110193710068768,-0.08110193710068768,122098.3142840971,88,0.4424573089032947,0.367030397936241,0.45,0.5575426910967054,0.7386588207469647,18.61420228282351,0.03115643955443373,0.0007311161296502324,7.542691096705355e-06,0.0,0.0,1.0,0.6363636363636364,0.77,3.0,5.0,BIL
drawdown_budget_77_m3.25,overall,139,0.3850714290202242,0.24472572989050595,1.4571033021062245,3.0764469239478065,-0.22741638187567492,1.693244021579487,-0.08150759590086762,-0.09696276455675742,603035.0143326257,1032,0.36082380981056345,0.01086841437881138,0.7475000000000002,0.6391761901894366,0.5319099358681803,13.404130383878142,0.028727818813473346,0.0005111119709544624,2.0797964913686805e-05,0.0,0.0,1.0,0.5899280575539568,0.77,3.25,5.0,BIL
drawdown_budget_77_m3.25,development_2021_2023,77,0.10141293887846037,0.18390696607551052,0.6146866851996469,1.1003729610652466,-0.22741638187567492,0.4459350643169641,-0.07498923687077,-0.09696276455675742,134332.49694754317,1032,0.23273874660101992,0.01086841437881138,0.7448967880854227,0.7672612533989801,0.31172991725215454,7.855593914754294,0.012909646295232707,0.0002877868457853531,2.3943071466777907e-05,0.0,0.0,1.0,0.5064935064935064,0.77,3.25,5.0,BIL
drawdown_budget_77_m3.25,confirmation_2024_2026,62,0.8410774980824469,0.2944328964104353,2.2383995902764564,5.052810143704798,-0.1226636273394921,6.856779930000148,-0.08325067347226289,-0.08671267079984867,448912.23496583337,146,0.5198971947643511,0.39761626443092657,0.7475000000000002,0.4801028052356489,0.805359313826793,20.295054708435185,0.041442484889329806,0.0007884673683419044,1.6891945484847856e-05,0.0,0.0,1.0,0.6935483870967742,0.77,3.25,5.0,BIL
drawdown_budget_77_m3.25,2021,26,-0.07232666910461116,0.20788780755946093,-0.2592358039638547,-0.34013455359728284,-0.20222802738857149,-0.35764908573052995,-0.0861652322764751,-0.09696276455675742,92546.49904698857,331,0.3853330472830197,0.15238110720235476,0.6990299222531886,0.6146669527169804,0.4904891336704592,12.360326168495572,-0.005851517841734621,0.0004525842755719667,3.790485809845209e-05,0.0,0.0,1.0,0.5,0.77,3.25,5.0,BIL
drawdown_budget_77_m3.25,2022,26,-0.024740773741818822,0.02600843969820301,-0.9501145357233861,-1.0307959523787233,-0.03157337604209354,-0.7835960813577393,-0.013616166383966748,-0.022414133049954977,97448.39103144892,362,0.02787863513827802,0.01086841437881138,0.11313873398145179,0.972121364861722,0.05124150243252374,1.2912858612995983,-0.01915979604773089,4.293653723528273e-05,8.304965197238332e-06,0.0,0.0,1.0,0.4230769230769231,0.77,3.25,5.0,BIL
drawdown_budget_77_m3.25,2023,25,0.4942758977694457,0.2349788689969715,1.8296376304282997,5.644820866430032,-0.14970447355183059,3.3016775387030624,-0.039288746643656225,-0.04119306300983791,148952.02784288893,142,0.28709518981299187,0.03100250520687709,0.7448967880854227,0.7129048101870081,0.3967282835895339,9.997552746456254,0.04943968892233626,0.0003710418396993483,2.5686443890157898e-05,0.0,0.0,1.0,0.6,0.77,3.25,5.0,BIL
drawdown_budget_77_m3.25,2024,26,0.5481540756581718,0.314943649624741,1.5469357084747049,3.189437527516136,-0.11248857997124717,4.872975334903184,-0.08547386820309735,-0.08671267079984867,156978.44669883058,146,0.5458020992647974,0.4303179727885349,0.7475000000000002,0.4541979007352026,0.7681857530643345,19.358280977221227,0.028316257848678885,0.0007494166328012536,1.876912026304342e-05,0.0,0.0,1.0,0.6153846153846154,0.77,3.25,5.0,BIL
drawdown_budget_77_m3.25,2025,25,1.3351002786042665,0.2636633475516742,3.3924771330468033,9.263933318899062,-0.08095302038216923,16.492284936391783,-0.06123505548512048,-0.0809530203821692,231943.64394293053,43,0.5258062092029647,0.45,0.7475,0.47419379079703544,0.8738779709645195,22.02172486830589,0.060626507986473385,0.0008536011806583755,2.027679030609458e-05,0.0,0.0,1.0,0.8,0.77,3.25,5.0,BIL
drawdown_budget_77_m3.25,2026,11,0.6155962696593444,0.3236139533451138,1.638509940577422,3.7921561990290984,-0.1226636273394921,5.018572196267919,-0.08110193710068768,-0.08110193710068768,123293.14727380581,74,0.4452378422209934,0.39761626443092657,0.45,0.5547621577790066,0.7374998730432251,18.58499680068927,0.03312329166699203,0.000732737715264191,4.762157779006671e-06,0.0,0.0,1.0,0.6363636363636364,0.77,3.25,5.0,BIL
drawdown_budget_78_m2.75,overall,139,0.3326143462991351,0.22049229793385464,1.4164914822990413,2.8459253041359296,-0.21380620404515482,1.5556814536068775,-0.07745155859082328,-0.08671267079984867,487364.7341120888,1032,0.33802128779825946,0.021665063961917246,0.6050000000000001,0.6619787122017405,0.49614621429165573,12.502884600149724,0.02660300858052805,0.0004777074142853514,1.843880000627421e-05,0.0,0.0,1.0,0.5755395683453237,0.78,2.75,5.0,BIL
drawdown_budget_78_m2.75,development_2021_2023,77,0.08846376100642384,0.16750385997323744,0.588204126030923,1.01402628330336,-0.21380620404515482,0.4137567541666879,-0.06956652648505522,-0.084187507817279,129564.83426177331,1032,0.22866087533227727,0.021665063961917246,0.5874946968562618,0.7713391246677227,0.30327430931601246,7.642512594763514,0.011575219524929185,0.0002820354611847597,2.1238848131229082e-05,0.0,0.0,1.0,0.4805194805194805,0.78,2.75,5.0,BIL
drawdown_budget_78_m2.75,confirmation_2024_2026,62,0.7134002560284562,0.26437747883536916,2.185700648411329,4.675177087542486,-0.11896561184678056,5.996693035524133,-0.07911075505135912,-0.08671267079984867,376155.10172105435,146,0.4738398645705275,0.3153617737938214,0.6050000000000001,0.5261601354294724,0.7356806769226965,18.53915305845195,0.038480736082127494,0.000720719356039312,1.4961320883346388e-05,0.0,0.0,1.0,0.6935483870967742,0.78,2.75,5.0,BIL
drawdown_budget_78_m2.75,2021,26,-0.039537194544981946,0.20128844900122558,-0.10260867664906789,-0.13978211595416537,-0.17311872297294983,-0.22838196739216773,-0.07977760390673588,-0.084187507817279,95923.3589842215,331,0.3795695351833964,0.17636002968916004,0.5634542190741618,0.6204304648166036,0.472347386006143,11.903154127354803,-0.003321572931171325,0.00044146925131203205,3.0878134694069935e-05,0.0,0.0,1.0,0.5,0.78,2.75,5.0,BIL
drawdown_budget_78_m2.75,2022,26,-0.04283808156895175,0.03901466893641582,-1.102273495195684,-1.2286878319654035,-0.049205952780176476,-0.8705873811716914,-0.01948739061405498,-0.030798343477449443,95583.2457148242,362,0.048389251889354286,0.021665063961917246,0.15591538399311278,0.9516107481106455,0.08015493487555617,2.0199043588640153,-0.02120797520979839,7.022835885342364e-05,9.926576022127762e-06,0.0,0.0,1.0,0.34615384615384615,0.78,2.75,5.0,BIL
drawdown_budget_78_m2.75,2023,25,0.41704107734773155,0.20136391671105588,1.8358136631127522,5.1775032154971665,-0.13931502100673698,2.9935112117419433,-0.03856005431084053,-0.04119306300983791,141312.63411793672,157,0.2591983574677532,0.03604673694966883,0.5874946968562618,0.7408016425322468,0.35948245897635156,9.058957966204058,0.04603631884633666,0.00033650370587698597,2.297875309933996e-05,0.0,0.0,1.0,0.6,0.78,2.75,5.0,BIL
drawdown_budget_78_m2.75,2024,26,0.45735118620979565,0.2791944236085828,1.4902616766570573,2.9777919168403635,-0.11115300757776714,4.11460918760848,-0.0772296563612898,-0.08671267079984867,147488.01604037159,146,0.48282992376823847,0.3367612555513364,0.6050000000000001,0.5171700762317616,0.6818959329214059,17.18377750961943,0.026615287933853413,0.0006638578462003844,1.8038086720987226e-05,0.0,0.0,1.0,0.6153846153846154,0.78,2.75,5.0,BIL
drawdown_budget_78_m2.75,2025,25,1.127685720551756,0.23875469295699292,3.321578730705556,8.218257239221503,-0.08088177038216915,13.94239660214412,-0.06119943048512048,-0.08088177038216919,211497.40281768955,57,0.48491876082664476,0.4162414791926273,0.605,0.5150812391733554,0.7965254913782391,20.072442382731627,0.05618079250395094,0.0007841818829766758,1.2343608401515964e-05,0.0,0.0,1.0,0.8,0.78,2.75,5.0,BIL
drawdown_budget_78_m2.75,2026,11,0.5355458390546788,0.29476792536449536,1.5984061226761683,3.436539603032998,-0.11896561184678045,4.5016860817260795,-0.08110193710068768,-0.08110193710068768,120588.30317640543,103,0.4274113240665807,0.3153617737938214,0.45,0.5725886759334192,0.7245245844358774,18.25801952778411,0.029332088194982637,0.0007108862726191327,1.3638311816719012e-05,0.0,0.0,1.0,0.6363636363636364,0.78,2.75,5.0,BIL
drawdown_budget_78_m3,overall,139,0.3523229178943774,0.22898114811804393,1.4365423144280929,2.9429751825137274,-0.21560671106912332,1.6340999598172201,-0.07857432435013971,-0.08834538198418308,528473.0999749417,1032,0.3461173840430236,0.016802625645349713,0.6600000000000001,0.6538826159569764,0.5092085745368852,12.832056078329506,0.027456466504177192,0.0004900339745585646,1.917459997829012e-05,0.0,0.0,1.0,0.5755395683453237,0.78,3.0,5.0,BIL
drawdown_budget_78_m3,development_2021_2023,77,0.09377958941744091,0.17279188117073965,0.6032299042247871,1.058954104531204,-0.21560671106912332,0.43495672723923356,-0.07113050922102494,-0.08834538198418308,131508.0118922468,1032,0.2276975656393951,0.016802625645349713,0.6489960107226259,0.7723024343606051,0.3037829870488477,7.655331273630962,0.01225023268953334,0.0002814565256276017,2.2326461421222628e-05,0.0,0.0,1.0,0.4805194805194805,0.78,3.0,5.0,BIL
drawdown_budget_78_m3,confirmation_2024_2026,62,0.7600520024394315,0.2752236785515997,2.2091623785872527,4.810420901190056,-0.12234584501659218,6.212323780479472,-0.08070852459784096,-0.08671267079984867,401856.20052408264,146,0.4931871585120459,0.3338017182357693,0.6600000000000001,0.506812841487954,0.764333900933319,19.261214303519637,0.03946023290445119,0.0007490737095212121,1.5260191412067497e-05,0.0,0.0,1.0,0.6935483870967742,0.78,3.0,5.0,BIL
drawdown_budget_78_m3,2021,26,-0.05184896164381725,0.20236341502430466,-0.16451282316313315,-0.22105341512803114,-0.18405242069659034,-0.2817075779149357,-0.08185654099018792,-0.08834538198418308,94654.98220401365,331,0.3784382686121113,0.16170887716311214,0.6146773298990855,0.6215617313878887,0.47625384782884755,12.001596965286957,-0.004320171873275162,0.00044234963194593723,3.390421588287009e-05,0.0,0.0,1.0,0.5,0.78,3.0,5.0,BIL
drawdown_budget_78_m3,2022,26,-0.03255991487341636,0.031466290010550825,-1.035994308976466,-1.1356821971053725,-0.038671957822917324,-0.8419515511087232,-0.016143316142150768,-0.026142504235550115,96642.39844300089,362,0.0363212269160424,0.016802625645349713,0.13216870868383052,0.9636787730839577,0.06309071491632955,1.5898860158915045,-0.020479402012451114,5.41449707033878e-05,8.945744212938217e-06,0.0,0.0,1.0,0.34615384615384615,0.78,3.0,5.0,BIL
drawdown_budget_78_m3,2023,25,0.44179051040622497,0.2141853885847468,1.818817967959165,5.303662895907542,-0.14438704033498573,3.0597656782855798,-0.03856005431084053,-0.04119306300983791,143760.98325603007,157,0.2699586268200569,0.032532990157938035,0.6489960107226259,0.7300413731799432,0.37473325485546666,9.44327802235776,0.04678359668753251,0.00035053171217771525,2.420154267772505e-05,0.0,0.0,1.0,0.6,0.78,3.0,5.0,BIL
drawdown_budget_78_m3,2024,26,0.4935867565945744,0.2927710233888733,1.5185031916570648,3.0755188862561162,-0.11162182122504072,4.421955771528349,-0.0804114454542535,-0.08671267079984867,151273.05569092042,146,0.5076438033480626,0.36598663057350966,0.6600000000000001,0.4923561966519375,0.7150896797058863,18.020259928588334,0.027390656880121975,0.0006971905949570834,1.7899084748767444e-05,0.0,0.0,1.0,0.6153846153846154,0.78,3.0,5.0,BIL
drawdown_budget_78_m3,2025,25,1.2121768577151628,0.24815728209867144,3.3655959633988184,8.653345790551516,-0.08090927038216922,14.981927929760472,-0.06121318048512048,-0.08090927038216919,219828.08634544915,43,0.5019454521019852,0.45,0.66,0.4980545478980149,0.826564016716124,20.829413221246323,0.058195439537332895,0.0008119817214234356,1.4582295292640021e-05,0.0,0.0,1.0,0.8,0.78,3.0,5.0,BIL
drawdown_budget_78_m3,2026,11,0.543021920295965,0.3022664395976862,1.581389175125657,3.424430772988927,-0.12234584501659218,4.438417342430566,-0.08110193710068768,-0.08110193710068768,120844.22888819868,103,0.4391116943770543,0.3338017182357693,0.45,0.5608883056229458,0.7392972516008748,18.630290740342044,0.029147259581950857,0.0007287337714404637,1.0563480160384604e-05,0.0,0.0,1.0,0.6363636363636364,0.78,3.0,5.0,BIL
drawdown_budget_78_m3.25,overall,139,0.37377670787146444,0.2378246324455876,1.4580377250323557,3.0562260582192544,-0.21755991475067415,1.7180403306363505,-0.07980935262184131,-0.09195132947803393,576405.2969721823,860,0.3525812912401781,0.010135315418792593,0.7150000000000001,0.6474187087598219,0.5208483656486329,13.125378814345549,0.028477403445524976,0.000500348417290125,2.0499948358477304e-05,0.0,0.0,1.0,0.5899280575539568,0.78,3.25,5.0,BIL
drawdown_budget_78_m3.25,development_2021_2023,77,0.10296550050760511,0.17923452636067566,0.6340511694355375,1.144573278704856,-0.21755991475067415,0.47327422712775286,-0.07195173108936681,-0.09195132947803393,134911.92430067025,860,0.22651437948360004,0.010135315418792593,0.715,0.7734856205163999,0.3040210363773295,7.661330116708704,0.01343963762676747,0.00028061624042601387,2.3404795951292806e-05,0.0,0.0,1.0,0.5064935064935064,0.78,3.25,5.0,BIL
drawdown_budget_78_m3.25,confirmation_2024_2026,62,0.804429582401524,0.28605840992529824,2.2242629415953514,4.9358767663409315,-0.1226636273394921,6.558012345217303,-0.08230573130989645,-0.08671267079984867,427245.62707117124,146,0.5091482622927023,0.36057231981314725,0.7150000000000001,0.4908517377072977,0.7901339197436389,19.9113747775397,0.040400504304149376,0.0007732416046858763,1.689231505772256e-05,0.0,0.0,1.0,0.6935483870967742,0.78,3.25,5.0,BIL
drawdown_budget_78_m3.25,2021,26,-0.06291625902766684,0.2017673589969849,-0.2234812112401053,-0.2962932225596663,-0.193877099088698,-0.3245161977531081,-0.08365951473711335,-0.09195132947803393,93515.25854779663,331,0.3716196815828465,0.1436781857156049,0.6659004407240093,0.6283803184171535,0.47475292283085374,11.963773655337514,-0.005258897471668348,0.0004375749655379504,3.7177957292864485e-05,0.0,0.0,1.0,0.5,0.78,3.25,5.0,BIL
drawdown_budget_78_m3.25,2022,26,-0.02244644554408448,0.02437941990132794,-0.9189538028029386,-1.0021469373279093,-0.02937866624953034,-0.7640389578421832,-0.012750807472081313,-0.020872997264546472,97684.92807262272,362,0.026370932964172273,0.010135315418792593,0.10531821868074324,0.9736290670358277,0.048373597764533274,1.2190146636662385,-0.01841359764826441,4.057365368847242e-05,7.799944076058324e-06,0.0,0.0,1.0,0.4230769230769231,0.78,3.25,5.0,BIL
drawdown_budget_78_m3.25,2023,25,0.48147736094310645,0.23008656190451318,1.8263459365630101,5.538060964999783,-0.14911284660300061,3.228946210281909,-0.039288746643656225,-0.04119306300983791,147686.32946862295,142,0.2837540496805884,0.03079121992967137,0.715,0.7162459503194115,0.3923332106229723,9.886796907698901,0.04869902410639967,0.00036702345651664275,2.5309754106302113e-05,0.0,0.0,1.0,0.6,0.78,3.25,5.0,BIL
drawdown_budget_78_m3.25,2024,26,0.5229963870520198,0.3059197205790963,1.5297659820276674,3.1274324890754905,-0.11232292644215314,4.656185550163399,-0.08359210887836446,-0.08671267079984867,154347.22911149822,146,0.5304049232881216,0.3942317532888234,0.7150000000000001,0.46959507671187833,0.7483908514835419,18.859449457385256,0.027731264808857785,0.0007290895047955971,1.9301346687908088e-05,0.0,0.0,1.0,0.6153846153846154,0.78,3.25,5.0,BIL
drawdown_budget_78_m3.25,2025,25,1.2867481011609057,0.25757775089815815,3.3833771864318267,9.027121070196225,-0.08093677038216929,15.898189353060493,-0.06122693048512048,-0.08093677038216919,227178.5838757296,43,0.5166436774737293,0.45,0.715,0.4833563225262707,0.8560880832244868,21.573419697257066,0.05964506875673995,0.0008378456496441844,1.8242433580253433e-05,0.0,0.0,1.0,0.8,0.78,3.25,5.0,BIL
drawdown_budget_78_m3.25,2026,11,0.572483578096296,0.31102022101293053,1.6058567637174839,3.5719496551584675,-0.1226636273394921,4.667101328349373,-0.08110193710068768,-0.08110193710068768,121846.03490604831,88,0.4418702108921044,0.36057231981314725,0.45,0.5581297891078957,0.7389035277201228,18.620368898547095,0.03074501806142872,0.0007307737386122001,8.129789107895705e-06,0.0,0.0,1.0,0.6363636363636364,0.78,3.25,5.0,BIL
drawdown_budget_79_m2.75,overall,139,0.3223657285317336,0.2143432149658559,1.4147723180328573,2.8313907879339277,-0.20386951878737425,1.5812355395214575,-0.07570235040028231,-0.08671267079984867,467046.2981756656,860,0.32722011378751986,0.0211759551135917,0.5775,0.6727798862124802,0.4834211224771309,12.182212286423699,0.026462002217034892,0.00046423473989822326,1.9186382578878522e-05,0.0,0.0,1.0,0.5755395683453237,0.79,2.75,5.0,BIL
drawdown_budget_79_m2.75,development_2021_2023,77,0.08970665930774513,0.16250351012634529,0.6084017106369387,1.0572612679660847,-0.20386951878737425,0.44001996885716255,-0.06665027724508692,-0.07969531868336265,130017.42800192264,860,0.22056037420309574,0.0211759551135917,0.5648160595062488,0.7794396257969043,0.29338973413049213,7.393421300088401,0.01213330820288471,0.00027252676281395316,2.0862971316516152e-05,0.0,0.0,1.0,0.4805194805194805,0.79,2.75,5.0,BIL
drawdown_budget_79_m2.75,confirmation_2024_2026,62,0.6816139546119124,0.25757469726270144,2.1627625838516438,4.570399227052563,-0.11597451072900544,5.877273810661911,-0.0783108612756703,-0.08671267079984867,359218.22585873597,146,0.4596846290778528,0.2924916743163852,0.5775,0.5403153709221471,0.7194278467140856,18.129581737194954,0.037596783229339584,0.0007023236791803005,1.7104167533747926e-05,0.0,0.0,1.0,0.6935483870967742,0.79,2.75,5.0,BIL
drawdown_budget_79_m2.75,2021,26,-0.031755370051952836,0.19506812564524462,-0.07085825452170184,-0.0974444697164508,-0.16620562757810808,-0.19106073912587254,-0.0775315093397777,-0.07969531868336265,96725.32094620445,331,0.3653848371715526,0.16610457033934622,0.5354215808571638,0.6346151628284473,0.45665283332039397,11.507651399673927,-0.002759500522656833,0.00042616889711397825,3.0483936206376477e-05,0.0,0.0,1.0,0.5,0.79,2.75,5.0,BIL
drawdown_budget_79_m2.75,2022,26,-0.03901051181669091,0.03629018913473169,-1.078000708813824,-1.2057570476229404,-0.04517167835981584,-0.8636055429676966,-0.018114119930040827,-0.02854068146949603,95977.63019245195,362,0.045165131629335366,0.0211759551135917,0.14444151716973214,0.9548348683706647,0.07479490248931688,1.8848315427307851,-0.020697081374270523,6.554452088112333e-05,9.250381608189092e-06,0.0,0.0,1.0,0.34615384615384615,0.79,2.75,5.0,BIL
drawdown_budget_79_m2.75,2023,25,0.4043058326597928,0.19606258922355235,1.8339673729203396,5.129764846677438,-0.13627316991519078,2.9668777273722435,-0.03856005431084053,-0.04119306300983791,140052.66224912048,157,0.2523539849926113,0.0352439911199447,0.5648160595062488,0.7476460150073888,0.3509347358798166,8.843555344171378,0.04571756685237044,0.00032800047475207007,2.2934261127721552e-05,0.0,0.0,1.0,0.6,0.79,2.75,5.0,BIL
drawdown_budget_79_m2.75,2024,26,0.43049067320646284,0.2710215178083274,1.457886042467427,2.886404956439569,-0.1100065697984961,3.9133178499703396,-0.07563674380991216,-0.08671267079984867,144684.18533285888,146,0.4639903708980307,0.30897074486479764,0.5775,0.5360096291019694,0.6633986501358579,16.71764598342362,0.025750675282471935,0.0006419629268608837,2.1435723274941082e-05,0.0,0.0,1.0,0.6153846153846154,0.79,2.75,5.0,BIL
drawdown_budget_79_m2.75,2025,25,1.0793169716130424,0.2339740723707181,3.2839527968223976,7.963164581726161,-0.08086802038216923,13.346647618086413,-0.06119255548512048,-0.0808680203821692,206727.15039411208,57,0.47511556972732144,0.3863568582356237,0.5775,0.5248844302726786,0.7837218674698906,19.749791060241243,0.05464953873794848,0.0007704926832803333,1.322918418951075e-05,0.0,0.0,1.0,0.8,0.79,2.75,5.0,BIL
drawdown_budget_79_m2.75,2026,11,0.5213124169243015,0.2865952470250233,1.603923376916424,3.399379011007718,-0.11597451072900544,4.495060282189407,-0.08110193710068768,-0.08110193710068768,120099.10808665345,103,0.41443710148136775,0.2924916743163852,0.45,0.5855628985186323,0.7057377187267027,17.784590511912906,0.029312590389703005,0.0006900649935261203,1.5672725200557674e-05,0.0,0.0,1.0,0.6363636363636364,0.79,2.75,5.0,BIL
drawdown_budget_79_m3,overall,139,0.34118005563017983,0.22227351394227338,1.4358076892640592,2.9260837157176023,-0.20589486346007835,1.6570595783528732,-0.07674277761598239,-0.08671267079984867,504896.7560578646,860,0.335846051913907,0.015508537916560629,0.6300000000000001,0.664153948086093,0.49603313995386566,12.500035126837414,0.027294327749341332,0.00047669601169032604,1.9337128263510115e-05,0.0,0.0,1.0,0.5755395683453237,0.79,3.0,5.0,BIL
drawdown_budget_79_m3,development_2021_2023,77,0.09510009437920952,0.1675519534035563,0.624168028080013,1.1048371349130717,-0.20589486346007835,0.4618866774092633,-0.06808307033818879,-0.08360261973307165,131993.73794228092,860,0.2196401896227763,0.015508537916560629,0.6221217151336258,0.7803598103772238,0.2938990322463088,7.406255612606982,0.012840509341499023,0.0002719820930027502,2.191693924353615e-05,0.0,0.0,1.0,0.4805194805194805,0.79,3.0,5.0,BIL
drawdown_budget_79_m3,confirmation_2024_2026,62,0.7251176893308651,0.2676245173009992,2.1881907613950142,4.69740246346366,-0.11944813848795455,6.070565004275791,-0.07983617995167225,-0.08671267079984867,382515.68894779595,146,0.4801662357270853,0.3085060589953909,0.6300000000000001,0.5198337642729147,0.7470706608164766,18.826180652575207,0.03851645231247036,0.0007309374913507025,1.6133169465735847e-05,0.0,0.0,1.0,0.6935483870967742,0.79,3.0,5.0,BIL
drawdown_budget_79_m3,2021,26,-0.04336564893415784,0.19597114134823648,-0.1309954261710223,-0.17774625962291551,-0.17651913369889793,-0.24567109539598078,-0.0794851598646322,-0.08360261973307165,95528.89024025423,331,0.3640449385107993,0.15220519289508022,0.5840962700259968,0.6359550614892007,0.46011528497949794,11.594905181483348,-0.003740060677978742,0.0004267451320921922,3.337015288726723e-05,0.0,0.0,1.0,0.5,0.79,3.0,5.0,BIL
drawdown_budget_79_m3,2022,26,-0.029369603356394602,0.029214888165954585,-1.0055671870148466,-1.1074985738998233,-0.03567263182826541,-0.8233091266656538,-0.014973491816618978,-0.0241350331427471,96971.2290456788,362,0.03394226390654647,0.015508537916560629,0.121973203038065,0.9660577360934535,0.05888810292969947,1.4839801938284265,-0.019791101982719744,5.057026776339429e-05,8.31783516630187e-06,0.0,0.0,1.0,0.34615384615384615,0.79,3.0,5.0,BIL
drawdown_budget_79_m3,2023,25,0.42891337319571465,0.20828870765934765,1.821313202505773,5.2752886847447025,-0.14084940026216453,3.045191334839719,-0.03856005431084053,-0.04119306300983791,142487.14847953015,157,0.26258509352411147,0.03208175735688952,0.6221217151336258,0.7374149064758885,0.3654454958930659,9.209226496505261,0.04657431037867075,0.0003412968305986607,2.414866529437947e-05,0.0,0.0,1.0,0.6,0.79,3.0,5.0,BIL
drawdown_budget_79_m3,2024,26,0.46450503132206955,0.28393585406900507,1.4871927764614463,2.9769814532657044,-0.11099336699385043,4.184980092979839,-0.07867425616191605,-0.08671267079984867,148235.0470662412,146,0.49097348597624324,0.33410313038282335,0.6300000000000001,0.5090265140237569,0.6947113482879984,17.50672597685756,0.026532946933430425,0.0006756601281954001,1.9051220092563767e-05,0.0,0.0,1.0,0.6153846153846154,0.79,3.0,5.0,BIL
drawdown_budget_79_m3,2025,25,1.1590084091133401,0.24253924399490667,3.3351162186450534,8.381682963418822,-0.08089427038216934,14.327447464917219,-0.061205680485120484,-0.0808942703821692,214586.067861106,57,0.4914938686844319,0.42140656550421135,0.6300000000000001,0.5085061313155681,0.8095551931462921,20.40079086728656,0.05681193521628879,0.0007957025964297878,1.385259671645661e-05,0.0,0.0,1.0,0.8,0.79,3.0,5.0,BIL
drawdown_budget_79_m3,2026,11,0.5257893105389366,0.29296432613551854,1.5846395638446347,3.3789309137553603,-0.11944813848795455,4.4018208838973125,-0.08110193710068768,-0.08110193710068768,120253.25350185164,103,0.42887720568965143,0.3085060589953909,0.45,0.5711227943103485,0.7288187351342077,18.366232125382034,0.028628044497613567,0.0007143996563562227,1.4419078777959046e-05,0.0,0.0,1.0,0.6363636363636364,0.79,3.0,5.0,BIL
drawdown_budget_79_m3.25,overall,139,0.3608288574582761,0.23039750927354394,1.4563899448495163,3.029234209533003,-0.20774028248450715,1.7369229171294016,-0.07811794487471414,-0.08698538365032255,547070.3425255333,860,0.34265330795547844,0.009269790906929679,0.6825000000000001,0.6573466920445216,0.5078357623643204,12.797461211580874,0.02819534683424157,0.0004875825425359692,2.0253219828321518e-05,0.0,0.0,1.0,0.5899280575539568,0.79,3.25,5.0,BIL
drawdown_budget_79_m3.25,development_2021_2023,77,0.10222413055845703,0.17289460906882168,0.6472261702908458,1.1740855583628338,-0.20774028248450715,0.4920765935998989,-0.06872560325352679,-0.08698538365032255,134635.03032053323,860,0.21767489163933468,0.009269790906929679,0.680384267350997,0.7823251083606654,0.2935723660656378,7.398023624854073,0.013817762113523044,0.0002705158579289216,2.3056508136694194e-05,0.0,0.0,1.0,0.5064935064935064,0.79,3.25,5.0,BIL
drawdown_budget_79_m3.25,confirmation_2024_2026,62,0.7680002848254239,0.27790144598182936,2.2069096704522284,4.8145727160273415,-0.12250023685322786,6.269377958391982,-0.08136137901560044,-0.08671267079984867,406335.8111355511,146,0.4978684378964954,0.3240732843131771,0.6825000000000001,0.5021315621035046,0.7739370771223617,19.503214343483513,0.03937813897236027,0.0007571653605156894,1.677171660663287e-05,0.0,0.0,1.0,0.6935483870967742,0.79,3.25,5.0,BIL
drawdown_budget_79_m3.25,2021,26,-0.05398006541552325,0.19501468666665978,-0.18952733705984565,-0.25366712085117543,-0.18594453179200165,-0.2903019782044765,-0.08117654182325765,-0.08698538365032255,94435.48557628044,331,0.35682063712163853,0.13514857469378314,0.63277095919483,0.6431793628783614,0.45797786934098195,11.541042307392745,-0.004677226196540819,0.0004214570114656746,3.652085787527038e-05,0.0,0.0,1.0,0.5,0.79,3.25,5.0,BIL
drawdown_budget_79_m3.25,2022,26,-0.01972409567484157,0.022454417782744755,-0.8759485893637812,-0.9623136212078491,-0.026774282028329877,-0.7366806569816324,-0.011724409374207611,-0.01904409790432044,97965.61547920135,362,0.02458809747095063,0.009269790906929679,0.09603801550291734,0.9754119025290494,0.044970701606840566,1.1332616804923823,-0.017404714210641797,3.777391891549885e-05,7.19678269133932e-06,0.0,0.0,1.0,0.4230769230769231,0.79,3.25,5.0,BIL
drawdown_budget_79_m3.25,2023,25,0.4596635960600879,0.2220502225398078,1.817393411007367,5.458925680028717,-0.14505736640397293,3.168840076552626,-0.03856005431084053,-0.04119306300983791,145528.8787962732,157,0.2737735822728581,0.030541857396192314,0.680384267350997,0.7262264177271418,0.38113637369642894,9.604636617150009,0.04785850984089435,0.0003555886748246584,2.5547698871744026e-05,0.0,0.0,1.0,0.6,0.79,3.25,5.0,BIL
drawdown_budget_79_m3.25,2024,26,0.4970140547394706,0.2967970603077515,1.5094024925856093,3.0567529716118296,-0.1115759823314284,4.454489616440267,-0.08171152928977243,-0.08671267079984867,151631.2111912001,146,0.513790631267996,0.3600511141766411,0.6825000000000001,0.48620936873200404,0.7264270389655316,18.305961381931397,0.027150393490398175,0.0007068586040652477,1.95684349002482e-05,0.0,0.0,1.0,0.6153846153846154,0.79,3.25,5.0,BIL
drawdown_budget_79_m3.25,2025,25,1.2392069132042955,0.2517074680691561,3.370956770316535,8.790256892496789,-0.08092052038216913,15.313877213737683,-0.06121880548512048,-0.0809205203821692,222492.66636761368,43,0.5074820232737133,0.45,0.6825,0.49251797672628683,0.8382941665191214,21.125012996281857,0.058660646193325616,0.0008220885502583544,1.620561626071848e-05,0.0,0.0,1.0,0.8,0.79,3.25,5.0,BIL
drawdown_budget_79_m3.25,2026,11,0.5313041394167628,0.2993515045330985,1.5684794340484283,3.36090417980722,-0.12250023685322786,4.337168262403756,-0.08110193710068768,-0.08110193710068768,120442.78648464002,103,0.4383851049792716,0.3240732843131771,0.45,0.5616148950207284,0.7399674186822321,18.64717895079225,0.028492467456810118,0.0007285195354379491,1.1447883244256627e-05,0.0,0.0,1.0,0.6363636363636364,0.79,3.25,5.0,BIL
drawdown_budget_77_m2.75,overall,139,0.3405801195949971,0.22578354097119988,1.414962342415584,2.8498380605527185,-0.2238031745817769,1.5217841312190608,-0.07909725154246414,-0.08865582111264336,503652.25272302795,1032,0.3465632443471133,0.021954830710537453,0.6325000000000001,0.6534367556528867,0.507184615427064,12.78105230876201,0.026647267483719903,0.0005071846154270332,3.651739679473217e-05,0.0,0.0,1.0,0.5755395683453237,0.77,2.75,10.0,BIL
drawdown_budget_77_m2.75,development_2021_2023,77,0.08404392367777147,0.170118499508406,0.5578285936545043,0.9457224174637345,-0.2238031745817769,0.37552605692401436,-0.07228833097671118,-0.08865582111264336,127963.96466755788,1032,0.23400360314099347,0.021954830710537453,0.5914868572911598,0.7659963968590067,0.3097657710517434,7.806097430503934,0.010766445644061848,0.0003097657710517191,4.316954034059582e-05,0.0,0.0,1.0,0.4805194805194805,0.77,2.75,10.0,BIL
drawdown_budget_77_m2.75,confirmation_2024_2026,62,0.7452442873741152,0.27130616176670336,2.2055779901333734,4.780251979051628,-0.12175061754749028,6.12107192871875,-0.07994162776444647,-0.08671267079984867,393589.12802638166,146,0.48635505681277824,0.3389536135090858,0.6325000000000001,0.5136449431872218,0.752366083441575,18.959625302727687,0.039306910103698,0.0007523660834415359,2.8255863681320862e-05,0.0,0.0,1.0,0.6935483870967742,0.77,2.75,10.0,BIL
drawdown_budget_77_m2.75,2021,26,-0.04837319256106498,0.20665753794004418,-0.13925622821322292,-0.18766929796352488,-0.18075900613134233,-0.2676115209768097,-0.08201176055441806,-0.08865582111264336,95013.00849242882,331,0.3923080122341627,0.18660085481278618,0.5914868572911598,0.6076919877658373,0.4866893299061281,12.264571113634428,-0.003944140574739616,0.0004866893299060857,6.271781936094768e-05,0.0,0.0,1.0,0.5,0.77,2.75,10.0,BIL
drawdown_budget_77_m2.75,2022,26,-0.0460296395564479,0.04119552158968741,-1.1227681375507235,-1.2462341370747936,-0.05254152169213311,-0.8760621709085328,-0.020617149310576007,-0.03273333401852415,95254.43277675721,362,0.050706689790876974,0.021954830710537453,0.165290475149878,0.949293310209123,0.0840675118257385,2.1185012980086104,-0.021727454025973796,8.406751182573352e-05,2.0892353031699393e-05,0.0,0.0,1.0,0.34615384615384615,0.77,2.75,10.0,BIL
drawdown_budget_77_m2.75,2023,25,0.4178254822976375,0.20184179975301772,1.8346807775932332,5.173449631171571,-0.13965573422650335,2.991824751141111,-0.03856005431084053,-0.04119306300983791,141390.236917995,157,0.25999580756821833,0.03652048046124158,0.5886709175090624,0.7400041924317817,0.36049145943822836,9.084384777843354,0.04599381163562183,0.00036049145943820276,4.6007604960682184e-05,0.0,0.0,1.0,0.6,0.77,2.75,10.0,BIL
drawdown_budget_77_m2.75,2024,26,0.48408874953833814,0.2872347385283523,1.5200958281649743,3.071258136452915,-0.11158886304750737,4.33814572814712,-0.07883890178746449,-0.08671267079984867,150280.64258580364,146,0.49861829788596207,0.3665314549481699,0.6325000000000001,0.5013817021140379,0.7011829520892682,17.66981039264956,0.027396374877894196,0.000701182952089233,3.383247685890672e-05,0.0,0.0,1.0,0.6153846153846154,0.77,2.75,10.0,BIL
drawdown_budget_77_m2.75,2025,25,1.1757957145234252,0.24376457924333883,3.352236232130278,8.460610348471194,-0.08098677038216906,14.518367740495815,-0.06125193048512048,-0.0809867703821692,216241.28235963808,57,0.4946510231030466,0.44589823981037074,0.6325,0.5053489768969535,0.811964878769355,20.461514944987744,0.05746376637725196,0.0008119648787693068,2.565381217049099e-05,0.0,0.0,1.0,0.8,0.77,2.75,10.0,BIL
drawdown_budget_77_m2.75,2026,11,0.5509826508354079,0.3034945862716625,1.5932121391833256,3.476154981157244,-0.12175061754749039,4.525501898341419,-0.08110193710068768,-0.08110193710068768,121115.97844280837,103,0.43851474543464286,0.3389536135090858,0.45,0.5614852545653571,0.737892586347527,18.59489317595768,0.029630858624549804,0.0007378925863475004,2.098853142254945e-05,0.0,0.0,1.0,0.6363636363636364,0.77,2.75,10.0,BIL
drawdown_budget_77_m3,overall,139,0.35999803076639925,0.23441963964392465,1.432696602500341,2.944778585126508,-0.22545872484075336,1.596735859393661,-0.08027640061874915,-0.09304313424267037,545230.5634043281,1032,0.35340936097538955,0.017589540951111947,0.6900000000000002,0.6465906390246104,0.5193353244169014,13.087250175305916,0.027507537942972365,0.0005193353244168704,3.906795075281183e-05,0.0,0.0,1.0,0.5755395683453237,0.77,3.0,10.0,BIL
drawdown_budget_77_m3,development_2021_2023,77,0.0886646396720634,0.17493903983595926,0.5711836286285735,0.9834476235252054,-0.22545872484075336,0.3932632890330115,-0.07393683908751437,-0.09304313424267037,129637.91106534806,1032,0.23241596762247213,0.017589540951111947,0.6471631517182603,0.7675840323775277,0.3095465361543912,7.800572711090658,0.011366426922218446,0.00030954653615436733,4.539545793315828e-05,0.0,0.0,1.0,0.4805194805194805,0.77,3.0,10.0,BIL
drawdown_budget_77_m3,confirmation_2024_2026,62,0.7929331381086695,0.2827344409618024,2.2242141450883057,4.919472857695356,-0.12266362733949221,6.464289009765656,-0.0816198122443691,-0.08671267079984867,420579.5657487013,146,0.5036753494943352,0.36703039793624004,0.6900000000000002,0.4963246505056649,0.7798794646784061,19.652962509895833,0.04034674862425473,0.0007798794646783661,3.1209595061091235e-05,0.0,0.0,1.0,0.6935483870967742,0.77,3.0,10.0,BIL
drawdown_budget_77_m3,2021,26,-0.06135850186794789,0.207802112639902,-0.203181719011842,-0.2699647201801501,-0.19229023578449433,-0.31909317505187457,-0.08420541711943157,-0.09304313424267037,93675.65253836541,331,0.39115257129721387,0.17114998483266053,0.6452583897721744,0.6088474287027862,0.49084660875541825,12.36933454063654,-0.0049605337834763025,0.0004908466087553766,6.908927901379204e-05,0.0,0.0,1.0,0.5,0.77,3.0,10.0,BIL
drawdown_budget_77_m3,2022,26,-0.03507401726531012,0.03319044338003755,-1.0588225382833705,-1.1548832063617231,-0.04106486082717353,-0.8541126539530571,-0.017063145950501825,-0.027792504785928145,96383.29006235123,362,0.03786029695050217,0.017589540951111947,0.1400618113814615,0.9621397030494977,0.06589338681181457,1.6605133476577272,-0.021122394056503388,6.589338681181092e-05,1.879732919953687e-05,0.0,0.0,1.0,0.34615384615384615,0.77,3.0,10.0,BIL
drawdown_budget_77_m3,2023,25,0.4399929928510189,0.21376309876147698,1.8161211609802708,5.2855841797873016,-0.1443371183747274,3.048370355494496,-0.03856005431084053,-0.04119306300983791,143583.1743009966,157,0.2696677972995896,0.03274479760089223,0.6471631517182603,0.7303322027004103,0.374393735965603,9.434722146333195,0.04663550086867393,0.00037439373596557667,4.8415937892265414e-05,0.0,0.0,1.0,0.6,0.77,3.0,10.0,BIL
drawdown_budget_77_m3,2024,26,0.5175877928786909,0.3011869453752782,1.5374491477508532,3.1422757968018726,-0.11233094164855428,4.607704567260274,-0.08216652074730973,-0.08671267079984867,153781.72904860583,146,0.5231191494742707,0.3976788102876224,0.6900000000000002,0.4768808505257293,0.7366693321750238,18.5640671708106,0.027881163546559742,0.0007366693321749875,3.639903462035035e-05,0.0,0.0,1.0,0.6153846153846154,0.77,3.0,10.0,BIL
drawdown_budget_77_m3,2025,25,1.2546007154302177,0.25345138475150886,3.3772064082525737,8.857970163253812,-0.0810442703821691,15.480436920636992,-0.06128068048512048,-0.0810442703821692,224010.04870418747,43,0.5103897353752601,0.45,0.6900000000000002,0.48961026462473994,0.8429550858117574,21.242468162456284,0.059060967201899156,0.0008429550858117087,3.29072315812411e-05,0.0,0.0,1.0,0.8,0.77,3.0,10.0,BIL
drawdown_budget_77_m3,2026,11,0.579671096478745,0.31312293776813677,1.6116090943281507,3.6089801268697492,-0.1226636273394921,4.7256966800305715,-0.08110193710068768,-0.08110193710068768,122088.82897726758,88,0.44245730890329465,0.36703039793624004,0.45,0.5575426910967054,0.7386588207469648,18.614202282823513,0.031141334324793695,0.0007386588207469378,1.5085382193410894e-05,0.0,0.0,1.0,0.6363636363636364,0.77,3.0,10.0,BIL
drawdown_budget_77_m3.25,overall,139,0.3834367633422684,0.24427028905993714,1.4545073266447177,3.0666701930210944,-0.22748050067917447,1.6855807957054119,-0.08153152146328323,-0.09684685270184372,599119.7931374416,1032,0.36021329415644066,0.01059956777774801,0.7475000000000002,0.6397867058435593,0.5312817093557279,13.388299075764344,0.028639692105203274,0.0005312817093556969,4.163481664326858e-05,0.0,0.0,1.0,0.5899280575539568,0.77,3.25,10.0,BIL
drawdown_budget_77_m3.25,development_2021_2023,77,0.09945669309514016,0.18276937174279947,0.6077185648623699,1.0827602806141214,-0.22748050067917447,0.437209751157565,-0.07489051768270791,-0.09684685270184372,133604.79841206613,1032,0.23164466611345505,0.01059956777774801,0.7360725633463979,0.7683553338865451,0.3104910042736397,7.82437330769572,0.01271113853902124,0.0003104910042736162,4.784154382957552e-05,0.0,0.0,1.0,0.5064935064935064,0.77,3.25,10.0,BIL
drawdown_budget_77_m3.25,confirmation_2024_2026,62,0.8402681368032439,0.2943970459217257,2.2371119018557564,5.047715263774872,-0.12266362733949199,6.85018171260876,-0.083290392429937,-0.08671267079984867,448426.8531206692,146,0.5198872354356323,0.39761626443092674,0.7475000000000002,0.4801127645643678,0.8054895205060636,20.2983359167528,0.04139591246540296,0.0008054895205060229,3.392646191188739e-05,0.0,0.0,1.0,0.6935483870967742,0.77,3.25,10.0,BIL
drawdown_budget_77_m3.25,2021,26,-0.07281159726144404,0.20748734734957006,-0.2626339171470114,-0.34435721921082246,-0.20245662686605104,-0.35964047405382044,-0.08610727634901824,-0.09684685270184372,92496.58629363577,331,0.3844502629750029,0.15209797646456336,0.6990299222531889,0.615549737024997,0.48971747028076035,12.340880251075161,-0.005900032718905975,0.0004897174702807199,7.591886341093498e-05,0.0,0.0,1.0,0.5,0.77,3.25,10.0,BIL
drawdown_budget_77_m3.25,2022,26,-0.024506430461994744,0.025822057322283924,-0.9478581892349554,-1.0268468217477353,-0.03137619176094719,-0.781051781194715,-0.013536980301723914,-0.022334323106908936,97472.5501771361,362,0.02742897278826525,0.01059956777774801,0.11223961692964876,0.9725710272117347,0.05050649538626285,1.2727636837338236,-0.019254501660592508,5.050649538626022e-05,1.6440925544438015e-05,0.0,0.0,1.0,0.4230769230769231,0.77,3.25,10.0,BIL
drawdown_budget_77_m3.25,2023,25,0.4865534691780049,0.2328518895891638,1.8218895568398714,5.581489129936658,-0.14939463183565405,3.2568336840459726,-0.039288746643656225,-0.04119306300983791,148188.33640850743,142,0.28511116643564255,0.030877921662946176,0.7360725633463979,0.7148888335643576,0.3944793688691059,9.940880095501468,0.04894470756147479,0.0003944793688690784,5.1297774481504686e-05,0.0,0.0,1.0,0.6,0.77,3.25,10.0,BIL
drawdown_budget_77_m3.25,2024,26,0.5474421515587373,0.31487884425677737,1.5457097481365667,3.186122393897763,-0.1124909679666195,4.86654316745843,-0.08547893111844554,-0.08671267079984867,156903.96849776525,146,0.5458006452972751,0.4303103859501042,0.7475000000000002,0.4541993547027249,0.7685235279122283,19.366792903388152,0.028267052489778226,0.000768523527912191,3.787821738823629e-05,0.0,0.0,1.0,0.6153846153846154,0.77,3.25,10.0,BIL
drawdown_budget_77_m3.25,2025,25,1.3337862070336275,0.263660670571369,3.3903093944290488,9.24587854612293,-0.08110177038216926,16.445833435553077,-0.061309430485120484,-0.0811017703821692,231814.15389317967,43,0.5257830221939648,0.45,0.7474999999999998,0.4742169778060352,0.8738495976873007,22.02100986171998,0.06056880294814283,0.0008738495976872513,4.055358061218915e-05,0.0,0.0,1.0,0.8,0.77,3.25,10.0,BIL
drawdown_budget_77_m3.25,2026,11,0.6154155676966686,0.3235910502615467,1.6382550526691515,3.791297948224495,-0.1226636273394921,5.01709904594133,-0.08110193710068768,-0.08110193710068768,123287.12757450668,74,0.4452378422209934,0.39761626443092674,0.45,0.5547621577790066,0.7374998730432251,18.58499680068927,0.03311356866490525,0.0007374998730431977,9.524315558013324e-06,0.0,0.0,1.0,0.6363636363636364,0.77,3.25,10.0,BIL
drawdown_budget_78_m2.75,overall,139,0.3314361114893314,0.2201651837341662,1.4142265714153102,2.8386311962200006,-0.21384596898897446,1.549882436673004,-0.07742127806588417,-0.08671267079984867,484992.6572937986,1032,0.3374930228524442,0.02152706036316563,0.6050000000000001,0.6625069771475558,0.4955556163780667,12.488001532727282,0.02654036441465333,0.0004955556163780366,3.691020907572744e-05,0.0,0.0,1.0,0.5755395683453237,0.78,2.75,10.0,BIL
drawdown_budget_78_m2.75,development_2021_2023,77,0.08710553882571848,0.16670708249699928,0.5827613525372509,1.0013692693174707,-0.21384596898897446,0.4073284113679482,-0.06950479808440059,-0.08413576917987788,129071.45933064219,1032,0.2277335016070827,0.02152706036316563,0.5820703108463949,0.7722664983929173,0.30214697387477807,7.614103741644407,0.01144002521916078,0.00030214697387475454,4.24413528659623e-05,0.0,0.0,1.0,0.4805194805194805,0.78,2.75,10.0,BIL
drawdown_budget_78_m2.75,confirmation_2024_2026,62,0.7126595532453457,0.26435057336471945,2.184229000941328,4.6704501315435945,-0.11899112498701225,5.989182414429074,-0.07913367431075456,-0.08671267079984867,375755.1513006402,146,0.47380726697974784,0.3152912690937661,0.6050000000000001,0.5261927330202522,0.7357566723902155,18.541068144233428,0.03843681214596012,0.0007357566723901775,3.0040885336242198e-05,0.0,0.0,1.0,0.6935483870967742,0.78,2.75,10.0,BIL
drawdown_budget_78_m2.75,2021,26,-0.040036774158619726,0.2009772696832136,-0.10564820307577241,-0.14382644972971032,-0.17335345246438782,-0.23095458203720817,-0.07975173458803532,-0.08413576917987788,95871.88144765877,331,0.3790428289230406,0.17618364569143363,0.5634542190741619,0.6209571710769594,0.4719004107413164,11.891890350681173,-0.0033667291723999456,0.0004719004107412755,6.183392552395553e-05,0.0,0.0,1.0,0.5,0.78,2.75,10.0,BIL
drawdown_budget_78_m2.75,2022,26,-0.04265261860835634,0.038790445960673416,-1.1038758294854984,-1.228417715708458,-0.04898407505033742,-0.8707445953511485,-0.01940559572284943,-0.030738973173011292,95602.35426307734,362,0.047870756264264104,0.02152706036316563,0.1551787836111507,0.9521292437357359,0.0793592423567106,1.9998529073891071,-0.02132787789080005,7.935924235670588e-05,1.9709161848469438e-05,0.0,0.0,1.0,0.34615384615384615,0.78,2.75,10.0,BIL
drawdown_budget_78_m2.75,2023,25,0.41208144374583555,0.19983615718734202,1.8306907388332363,5.142649980007705,-0.1387727814575681,2.9694687922057375,-0.03856005431084053,-0.04119306300983791,140821.95943265103,157,0.2574290563550177,0.03581870562679573,0.5820703108463949,0.7425709436449823,0.3573026403123686,9.004026535871688,0.04576635154329224,0.0003573026403123431,4.591455595984192e-05,0.0,0.0,1.0,0.6,0.78,2.75,10.0,BIL
drawdown_budget_78_m2.75,2024,26,0.4566499654359708,0.2791582287707489,1.4886720436051262,2.9739266722857303,-0.1112101410287466,4.106189968034766,-0.07723674488008067,-0.08671267079984867,147414.79822301256,146,0.4827979029252837,0.33660612702897963,0.6050000000000001,0.5172020970747163,0.6821034865491534,17.189007861038665,0.02656639458936039,0.0006821034865491192,3.631819476446387e-05,0.0,0.0,1.0,0.6153846153846154,0.78,2.75,10.0,BIL
drawdown_budget_78_m2.75,2025,25,1.1268141423235072,0.23874640250488577,3.3199228573390958,8.207991923126558,-0.08095927038216921,13.918284305236046,-0.06123818048512048,-0.0809592703821692,211411.45316881794,57,0.4848800316708454,0.416044680204798,0.6050000000000001,0.5151199683291545,0.796512021956053,20.072102953292536,0.05613832018227416,0.0007965120219560054,2.4727584822169647e-05,0.0,0.0,1.0,0.8,0.78,2.75,10.0,BIL
drawdown_budget_78_m2.75,2026,11,0.5349802798769201,0.29471887621984494,1.5973599458349121,3.4336330886738393,-0.11899112498701236,4.49596791302975,-0.08110193710068768,-0.08110193710068768,120568.91407550956,103,0.42739129862871383,0.3152912690937661,0.45,0.5726087013712862,0.7244929535467314,18.25722242937763,0.029302391530054716,0.0007244929535467057,2.7279291492428608e-05,0.0,0.0,1.0,0.6363636363636364,0.78,2.75,10.0,BIL
drawdown_budget_78_m3,overall,139,0.3511382281486821,0.22863128140531527,1.4345361744704694,2.93603113253788,-0.2156886354492643,1.6279866921003316,-0.07853439622160827,-0.0882688024981523,525924.4960616156,1032,0.3455740157337463,0.016491019047793334,0.6600000000000001,0.6544259842662536,0.5085942979893674,12.816576309332058,0.027397194045730443,0.000508594297989337,3.8368862136056355e-05,0.0,0.0,1.0,0.5755395683453237,0.78,3.0,10.0,BIL
drawdown_budget_78_m3,development_2021_2023,77,0.09240133645484616,0.17193311556113486,0.5980918362722785,1.0464460180665647,-0.2156886354492643,0.42840150693327284,-0.07105213845791362,-0.0882688024981523,131002.32819431888,1032,0.2267252523728276,0.016491019047793334,0.6431731876867077,0.7732747476271725,0.3026085791582008,7.6257361947866595,0.012117038157970427,0.0003026085791581775,4.4612260467176784e-05,0.0,0.0,1.0,0.4805194805194805,0.78,3.0,10.0,BIL
drawdown_budget_78_m3,confirmation_2024_2026,62,0.759349954336431,0.2751953291970232,2.207883393997196,4.8059140083695855,-0.12234748213586455,6.206502504834447,-0.08073760580225962,-0.08671267079984867,401461.9459903788,146,0.49317651216585473,0.33379674487273264,0.6600000000000001,0.5068234878341452,0.7644152713764613,19.263264838686823,0.039419587525548236,0.0007644152713764222,3.061496420869712e-05,0.0,0.0,1.0,0.6935483870967742,0.78,3.0,10.0,BIL
drawdown_budget_78_m3,2021,26,-0.052343521374246915,0.20201223146854175,-0.16771180513779735,-0.22520011325507178,-0.184285275544132,-0.28403528833052033,-0.08181825124717254,-0.0882688024981523,94604.04279348128,331,0.3777611450397532,0.16148751736522868,0.6146773298990857,0.6222388549602468,0.4756710348807537,11.986910078994992,-0.004366723453275084,0.00047567103488071355,6.790056062966901e-05,0.0,0.0,1.0,0.5,0.78,3.0,10.0,BIL
drawdown_budget_78_m3,2022,26,-0.032345385456908904,0.031262335638602846,-1.035867674923135,-1.133712596449077,-0.03849796866923094,-0.8401842116610319,-0.016062349194286764,-0.026071968566532613,96664.50926094908,362,0.035837793575307586,0.016491019047793334,0.13135005432086042,0.9641622064246924,0.062324106136665273,1.5705674746439648,-0.020594712407527315,6.232410613666179e-05,1.77330255739108e-05,0.0,0.0,1.0,0.34615384615384615,0.78,3.0,10.0,BIL
drawdown_budget_78_m3,2023,25,0.4366503594693161,0.21257237534580115,1.8141394867986986,5.269811132258362,-0.14381333299354881,3.0362300238803543,-0.03856005431084053,-0.04119306300983791,143252.5190765399,157,0.26817088114864573,0.03236485902481306,0.6431731876867077,0.7318291188513544,0.3725194771491427,9.387490824158396,0.046514065115846596,0.00037251947714911636,4.8346832587181484e-05,0.0,0.0,1.0,0.6,0.78,3.0,10.0,BIL
drawdown_budget_78_m3,2024,26,0.4929059531161737,0.2927233793422819,1.5171248096718535,3.0720194382803787,-0.11165792183258005,4.414428864753878,-0.08041710786309081,-0.08671267079984867,151201.91426658278,146,0.5076339167061202,0.36587958905736373,0.6600000000000001,0.4923660832938799,0.7153022377480446,18.025616391250722,0.027344748851718628,0.000715302237748009,3.602332715587256e-05,0.0,0.0,1.0,0.6153846153846154,0.78,3.0,10.0,BIL
drawdown_budget_78_m3,2025,25,1.211285244715227,0.24815802166496084,3.3639160779247312,8.641107458298368,-0.08101427038216935,14.951504704062877,-0.06126568048512048,-0.0810142703821692,219740.18816415986,43,0.5019295302055725,0.45,0.6599999999999998,0.49807046979442743,0.8265446721338315,20.828925737772554,0.058153995072275956,0.0008265446721337832,2.9164590585279998e-05,0.0,0.0,1.0,0.8,0.78,3.0,10.0,BIL
drawdown_budget_78_m3,2026,11,0.5426287450919733,0.302222161196252,1.58072633973265,3.422463634618292,-0.12234748213586455,4.435144357849509,-0.08110193710068768,-0.08110193710068768,120830.78690755076,103,0.4391112422531418,0.33379674487273264,0.45,0.5608887577468582,0.739297440049604,18.63029548925002,0.029126148074520818,0.0007392974400495773,2.1127864568594067e-05,0.0,0.0,1.0,0.6363636363636364,0.78,3.0,10.0,BIL
drawdown_budget_78_m3.25,overall,139,0.3729176493898976,0.23762788803987506,1.4563925571493854,3.0515558417428243,-0.21762599885198097,1.7135712247484673,-0.07982862108317176,-0.09184575848698494,574419.9536482038,860,0.3522089473286949,0.009861656598686038,0.7150000000000001,0.6477910526713051,0.5204285758933103,13.114800112511418,0.028434870999988558,0.0005204285758932798,4.098605536392334e-05,0.0,0.0,1.0,0.5899280575539568,0.78,3.25,10.0,BIL
drawdown_budget_78_m3.25,development_2021_2023,77,0.10210848062410638,0.17878535623803374,0.6308547163571833,1.1375181931597174,-0.21762599885198097,0.4691924731546243,-0.07182493259930445,-0.09184575848698494,134591.87077148995,860,0.2258508982896437,0.009861656598686038,0.7149999999999999,0.7741491017103563,0.3032732191668287,7.642485123004083,0.01336063845472949,0.00030327321916680586,4.678398041571903e-05,0.0,0.0,1.0,0.5064935064935064,0.78,3.25,10.0,BIL
drawdown_budget_78_m3.25,confirmation_2024_2026,62,0.8036412140175908,0.28602237737193725,2.2229483753614443,4.930988787951384,-0.12266362733949199,6.551585269799499,-0.08233885630989646,-0.08671267079984867,426786.51418959344,146,0.5091374921030002,0.36057231981314636,0.7150000000000001,0.49086250789699976,0.7901215189245857,19.91106227689956,0.040361543891606434,0.0007901215189245458,3.378540650927385e-05,0.0,0.0,1.0,0.6935483870967742,0.78,3.25,10.0,BIL
drawdown_budget_78_m3.25,2021,26,-0.06346034013354462,0.20126651342467158,-0.2273948847754184,-0.3012049922407755,-0.19415623834805795,-0.3268519243753642,-0.08360672924158885,-0.09184575848698494,93459.23939651134,331,0.37061462812132706,0.14341900713178446,0.6659004407240096,0.6293853718786729,0.47386361853100656,11.941363186981365,-0.005314329623834734,0.00047386361853096775,7.448287598639415e-05,0.0,0.0,1.0,0.5,0.78,3.25,10.0,BIL
drawdown_budget_78_m3.25,2022,26,-0.02215482341637398,0.024152993839250597,-0.915450870324101,-0.9970650091872207,-0.02912445516214124,-0.760694862548809,-0.012649448123468923,-0.02074941721246878,97714.99453553073,362,0.02590346531500725,0.009861656598686038,0.10422892050021168,0.9740965346849926,0.047595762780358264,1.1994132220650282,-0.018471385014607433,4.759576278035577e-05,1.5409167555483293e-05,0.0,0.0,1.0,0.4230769230769231,0.78,3.25,10.0,BIL
drawdown_budget_78_m3.25,2023,25,0.4783690378490879,0.2295715862660359,1.820690174529845,5.5085819756825725,-0.14916010729105011,3.2070842971148155,-0.039288746643656225,-0.04119306300983791,147378.92192612565,142,0.283241949558315,0.030666985192395642,0.7149999999999999,0.716758050441685,0.39176375847001293,9.872446713444326,0.04845496275990466,0.0003917637584699856,5.060693439686209e-05,0.0,0.0,1.0,0.6,0.78,3.25,10.0,BIL
drawdown_budget_78_m3.25,2024,26,0.5222769511508154,0.3058565898606585,1.5284537631657842,3.124043175350186,-0.11234740903914686,4.648767208942315,-0.08359210887836446,-0.08671267079984867,154272.00421122785,146,0.5303997900845209,0.39415298753766875,0.7150000000000001,0.4696002099154791,0.7483863293262711,18.85933549902203,0.027693284908044537,0.0007483863293262343,3.860454477648459e-05,0.0,0.0,1.0,0.6153846153846154,0.78,3.25,10.0,BIL
drawdown_budget_78_m3.25,2025,25,1.285586990153241,0.2575763875034527,3.381363681896655,9.01124690467167,-0.08106927038216916,15.857882821602407,-0.06129318048512048,-0.0810692703821692,227064.14774997244,43,0.5166223059350129,0.45,0.7150000000000001,0.4833776940649871,0.8560620322367966,21.572763212367274,0.05959306081922029,0.0008560620322367473,3.648486716050689e-05,0.0,0.0,1.0,0.8,0.78,3.25,10.0,BIL
drawdown_budget_78_m3.25,2026,11,0.5721816609991408,0.31098352720831607,1.6053874601099805,3.570484479419456,-0.1226636273394921,4.664639986681076,-0.08110193710068768,-0.08110193710068768,121835.82248695438,88,0.44187021089210426,0.36057231981314636,0.45,0.5581297891078957,0.7389035277201228,18.620368898547095,0.030728803715794634,0.0007389035277200959,1.6259578215791573e-05,0.0,0.0,1.0,0.6363636363636364,0.78,3.25,10.0,BIL
drawdown_budget_79_m2.75,overall,139,0.3214710042195217,0.21414943968772687,1.4126729708427401,2.8255875383141102,-0.20390908899282556,1.57654082908895,-0.07566221419062669,-0.08671267079984867,465305.9009696409,860,0.32687956254499645,0.021040317177517264,0.5775000000000001,0.6731204374550036,0.4830280900696885,12.17230786975615,0.026410029031410112,0.00048302809006965923,3.83671572512712e-05,0.0,0.0,1.0,0.5755395683453237,0.79,2.75,10.0,BIL
drawdown_budget_79_m2.75,development_2021_2023,77,0.08881902589337232,0.1620614929352487,0.6045994373676897,1.0489338065542082,-0.20390908899282556,0.4355814953226404,-0.06657297581542038,-0.0796508392068348,129694.09341873461,860,0.219993502912297,0.021040317177517264,0.5639449882476001,0.7800064970877031,0.2927160219369799,7.376443752811893,0.012040900584311322,0.0002927160219369571,4.1686626628756995e-05,0.0,0.0,1.0,0.4805194805194805,0.79,2.75,10.0,BIL
drawdown_budget_79_m2.75,confirmation_2024_2026,62,0.6807643131047272,0.2575426422082674,2.1609999985303388,4.565156040357089,-0.11600853951086776,5.868225873500913,-0.07832860203604669,-0.08671267079984867,358771.85205909045,146,0.4596251527339939,0.29239707383835234,0.5775000000000001,0.5403748472660059,0.7193834004925684,18.128461692412724,0.037552238278973575,0.0007193834004925314,3.4244590443748526e-05,0.0,0.0,1.0,0.6935483870967742,0.79,2.75,10.0,BIL
drawdown_budget_79_m2.75,2021,26,-0.03230340912322871,0.19470001528775308,-0.07424576247932886,-0.10201971879218524,-0.16648178770304878,-0.19403569344682822,-0.07750926960151377,-0.0796508392068348,96668.8356372228,331,0.36479733513760376,0.16594862744436742,0.535421580857164,0.6352026648623963,0.45614663318491133,11.494895156259766,-0.0028102395614837137,0.0004561466331848722,6.105387676936329e-05,0.0,0.0,1.0,0.5,0.79,2.75,10.0,BIL
drawdown_budget_79_m2.75,2022,26,-0.038778781796985906,0.03603972417106658,-1.079055746972609,-1.2050011901971016,-0.0449027996480571,-0.8636161241822218,-0.018017117459660312,-0.028450753410107797,96001.5087535605,362,0.04463407106319972,0.021040317177517264,0.14357824706292102,0.9553659289368002,0.07397268669789067,1.864111704786845,-0.02080282082742468,7.397268669788626e-05,1.834533891639727e-05,0.0,0.0,1.0,0.34615384615384615,0.79,2.75,10.0,BIL
drawdown_budget_79_m2.75,2023,25,0.4012592642199768,0.19545024412341652,1.82790126673867,5.09784211393107,-0.13634896233092808,2.942884620171099,-0.03856005431084053,-0.04119306300983791,139751.23409275626,157,0.2517713265210391,0.03502000981269754,0.5639449882476001,0.748228673478961,0.350241254887784,8.826079623172157,0.04546291007465003,0.00035024125488775906,4.5819625703380556e-05,0.0,0.0,1.0,0.6,0.79,2.75,10.0,BIL
drawdown_budget_79_m2.75,2024,26,0.4296345226037368,0.27097568869871413,1.455849230434793,2.8816242880635925,-0.11008642179974348,3.902702218673965,-0.07564035033066493,-0.08671267079984867,144594.84349543203,146,0.4639022005408305,0.3087517111564688,0.5775000000000001,0.5360977994591695,0.6633328672018751,16.715988253487254,0.025702011516675203,0.0006633328672018419,4.2918750198104204e-05,0.0,0.0,1.0,0.6153846153846154,0.79,2.75,10.0,BIL
drawdown_budget_79_m2.75,2025,25,1.0783983114417368,0.2339604086082381,3.282191642910292,7.953420824062479,-0.08093177038216925,13.324783411377439,-0.06122443048512048,-0.0809317703821692,206636.54126898193,57,0.4750736714327665,0.38619290713228716,0.5775,0.5249263285672334,0.783703703160479,19.74933331964407,0.05460428936955995,0.0007837037031604323,2.6498759076227377e-05,0.0,0.0,1.0,0.8,0.79,2.75,10.0,BIL
drawdown_budget_79_m2.75,2026,11,0.5206597355730074,0.28654531446253717,1.6026379576258802,3.3960453971491713,-0.11600853951086765,4.4881155970783695,-0.08110193710068768,-0.08110193710068768,120076.6140589876,103,0.4144054972388062,0.29239707383835234,0.45,0.5855945027611938,0.7056839731162288,17.783236122528965,0.029278120809147982,0.000705683973116204,3.1346193223274126e-05,0.0,0.0,1.0,0.6363636363636364,0.79,2.75,10.0,BIL
drawdown_budget_79_m3,overall,139,0.34029518669178227,0.22206904105674347,1.433929976114203,2.9206468200312763,-0.20597863840804187,1.6520896988243048,-0.07669007477350032,-0.08671267079984867,503062.07006011513,860,0.3354957770981432,0.015193652664062595,0.6300000000000001,0.6645042229018567,0.49563190276362185,12.48992394964327,0.02724557715993952,0.0004956319027635922,3.86635814431829e-05,0.0,0.0,1.0,0.5755395683453237,0.79,3.0,10.0,BIL
drawdown_budget_79_m3,development_2021_2023,77,0.09420461896417942,0.1670811173837101,0.6205712543129871,1.096719307546416,-0.20597863840804187,0.4573514015446636,-0.06798386517603429,-0.08353482345797046,131664.22056491143,860,0.21903203637023988,0.015193652664062595,0.6211119713103962,0.7809679636297602,0.29318741268261017,7.388322799601776,0.012750474162993658,0.0002931874126825878,4.3793632249372606e-05,0.0,0.0,1.0,0.4805194805194805,0.79,3.0,10.0,BIL
drawdown_budget_79_m3,confirmation_2024_2026,62,0.7243179587543553,0.26759065045598646,2.1866675036619756,4.692421043222811,-0.11947325088676453,6.062595211716941,-0.07985991717323636,-0.08671267079984867,382079.55654292734,146,0.4801362292924746,0.30842929827311977,0.6300000000000001,0.5198637707075255,0.7470548985093942,18.825783442436734,0.038474784381170093,0.000747054898509356,3.229238931291504e-05,0.0,0.0,1.0,0.6935483870967742,0.79,3.0,10.0,BIL
drawdown_budget_79_m3,2021,26,-0.04391374703794437,0.19554586851526545,-0.13461106255392621,-0.18249577157297805,-0.1767977681694035,-0.2483840576305649,-0.07945126172708161,-0.08353482345797046,95472.4204834486,331,0.36328231514818066,0.1520062460278927,0.5840962700259971,0.6367176848518195,0.45944979913511325,11.578134938204853,-0.003792817001384252,0.00045944979913507475,6.684469319787973e-05,0.0,0.0,1.0,0.5,0.79,3.0,10.0,BIL
drawdown_budget_79_m3,2022,26,-0.02910361044063603,0.02897826098868369,-1.0045639426830582,-1.1047450759127537,-0.035447996993092756,-0.8210227067641377,-0.014874057791774925,-0.02402747899842035,96998.64691982431,362,0.03344501116388815,0.015193652664062595,0.12099905908939157,0.9665549888361119,0.058089593671362384,1.463857760518332,-0.019881446972232354,5.808959367135913e-05,1.6461696790565117e-05,0.0,0.0,1.0,0.34615384615384615,0.79,3.0,10.0,BIL
drawdown_budget_79_m3,2023,25,0.42576108378072575,0.20765885301681597,1.8154899189231355,5.2427897006326845,-0.1409160474323422,3.021381109806857,-0.03856005431084053,-0.04119306300983791,142175.3032170082,157,0.2620222526557873,0.031916390245845534,0.6211119713103962,0.7379777473442128,0.36477626254370465,9.192361816101357,0.04631683263761027,0.00036477626254367894,4.824574174008501e-05,0.0,0.0,1.0,0.6,0.79,3.0,10.0,BIL
drawdown_budget_79_m3,2024,26,0.46379232707572515,0.2838901044747788,1.4856499003471562,2.973232378833191,-0.11104480522160576,4.176623356222395,-0.07867673060504426,-0.08671267079984867,148160.61864176614,146,0.49095718518112275,0.33394887175296556,0.63,0.5090428148188773,0.6947324509183925,17.507257763143492,0.02649143191643107,0.0006947324509183581,3.8143636489335796e-05,0.0,0.0,1.0,0.6153846153846154,0.79,3.0,10.0,BIL
drawdown_budget_79_m3,2025,25,1.1579908143299305,0.24252726646193884,3.333271194822101,8.369764756917363,-0.08098427038216915,14.298959648155241,-0.06125068048512048,-0.0809842703821692,214485.7305773359,57,0.4914454788667012,0.4211540416336994,0.6300000000000001,0.5085545211332989,0.809508094148466,20.399603972541343,0.05676535759658035,0.0008095080941484184,2.7725395342554175e-05,0.0,0.0,1.0,0.8,0.79,3.0,10.0,BIL
drawdown_budget_79_m3,2026,11,0.5251920521546427,0.29291055705502755,1.5835264048843551,3.375833069109071,-0.11947325088676453,4.3958965563966625,-0.08110193710068768,-0.08110193710068768,120232.70384515144,103,0.42885658452333664,0.30842929827311977,0.45,0.5711434154766634,0.728787057272053,18.365433843255733,0.02859676807185837,0.0007287870572720272,2.8841700464922482e-05,0.0,0.0,1.0,0.6363636363636364,0.79,3.0,10.0,BIL
drawdown_budget_79_m3.25,overall,139,0.35992921814341483,0.23018012106240546,1.4546530894181795,3.023941695386851,-0.207802538762077,1.7320732474568798,-0.07813434307676557,-0.08689031863290067,545078.4124542015,860,0.3422875754748375,0.00901511223235901,0.6825000000000001,0.6577124245251625,0.5074250056557699,12.7871101425254,0.028147815583946346,0.0005074250056557402,4.049407673351227e-05,0.0,0.0,1.0,0.5899280575539568,0.79,3.25,10.0,BIL
drawdown_budget_79_m3.25,development_2021_2023,77,0.10129611512760972,0.17238688969797664,0.6437535338216703,1.165893862431655,-0.207802538762077,0.4874633184515058,-0.0686003174475892,-0.08689031863290067,134288.96532057447,860,0.21702450451150862,0.00901511223235901,0.6792251814911693,0.7829754954884912,0.29282732215226415,7.379248518237056,0.013727158649998947,0.0002928273221522423,4.6075110262016384e-05,0.0,0.0,1.0,0.5064935064935064,0.79,3.25,10.0,BIL
drawdown_budget_79_m3.25,confirmation_2024_2026,62,0.7672286495920426,0.2778678119950326,2.2055410465241505,4.809766389697336,-0.12250107859203685,6.263035872093261,-0.08139099575364653,-0.08671267079984867,405899.6293202431,146,0.4978562281228424,0.32407047762474817,0.6825000000000001,0.5021437718771576,0.7739414835552851,19.503325385593186,0.039338350482466075,0.0007739414835552456,3.356279315778942e-05,0.0,0.0,1.0,0.6935483870967742,0.79,3.25,10.0,BIL
drawdown_budget_79_m3.25,2021,26,-0.054516306354639665,0.1945397097514631,-0.19335140434512563,-0.25854713468167834,-0.18621484806623967,-0.29276025473139133,-0.08112900931454672,-0.08689031863290067,94380.25700663481,331,0.3558673971853892,0.13491318113345993,0.6327709591948302,0.6441326028146107,0.4571370959254616,11.519854817321631,-0.0047323779005154784,0.00045713709592542454,7.316396793926855e-05,0.0,0.0,1.0,0.5,0.79,3.25,10.0,BIL
drawdown_budget_79_m3.25,2022,26,-0.019442968603630484,0.022236291461510835,-0.8718684005221193,-0.9567087658834839,-0.026527506239871212,-0.7329361617266319,-0.011626306543574034,-0.018921352330505466,97994.60244751822,362,0.02415054529685492,0.00901511223235901,0.09499035906594296,0.9758494547031449,0.044239319937376766,1.1148308624218946,-0.017440285570666705,4.4239319937374426e-05,1.4211470093015045e-05,0.0,0.0,1.0,0.4230769230769231,0.79,3.25,10.0,BIL
drawdown_budget_79_m3.25,2023,25,0.45630611391329956,0.2213780512002188,1.8117590766202172,5.425232752801486,-0.14511487024483893,3.1444476582132235,-0.03856005431084053,-0.04119306300983791,145196.79051263418,157,0.27321681371391265,0.03042508246946929,0.6792251814911693,0.7267831862860874,0.3804766797316219,9.588012329236872,0.047591314888267136,0.00038047667973159537,5.104088405343552e-05,0.0,0.0,1.0,0.6,0.79,3.25,10.0,BIL
drawdown_budget_79_m3.25,2024,26,0.4962808654222661,0.2967401399155739,1.507962824999605,3.053137927074543,-0.11161437936867913,4.446388254178036,-0.08171263776586461,-0.08671267079984867,151554.5901083794,146,0.5137803690307621,0.35992620729786634,0.6825000000000001,0.4862196309692379,0.7264602450935119,18.3067981763565,0.027109102347739878,0.0007264602450934762,3.918281992294294e-05,0.0,0.0,1.0,0.6153846153846154,0.79,3.25,10.0,BIL
drawdown_budget_79_m3.25,2025,25,1.238194032901896,0.25170702119397736,3.369112955644186,8.776499631966574,-0.08103677038216905,15.27940991555535,-0.06127693048512048,-0.0810367703821692,222392.82285596654,43,0.5074625280293142,0.45,0.6825000000000001,0.49253747197068576,0.8382705133056981,21.124416935303593,0.05861435308221921,0.0008382705133056495,3.241123252143697e-05,0.0,0.0,1.0,0.8,0.79,3.25,10.0,BIL
drawdown_budget_79_m3.25,2026,11,0.5308841468960714,0.2993039756291222,1.567756831266144,3.358807068137833,-0.12250107859203696,4.333709980334662,-0.08110193710068768,-0.08110193710068768,120428.36577599889,103,0.4383848498257781,0.32407047762474817,0.45,0.561615150174222,0.7399675250321736,18.647181630810774,0.02846994025193011,0.000739967525032147,2.2896276795500327e-05,0.0,0.0,1.0,0.6363636363636364,0.79,3.25,10.0,BIL
drawdown_budget_77_m2.75,overall,139,0.3370498036361289,0.22481591109773452,1.4082795634442904,2.8285270094181394,-0.2239247197120322,1.505192477496794,-0.0790117600176932,-0.08847832628765782,496379.7519286834,1032,0.34495441834595264,0.021527577564011417,0.6325000000000001,0.6550455816540474,0.5053553911110006,12.734955855997214,0.026466507418430006,0.0005602328005371621,9.146234904365361e-05,0.0,0.0,1.0,0.5755395683453237,0.77,2.75,25.0,BIL
drawdown_budget_77_m2.75,development_2021_2023,77,0.079949073152346,0.16771826150793204,0.5409348244379465,0.9082189927702694,-0.2239247197120322,0.35703549503226234,-0.0720966059299267,-0.08847832628765782,126492.73000959607,1032,0.2311500053455216,0.021527577564011417,0.5914868572911596,0.7688499946544783,0.3062992957799647,7.71874225365511,0.010357785054227865,0.00037088474011092907,0.000107642407218314,0.0,0.0,1.0,0.4805194805194805,0.77,2.75,25.0,BIL
drawdown_budget_77_m2.75,confirmation_2024_2026,62,0.7431310228821304,0.2712289225834638,2.2015749594891045,4.766214718021884,-0.1217744861759067,6.102518238579604,-0.08003680021436602,-0.08671267079984867,392417.61316324386,146,0.4862921570722943,0.33888808549903887,0.6325000000000001,0.5137078429277057,0.752570219183416,18.964769523422085,0.039184816982054026,0.000795390875582645,7.136776066544639e-05,0.0,0.0,1.0,0.6935483870967742,0.77,2.75,25.0,BIL
drawdown_budget_77_m2.75,2021,26,-0.04991225931064924,0.20569914468373998,-0.14867519103196702,-0.19996646379107968,-0.18150496270205974,-0.274991154884179,-0.0819230131419253,-0.08847832628765782,94854.46971307998,331,0.390664159578451,0.18600770647190734,0.5914868572911596,0.609335840421549,0.4853061712239033,12.229715514842363,-0.004081228156948882,0.0005797543790857987,0.00015741367976989607,0.0,0.0,1.0,0.5,0.77,2.75,25.0,BIL
drawdown_budget_77_m2.75,2022,26,-0.04542762685175383,0.040490632983867736,-1.1274484824676156,-1.2452637386492404,-0.051826529272567146,-0.8765322989861027,-0.020355832768869965,-0.03253716232109086,95316.45297167482,362,0.04907421163619487,0.021527577564011417,0.1629348334347821,0.950925788363805,0.08156166897108813,2.055354058071421,-0.02210209315196014,0.0001122190987811181,5.109571635005796e-05,0.0,0.0,1.0,0.34615384615384615,0.77,2.75,25.0,BIL
drawdown_budget_77_m2.75,2023,25,0.4028350620419099,0.19721232414268355,1.8189264757914492,5.0674608341775285,-0.1380195808772574,2.9186805196876833,-0.03856005431084053,-0.04119306300983791,139907.14452702383,157,0.25461411040097487,0.03581468790701276,0.5721924471323425,0.7453858895990253,0.35385927719950033,8.917253785427409,0.04517478942903067,0.0004226725825600681,0.00011468884226765494,0.0,0.0,1.0,0.6,0.77,2.75,25.0,BIL
drawdown_budget_77_m2.75,2024,26,0.48209474013979214,0.28713298373701446,1.5157884960017824,3.0600822270840724,-0.11169626655570097,4.316122239406989,-0.07889237168730358,-0.08671267079984867,150072.3211728721,146,0.498583054839897,0.3662432732443565,0.6325000000000001,0.501416945160103,0.7017727258735464,17.68467269201337,0.0272605972717557,0.0007534764096979808,8.617280637411608e-05,0.0,0.0,1.0,0.6153846153846154,0.77,2.75,25.0,BIL
drawdown_budget_77_m2.75,2025,25,1.1730636350604304,0.24373895080716504,3.3472646749383466,8.426829645983151,-0.08126052038216913,14.435837101996137,-0.06138880548512048,-0.0812605203821692,215971.90849895257,57,0.49453551897412323,0.4452117036694457,0.6325000000000001,0.5054644810258768,0.8118589965470665,20.458846712986077,0.05733772052340753,0.0008504220991396661,6.427183765441256e-05,0.0,0.0,1.0,0.8,0.77,2.75,25.0,BIL
drawdown_budget_77_m2.75,2026,11,0.5497492472977008,0.3033659068355875,1.591113549186132,3.4698743882982,-0.1217744861759068,4.514486281663073,-0.08110193710068768,-0.08110193710068768,121073.92619917379,103,0.43850603075380407,0.33888808549903887,0.45,0.5614939692461959,0.7378898002711755,18.594822966833622,0.02956464002256181,0.0007693904686804403,5.2501114015485744e-05,0.0,0.0,1.0,0.6363636363636364,0.77,2.75,25.0,BIL
drawdown_budget_77_m3,overall,139,0.35639453191050774,0.23339423901736323,1.4265293113937672,2.9239621413523547,-0.2257097817159499,1.5789946239858639,-0.08016589905964895,-0.09278604367322636,537309.5161596102,1032,0.35174575793614,0.016622520274986285,0.6900000000000002,0.64825424206386,0.5174540892156259,13.039843048233772,0.027331197974716486,0.0005761436499007248,9.781593447521639e-05,0.0,0.0,1.0,0.5755395683453237,0.77,3.0,25.0,BIL
drawdown_budget_77_m3,development_2021_2023,77,0.08454526705335508,0.17237483098815043,0.5552341101275481,0.9466004959148683,-0.2257097817159499,0.37457511327423626,-0.07369965194517003,-0.09278604367322636,128144.8788804874,1032,0.22943815969239248,0.016622520274986285,0.6452583897721741,0.7705618403076074,0.30595349880509815,7.710028169888473,0.01096562362554611,0.0003738606912828123,0.00011317865412956285,0.0,0.0,1.0,0.4805194805194805,0.77,3.0,25.0,BIL
drawdown_budget_77_m3,confirmation_2024_2026,62,0.7907113659624547,0.2826548493103257,2.2202863593804345,4.904656499407553,-0.1226636273394921,6.446176288053416,-0.08173684355445268,-0.08671267079984867,419298.4697115556,146,0.5036439041420845,0.3670303979362403,0.6900000000000002,0.4963560958579157,0.78012417730612,19.659129268114224,0.040221077707899046,0.0008273660339907131,7.873642780772166e-05,0.0,0.0,1.0,0.6935483870967742,0.77,3.0,25.0,BIL
drawdown_budget_77_m3,2021,26,-0.06285745511500473,0.20671745650852555,-0.21300194753887067,-0.2824433328369974,-0.193008712159482,-0.32567159488150965,-0.08407687183470956,-0.09278604367322636,93521.31312107644,331,0.3890092918912714,0.170414995395384,0.6452583897721741,0.6109907081087286,0.48899427298135567,12.322655679130163,-0.005100966605880344,0.00059305936314403,0.00017344181693785957,0.0,0.0,1.0,0.5,0.77,3.0,25.0,BIL
drawdown_budget_77_m3,2022,26,-0.03440280418361541,0.03256698806456101,-1.0583788527393998,-1.148945482880751,-0.04052220891253355,-0.8489863979990142,-0.016812721562859796,-0.027573720096274863,96452.46451947697,362,0.03636082925944613,0.016622520274986285,0.13751556577335056,0.9636391707405539,0.06351677045772944,1.6006226155347818,-0.02149338879116183,9.097751768895586e-05,4.576791205204988e-05,0.0,0.0,1.0,0.34615384615384615,0.77,3.0,25.0,BIL
drawdown_budget_77_m3,2023,25,0.42461380482617184,0.20892294027599392,1.8017228631455537,5.182813870902096,-0.1426274155155316,2.9770840570264205,-0.03856005431084053,-0.04119306300983791,142061.80545741657,157,0.2642846058558226,0.03223297767718741,0.6296151645535727,0.7357153941441774,0.36772529114305363,9.266677336804952,0.04582158085290299,0.0004400925730847563,0.00012061213656954761,0.0,0.0,1.0,0.6,0.77,3.0,25.0,BIL
drawdown_budget_77_m3,2024,26,0.5154315559362874,0.30105064997382813,1.5332237147863341,3.130868569075963,-0.11239990250649867,4.585693976971968,-0.08222058336747691,-0.08671267079984867,153556.2997262659,146,0.5230946220533007,0.3974766265537587,0.6900000000000001,0.4769053779466993,0.7373144806064237,18.580324911281878,0.02774071811969876,0.0007929323699894421,9.269648230509135e-05,0.0,0.0,1.0,0.6153846153846154,0.77,3.0,25.0,BIL
drawdown_budget_77_m3,2025,25,1.2515333583679236,0.25345266217233675,3.3716634424484493,8.815692863378192,-0.08140427038216924,15.37429612098162,-0.06146068048512048,-0.0814042703821692,223707.7028572104,43,0.5103372594194869,0.45,0.6900000000000002,0.4896627405805132,0.842891018759832,21.240853672747765,0.05892104797904869,0.0008922518661316449,8.226807895310277e-05,0.0,0.0,1.0,0.8,0.77,3.0,25.0,BIL
drawdown_budget_77_m3,2026,11,0.5788278155504867,0.31301969391468654,1.6103189559706994,3.6049020255112616,-0.1226636273394921,4.718821936909496,-0.08110193710068768,-0.08110193710068768,122060.37525994798,88,0.44245730890329465,0.3670303979362403,0.45,0.5575426910967054,0.7386588207469648,18.614202282823513,0.031096031232270817,0.0007612868940370539,3.771345548352708e-05,0.0,0.0,1.0,0.6363636363636364,0.77,3.0,25.0,BIL
drawdown_budget_77_m3.25,overall,139,0.3785517708824597,0.242942214230394,1.446494814632814,3.0370908978574045,-0.22766752719630545,1.6627394145501255,-0.0816105240725324,-0.09649693576683024,587543.4748078837,1032,0.3583978551134825,0.00981512092128967,0.7475000000000002,0.6416021448865175,0.5294153756212223,13.341267465654802,0.028374498289385736,0.0005920427931578468,0.00010437902922775875,0.0,0.0,1.0,0.5899280575539568,0.77,3.25,25.0,BIL
drawdown_budget_77_m3.25,development_2021_2023,77,0.09364660542520586,0.17941239149514934,0.5863824626078076,1.0300074433023747,-0.22766752719630545,0.4113305335128423,-0.07459170969139067,-0.09649693576683024,131459.16266724176,1032,0.2283935599666737,0.00981512092128967,0.709672898787385,0.7716064400333265,0.3068116019573017,7.731652369324003,0.01211210760027919,0.00037837500846187527,0.00011927234417432792,0.0,0.0,1.0,0.5064935064935064,0.77,3.25,25.0,BIL
drawdown_budget_77_m3.25,confirmation_2024_2026,62,0.8377854721093849,0.29429749589826015,2.2330874753063634,5.031680558371709,-0.1226636273394921,6.829942096777177,-0.08342274000903148,-0.08671267079984867,446939.91874504276,146,0.5198548023119385,0.39761626443092624,0.7475000000000002,0.4801451976880617,0.8058749009780272,20.308047504646282,0.04125386608031657,0.0008574043967318756,8.588249292314863e-05,0.0,0.0,1.0,0.6935483870967742,0.77,3.25,25.0,BIL
drawdown_budget_77_m3.25,2021,26,-0.07426686507898062,0.2062895996184166,-0.27290453192597086,-0.35708108236804853,-0.20314350596614594,-0.36558818223486433,-0.08593231788151151,-0.09649693576683024,92346.80326044722,331,0.381801707494242,0.15124449075807886,0.6990299222531886,0.618198292505758,0.4874014780193706,12.282517246088139,-0.006046550848738591,0.00060177057780122,0.00019061516630314895,0.0,0.0,1.0,0.5,0.77,3.25,25.0,BIL
drawdown_budget_77_m3.25,2022,26,-0.02379690894869302,0.02527212488284506,-0.9402799612504982,-1.0144157422913607,-0.030775957043424063,-0.7732305096187978,-0.01329931418933513,-0.02208611443297147,97545.69798340063,362,0.026110473500383403,0.00981512092128967,0.10953491157256902,0.9738895264996165,0.0483456290206713,1.2183098513209167,-0.019532723077706315,7.225469812846254e-05,3.984844851298957e-05,0.0,0.0,1.0,0.4230769230769231,0.77,3.25,25.0,BIL
drawdown_budget_77_m3.25,2023,25,0.4637744483731423,0.22655879621179856,1.7977312637939467,5.389829361720401,-0.14851981514540802,3.122643587450502,-0.039288746643656225,-0.04119306300983791,145935.47460726032,142,0.27922349646294453,0.030519127597155585,0.709672898787385,0.7207765035370555,0.3878027427068455,9.772629116212507,0.047456466715159996,0.00046440873909570605,0.00012767666064814596,0.0,0.0,1.0,0.6,0.77,3.25,25.0,BIL
drawdown_budget_77_m3.25,2024,26,0.5451953965690184,0.31470001417716187,1.5417326075155016,3.1751391665445436,-0.11249813193346248,4.846261775186424,-0.0855205012766345,-0.08671267079984867,156668.9305351488,146,0.5457902266989427,0.4302876252510789,0.7475000000000002,0.4542097733010573,0.7695244041228719,19.392014983896374,0.028114427356917916,0.0008278674140104043,9.72383498126162e-05,0.0,0.0,1.0,0.6153846153846154,0.77,3.25,25.0,BIL
drawdown_budget_77_m3.25,2025,25,1.3298472405382902,0.2636539115872878,3.3837891185634277,9.191955641462203,-0.08154802038216913,16.30753553925716,-0.06153255548512048,-0.0815480203821692,231426.00035846393,43,0.5257134233894698,0.45,0.7475000000000002,0.47428657661053036,0.8737644299987011,22.018863635967268,0.06039581617491003,0.0009345948009169355,0.00010138395153047301,0.0,0.0,1.0,0.8,0.77,3.25,25.0,BIL
drawdown_budget_77_m3.25,2026,11,0.6148735565014973,0.32352238374645237,1.63748995610945,3.788723195810677,-0.1226636273394921,5.012680366933321,-0.08110193710068768,-0.08110193710068768,123269.069354828,74,0.4452378422209934,0.39761626443092624,0.45,0.5547621577790067,0.7374998730432251,18.58499680068927,0.033084404753768545,0.0007517863463802177,2.3810788895033508e-05,0.0,0.0,1.0,0.6363636363636364,0.77,3.25,25.0,BIL
drawdown_budget_78_m2.75,overall,139,0.32793157582901267,0.21921058046308362,1.407330434446943,2.8167253507088508,-0.2139617466354211,1.5326645112305508,-0.07733412471026072,-0.08671267079984867,477992.96800497413,1032,0.33592723581378087,0.02112517639124403,0.6050000000000001,0.6640727641862191,0.4938071848752117,12.443941058855334,0.026352710469939956,0.0005493200438054985,9.252143155052785e-05,0.0,0.0,1.0,0.5755395683453237,0.78,2.75,25.0,BIL
drawdown_budget_78_m2.75,development_2021_2023,77,0.08309632860050642,0.16436425516065892,0.5663291642279824,0.9637367989650674,-0.2139617466354211,0.3883700236477221,-0.06931804835705119,-0.0839797915633328,127622.48601600005,1032,0.22498691809629667,0.02112517639124403,0.5659854248806147,0.7750130819037032,0.29880931512406383,7.5299947411264085,0.011035376711043503,0.00036230964394484526,0.00010583388136800812,0.0,0.0,1.0,0.4805194805194805,0.78,2.75,25.0,BIL
drawdown_budget_78_m2.75,confirmation_2024_2026,62,0.7103999934919598,0.26427375066754366,2.1796954680986405,4.655822962083141,-0.11906743666458652,5.9663667362988555,-0.07921045099791577,-0.08671267079984867,374536.637646322,146,0.47370795297904345,0.31508035997836586,0.6050000000000001,0.5262920470209564,0.7359819585984113,18.546745356679963,0.03830321599989487,0.0007815748952453417,7.598822774494751e-05,0.0,0.0,1.0,0.6935483870967742,0.78,2.75,25.0,BIL
drawdown_budget_78_m2.75,2021,26,-0.04153746580479234,0.20004398383536715,-0.11483841234969219,-0.156021586043867,-0.17406004605467185,-0.238638715468026,-0.07967374577976277,-0.0839797915633328,95717.25273370444,331,0.3774608094758674,0.17565223698535276,0.5634542190741619,0.6225391905241326,0.4705576264222543,11.858052185840808,-0.0035028911286450947,0.0005636583682158621,0.00015516790298941393,0.0,0.0,1.0,0.5,0.78,2.75,25.0,BIL
drawdown_budget_78_m2.75,2022,26,-0.04208586422963323,0.038127225260137655,-1.1082270368529326,-1.2272069100091616,-0.04831065550243441,-0.8711507594326161,-0.019160415889231144,-0.03055521576357928,95660.74860990999,362,0.0463350918193561,0.02112517639124403,0.1529589079038728,0.9536649081806439,0.07699996172025822,1.9403990353505072,-0.021689283215929337,0.00010591991304134805,4.819991886849062e-05,0.0,0.0,1.0,0.34615384615384615,0.78,2.75,25.0,BIL
drawdown_budget_78_m2.75,2023,25,0.3975161183177385,0.19534111445689986,1.814953119524365,5.037390766471488,-0.13720008882332013,2.8973459254070977,-0.03856005431084053,-0.04119306300983791,139380.8792856657,157,0.2522119703895614,0.03515495662022677,0.5659854248806147,0.7477880296104386,0.3508727989139037,8.841994532630373,0.0449577430579436,0.00041955229084262533,0.00011446581988124429,0.0,0.0,1.0,0.6,0.78,2.75,25.0,BIL
drawdown_budget_78_m2.75,2024,26,0.4544797826389233,0.27905824633242327,1.483692521703852,2.961687893908551,-0.11138099091718334,4.080407068535141,-0.0772740482544031,-0.08671267079984867,147188.20614211154,146,0.4826987988970909,0.33614211706550146,0.6050000000000001,0.5173012011029091,0.6827200828196882,17.204546087056144,0.02641626116371949,0.0007382846237821224,9.260756827078042e-05,0.0,0.0,1.0,0.6153846153846154,0.78,2.75,25.0,BIL
drawdown_budget_78_m2.75,2025,25,1.124184622221474,0.23872074797288445,3.3149305690184327,8.177168328131835,-0.08119177038216918,13.846041500634161,-0.06135443048512048,-0.0811917703821692,211152.14448151173,57,0.48476315975991524,0.415454084045164,0.605,0.5152368402400848,0.796471101490665,20.07107175756476,0.056010193964742834,0.0008337448551144534,6.212292270639303e-05,0.0,0.0,1.0,0.8,0.78,2.75,25.0,BIL
drawdown_budget_78_m2.75,2026,11,0.5332844749250474,0.29457217973274596,1.5942165568354445,3.42491295351502,-0.11906743666458652,4.478844005244793,-0.08110193710068768,-0.08110193710068768,120510.75254449456,103,0.4273313926707678,0.31508035997836586,0.45,0.5726686073292322,0.7243983402293612,18.254838173779902,0.02921332250926352,0.000765329264455879,6.821820704423902e-05,0.0,0.0,1.0,0.6363636363636364,0.78,2.75,25.0,BIL
drawdown_budget_78_m3,overall,139,0.3476188045851385,0.22761129039419573,1.428419016601437,2.9151756433431197,-0.21592939931862087,1.6098725124141133,-0.07841835245770479,-0.08803778274191572,518412.49867012113,1032,0.34396505832730445,0.015574875570548086,0.6600000000000001,0.6560349416726955,0.5067763882772744,12.770764984587316,0.027219888942022662,0.0005644174706080249,9.606847055130125e-05,0.0,0.0,1.0,0.5755395683453237,0.78,3.0,25.0,BIL
drawdown_budget_78_m3,development_2021_2023,77,0.08833554183744696,0.16940818519663645,0.5825772859251418,1.009262283172986,-0.21592939931862087,0.4090945564438907,-0.07081497309527171,-0.08803778274191572,129518.2044426948,1032,0.22384769555743386,0.015574875570548086,0.6259208358378623,0.7761523044425662,0.2991351124306739,7.5382048332529825,0.01171837908248074,0.00036587354251163773,0.00011123071680164467,0.0,0.0,1.0,0.4805194805194805,0.78,3.0,25.0,BIL
drawdown_budget_78_m3,confirmation_2024_2026,62,0.7572111646770123,0.27511528134293295,2.203937583055955,4.791942734536188,-0.12235239349368221,6.188772798434154,-0.08083344857678264,-0.08671267079984867,400262.2649849135,146,0.493143073380208,0.333781824672298,0.6600000000000001,0.506856926619792,0.7646534566674072,19.269267108018663,0.03929631368086171,0.0008109962200180541,7.723793891781022e-05,0.0,0.0,1.0,0.6935483870967742,0.78,3.0,25.0,BIL
drawdown_budget_78_m3,2021,26,-0.05382857927776841,0.20095998742337506,-0.17738489447175643,-0.23770355303327104,-0.18498572892387877,-0.29098774046466447,-0.08170274136905424,-0.08803778274191572,94451.08762874162,331,0.3757283097413721,0.160820388623289,0.6146773298990857,0.6242716902586278,0.4739208832951236,11.942806259037114,-0.004507196894116603,0.0005761864699204947,0.0001704426443756846,0.0,0.0,1.0,0.5,0.78,3.0,25.0,BIL
drawdown_budget_78_m3,2022,26,-0.03169268397786218,0.030660187698585004,-1.0348352307988897,-1.1272929214399956,-0.03796702891335246,-0.8347422720432126,-0.015819598750476983,-0.02585326549355816,96731.7819412436,362,0.034412551045441914,0.015574875570548086,0.12888463055949698,0.9655874489545581,0.06006022897564294,1.5135177701862021,-0.020939750164917555,8.595301573971828e-05,4.31546446067978e-05,0.0,0.0,1.0,0.34615384615384615,0.78,3.0,25.0,BIL
drawdown_budget_78_m3,2023,25,0.4215662391146875,0.20782830716329104,1.7997840867769088,5.167622542738121,-0.14214837994801321,2.965677408837607,-0.03856005431084053,-0.04119306300983791,141760.31302389468,157,0.2629044070986095,0.031879996602911624,0.6259208358378623,0.7370955929013904,0.36599578952487855,9.223093896026938,0.045707681594382,0.00043826544584922296,0.00012044942720728386,0.0,0.0,1.0,0.6,0.78,3.0,25.0,BIL
drawdown_budget_78_m3,2024,26,0.49079645513717796,0.29259023893199093,1.512786014439277,3.060855897004477,-0.11176572741118929,4.391296567430943,-0.08045129341213683,-0.08671267079984867,150981.48613713335,146,0.5076006980203384,0.3655598841283916,0.6600000000000001,0.4923993019796616,0.7159258026197308,18.041330226017216,0.027204005967886195,0.0007709613662662888,9.172593941098927e-05,0.0,0.0,1.0,0.6153846153846154,0.78,3.0,25.0,BIL
drawdown_budget_78_m3,2025,25,1.2086120049272884,0.2481609090661923,3.358867193377946,8.60450857210078,-0.08132927038216908,14.860726024566288,-0.06142318048512048,-0.0813292703821692,219476.64958954602,43,0.5018817462583991,0.45,0.6600000000000001,0.49811825374160096,0.8264866154346453,20.82746270895306,0.05802972843195848,0.000870233501312517,7.291147646320009e-05,0.0,0.0,1.0,0.8,0.78,3.0,25.0,BIL
drawdown_budget_78_m3,2026,11,0.5414494948012594,0.30208953871183475,1.5787351031172894,3.4165614427600466,-0.12235239349368221,4.425328179862846,-0.08110193710068768,-0.08110193710068768,120790.45879602872,103,0.43910988587128413,0.333781824672298,0.45,0.5608901141287158,0.7392980054000098,18.630309736080246,0.02906282839477786,0.0007709938713984472,5.2826443330773614e-05,0.0,0.0,1.0,0.6363636363636364,0.78,3.0,25.0,BIL
drawdown_budget_78_m3.25,overall,139,0.36896117628306113,0.23664417735581975,1.44917619987496,3.028884121415082,-0.21781802723656485,1.6938964187860575,-0.07988929487946465,-0.09152707255765885,565348.394372442,1032,0.35048748488326475,0.009066191408260479,0.7149999999999999,0.6495125151167352,0.5186468428981655,13.069900441033772,0.02822983831802455,0.0005802819419352173,0.00010272516506180346,0.0,0.0,1.0,0.5899280575539568,0.78,3.25,25.0,BIL
drawdown_budget_78_m3.25,development_2021_2023,77,0.09755123538803989,0.17636676988205577,0.6136659130461936,1.0971545125389532,-0.21781802723656485,0.4478565737908037,-0.07144138313771145,-0.09152707255765885,132898.54650997676,1032,0.2227701963008921,0.009066191408260479,0.7061792630838668,0.7772298036991079,0.2999736336999725,7.559335569239306,0.012904736731757026,0.000370256634617487,0.00011713833486256178,0.0,0.0,1.0,0.5064935064935064,0.78,3.25,25.0,BIL
drawdown_budget_78_m3.25,confirmation_2024_2026,62,0.8012546738362896,0.2859179115457454,2.2189317784946874,4.916022036255198,-0.1226636273394921,6.532129297128018,-0.08244374427046904,-0.08671267079984867,425398.4781767351,146,0.5091041174775015,0.36057231981314675,0.7149999999999999,0.49089588252249844,0.7902248607733408,19.913666491488186,0.04023642126269286,0.0008411198236040114,8.482493805118423e-05,0.0,0.0,1.0,0.6935483870967742,0.78,3.25,25.0,BIL
drawdown_budget_78_m3.25,2021,26,-0.06509228867557149,0.19977436062159676,-0.23923201851687265,-0.3160046397516175,-0.19499418856728745,-0.3338165570668267,-0.0834473862769258,-0.09152707255765885,93291.21849226605,331,0.3675993248807981,0.14263769832239984,0.6659004407240096,0.632400675119202,0.47119531321851854,11.874121893106667,-0.005481861249324027,0.0005834912057602437,0.00018715982090293916,0.0,0.0,1.0,0.5,0.78,3.25,25.0,BIL
drawdown_budget_78_m3.25,2022,26,-0.02127341295349794,0.023482136586548855,-0.9039289397503377,-0.9810440045115695,-0.028352389939467315,-0.7503216836011681,-0.012344802317171374,-0.020368042510608402,97805.8703538915,362,0.024536691087020397,0.009066191408260479,0.10095441051745593,0.9754633089129795,0.045313766085052505,1.141906905343323,-0.018629726165901347,6.757863842791237e-05,3.7108120571437035e-05,0.0,0.0,1.0,0.4230769230769231,0.78,3.25,25.0,BIL
drawdown_budget_78_m3.25,2023,25,0.4609019200693354,0.22570371417351512,1.79495760052979,5.367674168319393,-0.14836833346230038,3.1064709652915807,-0.039288746643656225,-0.04119306300983791,145651.35979136216,142,0.2783107480002163,0.03031024304744139,0.7061792630838668,0.7216892519997836,0.3867493493202013,9.746083602869072,0.047290987729025236,0.0004632777966661777,0.00012754741224333912,0.0,0.0,1.0,0.6,0.78,3.25,25.0,BIL
drawdown_budget_78_m3.25,2024,26,0.5200740131786332,0.30567389573966414,1.5243854708915865,3.1134419923517043,-0.11242055962014574,4.6261468092304,-0.08360313479950962,-0.08671267079984867,154041.669948326,146,0.5303818828630058,0.3939176205849197,0.7149999999999999,0.46961811713699425,0.7487079445117698,18.8674402016966,0.02756463026350904,0.0008071318728357518,9.737321387336447e-05,0.0,0.0,1.0,0.6153846153846154,0.78,3.25,25.0,BIL
drawdown_budget_78_m3.25,2025,25,1.2821062667304326,0.2575733187994461,3.3753092634675115,8.963813880884333,-0.0814667703821692,15.737781928950135,-0.06149193048512048,-0.08146677038216919,226721.09380254516,43,0.5165581603741518,0.45,0.7149999999999999,0.4834418396258482,0.8559838402287905,21.57079277376552,0.05943714170254026,0.0009107111409695016,9.121216790126717e-05,0.0,0.0,1.0,0.8,0.78,3.25,25.0,BIL
drawdown_budget_78_m3.25,2026,11,0.571276181347844,0.3108735789302476,1.6039781976335992,3.5660889522024397,-0.1226636273394921,4.65725817618895,-0.08110193710068768,-0.08110193710068768,121805.18778916412,88,0.44187021089210426,0.36057231981314675,0.45,0.5581297891078957,0.7389035277201228,18.620368898547095,0.030680175267226814,0.0007632928950437831,4.064894553947873e-05,0.0,0.0,1.0,0.6363636363636364,0.78,3.25,25.0,BIL
drawdown_budget_79_m2.75,overall,139,0.31861939518112004,0.2134903715349126,1.4061795154907388,2.8071549360638612,-0.20402409690586243,1.561675311951668,-0.0755425016082509,-0.08671267079984867,459794.40745849186,1032,0.32573903747827815,0.020646018861873356,0.5775,0.6742609625217219,0.481720664468382,12.139360744603227,0.02624680177848476,0.0005392795481568287,9.593147281412634e-05,0.0,0.0,1.0,0.5755395683453237,0.79,2.75,25.0,BIL
drawdown_budget_79_m2.75,development_2021_2023,77,0.0859155078255498,0.16052931850786895,0.5922381651045265,1.0214588090834373,-0.20402409690586243,0.4211047083580111,-0.06633924502525887,-0.07951675693762805,128640.22009682591,1032,0.21807873353015123,0.020646018861873356,0.5585510131786039,0.7819212664698487,0.2904268886000122,7.318757592720307,0.011739083681498992,0.00035278461500835466,0.00010392954401394179,0.0,0.0,1.0,0.4805194805194805,0.79,2.75,25.0,BIL
drawdown_budget_79_m2.75,confirmation_2024_2026,62,0.6781999810692478,0.257447288090186,2.155661576334597,4.549242816325148,-0.11611025671862041,5.840999755196356,-0.07838486889987195,-0.08671267079984867,357426.6330642232,146,0.4594461891557903,0.29211425518442646,0.5775,0.5405538108442095,0.7192951925629704,18.12623885258685,0.03741537263106625,0.0007708942231960628,8.59983843885491e-05,0.0,0.0,1.0,0.6935483870967742,0.79,2.75,25.0,BIL
drawdown_budget_79_m2.75,2021,26,-0.03394927728866437,0.19359857799538321,-0.08449658967383723,-0.11581983273868557,-0.167312611403291,-0.2029092547413111,-0.0774422284669104,-0.07951675693762805,96499.20534992711,331,0.3630327917699671,0.16547879248318317,0.5354215808571638,0.6369672082300328,0.4546262984665757,11.456582721357707,-0.002963298752722756,0.0005465948463403172,0.00015328091312296724,0.0,0.0,1.0,0.5,0.79,2.75,25.0,BIL
drawdown_budget_79_m2.75,2022,26,-0.03807271763218889,0.035297444337427104,-1.081702112131953,-1.2022789929705615,-0.04408795666335219,-0.8635627621145022,-0.017726090590496197,-0.028174315202118737,96074.26608288712,362,0.0430632771808334,0.020646018861873356,0.1409776589012384,0.9569367228191665,0.0715374392831511,1.8027434699354075,-0.02111932078364596,9.836070596776987e-05,4.470544447437169e-05,0.0,0.0,1.0,0.34615384615384615,0.79,2.75,25.0,BIL
drawdown_budget_79_m2.75,2023,25,0.39118193503310117,0.19310665416226516,1.8100972493264784,5.00066242038567,-0.1362198297274676,2.871695962443437,-0.03856005431084053,-0.04119306300983791,138754.14379115158,157,0.24934258756403327,0.03436922031977499,0.5585510131786039,0.7506574124359666,0.3473045296283217,8.752074146633706,0.04469591190375835,0.0004158228398253218,0.00011419718366170822,0.0,0.0,1.0,0.6,0.79,2.75,25.0,BIL
drawdown_budget_79_m2.75,2024,26,0.42704331791471195,0.2708403091799369,1.4496583130833194,2.867034670033363,-0.11032503572050201,3.8707743453316037,-0.07565725905831547,-0.08671267079984867,144324.45400664947,146,0.46363690837825344,0.308096959871861,0.5775,0.5363630916217466,0.6632434276480452,16.713734376730738,0.025550443024226346,0.0007279983494929286,0.00010792486974152722,0.0,0.0,1.0,0.6153846153846154,0.79,2.75,25.0,BIL
drawdown_budget_79_m2.75,2025,25,1.0756285406688062,0.23391851918110068,3.2768845944306926,7.924153775674508,-0.08112302038216923,13.259226981460227,-0.061320055485120484,-0.0811230203821692,206363.35181080128,57,0.47494733663461175,0.38570091732675427,0.5775,0.5250526633653883,0.7836486899679125,19.747946987191394,0.05446786652640214,0.0008235792041658736,6.655085699667992e-05,0.0,0.0,1.0,0.8,0.79,2.75,25.0,BIL
drawdown_budget_79_m2.75,2026,11,0.5187035935034785,0.2863962409349936,1.5987762917656205,3.3860463111607544,-0.11611025671862041,4.467336548574652,-0.08110193710068768,-0.08110193710068768,120009.16492108113,103,0.4143109721781016,0.29211425518442646,0.45,0.5856890278218984,0.7055232337142883,17.779185489600064,0.029174766965949832,0.0007525458770175366,7.837107217212167e-05,0.0,0.0,1.0,0.6363636363636364,0.79,2.75,25.0,BIL
drawdown_budget_79_m3,overall,139,0.3376640432475275,0.22146537065577834,1.4282919383382864,2.904399423968264,-0.2062241912347874,1.637363886485534,-0.07653146416403415,-0.08671267079984867,497638.87752499024,860,0.3344542765472537,0.014270309287024618,0.6300000000000001,0.6655457234527463,0.49444104269517875,12.459914275918504,0.027100029403905032,0.0005523915804021854,9.658422951172681e-05,0.0,0.0,1.0,0.5755395683453237,0.79,3.0,25.0,BIL
drawdown_budget_79_m3,development_2021_2023,77,0.09155688552654828,0.16568780195333824,0.6098038105437378,1.0725911044206293,-0.2062241912347874,0.44396772744430474,-0.06768382734425796,-0.08333031252317852,130693.14469733069,860,0.21722476099861016,0.014270309287024618,0.6180362021716127,0.78277523900139,0.29107529286378564,7.335097380167398,0.012482027269890016,0.00035658892874588117,0.00010918939313686296,0.0,0.0,1.0,0.4805194805194805,0.79,3.0,25.0,BIL
drawdown_budget_79_m3,confirmation_2024_2026,62,0.7219113977198439,0.26748997304335675,2.1820678166471277,4.677382880513078,-0.11954836089385512,6.038655756734434,-0.07993267253970669,-0.08671267079984867,380768.92148969264,146,0.48004577166411727,0.30819968441869317,0.6300000000000001,0.5199542283358828,0.747008183614812,18.824606227093263,0.03834934919811682,0.0007955658413301761,8.092942952567062e-05,0.0,0.0,1.0,0.6935483870967742,0.79,3.0,25.0,BIL
drawdown_budget_79_m3,2021,26,-0.045558993031751704,0.19427557127222603,-0.14555308356297744,-0.19681978811746584,-0.17763531066597382,-0.25647486899393007,-0.07934900625968563,-0.08333031252317852,95302.91933724484,331,0.36099288666129886,0.15140664674224616,0.584096270025997,0.6390071133387013,0.4574519213872391,11.527788418958425,-0.003952101771474751,0.0005581893161247981,0.0001678956578959952,0.0,0.0,1.0,0.5,0.79,3.0,25.0,BIL
drawdown_budget_79_m3,2022,26,-0.028296176556234065,0.02827751868551706,-1.000781263832607,-1.0958650557829657,-0.034764236523780356,-0.8139450016938575,-0.014575576000610505,-0.023696342194088112,97081.87661411829,362,0.03198194741059131,0.014270309287024618,0.11806692245104525,0.9680180525894085,0.0557351909957747,1.4045268130935225,-0.020146412508786987,7.96519828600953e-05,3.986131977387283e-05,0.0,0.0,1.0,0.34615384615384615,0.79,3.0,25.0,BIL
drawdown_budget_79_m3,2023,25,0.41647367784540945,0.20580364075785676,1.7979964881752675,5.146557351802487,-0.14112328077697078,2.9511337573252603,-0.03856005431084053,-0.04119306300983791,141256.49990203936,157,0.2603584364409535,0.03144069927275518,0.6180362021716127,0.7396415635590465,0.3627973051421253,9.142492089581557,0.04555362736600093,0.00043493894959302477,0.0001202360740848752,0.0,0.0,1.0,0.6,0.79,3.0,25.0,BIL
drawdown_budget_79_m3,2024,26,0.46164387447582045,0.2837548127260472,1.480979889654623,2.961865578365318,-0.11119840858226793,4.151533105208808,-0.07868724133798494,-0.08671267079984867,147936.26052946018,146,0.49090769962252173,0.3334881227883491,0.6300000000000001,0.5090923003774782,0.6947977255448563,17.50890268373038,0.026366236811904215,0.0007522029464311181,9.567536814382712e-05,0.0,0.0,1.0,0.6153846153846154,0.79,3.0,25.0,BIL
drawdown_budget_79_m3,2025,25,1.1549305236397176,0.24249121761914477,3.3277163830357863,8.334037076420564,-0.08125427038216915,14.213782465926387,-0.061385680485120483,-0.0812542703821692,214183.97631945164,57,0.4912997463902876,0.4203961731763962,0.63,0.5087002536097124,0.8093660375371914,20.396024145937222,0.0566252773273841,0.0008510450747658513,6.946506204784603e-05,0.0,0.0,1.0,0.8,0.79,3.0,25.0,BIL
drawdown_budget_79_m3,2026,11,0.5234011224714308,0.2927497550188111,1.5801810653873385,3.366538403633255,-0.11954836089385501,4.378153899877806,-0.08110193710068768,-0.08110193710068768,120171.0567661455,103,0.4287949084756828,0.30819968441869317,0.45,0.5712050915243171,0.7286923255929355,18.363046604941974,0.02850295671147346,0.0007719707896468691,7.213077342326574e-05,0.0,0.0,1.0,0.6363636363636364,0.79,3.0,25.0,BIL
drawdown_budget_79_m3.25,overall,139,0.35724934494976757,0.22953798730628064,1.4494206797716216,3.008065911264668,-0.2079832965918188,1.717682865902897,-0.07818430035150467,-0.08671267079984867,539179.9480822324,860,0.3411998573916179,0.00827543920271461,0.6825000000000001,0.658800142608382,0.5062058830511786,12.756388252889701,0.0280055245942236,0.0005668944330096558,0.00010114758326417761,0.0,0.0,1.0,0.5899280575539568,0.79,3.25,25.0,BIL
drawdown_budget_79_m3.25,development_2021_2023,77,0.09854316585713274,0.17088172067562457,0.6333120410901381,1.1414316298639624,-0.2079832965918188,0.47380326916603466,-0.06822143933000063,-0.08660336129457008,133265.8881731772,860,0.21509071795242615,0.00827543920271461,0.6756893435116861,0.7849092820475738,0.2906156365758824,7.323514041712237,0.013455721569708817,0.00035956219516014164,0.00011491093097380152,0.0,0.0,1.0,0.5064935064935064,0.79,3.25,25.0,BIL
drawdown_budget_79_m3.25,confirmation_2024_2026,62,0.7649081877628638,0.2777684271289518,2.201407093821438,4.79525671687341,-0.12250360380846403,6.2439647813039665,-0.08148162120932452,-0.08671267079984867,404589.6181486259,146,0.49781927250158164,0.3240620575271539,0.6825000000000001,0.5021807274984185,0.7739550601253371,19.503667515158494,0.03921868475087404,0.0008243876961453425,8.405439336674152e-05,0.0,0.0,1.0,0.6935483870967742,0.79,3.25,25.0,BIL
drawdown_budget_79_m3.25,2021,26,-0.05612472981068428,0.19312493899635774,-0.20491706637708326,-0.2732502374729528,-0.18702630038532464,-0.3000900391819343,-0.08098553064538141,-0.08660336129457008,94214.60809610318,331,0.3530078407101851,0.1342035471689344,0.6327709591948301,0.646992159289815,0.45461473448347767,11.456291308983637,-0.0048990313092574,0.0005649110835247562,0.00018382724840219163,0.0,0.0,1.0,0.5,0.79,3.25,25.0,BIL
drawdown_budget_79_m3.25,2022,26,-0.018593440468602784,0.0215896086666794,-0.8585387003072031,-0.9390354415711775,-0.02577819702707118,-0.721285528583583,-0.011331313351044418,-0.018542734293967782,98082.19876350506,362,0.022872038955804135,0.00827543920271461,0.0918412536384429,0.9771279610441959,0.042094562923566455,1.0607829856738746,-0.017528034215962735,6.260131873086007e-05,3.417792634549306e-05,0.0,0.0,1.0,0.4230769230769231,0.79,3.25,25.0,BIL
drawdown_budget_79_m3.25,2023,25,0.44638078462598796,0.2193894126377727,1.794783896893772,5.325216742427649,-0.1452952167960515,3.0722331709829462,-0.03856005431084053,-0.04119306300983791,144215.0414207158,157,0.2715643364408438,0.03008977553971701,0.6756893435116861,0.7284356635591562,0.37851849135039184,9.538665982029874,0.046796982457183806,0.0004548386627473952,0.00012720028566171645,0.0,0.0,1.0,0.6,0.79,3.25,25.0,BIL
drawdown_budget_79_m3.25,2024,26,0.49406871951921083,0.29657182994211156,1.5035970253086464,3.042154822665363,-0.11172898910082907,4.422028011667964,-0.0817195136772206,-0.08671267079984867,151323.41964137735,146,0.5137488280189703,0.35955331368858395,0.6825000000000001,0.4862511719810297,0.7265607453023157,18.309330781618357,0.026984531844016432,0.0007855449140049862,9.830694783784356e-05,0.0,0.0,1.0,0.6153846153846154,0.79,3.25,25.0,BIL
drawdown_budget_79_m3.25,2025,25,1.2351574327410688,0.251706486211238,3.3635703906383894,8.735372251264856,-0.08138552038216917,15.176623887652632,-0.06145130548512048,-0.0813855203821692,222093.49133552692,43,0.5074040175447547,0.45,0.6825000000000001,0.49259598245524544,0.8381995225998097,21.122627969515204,0.058475556854179524,0.0008868163713819163,8.102808130359244e-05,0.0,0.0,1.0,0.8,0.79,3.25,25.0,BIL
drawdown_budget_79_m3.25,2026,11,0.529624600321259,0.29916165820836355,1.5655859780134356,3.352515294143335,-0.12250360380846403,4.32333893743513,-0.08110193710068768,-0.08110193710068768,120385.10507548696,103,0.4383840843623604,0.3240620575271539,0.45,0.5616159156376396,0.7399678440832219,18.64718967089719,0.028402381788814435,0.000774314555666699,5.7244519305839124e-05,0.0,0.0,1.0,0.6363636363636364,0.79,3.25,25.0,BIL
drawdown_budget_77_m2.75,overall,139,0.331287481976152,0.22329707617114122,1.3968656760337295,2.7930105473027087,-0.22411409445005004,1.4782090469994447,-0.07888790157354922,-0.08817957796398618,484694.10206571803,1032,0.34234053753353716,0.02086162430143608,0.6325000000000001,0.6576594624664629,0.50238504120045,12.66010303825134,0.026167834572530514,0.0006491683122099576,0.00018347908876192255,0.0,0.0,1.0,0.5755395683453237,0.77,2.75,50.0,BIL
drawdown_budget_77_m2.75,development_2021_2023,77,0.07336134581657161,0.16389009561646653,0.5125263761182727,0.8469903348748238,-0.22411409445005004,0.3273392777754199,-0.07178309490626814,-0.08817957796398618,124149.78228943146,1032,0.22651970760192494,0.02086162430143608,0.59148685729116,0.7734802923980753,0.3006787290113041,7.577103971084863,0.009681976926346437,0.00047218137942869887,0.000214378313021773,0.0,0.0,1.0,0.4805194805194805,0.77,2.75,50.0,BIL
drawdown_budget_77_m2.75,confirmation_2024_2026,62,0.7395021850624199,0.2711145301388533,2.1945540984678344,4.741417254513027,-0.12181445151515613,6.070726222252959,-0.08022198824657958,-0.08671267079984867,390410.75475730305,146,0.4861825359969909,0.3387783582258016,0.6325000000000001,0.5138174640030091,0.7528912676289053,18.972859944248412,0.03897684309247213,0.0008689746642124885,0.00014510424572952756,0.0,0.0,1.0,0.6935483870967742,0.77,2.75,50.0,BIL
drawdown_budget_77_m2.75,2021,26,-0.052442055730559156,0.20410572436348615,-0.16439806015885977,-0.2203723909223056,-0.18271916124243048,-0.2870090655734754,-0.08177363898008946,-0.08817957796398618,94593.89390374444,331,0.38787213753679367,0.18501063866725795,0.59148685729116,0.6121278624632063,0.4829236511968792,12.169676010161355,-0.0043092400887888415,0.0007364051967894657,0.00031685193199078543,0.0,0.0,1.0,0.5,0.77,2.75,50.0,BIL
drawdown_budget_77_m2.75,2022,26,-0.044428178399492535,0.03937580903452257,-1.1339326610058318,-1.2425378422009936,-0.05064958242572781,-0.8771677133694379,-0.019983943079699702,-0.0322139704683574,95419.42029745046,362,0.04645451664258489,0.02086162430143608,0.15909134341259762,0.9535454833574152,0.07753545785481493,1.9538935379413362,-0.022738280022310226,0.00015635438440713743,9.852365819040881e-05,0.0,0.0,1.0,0.34615384615384615,0.77,2.75,50.0,BIL
drawdown_budget_77_m2.75,2023,25,0.378966303660903,0.1898183351050439,1.7914291316067132,4.888864050581422,-0.13548343399873586,2.7971412627793226,-0.03856005431084053,-0.04119306300983791,137545.40462068142,157,0.24598097906737507,0.03471557623094288,0.545445797795313,0.7540190209326251,0.34321301194105497,8.648967900914585,0.043816361443638756,0.0005258486841959256,0.00022829459031861897,0.0,0.0,1.0,0.6,0.77,2.75,50.0,BIL
drawdown_budget_77_m2.75,2024,26,0.4785712494864287,0.2869934473937105,1.5079829754028578,3.039436863891936,-0.11187375837989233,4.2777793149787025,-0.07903462275173073,-0.08671267079984867,149704.2310505254,146,0.49851442144951147,0.3657668800132675,0.6325000000000001,0.5014855785504884,0.7027119717008266,17.70834168686083,0.02702518722244428,0.0008447211472778977,0.00017751146947138287,0.0,0.0,1.0,0.6153846153846154,0.77,2.75,50.0,BIL
drawdown_budget_77_m2.75,2025,25,1.1684870728393442,0.24369630927162508,3.3389164930990773,8.370614668145247,-0.08171677038216929,14.29923218177391,-0.06161693048512048,-0.0817167703821692,215520.66880803168,57,0.494341448809336,0.4440665671513389,0.6325000000000001,0.505658551190664,0.8116804156873215,20.454346475320502,0.057126590392374534,0.0009148817996201275,0.0001290017299160678,0.0,0.0,1.0,0.8,0.77,2.75,50.0,BIL
drawdown_budget_77_m2.75,2026,11,0.5476917198283566,0.30315194398708284,1.587601260880718,3.4593874793725456,-0.12181445151515613,4.496114484086585,-0.08110193710068768,-0.08110193710068768,121003.73389276605,103,0.4384914594447942,0.3387783582258016,0.45,0.5615085405552058,0.7378851760534189,18.594706436546154,0.029454174052025894,0.0008219667601314331,0.00010510198009755098,0.0,0.0,1.0,0.6363636363636364,0.77,2.75,50.0,BIL
drawdown_budget_77_m3,overall,139,0.35050547767317086,0.23178155188253424,1.4159484438139036,2.8891994568486763,-0.22611112655127252,1.5501469698515298,-0.07999379738620056,-0.0923527559352503,524567.3982872674,1032,0.3490439564390533,0.015075317331016493,0.6900000000000002,0.6509560435609467,0.5144024103823507,12.962940741635236,0.02703904034270511,0.0006712918096777069,0.00019611174911923364,0.0,0.0,1.0,0.5755395683453237,0.77,3.0,50.0,BIL
drawdown_budget_77_m3,development_2021_2023,77,0.07790815870827816,0.16827136637471826,0.5283425462018658,0.8863359792683488,-0.22611112655127252,0.3445569437318772,-0.07329712207165556,-0.0923527559352503,125763.72002532275,1032,0.22460707634403268,0.015075317331016493,0.6452583897721746,0.7753929236559672,0.3001321078756647,7.56332911846675,0.01030077595301999,0.00048041932644474737,0.00022535902321138223,0.0,0.0,1.0,0.4805194805194805,0.77,3.0,50.0,BIL
drawdown_budget_77_m3,confirmation_2024_2026,62,0.7868987905175691,0.28253930415754147,2.2133850093222946,4.878452888177738,-0.1226636273394921,6.415094739858745,-0.08196023199304008,-0.08671267079984867,417105.5040210681,146,0.5035865333312561,0.36703039793623987,0.6900000000000002,0.4964134666687439,0.7805123022051705,19.668910015570297,0.04000723933835909,0.0009083431194992858,0.00015978852161769425,0.0,0.0,1.0,0.6935483870967742,0.77,3.0,50.0,BIL
drawdown_budget_77_m3,2021,26,-0.0653603180829131,0.20491461350325202,-0.22962791236939079,-0.30345003986372104,-0.19421254847978664,-0.3365401391131825,-0.08386022796572154,-0.0923527559352503,93263.6238161967,331,0.38543153499754224,0.16917867405849998,0.6452583897721746,0.6145684650024578,0.4859005518674632,12.244693907060073,-0.0053378482613785465,0.00076532539857536,0.0003492810583849219,0.0,0.0,1.0,0.5,0.77,3.0,50.0,BIL
drawdown_budget_77_m3,2022,26,-0.033253245095926975,0.03156007715697915,-1.0554875752025696,-1.1374081733412225,-0.0395868389502787,-0.8400075878170834,-0.016395784336698145,-0.027184605819878655,96570.9403176172,362,0.033947681317458074,0.015075317331016493,0.13323905002254435,0.9660523186825418,0.059679031872396024,1.5039116031843798,-0.022111169982009987,0.00012969769573660005,8.752332983025903e-05,0.0,0.0,1.0,0.34615384615384615,0.77,3.0,50.0,BIL
drawdown_budget_77_m3,2023,25,0.40009208903660753,0.2011740884078784,1.7766063347662011,5.009492689228643,-0.13996387399629973,2.8585382614315527,-0.03856005431084053,-0.04119306300983791,139635.75214412113,157,0.2556354101720202,0.03144554609407813,0.6010968314068681,0.7443645898279798,0.3570041251675933,8.99650395422335,0.04447195166837969,0.0005488675073653834,0.00023982922774726907,0.0,0.0,1.0,0.6,0.77,3.0,50.0,BIL
drawdown_budget_77_m3,2024,26,0.5116128083431961,0.30085680567640166,1.5255207198244978,3.1096647803646333,-0.11251398045748406,4.547104335505404,-0.0823673602446517,-0.08671267079984867,153157.0839574537,146,0.5230419844419179,0.3971420967388695,0.6900000000000002,0.4769580155580821,0.7383427738186245,18.606237900229335,0.027496843321394387,0.0008910747237264126,0.00019091493738478113,0.0,0.0,1.0,0.6153846153846154,0.77,3.0,50.0,BIL
drawdown_budget_77_m3,2025,25,1.2464279424634115,0.2534576157033242,3.3623868322110027,8.745737816824013,-0.08200427038216918,15.199549202189255,-0.06176068048512048,-0.08200427038216919,223204.46065039214,43,0.5102497229244708,0.45,0.6900000000000001,0.48975027707552926,0.8427841435687887,21.238160417933475,0.05868813107800661,0.0009744130698937043,0.00016453615790620535,0.0,0.0,1.0,0.8,0.77,3.0,50.0,BIL
drawdown_budget_77_m3,2026,11,0.5774231286749865,0.3128479987963314,1.6081648901718353,3.598105189913778,-0.1226636273394921,4.707370401470938,-0.08110193710068768,-0.08110193710068768,122012.95974164501,88,0.44245730890329454,0.36703039793623987,0.45,0.5575426910967054,0.7386588207469648,18.614202282823513,0.031020568053448674,0.0007990003495205813,7.542691096705456e-05,0.0,0.0,1.0,0.6363636363636364,0.77,3.0,50.0,BIL
drawdown_budget_77_m3.25,overall,139,0.3716899113722141,0.24099694143889477,1.435400724814248,2.997964023286543,-0.2279699274831647,1.6304339588811025,-0.08176007206991136,-0.09590644186258394,571592.2876305653,1032,0.3554851919212965,0.00854595684104129,0.7475000000000002,0.6445148080787035,0.5262682787629966,13.261960624827514,0.02802676933577823,0.0006938218104593137,0.0002094419146204346,0.0,0.0,1.0,0.5899280575539568,0.77,3.25,50.0,BIL
drawdown_budget_77_m3.25,development_2021_2023,77,0.08587269994412705,0.17446406776687948,0.557395208816571,0.9608266179182477,-0.2279699274831647,0.37668433241252247,-0.07402764017340685,-0.09590644186258394,128624.72561479948,1032,0.2231843385491259,0.00854595684104129,0.6990299222531892,0.7768156614508741,0.30073467282983457,7.578513755311831,0.011331073970003458,0.0004907209619874987,0.00023748286144710857,0.0,0.0,1.0,0.5064935064935064,0.77,3.25,50.0,BIL
drawdown_budget_77_m3.25,confirmation_2024_2026,62,0.8335124725882495,0.294152421365827,2.225967984805992,5.003099414022783,-0.12266362733949199,6.795106998436994,-0.08367642877909796,-0.08671267079984867,444387.56615298736,146,0.519794316270605,0.3976162644309261,0.7475000000000002,0.48020568372939504,0.8063664667767625,20.320434962774414,0.04101843656964946,0.0009460599609807614,0.00017461686775504924,0.0,0.0,1.0,0.6935483870967742,0.77,3.25,50.0,BIL
drawdown_budget_77_m3.25,2021,26,-0.07681795410627446,0.20408457445963304,-0.29145998052255195,-0.3798447450903807,-0.20440219834102713,-0.37581765132540523,-0.08563707092938835,-0.09590644186258394,92084.25117930022,331,0.3770593075315852,0.14980807066400317,0.6990299222531892,0.6229406924684149,0.483226832720396,12.177316184553979,-0.006308282789249763,0.0007905633259858954,0.00038417061658192324,0.0,0.0,1.0,0.5,0.77,3.25,50.0,BIL
drawdown_budget_77_m3.25,2022,26,-0.022464864018866826,0.024291426416533767,-0.9231291873699161,-0.9900959156033101,-0.02962266749982756,-0.7583673556406626,-0.012853391751494548,-0.021553647259254533,97683.0291234394,362,0.023938269874530762,0.00854595684104129,0.10456647217751094,0.9760617301254692,0.04474259696030826,1.127513443399768,-0.019924253808565676,0.00010500892749985851,7.533291317444064e-05,0.0,0.0,1.0,0.4230769230769231,0.77,3.25,50.0,BIL
drawdown_budget_77_m3.25,2023,25,0.43404421501758006,0.21748168787192862,1.7688791194911324,5.181139550889785,-0.14610303227005228,2.9708090809183636,-0.03856005431084053,-0.04119306300983791,142994.71352698645,157,0.27037028222894693,0.029959061417219858,0.6743854333405043,0.7296297177710531,0.37717458544795796,9.50479955328854,0.04566579364289763,0.0005800254192963123,0.00025356354231047577,0.0,0.0,1.0,0.6,0.77,3.25,50.0,BIL
drawdown_budget_77_m3.25,2024,26,0.5411746264327275,0.31444192216084377,1.5343462643068686,3.1542464014980056,-0.11251007181395534,4.810010496905595,-0.08565600381676748,-0.08671267079984867,156248.33605115404,146,0.5457576485460016,0.4302496901402572,0.7475000000000002,0.4542423514539984,0.7708332397686972,19.42499764217117,0.027859701010096976,0.0009318551126486189,0.00020127734109994877,0.0,0.0,1.0,0.6153846153846154,0.77,3.25,50.0,BIL
drawdown_budget_77_m3.25,2025,25,1.323293122673415,0.2636468721547444,3.372865617349183,9.1028831589516,-0.08229177038216917,16.080503755453822,-0.06190443048512048,-0.0822917703821692,230780.13309776108,43,0.5255972992860216,0.45,0.7474999999999999,0.4744027007139784,0.8736223241079065,22.015282567519243,0.0601079326878941,0.0010358366465566139,0.00020276790306094587,0.0,0.0,1.0,0.8,0.77,3.25,50.0,BIL
drawdown_budget_77_m3.25,2026,11,0.6139705200928631,0.32340808209736266,1.6362133520273061,3.784431941787651,-0.1226636273394921,5.005318474673809,-0.08110193710068768,-0.08110193710068768,123238.97524942622,74,0.4452378422209934,0.3976162644309261,0.45,0.5547621577790067,0.7374998730432251,18.58499680068927,0.033035815215749324,0.0007755971352752514,4.7621577790067124e-05,0.0,0.0,1.0,0.6363636363636364,0.77,3.25,50.0,BIL
drawdown_budget_78_m2.75,overall,139,0.322150090780825,0.21766039433728132,1.395622508150492,2.7805174702332573,-0.21414785065387965,1.5043349246661641,-0.07717672367573146,-0.08671267079984867,466626.35793242033,1032,0.3332933023031542,0.020478929421038763,0.6050000000000001,0.6667066976968458,0.4908685623149444,12.369887770336598,0.026043089214871588,0.0006395582327830684,0.00018586208808519183,0.0,0.0,1.0,0.5755395683453237,0.78,2.75,50.0,BIL
drawdown_budget_78_m2.75,development_2021_2023,77,0.07657097603546115,0.16049959530527982,0.5385620310854736,0.9019728614911566,-0.21414785065387965,0.3575612634059091,-0.06895920593845939,-0.08371729755096835,125287.61725723011,1032,0.22036947080551617,0.020478929421038763,0.5634542190741619,0.7796305291944837,0.2932062019506051,7.388796289155248,0.01036311911154549,0.0004618118697237444,0.00021075708471645293,0.0,0.0,1.0,0.4805194805194805,0.78,2.75,50.0,BIL
drawdown_budget_78_m2.75,confirmation_2024_2026,62,0.70650950687342,0.26415838525659224,2.1717463489852573,4.629978905300805,-0.11919386666625376,5.927398167656284,-0.0793647504930027,-0.08671267079984867,372444.1155061494,146,0.4735374156147365,0.3147308541308287,0.6050000000000001,0.5264625843852634,0.7363524614771079,18.556082029223116,0.03807428237064111,0.0008603077481954542,0.0001549441083979805,0.0,0.0,1.0,0.6935483870967742,0.78,2.75,50.0,BIL
drawdown_budget_78_m2.75,2021,26,-0.04419621654951855,0.19830150811693023,-0.1314959973174098,-0.17797721340097966,-0.17538022651930674,-0.25200227771774036,-0.07954249877358055,-0.08371729755096835,95443.31845849237,331,0.37455928388685034,0.17475891237310962,0.5634542190741619,0.6254407161131497,0.4680653873365715,11.795247760881601,-0.0037469510980594474,0.0007180214904174109,0.0003124451288510996,0.0,0.0,1.0,0.5,0.78,2.75,50.0,BIL
drawdown_budget_78_m2.75,2022,26,-0.04096451973552029,0.03695226524195326,-1.1130113926477863,-1.2230031286417056,-0.047012726812183714,-0.8713495794271608,-0.018701441130288526,-0.03014452671620301,95776.28721549246,362,0.04372955456962297,0.020478929421038763,0.14880115784026743,0.956270445430377,0.0729725122660307,1.8389073091039736,-0.022276554958868846,0.00014707323103922126,9.262589846649355e-05,0.0,0.0,1.0,0.34615384615384615,0.78,2.75,50.0,BIL
drawdown_budget_78_m2.75,2023,25,0.3740415270152717,0.18806533094950476,1.7872746353770295,4.858568231939772,-0.13472216189821107,2.776391959163168,-0.03856005431084053,-0.04119306300983791,137058.07299058,157,0.24371757808625763,0.03408887232478572,0.5395531163707625,0.7562824219137424,0.3403956864211576,8.577971297813171,0.043604893748085655,0.0005226820484342357,0.0002278579525163781,0.0,0.0,1.0,0.6,0.78,2.75,50.0,BIL
drawdown_budget_78_m2.75,2024,26,0.45064191995374436,0.2789196216422272,1.4746945527549984,2.939173715663892,-0.11166390096031287,4.035699237427767,-0.07738889724457697,-0.08671267079984867,146787.51535491462,146,0.4825236354307253,0.3353733712737812,0.6050000000000001,0.5174763645692747,0.6837371455356342,17.230176067497982,0.02615422606178758,0.0008367625949181554,0.00019128181172819398,0.0,0.0,1.0,0.6153846153846154,0.78,2.75,50.0,BIL
drawdown_budget_78_m2.75,2025,25,1.1197525699666646,0.23867531221765131,3.306527681469344,8.125702981504567,-0.08157927038216928,13.725944896553134,-0.06154818048512048,-0.0815792703821692,210715.07430399975,57,0.4845660792814591,0.414469092621017,0.605,0.5154339207185409,0.7964011779708206,20.069309684864677,0.05579427431981524,0.000896614831993462,0.00012526706752836084,0.0,0.0,1.0,0.8,0.78,2.75,50.0,BIL
drawdown_budget_78_m2.75,2026,11,0.5304610448195961,0.29432919060331825,1.5889614027504917,3.410377499336205,-0.11919386666625365,4.4504055422994435,-0.08110193710068768,-0.08110193710068768,120413.83604447222,103,0.42723211498893915,0.3147308541308287,0.45,0.5727678850110608,0.7242415798530618,18.250887812297158,0.02906494469064567,0.0008334438291281435,0.00013650281159388426,0.0,0.0,1.0,0.6363636363636364,0.78,2.75,50.0,BIL
drawdown_budget_78_m3,overall,139,0.3417596526433673,0.22590668055207605,1.4180843569314072,2.8809586450802613,-0.21634026847616994,1.5797320353284685,-0.0781799266615306,-0.08764847764239839,506101.45817822,1032,0.34116874486851945,0.014010155338900675,0.66,0.6588312551314806,0.5036100763831202,12.690973924854628,0.026929347949730505,0.0006576877961261609,0.00019259714967883836,0.0,0.0,1.0,0.5755395683453237,0.78,3.0,50.0,BIL
drawdown_budget_78_m3,development_2021_2023,77,0.08170753147878762,0.16514780080885935,0.5565031772131717,0.9485379502549787,-0.21634026847616994,0.37768064195495704,-0.07031261040441894,-0.08764847764239839,127123.12268510446,1032,0.21887445360103192,0.014010155338900675,0.6146773298990857,0.7811255463989681,0.29315031401393377,7.387387913151131,0.011060408961783464,0.0004702991570419328,0.00022143605378502676,0.0,0.0,1.0,0.4805194805194805,0.78,3.0,50.0,BIL
drawdown_budget_78_m3,confirmation_2024_2026,62,0.7533808795513737,0.27497676204197535,2.19681913654037,4.766413426792721,-0.12236057909004461,6.157055525186458,-0.08102148945551747,-0.08671267079984867,398119.1206511497,146,0.4930503646684634,0.33375695730048544,0.66,0.5069496353315366,0.7649875231964647,19.27768558455091,0.039080463069442906,0.0008904123962791542,0.00015678109135341088,0.0,0.0,1.0,0.6935483870967742,0.78,3.0,50.0,BIL
drawdown_budget_78_m3,2021,26,-0.056588919264770166,0.19879567832742093,-0.19605678814240313,-0.26160305288919206,-0.18640917409039404,-0.3035736816114475,-0.08150808881929558,-0.08764847764239839,94166.80364628245,331,0.3717449779787375,0.15969815098919332,0.6146773298990857,0.6282550220212625,0.47043465445964966,11.85495329238317,-0.004773440929634759,0.0007452927442600069,0.0003435726122504955,0.0,0.0,1.0,0.5,0.78,3.0,50.0,BIL
drawdown_budget_78_m3,2022,26,-0.03029701502655957,0.02949240122084572,-1.0281895769968785,-1.1123999909591415,-0.03678887892118543,-0.8235373274479582,-0.01531330268176574,-0.025286015603575067,96875.63567235474,362,0.03193068969207704,0.014010155338900675,0.12386137419402754,0.968069310307923,0.05606639097920316,1.4128730526759194,-0.021443550762878773,0.00012160593416332918,8.192442898016131e-05,0.0,0.0,1.0,0.34615384615384615,0.78,3.0,50.0,BIL
drawdown_budget_78_m3,2023,25,0.3972208420202752,0.20012917741657513,1.7745500022898464,4.99386773300492,-0.13951040456108255,2.8472488720105313,-0.03856005431084053,-0.04119306300983791,139351.66368680136,157,0.2543106227135311,0.031102190097183055,0.5975277149310609,0.7456893772864689,0.3553418799065091,8.95461537364403,0.044359341573665875,0.0005469467781288834,0.00023950612277799923,0.0,0.0,1.0,0.6,0.78,3.0,50.0,BIL
drawdown_budget_78_m3,2024,26,0.48706078337742564,0.2924008038144316,1.5048837486696616,3.040074073405111,-0.11194374922884243,4.3509422074272806,-0.0805648751696065,-0.08671267079984867,150591.15825729733,146,0.5075336161428833,0.36503177814690874,0.6599999999999999,0.4924663838571168,0.7169321076980361,18.06668911399051,0.026959050454920086,0.0008680835973520414,0.00018893936206755096,0.0,0.0,1.0,0.6153846153846154,0.78,3.0,50.0,BIL
drawdown_budget_78_m3,2025,25,1.2036675086166762,0.24811608556080073,3.3501423402267703,8.54139751722259,-0.08185427038216908,14.705005652079942,-0.06168568048512048,-0.08185427038216919,218989.19487000187,57,0.5017225885006983,0.45,0.66,0.4982774114993019,0.8262681285487858,20.821956839429404,0.05780760751253487,0.0009429264908898577,0.00014582295292640018,0.0,0.0,1.0,0.8,0.78,3.0,50.0,BIL
drawdown_budget_78_m3,2026,11,0.539484995868933,0.3018692119454715,1.5754072674342572,3.4067218674337396,-0.12236057909004472,4.408977138559698,-0.08110193710068768,-0.08110193710068768,120723.23805577004,103,0.4391076252011194,0.33375695730048544,0.45,0.5608923747988807,0.7392989476647471,18.630333481151627,0.028957345096089222,0.0008238393423552765,0.00010567549336319496,0.0,0.0,1.0,0.6363636363636364,0.78,3.0,50.0,BIL
drawdown_budget_78_m3.25,overall,139,0.36232583297672516,0.23465484807884132,1.4386527389785009,2.991279051818129,-0.21811757269078602,1.6611492073147893,-0.0800117876504031,-0.09098933541411507,550398.0671915701,1032,0.3475512335661641,0.00782456356769584,0.715,0.6524487664338359,0.5154572651680013,12.989523082233632,0.027893697919694593,0.0006803392687656452,0.00020610250449709243,0.0,0.0,1.0,0.5899280575539568,0.78,3.25,50.0,BIL
drawdown_budget_78_m3.25,development_2021_2023,77,0.08998164820500909,0.17137806171899206,0.586367803703887,1.0291390060061922,-0.21811757269078602,0.4125373627395506,-0.07079150632120763,-0.09098933541411507,130117.7069902721,1032,0.21752055602085657,0.00782456356769584,0.6720025438813745,0.7824794439791434,0.29383397061089833,7.4046160593946375,0.012152101808282753,0.0004804097209250858,0.00023321968789276183,0.0,0.0,1.0,0.5064935064935064,0.78,3.25,50.0,BIL
drawdown_budget_78_m3.25,confirmation_2024_2026,62,0.7971201181089644,0.28576718792568384,2.2117483314741073,4.888934158343594,-0.12266362733949199,6.498422844636756,-0.08265760313004474,-0.08671267079984867,423000.1280553764,146,0.5090409460014652,0.3605723198131463,0.715,0.49095905399853484,0.7906990987308551,19.92561728801755,0.040004789140877454,0.0009286388685031143,0.00017242471221537396,0.0,0.0,1.0,0.6935483870967742,0.78,3.25,50.0,BIL
drawdown_budget_78_m3.25,2021,26,-0.06781091548118046,0.19732303797510906,-0.25927884968512904,-0.34087599451296957,-0.19639227982161656,-0.34528299963101006,-0.08317851770515391,-0.09098933541411507,93011.33688432493,331,0.36257378402893053,0.141322657675079,0.6659004407240096,0.6374262159710695,0.4667473489193973,11.762033192768811,-0.005765237554581123,0.0007687459146562044,0.00037749820717105585,0.0,0.0,1.0,0.5,0.78,3.25,50.0,BIL
drawdown_budget_78_m3.25,2022,26,-0.01978370156652909,0.02238845759504179,-0.8812952692173041,-0.9517100716557287,-0.027034699049863442,-0.7317892287256299,-0.011834538289090677,-0.019696551118010393,97959.46955894398,362,0.022376168725117978,0.00782456356769584,0.09547580075850254,0.977623831274882,0.04168018237753709,1.0503405959139347,-0.01883551073193992,9.736232365300862e-05,6.960267659434209e-05,0.0,0.0,1.0,0.4230769230769231,0.78,3.25,50.0,BIL
drawdown_budget_78_m3.25,2023,25,0.43216192168623335,0.21681981788563068,1.7675469717568988,5.171436307466612,-0.1458626383556032,2.9628006634067043,-0.03856005431084053,-0.04119306300983791,142808.51061234946,157,0.26961536168002787,0.029765944584495874,0.6720025438813745,0.7303846383199722,0.3762439969327549,9.481348722705423,0.045580215887568325,0.0005789093726076826,0.00025333171959369255,0.0,0.0,1.0,0.6,0.78,3.25,50.0,BIL
drawdown_budget_78_m3.25,2024,26,0.5160816598889066,0.30541502241436536,1.5166957308015236,3.092722536350464,-0.11254148655520102,4.5857014660613284,-0.08369960251866103,-0.08671267079984867,153624.2654400907,146,0.5303341398633562,0.3935284448846737,0.715,0.4696658601366438,0.7499642526431486,18.899099166607343,0.027307209478045755,0.0009110549283483822,0.00020136334463158805,0.0,0.0,1.0,0.6153846153846154,0.78,3.25,50.0,BIL
drawdown_budget_78_m3.25,2025,25,1.2763137569977445,0.25757160212488667,3.365172546823947,8.885386425842427,-0.0821292703821691,15.540303122854018,-0.06182318048512048,-0.08212927038216919,226150.18507428045,43,0.5164511478332173,0.45,0.715,0.48354885216678267,0.8558533899067919,21.567505425651156,0.05917762540491911,0.0010017928585487705,0.00018242433580253437,0.0,0.0,1.0,0.8,0.78,3.25,50.0,BIL
drawdown_budget_78_m3.25,2026,11,0.5697679537695597,0.31069077605690565,1.6016249201608361,3.5587630735074045,-0.1226636273394921,4.64496253801978,-0.08110193710068768,-0.08110193710068768,121754.1384911524,88,0.44187021089210426,0.3605723198131463,0.45,0.5581297891078957,0.7389035277201228,18.620368898547095,0.03059917646497419,0.0008039418405832621,8.129789107895787e-05,0.0,0.0,1.0,0.6363636363636364,0.78,3.25,50.0,BIL
drawdown_budget_79_m2.75,overall,139,0.31275580784083346,0.2119123921924651,1.3939016533247897,2.7694778900026775,-0.20420381269565102,1.531586524816607,-0.07535671759172559,-0.08671267079984867,448629.31823753315,1032,0.32308566138300093,0.020029644953379763,0.5775,0.676914338616999,0.4787241336242054,12.063848167329976,0.02592504510192737,0.0006327831830084065,0.00019257381173028748,0.0,0.0,1.0,0.5755395683453237,0.79,2.75,50.0,BIL
drawdown_budget_79_m2.75,development_2021_2023,77,0.07949392077774187,0.1566786945517783,0.5651918298264154,0.959290027912157,-0.20420381269565102,0.38928715251865065,-0.06594353925644034,-0.07929115266980401,126329.9049847221,1032,0.21353305880335138,0.020029644953379763,0.5354215808571641,0.7864669411966485,0.28491382853493086,7.179828479080258,0.011071841201967697,0.0004504827266276415,0.00020696112261591606,0.0,0.0,1.0,0.4805194805194805,0.79,2.75,50.0,BIL
drawdown_budget_79_m2.75,confirmation_2024_2026,62,0.673799528254647,0.25730091349575196,2.1463446240815305,4.5211193171732065,-0.1162785637592868,5.794701159617933,-0.07850884112780696,-0.08671267079984867,355125.1924805842,146,0.45914292587708166,0.29164614446645404,0.5775,0.5408570741229182,0.7194240286544336,18.129485522091723,0.0371659486659777,0.0008591885885135502,0.00017470569982394233,0.0,0.0,1.0,0.6935483870967742,0.79,2.75,50.0,BIL
drawdown_budget_79_m2.75,2021,26,-0.03669810900796844,0.19177282301356735,-0.10187842142482756,-0.13906733317745526,-0.16870503992241304,-0.21752823166898744,-0.07732942633299839,-0.07929115266980401,96215.91933543715,331,0.3600851930342811,0.1646889358948386,0.5354215808571641,0.6399148069657189,0.4520867643676833,11.39258646206562,-0.0032212271664703793,0.0006990659665168379,0.00030872400268649124,0.0,0.0,1.0,0.5,0.79,2.75,50.0,BIL
drawdown_budget_79_m2.75,2022,26,-0.036860429371442405,0.03408922875399309,-1.0843393725890453,-1.196219679763873,-0.04270298086484847,-0.8631816473913783,-0.017240771700765916,-0.027691120165678807,96199.19190728811,362,0.04051979616698361,0.020029644953379763,0.13660751678653857,0.9594802038330165,0.06758325689104497,1.703098073654333,-0.021643163092980946,0.00013606581982132413,8.560320366285389e-05,0.0,0.0,1.0,0.34615384615384615,0.79,2.75,50.0,BIL
drawdown_budget_79_m2.75,2023,25,0.36825963248388827,0.18600231732288539,1.7822719525131858,4.822160612934917,-0.1338246663926267,2.7518068410755867,-0.03856005431084053,-0.04119306300983791,136485.90750252883,157,0.24105263234500693,0.03335297688143204,0.5325977242413051,0.758947367654993,0.3370777697785094,8.494359798418436,0.04335342994918281,0.0005189497402214474,0.00022733996305370263,0.0,0.0,1.0,0.6,0.79,2.75,50.0,BIL
drawdown_budget_79_m2.75,2024,26,0.42249655805515607,0.27064202411109034,1.4385824967267187,2.8403862905604096,-0.11071957267837718,3.815915721445581,-0.07574582851418546,-0.08671267079984867,143850.0420738222,146,0.46318451280503964,0.30701358845461263,0.5775,0.5368154871949604,0.6637531384072582,16.72657908786291,0.025258993834652466,0.0008408097117714777,0.0002213207167053152,0.0,0.0,1.0,0.6153846153846154,0.79,2.75,50.0,BIL
drawdown_budget_79_m2.75,2025,25,1.070966117325689,0.2338456587987758,3.2679605308485993,7.875255326451221,-0.08144177038216915,13.150083947096588,-0.06147943048512048,-0.0814417703821692,205903.47873267048,57,0.47473463377324193,0.3848804790482628,0.5775,0.525265366226758,0.7835552522709546,19.745592357228055,0.05423823696702885,0.0008908526817220138,0.00013412178681388234,0.0,0.0,1.0,0.8,0.79,2.75,50.0,BIL
drawdown_budget_79_m2.75,2026,11,0.5154496664303885,0.28615019918478063,1.5923221748744896,3.3693869805880303,-0.11627856375928669,4.4328864217607915,-0.08110193710068768,-0.08110193710068768,119896.85872097971,103,0.4141543842833623,0.29164614446645404,0.45,0.5858456157166377,0.7052569882920264,17.772476104959065,0.02900269289356716,0.0008306657217028505,0.00015676091676356107,0.0,0.0,1.0,0.6363636363636364,0.79,2.75,50.0,BIL
drawdown_budget_79_m3,overall,139,0.3320199477529626,0.2198710399163767,1.4177018554569296,2.8699768018703646,-0.2066143010895226,1.6069553075568752,-0.07627927556942098,-0.08671267079984867,486166.8791621387,1032,0.33187199163314307,0.012802218070454584,0.6300000000000001,0.6681280083668569,0.4915336382855561,12.386647684796012,0.026804665491576098,0.0006464529518275587,0.00019364914192753985,0.0,0.0,1.0,0.5827338129496403,0.79,3.0,50.0,BIL
drawdown_budget_79_m3,development_2021_2023,77,0.08535409584514175,0.16178308709637743,0.5855192053916505,1.0144068618837914,-0.2066143010895226,0.41310836372434456,-0.0671755995113592,-0.08298572639903151,128437.11453521391,1032,0.21268926724589918,0.012802218070454584,0.5934517322122506,0.7873107327541009,0.28563591073638644,7.198024950556938,0.011857988327553323,0.0004595632998263256,0.00021740923636245124,0.0,0.0,1.0,0.4935064935064935,0.79,3.0,50.0,BIL
drawdown_budget_79_m3,confirmation_2024_2026,62,0.7177801322815598,0.2673376678752975,2.1740007940833164,4.650747746777925,-0.11967278890764432,5.997855810275265,-0.08008338050079863,-0.08671267079984867,378525.22685632645,146,0.47988924611407474,0.3078192175166534,0.6300000000000001,0.5201107538859253,0.7472453321772669,18.830582370867123,0.038117787232753914,0.000878557842216187,0.00016414063754869828,0.0,0.0,1.0,0.6935483870967742,0.79,3.0,50.0,BIL
drawdown_budget_79_m3,2021,26,-0.04830405143898042,0.1921774012641551,-0.16410834766278737,-0.22094128595846105,-0.17903652057498864,-0.2697999898783136,-0.07917671319761213,-0.08298572639903151,95020.13088870933,331,0.35717218541094636,0.1503979405876747,0.5840962700259971,0.6428278145890537,0.45411765630162026,11.44376493880083,-0.004220992977162821,0.0007248468133779645,0.00033841144634547734,0.0,0.0,1.0,0.5,0.79,3.0,50.0,BIL
drawdown_budget_79_m3,2022,26,-0.026920530996080605,0.02713749102166875,-0.9918784394458166,-1.0790085132426253,-0.03359196993007407,-0.8013978058482158,-0.014077116071254048,-0.023115838905336125,97223.6822082725,362,0.029638542959026952,0.012802218070454584,0.1131480761362158,0.9703614570409732,0.05195225605749458,1.3091968526488633,-0.020562630395584137,0.00011236485489915795,7.551574855208276e-05,0.0,0.0,1.0,0.38461538461538464,0.79,3.0,50.0,BIL
drawdown_budget_79_m3,2023,25,0.39395153135263095,0.19893768735595246,1.7721764800173185,4.975826530302083,-0.1389928738304319,2.83432898749358,-0.03856005431084053,-0.04119306300983791,139028.18416096037,157,0.252799785612597,0.030711182405566795,0.5934517322122506,0.747200214387403,0.35344589621459055,8.906836584607682,0.04423024129952456,0.0005447548284568754,0.00023913616530288733,0.0,0.0,1.0,0.6,0.79,3.0,50.0,BIL
drawdown_budget_79_m3,2024,26,0.45783474168440574,0.2835613962086006,1.4724757794391368,2.940652391651831,-0.11145204157870237,4.107908075969193,-0.07876365726016882,-0.08671267079984867,147538.5070335683,146,0.49081301742823746,0.3327269760308377,0.6300000000000001,0.5091869825717625,0.6956596879890202,17.530624137323308,0.026116283031227604,0.0008526744406328664,0.00019626844080485086,0.0,0.0,1.0,0.6153846153846154,0.79,3.0,50.0,BIL
drawdown_budget_79_m3,2025,25,1.149805174564726,0.24243071201873514,3.318393036778094,8.274582084357776,-0.08170427038216921,14.072767178343895,-0.06161068048512048,-0.0817042703821692,213678.59320928232,57,0.491054987697309,0.41913206872220954,0.6300000000000001,0.508945012302691,0.809126753569604,20.38999418995402,0.0563906572926453,0.0009206753662714495,0.00013943576587736674,0.0,0.0,1.0,0.8,0.79,3.0,50.0,BIL
drawdown_budget_79_m3,2026,11,0.5204190702494105,0.2924834384489466,1.574585995609381,3.3510436649505353,-0.11967278890764432,4.348683397451664,-0.08110193710068768,-0.08110193710068768,120068.31838996545,103,0.4286927375914305,0.3078192175166534,0.45,0.5713072624085695,0.7285354425487192,18.35909315222772,0.02834666537907195,0.0008440151458329845,0.00014434962910536383,0.0,0.0,1.0,0.6363636363636364,0.79,3.0,50.0,BIL
drawdown_budget_79_m3.25,overall,139,0.3528266569242733,0.22849579288282473,1.4405942931267877,2.981468677231798,-0.20826477000552857,1.6941254966690102,-0.07827022410056315,-0.08671267079984867,529559.8448999379,860,0.3394135553115969,0.007122958873601374,0.6825000000000001,0.6605864446884032,0.5042103619394905,12.70610112087516,0.02776828655523651,0.0006658393841069745,0.00020203627770939192,0.0,0.0,1.0,0.5899280575539568,0.79,3.25,50.0,BIL
drawdown_budget_79_m3.25,development_2021_2023,77,0.09405239588761183,0.1684301053861485,0.6158168797518179,1.100988973116851,-0.20826477000552857,0.45160012365564817,-0.06757979620191319,-0.08611921760680533,131608.26055139862,860,0.21192387093414575,0.007122958873601374,0.6696081651184189,0.7880761290658541,0.2870054347349241,7.232536955320088,0.013004067102405755,0.0004701634084729646,0.00022894746717257722,0.0,0.0,1.0,0.5064935064935064,0.79,3.25,50.0,BIL
drawdown_budget_79_m3.25,confirmation_2024_2026,62,0.7609767003248047,0.27760165104346596,2.194371497648023,4.770547404277776,-0.12250781250250908,6.211658544708887,-0.08163879184262131,-0.08671267079984867,402375.8407574439,146,0.4977475181674633,0.3240480239234703,0.6825000000000001,0.5022524818325367,0.7739648683064521,19.50391468132259,0.039016613472655004,0.0009088563215879227,0.00016861431660188756,0.0,0.0,1.0,0.6935483870967742,0.79,3.25,50.0,BIL
drawdown_budget_79_m3.25,2021,26,-0.05880417043159192,0.19080187072561688,-0.2245025432480536,-0.29795618149293956,-0.18838016513728006,-0.31215691093984865,-0.08074345880149905,-0.08611921760680533,93938.67677834095,331,0.3482428552801663,0.1330090473329377,0.6327709591948302,0.6517571447198336,0.45041114368313107,11.350360820814902,-0.005180819478774072,0.0007469835609525405,0.00037071552158680655,0.0,0.0,1.0,0.5,0.79,3.25,50.0,BIL
drawdown_budget_79_m3.25,2022,26,-0.017158115713579947,0.02053398234023885,-0.8326038101022856,-0.9066300687191285,-0.024499900093757354,-0.700334109442017,-0.010836753290260171,-0.0178766759110953,98230.20305087791,362,0.020853707030545923,0.007122958873601374,0.08657312239753756,0.9791462929694539,0.03868264211105083,0.974802581198481,-0.01760163139133744,8.98438206254217e-05,6.395147314296609e-05,0.0,0.0,1.0,0.4230769230769231,0.79,3.25,50.0,BIL
drawdown_budget_79_m3.25,2023,25,0.4303002624074619,0.21616107434822562,1.7662455621450412,5.1618451929225255,-0.1456210623061116,2.954931488570816,-0.03856005431084053,-0.04119306300983791,142624.34697853297,157,0.2688650976740282,0.029578195553582706,0.6696081651184189,0.7311349023259717,0.37531920175761707,9.45804388429195,0.04549569315512592,0.0005778028212556503,0.00025310452437257426,0.0,0.0,1.0,0.6,0.79,3.25,50.0,BIL
drawdown_budget_79_m3.25,2024,26,0.4903384242446982,0.29629975666232666,1.4961598741109172,3.0233766159785946,-0.11191806738907062,4.381226692738462,-0.08174322994381417,-0.08671267079984867,150933.62634544141,146,0.5136936475457667,0.3589379192169347,0.6825000000000001,0.4863063524542332,0.7267307538678156,18.313614997468953,0.026774529458682285,0.000884981947817691,0.00019781399243738902,0.0,0.0,1.0,0.6153846153846154,0.79,3.25,50.0,BIL
drawdown_budget_79_m3.25,2025,25,1.2299625505546299,0.2516932041893747,3.354224496812579,8.666601690108163,-0.08196677038216915,15.005624167207555,-0.06174193048512048,-0.0819667703821692,221581.4006310575,57,0.5072840158324204,0.45,0.6825000000000001,0.49271598416757967,0.8380468040082902,21.118779461008913,0.058240228931102755,0.0009676917340939896,0.00016205616260718485,0.0,0.0,1.0,0.8,0.79,3.25,50.0,BIL
drawdown_budget_79_m3.25,2026,11,0.5275267925193898,0.29892536186350593,1.5619577356693708,3.342027540938727,-0.1225078125025092,4.306066541744716,-0.08110193710068768,-0.08110193710068768,120313.00866598946,103,0.4383828085802074,0.3240480239234703,0.45,0.5616171914197926,0.73996837583905,18.64720307114406,0.02828986151471265,0.0008315698129855906,0.00011450179643320876,0.0,0.0,1.0,0.6363636363636364,0.79,3.25,50.0,BIL
