ticker,status,first_date,last_date,rows
A,pass,2018-01-02,2026-07-10,2141
AA,pass,2018-01-02,2026-07-10,2141
AACI,pass,2026-03-27,2026-07-10,72
AACO,pass,2026-04-14,2026-07-10,61
AACP,pass,2026-05-28,2026-07-10,30
AADX,pass,2026-06-03,2026-07-10,26
AAL,pass,2018-01-02,2026-07-10,2141
AAMI,pass,2018-01-02,2026-07-10,2141
AAOI,pass,2018-01-02,2026-07-10,2141
AAON,pass,2018-01-02,2026-07-10,2141
AAP,pass,2018-01-02,2026-07-10,2141
AAPG,pass,2025-01-24,2026-07-10,366
AAPL,pass,2018-01-02,2026-07-10,2141
AARD,pass,2025-02-13,2026-07-10,352
AAT,pass,2018-01-02,2026-07-10,2141
AAUC,pass,2024-08-15,2026-07-10,476
ABAT,pass,2018-01-02,2026-07-10,2141
ABBV,pass,2018-01-02,2026-07-10,2141
ABCB,pass,2018-01-02,2026-07-10,2141
ABCL,pass,2020-12-11,2026-07-10,1399
ABEO,pass,2018-01-02,2026-07-10,2141
ABG,pass,2018-01-02,2026-07-10,2141
ABLV,pass,2022-09-12,2026-07-10,960
ABM,pass,2018-01-02,2026-07-10,2141
ABNB,pass,2020-12-10,2026-07-10,1400
ABOS,pass,2021-07-01,2026-07-10,1261
ABR,pass,2018-01-02,2026-07-10,2141
ABSI,pass,2021-07-22,2026-07-10,1247
ABT,pass,2018-01-02,2026-07-10,2141
ABTC,pass,2018-02-26,2026-07-10,2104
ABTS,pass,2018-01-02,2026-07-10,2141
ABUS,pass,2018-01-02,2026-07-10,2141
ABVC,pass,2018-01-02,2026-07-10,2141
ABX,pass,2020-09-14,2026-07-10,1462
ACA,pass,2018-11-05,2026-07-10,1928
ACAA,pass,2026-04-10,2026-07-10,63
ACAD,pass,2018-01-02,2026-07-10,2141
ACB,pass,2018-01-02,2026-07-10,2141
ACCL,pass,2025-10-17,2026-07-10,182
ACCO,pass,2018-01-02,2026-07-10,2141
ACCS,pass,2018-01-02,2026-07-10,2141
ACDC,pass,2022-05-13,2026-07-10,1042
ACEL,pass,2018-01-02,2026-07-10,2141
ACET,pass,2018-01-26,2026-07-10,2124
ACFN,pass,2018-01-02,2026-07-10,2141
ACGC,pass,2026-05-28,2026-07-10,30
ACGL,pass,2018-01-02,2026-07-10,2141
ACH,pass,2018-01-02,2026-07-10,2141
ACHC,pass,2018-01-02,2026-07-10,2141
ACHR,pass,2020-12-18,2026-07-10,1394
ACHV,pass,2018-01-02,2026-07-10,2141
ACI,pass,2020-06-26,2026-07-10,1516
ACIC,pass,2018-01-02,2026-07-10,2141
ACIU,pass,2018-01-02,2026-07-10,2141
ACIW,pass,2018-01-02,2026-07-10,2141
ACLS,pass,2018-01-02,2026-07-10,2141
ACM,pass,2018-01-02,2026-07-10,2141
ACMR,pass,2018-01-02,2026-07-10,2141
ACN,pass,2018-01-02,2026-07-10,2141
ACNB,pass,2018-01-02,2026-07-10,2141
ACNT,pass,2018-01-02,2026-07-10,2141
ACOG,pass,2024-11-12,2026-07-10,414
ACON,pass,2022-04-22,2026-07-10,1057
ACR,pass,2018-01-02,2026-07-10,2141
ACRE,pass,2018-01-02,2026-07-10,2141
ACRS,pass,2018-01-02,2026-07-10,2141
ACRV,pass,2022-11-15,2026-07-10,914
ACT,pass,2021-09-16,2026-07-10,1208
ACTG,pass,2018-01-02,2026-07-10,2141
ACTU,pass,2024-08-13,2026-07-10,478
ACVA,pass,2021-03-24,2026-07-10,1330
ACXP,pass,2021-06-25,2026-07-10,1265
AD,pass,2018-01-02,2026-07-10,2141
ADAC,pass,2026-02-09,2026-07-10,105
ADAG,pass,2021-02-09,2026-07-10,1360
ADAM,pass,2018-01-02,2026-07-10,2141
ADBE,pass,2018-01-02,2026-07-10,2141
ADC,pass,2018-01-02,2026-07-10,2141
ADCT,pass,2020-05-18,2026-07-10,1544
ADEA,pass,2018-01-02,2026-07-10,2141
ADI,pass,2018-01-02,2026-07-10,2141
ADIL,pass,2018-07-27,2026-07-10,1998
ADM,pass,2018-01-02,2026-07-10,2141
ADMA,pass,2018-01-02,2026-07-10,2141
ADNT,pass,2018-01-02,2026-07-10,2141
ADP,pass,2018-01-02,2026-07-10,2141
ADPT,pass,2019-06-27,2026-07-10,1768
ADSE,pass,2021-03-10,2026-07-10,1340
ADSK,pass,2018-01-02,2026-07-10,2141
ADT,pass,2018-01-19,2026-07-10,2129
ADTN,pass,2018-01-02,2026-07-10,2141
ADUR,pass,2024-08-15,2026-07-10,476
ADUS,pass,2018-01-02,2026-07-10,2141
ADV,pass,2020-01-02,2026-07-10,1638
ADVB,pass,2025-03-06,2026-07-10,338
AEAQ,pass,2026-01-26,2026-07-10,115
AEBI,pass,2025-07-02,2026-07-10,257
AEC,pass,2018-01-02,2026-07-10,2141
AEE,pass,2018-01-02,2026-07-10,2141
AEG,pass,2018-01-02,2026-07-10,2141
AEHL,pass,2018-01-02,2026-07-10,2141
AEHR,pass,2018-01-02,2026-07-10,2141
AEI,pass,2020-11-25,2026-07-10,1410
AEIS,pass,2018-01-02,2026-07-10,2141
AEM,pass,2018-01-02,2026-07-10,2141
AEMD,pass,2018-01-02,2026-07-10,2141
AENT,pass,2021-03-24,2026-07-10,1330
AEO,pass,2018-01-02,2026-07-10,2141
AEON,pass,2023-01-03,2026-07-10,882
AEP,pass,2018-01-02,2026-07-10,2141
AER,pass,2018-01-02,2026-07-10,2141
AES,pass,2018-01-02,2026-07-10,2141
AESI,pass,2023-03-09,2026-07-10,837
AESP,pass,2026-07-10,2026-07-10,1
AEVA,pass,2020-02-27,2026-07-10,1600
AEXA,pass,2025-09-26,2026-07-10,197
AEYE,pass,2018-01-02,2026-07-10,2141
AFBI,pass,2018-01-02,2026-07-10,2141
AFCG,pass,2021-03-19,2026-07-10,1333
AFG,pass,2018-01-02,2026-07-10,2141
AFJK,pass,2024-01-22,2026-07-10,619
AFL,pass,2018-01-02,2026-07-10,2141
AFRI,pass,2021-02-05,2026-07-10,1362
AFRM,pass,2021-01-13,2026-07-10,1378
AFYA,pass,2019-07-19,2026-07-10,1753
AG,pass,2018-01-02,2026-07-10,2141
AGBK,pass,2026-02-11,2026-07-10,103
AGCC,pass,2025-10-22,2026-07-10,179
AGCO,pass,2018-01-02,2026-07-10,2141
AGEN,pass,2018-01-02,2026-07-10,2141
AGI,pass,2018-01-02,2026-07-10,2141
AGIG,pass,2018-01-02,2026-07-10,2141
AGIO,pass,2018-01-02,2026-07-10,2141
AGL,pass,2021-04-15,2026-07-10,1315
AGM,pass,2018-01-02,2026-07-10,2141
AGM.A,pass,2018-01-02,2026-07-10,2141
AGMB,pass,2026-02-06,2026-07-10,106
AGNC,pass,2018-01-02,2026-07-10,2141
AGNT,pass,2018-02-07,2026-07-10,2116
AGO,pass,2018-01-02,2026-07-10,2141
AGPU,pass,2018-01-02,2026-07-10,2141
AGRO,pass,2018-01-02,2026-07-10,2141
AGX,pass,2018-01-02,2026-07-10,2141
AGYS,pass,2018-01-02,2026-07-10,2141
AHCO,pass,2018-05-31,2026-07-10,2038
AHMA,pass,2025-10-21,2026-07-10,180
AHR,pass,2024-02-07,2026-07-10,607
AHRT,pass,2018-01-02,2026-07-10,2141
AHT,pass,2018-01-02,2026-07-10,2141
AI,pass,2020-12-09,2026-07-10,1401
AIAI,pass,2026-05-14,2026-07-10,39
AIB,pass,2026-03-17,2026-07-10,80
AIBZ,pass,2026-06-09,2026-07-10,22
AIDX,pass,2026-02-19,2026-07-10,98
AIFF,pass,2018-01-02,2026-07-10,2141
AIFU,pass,2018-01-02,2026-07-10,2141
AIG,pass,2018-01-02,2026-07-10,2141
AIHS,pass,2018-03-19,2026-07-10,2089
AII,pass,2025-05-08,2026-07-10,294
AIIA,pass,2025-11-24,2026-07-10,156
AIIO,pass,2020-03-20,2026-07-10,1584
AIIR,pass,2025-06-26,2026-07-10,261
AIMD,pass,2021-01-08,2026-07-10,1381
AIN,pass,2018-01-02,2026-07-10,2141
AIOS,pass,2018-01-02,2026-07-10,2141
AIOT,pass,2018-01-02,2026-07-10,2141
AIP,pass,2021-10-27,2026-07-10,1179
AIR,pass,2018-01-02,2026-07-10,2141
AIRE,pass,2023-10-23,2026-07-10,680
AIRG,pass,2018-01-02,2026-07-10,2141
AIRI,pass,2018-01-02,2026-07-10,2141
AIRJ,pass,2022-02-01,2026-07-10,1113
AIRO,pass,2025-06-13,2026-07-10,269
AIRS,pass,2021-10-29,2026-07-10,1177
AIRT,pass,2018-01-02,2026-07-10,2141
AISP,pass,2021-05-10,2026-07-10,1298
AIT,pass,2018-01-02,2026-07-10,2141
AIV,pass,2018-01-02,2026-07-10,2141
AIXC,pass,2018-01-02,2026-07-10,2141
AIZ,pass,2018-01-02,2026-07-10,2141
AJG,pass,2018-01-02,2026-07-10,2141
AKA,pass,2021-09-22,2026-07-10,1204
AKAM,pass,2018-01-02,2026-07-10,2141
AKBA,pass,2018-01-02,2026-07-10,2141
AKO.A,pass,2018-01-02,2026-07-10,2141
AKO.B,pass,2018-01-02,2026-07-10,2141
AKR,pass,2018-01-02,2026-07-10,2141
AKTS,pass,2026-01-09,2026-07-10,125
ALAB,pass,2024-03-20,2026-07-10,578
ALB,pass,2018-01-02,2026-07-10,2141
ALC,pass,2019-04-09,2026-07-10,1823
ALCO,pass,2018-01-02,2026-07-10,2141
ALDF,pass,2024-12-13,2026-07-10,392
ALDX,pass,2018-01-02,2026-07-10,2141
ALEC,pass,2019-02-07,2026-07-10,1865
ALF,pass,2024-08-01,2026-07-10,486
ALG,pass,2018-01-02,2026-07-10,2141
ALGM,pass,2020-10-29,2026-07-10,1429
ALGN,pass,2018-01-02,2026-07-10,2141
ALGS,pass,2020-10-16,2026-07-10,1438
ALGT,pass,2018-01-02,2026-07-10,2141
ALH,pass,2025-10-09,2026-07-10,188
ALHC,pass,2021-03-26,2026-07-10,1328
ALIT,pass,2020-07-17,2026-07-10,1502
ALK,pass,2018-01-02,2026-07-10,2141
ALKS,pass,2018-01-02,2026-07-10,2141
ALKT,pass,2021-04-14,2026-07-10,1316
ALL,pass,2018-01-02,2026-07-10,2141
ALLE,pass,2018-01-02,2026-07-10,2141
ALLO,pass,2018-10-11,2026-07-10,1945
ALLR,pass,2021-12-21,2026-07-10,1141
ALLT,pass,2018-01-02,2026-07-10,2141
ALLY,pass,2018-01-02,2026-07-10,2141
ALM,pass,2018-01-02,2026-07-10,2141
ALMR,pass,2026-04-17,2026-07-10,58
ALMS,pass,2024-06-28,2026-07-10,509
ALMU,pass,2023-02-28,2026-07-10,844
ALNT,pass,2018-01-02,2026-07-10,2141
ALNY,pass,2018-01-02,2026-07-10,2141
ALOT,pass,2018-01-02,2026-07-10,2141
ALOY,pass,2018-01-02,2026-07-10,2141
ALPX,pass,2026-07-07,2026-07-10,4
ALRM,pass,2018-01-02,2026-07-10,2141
ALRS,pass,2018-01-02,2026-07-10,2141
ALSN,pass,2018-01-02,2026-07-10,2141
ALT,pass,2018-01-02,2026-07-10,2141
ALTG,pass,2019-04-25,2026-07-10,1812
ALTI,pass,2021-04-27,2026-07-10,1307
ALTO,pass,2018-01-02,2026-07-10,2141
ALUB,pass,2026-01-06,2026-07-10,128
ALV,pass,2018-01-02,2026-07-10,2141
ALVO,pass,2022-06-16,2026-07-10,1019
ALX,pass,2018-01-02,2026-07-10,2141
ALXO,pass,2020-07-17,2026-07-10,1502
AM,pass,2018-01-02,2026-07-10,2141
AMAL,pass,2018-08-09,2026-07-10,1989
AMAN,pass,2026-05-19,2026-07-10,36
AMAT,pass,2018-01-02,2026-07-10,2141
AMBA,pass,2018-01-02,2026-07-10,2141
AMBO,pass,2018-06-08,2026-07-10,2032
AMBP,pass,2021-08-05,2026-07-10,1237
AMBQ,pass,2025-07-30,2026-07-10,238
AMC,pass,2018-01-02,2026-07-10,2141
AMCI,pass,2023-01-25,2026-07-10,867
AMCR,pass,2018-01-02,2026-07-10,2141
AMCX,pass,2018-01-02,2026-07-10,2141
AMD,pass,2018-01-02,2026-07-10,2141
AME,pass,2018-01-02,2026-07-10,2141
AMG,pass,2018-01-02,2026-07-10,2141
AMGN,pass,2018-01-02,2026-07-10,2141
AMIX,pass,2024-01-29,2026-07-10,614
AMKR,pass,2018-01-02,2026-07-10,2141
AMLX,pass,2022-01-07,2026-07-10,1129
AMN,pass,2018-01-02,2026-07-10,2141
AMP,pass,2018-01-02,2026-07-10,2141
AMPG,pass,2021-01-08,2026-07-10,1381
AMPH,pass,2018-01-02,2026-07-10,2141
AMPL,pass,2021-09-28,2026-07-10,1200
AMPX,pass,2022-09-15,2026-07-10,957
AMPY,pass,2018-01-02,2026-07-10,2141
AMR,pass,2021-02-08,2026-07-10,1361
AMRC,pass,2018-01-02,2026-07-10,2141
AMRX,pass,2018-05-07,2026-07-10,2055
AMRZ,pass,2025-06-23,2026-07-10,264
AMS,pass,2018-01-02,2026-07-10,2141
AMSC,pass,2018-01-02,2026-07-10,2141
AMSF,pass,2018-01-02,2026-07-10,2141
AMSS,pass,2026-05-20,2026-07-10,35
AMST,pass,2020-09-25,2026-07-10,1453
AMT,pass,2018-01-02,2026-07-10,2141
AMTB,pass,2018-10-18,2026-07-10,1940
AMTM,pass,2024-09-24,2026-07-10,449
AMTX,pass,2018-01-02,2026-07-10,2141
AMWL,pass,2020-09-17,2026-07-10,1459
AMZE,pass,2021-12-14,2026-07-10,1146
AMZN,pass,2018-01-02,2026-07-10,2141
AN,pass,2018-01-02,2026-07-10,2141
ANAB,pass,2018-01-02,2026-07-10,2141
ANDE,pass,2018-01-02,2026-07-10,2141
ANDG,pass,2025-12-17,2026-07-10,140
ANET,pass,2018-01-02,2026-07-10,2141
ANF,pass,2018-01-02,2026-07-10,2141
ANGH,pass,2020-08-21,2026-07-10,1477
ANGI,pass,2018-01-02,2026-07-10,2141
ANGO,pass,2018-01-02,2026-07-10,2141
ANGX,pass,2025-09-11,2026-07-10,208
ANIK,pass,2018-01-02,2026-07-10,2141
ANIP,pass,2018-01-02,2026-07-10,2141
ANIX,pass,2018-01-02,2026-07-10,2141
ANNA,pass,2022-02-22,2026-07-10,1099
ANNX,pass,2020-07-24,2026-07-10,1497
ANPA,pass,2025-07-08,2026-07-10,254
ANRO,pass,2024-02-02,2026-07-10,610
ANSC,pass,2024-01-03,2026-07-10,631
ANTA,pass,2025-05-13,2026-07-10,291
ANTX,pass,2022-03-25,2026-07-10,1076
ANVS,pass,2020-01-29,2026-07-10,1620
ANY,pass,2018-01-02,2026-07-10,2141
AOMR,pass,2021-06-17,2026-07-10,1271
AON,pass,2018-01-02,2026-07-10,2141
AORT,pass,2018-01-02,2026-07-10,2141
AOS,pass,2018-01-02,2026-07-10,2141
AOSL,pass,2018-01-02,2026-07-10,2141
AOUT,pass,2020-08-21,2026-07-10,1477
AP,pass,2018-01-02,2026-07-10,2141
APA,pass,2018-01-02,2026-07-10,2141
APAC,pass,2025-11-21,2026-07-10,157
APAM,pass,2018-01-02,2026-07-10,2141
APC,pass,2026-02-12,2026-07-10,102
APD,pass,2018-01-02,2026-07-10,2141
APEI,pass,2018-01-02,2026-07-10,2141
APG,pass,2020-04-29,2026-07-10,1557
APGE,pass,2023-07-14,2026-07-10,750
APH,pass,2018-01-02,2026-07-10,2141
API,pass,2020-06-26,2026-07-10,1516
APLD,pass,2022-04-13,2026-07-10,1063
APLE,pass,2018-01-02,2026-07-10,2141
APLM,pass,2021-11-26,2026-07-10,1158
APMC,pass,2026-06-29,2026-07-10,9
APO,pass,2018-01-02,2026-07-10,2141
APOG,pass,2018-01-02,2026-07-10,2141
APP,pass,2021-04-15,2026-07-10,1315
APPF,pass,2018-01-02,2026-07-10,2141
APPN,pass,2018-01-02,2026-07-10,2141
APPS,pass,2018-01-02,2026-07-10,2141
APT,pass,2018-01-02,2026-07-10,2141
APTV,pass,2018-01-02,2026-07-10,2141
APUR,pass,2026-05-21,2026-07-10,34
APUS,pass,2025-05-09,2026-07-10,293
APVO,pass,2018-01-02,2026-07-10,2141
APWC,pass,2018-01-02,2026-07-10,2141
APXT,pass,2025-11-17,2026-07-10,161
APYX,pass,2019-01-02,2026-07-10,1890
AQB,pass,2018-01-02,2026-07-10,2141
AQMS,pass,2018-01-02,2026-07-10,2141
AQN,pass,2018-01-02,2026-07-10,2141
AQST,pass,2018-07-25,2026-07-10,2000
AR,pass,2018-01-02,2026-07-10,2141
ARBB,pass,2023-04-05,2026-07-10,818
ARCB,pass,2018-01-02,2026-07-10,2141
ARCI,pass,2026-03-16,2026-07-10,81
ARCL,pass,2026-05-29,2026-07-10,29
ARCO,pass,2018-01-02,2026-07-10,2141
ARCT,pass,2018-01-02,2026-07-10,2141
ARDT,pass,2024-07-18,2026-07-10,496
ARDX,pass,2018-01-02,2026-07-10,2141
ARE,pass,2018-01-02,2026-07-10,2141
AREN,pass,2018-01-02,2026-07-10,2141
ARES,pass,2018-01-02,2026-07-10,2141
ARHS,pass,2021-11-04,2026-07-10,1173
ARI,pass,2018-01-02,2026-07-10,2141
ARIS,pass,2018-01-02,2026-07-10,2141
ARKO,pass,2019-07-23,2026-07-10,1751
ARKR,pass,2018-01-02,2026-07-10,2141
ARL,pass,2018-01-02,2026-07-10,2141
ARLO,pass,2018-08-03,2026-07-10,1993
ARMK,pass,2018-01-02,2026-07-10,2141
ARMP,pass,2018-01-02,2026-07-10,2141
AROC,pass,2018-01-02,2026-07-10,2141
AROW,pass,2018-01-02,2026-07-10,2141
ARQ,pass,2018-01-02,2026-07-10,2141
ARQQ,pass,2021-04-01,2026-07-10,1324
ARQT,pass,2020-01-31,2026-07-10,1618
ARR,pass,2018-01-02,2026-07-10,2141
ARRY,pass,2020-10-15,2026-07-10,1439
ARTC,pass,2026-02-27,2026-07-10,92
ARTL,pass,2019-06-21,2026-07-10,1772
ARTNA,pass,2018-01-02,2026-07-10,2141
ARTV,pass,2024-07-19,2026-07-10,495
ARTW,pass,2018-01-02,2026-07-10,2141
ARVN,pass,2018-09-27,2026-07-10,1955
ARW,pass,2018-01-02,2026-07-10,2141
ARWR,pass,2018-01-02,2026-07-10,2141
ARX,pass,2025-07-24,2026-07-10,242
ARXS,pass,2026-04-16,2026-07-10,59
AS,pass,2024-02-01,2026-07-10,611
ASA,pass,2018-01-02,2026-07-10,2141
ASAN,pass,2020-09-30,2026-07-10,1450
ASB,pass,2018-01-02,2026-07-10,2141
ASBP,pass,2022-04-11,2026-07-10,1065
ASC,pass,2018-01-02,2026-07-10,2141
ASH,pass,2018-01-02,2026-07-10,2141
ASIC,pass,2025-06-11,2026-07-10,271
ASIX,pass,2018-01-02,2026-07-10,2141
ASLE,pass,2019-02-28,2026-07-10,1851
ASM,pass,2018-01-02,2026-07-10,2141
ASMB,pass,2018-01-02,2026-07-10,2141
ASML,pass,2018-01-02,2026-07-10,2141
ASND,pass,2018-01-02,2026-07-10,2141
ASO,pass,2020-10-02,2026-07-10,1448
ASPI,pass,2022-11-10,2026-07-10,917
ASPN,pass,2018-01-02,2026-07-10,2141
ASPS,pass,2018-01-02,2026-07-10,2141
ASR,pass,2018-01-02,2026-07-10,2141
ASRV,pass,2018-01-02,2026-07-10,2141
ASST,pass,2023-02-03,2026-07-10,860
ASTC,pass,2018-01-02,2026-07-10,2141
ASTE,pass,2018-01-02,2026-07-10,2141
ASTH,pass,2018-01-02,2026-07-10,2141
ASTI,pass,2022-08-24,2026-07-10,972
ASTL,pass,2021-03-04,2026-07-10,1344
ASTS,pass,2019-11-01,2026-07-10,1679
ASUR,pass,2018-01-02,2026-07-10,2141
ASYS,pass,2018-01-02,2026-07-10,2141
ATAI,pass,2021-06-18,2026-07-10,1270
ATCH,pass,2021-03-10,2026-07-10,1340
ATCX,pass,2026-01-09,2026-07-10,125
ATEC,pass,2018-01-02,2026-07-10,2141
ATEN,pass,2018-01-02,2026-07-10,2141
ATER,pass,2019-06-12,2026-07-10,1779
ATEX,pass,2018-01-02,2026-07-10,2141
ATGL,pass,2023-10-31,2026-07-10,674
ATHR,pass,2025-04-10,2026-07-10,313
ATI,pass,2018-01-02,2026-07-10,2141
ATII,pass,2025-04-03,2026-07-10,318
ATKR,pass,2018-01-02,2026-07-10,2141
ATLC,pass,2018-01-02,2026-07-10,2141
ATLO,pass,2018-01-02,2026-07-10,2141
ATLX,pass,2018-01-02,2026-07-10,2141
ATMU,pass,2023-05-26,2026-07-10,782
ATNI,pass,2018-01-02,2026-07-10,2141
ATNM,pass,2018-01-02,2026-07-10,2141
ATO,pass,2018-01-02,2026-07-10,2141
ATOM,pass,2018-01-02,2026-07-10,2141
ATOS,pass,2018-01-02,2026-07-10,2141
ATPC,pass,2023-09-11,2026-07-10,710
ATR,pass,2018-01-02,2026-07-10,2141
ATRA,pass,2018-01-02,2026-07-10,2141
ATRC,pass,2018-01-02,2026-07-10,2141
ATRO,pass,2018-01-02,2026-07-10,2141
ATS,pass,2018-01-02,2026-07-10,2141
ATXG,pass,2018-03-06,2026-07-10,2098
AU,pass,2018-01-02,2026-07-10,2141
AUB,pass,2018-01-02,2026-07-10,2141
AUBN,pass,2018-01-02,2026-07-10,2141
AUC,pass,2019-05-03,2026-07-10,1806
AUDC,pass,2018-01-02,2026-07-10,2141
AUGO,pass,2025-07-16,2026-07-10,248
AUID,pass,2021-06-14,2026-07-10,1274
AUNA,pass,2024-03-22,2026-07-10,576
AUPH,pass,2018-01-02,2026-07-10,2141
AUR,pass,2021-05-10,2026-07-10,1298
AURA,pass,2021-10-29,2026-07-10,1177
AURE,pass,2023-07-07,2026-07-10,755
AUST,pass,2022-05-04,2026-07-10,1049
AVA,pass,2018-01-02,2026-07-10,2141
AVAH,pass,2021-04-28,2026-07-10,1306
AVAT,pass,2025-02-03,2026-07-10,360
AVAV,pass,2018-01-02,2026-07-10,2141
AVBC,pass,2025-08-01,2026-07-10,236
AVBH,pass,2018-01-02,2026-07-10,2141
AVBP,pass,2024-01-26,2026-07-10,615
AVD,pass,2018-01-02,2026-07-10,2141
AVEX,pass,2026-04-17,2026-07-10,58
AVGO,pass,2018-01-02,2026-07-10,2141
AVIR,pass,2020-10-30,2026-07-10,1428
AVLN,pass,2026-04-30,2026-07-10,49
AVNS,pass,2018-01-02,2026-07-10,2141
AVNT,pass,2018-01-02,2026-07-10,2141
AVNW,pass,2018-01-02,2026-07-10,2141
AVO,pass,2020-10-02,2026-07-10,1448
AVPT,pass,2019-11-05,2026-07-10,1677
AVR,pass,2024-12-13,2026-07-10,392
AVT,pass,2018-01-02,2026-07-10,2141
AVTR,pass,2019-05-17,2026-07-10,1796
AVTX,pass,2018-01-02,2026-07-10,2141
AVX,pass,2021-07-08,2026-07-10,1257
AVY,pass,2018-01-02,2026-07-10,2141
AWI,pass,2018-01-02,2026-07-10,2141
AWK,pass,2018-01-02,2026-07-10,2141
AWR,pass,2018-01-02,2026-07-10,2141
AWRE,pass,2018-01-02,2026-07-10,2141
AWX,pass,2018-01-02,2026-07-10,2141
AX,pass,2018-01-02,2026-07-10,2141
AXG,pass,2023-09-07,2026-07-10,712
AXGN,pass,2018-01-02,2026-07-10,2141
AXIL,pass,2024-02-14,2026-07-10,602
AXIN,pass,2025-08-01,2026-07-10,236
AXON,pass,2018-01-02,2026-07-10,2141
AXP,pass,2018-01-02,2026-07-10,2141
AXR,pass,2018-01-02,2026-07-10,2141
AXS,pass,2018-01-02,2026-07-10,2141
AXSM,pass,2018-01-02,2026-07-10,2141
AXTA,pass,2018-01-02,2026-07-10,2141
AXTI,pass,2018-01-02,2026-07-10,2141
AYA,pass,2018-01-02,2026-07-10,2141
AYI,pass,2018-01-02,2026-07-10,2141
AYTU,pass,2018-01-02,2026-07-10,2141
AZ,pass,2021-01-08,2026-07-10,1381
AZI,pass,2024-08-28,2026-07-10,467
AZN,pass,2018-01-02,2026-07-10,2141
AZO,pass,2018-01-02,2026-07-10,2141
AZTA,pass,2018-01-02,2026-07-10,2141
AZTR,pass,2023-06-16,2026-07-10,768
AZZ,pass,2018-01-02,2026-07-10,2141
B,pass,2018-01-02,2026-07-10,2141
BA,pass,2018-01-02,2026-07-10,2141
BAC,pass,2018-01-02,2026-07-10,2141
BACC,pass,2025-08-04,2026-07-10,235
BAER,pass,2021-03-17,2026-07-10,1335
BAFN,pass,2021-01-08,2026-07-10,1381
BAH,pass,2018-01-02,2026-07-10,2141
BAK,pass,2018-01-02,2026-07-10,2141
BALL,pass,2018-01-02,2026-07-10,2141
BALY,pass,2024-12-06,2026-07-10,397
BAM,pass,2022-12-01,2026-07-10,903
BANC,pass,2018-01-02,2026-07-10,2141
BAND,pass,2018-01-02,2026-07-10,2141
BANF,pass,2018-01-02,2026-07-10,2141
BANR,pass,2018-01-02,2026-07-10,2141
BAOS,pass,2021-02-08,2026-07-10,1361
BAP,pass,2018-01-02,2026-07-10,2141
BARK,pass,2020-12-18,2026-07-10,1394
BATL,pass,2019-12-24,2026-07-10,1643
BATRA,pass,2018-01-02,2026-07-10,2141
BATRK,pass,2018-01-02,2026-07-10,2141
BAX,pass,2018-01-02,2026-07-10,2141
BB,pass,2018-01-02,2026-07-10,2141
BBAI,pass,2021-04-05,2026-07-10,1323
BBAR,pass,2018-01-02,2026-07-10,2141
BBBY,pass,2018-01-02,2026-07-10,2141
BBCP,pass,2018-01-02,2026-07-10,2141
BBCQ,pass,2026-01-28,2026-07-10,113
BBDC,pass,2018-01-02,2026-07-10,2141
BBIO,pass,2019-06-27,2026-07-10,1768
BBLG,pass,2021-10-13,2026-07-10,1189
BBNX,pass,2025-01-30,2026-07-10,362
BBOT,pass,2024-02-09,2026-07-10,605
BBSI,pass,2018-01-02,2026-07-10,2141
BBT,pass,2018-01-02,2026-07-10,2141
BBUC,pass,2022-03-07,2026-07-10,1090
BBVA,pass,2018-01-02,2026-07-10,2141
BBW,pass,2018-01-02,2026-07-10,2141
BBWI,pass,2018-01-02,2026-07-10,2141
BBY,pass,2018-01-02,2026-07-10,2141
BC,pass,2018-01-02,2026-07-10,2141
BCAL,pass,2018-01-02,2026-07-10,2141
BCAR,pass,2025-08-20,2026-07-10,223
BCAX,pass,2024-09-13,2026-07-10,456
BCBP,pass,2018-01-02,2026-07-10,2141
BCC,pass,2018-01-02,2026-07-10,2141
BCE,pass,2018-01-02,2026-07-10,2141
BCG,pass,2024-03-27,2026-07-10,573
BCH,pass,2018-01-02,2026-07-10,2141
BCHT,pass,2018-01-02,2026-07-10,2141
BCML,pass,2018-01-02,2026-07-10,2141
BCO,pass,2018-01-02,2026-07-10,2141
BCPC,pass,2018-01-02,2026-07-10,2141
BCRX,pass,2018-01-02,2026-07-10,2141
BCS,pass,2018-01-02,2026-07-10,2141
BCSF,pass,2018-11-15,2026-07-10,1920
BCSS,pass,2025-11-20,2026-07-10,158
BCTX,pass,2018-01-02,2026-07-10,2141
BDC,pass,2018-01-02,2026-07-10,2141
BDCI,pass,2025-10-16,2026-07-10,183
BDJ,pass,2018-01-02,2026-07-10,2141
BDL,pass,2018-01-02,2026-07-10,2141
BDMD,pass,2021-12-16,2026-07-10,1144
BDN,pass,2018-01-02,2026-07-10,2141
BDSX,pass,2020-10-28,2026-07-10,1430
BDTX,pass,2020-01-31,2026-07-10,1618
BDX,pass,2018-01-02,2026-07-10,2141
BE,pass,2018-07-25,2026-07-10,2000
BEAG,pass,2024-12-16,2026-07-10,391
BEAM,pass,2020-02-06,2026-07-10,1614
BEBE,pass,2026-02-06,2026-07-10,106
BEEM,pass,2018-01-02,2026-07-10,2141
BEEP,pass,2023-08-28,2026-07-10,719
BELFA,pass,2018-01-02,2026-07-10,2141
BELFB,pass,2018-01-02,2026-07-10,2141
BEN,pass,2018-01-02,2026-07-10,2141
BENF,pass,2021-12-03,2026-07-10,1153
BEPC,pass,2020-07-24,2026-07-10,1497
BESS,pass,2018-01-02,2026-07-10,2141
BETA,pass,2025-11-04,2026-07-10,170
BETR,pass,2021-04-30,2026-07-10,1304
BF.A,pass,2018-01-02,2026-07-10,2141
BF.B,pass,2018-01-02,2026-07-10,2141
BFC,pass,2018-01-02,2026-07-10,2141
BFH,pass,2018-01-02,2026-07-10,2141
BFLY,pass,2020-07-13,2026-07-10,1506
BFRI,pass,2021-10-29,2026-07-10,1177
BFS,pass,2018-01-02,2026-07-10,2141
BFST,pass,2018-04-23,2026-07-10,2065
BG,pass,2018-01-02,2026-07-10,2141
BGC,pass,2018-01-02,2026-07-10,2141
BGDE,pass,2018-01-02,2026-07-10,2141
BGI,pass,2018-01-02,2026-07-10,2141
BGIN,pass,2025-10-21,2026-07-10,180
BGLC,pass,2021-01-08,2026-07-10,1381
BGMS,pass,2018-01-02,2026-07-10,2141
BGR,pass,2018-01-02,2026-07-10,2141
BGS,pass,2018-01-02,2026-07-10,2141
BGSF,pass,2018-01-02,2026-07-10,2141
BGSI,pass,2025-11-03,2026-07-10,171
BGT,pass,2018-01-02,2026-07-10,2141
BGY,pass,2018-01-02,2026-07-10,2141
BH,pass,2018-01-02,2026-07-10,2141
BH.A,pass,2018-05-02,2026-07-10,2058
BHAV,pass,2026-04-16,2026-07-10,59
BHB,pass,2018-01-02,2026-07-10,2141
BHC,pass,2018-01-02,2026-07-10,2141
BHE,pass,2018-01-02,2026-07-10,2141
BHM,pass,2022-09-28,2026-07-10,948
BHR,pass,2018-01-02,2026-07-10,2141
BHRB,pass,2018-01-02,2026-07-10,2141
BHST,pass,2021-01-08,2026-07-10,1381
BHVN,pass,2022-09-23,2026-07-10,951
BIAF,pass,2022-09-01,2026-07-10,966
BIIB,pass,2018-01-02,2026-07-10,2141
BIII,pass,2026-01-29,2026-07-10,112
BILL,pass,2019-12-12,2026-07-10,1651
BIO,pass,2018-01-02,2026-07-10,2141
BIO.B,pass,2018-01-02,2026-07-10,2141
BIOA,pass,2024-09-26,2026-07-10,447
BIPC,pass,2020-03-31,2026-07-10,1577
BIRD,pass,2021-11-03,2026-07-10,1174
BIRK,pass,2023-10-11,2026-07-10,688
BIVI,pass,2020-09-18,2026-07-10,1458
BIXI,pass,2025-12-19,2026-07-10,138
BIYA,pass,2025-03-21,2026-07-10,327
BJ,pass,2018-06-28,2026-07-10,2018
BJDX,pass,2021-11-10,2026-07-10,1169
BJRI,pass,2018-01-02,2026-07-10,2141
BKD,pass,2018-01-02,2026-07-10,2141
BKE,pass,2018-01-02,2026-07-10,2141
BKH,pass,2018-01-02,2026-07-10,2141
BKKT,pass,2020-11-19,2026-07-10,1414
BKNG,pass,2018-01-02,2026-07-10,2141
BKR,pass,2018-01-02,2026-07-10,2141
BKSY,pass,2019-12-20,2026-07-10,1645
BKT,pass,2018-01-02,2026-07-10,2141
BKTI,pass,2018-01-02,2026-07-10,2141
BKV,pass,2024-09-26,2026-07-10,447
BKYI,pass,2018-01-02,2026-07-10,2141
BL,pass,2018-01-02,2026-07-10,2141
BLBD,pass,2018-01-02,2026-07-10,2141
BLCO,pass,2022-05-06,2026-07-10,1047
BLDP,pass,2018-01-02,2026-07-10,2141
BLDR,pass,2018-01-02,2026-07-10,2141
BLFS,pass,2018-01-02,2026-07-10,2141
BLIN,pass,2018-01-02,2026-07-10,2141
BLIV,pass,2025-04-04,2026-07-10,317
BLK,pass,2018-01-02,2026-07-10,2141
BLKB,pass,2018-01-02,2026-07-10,2141
BLLN,pass,2025-11-06,2026-07-10,168
BLMN,pass,2018-01-02,2026-07-10,2141
BLND,pass,2021-07-16,2026-07-10,1251
BLNE,pass,2018-01-02,2026-07-10,2141
BLRK,pass,2026-02-02,2026-07-10,110
BLSH,pass,2025-08-13,2026-07-10,228
BLUW,pass,2025-07-31,2026-07-10,237
BLW,pass,2018-01-02,2026-07-10,2141
BLX,pass,2018-01-02,2026-07-10,2141
BLZE,pass,2021-11-11,2026-07-10,1168
BLZR,pass,2025-11-03,2026-07-10,171
BMA,pass,2018-01-02,2026-07-10,2141
BMBL,pass,2021-02-11,2026-07-10,1358
BME,pass,2018-01-02,2026-07-10,2141
BMEA,pass,2021-04-16,2026-07-10,1314
BMGL,pass,2025-02-25,2026-07-10,345
BMHL,pass,2025-07-11,2026-07-10,251
BMI,pass,2018-01-02,2026-07-10,2141
BMM,pass,2026-01-26,2026-07-10,115
BMNR,pass,2025-06-05,2026-07-10,275
BMO,pass,2018-01-02,2026-07-10,2141
BMR,pass,2023-02-28,2026-07-10,844
BMRA,pass,2018-01-02,2026-07-10,2141
BMRC,pass,2018-01-02,2026-07-10,2141
BMRN,pass,2018-01-02,2026-07-10,2141
BMY,pass,2018-01-02,2026-07-10,2141
BN,pass,2018-01-02,2026-07-10,2141
BNAI,pass,2021-04-28,2026-07-10,1306
BNED,pass,2018-01-02,2026-07-10,2141
BNGO,pass,2018-08-21,2026-07-10,1981
BNKK,pass,2020-10-30,2026-07-10,1428
BNL,pass,2020-09-17,2026-07-10,1459
BNRG,pass,2022-05-25,2026-07-10,1034
BNS,pass,2018-01-02,2026-07-10,2141
BNT,pass,2021-06-28,2026-07-10,1264
BNTC,pass,2018-01-02,2026-07-10,2141
BNY,pass,2018-01-02,2026-07-10,2141
BNZI,pass,2021-02-12,2026-07-10,1357
BOBS,pass,2026-02-05,2026-07-10,107
BOC,pass,2018-01-02,2026-07-10,2141
BODI,pass,2021-01-15,2026-07-10,1376
BOF,pass,2023-06-16,2026-07-10,768
BOH,pass,2018-01-02,2026-07-10,2141
BOKF,pass,2018-01-02,2026-07-10,2141
BOLD,pass,2024-03-28,2026-07-10,572
BOLT,pass,2021-02-05,2026-07-10,1362
BON,pass,2021-06-24,2026-07-10,1266
BOOM,pass,2018-01-02,2026-07-10,2141
BOOT,pass,2018-01-02,2026-07-10,2141
BORR,pass,2019-07-30,2026-07-10,1746
BOSC,pass,2018-01-02,2026-07-10,2141
BOT,pass,2026-05-11,2026-07-10,42
BOTJ,pass,2018-01-02,2026-07-10,2141
BOW,pass,2024-05-23,2026-07-10,533
BOX,pass,2018-01-02,2026-07-10,2141
BP,pass,2018-01-02,2026-07-10,2141
BPAC,pass,2026-01-06,2026-07-10,128
BPOP,pass,2018-01-02,2026-07-10,2141
BPRN,pass,2018-01-02,2026-07-10,2141
BQ,pass,2020-09-30,2026-07-10,1450
BR,pass,2018-01-02,2026-07-10,2141
BRAG,pass,2018-03-27,2026-07-10,2083
BRAI,pass,2026-02-12,2026-07-10,102
BRBI,pass,2025-09-19,2026-07-10,202
BRBR,pass,2019-10-18,2026-07-10,1689
BRBS,pass,2018-01-02,2026-07-10,2141
BRC,pass,2018-01-02,2026-07-10,2141
BRCB,pass,2025-09-12,2026-07-10,207
BRCC,pass,2022-02-10,2026-07-10,1106
BREZ,pass,2026-06-11,2026-07-10,20
BRFH,pass,2018-01-02,2026-07-10,2141
BRIA,pass,2024-11-27,2026-07-10,403
BRID,pass,2018-01-02,2026-07-10,2141
BRK.B,pass,2018-01-02,2026-07-10,2141
BRKR,pass,2018-01-02,2026-07-10,2141
BRLT,pass,2021-09-23,2026-07-10,1203
BRN,pass,2018-01-02,2026-07-10,2141
BRO,pass,2018-01-02,2026-07-10,2141
BROS,pass,2021-09-15,2026-07-10,1209
BRT,pass,2018-01-02,2026-07-10,2141
BRUN,pass,2024-12-30,2026-07-10,382
BRX,pass,2018-01-02,2026-07-10,2141
BRZE,pass,2021-11-17,2026-07-10,1164
BSAA,pass,2025-08-07,2026-07-10,232
BSAC,pass,2018-01-02,2026-07-10,2141
BSBK,pass,2020-01-16,2026-07-10,1628
BSET,pass,2018-01-02,2026-07-10,2141
BSIN,pass,2018-01-02,2026-07-10,2141
BSP,pass,2026-07-01,2026-07-10,7
BSRR,pass,2018-01-02,2026-07-10,2141
BSVN,pass,2018-09-20,2026-07-10,1960
BSX,pass,2018-01-02,2026-07-10,2141
BSY,pass,2020-09-23,2026-07-10,1455
BTAI,pass,2018-03-08,2026-07-10,2096
BTBD,pass,2021-11-12,2026-07-10,1167
BTBT,pass,2018-03-20,2026-07-10,2088
BTCS,pass,2018-01-02,2026-07-10,2141
BTCT,pass,2018-10-17,2026-07-10,1941
BTDR,pass,2021-07-28,2026-07-10,1243
BTE,pass,2018-01-02,2026-07-10,2141
BTG,pass,2018-01-02,2026-07-10,2141
BTGO,pass,2026-01-21,2026-07-10,118
BTI,pass,2018-01-02,2026-07-10,2141
BTMD,pass,2021-04-28,2026-07-10,1306
BTOG,pass,2019-08-15,2026-07-10,1734
BTQ,pass,2025-09-26,2026-07-10,197
BTT,pass,2018-01-02,2026-07-10,2141
BTTC,pass,2025-10-02,2026-07-10,193
BTU,pass,2018-01-02,2026-07-10,2141
BTZ,pass,2018-01-02,2026-07-10,2141
BUD,pass,2018-01-02,2026-07-10,2141
BUDA,pass,2026-01-08,2026-07-10,126
BULL,pass,2022-08-22,2026-07-10,974
BUR,pass,2020-10-19,2026-07-10,1437
BURL,pass,2018-01-02,2026-07-10,2141
BURU,pass,2020-10-23,2026-07-10,1433
BUSE,pass,2018-01-02,2026-07-10,2141
BUUU,pass,2025-08-14,2026-07-10,227
BVC,pass,2021-03-26,2026-07-10,1328
BVFL,pass,2018-01-02,2026-07-10,2141
BVN,pass,2018-01-02,2026-07-10,2141
BVS,pass,2021-02-11,2026-07-10,1358
BW,pass,2018-01-02,2026-07-10,2141
BWA,pass,2018-01-02,2026-07-10,2141
BWB,pass,2018-03-14,2026-07-10,2092
BWEN,pass,2018-01-02,2026-07-10,2141
BWFG,pass,2018-01-02,2026-07-10,2141
BWIN,pass,2019-10-24,2026-07-10,1685
BWIV,pass,2026-05-11,2026-07-10,42
BWLP,pass,2018-01-02,2026-07-10,2141
BWMN,pass,2021-05-07,2026-07-10,1299
BWMX,pass,2019-01-03,2026-07-10,1889
BWXT,pass,2018-01-02,2026-07-10,2141
BX,pass,2018-01-02,2026-07-10,2141
BXC,pass,2018-01-02,2026-07-10,2141
BXDC,pass,2026-05-14,2026-07-10,39
BXMT,pass,2018-01-02,2026-07-10,2141
BXP,pass,2018-01-02,2026-07-10,2141
BY,pass,2018-01-02,2026-07-10,2141
BYAH,pass,2024-12-27,2026-07-10,383
BYD,pass,2018-01-02,2026-07-10,2141
BYFC,pass,2018-01-02,2026-07-10,2141
BYRN,pass,2018-01-02,2026-07-10,2141
BYSI,pass,2018-01-02,2026-07-10,2141
BZ,pass,2021-06-11,2026-07-10,1275
BZAI,pass,2022-01-31,2026-07-10,1114
BZFD,pass,2021-03-05,2026-07-10,1343
BZH,pass,2018-01-02,2026-07-10,2141
C,pass,2018-01-02,2026-07-10,2141
CAAP,pass,2018-02-01,2026-07-10,2120
CAAS,pass,2018-01-02,2026-07-10,2141
CABA,pass,2019-10-25,2026-07-10,1684
CABO,pass,2018-01-02,2026-07-10,2141
CAC,pass,2018-01-02,2026-07-10,2141
CACC,pass,2018-01-02,2026-07-10,2141
CACI,pass,2018-01-02,2026-07-10,2141
CADL,pass,2021-07-27,2026-07-10,1244
CAE,pass,2018-01-02,2026-07-10,2141
CAES,pass,2026-06-17,2026-07-10,16
CAG,pass,2018-01-02,2026-07-10,2141
CAH,pass,2018-01-02,2026-07-10,2141
CAI,pass,2025-06-18,2026-07-10,266
CAII,pass,2026-06-22,2026-07-10,14
CAKE,pass,2018-01-02,2026-07-10,2141
CAL,pass,2018-01-02,2026-07-10,2141
CALM,pass,2018-01-02,2026-07-10,2141
CALX,pass,2018-01-02,2026-07-10,2141
CALY,pass,2018-01-02,2026-07-10,2141
CAMP,pass,2024-10-11,2026-07-10,436
CAMT,pass,2018-01-02,2026-07-10,2141
CANG,pass,2018-07-26,2026-07-10,1999
CAPR,pass,2018-01-02,2026-07-10,2141
CAQ,pass,2026-03-30,2026-07-10,71
CAR,pass,2018-01-02,2026-07-10,2141
CARE,pass,2018-01-02,2026-07-10,2141
CARG,pass,2018-01-02,2026-07-10,2141
CARL,pass,2025-07-23,2026-07-10,243
CARR,pass,2020-03-19,2026-07-10,1585
CARS,pass,2018-01-02,2026-07-10,2141
CART,pass,2023-09-19,2026-07-10,704
CASH,pass,2018-01-02,2026-07-10,2141
CASS,pass,2018-01-02,2026-07-10,2141
CAST,pass,2026-03-10,2026-07-10,85
CASY,pass,2018-01-02,2026-07-10,2141
CAT,pass,2018-01-02,2026-07-10,2141
CATO,pass,2018-01-02,2026-07-10,2141
CATX,pass,2018-01-02,2026-07-10,2141
CATY,pass,2018-01-02,2026-07-10,2141
CAVA,pass,2023-06-15,2026-07-10,769
CB,pass,2018-01-02,2026-07-10,2141
CBAN,pass,2018-01-02,2026-07-10,2141
CBC,pass,2025-11-21,2026-07-10,157
CBFV,pass,2018-01-02,2026-07-10,2141
CBIO,pass,2022-09-21,2026-07-10,953
CBK,pass,2025-10-02,2026-07-10,193
CBL,pass,2021-11-02,2026-07-10,1175
CBLL,pass,2024-10-11,2026-07-10,436
CBNA,pass,2024-10-04,2026-07-10,441
CBNK,pass,2018-09-26,2026-07-10,1956
CBRE,pass,2018-01-02,2026-07-10,2141
CBRL,pass,2018-01-02,2026-07-10,2141
CBRS,pass,2026-05-14,2026-07-10,39
CBSH,pass,2018-01-02,2026-07-10,2141
CBT,pass,2018-01-02,2026-07-10,2141
CBUS,pass,2018-01-02,2026-07-10,2141
CBZ,pass,2018-01-02,2026-07-10,2141
CC,pass,2018-01-02,2026-07-10,2141
CCAP,pass,2020-02-03,2026-07-10,1617
CCAQ,pass,2025-06-12,2026-07-10,270
CCB,pass,2018-07-19,2026-07-10,2004
CCBG,pass,2018-01-02,2026-07-10,2141
CCC,pass,2020-10-05,2026-07-10,1447
CCCC,pass,2020-10-02,2026-07-10,1448
CCEC,pass,2018-01-02,2026-07-10,2141
CCEL,pass,2018-01-02,2026-07-10,2141
CCEP,pass,2018-01-02,2026-07-10,2141
CCI,pass,2018-01-02,2026-07-10,2141
CCII,pass,2025-08-22,2026-07-10,221
CCIX,pass,2024-06-21,2026-07-10,514
CCJ,pass,2018-01-02,2026-07-10,2141
CCK,pass,2018-01-02,2026-07-10,2141
CCL,pass,2018-01-02,2026-07-10,2141
CCLD,pass,2018-01-02,2026-07-10,2141
CCNE,pass,2018-01-02,2026-07-10,2141
CCO,pass,2018-01-02,2026-07-10,2141
CCOI,pass,2018-01-02,2026-07-10,2141
CCRN,pass,2018-01-02,2026-07-10,2141
CCSI,pass,2021-09-30,2026-07-10,1198
CCU,pass,2018-01-02,2026-07-10,2141
CCXI,pass,2026-02-09,2026-07-10,105
CCZ,pass,2020-01-21,2026-07-10,1626
CD,pass,2018-01-02,2026-07-10,2141
CDE,pass,2018-01-02,2026-07-10,2141
CDIO,pass,2022-01-14,2026-07-10,1124
CDLX,pass,2018-02-09,2026-07-10,2114
CDNA,pass,2018-01-02,2026-07-10,2141
CDNL,pass,2025-12-10,2026-07-10,145
CDNS,pass,2018-01-02,2026-07-10,2141
CDRE,pass,2021-11-04,2026-07-10,1173
CDRO,pass,2021-01-27,2026-07-10,1369
CDTG,pass,2024-04-19,2026-07-10,557
CDW,pass,2018-01-02,2026-07-10,2141
CDXS,pass,2018-01-02,2026-07-10,2141
CDZI,pass,2018-01-02,2026-07-10,2141
CE,pass,2018-01-02,2026-07-10,2141
CECO,pass,2018-01-02,2026-07-10,2141
CEG,pass,2022-01-19,2026-07-10,1122
CELC,pass,2018-01-02,2026-07-10,2141
CELH,pass,2018-01-02,2026-07-10,2141
CELZ,pass,2018-01-02,2026-07-10,2141
CENN,pass,2018-01-02,2026-07-10,2141
CENT,pass,2018-01-02,2026-07-10,2141
CENTA,pass,2018-01-02,2026-07-10,2141
CENX,pass,2018-01-02,2026-07-10,2141
CEPF,pass,2025-08-21,2026-07-10,222
CEPL,pass,2026-07-08,2026-07-10,3
CEPO,pass,2025-01-07,2026-07-10,377
CEPS,pass,2026-02-05,2026-07-10,107
CEPV,pass,2025-11-04,2026-07-10,170
CERS,pass,2018-01-02,2026-07-10,2141
CERT,pass,2020-12-11,2026-07-10,1399
CET,pass,2018-01-02,2026-07-10,2141
CETX,pass,2018-01-02,2026-07-10,2141
CEVA,pass,2018-01-02,2026-07-10,2141
CF,pass,2018-01-02,2026-07-10,2141
CFBK,pass,2018-01-02,2026-07-10,2141
CFFI,pass,2018-01-02,2026-07-10,2141
CFFN,pass,2018-01-02,2026-07-10,2141
CFG,pass,2018-01-02,2026-07-10,2141
CFR,pass,2018-01-02,2026-07-10,2141
CG,pass,2018-01-02,2026-07-10,2141
CGAU,pass,2018-01-02,2026-07-10,2141
CGC,pass,2018-01-02,2026-07-10,2141
CGEM,pass,2021-01-08,2026-07-10,1381
CGEN,pass,2018-01-02,2026-07-10,2141
CGNT,pass,2021-02-08,2026-07-10,1361
CGNX,pass,2018-01-02,2026-07-10,2141
CGON,pass,2024-01-25,2026-07-10,616
CGTX,pass,2021-10-08,2026-07-10,1192
CHAI,pass,2020-09-25,2026-07-10,1453
CHAR,pass,2024-11-26,2026-07-10,404
CHCI,pass,2018-01-02,2026-07-10,2141
CHCO,pass,2018-01-02,2026-07-10,2141
CHD,pass,2018-01-02,2026-07-10,2141
CHDN,pass,2018-01-02,2026-07-10,2141
CHE,pass,2018-01-02,2026-07-10,2141
CHEC,pass,2025-11-11,2026-07-10,165
CHEF,pass,2018-01-02,2026-07-10,2141
CHGG,pass,2018-01-02,2026-07-10,2141
CHH,pass,2018-01-02,2026-07-10,2141
CHKP,pass,2018-01-02,2026-07-10,2141
CHMG,pass,2018-01-02,2026-07-10,2141
CHMI,pass,2018-01-02,2026-07-10,2141
CHNR,pass,2018-01-02,2026-07-10,2141
CHOW,pass,2025-09-16,2026-07-10,205
CHPG,pass,2025-06-20,2026-07-10,265
CHPT,pass,2019-09-16,2026-07-10,1713
CHR,pass,2018-09-12,2026-07-10,1966
CHRD,pass,2018-01-02,2026-07-10,2141
CHRN,pass,2018-01-02,2026-07-10,2141
CHRS,pass,2018-01-02,2026-07-10,2141
CHRW,pass,2018-01-02,2026-07-10,2141
CHSN,pass,2023-03-30,2026-07-10,822
CHT,pass,2018-01-02,2026-07-10,2141
CHTR,pass,2018-01-02,2026-07-10,2141
CHWY,pass,2019-06-14,2026-07-10,1777
CHYM,pass,2025-06-12,2026-07-10,270
CI,pass,2018-01-02,2026-07-10,2141
CIA,pass,2018-01-02,2026-07-10,2141
CIEN,pass,2018-01-02,2026-07-10,2141
CIFR,pass,2020-10-20,2026-07-10,1436
CIG.C,pass,2018-01-02,2026-07-10,2141
CIGI,pass,2018-01-02,2026-07-10,2141
CIIT,pass,2018-01-02,2026-07-10,2141
CIM,pass,2018-01-02,2026-07-10,2141
CINF,pass,2018-01-02,2026-07-10,2141
CING,pass,2021-12-08,2026-07-10,1150
CINT,pass,2021-11-10,2026-07-10,1169
CION,pass,2021-10-05,2026-07-10,1195
CIRC,pass,2021-08-27,2026-07-10,1221
CISS,pass,2023-06-14,2026-07-10,770
CITR,pass,2025-12-04,2026-07-10,149
CIVB,pass,2018-01-02,2026-07-10,2141
CIX,pass,2018-01-02,2026-07-10,2141
CKX,pass,2018-01-02,2026-07-10,2141
CL,pass,2018-01-02,2026-07-10,2141
CLAR,pass,2018-01-02,2026-07-10,2141
CLB,pass,2018-01-02,2026-07-10,2141
CLBK,pass,2018-04-23,2026-07-10,2065
CLBR,pass,2026-03-27,2026-07-10,72
CLBT,pass,2020-11-06,2026-07-10,1423
CLDI,pass,2021-11-01,2026-07-10,1176
CLDX,pass,2018-01-02,2026-07-10,2141
CLF,pass,2018-01-02,2026-07-10,2141
CLFD,pass,2018-01-02,2026-07-10,2141
CLH,pass,2018-01-02,2026-07-10,2141
CLIK,pass,2024-10-09,2026-07-10,438
CLIR,pass,2018-01-02,2026-07-10,2141
CLMB,pass,2018-01-02,2026-07-10,2141
CLMT,pass,2018-01-02,2026-07-10,2141
CLNE,pass,2018-01-02,2026-07-10,2141
CLNN,pass,2018-10-18,2026-07-10,1940
CLOV,pass,2020-06-12,2026-07-10,1526
CLPR,pass,2018-01-02,2026-07-10,2141
CLPT,pass,2018-01-02,2026-07-10,2141
CLRB,pass,2018-01-02,2026-07-10,2141
CLS,pass,2018-01-02,2026-07-10,2141
CLSK,pass,2018-01-02,2026-07-10,2141
CLST,pass,2021-10-13,2026-07-10,1189
CLVT,pass,2018-10-29,2026-07-10,1933
CLW,pass,2018-01-02,2026-07-10,2141
CLWT,pass,2018-01-02,2026-07-10,2141
CLX,pass,2018-01-02,2026-07-10,2141
CLYM,pass,2021-08-10,2026-07-10,1234
CM,pass,2018-01-02,2026-07-10,2141
CMBT,pass,2018-01-02,2026-07-10,2141
CMC,pass,2018-01-02,2026-07-10,2141
CMCL,pass,2018-01-02,2026-07-10,2141
CMCO,pass,2018-01-02,2026-07-10,2141
CMCSA,pass,2018-01-02,2026-07-10,2141
CMCT,pass,2018-01-02,2026-07-10,2141
CMDB,pass,2025-05-01,2026-07-10,299
CME,pass,2018-01-02,2026-07-10,2141
CMG,pass,2018-01-02,2026-07-10,2141
CMI,pass,2018-01-02,2026-07-10,2141
CMII,pass,2026-02-27,2026-07-10,92
CMND,pass,2022-11-15,2026-07-10,914
CMP,pass,2018-01-02,2026-07-10,2141
CMPR,pass,2018-01-02,2026-07-10,2141
CMPS,pass,2020-09-18,2026-07-10,1458
CMPX,pass,2021-04-05,2026-07-10,1323
CMRC,pass,2020-08-05,2026-07-10,1489
CMRE,pass,2018-01-02,2026-07-10,2141
CMS,pass,2018-01-02,2026-07-10,2141
CMT,pass,2018-01-02,2026-07-10,2141
CMTG,pass,2021-11-03,2026-07-10,1174
CMTL,pass,2018-01-02,2026-07-10,2141
CNA,pass,2018-01-02,2026-07-10,2141
CNC,pass,2018-01-02,2026-07-10,2141
CNCK,pass,2021-09-10,2026-07-10,1212
CNDT,pass,2018-01-02,2026-07-10,2141
CNEY,pass,2021-02-05,2026-07-10,1362
CNH,pass,2018-01-02,2026-07-10,2141
CNI,pass,2018-01-02,2026-07-10,2141
CNK,pass,2018-01-02,2026-07-10,2141
CNM,pass,2021-07-22,2026-07-10,1247
CNMD,pass,2018-01-02,2026-07-10,2141
CNNE,pass,2018-01-02,2026-07-10,2141
CNO,pass,2018-01-02,2026-07-10,2141
CNOB,pass,2018-01-02,2026-07-10,2141
CNP,pass,2018-01-02,2026-07-10,2141
CNQ,pass,2018-01-02,2026-07-10,2141
CNR,pass,2018-01-02,2026-07-10,2141
CNS,pass,2018-01-02,2026-07-10,2141
CNSP,pass,2019-11-08,2026-07-10,1674
CNTB,pass,2021-03-19,2026-07-10,1333
CNTN,pass,2022-01-12,2026-07-10,1126
CNTX,pass,2021-10-20,2026-07-10,1184
CNTY,pass,2018-01-02,2026-07-10,2141
CNVS,pass,2018-01-02,2026-07-10,2141
CNX,pass,2018-01-02,2026-07-10,2141
CNXC,pass,2020-11-24,2026-07-10,1411
CNXN,pass,2018-01-02,2026-07-10,2141
CNXU,pass,2026-05-21,2026-07-10,34
COAG,pass,2026-05-01,2026-07-10,48
COCO,pass,2021-10-21,2026-07-10,1183
COCP,pass,2018-01-02,2026-07-10,2141
CODA,pass,2018-01-02,2026-07-10,2141
CODX,pass,2018-01-02,2026-07-10,2141
COF,pass,2018-01-02,2026-07-10,2141
COFS,pass,2018-01-02,2026-07-10,2141
COGT,pass,2018-03-29,2026-07-10,2081
COHN,pass,2018-01-02,2026-07-10,2141
COHR,pass,2018-01-02,2026-07-10,2141
COHU,pass,2018-01-02,2026-07-10,2141
COIN,pass,2021-04-14,2026-07-10,1316
COKE,pass,2018-01-02,2026-07-10,2141
COLB,pass,2018-01-02,2026-07-10,2141
COLD,pass,2018-01-19,2026-07-10,2129
COLL,pass,2018-01-02,2026-07-10,2141
COLM,pass,2018-01-02,2026-07-10,2141
COMP,pass,2021-04-01,2026-07-10,1324
CON,pass,2024-07-25,2026-07-10,491
COO,pass,2018-01-02,2026-07-10,2141
COOK,pass,2021-07-29,2026-07-10,1242
COP,pass,2018-01-02,2026-07-10,2141
COPL,pass,2025-06-02,2026-07-10,278
COPR,pass,2026-07-02,2026-07-10,6
COR,pass,2018-01-02,2026-07-10,2141
CORT,pass,2018-01-02,2026-07-10,2141
CORZ,pass,2024-01-24,2026-07-10,617
COSO,pass,2025-05-08,2026-07-10,294
COST,pass,2018-01-02,2026-07-10,2141
COTY,pass,2018-01-02,2026-07-10,2141
COUR,pass,2021-03-31,2026-07-10,1325
COYA,pass,2022-12-29,2026-07-10,884
CP,pass,2018-01-02,2026-07-10,2141
CPA,pass,2018-01-02,2026-07-10,2141
CPAY,pass,2018-01-02,2026-07-10,2141
CPB,pass,2018-01-02,2026-07-10,2141
CPBI,pass,2023-10-20,2026-07-10,681
CPF,pass,2018-01-02,2026-07-10,2141
CPHC,pass,2018-01-02,2026-07-10,2141
CPHI,pass,2018-01-02,2026-07-10,2141
CPIX,pass,2018-01-02,2026-07-10,2141
CPK,pass,2018-01-02,2026-07-10,2141
CPNG,pass,2021-03-11,2026-07-10,1339
CPRI,pass,2018-01-02,2026-07-10,2141
CPRT,pass,2018-01-02,2026-07-10,2141
CPRX,pass,2018-01-02,2026-07-10,2141
CPS,pass,2018-01-02,2026-07-10,2141
CPSH,pass,2018-01-02,2026-07-10,2141
CPSS,pass,2018-01-02,2026-07-10,2141
CPT,pass,2018-01-02,2026-07-10,2141
CR,pass,2023-03-29,2026-07-10,823
CRAC,pass,2025-12-09,2026-07-10,146
CRAI,pass,2018-01-02,2026-07-10,2141
CRAN,pass,2026-01-12,2026-07-10,124
CRAQ,pass,2025-06-23,2026-07-10,264
CRBG,pass,2022-09-16,2026-07-10,956
CRBP,pass,2018-01-02,2026-07-10,2141
CRBU,pass,2021-07-23,2026-07-10,1246
CRC,pass,2020-10-28,2026-07-10,1430
CRCL,pass,2025-06-05,2026-07-10,275
CRCT,pass,2021-03-26,2026-07-10,1328
CRD.A,pass,2018-01-02,2026-07-10,2141
CRD.B,pass,2018-01-02,2026-07-10,2141
CRDF,pass,2018-01-02,2026-07-10,2141
CRDL,pass,2019-01-15,2026-07-10,1881
CRDO,pass,2022-01-27,2026-07-10,1116
CRE,pass,2025-07-23,2026-07-10,243
CREX,pass,2018-01-02,2026-07-10,2141
CRGO,pass,2021-11-17,2026-07-10,1164
CRGY,pass,2021-12-08,2026-07-10,1150
CRH,pass,2018-01-02,2026-07-10,2141
CRI,pass,2018-01-02,2026-07-10,2141
CRK,pass,2018-01-02,2026-07-10,2141
CRL,pass,2018-01-02,2026-07-10,2141
CRM,pass,2018-01-02,2026-07-10,2141
CRMD,pass,2018-01-02,2026-07-10,2141
CRML,pass,2022-02-07,2026-07-10,1109
CRMT,pass,2018-01-02,2026-07-10,2141
CRNC,pass,2019-09-16,2026-07-10,1713
CRNT,pass,2018-01-02,2026-07-10,2141
CRNX,pass,2018-07-18,2026-07-10,2005
CRON,pass,2018-02-27,2026-07-10,2103
CROX,pass,2018-01-02,2026-07-10,2141
CRS,pass,2018-01-02,2026-07-10,2141
CRSP,pass,2018-01-02,2026-07-10,2141
CRSR,pass,2020-09-23,2026-07-10,1455
CRT,pass,2018-01-02,2026-07-10,2141
CRUS,pass,2018-01-02,2026-07-10,2141
CRVL,pass,2018-01-02,2026-07-10,2141
CRVO,pass,2018-01-02,2026-07-10,2141
CRVS,pass,2018-01-02,2026-07-10,2141
CRWD,pass,2019-06-12,2026-07-10,1779
CRWS,pass,2018-01-02,2026-07-10,2141
CRWV,pass,2025-03-28,2026-07-10,322
CSAN,pass,2021-03-08,2026-07-10,1342
CSBR,pass,2018-01-02,2026-07-10,2141
CSCO,pass,2018-01-02,2026-07-10,2141
CSGP,pass,2018-01-02,2026-07-10,2141
CSHR,pass,2026-04-01,2026-07-10,69
CSIQ,pass,2018-01-02,2026-07-10,2141
CSL,pass,2018-01-02,2026-07-10,2141
CSPI,pass,2018-01-02,2026-07-10,2141
CSR,pass,2018-01-02,2026-07-10,2141
CSTE,pass,2018-01-02,2026-07-10,2141
CSTL,pass,2019-07-25,2026-07-10,1749
CSTM,pass,2018-01-02,2026-07-10,2141
CSV,pass,2018-01-02,2026-07-10,2141
CSW,pass,2018-01-02,2026-07-10,2141
CSWC,pass,2018-01-02,2026-07-10,2141
CSX,pass,2018-01-02,2026-07-10,2141
CTAA,pass,2026-04-16,2026-07-10,59
CTAS,pass,2018-01-02,2026-07-10,2141
CTEV,pass,2020-04-03,2026-07-10,1574
CTGO,pass,2018-01-02,2026-07-10,2141
CTKB,pass,2021-07-23,2026-07-10,1246
CTM,pass,2022-10-13,2026-07-10,937
CTMX,pass,2018-01-02,2026-07-10,2141
CTNM,pass,2024-04-05,2026-07-10,567
CTNT,pass,2023-08-01,2026-07-10,738
CTO,pass,2018-01-02,2026-07-10,2141
CTOS,pass,2018-01-02,2026-07-10,2141
CTRE,pass,2018-01-02,2026-07-10,2141
CTRI,pass,2024-04-19,2026-07-10,557
CTRM,pass,2019-02-11,2026-07-10,1863
CTRN,pass,2018-01-02,2026-07-10,2141
CTS,pass,2018-01-02,2026-07-10,2141
CTSH,pass,2018-01-02,2026-07-10,2141
CTVA,pass,2019-05-24,2026-07-10,1791
CTW,pass,2025-08-06,2026-07-10,233
CUB,pass,2024-08-12,2026-07-10,479
CUBE,pass,2018-01-02,2026-07-10,2141
CUBI,pass,2018-01-02,2026-07-10,2141
CUE,pass,2018-01-02,2026-07-10,2141
CULP,pass,2018-01-02,2026-07-10,2141
CUPR,pass,2025-04-10,2026-07-10,313
CURB,pass,2024-09-26,2026-07-10,447
CURI,pass,2020-01-08,2026-07-10,1634
CURR,pass,2024-09-03,2026-07-10,464
CURV,pass,2021-07-01,2026-07-10,1261
CUZ,pass,2018-01-02,2026-07-10,2141
CV,pass,2025-07-02,2026-07-10,257
CVBF,pass,2018-01-02,2026-07-10,2141
CVCO,pass,2018-01-02,2026-07-10,2141
CVE,pass,2018-01-02,2026-07-10,2141
CVEO,pass,2018-01-02,2026-07-10,2141
CVGI,pass,2018-01-02,2026-07-10,2141
CVI,pass,2018-01-02,2026-07-10,2141
CVKD,pass,2023-01-20,2026-07-10,870
CVLG,pass,2018-01-02,2026-07-10,2141
CVLT,pass,2018-01-02,2026-07-10,2141
CVM,pass,2018-01-02,2026-07-10,2141
CVNA,pass,2018-01-02,2026-07-10,2141
CVR,pass,2018-01-02,2026-07-10,2141
CVRX,pass,2021-06-30,2026-07-10,1262
CVS,pass,2018-01-02,2026-07-10,2141
CVSA,pass,2018-01-02,2026-07-10,2141
CVU,pass,2018-01-02,2026-07-10,2141
CVV,pass,2018-01-02,2026-07-10,2141
CVX,pass,2018-01-02,2026-07-10,2141
CWCO,pass,2018-01-02,2026-07-10,2141
CWD,pass,2023-05-18,2026-07-10,788
CWEN,pass,2018-01-02,2026-07-10,2141
CWH,pass,2018-01-02,2026-07-10,2141
CWK,pass,2018-08-02,2026-07-10,1994
CWST,pass,2018-01-02,2026-07-10,2141
CWT,pass,2018-01-02,2026-07-10,2141
CX,pass,2018-01-02,2026-07-10,2141
CXDO,pass,2018-03-27,2026-07-10,2083
CXII,pass,2026-06-17,2026-07-10,16
CXM,pass,2021-06-23,2026-07-10,1267
CXT,pass,2018-01-02,2026-07-10,2141
CXW,pass,2018-01-02,2026-07-10,2141
CYCN,pass,2019-03-18,2026-07-10,1839
CYCU,pass,2025-02-18,2026-07-10,350
CYD,pass,2018-01-02,2026-07-10,2141
CYN,pass,2021-10-20,2026-07-10,1184
CYPH,pass,2018-01-02,2026-07-10,2141
CYRX,pass,2018-01-02,2026-07-10,2141
CYTK,pass,2018-01-02,2026-07-10,2141
CZFS,pass,2018-01-02,2026-07-10,2141
CZNC,pass,2018-01-02,2026-07-10,2141
CZR,pass,2018-01-02,2026-07-10,2141
D,pass,2018-01-02,2026-07-10,2141
DAAQ,pass,2025-06-02,2026-07-10,278
DAC,pass,2018-01-02,2026-07-10,2141
DAIO,pass,2018-01-02,2026-07-10,2141
DAKT,pass,2018-01-02,2026-07-10,2141
DAL,pass,2018-01-02,2026-07-10,2141
DAN,pass,2018-01-02,2026-07-10,2141
DAR,pass,2018-01-02,2026-07-10,2141
DARE,pass,2018-01-02,2026-07-10,2141
DASH,pass,2020-12-09,2026-07-10,1401
DAVE,pass,2021-04-26,2026-07-10,1308
DB,pass,2018-01-02,2026-07-10,2141
DBCA,pass,2026-02-25,2026-07-10,94
DBD,pass,2023-08-14,2026-07-10,729
DBGI,pass,2021-05-14,2026-07-10,1294
DBI,pass,2018-01-02,2026-07-10,2141
DBRG,pass,2018-01-02,2026-07-10,2141
DBX,pass,2018-03-23,2026-07-10,2085
DC,pass,2022-04-05,2026-07-10,1069
DCBO,pass,2020-12-03,2026-07-10,1405
DCH,pass,2018-01-02,2026-07-10,2141
DCI,pass,2018-01-02,2026-07-10,2141
DCO,pass,2018-01-02,2026-07-10,2141
DCOM,pass,2018-01-02,2026-07-10,2141
DCOY,pass,2018-01-02,2026-07-10,2141
DCTH,pass,2018-05-03,2026-07-10,2057
DCX,pass,2022-01-07,2026-07-10,1129
DD,pass,2018-01-02,2026-07-10,2141
DDC,pass,2023-11-17,2026-07-10,661
DDD,pass,2018-01-02,2026-07-10,2141
DDI,pass,2021-08-31,2026-07-10,1219
DDOG,pass,2019-09-19,2026-07-10,1710
DDS,pass,2018-01-02,2026-07-10,2141
DDT,pass,2018-01-02,2026-07-10,2141
DE,pass,2018-01-02,2026-07-10,2141
DEA,pass,2018-01-02,2026-07-10,2141
DEC,pass,2023-11-30,2026-07-10,653
DECK,pass,2018-01-02,2026-07-10,2141
DEI,pass,2018-01-02,2026-07-10,2141
DELL,pass,2018-01-02,2026-07-10,2141
DEO,pass,2018-01-02,2026-07-10,2141
DERM,pass,2021-11-12,2026-07-10,1167
DETX,pass,2026-04-21,2026-07-10,56
DFDV,pass,2023-07-25,2026-07-10,743
DFH,pass,2021-01-21,2026-07-10,1373
DFIN,pass,2018-01-02,2026-07-10,2141
DFLI,pass,2021-08-24,2026-07-10,1224
DFSC,pass,2021-01-08,2026-07-10,1381
DFTX,pass,2018-01-02,2026-07-10,2141
DG,pass,2018-01-02,2026-07-10,2141
DGICA,pass,2018-01-02,2026-07-10,2141
DGICB,pass,2018-01-02,2026-07-10,2141
DGII,pass,2018-01-02,2026-07-10,2141
DGX,pass,2018-01-02,2026-07-10,2141
DGXX,pass,2021-01-08,2026-07-10,1381
DHI,pass,2018-01-02,2026-07-10,2141
DHR,pass,2018-01-02,2026-07-10,2141
DHT,pass,2018-01-02,2026-07-10,2141
DHX,pass,2018-01-02,2026-07-10,2141
DIBS,pass,2021-06-10,2026-07-10,1276
DIN,pass,2018-01-02,2026-07-10,2141
DINO,pass,2018-01-02,2026-07-10,2141
DIOD,pass,2018-01-02,2026-07-10,2141
DIS,pass,2018-01-02,2026-07-10,2141
DIT,pass,2018-01-02,2026-07-10,2141
DJCO,pass,2018-01-02,2026-07-10,2141
DJT,pass,2021-09-30,2026-07-10,1198
DK,pass,2018-01-02,2026-07-10,2141
DKI,pass,2025-08-08,2026-07-10,231
DKNG,pass,2019-07-25,2026-07-10,1749
DKS,pass,2018-01-02,2026-07-10,2141
DLB,pass,2018-01-02,2026-07-10,2141
DLHC,pass,2018-01-02,2026-07-10,2141
DLO,pass,2021-06-03,2026-07-10,1281
DLPN,pass,2018-01-02,2026-07-10,2141
DLR,pass,2018-01-02,2026-07-10,2141
DLTH,pass,2018-01-02,2026-07-10,2141
DLTR,pass,2018-01-02,2026-07-10,2141
DLX,pass,2018-01-02,2026-07-10,2141
DMAA,pass,2025-02-25,2026-07-10,345
DMAC,pass,2018-01-02,2026-07-10,2141
DMC,pass,2026-07-10,2026-07-10,1
DMII,pass,2025-12-03,2026-07-10,150
DMRA,pass,2020-10-29,2026-07-10,1429
DMRC,pass,2018-01-02,2026-07-10,2141
DNA,pass,2021-04-19,2026-07-10,1313
DNLI,pass,2018-01-02,2026-07-10,2141
DNMX,pass,2025-11-19,2026-07-10,159
DNN,pass,2018-01-02,2026-07-10,2141
DNOW,pass,2018-01-02,2026-07-10,2141
DNTH,pass,2018-06-21,2026-07-10,2023
DNUT,pass,2021-07-01,2026-07-10,1261
DOC,pass,2018-01-02,2026-07-10,2141
DOCN,pass,2021-03-24,2026-07-10,1330
DOCS,pass,2021-06-24,2026-07-10,1266
DOCU,pass,2018-04-27,2026-07-10,2061
DOGZ,pass,2018-01-02,2026-07-10,2141
DOLE,pass,2021-07-30,2026-07-10,1241
DOMH,pass,2018-01-02,2026-07-10,2141
DOMO,pass,2018-06-29,2026-07-10,2017
DOO,pass,2018-01-02,2026-07-10,2141
DORM,pass,2018-01-02,2026-07-10,2141
DOUG,pass,2021-12-30,2026-07-10,1135
DOV,pass,2018-01-02,2026-07-10,2141
DOW,pass,2019-03-20,2026-07-10,1837
DOX,pass,2018-01-02,2026-07-10,2141
DPC,pass,2026-06-25,2026-07-10,11
DPRO,pass,2021-01-08,2026-07-10,1381
DPZ,pass,2018-01-02,2026-07-10,2141
DRDB,pass,2025-02-03,2026-07-10,360
DRH,pass,2018-01-02,2026-07-10,2141
DRI,pass,2018-01-02,2026-07-10,2141
DRIO,pass,2018-01-02,2026-07-10,2141
DRMA,pass,2021-08-13,2026-07-10,1231
DRS,pass,2018-01-02,2026-07-10,2141
DRTS,pass,2021-03-08,2026-07-10,1342
DRVN,pass,2021-01-19,2026-07-10,1375
DSAC,pass,2026-01-29,2026-07-10,112
DSGN,pass,2021-03-29,2026-07-10,1327
DSGR,pass,2018-01-02,2026-07-10,2141
DSGX,pass,2018-01-02,2026-07-10,2141
DSP,pass,2021-02-10,2026-07-10,1359
DSS,pass,2018-01-02,2026-07-10,2141
DSWL,pass,2018-01-02,2026-07-10,2141
DSX,pass,2018-01-02,2026-07-10,2141
DSY,pass,2023-01-11,2026-07-10,876
DT,pass,2019-08-01,2026-07-10,1744
DTCX,pass,2022-03-21,2026-07-10,1080
DTE,pass,2018-01-02,2026-07-10,2141
DTI,pass,2021-12-29,2026-07-10,1136
DTIL,pass,2019-03-28,2026-07-10,1831
DTM,pass,2021-07-01,2026-07-10,1261
DTST,pass,2018-01-02,2026-07-10,2141
DUK,pass,2018-01-02,2026-07-10,2141
DUKR,pass,2021-01-08,2026-07-10,1381
DUO,pass,2019-11-01,2026-07-10,1679
DUOL,pass,2021-07-28,2026-07-10,1243
DUOT,pass,2018-01-02,2026-07-10,2141
DV,pass,2021-04-21,2026-07-10,1311
DVA,pass,2018-01-02,2026-07-10,2141
DVN,pass,2018-01-02,2026-07-10,2141
DWSN,pass,2018-01-02,2026-07-10,2141
DWTX,pass,2020-12-17,2026-07-10,1395
DX,pass,2018-01-02,2026-07-10,2141
DXC,pass,2018-01-02,2026-07-10,2141
DXCM,pass,2018-01-02,2026-07-10,2141
DXPE,pass,2018-01-02,2026-07-10,2141
DXST,pass,2025-01-22,2026-07-10,368
DXYZ,pass,2024-03-26,2026-07-10,574
DY,pass,2018-01-02,2026-07-10,2141
DYN,pass,2020-09-17,2026-07-10,1459
DYNC,pass,2024-12-09,2026-07-10,396
DYOR,pass,2025-11-18,2026-07-10,160
E,pass,2018-01-02,2026-07-10,2141
EA,pass,2018-01-02,2026-07-10,2141
EAF,pass,2018-04-19,2026-07-10,2067
EAT,pass,2018-01-02,2026-07-10,2141
EBAY,pass,2018-01-02,2026-07-10,2141
EBC,pass,2020-10-15,2026-07-10,1439
EBF,pass,2018-01-02,2026-07-10,2141
EBMT,pass,2018-01-02,2026-07-10,2141
EBON,pass,2020-06-26,2026-07-10,1516
EBS,pass,2018-01-02,2026-07-10,2141
ECBK,pass,2022-07-28,2026-07-10,991
ECG,pass,2024-10-28,2026-07-10,425
ECHO,pass,2018-01-02,2026-07-10,2141
ECL,pass,2018-01-02,2026-07-10,2141
ECO,pass,2023-08-14,2026-07-10,729
ECOR,pass,2018-06-22,2026-07-10,2022
ECPG,pass,2018-01-02,2026-07-10,2141
ECVT,pass,2018-01-02,2026-07-10,2141
ECX,pass,2021-03-31,2026-07-10,1325
ED,pass,2018-01-02,2026-07-10,2141
EDIT,pass,2018-01-02,2026-07-10,2141
EDRY,pass,2018-06-01,2026-07-10,2037
EDSA,pass,2018-01-02,2026-07-10,2141
EDTK,pass,2020-07-23,2026-07-10,1498
EDU,pass,2018-01-02,2026-07-10,2141
EDUC,pass,2018-01-02,2026-07-10,2141
EE,pass,2022-04-13,2026-07-10,1063
EEFT,pass,2018-01-02,2026-07-10,2141
EEIQ,pass,2021-03-24,2026-07-10,1330
EEX,pass,2018-01-02,2026-07-10,2141
EFC,pass,2018-01-02,2026-07-10,2141
EFOI,pass,2018-01-02,2026-07-10,2141
EFOR,pass,2018-01-02,2026-07-10,2141
EFSC,pass,2018-01-02,2026-07-10,2141
EFSI,pass,2018-01-02,2026-07-10,2141
EFTY,pass,2025-08-08,2026-07-10,231
EFX,pass,2018-01-02,2026-07-10,2141
EFXT,pass,2018-01-02,2026-07-10,2141
EG,pass,2018-01-02,2026-07-10,2141
EGAN,pass,2018-01-02,2026-07-10,2141
EGBN,pass,2018-01-02,2026-07-10,2141
EGG,pass,2025-06-18,2026-07-10,266
EGHA,pass,2025-06-30,2026-07-10,259
EGHT,pass,2018-01-02,2026-07-10,2141
EGO,pass,2018-01-02,2026-07-10,2141
EGP,pass,2018-01-02,2026-07-10,2141
EGY,pass,2018-01-02,2026-07-10,2141
EH,pass,2019-12-13,2026-07-10,1650
EHC,pass,2018-01-02,2026-07-10,2141
EHGO,pass,2024-07-02,2026-07-10,507
EHLD,pass,2025-03-07,2026-07-10,337
EHTH,pass,2018-01-02,2026-07-10,2141
EIC,pass,2019-07-24,2026-07-10,1750
EIG,pass,2018-01-02,2026-07-10,2141
EIKN,pass,2026-02-05,2026-07-10,107
EIX,pass,2018-01-02,2026-07-10,2141
EL,pass,2018-01-02,2026-07-10,2141
ELA,pass,2018-01-02,2026-07-10,2141
ELAB,pass,2023-11-21,2026-07-10,659
ELAN,pass,2018-09-20,2026-07-10,1960
ELDN,pass,2018-01-02,2026-07-10,2141
ELE,pass,2020-08-04,2026-07-10,1490
ELF,pass,2018-01-02,2026-07-10,2141
ELLO,pass,2018-01-02,2026-07-10,2141
ELMD,pass,2018-01-02,2026-07-10,2141
ELMT,pass,2026-04-23,2026-07-10,54
ELOG,pass,2025-08-28,2026-07-10,217
ELOX,pass,2026-06-09,2026-07-10,22
ELPW,pass,2023-05-01,2026-07-10,801
ELS,pass,2018-01-02,2026-07-10,2141
ELSE,pass,2018-01-02,2026-07-10,2141
ELTK,pass,2018-01-02,2026-07-10,2141
ELTX,pass,2021-02-05,2026-07-10,1362
ELUT,pass,2020-10-08,2026-07-10,1444
ELV,pass,2018-01-02,2026-07-10,2141
ELVA,pass,2018-01-02,2026-07-10,2141
ELVN,pass,2020-03-12,2026-07-10,1590
ELVR,pass,2025-09-02,2026-07-10,215
ELWT,pass,2025-11-05,2026-07-10,169
EMA,pass,2018-01-02,2026-07-10,2141
EMAT,pass,2026-01-07,2026-07-10,127
EMBC,pass,2022-03-22,2026-07-10,1079
EMBJ,pass,2018-01-02,2026-07-10,2141
EME,pass,2018-01-02,2026-07-10,2141
EMIS,pass,2025-10-22,2026-07-10,179
EML,pass,2018-01-02,2026-07-10,2141
EMN,pass,2018-01-02,2026-07-10,2141
EMPD,pass,2021-10-06,2026-07-10,1194
EMR,pass,2018-01-02,2026-07-10,2141
ENB,pass,2018-01-02,2026-07-10,2141
ENGN,pass,2022-02-01,2026-07-10,1113
ENGS,pass,2025-04-01,2026-07-10,320
ENHA,pass,2026-05-08,2026-07-10,43
ENLT,pass,2023-01-03,2026-07-10,882
ENOV,pass,2018-01-02,2026-07-10,2141
ENPH,pass,2018-01-02,2026-07-10,2141
ENR,pass,2018-01-02,2026-07-10,2141
ENS,pass,2018-01-02,2026-07-10,2141
ENSG,pass,2018-01-02,2026-07-10,2141
ENTA,pass,2018-01-02,2026-07-10,2141
ENTG,pass,2018-01-02,2026-07-10,2141
ENTX,pass,2018-06-28,2026-07-10,2018
ENVA,pass,2018-01-02,2026-07-10,2141
ENVB,pass,2018-01-02,2026-07-10,2141
ENVX,pass,2021-01-05,2026-07-10,1384
EOG,pass,2018-01-02,2026-07-10,2141
EOLS,pass,2018-02-08,2026-07-10,2115
EONR,pass,2022-04-06,2026-07-10,1068
EOSE,pass,2020-11-02,2026-07-10,1427
EP,pass,2018-01-02,2026-07-10,2141
EPAC,pass,2018-01-02,2026-07-10,2141
EPAM,pass,2018-01-02,2026-07-10,2141
EPC,pass,2018-01-02,2026-07-10,2141
EPD,pass,2018-01-02,2026-07-10,2141
EPM,pass,2018-01-02,2026-07-10,2141
EPR,pass,2018-01-02,2026-07-10,2141
EPRT,pass,2018-06-21,2026-07-10,2023
EPRX,pass,2024-04-05,2026-07-10,567
EPSM,pass,2025-03-26,2026-07-10,324
EPSN,pass,2018-01-02,2026-07-10,2141
EQ,pass,2018-10-12,2026-07-10,1944
EQBK,pass,2018-01-02,2026-07-10,2141
EQH,pass,2018-05-10,2026-07-10,2052
EQIX,pass,2018-01-02,2026-07-10,2141
EQNR,pass,2018-01-02,2026-07-10,2141
EQPT,pass,2026-01-23,2026-07-10,116
EQS,pass,2018-01-02,2026-07-10,2141
EQT,pass,2018-01-02,2026-07-10,2141
EQX,pass,2019-01-02,2026-07-10,1890
ERAS,pass,2021-07-16,2026-07-10,1251
ERIE,pass,2018-01-02,2026-07-10,2141
ERII,pass,2018-01-02,2026-07-10,2141
ERNA,pass,2018-01-02,2026-07-10,2141
ERO,pass,2018-01-02,2026-07-10,2141
EROC,pass,2026-06-10,2026-07-10,21
EROK,pass,2026-05-14,2026-07-10,39
ES,pass,2018-01-02,2026-07-10,2141
ESAB,pass,2022-03-29,2026-07-10,1074
ESCA,pass,2018-01-02,2026-07-10,2141
ESE,pass,2018-01-02,2026-07-10,2141
ESEA,pass,2018-01-02,2026-07-10,2141
ESI,pass,2018-01-02,2026-07-10,2141
ESLA,pass,2021-09-14,2026-07-10,1210
ESLT,pass,2018-01-02,2026-07-10,2141
ESNT,pass,2018-01-02,2026-07-10,2141
ESOA,pass,2018-01-02,2026-07-10,2141
ESP,pass,2018-01-02,2026-07-10,2141
ESPR,pass,2018-01-02,2026-07-10,2141
ESQ,pass,2018-01-02,2026-07-10,2141
ESRT,pass,2018-01-02,2026-07-10,2141
ESS,pass,2018-01-02,2026-07-10,2141
ESTA,pass,2018-07-19,2026-07-10,2004
ESTC,pass,2018-10-05,2026-07-10,1949
ETD,pass,2018-01-02,2026-07-10,2141
ETN,pass,2018-01-02,2026-07-10,2141
ETO,pass,2018-01-02,2026-07-10,2141
ETON,pass,2018-11-13,2026-07-10,1922
ETOR,pass,2025-05-13,2026-07-10,291
ETR,pass,2018-01-02,2026-07-10,2141
ETSY,pass,2018-01-02,2026-07-10,2141
EU,pass,2018-01-02,2026-07-10,2141
EUDA,pass,2021-12-14,2026-07-10,1146
EVAC,pass,2025-08-22,2026-07-10,221
EVC,pass,2018-01-02,2026-07-10,2141
EVCM,pass,2021-07-01,2026-07-10,1261
EVER,pass,2018-06-28,2026-07-10,2018
EVEX,pass,2022-05-10,2026-07-10,1045
EVF,pass,2018-01-02,2026-07-10,2141
EVGO,pass,2020-11-20,2026-07-10,1413
EVH,pass,2018-01-02,2026-07-10,2141
EVI,pass,2018-01-02,2026-07-10,2141
EVLV,pass,2020-09-22,2026-07-10,1456
EVMN,pass,2025-11-06,2026-07-10,168
EVN,pass,2018-01-02,2026-07-10,2141
EVOX,pass,2025-12-03,2026-07-10,150
EVR,pass,2018-01-02,2026-07-10,2141
EVRG,pass,2018-01-02,2026-07-10,2141
EVTC,pass,2018-01-02,2026-07-10,2141
EVTL,pass,2020-11-02,2026-07-10,1427
EW,pass,2018-01-02,2026-07-10,2141
EWBC,pass,2018-01-02,2026-07-10,2141
EWTX,pass,2021-03-26,2026-07-10,1328
EXC,pass,2018-01-02,2026-07-10,2141
EXE,pass,2021-02-10,2026-07-10,1359
EXEL,pass,2018-01-02,2026-07-10,2141
EXFY,pass,2021-11-10,2026-07-10,1169
EXK,pass,2018-01-02,2026-07-10,2141
EXLS,pass,2018-01-02,2026-07-10,2141
EXOD,pass,2021-09-16,2026-07-10,1208
EXOZ,pass,2024-11-13,2026-07-10,413
EXP,pass,2018-01-02,2026-07-10,2141
EXPD,pass,2018-01-02,2026-07-10,2141
EXPE,pass,2018-01-02,2026-07-10,2141
EXPO,pass,2018-01-02,2026-07-10,2141
EXR,pass,2018-01-02,2026-07-10,2141
EXTR,pass,2018-01-02,2026-07-10,2141
EXYN,pass,2026-05-15,2026-07-10,38
EYE,pass,2018-01-02,2026-07-10,2141
EYPT,pass,2018-01-02,2026-07-10,2141
EZGO,pass,2021-01-26,2026-07-10,1370
EZPW,pass,2018-01-02,2026-07-10,2141
EZRA,pass,2021-02-09,2026-07-10,1360
F,pass,2018-01-02,2026-07-10,2141
FA,pass,2021-06-23,2026-07-10,1267
FABC,pass,2018-01-02,2026-07-10,2141
FAC,pass,2025-06-24,2026-07-10,263
FACT,pass,2024-12-20,2026-07-10,387
FAF,pass,2018-01-02,2026-07-10,2141
FAMI,pass,2018-02-16,2026-07-10,2109
FANG,pass,2018-01-02,2026-07-10,2141
FAST,pass,2018-01-02,2026-07-10,2141
FATE,pass,2018-01-02,2026-07-10,2141
FATN,pass,2025-04-08,2026-07-10,315
FBIN,pass,2018-01-02,2026-07-10,2141
FBIO,pass,2018-01-02,2026-07-10,2141
FBIZ,pass,2018-01-02,2026-07-10,2141
FBK,pass,2018-01-02,2026-07-10,2141
FBLA,pass,2024-10-23,2026-07-10,428
FBLG,pass,2024-01-31,2026-07-10,612
FBNC,pass,2018-01-02,2026-07-10,2141
FBP,pass,2018-01-02,2026-07-10,2141
FBRT,pass,2021-10-19,2026-07-10,1185
FBRX,pass,2018-01-02,2026-07-10,2141
FBYD,pass,2023-10-06,2026-07-10,691
FC,pass,2018-01-02,2026-07-10,2141
FCAP,pass,2018-01-02,2026-07-10,2141
FCBM,pass,2026-06-18,2026-07-10,15
FCEL,pass,2018-01-02,2026-07-10,2141
FCF,pass,2018-01-02,2026-07-10,2141
FCFS,pass,2018-01-02,2026-07-10,2141
FCN,pass,2018-01-02,2026-07-10,2141
FCNCA,pass,2018-01-02,2026-07-10,2141
FCPT,pass,2018-01-02,2026-07-10,2141
FCRS,pass,2025-11-17,2026-07-10,161
FCUV,pass,2018-01-02,2026-07-10,2141
FCX,pass,2018-01-02,2026-07-10,2141
FDBC,pass,2018-01-02,2026-07-10,2141
FDMT,pass,2020-12-11,2026-07-10,1399
FDS,pass,2018-01-02,2026-07-10,2141
FDSB,pass,2024-08-01,2026-07-10,486
FDX,pass,2018-01-02,2026-07-10,2141
FDXF,pass,2026-05-27,2026-07-10,31
FE,pass,2018-01-02,2026-07-10,2141
FEAM,pass,2022-03-15,2026-07-10,1084
FEBO,pass,2023-11-30,2026-07-10,653
FEED,pass,2018-01-02,2026-07-10,2141
FEIM,pass,2018-01-02,2026-07-10,2141
FELE,pass,2018-01-02,2026-07-10,2141
FEMY,pass,2021-06-18,2026-07-10,1270
FENC,pass,2018-01-02,2026-07-10,2141
FER,pass,2018-01-02,2026-07-10,2141
FERA,pass,2025-04-21,2026-07-10,307
FERG,pass,2018-01-02,2026-07-10,2141
FET,pass,2018-01-02,2026-07-10,2141
FF,pass,2018-01-02,2026-07-10,2141
FFBC,pass,2018-01-02,2026-07-10,2141
FFIN,pass,2018-01-02,2026-07-10,2141
FFIV,pass,2018-01-02,2026-07-10,2141
FG,pass,2022-11-22,2026-07-10,909
FGBI,pass,2018-01-02,2026-07-10,2141
FGI,pass,2022-01-25,2026-07-10,1118
FGII,pass,2026-03-10,2026-07-10,85
FGL,pass,2024-10-23,2026-07-10,428
FGMC,pass,2025-02-11,2026-07-10,354
FGNX,pass,2018-01-02,2026-07-10,2141
FHB,pass,2018-01-02,2026-07-10,2141
FHI,pass,2018-01-02,2026-07-10,2141
FHN,pass,2018-01-02,2026-07-10,2141
FHTX,pass,2020-10-23,2026-07-10,1433
FIBK,pass,2018-01-02,2026-07-10,2141
FICO,pass,2018-01-02,2026-07-10,2141
FIEE,pass,2018-01-02,2026-07-10,2141
FIG,pass,2025-07-31,2026-07-10,237
FIGR,pass,2025-09-11,2026-07-10,208
FIGS,pass,2021-05-27,2026-07-10,1285
FIGX,pass,2025-08-18,2026-07-10,225
FINW,pass,2021-11-19,2026-07-10,1162
FIP,pass,2022-07-20,2026-07-10,997
FIRY,pass,2020-04-27,2026-07-10,1559
FIS,pass,2018-01-02,2026-07-10,2141
FISI,pass,2018-01-02,2026-07-10,2141
FISN,pass,2026-06-18,2026-07-10,15
FISV,pass,2018-01-02,2026-07-10,2140
FITB,pass,2018-01-02,2026-07-10,2141
FIVE,pass,2018-01-02,2026-07-10,2141
FIVN,pass,2018-01-02,2026-07-10,2141
FIX,pass,2018-01-02,2026-07-10,2141
FIZZ,pass,2018-01-02,2026-07-10,2141
FJET,pass,2025-12-18,2026-07-10,139
FKWL,pass,2018-01-02,2026-07-10,2141
FLD,pass,2022-02-09,2026-07-10,1107
FLEX,pass,2018-01-02,2026-07-10,2141
FLG,pass,2018-01-02,2026-07-10,2141
FLGT,pass,2018-01-02,2026-07-10,2141
FLL,pass,2018-01-02,2026-07-10,2141
FLNA,pass,2018-01-02,2026-07-10,2141
FLNC,pass,2021-10-28,2026-07-10,1178
FLNG,pass,2019-06-17,2026-07-10,1776
FLNT,pass,2018-01-02,2026-07-10,2141
FLO,pass,2018-01-02,2026-07-10,2141
FLOC,pass,2025-01-16,2026-07-10,371
FLR,pass,2018-01-02,2026-07-10,2141
FLS,pass,2018-01-02,2026-07-10,2141
FLUT,pass,2018-01-02,2026-07-10,2141
FLUX,pass,2020-08-14,2026-07-10,1482
FLWS,pass,2018-01-02,2026-07-10,2141
FLXS,pass,2018-01-02,2026-07-10,2141
FLY,pass,2025-08-07,2026-07-10,232
FLYE,pass,2024-06-06,2026-07-10,524
FLYW,pass,2021-05-26,2026-07-10,1286
FLYX,pass,2023-12-29,2026-07-10,633
FLZH,pass,2019-11-14,2026-07-10,1670
FMAC,pass,2026-05-18,2026-07-10,37
FMAO,pass,2018-01-02,2026-07-10,2141
FMBH,pass,2018-01-02,2026-07-10,2141
FMC,pass,2018-01-02,2026-07-10,2141
FMNB,pass,2018-01-02,2026-07-10,2141
FMST,pass,2023-07-05,2026-07-10,757
FMX,pass,2018-01-02,2026-07-10,2141
FN,pass,2018-01-02,2026-07-10,2141
FNB,pass,2018-01-02,2026-07-10,2141
FND,pass,2018-01-02,2026-07-10,2141
FNF,pass,2018-01-02,2026-07-10,2141
FNKO,pass,2018-01-02,2026-07-10,2141
FNLC,pass,2018-01-02,2026-07-10,2141
FNUC,pass,2021-11-19,2026-07-10,1162
FNV,pass,2018-01-02,2026-07-10,2141
FNWB,pass,2018-01-02,2026-07-10,2141
FNWD,pass,2018-01-02,2026-07-10,2141
FOA,pass,2019-04-18,2026-07-10,1816
FOFO,pass,2025-09-12,2026-07-10,207
FOR,pass,2018-01-02,2026-07-10,2141
FORM,pass,2018-01-02,2026-07-10,2141
FOSL,pass,2018-01-02,2026-07-10,2141
FOUR,pass,2020-06-05,2026-07-10,1531
FOX,pass,2019-03-13,2026-07-10,1842
FOXA,pass,2019-03-12,2026-07-10,1843
FOXF,pass,2018-01-02,2026-07-10,2141
FOXX,pass,2022-08-08,2026-07-10,984
FPH,pass,2018-01-02,2026-07-10,2141
FPI,pass,2018-01-02,2026-07-10,2141
FPS,pass,2026-02-05,2026-07-10,107
FR,pass,2018-01-02,2026-07-10,2141
FRAF,pass,2018-01-02,2026-07-10,2141
FRBA,pass,2018-01-02,2026-07-10,2141
FRGT,pass,2018-01-02,2026-07-10,2141
FRHC,pass,2018-02-07,2026-07-10,2116
FRME,pass,2018-01-02,2026-07-10,2141
FRMI,pass,2025-10-01,2026-07-10,194
FRMM,pass,2018-01-02,2026-07-10,2141
FRO,pass,2018-01-02,2026-07-10,2141
FROG,pass,2020-09-16,2026-07-10,1460
FRPH,pass,2018-01-02,2026-07-10,2141
FRPT,pass,2018-01-02,2026-07-10,2141
FRSH,pass,2021-09-22,2026-07-10,1204
FRST,pass,2018-01-02,2026-07-10,2141
FRT,pass,2018-01-02,2026-07-10,2141
FRVO,pass,2026-05-13,2026-07-10,40
FSBC,pass,2021-05-04,2026-07-10,1302
FSBW,pass,2018-01-02,2026-07-10,2141
FSEA,pass,2019-07-17,2026-07-10,1755
FSHP,pass,2024-08-15,2026-07-10,476
FSI,pass,2018-01-02,2026-07-10,2141
FSK,pass,2018-01-02,2026-07-10,2141
FSLR,pass,2018-01-02,2026-07-10,2141
FSLY,pass,2019-05-17,2026-07-10,1796
FSM,pass,2018-01-02,2026-07-10,2141
FSP,pass,2018-01-02,2026-07-10,2141
FSS,pass,2018-01-02,2026-07-10,2141
FSTR,pass,2018-01-02,2026-07-10,2141
FSUN,pass,2022-08-03,2026-07-10,987
FT,pass,2018-01-02,2026-07-10,2141
FTAI,pass,2018-01-02,2026-07-10,2141
FTCI,pass,2021-04-28,2026-07-10,1306
FTDR,pass,2018-09-13,2026-07-10,1965
FTEK,pass,2018-01-02,2026-07-10,2141
FTFT,pass,2018-01-02,2026-07-10,2141
FTH,pass,2021-02-04,2026-07-10,1363
FTHA,pass,2026-06-22,2026-07-10,14
FTI,pass,2018-01-02,2026-07-10,2141
FTK,pass,2018-01-02,2026-07-10,2141
FTLF,pass,2018-01-02,2026-07-10,2141
FTNT,pass,2018-01-02,2026-07-10,2141
FTRE,pass,2023-06-16,2026-07-10,768
FTS,pass,2018-01-02,2026-07-10,2141
FTV,pass,2018-01-02,2026-07-10,2141
FTW,pass,2024-09-27,2026-07-10,446
FUBO,pass,2019-03-27,2026-07-10,1832
FUFU,pass,2021-12-09,2026-07-10,1149
FUL,pass,2018-01-02,2026-07-10,2141
FULC,pass,2019-07-18,2026-07-10,1754
FULT,pass,2018-01-02,2026-07-10,2141
FURY,pass,2018-01-02,2026-07-10,2141
FUSB,pass,2018-01-02,2026-07-10,2141
FVAV,pass,2026-02-26,2026-07-10,93
FVCB,pass,2018-01-02,2026-07-10,2141
FVR,pass,2024-10-02,2026-07-10,443
FVRR,pass,2019-06-13,2026-07-10,1778
FWDI,pass,2018-01-02,2026-07-10,2141
FWONA,pass,2018-01-02,2026-07-10,2141
FWONK,pass,2018-01-02,2026-07-10,2141
FWRD,pass,2018-01-02,2026-07-10,2141
FWRG,pass,2021-10-01,2026-07-10,1197
FXAC,pass,2026-07-07,2026-07-10,4
FXHO,pass,2021-04-06,2026-07-10,1322
FXNC,pass,2018-01-02,2026-07-10,2141
G,pass,2018-01-02,2026-07-10,2141
GAB,pass,2018-01-02,2026-07-10,2141
GABC,pass,2018-01-02,2026-07-10,2141
GAIA,pass,2018-01-02,2026-07-10,2141
GAIN,pass,2018-01-02,2026-07-10,2141
GALT,pass,2018-01-02,2026-07-10,2141
GAM,pass,2018-01-02,2026-07-10,2141
GAMB,pass,2021-07-23,2026-07-10,1246
GANX,pass,2021-03-19,2026-07-10,1333
GAP,pass,2018-01-02,2026-07-10,2141
GASS,pass,2018-01-02,2026-07-10,2141
GATX,pass,2018-01-02,2026-07-10,2141
GAU,pass,2018-01-02,2026-07-10,2141
GBCI,pass,2018-01-02,2026-07-10,2141
GBFH,pass,2024-07-09,2026-07-10,503
GBLI,pass,2018-01-02,2026-07-10,2141
GBR,pass,2018-01-02,2026-07-10,2141
GBTG,pass,2022-08-18,2026-07-10,976
GBX,pass,2018-01-02,2026-07-10,2141
GCBC,pass,2018-01-02,2026-07-10,2141
GCDT,pass,2026-01-13,2026-07-10,123
GCGR,pass,2026-06-22,2026-07-10,14
GCMG,pass,2019-02-06,2026-07-10,1866
GCO,pass,2018-01-02,2026-07-10,2141
GCT,pass,2022-08-18,2026-07-10,976
GCTS,pass,2021-12-27,2026-07-10,1138
GD,pass,2018-01-02,2026-07-10,2141
GDDY,pass,2018-01-02,2026-07-10,2141
GDEV,pass,2020-10-05,2026-07-10,1447
GDHG,pass,2023-04-12,2026-07-10,814
GDOT,pass,2018-01-02,2026-07-10,2141
GDRX,pass,2020-09-23,2026-07-10,1455
GDTC,pass,2023-04-14,2026-07-10,812
GDYN,pass,2018-10-30,2026-07-10,1932
GE,pass,2018-01-02,2026-07-10,2141
GEF,pass,2018-01-02,2026-07-10,2141
GEF.B,pass,2018-01-02,2026-07-10,2141
GEG,pass,2018-01-02,2026-07-10,2141
GEHC,pass,2022-12-15,2026-07-10,893
GEMI,pass,2025-09-12,2026-07-10,207
GEN,pass,2018-01-02,2026-07-10,2141
GENB,pass,2026-02-27,2026-07-10,92
GENC,pass,2018-01-02,2026-07-10,2141
GENI,pass,2020-10-05,2026-07-10,1447
GENK,pass,2023-06-28,2026-07-10,761
GEO,pass,2018-01-02,2026-07-10,2141
GEOS,pass,2018-01-02,2026-07-10,2141
GERN,pass,2018-01-02,2026-07-10,2141
GETY,pass,2020-09-21,2026-07-10,1457
GEV,pass,2024-03-27,2026-07-10,573
GEVO,pass,2018-01-02,2026-07-10,2141
GFF,pass,2018-01-02,2026-07-10,2141
GFL,pass,2020-03-03,2026-07-10,1597
GFR,pass,2021-12-13,2026-07-10,1147
GGB,pass,2018-01-02,2026-07-10,2141
GGG,pass,2018-01-02,2026-07-10,2141
GGN,pass,2018-01-02,2026-07-10,2141
GGR,pass,2021-03-01,2026-07-10,1347
GGT,pass,2018-01-02,2026-07-10,2141
GH,pass,2018-10-04,2026-07-10,1950
GHC,pass,2018-01-02,2026-07-10,2141
GHM,pass,2018-01-02,2026-07-10,2141
GHRS,pass,2021-06-25,2026-07-10,1265
GIB,pass,2018-01-02,2026-07-10,2141
GIBO,pass,2023-08-21,2026-07-10,724
GIC,pass,2018-01-02,2026-07-10,2141
GIFT,pass,2021-01-08,2026-07-10,1381
GIGM,pass,2018-01-02,2026-07-10,2141
GIII,pass,2018-01-02,2026-07-10,2141
GIL,pass,2018-01-02,2026-07-10,2141
GILD,pass,2018-01-02,2026-07-10,2141
GILT,pass,2018-01-02,2026-07-10,2141
GIS,pass,2018-01-02,2026-07-10,2141
GITS,pass,2023-08-01,2026-07-10,738
GIW,pass,2025-10-27,2026-07-10,176
GIX,pass,2026-03-19,2026-07-10,78
GJO,pass,2018-01-02,2026-07-10,2141
GJP,pass,2018-01-02,2026-07-10,2141
GJR,pass,2018-01-02,2026-07-10,2141
GJS,pass,2018-01-02,2026-07-10,2141
GJT,pass,2018-01-02,2026-07-10,2141
GKOS,pass,2018-01-02,2026-07-10,2141
GL,pass,2018-01-02,2026-07-10,2141
GLAS,pass,2019-07-18,2026-07-10,1754
GLBE,pass,2021-05-12,2026-07-10,1296
GLBS,pass,2018-01-02,2026-07-10,2141
GLDG,pass,2018-01-02,2026-07-10,2141
GLED,pass,2026-04-14,2026-07-10,61
GLIBA,pass,2025-07-11,2026-07-10,251
GLIBK,pass,2025-07-11,2026-07-10,251
GLND,pass,2026-03-23,2026-07-10,76
GLNG,pass,2018-01-02,2026-07-10,2141
GLOB,pass,2018-01-02,2026-07-10,2141
GLOO,pass,2025-11-18,2026-07-10,160
GLPI,pass,2018-01-02,2026-07-10,2141
GLRE,pass,2018-01-02,2026-07-10,2141
GLSI,pass,2020-09-25,2026-07-10,1453
GLU,pass,2018-01-02,2026-07-10,2141
GLUE,pass,2021-06-24,2026-07-10,1266
GLW,pass,2018-01-02,2026-07-10,2141
GLXG,pass,2024-09-12,2026-07-10,457
GLXY,pass,2025-05-16,2026-07-10,288
GM,pass,2018-01-02,2026-07-10,2141
GME,pass,2018-01-02,2026-07-10,2141
GMED,pass,2018-01-02,2026-07-10,2141
GMEX,pass,2023-08-08,2026-07-10,733
GMM,pass,2023-10-09,2026-07-10,690
GMRS,pass,2026-05-13,2026-07-10,40
GMTL,pass,2026-03-20,2026-07-10,77
GNE,pass,2018-01-02,2026-07-10,2141
GNK,pass,2018-01-02,2026-07-10,2141
GNL,pass,2018-01-02,2026-07-10,2141
GNLN,pass,2019-04-18,2026-07-10,1816
GNLX,pass,2023-01-26,2026-07-10,866
GNRC,pass,2018-01-02,2026-07-10,2141
GNS,pass,2022-04-12,2026-07-10,1064
GNSS,pass,2018-01-02,2026-07-10,2141
GNT,pass,2018-01-02,2026-07-10,2141
GNTX,pass,2018-01-02,2026-07-10,2141
GO,pass,2019-06-20,2026-07-10,1773
GOAI,pass,2026-01-28,2026-07-10,113
GOGO,pass,2018-01-02,2026-07-10,2141
GOLD,pass,2018-01-02,2026-07-10,2141
GOLF,pass,2018-01-02,2026-07-10,2141
GOOD,pass,2018-01-02,2026-07-10,2141
GOOG,pass,2018-01-02,2026-07-10,2141
GOOGL,pass,2018-01-02,2026-07-10,2141
GOOS,pass,2018-01-02,2026-07-10,2141
GORO,pass,2018-01-02,2026-07-10,2141
GOVX,pass,2020-09-25,2026-07-10,1453
GP,pass,2020-08-28,2026-07-10,1472
GPAC,pass,2026-01-23,2026-07-10,116
GPAT,pass,2024-07-02,2026-07-10,507
GPC,pass,2018-01-02,2026-07-10,2141
GPGI,pass,2020-11-19,2026-07-10,1414
GPI,pass,2018-01-02,2026-07-10,2141
GPK,pass,2018-01-02,2026-07-10,2141
GPMT,pass,2018-01-02,2026-07-10,2141
GPN,pass,2018-01-02,2026-07-10,2141
GPOR,pass,2021-05-18,2026-07-10,1292
GPRE,pass,2018-01-02,2026-07-10,2141
GPRK,pass,2018-01-02,2026-07-10,2141
GPRO,pass,2018-01-02,2026-07-10,2141
GPUS,pass,2018-01-02,2026-07-10,2141
GRAB,pass,2020-12-01,2026-07-10,1407
GRAF,pass,2024-08-16,2026-07-10,475
GRAL,pass,2024-06-12,2026-07-10,520
GRAN,pass,2025-07-01,2026-07-10,258
GRBK,pass,2018-01-02,2026-07-10,2141
GRC,pass,2018-01-02,2026-07-10,2141
GRCE,pass,2018-01-02,2026-07-10,2141
GRDN,pass,2024-09-26,2026-07-10,447
GRDX,pass,2018-01-02,2026-07-10,2141
GRI,pass,2021-02-10,2026-07-10,1359
GRMN,pass,2018-01-02,2026-07-10,2141
GRND,pass,2021-01-14,2026-07-10,1377
GRNQ,pass,2018-06-13,2026-07-10,2029
GRNT,pass,2020-11-06,2026-07-10,1423
GRO,pass,2024-11-27,2026-07-10,403
GROV,pass,2021-05-13,2026-07-10,1295
GROW,pass,2018-01-02,2026-07-10,2141
GROY,pass,2021-03-09,2026-07-10,1341
GRPN,pass,2018-01-02,2026-07-10,2141
GRRR,pass,2021-05-10,2026-07-10,1298
GRWG,pass,2018-02-07,2026-07-10,2116
GS,pass,2018-01-02,2026-07-10,2141
GSAT,pass,2018-01-02,2026-07-10,2141
GSBC,pass,2018-01-02,2026-07-10,2141
GSBD,pass,2018-01-02,2026-07-10,2141
GSHD,pass,2018-04-27,2026-07-10,2061
GSHR,pass,2025-05-12,2026-07-10,292
GSIT,pass,2018-01-02,2026-07-10,2141
GSIW,pass,2023-12-01,2026-07-10,652
GSM,pass,2018-01-02,2026-07-10,2141
GSRF,pass,2025-10-20,2026-07-10,181
GSRV,pass,2026-07-02,2026-07-10,6
GT,pass,2018-01-02,2026-07-10,2141
GTE,pass,2018-01-02,2026-07-10,2141
GTEN,pass,2025-06-23,2026-07-10,264
GTERA,pass,2025-07-25,2026-07-10,241
GTES,pass,2018-01-25,2026-07-10,2125
GTIM,pass,2018-01-02,2026-07-10,2141
GTLB,pass,2021-10-14,2026-07-10,1188
GTLS,pass,2018-01-02,2026-07-10,2141
GTM,pass,2020-06-04,2026-07-10,1532
GTN.A,pass,2018-01-02,2026-07-10,2141
GTX,pass,2018-09-17,2026-07-10,1963
GTY,pass,2018-01-02,2026-07-10,2141
GUAC,pass,2026-07-06,2026-07-10,5
GUT,pass,2018-01-02,2026-07-10,2141
GVA,pass,2018-01-02,2026-07-10,2141
GVH,pass,2023-11-08,2026-07-10,668
GWH,pass,2021-01-04,2026-07-10,1385
GWRE,pass,2018-01-02,2026-07-10,2141
GWRS,pass,2018-01-02,2026-07-10,2141
GWW,pass,2018-01-02,2026-07-10,2141
GXAI,pass,2023-02-15,2026-07-10,852
GXO,pass,2021-07-22,2026-07-10,1247
GYRE,pass,2018-01-02,2026-07-10,2141
GYRO,pass,2018-01-02,2026-07-10,2141
H,pass,2018-01-02,2026-07-10,2141
HACQ,pass,2026-04-06,2026-07-10,67
HAE,pass,2018-01-02,2026-07-10,2141
HAFC,pass,2018-01-02,2026-07-10,2141
HAFN,pass,2024-04-10,2026-07-10,564
HAL,pass,2018-01-02,2026-07-10,2141
HALO,pass,2018-01-02,2026-07-10,2141
HAO,pass,2024-01-26,2026-07-10,615
HAPN,pass,2018-01-02,2026-07-10,2141
HAS,pass,2018-01-02,2026-07-10,2141
HASI,pass,2018-01-02,2026-07-10,2141
HAVA,pass,2025-12-15,2026-07-10,142
HAWK,pass,2026-05-07,2026-07-10,44
HAYW,pass,2021-03-12,2026-07-10,1338
HBAN,pass,2018-01-02,2026-07-10,2141
HBB,pass,2018-01-02,2026-07-10,2141
HBCP,pass,2018-01-02,2026-07-10,2141
HBIO,pass,2018-01-02,2026-07-10,2141
HBM,pass,2018-01-02,2026-07-10,2141
HBNB,pass,2025-06-03,2026-07-10,277
HBNC,pass,2018-01-02,2026-07-10,2141
HBT,pass,2019-10-11,2026-07-10,1694
HCA,pass,2018-01-02,2026-07-10,2141
HCAC,pass,2026-01-27,2026-07-10,114
HCAI,pass,2025-02-05,2026-07-10,358
HCAT,pass,2019-07-25,2026-07-10,1749
HCC,pass,2018-01-02,2026-07-10,2141
HCHL,pass,2025-06-24,2026-07-10,263
HCI,pass,2018-01-02,2026-07-10,2141
HCIC,pass,2026-03-30,2026-07-10,71
HCKT,pass,2018-01-02,2026-07-10,2141
HCMA,pass,2025-09-22,2026-07-10,201
HCSG,pass,2018-01-02,2026-07-10,2141
HCTI,pass,2021-10-13,2026-07-10,1189
HCWB,pass,2021-07-20,2026-07-10,1249
HCWC,pass,2024-09-16,2026-07-10,455
HD,pass,2018-01-02,2026-07-10,2141
HDB,pass,2018-01-02,2026-07-10,2141
HDRN,pass,2024-09-11,2026-07-10,458
HDSN,pass,2018-01-02,2026-07-10,2141
HE,pass,2018-01-02,2026-07-10,2141
HEI,pass,2018-01-02,2026-07-10,2141
HEI.A,pass,2018-01-02,2026-07-10,2141
HELE,pass,2018-01-02,2026-07-10,2141
HELP,pass,2019-09-13,2026-07-10,1714
HESM,pass,2018-01-02,2026-07-10,2141
HFBL,pass,2018-01-02,2026-07-10,2141
HFWA,pass,2018-01-02,2026-07-10,2141
HG,pass,2023-11-10,2026-07-10,666
HGBL,pass,2018-01-02,2026-07-10,2141
HGTY,pass,2021-06-01,2026-07-10,1283
HGV,pass,2018-01-02,2026-07-10,2141
HHH,pass,2018-01-02,2026-07-10,2141
HHS,pass,2018-01-02,2026-07-10,2141
HIFS,pass,2018-01-02,2026-07-10,2141
HIG,pass,2018-01-02,2026-07-10,2141
HII,pass,2018-01-02,2026-07-10,2141
HIMS,pass,2019-09-13,2026-07-10,1714
HIND,pass,2018-01-02,2026-07-10,2141
HIPO,pass,2021-01-11,2026-07-10,1380
HIT,pass,2024-12-23,2026-07-10,386
HITI,pass,2021-01-08,2026-07-10,1381
HIVE,pass,2018-01-02,2026-07-10,2141
HIW,pass,2018-01-02,2026-07-10,2141
HKIT,pass,2023-03-31,2026-07-10,821
HL,pass,2018-01-02,2026-07-10,2141
HLF,pass,2018-01-02,2026-07-10,2141
HLI,pass,2018-01-02,2026-07-10,2141
HLIO,pass,2018-01-02,2026-07-10,2141
HLIT,pass,2018-01-02,2026-07-10,2141
HLLY,pass,2020-11-27,2026-07-10,1409
HLMN,pass,2020-12-03,2026-07-10,1405
HLNE,pass,2018-01-02,2026-07-10,2141
HLT,pass,2018-01-02,2026-07-10,2141
HLX,pass,2018-01-02,2026-07-10,2141
HLXC,pass,2026-01-23,2026-07-10,116
HMC,pass,2018-01-02,2026-07-10,2141
HMH,pass,2026-04-01,2026-07-10,69
HMN,pass,2018-01-02,2026-07-10,2141
HMR,pass,2025-02-20,2026-07-10,348
HMY,pass,2018-01-02,2026-07-10,2141
HNGE,pass,2025-05-22,2026-07-10,284
HNI,pass,2018-01-02,2026-07-10,2141
HNNA,pass,2018-01-02,2026-07-10,2141
HNRG,pass,2018-01-02,2026-07-10,2141
HNST,pass,2021-05-04,2026-07-10,1302
HNVR,pass,2022-05-11,2026-07-10,1044
HODO,pass,2025-03-06,2026-07-10,338
HOFT,pass,2018-01-02,2026-07-10,2141
HOG,pass,2018-01-02,2026-07-10,2141
HOLO,pass,2021-08-06,2026-07-10,1236
HOMB,pass,2018-01-02,2026-07-10,2141
HON,pass,2018-01-02,2026-07-10,2141
HONA,pass,2026-07-10,2026-07-10,1
HOOD,pass,2021-07-29,2026-07-10,1242
HOPE,pass,2018-01-02,2026-07-10,2141
HOUR,pass,2022-01-07,2026-07-10,1129
HOV,pass,2018-01-02,2026-07-10,2141
HOVR,pass,2023-04-03,2026-07-10,820
HPAI,pass,2024-08-05,2026-07-10,484
HPE,pass,2018-01-02,2026-07-10,2141
HPK,pass,2018-05-29,2026-07-10,2040
HPP,pass,2018-01-02,2026-07-10,2141
HPQ,pass,2018-01-02,2026-07-10,2141
HQ,pass,2026-03-20,2026-07-10,77
HQI,pass,2018-01-02,2026-07-10,2141
HQY,pass,2018-01-02,2026-07-10,2141
HR,pass,2018-01-02,2026-07-10,2141
HRB,pass,2018-01-02,2026-07-10,2141
HRI,pass,2018-01-02,2026-07-10,2141
HRL,pass,2018-01-02,2026-07-10,2141
HRMY,pass,2020-08-19,2026-07-10,1479
HROW,pass,2018-01-02,2026-07-10,2141
HRTG,pass,2018-01-02,2026-07-10,2141
HRZN,pass,2018-01-02,2026-07-10,2141
HSBC,pass,2018-01-02,2026-07-10,2141
HSCS,pass,2022-06-16,2026-07-10,1019
HSHP,pass,2023-03-31,2026-07-10,821
HSIC,pass,2018-01-02,2026-07-10,2141
HSLV,pass,2026-03-11,2026-07-10,84
HST,pass,2018-01-02,2026-07-10,2141
HSTM,pass,2018-01-02,2026-07-10,2141
HSY,pass,2018-01-02,2026-07-10,2141
HTB,pass,2018-01-02,2026-07-10,2141
HTCO,pass,2021-09-27,2026-07-10,1201
HTCR,pass,2022-02-10,2026-07-10,1106
HTFL,pass,2025-08-11,2026-07-10,230
HTGC,pass,2018-01-02,2026-07-10,2141
HTH,pass,2018-01-02,2026-07-10,2141
HTLM,pass,2024-10-01,2026-07-10,444
HTO,pass,2018-01-02,2026-07-10,2141
HTOO,pass,2020-12-10,2026-07-10,1400
HTZ,pass,2021-07-01,2026-07-10,1261
HUBB,pass,2018-01-02,2026-07-10,2141
HUBS,pass,2018-01-02,2026-07-10,2141
HUDI,pass,2021-01-22,2026-07-10,1372
HUHU,pass,2024-10-22,2026-07-10,429
HUM,pass,2018-01-02,2026-07-10,2141
HUMA,pass,2020-12-01,2026-07-10,1407
HUN,pass,2018-01-02,2026-07-10,2141
HURA,pass,2018-01-02,2026-07-10,2141
HURC,pass,2018-01-02,2026-07-10,2141
HURN,pass,2018-01-02,2026-07-10,2141
HUT,pass,2018-03-08,2026-07-10,2096
HVII,pass,2025-02-06,2026-07-10,357
HVT,pass,2018-01-02,2026-07-10,2141
HVT.A,pass,2018-01-02,2026-07-10,2141
HWBK,pass,2018-01-02,2026-07-10,2141
HWC,pass,2018-01-02,2026-07-10,2141
HWKN,pass,2018-01-02,2026-07-10,2141
HWM,pass,2018-01-02,2026-07-10,2141
HXL,pass,2018-01-02,2026-07-10,2141
HY,pass,2018-01-02,2026-07-10,2141
HYLN,pass,2020-01-02,2026-07-10,1638
HYMC,pass,2018-03-12,2026-07-10,2094
HYNE,pass,2025-12-04,2026-07-10,149
HYPD,pass,2018-01-25,2026-07-10,2125
HYPR,pass,2021-01-28,2026-07-10,1368
HZO,pass,2018-01-02,2026-07-10,2141
IACO,pass,2026-04-06,2026-07-10,67
IACQ,pass,2026-06-18,2026-07-10,15
IAG,pass,2018-01-02,2026-07-10,2141
IART,pass,2018-01-02,2026-07-10,2141
IAUX,pass,2021-04-22,2026-07-10,1310
IBAC,pass,2024-05-01,2026-07-10,549
IBCP,pass,2018-01-02,2026-07-10,2141
IBEX,pass,2020-08-07,2026-07-10,1487
IBIO,pass,2018-01-02,2026-07-10,2141
IBKR,pass,2018-01-02,2026-07-10,2141
IBM,pass,2018-01-02,2026-07-10,2141
IBN,pass,2018-01-02,2026-07-10,2141
IBO,pass,2024-09-16,2026-07-10,455
IBOC,pass,2018-01-02,2026-07-10,2141
IBP,pass,2018-01-02,2026-07-10,2141
IBTA,pass,2024-04-19,2026-07-10,557
ICCC,pass,2018-01-02,2026-07-10,2141
ICCM,pass,2021-08-26,2026-07-10,1222
ICE,pass,2018-01-02,2026-07-10,2141
ICFI,pass,2018-01-02,2026-07-10,2141
ICHR,pass,2018-01-02,2026-07-10,2141
ICL,pass,2018-01-02,2026-07-10,2141
ICLR,pass,2018-01-02,2026-07-10,2141
ICMB,pass,2018-01-02,2026-07-10,2141
ICON,pass,2024-07-12,2026-07-10,500
ICU,pass,2021-03-18,2026-07-10,1334
ICUI,pass,2018-01-02,2026-07-10,2141
IDA,pass,2018-01-02,2026-07-10,2141
IDAC,pass,2026-07-06,2026-07-10,5
IDAI,pass,2021-02-24,2026-07-10,1350
IDCC,pass,2018-01-02,2026-07-10,2141
IDN,pass,2018-01-02,2026-07-10,2141
IDR,pass,2018-01-02,2026-07-10,2141
IDT,pass,2018-01-02,2026-07-10,2141
IDXX,pass,2018-01-02,2026-07-10,2141
IDYA,pass,2019-05-23,2026-07-10,1792
IE,pass,2022-06-28,2026-07-10,1012
IEAG,pass,2026-03-10,2026-07-10,85
IESC,pass,2018-01-02,2026-07-10,2141
IEX,pass,2018-01-02,2026-07-10,2141
IFBD,pass,2021-04-20,2026-07-10,1312
IFF,pass,2018-01-02,2026-07-10,2141
IFRX,pass,2018-01-02,2026-07-10,2141
IFS,pass,2019-07-01,2026-07-10,1766
IGAC,pass,2025-12-22,2026-07-10,137
IGC,pass,2018-01-02,2026-07-10,2141
IGIC,pass,2018-04-10,2026-07-10,2074
IHRT,pass,2019-07-01,2026-07-10,1766
IHS,pass,2021-10-14,2026-07-10,1188
III,pass,2018-01-02,2026-07-10,2141
IIIN,pass,2018-01-02,2026-07-10,2141
IIIV,pass,2018-06-21,2026-07-10,2023
IIM,pass,2018-01-02,2026-07-10,2141
IIPR,pass,2018-01-02,2026-07-10,2141
IKT,pass,2020-12-23,2026-07-10,1391
ILAG,pass,2022-07-13,2026-07-10,1002
ILLU,pass,2026-04-21,2026-07-10,56
ILMN,pass,2018-01-02,2026-07-10,2141
IMA,pass,2021-03-26,2026-07-10,1328
IMAX,pass,2018-01-02,2026-07-10,2141
IMDX,pass,2018-01-02,2026-07-10,2141
IMKTA,pass,2018-01-02,2026-07-10,2141
IMMR,pass,2018-01-02,2026-07-10,2141
IMMX,pass,2021-12-16,2026-07-10,1144
IMNM,pass,2020-10-02,2026-07-10,1448
IMNN,pass,2018-01-02,2026-07-10,2141
IMO,pass,2018-01-02,2026-07-10,2141
IMPP,pass,2021-12-06,2026-07-10,1152
IMRX,pass,2021-07-30,2026-07-10,1241
IMSR,pass,2024-10-10,2026-07-10,437
IMTX,pass,2018-12-12,2026-07-10,1903
IMUX,pass,2018-01-02,2026-07-10,2141
IMVT,pass,2019-06-21,2026-07-10,1772
IMXI,pass,2018-01-02,2026-07-10,2141
INAB,pass,2021-07-30,2026-07-10,1241
INAC,pass,2025-07-30,2026-07-10,238
INBK,pass,2018-01-02,2026-07-10,2141
INBS,pass,2020-12-23,2026-07-10,1391
INBX,pass,2024-05-29,2026-07-10,530
INCY,pass,2018-01-02,2026-07-10,2141
INDB,pass,2018-01-02,2026-07-10,2141
INDI,pass,2019-10-04,2026-07-10,1699
INDO,pass,2019-12-19,2026-07-10,1646
INDP,pass,2018-01-02,2026-07-10,2141
INDV,pass,2018-01-02,2026-07-10,2141
INFQ,pass,2026-02-17,2026-07-10,100
INFU,pass,2018-01-02,2026-07-10,2141
ING,pass,2018-01-02,2026-07-10,2141
INGM,pass,2024-10-24,2026-07-10,427
INGN,pass,2018-01-02,2026-07-10,2141
INGR,pass,2018-01-02,2026-07-10,2141
INHD,pass,2023-12-14,2026-07-10,643
INIO,pass,2026-06-08,2026-07-10,23
INKT,pass,2021-10-15,2026-07-10,1187
INLF,pass,2025-01-02,2026-07-10,380
INLX,pass,2018-01-02,2026-07-10,2141
INMB,pass,2019-02-04,2026-07-10,1868
INMD,pass,2019-08-08,2026-07-10,1739
INN,pass,2018-01-02,2026-07-10,2141
INNV,pass,2021-03-04,2026-07-10,1344
INO,pass,2018-01-02,2026-07-10,2141
INOD,pass,2018-01-02,2026-07-10,2141
INR,pass,2025-01-31,2026-07-10,361
INSE,pass,2018-01-02,2026-07-10,2141
INSG,pass,2018-01-02,2026-07-10,2141
INSM,pass,2018-01-02,2026-07-10,2141
INSP,pass,2018-05-03,2026-07-10,2057
INSW,pass,2018-01-02,2026-07-10,2141
INTA,pass,2021-06-30,2026-07-10,1262
INTC,pass,2018-01-02,2026-07-10,2141
INTG,pass,2018-01-02,2026-07-10,2141
INTJ,pass,2024-03-20,2026-07-10,578
INTR,pass,2022-06-23,2026-07-10,1015
INTS,pass,2023-06-30,2026-07-10,759
INTT,pass,2018-01-02,2026-07-10,2141
INTU,pass,2018-01-02,2026-07-10,2141
INUV,pass,2018-01-02,2026-07-10,2141
INV,pass,2021-11-29,2026-07-10,1157
INVA,pass,2018-01-02,2026-07-10,2141
INVE,pass,2018-01-02,2026-07-10,2141
INVH,pass,2018-01-02,2026-07-10,2141
INVX,pass,2018-01-02,2026-07-10,2141
IONQ,pass,2021-01-04,2026-07-10,1385
IOSP,pass,2018-01-02,2026-07-10,2141
IOT,pass,2021-12-15,2026-07-10,1145
IOTR,pass,2025-04-10,2026-07-10,313
IOVA,pass,2018-01-02,2026-07-10,2141
IP,pass,2018-01-02,2026-07-10,2141
IPAR,pass,2018-01-02,2026-07-10,2141
IPCX,pass,2025-06-16,2026-07-10,268
IPEX,pass,2025-03-07,2026-07-10,337
IPFX,pass,2026-05-18,2026-07-10,37
IPGP,pass,2018-01-02,2026-07-10,2141
IPI,pass,2018-01-02,2026-07-10,2141
IPM,pass,2018-01-02,2026-07-10,2141
IPSC,pass,2021-06-18,2026-07-10,1270
IPST,pass,2024-11-22,2026-07-10,406
IPWR,pass,2018-01-02,2026-07-10,2141
IQI,pass,2018-01-02,2026-07-10,2141
IQST,pass,2018-07-09,2026-07-10,2012
IQV,pass,2018-01-02,2026-07-10,2141
IR,pass,2018-01-02,2026-07-10,2141
IRAB,pass,2026-02-24,2026-07-10,95
IRD,pass,2018-01-02,2026-07-10,2141
IRDM,pass,2018-01-02,2026-07-10,2141
IREN,pass,2021-11-17,2026-07-10,1164
IRHO,pass,2026-02-06,2026-07-10,106
IRIX,pass,2018-01-02,2026-07-10,2141
IRM,pass,2018-01-02,2026-07-10,2141
IRMD,pass,2018-01-02,2026-07-10,2141
IRON,pass,2020-08-12,2026-07-10,1484
IRT,pass,2018-01-02,2026-07-10,2141
IRTC,pass,2018-01-02,2026-07-10,2141
IRWD,pass,2018-01-02,2026-07-10,2141
ISBA,pass,2018-01-02,2026-07-10,2141
ISOU,pass,2018-01-02,2026-07-10,2141
ISRG,pass,2018-01-02,2026-07-10,2141
ISSC,pass,2018-01-02,2026-07-10,2141
ISTR,pass,2018-01-02,2026-07-10,2141
IT,pass,2018-01-02,2026-07-10,2141
ITG,pass,2026-07-10,2026-07-10,1
ITGR,pass,2018-01-02,2026-07-10,2141
ITHA,pass,2026-01-20,2026-07-10,119
ITIC,pass,2018-01-02,2026-07-10,2141
ITP,pass,2018-01-02,2026-07-10,2141
ITRG,pass,2020-07-31,2026-07-10,1492
ITRI,pass,2018-01-02,2026-07-10,2141
ITRN,pass,2018-01-02,2026-07-10,2141
ITT,pass,2018-01-02,2026-07-10,2141
IVA,pass,2020-07-10,2026-07-10,1507
IVF,pass,2020-11-02,2026-07-10,1427
IVR,pass,2018-01-02,2026-07-10,2141
IVT,pass,2018-01-02,2026-07-10,2141
IVVD,pass,2021-08-06,2026-07-10,1236
IVZ,pass,2018-01-02,2026-07-10,2141
IXHL,pass,2022-03-02,2026-07-10,1093
IZEA,pass,2018-01-02,2026-07-10,2141
J,pass,2018-01-02,2026-07-10,2141
JACK,pass,2018-01-02,2026-07-10,2141
JACS,pass,2025-01-30,2026-07-10,362
JAGU,pass,2026-02-09,2026-07-10,105
JAGX,pass,2018-01-02,2026-07-10,2141
JAKK,pass,2018-01-02,2026-07-10,2141
JAN,pass,2026-03-20,2026-07-10,77
JANX,pass,2021-06-11,2026-07-10,1275
JATT,pass,2026-04-17,2026-07-10,58
JAZZ,pass,2018-01-02,2026-07-10,2141
JBGS,pass,2018-01-02,2026-07-10,2141
JBHT,pass,2018-01-02,2026-07-10,2141
JBI,pass,2019-12-20,2026-07-10,1645
JBIO,pass,2021-06-30,2026-07-10,1262
JBK,pass,2018-01-02,2026-07-10,2141
JBL,pass,2018-01-02,2026-07-10,2141
JBS,pass,2025-06-13,2026-07-10,269
JBSS,pass,2018-01-02,2026-07-10,2141
JBTM,pass,2018-01-02,2026-07-10,2141
JCAP,pass,2025-06-26,2026-07-10,261
JCI,pass,2018-01-02,2026-07-10,2141
JCSE,pass,2022-04-22,2026-07-10,1057
JCTC,pass,2018-01-02,2026-07-10,2141
JDZG,pass,2024-05-15,2026-07-10,539
JEF,pass,2018-01-02,2026-07-10,2141
JELD,pass,2018-01-02,2026-07-10,2141
JEM,pass,2025-06-09,2026-07-10,273
JENA,pass,2025-07-22,2026-07-10,244
JFB,pass,2025-03-06,2026-07-10,338
JHI,pass,2018-01-02,2026-07-10,2141
JHS,pass,2018-01-02,2026-07-10,2141
JHX,pass,2018-01-02,2026-07-10,2141
JILL,pass,2018-01-02,2026-07-10,2141
JJSF,pass,2018-01-02,2026-07-10,2141
JKHY,pass,2018-01-02,2026-07-10,2141
JL,pass,2024-01-24,2026-07-10,617
JLHL,pass,2025-06-26,2026-07-10,261
JLL,pass,2018-01-02,2026-07-10,2141
JMSB,pass,2018-01-02,2026-07-10,2141
JNJ,pass,2018-01-02,2026-07-10,2141
JOB,pass,2018-01-02,2026-07-10,2141
JOBY,pass,2020-11-09,2026-07-10,1422
JOE,pass,2018-01-02,2026-07-10,2141
JOUT,pass,2018-01-02,2026-07-10,2141
JPM,pass,2018-01-02,2026-07-10,2141
JRSH,pass,2018-05-04,2026-07-10,2056
JRVR,pass,2018-01-02,2026-07-10,2141
JTAI,pass,2021-10-01,2026-07-10,1197
JVA,pass,2018-01-02,2026-07-10,2141
JWEL,pass,2021-03-17,2026-07-10,1335
JXG,pass,2018-01-02,2026-07-10,2141
JXN,pass,2021-09-01,2026-07-10,1218
JYD,pass,2023-04-21,2026-07-10,807
JYNT,pass,2018-01-02,2026-07-10,2141
JZXN,pass,2021-05-18,2026-07-10,1292
KAI,pass,2018-01-02,2026-07-10,2141
KALA,pass,2018-01-02,2026-07-10,2141
KALU,pass,2018-01-02,2026-07-10,2141
KAPA,pass,2024-09-16,2026-07-10,455
KARD,pass,2026-06-18,2026-07-10,15
KARO,pass,2021-04-01,2026-07-10,1324
KAZR,pass,2025-02-20,2026-07-10,348
KB,pass,2018-01-02,2026-07-10,2141
KBDC,pass,2024-05-22,2026-07-10,534
KBH,pass,2018-01-02,2026-07-10,2141
KBON,pass,2026-01-27,2026-07-10,114
KBR,pass,2018-01-02,2026-07-10,2141
KBSX,pass,2022-03-21,2026-07-10,1080
KCHV,pass,2025-07-21,2026-07-10,245
KD,pass,2021-10-22,2026-07-10,1182
KDK,pass,2025-09-25,2026-07-10,198
KDP,pass,2018-01-02,2026-07-10,2141
KE,pass,2018-01-02,2026-07-10,2141
KEEL,pass,2019-08-16,2026-07-10,1733
KELYA,pass,2018-01-02,2026-07-10,2141
KELYB,pass,2018-01-02,2026-07-10,2141
KEN,pass,2018-01-02,2026-07-10,2141
KEP,pass,2018-01-02,2026-07-10,2141
KEQU,pass,2018-01-02,2026-07-10,2141
KEX,pass,2018-01-02,2026-07-10,2141
KEY,pass,2018-01-02,2026-07-10,2141
KEYS,pass,2018-01-02,2026-07-10,2141
KEYY,pass,2026-06-22,2026-07-10,14
KFFB,pass,2018-01-02,2026-07-10,2141
KFII,pass,2025-03-13,2026-07-10,333
KFRC,pass,2018-01-02,2026-07-10,2141
KFY,pass,2018-01-02,2026-07-10,2141
KG,pass,2018-01-02,2026-07-10,2141
KGC,pass,2018-01-02,2026-07-10,2141
KGEI,pass,2018-01-02,2026-07-10,2141
KGS,pass,2023-06-29,2026-07-10,760
KHC,pass,2018-01-02,2026-07-10,2141
KIDS,pass,2018-01-02,2026-07-10,2141
KIDZ,pass,2025-04-07,2026-07-10,316
KINS,pass,2018-01-02,2026-07-10,2141
KKR,pass,2018-01-02,2026-07-10,2141
KLAC,pass,2018-01-02,2026-07-10,2141
KLAR,pass,2025-09-11,2026-07-10,208
KLC,pass,2024-10-09,2026-07-10,438
KLIC,pass,2018-01-02,2026-07-10,2141
KLRA,pass,2026-04-17,2026-07-10,58
KLRS,pass,2020-07-30,2026-07-10,1493
KLTR,pass,2021-07-21,2026-07-10,1248
KLXE,pass,2018-08-29,2026-07-10,1975
KMB,pass,2018-01-02,2026-07-10,2141
KMDA,pass,2018-01-02,2026-07-10,2141
KMI,pass,2018-01-02,2026-07-10,2141
KMPR,pass,2018-01-02,2026-07-10,2141
KMRK,pass,2025-07-16,2026-07-10,248
KMT,pass,2018-01-02,2026-07-10,2141
KMTS,pass,2025-03-06,2026-07-10,338
KMX,pass,2018-01-02,2026-07-10,2141
KN,pass,2018-01-02,2026-07-10,2141
KNRX,pass,2025-09-29,2026-07-10,196
KNSA,pass,2018-05-25,2026-07-10,2041
KNSL,pass,2018-01-02,2026-07-10,2141
KNTK,pass,2018-11-13,2026-07-10,1922
KNX,pass,2018-01-02,2026-07-10,2141
KO,pass,2018-01-02,2026-07-10,2141
KOD,pass,2018-10-04,2026-07-10,1950
KODK,pass,2018-01-02,2026-07-10,2141
KOP,pass,2018-01-02,2026-07-10,2141
KOPN,pass,2018-01-02,2026-07-10,2141
KORE,pass,2020-12-11,2026-07-10,1399
KOS,pass,2018-01-02,2026-07-10,2141
KOYN,pass,2025-09-19,2026-07-10,202
KPET,pass,2026-05-26,2026-07-10,32
KPLT,pass,2019-12-31,2026-07-10,1639
KPRX,pass,2018-01-02,2026-07-10,2141
KPTI,pass,2018-01-02,2026-07-10,2141
KR,pass,2018-01-02,2026-07-10,2141
KRAQ,pass,2026-03-20,2026-07-10,77
KRC,pass,2018-01-02,2026-07-10,2141
KREF,pass,2018-01-02,2026-07-10,2141
KRG,pass,2018-01-02,2026-07-10,2141
KRMD,pass,2018-01-02,2026-07-10,2141
KRMN,pass,2025-02-13,2026-07-10,352
KRNT,pass,2018-01-02,2026-07-10,2141
KRO,pass,2018-01-02,2026-07-10,2141
KROS,pass,2020-04-08,2026-07-10,1571
KRRO,pass,2019-10-03,2026-07-10,1700
KRSP,pass,2025-11-24,2026-07-10,156
KRT,pass,2021-04-15,2026-07-10,1315
KRUS,pass,2019-08-01,2026-07-10,1744
KRYS,pass,2018-01-02,2026-07-10,2141
KSCP,pass,2022-01-27,2026-07-10,1116
KSPI,pass,2024-01-19,2026-07-10,620
KSS,pass,2018-01-02,2026-07-10,2141
KT,pass,2018-01-02,2026-07-10,2141
KTB,pass,2019-05-28,2026-07-10,1790
KTF,pass,2018-01-02,2026-07-10,2141
KTN,pass,2018-01-02,2026-07-10,2141
KTOS,pass,2018-01-02,2026-07-10,2141
KTWO,pass,2026-02-26,2026-07-10,93
KULR,pass,2018-07-19,2026-07-10,2004
KURA,pass,2018-01-02,2026-07-10,2141
KUST,pass,2018-01-02,2026-07-10,2141
KVAC,pass,2023-09-15,2026-07-10,706
KVHI,pass,2018-01-02,2026-07-10,2141
KVUE,pass,2023-05-04,2026-07-10,798
KVYO,pass,2023-09-20,2026-07-10,703
KWR,pass,2018-01-02,2026-07-10,2141
KWY,pass,2018-01-02,2026-07-10,2141
KXIN,pass,2018-01-02,2026-07-10,2141
KYIV,pass,2024-12-03,2026-07-10,400
KYMR,pass,2020-08-21,2026-07-10,1477
KYTX,pass,2024-02-09,2026-07-10,605
L,pass,2018-01-02,2026-07-10,2141
LAB,pass,2018-01-02,2026-07-10,2141
LABT,pass,2026-04-23,2026-07-10,54
LAC,pass,2023-10-02,2026-07-10,695
LAD,pass,2018-01-02,2026-07-10,2141
LADR,pass,2018-01-02,2026-07-10,2141
LAES,pass,2023-05-23,2026-07-10,785
LAFA,pass,2025-11-26,2026-07-10,154
LAKE,pass,2018-01-02,2026-07-10,2141
LAMR,pass,2018-01-02,2026-07-10,2141
LAND,pass,2018-01-02,2026-07-10,2141
LANV,pass,2021-03-15,2026-07-10,1337
LAR,pass,2018-01-02,2026-07-10,2141
LARK,pass,2018-01-02,2026-07-10,2141
LASE,pass,2022-09-30,2026-07-10,946
LASR,pass,2018-04-26,2026-07-10,2062
LATA,pass,2025-11-10,2026-07-10,166
LAUR,pass,2018-01-02,2026-07-10,2141
LAW,pass,2021-07-21,2026-07-10,1248
LAWR,pass,2025-07-17,2026-07-10,247
LAZ,pass,2018-01-02,2026-07-10,2141
LB,pass,2024-06-28,2026-07-10,509
LBGJ,pass,2024-10-23,2026-07-10,428
LBRDA,pass,2018-01-02,2026-07-10,2141
LBRDK,pass,2018-01-02,2026-07-10,2141
LBRT,pass,2018-01-11,2026-07-10,2134
LBRX,pass,2025-09-11,2026-07-10,208
LBTYA,pass,2018-01-02,2026-07-10,2141
LBTYB,pass,2018-01-02,2026-07-10,2141
LBTYK,pass,2018-01-02,2026-07-10,2141
LCCC,pass,2025-06-23,2026-07-10,264
LCFY,pass,2022-03-25,2026-07-10,1076
LCID,pass,2020-09-18,2026-07-10,1458
LCII,pass,2018-01-02,2026-07-10,2141
LCLN,pass,2026-05-20,2026-07-10,35
LCNB,pass,2018-01-02,2026-07-10,2141
LCTX,pass,2018-01-02,2026-07-10,2141
LCUT,pass,2018-01-02,2026-07-10,2141
LDI,pass,2021-02-11,2026-07-10,1358
LDOS,pass,2018-01-02,2026-07-10,2141
LE,pass,2018-01-02,2026-07-10,2141
LEA,pass,2018-01-02,2026-07-10,2141
LECO,pass,2018-01-02,2026-07-10,2141
LEE,pass,2018-01-02,2026-07-10,2141
LEG,pass,2018-01-02,2026-07-10,2141
LEGH,pass,2018-12-14,2026-07-10,1901
LEGO,pass,2026-03-16,2026-07-10,81
LEN,pass,2018-01-02,2026-07-10,2141
LEN.B,pass,2018-01-02,2026-07-10,2141
LENZ,pass,2021-06-25,2026-07-10,1265
LEO,pass,2018-01-02,2026-07-10,2141
LESL,pass,2020-10-29,2026-07-10,1429
LEU,pass,2018-01-02,2026-07-10,2141
LEVI,pass,2019-03-21,2026-07-10,1836
LFAC,pass,2026-01-26,2026-07-10,115
LFCR,pass,2018-01-02,2026-07-10,2141
LFMD,pass,2018-01-02,2026-07-10,2141
LFST,pass,2021-06-10,2026-07-10,1276
LFT,pass,2018-01-02,2026-07-10,2141
LFTO,pass,2026-06-04,2026-07-10,25
LFUS,pass,2018-01-02,2026-07-10,2141
LFVN,pass,2018-01-02,2026-07-10,2141
LFWD,pass,2018-01-02,2026-07-10,2141
LGCL,pass,2024-03-05,2026-07-10,589
LGCY,pass,2024-09-26,2026-07-10,447
LGIH,pass,2018-01-02,2026-07-10,2141
LGL,pass,2018-01-02,2026-07-10,2141
LGN,pass,2025-09-12,2026-07-10,207
LGND,pass,2018-01-02,2026-07-10,2141
LGO,pass,2018-01-02,2026-07-10,2141
LGPS,pass,2025-03-25,2026-07-10,325
LH,pass,2018-01-02,2026-07-10,2141
LHSW,pass,2025-04-03,2026-07-10,318
LHX,pass,2018-01-02,2026-07-10,2141
LICN,pass,2023-02-06,2026-07-10,859
LIDR,pass,2021-01-11,2026-07-10,1380
LIEN,pass,2022-02-04,2026-07-10,1110
LIF,pass,2024-06-06,2026-07-10,524
LIFE,pass,2026-01-29,2026-07-10,112
LII,pass,2018-01-02,2026-07-10,2141
LILA,pass,2018-01-02,2026-07-10,2141
LILAK,pass,2018-01-02,2026-07-10,2141
LIME,pass,2018-01-02,2018-11-09,218
LIN,pass,2018-01-02,2026-07-10,2141
LINC,pass,2018-01-02,2026-07-10,2141
LIND,pass,2018-01-02,2026-07-10,2141
LINE,pass,2024-07-25,2026-07-10,491
LINK,pass,2018-01-02,2026-07-10,2141
LION,pass,2022-03-01,2026-07-10,1094
LIQT,pass,2018-01-02,2026-07-10,2141
LITE,pass,2018-01-02,2026-07-10,2141
LITS,pass,2018-01-02,2026-07-10,2141
LIVE,pass,2018-01-02,2026-07-10,2141
LIVN,pass,2018-01-02,2026-07-10,2141
LKFN,pass,2018-01-02,2026-07-10,2141
LKQ,pass,2018-01-02,2026-07-10,2141
LKSP,pass,2025-11-06,2026-07-10,168
LLY,pass,2018-01-02,2026-07-10,2141
LLYVA,pass,2023-08-04,2026-07-10,735
LLYVK,pass,2023-08-04,2026-07-10,735
LMAT,pass,2018-01-02,2026-07-10,2141
LMB,pass,2018-01-02,2026-07-10,2141
LMND,pass,2020-07-02,2026-07-10,1512
LMNR,pass,2018-01-02,2026-07-10,2141
LMRI,pass,2025-12-11,2026-07-10,144
LMT,pass,2018-01-02,2026-07-10,2141
LNAI,pass,2018-02-07,2026-07-10,2116
LNC,pass,2018-01-02,2026-07-10,2141
LND,pass,2018-01-02,2026-07-10,2141
LNG,pass,2018-01-02,2026-07-10,2141
LNKS,pass,2024-12-05,2026-07-10,398
LNN,pass,2018-01-02,2026-07-10,2141
LNSR,pass,2020-10-02,2026-07-10,1448
LNT,pass,2018-01-02,2026-07-10,2141
LNTH,pass,2018-01-02,2026-07-10,2141
LNZA,pass,2021-09-24,2026-07-10,1202
LOAN,pass,2018-01-02,2026-07-10,2141
LOAR,pass,2024-04-25,2026-07-10,553
LOB,pass,2018-01-02,2026-07-10,2141
LOCL,pass,2021-04-19,2026-07-10,1313
LOCO,pass,2018-01-02,2026-07-10,2141
LODE,pass,2018-01-02,2026-07-10,2141
LOGI,pass,2018-01-02,2026-07-10,2141
LOMA,pass,2018-01-02,2026-07-10,2141
LONA,pass,2020-09-18,2026-07-10,1458
LOOP,pass,2018-01-02,2026-07-10,2141
LOPE,pass,2018-01-02,2026-07-10,2141
LOVE,pass,2018-06-27,2026-07-10,2019
LOW,pass,2018-01-02,2026-07-10,2141
LPA,pass,2024-03-28,2026-07-10,572
LPAA,pass,2024-09-03,2026-07-10,464
LPBB,pass,2024-11-29,2026-07-10,402
LPCN,pass,2018-01-02,2026-07-10,2141
LPCV,pass,2026-02-09,2026-07-10,105
LPG,pass,2018-01-02,2026-07-10,2141
LPL,pass,2018-01-02,2026-07-10,2141
LPLA,pass,2018-01-02,2026-07-10,2141
LPRO,pass,2018-03-26,2026-07-10,2084
LPSN,pass,2018-01-02,2026-07-10,2141
LPTH,pass,2018-01-02,2026-07-10,2141
LPX,pass,2018-01-02,2026-07-10,2141
LQDA,pass,2018-07-26,2026-07-10,1999
LQDT,pass,2018-01-02,2026-07-10,2141
LRCX,pass,2018-01-02,2026-07-10,2141
LRMR,pass,2018-01-02,2026-07-10,2141
LRN,pass,2018-01-02,2026-07-10,2141
LSAK,pass,2018-01-02,2026-07-10,2141
LSBK,pass,2018-01-02,2026-07-10,2141
LSCC,pass,2018-01-02,2026-07-10,2141
LSE,pass,2024-12-19,2026-07-10,388
LSF,pass,2020-09-23,2026-07-10,1455
LSPD,pass,2020-09-11,2026-07-10,1463
LSTA,pass,2018-01-02,2026-07-10,2141
LSTR,pass,2018-01-02,2026-07-10,2141
LTBR,pass,2018-01-02,2026-07-10,2141
LTC,pass,2018-01-02,2026-07-10,2141
LTH,pass,2021-10-07,2026-07-10,1193
LTRN,pass,2020-06-11,2026-07-10,1527
LTRX,pass,2018-01-02,2026-07-10,2141
LUCD,pass,2021-10-14,2026-07-10,1188
LUCK,pass,2021-04-23,2026-07-10,1309
LUCY,pass,2022-08-15,2026-07-10,979
LUD,pass,2025-02-27,2026-07-10,343
LULU,pass,2018-01-02,2026-07-10,2141
LUMN,pass,2018-01-02,2026-07-10,2141
LUNG,pass,2020-10-01,2026-07-10,1449
LUNR,pass,2021-11-17,2026-07-10,1164
LUV,pass,2018-01-02,2026-07-10,2141
LVO,pass,2018-01-02,2026-07-10,2141
LVS,pass,2018-01-02,2026-07-10,2141
LVWR,pass,2020-11-24,2026-07-10,1411
LW,pass,2018-01-02,2026-07-10,2141
LWAC,pass,2025-08-15,2026-07-10,226
LWAY,pass,2018-01-02,2026-07-10,2141
LWLG,pass,2018-01-02,2026-07-10,2141
LXEO,pass,2023-11-03,2026-07-10,671
LXFR,pass,2018-01-02,2026-07-10,2141
LXP,pass,2018-01-02,2026-07-10,2141
LXRX,pass,2018-01-02,2026-07-10,2141
LXU,pass,2018-01-02,2026-07-10,2141
LYB,pass,2018-01-02,2026-07-10,2141
LYEL,pass,2021-06-17,2026-07-10,1271
LYFT,pass,2019-03-29,2026-07-10,1830
LYTS,pass,2018-01-02,2026-07-10,2141
LYV,pass,2018-01-02,2026-07-10,2141
LZ,pass,2021-06-30,2026-07-10,1262
LZB,pass,2018-01-02,2026-07-10,2141
LZM,pass,2021-12-13,2026-07-10,1147
LZMH,pass,2025-02-27,2026-07-10,343
M,pass,2018-01-02,2026-07-10,2141
MA,pass,2018-01-02,2026-07-10,2141
MAAS,pass,2019-03-29,2026-07-10,1830
MAC,pass,2018-01-02,2026-07-10,2141
MACI,pass,2024-07-17,2026-07-10,497
MAGH,pass,2025-08-12,2026-07-10,229
MAGN,pass,2018-01-02,2026-07-10,2141
MAIA,pass,2022-07-28,2026-07-10,991
MAIN,pass,2018-01-02,2026-07-10,2141
MAIR,pass,2026-04-16,2026-07-10,59
MAKO,pass,2018-01-02,2026-07-10,2141
MAMA,pass,2021-07-19,2026-07-10,1250
MAMK,pass,2025-07-07,2026-07-10,255
MAMO,pass,2024-04-02,2026-07-10,570
MAN,pass,2018-01-02,2026-07-10,2141
MANE,pass,2026-02-04,2026-07-10,108
MANH,pass,2018-01-02,2026-07-10,2141
MAR,pass,2018-01-02,2026-07-10,2141
MARA,pass,2018-01-02,2026-07-10,2141
MAS,pass,2018-01-02,2026-07-10,2141
MASK,pass,2025-01-08,2026-07-10,376
MASS,pass,2020-12-18,2026-07-10,1394
MAT,pass,2018-01-02,2026-07-10,2141
MATH,pass,2018-01-02,2026-07-10,2141
MATV,pass,2018-01-02,2026-07-10,2141
MATW,pass,2018-01-02,2026-07-10,2141
MATX,pass,2018-01-02,2026-07-10,2141
MAX,pass,2020-10-28,2026-07-10,1430
MAYS,pass,2018-01-02,2026-07-10,2141
MAZE,pass,2025-01-31,2026-07-10,361
MB,pass,2025-04-10,2026-07-10,313
MBAI,pass,2018-01-02,2026-07-10,2141
MBAV,pass,2024-09-23,2026-07-10,450
MBBC,pass,2021-04-20,2026-07-10,1312
MBC,pass,2022-12-09,2026-07-10,897
MBGL,pass,2026-07-10,2026-07-10,1
MBI,pass,2018-01-02,2026-07-10,2141
MBIN,pass,2018-01-02,2026-07-10,2141
MBLY,pass,2022-10-26,2026-07-10,928
MBOT,pass,2018-01-02,2026-07-10,2141
MBRX,pass,2018-01-02,2026-07-10,2141
MBUU,pass,2018-01-02,2026-07-10,2141
MBVI,pass,2025-10-17,2026-07-10,182
MBWM,pass,2018-01-02,2026-07-10,2141
MBX,pass,2024-09-13,2026-07-10,456
MC,pass,2018-01-02,2026-07-10,2141
MCAH,pass,2026-06-22,2026-07-10,14
MCB,pass,2018-01-02,2026-07-10,2141
MCBS,pass,2019-09-05,2026-07-10,1720
MCD,pass,2018-01-02,2026-07-10,2141
MCFT,pass,2018-01-02,2026-07-10,2141
MCGA,pass,2025-07-25,2026-07-10,241
MCHB,pass,2018-01-02,2026-07-10,2141
MCHP,pass,2018-01-02,2026-07-10,2141
MCHX,pass,2018-01-02,2026-07-10,2141
MCI,pass,2018-01-02,2026-07-10,2141
MCK,pass,2018-01-02,2026-07-10,2141
MCO,pass,2018-01-02,2026-07-10,2141
MCRB,pass,2018-01-02,2026-07-10,2141
MCRI,pass,2018-01-02,2026-07-10,2141
MCRP,pass,2025-03-07,2026-07-10,337
MCS,pass,2018-01-02,2026-07-10,2141
MCTA,pass,2025-10-21,2026-07-10,180
MCY,pass,2018-01-02,2026-07-10,2141
MD,pass,2018-01-02,2026-07-10,2141
MDA,pass,2026-03-12,2026-07-10,83
MDAI,pass,2021-04-06,2026-07-10,1322
MDB,pass,2018-01-02,2026-07-10,2141
MDBH,pass,2023-09-21,2026-07-10,702
MDGL,pass,2018-01-02,2026-07-10,2141
MDLN,pass,2025-12-17,2026-07-10,140
MDLZ,pass,2018-01-02,2026-07-10,2141
MDRR,pass,2018-11-28,2026-07-10,1912
MDT,pass,2018-01-02,2026-07-10,2141
MDU,pass,2018-01-02,2026-07-10,2141
MDV,pass,2022-02-11,2026-07-10,1105
MDWD,pass,2018-01-02,2026-07-10,2141
MDXG,pass,2018-01-02,2026-07-10,2141
MEC,pass,2019-05-09,2026-07-10,1802
MED,pass,2018-01-02,2026-07-10,2141
MEDP,pass,2018-01-02,2026-07-10,2141
MEGL,pass,2022-08-05,2026-07-10,985
MEI,pass,2018-01-02,2026-07-10,2141
MELI,pass,2018-01-02,2026-07-10,2141
MENS,pass,2025-06-17,2026-07-10,267
MEOH,pass,2018-01-02,2026-07-10,2141
MERC,pass,2018-01-02,2026-07-10,2141
MESH,pass,2026-01-30,2026-07-10,111
MET,pass,2018-01-02,2026-07-10,2141
META,pass,2018-01-02,2026-07-10,2141
METC,pass,2018-01-02,2026-07-10,2141
METCB,pass,2023-06-16,2026-07-10,768
MEVO,pass,2026-02-19,2026-07-10,98
MFA,pass,2018-01-02,2026-07-10,2141
MFC,pass,2018-01-02,2026-07-10,2141
MFG,pass,2018-01-02,2026-07-10,2141
MFI,pass,2024-04-22,2026-07-10,556
MFIN,pass,2018-01-02,2026-07-10,2141
MFP,pass,2026-06-26,2026-07-10,10
MG,pass,2018-01-02,2026-07-10,2141
MGA,pass,2018-01-02,2026-07-10,2141
MGEE,pass,2018-01-02,2026-07-10,2141
MGIH,pass,2023-04-04,2026-07-10,819
MGLD,pass,2022-03-14,2026-07-10,1085
MGM,pass,2018-01-02,2026-07-10,2141
MGNI,pass,2018-01-02,2026-07-10,2141
MGNX,pass,2018-01-02,2026-07-10,2141
MGPI,pass,2018-01-02,2026-07-10,2141
MGRC,pass,2018-01-02,2026-07-10,2141
MGRT,pass,2025-07-16,2026-07-10,248
MGTX,pass,2018-06-08,2026-07-10,2032
MGX,pass,2024-02-09,2026-07-10,605
MGY,pass,2018-01-02,2026-07-10,2141
MGYR,pass,2018-01-02,2026-07-10,2141
MH,pass,2025-07-24,2026-07-10,242
MHH,pass,2018-01-02,2026-07-10,2141
MHK,pass,2018-01-02,2026-07-10,2141
MHO,pass,2018-01-02,2026-07-10,2141
MI,pass,2018-01-02,2026-07-10,2141
MIAX,pass,2025-08-14,2026-07-10,227
MICC,pass,2025-12-08,2026-07-10,147
MIDD,pass,2018-01-02,2026-07-10,2141
MIMI,pass,2025-01-10,2026-07-10,375
MIND,pass,2018-01-02,2026-07-10,2141
MINE,pass,2026-01-27,2026-07-10,114
MIR,pass,2020-08-20,2026-07-10,1478
MIRA,pass,2023-08-03,2026-07-10,736
MIRM,pass,2019-07-18,2026-07-10,1754
MIST,pass,2019-05-09,2026-07-10,1802
MITK,pass,2018-01-02,2026-07-10,2141
MITQ,pass,2021-07-08,2026-07-10,1257
MITT,pass,2018-01-02,2026-07-10,2141
MKC,pass,2018-01-02,2026-07-10,2141
MKC.V,pass,2018-01-02,2026-07-10,2141
MKDW,pass,2023-03-28,2026-07-10,824
MKL,pass,2018-01-02,2026-07-10,2141
MKLY,pass,2025-10-02,2026-07-10,193
MKSI,pass,2018-01-02,2026-07-10,2141
MKTW,pass,2020-09-14,2026-07-10,1462
MKTX,pass,2018-01-02,2026-07-10,2141
MKZR,pass,2024-07-09,2026-07-10,503
MLAA,pass,2026-03-19,2026-07-10,78
MLAB,pass,2018-01-02,2026-07-10,2141
MLCI,pass,2018-01-02,2026-07-10,2141
MLEC,pass,2021-03-02,2026-07-10,1346
MLGO,pass,2021-04-13,2026-07-10,1317
MLI,pass,2018-01-02,2026-07-10,2141
MLKN,pass,2018-01-02,2026-07-10,2141
MLM,pass,2018-01-02,2026-07-10,2141
MLP,pass,2018-01-02,2026-07-10,2141
MLR,pass,2018-01-02,2026-07-10,2141
MLSS,pass,2018-01-02,2026-07-10,2141
MLTX,pass,2020-10-20,2026-07-10,1436
MLYS,pass,2023-02-10,2026-07-10,855
MMA,pass,2024-03-28,2026-07-10,572
MMED,pass,2026-03-06,2026-07-10,87
MMI,pass,2018-01-02,2026-07-10,2141
MMM,pass,2018-01-02,2026-07-10,2141
MMS,pass,2018-01-02,2026-07-10,2141
MMSI,pass,2018-01-02,2026-07-10,2141
MMTX,pass,2025-12-15,2026-07-10,142
MMYT,pass,2018-01-02,2026-07-10,2141
MNDR,pass,2024-04-10,2026-07-10,564
MNDY,pass,2021-06-10,2026-07-10,1276
MNKD,pass,2018-01-02,2026-07-10,2141
MNOV,pass,2018-01-02,2026-07-10,2141
MNPR,pass,2019-12-19,2026-07-10,1646
MNRO,pass,2018-01-02,2026-07-10,2141
MNSB,pass,2018-01-02,2026-07-10,2141
MNST,pass,2018-01-02,2026-07-10,2141
MNTK,pass,2021-01-22,2026-07-10,1372
MNTN,pass,2025-05-22,2026-07-10,284
MNTS,pass,2020-01-02,2026-07-10,1638
MNY,pass,2020-12-07,2026-07-10,1403
MO,pass,2018-01-02,2026-07-10,2141
MOB,pass,2022-08-25,2026-07-10,971
MOBI,pass,2026-05-08,2026-07-10,43
MOBX,pass,2021-08-13,2026-07-10,1231
MOD,pass,2018-01-02,2026-07-10,2141
MODD,pass,2022-02-10,2026-07-10,1106
MOG.A,pass,2018-01-02,2026-07-10,2141
MOG.B,pass,2018-01-02,2026-07-10,2141
MOH,pass,2018-01-02,2026-07-10,2141
MORN,pass,2018-01-02,2026-07-10,2141
MOS,pass,2018-01-02,2026-07-10,2141
MOV,pass,2018-01-02,2026-07-10,2141
MOVE,pass,2021-03-23,2026-07-10,1331
MP,pass,2020-06-22,2026-07-10,1520
MPAA,pass,2018-01-02,2026-07-10,2141
MPB,pass,2018-01-02,2026-07-10,2141
MPC,pass,2018-01-02,2026-07-10,2141
MPLT,pass,2025-10-27,2026-07-10,176
MPT,pass,2018-01-02,2026-07-10,2141
MPTI,pass,2022-10-03,2026-07-10,945
MPU,pass,2018-01-02,2026-07-10,2141
MPV,pass,2018-01-02,2026-07-10,2141
MPWR,pass,2018-01-02,2026-07-10,2141
MQ,pass,2021-06-09,2026-07-10,1277
MRAM,pass,2018-01-02,2026-07-10,2141
MRBK,pass,2018-01-02,2026-07-10,2141
MRCY,pass,2018-01-02,2026-07-10,2141
MRDN,pass,2018-01-02,2026-07-10,2141
MRK,pass,2018-01-02,2026-07-10,2141
MRKR,pass,2018-01-02,2026-07-10,2141
MRLN,pass,2024-12-02,2026-07-10,401
MRNA,pass,2018-12-07,2026-07-10,1906
MRP,pass,2025-02-05,2026-07-10,358
MRSH,pass,2018-01-02,2026-07-10,2141
MRT,pass,2021-08-30,2026-07-10,1220
MRTN,pass,2018-01-02,2026-07-10,2141
MRVI,pass,2020-11-20,2026-07-10,1413
MRVL,pass,2018-01-02,2026-07-10,2141
MRX,pass,2024-04-25,2026-07-10,553
MS,pass,2018-01-02,2026-07-10,2141
MSA,pass,2018-01-02,2026-07-10,2141
MSAI,pass,2021-11-16,2026-07-10,1165
MSB,pass,2018-01-02,2026-07-10,2141
MSBI,pass,2018-01-02,2026-07-10,2141
MSCI,pass,2018-01-02,2026-07-10,2141
MSEX,pass,2018-01-02,2026-07-10,2141
MSFT,pass,2018-01-02,2026-07-10,2141
MSGE,pass,2023-04-17,2026-07-10,811
MSGM,pass,2021-01-13,2026-07-10,1378
MSGS,pass,2018-01-02,2026-07-10,2141
MSI,pass,2018-01-02,2026-07-10,2141
MSLE,pass,2018-01-02,2026-07-10,2141
MSM,pass,2018-01-02,2026-07-10,2141
MSN,pass,2018-01-02,2026-07-10,2141
MSTR,pass,2018-01-02,2026-07-10,2141
MT,pass,2018-01-02,2026-07-10,2141
MTA,pass,2018-01-02,2026-07-10,2141
MTAL,pass,2026-04-15,2026-07-10,60
MTB,pass,2018-01-02,2026-07-10,2141
MTC,pass,2019-01-09,2026-07-10,1885
MTCH,pass,2018-01-02,2026-07-10,2141
MTD,pass,2018-01-02,2026-07-10,2141
MTDR,pass,2018-01-02,2026-07-10,2141
MTEK,pass,2022-02-02,2026-07-10,1112
MTEN,pass,2024-04-19,2026-07-10,557
MTG,pass,2018-01-02,2026-07-10,2141
MTH,pass,2018-01-02,2026-07-10,2141
MTN,pass,2018-01-02,2026-07-10,2141
MTNB,pass,2018-01-02,2026-07-10,2141
MTNE,pass,2026-06-22,2026-07-10,14
MTR,pass,2018-01-02,2026-07-10,2141
MTRN,pass,2018-01-02,2026-07-10,2141
MTRX,pass,2018-01-02,2026-07-10,2141
MTSI,pass,2018-01-02,2026-07-10,2141
MTUS,pass,2018-01-02,2026-07-10,2141
MTVA,pass,2018-01-02,2026-07-10,2141
MTW,pass,2018-01-02,2026-07-10,2141
MTX,pass,2018-01-02,2026-07-10,2141
MTZ,pass,2018-01-02,2026-07-10,2141
MU,pass,2018-01-02,2026-07-10,2141
MUFG,pass,2018-01-02,2026-07-10,2141
MUR,pass,2018-01-02,2026-07-10,2141
MUSA,pass,2018-01-02,2026-07-10,2141
MUX,pass,2018-01-02,2026-07-10,2141
MUZE,pass,2026-03-23,2026-07-10,76
MVBF,pass,2018-01-02,2026-07-10,2141
MVST,pass,2019-03-27,2026-07-10,1832
MWA,pass,2018-01-02,2026-07-10,2141
MWG,pass,2023-04-03,2026-07-10,820
MWH,pass,2026-02-12,2026-07-10,102
MWYN,pass,2025-03-13,2026-07-10,333
MX,pass,2018-01-02,2026-07-10,2141
MXC,pass,2018-01-02,2026-07-10,2141
MXCT,pass,2021-07-30,2026-07-10,1241
MXL,pass,2018-01-02,2026-07-10,2141
MYE,pass,2018-01-02,2026-07-10,2141
MYFW,pass,2018-07-19,2026-07-10,2004
MYGN,pass,2018-01-02,2026-07-10,2141
MYO,pass,2018-01-02,2026-07-10,2141
MYRG,pass,2018-01-02,2026-07-10,2141
MYSE,pass,2021-08-13,2026-07-10,1231
MYX,pass,2026-05-15,2026-07-10,38
MZTI,pass,2018-01-02,2026-07-10,2141
MZYX,pass,2026-04-21,2026-07-10,56
,pass,2022-07-12,2026-07-10,1003
NABL,pass,2021-07-19,2026-07-10,1250
NAGE,pass,2018-01-02,2026-07-10,2141
NAII,pass,2018-01-02,2026-07-10,2141
NAK,pass,2018-01-02,2026-07-10,2141
NAKA,pass,2024-05-31,2026-07-10,528
NAMM,pass,2025-06-06,2026-07-10,274
NAMS,pass,2021-02-09,2026-07-10,1360
NAT,pass,2018-01-02,2026-07-10,2141
NATH,pass,2018-01-02,2026-07-10,2141
NATL,pass,2023-10-11,2026-07-10,688
NATR,pass,2018-01-02,2026-07-10,2141
NAUT,pass,2020-08-07,2026-07-10,1487
NAVI,pass,2018-01-02,2026-07-10,2141
NAVN,pass,2025-10-30,2026-07-10,173
NB,pass,2023-03-21,2026-07-10,829
NBBK,pass,2023-12-28,2026-07-10,634
NBHC,pass,2018-01-02,2026-07-10,2141
NBIS,pass,2024-10-21,2026-07-10,430
NBIX,pass,2018-01-02,2026-07-10,2141
NBN,pass,2018-01-02,2026-07-10,2141
NBR,pass,2018-01-02,2026-07-10,2141
NBRG,pass,2026-03-23,2026-07-10,76
NBTB,pass,2018-01-02,2026-07-10,2141
NBTX,pass,2020-12-11,2026-07-10,1399
NC,pass,2018-01-02,2026-07-10,2141
NCDL,pass,2024-01-25,2026-07-10,616
NCEL,pass,2021-01-29,2026-07-10,1367
NCEW,pass,2024-12-18,2026-07-10,389
NCI,pass,2024-04-23,2026-07-10,555
NCL,pass,2023-10-19,2026-07-10,682
NCLH,pass,2018-01-02,2026-07-10,2141
NCMI,pass,2018-01-02,2026-07-10,2141
NCNO,pass,2020-07-14,2026-07-10,1505
NCSM,pass,2018-01-02,2026-07-10,2141
NCT,pass,2025-03-28,2026-07-10,322
NCTY,pass,2018-01-02,2026-07-10,2141
NDAQ,pass,2018-01-02,2026-07-10,2141
NDLS,pass,2018-01-02,2026-07-10,2141
NDRA,pass,2018-01-02,2026-07-10,2141
NDSN,pass,2018-01-02,2026-07-10,2141
NE,pass,2021-06-09,2026-07-10,1277
NEE,pass,2018-01-02,2026-07-10,2141
NEGG,pass,2018-01-02,2026-07-10,2141
NEM,pass,2018-01-02,2026-07-10,2141
NEO,pass,2018-01-02,2026-07-10,2141
NEOG,pass,2018-01-02,2026-07-10,2141
NEON,pass,2018-01-02,2026-07-10,2141
NEOV,pass,2020-05-20,2026-07-10,1542
NEPH,pass,2018-01-02,2026-07-10,2141
NERV,pass,2018-01-02,2026-07-10,2141
NET,pass,2019-09-13,2026-07-10,1714
NEU,pass,2018-01-02,2026-07-10,2141
NEUP,pass,2021-12-16,2026-07-10,1144
NEWP,pass,2018-01-02,2026-07-10,2141
NEWT,pass,2018-01-02,2026-07-10,2141
NEXA,pass,2018-01-02,2026-07-10,2141
NEXM,pass,2018-01-02,2026-07-10,2141
NEXN,pass,2021-06-18,2026-07-10,1270
NEXR,pass,2022-08-26,2026-07-10,970
NEXT,pass,2018-01-02,2026-07-10,2141
NFBK,pass,2018-01-02,2026-07-10,2141
NFG,pass,2018-01-02,2026-07-10,2141
NFGC,pass,2020-09-14,2026-07-10,1462
NG,pass,2018-01-02,2026-07-10,2141
NGEN,pass,2019-04-03,2026-07-10,1827
NGNE,pass,2018-01-02,2026-07-10,2141
NGS,pass,2018-01-02,2026-07-10,2141
NGVC,pass,2018-01-02,2026-07-10,2141
NGVT,pass,2018-01-02,2026-07-10,2141
NHC,pass,2018-01-02,2026-07-10,2141
NHI,pass,2018-01-02,2026-07-10,2141
NHIC,pass,2025-04-17,2026-07-10,308
NHIV,pass,2026-06-08,2026-07-10,23
NHP,pass,2026-04-22,2026-07-10,55
NHTC,pass,2018-01-02,2026-07-10,2141
NI,pass,2018-01-02,2026-07-10,2141
NIC,pass,2018-01-02,2026-07-10,2141
NINE,pass,2026-03-31,2026-07-10,70
NIQ,pass,2025-07-23,2026-07-10,243
NIVF,pass,2022-03-18,2026-07-10,1081
NIXX,pass,2018-01-02,2026-07-10,2141
NJR,pass,2018-01-02,2026-07-10,2141
NKE,pass,2018-01-02,2026-07-10,2141
NKLR,pass,2025-10-06,2026-07-10,191
NKSH,pass,2018-01-02,2026-07-10,2141
NKTR,pass,2018-01-02,2026-07-10,2141
NKTX,pass,2020-07-10,2026-07-10,1507
NL,pass,2018-01-02,2026-07-10,2141
NLY,pass,2018-01-02,2026-07-10,2141
NMAD,pass,2018-01-02,2026-07-10,2141
NMAX,pass,2025-03-31,2026-07-10,321
NMFC,pass,2018-01-02,2026-07-10,2141
NMG,pass,2021-01-08,2026-07-10,1381
NMIH,pass,2018-01-02,2026-07-10,2141
NMP,pass,2025-09-03,2026-07-10,214
NMRA,pass,2023-09-14,2026-07-10,707
NMRK,pass,2018-01-02,2026-07-10,2141
NMTC,pass,2018-03-15,2026-07-10,2091
NN,pass,2020-11-02,2026-07-10,1427
NNBR,pass,2018-01-02,2026-07-10,2141
NNE,pass,2024-05-08,2026-07-10,544
NNI,pass,2018-01-02,2026-07-10,2141
NNN,pass,2018-01-02,2026-07-10,2141
NNNN,pass,2025-02-19,2026-07-10,349
NNOX,pass,2020-08-21,2026-07-10,1477
NNVC,pass,2018-01-02,2026-07-10,2141
NOA,pass,2018-01-02,2026-07-10,2141
NOC,pass,2018-01-02,2026-07-10,2141
NODK,pass,2018-01-02,2026-07-10,2141
NOEM,pass,2025-01-16,2026-07-10,371
NOG,pass,2018-01-02,2026-07-10,2141
NOMA,pass,2025-11-03,2026-07-10,171
NOMD,pass,2018-01-02,2026-07-10,2141
NOV,pass,2018-01-02,2026-07-10,2141
NOVT,pass,2018-01-02,2026-07-10,2141
NOW,pass,2018-01-02,2026-07-10,2141
NP,pass,2025-10-01,2026-07-10,194
NPAC,pass,2025-06-16,2026-07-10,268
NPB,pass,2025-02-18,2026-07-10,350
NPCE,pass,2021-04-22,2026-07-10,1310
NPK,pass,2018-01-02,2026-07-10,2141
NPKI,pass,2018-01-02,2026-07-10,2141
NPO,pass,2018-01-02,2026-07-10,2141
NPT,pass,2025-10-22,2026-07-10,179
NPWR,pass,2021-08-06,2026-07-10,1236
NRC,pass,2018-01-02,2026-07-10,2141
NRDS,pass,2021-11-04,2026-07-10,1173
NRDY,pass,2020-11-27,2026-07-10,1409
NREF,pass,2020-02-07,2026-07-10,1613
NRG,pass,2018-01-02,2026-07-10,2141
NRGV,pass,2021-03-29,2026-07-10,1327
NRIM,pass,2018-01-02,2026-07-10,2141
NRIX,pass,2020-07-24,2026-07-10,1497
NRP,pass,2018-01-02,2026-07-10,2141
NRT,pass,2018-01-02,2026-07-10,2141
NRXP,pass,2018-01-02,2026-07-10,2141
NRXS,pass,2023-08-09,2026-07-10,732
NSC,pass,2018-01-02,2026-07-10,2141
NSIT,pass,2018-01-02,2026-07-10,2141
NSP,pass,2018-01-02,2026-07-10,2141
NSPR,pass,2018-01-02,2026-07-10,2141
NSRX,pass,2025-08-13,2026-07-10,228
NSSC,pass,2018-01-02,2026-07-10,2141
NSTS,pass,2022-01-19,2026-07-10,1122
NSYS,pass,2018-01-02,2026-07-10,2141
NTAP,pass,2018-01-02,2026-07-10,2141
NTB,pass,2018-01-02,2026-07-10,2141
NTCT,pass,2018-01-02,2026-07-10,2141
NTGR,pass,2018-01-02,2026-07-10,2141
NTHI,pass,2025-03-26,2026-07-10,324
NTIC,pass,2018-01-02,2026-07-10,2141
NTIP,pass,2018-01-02,2026-07-10,2141
NTLA,pass,2018-01-02,2026-07-10,2141
NTNX,pass,2018-01-02,2026-07-10,2141
NTR,pass,2018-01-02,2026-07-10,2141
NTRA,pass,2018-01-02,2026-07-10,2141
NTRB,pass,2021-10-01,2026-07-10,1197
NTRP,pass,2018-01-02,2026-07-10,2141
NTRS,pass,2018-01-02,2026-07-10,2141
NTSK,pass,2025-09-18,2026-07-10,203
NTST,pass,2020-08-13,2026-07-10,1483
NTWK,pass,2018-01-02,2026-07-10,2141
NTWO,pass,2024-12-27,2026-07-10,383
NTZ,pass,2018-01-02,2026-07-10,2141
NU,pass,2021-12-09,2026-07-10,1149
NUAI,pass,2022-01-06,2026-07-10,1130
NUCL,pass,2026-02-25,2026-07-10,94
NUE,pass,2018-01-02,2026-07-10,2141
NUS,pass,2018-01-02,2026-07-10,2141
NUTX,pass,2022-04-04,2026-07-10,1070
NUVB,pass,2020-08-26,2026-07-10,1474
NUVL,pass,2021-07-29,2026-07-10,1242
NUWE,pass,2018-01-02,2026-07-10,2141
NVA,pass,2024-07-24,2026-07-10,492
NVAX,pass,2018-01-02,2026-07-10,2141
NVCR,pass,2018-01-02,2026-07-10,2141
NVCT,pass,2022-02-04,2026-07-10,1110
NVDA,pass,2018-01-02,2026-07-10,2141
NVEC,pass,2018-01-02,2026-07-10,2141
NVGS,pass,2018-01-02,2026-07-10,2141
NVMI,pass,2018-01-02,2026-07-10,2141
NVNO,pass,2018-05-31,2026-07-10,2038
NVO,pass,2018-01-02,2026-07-10,2141
NVR,pass,2018-01-02,2026-07-10,2141
NVRI,pass,2018-01-02,2026-07-10,2141
NVS,pass,2018-01-02,2026-07-10,2141
NVST,pass,2019-09-18,2026-07-10,1711
NVT,pass,2018-04-24,2026-07-10,2064
NVTS,pass,2021-10-20,2026-07-10,1184
NWAX,pass,2026-01-26,2026-07-10,115
NWBI,pass,2018-01-02,2026-07-10,2141
NWE,pass,2018-01-02,2026-07-10,2141
NWFL,pass,2018-01-02,2026-07-10,2141
NWL,pass,2018-01-02,2026-07-10,2141
NWN,pass,2018-01-02,2026-07-10,2141
NWPX,pass,2018-01-02,2026-07-10,2141
NWS,pass,2018-01-02,2026-07-10,2141
NWSA,pass,2018-01-02,2026-07-10,2141
NX,pass,2018-01-02,2026-07-10,2141
NXB,pass,2025-11-13,2026-07-10,163
NXDR,pass,2021-11-08,2026-07-10,1171
NXDT,pass,2018-01-02,2026-07-10,2141
NXE,pass,2018-01-02,2026-07-10,2141
NXP,pass,2018-01-02,2026-07-10,2141
NXPI,pass,2018-01-02,2026-07-10,2141
NXPL,pass,2018-01-02,2026-07-10,2141
NXRT,pass,2018-01-02,2026-07-10,2141
NXST,pass,2018-01-02,2026-07-10,2141
NXT,pass,2023-02-09,2026-07-10,856
NXTC,pass,2019-05-09,2026-07-10,1802
NXTS,pass,2018-01-02,2026-07-10,2141
NXTT,pass,2022-07-19,2026-07-10,998
NYAX,pass,2022-09-21,2026-07-10,953
NYC,pass,2020-08-18,2026-07-10,1480
NYT,pass,2018-01-02,2026-07-10,2141
NYXH,pass,2021-04-28,2026-07-10,1306
O,pass,2018-01-02,2026-07-10,2141
OABI,pass,2021-09-30,2026-07-10,1198
OACC,pass,2024-12-16,2026-07-10,391
OBA,pass,2025-08-15,2026-07-10,226
OBDC,pass,2019-07-18,2026-07-10,1754
OBE,pass,2018-01-02,2026-07-10,2141
OBIO,pass,2020-08-04,2026-07-10,1490
OBK,pass,2018-05-08,2026-07-10,2054
OBT,pass,2018-01-02,2026-07-10,2141
OC,pass,2018-01-02,2026-07-10,2141
OCC,pass,2018-01-02,2026-07-10,2141
OCFC,pass,2018-01-02,2026-07-10,2141
OCG,pass,2020-12-15,2026-07-10,1397
OCGN,pass,2018-01-02,2026-07-10,2141
OCS,pass,2021-05-18,2026-07-10,1292
OCTV,pass,2026-05-21,2026-07-10,34
OCUL,pass,2018-01-02,2026-07-10,2141
ODC,pass,2018-01-02,2026-07-10,2141
ODD,pass,2023-07-19,2026-07-10,747
ODFL,pass,2018-01-02,2026-07-10,2141
ODTX,pass,2026-05-08,2026-07-10,43
ODV,pass,2018-01-02,2026-07-10,2141
ODYS,pass,2021-01-08,2026-07-10,1381
OEC,pass,2018-01-02,2026-07-10,2141
OESX,pass,2018-01-02,2026-07-10,2141
OFG,pass,2018-01-02,2026-07-10,2141
OFIX,pass,2018-01-02,2026-07-10,2141
OFLX,pass,2018-01-02,2026-07-10,2141
OFRM,pass,2026-02-06,2026-07-10,106
OGC,pass,2018-01-02,2026-07-10,2141
OGE,pass,2018-01-02,2026-07-10,2141
OGEN,pass,2018-01-02,2026-07-10,2141
OGI,pass,2019-05-21,2026-07-10,1794
OGN,pass,2021-05-14,2026-07-10,1294
OGS,pass,2018-01-02,2026-07-10,2141
OHAC,pass,2026-06-05,2026-07-10,24
OHI,pass,2018-01-02,2026-07-10,2141
OI,pass,2018-01-02,2026-07-10,2141
OII,pass,2018-01-02,2026-07-10,2141
OIM,pass,2026-03-09,2026-07-10,86
OIO,pass,2022-04-07,2026-07-10,1067
OIS,pass,2018-01-02,2026-07-10,2141
OKE,pass,2018-01-02,2026-07-10,2141
OKLO,pass,2021-07-08,2026-07-10,1257
OKTA,pass,2018-01-02,2026-07-10,2141
OKUR,pass,2021-04-08,2026-07-10,1320
OKYO,pass,2022-05-17,2026-07-10,1040
OLED,pass,2018-01-02,2026-07-10,2141
OLLI,pass,2018-01-02,2026-07-10,2141
OLMA,pass,2020-11-19,2026-07-10,1414
OLN,pass,2018-01-02,2026-07-10,2141
OLP,pass,2018-01-02,2026-07-10,2141
OM,pass,2020-09-15,2026-07-10,1461
OMC,pass,2018-01-02,2026-07-10,2141
OMCL,pass,2018-01-02,2026-07-10,2141
OMDA,pass,2025-06-06,2026-07-10,274
OMER,pass,2018-01-02,2026-07-10,2141
OMEX,pass,2018-01-02,2026-07-10,2141
OMF,pass,2018-01-02,2026-07-10,2141
OMH,pass,2023-03-22,2026-07-10,828
OMSE,pass,2025-05-13,2026-07-10,291
ON,pass,2018-01-02,2026-07-10,2141
ONB,pass,2018-01-02,2026-07-10,2141
ONCH,pass,2025-09-12,2026-07-10,207
ONCO,pass,2022-02-18,2026-07-10,1100
ONCY,pass,2018-01-02,2026-07-10,2141
ONDS,pass,2020-12-04,2026-07-10,1404
ONEG,pass,2024-12-31,2026-07-10,381
ONEW,pass,2020-02-07,2026-07-10,1613
ONIT,pass,2018-01-02,2026-07-10,2141
ONL,pass,2021-11-23,2026-07-10,1160
ONON,pass,2021-09-15,2026-07-10,1209
ONT,pass,2020-07-23,2026-07-10,1498
ONTO,pass,2019-10-28,2026-07-10,1683
OOMA,pass,2018-01-02,2026-07-10,2141
OPAD,pass,2020-12-11,2026-07-10,1399
OPAL,pass,2021-05-24,2026-07-10,1288
OPBK,pass,2018-01-02,2026-07-10,2141
OPCH,pass,2018-01-02,2026-07-10,2141
OPEN,pass,2020-06-18,2026-07-10,1522
OPFI,pass,2020-11-20,2026-07-10,1413
OPHC,pass,2018-01-02,2026-07-10,2141
OPK,pass,2018-01-02,2026-07-10,2141
OPLN,pass,2018-01-02,2026-07-10,2141
OPRT,pass,2019-09-26,2026-07-10,1705
OPRX,pass,2018-01-02,2026-07-10,2141
OPTH,pass,2026-05-20,2026-07-10,35
OPTT,pass,2018-01-02,2026-07-10,2141
OPTU,pass,2018-01-02,2026-07-10,2141
OPTX,pass,2022-01-26,2026-07-10,1117
OPXS,pass,2018-01-02,2026-07-10,2141
OPY,pass,2018-01-02,2026-07-10,2141
OR,pass,2018-01-02,2026-07-10,2141
ORA,pass,2018-01-02,2026-07-10,2141
ORBS,pass,2022-05-18,2026-07-10,1039
ORC,pass,2018-01-02,2026-07-10,2141
ORCL,pass,2018-01-02,2026-07-10,2141
ORGO,pass,2018-01-02,2026-07-10,2141
ORI,pass,2018-01-02,2026-07-10,2141
ORIC,pass,2020-04-24,2026-07-10,1560
ORIQ,pass,2025-09-09,2026-07-10,210
ORKA,pass,2018-01-02,2026-07-10,2141
ORKT,pass,2024-07-25,2026-07-10,491
ORLA,pass,2018-01-02,2026-07-10,2141
ORLY,pass,2018-01-02,2026-07-10,2141
ORMP,pass,2018-01-02,2026-07-10,2141
ORN,pass,2018-01-02,2026-07-10,2141
ORRF,pass,2018-01-02,2026-07-10,2141
OSBC,pass,2018-01-02,2026-07-10,2141
OSCR,pass,2021-03-03,2026-07-10,1345
OSG,pass,2018-01-02,2026-07-10,2141
OSIS,pass,2018-01-02,2026-07-10,2141
OSK,pass,2018-01-02,2026-07-10,2141
OSPN,pass,2018-01-02,2026-07-10,2141
OSS,pass,2018-02-01,2026-07-10,2120
OST,pass,2022-04-27,2026-07-10,1054
OSTX,pass,2024-08-01,2026-07-10,486
OSUR,pass,2018-01-02,2026-07-10,2141
OSW,pass,2018-01-02,2026-07-10,2141
OTAI,pass,2026-06-29,2026-07-10,9
OTEX,pass,2018-01-02,2026-07-10,2141
OTF,pass,2025-06-12,2026-07-10,270
OTGA,pass,2025-11-03,2026-07-10,171
OTIS,pass,2020-03-19,2026-07-10,1585
OTLK,pass,2018-01-02,2026-07-10,2141
OTTR,pass,2018-01-02,2026-07-10,2141
OUST,pass,2020-10-09,2026-07-10,1443
OUT,pass,2018-01-02,2026-07-10,2141
OVBC,pass,2018-01-02,2026-07-10,2141
OVID,pass,2018-01-02,2026-07-10,2141
OVLY,pass,2018-01-02,2026-07-10,2141
OVV,pass,2018-01-02,2026-07-10,2141
OWL,pass,2020-12-14,2026-07-10,1398
OWLS,pass,2025-10-16,2026-07-10,183
OWLT,pass,2020-11-05,2026-07-10,1424
OXBR,pass,2018-01-02,2026-07-10,2141
OXM,pass,2018-01-02,2026-07-10,2141
OXY,pass,2018-01-02,2026-07-10,2141
OYSE,pass,2025-07-11,2026-07-10,251
OZK,pass,2018-01-02,2026-07-10,2141
P,pass,2018-01-02,2026-07-10,2141
PAAC,pass,2026-04-06,2026-07-10,67
PAAS,pass,2018-01-02,2026-07-10,2141
PAC,pass,2018-01-02,2026-07-10,2141
PACB,pass,2018-01-02,2026-07-10,2141
PACH,pass,2025-08-15,2026-07-10,226
PACK,pass,2018-03-13,2026-07-10,2093
PACS,pass,2024-04-11,2026-07-10,563
PAG,pass,2018-01-02,2026-07-10,2141
PAGP,pass,2018-01-02,2026-07-10,2141
PAGS,pass,2018-01-24,2026-07-10,2126
PAHC,pass,2018-01-02,2026-07-10,2141
PAII,pass,2025-09-11,2026-07-10,208
PAL,pass,2024-05-09,2026-07-10,543
PALI,pass,2018-01-02,2026-07-10,2141
PALO,pass,2026-04-14,2026-07-10,61
PAM,pass,2018-01-02,2026-07-10,2141
PAMT,pass,2018-01-02,2026-07-10,2141
PANL,pass,2018-01-02,2026-07-10,2141
PANW,pass,2018-01-02,2026-07-10,2141
PAPL,pass,2023-11-01,2026-07-10,673
PAR,pass,2018-01-02,2026-07-10,2141
PARK,pass,2025-12-03,2026-07-10,150
PARR,pass,2018-01-02,2026-07-10,2141
PASG,pass,2020-02-28,2026-07-10,1599
PATH,pass,2021-04-21,2026-07-10,1311
PATK,pass,2018-01-02,2026-07-10,2141
PAVM,pass,2018-01-02,2026-07-10,2141
PAVS,pass,2019-10-25,2026-07-10,1684
PAX,pass,2021-01-22,2026-07-10,1372
PAY,pass,2021-05-26,2026-07-10,1286
PAYC,pass,2018-01-02,2026-07-10,2141
PAYO,pass,2020-10-16,2026-07-10,1438
PAYP,pass,2026-03-12,2026-07-10,83
PAYS,pass,2018-01-02,2026-07-10,2141
PAYX,pass,2018-01-02,2026-07-10,2141
PB,pass,2018-01-02,2026-07-10,2141
PBA,pass,2018-01-02,2026-07-10,2141
PBF,pass,2018-01-02,2026-07-10,2141
PBFS,pass,2019-07-18,2026-07-10,1754
PBH,pass,2018-01-02,2026-07-10,2141
PBHC,pass,2018-01-02,2026-07-10,2141
PBI,pass,2018-01-02,2026-07-10,2141
PBLS,pass,2026-06-10,2026-07-10,21
PBM,pass,2021-12-10,2026-07-10,1148
PBR,pass,2018-01-02,2026-07-10,2141
PBT,pass,2018-01-02,2026-07-10,2141
PBYI,pass,2018-01-02,2026-07-10,2141
PC,pass,2024-09-25,2026-07-10,448
PCAP,pass,2025-07-11,2026-07-10,251
PCAR,pass,2018-01-02,2026-07-10,2141
PCB,pass,2018-08-10,2026-07-10,1988
PCG,pass,2018-01-02,2026-07-10,2141
PCOR,pass,2021-05-20,2026-07-10,1290
PCRX,pass,2018-01-02,2026-07-10,2141
PCSA,pass,2018-01-02,2026-07-10,2141
PCSC,pass,2024-06-12,2026-07-10,520
PCT,pass,2020-07-14,2026-07-10,1505
PCTY,pass,2018-01-02,2026-07-10,2141
PCVX,pass,2020-06-12,2026-07-10,1526
PCYO,pass,2018-01-02,2026-07-10,2141
PD,pass,2019-04-11,2026-07-10,1821
PDCC,pass,2024-07-18,2026-07-10,496
PDEX,pass,2018-01-02,2026-07-10,2141
PDFS,pass,2018-01-02,2026-07-10,2141
PDLB,pass,2018-01-02,2026-07-10,2141
PDM,pass,2018-01-02,2026-07-10,2141
PDS,pass,2018-01-02,2026-07-10,2141
PDSB,pass,2018-01-02,2026-07-10,2141
PDYN,pass,2021-09-27,2026-07-10,1201
PEBK,pass,2018-01-02,2026-07-10,2141
PEBO,pass,2018-01-02,2026-07-10,2141
PECE,pass,2026-06-04,2026-07-10,25
PECO,pass,2021-02-25,2026-07-10,1349
PED,pass,2018-01-02,2026-07-10,2141
PEG,pass,2018-01-02,2026-07-10,2141
PEGA,pass,2018-01-02,2026-07-10,2141
PEN,pass,2018-01-02,2026-07-10,2141
PENG,pass,2018-01-02,2026-07-10,2141
PENN,pass,2018-01-02,2026-07-10,2141
PEP,pass,2018-01-02,2026-07-10,2141
PEPG,pass,2022-05-06,2026-07-10,1047
PERF,pass,2022-10-31,2026-07-10,925
PERI,pass,2018-01-02,2026-07-10,2141
PESI,pass,2018-01-02,2026-07-10,2141
PETS,pass,2018-01-02,2026-07-10,2141
PETZ,pass,2018-01-02,2026-07-10,2141
PEW,pass,2024-01-11,2026-07-10,625
PFAI,pass,2025-04-21,2026-07-10,307
PFE,pass,2018-01-02,2026-07-10,2141
PFG,pass,2018-01-02,2026-07-10,2141
PFGC,pass,2018-01-02,2026-07-10,2141
PFIS,pass,2018-01-02,2026-07-10,2141
PFLT,pass,2018-01-02,2026-07-10,2141
PFS,pass,2018-01-02,2026-07-10,2141
PFSI,pass,2018-01-02,2026-07-10,2141
PFX,pass,2018-01-02,2026-07-10,2141
PG,pass,2018-01-02,2026-07-10,2141
PGAC,pass,2025-01-28,2026-07-10,364
PGC,pass,2018-01-02,2026-07-10,2141
PGEN,pass,2018-01-02,2026-07-10,2141
PGNY,pass,2019-10-25,2026-07-10,1684
PGR,pass,2018-01-02,2026-07-10,2141
PGY,pass,2021-04-21,2026-07-10,1311
PH,pass,2018-01-02,2026-07-10,2141
PHAR,pass,2020-12-23,2026-07-10,1391
PHAT,pass,2019-10-25,2026-07-10,1684
PHG,pass,2018-01-02,2026-07-10,2141
PHGE,pass,2019-03-13,2026-07-10,1842
PHI,pass,2018-01-02,2026-07-10,2141
PHIN,pass,2023-06-28,2026-07-10,761
PHIO,pass,2018-01-02,2026-07-10,2141
PHM,pass,2018-01-02,2026-07-10,2141
PHOE,pass,2025-04-25,2026-07-10,303
PHR,pass,2019-07-18,2026-07-10,1754
PHUN,pass,2018-01-02,2026-07-10,2141
PHVS,pass,2021-02-05,2026-07-10,1362
PI,pass,2018-01-02,2026-07-10,2141
PICS,pass,2026-01-29,2026-07-10,112
PII,pass,2018-01-02,2026-07-10,2141
PIII,pass,2021-04-06,2026-07-10,1322
PIM,pass,2018-01-02,2026-07-10,2141
PINE,pass,2019-11-22,2026-07-10,1664
PINS,pass,2019-04-18,2026-07-10,1816
PIPR,pass,2018-01-02,2026-07-10,2141
PJT,pass,2018-01-02,2026-07-10,2141
PK,pass,2018-01-02,2026-07-10,2141
PKBK,pass,2018-01-02,2026-07-10,2141
PKE,pass,2018-01-02,2026-07-10,2141
PKG,pass,2018-01-02,2026-07-10,2141
PKOH,pass,2018-01-02,2026-07-10,2141
PL,pass,2021-04-26,2026-07-10,1308
PLAB,pass,2018-01-02,2026-07-10,2141
PLAG,pass,2018-01-02,2026-07-10,2141
PLAY,pass,2018-01-02,2026-07-10,2141
PLBC,pass,2018-01-02,2026-07-10,2141
PLBL,pass,2025-08-08,2026-07-10,231
PLBY,pass,2020-08-31,2026-07-10,1471
PLCE,pass,2018-01-02,2026-07-10,2141
PLD,pass,2018-01-02,2026-07-10,2141
PLG,pass,2018-01-02,2026-07-10,2141
PLGO,pass,2023-06-29,2026-07-10,760
PLMK,pass,2025-01-31,2026-07-10,361
PLMR,pass,2019-04-17,2026-07-10,1817
PLNT,pass,2018-01-02,2026-07-10,2141
PLOW,pass,2018-01-02,2026-07-10,2141
PLPC,pass,2018-01-02,2026-07-10,2141
PLRX,pass,2020-06-03,2026-07-10,1533
PLRZ,pass,2024-10-29,2026-07-10,424
PLSE,pass,2018-01-02,2026-07-10,2141
PLSM,pass,2026-01-21,2026-07-10,118
PLTK,pass,2021-01-19,2026-07-10,1375
PLTR,pass,2020-09-30,2026-07-10,1450
PLTS,pass,2025-09-19,2026-07-10,202
PLUG,pass,2018-01-02,2026-07-10,2141
PLUN,pass,2026-06-18,2026-07-10,15
PLUR,pass,2018-01-02,2026-07-10,2141
PLUS,pass,2018-01-02,2026-07-10,2141
PLUT,pass,2025-02-05,2026-07-10,358
PLX,pass,2018-01-02,2026-07-10,2141
PLXS,pass,2018-01-02,2026-07-10,2141
PLYX,pass,2026-02-02,2026-07-10,110
PM,pass,2018-01-02,2026-07-10,2141
PMA,pass,2024-11-22,2026-07-10,406
PMAX,pass,2024-09-05,2026-07-10,462
PMI,pass,2025-08-29,2026-07-10,216
PMM,pass,2018-01-02,2026-07-10,2141
PMN,pass,2018-01-02,2026-07-10,2141
PMTR,pass,2025-06-20,2026-07-10,265
PMTS,pass,2018-01-02,2026-07-10,2141
PMVP,pass,2020-09-25,2026-07-10,1453
PN,pass,2025-03-04,2026-07-10,340
PNBK,pass,2018-01-02,2026-07-10,2141
PNC,pass,2018-01-02,2026-07-10,2141
PNFP,pass,2018-01-02,2026-07-10,2141
PNNT,pass,2018-01-02,2026-07-10,2141
PNR,pass,2018-01-02,2026-07-10,2141
PNRG,pass,2018-01-02,2026-07-10,2141
PNTG,pass,2019-10-01,2026-07-10,1702
PNW,pass,2018-01-02,2026-07-10,2141
POAS,pass,2025-11-13,2026-07-10,163
POCI,pass,2018-01-02,2026-07-10,2141
PODC,pass,2023-09-08,2026-07-10,711
PODD,pass,2018-01-02,2026-07-10,2141
POET,pass,2018-01-02,2026-07-10,2141
POLE,pass,2024-10-28,2026-07-10,425
PONO,pass,2026-05-05,2026-07-10,46
POOL,pass,2018-01-02,2026-07-10,2141
POR,pass,2018-01-02,2026-07-10,2141
POST,pass,2018-01-02,2026-07-10,2141
POWI,pass,2018-01-02,2026-07-10,2141
POWL,pass,2018-01-02,2026-07-10,2141
POWW,pass,2018-01-02,2026-07-10,2141
PPC,pass,2018-01-02,2026-07-10,2141
PPCB,pass,2018-01-02,2026-07-10,2141
PPG,pass,2018-01-02,2026-07-10,2141
PPHC,pass,2026-01-28,2026-07-10,113
PPIH,pass,2018-01-02,2026-07-10,2141
PPL,pass,2018-01-02,2026-07-10,2141
PPLI,pass,2018-01-02,2026-07-10,2141
PPSI,pass,2018-01-02,2026-07-10,2141
PPT,pass,2018-01-02,2026-07-10,2141
PPTA,pass,2021-02-18,2026-07-10,1354
PR,pass,2018-01-02,2026-07-10,2141
PRAA,pass,2018-01-02,2026-07-10,2141
PRAX,pass,2020-10-16,2026-07-10,1438
PRCH,pass,2020-01-13,2026-07-10,1631
PRCT,pass,2021-09-15,2026-07-10,1209
PRDO,pass,2018-01-02,2026-07-10,2141
PRE,pass,2021-07-16,2026-07-10,1251
PRFX,pass,2020-09-01,2026-07-10,1470
PRG,pass,2018-01-02,2026-07-10,2141
PRGO,pass,2018-01-02,2026-07-10,2141
PRGS,pass,2018-01-02,2026-07-10,2141
PRHI,pass,2018-01-02,2026-07-10,2141
PRI,pass,2018-01-02,2026-07-10,2141
PRIM,pass,2018-01-02,2026-07-10,2141
PRK,pass,2018-01-02,2026-07-10,2141
PRLB,pass,2018-01-02,2026-07-10,2141
PRLD,pass,2020-09-25,2026-07-10,1453
PRM,pass,2021-11-09,2026-07-10,1170
PRMB,pass,2018-01-02,2026-07-10,2141
PRME,pass,2022-10-20,2026-07-10,932
PROF,pass,2019-10-29,2026-07-10,1682
PROK,pass,2021-06-30,2026-07-10,1262
PROV,pass,2018-01-02,2026-07-10,2141
PRPO,pass,2018-01-02,2026-07-10,2141
PRQR,pass,2018-01-02,2026-07-10,2141
PRSO,pass,2018-01-02,2026-07-10,2141
PRSU,pass,2018-01-02,2026-07-10,2141
PRTA,pass,2018-01-02,2026-07-10,2141
PRTH,pass,2018-01-02,2026-07-10,2141
PRTS,pass,2018-01-02,2026-07-10,2141
PRU,pass,2018-01-02,2026-07-10,2141
PRVA,pass,2021-04-28,2026-07-10,1306
PS,pass,2026-04-29,2026-07-10,50
PSA,pass,2018-01-02,2026-07-10,2141
PSBD,pass,2024-01-18,2026-07-10,621
PSFE,pass,2020-10-09,2026-07-10,1443
PSHG,pass,2018-01-02,2026-07-10,2141
PSIG,pass,2024-07-19,2026-07-10,495
PSIX,pass,2018-01-02,2026-07-10,2141
PSKY,pass,2018-01-02,2026-07-10,2141
PSMT,pass,2018-01-02,2026-07-10,2141
PSN,pass,2019-05-08,2026-07-10,1803
PSNL,pass,2019-06-20,2026-07-10,1773
PSNY,pass,2021-05-18,2026-07-10,1292
PSNYW,pass,2025-10-10,2026-07-10,187
PSO,pass,2018-01-02,2026-07-10,2141
PSQH,pass,2023-07-20,2026-07-10,746
PSTL,pass,2019-05-15,2026-07-10,1798
PSTV,pass,2018-01-02,2026-07-10,2141
PSUS,pass,2026-04-29,2026-07-10,50
PSX,pass,2018-01-02,2026-07-10,2141
PTAC,pass,2026-07-06,2026-07-10,5
PTC,pass,2018-01-02,2026-07-10,2141
PTCT,pass,2018-01-02,2026-07-10,2141
PTEN,pass,2018-01-02,2026-07-10,2141
PTGX,pass,2018-01-02,2026-07-10,2141
PTHS,pass,2024-02-16,2026-07-10,600
PTLE,pass,2024-10-16,2026-07-10,433
PTLO,pass,2021-10-21,2026-07-10,1183
PTN,pass,2018-01-02,2026-07-10,2141
PTNM,pass,2025-05-30,2026-07-10,279
PTON,pass,2019-09-26,2026-07-10,1705
PTOR,pass,2026-03-16,2026-07-10,81
PTRN,pass,2025-09-19,2026-07-10,202
PUBM,pass,2020-12-09,2026-07-10,1401
PUK,pass,2018-01-02,2026-07-10,2141
PULM,pass,2018-01-02,2026-07-10,2141
PUMP,pass,2018-01-02,2026-07-10,2141
PURR,pass,2025-12-03,2026-07-10,150
PUSA,pass,2025-02-12,2026-07-10,353
PVH,pass,2018-01-02,2026-07-10,2141
PVLA,pass,2018-01-02,2026-07-10,2141
PW,pass,2018-01-02,2026-07-10,2141
PWP,pass,2020-11-24,2026-07-10,1411
PWR,pass,2018-01-02,2026-07-10,2141
PWRL,pass,2026-05-27,2026-07-10,31
PXED,pass,2025-10-09,2026-07-10,188
PXLW,pass,2018-01-02,2026-07-10,2141
PXS,pass,2018-01-02,2026-07-10,2141
PYPD,pass,2020-06-26,2026-07-10,1516
PYPL,pass,2018-01-02,2026-07-10,2141
PYT,pass,2018-01-02,2026-07-10,2141
PYXS,pass,2021-10-08,2026-07-10,1192
PZG,pass,2018-01-02,2026-07-10,2141
PZZA,pass,2018-01-02,2026-07-10,2141
Q,pass,2025-10-27,2026-07-10,176
QADR,pass,2026-05-20,2026-07-10,35
QBTS,pass,2020-12-11,2026-07-10,1399
QCLS,pass,2018-01-02,2026-07-10,2141
QCOM,pass,2018-01-02,2026-07-10,2141
QCRH,pass,2018-01-02,2026-07-10,2141
QDEL,pass,2018-01-02,2026-07-10,2141
QGEN,pass,2018-01-02,2026-07-10,2141
QH,pass,2020-07-10,2026-07-10,1507
QLEP,pass,2026-06-23,2026-07-10,13
QLYS,pass,2018-01-02,2026-07-10,2141
QMCO,pass,2018-01-02,2026-07-10,2141
QNC,pass,2026-02-24,2026-07-10,95
QNCX,pass,2019-05-09,2026-07-10,1802
QNST,pass,2018-01-02,2026-07-10,2141
QNT,pass,2026-06-04,2026-07-10,25
QNTM,pass,2018-06-08,2026-07-10,2032
QRED,pass,2026-05-07,2026-07-10,44
QRHC,pass,2018-01-02,2026-07-10,2141
QRVO,pass,2018-01-02,2026-07-10,2141
QS,pass,2020-08-17,2026-07-10,1481
QSEA,pass,2025-05-12,2026-07-10,292
QSI,pass,2020-11-13,2026-07-10,1418
QSR,pass,2018-01-02,2026-07-10,2141
QTEX,pass,2021-07-14,2026-07-10,1253
QTI,pass,2021-11-04,2026-07-10,1173
QTRX,pass,2018-01-02,2026-07-10,2141
QTTB,pass,2018-03-28,2026-07-10,2082
QTWO,pass,2018-01-02,2026-07-10,2141
QUAD,pass,2018-01-02,2026-07-10,2141
QUBT,pass,2018-01-02,2026-07-10,2141
QUCY,pass,2021-11-05,2026-07-10,1172
QUIK,pass,2018-01-02,2026-07-10,2141
QUMS,pass,2025-09-30,2026-07-10,195
QURE,pass,2018-01-02,2026-07-10,2141
QXL,pass,2018-01-02,2026-07-10,2141
QXO,pass,2018-01-02,2026-07-10,2141
R,pass,2018-01-02,2026-07-10,2141
RAC,pass,2025-04-21,2026-07-10,307
RACC,pass,2026-05-20,2026-07-10,35
RACE,pass,2018-01-02,2026-07-10,2141
RAIL,pass,2018-01-02,2026-07-10,2141
RAL,pass,2025-06-25,2026-07-10,262
RAMP,pass,2018-01-02,2026-07-10,2141
RANG,pass,2025-01-14,2026-07-10,373
RAPP,pass,2024-06-07,2026-07-10,523
RARE,pass,2018-01-02,2026-07-10,2141
RAVE,pass,2018-01-02,2026-07-10,2141
RAY,pass,2024-05-15,2026-07-10,539
RAYA,pass,2022-12-14,2026-07-10,894
RBA,pass,2018-01-02,2026-07-10,2141
RBB,pass,2018-01-02,2026-07-10,2141
RBBN,pass,2018-01-02,2026-07-10,2141
RBC,pass,2018-01-02,2026-07-10,2141
RBCAA,pass,2018-01-02,2026-07-10,2141
RBKB,pass,2019-01-17,2026-07-10,1879
RBLX,pass,2021-03-10,2026-07-10,1340
RBNE,pass,2025-04-11,2026-07-10,312
RBRK,pass,2024-04-25,2026-07-10,553
RC,pass,2018-01-02,2026-07-10,2141
RCAT,pass,2018-01-02,2026-07-10,2141
RCEL,pass,2018-01-02,2026-07-10,2141
RCI,pass,2018-01-02,2026-07-10,2141
RCKT,pass,2018-01-02,2026-07-10,2141
RCKY,pass,2018-01-02,2026-07-10,2141
RCL,pass,2018-01-02,2026-07-10,2141
RCMT,pass,2018-01-02,2026-07-10,2141
RCUS,pass,2018-03-15,2026-07-10,2091
RDAC,pass,2024-12-02,2026-07-10,401
RDAG,pass,2025-06-23,2026-07-10,264
RDCM,pass,2018-01-02,2026-07-10,2141
RDDT,pass,2024-03-21,2026-07-10,577
RDGT,pass,2018-01-02,2026-07-10,2141
RDI,pass,2018-01-02,2026-07-10,2141
RDIB,pass,2018-01-02,2026-07-10,2141
RDN,pass,2018-01-02,2026-07-10,2141
RDNT,pass,2018-01-02,2026-07-10,2141
RDNW,pass,2018-01-02,2026-07-10,2141
RDVT,pass,2018-03-27,2026-07-10,2083
RDW,pass,2021-01-14,2026-07-10,1377
RDWR,pass,2018-01-02,2026-07-10,2141
RDY,pass,2018-01-02,2026-07-10,2141
RDZN,pass,2022-01-13,2026-07-10,1125
REA,pass,2026-05-05,2026-07-10,46
REAL,pass,2019-06-28,2026-07-10,1767
REAX,pass,2021-01-08,2026-07-10,1381
REBN,pass,2022-08-12,2026-07-10,980
RECT,pass,2024-06-21,2026-07-10,514
REED,pass,2018-01-02,2026-07-10,2141
REFI,pass,2021-12-08,2026-07-10,1150
REG,pass,2018-01-02,2026-07-10,2141
REGN,pass,2018-01-02,2026-07-10,2141
REI,pass,2018-01-02,2026-07-10,2141
RELL,pass,2018-01-02,2026-07-10,2141
RELY,pass,2021-09-23,2026-07-10,1203
RENT,pass,2021-10-27,2026-07-10,1179
RENX,pass,2023-09-19,2026-07-10,704
REPL,pass,2018-07-20,2026-07-10,2003
REPX,pass,2018-01-02,2026-07-10,2141
RES,pass,2018-01-02,2026-07-10,2141
RETO,pass,2018-01-02,2026-07-10,2141
REVB,pass,2020-11-17,2026-07-10,1416
REX,pass,2018-01-02,2026-07-10,2141
REXR,pass,2018-01-02,2026-07-10,2141
REYN,pass,2020-01-31,2026-07-10,1618
REZI,pass,2018-10-29,2026-07-10,1933
RF,pass,2018-01-02,2026-07-10,2141
RFAI,pass,2024-07-05,2026-07-10,505
RFAM,pass,2026-02-26,2026-07-10,93
RFIL,pass,2018-01-02,2026-07-10,2141
RFL,pass,2018-03-27,2026-07-10,2083
RGA,pass,2018-01-02,2026-07-10,2141
RGC,pass,2021-07-16,2026-07-10,1251
RGCO,pass,2018-01-02,2026-07-10,2141
RGEN,pass,2018-01-02,2026-07-10,2141
RGLD,pass,2018-01-02,2026-07-10,2141
RGNT,pass,2025-12-04,2026-07-10,149
RGNX,pass,2018-01-02,2026-07-10,2141
RGP,pass,2018-01-02,2026-07-10,2141
RGR,pass,2018-01-02,2026-07-10,2141
RGS,pass,2018-01-02,2026-07-10,2141
RGT,pass,2018-01-02,2026-07-10,2141
RGTI,pass,2021-04-22,2026-07-10,1310
RH,pass,2018-01-02,2026-07-10,2141
RHI,pass,2018-01-02,2026-07-10,2141
RHLD,pass,2025-02-24,2026-07-10,346
RHP,pass,2018-01-02,2026-07-10,2141
RIBB,pass,2025-03-07,2026-07-10,337
RICK,pass,2018-01-02,2026-07-10,2141
RIG,pass,2018-01-02,2026-07-10,2141
RIGL,pass,2018-01-02,2026-07-10,2141
RILY,pass,2018-01-02,2026-07-10,2141
RIO,pass,2018-01-02,2026-07-10,2141
RIOT,pass,2018-01-02,2026-07-10,2141
RITM,pass,2018-01-02,2026-07-10,2141
RIVN,pass,2021-11-10,2026-07-10,1169
RJET,pass,2018-08-10,2026-07-10,1988
RJF,pass,2018-01-02,2026-07-10,2141
RKDA,pass,2018-01-02,2026-07-10,2141
RKLB,pass,2020-11-24,2026-07-10,1411
RKT,pass,2020-08-06,2026-07-10,1488
RKTO,pass,2019-02-15,2026-07-10,1859
RL,pass,2018-01-02,2026-07-10,2141
RLAY,pass,2020-07-16,2026-07-10,1503
RLGT,pass,2018-01-02,2026-07-10,2141
RLI,pass,2018-01-02,2026-07-10,2141
RLMD,pass,2018-01-02,2026-07-10,2141
RLYB,pass,2021-07-29,2026-07-10,1242
RM,pass,2018-01-02,2026-07-10,2141
RMAX,pass,2018-01-02,2026-07-10,2141
RMBI,pass,2019-07-02,2026-07-10,1765
RMBS,pass,2018-01-02,2026-07-10,2141
RMCF,pass,2018-01-02,2026-07-10,2141
RMCO,pass,2021-05-05,2026-07-10,1301
RMD,pass,2018-01-02,2026-07-10,2141
RMIX,pass,2026-04-02,2026-07-10,68
RMNI,pass,2018-01-02,2026-07-10,2141
RMR,pass,2018-01-02,2026-07-10,2141
RMT,pass,2018-01-02,2026-07-10,2141
RNA,pass,2026-02-27,2026-07-10,92
RNAC,pass,2018-01-02,2026-07-10,2141
RNG,pass,2018-01-02,2026-07-10,2141
RNGR,pass,2018-01-02,2026-07-10,2141
RNGT,pass,2025-11-24,2026-07-10,156
RNR,pass,2018-01-02,2026-07-10,2141
RNST,pass,2018-01-02,2026-07-10,2141
RNTX,pass,2018-01-02,2026-07-10,2141
RNW,pass,2021-02-01,2026-07-10,1366
ROAD,pass,2018-05-04,2026-07-10,2056
ROC,pass,2026-02-23,2026-07-10,96
ROCK,pass,2018-01-02,2026-07-10,2141
ROG,pass,2018-01-02,2026-07-10,2141
ROIV,pass,2020-12-08,2026-07-10,1402
ROK,pass,2018-01-02,2026-07-10,2141
ROKU,pass,2018-01-02,2026-07-10,2141
ROL,pass,2018-01-02,2026-07-10,2141
ROLR,pass,2024-10-23,2026-07-10,428
ROMA,pass,2024-01-09,2026-07-10,627
ROOT,pass,2020-10-28,2026-07-10,1430
ROP,pass,2018-01-02,2026-07-10,2141
ROST,pass,2018-01-02,2026-07-10,2141
RPAY,pass,2018-07-17,2026-07-10,2006
RPC,pass,2021-10-21,2026-07-10,1183
RPD,pass,2018-01-02,2026-07-10,2141
RPGL,pass,2025-10-14,2026-07-10,185
RPID,pass,2021-07-15,2026-07-10,1252
RPM,pass,2018-01-02,2026-07-10,2141
RPRX,pass,2020-06-16,2026-07-10,1524
RPT,pass,2018-01-02,2026-07-10,2141
RRBI,pass,2019-05-03,2026-07-10,1806
RRC,pass,2018-01-02,2026-07-10,2141
RREV,pass,2026-05-20,2026-07-10,35
RRGB,pass,2018-01-02,2026-07-10,2141
RRR,pass,2018-01-02,2026-07-10,2141
RRX,pass,2018-01-02,2026-07-10,2141
RS,pass,2018-01-02,2026-07-10,2141
RSG,pass,2018-01-02,2026-07-10,2141
RSI,pass,2020-04-27,2026-07-10,1559
RSKD,pass,2021-07-29,2026-07-10,1242
RSSS,pass,2018-01-02,2026-07-10,2141
RSVR,pass,2021-01-05,2026-07-10,1384
RTB,pass,2018-01-02,2026-07-10,2141
RTX,pass,2018-01-02,2026-07-10,2141
RUBI,pass,2025-08-04,2026-07-10,235
RUM,pass,2021-04-14,2026-07-10,1316
RUN,pass,2018-01-02,2026-07-10,2141
RUSHA,pass,2018-01-02,2026-07-10,2141
RUSHB,pass,2018-01-02,2026-07-10,2141
RVLV,pass,2019-06-07,2026-07-10,1782
RVMD,pass,2020-02-13,2026-07-10,1609
RVP,pass,2018-01-02,2026-07-10,2141
RVSB,pass,2018-01-02,2026-07-10,2141
RVSN,pass,2022-03-31,2026-07-10,1072
RVT,pass,2018-01-02,2026-07-10,2141
RVTY,pass,2018-01-02,2026-07-10,2141
RWAY,pass,2021-10-21,2026-07-10,1183
RWT,pass,2018-01-02,2026-07-10,2141
RXO,pass,2022-10-27,2026-07-10,927
RXRX,pass,2021-04-16,2026-07-10,1314
RXST,pass,2021-07-30,2026-07-10,1241
RXT,pass,2020-08-05,2026-07-10,1489
RY,pass,2018-01-02,2026-07-10,2141
RYAM,pass,2018-01-02,2026-07-10,2141
RYAN,pass,2021-07-22,2026-07-10,1247
RYDE,pass,2024-03-06,2026-07-10,588
RYET,pass,2025-04-08,2026-07-10,315
RYM,pass,2021-01-28,2026-07-10,1368
RYN,pass,2018-01-02,2026-07-10,2141
RYOJ,pass,2025-08-14,2026-07-10,227
RYTM,pass,2018-01-02,2026-07-10,2141
RYZ,pass,2018-01-02,2026-07-10,2141
RZLT,pass,2018-01-02,2026-07-10,2141
RZLV,pass,2021-11-10,2026-07-10,1169
S,pass,2021-06-30,2026-07-10,1262
SA,pass,2018-01-02,2026-07-10,2141
SAAQ,pass,2026-03-20,2026-07-10,77
SABR,pass,2018-01-02,2026-07-10,2141
SABS,pass,2021-02-09,2026-07-10,1360
SAC,pass,2026-01-26,2026-07-10,115
SACH,pass,2018-01-02,2026-07-10,2141
SAFE,pass,2018-01-02,2026-07-10,2141
SAFT,pass,2018-01-02,2026-07-10,2141
SAGT,pass,2025-03-07,2026-07-10,337
SAGU,pass,2026-05-22,2026-07-10,33
SAH,pass,2018-01-02,2026-07-10,2141
SAIA,pass,2018-01-02,2026-07-10,2141
SAIC,pass,2018-01-02,2026-07-10,2141
SAIH,pass,2021-06-28,2026-07-10,1264
SAIL,pass,2025-02-13,2026-07-10,352
SAM,pass,2018-01-02,2026-07-10,2141
SAMG,pass,2018-01-02,2026-07-10,2141
SAN,pass,2018-01-02,2026-07-10,2141
SANA,pass,2021-02-04,2026-07-10,1363
SANG,pass,2018-01-02,2026-07-10,2141
SANM,pass,2018-01-02,2026-07-10,2141
SAP,pass,2018-01-02,2026-07-10,2141
SAR,pass,2018-01-02,2026-07-10,2141
SARO,pass,2024-10-02,2026-07-10,443
SATL,pass,2021-03-26,2026-07-10,1328
SB,pass,2018-01-02,2026-07-10,2141
SBAC,pass,2018-01-02,2026-07-10,2141
SBC,pass,2022-09-26,2026-07-10,950
SBCF,pass,2018-01-02,2026-07-10,2141
SBET,pass,2018-01-02,2026-07-10,2141
SBEV,pass,2019-02-05,2026-07-10,1867
SBFG,pass,2018-01-02,2026-07-10,2141
SBFM,pass,2022-02-15,2026-07-10,1103
SBGI,pass,2018-01-02,2026-07-10,2141
SBH,pass,2018-01-02,2026-07-10,2141
SBLK,pass,2018-01-02,2026-07-10,2141
SBMT,pass,2026-04-30,2026-07-10,49
SBR,pass,2018-01-02,2026-07-10,2141
SBRA,pass,2018-01-02,2026-07-10,2141
SBSI,pass,2018-01-02,2026-07-10,2141
SBSW,pass,2018-01-02,2026-07-10,2141
SBUX,pass,2018-01-02,2026-07-10,2141
SBXD,pass,2024-10-07,2026-07-10,440
SBXE,pass,2026-01-23,2026-07-10,116
SCCO,pass,2018-01-02,2026-07-10,2141
SCHL,pass,2018-01-02,2026-07-10,2141
SCHW,pass,2018-01-02,2026-07-10,2141
SCI,pass,2018-01-02,2026-07-10,2141
SCII,pass,2026-01-20,2026-07-10,119
SCL,pass,2018-01-02,2026-07-10,2141
SCLX,pass,2021-03-05,2026-07-10,1343
SCM,pass,2018-01-02,2026-07-10,2141
SCOR,pass,2018-01-02,2026-07-10,2141
SCPQ,pass,2026-02-12,2026-07-10,102
SCSC,pass,2018-01-02,2026-07-10,2141
SCWO,pass,2018-01-02,2026-07-10,2141
SCYX,pass,2018-01-02,2026-07-10,2141
SCZM,pass,2018-01-02,2026-07-10,2141
SD,pass,2018-01-02,2026-07-10,2141
SDA,pass,2021-04-16,2026-07-10,1314
SDEV,pass,2018-01-02,2026-07-10,2141
SDGR,pass,2020-02-06,2026-07-10,1614
SDHC,pass,2024-01-11,2026-07-10,625
SDHI,pass,2025-06-04,2026-07-10,276
SDRL,pass,2022-10-14,2026-07-10,936
SEAT,pass,2021-10-20,2026-07-10,1184
SEB,pass,2018-01-02,2026-07-10,2141
SECZ,pass,2026-07-02,2026-07-10,6
SEDG,pass,2018-01-02,2026-07-10,2141
SEED,pass,2018-01-02,2026-07-10,2141
SEER,pass,2020-12-04,2026-07-10,1404
SEG,pass,2024-07-30,2026-07-10,488
SEI,pass,2018-01-02,2026-07-10,2141
SEIC,pass,2018-01-02,2026-07-10,2141
SELF,pass,2018-01-02,2026-07-10,2141
SENEA,pass,2018-01-02,2026-07-10,2141
SENEB,pass,2018-01-02,2026-07-10,2141
SENS,pass,2018-01-02,2026-07-10,2141
SEPN,pass,2024-10-25,2026-07-10,426
SER,pass,2018-11-29,2026-07-10,1911
SERA,pass,2021-07-15,2026-07-10,1252
SERV,pass,2024-03-08,2026-07-10,586
SES,pass,2021-03-01,2026-07-10,1347
SEV,pass,2025-10-16,2026-07-10,183
SEVN,pass,2018-01-02,2026-07-10,2141
SEZL,pass,2023-09-13,2026-07-10,708
SF,pass,2018-01-02,2026-07-10,2141
SFBC,pass,2018-01-02,2026-07-10,2141
SFBS,pass,2018-01-02,2026-07-10,2141
SFD,pass,2025-01-28,2026-07-10,364
SFHG,pass,2024-10-15,2026-07-10,434
SFIX,pass,2018-01-02,2026-07-10,2141
SFL,pass,2018-01-02,2026-07-10,2141
SFM,pass,2018-01-02,2026-07-10,2141
SFNC,pass,2018-01-02,2026-07-10,2141
SFST,pass,2018-01-02,2026-07-10,2141
SFWL,pass,2023-03-31,2026-07-10,821
SG,pass,2021-11-18,2026-07-10,1163
SGA,pass,2018-01-02,2026-07-10,2141
SGC,pass,2018-01-02,2026-07-10,2141
SGHC,pass,2020-11-23,2026-07-10,1412
SGHT,pass,2021-07-15,2026-07-10,1252
SGI,pass,2018-01-02,2026-07-10,2141
SGML,pass,2018-07-03,2026-07-10,2015
SGMT,pass,2023-07-14,2026-07-10,750
SGP,pass,2026-02-06,2026-07-10,106
SGRY,pass,2018-01-02,2026-07-10,2141
SGU,pass,2018-01-02,2026-07-10,2141
SHAK,pass,2018-01-02,2026-07-10,2141
SHAZ,pass,2026-02-18,2026-07-10,99
SHBI,pass,2018-01-02,2026-07-10,2141
SHC,pass,2020-11-20,2026-07-10,1413
SHEN,pass,2018-01-02,2026-07-10,2141
SHIM,pass,2023-11-14,2026-07-10,664
SHIP,pass,2018-01-02,2026-07-10,2141
SHLS,pass,2021-01-28,2026-07-10,1368
SHMD,pass,2024-05-01,2026-07-10,549
SHO,pass,2018-01-02,2026-07-10,2141
SHOE,pass,2018-01-02,2026-07-10,2141
SHOO,pass,2018-01-02,2026-07-10,2141
SHOP,pass,2018-01-02,2026-07-10,2141
SHPH,pass,2022-08-31,2026-07-10,967
SHW,pass,2018-01-02,2026-07-10,2141
SI,pass,2025-07-31,2026-07-10,237
SIBN,pass,2018-10-17,2026-07-10,1941
SID,pass,2018-01-02,2026-07-10,2141
SIDU,pass,2021-12-14,2026-07-10,1146
SIEB,pass,2018-01-02,2026-07-10,2141
SIF,pass,2018-01-02,2026-07-10,2141
SIFY,pass,2018-01-02,2026-07-10,2141
SIG,pass,2018-01-02,2026-07-10,2141
SIGA,pass,2018-01-02,2026-07-10,2141
SIGI,pass,2018-01-02,2026-07-10,2141
SII,pass,2018-01-02,2026-07-10,2141
SILC,pass,2018-01-02,2026-07-10,2141
SILO,pass,2021-01-08,2026-07-10,1381
SIMA,pass,2024-08-30,2026-07-10,465
SIND,pass,2026-06-26,2026-07-10,10
SION,pass,2025-02-07,2026-07-10,356
SIRI,pass,2018-01-02,2026-07-10,2141
SITC,pass,2018-01-02,2026-07-10,2141
SITE,pass,2018-01-02,2026-07-10,2141
SITM,pass,2019-11-20,2026-07-10,1666
SJ,pass,2019-03-07,2026-07-10,1846
SJM,pass,2018-01-02,2026-07-10,2141
SJT,pass,2018-01-02,2026-07-10,2141
SKE,pass,2018-01-02,2026-07-10,2141
SKHYV,pass,2026-07-10,2026-07-10,1
SKIL,pass,2019-07-26,2026-07-10,1748
SKK,pass,2024-10-08,2026-07-10,439
SKM,pass,2018-01-02,2026-07-10,2141
SKT,pass,2018-01-02,2026-07-10,2141
SKWD,pass,2023-01-13,2026-07-10,874
SKY,pass,2018-01-02,2026-07-10,2141
SKYA,pass,2022-04-14,2026-07-10,1062
SKYH,pass,2020-12-08,2026-07-10,1402
SKYQ,pass,2024-10-10,2026-07-10,437
SKYT,pass,2021-04-21,2026-07-10,1311
SKYW,pass,2018-01-02,2026-07-10,2141
SKYX,pass,2022-02-10,2026-07-10,1106
SLAB,pass,2018-01-02,2026-07-10,2141
SLB,pass,2018-01-02,2026-07-10,2141
SLBT,pass,2025-02-05,2026-07-10,358
SLDB,pass,2018-01-26,2026-07-10,2124
SLDE,pass,2025-06-18,2026-07-10,266
SLDP,pass,2021-05-18,2026-07-10,1292
SLE,pass,2019-02-26,2026-07-10,1853
SLF,pass,2018-01-02,2026-07-10,2141
SLG,pass,2018-01-02,2026-07-10,2141
SLGL,pass,2018-02-01,2026-07-10,2120
SLGN,pass,2018-01-02,2026-07-10,2141
SLI,pass,2018-03-06,2026-07-10,2098
SLM,pass,2018-01-02,2026-07-10,2141
SLMT,pass,2023-01-27,2026-07-10,865
SLN,pass,2020-09-08,2026-07-10,1466
SLND,pass,2021-12-23,2026-07-10,1139
SLNG,pass,2018-01-02,2026-07-10,2141
SLNH,pass,2018-01-02,2026-07-10,2141
SLP,pass,2018-01-02,2026-07-10,2141
SLQT,pass,2020-05-21,2026-07-10,1541
SLS,pass,2018-01-02,2026-07-10,2141
SLSN,pass,2018-01-02,2026-07-10,2141
SLSR,pass,2020-08-13,2026-07-10,1483
SLVM,pass,2021-09-23,2026-07-10,1203
SLXN,pass,2021-04-07,2026-07-10,1321
SM,pass,2018-01-02,2026-07-10,2141
SMA,pass,2025-04-02,2026-07-10,319
SMBC,pass,2018-01-02,2026-07-10,2141
SMBK,pass,2018-01-02,2026-07-10,2141
SMC,pass,2018-01-02,2026-07-10,2141
SMCI,pass,2018-01-02,2026-07-10,2141
SMG,pass,2018-01-02,2026-07-10,2141
SMHI,pass,2018-01-02,2026-07-10,2141
SMID,pass,2018-01-02,2026-07-10,2141
SMJF,pass,2025-12-04,2026-07-10,149
SMMT,pass,2018-01-02,2026-07-10,2141
SMP,pass,2018-01-02,2026-07-10,2141
SMPL,pass,2018-01-02,2026-07-10,2141
SMR,pass,2022-03-01,2026-07-10,1094
SMRT,pass,2021-08-25,2026-07-10,1223
SMSI,pass,2018-01-02,2026-07-10,2141
SMTC,pass,2018-01-02,2026-07-10,2141
SMTI,pass,2018-01-02,2026-07-10,2141
SMWB,pass,2021-05-12,2026-07-10,1296
SMX,pass,2021-12-09,2026-07-10,1149
SN,pass,2023-07-31,2026-07-10,739
SNA,pass,2018-01-02,2026-07-10,2141
SNAP,pass,2018-01-02,2026-07-10,2141
SND,pass,2018-01-02,2026-07-10,2141
SNDA,pass,2018-01-02,2026-07-10,2141
SNDK,pass,2025-02-13,2026-07-10,352
SNDL,pass,2019-08-01,2026-07-10,1744
SNDR,pass,2018-01-02,2026-07-10,2141
SNDX,pass,2018-01-02,2026-07-10,2141
SNES,pass,2018-01-02,2026-07-10,2141
SNEX,pass,2018-01-02,2026-07-10,2141
SNFCA,pass,2018-01-02,2026-07-10,2141
SNN,pass,2018-01-02,2026-07-10,2141
SNOA,pass,2018-01-02,2026-07-10,2141
SNOW,pass,2020-09-16,2026-07-10,1460
SNPS,pass,2018-01-02,2026-07-10,2141
SNT,pass,2018-01-02,2026-07-10,2141
SNTG,pass,2021-07-08,2026-07-10,1257
SNTI,pass,2021-05-26,2026-07-10,1286
SNWV,pass,2024-10-18,2026-07-10,431
SNX,pass,2018-01-02,2026-07-10,2141
SO,pass,2018-01-02,2026-07-10,2141
SOAR,pass,2022-01-21,2026-07-10,1120
SOBO,pass,2024-10-03,2026-07-10,442
SOC,pass,2021-04-19,2026-07-10,1313
SOCA,pass,2025-09-05,2026-07-10,212
SOFI,pass,2021-01-04,2026-07-10,1385
SOLS,pass,2025-10-20,2026-07-10,181
SOLV,pass,2024-03-26,2026-07-10,574
SON,pass,2018-01-02,2026-07-10,2141
SONO,pass,2018-08-02,2026-07-10,1994
SOPH,pass,2021-07-23,2026-07-10,1246
SOR,pass,2018-01-02,2026-07-10,2141
SORA,pass,2025-04-02,2026-07-10,319
SORN,pass,2026-02-27,2026-07-10,92
SOS,pass,2018-01-02,2026-07-10,2141
SOTK,pass,2018-01-02,2026-07-10,2141
SOUL,pass,2025-05-23,2026-07-10,283
SOUN,pass,2022-04-28,2026-07-10,1053
SOWG,pass,2018-01-02,2026-07-10,2141
SPAI,pass,2024-08-28,2026-07-10,467
SPB,pass,2018-01-02,2026-07-10,2141
SPCB,pass,2018-01-02,2026-07-10,2141
SPCE,pass,2018-01-02,2026-07-10,2141
SPCX,pass,2026-06-12,2026-07-10,19
SPEG,pass,2025-09-09,2026-07-10,210
SPFI,pass,2019-05-09,2026-07-10,1802
SPG,pass,2018-01-02,2026-07-10,2141
SPGI,pass,2018-01-02,2026-07-10,2141
SPH,pass,2018-01-02,2026-07-10,2141
SPHL,pass,2024-10-18,2026-07-10,431
SPHR,pass,2020-04-09,2026-07-10,1570
SPIR,pass,2020-11-03,2026-07-10,1426
SPMC,pass,2024-06-14,2026-07-10,518
SPNT,pass,2018-01-02,2026-07-10,2141
SPOK,pass,2018-01-02,2026-07-10,2141
SPOT,pass,2018-04-03,2026-07-10,2079
SPPL,pass,2023-09-13,2026-07-10,708
SPRB,pass,2020-10-09,2026-07-10,1443
SPRO,pass,2018-01-02,2026-07-10,2141
SPRU,pass,2019-09-03,2026-07-10,1722
SPRY,pass,2020-12-04,2026-07-10,1404
SPSC,pass,2018-01-02,2026-07-10,2141
SPT,pass,2019-12-13,2026-07-10,1650
SPTX,pass,2026-05-01,2026-07-10,48
SPWH,pass,2018-01-02,2026-07-10,2141
SPWR,pass,2023-01-03,2026-07-10,882
SPXC,pass,2018-01-02,2026-07-10,2141
SQFT,pass,2020-10-07,2026-07-10,1445
SQM,pass,2018-01-02,2026-07-10,2141
SR,pass,2018-01-02,2026-07-10,2141
SRAD,pass,2021-09-14,2026-07-10,1210
SRBK,pass,2023-09-20,2026-07-10,703
SRCE,pass,2018-01-02,2026-07-10,2141
SRE,pass,2018-01-02,2026-07-10,2141
SRFM,pass,2023-07-27,2026-07-10,741
SRG,pass,2018-01-02,2026-07-10,2141
SRI,pass,2018-01-02,2026-07-10,2141
SRL,pass,2018-01-02,2026-07-10,2141
SRPT,pass,2018-01-02,2026-07-10,2141
SRRK,pass,2018-05-25,2026-07-10,2041
SRTA,pass,2019-11-05,2026-07-10,1677
SRTS,pass,2018-01-02,2026-07-10,2141
SRXH,pass,2018-01-02,2026-07-10,2141
SRZN,pass,2021-01-11,2026-07-10,1380
SSAC,pass,2026-02-27,2026-07-10,92
SSB,pass,2018-01-02,2026-07-10,2141
SSBI,pass,2018-01-02,2026-07-10,2141
SSD,pass,2018-01-02,2026-07-10,2141
SSEA,pass,2025-10-02,2026-07-10,193
SSII,pass,2024-08-07,2026-07-10,482
SSM,pass,2021-11-17,2026-07-10,1164
SSMR,pass,2026-06-04,2026-07-10,25
SSNC,pass,2018-01-02,2026-07-10,2141
SSP,pass,2018-01-02,2026-07-10,2141
SSRM,pass,2018-01-02,2026-07-10,2141
SST,pass,2020-08-07,2026-07-10,1487
SSTI,pass,2018-01-02,2026-07-10,2141
SSTK,pass,2018-01-02,2026-07-10,2141
SSYS,pass,2018-01-02,2026-07-10,2141
ST,pass,2018-01-02,2026-07-10,2141
STAA,pass,2018-01-02,2026-07-10,2141
STAG,pass,2018-01-02,2026-07-10,2141
STAK,pass,2025-02-26,2026-07-10,344
STBA,pass,2018-01-02,2026-07-10,2141
STC,pass,2018-01-02,2026-07-10,2141
STE,pass,2018-01-02,2026-07-10,2141
STEM,pass,2020-10-08,2026-07-10,1444
STEP,pass,2020-09-16,2026-07-10,1460
STEX,pass,2018-01-02,2026-07-10,2141
STFS,pass,2024-10-11,2026-07-10,436
STGW,pass,2018-01-02,2026-07-10,2141
STI,pass,2022-05-02,2026-07-10,1051
STIM,pass,2018-06-28,2026-07-10,2018
STKE,pass,2021-01-08,2026-07-10,1381
STKS,pass,2018-01-02,2026-07-10,2141
STLA,pass,2018-01-02,2026-07-10,2141
STLD,pass,2018-01-02,2026-07-10,2141
STM,pass,2018-01-02,2026-07-10,2141
STN,pass,2018-01-02,2026-07-10,2141
STNE,pass,2018-10-25,2026-07-10,1935
STNG,pass,2018-01-02,2026-07-10,2141
STOK,pass,2019-06-19,2026-07-10,1774
STRA,pass,2018-01-02,2026-07-10,2141
STRL,pass,2018-01-02,2026-07-10,2141
STRO,pass,2018-09-27,2026-07-10,1955
STRR,pass,2018-01-02,2026-07-10,2141
STRS,pass,2018-01-02,2026-07-10,2141
STRT,pass,2018-01-02,2026-07-10,2141
STRW,pass,2023-02-22,2026-07-10,848
STRZ,pass,2025-05-07,2026-07-10,295
STT,pass,2018-01-02,2026-07-10,2141
STTK,pass,2020-10-09,2026-07-10,1443
STUB,pass,2025-09-17,2026-07-10,204
STVN,pass,2021-07-16,2026-07-10,1251
STWD,pass,2018-01-02,2026-07-10,2141
STX,pass,2018-01-02,2026-07-10,2141
STXS,pass,2018-01-02,2026-07-10,2141
STZ,pass,2018-01-02,2026-07-10,2141
SU,pass,2018-01-02,2026-07-10,2141
SUGP,pass,2024-01-24,2026-07-10,617
SUIG,pass,2018-01-02,2026-07-10,2141
SUJA,pass,2026-05-07,2026-07-10,44
SUMA,pass,2026-04-20,2026-07-10,57
SUNB,pass,2026-03-02,2026-07-10,91
SUNE,pass,2018-01-02,2026-07-10,2141
SUNS,pass,2024-07-09,2026-07-10,503
SUPN,pass,2018-01-02,2026-07-10,2141
SUPX,pass,2024-04-17,2026-07-10,559
SVAC,pass,2025-09-30,2026-07-10,195
SVAQ,pass,2026-02-12,2026-07-10,102
SVCC,pass,2025-03-24,2026-07-10,326
SVCO,pass,2024-05-09,2026-07-10,543
SVIV,pass,2026-03-02,2026-07-10,91
SVM,pass,2018-01-02,2026-07-10,2141
SVRA,pass,2018-01-02,2026-07-10,2141
SVV,pass,2023-06-29,2026-07-10,760
SW,pass,2018-01-02,2026-07-10,2141
SWAG,pass,2021-11-09,2026-07-10,1170
SWBI,pass,2018-01-02,2026-07-10,2141
SWIM,pass,2021-04-23,2026-07-10,1309
SWK,pass,2018-01-02,2026-07-10,2141
SWKS,pass,2018-01-02,2026-07-10,2141
SWMR,pass,2026-03-17,2026-07-10,80
SWVL,pass,2021-03-15,2026-07-10,1337
SWX,pass,2018-01-02,2026-07-10,2141
SXC,pass,2018-01-02,2026-07-10,2141
SXI,pass,2018-01-02,2026-07-10,2141
SXT,pass,2018-01-02,2026-07-10,2141
SXTC,pass,2019-01-04,2026-07-10,1888
SXTP,pass,2023-07-12,2026-07-10,752
SY,pass,2019-05-02,2026-07-10,1807
SYBT,pass,2018-01-02,2026-07-10,2141
SYF,pass,2018-01-02,2026-07-10,2141
SYK,pass,2018-01-02,2026-07-10,2141
SYM,pass,2021-03-09,2026-07-10,1341
SYNA,pass,2018-01-02,2026-07-10,2141
SYNX,pass,2024-01-12,2026-07-10,624
SYPR,pass,2018-01-02,2026-07-10,2141
SYRE,pass,2018-01-02,2026-07-10,2141
SYY,pass,2018-01-02,2026-07-10,2141
SZZL,pass,2025-05-23,2026-07-10,283
T,pass,2018-01-02,2026-07-10,2141
TAC,pass,2018-01-02,2026-07-10,2141
TACH,pass,2025-06-02,2026-07-10,278
TACO,pass,2025-06-05,2026-07-10,275
TACT,pass,2018-01-02,2026-07-10,2141
TALK,pass,2020-07-30,2026-07-10,1493
TALO,pass,2018-05-10,2026-07-10,2052
TAOP,pass,2018-01-02,2026-07-10,2141
TAOX,pass,2020-12-08,2026-07-10,1402
TAP,pass,2018-01-02,2026-07-10,2141
TAP.A,pass,2018-01-02,2026-07-10,2141
TARA,pass,2018-01-02,2026-07-10,2141
TARS,pass,2020-10-16,2026-07-10,1438
TASK,pass,2021-06-11,2026-07-10,1275
TATT,pass,2018-01-02,2026-07-10,2141
TAVI,pass,2024-12-20,2026-07-10,387
TAYD,pass,2018-01-02,2026-07-10,2141
TBBB,pass,2024-02-09,2026-07-10,605
TBBK,pass,2018-01-02,2026-07-10,2141
TBCH,pass,2018-01-02,2026-07-10,2141
TBI,pass,2018-01-02,2026-07-10,2141
TBLA,pass,2021-06-30,2026-07-10,1262
TBN,pass,2024-06-27,2026-07-10,510
TBPH,pass,2018-01-02,2026-07-10,2141
TCBI,pass,2018-01-02,2026-07-10,2141
TCBK,pass,2018-01-02,2026-07-10,2141
TCBX,pass,2021-11-09,2026-07-10,1170
TCI,pass,2018-01-02,2026-07-10,2141
TCMD,pass,2018-01-02,2026-07-10,2141
TCRX,pass,2021-07-16,2026-07-10,1251
TCX,pass,2018-01-02,2026-07-10,2141
TD,pass,2018-01-02,2026-07-10,2141
TDAC,pass,2025-02-13,2026-07-10,352
TDAY,pass,2018-01-02,2026-07-10,2141
TDC,pass,2018-01-02,2026-07-10,2141
TDG,pass,2018-01-02,2026-07-10,2141
TDIC,pass,2025-07-23,2026-07-10,243
TDOC,pass,2018-01-02,2026-07-10,2141
TDS,pass,2018-01-02,2026-07-10,2141
TDUP,pass,2021-03-26,2026-07-10,1328
TDW,pass,2018-01-02,2026-07-10,2141
TDWD,pass,2025-12-08,2026-07-10,147
TDY,pass,2018-01-02,2026-07-10,2141
TE,pass,2020-01-10,2026-07-10,1632
TEAD,pass,2021-07-23,2026-07-10,1246
TEAM,pass,2018-01-02,2026-07-10,2141
TECH,pass,2018-01-02,2026-07-10,2141
TECK,pass,2018-01-02,2026-07-10,2141
TECX,pass,2018-06-21,2026-07-10,2023
TEL,pass,2018-01-02,2026-07-10,2141
TELO,pass,2024-02-09,2026-07-10,605
TEM,pass,2024-06-14,2026-07-10,518
TEN,pass,2018-01-02,2026-07-10,2141
TENB,pass,2018-07-26,2026-07-10,1999
TENX,pass,2018-01-02,2026-07-10,2141
TEO,pass,2018-01-02,2026-07-10,2141
TER,pass,2018-01-02,2026-07-10,2141
TEX,pass,2018-01-02,2026-07-10,2141
TFC,pass,2018-01-02,2026-07-10,2141
TFII,pass,2018-01-02,2026-07-10,2141
TFIN,pass,2018-01-02,2026-07-10,2141
TFPM,pass,2022-08-30,2026-07-10,968
TFSL,pass,2018-01-02,2026-07-10,2141
TFX,pass,2018-01-02,2026-07-10,2141
TG,pass,2018-01-02,2026-07-10,2141
TGB,pass,2018-01-02,2026-07-10,2141
TGE,pass,2025-06-05,2026-07-10,275
TGEN,pass,2018-01-02,2026-07-10,2141
TGL,pass,2022-08-11,2026-07-10,981
TGLS,pass,2018-01-02,2026-07-10,2141
TGS,pass,2018-01-02,2026-07-10,2141
TGT,pass,2018-01-02,2026-07-10,2141
TGTX,pass,2018-01-02,2026-07-10,2141
TH,pass,2018-03-12,2026-07-10,2094
THC,pass,2018-01-02,2026-07-10,2141
THCH,pass,2021-03-11,2026-07-10,1339
THFF,pass,2018-01-02,2026-07-10,2141
THG,pass,2018-01-02,2026-07-10,2141
THM,pass,2018-01-02,2026-07-10,2141
THO,pass,2018-01-02,2026-07-10,2141
THRM,pass,2018-01-02,2026-07-10,2141
THRY,pass,2018-04-18,2026-07-10,2068
TIC,pass,2025-02-18,2026-07-10,350
TIGO,pass,2019-01-09,2026-07-10,1885
TII,pass,2021-01-08,2026-07-10,1381
TIL,pass,2021-03-19,2026-07-10,1333
TILE,pass,2018-01-02,2026-07-10,2141
TIPT,pass,2018-01-02,2026-07-10,2141
TISI,pass,2018-01-02,2026-07-10,2141
TITN,pass,2018-01-02,2026-07-10,2141
TJGC,pass,2025-01-22,2026-07-10,368
TJX,pass,2018-01-02,2026-07-10,2141
TK,pass,2018-01-02,2026-07-10,2141
TKC,pass,2018-01-02,2026-07-10,2141
TKNO,pass,2021-06-25,2026-07-10,1265
TKO,pass,2018-01-02,2026-07-10,2141
TKR,pass,2018-01-02,2026-07-10,2141
TLF,pass,2018-01-02,2026-07-10,2141
TLIH,pass,2025-07-08,2026-07-10,254
TLK,pass,2018-01-02,2026-07-10,2141
TLN,pass,2023-06-02,2026-07-10,778
TLNC,pass,2025-10-08,2026-07-10,189
TLPH,pass,2018-01-02,2026-07-10,2141
TLRY,pass,2018-07-19,2026-07-10,2004
TLS,pass,2020-11-19,2026-07-10,1414
TLSA,pass,2018-11-20,2026-07-10,1917
TLSI,pass,2021-02-08,2026-07-10,1361
TLYS,pass,2018-01-02,2026-07-10,2141
TM,pass,2018-01-02,2026-07-10,2141
TMC,pass,2021-09-10,2026-07-10,1212
TMCI,pass,2021-04-23,2026-07-10,1309
TMCR,pass,2026-04-08,2026-07-10,65
TMDE,pass,2025-04-21,2026-07-10,307
TMDX,pass,2019-05-02,2026-07-10,1807
TMHC,pass,2018-01-02,2026-07-10,2141
TMO,pass,2018-01-02,2026-07-10,2141
TMP,pass,2018-01-02,2026-07-10,2141
TMQ,pass,2018-01-02,2026-07-10,2141
TMS,pass,2025-04-21,2026-07-10,307
TMTS,pass,2026-04-02,2026-07-10,68
TMUS,pass,2018-01-02,2026-07-10,2141
TNC,pass,2018-01-02,2026-07-10,2141
TNDM,pass,2018-01-02,2026-07-10,2141
TNET,pass,2018-01-02,2026-07-10,2141
TNGX,pass,2020-09-03,2026-07-10,1468
TNK,pass,2018-01-02,2026-07-10,2141
TNL,pass,2018-01-02,2026-07-10,2141
TNXP,pass,2018-01-02,2026-07-10,2141
TOI,pass,2020-06-04,2026-07-10,1532
TOL,pass,2018-01-02,2026-07-10,2141
TONX,pass,2018-01-02,2026-07-10,2141
TOON,pass,2018-01-02,2026-07-10,2141
TOP,pass,2022-06-01,2026-07-10,1030
TOPP,pass,2025-01-22,2026-07-10,368
TOPS,pass,2018-01-02,2026-07-10,2141
TORO,pass,2023-03-03,2026-07-10,841
TOST,pass,2021-09-22,2026-07-10,1204
TOVX,pass,2018-01-02,2026-07-10,2141
TOWN,pass,2018-01-02,2026-07-10,2141
TOYO,pass,2022-03-17,2026-07-10,1082
TPB,pass,2018-01-02,2026-07-10,2141
TPC,pass,2018-01-02,2026-07-10,2141
TPCS,pass,2018-01-02,2026-07-10,2141
TPET,pass,2023-04-18,2026-07-10,810
TPG,pass,2022-01-13,2026-07-10,1125
TPL,pass,2018-01-02,2026-07-10,2141
TPR,pass,2018-01-02,2026-07-10,2141
TPVG,pass,2018-01-02,2026-07-10,2141
TR,pass,2018-01-02,2026-07-10,2141
TRAD,pass,2026-04-20,2026-07-10,57
TRAK,pass,2018-01-02,2026-07-10,2141
TRAW,pass,2018-01-02,2026-07-10,2141
TRAX,pass,2026-04-06,2026-07-10,67
TRC,pass,2018-01-02,2026-07-10,2141
TRDA,pass,2021-10-29,2026-07-10,1177
TREE,pass,2018-01-02,2026-07-10,2141
TREX,pass,2018-01-02,2026-07-10,2141
TRGP,pass,2018-01-02,2026-07-10,2141
TRGS,pass,2026-04-20,2026-07-10,57
TRI,pass,2018-01-02,2026-07-10,2141
TRIN,pass,2021-01-29,2026-07-10,1367
TRIP,pass,2018-01-02,2026-07-10,2141
TRLV,pass,2018-09-27,2026-07-10,1955
TRMB,pass,2018-01-02,2026-07-10,2141
TRMD,pass,2018-02-23,2026-07-10,2105
TRMK,pass,2018-01-02,2026-07-10,2141
TRN,pass,2018-01-02,2026-07-10,2141
TRNO,pass,2018-01-02,2026-07-10,2141
TRNR,pass,2023-04-28,2026-07-10,802
TRNS,pass,2018-01-02,2026-07-10,2141
TRON,pass,2023-08-15,2026-07-10,728
TROO,pass,2018-01-02,2026-07-10,2141
TROW,pass,2018-01-02,2026-07-10,2141
TROX,pass,2018-01-02,2026-07-10,2141
TRP,pass,2018-01-02,2026-07-10,2141
TRS,pass,2018-01-02,2026-07-10,2141
TRSG,pass,2024-04-19,2026-07-10,557
TRST,pass,2018-01-02,2026-07-10,2141
TRT,pass,2018-01-02,2026-07-10,2141
TRTX,pass,2018-01-02,2026-07-10,2141
TRU,pass,2018-01-02,2026-07-10,2141
TRUG,pass,2021-12-02,2026-07-10,1154
TRUP,pass,2018-01-02,2026-07-10,2141
TRV,pass,2018-01-02,2026-07-10,2141
TRVI,pass,2019-05-07,2026-07-10,1804
TRX,pass,2018-01-02,2026-07-10,2141
TSAT,pass,2018-01-02,2026-07-10,2141
TSBK,pass,2018-01-02,2026-07-10,2141
TSCO,pass,2018-01-02,2026-07-10,2141
TSEM,pass,2018-01-02,2026-07-10,2141
TSHA,pass,2020-09-24,2026-07-10,1454
TSLA,pass,2018-01-02,2026-07-10,2141
TSLX,pass,2018-01-02,2026-07-10,2141
TSM,pass,2018-01-02,2026-07-10,2141
TSN,pass,2018-01-02,2026-07-10,2141
TSQ,pass,2018-01-02,2026-07-10,2141
TSSI,pass,2018-01-02,2026-07-10,2141
TT,pass,2018-01-02,2026-07-10,2141
TTAM,pass,2025-02-07,2026-07-10,356
TTAN,pass,2024-12-12,2026-07-10,393
TTC,pass,2018-01-02,2026-07-10,2141
TTE,pass,2018-01-02,2026-07-10,2141
TTEC,pass,2018-01-02,2026-07-10,2141
TTEK,pass,2018-01-02,2026-07-10,2141
TTGT,pass,2018-01-02,2026-07-10,2141
TTI,pass,2018-01-02,2026-07-10,2141
TTMI,pass,2018-01-02,2026-07-10,2141
TTRX,pass,2025-10-08,2026-07-10,189
TTWO,pass,2018-01-02,2026-07-10,2141
TU,pass,2018-01-02,2026-07-10,2141
TULP,pass,2018-01-02,2026-07-10,2141
TUSK,pass,2018-01-02,2026-07-10,2141
TV,pass,2018-01-02,2026-07-10,2141
TVA,pass,2025-05-16,2026-07-10,288
TVAI,pass,2025-07-02,2026-07-10,257
TVC,pass,2018-01-02,2026-07-10,2141
TVE,pass,2018-01-02,2026-07-10,2141
TVRD,pass,2018-01-02,2026-07-10,2141
TVTX,pass,2018-01-02,2026-07-10,2141
TW,pass,2019-04-04,2026-07-10,1826
TWAV,pass,2018-01-02,2026-07-10,2141
TWFG,pass,2024-07-18,2026-07-10,496
TWG,pass,2024-04-17,2026-07-10,559
TWI,pass,2018-01-02,2026-07-10,2141
TWIN,pass,2018-01-02,2026-07-10,2141
TWLO,pass,2018-01-02,2026-07-10,2141
TWLV,pass,2026-01-09,2026-07-10,125
TWO,pass,2018-01-02,2026-07-10,2141
TWST,pass,2018-10-31,2026-07-10,1931
TXG,pass,2019-09-12,2026-07-10,1715
TXMD,pass,2018-01-02,2026-07-10,2141
TXN,pass,2018-01-02,2026-07-10,2141
TXNM,pass,2018-01-02,2026-07-10,2141
TXRH,pass,2018-01-02,2026-07-10,2141
TXT,pass,2018-01-02,2026-07-10,2141
TY,pass,2018-01-02,2026-07-10,2141
TYG,pass,2018-01-02,2026-07-10,2141
TYGO,pass,2021-09-03,2026-07-10,1216
TYL,pass,2018-01-02,2026-07-10,2141
TYRA,pass,2021-09-15,2026-07-10,1209
TZOO,pass,2018-01-02,2026-07-10,2141
UA,pass,2018-01-02,2026-07-10,2141
UAA,pass,2018-01-02,2026-07-10,2141
UAVS,pass,2018-01-02,2026-07-10,2141
UBER,pass,2019-05-10,2026-07-10,1801
UBS,pass,2018-01-02,2026-07-10,2141
UBXG,pass,2024-03-28,2026-07-10,572
UCAR,pass,2023-04-20,2026-07-10,808
UCFI,pass,2024-02-16,2026-07-10,600
UCTT,pass,2018-01-02,2026-07-10,2141
UDR,pass,2018-01-02,2026-07-10,2141
UEC,pass,2018-01-02,2026-07-10,2141
UEIC,pass,2018-01-02,2026-07-10,2141
UFG,pass,2025-01-14,2026-07-10,373
UFI,pass,2018-01-02,2026-07-10,2141
UFPI,pass,2018-01-02,2026-07-10,2141
UFPT,pass,2018-01-02,2026-07-10,2141
UGI,pass,2018-01-02,2026-07-10,2141
UHAL,pass,2018-01-02,2026-07-10,2141
UHAL.B,pass,2022-11-10,2026-07-10,917
UHS,pass,2018-01-02,2026-07-10,2141
UHT,pass,2018-01-02,2026-07-10,2141
UI,pass,2018-01-02,2026-07-10,2141
UIS,pass,2018-01-02,2026-07-10,2141
UK,pass,2019-11-07,2026-07-10,1675
ULBI,pass,2018-01-02,2026-07-10,2141
ULCC,pass,2021-04-01,2026-07-10,1324
ULH,pass,2018-01-02,2026-07-10,2141
ULS,pass,2024-04-12,2026-07-10,562
ULTA,pass,2018-01-02,2026-07-10,2141
UMAC,pass,2024-02-14,2026-07-10,602
UMBF,pass,2018-01-02,2026-07-10,2141
UMH,pass,2018-01-02,2026-07-10,2141
UNB,pass,2018-01-02,2026-07-10,2141
UNCY,pass,2021-07-12,2026-07-10,1255
UNF,pass,2018-01-02,2026-07-10,2141
UNM,pass,2018-01-02,2026-07-10,2141
UNP,pass,2018-01-02,2026-07-10,2141
UONE,pass,2018-01-02,2026-07-10,2141
UONEK,pass,2018-01-02,2026-07-10,2141
UP,pass,2020-11-18,2026-07-10,1415
UPB,pass,2024-10-11,2026-07-10,436
UPBD,pass,2018-01-02,2026-07-10,2141
UPC,pass,2021-03-23,2026-07-10,1331
UPLD,pass,2018-01-02,2026-07-10,2141
UPST,pass,2020-12-16,2026-07-10,1396
UPWK,pass,2018-10-03,2026-07-10,1951
URBN,pass,2018-01-02,2026-07-10,2141
URG,pass,2018-01-02,2026-07-10,2141
URGN,pass,2018-01-02,2026-07-10,2141
UROY,pass,2021-04-28,2026-07-10,1306
USAR,pass,2023-07-17,2026-07-10,749
USAS,pass,2018-01-02,2026-07-10,2141
USAU,pass,2018-01-02,2026-07-10,2141
USB,pass,2018-01-02,2026-07-10,2141
USBC,pass,2018-01-02,2026-07-10,2140
USCB,pass,2021-07-23,2026-07-10,1246
USDE,pass,2026-06-26,2026-07-10,10
USFD,pass,2018-01-02,2026-07-10,2141
USGO,pass,2023-04-20,2026-07-10,808
USIO,pass,2018-01-02,2026-07-10,2141
USNA,pass,2018-01-02,2026-07-10,2141
USPH,pass,2018-01-02,2026-07-10,2141
UTI,pass,2018-01-02,2026-07-10,2141
UTMD,pass,2018-01-02,2026-07-10,2141
UTSI,pass,2018-01-02,2026-07-10,2141
UTZ,pass,2018-11-26,2026-07-10,1914
UUU,pass,2018-01-02,2026-07-10,2141
UUUU,pass,2018-01-02,2026-07-10,2141
UVE,pass,2018-01-02,2026-07-10,2141
UVSP,pass,2018-01-02,2026-07-10,2141
UVV,pass,2018-01-02,2026-07-10,2141
UWMC,pass,2020-05-01,2026-07-10,1555
UYSC,pass,2025-05-27,2026-07-10,282
V,pass,2018-01-02,2026-07-10,2141
VABK,pass,2018-01-02,2026-07-10,2141
VAC,pass,2018-01-02,2026-07-10,2141
VACI,pass,2025-11-20,2026-07-10,158
VAL,pass,2021-05-03,2026-07-10,1303
VALU,pass,2018-01-02,2026-07-10,2141
VANI,pass,2018-01-02,2026-07-10,2141
VATE,pass,2020-05-14,2026-07-10,1546
VBNK,pass,2021-08-27,2026-07-10,1221
VC,pass,2018-01-02,2026-07-10,2141
VCEL,pass,2018-01-02,2026-07-10,2141
VCTR,pass,2018-02-08,2026-07-10,2115
VCV,pass,2018-01-02,2026-07-10,2141
VCYT,pass,2018-01-02,2026-07-10,2141
VECA,pass,2026-05-19,2026-07-10,36
VECO,pass,2018-01-02,2026-07-10,2141
VEEE,pass,2021-07-21,2026-07-10,1248
VEEV,pass,2018-01-02,2026-07-10,2141
VEL,pass,2020-01-17,2026-07-10,1627
VELO,pass,2021-01-25,2026-07-10,1371
VENU,pass,2024-11-27,2026-07-10,403
VERA,pass,2021-05-14,2026-07-10,1294
VERI,pass,2018-01-02,2026-07-10,2141
VERU,pass,2018-01-02,2026-07-10,2141
VERX,pass,2020-07-29,2026-07-10,1494
VET,pass,2018-01-02,2026-07-10,2141
VFC,pass,2018-01-02,2026-07-10,2141
VFF,pass,2019-02-21,2026-07-10,1856
VFS,pass,2021-09-07,2026-07-10,1215
VG,pass,2025-01-24,2026-07-10,366
VGAS,pass,2021-10-04,2026-07-10,1196
VGM,pass,2018-01-02,2026-07-10,2141
VGNT,pass,2026-03-27,2026-07-10,72
VGZ,pass,2018-01-02,2026-07-10,2141
VHC,pass,2018-01-02,2026-07-10,2141
VHCP,pass,2026-02-09,2026-07-10,105
VHI,pass,2018-01-02,2026-07-10,2141
VHUB,pass,2026-01-30,2026-07-10,111
VIA,pass,2025-09-12,2026-07-10,207
VIAV,pass,2018-01-02,2026-07-10,2141
VICI,pass,2018-01-02,2026-07-10,2141
VICR,pass,2018-01-02,2026-07-10,2141
VIDA,pass,2026-05-15,2026-07-10,38
VIK,pass,2024-05-01,2026-07-10,549
VINP,pass,2021-01-28,2026-07-10,1368
VIR,pass,2019-10-11,2026-07-10,1694
VIRC,pass,2018-01-02,2026-07-10,2141
VIRT,pass,2018-01-02,2026-07-10,2141
VISN,pass,2018-01-02,2026-07-10,2141
VITL,pass,2020-07-31,2026-07-10,1492
VIVK,pass,2018-01-02,2026-07-10,2141
VIVO,pass,2018-01-02,2026-07-10,2141
VIVS,pass,2018-01-02,2026-07-10,2141
VKQ,pass,2018-01-02,2026-07-10,2141
VKTX,pass,2018-01-02,2026-07-10,2141
VLGEA,pass,2018-01-02,2026-07-10,2141
VLN,pass,2021-09-30,2026-07-10,1198
VLO,pass,2018-01-02,2026-07-10,2141
VLT,pass,2018-01-02,2026-07-10,2141
VLTO,pass,2023-10-04,2026-07-10,693
VLY,pass,2018-01-02,2026-07-10,2141
VMAR,pass,2020-11-24,2026-07-10,1411
VMC,pass,2018-01-02,2026-07-10,2141
VMD,pass,2019-08-09,2026-07-10,1738
VMET,pass,2026-03-02,2026-07-10,91
VMI,pass,2018-01-02,2026-07-10,2141
VNCE,pass,2018-01-02,2026-07-10,2141
VNDA,pass,2018-01-02,2026-07-10,2141
VNME,pass,2025-08-22,2026-07-10,221
VNO,pass,2018-01-02,2026-07-10,2141
VNOM,pass,2018-01-02,2026-07-10,2141
VNRX,pass,2018-01-02,2026-07-10,2141
VNT,pass,2020-09-24,2026-07-10,1454
VNTG,pass,2025-06-11,2026-07-10,271
VOR,pass,2021-02-05,2026-07-10,1362
VOXR,pass,2020-08-04,2026-07-10,1490
VOYA,pass,2018-01-02,2026-07-10,2141
VOYG,pass,2025-06-11,2026-07-10,271
VPG,pass,2018-01-02,2026-07-10,2141
VPV,pass,2018-01-02,2026-07-10,2141
VRA,pass,2018-01-02,2026-07-10,2141
VRCA,pass,2018-06-15,2026-07-10,2027
VRDN,pass,2018-01-02,2026-07-10,2141
VREX,pass,2018-01-02,2026-07-10,2141
VRM,pass,2025-02-20,2026-07-10,348
VRNS,pass,2018-01-02,2026-07-10,2141
VRRM,pass,2018-01-02,2026-07-10,2141
VRSK,pass,2018-01-02,2026-07-10,2141
VRSN,pass,2018-01-02,2026-07-10,2141
VRT,pass,2018-08-02,2026-07-10,1994
VRTS,pass,2018-01-02,2026-07-10,2141
VRTX,pass,2018-01-02,2026-07-10,2141
VRXA,pass,2024-09-30,2026-07-10,445
VSAT,pass,2018-01-02,2026-07-10,2141
VSEC,pass,2018-01-02,2026-07-10,2141
VSH,pass,2018-01-02,2026-07-10,2141
VSME,pass,2023-09-27,2026-07-10,698
VSNT,pass,2025-12-15,2026-07-10,142
VST,pass,2018-01-02,2026-07-10,2141
VSTM,pass,2018-01-02,2026-07-10,2141
VSTS,pass,2023-09-27,2026-07-10,698
VSXY,pass,2021-07-21,2026-07-10,1248
VTAK,pass,2018-09-27,2026-07-10,1955
VTEX,pass,2021-07-21,2026-07-10,1248
VTIX,pass,2026-01-27,2026-07-10,114
VTN,pass,2018-01-02,2026-07-10,2141
VTOL,pass,2018-01-02,2026-07-10,2141
VTR,pass,2018-01-02,2026-07-10,2141
VTRS,pass,2018-01-02,2026-07-10,2141
VTS,pass,2023-01-10,2026-07-10,877
VTSI,pass,2018-01-02,2026-07-10,2141
VTVT,pass,2018-01-02,2026-07-10,2141
VUZI,pass,2018-01-02,2026-07-10,2141
VVR,pass,2018-01-02,2026-07-10,2141
VVV,pass,2018-01-02,2026-07-10,2141
VVX,pass,2018-01-02,2026-07-10,2141
VWAV,pass,2025-07-15,2026-07-10,249
VYGR,pass,2018-01-02,2026-07-10,2141
VYX,pass,2018-01-02,2026-07-10,2141
VZ,pass,2018-01-02,2026-07-10,2141
VZLA,pass,2022-01-21,2026-07-10,1120
W,pass,2018-01-02,2026-07-10,2141
WAB,pass,2018-01-02,2026-07-10,2141
WABC,pass,2018-01-02,2026-07-10,2141
WAFD,pass,2018-01-02,2026-07-10,2141
WAFU,pass,2019-04-30,2026-07-10,1809
WAI,pass,2023-04-18,2026-07-10,810
WAL,pass,2018-01-02,2026-07-10,2141
WALD,pass,2021-05-12,2026-07-10,1296
WASH,pass,2018-01-02,2026-07-10,2141
WAT,pass,2018-01-02,2026-07-10,2141
WATT,pass,2018-01-02,2026-07-10,2141
WAY,pass,2024-06-07,2026-07-10,523
WBD,pass,2018-01-02,2026-07-10,2141
WBI,pass,2025-09-17,2026-07-10,204
WBS,pass,2018-01-02,2026-07-10,2141
WBTN,pass,2024-06-27,2026-07-10,510
WBUY,pass,2023-10-19,2026-07-10,682
WBX,pass,2021-04-19,2026-07-10,1313
WCC,pass,2018-01-02,2026-07-10,2141
WCN,pass,2018-01-02,2026-07-10,2141
WCT,pass,2024-10-02,2026-07-10,443
WD,pass,2018-01-02,2026-07-10,2141
WDAY,pass,2018-01-02,2026-07-10,2141
WDC,pass,2018-01-02,2026-07-10,2141
WDFC,pass,2018-01-02,2026-07-10,2141
WEAV,pass,2021-11-11,2026-07-10,1168
WEC,pass,2018-01-02,2026-07-10,2141
WELL,pass,2018-01-02,2026-07-10,2141
WEN,pass,2018-01-02,2026-07-10,2141
WENC,pass,2026-05-13,2026-07-10,40
WENN,pass,2025-07-07,2026-07-10,255
WERN,pass,2018-01-02,2026-07-10,2141
WEST,pass,2021-10-20,2026-07-10,1184
WETH,pass,2024-02-21,2026-07-10,598
WETO,pass,2025-02-27,2026-07-10,343
WEX,pass,2018-01-02,2026-07-10,2141
WEYS,pass,2018-01-02,2026-07-10,2141
WFC,pass,2018-01-02,2026-07-10,2141
WFCF,pass,2018-01-02,2026-07-10,2141
WFF,pass,2025-03-27,2026-07-10,323
WFG,pass,2018-01-02,2026-07-10,2141
WFRD,pass,2021-01-04,2026-07-10,1385
WGO,pass,2018-01-02,2026-07-10,2141
WGS,pass,2020-11-04,2026-07-10,1425
WH,pass,2018-05-21,2026-07-10,2045
WHD,pass,2018-02-08,2026-07-10,2115
WHG,pass,2018-01-02,2026-07-10,2141
WHK,pass,2026-06-09,2026-07-10,22
WHLR,pass,2018-01-02,2026-07-10,2141
WHR,pass,2018-01-02,2026-07-10,2141
WHWK,pass,2018-02-16,2026-07-10,2109
WILC,pass,2018-01-02,2026-07-10,2141
WIMI,pass,2020-04-01,2026-07-10,1576
WINA,pass,2018-01-02,2026-07-10,2141
WING,pass,2018-01-02,2026-07-10,2141
WIT,pass,2018-01-02,2026-07-10,2141
WIX,pass,2018-01-02,2026-07-10,2141
WK,pass,2018-01-02,2026-07-10,2141
WKC,pass,2018-01-02,2026-07-10,2141
WKHS,pass,2018-01-02,2026-07-10,2141
WKSP,pass,2018-01-02,2026-07-10,2141
WLDN,pass,2018-01-02,2026-07-10,2141
WLDS,pass,2022-09-13,2026-07-10,959
WLFC,pass,2018-01-02,2026-07-10,2141
WLII,pass,2026-04-06,2026-07-10,67
WLK,pass,2018-01-02,2026-07-10,2141
WLTH,pass,2025-12-15,2026-07-10,142
WLY,pass,2018-01-02,2026-07-10,2141
WLYB,pass,2018-01-02,2026-07-10,2141
WM,pass,2018-01-02,2026-07-10,2141
WMB,pass,2018-01-02,2026-07-10,2141
WMG,pass,2020-06-03,2026-07-10,1533
WMK,pass,2018-01-02,2026-07-10,2141
WMS,pass,2018-01-02,2026-07-10,2141
WMT,pass,2018-01-02,2026-07-10,2141
WNC,pass,2018-01-02,2026-07-10,2141
WNEB,pass,2018-01-02,2026-07-10,2141
WNW,pass,2020-12-15,2026-07-10,1397
WOK,pass,2024-08-23,2026-07-10,470
WOLF,pass,2025-09-29,2026-07-10,196
WOOF,pass,2021-01-14,2026-07-10,1377
WOR,pass,2018-01-02,2026-07-10,2141
WPAC,pass,2026-02-24,2026-07-10,95
WPC,pass,2018-01-02,2026-07-10,2141
WPM,pass,2018-01-02,2026-07-10,2141
WPRT,pass,2018-01-02,2026-07-10,2141
WRAP,pass,2018-05-29,2026-07-10,2040
WRB,pass,2018-01-02,2026-07-10,2141
WRBY,pass,2021-09-29,2026-07-10,1199
WRLD,pass,2018-01-02,2026-07-10,2141
WRN,pass,2018-01-02,2026-07-10,2141
WS,pass,2023-11-28,2026-07-10,655
WSBC,pass,2018-01-02,2026-07-10,2141
WSBF,pass,2018-01-02,2026-07-10,2141
WSBK,pass,2025-05-02,2026-07-10,298
WSC,pass,2018-01-02,2026-07-10,2141
WSE,pass,2026-05-11,2026-07-10,42
WSFS,pass,2018-01-02,2026-07-10,2141
WSHP,pass,2025-11-14,2026-07-10,162
WSM,pass,2018-01-02,2026-07-10,2141
WSO,pass,2018-01-02,2026-07-10,2141
WSO.B,pass,2018-01-02,2026-07-10,2141
WSR,pass,2018-01-02,2026-07-10,2141
WST,pass,2018-01-02,2026-07-10,2141
WSTN,pass,2025-12-31,2026-07-10,131
WT,pass,2018-01-02,2026-07-10,2141
WTBA,pass,2018-01-02,2026-07-10,2141
WTF,pass,2025-04-01,2026-07-10,320
WTFC,pass,2018-01-02,2026-07-10,2141
WTG,pass,2025-07-21,2026-07-10,245
WTI,pass,2018-01-02,2026-07-10,2141
WTM,pass,2018-01-02,2026-07-10,2141
WTRG,pass,2018-01-02,2026-07-10,2141
WTS,pass,2018-01-02,2026-07-10,2141
WTTR,pass,2018-01-02,2026-07-10,2141
WTW,pass,2018-01-02,2026-07-10,2141
WU,pass,2018-01-02,2026-07-10,2141
WULF,pass,2018-01-02,2026-07-10,2141
WVE,pass,2018-01-02,2026-07-10,2141
WVVI,pass,2018-01-02,2026-07-10,2141
WW,pass,2025-06-27,2026-07-10,260
WWD,pass,2018-01-02,2026-07-10,2141
WWR,pass,2018-01-02,2026-07-10,2141
WWW,pass,2018-01-02,2026-07-10,2141
WXM,pass,2025-04-01,2026-07-10,320
WY,pass,2018-01-02,2026-07-10,2141
WYFI,pass,2025-08-07,2026-07-10,232
WYNN,pass,2018-01-02,2026-07-10,2141
WYY,pass,2018-01-02,2026-07-10,2141
XBIO,pass,2018-01-02,2026-07-10,2141
XBIT,pass,2018-01-02,2026-07-10,2141
XBP,pass,2021-05-05,2026-07-10,1301
XCBE,pass,2026-03-13,2026-07-10,82
XE,pass,2026-04-24,2026-07-10,53
XEL,pass,2018-01-02,2026-07-10,2141
XELB,pass,2018-01-02,2026-07-10,2141
XENE,pass,2018-01-02,2026-07-10,2141
XERS,pass,2018-06-21,2026-07-10,2023
XFLH,pass,2026-03-09,2026-07-10,86
XFOR,pass,2018-01-02,2026-07-10,2141
XGN,pass,2019-09-19,2026-07-10,1710
XHR,pass,2018-01-02,2026-07-10,2141
XLO,pass,2021-10-22,2026-07-10,1182
XMAX,pass,2018-01-02,2026-07-10,2141
XMTR,pass,2021-06-30,2026-07-10,1262
XNCR,pass,2018-01-02,2026-07-10,2141
XNDU,pass,2026-03-23,2026-07-10,76
XOM,pass,2018-01-02,2026-07-10,2141
XOMA,pass,2018-01-02,2026-07-10,2141
XOS,pass,2020-12-08,2026-07-10,1402
XP,pass,2019-12-11,2026-07-10,1652
XPEL,pass,2019-07-01,2026-07-10,1766
XPER,pass,2022-09-20,2026-07-10,954
XPL,pass,2018-01-02,2026-07-10,2141
XPO,pass,2018-01-02,2026-07-10,2141
XPOF,pass,2021-07-23,2026-07-10,1246
XPRO,pass,2018-01-02,2026-07-10,2141
XRAY,pass,2018-01-02,2026-07-10,2141
XRN,pass,2018-01-02,2026-07-10,2141
XRPN,pass,2025-06-24,2026-07-10,263
XRTX,pass,2021-09-23,2026-07-10,1203
XRX,pass,2018-01-02,2026-07-10,2141
XSLL,pass,2026-03-18,2026-07-10,79
XTIA,pass,2018-01-02,2026-07-10,2141
XTNT,pass,2018-01-02,2026-07-10,2141
XWEL,pass,2018-01-02,2026-07-10,2141
XXI,pass,2024-08-13,2026-07-10,478
XXII,pass,2018-01-02,2026-07-10,2141
XYL,pass,2018-01-02,2026-07-10,2141
XYZ,pass,2018-01-02,2026-07-10,2141
XZO,pass,2025-11-05,2026-07-10,169
YAAS,pass,2024-12-20,2026-07-10,387
YCBD,pass,2018-01-02,2026-07-10,2141
YCY,pass,2025-10-29,2026-07-10,174
YDDL,pass,2025-10-09,2026-07-10,188
YDES,pass,2025-08-26,2026-07-10,219
YDKG,pass,2018-01-02,2026-07-10,2141
YELP,pass,2018-01-02,2026-07-10,2141
YETI,pass,2018-10-25,2026-07-10,1935
YEXT,pass,2018-01-02,2026-07-10,2141
YHC,pass,2023-08-10,2026-07-10,731
YHGJ,pass,2018-01-02,2026-07-10,2141
YIBO,pass,2024-01-25,2026-07-10,616
YJ,pass,2019-05-03,2026-07-10,1806
YORW,pass,2018-01-02,2026-07-10,2141
YOU,pass,2021-06-30,2026-07-10,1262
YPF,pass,2018-01-02,2026-07-10,2141
YSS,pass,2026-01-29,2026-07-10,112
YSWY,pass,2026-04-22,2026-07-10,55
YSXT,pass,2024-12-18,2026-07-10,389
YUM,pass,2018-01-02,2026-07-10,2141
YUMC,pass,2018-01-02,2026-07-10,2141
YYAI,pass,2021-01-08,2026-07-10,1381
YYGH,pass,2024-04-22,2026-07-10,556
Z,pass,2018-01-02,2026-07-10,2141
ZBAO,pass,2024-04-02,2026-07-10,570
ZBH,pass,2018-01-02,2026-07-10,2141
ZBIO,pass,2024-09-13,2026-07-10,456
ZBRA,pass,2018-01-02,2026-07-10,2141
ZCMD,pass,2020-02-25,2026-07-10,1602
ZD,pass,2018-01-02,2026-07-10,2141
ZDAI,pass,2024-07-23,2026-07-10,493
ZDGE,pass,2018-01-02,2026-07-10,2141
ZENA,pass,2024-10-01,2026-07-10,444
ZETA,pass,2021-06-10,2026-07-10,1276
ZG,pass,2018-01-02,2026-07-10,2141
ZGN,pass,2021-12-20,2026-07-10,1142
ZIM,pass,2021-01-28,2026-07-10,1368
ZION,pass,2018-01-02,2026-07-10,2141
ZIP,pass,2021-05-26,2026-07-10,1286
ZJK,pass,2024-09-30,2026-07-10,445
ZJYL,pass,2023-03-28,2026-07-10,824
ZKIN,pass,2018-01-02,2026-07-10,2141
ZKP,pass,2026-02-04,2026-07-10,108
ZM,pass,2019-04-18,2026-07-10,1816
ZNB,pass,2018-01-02,2026-07-10,2141
ZNTL,pass,2020-04-03,2026-07-10,1574
ZONE,pass,2024-04-26,2026-07-10,552
ZOOZ,pass,2024-04-05,2026-07-10,567
ZS,pass,2018-03-16,2026-07-10,2090
ZSQR,pass,2020-12-17,2026-07-10,1395
ZSTK,pass,2021-05-11,2026-07-10,1297
ZTG,pass,2025-09-09,2026-07-10,210
ZTS,pass,2018-01-02,2026-07-10,2141
ZUMZ,pass,2018-01-02,2026-07-10,2141
ZURA,pass,2023-03-21,2026-07-10,829
ZVIA,pass,2021-07-22,2026-07-10,1247
ZVRA,pass,2018-01-02,2026-07-10,2141
ZWS,pass,2018-01-02,2026-07-10,2141
ZYME,pass,2018-01-02,2026-07-10,2141
