model_horizon_days,rebalance_every_days,base_policy,exposure_policy,target_volatility,leverage_cap,period,num_rebalances,annualized_net_return,net_sharpe,net_sortino,max_drawdown,calmar,avg_net_return,avg_realized_return_ic,avg_model_target_ic,avg_turnover,annualized_turnover,return_per_annual_turnover,avg_transaction_cost,avg_financing_cost,avg_exposure,min_exposure,max_exposure,leveraged_period_share,deleveraged_period_share,net_hit_rate
5,5,equal_weight,static_1x,,1.0,overall,276,0.4868837125606149,0.9445171143896424,1.6547892544454263,-0.7683063224514699,0.6337104073373924,0.0116866683210037,0.0028663001197762,0.0028663001197762,1.297826086956522,65.4104347826087,0.0074435174476178,0.0012978260869565,0.0,1.0,1.0,1.0,0.0,0.0,0.5434782608695652
5,5,equal_weight,static_1x,,1.0,2021,51,-0.09684852177655,0.0605282186240108,0.0847556540308117,-0.4201896556184701,-0.2304876392875505,0.0006163422011122,-0.0374512568836774,-0.0374512568836774,1.2078431372549023,60.87529411764707,-0.0015909331228754,0.0012078431372549,0.0,1.0,1.0,1.0,0.0,0.0,0.5686274509803921
5,5,equal_weight,static_1x,,1.0,2022,51,-0.5929222893615879,-0.9314511410724772,-1.6667340747858228,-0.5721542761997556,-1.0362979252724864,-0.0129364426301598,-0.0535004091128171,-0.0535004091128171,1.2235294117647058,61.66588235294117,-0.0096150783340458,0.0012235294117647,0.0,1.0,1.0,1.0,0.0,0.0,0.3725490196078431
5,5,equal_weight,static_1x,,1.0,2023,50,1.5935301066011744,2.0635953814393764,4.562500115291051,-0.4370093013606579,3.646444370038832,0.0217440249867028,0.0351441843403613,0.0351441843403613,1.2240000000000002,61.689600000000006,0.0258314222592004,0.001224,0.0,1.0,1.0,1.0,0.0,0.0,0.58
5,5,equal_weight,static_1x,,1.0,2024,51,1.2712995996654008,1.471745840374736,2.715077445131899,-0.3239977908879428,3.9237909498743777,0.0214674408609268,0.013602488409276,0.013602488409276,1.3647058823529414,68.78117647058825,0.0184832488320263,0.0013647058823529,0.0,1.0,1.0,1.0,0.0,0.0,0.5294117647058824
5,5,equal_weight,static_1x,,1.0,2025,50,1.315175412539375,1.6783543366234028,2.722290142538614,-0.3196439524616783,4.1145011579627795,0.0204642656903433,0.0619212864692231,0.0619212864692231,1.344,67.73759999999999,0.0194157367922597,0.001344,0.0,1.0,1.0,1.0,0.0,0.0,0.62
5,5,equal_weight,static_1x,,1.0,2026,23,2.536560034313159,2.5115747602009506,7.2633948740113325,-0.139008262222601,18.24754869786975,0.0281996330747342,-0.0051028978466451,-0.0051028978466451,1.5739130434782609,79.32521739130435,0.0319767170860752,0.0015739130434782,0.0,1.0,1.0,1.0,0.0,0.0,0.6521739130434783
5,5,equal_weight,legacy_risk_scaled,,1.0,overall,276,0.3347122892096328,0.9742030340080896,1.5856734237652528,-0.542803491711094,0.6166362124062804,0.0070381483664617,0.0028663001197762,0.0028663001197762,0.6994202898550725,35.25078260869566,0.0094951732823958,0.000699420289855,0.0,0.5327898550724639,0.45,1.0,0.0,0.8731884057971014,0.5434782608695652
5,5,equal_weight,legacy_risk_scaled,,1.0,2021,51,-0.2323257455087883,-0.6041923433116555,-0.6203037062687918,-0.3859217497538643,-0.6020022081081531,-0.0040513432873452,-0.0374512568836774,-0.0374512568836774,0.6427450980392158,32.39435294117647,-0.0071717976874135,0.0006427450980392,0.0,0.5362745098039216,0.45,1.0,0.0,0.8431372549019608,0.5686274509803921
5,5,equal_weight,legacy_risk_scaled,,1.0,2022,51,-0.2903140723329307,-0.9314511410724772,-1.6667340747858228,-0.2854635699491564,-1.0169916686204064,-0.0058213991835719,-0.0535004091128171,-0.0535004091128171,0.5505882352941177,27.74964705882353,-0.0104619014331074,0.0005505882352941,0.0,0.45,0.45,0.45,0.0,1.0,0.3725490196078431
5,5,equal_weight,legacy_risk_scaled,,1.0,2023,50,0.7804631195044163,2.246505305086025,5.763941650485479,-0.2221129501969526,3.513811863794352,0.0122205116039034,0.0351441843403613,0.0351441843403613,0.5976,30.11904,0.0259126160563024,0.0005976,0.0,0.486,0.45,0.75,0.0,1.0,0.58
5,5,equal_weight,legacy_risk_scaled,,1.0,2024,51,1.0019916045345476,1.6036121063611706,3.071976127809364,-0.1688316996047406,5.934854691863876,0.0163319447258547,0.013602488409276,0.013602488409276,0.879607843137255,44.33223529411765,0.0226018741867387,0.0008796078431372,0.0,0.6352941176470588,0.45,1.0,0.0,0.7058823529411765,0.5294117647058824
5,5,equal_weight,legacy_risk_scaled,,1.0,2025,50,0.9146178577348928,1.9953962218635992,3.5111431851568784,-0.2045906676007399,4.470476920871951,0.0142043570324589,0.0619212864692231,0.0619212864692231,0.8230000000000001,41.4792,0.0220500361080949,0.000823,0.0,0.5940000000000001,0.45,1.0,0.0,0.76,0.62
5,5,equal_weight,legacy_risk_scaled,,1.0,2026,23,0.8330965959698919,2.5115747602009515,7.2633948740113325,-0.0640486151757304,13.00725384435122,0.0126898348836303,-0.0051028978466451,-0.0051028978466451,0.7082608695652175,35.69634782608696,0.0233384266656283,0.0007082608695652,0.0,0.4499999999999998,0.45,0.45,0.0,1.0,0.6521739130434783
5,5,equal_weight,vol_target_20pct_max_1p25,0.2,1.25,overall,276,0.3103792987986331,1.00718006113936,1.8014847023199017,-0.4839154841891866,0.6413915424067944,0.0063688495436282,0.0028663001197762,0.0028663001197762,0.6653918119769496,33.53574732363826,0.009255177640841,0.0006653918119769,0.0,0.5111426687070885,0.5,1.0,0.0,0.9782608695652174,0.5434782608695652
5,5,equal_weight,vol_target_20pct_max_1p25,0.2,1.25,2021,51,0.1279783304181156,0.5471750749598715,0.9072700696093882,-0.2394000638108163,0.534579349649837,0.003259588363274,-0.0374512568836774,-0.0374512568836774,0.6911497229937441,34.833946038884704,0.0036739544315552,0.0006911497229937,0.0,0.5593003516929504,0.5,1.0,0.0,0.8823529411764706,0.5686274509803921
5,5,equal_weight,vol_target_20pct_max_1p25,0.2,1.25,2022,51,-0.3210305090112845,-0.9314511410724772,-1.6667340747858228,-0.3148120387391595,-1.0197529621072634,-0.0064682213150799,-0.0535004091128171,-0.0535004091128171,0.6117647058823529,30.832941176470584,-0.0104119327174752,0.0006117647058823,0.0,0.5,0.5,0.5,0.0,1.0,0.3725490196078431
5,5,equal_weight,vol_target_20pct_max_1p25,0.2,1.25,2023,50,0.6576618720291496,2.02836273023887,4.305178888604348,-0.2486612706812099,2.6448102280965533,0.0107624118002364,0.0351441843403613,0.0351441843403613,0.6139900846591427,30.94510026682079,0.0212525364713163,0.0006139900846591,0.0,0.5010211725363188,0.5,0.5365303501867692,0.0,1.0,0.58
5,5,equal_weight,vol_target_20pct_max_1p25,0.2,1.25,2024,51,0.6064702920693135,1.471745840374736,2.715077445131899,-0.1713248318839443,3.5398855227252595,0.0107337204304634,0.013602488409276,0.013602488409276,0.6823529411764707,34.390588235294125,0.0176347751867445,0.0006823529411764,0.0,0.5,0.5,0.5,0.0,1.0,0.5294117647058824
5,5,equal_weight,vol_target_20pct_max_1p25,0.2,1.25,2025,50,0.5958222350102409,1.6783543366234028,2.722290142538614,-0.1661146997866087,3.586812219361894,0.0102321328451716,0.0619212864692231,0.0619212864692231,0.6719999999999999,33.86879999999999,0.0175920680688492,0.000672,0.0,0.5,0.5,0.5,0.0,1.0,0.62
5,5,equal_weight,vol_target_20pct_max_1p25,0.2,1.25,2026,23,0.9530380119489056,2.5115747602009506,7.2633948740113325,-0.0710134451551444,13.420529166931496,0.0140998165373671,-0.0051028978466451,-0.0051028978466451,0.7869565217391304,39.662608695652175,0.0240286265399728,0.0007869565217391,0.0,0.5,0.5,0.5,0.0,1.0,0.6521739130434783
5,5,equal_weight,regime_dd_vol_target_20pct_max_1p25,0.2,1.25,overall,276,0.2874746245760808,0.9622729044266222,1.6916719529777804,-0.4839154841891869,0.5940595702527521,0.0059878975082012,0.0028663001197762,0.0028663001197762,0.6542217889823448,32.97277816471018,0.0087185442227539,0.0006542217889823,0.0,0.5035286717025397,0.5,0.65,0.0,1.0,0.5434782608695652
5,5,equal_weight,regime_dd_vol_target_20pct_max_1p25,0.2,1.25,2021,51,0.0254954180453519,0.2262540953753413,0.3319019053088229,-0.2327311397265187,0.109548804149335,0.0012017735824307,-0.0374512568836774,-0.0374512568836774,0.6307575661309991,31.790181333002355,0.0008019903308599,0.0006307575661309,0.0,0.5181238811047152,0.5,0.65,0.0,1.0,0.5686274509803921
5,5,equal_weight,regime_dd_vol_target_20pct_max_1p25,0.2,1.25,2022,51,-0.3210305090112845,-0.9314511410724772,-1.6667340747858228,-0.3148120387391595,-1.0197529621072634,-0.0064682213150799,-0.0535004091128171,-0.0535004091128171,0.6117647058823529,30.832941176470584,-0.0104119327174752,0.0006117647058823,0.0,0.5,0.5,0.5,0.0,1.0,0.3725490196078431
5,5,equal_weight,regime_dd_vol_target_20pct_max_1p25,0.2,1.25,2023,50,0.6573577152321324,2.027948188461393,4.3036251476721015,-0.24866127068121,2.64358705089576,0.0107585276411395,0.0351441843403613,0.0351441843403613,0.6139315577289242,30.942150509537775,0.0212447326513231,0.0006139315577289,0.0,0.5009919090712095,0.5,0.5365303501867692,0.0,1.0,0.58
5,5,equal_weight,regime_dd_vol_target_20pct_max_1p25,0.2,1.25,2024,51,0.6064702920693135,1.471745840374736,2.715077445131899,-0.1713248318839443,3.5398855227252595,0.0107337204304634,0.013602488409276,0.013602488409276,0.6823529411764707,34.390588235294125,0.0176347751867445,0.0006823529411764,0.0,0.5,0.5,0.5,0.0,1.0,0.5294117647058824
5,5,equal_weight,regime_dd_vol_target_20pct_max_1p25,0.2,1.25,2025,50,0.5958222350102409,1.6783543366234028,2.722290142538614,-0.1661146997866087,3.586812219361894,0.0102321328451716,0.0619212864692231,0.0619212864692231,0.6719999999999999,33.86879999999999,0.0175920680688492,0.000672,0.0,0.5,0.5,0.5,0.0,1.0,0.62
5,5,equal_weight,regime_dd_vol_target_20pct_max_1p25,0.2,1.25,2026,23,0.9530380119489056,2.5115747602009506,7.2633948740113325,-0.0710134451551444,13.420529166931496,0.0140998165373671,-0.0051028978466451,-0.0051028978466451,0.7869565217391304,39.662608695652175,0.0240286265399728,0.0007869565217391,0.0,0.5,0.5,0.5,0.0,1.0,0.6521739130434783
5,5,equal_weight,vol_target_20pct_max_1p50,0.2,1.5,overall,276,0.3103792987986331,1.00718006113936,1.8014847023199017,-0.4839154841891866,0.6413915424067944,0.0063688495436282,0.0028663001197762,0.0028663001197762,0.6653918119769496,33.53574732363826,0.009255177640841,0.0006653918119769,0.0,0.5111426687070885,0.5,1.0,0.0,0.9782608695652174,0.5434782608695652
5,5,equal_weight,vol_target_20pct_max_1p50,0.2,1.5,2021,51,0.1279783304181156,0.5471750749598715,0.9072700696093882,-0.2394000638108163,0.534579349649837,0.003259588363274,-0.0374512568836774,-0.0374512568836774,0.6911497229937441,34.833946038884704,0.0036739544315552,0.0006911497229937,0.0,0.5593003516929504,0.5,1.0,0.0,0.8823529411764706,0.5686274509803921
5,5,equal_weight,vol_target_20pct_max_1p50,0.2,1.5,2022,51,-0.3210305090112845,-0.9314511410724772,-1.6667340747858228,-0.3148120387391595,-1.0197529621072634,-0.0064682213150799,-0.0535004091128171,-0.0535004091128171,0.6117647058823529,30.832941176470584,-0.0104119327174752,0.0006117647058823,0.0,0.5,0.5,0.5,0.0,1.0,0.3725490196078431
5,5,equal_weight,vol_target_20pct_max_1p50,0.2,1.5,2023,50,0.6576618720291496,2.02836273023887,4.305178888604348,-0.2486612706812099,2.6448102280965533,0.0107624118002364,0.0351441843403613,0.0351441843403613,0.6139900846591427,30.94510026682079,0.0212525364713163,0.0006139900846591,0.0,0.5010211725363188,0.5,0.5365303501867692,0.0,1.0,0.58
5,5,equal_weight,vol_target_20pct_max_1p50,0.2,1.5,2024,51,0.6064702920693135,1.471745840374736,2.715077445131899,-0.1713248318839443,3.5398855227252595,0.0107337204304634,0.013602488409276,0.013602488409276,0.6823529411764707,34.390588235294125,0.0176347751867445,0.0006823529411764,0.0,0.5,0.5,0.5,0.0,1.0,0.5294117647058824
5,5,equal_weight,vol_target_20pct_max_1p50,0.2,1.5,2025,50,0.5958222350102409,1.6783543366234028,2.722290142538614,-0.1661146997866087,3.586812219361894,0.0102321328451716,0.0619212864692231,0.0619212864692231,0.6719999999999999,33.86879999999999,0.0175920680688492,0.000672,0.0,0.5,0.5,0.5,0.0,1.0,0.62
5,5,equal_weight,vol_target_20pct_max_1p50,0.2,1.5,2026,23,0.9530380119489056,2.5115747602009506,7.2633948740113325,-0.0710134451551444,13.420529166931496,0.0140998165373671,-0.0051028978466451,-0.0051028978466451,0.7869565217391304,39.662608695652175,0.0240286265399728,0.0007869565217391,0.0,0.5,0.5,0.5,0.0,1.0,0.6521739130434783
5,5,equal_weight,regime_dd_vol_target_20pct_max_1p50,0.2,1.5,overall,276,0.2874746245760808,0.9622729044266222,1.6916719529777804,-0.4839154841891869,0.5940595702527521,0.0059878975082012,0.0028663001197762,0.0028663001197762,0.6542217889823448,32.97277816471018,0.0087185442227539,0.0006542217889823,0.0,0.5035286717025397,0.5,0.65,0.0,1.0,0.5434782608695652
5,5,equal_weight,regime_dd_vol_target_20pct_max_1p50,0.2,1.5,2021,51,0.0254954180453519,0.2262540953753413,0.3319019053088229,-0.2327311397265187,0.109548804149335,0.0012017735824307,-0.0374512568836774,-0.0374512568836774,0.6307575661309991,31.790181333002355,0.0008019903308599,0.0006307575661309,0.0,0.5181238811047152,0.5,0.65,0.0,1.0,0.5686274509803921
5,5,equal_weight,regime_dd_vol_target_20pct_max_1p50,0.2,1.5,2022,51,-0.3210305090112845,-0.9314511410724772,-1.6667340747858228,-0.3148120387391595,-1.0197529621072634,-0.0064682213150799,-0.0535004091128171,-0.0535004091128171,0.6117647058823529,30.832941176470584,-0.0104119327174752,0.0006117647058823,0.0,0.5,0.5,0.5,0.0,1.0,0.3725490196078431
5,5,equal_weight,regime_dd_vol_target_20pct_max_1p50,0.2,1.5,2023,50,0.6573577152321324,2.027948188461393,4.3036251476721015,-0.24866127068121,2.64358705089576,0.0107585276411395,0.0351441843403613,0.0351441843403613,0.6139315577289242,30.942150509537775,0.0212447326513231,0.0006139315577289,0.0,0.5009919090712095,0.5,0.5365303501867692,0.0,1.0,0.58
5,5,equal_weight,regime_dd_vol_target_20pct_max_1p50,0.2,1.5,2024,51,0.6064702920693135,1.471745840374736,2.715077445131899,-0.1713248318839443,3.5398855227252595,0.0107337204304634,0.013602488409276,0.013602488409276,0.6823529411764707,34.390588235294125,0.0176347751867445,0.0006823529411764,0.0,0.5,0.5,0.5,0.0,1.0,0.5294117647058824
5,5,equal_weight,regime_dd_vol_target_20pct_max_1p50,0.2,1.5,2025,50,0.5958222350102409,1.6783543366234028,2.722290142538614,-0.1661146997866087,3.586812219361894,0.0102321328451716,0.0619212864692231,0.0619212864692231,0.6719999999999999,33.86879999999999,0.0175920680688492,0.000672,0.0,0.5,0.5,0.5,0.0,1.0,0.62
5,5,equal_weight,regime_dd_vol_target_20pct_max_1p50,0.2,1.5,2026,23,0.9530380119489056,2.5115747602009506,7.2633948740113325,-0.0710134451551444,13.420529166931496,0.0140998165373671,-0.0051028978466451,-0.0051028978466451,0.7869565217391304,39.662608695652175,0.0240286265399728,0.0007869565217391,0.0,0.5,0.5,0.5,0.0,1.0,0.6521739130434783
5,5,equal_weight,vol_target_25pct_max_1p25,0.25,1.25,overall,276,0.3067477321384788,0.9803902697455346,1.732634139685657,-0.5097602635288394,0.6017490065133818,0.0063693619410445,0.0028663001197762,0.0028663001197762,0.6835158952952076,34.44920112287846,0.0089043496551437,0.0006835158952952,0.0,0.5239117197488542,0.5,1.0,0.0,0.9782608695652174,0.5434782608695652
5,5,equal_weight,vol_target_25pct_max_1p25,0.25,1.25,2021,51,0.0851495118053349,0.4116030460678638,0.6543984021875421,-0.2574588717470485,0.3307305404841271,0.0026103917538442,-0.0374512568836774,-0.0374512568836774,0.7371746822569212,37.15360398574882,0.0022918237444204,0.0007371746822569,0.0,0.5929483047625262,0.5,1.0,0.0,0.8823529411764706,0.5686274509803921
5,5,equal_weight,vol_target_25pct_max_1p25,0.25,1.25,2022,51,-0.3241581069806749,-0.9415632911099624,-1.678250758004664,-0.3148120387391593,-1.0296877726752356,-0.0065533717364481,-0.0535004091128171,-0.0535004091128171,0.6129976025917031,30.89507917062183,-0.0104922245122102,0.0006129976025917,0.0,0.5006164483546751,0.5,0.5314295831073723,0.0,1.0,0.3725490196078431
5,5,equal_weight,vol_target_25pct_max_1p25,0.25,1.25,2023,50,0.6523939357019697,1.892499554058924,3.5712139963937277,-0.2824262808664193,2.3099618551806658,0.0108108034315437,0.0351441843403613,0.0351441843403613,0.6536209657501908,32.942496673809615,0.0198040222076016,0.0006536209657501,0.0,0.5293299145583695,0.5,0.6706629377334614,0.0,1.0,0.58
5,5,equal_weight,vol_target_25pct_max_1p25,0.25,1.25,2024,51,0.6250131971030266,1.4891590892300914,2.758432190733417,-0.1713946062155891,3.6466328252877007,0.0109943289623102,0.013602488409276,0.013602488409276,0.6858234719535782,34.56550298646034,0.0180819934067746,0.0006858234719535,0.0,0.5017661880639571,0.5,0.5791514086923025,0.0,1.0,0.5294117647058824
5,5,equal_weight,vol_target_25pct_max_1p25,0.25,1.25,2025,50,0.6286304984802753,1.7197466538950446,2.8442894021054768,-0.1661146997866087,3.7843158931016654,0.0106697829165329,0.0619212864692231,0.0619212864692231,0.6806711043411083,34.30582365879186,0.0183243085702497,0.0006806711043411,0.0,0.5054252184505237,0.5,0.565540180095276,0.0,1.0,0.62
5,5,equal_weight,vol_target_25pct_max_1p25,0.25,1.25,2026,23,0.9530380119489056,2.5115747602009506,7.2633948740113325,-0.0710134451551444,13.420529166931496,0.0140998165373671,-0.0051028978466451,-0.0051028978466451,0.7869565217391304,39.662608695652175,0.0240286265399728,0.0007869565217391,0.0,0.5,0.5,0.5,0.0,1.0,0.6521739130434783
5,5,equal_weight,regime_dd_vol_target_25pct_max_1p25,0.25,1.25,overall,276,0.2829068210511001,0.9376051972671404,1.6272734393669257,-0.5074645065757049,0.557490853813823,0.0059593677283696,0.0028663001197762,0.0028663001197762,0.6676774615769345,33.650944063477496,0.0084070990851679,0.0006676774615769,0.0,0.5128719343883379,0.5,0.65,0.0,1.0,0.5434782608695652
5,5,equal_weight,regime_dd_vol_target_25pct_max_1p25,0.25,1.25,2021,51,-0.0134428386711205,0.096346876608226,0.1374305557481392,-0.250948799491176,-0.053568053317558,0.0005525769730009,-0.0374512568836774,-0.0374512568836774,0.676782525394176,34.10983927986647,-0.0003941044271954,0.0006767825253941,0.0,0.5517718341742909,0.5,0.65,0.0,1.0,0.5686274509803921
5,5,equal_weight,regime_dd_vol_target_25pct_max_1p25,0.25,1.25,2022,51,-0.3210305090112845,-0.9314511410724772,-1.6667340747858228,-0.3148120387391595,-1.0197529621072634,-0.0064682213150799,-0.0535004091128171,-0.0535004091128171,0.6117647058823529,30.832941176470584,-0.0104119327174752,0.0006117647058823,0.0,0.5,0.5,0.5,0.0,1.0,0.3725490196078431
5,5,equal_weight,regime_dd_vol_target_25pct_max_1p25,0.25,1.25,2023,50,0.637274708357543,1.931877607075853,3.668640601557028,-0.265856816202027,2.3970598815614794,0.0105597530242426,0.0351441843403613,0.0351441843403613,0.6290503662688606,31.70413845995057,0.0201006789433046,0.0006290503662688,0.0,0.5110190766900885,0.5,0.65,0.0,1.0,0.58
5,5,equal_weight,regime_dd_vol_target_25pct_max_1p25,0.25,1.25,2024,51,0.6250131971030266,1.4891590892300914,2.758432190733417,-0.1713946062155891,3.6466328252877007,0.0109943289623102,0.013602488409276,0.013602488409276,0.6858234719535782,34.56550298646034,0.0180819934067746,0.0006858234719535,0.0,0.5017661880639571,0.5,0.5791514086923025,0.0,1.0,0.5294117647058824
5,5,equal_weight,regime_dd_vol_target_25pct_max_1p25,0.25,1.25,2025,50,0.6286304984802753,1.7197466538950446,2.8442894021054768,-0.1661146997866087,3.7843158931016654,0.0106697829165329,0.0619212864692231,0.0619212864692231,0.6806711043411083,34.30582365879186,0.0183243085702497,0.0006806711043411,0.0,0.5054252184505237,0.5,0.565540180095276,0.0,1.0,0.62
5,5,equal_weight,regime_dd_vol_target_25pct_max_1p25,0.25,1.25,2026,23,0.9530380119489056,2.5115747602009506,7.2633948740113325,-0.0710134451551444,13.420529166931496,0.0140998165373671,-0.0051028978466451,-0.0051028978466451,0.7869565217391304,39.662608695652175,0.0240286265399728,0.0007869565217391,0.0,0.5,0.5,0.5,0.0,1.0,0.6521739130434783
5,5,equal_weight,vol_target_25pct_max_1p50,0.25,1.5,overall,276,0.3067477321384788,0.9803902697455346,1.732634139685657,-0.5097602635288394,0.6017490065133818,0.0063693619410445,0.0028663001197762,0.0028663001197762,0.6835158952952076,34.44920112287846,0.0089043496551437,0.0006835158952952,0.0,0.5239117197488542,0.5,1.0,0.0,0.9782608695652174,0.5434782608695652
5,5,equal_weight,vol_target_25pct_max_1p50,0.25,1.5,2021,51,0.0851495118053349,0.4116030460678638,0.6543984021875421,-0.2574588717470485,0.3307305404841271,0.0026103917538442,-0.0374512568836774,-0.0374512568836774,0.7371746822569212,37.15360398574882,0.0022918237444204,0.0007371746822569,0.0,0.5929483047625262,0.5,1.0,0.0,0.8823529411764706,0.5686274509803921
5,5,equal_weight,vol_target_25pct_max_1p50,0.25,1.5,2022,51,-0.3241581069806749,-0.9415632911099624,-1.678250758004664,-0.3148120387391593,-1.0296877726752356,-0.0065533717364481,-0.0535004091128171,-0.0535004091128171,0.6129976025917031,30.89507917062183,-0.0104922245122102,0.0006129976025917,0.0,0.5006164483546751,0.5,0.5314295831073723,0.0,1.0,0.3725490196078431
5,5,equal_weight,vol_target_25pct_max_1p50,0.25,1.5,2023,50,0.6523939357019697,1.892499554058924,3.5712139963937277,-0.2824262808664193,2.3099618551806658,0.0108108034315437,0.0351441843403613,0.0351441843403613,0.6536209657501908,32.942496673809615,0.0198040222076016,0.0006536209657501,0.0,0.5293299145583695,0.5,0.6706629377334614,0.0,1.0,0.58
5,5,equal_weight,vol_target_25pct_max_1p50,0.25,1.5,2024,51,0.6250131971030266,1.4891590892300914,2.758432190733417,-0.1713946062155891,3.6466328252877007,0.0109943289623102,0.013602488409276,0.013602488409276,0.6858234719535782,34.56550298646034,0.0180819934067746,0.0006858234719535,0.0,0.5017661880639571,0.5,0.5791514086923025,0.0,1.0,0.5294117647058824
5,5,equal_weight,vol_target_25pct_max_1p50,0.25,1.5,2025,50,0.6286304984802753,1.7197466538950446,2.8442894021054768,-0.1661146997866087,3.7843158931016654,0.0106697829165329,0.0619212864692231,0.0619212864692231,0.6806711043411083,34.30582365879186,0.0183243085702497,0.0006806711043411,0.0,0.5054252184505237,0.5,0.565540180095276,0.0,1.0,0.62
5,5,equal_weight,vol_target_25pct_max_1p50,0.25,1.5,2026,23,0.9530380119489056,2.5115747602009506,7.2633948740113325,-0.0710134451551444,13.420529166931496,0.0140998165373671,-0.0051028978466451,-0.0051028978466451,0.7869565217391304,39.662608695652175,0.0240286265399728,0.0007869565217391,0.0,0.5,0.5,0.5,0.0,1.0,0.6521739130434783
5,5,equal_weight,regime_dd_vol_target_25pct_max_1p50,0.25,1.5,overall,276,0.2829068210511001,0.9376051972671404,1.6272734393669257,-0.5074645065757049,0.557490853813823,0.0059593677283696,0.0028663001197762,0.0028663001197762,0.6676774615769345,33.650944063477496,0.0084070990851679,0.0006676774615769,0.0,0.5128719343883379,0.5,0.65,0.0,1.0,0.5434782608695652
5,5,equal_weight,regime_dd_vol_target_25pct_max_1p50,0.25,1.5,2021,51,-0.0134428386711205,0.096346876608226,0.1374305557481392,-0.250948799491176,-0.053568053317558,0.0005525769730009,-0.0374512568836774,-0.0374512568836774,0.676782525394176,34.10983927986647,-0.0003941044271954,0.0006767825253941,0.0,0.5517718341742909,0.5,0.65,0.0,1.0,0.5686274509803921
5,5,equal_weight,regime_dd_vol_target_25pct_max_1p50,0.25,1.5,2022,51,-0.3210305090112845,-0.9314511410724772,-1.6667340747858228,-0.3148120387391595,-1.0197529621072634,-0.0064682213150799,-0.0535004091128171,-0.0535004091128171,0.6117647058823529,30.832941176470584,-0.0104119327174752,0.0006117647058823,0.0,0.5,0.5,0.5,0.0,1.0,0.3725490196078431
5,5,equal_weight,regime_dd_vol_target_25pct_max_1p50,0.25,1.5,2023,50,0.637274708357543,1.931877607075853,3.668640601557028,-0.265856816202027,2.3970598815614794,0.0105597530242426,0.0351441843403613,0.0351441843403613,0.6290503662688606,31.70413845995057,0.0201006789433046,0.0006290503662688,0.0,0.5110190766900885,0.5,0.65,0.0,1.0,0.58
5,5,equal_weight,regime_dd_vol_target_25pct_max_1p50,0.25,1.5,2024,51,0.6250131971030266,1.4891590892300914,2.758432190733417,-0.1713946062155891,3.6466328252877007,0.0109943289623102,0.013602488409276,0.013602488409276,0.6858234719535782,34.56550298646034,0.0180819934067746,0.0006858234719535,0.0,0.5017661880639571,0.5,0.5791514086923025,0.0,1.0,0.5294117647058824
5,5,equal_weight,regime_dd_vol_target_25pct_max_1p50,0.25,1.5,2025,50,0.6286304984802753,1.7197466538950446,2.8442894021054768,-0.1661146997866087,3.7843158931016654,0.0106697829165329,0.0619212864692231,0.0619212864692231,0.6806711043411083,34.30582365879186,0.0183243085702497,0.0006806711043411,0.0,0.5054252184505237,0.5,0.565540180095276,0.0,1.0,0.62
5,5,equal_weight,regime_dd_vol_target_25pct_max_1p50,0.25,1.5,2026,23,0.9530380119489056,2.5115747602009506,7.2633948740113325,-0.0710134451551444,13.420529166931496,0.0140998165373671,-0.0051028978466451,-0.0051028978466451,0.7869565217391304,39.662608695652175,0.0240286265399728,0.0007869565217391,0.0,0.5,0.5,0.5,0.0,1.0,0.6521739130434783
5,5,equal_weight,vol_target_30pct_max_1p25,0.3,1.25,overall,276,0.2901808576429734,0.8995602533007172,1.5179122954693354,-0.552777518219442,0.5249505417254998,0.0062807742416675,0.0028663001197762,0.0028663001197762,0.729130017678364,36.748152890989545,0.0078964746474134,0.0007291300176783,0.0,0.5586009592077791,0.5,1.0,0.0,0.9782608695652174,0.5434782608695652
5,5,equal_weight,vol_target_30pct_max_1p25,0.3,1.25,2021,51,-0.0022405224309046,0.169702898971967,0.2493419620258279,-0.2991638045749185,-0.0074892831172815,0.001203501691405,-0.0374512568836774,-0.0374512568836774,0.817646473150903,41.20938224680551,-5.4369231198032575e-05,0.0008176464731509,0.0,0.6590462048892388,0.5,1.0,0.0,0.8823529411764706,0.5686274509803921
5,5,equal_weight,vol_target_30pct_max_1p25,0.3,1.25,2022,51,-0.3442133227762309,-0.9913067550328652,-1.7157346906222748,-0.3148598941057121,-1.0932269533847443,-0.0070797484032969,-0.0535004091128171,-0.0535004091128171,0.6306306812981964,31.7837863374291,-0.0108298400675718,0.0006306306812981,0.0,0.512951766548218,0.5,0.6377154997288468,0.0,1.0,0.3725490196078431
5,5,equal_weight,vol_target_30pct_max_1p25,0.3,1.25,2023,50,0.7156897675973204,1.8153633753183067,3.2550180614088564,-0.3302647837016572,2.1670181106679376,0.0118007170432085,0.0351441843403613,0.0351441843403613,0.738079763454158,37.19922007808957,0.0192393756131157,0.0007380797634541,0.0,0.5968842839135552,0.5,0.8047955252801537,0.0,1.0,0.58
5,5,equal_weight,vol_target_30pct_max_1p25,0.3,1.25,2024,51,0.577734873849622,1.3588473807687167,2.3091277111077524,-0.19002264544258,3.040347493868558,0.0105506070258495,0.013602488409276,0.013602488409276,0.700246560680883,35.2924266583165,0.0163699390649149,0.0007002465606808,0.0,0.5112427112193677,0.5,0.694981690430763,0.0,1.0,0.5294117647058824
5,5,equal_weight,vol_target_30pct_max_1p25,0.3,1.25,2025,50,0.6640066398470383,1.6911974576353883,2.824516846167753,-0.1862459114063036,3.5652145855619812,0.0112336583870275,0.0619212864692231,0.0619212864692231,0.7185571012247159,36.215277901725685,0.0183349867326407,0.0007185571012247,0.0,0.5308839556989571,0.5,0.6786482161143311,0.0,1.0,0.62
5,5,equal_weight,vol_target_30pct_max_1p25,0.3,1.25,2026,23,1.0264502672362568,2.5068121456648575,7.307493211492773,-0.0710134451551444,14.454308828331756,0.0149296757902862,-0.0051028978466451,-0.0051028978466451,0.8188405292893763,41.26956267618456,0.0248718474506295,0.0008188405292893,0.0,0.5191381715314496,0.5,0.5449472653295018,0.0,1.0,0.6521739130434783
5,5,equal_weight,regime_dd_vol_target_30pct_max_1p25,0.3,1.25,overall,276,0.2685069944539848,0.8826184280420203,1.5028387909055976,-0.521348324250672,0.5150241824214298,0.0058065180630055,0.0028663001197762,0.0028663001197762,0.6882316588033215,34.686875603687405,0.0077408815230807,0.0006882316588033,0.0,0.5284051029816679,0.5,0.6754706933606056,0.0,1.0,0.5434782608695652
5,5,equal_weight,regime_dd_vol_target_30pct_max_1p25,0.3,1.25,2021,51,-0.0899307470871195,-0.143353177887148,-0.1941800673559198,-0.2867746800408665,-0.3135937491911911,-0.0008927304362876,-0.0374512568836774,-0.0374512568836774,0.7255653815510369,36.56849523017226,-0.0024592411178275,0.000725565381551,0.0,0.5955168132831257,0.5,0.6754706933606056,0.0,1.0,0.5686274509803921
5,5,equal_weight,regime_dd_vol_target_30pct_max_1p25,0.3,1.25,2022,51,-0.3210305090112845,-0.9314511410724772,-1.6667340747858228,-0.3148120387391595,-1.0197529621072634,-0.0064682213150799,-0.0535004091128171,-0.0535004091128171,0.6117647058823529,30.832941176470584,-0.0104119327174752,0.0006117647058823,0.0,0.5,0.5,0.5,0.0,1.0,0.3725490196078431
5,5,equal_weight,regime_dd_vol_target_30pct_max_1p25,0.3,1.25,2023,50,0.6316999646311718,1.9215809450860384,3.6532263929208018,-0.2665106315217683,2.370261782894673,0.0104895823970419,0.0351441843403613,0.0351441843403613,0.6314319446870463,31.824170012227135,0.0198496917402234,0.000631431944687,0.0,0.5128319446870464,0.5,0.65,0.0,1.0,0.58
5,5,equal_weight,regime_dd_vol_target_30pct_max_1p25,0.3,1.25,2024,51,0.6082738626936262,1.4368055189711268,2.610927820945309,-0.1899834977559625,3.201719464471412,0.010848037724383,0.013602488409276,0.013602488409276,0.6969722580752269,35.127401806991436,0.0173162212803498,0.0006969722580752,0.0,0.5081959036864478,0.5,0.65,0.0,1.0,0.5294117647058824
5,5,equal_weight,regime_dd_vol_target_30pct_max_1p25,0.3,1.25,2025,50,0.6565608018309879,1.6816287795047595,2.798901623325724,-0.1862459114063034,3.525236054168579,0.0111379187547411,0.0619212864692231,0.0619212864692231,0.715951776015386,36.083969511175454,0.0181953596216083,0.0007159517760153,0.0,0.5293736935583286,0.5,0.65,0.0,1.0,0.62
5,5,equal_weight,regime_dd_vol_target_30pct_max_1p25,0.3,1.25,2026,23,1.0264502672362568,2.5068121456648575,7.307493211492773,-0.0710134451551444,14.454308828331756,0.0149296757902862,-0.0051028978466451,-0.0051028978466451,0.8188405292893763,41.26956267618456,0.0248718474506295,0.0008188405292893,0.0,0.5191381715314496,0.5,0.5449472653295018,0.0,1.0,0.6521739130434783
5,5,equal_weight,vol_target_30pct_max_1p50,0.3,1.5,overall,276,0.2901808576429734,0.8995602533007172,1.5179122954693354,-0.552777518219442,0.5249505417254998,0.0062807742416675,0.0028663001197762,0.0028663001197762,0.729130017678364,36.748152890989545,0.0078964746474134,0.0007291300176783,0.0,0.5586009592077791,0.5,1.0,0.0,0.9782608695652174,0.5434782608695652
5,5,equal_weight,vol_target_30pct_max_1p50,0.3,1.5,2021,51,-0.0022405224309046,0.169702898971967,0.2493419620258279,-0.2991638045749185,-0.0074892831172815,0.001203501691405,-0.0374512568836774,-0.0374512568836774,0.817646473150903,41.20938224680551,-5.4369231198032575e-05,0.0008176464731509,0.0,0.6590462048892388,0.5,1.0,0.0,0.8823529411764706,0.5686274509803921
5,5,equal_weight,vol_target_30pct_max_1p50,0.3,1.5,2022,51,-0.3442133227762309,-0.9913067550328652,-1.7157346906222748,-0.3148598941057121,-1.0932269533847443,-0.0070797484032969,-0.0535004091128171,-0.0535004091128171,0.6306306812981964,31.7837863374291,-0.0108298400675718,0.0006306306812981,0.0,0.512951766548218,0.5,0.6377154997288468,0.0,1.0,0.3725490196078431
5,5,equal_weight,vol_target_30pct_max_1p50,0.3,1.5,2023,50,0.7156897675973204,1.8153633753183067,3.2550180614088564,-0.3302647837016572,2.1670181106679376,0.0118007170432085,0.0351441843403613,0.0351441843403613,0.738079763454158,37.19922007808957,0.0192393756131157,0.0007380797634541,0.0,0.5968842839135552,0.5,0.8047955252801537,0.0,1.0,0.58
5,5,equal_weight,vol_target_30pct_max_1p50,0.3,1.5,2024,51,0.577734873849622,1.3588473807687167,2.3091277111077524,-0.19002264544258,3.040347493868558,0.0105506070258495,0.013602488409276,0.013602488409276,0.700246560680883,35.2924266583165,0.0163699390649149,0.0007002465606808,0.0,0.5112427112193677,0.5,0.694981690430763,0.0,1.0,0.5294117647058824
5,5,equal_weight,vol_target_30pct_max_1p50,0.3,1.5,2025,50,0.6640066398470383,1.6911974576353883,2.824516846167753,-0.1862459114063036,3.5652145855619812,0.0112336583870275,0.0619212864692231,0.0619212864692231,0.7185571012247159,36.215277901725685,0.0183349867326407,0.0007185571012247,0.0,0.5308839556989571,0.5,0.6786482161143311,0.0,1.0,0.62
5,5,equal_weight,vol_target_30pct_max_1p50,0.3,1.5,2026,23,1.0264502672362568,2.5068121456648575,7.307493211492773,-0.0710134451551444,14.454308828331756,0.0149296757902862,-0.0051028978466451,-0.0051028978466451,0.8188405292893763,41.26956267618456,0.0248718474506295,0.0008188405292893,0.0,0.5191381715314496,0.5,0.5449472653295018,0.0,1.0,0.6521739130434783
5,5,equal_weight,regime_dd_vol_target_30pct_max_1p50,0.3,1.5,overall,276,0.2685069944539848,0.8826184280420203,1.5028387909055976,-0.521348324250672,0.5150241824214298,0.0058065180630055,0.0028663001197762,0.0028663001197762,0.6882316588033215,34.686875603687405,0.0077408815230807,0.0006882316588033,0.0,0.5284051029816679,0.5,0.6754706933606056,0.0,1.0,0.5434782608695652
5,5,equal_weight,regime_dd_vol_target_30pct_max_1p50,0.3,1.5,2021,51,-0.0899307470871195,-0.143353177887148,-0.1941800673559198,-0.2867746800408665,-0.3135937491911911,-0.0008927304362876,-0.0374512568836774,-0.0374512568836774,0.7255653815510369,36.56849523017226,-0.0024592411178275,0.000725565381551,0.0,0.5955168132831257,0.5,0.6754706933606056,0.0,1.0,0.5686274509803921
5,5,equal_weight,regime_dd_vol_target_30pct_max_1p50,0.3,1.5,2022,51,-0.3210305090112845,-0.9314511410724772,-1.6667340747858228,-0.3148120387391595,-1.0197529621072634,-0.0064682213150799,-0.0535004091128171,-0.0535004091128171,0.6117647058823529,30.832941176470584,-0.0104119327174752,0.0006117647058823,0.0,0.5,0.5,0.5,0.0,1.0,0.3725490196078431
5,5,equal_weight,regime_dd_vol_target_30pct_max_1p50,0.3,1.5,2023,50,0.6316999646311718,1.9215809450860384,3.6532263929208018,-0.2665106315217683,2.370261782894673,0.0104895823970419,0.0351441843403613,0.0351441843403613,0.6314319446870463,31.824170012227135,0.0198496917402234,0.000631431944687,0.0,0.5128319446870464,0.5,0.65,0.0,1.0,0.58
5,5,equal_weight,regime_dd_vol_target_30pct_max_1p50,0.3,1.5,2024,51,0.6082738626936262,1.4368055189711268,2.610927820945309,-0.1899834977559625,3.201719464471412,0.010848037724383,0.013602488409276,0.013602488409276,0.6969722580752269,35.127401806991436,0.0173162212803498,0.0006969722580752,0.0,0.5081959036864478,0.5,0.65,0.0,1.0,0.5294117647058824
5,5,equal_weight,regime_dd_vol_target_30pct_max_1p50,0.3,1.5,2025,50,0.6565608018309879,1.6816287795047595,2.798901623325724,-0.1862459114063034,3.525236054168579,0.0111379187547411,0.0619212864692231,0.0619212864692231,0.715951776015386,36.083969511175454,0.0181953596216083,0.0007159517760153,0.0,0.5293736935583286,0.5,0.65,0.0,1.0,0.62
5,5,equal_weight,regime_dd_vol_target_30pct_max_1p50,0.3,1.5,2026,23,1.0264502672362568,2.5068121456648575,7.307493211492773,-0.0710134451551444,14.454308828331756,0.0149296757902862,-0.0051028978466451,-0.0051028978466451,0.8188405292893763,41.26956267618456,0.0248718474506295,0.0008188405292893,0.0,0.5191381715314496,0.5,0.5449472653295018,0.0,1.0,0.6521739130434783
5,5,buffer_inverse_volatility,static_1x,,1.0,overall,276,0.4050948110626997,0.8661547046626457,1.4580843664827334,-0.7972555400997255,0.5081116288160606,0.0103100007864557,0.0028663001197762,0.0028663001197762,1.190433527625843,59.9978497923425,0.0067518221480397,0.0011904335276258,0.0,1.0,1.0,1.0,0.0,0.0,0.5507246376811594
5,5,buffer_inverse_volatility,static_1x,,1.0,2021,51,-0.0761095138351559,0.087875145613746,0.1203913547175384,-0.4464752571986449,-0.1704674841618232,0.0008573383675784,-0.0374512568836774,-0.0374512568836774,1.0457995490264658,52.70829727093387,-0.0014439759539932,0.0010457995490264,0.0,1.0,1.0,1.0,0.0,0.0,0.5686274509803921
5,5,buffer_inverse_volatility,static_1x,,1.0,2022,51,-0.672038632235842,-1.2384588830366536,-2.127997856217057,-0.6428963865258603,-1.0453296150371338,-0.017111651737971,-0.0535004091128171,-0.0535004091128171,1.145733202040774,57.74495338285501,-0.011638049610676,0.0011457332020407,0.0,1.0,1.0,1.0,0.0,0.0,0.392156862745098
5,5,buffer_inverse_volatility,static_1x,,1.0,2023,50,1.4693974321956875,2.0123907973530897,5.198156755671036,-0.4407573970191404,3.333800957472932,0.0205793303009594,0.0351441843403613,0.0351441843403613,1.1560514329406593,58.26499222020922,0.0252192161399796,0.0011560514329406,0.0,1.0,1.0,1.0,0.0,0.0,0.5
5,5,buffer_inverse_volatility,static_1x,,1.0,2024,51,1.048398261959453,1.4239490088733668,2.374876322681949,-0.3146537514522932,3.331910892911784,0.0184052847992429,0.013602488409276,0.013602488409276,1.2636898339175346,63.68996762944374,0.0164609639631027,0.0012636898339175,0.0,1.0,1.0,1.0,0.0,0.0,0.5882352941176471
5,5,buffer_inverse_volatility,static_1x,,1.0,2025,50,1.4125571498214655,1.752124412356722,2.821626751949125,-0.3275022617933706,4.313121815056909,0.021275933143136,0.0619212864692231,0.0619212864692231,1.2422631204389205,62.610061270121584,0.0225611845950318,0.0012422631204389,0.0,1.0,1.0,1.0,0.0,0.0,0.64
5,5,buffer_inverse_volatility,static_1x,,1.0,2026,23,2.5225049402641315,2.5369248986683637,8.400245175594781,-0.1040252294141761,24.248972623946695,0.0279607609558969,-0.0051028978466451,-0.0051028978466451,1.4098945270230565,71.05868416196205,0.0354988974256075,0.001409894527023,0.0,1.0,1.0,1.0,0.0,0.0,0.6956521739130435
5,5,buffer_inverse_volatility,legacy_risk_scaled,,1.0,overall,276,0.2978243923370633,0.9102709024040172,1.444269989658508,-0.5786322592037293,0.5147040933163788,0.0064158516931018,0.0028663001197762,0.0028663001197762,0.6443009583809904,32.47276830240192,0.009171512251853,0.0006443009583809,0.0,0.5327898550724639,0.45,1.0,0.0,0.8731884057971014,0.5507246376811594
5,5,buffer_inverse_volatility,legacy_risk_scaled,,1.0,2021,51,-0.2291296405340552,-0.6177648838978544,-0.6354495513624648,-0.4009816421999986,-0.5714217720216022,-0.0040374076048892,-0.0374512568836774,-0.0374512568836774,0.564104111397868,28.430847214452545,-0.0080591914411041,0.0005641041113978,0.0,0.5362745098039216,0.45,1.0,0.0,0.8431372549019608,0.5686274509803921
5,5,buffer_inverse_volatility,legacy_risk_scaled,,1.0,2022,51,-0.3548179585923797,-1.2384588830366536,-2.1279978562170565,-0.340337849310509,-1.042546279560754,-0.0077002432820869,-0.0535004091128171,-0.0535004091128171,0.5155799409183484,25.985229022284756,-0.0136546019389742,0.0005155799409183,0.0,0.45,0.45,0.45,0.0,1.0,0.392156862745098
5,5,buffer_inverse_volatility,legacy_risk_scaled,,1.0,2023,50,0.7412108058693827,2.208817435902498,6.636005324443029,-0.2260959400934545,3.278302147146076,0.0117391905735969,0.0351441843403613,0.0351441843403613,0.5634853391135932,28.399661091325097,0.0260992834909495,0.0005634853391135,0.0,0.486,0.45,0.75,0.0,1.0,0.5
5,5,buffer_inverse_volatility,legacy_risk_scaled,,1.0,2024,51,0.8775625319706488,1.532644796446898,2.766298961121499,-0.1493274273422371,5.8767672328500025,0.0147760739162542,0.013602488409276,0.013602488409276,0.8176805903404913,41.21110175316076,0.0212943234865916,0.0008176805903404,0.0,0.6352941176470588,0.45,1.0,0.0,0.7058823529411765,0.5882352941176471
5,5,buffer_inverse_volatility,legacy_risk_scaled,,1.0,2025,50,0.9686536842753732,2.0612565929926188,3.400199874334336,-0.2179352238396805,4.4446862109263385,0.0147892417645909,0.0619212864692231,0.0619212864692231,0.7658958485458595,38.601150766711314,0.0250939069182029,0.0007658958485458,0.0,0.5940000000000001,0.45,1.0,0.0,0.76,0.64
5,5,buffer_inverse_volatility,legacy_risk_scaled,,1.0,2026,23,0.8257964158338009,2.5369248986683632,8.400245175594781,-0.046945142999236,17.5906678108796,0.0125823424301536,-0.0051028978466451,-0.0051028978466451,0.6344525371603755,31.976407872882927,0.0258251777096608,0.0006344525371603,0.0,0.4499999999999998,0.45,0.45,0.0,1.0,0.6956521739130435
5,5,buffer_inverse_volatility,vol_target_20pct_max_1p25,0.2,1.25,overall,276,0.2681195639695775,0.928591430197712,1.5905611696062174,-0.5192373525036788,0.5163718724717091,0.0056467190565431,0.0028663001197762,0.0028663001197762,0.6109785207890063,30.793317447765915,0.0087070697863061,0.000610978520789,0.0,0.5120045338044283,0.5,1.0,0.0,0.9782608695652174,0.5507246376811594
5,5,buffer_inverse_volatility,vol_target_20pct_max_1p25,0.2,1.25,2021,51,0.126944556826934,0.5568791720961696,0.8773603114690813,-0.2678366641067653,0.4739625818231192,0.0031784630443508,-0.0374512568836774,-0.0374512568836774,0.6064553615565608,30.56535022245066,0.0041532178071917,0.0006064553615565,0.0,0.5635196988724003,0.5,1.0,0.0,0.8823529411764706,0.5686274509803921
5,5,buffer_inverse_volatility,vol_target_20pct_max_1p25,0.2,1.25,2022,51,-0.3893261054832365,-1.2384588830366536,-2.127997856217057,-0.3730768181940017,-1.0435548029167148,-0.0085558258689855,-0.0535004091128171,-0.0535004091128171,0.572866601020387,28.872476691427504,-0.013484333527883,0.0005728666010203,0.0,0.5,0.5,0.5,0.0,1.0,0.392156862745098
5,5,buffer_inverse_volatility,vol_target_20pct_max_1p25,0.2,1.25,2023,50,0.6154726623775222,1.987030809156505,5.029776812822518,-0.2517643486401798,2.4446378754648546,0.010199162434207,0.0351441843403613,0.0351441843403613,0.5798039161941227,29.222117376183785,0.0210618777022344,0.0005798039161941,0.0,0.5014749337505958,0.5,0.5278946076750826,0.0,1.0,0.5
5,5,buffer_inverse_volatility,vol_target_20pct_max_1p25,0.2,1.25,2024,51,0.5077157193969706,1.4239490088733668,2.374876322681949,-0.1651289235985374,3.0746625626370117,0.0092026423996214,0.013602488409276,0.013602488409276,0.6318449169587673,31.84498381472187,0.015943349896201,0.0006318449169587,0.0,0.5,0.5,0.5,0.0,1.0,0.5882352941176471
5,5,buffer_inverse_volatility,vol_target_20pct_max_1p25,0.2,1.25,2025,50,0.628962305366848,1.752124412356722,2.821626751949125,-0.169180383159465,3.717702334164857,0.010637966571568,0.0619212864692231,0.0619212864692231,0.6211315602194601,31.305030635060792,0.0200914131884741,0.0006211315602194,0.0,0.5,0.5,0.5,0.0,1.0,0.64
5,5,buffer_inverse_volatility,vol_target_20pct_max_1p25,0.2,1.25,2026,23,0.9447922184594264,2.5369248986683637,8.400245175594781,-0.0521496845074703,18.116930665689573,0.0139803804779484,-0.0051028978466451,-0.0051028978466451,0.7049472635115283,35.529342080981024,0.0265918861178455,0.0007049472635115,0.0,0.5,0.5,0.5,0.0,1.0,0.6956521739130435
5,5,buffer_inverse_volatility,regime_dd_vol_target_20pct_max_1p25,0.2,1.25,overall,276,0.2482748153769569,0.8859241372243933,1.498465165372375,-0.5192373525036786,0.4781528412388205,0.0053056547963123,0.0028663001197762,0.0028663001197762,0.6005549839351428,30.2679711903312,0.0082025588638152,0.0006005549839351,0.0,0.5043020767919211,0.5,0.65,0.0,1.0,0.5507246376811594
5,5,buffer_inverse_volatility,regime_dd_vol_target_20pct_max_1p25,0.2,1.25,2021,51,0.03151801155824,0.2482080541554372,0.354558351375136,-0.2548664315277613,0.123664820703573,0.0012744221982013,-0.0374512568836774,-0.0374512568836774,0.5507711167611237,27.758864284760634,0.0011354215084203,0.0005507711167611,0.0,0.5223432282841651,0.5,0.65,0.0,1.0,0.5686274509803921
5,5,buffer_inverse_volatility,regime_dd_vol_target_20pct_max_1p25,0.2,1.25,2022,51,-0.3893261054832365,-1.2384588830366536,-2.127997856217057,-0.3730768181940017,-1.0435548029167148,-0.0085558258689855,-0.0535004091128171,-0.0535004091128171,0.572866601020387,28.872476691427504,-0.013484333527883,0.0005728666010203,0.0,0.5,0.5,0.5,0.0,1.0,0.392156862745098
5,5,buffer_inverse_volatility,regime_dd_vol_target_20pct_max_1p25,0.2,1.25,2023,50,0.6206226123194236,2.004931305542582,5.183276996754557,-0.2493980161234589,2.4884825547778147,0.0102586093808055,0.0351441843403613,0.0351441843403613,0.5790639224521419,29.18482169158795,0.0212652528385434,0.0005790639224521,0.0,0.5009573710415565,0.5,0.5278946076750826,0.0,1.0,0.5
5,5,buffer_inverse_volatility,regime_dd_vol_target_20pct_max_1p25,0.2,1.25,2024,51,0.5077157193969706,1.4239490088733668,2.374876322681949,-0.1651289235985374,3.0746625626370117,0.0092026423996214,0.013602488409276,0.013602488409276,0.6318449169587673,31.84498381472187,0.015943349896201,0.0006318449169587,0.0,0.5,0.5,0.5,0.0,1.0,0.5882352941176471
5,5,buffer_inverse_volatility,regime_dd_vol_target_20pct_max_1p25,0.2,1.25,2025,50,0.628962305366848,1.752124412356722,2.821626751949125,-0.169180383159465,3.717702334164857,0.010637966571568,0.0619212864692231,0.0619212864692231,0.6211315602194601,31.305030635060792,0.0200914131884741,0.0006211315602194,0.0,0.5,0.5,0.5,0.0,1.0,0.64
5,5,buffer_inverse_volatility,regime_dd_vol_target_20pct_max_1p25,0.2,1.25,2026,23,0.9447922184594264,2.5369248986683637,8.400245175594781,-0.0521496845074703,18.116930665689573,0.0139803804779484,-0.0051028978466451,-0.0051028978466451,0.7049472635115283,35.529342080981024,0.0265918861178455,0.0007049472635115,0.0,0.5,0.5,0.5,0.0,1.0,0.6956521739130435
5,5,buffer_inverse_volatility,vol_target_20pct_max_1p50,0.2,1.5,overall,276,0.2681195639695775,0.928591430197712,1.5905611696062174,-0.5192373525036788,0.5163718724717091,0.0056467190565431,0.0028663001197762,0.0028663001197762,0.6109785207890063,30.793317447765915,0.0087070697863061,0.000610978520789,0.0,0.5120045338044283,0.5,1.0,0.0,0.9782608695652174,0.5507246376811594
5,5,buffer_inverse_volatility,vol_target_20pct_max_1p50,0.2,1.5,2021,51,0.126944556826934,0.5568791720961696,0.8773603114690813,-0.2678366641067653,0.4739625818231192,0.0031784630443508,-0.0374512568836774,-0.0374512568836774,0.6064553615565608,30.56535022245066,0.0041532178071917,0.0006064553615565,0.0,0.5635196988724003,0.5,1.0,0.0,0.8823529411764706,0.5686274509803921
5,5,buffer_inverse_volatility,vol_target_20pct_max_1p50,0.2,1.5,2022,51,-0.3893261054832365,-1.2384588830366536,-2.127997856217057,-0.3730768181940017,-1.0435548029167148,-0.0085558258689855,-0.0535004091128171,-0.0535004091128171,0.572866601020387,28.872476691427504,-0.013484333527883,0.0005728666010203,0.0,0.5,0.5,0.5,0.0,1.0,0.392156862745098
5,5,buffer_inverse_volatility,vol_target_20pct_max_1p50,0.2,1.5,2023,50,0.6154726623775222,1.987030809156505,5.029776812822518,-0.2517643486401798,2.4446378754648546,0.010199162434207,0.0351441843403613,0.0351441843403613,0.5798039161941227,29.222117376183785,0.0210618777022344,0.0005798039161941,0.0,0.5014749337505958,0.5,0.5278946076750826,0.0,1.0,0.5
5,5,buffer_inverse_volatility,vol_target_20pct_max_1p50,0.2,1.5,2024,51,0.5077157193969706,1.4239490088733668,2.374876322681949,-0.1651289235985374,3.0746625626370117,0.0092026423996214,0.013602488409276,0.013602488409276,0.6318449169587673,31.84498381472187,0.015943349896201,0.0006318449169587,0.0,0.5,0.5,0.5,0.0,1.0,0.5882352941176471
5,5,buffer_inverse_volatility,vol_target_20pct_max_1p50,0.2,1.5,2025,50,0.628962305366848,1.752124412356722,2.821626751949125,-0.169180383159465,3.717702334164857,0.010637966571568,0.0619212864692231,0.0619212864692231,0.6211315602194601,31.305030635060792,0.0200914131884741,0.0006211315602194,0.0,0.5,0.5,0.5,0.0,1.0,0.64
5,5,buffer_inverse_volatility,vol_target_20pct_max_1p50,0.2,1.5,2026,23,0.9447922184594264,2.5369248986683637,8.400245175594781,-0.0521496845074703,18.116930665689573,0.0139803804779484,-0.0051028978466451,-0.0051028978466451,0.7049472635115283,35.529342080981024,0.0265918861178455,0.0007049472635115,0.0,0.5,0.5,0.5,0.0,1.0,0.6956521739130435
5,5,buffer_inverse_volatility,regime_dd_vol_target_20pct_max_1p50,0.2,1.5,overall,276,0.2482748153769569,0.8859241372243933,1.498465165372375,-0.5192373525036786,0.4781528412388205,0.0053056547963123,0.0028663001197762,0.0028663001197762,0.6005549839351428,30.2679711903312,0.0082025588638152,0.0006005549839351,0.0,0.5043020767919211,0.5,0.65,0.0,1.0,0.5507246376811594
5,5,buffer_inverse_volatility,regime_dd_vol_target_20pct_max_1p50,0.2,1.5,2021,51,0.03151801155824,0.2482080541554372,0.354558351375136,-0.2548664315277613,0.123664820703573,0.0012744221982013,-0.0374512568836774,-0.0374512568836774,0.5507711167611237,27.758864284760634,0.0011354215084203,0.0005507711167611,0.0,0.5223432282841651,0.5,0.65,0.0,1.0,0.5686274509803921
5,5,buffer_inverse_volatility,regime_dd_vol_target_20pct_max_1p50,0.2,1.5,2022,51,-0.3893261054832365,-1.2384588830366536,-2.127997856217057,-0.3730768181940017,-1.0435548029167148,-0.0085558258689855,-0.0535004091128171,-0.0535004091128171,0.572866601020387,28.872476691427504,-0.013484333527883,0.0005728666010203,0.0,0.5,0.5,0.5,0.0,1.0,0.392156862745098
5,5,buffer_inverse_volatility,regime_dd_vol_target_20pct_max_1p50,0.2,1.5,2023,50,0.6206226123194236,2.004931305542582,5.183276996754557,-0.2493980161234589,2.4884825547778147,0.0102586093808055,0.0351441843403613,0.0351441843403613,0.5790639224521419,29.18482169158795,0.0212652528385434,0.0005790639224521,0.0,0.5009573710415565,0.5,0.5278946076750826,0.0,1.0,0.5
5,5,buffer_inverse_volatility,regime_dd_vol_target_20pct_max_1p50,0.2,1.5,2024,51,0.5077157193969706,1.4239490088733668,2.374876322681949,-0.1651289235985374,3.0746625626370117,0.0092026423996214,0.013602488409276,0.013602488409276,0.6318449169587673,31.84498381472187,0.015943349896201,0.0006318449169587,0.0,0.5,0.5,0.5,0.0,1.0,0.5882352941176471
5,5,buffer_inverse_volatility,regime_dd_vol_target_20pct_max_1p50,0.2,1.5,2025,50,0.628962305366848,1.752124412356722,2.821626751949125,-0.169180383159465,3.717702334164857,0.010637966571568,0.0619212864692231,0.0619212864692231,0.6211315602194601,31.305030635060792,0.0200914131884741,0.0006211315602194,0.0,0.5,0.5,0.5,0.0,1.0,0.64
5,5,buffer_inverse_volatility,regime_dd_vol_target_20pct_max_1p50,0.2,1.5,2026,23,0.9447922184594264,2.5369248986683637,8.400245175594781,-0.0521496845074703,18.116930665689573,0.0139803804779484,-0.0051028978466451,-0.0051028978466451,0.7049472635115283,35.529342080981024,0.0265918861178455,0.0007049472635115,0.0,0.5,0.5,0.5,0.0,1.0,0.6956521739130435
5,5,buffer_inverse_volatility,vol_target_25pct_max_1p25,0.25,1.25,overall,276,0.2638827609693037,0.8985756121764304,1.5314279541565354,-0.5450441561658417,0.4841493262226842,0.0056413109026344,0.0028663001197762,0.0028663001197762,0.631316280575893,31.818340541025005,0.0082934168307447,0.0006313162805758,0.0,0.5298485865593925,0.5,1.0,0.0,0.9782608695652174,0.5507246376811594
5,5,buffer_inverse_volatility,vol_target_25pct_max_1p25,0.25,1.25,2021,51,0.080593152304603,0.4022806634284341,0.6104641503801803,-0.2904841572977713,0.2774442264057386,0.0024864446195399,-0.0374512568836774,-0.0374512568836774,0.6539354496859412,32.95834666417144,0.0024453032527937,0.0006539354496859,0.0,0.6088200117443231,0.5,1.0,0.0,0.8823529411764706,0.5686274509803921
5,5,buffer_inverse_volatility,vol_target_25pct_max_1p25,0.25,1.25,2022,51,-0.3913381739570916,-1.245309111100902,-2.1350965467178753,-0.3730768181940018,-1.0489479776617847,-0.0086167378130577,-0.0535004091128171,-0.0535004091128171,0.5735423709435827,28.906535495556568,-0.0135380517674713,0.0005735423709435,0.0,0.500443906823504,0.5,0.5226392479987088,0.0,1.0,0.392156862745098
5,5,buffer_inverse_volatility,vol_target_25pct_max_1p25,0.25,1.25,2023,50,0.623671570527025,1.8540179390012097,4.226098360002757,-0.2949491573663718,2.114505347619386,0.0104303297180751,0.0351441843403613,0.0351441843403613,0.6331552308653164,31.911023635611947,0.0195440791134955,0.0006331552308653,0.0,0.5458510600333848,0.5,0.6598682595938531,0.0,1.0,0.5
5,5,buffer_inverse_volatility,vol_target_25pct_max_1p25,0.25,1.25,2024,51,0.5376489182401314,1.456370586464818,2.434725070832761,-0.1656607536705943,3.245481541809302,0.0096461567940557,0.013602488409276,0.013602488409276,0.640603944902138,32.286438823067755,0.0166524688952686,0.0006406039449021,0.0,0.5067725310953024,0.5,0.6015277110672625,0.0,1.0,0.5882352941176471
5,5,buffer_inverse_volatility,vol_target_25pct_max_1p25,0.25,1.25,2025,50,0.6332333812717752,1.7590143338129924,2.8359657545448385,-0.169180383159465,3.742948026515024,0.0106925505720617,0.0619212864692231,0.0619212864692231,0.6219914958560144,31.348371391143125,0.0201998813070934,0.000621991495856,0.0,0.5005559591180695,0.5,0.5181667084002896,0.0,1.0,0.64
5,5,buffer_inverse_volatility,vol_target_25pct_max_1p25,0.25,1.25,2026,23,0.9447922184594264,2.5369248986683637,8.400245175594781,-0.0521496845074703,18.116930665689573,0.0139803804779484,-0.0051028978466451,-0.0051028978466451,0.7049472635115283,35.529342080981024,0.0265918861178455,0.0007049472635115,0.0,0.5,0.5,0.5,0.0,1.0,0.6956521739130435
5,5,buffer_inverse_volatility,regime_dd_vol_target_25pct_max_1p25,0.25,1.25,overall,276,0.2437696953017893,0.8644807225520122,1.4507518485809257,-0.5417826780915971,0.449939994686534,0.0052644119850404,0.0028663001197762,0.0028663001197762,0.6097123069179897,30.72950026866668,0.0079327582020703,0.0006097123069179,0.0,0.5126931649028619,0.5,0.65,0.0,1.0,0.5507246376811594
5,5,buffer_inverse_volatility,regime_dd_vol_target_25pct_max_1p25,0.25,1.25,2021,51,-0.0104065338900868,0.1033688363304718,0.143889033966751,-0.2767833781360302,-0.0375981171996981,0.0005792990788216,-0.0374512568836774,-0.0374512568836774,0.5969173319488411,30.08463353022159,-0.000345908614098,0.0005969173319488,0.0,0.5654704555654099,0.5,0.65,0.0,1.0,0.5686274509803921
5,5,buffer_inverse_volatility,regime_dd_vol_target_25pct_max_1p25,0.25,1.25,2022,51,-0.3893261054832365,-1.2384588830366536,-2.127997856217057,-0.3730768181940017,-1.0435548029167148,-0.0085558258689855,-0.0535004091128171,-0.0535004091128171,0.572866601020387,28.872476691427504,-0.013484333527883,0.0005728666010203,0.0,0.5,0.5,0.5,0.0,1.0,0.392156862745098
5,5,buffer_inverse_volatility,regime_dd_vol_target_25pct_max_1p25,0.25,1.25,2023,50,0.6232091174333552,2.0123907973530897,5.198156755671036,-0.248209574445307,2.510818202021773,0.0102896651504797,0.0351441843403613,0.0351441843403613,0.5780257164703296,29.13249611010461,0.0213922320654561,0.0005780257164703,0.0,0.5,0.5,0.5,0.0,1.0,0.5
5,5,buffer_inverse_volatility,regime_dd_vol_target_25pct_max_1p25,0.25,1.25,2024,51,0.5347858596596549,1.4597271874571696,2.4729871684293223,-0.1656607536705943,3.228198881209016,0.0095906085696003,0.013602488409276,0.013602488409276,0.635430753938278,32.02570999848921,0.0166986418001312,0.0006354307539382,0.0,0.5026769083029509,0.5,0.6015277110672625,0.0,1.0,0.5882352941176471
5,5,buffer_inverse_volatility,regime_dd_vol_target_25pct_max_1p25,0.25,1.25,2025,50,0.6332333812717752,1.7590143338129924,2.8359657545448385,-0.169180383159465,3.742948026515024,0.0106925505720617,0.0619212864692231,0.0619212864692231,0.6219914958560144,31.348371391143125,0.0201998813070934,0.000621991495856,0.0,0.5005559591180695,0.5,0.5181667084002896,0.0,1.0,0.64
5,5,buffer_inverse_volatility,regime_dd_vol_target_25pct_max_1p25,0.25,1.25,2026,23,0.9447922184594264,2.5369248986683637,8.400245175594781,-0.0521496845074703,18.116930665689573,0.0139803804779484,-0.0051028978466451,-0.0051028978466451,0.7049472635115283,35.529342080981024,0.0265918861178455,0.0007049472635115,0.0,0.5,0.5,0.5,0.0,1.0,0.6956521739130435
5,5,buffer_inverse_volatility,vol_target_25pct_max_1p50,0.25,1.5,overall,276,0.2638827609693037,0.8985756121764304,1.5314279541565354,-0.5450441561658417,0.4841493262226842,0.0056413109026344,0.0028663001197762,0.0028663001197762,0.631316280575893,31.818340541025005,0.0082934168307447,0.0006313162805758,0.0,0.5298485865593925,0.5,1.0,0.0,0.9782608695652174,0.5507246376811594
5,5,buffer_inverse_volatility,vol_target_25pct_max_1p50,0.25,1.5,2021,51,0.080593152304603,0.4022806634284341,0.6104641503801803,-0.2904841572977713,0.2774442264057386,0.0024864446195399,-0.0374512568836774,-0.0374512568836774,0.6539354496859412,32.95834666417144,0.0024453032527937,0.0006539354496859,0.0,0.6088200117443231,0.5,1.0,0.0,0.8823529411764706,0.5686274509803921
5,5,buffer_inverse_volatility,vol_target_25pct_max_1p50,0.25,1.5,2022,51,-0.3913381739570916,-1.245309111100902,-2.1350965467178753,-0.3730768181940018,-1.0489479776617847,-0.0086167378130577,-0.0535004091128171,-0.0535004091128171,0.5735423709435827,28.906535495556568,-0.0135380517674713,0.0005735423709435,0.0,0.500443906823504,0.5,0.5226392479987088,0.0,1.0,0.392156862745098
5,5,buffer_inverse_volatility,vol_target_25pct_max_1p50,0.25,1.5,2023,50,0.623671570527025,1.8540179390012097,4.226098360002757,-0.2949491573663718,2.114505347619386,0.0104303297180751,0.0351441843403613,0.0351441843403613,0.6331552308653164,31.911023635611947,0.0195440791134955,0.0006331552308653,0.0,0.5458510600333848,0.5,0.6598682595938531,0.0,1.0,0.5
5,5,buffer_inverse_volatility,vol_target_25pct_max_1p50,0.25,1.5,2024,51,0.5376489182401314,1.456370586464818,2.434725070832761,-0.1656607536705943,3.245481541809302,0.0096461567940557,0.013602488409276,0.013602488409276,0.640603944902138,32.286438823067755,0.0166524688952686,0.0006406039449021,0.0,0.5067725310953024,0.5,0.6015277110672625,0.0,1.0,0.5882352941176471
5,5,buffer_inverse_volatility,vol_target_25pct_max_1p50,0.25,1.5,2025,50,0.6332333812717752,1.7590143338129924,2.8359657545448385,-0.169180383159465,3.742948026515024,0.0106925505720617,0.0619212864692231,0.0619212864692231,0.6219914958560144,31.348371391143125,0.0201998813070934,0.000621991495856,0.0,0.5005559591180695,0.5,0.5181667084002896,0.0,1.0,0.64
5,5,buffer_inverse_volatility,vol_target_25pct_max_1p50,0.25,1.5,2026,23,0.9447922184594264,2.5369248986683637,8.400245175594781,-0.0521496845074703,18.116930665689573,0.0139803804779484,-0.0051028978466451,-0.0051028978466451,0.7049472635115283,35.529342080981024,0.0265918861178455,0.0007049472635115,0.0,0.5,0.5,0.5,0.0,1.0,0.6956521739130435
5,5,buffer_inverse_volatility,regime_dd_vol_target_25pct_max_1p50,0.25,1.5,overall,276,0.2437696953017893,0.8644807225520122,1.4507518485809257,-0.5417826780915971,0.449939994686534,0.0052644119850404,0.0028663001197762,0.0028663001197762,0.6097123069179897,30.72950026866668,0.0079327582020703,0.0006097123069179,0.0,0.5126931649028619,0.5,0.65,0.0,1.0,0.5507246376811594
5,5,buffer_inverse_volatility,regime_dd_vol_target_25pct_max_1p50,0.25,1.5,2021,51,-0.0104065338900868,0.1033688363304718,0.143889033966751,-0.2767833781360302,-0.0375981171996981,0.0005792990788216,-0.0374512568836774,-0.0374512568836774,0.5969173319488411,30.08463353022159,-0.000345908614098,0.0005969173319488,0.0,0.5654704555654099,0.5,0.65,0.0,1.0,0.5686274509803921
5,5,buffer_inverse_volatility,regime_dd_vol_target_25pct_max_1p50,0.25,1.5,2022,51,-0.3893261054832365,-1.2384588830366536,-2.127997856217057,-0.3730768181940017,-1.0435548029167148,-0.0085558258689855,-0.0535004091128171,-0.0535004091128171,0.572866601020387,28.872476691427504,-0.013484333527883,0.0005728666010203,0.0,0.5,0.5,0.5,0.0,1.0,0.392156862745098
5,5,buffer_inverse_volatility,regime_dd_vol_target_25pct_max_1p50,0.25,1.5,2023,50,0.6232091174333552,2.0123907973530897,5.198156755671036,-0.248209574445307,2.510818202021773,0.0102896651504797,0.0351441843403613,0.0351441843403613,0.5780257164703296,29.13249611010461,0.0213922320654561,0.0005780257164703,0.0,0.5,0.5,0.5,0.0,1.0,0.5
5,5,buffer_inverse_volatility,regime_dd_vol_target_25pct_max_1p50,0.25,1.5,2024,51,0.5347858596596549,1.4597271874571696,2.4729871684293223,-0.1656607536705943,3.228198881209016,0.0095906085696003,0.013602488409276,0.013602488409276,0.635430753938278,32.02570999848921,0.0166986418001312,0.0006354307539382,0.0,0.5026769083029509,0.5,0.6015277110672625,0.0,1.0,0.5882352941176471
5,5,buffer_inverse_volatility,regime_dd_vol_target_25pct_max_1p50,0.25,1.5,2025,50,0.6332333812717752,1.7590143338129924,2.8359657545448385,-0.169180383159465,3.742948026515024,0.0106925505720617,0.0619212864692231,0.0619212864692231,0.6219914958560144,31.348371391143125,0.0201998813070934,0.000621991495856,0.0,0.5005559591180695,0.5,0.5181667084002896,0.0,1.0,0.64
5,5,buffer_inverse_volatility,regime_dd_vol_target_25pct_max_1p50,0.25,1.5,2026,23,0.9447922184594264,2.5369248986683637,8.400245175594781,-0.0521496845074703,18.116930665689573,0.0139803804779484,-0.0051028978466451,-0.0051028978466451,0.7049472635115283,35.529342080981024,0.0265918861178455,0.0007049472635115,0.0,0.5,0.5,0.5,0.0,1.0,0.6956521739130435
5,5,buffer_inverse_volatility,vol_target_30pct_max_1p25,0.3,1.25,overall,276,0.2600730265364446,0.8444374424329566,1.3922980538746668,-0.5829086247534564,0.4461643137403286,0.0057605289031982,0.0028663001197762,0.0028663001197762,0.6803742191792197,34.29086064663267,0.0075843248501837,0.0006803742191792,0.0,0.5723609888348962,0.5,1.0,0.0,0.9782608695652174,0.5507246376811594
5,5,buffer_inverse_volatility,vol_target_30pct_max_1p25,0.3,1.25,2021,51,0.0105366034146259,0.2050358323403117,0.2942354856113615,-0.3331001049078583,0.0316319426484135,0.0014385121740252,-0.0374512568836774,-0.0374512568836774,0.7357815741485594,37.08339133708739,0.0002841326813626,0.0007357815741485,0.0,0.690556753832927,0.5228730670013466,1.0,0.0,0.8823529411764706,0.5686274509803921
5,5,buffer_inverse_volatility,vol_target_30pct_max_1p25,0.3,1.25,2022,51,-0.4091936734754086,-1.2924104663516127,-2.1658070611527545,-0.3730768181940016,-1.0968080929183492,-0.0091446516706116,-0.0535004091128171,-0.0535004091128171,0.5857956955294736,29.52410305468547,-0.0138596479194469,0.0005857956955294,0.0,0.5100726441985789,0.5,0.6271670975984505,0.0,1.0,0.392156862745098
5,5,buffer_inverse_volatility,vol_target_30pct_max_1p25,0.3,1.25,2023,50,0.6712157010801489,1.7667350301038711,3.804388224900524,-0.34382105786231,1.95222394245832,0.0112188125250355,0.0351441843403613,0.0351441843403613,0.7132652733794322,35.94856977832338,0.0186715550915988,0.0007132652733794,0.0,0.6154458116231879,0.5,0.7918419115126237,0.0,1.0,0.5
5,5,buffer_inverse_volatility,vol_target_30pct_max_1p25,0.3,1.25,2024,51,0.539759914084337,1.3778520338265594,2.1455246411682687,-0.1909925843082863,2.8260778607670742,0.009858096737109,0.013602488409276,0.013602488409276,0.6800452492505427,34.27428056222735,0.0157482492770159,0.0006800452492505,0.0,0.5379933375525989,0.5,0.721833253280715,0.0,1.0,0.5882352941176471
5,5,buffer_inverse_volatility,vol_target_30pct_max_1p25,0.3,1.25,2025,50,0.6532887807674235,1.70451942211673,2.632759891121355,-0.169180383159465,3.861492500295678,0.0110677373837603,0.0619212864692231,0.0619212864692231,0.6533236776520548,32.927513353663564,0.0198402100319773,0.000653323677652,0.0,0.5251573541798673,0.5,0.6218000500803476,0.0,1.0,0.64
5,5,buffer_inverse_volatility,vol_target_30pct_max_1p25,0.3,1.25,2026,23,1.1196755754848748,2.534172686581101,9.238390776944822,-0.0538230778206136,20.80289015088711,0.015905594025055,-0.0051028978466451,-0.0051028978466451,0.7552647163709969,38.06534170509824,0.029414567828112,0.0007552647163709,0.0,0.5335528310212713,0.5,0.5960410411178313,0.0,1.0,0.6956521739130435
5,5,buffer_inverse_volatility,regime_dd_vol_target_30pct_max_1p25,0.3,1.25,overall,276,0.2393016106104655,0.833105047908056,1.3764484873149498,-0.5473862447994551,0.4371713993254215,0.0052627852480145,0.0028663001197762,0.0028663001197762,0.6259918561377062,31.549989549340395,0.0075848396157541,0.0006259918561377,0.0,0.5265900361757999,0.5,0.7236502488211195,0.0,1.0,0.5507246376811594
5,5,buffer_inverse_volatility,regime_dd_vol_target_30pct_max_1p25,0.3,1.25,2021,51,-0.0624221537140335,-0.0710311463338587,-0.0967911111173186,-0.3068176585141152,-0.203450329476919,-0.0004160009452222,-0.0374512568836774,-0.0374512568836774,0.6217749260115384,31.337456270981537,-0.001991934290207,0.0006217749260115,0.0,0.5936018896864784,0.5,0.7236502488211195,0.0,1.0,0.5686274509803921
5,5,buffer_inverse_volatility,regime_dd_vol_target_30pct_max_1p25,0.3,1.25,2022,51,-0.3893261054832365,-1.2384588830366536,-2.127997856217057,-0.3730768181940017,-1.0435548029167148,-0.0085558258689855,-0.0535004091128171,-0.0535004091128171,0.572866601020387,28.872476691427504,-0.013484333527883,0.0005728666010203,0.0,0.5,0.5,0.5,0.0,1.0,0.392156862745098
5,5,buffer_inverse_volatility,regime_dd_vol_target_30pct_max_1p25,0.3,1.25,2023,50,0.6232091174333552,2.0123907973530897,5.198156755671036,-0.248209574445307,2.510818202021773,0.0102896651504797,0.0351441843403613,0.0351441843403613,0.5780257164703296,29.13249611010461,0.0213922320654561,0.0005780257164703,0.0,0.5,0.5,0.5,0.0,1.0,0.5
5,5,buffer_inverse_volatility,regime_dd_vol_target_30pct_max_1p25,0.3,1.25,2024,51,0.5100016767785944,1.375423456449168,2.2074379260611248,-0.1909434133515219,2.670957158599099,0.0093410413076146,0.013602488409276,0.013602488409276,0.6452642398573839,32.52131768881215,0.0156820729608395,0.0006452642398573,0.0,0.5105013880005445,0.5,0.65,0.0,1.0,0.5882352941176471
5,5,buffer_inverse_volatility,regime_dd_vol_target_30pct_max_1p25,0.3,1.25,2025,50,0.6532887807674235,1.70451942211673,2.632759891121355,-0.169180383159465,3.861492500295678,0.0110677373837603,0.0619212864692231,0.0619212864692231,0.6533236776520548,32.927513353663564,0.0198402100319773,0.000653323677652,0.0,0.5251573541798673,0.5,0.6218000500803476,0.0,1.0,0.64
5,5,buffer_inverse_volatility,regime_dd_vol_target_30pct_max_1p25,0.3,1.25,2026,23,1.1196755754848748,2.534172686581101,9.238390776944822,-0.0538230778206136,20.80289015088711,0.015905594025055,-0.0051028978466451,-0.0051028978466451,0.7552647163709969,38.06534170509824,0.029414567828112,0.0007552647163709,0.0,0.5335528310212713,0.5,0.5960410411178313,0.0,1.0,0.6956521739130435
5,5,buffer_inverse_volatility,vol_target_30pct_max_1p50,0.3,1.5,overall,276,0.2600730265364446,0.8444374424329566,1.3922980538746668,-0.5829086247534564,0.4461643137403286,0.0057605289031982,0.0028663001197762,0.0028663001197762,0.6803742191792197,34.29086064663267,0.0075843248501837,0.0006803742191792,0.0,0.5723609888348962,0.5,1.0,0.0,0.9782608695652174,0.5507246376811594
5,5,buffer_inverse_volatility,vol_target_30pct_max_1p50,0.3,1.5,2021,51,0.0105366034146259,0.2050358323403117,0.2942354856113615,-0.3331001049078583,0.0316319426484135,0.0014385121740252,-0.0374512568836774,-0.0374512568836774,0.7357815741485594,37.08339133708739,0.0002841326813626,0.0007357815741485,0.0,0.690556753832927,0.5228730670013466,1.0,0.0,0.8823529411764706,0.5686274509803921
5,5,buffer_inverse_volatility,vol_target_30pct_max_1p50,0.3,1.5,2022,51,-0.4091936734754086,-1.2924104663516127,-2.1658070611527545,-0.3730768181940016,-1.0968080929183492,-0.0091446516706116,-0.0535004091128171,-0.0535004091128171,0.5857956955294736,29.52410305468547,-0.0138596479194469,0.0005857956955294,0.0,0.5100726441985789,0.5,0.6271670975984505,0.0,1.0,0.392156862745098
5,5,buffer_inverse_volatility,vol_target_30pct_max_1p50,0.3,1.5,2023,50,0.6712157010801489,1.7667350301038711,3.804388224900524,-0.34382105786231,1.95222394245832,0.0112188125250355,0.0351441843403613,0.0351441843403613,0.7132652733794322,35.94856977832338,0.0186715550915988,0.0007132652733794,0.0,0.6154458116231879,0.5,0.7918419115126237,0.0,1.0,0.5
5,5,buffer_inverse_volatility,vol_target_30pct_max_1p50,0.3,1.5,2024,51,0.539759914084337,1.3778520338265594,2.1455246411682687,-0.1909925843082863,2.8260778607670742,0.009858096737109,0.013602488409276,0.013602488409276,0.6800452492505427,34.27428056222735,0.0157482492770159,0.0006800452492505,0.0,0.5379933375525989,0.5,0.721833253280715,0.0,1.0,0.5882352941176471
5,5,buffer_inverse_volatility,vol_target_30pct_max_1p50,0.3,1.5,2025,50,0.6532887807674235,1.70451942211673,2.632759891121355,-0.169180383159465,3.861492500295678,0.0110677373837603,0.0619212864692231,0.0619212864692231,0.6533236776520548,32.927513353663564,0.0198402100319773,0.000653323677652,0.0,0.5251573541798673,0.5,0.6218000500803476,0.0,1.0,0.64
5,5,buffer_inverse_volatility,vol_target_30pct_max_1p50,0.3,1.5,2026,23,1.1196755754848748,2.534172686581101,9.238390776944822,-0.0538230778206136,20.80289015088711,0.015905594025055,-0.0051028978466451,-0.0051028978466451,0.7552647163709969,38.06534170509824,0.029414567828112,0.0007552647163709,0.0,0.5335528310212713,0.5,0.5960410411178313,0.0,1.0,0.6956521739130435
5,5,buffer_inverse_volatility,regime_dd_vol_target_30pct_max_1p50,0.3,1.5,overall,276,0.2393016106104655,0.833105047908056,1.3764484873149498,-0.5473862447994551,0.4371713993254215,0.0052627852480145,0.0028663001197762,0.0028663001197762,0.6259918561377062,31.549989549340395,0.0075848396157541,0.0006259918561377,0.0,0.5265900361757999,0.5,0.7236502488211195,0.0,1.0,0.5507246376811594
5,5,buffer_inverse_volatility,regime_dd_vol_target_30pct_max_1p50,0.3,1.5,2021,51,-0.0624221537140335,-0.0710311463338587,-0.0967911111173186,-0.3068176585141152,-0.203450329476919,-0.0004160009452222,-0.0374512568836774,-0.0374512568836774,0.6217749260115384,31.337456270981537,-0.001991934290207,0.0006217749260115,0.0,0.5936018896864784,0.5,0.7236502488211195,0.0,1.0,0.5686274509803921
5,5,buffer_inverse_volatility,regime_dd_vol_target_30pct_max_1p50,0.3,1.5,2022,51,-0.3893261054832365,-1.2384588830366536,-2.127997856217057,-0.3730768181940017,-1.0435548029167148,-0.0085558258689855,-0.0535004091128171,-0.0535004091128171,0.572866601020387,28.872476691427504,-0.013484333527883,0.0005728666010203,0.0,0.5,0.5,0.5,0.0,1.0,0.392156862745098
5,5,buffer_inverse_volatility,regime_dd_vol_target_30pct_max_1p50,0.3,1.5,2023,50,0.6232091174333552,2.0123907973530897,5.198156755671036,-0.248209574445307,2.510818202021773,0.0102896651504797,0.0351441843403613,0.0351441843403613,0.5780257164703296,29.13249611010461,0.0213922320654561,0.0005780257164703,0.0,0.5,0.5,0.5,0.0,1.0,0.5
5,5,buffer_inverse_volatility,regime_dd_vol_target_30pct_max_1p50,0.3,1.5,2024,51,0.5100016767785944,1.375423456449168,2.2074379260611248,-0.1909434133515219,2.670957158599099,0.0093410413076146,0.013602488409276,0.013602488409276,0.6452642398573839,32.52131768881215,0.0156820729608395,0.0006452642398573,0.0,0.5105013880005445,0.5,0.65,0.0,1.0,0.5882352941176471
5,5,buffer_inverse_volatility,regime_dd_vol_target_30pct_max_1p50,0.3,1.5,2025,50,0.6532887807674235,1.70451942211673,2.632759891121355,-0.169180383159465,3.861492500295678,0.0110677373837603,0.0619212864692231,0.0619212864692231,0.6533236776520548,32.927513353663564,0.0198402100319773,0.000653323677652,0.0,0.5251573541798673,0.5,0.6218000500803476,0.0,1.0,0.64
5,5,buffer_inverse_volatility,regime_dd_vol_target_30pct_max_1p50,0.3,1.5,2026,23,1.1196755754848748,2.534172686581101,9.238390776944822,-0.0538230778206136,20.80289015088711,0.015905594025055,-0.0051028978466451,-0.0051028978466451,0.7552647163709969,38.06534170509824,0.029414567828112,0.0007552647163709,0.0,0.5335528310212713,0.5,0.5960410411178313,0.0,1.0,0.6956521739130435
5,10,equal_weight,static_1x,,1.0,overall,140,0.5913538165421077,1.0658046296523345,2.074344267598205,-0.8127127498139648,0.7276295550641632,0.0257104091613973,0.0015592847970898,0.0045524636531632,1.4371428571428573,36.216,0.0163285237613791,0.0014371428571428,0.0,1.0,1.0,1.0,0.0,0.0,0.5642857142857143
5,10,equal_weight,static_1x,,1.0,2021,26,0.0199407981335189,0.2962961738794485,0.4428079768517192,-0.403903210034062,0.0493702393002453,0.0061719529271432,-0.0445229293955914,-0.0807620074278335,1.353846153846154,34.11692307692308,0.0005844840722757,0.0013538461538461,0.0,1.0,1.0,1.0,0.0,0.0,0.5384615384615384
5,10,equal_weight,static_1x,,1.0,2022,26,-0.5796288564300655,-0.98823886868886,-2.559459295575141,-0.6162398139944734,-0.9405897562393848,-0.0258591643889418,-0.0689777610508806,-0.0572385445766801,1.2769230769230768,32.178461538461534,-0.0180129449550364,0.001276923076923,0.0,1.0,1.0,1.0,0.0,0.0,0.3076923076923077
5,10,equal_weight,static_1x,,1.0,2023,25,2.3549921574731254,2.0748733893313323,6.407865909948167,-0.3868804594919286,6.087131308119885,0.0577770840588272,0.0416146207668993,0.0151402935298394,1.408,35.4816,0.0663722086228672,0.001408,0.0,1.0,1.0,1.0,0.0,0.0,0.52
5,10,equal_weight,static_1x,,1.0,2024,26,1.0991015988565391,1.4627093104352773,1.976160978846057,-0.266441296089932,4.1251172959523466,0.0383894185363019,0.0065247377719998,0.0505688496452098,1.4923076923076926,37.60615384615385,0.0292266420903596,0.0014923076923076,0.0,1.0,1.0,1.0,0.0,0.0,0.6923076923076923
5,10,equal_weight,static_1x,,1.0,2025,25,1.8872910415231972,2.6362179501722336,4.498654826804234,-0.1913034228486341,9.86543269022681,0.0467130896126992,0.0904421782646724,0.0711768626195664,1.536,38.7072,0.0487581390935845,0.0015359999999999,0.0,1.0,1.0,1.0,0.0,0.0,0.76
5,10,equal_weight,static_1x,,1.0,2026,12,1.5034748890284677,2.0256490725883745,4.516233658849355,-0.1145604226726993,13.123859479149395,0.0417454630725316,-0.0251454445550358,0.0627200224208007,1.7000000000000002,42.84,0.0350951187915141,0.0017,0.0,1.0,1.0,1.0,0.0,0.0,0.5833333333333334
5,10,equal_weight,legacy_risk_scaled,,1.0,overall,140,0.3820325319892088,1.0900601961651102,2.077763183626564,-0.5464268555013192,0.6991466984885162,0.015296809008623,0.0015592847970898,0.0045524636531632,0.7767857142857145,19.575000000000006,0.0195163490160515,0.0007767857142857,0.0,0.5335714285714287,0.45,1.0,0.0,0.8714285714285714,0.5642857142857143
5,10,equal_weight,legacy_risk_scaled,,1.0,2021,26,-0.1377854591921054,-0.3292056746654071,-0.3678592261860042,-0.3211415472833933,-0.4290489983549708,-0.0039794005245693,-0.0445229293955914,-0.0807620074278335,0.7403846153846154,18.657692307692308,-0.0073849143248706,0.0007403846153846,0.0,0.5346153846153846,0.45,1.0,0.0,0.8461538461538461,0.5384615384615384
5,10,equal_weight,legacy_risk_scaled,,1.0,2022,26,-0.2859955260250794,-0.9882388686888602,-2.559459295575141,-0.3268527384289914,-0.8749981028144629,-0.0116366239750238,-0.0689777610508806,-0.0572385445766801,0.5746153846153846,14.480307692307692,-0.0197506525484266,0.0005746153846153,0.0,0.4499999999999999,0.45,0.45,0.0,1.0,0.3076923076923077
5,10,equal_weight,legacy_risk_scaled,,1.0,2023,25,1.0437437476215274,2.199002299976443,7.648169335328778,-0.192308337058042,5.427449291012834,0.0310321748234201,0.0416146207668993,0.0151402935298394,0.6816,17.17632,0.0607664358617868,0.0006816,0.0,0.486,0.45,0.75,0.0,1.0,0.52
5,10,equal_weight,legacy_risk_scaled,,1.0,2024,26,0.8995091860688909,1.5798514136939552,2.662651672094692,-0.1198985832404694,7.502250333223946,0.0298675405137793,0.0065247377719998,0.0505688496452098,0.958076923076923,24.14353846153846,0.0372567255417776,0.0009580769230769,0.0,0.6423076923076922,0.45,1.0,0.0,0.6923076923076923,0.6923076923076923
5,10,equal_weight,legacy_risk_scaled,,1.0,2025,25,1.0560188235321355,2.462636201484788,6.304713972616523,-0.0975353764877172,10.827033857455008,0.0307913589464485,0.0904421782646724,0.0711768626195664,0.9372,23.61744,0.0447135177873696,0.0009372,0.0,0.594,0.45,1.0,0.0,0.76,0.76
5,10,equal_weight,legacy_risk_scaled,,1.0,2026,12,0.5605461915013046,2.0256490725883736,4.516233658849355,-0.0509115631514509,11.010194085650054,0.0187854583826392,-0.0251454445550358,0.0627200224208007,0.7650000000000002,19.27800000000001,0.0290769888733947,0.000765,0.0,0.45,0.45,0.45,0.0,1.0,0.5833333333333334
5,10,equal_weight,vol_target_20pct_max_1p25,0.2,1.25,overall,140,0.3429972249372464,1.0913017641182448,2.1679874643134514,-0.5413518157244809,0.6335939309231275,0.0137073698080784,0.0015592847970898,0.0045524636531632,0.7508753578981566,18.922059019033547,0.0181268446838807,0.0007508753578981,0.0,0.5215091075205068,0.5,1.0,0.0,0.9571428571428572,0.5642857142857143
5,10,equal_weight,vol_target_20pct_max_1p25,0.2,1.25,2021,26,0.1507593150957846,0.5764433297695603,1.0286308003138658,-0.2462618470113012,0.6121911165917071,0.0077237076298932,-0.0445229293955914,-0.0807620074278335,0.8500000000000001,21.42,0.0070382500044717,0.00085,0.0,0.6153846153846154,0.5,1.0,0.0,0.7692307692307693,0.5384615384615384
5,10,equal_weight,vol_target_20pct_max_1p25,0.2,1.25,2022,26,-0.315898013778575,-0.98823886868886,-2.559459295575141,-0.3580573564223763,-0.8822553373430241,-0.0129295821944709,-0.0689777610508806,-0.0572385445766801,0.6384615384615384,16.089230769230767,-0.0196341278405119,0.0006384615384615,0.0,0.5,0.5,0.5,0.0,1.0,0.3076923076923077
5,10,equal_weight,vol_target_20pct_max_1p25,0.2,1.25,2023,25,0.94048117173492,2.0748733893313323,6.407865909948167,-0.2117505724995089,4.441457515951232,0.0288885420294136,0.0416146207668993,0.0151402935298394,0.704,17.7408,0.0530123315597334,0.000704,0.0,0.5,0.5,0.5,0.0,1.0,0.52
5,10,equal_weight,vol_target_20pct_max_1p25,0.2,1.25,2024,26,0.5329520413474782,1.4627093104352773,1.976160978846057,-0.1332206480449661,4.000521309336299,0.0191947092681509,0.0065247377719998,0.0505688496452098,0.7461538461538463,18.80307692307693,0.0283438739057323,0.0007461538461538,0.0,0.5,0.5,0.5,0.0,1.0,0.6923076923076923
5,10,equal_weight,vol_target_20pct_max_1p25,0.2,1.25,2025,25,0.7483333081690553,2.6362179501722336,4.498654826804234,-0.0965192225137557,7.753204892034889,0.0233565448063496,0.0904421782646724,0.0711768626195664,0.768,19.3536,0.0386663622359176,0.0007679999999999,0.0,0.5,0.5,0.5,0.0,1.0,0.76
5,10,equal_weight,vol_target_20pct_max_1p25,0.2,1.25,2026,12,0.6295125884828168,2.008609285485195,4.4119837912391695,-0.0578350069399279,10.884628908866198,0.0207662416620002,-0.0251454445550358,0.0627200224208007,0.8518791754784926,21.46735522205801,0.0293241799919527,0.0008518791754784,0.0,0.5009395877392463,0.5,0.5112750528709554,0.0,1.0,0.5833333333333334
5,10,equal_weight,regime_dd_vol_target_20pct_max_1p25,0.2,1.25,overall,140,0.3232475572360933,1.0667420567809869,2.1005185126592796,-0.5413518157244809,0.5971118002135031,0.013005624458875,0.0015592847970898,0.0045524636531632,0.7333753578981566,18.481059019033545,0.0174907486039183,0.0007333753578981,0.0,0.5090091075205069,0.5,1.0,0.0,0.9928571428571428,0.5642857142857143
5,10,equal_weight,regime_dd_vol_target_20pct_max_1p25,0.2,1.25,2021,26,0.0625265882976402,0.3508315555571317,0.5692887635531456,-0.2193200639232406,0.2850928783219933,0.0039450788264901,-0.0445229293955914,-0.0807620074278335,0.7557692307692309,19.045384615384616,0.0032830310104177,0.0007557692307692,0.0,0.5480769230769231,0.5,1.0,0.0,0.9615384615384616,0.5384615384615384
5,10,equal_weight,regime_dd_vol_target_20pct_max_1p25,0.2,1.25,2022,26,-0.315898013778575,-0.98823886868886,-2.559459295575141,-0.3580573564223763,-0.8822553373430241,-0.0129295821944709,-0.0689777610508806,-0.0572385445766801,0.6384615384615384,16.089230769230767,-0.0196341278405119,0.0006384615384615,0.0,0.5,0.5,0.5,0.0,1.0,0.3076923076923077
5,10,equal_weight,regime_dd_vol_target_20pct_max_1p25,0.2,1.25,2023,25,0.94048117173492,2.0748733893313323,6.407865909948167,-0.2117505724995089,4.441457515951232,0.0288885420294136,0.0416146207668993,0.0151402935298394,0.704,17.7408,0.0530123315597334,0.000704,0.0,0.5,0.5,0.5,0.0,1.0,0.52
5,10,equal_weight,regime_dd_vol_target_20pct_max_1p25,0.2,1.25,2024,26,0.5329520413474782,1.4627093104352773,1.976160978846057,-0.1332206480449661,4.000521309336299,0.0191947092681509,0.0065247377719998,0.0505688496452098,0.7461538461538463,18.80307692307693,0.0283438739057323,0.0007461538461538,0.0,0.5,0.5,0.5,0.0,1.0,0.6923076923076923
5,10,equal_weight,regime_dd_vol_target_20pct_max_1p25,0.2,1.25,2025,25,0.7483333081690553,2.6362179501722336,4.498654826804234,-0.0965192225137557,7.753204892034889,0.0233565448063496,0.0904421782646724,0.0711768626195664,0.768,19.3536,0.0386663622359176,0.0007679999999999,0.0,0.5,0.5,0.5,0.0,1.0,0.76
5,10,equal_weight,regime_dd_vol_target_20pct_max_1p25,0.2,1.25,2026,12,0.6295125884828168,2.008609285485195,4.4119837912391695,-0.0578350069399279,10.884628908866198,0.0207662416620002,-0.0251454445550358,0.0627200224208007,0.8518791754784926,21.46735522205801,0.0293241799919527,0.0008518791754784,0.0,0.5009395877392463,0.5,0.5112750528709554,0.0,1.0,0.5833333333333334
5,10,equal_weight,vol_target_20pct_max_1p50,0.2,1.5,overall,140,0.3429972249372464,1.0913017641182448,2.1679874643134514,-0.5413518157244809,0.6335939309231275,0.0137073698080784,0.0015592847970898,0.0045524636531632,0.7508753578981566,18.922059019033547,0.0181268446838807,0.0007508753578981,0.0,0.5215091075205068,0.5,1.0,0.0,0.9571428571428572,0.5642857142857143
5,10,equal_weight,vol_target_20pct_max_1p50,0.2,1.5,2021,26,0.1507593150957846,0.5764433297695603,1.0286308003138658,-0.2462618470113012,0.6121911165917071,0.0077237076298932,-0.0445229293955914,-0.0807620074278335,0.8500000000000001,21.42,0.0070382500044717,0.00085,0.0,0.6153846153846154,0.5,1.0,0.0,0.7692307692307693,0.5384615384615384
5,10,equal_weight,vol_target_20pct_max_1p50,0.2,1.5,2022,26,-0.315898013778575,-0.98823886868886,-2.559459295575141,-0.3580573564223763,-0.8822553373430241,-0.0129295821944709,-0.0689777610508806,-0.0572385445766801,0.6384615384615384,16.089230769230767,-0.0196341278405119,0.0006384615384615,0.0,0.5,0.5,0.5,0.0,1.0,0.3076923076923077
5,10,equal_weight,vol_target_20pct_max_1p50,0.2,1.5,2023,25,0.94048117173492,2.0748733893313323,6.407865909948167,-0.2117505724995089,4.441457515951232,0.0288885420294136,0.0416146207668993,0.0151402935298394,0.704,17.7408,0.0530123315597334,0.000704,0.0,0.5,0.5,0.5,0.0,1.0,0.52
5,10,equal_weight,vol_target_20pct_max_1p50,0.2,1.5,2024,26,0.5329520413474782,1.4627093104352773,1.976160978846057,-0.1332206480449661,4.000521309336299,0.0191947092681509,0.0065247377719998,0.0505688496452098,0.7461538461538463,18.80307692307693,0.0283438739057323,0.0007461538461538,0.0,0.5,0.5,0.5,0.0,1.0,0.6923076923076923
5,10,equal_weight,vol_target_20pct_max_1p50,0.2,1.5,2025,25,0.7483333081690553,2.6362179501722336,4.498654826804234,-0.0965192225137557,7.753204892034889,0.0233565448063496,0.0904421782646724,0.0711768626195664,0.768,19.3536,0.0386663622359176,0.0007679999999999,0.0,0.5,0.5,0.5,0.0,1.0,0.76
5,10,equal_weight,vol_target_20pct_max_1p50,0.2,1.5,2026,12,0.6295125884828168,2.008609285485195,4.4119837912391695,-0.0578350069399279,10.884628908866198,0.0207662416620002,-0.0251454445550358,0.0627200224208007,0.8518791754784926,21.46735522205801,0.0293241799919527,0.0008518791754784,0.0,0.5009395877392463,0.5,0.5112750528709554,0.0,1.0,0.5833333333333334
5,10,equal_weight,regime_dd_vol_target_20pct_max_1p50,0.2,1.5,overall,140,0.3232475572360933,1.0667420567809869,2.1005185126592796,-0.5413518157244809,0.5971118002135031,0.013005624458875,0.0015592847970898,0.0045524636531632,0.7333753578981566,18.481059019033545,0.0174907486039183,0.0007333753578981,0.0,0.5090091075205069,0.5,1.0,0.0,0.9928571428571428,0.5642857142857143
5,10,equal_weight,regime_dd_vol_target_20pct_max_1p50,0.2,1.5,2021,26,0.0625265882976402,0.3508315555571317,0.5692887635531456,-0.2193200639232406,0.2850928783219933,0.0039450788264901,-0.0445229293955914,-0.0807620074278335,0.7557692307692309,19.045384615384616,0.0032830310104177,0.0007557692307692,0.0,0.5480769230769231,0.5,1.0,0.0,0.9615384615384616,0.5384615384615384
5,10,equal_weight,regime_dd_vol_target_20pct_max_1p50,0.2,1.5,2022,26,-0.315898013778575,-0.98823886868886,-2.559459295575141,-0.3580573564223763,-0.8822553373430241,-0.0129295821944709,-0.0689777610508806,-0.0572385445766801,0.6384615384615384,16.089230769230767,-0.0196341278405119,0.0006384615384615,0.0,0.5,0.5,0.5,0.0,1.0,0.3076923076923077
5,10,equal_weight,regime_dd_vol_target_20pct_max_1p50,0.2,1.5,2023,25,0.94048117173492,2.0748733893313323,6.407865909948167,-0.2117505724995089,4.441457515951232,0.0288885420294136,0.0416146207668993,0.0151402935298394,0.704,17.7408,0.0530123315597334,0.000704,0.0,0.5,0.5,0.5,0.0,1.0,0.52
5,10,equal_weight,regime_dd_vol_target_20pct_max_1p50,0.2,1.5,2024,26,0.5329520413474782,1.4627093104352773,1.976160978846057,-0.1332206480449661,4.000521309336299,0.0191947092681509,0.0065247377719998,0.0505688496452098,0.7461538461538463,18.80307692307693,0.0283438739057323,0.0007461538461538,0.0,0.5,0.5,0.5,0.0,1.0,0.6923076923076923
5,10,equal_weight,regime_dd_vol_target_20pct_max_1p50,0.2,1.5,2025,25,0.7483333081690553,2.6362179501722336,4.498654826804234,-0.0965192225137557,7.753204892034889,0.0233565448063496,0.0904421782646724,0.0711768626195664,0.768,19.3536,0.0386663622359176,0.0007679999999999,0.0,0.5,0.5,0.5,0.0,1.0,0.76
5,10,equal_weight,regime_dd_vol_target_20pct_max_1p50,0.2,1.5,2026,12,0.6295125884828168,2.008609285485195,4.4119837912391695,-0.0578350069399279,10.884628908866198,0.0207662416620002,-0.0251454445550358,0.0627200224208007,0.8518791754784926,21.46735522205801,0.0293241799919527,0.0008518791754784,0.0,0.5009395877392463,0.5,0.5112750528709554,0.0,1.0,0.5833333333333334
5,10,equal_weight,vol_target_25pct_max_1p25,0.25,1.25,overall,140,0.355767176067407,1.103577505672239,2.199983068095451,-0.54802196059533,0.6491841598481349,0.0141760294402642,0.0015592847970898,0.0045524636531632,0.7714742456764211,19.44115099104581,0.0182996971851752,0.0007714742456764,0.0,0.534194515524914,0.5,1.0,0.0,0.9571428571428572,0.5642857142857143
5,10,equal_weight,vol_target_25pct_max_1p25,0.25,1.25,2021,26,0.1289736070702318,0.516111781675169,0.8898176550523579,-0.2512818580356005,0.5132627085715016,0.0070591840862069,-0.0445229293955914,-0.0807620074278335,0.8645366885260243,21.78632455085581,0.0059199341664615,0.000864536688526,0.0,0.6249945675785893,0.5,1.0,0.0,0.7692307692307693,0.5384615384615384
5,10,equal_weight,vol_target_25pct_max_1p25,0.25,1.25,2022,26,-0.3135230355425507,-0.9696954027064072,-2.531672209450003,-0.3580801245384266,-0.8755667071627864,-0.01276897372417,-0.0689777610508806,-0.0572385445766801,0.6426501006460652,16.194782536280844,-0.0193595088319445,0.000642650100646,0.0,0.5021847312020971,0.5,0.533285982697766,0.0,1.0,0.3076923076923077
5,10,equal_weight,vol_target_25pct_max_1p25,0.25,1.25,2023,25,0.94048117173492,2.0748733893313323,6.407865909948167,-0.2117505724995089,4.441457515951232,0.0288885420294136,0.0416146207668993,0.0151402935298394,0.704,17.7408,0.0530123315597334,0.000704,0.0,0.5,0.5,0.5,0.0,1.0,0.52
5,10,equal_weight,vol_target_25pct_max_1p25,0.25,1.25,2024,26,0.5329520413474782,1.4627093104352773,1.976160978846057,-0.1332206480449661,4.000521309336299,0.0191947092681509,0.0065247377719998,0.0505688496452098,0.7461538461538463,18.80307692307693,0.0283438739057323,0.0007461538461538,0.0,0.5,0.5,0.5,0.0,1.0,0.6923076923076923
5,10,equal_weight,vol_target_25pct_max_1p25,0.25,1.25,2025,25,0.8047161310748863,2.653368513326052,4.808640014179004,-0.0965192225137557,8.337366486351454,0.0247428300377516,0.0904421782646724,0.0711768626195664,0.7974862909962276,20.096654533104935,0.0400422930965593,0.0007974862909962,0.0,0.5218155318160085,0.5,0.6063302850947254,0.0,1.0,0.76
5,10,equal_weight,vol_target_25pct_max_1p25,0.25,1.25,2026,12,0.7620305873805144,1.9793935150900936,4.174473430610103,-0.0722807069648363,10.542655424652011,0.0244376591310811,-0.0251454445550358,0.0627200224208007,0.9901983834432444,24.952999262769755,0.0305386370334036,0.0009901983834432,0.0,0.5779318424824922,0.5182387350423897,0.6390938160886943,0.0,1.0,0.5833333333333334
5,10,equal_weight,regime_dd_vol_target_25pct_max_1p25,0.25,1.25,overall,140,0.3349702241004579,1.0778976493389314,2.127620251480491,-0.5496352041178245,0.6094409921178391,0.0134444568037191,0.0015592847970898,0.0045524636531632,0.7531963698421519,18.98054852002223,0.0176480792294861,0.0007531963698421,0.0,0.5212887797302388,0.5,1.0,0.0,0.9928571428571428,0.5642857142857143
5,10,equal_weight,regime_dd_vol_target_25pct_max_1p25,0.25,1.25,2021,26,0.042411266424176,0.2836209969756171,0.4421801796595078,-0.233192043074831,0.181872699706852,0.0032805552828039,-0.0445229293955914,-0.0807620074278335,0.7703059192952549,19.411709166240424,0.0021848290668775,0.0007703059192952,0.0,0.5576868752708969,0.5,1.0,0.0,0.9615384615384616,0.5384615384615384
5,10,equal_weight,regime_dd_vol_target_25pct_max_1p25,0.25,1.25,2022,26,-0.315898013778575,-0.98823886868886,-2.559459295575141,-0.3580573564223763,-0.8822553373430241,-0.0129295821944709,-0.0689777610508806,-0.0572385445766801,0.6384615384615384,16.089230769230767,-0.0196341278405119,0.0006384615384615,0.0,0.5,0.5,0.5,0.0,1.0,0.3076923076923077
5,10,equal_weight,regime_dd_vol_target_25pct_max_1p25,0.25,1.25,2023,25,0.94048117173492,2.0748733893313323,6.407865909948167,-0.2117505724995089,4.441457515951232,0.0288885420294136,0.0416146207668993,0.0151402935298394,0.704,17.7408,0.0530123315597334,0.000704,0.0,0.5,0.5,0.5,0.0,1.0,0.52
5,10,equal_weight,regime_dd_vol_target_25pct_max_1p25,0.25,1.25,2024,26,0.5329520413474782,1.4627093104352773,1.976160978846057,-0.1332206480449661,4.000521309336299,0.0191947092681509,0.0065247377719998,0.0505688496452098,0.7461538461538463,18.80307692307693,0.0283438739057323,0.0007461538461538,0.0,0.5,0.5,0.5,0.0,1.0,0.6923076923076923
5,10,equal_weight,regime_dd_vol_target_25pct_max_1p25,0.25,1.25,2025,25,0.8047161310748863,2.653368513326052,4.808640014179004,-0.0965192225137557,8.337366486351454,0.0247428300377516,0.0904421782646724,0.0711768626195664,0.7974862909962276,20.096654533104935,0.0400422930965593,0.0007974862909962,0.0,0.5218155318160085,0.5,0.6063302850947254,0.0,1.0,0.76
5,10,equal_weight,regime_dd_vol_target_25pct_max_1p25,0.25,1.25,2026,12,0.7620305873805144,1.9793935150900936,4.174473430610103,-0.0722807069648363,10.542655424652011,0.0244376591310811,-0.0251454445550358,0.0627200224208007,0.9901983834432444,24.952999262769755,0.0305386370334036,0.0009901983834432,0.0,0.5779318424824922,0.5182387350423897,0.6390938160886943,0.0,1.0,0.5833333333333334
5,10,equal_weight,vol_target_25pct_max_1p50,0.25,1.5,overall,140,0.355767176067407,1.103577505672239,2.199983068095451,-0.54802196059533,0.6491841598481349,0.0141760294402642,0.0015592847970898,0.0045524636531632,0.7714742456764211,19.44115099104581,0.0182996971851752,0.0007714742456764,0.0,0.534194515524914,0.5,1.0,0.0,0.9571428571428572,0.5642857142857143
5,10,equal_weight,vol_target_25pct_max_1p50,0.25,1.5,2021,26,0.1289736070702318,0.516111781675169,0.8898176550523579,-0.2512818580356005,0.5132627085715016,0.0070591840862069,-0.0445229293955914,-0.0807620074278335,0.8645366885260243,21.78632455085581,0.0059199341664615,0.000864536688526,0.0,0.6249945675785893,0.5,1.0,0.0,0.7692307692307693,0.5384615384615384
5,10,equal_weight,vol_target_25pct_max_1p50,0.25,1.5,2022,26,-0.3135230355425507,-0.9696954027064072,-2.531672209450003,-0.3580801245384266,-0.8755667071627864,-0.01276897372417,-0.0689777610508806,-0.0572385445766801,0.6426501006460652,16.194782536280844,-0.0193595088319445,0.000642650100646,0.0,0.5021847312020971,0.5,0.533285982697766,0.0,1.0,0.3076923076923077
5,10,equal_weight,vol_target_25pct_max_1p50,0.25,1.5,2023,25,0.94048117173492,2.0748733893313323,6.407865909948167,-0.2117505724995089,4.441457515951232,0.0288885420294136,0.0416146207668993,0.0151402935298394,0.704,17.7408,0.0530123315597334,0.000704,0.0,0.5,0.5,0.5,0.0,1.0,0.52
5,10,equal_weight,vol_target_25pct_max_1p50,0.25,1.5,2024,26,0.5329520413474782,1.4627093104352773,1.976160978846057,-0.1332206480449661,4.000521309336299,0.0191947092681509,0.0065247377719998,0.0505688496452098,0.7461538461538463,18.80307692307693,0.0283438739057323,0.0007461538461538,0.0,0.5,0.5,0.5,0.0,1.0,0.6923076923076923
5,10,equal_weight,vol_target_25pct_max_1p50,0.25,1.5,2025,25,0.8047161310748863,2.653368513326052,4.808640014179004,-0.0965192225137557,8.337366486351454,0.0247428300377516,0.0904421782646724,0.0711768626195664,0.7974862909962276,20.096654533104935,0.0400422930965593,0.0007974862909962,0.0,0.5218155318160085,0.5,0.6063302850947254,0.0,1.0,0.76
5,10,equal_weight,vol_target_25pct_max_1p50,0.25,1.5,2026,12,0.7620305873805144,1.9793935150900936,4.174473430610103,-0.0722807069648363,10.542655424652011,0.0244376591310811,-0.0251454445550358,0.0627200224208007,0.9901983834432444,24.952999262769755,0.0305386370334036,0.0009901983834432,0.0,0.5779318424824922,0.5182387350423897,0.6390938160886943,0.0,1.0,0.5833333333333334
5,10,equal_weight,regime_dd_vol_target_25pct_max_1p50,0.25,1.5,overall,140,0.3349702241004579,1.0778976493389314,2.127620251480491,-0.5496352041178245,0.6094409921178391,0.0134444568037191,0.0015592847970898,0.0045524636531632,0.7531963698421519,18.98054852002223,0.0176480792294861,0.0007531963698421,0.0,0.5212887797302388,0.5,1.0,0.0,0.9928571428571428,0.5642857142857143
5,10,equal_weight,regime_dd_vol_target_25pct_max_1p50,0.25,1.5,2021,26,0.042411266424176,0.2836209969756171,0.4421801796595078,-0.233192043074831,0.181872699706852,0.0032805552828039,-0.0445229293955914,-0.0807620074278335,0.7703059192952549,19.411709166240424,0.0021848290668775,0.0007703059192952,0.0,0.5576868752708969,0.5,1.0,0.0,0.9615384615384616,0.5384615384615384
5,10,equal_weight,regime_dd_vol_target_25pct_max_1p50,0.25,1.5,2022,26,-0.315898013778575,-0.98823886868886,-2.559459295575141,-0.3580573564223763,-0.8822553373430241,-0.0129295821944709,-0.0689777610508806,-0.0572385445766801,0.6384615384615384,16.089230769230767,-0.0196341278405119,0.0006384615384615,0.0,0.5,0.5,0.5,0.0,1.0,0.3076923076923077
5,10,equal_weight,regime_dd_vol_target_25pct_max_1p50,0.25,1.5,2023,25,0.94048117173492,2.0748733893313323,6.407865909948167,-0.2117505724995089,4.441457515951232,0.0288885420294136,0.0416146207668993,0.0151402935298394,0.704,17.7408,0.0530123315597334,0.000704,0.0,0.5,0.5,0.5,0.0,1.0,0.52
5,10,equal_weight,regime_dd_vol_target_25pct_max_1p50,0.25,1.5,2024,26,0.5329520413474782,1.4627093104352773,1.976160978846057,-0.1332206480449661,4.000521309336299,0.0191947092681509,0.0065247377719998,0.0505688496452098,0.7461538461538463,18.80307692307693,0.0283438739057323,0.0007461538461538,0.0,0.5,0.5,0.5,0.0,1.0,0.6923076923076923
5,10,equal_weight,regime_dd_vol_target_25pct_max_1p50,0.25,1.5,2025,25,0.8047161310748863,2.653368513326052,4.808640014179004,-0.0965192225137557,8.337366486351454,0.0247428300377516,0.0904421782646724,0.0711768626195664,0.7974862909962276,20.096654533104935,0.0400422930965593,0.0007974862909962,0.0,0.5218155318160085,0.5,0.6063302850947254,0.0,1.0,0.76
5,10,equal_weight,regime_dd_vol_target_25pct_max_1p50,0.25,1.5,2026,12,0.7620305873805144,1.9793935150900936,4.174473430610103,-0.0722807069648363,10.542655424652011,0.0244376591310811,-0.0251454445550358,0.0627200224208007,0.9901983834432444,24.952999262769755,0.0305386370334036,0.0009901983834432,0.0,0.5779318424824922,0.5182387350423897,0.6390938160886943,0.0,1.0,0.5833333333333334
5,10,equal_weight,vol_target_30pct_max_1p25,0.3,1.25,overall,140,0.3597031591517818,1.0700487905390852,2.087396746434837,-0.5862249020928723,0.6135924247973965,0.0145372523959761,0.0015592847970898,0.0045524636531632,0.8245029486101145,20.777474304974884,0.0173121696059879,0.0008245029486101,0.0,0.5688290189546388,0.5,1.0,0.0,0.9571428571428572,0.5642857142857143
5,10,equal_weight,vol_target_30pct_max_1p25,0.3,1.25,2021,26,0.0721798265585289,0.3659731021932644,0.5878874272649888,-0.2750207606051102,0.2624522832375141,0.0054307208068503,-0.0445229293955914,-0.0807620074278335,0.9465370279856457,23.85273310523827,0.0030260610488563,0.0009465370279856,0.0,0.6836336762392214,0.5,1.0,0.0,0.7692307692307693,0.5384615384615384
5,10,equal_weight,vol_target_30pct_max_1p25,0.3,1.25,2022,26,-0.3346279608671334,-0.985147900959602,-2.494186737227022,-0.3721062848241271,-0.899280594052026,-0.0137382023290801,-0.0689777610508806,-0.0572385445766801,0.6852145778960097,17.267407362979444,-0.0193791664164106,0.000685214577896,0.0,0.5277615019216362,0.5,0.6399431792373191,0.0,1.0,0.3076923076923077
5,10,equal_weight,vol_target_30pct_max_1p25,0.3,1.25,2023,25,0.94048117173492,2.0748733893313323,6.407865909948167,-0.2117505724995089,4.441457515951232,0.0288885420294136,0.0416146207668993,0.0151402935298394,0.704,17.7408,0.0530123315597334,0.000704,0.0,0.5,0.5,0.5,0.0,1.0,0.52
5,10,equal_weight,vol_target_30pct_max_1p25,0.3,1.25,2024,26,0.5359882933179236,1.4654907697316797,1.985436153106677,-0.1332215374123225,4.023285601779479,0.0192848797691612,0.0065247377719998,0.0505688496452098,0.7467770049341725,18.818780524341147,0.0284815635436445,0.0007467770049341,0.0,0.5003115793901632,0.5,0.5072116967877227,0.0,1.0,0.6923076923076923
5,10,equal_weight,vol_target_30pct_max_1p25,0.3,1.25,2025,25,0.8997692879048325,2.6506503102419576,5.348316455781989,-0.0965192225137557,9.322177121522074,0.0270274855517411,0.0904421782646724,0.0711768626195664,0.8691924881048716,21.903650700242764,0.0410785078806456,0.0008691924881048,0.0,0.5723787370230002,0.5,0.7275963421136705,0.0,1.0,0.76
5,10,equal_weight,vol_target_30pct_max_1p25,0.3,1.25,2026,12,0.9514148815076916,1.9793935150900936,4.174473430610103,-0.0867368483578039,10.96898145967844,0.0293251909572973,-0.0251454445550358,0.0627200224208007,1.1882380601318931,29.943599115323707,0.0317735646220564,0.0011882380601318,0.0,0.6935182109789905,0.6218864820508676,0.7669125793064332,0.0,1.0,0.5833333333333334
5,10,equal_weight,regime_dd_vol_target_30pct_max_1p25,0.3,1.25,overall,140,0.3364489013679088,1.057578366409765,2.0433051794394057,-0.5728237085267425,0.5873515644686372,0.0136207696345755,0.0015592847970898,0.0045524636531632,0.7876607355258776,19.849050535252115,0.0169503775896168,0.0007876607355258,0.0,0.5449361585886774,0.5,1.0,0.0,0.9928571428571428,0.5642857142857143
5,10,equal_weight,regime_dd_vol_target_30pct_max_1p25,0.3,1.25,2021,26,-0.0102829407847917,0.126101396795206,0.1828096782031019,-0.2726736585397405,-0.0377115297453386,0.0016163818734007,-0.0445229293955914,-0.0807620074278335,0.8496463464855608,21.411087931436132,-0.0004802624143957,0.0008496463464855,0.0,0.6146657878278206,0.5,1.0,0.0,0.9615384615384616,0.5384615384615384
5,10,equal_weight,regime_dd_vol_target_30pct_max_1p25,0.3,1.25,2022,26,-0.315898013778575,-0.98823886868886,-2.559459295575141,-0.3580573564223763,-0.8822553373430241,-0.0129295821944709,-0.0689777610508806,-0.0572385445766801,0.6384615384615384,16.089230769230767,-0.0196341278405119,0.0006384615384615,0.0,0.5,0.5,0.5,0.0,1.0,0.3076923076923077
5,10,equal_weight,regime_dd_vol_target_30pct_max_1p25,0.3,1.25,2023,25,0.94048117173492,2.0748733893313323,6.407865909948167,-0.2117505724995089,4.441457515951232,0.0288885420294136,0.0416146207668993,0.0151402935298394,0.704,17.7408,0.0530123315597334,0.000704,0.0,0.5,0.5,0.5,0.0,1.0,0.52
5,10,equal_weight,regime_dd_vol_target_30pct_max_1p25,0.3,1.25,2024,26,0.5359882933179236,1.4654907697316797,1.985436153106677,-0.1332215374123225,4.023285601779479,0.0192848797691612,0.0065247377719998,0.0505688496452098,0.7467770049341725,18.818780524341147,0.0284815635436445,0.0007467770049341,0.0,0.5003115793901632,0.5,0.5072116967877227,0.0,1.0,0.6923076923076923
5,10,equal_weight,regime_dd_vol_target_30pct_max_1p25,0.3,1.25,2025,25,0.860273972027227,2.641797821640139,5.18353919590437,-0.0965192225137557,8.912980747483974,0.0261016309940817,0.0904421782646724,0.0711768626195664,0.8558977585121912,21.568623514507216,0.039885436891631,0.0008558977585121,0.0,0.5626533567668642,0.5,0.65,0.0,1.0,0.76
5,10,equal_weight,regime_dd_vol_target_30pct_max_1p25,0.3,1.25,2026,12,0.8669730020646909,2.0262383742107297,4.487147188945913,-0.0735389245520957,11.78930759927714,0.0270741464669024,-0.0251454445550358,0.0627200224208007,1.097337656158751,27.65290893520052,0.0313519638782408,0.0010973376561587,0.0,0.6446097279646373,0.6218864820508676,0.65,0.0,1.0,0.5833333333333334
5,10,equal_weight,vol_target_30pct_max_1p50,0.3,1.5,overall,140,0.3597031591517818,1.0700487905390852,2.087396746434837,-0.5862249020928723,0.6135924247973965,0.0145372523959761,0.0015592847970898,0.0045524636531632,0.8245029486101145,20.777474304974884,0.0173121696059879,0.0008245029486101,0.0,0.5688290189546388,0.5,1.0,0.0,0.9571428571428572,0.5642857142857143
5,10,equal_weight,vol_target_30pct_max_1p50,0.3,1.5,2021,26,0.0721798265585289,0.3659731021932644,0.5878874272649888,-0.2750207606051102,0.2624522832375141,0.0054307208068503,-0.0445229293955914,-0.0807620074278335,0.9465370279856457,23.85273310523827,0.0030260610488563,0.0009465370279856,0.0,0.6836336762392214,0.5,1.0,0.0,0.7692307692307693,0.5384615384615384
5,10,equal_weight,vol_target_30pct_max_1p50,0.3,1.5,2022,26,-0.3346279608671334,-0.985147900959602,-2.494186737227022,-0.3721062848241271,-0.899280594052026,-0.0137382023290801,-0.0689777610508806,-0.0572385445766801,0.6852145778960097,17.267407362979444,-0.0193791664164106,0.000685214577896,0.0,0.5277615019216362,0.5,0.6399431792373191,0.0,1.0,0.3076923076923077
5,10,equal_weight,vol_target_30pct_max_1p50,0.3,1.5,2023,25,0.94048117173492,2.0748733893313323,6.407865909948167,-0.2117505724995089,4.441457515951232,0.0288885420294136,0.0416146207668993,0.0151402935298394,0.704,17.7408,0.0530123315597334,0.000704,0.0,0.5,0.5,0.5,0.0,1.0,0.52
5,10,equal_weight,vol_target_30pct_max_1p50,0.3,1.5,2024,26,0.5359882933179236,1.4654907697316797,1.985436153106677,-0.1332215374123225,4.023285601779479,0.0192848797691612,0.0065247377719998,0.0505688496452098,0.7467770049341725,18.818780524341147,0.0284815635436445,0.0007467770049341,0.0,0.5003115793901632,0.5,0.5072116967877227,0.0,1.0,0.6923076923076923
5,10,equal_weight,vol_target_30pct_max_1p50,0.3,1.5,2025,25,0.8997692879048325,2.6506503102419576,5.348316455781989,-0.0965192225137557,9.322177121522074,0.0270274855517411,0.0904421782646724,0.0711768626195664,0.8691924881048716,21.903650700242764,0.0410785078806456,0.0008691924881048,0.0,0.5723787370230002,0.5,0.7275963421136705,0.0,1.0,0.76
5,10,equal_weight,vol_target_30pct_max_1p50,0.3,1.5,2026,12,0.9514148815076916,1.9793935150900936,4.174473430610103,-0.0867368483578039,10.96898145967844,0.0293251909572973,-0.0251454445550358,0.0627200224208007,1.1882380601318931,29.943599115323707,0.0317735646220564,0.0011882380601318,0.0,0.6935182109789905,0.6218864820508676,0.7669125793064332,0.0,1.0,0.5833333333333334
5,10,equal_weight,regime_dd_vol_target_30pct_max_1p50,0.3,1.5,overall,140,0.3364489013679088,1.057578366409765,2.0433051794394057,-0.5728237085267425,0.5873515644686372,0.0136207696345755,0.0015592847970898,0.0045524636531632,0.7876607355258776,19.849050535252115,0.0169503775896168,0.0007876607355258,0.0,0.5449361585886774,0.5,1.0,0.0,0.9928571428571428,0.5642857142857143
5,10,equal_weight,regime_dd_vol_target_30pct_max_1p50,0.3,1.5,2021,26,-0.0102829407847917,0.126101396795206,0.1828096782031019,-0.2726736585397405,-0.0377115297453386,0.0016163818734007,-0.0445229293955914,-0.0807620074278335,0.8496463464855608,21.411087931436132,-0.0004802624143957,0.0008496463464855,0.0,0.6146657878278206,0.5,1.0,0.0,0.9615384615384616,0.5384615384615384
5,10,equal_weight,regime_dd_vol_target_30pct_max_1p50,0.3,1.5,2022,26,-0.315898013778575,-0.98823886868886,-2.559459295575141,-0.3580573564223763,-0.8822553373430241,-0.0129295821944709,-0.0689777610508806,-0.0572385445766801,0.6384615384615384,16.089230769230767,-0.0196341278405119,0.0006384615384615,0.0,0.5,0.5,0.5,0.0,1.0,0.3076923076923077
5,10,equal_weight,regime_dd_vol_target_30pct_max_1p50,0.3,1.5,2023,25,0.94048117173492,2.0748733893313323,6.407865909948167,-0.2117505724995089,4.441457515951232,0.0288885420294136,0.0416146207668993,0.0151402935298394,0.704,17.7408,0.0530123315597334,0.000704,0.0,0.5,0.5,0.5,0.0,1.0,0.52
5,10,equal_weight,regime_dd_vol_target_30pct_max_1p50,0.3,1.5,2024,26,0.5359882933179236,1.4654907697316797,1.985436153106677,-0.1332215374123225,4.023285601779479,0.0192848797691612,0.0065247377719998,0.0505688496452098,0.7467770049341725,18.818780524341147,0.0284815635436445,0.0007467770049341,0.0,0.5003115793901632,0.5,0.5072116967877227,0.0,1.0,0.6923076923076923
5,10,equal_weight,regime_dd_vol_target_30pct_max_1p50,0.3,1.5,2025,25,0.860273972027227,2.641797821640139,5.18353919590437,-0.0965192225137557,8.912980747483974,0.0261016309940817,0.0904421782646724,0.0711768626195664,0.8558977585121912,21.568623514507216,0.039885436891631,0.0008558977585121,0.0,0.5626533567668642,0.5,0.65,0.0,1.0,0.76
5,10,equal_weight,regime_dd_vol_target_30pct_max_1p50,0.3,1.5,2026,12,0.8669730020646909,2.0262383742107297,4.487147188945913,-0.0735389245520957,11.78930759927714,0.0270741464669024,-0.0251454445550358,0.0627200224208007,1.097337656158751,27.65290893520052,0.0313519638782408,0.0010973376561587,0.0,0.6446097279646373,0.6218864820508676,0.65,0.0,1.0,0.5833333333333334
5,10,buffer_inverse_volatility,static_1x,,1.0,overall,140,0.6707230532471999,1.1313799533455298,2.1779777138610186,-0.8153802968610202,0.8225892333053557,0.0279514119713555,0.0015592847970898,0.0045524636531632,1.3837447298923404,34.87036719328698,0.0192347573952798,0.0013837447298923,0.0,1.0,1.0,1.0,0.0,0.0,0.55
5,10,buffer_inverse_volatility,static_1x,,1.0,2021,26,0.0391049758364028,0.331871560789064,0.4657712824535404,-0.4045555954826551,0.0966615621512999,0.0068088890754555,-0.0445229293955914,-0.0807620074278335,1.3166408741609694,33.179350028856426,0.0011785937880758,0.0013166408741609,0.0,1.0,1.0,1.0,0.0,0.0,0.5
5,10,buffer_inverse_volatility,static_1x,,1.0,2022,26,-0.5462113122821207,-0.7136677988400469,-1.8809102187341868,-0.6095788108211192,-0.8960470780576498,-0.0210864070149248,-0.0689777610508806,-0.0572385445766801,1.2661630748366046,31.907309485882436,-0.017118689136851,0.0012661630748366,0.0,1.0,1.0,1.0,0.0,0.0,0.3076923076923077
5,10,buffer_inverse_volatility,static_1x,,1.0,2023,25,2.8678802137946624,2.290250086114363,7.57583754090172,-0.3697798070138907,7.755643113543329,0.0635846255791103,0.0416146207668993,0.0151402935298394,1.4104469869122775,35.543264070189394,0.080687024358013,0.0014104469869122,0.0,1.0,1.0,1.0,0.0,0.0,0.6
5,10,buffer_inverse_volatility,static_1x,,1.0,2024,26,1.0295452869296238,1.4112055207320977,2.0041704796443685,-0.2691986052957986,3.8244822472179862,0.0370328366031856,0.0065247377719998,0.0505688496452098,1.3639629171688357,34.37186551265466,0.0299531396266687,0.0013639629171688,0.0,1.0,1.0,1.0,0.0,0.0,0.5769230769230769
5,10,buffer_inverse_volatility,static_1x,,1.0,2025,25,1.7959436455623514,2.4877018780721456,5.417098593380388,-0.1908403903259313,9.410710397809948,0.0455694487271837,0.0904421782646724,0.0711768626195664,1.428324620572782,35.99378043843411,0.0498959437904623,0.0014283246205727,0.0,1.0,1.0,1.0,0.0,0.0,0.72
5,10,buffer_inverse_volatility,static_1x,,1.0,2026,12,2.0742567650196233,2.6195755256706783,5.435314999708252,-0.1007950862164392,20.57894727690922,0.0493922944229825,-0.0251454445550358,0.0627200224208007,1.6782527897895434,42.29197030269649,0.0490461132497147,0.0016782527897895,0.0,1.0,1.0,1.0,0.0,0.0,0.6666666666666666
5,10,buffer_inverse_volatility,legacy_risk_scaled,,1.0,overall,140,0.4093075137963877,1.1287758056166868,2.198140415185997,-0.5405780144743793,0.7571664086160997,0.0161740427284929,0.0015592847970898,0.0045524636531632,0.7441304087905146,18.75208630152097,0.0218273053576544,0.0007441304087905,0.0,0.5335714285714287,0.45,1.0,0.0,0.8714285714285714,0.55
5,10,buffer_inverse_volatility,legacy_risk_scaled,,1.0,2021,26,-0.1314219352329376,-0.3078124547870747,-0.3367478863887034,-0.3032336873285318,-0.4334015009702779,-0.0037010801537567,-0.0445229293955914,-0.0807620074278335,0.7168184507314461,18.06382495843244,-0.0072754212098134,0.0007168184507314,0.0,0.5346153846153846,0.45,1.0,0.0,0.8461538461538461,0.5
5,10,buffer_inverse_volatility,legacy_risk_scaled,,1.0,2022,26,-0.2536846734885672,-0.713667798840047,-1.880910218734187,-0.3204470177305814,-0.7916587125234377,-0.0094888831567161,-0.0689777610508806,-0.0572385445766801,0.569773383676472,14.358289268647097,-0.0176681684525269,0.0005697733836764,0.0,0.4499999999999999,0.45,0.45,0.0,1.0,0.3076923076923077
5,10,buffer_inverse_volatility,legacy_risk_scaled,,1.0,2023,25,1.2043458846473811,2.3726788024768126,9.05422986547666,-0.1829573406025004,6.5826595461069,0.0341968021037781,0.0416146207668993,0.0151402935298394,0.6879133927335634,17.3354174968858,0.0694731398804634,0.0006879133927335,0.0,0.486,0.45,0.75,0.0,1.0,0.6
5,10,buffer_inverse_volatility,legacy_risk_scaled,,1.0,2024,26,0.8307865791380082,1.5203350465245666,2.8164263897015185,-0.1211393723831093,6.858105360746001,0.0282601966794884,0.0065247377719998,0.0505688496452098,0.8742830374861276,22.031932544650413,0.0377082935168904,0.0008742830374861,0.0,0.6423076923076922,0.45,1.0,0.0,0.6923076923076923,0.5769230769230769
5,10,buffer_inverse_volatility,legacy_risk_scaled,,1.0,2025,25,1.0065670771777375,2.2383427697635385,8.680980814571518,-0.1205978423982661,8.346476662937459,0.0300360588766418,0.0904421782646724,0.0711768626195664,0.8694044271289699,21.90899156365004,0.0459431039650299,0.0008694044271289,0.0,0.594,0.45,1.0,0.0,0.76,0.72
5,10,buffer_inverse_volatility,legacy_risk_scaled,,1.0,2026,12,0.7060429321403838,2.6195755256706783,5.435314999708254,-0.0453577887973976,15.566079186401897,0.0222265324903421,-0.0251454445550358,0.0627200224208007,0.7552137554052947,19.031386636213423,0.0370988696534022,0.0007552137554052,0.0,0.45,0.45,0.45,0.0,1.0,0.6666666666666666
5,10,buffer_inverse_volatility,vol_target_20pct_max_1p25,0.2,1.25,overall,140,0.385277109791168,1.171420356268115,2.3172451729355896,-0.5429063145407274,0.7096567114292895,0.015024276354314,0.0015592847970898,0.0045524636531632,0.7259591412477483,18.294170359443257,0.0210601028754655,0.0007259591412477,0.0,0.5226047468182325,0.5,1.0,0.0,0.9571428571428572,0.55
5,10,buffer_inverse_volatility,vol_target_20pct_max_1p25,0.2,1.25,2021,26,0.1847069218148769,0.6724538789020574,1.1574269995458608,-0.2189716431781843,0.8435198235443433,0.0087859012670182,-0.0445229293955914,-0.0807620074278335,0.8307420387247961,20.934699375864863,0.0088230033065495,0.0008307420387247,0.0,0.6153846153846154,0.5,1.0,0.0,0.7692307692307693,0.5
5,10,buffer_inverse_volatility,vol_target_20pct_max_1p25,0.2,1.25,2022,26,-0.2821928397118447,-0.7136677988400469,-1.8809102187341868,-0.3513771703049966,-0.8031052201453508,-0.0105432035074624,-0.0689777610508806,-0.0572385445766801,0.6330815374183023,15.953654742941218,-0.0176882879978772,0.0006330815374183,0.0,0.5,0.5,0.5,0.0,1.0,0.3076923076923077
5,10,buffer_inverse_volatility,vol_target_20pct_max_1p25,0.2,1.25,2023,25,1.0848907323596966,2.290250086114363,7.57583754090172,-0.2015387186020104,5.383038752479566,0.0317923127895551,0.0416146207668993,0.0151402935298394,0.7052234934561388,17.771632035094697,0.0610462072485688,0.0007052234934561,0.0,0.5,0.5,0.5,0.0,1.0,0.6
5,10,buffer_inverse_volatility,vol_target_20pct_max_1p25,0.2,1.25,2024,26,0.5072752619964651,1.4112055207320977,2.0041704796443685,-0.1345993026478994,3.768780759016672,0.0185164183015928,0.0065247377719998,0.0505688496452098,0.6819814585844178,17.18593275632733,0.0295168885616465,0.0006819814585844,0.0,0.5,0.5,0.5,0.0,1.0,0.5769230769230769
5,10,buffer_inverse_volatility,vol_target_20pct_max_1p25,0.2,1.25,2025,25,0.7214901879706901,2.4877018780721456,5.417098593380388,-0.0962268113477383,7.497808332891906,0.0227847243635918,0.0904421782646724,0.0711768626195664,0.714162310286391,17.996890219217054,0.0400897143441084,0.0007141623102863,0.0,0.5,0.5,0.5,0.0,1.0,0.72
5,10,buffer_inverse_volatility,vol_target_20pct_max_1p25,0.2,1.25,2026,12,0.8257663880865149,2.546128750067377,4.975666439869345,-0.0559980303862126,14.746347012408991,0.0252696452654524,-0.0251454445550358,0.0627200224208007,0.863225314850507,21.753277934232777,0.0379605496966054,0.0008632253148505,0.0,0.5137220462127138,0.5,0.5558025393041179,0.0,1.0,0.6666666666666666
5,10,buffer_inverse_volatility,regime_dd_vol_target_20pct_max_1p25,0.2,1.25,overall,140,0.3611077125803081,1.1375743344983846,2.2176654492116734,-0.5429063145407277,0.665138170083337,0.0142208847785867,0.0015592847970898,0.0045524636531632,0.7082868127372056,17.848827680977582,0.0202314526777105,0.0007082868127372,0.0,0.5101047468182326,0.5,1.0,0.0,0.9928571428571428,0.55
5,10,buffer_inverse_volatility,regime_dd_vol_target_20pct_max_1p25,0.2,1.25,2021,26,0.0775813029684764,0.4035604537451534,0.6128657677317041,-0.2189716431781843,0.3542984006625279,0.0044599466284865,-0.0445229293955914,-0.0807620074278335,0.7355833467449513,18.53670033797277,0.0041852811748566,0.0007355833467449,0.0,0.5480769230769231,0.5,1.0,0.0,0.9615384615384616,0.5
5,10,buffer_inverse_volatility,regime_dd_vol_target_20pct_max_1p25,0.2,1.25,2022,26,-0.2821928397118447,-0.7136677988400469,-1.8809102187341868,-0.3513771703049966,-0.8031052201453508,-0.0105432035074624,-0.0689777610508806,-0.0572385445766801,0.6330815374183023,15.953654742941218,-0.0176882879978772,0.0006330815374183,0.0,0.5,0.5,0.5,0.0,1.0,0.3076923076923077
5,10,buffer_inverse_volatility,regime_dd_vol_target_20pct_max_1p25,0.2,1.25,2023,25,1.0848907323596966,2.290250086114363,7.57583754090172,-0.2015387186020104,5.383038752479566,0.0317923127895551,0.0416146207668993,0.0151402935298394,0.7052234934561388,17.771632035094697,0.0610462072485688,0.0007052234934561,0.0,0.5,0.5,0.5,0.0,1.0,0.6
5,10,buffer_inverse_volatility,regime_dd_vol_target_20pct_max_1p25,0.2,1.25,2024,26,0.5072752619964651,1.4112055207320977,2.0041704796443685,-0.1345993026478994,3.768780759016672,0.0185164183015928,0.0065247377719998,0.0505688496452098,0.6819814585844178,17.18593275632733,0.0295168885616465,0.0006819814585844,0.0,0.5,0.5,0.5,0.0,1.0,0.5769230769230769
5,10,buffer_inverse_volatility,regime_dd_vol_target_20pct_max_1p25,0.2,1.25,2025,25,0.7214901879706901,2.4877018780721456,5.417098593380388,-0.0962268113477383,7.497808332891906,0.0227847243635918,0.0904421782646724,0.0711768626195664,0.714162310286391,17.996890219217054,0.0400897143441084,0.0007141623102863,0.0,0.5,0.5,0.5,0.0,1.0,0.72
5,10,buffer_inverse_volatility,regime_dd_vol_target_20pct_max_1p25,0.2,1.25,2026,12,0.8257663880865149,2.546128750067377,4.975666439869345,-0.0559980303862126,14.746347012408991,0.0252696452654524,-0.0251454445550358,0.0627200224208007,0.863225314850507,21.753277934232777,0.0379605496966054,0.0008632253148505,0.0,0.5137220462127138,0.5,0.5558025393041179,0.0,1.0,0.6666666666666666
5,10,buffer_inverse_volatility,vol_target_20pct_max_1p50,0.2,1.5,overall,140,0.385277109791168,1.171420356268115,2.3172451729355896,-0.5429063145407274,0.7096567114292895,0.015024276354314,0.0015592847970898,0.0045524636531632,0.7259591412477483,18.294170359443257,0.0210601028754655,0.0007259591412477,0.0,0.5226047468182325,0.5,1.0,0.0,0.9571428571428572,0.55
5,10,buffer_inverse_volatility,vol_target_20pct_max_1p50,0.2,1.5,2021,26,0.1847069218148769,0.6724538789020574,1.1574269995458608,-0.2189716431781843,0.8435198235443433,0.0087859012670182,-0.0445229293955914,-0.0807620074278335,0.8307420387247961,20.934699375864863,0.0088230033065495,0.0008307420387247,0.0,0.6153846153846154,0.5,1.0,0.0,0.7692307692307693,0.5
5,10,buffer_inverse_volatility,vol_target_20pct_max_1p50,0.2,1.5,2022,26,-0.2821928397118447,-0.7136677988400469,-1.8809102187341868,-0.3513771703049966,-0.8031052201453508,-0.0105432035074624,-0.0689777610508806,-0.0572385445766801,0.6330815374183023,15.953654742941218,-0.0176882879978772,0.0006330815374183,0.0,0.5,0.5,0.5,0.0,1.0,0.3076923076923077
5,10,buffer_inverse_volatility,vol_target_20pct_max_1p50,0.2,1.5,2023,25,1.0848907323596966,2.290250086114363,7.57583754090172,-0.2015387186020104,5.383038752479566,0.0317923127895551,0.0416146207668993,0.0151402935298394,0.7052234934561388,17.771632035094697,0.0610462072485688,0.0007052234934561,0.0,0.5,0.5,0.5,0.0,1.0,0.6
5,10,buffer_inverse_volatility,vol_target_20pct_max_1p50,0.2,1.5,2024,26,0.5072752619964651,1.4112055207320977,2.0041704796443685,-0.1345993026478994,3.768780759016672,0.0185164183015928,0.0065247377719998,0.0505688496452098,0.6819814585844178,17.18593275632733,0.0295168885616465,0.0006819814585844,0.0,0.5,0.5,0.5,0.0,1.0,0.5769230769230769
5,10,buffer_inverse_volatility,vol_target_20pct_max_1p50,0.2,1.5,2025,25,0.7214901879706901,2.4877018780721456,5.417098593380388,-0.0962268113477383,7.497808332891906,0.0227847243635918,0.0904421782646724,0.0711768626195664,0.714162310286391,17.996890219217054,0.0400897143441084,0.0007141623102863,0.0,0.5,0.5,0.5,0.0,1.0,0.72
5,10,buffer_inverse_volatility,vol_target_20pct_max_1p50,0.2,1.5,2026,12,0.8257663880865149,2.546128750067377,4.975666439869345,-0.0559980303862126,14.746347012408991,0.0252696452654524,-0.0251454445550358,0.0627200224208007,0.863225314850507,21.753277934232777,0.0379605496966054,0.0008632253148505,0.0,0.5137220462127138,0.5,0.5558025393041179,0.0,1.0,0.6666666666666666
5,10,buffer_inverse_volatility,regime_dd_vol_target_20pct_max_1p50,0.2,1.5,overall,140,0.3611077125803081,1.1375743344983846,2.2176654492116734,-0.5429063145407277,0.665138170083337,0.0142208847785867,0.0015592847970898,0.0045524636531632,0.7082868127372056,17.848827680977582,0.0202314526777105,0.0007082868127372,0.0,0.5101047468182326,0.5,1.0,0.0,0.9928571428571428,0.55
5,10,buffer_inverse_volatility,regime_dd_vol_target_20pct_max_1p50,0.2,1.5,2021,26,0.0775813029684764,0.4035604537451534,0.6128657677317041,-0.2189716431781843,0.3542984006625279,0.0044599466284865,-0.0445229293955914,-0.0807620074278335,0.7355833467449513,18.53670033797277,0.0041852811748566,0.0007355833467449,0.0,0.5480769230769231,0.5,1.0,0.0,0.9615384615384616,0.5
5,10,buffer_inverse_volatility,regime_dd_vol_target_20pct_max_1p50,0.2,1.5,2022,26,-0.2821928397118447,-0.7136677988400469,-1.8809102187341868,-0.3513771703049966,-0.8031052201453508,-0.0105432035074624,-0.0689777610508806,-0.0572385445766801,0.6330815374183023,15.953654742941218,-0.0176882879978772,0.0006330815374183,0.0,0.5,0.5,0.5,0.0,1.0,0.3076923076923077
5,10,buffer_inverse_volatility,regime_dd_vol_target_20pct_max_1p50,0.2,1.5,2023,25,1.0848907323596966,2.290250086114363,7.57583754090172,-0.2015387186020104,5.383038752479566,0.0317923127895551,0.0416146207668993,0.0151402935298394,0.7052234934561388,17.771632035094697,0.0610462072485688,0.0007052234934561,0.0,0.5,0.5,0.5,0.0,1.0,0.6
5,10,buffer_inverse_volatility,regime_dd_vol_target_20pct_max_1p50,0.2,1.5,2024,26,0.5072752619964651,1.4112055207320977,2.0041704796443685,-0.1345993026478994,3.768780759016672,0.0185164183015928,0.0065247377719998,0.0505688496452098,0.6819814585844178,17.18593275632733,0.0295168885616465,0.0006819814585844,0.0,0.5,0.5,0.5,0.0,1.0,0.5769230769230769
5,10,buffer_inverse_volatility,regime_dd_vol_target_20pct_max_1p50,0.2,1.5,2025,25,0.7214901879706901,2.4877018780721456,5.417098593380388,-0.0962268113477383,7.497808332891906,0.0227847243635918,0.0904421782646724,0.0711768626195664,0.714162310286391,17.996890219217054,0.0400897143441084,0.0007141623102863,0.0,0.5,0.5,0.5,0.0,1.0,0.72
5,10,buffer_inverse_volatility,regime_dd_vol_target_20pct_max_1p50,0.2,1.5,2026,12,0.8257663880865149,2.546128750067377,4.975666439869345,-0.0559980303862126,14.746347012408991,0.0252696452654524,-0.0251454445550358,0.0627200224208007,0.863225314850507,21.753277934232777,0.0379605496966054,0.0008632253148505,0.0,0.5137220462127138,0.5,0.5558025393041179,0.0,1.0,0.6666666666666666
5,10,buffer_inverse_volatility,vol_target_25pct_max_1p25,0.25,1.25,overall,140,0.3960925010566034,1.176028390525999,2.3101062612293823,-0.5539711207029689,0.7150056857728913,0.0154315163385781,0.0015592847970898,0.0045524636531632,0.746682765822135,18.8164056987178,0.0210503805773912,0.0007466827658221,0.0,0.5360887167535469,0.5,1.0,0.0,0.9571428571428572,0.55
5,10,buffer_inverse_volatility,vol_target_25pct_max_1p25,0.25,1.25,2021,26,0.1507049785627034,0.5748609258304247,0.9376292361764385,-0.2389122248296632,0.6307964302377215,0.0077940722428036,-0.0445229293955914,-0.0807620074278335,0.8537099778401155,21.51349144157091,0.0070051381000618,0.0008537099778401,0.0,0.6334643459742022,0.5,1.0,0.0,0.7692307692307693,0.5
5,10,buffer_inverse_volatility,vol_target_25pct_max_1p25,0.25,1.25,2022,26,-0.2812473624750298,-0.708289963738649,-1.8702467864049048,-0.3513840720412967,-0.8003987228025974,-0.0104826292484496,-0.0689777610508806,-0.0572385445766801,0.6344142285431038,15.987238559286215,-0.0175919913518564,0.0006344142285431,0.0,0.500734034174569,0.5,0.5124849025797311,0.0,1.0,0.3076923076923077
5,10,buffer_inverse_volatility,vol_target_25pct_max_1p25,0.25,1.25,2023,25,1.0848907323596966,2.290250086114363,7.57583754090172,-0.2015387186020104,5.383038752479566,0.0317923127895551,0.0416146207668993,0.0151402935298394,0.7052234934561388,17.771632035094697,0.0610462072485688,0.0007052234934561,0.0,0.5,0.5,0.5,0.0,1.0,0.6
5,10,buffer_inverse_volatility,vol_target_25pct_max_1p25,0.25,1.25,2024,26,0.5072752619964651,1.4112055207320977,2.0041704796443685,-0.1345993026478994,3.768780759016672,0.0185164183015928,0.0065247377719998,0.0505688496452098,0.6819814585844178,17.18593275632733,0.0295168885616465,0.0006819814585844,0.0,0.5,0.5,0.5,0.0,1.0,0.5769230769230769
5,10,buffer_inverse_volatility,vol_target_25pct_max_1p25,0.25,1.25,2025,25,0.7554765787445299,2.512129119641836,5.658723967517855,-0.0962268113477383,7.850998782599544,0.0236308434734293,0.0904421782646724,0.0711768626195664,0.7277295966343,18.33878583518436,0.0411955614474263,0.0007277295966343,0.0,0.5110462458540144,0.5,0.5698052928451707,0.0,1.0,0.72
5,10,buffer_inverse_volatility,vol_target_25pct_max_1p25,0.25,1.25,2026,12,1.0385640604925337,2.503353607475006,4.738936487770713,-0.0699975379827657,14.837151283067138,0.030275748927643,-0.0251454445550358,0.0627200224208007,1.0240843894732805,25.806926614726667,0.0402436166071739,0.0010240843894732,0.0,0.6072588596065133,0.5492356776975524,0.6947531741301474,0.0,1.0,0.6666666666666666
5,10,buffer_inverse_volatility,regime_dd_vol_target_25pct_max_1p25,0.25,1.25,overall,140,0.3713938229308202,1.1433562574080625,2.213112587220045,-0.5545764592642382,0.669689123522394,0.0146098055710695,0.0015592847970898,0.0045524636531632,0.7276647388540964,18.33715141912323,0.0202536268824996,0.000727664738854,0.0,0.5228750340269076,0.5,1.0,0.0,0.9928571428571428,0.55
5,10,buffer_inverse_volatility,regime_dd_vol_target_25pct_max_1p25,0.25,1.25,2021,26,0.0466539422529603,0.2985983013777609,0.430241530824702,-0.2389122248296633,0.1952764965720072,0.0034681176042719,-0.0445229293955914,-0.0807620074278335,0.7585512858602707,19.11549240367882,0.0024406351281843,0.0007585512858602,0.0,0.5661566536665098,0.5,1.0,0.0,0.9615384615384616,0.5
5,10,buffer_inverse_volatility,regime_dd_vol_target_25pct_max_1p25,0.25,1.25,2022,26,-0.2821928397118447,-0.7136677988400469,-1.8809102187341868,-0.3513771703049966,-0.8031052201453508,-0.0105432035074624,-0.0689777610508806,-0.0572385445766801,0.6330815374183023,15.953654742941218,-0.0176882879978772,0.0006330815374183,0.0,0.5,0.5,0.5,0.0,1.0,0.3076923076923077
5,10,buffer_inverse_volatility,regime_dd_vol_target_25pct_max_1p25,0.25,1.25,2023,25,1.0848907323596966,2.290250086114363,7.57583754090172,-0.2015387186020104,5.383038752479566,0.0317923127895551,0.0416146207668993,0.0151402935298394,0.7052234934561388,17.771632035094697,0.0610462072485688,0.0007052234934561,0.0,0.5,0.5,0.5,0.0,1.0,0.6
5,10,buffer_inverse_volatility,regime_dd_vol_target_25pct_max_1p25,0.25,1.25,2024,26,0.5072752619964651,1.4112055207320977,2.0041704796443685,-0.1345993026478994,3.768780759016672,0.0185164183015928,0.0065247377719998,0.0505688496452098,0.6819814585844178,17.18593275632733,0.0295168885616465,0.0006819814585844,0.0,0.5,0.5,0.5,0.0,1.0,0.5769230769230769
5,10,buffer_inverse_volatility,regime_dd_vol_target_25pct_max_1p25,0.25,1.25,2025,25,0.7554765787445299,2.512129119641836,5.658723967517855,-0.0962268113477383,7.850998782599544,0.0236308434734293,0.0904421782646724,0.0711768626195664,0.7277295966343,18.33878583518436,0.0411955614474263,0.0007277295966343,0.0,0.5110462458540144,0.5,0.5698052928451707,0.0,1.0,0.72
5,10,buffer_inverse_volatility,regime_dd_vol_target_25pct_max_1p25,0.25,1.25,2026,12,1.038472289612153,2.5613733193670334,5.069297534893169,-0.0655168060406853,15.850471846372844,0.0301932692513883,-0.0251454445550358,0.0627200224208007,1.0112720715728982,25.484056203637035,0.0407498822524157,0.0010112720715728,0.0,0.6005229685072876,0.5492356776975524,0.65,0.0,1.0,0.6666666666666666
5,10,buffer_inverse_volatility,vol_target_25pct_max_1p50,0.25,1.5,overall,140,0.3960925010566034,1.176028390525999,2.3101062612293823,-0.5539711207029689,0.7150056857728913,0.0154315163385781,0.0015592847970898,0.0045524636531632,0.746682765822135,18.8164056987178,0.0210503805773912,0.0007466827658221,0.0,0.5360887167535469,0.5,1.0,0.0,0.9571428571428572,0.55
5,10,buffer_inverse_volatility,vol_target_25pct_max_1p50,0.25,1.5,2021,26,0.1507049785627034,0.5748609258304247,0.9376292361764385,-0.2389122248296632,0.6307964302377215,0.0077940722428036,-0.0445229293955914,-0.0807620074278335,0.8537099778401155,21.51349144157091,0.0070051381000618,0.0008537099778401,0.0,0.6334643459742022,0.5,1.0,0.0,0.7692307692307693,0.5
5,10,buffer_inverse_volatility,vol_target_25pct_max_1p50,0.25,1.5,2022,26,-0.2812473624750298,-0.708289963738649,-1.8702467864049048,-0.3513840720412967,-0.8003987228025974,-0.0104826292484496,-0.0689777610508806,-0.0572385445766801,0.6344142285431038,15.987238559286215,-0.0175919913518564,0.0006344142285431,0.0,0.500734034174569,0.5,0.5124849025797311,0.0,1.0,0.3076923076923077
5,10,buffer_inverse_volatility,vol_target_25pct_max_1p50,0.25,1.5,2023,25,1.0848907323596966,2.290250086114363,7.57583754090172,-0.2015387186020104,5.383038752479566,0.0317923127895551,0.0416146207668993,0.0151402935298394,0.7052234934561388,17.771632035094697,0.0610462072485688,0.0007052234934561,0.0,0.5,0.5,0.5,0.0,1.0,0.6
5,10,buffer_inverse_volatility,vol_target_25pct_max_1p50,0.25,1.5,2024,26,0.5072752619964651,1.4112055207320977,2.0041704796443685,-0.1345993026478994,3.768780759016672,0.0185164183015928,0.0065247377719998,0.0505688496452098,0.6819814585844178,17.18593275632733,0.0295168885616465,0.0006819814585844,0.0,0.5,0.5,0.5,0.0,1.0,0.5769230769230769
5,10,buffer_inverse_volatility,vol_target_25pct_max_1p50,0.25,1.5,2025,25,0.7554765787445299,2.512129119641836,5.658723967517855,-0.0962268113477383,7.850998782599544,0.0236308434734293,0.0904421782646724,0.0711768626195664,0.7277295966343,18.33878583518436,0.0411955614474263,0.0007277295966343,0.0,0.5110462458540144,0.5,0.5698052928451707,0.0,1.0,0.72
5,10,buffer_inverse_volatility,vol_target_25pct_max_1p50,0.25,1.5,2026,12,1.0385640604925337,2.503353607475006,4.738936487770713,-0.0699975379827657,14.837151283067138,0.030275748927643,-0.0251454445550358,0.0627200224208007,1.0240843894732805,25.806926614726667,0.0402436166071739,0.0010240843894732,0.0,0.6072588596065133,0.5492356776975524,0.6947531741301474,0.0,1.0,0.6666666666666666
5,10,buffer_inverse_volatility,regime_dd_vol_target_25pct_max_1p50,0.25,1.5,overall,140,0.3713938229308202,1.1433562574080625,2.213112587220045,-0.5545764592642382,0.669689123522394,0.0146098055710695,0.0015592847970898,0.0045524636531632,0.7276647388540964,18.33715141912323,0.0202536268824996,0.000727664738854,0.0,0.5228750340269076,0.5,1.0,0.0,0.9928571428571428,0.55
5,10,buffer_inverse_volatility,regime_dd_vol_target_25pct_max_1p50,0.25,1.5,2021,26,0.0466539422529603,0.2985983013777609,0.430241530824702,-0.2389122248296633,0.1952764965720072,0.0034681176042719,-0.0445229293955914,-0.0807620074278335,0.7585512858602707,19.11549240367882,0.0024406351281843,0.0007585512858602,0.0,0.5661566536665098,0.5,1.0,0.0,0.9615384615384616,0.5
5,10,buffer_inverse_volatility,regime_dd_vol_target_25pct_max_1p50,0.25,1.5,2022,26,-0.2821928397118447,-0.7136677988400469,-1.8809102187341868,-0.3513771703049966,-0.8031052201453508,-0.0105432035074624,-0.0689777610508806,-0.0572385445766801,0.6330815374183023,15.953654742941218,-0.0176882879978772,0.0006330815374183,0.0,0.5,0.5,0.5,0.0,1.0,0.3076923076923077
5,10,buffer_inverse_volatility,regime_dd_vol_target_25pct_max_1p50,0.25,1.5,2023,25,1.0848907323596966,2.290250086114363,7.57583754090172,-0.2015387186020104,5.383038752479566,0.0317923127895551,0.0416146207668993,0.0151402935298394,0.7052234934561388,17.771632035094697,0.0610462072485688,0.0007052234934561,0.0,0.5,0.5,0.5,0.0,1.0,0.6
5,10,buffer_inverse_volatility,regime_dd_vol_target_25pct_max_1p50,0.25,1.5,2024,26,0.5072752619964651,1.4112055207320977,2.0041704796443685,-0.1345993026478994,3.768780759016672,0.0185164183015928,0.0065247377719998,0.0505688496452098,0.6819814585844178,17.18593275632733,0.0295168885616465,0.0006819814585844,0.0,0.5,0.5,0.5,0.0,1.0,0.5769230769230769
5,10,buffer_inverse_volatility,regime_dd_vol_target_25pct_max_1p50,0.25,1.5,2025,25,0.7554765787445299,2.512129119641836,5.658723967517855,-0.0962268113477383,7.850998782599544,0.0236308434734293,0.0904421782646724,0.0711768626195664,0.7277295966343,18.33878583518436,0.0411955614474263,0.0007277295966343,0.0,0.5110462458540144,0.5,0.5698052928451707,0.0,1.0,0.72
5,10,buffer_inverse_volatility,regime_dd_vol_target_25pct_max_1p50,0.25,1.5,2026,12,1.038472289612153,2.5613733193670334,5.069297534893169,-0.0655168060406853,15.850471846372844,0.0301932692513883,-0.0251454445550358,0.0627200224208007,1.0112720715728982,25.484056203637035,0.0407498822524157,0.0010112720715728,0.0,0.6005229685072876,0.5492356776975524,0.65,0.0,1.0,0.6666666666666666
5,10,buffer_inverse_volatility,vol_target_30pct_max_1p25,0.3,1.25,overall,140,0.4048647884891752,1.1510678533078886,2.190165788254081,-0.5912890982668544,0.6847154626660407,0.0159251501465354,0.0015592847970898,0.0045524636531632,0.7974701609425842,20.09624805575312,0.0201462873749347,0.0007974701609425,0.0,0.5708100119283396,0.5,1.0,0.0,0.9571428571428572,0.55
5,10,buffer_inverse_volatility,vol_target_30pct_max_1p25,0.3,1.25,2021,26,0.0974010654446455,0.429547405741997,0.6503817915613852,-0.2817691631178513,0.3456768099350428,0.0063926487860832,-0.0445229293955914,-0.0807620074278335,0.9394943172124258,23.67525679375313,0.0041140447300383,0.0009394943172124,0.0,0.7004108772996265,0.5014419937365907,1.0,0.0,0.7692307692307693,0.5
5,10,buffer_inverse_volatility,vol_target_30pct_max_1p25,0.3,1.25,2022,26,-0.3014515995365278,-0.7382691178247291,-1.8698748480140537,-0.3610727425420059,-0.8348777518188263,-0.0113760483767763,-0.0689777610508806,-0.0572385445766801,0.6691717308928976,16.863127618501018,-0.0178763753887384,0.0006691717308928,0.0,0.5215887115198906,0.5,0.6149818830956774,0.0,1.0,0.3076923076923077
5,10,buffer_inverse_volatility,vol_target_30pct_max_1p25,0.3,1.25,2023,25,1.0848907323596966,2.290250086114363,7.57583754090172,-0.2015387186020104,5.383038752479566,0.0317923127895551,0.0416146207668993,0.0151402935298394,0.7052234934561388,17.771632035094697,0.0610462072485688,0.0007052234934561,0.0,0.5,0.5,0.5,0.0,1.0,0.6
5,10,buffer_inverse_volatility,vol_target_30pct_max_1p25,0.3,1.25,2024,26,0.507431791950256,1.411487303520192,2.0046362638818462,-0.1345993026478993,3.769943691890111,0.0185207523793552,0.0065247377719998,0.0505688496452098,0.6820398219756929,17.187403513787462,0.0295234699961051,0.0006820398219756,0.0,0.5000427270451946,0.5,0.5011109031750606,0.0,1.0,0.5769230769230769
5,10,buffer_inverse_volatility,vol_target_30pct_max_1p25,0.3,1.25,2025,25,0.8473299360004773,2.549580992574422,6.311748655334602,-0.0962268113477383,8.805549348803112,0.0258708497485124,0.0904421782646724,0.0711768626195664,0.7884026946014663,19.86774790395695,0.0426485145722892,0.0007884026946014,0.0,0.5558309551660497,0.5,0.6837663514142048,0.0,1.0,0.72
5,10,buffer_inverse_volatility,vol_target_30pct_max_1p25,0.3,1.25,2026,12,1.324230952156035,2.5033536074750065,4.738936487770714,-0.0839970455793189,15.765208681126229,0.0363308987131717,-0.0251454445550358,0.0627200224208007,1.2289012673679365,30.968311937672,0.04276083742702,0.0012289012673679,0.0,0.7287106315278159,0.659082813237063,0.8337038089561769,0.0,1.0,0.6666666666666666
5,10,buffer_inverse_volatility,regime_dd_vol_target_30pct_max_1p25,0.3,1.25,overall,140,0.3760188776225079,1.1304776562094936,2.1317205325742052,-0.5761026637816575,0.6526942179962195,0.0148723538834544,0.0015592847970898,0.0045524636531632,0.7597090815673961,19.14466885549838,0.0196409183392333,0.0007597090815673,0.0,0.5463880115757196,0.5,1.0,0.0,0.9928571428571428,0.55
5,10,buffer_inverse_volatility,regime_dd_vol_target_30pct_max_1p25,0.3,1.25,2021,26,0.0008022430711711,0.1635514258288787,0.2224541014570378,-0.2756936914691726,0.0029099072484974,0.0021202033432383,-0.0445229293955914,-0.0807620074278335,0.8385257734497157,21.130849490932835,3.796549076341676e-05,0.0008385257734497,0.0,0.6290019821009536,0.5,1.0,0.0,0.9615384615384616,0.5
5,10,buffer_inverse_volatility,regime_dd_vol_target_30pct_max_1p25,0.3,1.25,2022,26,-0.2821928397118447,-0.7136677988400469,-1.8809102187341868,-0.3513771703049966,-0.8031052201453508,-0.0105432035074624,-0.0689777610508806,-0.0572385445766801,0.6330815374183023,15.953654742941218,-0.0176882879978772,0.0006330815374183,0.0,0.5,0.5,0.5,0.0,1.0,0.3076923076923077
5,10,buffer_inverse_volatility,regime_dd_vol_target_30pct_max_1p25,0.3,1.25,2023,25,1.0848907323596966,2.290250086114363,7.57583754090172,-0.2015387186020104,5.383038752479566,0.0317923127895551,0.0416146207668993,0.0151402935298394,0.7052234934561388,17.771632035094697,0.0610462072485688,0.0007052234934561,0.0,0.5,0.5,0.5,0.0,1.0,0.6
5,10,buffer_inverse_volatility,regime_dd_vol_target_30pct_max_1p25,0.3,1.25,2024,26,0.507431791950256,1.411487303520192,2.0046362638818462,-0.1345993026478993,3.769943691890111,0.0185207523793552,0.0065247377719998,0.0505688496452098,0.6820398219756929,17.187403513787462,0.0295234699961051,0.0006820398219756,0.0,0.5000427270451946,0.5,0.5011109031750606,0.0,1.0,0.5769230769230769
5,10,buffer_inverse_volatility,regime_dd_vol_target_30pct_max_1p25,0.3,1.25,2025,25,0.83502799458709,2.5414841917166093,6.2409874318566825,-0.0962268113477383,8.677706170367827,0.0255808107940824,0.0904421782646724,0.0711768626195664,0.7857394747494828,19.800634763686965,0.0421717790642992,0.0007857394747494,0.0,0.553566367312035,0.5,0.65,0.0,1.0,0.72
5,10,buffer_inverse_volatility,regime_dd_vol_target_30pct_max_1p25,0.3,1.25,2026,12,1.129702859801796,2.619575525670678,5.435314999708254,-0.0655168060406855,17.242947696507933,0.0321049913749386,-0.0251454445550358,0.0627200224208007,1.0908643133632034,27.489780696752725,0.0410953754874895,0.0010908643133632,0.0,0.6500000000000001,0.65,0.65,0.0,1.0,0.6666666666666666
5,10,buffer_inverse_volatility,vol_target_30pct_max_1p50,0.3,1.5,overall,140,0.4048647884891752,1.1510678533078886,2.190165788254081,-0.5912890982668544,0.6847154626660407,0.0159251501465354,0.0015592847970898,0.0045524636531632,0.7974701609425842,20.09624805575312,0.0201462873749347,0.0007974701609425,0.0,0.5708100119283396,0.5,1.0,0.0,0.9571428571428572,0.55
5,10,buffer_inverse_volatility,vol_target_30pct_max_1p50,0.3,1.5,2021,26,0.0974010654446455,0.429547405741997,0.6503817915613852,-0.2817691631178513,0.3456768099350428,0.0063926487860832,-0.0445229293955914,-0.0807620074278335,0.9394943172124258,23.67525679375313,0.0041140447300383,0.0009394943172124,0.0,0.7004108772996265,0.5014419937365907,1.0,0.0,0.7692307692307693,0.5
5,10,buffer_inverse_volatility,vol_target_30pct_max_1p50,0.3,1.5,2022,26,-0.3014515995365278,-0.7382691178247291,-1.8698748480140537,-0.3610727425420059,-0.8348777518188263,-0.0113760483767763,-0.0689777610508806,-0.0572385445766801,0.6691717308928976,16.863127618501018,-0.0178763753887384,0.0006691717308928,0.0,0.5215887115198906,0.5,0.6149818830956774,0.0,1.0,0.3076923076923077
5,10,buffer_inverse_volatility,vol_target_30pct_max_1p50,0.3,1.5,2023,25,1.0848907323596966,2.290250086114363,7.57583754090172,-0.2015387186020104,5.383038752479566,0.0317923127895551,0.0416146207668993,0.0151402935298394,0.7052234934561388,17.771632035094697,0.0610462072485688,0.0007052234934561,0.0,0.5,0.5,0.5,0.0,1.0,0.6
5,10,buffer_inverse_volatility,vol_target_30pct_max_1p50,0.3,1.5,2024,26,0.507431791950256,1.411487303520192,2.0046362638818462,-0.1345993026478993,3.769943691890111,0.0185207523793552,0.0065247377719998,0.0505688496452098,0.6820398219756929,17.187403513787462,0.0295234699961051,0.0006820398219756,0.0,0.5000427270451946,0.5,0.5011109031750606,0.0,1.0,0.5769230769230769
5,10,buffer_inverse_volatility,vol_target_30pct_max_1p50,0.3,1.5,2025,25,0.8473299360004773,2.549580992574422,6.311748655334602,-0.0962268113477383,8.805549348803112,0.0258708497485124,0.0904421782646724,0.0711768626195664,0.7884026946014663,19.86774790395695,0.0426485145722892,0.0007884026946014,0.0,0.5558309551660497,0.5,0.6837663514142048,0.0,1.0,0.72
5,10,buffer_inverse_volatility,vol_target_30pct_max_1p50,0.3,1.5,2026,12,1.324230952156035,2.5033536074750065,4.738936487770714,-0.0839970455793189,15.765208681126229,0.0363308987131717,-0.0251454445550358,0.0627200224208007,1.2289012673679365,30.968311937672,0.04276083742702,0.0012289012673679,0.0,0.7287106315278159,0.659082813237063,0.8337038089561769,0.0,1.0,0.6666666666666666
5,10,buffer_inverse_volatility,regime_dd_vol_target_30pct_max_1p50,0.3,1.5,overall,140,0.3760188776225079,1.1304776562094936,2.1317205325742052,-0.5761026637816575,0.6526942179962195,0.0148723538834544,0.0015592847970898,0.0045524636531632,0.7597090815673961,19.14466885549838,0.0196409183392333,0.0007597090815673,0.0,0.5463880115757196,0.5,1.0,0.0,0.9928571428571428,0.55
5,10,buffer_inverse_volatility,regime_dd_vol_target_30pct_max_1p50,0.3,1.5,2021,26,0.0008022430711711,0.1635514258288787,0.2224541014570378,-0.2756936914691726,0.0029099072484974,0.0021202033432383,-0.0445229293955914,-0.0807620074278335,0.8385257734497157,21.130849490932835,3.796549076341676e-05,0.0008385257734497,0.0,0.6290019821009536,0.5,1.0,0.0,0.9615384615384616,0.5
5,10,buffer_inverse_volatility,regime_dd_vol_target_30pct_max_1p50,0.3,1.5,2022,26,-0.2821928397118447,-0.7136677988400469,-1.8809102187341868,-0.3513771703049966,-0.8031052201453508,-0.0105432035074624,-0.0689777610508806,-0.0572385445766801,0.6330815374183023,15.953654742941218,-0.0176882879978772,0.0006330815374183,0.0,0.5,0.5,0.5,0.0,1.0,0.3076923076923077
5,10,buffer_inverse_volatility,regime_dd_vol_target_30pct_max_1p50,0.3,1.5,2023,25,1.0848907323596966,2.290250086114363,7.57583754090172,-0.2015387186020104,5.383038752479566,0.0317923127895551,0.0416146207668993,0.0151402935298394,0.7052234934561388,17.771632035094697,0.0610462072485688,0.0007052234934561,0.0,0.5,0.5,0.5,0.0,1.0,0.6
5,10,buffer_inverse_volatility,regime_dd_vol_target_30pct_max_1p50,0.3,1.5,2024,26,0.507431791950256,1.411487303520192,2.0046362638818462,-0.1345993026478993,3.769943691890111,0.0185207523793552,0.0065247377719998,0.0505688496452098,0.6820398219756929,17.187403513787462,0.0295234699961051,0.0006820398219756,0.0,0.5000427270451946,0.5,0.5011109031750606,0.0,1.0,0.5769230769230769
5,10,buffer_inverse_volatility,regime_dd_vol_target_30pct_max_1p50,0.3,1.5,2025,25,0.83502799458709,2.5414841917166093,6.2409874318566825,-0.0962268113477383,8.677706170367827,0.0255808107940824,0.0904421782646724,0.0711768626195664,0.7857394747494828,19.800634763686965,0.0421717790642992,0.0007857394747494,0.0,0.553566367312035,0.5,0.65,0.0,1.0,0.72
5,10,buffer_inverse_volatility,regime_dd_vol_target_30pct_max_1p50,0.3,1.5,2026,12,1.129702859801796,2.619575525670678,5.435314999708254,-0.0655168060406855,17.242947696507933,0.0321049913749386,-0.0251454445550358,0.0627200224208007,1.0908643133632034,27.489780696752725,0.0410953754874895,0.0010908643133632,0.0,0.6500000000000001,0.65,0.65,0.0,1.0,0.6666666666666666
5,20,equal_weight,static_1x,,1.0,overall,71,0.3040791089941641,0.7043846006553581,1.635456047374631,-0.7667421693696383,0.3965858682901928,0.0368097059955067,0.0057292941656191,0.008575365833759,1.5211267605633805,19.16619718309859,0.0158653856103657,0.0015211267605633,0.0,1.0,1.0,1.0,0.0,0.0,0.5211267605633803
5,20,equal_weight,static_1x,,1.0,2021,13,-0.193974034381168,-0.2737177062853831,-0.3971343940229457,-0.3713095847120158,-0.5224051367583533,-0.0095603307844818,-0.0126733826099332,0.019770031468836,1.6153846153846156,20.353846153846156,-0.0095300923921208,0.0016153846153846,0.0,1.0,1.0,1.0,0.0,0.0,0.4615384615384615
5,20,equal_weight,static_1x,,1.0,2022,13,-0.4623883429313,-0.6327512687680885,-1.5296518085997115,-0.5413528318669316,-0.8541348926479032,-0.0331388573769043,-0.0965896897573248,-0.1078464791099888,1.5538461538461534,19.578461538461532,-0.0236171949477718,0.0015538461538461,0.0,1.0,1.0,1.0,0.0,0.0,0.3076923076923077
5,20,equal_weight,static_1x,,1.0,2023,13,1.4774973782326226,1.4202531095940878,4.75529939164732,-0.3919777530392448,3.7693398841558623,0.0989841896795692,0.0485412146060192,0.0379551804426658,1.3384615384615386,16.864615384615387,0.087609313615326,0.0013384615384615,0.0,1.0,1.0,1.0,0.0,0.0,0.6153846153846154
5,20,equal_weight,static_1x,,1.0,2024,13,0.345124895026611,0.8560872271590457,1.4719139995573804,-0.1310359597402489,2.633818195484263,0.0320156867294949,-0.0031572051317864,-0.0125991599930522,1.584615384615385,19.96615384615385,0.0172854971310908,0.0015846153846153,0.0,1.0,1.0,1.0,0.0,0.0,0.5384615384615384
5,20,equal_weight,static_1x,,1.0,2025,13,1.1283448722933191,1.467277377708088,2.178757826861014,-0.2765442876222467,4.08015975305414,0.077791168770382,0.1110231022214953,0.0567260351431797,1.4153846153846157,17.833846153846153,0.0632698556755225,0.0014153846153846,0.0,1.0,1.0,1.0,0.0,0.0,0.6923076923076923
5,20,equal_weight,static_1x,,1.0,2026,6,1.0318249622542377,1.1662431190141245,7.179957867519271,-0.1736250285132656,5.94283537972408,0.0757158307410324,-0.0343487709185253,0.114463011804261,1.7333333333333334,21.84,0.0472447327039486,0.0017333333333333,0.0,1.0,1.0,1.0,0.0,0.0,0.5
5,20,equal_weight,legacy_risk_scaled,,1.0,overall,71,0.1886184848893377,0.6295989380701982,1.3173440647500922,-0.4794927928475158,0.3933708445735087,0.0192096054524709,0.0057292941656191,0.008575365833759,0.8259154929577467,10.406535211267608,0.0181250032849658,0.0008259154929577,0.0,0.5366197183098594,0.45,1.0,0.0,0.8732394366197183,0.5211267605633803
5,20,equal_weight,legacy_risk_scaled,,1.0,2021,13,-0.1457759287118665,-0.615430054881339,-0.9203259555159056,-0.215834288532762,-0.6754067192143052,-0.010653482713355,-0.0126733826099332,0.019770031468836,0.8792307692307695,11.078307692307694,-0.0131586820623412,0.0008792307692307,0.0,0.5346153846153847,0.45,1.0,0.0,0.8461538461538461,0.4615384615384615
5,20,equal_weight,legacy_risk_scaled,,1.0,2022,13,-0.2047920674192819,-0.6327512687680885,-1.529651808599712,-0.2737936602839195,-0.7479795814370425,-0.0149124858196069,-0.0965896897573248,-0.1078464791099888,0.6992307692307693,8.810307692307694,-0.0232445987780978,0.0006992307692307,0.0,0.45,0.45,0.45,0.0,1.0,0.3076923076923077
5,20,equal_weight,legacy_risk_scaled,,1.0,2023,13,0.7143903237259788,1.345635123649586,4.306184400733672,-0.1913872804497227,3.732694889897077,0.0513430010927815,0.0485412146060192,0.0379551804426658,0.6530769230769231,8.228769230769231,0.0868161815809236,0.0006530769230769,0.0,0.4961538461538461,0.45,0.75,0.0,1.0,0.6153846153846154
5,20,equal_weight,legacy_risk_scaled,,1.0,2024,13,0.1839895197769081,0.6656771006199326,1.0755777562078888,-0.0754711356185299,2.437879306691318,0.0175096040076573,-0.0031572051317864,-0.0125991599930522,1.004615384615385,12.658153846153846,0.0145352570377245,0.0010046153846153,0.0,0.6423076923076925,0.45,1.0,0.0,0.6923076923076923,0.5384615384615384
5,20,equal_weight,legacy_risk_scaled,,1.0,2025,13,0.5687928692105344,1.1016565679843175,1.4685627088032778,-0.2597691909303932,2.1896086567207504,0.0459017668267266,0.1110231022214953,0.0567260351431797,0.9146153846153848,11.52415384615385,0.0493565841626079,0.0009146153846153,0.0,0.6000000000000001,0.45,1.0,0.0,0.7692307692307693,0.6923076923076923
5,20,equal_weight,legacy_risk_scaled,,1.0,2026,6,0.4521295769037312,1.1662431190141247,7.179957867519272,-0.0801604783657117,5.640305373940079,0.0340721238334646,-0.0343487709185253,0.114463011804261,0.7800000000000001,9.828,0.0460042304541851,0.00078,0.0,0.45,0.45,0.45,0.0,1.0,0.5
5,20,equal_weight,vol_target_20pct_max_1p25,0.2,1.25,overall,71,0.1986806132475986,0.6910496373706375,1.6291492633264388,-0.5077185458494811,0.3913203779373066,0.0189022838655122,0.0057292941656191,0.008575365833759,0.845827003374014,10.657420242512575,0.0186424677573526,0.000845827003374,0.0,0.550728970360436,0.5,1.0,0.0,0.9154929577464788,0.5211267605633803
5,20,equal_weight,vol_target_20pct_max_1p25,0.2,1.25,2021,13,-0.0736421400038441,-0.0781485228802766,-0.1509211501624833,-0.2211176989631375,-0.3330449816960199,-0.0020634275760194,-0.0126733826099332,0.019770031468836,1.2733628645811532,16.04437209372253,-0.0045899047699509,0.0012733628645811,0.0,0.7770582227377657,0.5,1.0,0.0,0.5384615384615384,0.4615384615384615
5,20,equal_weight,vol_target_20pct_max_1p25,0.2,1.25,2022,13,-0.2286731965933685,-0.6327512687680885,-1.5296518085997115,-0.3012118676264068,-0.7591772475478686,-0.0165694286884521,-0.0965896897573248,-0.1078464791099888,0.7769230769230767,9.789230769230766,-0.0233596696189988,0.000776923076923,0.0,0.5,0.5,0.5,0.0,1.0,0.3076923076923077
5,20,equal_weight,vol_target_20pct_max_1p25,0.2,1.25,2023,13,0.6998310430920764,1.4202531095940878,4.75529939164732,-0.2111011754131381,3.3151451749260215,0.0494920948397846,0.0485412146060192,0.0379551804426658,0.6692307692307693,8.432307692307694,0.0829940116784983,0.0006692307692307,0.0,0.5,0.5,0.5,0.0,1.0,0.6153846153846154
5,20,equal_weight,vol_target_20pct_max_1p25,0.2,1.25,2024,13,0.1910466048496075,0.8560872271590457,1.4719139995573804,-0.0655179798701244,2.915941627448178,0.0160078433647474,-0.0031572051317864,-0.0125991599930522,0.7923076923076925,9.983076923076926,0.019137046255547,0.0007923076923076,0.0,0.5,0.5,0.5,0.0,1.0,0.5384615384615384
5,20,equal_weight,vol_target_20pct_max_1p25,0.2,1.25,2025,13,0.5403881853748154,1.467277377708088,2.178757826861014,-0.140811690884922,3.837665622639572,0.038895584385191,0.1110231022214953,0.0567260351431797,0.7076923076923077,8.916923076923077,0.060602539767707,0.0007076923076923,0.0,0.5,0.5,0.5,0.0,1.0,0.6923076923076923
5,20,equal_weight,vol_target_20pct_max_1p25,0.2,1.25,2026,6,0.5044014241931156,1.1662431190141245,7.179957867519271,-0.0888622269179885,5.676218587889214,0.0378579153705162,-0.0343487709185253,0.114463011804261,0.8666666666666667,10.92,0.0461906066110911,0.0008666666666666,0.0,0.5,0.5,0.5,0.0,1.0,0.5
5,20,equal_weight,regime_dd_vol_target_20pct_max_1p25,0.2,1.25,overall,71,0.1849242384665512,0.6640966106543914,1.5216642753132836,-0.5118690487883402,0.3612725537992396,0.0178063869208766,0.0057292941656191,0.008575365833759,0.8135325892345523,10.25051062435536,0.0180404903953924,0.0008135325892345,0.0,0.5306381013188742,0.5,1.0,0.0,0.971830985915493,0.5211267605633803
5,20,equal_weight,regime_dd_vol_target_20pct_max_1p25,0.2,1.25,2021,13,-0.1302375469491253,-0.3590771745666952,-0.5628685695255765,-0.2276845790522064,-0.5720086423563313,-0.0080487108890291,-0.0126733826099332,0.019770031468836,1.096985679665632,13.82201956378696,-0.009422468717259,0.0010969856796656,0.0,0.6673311687415436,0.5,1.0,0.0,0.8461538461538461,0.4615384615384615
5,20,equal_weight,regime_dd_vol_target_20pct_max_1p25,0.2,1.25,2022,13,-0.2286731965933685,-0.6327512687680885,-1.5296518085997115,-0.3012118676264068,-0.7591772475478686,-0.0165694286884521,-0.0965896897573248,-0.1078464791099888,0.7769230769230767,9.789230769230766,-0.0233596696189988,0.000776923076923,0.0,0.5,0.5,0.5,0.0,1.0,0.3076923076923077
5,20,equal_weight,regime_dd_vol_target_20pct_max_1p25,0.2,1.25,2023,13,0.6998310430920764,1.4202531095940878,4.75529939164732,-0.2111011754131381,3.3151451749260215,0.0494920948397846,0.0485412146060192,0.0379551804426658,0.6692307692307693,8.432307692307694,0.0829940116784983,0.0006692307692307,0.0,0.5,0.5,0.5,0.0,1.0,0.6153846153846154
5,20,equal_weight,regime_dd_vol_target_20pct_max_1p25,0.2,1.25,2024,13,0.1910466048496075,0.8560872271590457,1.4719139995573804,-0.0655179798701244,2.915941627448178,0.0160078433647474,-0.0031572051317864,-0.0125991599930522,0.7923076923076925,9.983076923076926,0.019137046255547,0.0007923076923076,0.0,0.5,0.5,0.5,0.0,1.0,0.5384615384615384
5,20,equal_weight,regime_dd_vol_target_20pct_max_1p25,0.2,1.25,2025,13,0.5403881853748154,1.467277377708088,2.178757826861014,-0.140811690884922,3.837665622639572,0.038895584385191,0.1110231022214953,0.0567260351431797,0.7076923076923077,8.916923076923077,0.060602539767707,0.0007076923076923,0.0,0.5,0.5,0.5,0.0,1.0,0.6923076923076923
5,20,equal_weight,regime_dd_vol_target_20pct_max_1p25,0.2,1.25,2026,6,0.5044014241931156,1.1662431190141245,7.179957867519271,-0.0888622269179885,5.676218587889214,0.0378579153705162,-0.0343487709185253,0.114463011804261,0.8666666666666667,10.92,0.0461906066110911,0.0008666666666666,0.0,0.5,0.5,0.5,0.0,1.0,0.5
5,20,equal_weight,vol_target_20pct_max_1p50,0.2,1.5,overall,71,0.1986806132475986,0.6910496373706375,1.6291492633264388,-0.5077185458494811,0.3913203779373066,0.0189022838655122,0.0057292941656191,0.008575365833759,0.845827003374014,10.657420242512575,0.0186424677573526,0.000845827003374,0.0,0.550728970360436,0.5,1.0,0.0,0.9154929577464788,0.5211267605633803
5,20,equal_weight,vol_target_20pct_max_1p50,0.2,1.5,2021,13,-0.0736421400038441,-0.0781485228802766,-0.1509211501624833,-0.2211176989631375,-0.3330449816960199,-0.0020634275760194,-0.0126733826099332,0.019770031468836,1.2733628645811532,16.04437209372253,-0.0045899047699509,0.0012733628645811,0.0,0.7770582227377657,0.5,1.0,0.0,0.5384615384615384,0.4615384615384615
5,20,equal_weight,vol_target_20pct_max_1p50,0.2,1.5,2022,13,-0.2286731965933685,-0.6327512687680885,-1.5296518085997115,-0.3012118676264068,-0.7591772475478686,-0.0165694286884521,-0.0965896897573248,-0.1078464791099888,0.7769230769230767,9.789230769230766,-0.0233596696189988,0.000776923076923,0.0,0.5,0.5,0.5,0.0,1.0,0.3076923076923077
5,20,equal_weight,vol_target_20pct_max_1p50,0.2,1.5,2023,13,0.6998310430920764,1.4202531095940878,4.75529939164732,-0.2111011754131381,3.3151451749260215,0.0494920948397846,0.0485412146060192,0.0379551804426658,0.6692307692307693,8.432307692307694,0.0829940116784983,0.0006692307692307,0.0,0.5,0.5,0.5,0.0,1.0,0.6153846153846154
5,20,equal_weight,vol_target_20pct_max_1p50,0.2,1.5,2024,13,0.1910466048496075,0.8560872271590457,1.4719139995573804,-0.0655179798701244,2.915941627448178,0.0160078433647474,-0.0031572051317864,-0.0125991599930522,0.7923076923076925,9.983076923076926,0.019137046255547,0.0007923076923076,0.0,0.5,0.5,0.5,0.0,1.0,0.5384615384615384
5,20,equal_weight,vol_target_20pct_max_1p50,0.2,1.5,2025,13,0.5403881853748154,1.467277377708088,2.178757826861014,-0.140811690884922,3.837665622639572,0.038895584385191,0.1110231022214953,0.0567260351431797,0.7076923076923077,8.916923076923077,0.060602539767707,0.0007076923076923,0.0,0.5,0.5,0.5,0.0,1.0,0.6923076923076923
5,20,equal_weight,vol_target_20pct_max_1p50,0.2,1.5,2026,6,0.5044014241931156,1.1662431190141245,7.179957867519271,-0.0888622269179885,5.676218587889214,0.0378579153705162,-0.0343487709185253,0.114463011804261,0.8666666666666667,10.92,0.0461906066110911,0.0008666666666666,0.0,0.5,0.5,0.5,0.0,1.0,0.5
5,20,equal_weight,regime_dd_vol_target_20pct_max_1p50,0.2,1.5,overall,71,0.1849242384665512,0.6640966106543914,1.5216642753132836,-0.5118690487883402,0.3612725537992396,0.0178063869208766,0.0057292941656191,0.008575365833759,0.8135325892345523,10.25051062435536,0.0180404903953924,0.0008135325892345,0.0,0.5306381013188742,0.5,1.0,0.0,0.971830985915493,0.5211267605633803
5,20,equal_weight,regime_dd_vol_target_20pct_max_1p50,0.2,1.5,2021,13,-0.1302375469491253,-0.3590771745666952,-0.5628685695255765,-0.2276845790522064,-0.5720086423563313,-0.0080487108890291,-0.0126733826099332,0.019770031468836,1.096985679665632,13.82201956378696,-0.009422468717259,0.0010969856796656,0.0,0.6673311687415436,0.5,1.0,0.0,0.8461538461538461,0.4615384615384615
5,20,equal_weight,regime_dd_vol_target_20pct_max_1p50,0.2,1.5,2022,13,-0.2286731965933685,-0.6327512687680885,-1.5296518085997115,-0.3012118676264068,-0.7591772475478686,-0.0165694286884521,-0.0965896897573248,-0.1078464791099888,0.7769230769230767,9.789230769230766,-0.0233596696189988,0.000776923076923,0.0,0.5,0.5,0.5,0.0,1.0,0.3076923076923077
5,20,equal_weight,regime_dd_vol_target_20pct_max_1p50,0.2,1.5,2023,13,0.6998310430920764,1.4202531095940878,4.75529939164732,-0.2111011754131381,3.3151451749260215,0.0494920948397846,0.0485412146060192,0.0379551804426658,0.6692307692307693,8.432307692307694,0.0829940116784983,0.0006692307692307,0.0,0.5,0.5,0.5,0.0,1.0,0.6153846153846154
5,20,equal_weight,regime_dd_vol_target_20pct_max_1p50,0.2,1.5,2024,13,0.1910466048496075,0.8560872271590457,1.4719139995573804,-0.0655179798701244,2.915941627448178,0.0160078433647474,-0.0031572051317864,-0.0125991599930522,0.7923076923076925,9.983076923076926,0.019137046255547,0.0007923076923076,0.0,0.5,0.5,0.5,0.0,1.0,0.5384615384615384
5,20,equal_weight,regime_dd_vol_target_20pct_max_1p50,0.2,1.5,2025,13,0.5403881853748154,1.467277377708088,2.178757826861014,-0.140811690884922,3.837665622639572,0.038895584385191,0.1110231022214953,0.0567260351431797,0.7076923076923077,8.916923076923077,0.060602539767707,0.0007076923076923,0.0,0.5,0.5,0.5,0.0,1.0,0.6923076923076923
5,20,equal_weight,regime_dd_vol_target_20pct_max_1p50,0.2,1.5,2026,6,0.5044014241931156,1.1662431190141245,7.179957867519271,-0.0888622269179885,5.676218587889214,0.0378579153705162,-0.0343487709185253,0.114463011804261,0.8666666666666667,10.92,0.0461906066110911,0.0008666666666666,0.0,0.5,0.5,0.5,0.0,1.0,0.5
5,20,equal_weight,vol_target_25pct_max_1p25,0.25,1.25,overall,71,0.181939266861159,0.6401473611866526,1.3883807124481378,-0.5632852871042797,0.3229966608864701,0.0181283104796312,0.0057292941656191,0.008575365833759,0.8835599750765901,11.132855685965035,0.0163425514525016,0.0008835599750765,0.0,0.5736383639994349,0.5,1.0,0.0,0.9154929577464788,0.5211267605633803
5,20,equal_weight,vol_target_25pct_max_1p25,0.25,1.25,2021,13,-0.0984414506926273,-0.1082370568649483,-0.1845994602958572,-0.266693699613883,-0.3691180212924042,-0.003175051392703,-0.0126733826099332,0.019770031468836,1.3964389426020365,17.595130676785658,-0.0055948121387076,0.001396438942602,0.0,0.8522419807667009,0.5769496304784167,1.0,0.0,0.5384615384615384,0.4615384615384615
5,20,equal_weight,vol_target_25pct_max_1p25,0.25,1.25,2022,13,-0.2660567977323619,-0.690624994153716,-1.5549719428295006,-0.3319765088765467,-0.8014326032668214,-0.0196848902869645,-0.0965896897573248,-0.1078464791099888,0.8599270751239556,10.83508114656184,-0.0245551273805444,0.0008599270751239,0.0,0.549936776460982,0.523761919536097,0.5853554304321734,0.0,1.0,0.3076923076923077
5,20,equal_weight,vol_target_25pct_max_1p25,0.25,1.25,2023,13,0.6998310430920764,1.4202531095940878,4.75529939164732,-0.2111011754131381,3.3151451749260215,0.0494920948397846,0.0485412146060192,0.0379551804426658,0.6692307692307693,8.432307692307694,0.0829940116784983,0.0006692307692307,0.0,0.5,0.5,0.5,0.0,1.0,0.6153846153846154
5,20,equal_weight,vol_target_25pct_max_1p25,0.25,1.25,2024,13,0.1910466048496075,0.8560872271590457,1.4719139995573804,-0.0655179798701244,2.915941627448178,0.0160078433647474,-0.0031572051317864,-0.0125991599930522,0.7923076923076925,9.983076923076926,0.019137046255547,0.0007923076923076,0.0,0.5,0.5,0.5,0.0,1.0,0.5384615384615384
5,20,equal_weight,vol_target_25pct_max_1p25,0.25,1.25,2025,13,0.5403881853748154,1.467277377708088,2.178757826861014,-0.140811690884922,3.837665622639572,0.038895584385191,0.1110231022214953,0.0567260351431797,0.7076923076923077,8.916923076923077,0.060602539767707,0.0007076923076923,0.0,0.5,0.5,0.5,0.0,1.0,0.6923076923076923
5,20,equal_weight,vol_target_25pct_max_1p25,0.25,1.25,2026,6,0.5044014241931156,1.1662431190141245,7.179957867519271,-0.0888622269179885,5.676218587889214,0.0378579153705162,-0.0343487709185253,0.114463011804261,0.8666666666666667,10.92,0.0461906066110911,0.0008666666666666,0.0,0.5,0.5,0.5,0.0,1.0,0.5
5,20,equal_weight,regime_dd_vol_target_25pct_max_1p25,0.25,1.25,overall,71,0.1803652790855952,0.6510190340294227,1.4640938605195213,-0.5223578961494999,0.3452906147588401,0.0175518725419664,0.0057292941656191,0.008575365833759,0.8218529535828555,10.35534721514398,0.017417598399967,0.0008218529535828,0.0,0.5362950652180059,0.5,1.0,0.0,0.971830985915493,0.5211267605633803
5,20,equal_weight,regime_dd_vol_target_25pct_max_1p25,0.25,1.25,2021,13,-0.1483577844169901,-0.405266115277557,-0.6132542819827868,-0.2442799179564148,-0.6073269782392041,-0.0094387509584617,-0.0126733826099332,0.019770031468836,1.1424276695679028,14.394588636555577,-0.010306496987363,0.0011424276695679,0.0,0.698226894652186,0.5769496304784167,1.0,0.0,0.8461538461538461,0.4615384615384615
5,20,equal_weight,regime_dd_vol_target_25pct_max_1p25,0.25,1.25,2022,13,-0.2286731965933685,-0.6327512687680885,-1.5296518085997115,-0.3012118676264068,-0.7591772475478686,-0.0165694286884521,-0.0965896897573248,-0.1078464791099888,0.7769230769230767,9.789230769230766,-0.0233596696189988,0.000776923076923,0.0,0.5,0.5,0.5,0.0,1.0,0.3076923076923077
5,20,equal_weight,regime_dd_vol_target_25pct_max_1p25,0.25,1.25,2023,13,0.6998310430920764,1.4202531095940878,4.75529939164732,-0.2111011754131381,3.3151451749260215,0.0494920948397846,0.0485412146060192,0.0379551804426658,0.6692307692307693,8.432307692307694,0.0829940116784983,0.0006692307692307,0.0,0.5,0.5,0.5,0.0,1.0,0.6153846153846154
5,20,equal_weight,regime_dd_vol_target_25pct_max_1p25,0.25,1.25,2024,13,0.1910466048496075,0.8560872271590457,1.4719139995573804,-0.0655179798701244,2.915941627448178,0.0160078433647474,-0.0031572051317864,-0.0125991599930522,0.7923076923076925,9.983076923076926,0.019137046255547,0.0007923076923076,0.0,0.5,0.5,0.5,0.0,1.0,0.5384615384615384
5,20,equal_weight,regime_dd_vol_target_25pct_max_1p25,0.25,1.25,2025,13,0.5403881853748154,1.467277377708088,2.178757826861014,-0.140811690884922,3.837665622639572,0.038895584385191,0.1110231022214953,0.0567260351431797,0.7076923076923077,8.916923076923077,0.060602539767707,0.0007076923076923,0.0,0.5,0.5,0.5,0.0,1.0,0.6923076923076923
5,20,equal_weight,regime_dd_vol_target_25pct_max_1p25,0.25,1.25,2026,6,0.5044014241931156,1.1662431190141245,7.179957867519271,-0.0888622269179885,5.676218587889214,0.0378579153705162,-0.0343487709185253,0.114463011804261,0.8666666666666667,10.92,0.0461906066110911,0.0008666666666666,0.0,0.5,0.5,0.5,0.0,1.0,0.5
5,20,equal_weight,vol_target_25pct_max_1p50,0.25,1.5,overall,71,0.181939266861159,0.6401473611866526,1.3883807124481378,-0.5632852871042797,0.3229966608864701,0.0181283104796312,0.0057292941656191,0.008575365833759,0.8835599750765901,11.132855685965035,0.0163425514525016,0.0008835599750765,0.0,0.5736383639994349,0.5,1.0,0.0,0.9154929577464788,0.5211267605633803
5,20,equal_weight,vol_target_25pct_max_1p50,0.25,1.5,2021,13,-0.0984414506926273,-0.1082370568649483,-0.1845994602958572,-0.266693699613883,-0.3691180212924042,-0.003175051392703,-0.0126733826099332,0.019770031468836,1.3964389426020365,17.595130676785658,-0.0055948121387076,0.001396438942602,0.0,0.8522419807667009,0.5769496304784167,1.0,0.0,0.5384615384615384,0.4615384615384615
5,20,equal_weight,vol_target_25pct_max_1p50,0.25,1.5,2022,13,-0.2660567977323619,-0.690624994153716,-1.5549719428295006,-0.3319765088765467,-0.8014326032668214,-0.0196848902869645,-0.0965896897573248,-0.1078464791099888,0.8599270751239556,10.83508114656184,-0.0245551273805444,0.0008599270751239,0.0,0.549936776460982,0.523761919536097,0.5853554304321734,0.0,1.0,0.3076923076923077
5,20,equal_weight,vol_target_25pct_max_1p50,0.25,1.5,2023,13,0.6998310430920764,1.4202531095940878,4.75529939164732,-0.2111011754131381,3.3151451749260215,0.0494920948397846,0.0485412146060192,0.0379551804426658,0.6692307692307693,8.432307692307694,0.0829940116784983,0.0006692307692307,0.0,0.5,0.5,0.5,0.0,1.0,0.6153846153846154
5,20,equal_weight,vol_target_25pct_max_1p50,0.25,1.5,2024,13,0.1910466048496075,0.8560872271590457,1.4719139995573804,-0.0655179798701244,2.915941627448178,0.0160078433647474,-0.0031572051317864,-0.0125991599930522,0.7923076923076925,9.983076923076926,0.019137046255547,0.0007923076923076,0.0,0.5,0.5,0.5,0.0,1.0,0.5384615384615384
5,20,equal_weight,vol_target_25pct_max_1p50,0.25,1.5,2025,13,0.5403881853748154,1.467277377708088,2.178757826861014,-0.140811690884922,3.837665622639572,0.038895584385191,0.1110231022214953,0.0567260351431797,0.7076923076923077,8.916923076923077,0.060602539767707,0.0007076923076923,0.0,0.5,0.5,0.5,0.0,1.0,0.6923076923076923
5,20,equal_weight,vol_target_25pct_max_1p50,0.25,1.5,2026,6,0.5044014241931156,1.1662431190141245,7.179957867519271,-0.0888622269179885,5.676218587889214,0.0378579153705162,-0.0343487709185253,0.114463011804261,0.8666666666666667,10.92,0.0461906066110911,0.0008666666666666,0.0,0.5,0.5,0.5,0.0,1.0,0.5
5,20,equal_weight,regime_dd_vol_target_25pct_max_1p50,0.25,1.5,overall,71,0.1803652790855952,0.6510190340294227,1.4640938605195213,-0.5223578961494999,0.3452906147588401,0.0175518725419664,0.0057292941656191,0.008575365833759,0.8218529535828555,10.35534721514398,0.017417598399967,0.0008218529535828,0.0,0.5362950652180059,0.5,1.0,0.0,0.971830985915493,0.5211267605633803
5,20,equal_weight,regime_dd_vol_target_25pct_max_1p50,0.25,1.5,2021,13,-0.1483577844169901,-0.405266115277557,-0.6132542819827868,-0.2442799179564148,-0.6073269782392041,-0.0094387509584617,-0.0126733826099332,0.019770031468836,1.1424276695679028,14.394588636555577,-0.010306496987363,0.0011424276695679,0.0,0.698226894652186,0.5769496304784167,1.0,0.0,0.8461538461538461,0.4615384615384615
5,20,equal_weight,regime_dd_vol_target_25pct_max_1p50,0.25,1.5,2022,13,-0.2286731965933685,-0.6327512687680885,-1.5296518085997115,-0.3012118676264068,-0.7591772475478686,-0.0165694286884521,-0.0965896897573248,-0.1078464791099888,0.7769230769230767,9.789230769230766,-0.0233596696189988,0.000776923076923,0.0,0.5,0.5,0.5,0.0,1.0,0.3076923076923077
5,20,equal_weight,regime_dd_vol_target_25pct_max_1p50,0.25,1.5,2023,13,0.6998310430920764,1.4202531095940878,4.75529939164732,-0.2111011754131381,3.3151451749260215,0.0494920948397846,0.0485412146060192,0.0379551804426658,0.6692307692307693,8.432307692307694,0.0829940116784983,0.0006692307692307,0.0,0.5,0.5,0.5,0.0,1.0,0.6153846153846154
5,20,equal_weight,regime_dd_vol_target_25pct_max_1p50,0.25,1.5,2024,13,0.1910466048496075,0.8560872271590457,1.4719139995573804,-0.0655179798701244,2.915941627448178,0.0160078433647474,-0.0031572051317864,-0.0125991599930522,0.7923076923076925,9.983076923076926,0.019137046255547,0.0007923076923076,0.0,0.5,0.5,0.5,0.0,1.0,0.5384615384615384
5,20,equal_weight,regime_dd_vol_target_25pct_max_1p50,0.25,1.5,2025,13,0.5403881853748154,1.467277377708088,2.178757826861014,-0.140811690884922,3.837665622639572,0.038895584385191,0.1110231022214953,0.0567260351431797,0.7076923076923077,8.916923076923077,0.060602539767707,0.0007076923076923,0.0,0.5,0.5,0.5,0.0,1.0,0.6923076923076923
5,20,equal_weight,regime_dd_vol_target_25pct_max_1p50,0.25,1.5,2026,6,0.5044014241931156,1.1662431190141245,7.179957867519271,-0.0888622269179885,5.676218587889214,0.0378579153705162,-0.0343487709185253,0.114463011804261,0.8666666666666667,10.92,0.0461906066110911,0.0008666666666666,0.0,0.5,0.5,0.5,0.0,1.0,0.5
5,20,equal_weight,vol_target_30pct_max_1p25,0.3,1.25,overall,71,0.1623199205187959,0.5774714165061754,1.1507641763416263,-0.6367301190919968,0.2549273477910402,0.0175776973970005,0.0057292941656191,0.008575365833759,0.948188647505884,11.947176958574138,0.013586466583832,0.0009481886475058,8.20341656960162e-07,0.614400984238416,0.5,1.0146775529263312,0.0140845070422535,0.9014084507042254,0.5211267605633803
5,20,equal_weight,vol_target_30pct_max_1p25,0.3,1.25,2021,13,-0.1307282045220839,-0.1446054903448894,-0.2248196199448121,-0.3159916697534825,-0.4137077557268206,-0.0047211910594019,-0.0126733826099332,0.019770031468836,1.5218805772762896,19.17569527368125,-0.0068173905903432,0.0015218805772762,4.4803275110901155e-06,0.9303826846123486,0.6923395565741001,1.0146775529263312,0.0769230769230769,0.4615384615384615,0.4615384615384615
5,20,equal_weight,vol_target_30pct_max_1p25,0.3,1.25,2022,13,-0.3201991852257047,-0.6906249941537166,-1.5549719428295012,-0.3893776590607528,-0.8223357909081924,-0.0236218683443574,-0.0965896897573248,-0.1078464791099888,1.0319124901487466,13.002097375874207,-0.024626733362253,0.0010319124901487,0.0,0.6599241317531782,0.6285143034433164,0.7024265165186081,0.0,1.0,0.3076923076923077
5,20,equal_weight,vol_target_30pct_max_1p25,0.3,1.25,2023,13,0.7018654988460988,1.421221647216148,4.766881800078548,-0.2111011754131381,3.32478252417356,0.04961115890824,0.0485412146060192,0.0379551804426658,0.6697027388494697,8.438254509503318,0.0831766211905133,0.0006697027388494,0.0,0.5002359848093503,0.5,0.5030678025215529,0.0,1.0,0.6153846153846154
5,20,equal_weight,vol_target_30pct_max_1p25,0.3,1.25,2024,13,0.1910443803668595,0.8560783966560789,1.4719102190335571,-0.0655179798701244,2.9159076751994606,0.0160076978323246,-0.0031572051317864,-0.0125991599930522,0.7923117610578707,9.98312818932917,0.0191367251570569,0.0007923117610578,0.0,0.5000040687501783,0.5,0.5000528937523178,0.0,1.0,0.5384615384615384
5,20,equal_weight,vol_target_30pct_max_1p25,0.3,1.25,2025,13,0.5692067540699286,1.4476857624851678,2.0957848803989685,-0.1433194755512857,3.971593894552331,0.0410034777616673,0.1110231022214953,0.0567260351431797,0.75433755390167,9.504653179161044,0.0598871671948972,0.0007543375539016,0.0,0.5298624236918481,0.5,0.580948867363784,0.0,1.0,0.6923076923076923
5,20,equal_weight,vol_target_30pct_max_1p25,0.3,1.25,2026,6,0.5107788274824046,1.159338754408514,6.9825478708874975,-0.0916830207622966,5.571138725966317,0.038397656484482,-0.0343487709185253,0.114463011804261,0.884917899479194,11.149965533437843,0.0458099019185862,0.0008849178994791,0.0,0.5095248439846326,0.5,0.5194503988585746,0.0,1.0,0.5
5,20,equal_weight,regime_dd_vol_target_30pct_max_1p25,0.3,1.25,overall,71,0.1823493216410401,0.6507013398423355,1.4471774440730127,-0.5279010219869376,0.3454233162017864,0.0178337779383468,0.0057292941656191,0.008575365833759,0.8327598379063268,10.492773957619717,0.017378561891979,0.0008327598379063,0.0,0.5435973727556921,0.5,1.0,0.0,0.971830985915493,0.5211267605633803
5,20,equal_weight,regime_dd_vol_target_30pct_max_1p25,0.3,1.25,2021,13,-0.1579388619084691,-0.4358599574933708,-0.6580628973717632,-0.2530501906749973,-0.6241404580141829,-0.0102559729210375,-0.0126733826099332,0.019770031468836,1.1469230769230772,14.451230769230772,-0.0109290941671728,0.001146923076923,0.0,0.703846153846154,0.65,1.0,0.0,0.8461538461538461,0.4615384615384615
5,20,equal_weight,regime_dd_vol_target_30pct_max_1p25,0.3,1.25,2022,13,-0.2286731965933685,-0.6327512687680885,-1.5296518085997115,-0.3012118676264068,-0.7591772475478686,-0.0165694286884521,-0.0965896897573248,-0.1078464791099888,0.7769230769230767,9.789230769230766,-0.0233596696189988,0.000776923076923,0.0,0.5,0.5,0.5,0.0,1.0,0.3076923076923077
5,20,equal_weight,regime_dd_vol_target_30pct_max_1p25,0.3,1.25,2023,13,0.6998310430920764,1.4202531095940878,4.75529939164732,-0.2111011754131381,3.3151451749260215,0.0494920948397846,0.0485412146060192,0.0379551804426658,0.6692307692307693,8.432307692307694,0.0829940116784983,0.0006692307692307,0.0,0.5,0.5,0.5,0.0,1.0,0.6153846153846154
5,20,equal_weight,regime_dd_vol_target_30pct_max_1p25,0.3,1.25,2024,13,0.1910443803668595,0.8560783966560789,1.4719102190335571,-0.0655179798701244,2.9159076751994606,0.0160076978323246,-0.0031572051317864,-0.0125991599930522,0.7923117610578707,9.98312818932917,0.0191367251570569,0.0007923117610578,0.0,0.5000040687501783,0.5,0.5000528937523178,0.0,1.0,0.5384615384615384
5,20,equal_weight,regime_dd_vol_target_30pct_max_1p25,0.3,1.25,2025,13,0.5692067540699286,1.4476857624851678,2.0957848803989685,-0.1433194755512857,3.971593894552331,0.0410034777616673,0.1110231022214953,0.0567260351431797,0.75433755390167,9.504653179161044,0.0598871671948972,0.0007543375539016,0.0,0.5298624236918481,0.5,0.580948867363784,0.0,1.0,0.6923076923076923
5,20,equal_weight,regime_dd_vol_target_30pct_max_1p25,0.3,1.25,2026,6,0.5107788274824046,1.159338754408514,6.9825478708874975,-0.0916830207622966,5.571138725966317,0.038397656484482,-0.0343487709185253,0.114463011804261,0.884917899479194,11.149965533437843,0.0458099019185862,0.0008849178994791,0.0,0.5095248439846326,0.5,0.5194503988585746,0.0,1.0,0.5
5,20,equal_weight,vol_target_30pct_max_1p50,0.3,1.5,overall,71,0.1623199205187959,0.5774714165061754,1.1507641763416263,-0.6367301190919968,0.2549273477910402,0.0175776973970005,0.0057292941656191,0.008575365833759,0.948188647505884,11.947176958574138,0.013586466583832,0.0009481886475058,8.20341656960162e-07,0.614400984238416,0.5,1.0146775529263312,0.0140845070422535,0.9014084507042254,0.5211267605633803
5,20,equal_weight,vol_target_30pct_max_1p50,0.3,1.5,2021,13,-0.1307282045220839,-0.1446054903448894,-0.2248196199448121,-0.3159916697534825,-0.4137077557268206,-0.0047211910594019,-0.0126733826099332,0.019770031468836,1.5218805772762896,19.17569527368125,-0.0068173905903432,0.0015218805772762,4.4803275110901155e-06,0.9303826846123486,0.6923395565741001,1.0146775529263312,0.0769230769230769,0.4615384615384615,0.4615384615384615
5,20,equal_weight,vol_target_30pct_max_1p50,0.3,1.5,2022,13,-0.3201991852257047,-0.6906249941537166,-1.5549719428295012,-0.3893776590607528,-0.8223357909081924,-0.0236218683443574,-0.0965896897573248,-0.1078464791099888,1.0319124901487466,13.002097375874207,-0.024626733362253,0.0010319124901487,0.0,0.6599241317531782,0.6285143034433164,0.7024265165186081,0.0,1.0,0.3076923076923077
5,20,equal_weight,vol_target_30pct_max_1p50,0.3,1.5,2023,13,0.7018654988460988,1.421221647216148,4.766881800078548,-0.2111011754131381,3.32478252417356,0.04961115890824,0.0485412146060192,0.0379551804426658,0.6697027388494697,8.438254509503318,0.0831766211905133,0.0006697027388494,0.0,0.5002359848093503,0.5,0.5030678025215529,0.0,1.0,0.6153846153846154
5,20,equal_weight,vol_target_30pct_max_1p50,0.3,1.5,2024,13,0.1910443803668595,0.8560783966560789,1.4719102190335571,-0.0655179798701244,2.9159076751994606,0.0160076978323246,-0.0031572051317864,-0.0125991599930522,0.7923117610578707,9.98312818932917,0.0191367251570569,0.0007923117610578,0.0,0.5000040687501783,0.5,0.5000528937523178,0.0,1.0,0.5384615384615384
5,20,equal_weight,vol_target_30pct_max_1p50,0.3,1.5,2025,13,0.5692067540699286,1.4476857624851678,2.0957848803989685,-0.1433194755512857,3.971593894552331,0.0410034777616673,0.1110231022214953,0.0567260351431797,0.75433755390167,9.504653179161044,0.0598871671948972,0.0007543375539016,0.0,0.5298624236918481,0.5,0.580948867363784,0.0,1.0,0.6923076923076923
5,20,equal_weight,vol_target_30pct_max_1p50,0.3,1.5,2026,6,0.5107788274824046,1.159338754408514,6.9825478708874975,-0.0916830207622966,5.571138725966317,0.038397656484482,-0.0343487709185253,0.114463011804261,0.884917899479194,11.149965533437843,0.0458099019185862,0.0008849178994791,0.0,0.5095248439846326,0.5,0.5194503988585746,0.0,1.0,0.5
5,20,equal_weight,regime_dd_vol_target_30pct_max_1p50,0.3,1.5,overall,71,0.1823493216410401,0.6507013398423355,1.4471774440730127,-0.5279010219869376,0.3454233162017864,0.0178337779383468,0.0057292941656191,0.008575365833759,0.8327598379063268,10.492773957619717,0.017378561891979,0.0008327598379063,0.0,0.5435973727556921,0.5,1.0,0.0,0.971830985915493,0.5211267605633803
5,20,equal_weight,regime_dd_vol_target_30pct_max_1p50,0.3,1.5,2021,13,-0.1579388619084691,-0.4358599574933708,-0.6580628973717632,-0.2530501906749973,-0.6241404580141829,-0.0102559729210375,-0.0126733826099332,0.019770031468836,1.1469230769230772,14.451230769230772,-0.0109290941671728,0.001146923076923,0.0,0.703846153846154,0.65,1.0,0.0,0.8461538461538461,0.4615384615384615
5,20,equal_weight,regime_dd_vol_target_30pct_max_1p50,0.3,1.5,2022,13,-0.2286731965933685,-0.6327512687680885,-1.5296518085997115,-0.3012118676264068,-0.7591772475478686,-0.0165694286884521,-0.0965896897573248,-0.1078464791099888,0.7769230769230767,9.789230769230766,-0.0233596696189988,0.000776923076923,0.0,0.5,0.5,0.5,0.0,1.0,0.3076923076923077
5,20,equal_weight,regime_dd_vol_target_30pct_max_1p50,0.3,1.5,2023,13,0.6998310430920764,1.4202531095940878,4.75529939164732,-0.2111011754131381,3.3151451749260215,0.0494920948397846,0.0485412146060192,0.0379551804426658,0.6692307692307693,8.432307692307694,0.0829940116784983,0.0006692307692307,0.0,0.5,0.5,0.5,0.0,1.0,0.6153846153846154
5,20,equal_weight,regime_dd_vol_target_30pct_max_1p50,0.3,1.5,2024,13,0.1910443803668595,0.8560783966560789,1.4719102190335571,-0.0655179798701244,2.9159076751994606,0.0160076978323246,-0.0031572051317864,-0.0125991599930522,0.7923117610578707,9.98312818932917,0.0191367251570569,0.0007923117610578,0.0,0.5000040687501783,0.5,0.5000528937523178,0.0,1.0,0.5384615384615384
5,20,equal_weight,regime_dd_vol_target_30pct_max_1p50,0.3,1.5,2025,13,0.5692067540699286,1.4476857624851678,2.0957848803989685,-0.1433194755512857,3.971593894552331,0.0410034777616673,0.1110231022214953,0.0567260351431797,0.75433755390167,9.504653179161044,0.0598871671948972,0.0007543375539016,0.0,0.5298624236918481,0.5,0.580948867363784,0.0,1.0,0.6923076923076923
5,20,equal_weight,regime_dd_vol_target_30pct_max_1p50,0.3,1.5,2026,6,0.5107788274824046,1.159338754408514,6.9825478708874975,-0.0916830207622966,5.571138725966317,0.038397656484482,-0.0343487709185253,0.114463011804261,0.884917899479194,11.149965533437843,0.0458099019185862,0.0008849178994791,0.0,0.5095248439846326,0.5,0.5194503988585746,0.0,1.0,0.5
5,20,buffer_inverse_volatility,static_1x,,1.0,overall,71,0.3211954873363929,0.7229056004577844,1.6606065042488238,-0.7782558708210688,0.4127119362395917,0.0382778494081627,0.0057292941656191,0.008575365833759,1.4289723868835071,18.00505207473219,0.0178391868017504,0.0014289723868835,0.0,1.0,1.0,1.0,0.0,0.0,0.5070422535211268
5,20,buffer_inverse_volatility,static_1x,,1.0,2021,13,-0.2702783156396413,-0.584888160959498,-0.7779765508601962,-0.3796775690112863,-0.7118627427568864,-0.018480537964126,-0.0126733826099332,0.019770031468836,1.4072095173506614,17.730839918618333,-0.0152434017158902,0.0014072095173506,0.0,1.0,1.0,1.0,0.0,0.0,0.4615384615384615
5,20,buffer_inverse_volatility,static_1x,,1.0,2022,13,-0.4944010087516538,-0.7536116890324581,-1.5851544774996214,-0.5516458107516171,-0.8962290642215387,-0.0383096576726316,-0.0965896897573248,-0.1078464791099888,1.5241821501584851,19.20469509199691,-0.0257437572626541,0.0015241821501584,0.0,1.0,1.0,1.0,0.0,0.0,0.3076923076923077
5,20,buffer_inverse_volatility,static_1x,,1.0,2023,13,1.495070517185324,1.4242694029856466,4.591540494500248,-0.4289987523160636,3.4850229962529937,0.1009392473375041,0.0485412146060192,0.0379551804426658,1.1574823204366438,14.584277237501713,0.1025124860723938,0.0011574823204366,0.0,1.0,1.0,1.0,0.0,0.0,0.6153846153846154
5,20,buffer_inverse_volatility,static_1x,,1.0,2024,13,0.40390652026195,0.9357710416744196,1.7778958019317308,-0.1406054820193768,2.8726228484198626,0.0355390778123714,-0.0031572051317864,-0.0125991599930522,1.537494082008455,19.37242543330653,0.0208495586498696,0.0015374940820084,0.0,1.0,1.0,1.0,0.0,0.0,0.4615384615384615
5,20,buffer_inverse_volatility,static_1x,,1.0,2025,13,1.5311776250242315,1.6879524778714745,2.910906189223374,-0.277011590502179,5.527485771438097,0.0936289816638449,0.1110231022214953,0.0567260351431797,1.3827816920033658,17.42304931924241,0.087882298727879,0.0013827816920033,0.0,1.0,1.0,1.0,0.0,0.0,0.6923076923076923
5,20,buffer_inverse_volatility,static_1x,,1.0,2026,6,1.0713100231794557,1.1824803137628428,6.45679015775385,-0.1690251970471994,6.338167574390094,0.0774341437798396,-0.0343487709185253,0.114463011804261,1.723015427213343,21.709994382888127,0.0493463979900365,0.0017230154272133,0.0,1.0,1.0,1.0,0.0,0.0,0.5
5,20,buffer_inverse_volatility,legacy_risk_scaled,,1.0,overall,71,0.2190031805278531,0.6827739811960664,1.5144821638169017,-0.5122977743697752,0.4274919616765253,0.0215114801846146,0.0057292941656191,0.008575365833759,0.7715619581283112,9.72168067241672,0.0225272962471633,0.0007715619581283,0.0,0.5366197183098594,0.45,1.0,0.0,0.8732394366197183,0.5070422535211268
5,20,buffer_inverse_volatility,legacy_risk_scaled,,1.0,2021,13,-0.1937122107502438,-0.9531006678662862,-1.3016554406484977,-0.2541982281766545,-0.7620517740809111,-0.0153835574032478,-0.0126733826099332,0.019770031468836,0.7766561432191332,9.785867404561078,-0.019795098660335,0.0007766561432191,0.0,0.5346153846153847,0.45,1.0,0.0,0.8461538461538461,0.4615384615384615
5,20,buffer_inverse_volatility,legacy_risk_scaled,,1.0,2022,13,-0.2267534409971244,-0.7536116890324581,-1.5851544774996216,-0.2806065564126309,-0.8080831891314912,-0.0172393459526842,-0.0965896897573248,-0.1078464791099888,0.6858819675713185,8.642112791398613,-0.0262381950421671,0.0006858819675713,0.0,0.45,0.45,0.45,0.0,1.0,0.3076923076923077
5,20,buffer_inverse_volatility,legacy_risk_scaled,,1.0,2023,13,0.760805293862034,1.3576665012916782,5.0329392829007515,-0.2108966669446241,3.60747898430183,0.0541581749959512,0.0485412146060192,0.0379551804426658,0.5585416140113684,7.037624336543241,0.1081054141965935,0.0005585416140113,0.0,0.4961538461538461,0.45,0.75,0.0,1.0,0.6153846153846154
5,20,buffer_inverse_volatility,legacy_risk_scaled,,1.0,2024,13,0.2743524013039429,0.8705821791828977,1.6550600473488766,-0.0632724669087195,4.33604717356349,0.0235276928429382,-0.0031572051317864,-0.0125991599930522,0.9421795771800622,11.871462672468784,0.0231102441942723,0.00094217957718,0.0,0.6423076923076925,0.45,1.0,0.0,0.6923076923076923,0.4615384615384615
5,20,buffer_inverse_volatility,legacy_risk_scaled,,1.0,2025,13,0.7674845381365663,1.30161346132611,1.905514143825184,-0.255787725235617,3.0004744654169917,0.0563403358941251,0.1110231022214953,0.0567260351431797,0.8927989575284306,11.249266864858226,0.0682252939108524,0.0008927989575284,0.0,0.6000000000000001,0.45,1.0,0.0,0.7692307692307693,0.6923076923076923
5,20,buffer_inverse_volatility,legacy_risk_scaled,,1.0,2026,6,0.4651002330825389,1.1824803137628426,6.456790157753849,-0.077977592401194,5.964536974796581,0.0348453647009278,-0.0343487709185253,0.114463011804261,0.7753569422460046,9.769497472299658,0.0476073855795837,0.000775356942246,0.0,0.45,0.45,0.45,0.0,1.0,0.5
5,20,buffer_inverse_volatility,vol_target_20pct_max_1p25,0.2,1.25,overall,71,0.1982275757388518,0.6868194766310763,1.5107632713072665,-0.5539660436234206,0.3578334412742535,0.0189970489108973,0.0057292941656191,0.008575365833759,0.800931860203195,10.091741438560256,0.0196425539581731,0.0008009318602031,0.0,0.5589054020795141,0.5,1.0,0.0,0.9154929577464788,0.5070422535211268
5,20,buffer_inverse_volatility,vol_target_20pct_max_1p25,0.2,1.25,2021,13,-0.1575139327236733,-0.3964778646012051,-0.6066734622774179,-0.2805442509323458,-0.5614584230480572,-0.0098443510040013,-0.0126733826099332,0.019770031468836,1.174420187027765,14.79769435654984,-0.0106444915625624,0.0011744201870277,0.0,0.8210056988107349,0.5180751331022486,1.0,0.0,0.5384615384615384,0.4615384615384615
5,20,buffer_inverse_volatility,vol_target_20pct_max_1p25,0.2,1.25,2022,13,-0.2540663255088041,-0.7585611353533306,-1.5861016150837424,-0.3098116857730431,-0.8200669541397609,-0.0193256069156135,-0.0965896897573248,-0.1078464791099888,0.7634019805777574,9.618864955279744,-0.0264133374041547,0.0007634019805777,0.0,0.5007084202389193,0.5,0.506192232559564,0.0,1.0,0.3076923076923077
5,20,buffer_inverse_volatility,vol_target_20pct_max_1p25,0.2,1.25,2023,13,0.7140438544691552,1.4242694029856466,4.591540494500248,-0.2324799095994562,3.0714217658609475,0.050469623668752,0.0485412146060192,0.0379551804426658,0.5787411602183219,7.292138618750856,0.0979196764901146,0.0005787411602183,0.0,0.5,0.5,0.5,0.0,1.0,0.6153846153846154
5,20,buffer_inverse_volatility,vol_target_20pct_max_1p25,0.2,1.25,2024,13,0.2168145061597308,0.9357710416744196,1.7778958019317308,-0.0703027410096884,3.0840121316159137,0.0177695389061857,-0.0031572051317864,-0.0125991599930522,0.7687470410042275,9.686212716653266,0.0223838266309149,0.0007687470410042,0.0,0.5,0.5,0.5,0.0,1.0,0.4615384615384615
5,20,buffer_inverse_volatility,vol_target_20pct_max_1p25,0.2,1.25,2025,13,0.6889102378012653,1.6879524778714745,2.910906189223374,-0.1415675280144992,4.866301244807408,0.0468144908319224,0.1110231022214953,0.0567260351431797,0.6913908460016829,8.711524659621205,0.0790803291867419,0.0006913908460016,0.0,0.5,0.5,0.5,0.0,1.0,0.6923076923076923
5,20,buffer_inverse_volatility,vol_target_20pct_max_1p25,0.2,1.25,2026,6,0.5192557887613365,1.1824803137628428,6.45679015775385,-0.0864482083518363,6.006553503665604,0.0387170718899198,-0.0343487709185253,0.114463011804261,0.8615077136066717,10.854997191444063,0.0478356446900433,0.0008615077136066,0.0,0.5,0.5,0.5,0.0,1.0,0.5
5,20,buffer_inverse_volatility,regime_dd_vol_target_20pct_max_1p25,0.2,1.25,overall,71,0.1879054686774139,0.6672073947371809,1.4820680263928647,-0.5529436831490052,0.3398274985389026,0.0181331179489955,0.0057292941656191,0.008575365833759,0.7672920624680076,9.667879987096896,0.0194360572253895,0.000767292062468,0.0,0.534729421949833,0.5,1.0,0.0,0.971830985915493,0.5070422535211268
5,20,buffer_inverse_volatility,regime_dd_vol_target_20pct_max_1p25,0.2,1.25,2021,13,-0.1983648447586172,-0.7019405246045531,-0.9739716147306916,-0.2807167119817948,-0.7066371052802931,-0.0147335212598396,-0.0126733826099332,0.019770031468836,0.99200604335718,12.499276146300469,-0.0158701065915188,0.0009920060433571,0.0,0.689676073726011,0.5,1.0,0.0,0.8461538461538461,0.4615384615384615
5,20,buffer_inverse_volatility,regime_dd_vol_target_20pct_max_1p25,0.2,1.25,2022,13,-0.2522354950587654,-0.7536116890324581,-1.5851544774996214,-0.30854031965444,-0.8175122633607981,-0.0191548288363158,-0.0965896897573248,-0.1078464791099888,0.7620910750792427,9.602347545998455,-0.0262681072363266,0.0007620910750792,0.0,0.5,0.5,0.5,0.0,1.0,0.3076923076923077
5,20,buffer_inverse_volatility,regime_dd_vol_target_20pct_max_1p25,0.2,1.25,2023,13,0.7140438544691552,1.4242694029856466,4.591540494500248,-0.2324799095994562,3.0714217658609475,0.050469623668752,0.0485412146060192,0.0379551804426658,0.5787411602183219,7.292138618750856,0.0979196764901146,0.0005787411602183,0.0,0.5,0.5,0.5,0.0,1.0,0.6153846153846154
5,20,buffer_inverse_volatility,regime_dd_vol_target_20pct_max_1p25,0.2,1.25,2024,13,0.2168145061597308,0.9357710416744196,1.7778958019317308,-0.0703027410096884,3.0840121316159137,0.0177695389061857,-0.0031572051317864,-0.0125991599930522,0.7687470410042275,9.686212716653266,0.0223838266309149,0.0007687470410042,0.0,0.5,0.5,0.5,0.0,1.0,0.4615384615384615
5,20,buffer_inverse_volatility,regime_dd_vol_target_20pct_max_1p25,0.2,1.25,2025,13,0.6889102378012653,1.6879524778714745,2.910906189223374,-0.1415675280144992,4.866301244807408,0.0468144908319224,0.1110231022214953,0.0567260351431797,0.6913908460016829,8.711524659621205,0.0790803291867419,0.0006913908460016,0.0,0.5,0.5,0.5,0.0,1.0,0.6923076923076923
5,20,buffer_inverse_volatility,regime_dd_vol_target_20pct_max_1p25,0.2,1.25,2026,6,0.5192557887613365,1.1824803137628428,6.45679015775385,-0.0864482083518363,6.006553503665604,0.0387170718899198,-0.0343487709185253,0.114463011804261,0.8615077136066717,10.854997191444063,0.0478356446900433,0.0008615077136066,0.0,0.5,0.5,0.5,0.0,1.0,0.5
5,20,buffer_inverse_volatility,vol_target_20pct_max_1p50,0.2,1.5,overall,71,0.1982275757388518,0.6868194766310763,1.5107632713072665,-0.5539660436234206,0.3578334412742535,0.0189970489108973,0.0057292941656191,0.008575365833759,0.800931860203195,10.091741438560256,0.0196425539581731,0.0008009318602031,0.0,0.5589054020795141,0.5,1.0,0.0,0.9154929577464788,0.5070422535211268
5,20,buffer_inverse_volatility,vol_target_20pct_max_1p50,0.2,1.5,2021,13,-0.1575139327236733,-0.3964778646012051,-0.6066734622774179,-0.2805442509323458,-0.5614584230480572,-0.0098443510040013,-0.0126733826099332,0.019770031468836,1.174420187027765,14.79769435654984,-0.0106444915625624,0.0011744201870277,0.0,0.8210056988107349,0.5180751331022486,1.0,0.0,0.5384615384615384,0.4615384615384615
5,20,buffer_inverse_volatility,vol_target_20pct_max_1p50,0.2,1.5,2022,13,-0.2540663255088041,-0.7585611353533306,-1.5861016150837424,-0.3098116857730431,-0.8200669541397609,-0.0193256069156135,-0.0965896897573248,-0.1078464791099888,0.7634019805777574,9.618864955279744,-0.0264133374041547,0.0007634019805777,0.0,0.5007084202389193,0.5,0.506192232559564,0.0,1.0,0.3076923076923077
5,20,buffer_inverse_volatility,vol_target_20pct_max_1p50,0.2,1.5,2023,13,0.7140438544691552,1.4242694029856466,4.591540494500248,-0.2324799095994562,3.0714217658609475,0.050469623668752,0.0485412146060192,0.0379551804426658,0.5787411602183219,7.292138618750856,0.0979196764901146,0.0005787411602183,0.0,0.5,0.5,0.5,0.0,1.0,0.6153846153846154
5,20,buffer_inverse_volatility,vol_target_20pct_max_1p50,0.2,1.5,2024,13,0.2168145061597308,0.9357710416744196,1.7778958019317308,-0.0703027410096884,3.0840121316159137,0.0177695389061857,-0.0031572051317864,-0.0125991599930522,0.7687470410042275,9.686212716653266,0.0223838266309149,0.0007687470410042,0.0,0.5,0.5,0.5,0.0,1.0,0.4615384615384615
5,20,buffer_inverse_volatility,vol_target_20pct_max_1p50,0.2,1.5,2025,13,0.6889102378012653,1.6879524778714745,2.910906189223374,-0.1415675280144992,4.866301244807408,0.0468144908319224,0.1110231022214953,0.0567260351431797,0.6913908460016829,8.711524659621205,0.0790803291867419,0.0006913908460016,0.0,0.5,0.5,0.5,0.0,1.0,0.6923076923076923
5,20,buffer_inverse_volatility,vol_target_20pct_max_1p50,0.2,1.5,2026,6,0.5192557887613365,1.1824803137628428,6.45679015775385,-0.0864482083518363,6.006553503665604,0.0387170718899198,-0.0343487709185253,0.114463011804261,0.8615077136066717,10.854997191444063,0.0478356446900433,0.0008615077136066,0.0,0.5,0.5,0.5,0.0,1.0,0.5
5,20,buffer_inverse_volatility,regime_dd_vol_target_20pct_max_1p50,0.2,1.5,overall,71,0.1879054686774139,0.6672073947371809,1.4820680263928647,-0.5529436831490052,0.3398274985389026,0.0181331179489955,0.0057292941656191,0.008575365833759,0.7672920624680076,9.667879987096896,0.0194360572253895,0.000767292062468,0.0,0.534729421949833,0.5,1.0,0.0,0.971830985915493,0.5070422535211268
5,20,buffer_inverse_volatility,regime_dd_vol_target_20pct_max_1p50,0.2,1.5,2021,13,-0.1983648447586172,-0.7019405246045531,-0.9739716147306916,-0.2807167119817948,-0.7066371052802931,-0.0147335212598396,-0.0126733826099332,0.019770031468836,0.99200604335718,12.499276146300469,-0.0158701065915188,0.0009920060433571,0.0,0.689676073726011,0.5,1.0,0.0,0.8461538461538461,0.4615384615384615
5,20,buffer_inverse_volatility,regime_dd_vol_target_20pct_max_1p50,0.2,1.5,2022,13,-0.2522354950587654,-0.7536116890324581,-1.5851544774996214,-0.30854031965444,-0.8175122633607981,-0.0191548288363158,-0.0965896897573248,-0.1078464791099888,0.7620910750792427,9.602347545998455,-0.0262681072363266,0.0007620910750792,0.0,0.5,0.5,0.5,0.0,1.0,0.3076923076923077
5,20,buffer_inverse_volatility,regime_dd_vol_target_20pct_max_1p50,0.2,1.5,2023,13,0.7140438544691552,1.4242694029856466,4.591540494500248,-0.2324799095994562,3.0714217658609475,0.050469623668752,0.0485412146060192,0.0379551804426658,0.5787411602183219,7.292138618750856,0.0979196764901146,0.0005787411602183,0.0,0.5,0.5,0.5,0.0,1.0,0.6153846153846154
5,20,buffer_inverse_volatility,regime_dd_vol_target_20pct_max_1p50,0.2,1.5,2024,13,0.2168145061597308,0.9357710416744196,1.7778958019317308,-0.0703027410096884,3.0840121316159137,0.0177695389061857,-0.0031572051317864,-0.0125991599930522,0.7687470410042275,9.686212716653266,0.0223838266309149,0.0007687470410042,0.0,0.5,0.5,0.5,0.0,1.0,0.4615384615384615
5,20,buffer_inverse_volatility,regime_dd_vol_target_20pct_max_1p50,0.2,1.5,2025,13,0.6889102378012653,1.6879524778714745,2.910906189223374,-0.1415675280144992,4.866301244807408,0.0468144908319224,0.1110231022214953,0.0567260351431797,0.6913908460016829,8.711524659621205,0.0790803291867419,0.0006913908460016,0.0,0.5,0.5,0.5,0.0,1.0,0.6923076923076923
5,20,buffer_inverse_volatility,regime_dd_vol_target_20pct_max_1p50,0.2,1.5,2026,6,0.5192557887613365,1.1824803137628428,6.45679015775385,-0.0864482083518363,6.006553503665604,0.0387170718899198,-0.0343487709185253,0.114463011804261,0.8615077136066717,10.854997191444063,0.0478356446900433,0.0008615077136066,0.0,0.5,0.5,0.5,0.0,1.0,0.5
5,20,buffer_inverse_volatility,vol_target_25pct_max_1p25,0.25,1.25,overall,71,0.1683396141686886,0.6027157226066031,1.1929491049118623,-0.6184736168221792,0.2721856027321677,0.0174938894122472,0.0057292941656191,0.008575365833759,0.8482552306056685,10.688015905631424,0.0157503147127608,0.0008482552306056,0.0,0.5908935897158469,0.5,1.0,0.0,0.9154929577464788,0.5070422535211268
5,20,buffer_inverse_volatility,vol_target_25pct_max_1p25,0.25,1.25,2021,13,-0.2039857372473502,-0.4593012579666776,-0.6413631645553196,-0.3214530113680109,-0.6345740435880379,-0.0130269443242241,-0.0126733826099332,0.019770031468836,1.2964721432784996,16.335549005309094,-0.0124872287537476,0.0012964721432784,0.0,0.910872508128803,0.6475939163778107,1.0,0.0,0.5384615384615384,0.4615384615384615
5,20,buffer_inverse_volatility,vol_target_25pct_max_1p25,0.25,1.25,2022,13,-0.3122543067345956,-0.8295449821567525,-1.6149475221802747,-0.3560722432540487,-0.8769408811003837,-0.0243525770110948,-0.0965896897573248,-0.1078464791099888,0.8998084319097632,11.337586242063017,-0.0275415154573304,0.0008998084319097,0.0,0.5855463280115925,0.5433829618105751,0.632740290699455,0.0,1.0,0.3076923076923077
5,20,buffer_inverse_volatility,vol_target_25pct_max_1p25,0.25,1.25,2023,13,0.7140438544691552,1.4242694029856466,4.591540494500248,-0.2324799095994562,3.0714217658609475,0.050469623668752,0.0485412146060192,0.0379551804426658,0.5787411602183219,7.292138618750856,0.0979196764901146,0.0005787411602183,0.0,0.5,0.5,0.5,0.0,1.0,0.6153846153846154
5,20,buffer_inverse_volatility,vol_target_25pct_max_1p25,0.25,1.25,2024,13,0.2168145061597308,0.9357710416744196,1.7778958019317308,-0.0703027410096884,3.0840121316159137,0.0177695389061857,-0.0031572051317864,-0.0125991599930522,0.7687470410042275,9.686212716653266,0.0223838266309149,0.0007687470410042,0.0,0.5,0.5,0.5,0.0,1.0,0.4615384615384615
5,20,buffer_inverse_volatility,vol_target_25pct_max_1p25,0.25,1.25,2025,13,0.6889102378012653,1.6879524778714745,2.910906189223374,-0.1415675280144992,4.866301244807408,0.0468144908319224,0.1110231022214953,0.0567260351431797,0.6913908460016829,8.711524659621205,0.0790803291867419,0.0006913908460016,0.0,0.5,0.5,0.5,0.0,1.0,0.6923076923076923
5,20,buffer_inverse_volatility,vol_target_25pct_max_1p25,0.25,1.25,2026,6,0.5192557887613365,1.1824803137628428,6.45679015775385,-0.0864482083518363,6.006553503665604,0.0387170718899198,-0.0343487709185253,0.114463011804261,0.8615077136066717,10.854997191444063,0.0478356446900433,0.0008615077136066,0.0,0.5,0.5,0.5,0.0,1.0,0.5
5,20,buffer_inverse_volatility,regime_dd_vol_target_25pct_max_1p25,0.25,1.25,overall,71,0.1879500555927937,0.6673202543243276,1.4823306444678823,-0.5528491218646485,0.3399662731829548,0.0181361164483521,0.0057292941656191,0.008575365833759,0.7679810746110723,9.676561540099511,0.0194232274361023,0.000767981074611,0.0,0.5352112676056338,0.5,1.0,0.0,0.971830985915493,0.5070422535211268
5,20,buffer_inverse_volatility,regime_dd_vol_target_25pct_max_1p25,0.25,1.25,2021,13,-0.1982005008313965,-0.7011126791936338,-0.9729432163224636,-0.2805645692897723,-0.7064345342433146,-0.0147171448402766,-0.0126733826099332,0.019770031468836,0.995769109676995,12.546690781930137,-0.0157970339969521,0.0009957691096769,0.0,0.6923076923076924,0.5,1.0,0.0,0.8461538461538461,0.4615384615384615
5,20,buffer_inverse_volatility,regime_dd_vol_target_25pct_max_1p25,0.25,1.25,2022,13,-0.2522354950587654,-0.7536116890324581,-1.5851544774996214,-0.30854031965444,-0.8175122633607981,-0.0191548288363158,-0.0965896897573248,-0.1078464791099888,0.7620910750792427,9.602347545998455,-0.0262681072363266,0.0007620910750792,0.0,0.5,0.5,0.5,0.0,1.0,0.3076923076923077
5,20,buffer_inverse_volatility,regime_dd_vol_target_25pct_max_1p25,0.25,1.25,2023,13,0.7140438544691552,1.4242694029856466,4.591540494500248,-0.2324799095994562,3.0714217658609475,0.050469623668752,0.0485412146060192,0.0379551804426658,0.5787411602183219,7.292138618750856,0.0979196764901146,0.0005787411602183,0.0,0.5,0.5,0.5,0.0,1.0,0.6153846153846154
5,20,buffer_inverse_volatility,regime_dd_vol_target_25pct_max_1p25,0.25,1.25,2024,13,0.2168145061597308,0.9357710416744196,1.7778958019317308,-0.0703027410096884,3.0840121316159137,0.0177695389061857,-0.0031572051317864,-0.0125991599930522,0.7687470410042275,9.686212716653266,0.0223838266309149,0.0007687470410042,0.0,0.5,0.5,0.5,0.0,1.0,0.4615384615384615
5,20,buffer_inverse_volatility,regime_dd_vol_target_25pct_max_1p25,0.25,1.25,2025,13,0.6889102378012653,1.6879524778714745,2.910906189223374,-0.1415675280144992,4.866301244807408,0.0468144908319224,0.1110231022214953,0.0567260351431797,0.6913908460016829,8.711524659621205,0.0790803291867419,0.0006913908460016,0.0,0.5,0.5,0.5,0.0,1.0,0.6923076923076923
5,20,buffer_inverse_volatility,regime_dd_vol_target_25pct_max_1p25,0.25,1.25,2026,6,0.5192557887613365,1.1824803137628428,6.45679015775385,-0.0864482083518363,6.006553503665604,0.0387170718899198,-0.0343487709185253,0.114463011804261,0.8615077136066717,10.854997191444063,0.0478356446900433,0.0008615077136066,0.0,0.5,0.5,0.5,0.0,1.0,0.5
5,20,buffer_inverse_volatility,vol_target_25pct_max_1p50,0.25,1.5,overall,71,0.1683396141686886,0.6027157226066031,1.1929491049118623,-0.6184736168221792,0.2721856027321677,0.0174938894122472,0.0057292941656191,0.008575365833759,0.8482552306056685,10.688015905631424,0.0157503147127608,0.0008482552306056,0.0,0.5908935897158469,0.5,1.0,0.0,0.9154929577464788,0.5070422535211268
5,20,buffer_inverse_volatility,vol_target_25pct_max_1p50,0.25,1.5,2021,13,-0.2039857372473502,-0.4593012579666776,-0.6413631645553196,-0.3214530113680109,-0.6345740435880379,-0.0130269443242241,-0.0126733826099332,0.019770031468836,1.2964721432784996,16.335549005309094,-0.0124872287537476,0.0012964721432784,0.0,0.910872508128803,0.6475939163778107,1.0,0.0,0.5384615384615384,0.4615384615384615
5,20,buffer_inverse_volatility,vol_target_25pct_max_1p50,0.25,1.5,2022,13,-0.3122543067345956,-0.8295449821567525,-1.6149475221802747,-0.3560722432540487,-0.8769408811003837,-0.0243525770110948,-0.0965896897573248,-0.1078464791099888,0.8998084319097632,11.337586242063017,-0.0275415154573304,0.0008998084319097,0.0,0.5855463280115925,0.5433829618105751,0.632740290699455,0.0,1.0,0.3076923076923077
5,20,buffer_inverse_volatility,vol_target_25pct_max_1p50,0.25,1.5,2023,13,0.7140438544691552,1.4242694029856466,4.591540494500248,-0.2324799095994562,3.0714217658609475,0.050469623668752,0.0485412146060192,0.0379551804426658,0.5787411602183219,7.292138618750856,0.0979196764901146,0.0005787411602183,0.0,0.5,0.5,0.5,0.0,1.0,0.6153846153846154
5,20,buffer_inverse_volatility,vol_target_25pct_max_1p50,0.25,1.5,2024,13,0.2168145061597308,0.9357710416744196,1.7778958019317308,-0.0703027410096884,3.0840121316159137,0.0177695389061857,-0.0031572051317864,-0.0125991599930522,0.7687470410042275,9.686212716653266,0.0223838266309149,0.0007687470410042,0.0,0.5,0.5,0.5,0.0,1.0,0.4615384615384615
5,20,buffer_inverse_volatility,vol_target_25pct_max_1p50,0.25,1.5,2025,13,0.6889102378012653,1.6879524778714745,2.910906189223374,-0.1415675280144992,4.866301244807408,0.0468144908319224,0.1110231022214953,0.0567260351431797,0.6913908460016829,8.711524659621205,0.0790803291867419,0.0006913908460016,0.0,0.5,0.5,0.5,0.0,1.0,0.6923076923076923
5,20,buffer_inverse_volatility,vol_target_25pct_max_1p50,0.25,1.5,2026,6,0.5192557887613365,1.1824803137628428,6.45679015775385,-0.0864482083518363,6.006553503665604,0.0387170718899198,-0.0343487709185253,0.114463011804261,0.8615077136066717,10.854997191444063,0.0478356446900433,0.0008615077136066,0.0,0.5,0.5,0.5,0.0,1.0,0.5
5,20,buffer_inverse_volatility,regime_dd_vol_target_25pct_max_1p50,0.25,1.5,overall,71,0.1879500555927937,0.6673202543243276,1.4823306444678823,-0.5528491218646485,0.3399662731829548,0.0181361164483521,0.0057292941656191,0.008575365833759,0.7679810746110723,9.676561540099511,0.0194232274361023,0.000767981074611,0.0,0.5352112676056338,0.5,1.0,0.0,0.971830985915493,0.5070422535211268
5,20,buffer_inverse_volatility,regime_dd_vol_target_25pct_max_1p50,0.25,1.5,2021,13,-0.1982005008313965,-0.7011126791936338,-0.9729432163224636,-0.2805645692897723,-0.7064345342433146,-0.0147171448402766,-0.0126733826099332,0.019770031468836,0.995769109676995,12.546690781930137,-0.0157970339969521,0.0009957691096769,0.0,0.6923076923076924,0.5,1.0,0.0,0.8461538461538461,0.4615384615384615
5,20,buffer_inverse_volatility,regime_dd_vol_target_25pct_max_1p50,0.25,1.5,2022,13,-0.2522354950587654,-0.7536116890324581,-1.5851544774996214,-0.30854031965444,-0.8175122633607981,-0.0191548288363158,-0.0965896897573248,-0.1078464791099888,0.7620910750792427,9.602347545998455,-0.0262681072363266,0.0007620910750792,0.0,0.5,0.5,0.5,0.0,1.0,0.3076923076923077
5,20,buffer_inverse_volatility,regime_dd_vol_target_25pct_max_1p50,0.25,1.5,2023,13,0.7140438544691552,1.4242694029856466,4.591540494500248,-0.2324799095994562,3.0714217658609475,0.050469623668752,0.0485412146060192,0.0379551804426658,0.5787411602183219,7.292138618750856,0.0979196764901146,0.0005787411602183,0.0,0.5,0.5,0.5,0.0,1.0,0.6153846153846154
5,20,buffer_inverse_volatility,regime_dd_vol_target_25pct_max_1p50,0.25,1.5,2024,13,0.2168145061597308,0.9357710416744196,1.7778958019317308,-0.0703027410096884,3.0840121316159137,0.0177695389061857,-0.0031572051317864,-0.0125991599930522,0.7687470410042275,9.686212716653266,0.0223838266309149,0.0007687470410042,0.0,0.5,0.5,0.5,0.0,1.0,0.4615384615384615
5,20,buffer_inverse_volatility,regime_dd_vol_target_25pct_max_1p50,0.25,1.5,2025,13,0.6889102378012653,1.6879524778714745,2.910906189223374,-0.1415675280144992,4.866301244807408,0.0468144908319224,0.1110231022214953,0.0567260351431797,0.6913908460016829,8.711524659621205,0.0790803291867419,0.0006913908460016,0.0,0.5,0.5,0.5,0.0,1.0,0.6923076923076923
5,20,buffer_inverse_volatility,regime_dd_vol_target_25pct_max_1p50,0.25,1.5,2026,6,0.5192557887613365,1.1824803137628428,6.45679015775385,-0.0864482083518363,6.006553503665604,0.0387170718899198,-0.0343487709185253,0.114463011804261,0.8615077136066717,10.854997191444063,0.0478356446900433,0.0008615077136066,0.0,0.5,0.5,0.5,0.0,1.0,0.5
5,20,buffer_inverse_volatility,vol_target_30pct_max_1p25,0.3,1.25,overall,71,0.1390358024642717,0.5234387840903169,0.9468130282069024,-0.6857580738574212,0.2027475982633187,0.0163138737321792,0.0057292941656191,0.008575365833759,0.9087781993579392,11.450605311910032,0.0121422229373024,0.0009087781993579,1.725994799344628e-05,0.6318006752023655,0.5,1.0925520179856143,0.0704225352112676,0.8450704225352113,0.5070422535211268
5,20,buffer_inverse_volatility,vol_target_30pct_max_1p25,0.3,1.25,2021,13,-0.2523243217337086,-0.5072929006107981,-0.6612087579939535,-0.364569370135407,-0.6921160755770329,-0.0163103592865829,-0.0126733826099332,0.019770031468836,1.425079871854785,17.95600638537029,-0.014052363110056,0.0014250798718547,9.426586981036046e-05,1.0007393174468713,0.7771126996533728,1.0925520179856143,0.3846153846153846,0.1538461538461538,0.4615384615384615
5,20,buffer_inverse_volatility,vol_target_30pct_max_1p25,0.3,1.25,2022,13,-0.3723958691595016,-0.8295449821567529,-1.6149475221802754,-0.4166349710718611,-0.8938180782123325,-0.0292230924133138,-0.0965896897573248,-0.1078464791099888,1.0797701182917157,13.605103490475615,-0.0273717777612056,0.0010797701182917,0.0,0.7026555936139108,0.6520595541726901,0.759288348839346,0.0,1.0,0.3076923076923077
5,20,buffer_inverse_volatility,vol_target_30pct_max_1p25,0.3,1.25,2023,13,0.731237305599266,1.431353704733278,4.683432166393136,-0.2324799095994563,3.145378483926321,0.0514745869684551,0.0485412146060192,0.0379551804426658,0.5817138615929138,7.329594656070714,0.0997650402118241,0.0005817138615929,0.0,0.5019217396303286,0.5,0.5249826151942709,0.0,1.0,0.6153846153846154
5,20,buffer_inverse_volatility,vol_target_30pct_max_1p25,0.3,1.25,2024,13,0.2168145061597308,0.9357710416744196,1.7778958019317308,-0.0703027410096884,3.0840121316159137,0.0177695389061857,-0.0031572051317864,-0.0125991599930522,0.7687470410042275,9.686212716653266,0.0223838266309149,0.0007687470410042,0.0,0.5,0.5,0.5,0.0,1.0,0.4615384615384615
5,20,buffer_inverse_volatility,vol_target_30pct_max_1p25,0.3,1.25,2025,13,0.6981317248346666,1.6685178947383286,2.7968335229275914,-0.1415675280144992,4.931439678477429,0.0475187568748869,0.1110231022214953,0.0567260351431797,0.71039725131587,8.951005366579961,0.077994783406259,0.0007103972513158,0.0,0.5145178061833465,0.5,0.5520218375588829,0.0,1.0,0.6923076923076923
5,20,buffer_inverse_volatility,vol_target_30pct_max_1p25,0.3,1.25,2026,6,0.5192557887613365,1.1824803137628428,6.45679015775385,-0.0864482083518363,6.006553503665604,0.0387170718899198,-0.0343487709185253,0.114463011804261,0.8615077136066717,10.854997191444063,0.0478356446900433,0.0008615077136066,0.0,0.5,0.5,0.5,0.0,1.0,0.5
5,20,buffer_inverse_volatility,regime_dd_vol_target_30pct_max_1p25,0.3,1.25,overall,71,0.1891350359508217,0.6685523103470636,1.4771561588708764,-0.5528491218646485,0.3421096796046404,0.0182650665688949,0.0057292941656191,0.008575365833759,0.7714611206545151,9.72041012024689,0.0194575160524212,0.0007714611206545,0.0,0.5378694574701902,0.5,1.0,0.0,0.971830985915493,0.5070422535211268
5,20,buffer_inverse_volatility,regime_dd_vol_target_30pct_max_1p25,0.3,1.25,2021,13,-0.1982005008313965,-0.7011126791936338,-0.9729432163224636,-0.2805645692897723,-0.7064345342433146,-0.0147171448402766,-0.0126733826099332,0.019770031468836,0.995769109676995,12.546690781930137,-0.0157970339969521,0.0009957691096769,0.0,0.6923076923076924,0.5,1.0,0.0,0.8461538461538461,0.4615384615384615
5,20,buffer_inverse_volatility,regime_dd_vol_target_30pct_max_1p25,0.3,1.25,2022,13,-0.2522354950587654,-0.7536116890324581,-1.5851544774996214,-0.30854031965444,-0.8175122633607981,-0.0191548288363158,-0.0965896897573248,-0.1078464791099888,0.7620910750792427,9.602347545998455,-0.0262681072363266,0.0007620910750792,0.0,0.5,0.5,0.5,0.0,1.0,0.3076923076923077
5,20,buffer_inverse_volatility,regime_dd_vol_target_30pct_max_1p25,0.3,1.25,2023,13,0.7140438544691552,1.4242694029856466,4.591540494500248,-0.2324799095994562,3.0714217658609475,0.050469623668752,0.0485412146060192,0.0379551804426658,0.5787411602183219,7.292138618750856,0.0979196764901146,0.0005787411602183,0.0,0.5,0.5,0.5,0.0,1.0,0.6153846153846154
5,20,buffer_inverse_volatility,regime_dd_vol_target_30pct_max_1p25,0.3,1.25,2024,13,0.2168145061597308,0.9357710416744196,1.7778958019317308,-0.0703027410096884,3.0840121316159137,0.0177695389061857,-0.0031572051317864,-0.0125991599930522,0.7687470410042275,9.686212716653266,0.0223838266309149,0.0007687470410042,0.0,0.5,0.5,0.5,0.0,1.0,0.4615384615384615
5,20,buffer_inverse_volatility,regime_dd_vol_target_30pct_max_1p25,0.3,1.25,2025,13,0.6981317248346666,1.6685178947383286,2.7968335229275914,-0.1415675280144992,4.931439678477429,0.0475187568748869,0.1110231022214953,0.0567260351431797,0.71039725131587,8.951005366579961,0.077994783406259,0.0007103972513158,0.0,0.5145178061833465,0.5,0.5520218375588829,0.0,1.0,0.6923076923076923
5,20,buffer_inverse_volatility,regime_dd_vol_target_30pct_max_1p25,0.3,1.25,2026,6,0.5192557887613365,1.1824803137628428,6.45679015775385,-0.0864482083518363,6.006553503665604,0.0387170718899198,-0.0343487709185253,0.114463011804261,0.8615077136066717,10.854997191444063,0.0478356446900433,0.0008615077136066,0.0,0.5,0.5,0.5,0.0,1.0,0.5
5,20,buffer_inverse_volatility,vol_target_30pct_max_1p50,0.3,1.5,overall,71,0.1390358024642717,0.5234387840903169,0.9468130282069024,-0.6857580738574212,0.2027475982633187,0.0163138737321792,0.0057292941656191,0.008575365833759,0.9087781993579392,11.450605311910032,0.0121422229373024,0.0009087781993579,1.725994799344628e-05,0.6318006752023655,0.5,1.0925520179856143,0.0704225352112676,0.8450704225352113,0.5070422535211268
5,20,buffer_inverse_volatility,vol_target_30pct_max_1p50,0.3,1.5,2021,13,-0.2523243217337086,-0.5072929006107981,-0.6612087579939535,-0.364569370135407,-0.6921160755770329,-0.0163103592865829,-0.0126733826099332,0.019770031468836,1.425079871854785,17.95600638537029,-0.014052363110056,0.0014250798718547,9.426586981036046e-05,1.0007393174468713,0.7771126996533728,1.0925520179856143,0.3846153846153846,0.1538461538461538,0.4615384615384615
5,20,buffer_inverse_volatility,vol_target_30pct_max_1p50,0.3,1.5,2022,13,-0.3723958691595016,-0.8295449821567529,-1.6149475221802754,-0.4166349710718611,-0.8938180782123325,-0.0292230924133138,-0.0965896897573248,-0.1078464791099888,1.0797701182917157,13.605103490475615,-0.0273717777612056,0.0010797701182917,0.0,0.7026555936139108,0.6520595541726901,0.759288348839346,0.0,1.0,0.3076923076923077
5,20,buffer_inverse_volatility,vol_target_30pct_max_1p50,0.3,1.5,2023,13,0.731237305599266,1.431353704733278,4.683432166393136,-0.2324799095994563,3.145378483926321,0.0514745869684551,0.0485412146060192,0.0379551804426658,0.5817138615929138,7.329594656070714,0.0997650402118241,0.0005817138615929,0.0,0.5019217396303286,0.5,0.5249826151942709,0.0,1.0,0.6153846153846154
5,20,buffer_inverse_volatility,vol_target_30pct_max_1p50,0.3,1.5,2024,13,0.2168145061597308,0.9357710416744196,1.7778958019317308,-0.0703027410096884,3.0840121316159137,0.0177695389061857,-0.0031572051317864,-0.0125991599930522,0.7687470410042275,9.686212716653266,0.0223838266309149,0.0007687470410042,0.0,0.5,0.5,0.5,0.0,1.0,0.4615384615384615
5,20,buffer_inverse_volatility,vol_target_30pct_max_1p50,0.3,1.5,2025,13,0.6981317248346666,1.6685178947383286,2.7968335229275914,-0.1415675280144992,4.931439678477429,0.0475187568748869,0.1110231022214953,0.0567260351431797,0.71039725131587,8.951005366579961,0.077994783406259,0.0007103972513158,0.0,0.5145178061833465,0.5,0.5520218375588829,0.0,1.0,0.6923076923076923
5,20,buffer_inverse_volatility,vol_target_30pct_max_1p50,0.3,1.5,2026,6,0.5192557887613365,1.1824803137628428,6.45679015775385,-0.0864482083518363,6.006553503665604,0.0387170718899198,-0.0343487709185253,0.114463011804261,0.8615077136066717,10.854997191444063,0.0478356446900433,0.0008615077136066,0.0,0.5,0.5,0.5,0.0,1.0,0.5
5,20,buffer_inverse_volatility,regime_dd_vol_target_30pct_max_1p50,0.3,1.5,overall,71,0.1891350359508217,0.6685523103470636,1.4771561588708764,-0.5528491218646485,0.3421096796046404,0.0182650665688949,0.0057292941656191,0.008575365833759,0.7714611206545151,9.72041012024689,0.0194575160524212,0.0007714611206545,0.0,0.5378694574701902,0.5,1.0,0.0,0.971830985915493,0.5070422535211268
5,20,buffer_inverse_volatility,regime_dd_vol_target_30pct_max_1p50,0.3,1.5,2021,13,-0.1982005008313965,-0.7011126791936338,-0.9729432163224636,-0.2805645692897723,-0.7064345342433146,-0.0147171448402766,-0.0126733826099332,0.019770031468836,0.995769109676995,12.546690781930137,-0.0157970339969521,0.0009957691096769,0.0,0.6923076923076924,0.5,1.0,0.0,0.8461538461538461,0.4615384615384615
5,20,buffer_inverse_volatility,regime_dd_vol_target_30pct_max_1p50,0.3,1.5,2022,13,-0.2522354950587654,-0.7536116890324581,-1.5851544774996214,-0.30854031965444,-0.8175122633607981,-0.0191548288363158,-0.0965896897573248,-0.1078464791099888,0.7620910750792427,9.602347545998455,-0.0262681072363266,0.0007620910750792,0.0,0.5,0.5,0.5,0.0,1.0,0.3076923076923077
5,20,buffer_inverse_volatility,regime_dd_vol_target_30pct_max_1p50,0.3,1.5,2023,13,0.7140438544691552,1.4242694029856466,4.591540494500248,-0.2324799095994562,3.0714217658609475,0.050469623668752,0.0485412146060192,0.0379551804426658,0.5787411602183219,7.292138618750856,0.0979196764901146,0.0005787411602183,0.0,0.5,0.5,0.5,0.0,1.0,0.6153846153846154
5,20,buffer_inverse_volatility,regime_dd_vol_target_30pct_max_1p50,0.3,1.5,2024,13,0.2168145061597308,0.9357710416744196,1.7778958019317308,-0.0703027410096884,3.0840121316159137,0.0177695389061857,-0.0031572051317864,-0.0125991599930522,0.7687470410042275,9.686212716653266,0.0223838266309149,0.0007687470410042,0.0,0.5,0.5,0.5,0.0,1.0,0.4615384615384615
5,20,buffer_inverse_volatility,regime_dd_vol_target_30pct_max_1p50,0.3,1.5,2025,13,0.6981317248346666,1.6685178947383286,2.7968335229275914,-0.1415675280144992,4.931439678477429,0.0475187568748869,0.1110231022214953,0.0567260351431797,0.71039725131587,8.951005366579961,0.077994783406259,0.0007103972513158,0.0,0.5145178061833465,0.5,0.5520218375588829,0.0,1.0,0.6923076923076923
5,20,buffer_inverse_volatility,regime_dd_vol_target_30pct_max_1p50,0.3,1.5,2026,6,0.5192557887613365,1.1824803137628428,6.45679015775385,-0.0864482083518363,6.006553503665604,0.0387170718899198,-0.0343487709185253,0.114463011804261,0.8615077136066717,10.854997191444063,0.0478356446900433,0.0008615077136066,0.0,0.5,0.5,0.5,0.0,1.0,0.5
10,5,equal_weight,static_1x,,1.0,overall,276,0.3374248883124489,0.7938427340136541,1.3677675353753962,-0.705952931000024,0.4779708015865401,0.0090131430447569,0.002277034728462,0.0028535782216262,1.260144927536232,63.51130434782609,0.0053128319718409,0.0012601449275362,0.0,1.0,1.0,1.0,0.0,0.0,0.5543478260869565
10,5,equal_weight,static_1x,,1.0,2021,51,-0.0573987361820146,0.1599218677395991,0.2476498040389362,-0.442252590896699,-0.1297872242322754,0.0017156547598296,-0.0482775186652133,-0.0428638024524518,1.031372549019608,51.98117647058824,-0.0011042215678687,0.0010313725490196,0.0,1.0,1.0,1.0,0.0,0.0,0.5098039215686274
10,5,equal_weight,static_1x,,1.0,2022,51,-0.4574636117124582,-0.4306034984622901,-0.806014451511314,-0.5038729258159359,-0.9078948049682848,-0.0065161284759812,-0.0574523805261587,-0.0711244048485459,1.1098039215686275,55.93411764705883,-0.0081786149662541,0.0011098039215686,0.0,1.0,1.0,1.0,0.0,0.0,0.392156862745098
10,5,equal_weight,static_1x,,1.0,2023,50,0.6628446521845699,1.494093508614292,3.966445534104608,-0.4405728724955746,1.5045062770886508,0.0115978264246255,0.039549080584233,0.0439594332481352,1.4560000000000002,73.3824,0.0090327469827175,0.001456,0.0,1.0,1.0,1.0,0.0,0.0,0.56
10,5,equal_weight,static_1x,,1.0,2024,51,0.3983458651300289,0.8779439778533968,1.498460562618187,-0.3408499616322437,1.1686839077887876,0.0097365393285665,-0.0012367814601989,-0.0131886399465418,1.219607843137255,61.46823529411765,0.0064805157204203,0.0012196078431372,0.0,1.0,1.0,1.0,0.0,0.0,0.5686274509803921
10,5,equal_weight,static_1x,,1.0,2025,50,1.2707565454100682,1.7535827640438582,2.8138396470628693,-0.2966395958125933,4.283839930165251,0.0194738023719056,0.0748540993199687,0.0871290088590725,1.384,69.7536,0.0182177915607232,0.001384,0.0,1.0,1.0,1.0,0.0,0.0,0.68
10,5,equal_weight,static_1x,,1.0,2026,23,2.834881906567026,2.787089562669765,10.955827777626313,-0.1618089208843438,17.519935804981447,0.0296655084475299,0.0158088392641544,0.031268899714477,1.4956521739130435,75.3808695652174,0.0376074450045228,0.001495652173913,0.0,1.0,1.0,1.0,0.0,0.0,0.6956521739130435
10,5,equal_weight,legacy_risk_scaled,,1.0,overall,276,0.2121784626426541,0.7570229751354018,1.1453241869348236,-0.5290477791692154,0.4010572787506005,0.0048649624245405,0.002277034728462,0.0028535782216262,0.6767391304347827,34.107652173913046,0.0062208463238914,0.0006767391304347,0.0,0.5327898550724639,0.45,1.0,0.0,0.8731884057971014,0.5543478260869565
10,5,equal_weight,legacy_risk_scaled,,1.0,2021,51,-0.2499511535406964,-0.6730635678828014,-0.7523325528580598,-0.4240130978144296,-0.5894892276419446,-0.0045221627526339,-0.0482775186652133,-0.0428638024524518,0.5525490196078432,27.848470588235298,-0.0089753996632866,0.0005525490196078,0.0,0.5362745098039216,0.45,1.0,0.0,0.8431372549019608,0.5098039215686274
10,5,equal_weight,legacy_risk_scaled,,1.0,2022,51,-0.1855185526759561,-0.4306034984622901,-0.806014451511314,-0.2561612337090325,-0.7242257151473681,-0.0029322578141915,-0.0574523805261587,-0.0711244048485459,0.4994117647058824,25.17035294117647,-0.0073705185266776,0.0004994117647058,0.0,0.45,0.45,0.45,0.0,1.0,0.392156862745098
10,5,equal_weight,legacy_risk_scaled,,1.0,2023,50,0.3816588492206694,1.7457289148688573,5.052670206592399,-0.226556889462221,1.684604913700106,0.0068045866581168,0.039549080584233,0.0439594332481352,0.6984,35.19936,0.0108427780851887,0.0006984,0.0,0.486,0.45,0.75,0.0,1.0,0.56
10,5,equal_weight,legacy_risk_scaled,,1.0,2024,51,0.4381127501766471,1.1105608905371278,1.8344339319975864,-0.1721898437234938,2.544358835008747,0.0087672493112379,-0.0012367814601989,-0.0131886399465418,0.7870588235294119,39.66776470588236,0.0110445535165655,0.0007870588235294,0.0,0.6352941176470588,0.45,1.0,0.0,0.7058823529411765,0.5686274509803921
10,5,equal_weight,legacy_risk_scaled,,1.0,2025,50,0.7788108978787587,1.895582155886227,3.0965762695291796,-0.2091452820075623,3.7237794245370464,0.0125701603574074,0.0748540993199687,0.0871290088590725,0.8518000000000001,42.93072000000001,0.0181411096268303,0.0008518,0.0,0.5940000000000001,0.45,1.0,0.0,0.76,0.68
10,5,equal_weight,legacy_risk_scaled,,1.0,2026,23,0.898965665236747,2.787089562669766,10.955827777626313,-0.0746188426024218,12.047435123411718,0.0133494788013884,0.0158088392641544,0.031268899714477,0.6730434782608699,33.92139130434784,0.026501438492634,0.0006730434782608,0.0,0.4499999999999998,0.45,0.45,0.0,1.0,0.6956521739130435
10,5,equal_weight,vol_target_20pct_max_1p25,0.2,1.25,overall,276,0.2517895117683235,0.896356995332141,1.6253639753916405,-0.3996841135240536,0.6299712779381471,0.0053528412272487,0.002277034728462,0.0028535782216262,0.6576615613476332,33.146142691920716,0.0075963442898499,0.0006576615613476,0.0,0.520275645108854,0.5,1.0,0.0,0.9782608695652174,0.5543478260869565
10,5,equal_weight,vol_target_20pct_max_1p25,0.2,1.25,2021,51,0.2226772877452618,0.7697253205705502,1.4619846845126208,-0.2445921475928512,0.9104024390673864,0.0050303548290752,-0.0482775186652133,-0.0428638024524518,0.5863337129910327,29.551219134748045,0.0075352995329869,0.000586333712991,0.0,0.5588531310053202,0.5,1.0,0.0,0.8823529411764706,0.5098039215686274
10,5,equal_weight,vol_target_20pct_max_1p25,0.2,1.25,2022,51,-0.2094698598513001,-0.4306034984622901,-0.806014451511314,-0.2815909748797881,-0.743879877331734,-0.0032580642379906,-0.0574523805261587,-0.0711244048485459,0.5549019607843138,27.967058823529413,-0.0074898780444895,0.0005549019607843,0.0,0.5,0.5,0.5,0.0,1.0,0.392156862745098
10,5,equal_weight,vol_target_20pct_max_1p25,0.2,1.25,2023,50,0.291906314824786,1.2991490982024436,2.990420871008362,-0.2908638258463345,1.003584113546668,0.0055399127367881,0.039549080584233,0.0439594332481352,0.795764237013867,40.106517545498896,0.0072782762675326,0.0007957642370138,0.0,0.5445045139059289,0.5,0.6627753885721184,0.0,1.0,0.56
10,5,equal_weight,vol_target_20pct_max_1p25,0.2,1.25,2024,51,0.2403507762364429,0.8997218128621741,1.555222697523204,-0.1813173648449686,1.325580572174924,0.0050658524610235,-0.0012367814601989,-0.0131886399465418,0.6129194882140769,30.89114220598948,0.0077805726519831,0.000612919488214,0.0,0.5015971394149432,0.5,0.5627678540210662,0.0,1.0,0.5686274509803921
10,5,equal_weight,vol_target_20pct_max_1p25,0.2,1.25,2025,50,0.6039589898841828,1.8035499468504697,2.9548089535032074,-0.1520879453113505,3.971116768313055,0.0102097979815425,0.0748540993199687,0.0871290088590725,0.7012893163958567,35.34498154635118,0.0170875457691823,0.0007012893163958,0.0,0.505757771266277,0.5,0.6170448717695565,0.0,1.0,0.68
10,5,equal_weight,vol_target_20pct_max_1p25,0.2,1.25,2026,23,1.0315254726169476,2.787089562669765,10.955827777626313,-0.0827290427781644,12.468722445912425,0.0148327542237649,0.0158088392641544,0.031268899714477,0.7478260869565218,37.6904347826087,0.0273683622533566,0.0007478260869565,0.0,0.5,0.5,0.5,0.0,1.0,0.6956521739130435
10,5,equal_weight,regime_dd_vol_target_20pct_max_1p25,0.2,1.25,overall,276,0.2228689439191611,0.8368924229648755,1.4661064775342776,-0.3996841135240537,0.5576127155870768,0.0048331301940598,0.002277034728462,0.0028535782216262,0.6408238598968118,32.29752253879931,0.0069004965830251,0.0006408238598968,0.0,0.5076235209975206,0.5,0.65,0.0,1.0,0.5543478260869565
10,5,equal_weight,regime_dd_vol_target_20pct_max_1p25,0.2,1.25,2021,51,0.0685437688210568,0.3724484049335127,0.6096629311945033,-0.2445921475928513,0.2802369965496806,0.002107588072979,-0.0482775186652133,-0.0428638024524518,0.5369219482851503,27.060866193571577,0.0025329480708692,0.0005369219482851,0.0,0.5176766604170848,0.5,0.65,0.0,1.0,0.5098039215686274
10,5,equal_weight,regime_dd_vol_target_20pct_max_1p25,0.2,1.25,2022,51,-0.2094698598513001,-0.4306034984622901,-0.806014451511314,-0.2815909748797881,-0.743879877331734,-0.0032580642379906,-0.0574523805261587,-0.0711244048485459,0.5549019607843138,27.967058823529413,-0.0074898780444895,0.0005549019607843,0.0,0.5,0.5,0.5,0.0,1.0,0.392156862745098
10,5,equal_weight,regime_dd_vol_target_20pct_max_1p25,0.2,1.25,2023,50,0.3018206117956969,1.4103609662143788,3.4084804761013627,-0.2653361938147117,1.1375026054924977,0.0056381419835183,0.039549080584233,0.0439594332481352,0.7533405546475208,37.968363954235045,0.0079492656612619,0.0007533405546475,0.0,0.5167651468465247,0.5,0.6212336167490057,0.0,1.0,0.56
10,5,equal_weight,regime_dd_vol_target_20pct_max_1p25,0.2,1.25,2024,51,0.241286639474654,0.902797969467115,1.5632884680195211,-0.1813173648449686,1.330742037206203,0.005079762207382,-0.0012367814601989,-0.0131886399465418,0.6128014199374218,30.885191564846057,0.0078123730904518,0.0006128014199374,0.0,0.5014987491843971,0.5,0.5627678540210662,0.0,1.0,0.5686274509803921
10,5,equal_weight,regime_dd_vol_target_20pct_max_1p25,0.2,1.25,2025,50,0.6039589898841828,1.8035499468504697,2.9548089535032074,-0.1520879453113505,3.971116768313055,0.0102097979815425,0.0748540993199687,0.0871290088590725,0.7012893163958567,35.34498154635118,0.0170875457691823,0.0007012893163958,0.0,0.505757771266277,0.5,0.6170448717695565,0.0,1.0,0.68
10,5,equal_weight,regime_dd_vol_target_20pct_max_1p25,0.2,1.25,2026,23,1.0315254726169476,2.787089562669765,10.955827777626313,-0.0827290427781644,12.468722445912425,0.0148327542237649,0.0158088392641544,0.031268899714477,0.7478260869565218,37.6904347826087,0.0273683622533566,0.0007478260869565,0.0,0.5,0.5,0.5,0.0,1.0,0.6956521739130435
10,5,equal_weight,vol_target_20pct_max_1p50,0.2,1.5,overall,276,0.2517895117683235,0.896356995332141,1.6253639753916405,-0.3996841135240536,0.6299712779381471,0.0053528412272487,0.002277034728462,0.0028535782216262,0.6576615613476332,33.146142691920716,0.0075963442898499,0.0006576615613476,0.0,0.520275645108854,0.5,1.0,0.0,0.9782608695652174,0.5543478260869565
10,5,equal_weight,vol_target_20pct_max_1p50,0.2,1.5,2021,51,0.2226772877452618,0.7697253205705502,1.4619846845126208,-0.2445921475928512,0.9104024390673864,0.0050303548290752,-0.0482775186652133,-0.0428638024524518,0.5863337129910327,29.551219134748045,0.0075352995329869,0.000586333712991,0.0,0.5588531310053202,0.5,1.0,0.0,0.8823529411764706,0.5098039215686274
10,5,equal_weight,vol_target_20pct_max_1p50,0.2,1.5,2022,51,-0.2094698598513001,-0.4306034984622901,-0.806014451511314,-0.2815909748797881,-0.743879877331734,-0.0032580642379906,-0.0574523805261587,-0.0711244048485459,0.5549019607843138,27.967058823529413,-0.0074898780444895,0.0005549019607843,0.0,0.5,0.5,0.5,0.0,1.0,0.392156862745098
10,5,equal_weight,vol_target_20pct_max_1p50,0.2,1.5,2023,50,0.291906314824786,1.2991490982024436,2.990420871008362,-0.2908638258463345,1.003584113546668,0.0055399127367881,0.039549080584233,0.0439594332481352,0.795764237013867,40.106517545498896,0.0072782762675326,0.0007957642370138,0.0,0.5445045139059289,0.5,0.6627753885721184,0.0,1.0,0.56
10,5,equal_weight,vol_target_20pct_max_1p50,0.2,1.5,2024,51,0.2403507762364429,0.8997218128621741,1.555222697523204,-0.1813173648449686,1.325580572174924,0.0050658524610235,-0.0012367814601989,-0.0131886399465418,0.6129194882140769,30.89114220598948,0.0077805726519831,0.000612919488214,0.0,0.5015971394149432,0.5,0.5627678540210662,0.0,1.0,0.5686274509803921
10,5,equal_weight,vol_target_20pct_max_1p50,0.2,1.5,2025,50,0.6039589898841828,1.8035499468504697,2.9548089535032074,-0.1520879453113505,3.971116768313055,0.0102097979815425,0.0748540993199687,0.0871290088590725,0.7012893163958567,35.34498154635118,0.0170875457691823,0.0007012893163958,0.0,0.505757771266277,0.5,0.6170448717695565,0.0,1.0,0.68
10,5,equal_weight,vol_target_20pct_max_1p50,0.2,1.5,2026,23,1.0315254726169476,2.787089562669765,10.955827777626313,-0.0827290427781644,12.468722445912425,0.0148327542237649,0.0158088392641544,0.031268899714477,0.7478260869565218,37.6904347826087,0.0273683622533566,0.0007478260869565,0.0,0.5,0.5,0.5,0.0,1.0,0.6956521739130435
10,5,equal_weight,regime_dd_vol_target_20pct_max_1p50,0.2,1.5,overall,276,0.2228689439191611,0.8368924229648755,1.4661064775342776,-0.3996841135240537,0.5576127155870768,0.0048331301940598,0.002277034728462,0.0028535782216262,0.6408238598968118,32.29752253879931,0.0069004965830251,0.0006408238598968,0.0,0.5076235209975206,0.5,0.65,0.0,1.0,0.5543478260869565
10,5,equal_weight,regime_dd_vol_target_20pct_max_1p50,0.2,1.5,2021,51,0.0685437688210568,0.3724484049335127,0.6096629311945033,-0.2445921475928513,0.2802369965496806,0.002107588072979,-0.0482775186652133,-0.0428638024524518,0.5369219482851503,27.060866193571577,0.0025329480708692,0.0005369219482851,0.0,0.5176766604170848,0.5,0.65,0.0,1.0,0.5098039215686274
10,5,equal_weight,regime_dd_vol_target_20pct_max_1p50,0.2,1.5,2022,51,-0.2094698598513001,-0.4306034984622901,-0.806014451511314,-0.2815909748797881,-0.743879877331734,-0.0032580642379906,-0.0574523805261587,-0.0711244048485459,0.5549019607843138,27.967058823529413,-0.0074898780444895,0.0005549019607843,0.0,0.5,0.5,0.5,0.0,1.0,0.392156862745098
10,5,equal_weight,regime_dd_vol_target_20pct_max_1p50,0.2,1.5,2023,50,0.3018206117956969,1.4103609662143788,3.4084804761013627,-0.2653361938147117,1.1375026054924977,0.0056381419835183,0.039549080584233,0.0439594332481352,0.7533405546475208,37.968363954235045,0.0079492656612619,0.0007533405546475,0.0,0.5167651468465247,0.5,0.6212336167490057,0.0,1.0,0.56
10,5,equal_weight,regime_dd_vol_target_20pct_max_1p50,0.2,1.5,2024,51,0.241286639474654,0.902797969467115,1.5632884680195211,-0.1813173648449686,1.330742037206203,0.005079762207382,-0.0012367814601989,-0.0131886399465418,0.6128014199374218,30.885191564846057,0.0078123730904518,0.0006128014199374,0.0,0.5014987491843971,0.5,0.5627678540210662,0.0,1.0,0.5686274509803921
10,5,equal_weight,regime_dd_vol_target_20pct_max_1p50,0.2,1.5,2025,50,0.6039589898841828,1.8035499468504697,2.9548089535032074,-0.1520879453113505,3.971116768313055,0.0102097979815425,0.0748540993199687,0.0871290088590725,0.7012893163958567,35.34498154635118,0.0170875457691823,0.0007012893163958,0.0,0.505757771266277,0.5,0.6170448717695565,0.0,1.0,0.68
10,5,equal_weight,regime_dd_vol_target_20pct_max_1p50,0.2,1.5,2026,23,1.0315254726169476,2.787089562669765,10.955827777626313,-0.0827290427781644,12.468722445912425,0.0148327542237649,0.0158088392641544,0.031268899714477,0.7478260869565218,37.6904347826087,0.0273683622533566,0.0007478260869565,0.0,0.5,0.5,0.5,0.0,1.0,0.6956521739130435
10,5,equal_weight,vol_target_25pct_max_1p25,0.25,1.25,overall,276,0.2594425787809225,0.886798077161407,1.620786461968688,-0.4190456166317976,0.6191272942222102,0.0055668154141076,0.002277034728462,0.0028535782216262,0.6985272153924363,35.20577165577879,0.0073693194774311,0.0006985272153924,0.0,0.5489585654579262,0.5,1.0,0.0,0.9782608695652174,0.5543478260869565
10,5,equal_weight,vol_target_25pct_max_1p25,0.25,1.25,2021,51,0.1939038871955718,0.6852967829888743,1.2312927379460676,-0.2542372938621726,0.7626886057900348,0.0046336050213259,-0.0482775186652133,-0.0428638024524518,0.6075510102469873,30.62057091644816,0.0063324713221272,0.0006075510102469,0.0,0.5765612588364629,0.5,1.0,0.0,0.8823529411764706,0.5098039215686274
10,5,equal_weight,vol_target_25pct_max_1p25,0.25,1.25,2022,51,-0.2134768909675013,-0.4417835447297983,-0.8224747024135274,-0.2815909748797882,-0.758109847301161,-0.0033509373041952,-0.0574523805261587,-0.0711244048485459,0.5561019560066873,28.02753858273704,-0.0076166835106593,0.0005561019560066,0.0,0.5005999976111868,0.5,0.530599878170527,0.0,1.0,0.392156862745098
10,5,equal_weight,vol_target_25pct_max_1p25,0.25,1.25,2023,50,0.2962503037624888,1.1505574628918345,2.4143146020756996,-0.350576521412162,0.8450374901580945,0.0057807580090533,0.039549080584233,0.0439594332481352,0.9316904067728304,46.95719650135064,0.006308943587677,0.0009316904067728,0.0,0.6383430790397377,0.5,0.8284692357151479,0.0,1.0,0.56
10,5,equal_weight,vol_target_25pct_max_1p25,0.25,1.25,2024,51,0.2390981137532675,0.8499124520410184,1.4748667674086993,-0.1881764967045583,1.2706056172820417,0.0051743147348986,-0.0012367814601989,-0.0131886399465418,0.6480629787452682,32.66237412876151,0.0073202919301179,0.0006480629787452,0.0,0.5255190939497965,0.5,0.7034598175263327,0.0,1.0,0.5686274509803921
10,5,equal_weight,vol_target_25pct_max_1p25,0.25,1.25,2025,50,0.704492972558395,1.901277625086016,3.3551612018289045,-0.1520879453113505,4.632142088027919,0.0115388740328191,0.0748540993199687,0.0871290088590725,0.7322295582944962,36.90436973804261,0.0190896898540492,0.0007322295582944,0.0,0.5271742448826192,0.5,0.7713060897119455,0.0,1.0,0.68
10,5,equal_weight,vol_target_25pct_max_1p25,0.25,1.25,2026,23,1.0315254726169476,2.787089562669765,10.955827777626313,-0.0827290427781644,12.468722445912425,0.0148327542237649,0.0158088392641544,0.031268899714477,0.7478260869565218,37.6904347826087,0.0273683622533566,0.0007478260869565,0.0,0.5,0.5,0.5,0.0,1.0,0.6956521739130435
10,5,equal_weight,regime_dd_vol_target_25pct_max_1p25,0.25,1.25,overall,276,0.2210743944687681,0.8213545740397673,1.4338787122647203,-0.4160505530394219,0.5313642605537425,0.0048377112956854,0.002277034728462,0.0028535782216262,0.6574259490364867,33.134267831438926,0.006672077246234,0.0006574259490364,0.0,0.5192764172375168,0.5,0.7466025578906652,0.0,1.0,0.5543478260869565
10,5,equal_weight,regime_dd_vol_target_25pct_max_1p25,0.25,1.25,2021,51,0.0433963593187223,0.2892543829025914,0.4527080811704323,-0.2542372938621726,0.1706923428088736,0.0017108382652297,-0.0482775186652133,-0.0428638024524518,0.558139245541105,28.130217975271687,0.001542695451449,0.0005581392455411,0.0,0.5353847882482277,0.5,0.65,0.0,1.0,0.5098039215686274
10,5,equal_weight,regime_dd_vol_target_25pct_max_1p25,0.25,1.25,2022,51,-0.2094698598513001,-0.4306034984622901,-0.806014451511314,-0.2815909748797881,-0.743879877331734,-0.0032580642379906,-0.0574523805261587,-0.0711244048485459,0.5549019607843138,27.967058823529413,-0.0074898780444895,0.0005549019607843,0.0,0.5,0.5,0.5,0.0,1.0,0.392156862745098
10,5,equal_weight,regime_dd_vol_target_25pct_max_1p25,0.25,1.25,2023,50,0.3125656670282037,1.407792466172536,3.254056130053314,-0.2752912384183099,1.1353999815760742,0.0058315131663199,0.039549080584233,0.0439594332481352,0.791515192932333,39.89236572378958,0.0078352251453918,0.0007915151929323,0.0,0.5418610345596582,0.5,0.7466025578906652,0.0,1.0,0.56
10,5,equal_weight,regime_dd_vol_target_25pct_max_1p25,0.25,1.25,2024,51,0.2038301873536461,0.7964271532507312,1.359209143442731,-0.1880528152658961,1.0838986221261386,0.0044665150464237,-0.0012367814601989,-0.0131886399465418,0.6221006867859067,31.353874614009698,0.0065009568948958,0.0006221006867859,0.0,0.5062556589528733,0.5,0.6420854429789841,0.0,1.0,0.5686274509803921
10,5,equal_weight,regime_dd_vol_target_25pct_max_1p25,0.25,1.25,2025,50,0.6681135189854563,1.8630810791614385,3.219206337620291,-0.1520879453113505,4.392941975892381,0.0110719113877955,0.0748540993199687,0.0871290088590725,0.7236313147755216,36.471018264686286,0.0183190256476159,0.0007236313147755,0.0,0.5220715324463115,0.5,0.65,0.0,1.0,0.68
10,5,equal_weight,regime_dd_vol_target_25pct_max_1p25,0.25,1.25,2026,23,1.0315254726169476,2.787089562669765,10.955827777626313,-0.0827290427781644,12.468722445912425,0.0148327542237649,0.0158088392641544,0.031268899714477,0.7478260869565218,37.6904347826087,0.0273683622533566,0.0007478260869565,0.0,0.5,0.5,0.5,0.0,1.0,0.6956521739130435
10,5,equal_weight,vol_target_25pct_max_1p50,0.25,1.5,overall,276,0.2594425787809225,0.886798077161407,1.620786461968688,-0.4190456166317976,0.6191272942222102,0.0055668154141076,0.002277034728462,0.0028535782216262,0.6985272153924363,35.20577165577879,0.0073693194774311,0.0006985272153924,0.0,0.5489585654579262,0.5,1.0,0.0,0.9782608695652174,0.5543478260869565
10,5,equal_weight,vol_target_25pct_max_1p50,0.25,1.5,2021,51,0.1939038871955718,0.6852967829888743,1.2312927379460676,-0.2542372938621726,0.7626886057900348,0.0046336050213259,-0.0482775186652133,-0.0428638024524518,0.6075510102469873,30.62057091644816,0.0063324713221272,0.0006075510102469,0.0,0.5765612588364629,0.5,1.0,0.0,0.8823529411764706,0.5098039215686274
10,5,equal_weight,vol_target_25pct_max_1p50,0.25,1.5,2022,51,-0.2134768909675013,-0.4417835447297983,-0.8224747024135274,-0.2815909748797882,-0.758109847301161,-0.0033509373041952,-0.0574523805261587,-0.0711244048485459,0.5561019560066873,28.02753858273704,-0.0076166835106593,0.0005561019560066,0.0,0.5005999976111868,0.5,0.530599878170527,0.0,1.0,0.392156862745098
10,5,equal_weight,vol_target_25pct_max_1p50,0.25,1.5,2023,50,0.2962503037624888,1.1505574628918345,2.4143146020756996,-0.350576521412162,0.8450374901580945,0.0057807580090533,0.039549080584233,0.0439594332481352,0.9316904067728304,46.95719650135064,0.006308943587677,0.0009316904067728,0.0,0.6383430790397377,0.5,0.8284692357151479,0.0,1.0,0.56
10,5,equal_weight,vol_target_25pct_max_1p50,0.25,1.5,2024,51,0.2390981137532675,0.8499124520410184,1.4748667674086993,-0.1881764967045583,1.2706056172820417,0.0051743147348986,-0.0012367814601989,-0.0131886399465418,0.6480629787452682,32.66237412876151,0.0073202919301179,0.0006480629787452,0.0,0.5255190939497965,0.5,0.7034598175263327,0.0,1.0,0.5686274509803921
10,5,equal_weight,vol_target_25pct_max_1p50,0.25,1.5,2025,50,0.704492972558395,1.901277625086016,3.3551612018289045,-0.1520879453113505,4.632142088027919,0.0115388740328191,0.0748540993199687,0.0871290088590725,0.7322295582944962,36.90436973804261,0.0190896898540492,0.0007322295582944,0.0,0.5271742448826192,0.5,0.7713060897119455,0.0,1.0,0.68
10,5,equal_weight,vol_target_25pct_max_1p50,0.25,1.5,2026,23,1.0315254726169476,2.787089562669765,10.955827777626313,-0.0827290427781644,12.468722445912425,0.0148327542237649,0.0158088392641544,0.031268899714477,0.7478260869565218,37.6904347826087,0.0273683622533566,0.0007478260869565,0.0,0.5,0.5,0.5,0.0,1.0,0.6956521739130435
10,5,equal_weight,regime_dd_vol_target_25pct_max_1p50,0.25,1.5,overall,276,0.2210743944687681,0.8213545740397673,1.4338787122647203,-0.4160505530394219,0.5313642605537425,0.0048377112956854,0.002277034728462,0.0028535782216262,0.6574259490364867,33.134267831438926,0.006672077246234,0.0006574259490364,0.0,0.5192764172375168,0.5,0.7466025578906652,0.0,1.0,0.5543478260869565
10,5,equal_weight,regime_dd_vol_target_25pct_max_1p50,0.25,1.5,2021,51,0.0433963593187223,0.2892543829025914,0.4527080811704323,-0.2542372938621726,0.1706923428088736,0.0017108382652297,-0.0482775186652133,-0.0428638024524518,0.558139245541105,28.130217975271687,0.001542695451449,0.0005581392455411,0.0,0.5353847882482277,0.5,0.65,0.0,1.0,0.5098039215686274
10,5,equal_weight,regime_dd_vol_target_25pct_max_1p50,0.25,1.5,2022,51,-0.2094698598513001,-0.4306034984622901,-0.806014451511314,-0.2815909748797881,-0.743879877331734,-0.0032580642379906,-0.0574523805261587,-0.0711244048485459,0.5549019607843138,27.967058823529413,-0.0074898780444895,0.0005549019607843,0.0,0.5,0.5,0.5,0.0,1.0,0.392156862745098
10,5,equal_weight,regime_dd_vol_target_25pct_max_1p50,0.25,1.5,2023,50,0.3125656670282037,1.407792466172536,3.254056130053314,-0.2752912384183099,1.1353999815760742,0.0058315131663199,0.039549080584233,0.0439594332481352,0.791515192932333,39.89236572378958,0.0078352251453918,0.0007915151929323,0.0,0.5418610345596582,0.5,0.7466025578906652,0.0,1.0,0.56
10,5,equal_weight,regime_dd_vol_target_25pct_max_1p50,0.25,1.5,2024,51,0.2038301873536461,0.7964271532507312,1.359209143442731,-0.1880528152658961,1.0838986221261386,0.0044665150464237,-0.0012367814601989,-0.0131886399465418,0.6221006867859067,31.353874614009698,0.0065009568948958,0.0006221006867859,0.0,0.5062556589528733,0.5,0.6420854429789841,0.0,1.0,0.5686274509803921
10,5,equal_weight,regime_dd_vol_target_25pct_max_1p50,0.25,1.5,2025,50,0.6681135189854563,1.8630810791614385,3.219206337620291,-0.1520879453113505,4.392941975892381,0.0110719113877955,0.0748540993199687,0.0871290088590725,0.7236313147755216,36.471018264686286,0.0183190256476159,0.0007236313147755,0.0,0.5220715324463115,0.5,0.65,0.0,1.0,0.68
10,5,equal_weight,regime_dd_vol_target_25pct_max_1p50,0.25,1.5,2026,23,1.0315254726169476,2.787089562669765,10.955827777626313,-0.0827290427781644,12.468722445912425,0.0148327542237649,0.0158088392641544,0.031268899714477,0.7478260869565218,37.6904347826087,0.0273683622533566,0.0007478260869565,0.0,0.5,0.5,0.5,0.0,1.0,0.6956521739130435
10,5,equal_weight,vol_target_30pct_max_1p25,0.3,1.25,overall,276,0.2503498295325272,0.8179459067686573,1.4587530880942956,-0.4672545215706323,0.5357889928833642,0.0056165927607422,0.002277034728462,0.0028535782216262,0.7729233196227009,38.955335308984125,0.0064265864366668,0.0007729233196227,0.0,0.6028903022307047,0.5,1.0,0.0,0.9782608695652174,0.5543478260869565
10,5,equal_weight,vol_target_30pct_max_1p25,0.3,1.25,2021,51,0.1343943323254595,0.5225702461259969,0.8709952494262652,-0.2817615887798709,0.4769788987471122,0.003801381190089,-0.0482775186652133,-0.0428638024524518,0.6639284041430935,33.46199156881191,0.0040163279597117,0.000663928404143,0.0,0.6243922006846598,0.5,1.0,0.0,0.8823529411764706,0.5098039215686274
10,5,equal_weight,vol_target_30pct_max_1p25,0.3,1.25,2022,51,-0.2358904419713541,-0.4991353408679003,-0.900856436383982,-0.2815909748797883,-0.8377059743198664,-0.0038612875787208,-0.0574523805261587,-0.0711244048485459,0.5657438625728214,28.5134906736702,-0.0082729415584735,0.0005657438625728,0.0,0.5079122495852852,0.5,0.6367198538046324,0.0,1.0,0.392156862745098
10,5,equal_weight,vol_target_30pct_max_1p25,0.3,1.25,2023,50,0.3023840397327788,1.0377985505959024,2.092909525520073,-0.4057659119940856,0.7452179465908075,0.0061043120816657,0.039549080584233,0.0439594332481352,1.0831017520970558,54.58832830569161,0.0055393533584586,0.001083101752097,0.0,0.7423613086492753,0.5,0.9941630828581774,0.0,1.0,0.56
10,5,equal_weight,vol_target_30pct_max_1p25,0.3,1.25,2024,51,0.2143227934341576,0.7254969913253104,1.2152606070844294,-0.2222121686303368,0.9644962053842168,0.0050534486401745,-0.0012367814601989,-0.0131886399465418,0.7326644040444966,36.92628596384263,0.0058040712148526,0.0007326644040444,0.0,0.5915634112704141,0.5,0.8441517810315992,0.0,1.0,0.5686274509803921
10,5,equal_weight,vol_target_30pct_max_1p25,0.3,1.25,2025,50,0.7659989489863275,1.823001615728086,3.263033777687164,-0.1666343270470719,4.596885663119959,0.0124930502052597,0.0748540993199687,0.0871290088590725,0.8178910345158041,41.22170813959653,0.0185824164877468,0.0008178910345158,0.0,0.5851195711366138,0.5,0.9255673076543344,0.0,1.0,0.68
10,5,equal_weight,vol_target_30pct_max_1p25,0.3,1.25,2026,23,1.131397912231133,2.786151015947882,10.741373031642766,-0.0872771845981031,12.963272331033943,0.0158974275126042,0.0158088392641544,0.031268899714477,0.7912185511496305,39.87741497794138,0.0283718970464103,0.0007912185511496,0.0,0.5263660212096403,0.5,0.5837340933045593,0.0,1.0,0.6956521739130435
10,5,equal_weight,regime_dd_vol_target_30pct_max_1p25,0.3,1.25,overall,276,0.2158121438768654,0.7931407558457367,1.3598435021651434,-0.4384522669748614,0.492213543257239,0.0048016377740657,0.002277034728462,0.0028535782216262,0.6753440070463832,34.037337955137716,0.0063404530683719,0.0006753440070463,0.0,0.5325548895938625,0.5,0.75,0.0,1.0,0.5543478260869565
10,5,equal_weight,regime_dd_vol_target_30pct_max_1p25,0.3,1.25,2021,51,0.0066489970952485,0.1768875377120101,0.2710876189114557,-0.2718409687177834,0.0244591428827321,0.0011088277329636,-0.0482775186652133,-0.0428638024524518,0.6008488585277506,30.28278246979863,0.0002195636118272,0.0006008488585277,0.0,0.5710604619690219,0.5,0.65,0.0,1.0,0.5098039215686274
10,5,equal_weight,regime_dd_vol_target_30pct_max_1p25,0.3,1.25,2022,51,-0.2094698598513001,-0.4306034984622901,-0.806014451511314,-0.2815909748797881,-0.743879877331734,-0.0032580642379906,-0.0574523805261587,-0.0711244048485459,0.5549019607843138,27.967058823529413,-0.0074898780444895,0.0005549019607843,0.0,0.5,0.5,0.5,0.0,1.0,0.392156862745098
10,5,equal_weight,regime_dd_vol_target_30pct_max_1p25,0.3,1.25,2023,50,0.3104853345894856,1.4217424863245849,3.264078131317405,-0.2698174853288055,1.1507235500735664,0.0057848959650819,0.039549080584233,0.0439594332481352,0.7702000000000002,38.81808000000001,0.0079984722219513,0.0007702,0.0,0.527,0.5,0.75,0.0,1.0,0.56
10,5,equal_weight,regime_dd_vol_target_30pct_max_1p25,0.3,1.25,2024,51,0.2173655026962617,0.8362978381346258,1.4135765759274328,-0.1924486029451491,1.129473009259591,0.0046889124989842,-0.0012367814601989,-0.0131886399465418,0.6178062711207392,31.137436064485257,0.00698084139767,0.0006178062711207,0.0,0.5049117366660267,0.5,0.65,0.0,1.0,0.5686274509803921
10,5,equal_weight,regime_dd_vol_target_30pct_max_1p25,0.3,1.25,2025,50,0.6364519671128073,1.7017050926518709,2.808792036111216,-0.1666343270470719,3.8194529206039176,0.0108168583781268,0.0748540993199687,0.0871290088590725,0.7847101531257458,39.54939171753759,0.0160925854854698,0.0007847101531257,0.0,0.5630829781939368,0.5,0.65,0.0,1.0,0.68
10,5,equal_weight,regime_dd_vol_target_30pct_max_1p25,0.3,1.25,2026,23,1.131397912231133,2.786151015947882,10.741373031642766,-0.0872771845981031,12.963272331033943,0.0158974275126042,0.0158088392641544,0.031268899714477,0.7912185511496305,39.87741497794138,0.0283718970464103,0.0007912185511496,0.0,0.5263660212096403,0.5,0.5837340933045593,0.0,1.0,0.6956521739130435
10,5,equal_weight,vol_target_30pct_max_1p50,0.3,1.5,overall,276,0.2503498295325272,0.8179459067686573,1.4587530880942956,-0.4672545215706323,0.5357889928833642,0.0056165927607422,0.002277034728462,0.0028535782216262,0.7729233196227009,38.955335308984125,0.0064265864366668,0.0007729233196227,0.0,0.6028903022307047,0.5,1.0,0.0,0.9782608695652174,0.5543478260869565
10,5,equal_weight,vol_target_30pct_max_1p50,0.3,1.5,2021,51,0.1343943323254595,0.5225702461259969,0.8709952494262652,-0.2817615887798709,0.4769788987471122,0.003801381190089,-0.0482775186652133,-0.0428638024524518,0.6639284041430935,33.46199156881191,0.0040163279597117,0.000663928404143,0.0,0.6243922006846598,0.5,1.0,0.0,0.8823529411764706,0.5098039215686274
10,5,equal_weight,vol_target_30pct_max_1p50,0.3,1.5,2022,51,-0.2358904419713541,-0.4991353408679003,-0.900856436383982,-0.2815909748797883,-0.8377059743198664,-0.0038612875787208,-0.0574523805261587,-0.0711244048485459,0.5657438625728214,28.5134906736702,-0.0082729415584735,0.0005657438625728,0.0,0.5079122495852852,0.5,0.6367198538046324,0.0,1.0,0.392156862745098
10,5,equal_weight,vol_target_30pct_max_1p50,0.3,1.5,2023,50,0.3023840397327788,1.0377985505959024,2.092909525520073,-0.4057659119940856,0.7452179465908075,0.0061043120816657,0.039549080584233,0.0439594332481352,1.0831017520970558,54.58832830569161,0.0055393533584586,0.001083101752097,0.0,0.7423613086492753,0.5,0.9941630828581774,0.0,1.0,0.56
10,5,equal_weight,vol_target_30pct_max_1p50,0.3,1.5,2024,51,0.2143227934341576,0.7254969913253104,1.2152606070844294,-0.2222121686303368,0.9644962053842168,0.0050534486401745,-0.0012367814601989,-0.0131886399465418,0.7326644040444966,36.92628596384263,0.0058040712148526,0.0007326644040444,0.0,0.5915634112704141,0.5,0.8441517810315992,0.0,1.0,0.5686274509803921
10,5,equal_weight,vol_target_30pct_max_1p50,0.3,1.5,2025,50,0.7659989489863275,1.823001615728086,3.263033777687164,-0.1666343270470719,4.596885663119959,0.0124930502052597,0.0748540993199687,0.0871290088590725,0.8178910345158041,41.22170813959653,0.0185824164877468,0.0008178910345158,0.0,0.5851195711366138,0.5,0.9255673076543344,0.0,1.0,0.68
10,5,equal_weight,vol_target_30pct_max_1p50,0.3,1.5,2026,23,1.131397912231133,2.786151015947882,10.741373031642766,-0.0872771845981031,12.963272331033943,0.0158974275126042,0.0158088392641544,0.031268899714477,0.7912185511496305,39.87741497794138,0.0283718970464103,0.0007912185511496,0.0,0.5263660212096403,0.5,0.5837340933045593,0.0,1.0,0.6956521739130435
10,5,equal_weight,regime_dd_vol_target_30pct_max_1p50,0.3,1.5,overall,276,0.2158121438768654,0.7931407558457367,1.3598435021651434,-0.4384522669748614,0.492213543257239,0.0048016377740657,0.002277034728462,0.0028535782216262,0.6753440070463832,34.037337955137716,0.0063404530683719,0.0006753440070463,0.0,0.5325548895938625,0.5,0.75,0.0,1.0,0.5543478260869565
10,5,equal_weight,regime_dd_vol_target_30pct_max_1p50,0.3,1.5,2021,51,0.0066489970952485,0.1768875377120101,0.2710876189114557,-0.2718409687177834,0.0244591428827321,0.0011088277329636,-0.0482775186652133,-0.0428638024524518,0.6008488585277506,30.28278246979863,0.0002195636118272,0.0006008488585277,0.0,0.5710604619690219,0.5,0.65,0.0,1.0,0.5098039215686274
10,5,equal_weight,regime_dd_vol_target_30pct_max_1p50,0.3,1.5,2022,51,-0.2094698598513001,-0.4306034984622901,-0.806014451511314,-0.2815909748797881,-0.743879877331734,-0.0032580642379906,-0.0574523805261587,-0.0711244048485459,0.5549019607843138,27.967058823529413,-0.0074898780444895,0.0005549019607843,0.0,0.5,0.5,0.5,0.0,1.0,0.392156862745098
10,5,equal_weight,regime_dd_vol_target_30pct_max_1p50,0.3,1.5,2023,50,0.3104853345894856,1.4217424863245849,3.264078131317405,-0.2698174853288055,1.1507235500735664,0.0057848959650819,0.039549080584233,0.0439594332481352,0.7702000000000002,38.81808000000001,0.0079984722219513,0.0007702,0.0,0.527,0.5,0.75,0.0,1.0,0.56
10,5,equal_weight,regime_dd_vol_target_30pct_max_1p50,0.3,1.5,2024,51,0.2173655026962617,0.8362978381346258,1.4135765759274328,-0.1924486029451491,1.129473009259591,0.0046889124989842,-0.0012367814601989,-0.0131886399465418,0.6178062711207392,31.137436064485257,0.00698084139767,0.0006178062711207,0.0,0.5049117366660267,0.5,0.65,0.0,1.0,0.5686274509803921
10,5,equal_weight,regime_dd_vol_target_30pct_max_1p50,0.3,1.5,2025,50,0.6364519671128073,1.7017050926518709,2.808792036111216,-0.1666343270470719,3.8194529206039176,0.0108168583781268,0.0748540993199687,0.0871290088590725,0.7847101531257458,39.54939171753759,0.0160925854854698,0.0007847101531257,0.0,0.5630829781939368,0.5,0.65,0.0,1.0,0.68
10,5,equal_weight,regime_dd_vol_target_30pct_max_1p50,0.3,1.5,2026,23,1.131397912231133,2.786151015947882,10.741373031642766,-0.0872771845981031,12.963272331033943,0.0158974275126042,0.0158088392641544,0.031268899714477,0.7912185511496305,39.87741497794138,0.0283718970464103,0.0007912185511496,0.0,0.5263660212096403,0.5,0.5837340933045593,0.0,1.0,0.6956521739130435
10,5,buffer_inverse_volatility,static_1x,,1.0,overall,276,0.2757200631812095,0.7188295751907847,1.1754138097063993,-0.7777810975319088,0.3544957110119252,0.0078232495021536,0.002277034728462,0.0028535782216262,1.163534756019352,58.64215170337533,0.0047017385135501,0.0011635347560193,0.0,1.0,1.0,1.0,0.0,0.0,0.5688405797101449
10,5,buffer_inverse_volatility,static_1x,,1.0,2021,51,-0.2344504117796148,-0.2536770484654021,-0.3747660736625949,-0.5178243798875612,-0.4527604741795328,-0.0026108399367272,-0.0482775186652133,-0.0428638024524518,0.8930574405825988,45.01009500536298,-0.0052088406334552,0.0008930574405825,0.0,1.0,1.0,1.0,0.0,0.0,0.5490196078431373
10,5,buffer_inverse_volatility,static_1x,,1.0,2022,51,-0.5283878679719454,-0.7060558102513503,-1.3134559840909228,-0.4775754208181267,-1.106396696602963,-0.0099479897697376,-0.0574523805261587,-0.0711244048485459,0.9985334191061443,50.32608432294968,-0.0104992843190661,0.0009985334191061,0.0,1.0,1.0,1.0,0.0,0.0,0.4117647058823529
10,5,buffer_inverse_volatility,static_1x,,1.0,2023,50,0.6053643506767179,1.5361039933466916,3.370357740980379,-0.387966939298111,1.5603503529757217,0.0105906960303966,0.039549080584233,0.0439594332481352,1.4912216846396569,75.1575729058387,0.0080546021814082,0.0014912216846396,0.0,1.0,1.0,1.0,0.0,0.0,0.58
10,5,buffer_inverse_volatility,static_1x,,1.0,2024,51,0.3897610944855336,0.9045460072172188,1.4047004605720377,-0.2925039314845959,1.3324986522653268,0.0090635579805141,-0.0012367814601989,-0.0131886399465418,1.104771388612398,55.68047798606486,0.0069999595654167,0.0011047713886123,0.0,1.0,1.0,1.0,0.0,0.0,0.5882352941176471
10,5,buffer_inverse_volatility,static_1x,,1.0,2025,50,1.668372612379739,1.976404262136176,3.1186519272657396,-0.3528333997160617,4.728499665061021,0.0230333701669698,0.0748540993199687,0.0871290088590725,1.2601784182915414,63.51299228189369,0.0262682098959358,0.0012601784182915,0.0,1.0,1.0,1.0,0.0,0.0,0.7
10,5,buffer_inverse_volatility,static_1x,,1.0,2026,23,2.6278960777729625,2.686216382696677,6.384136828190271,-0.1995899087605331,13.166477674609778,0.0285335830760689,0.0158088392641544,0.031268899714477,1.3370049065836054,67.3850472918137,0.03899820781297,0.0013370049065836,0.0,1.0,1.0,1.0,0.0,0.0,0.6086956521739131
10,5,buffer_inverse_volatility,legacy_risk_scaled,,1.0,overall,276,0.169792882256113,0.6593044371302713,0.9404112984119946,-0.5820037563983194,0.2917384645536685,0.0040903608409284,0.002277034728462,0.0028535782216262,0.6233295636308762,31.41581000699616,0.005404695349835,0.0006233295636308,0.0,0.5327898550724639,0.45,1.0,0.0,0.8731884057971014,0.5688405797101449
10,5,buffer_inverse_volatility,legacy_risk_scaled,,1.0,2021,51,-0.3091045292394201,-0.9483422325862878,-0.9999247259617624,-0.4437661346056475,-0.6965482607502388,-0.0061936706975923,-0.0482775186652133,-0.0428638024524518,0.4757899690235503,23.979814438786935,-0.0128901968790654,0.0004757899690235,0.0,0.5362745098039216,0.45,1.0,0.0,0.8431372549019608,0.5490196078431373
10,5,buffer_inverse_volatility,legacy_risk_scaled,,1.0,2022,51,-0.2412330285134445,-0.7060558102513503,-1.3134559840909226,-0.242025491026552,-0.9967257064132118,-0.0044765953963819,-0.0574523805261587,-0.0711244048485459,0.4493400385977649,22.646737945327352,-0.0106519989367041,0.0004493400385977,0.0,0.45,0.45,0.45,0.0,1.0,0.4117647058823529
10,5,buffer_inverse_volatility,legacy_risk_scaled,,1.0,2023,50,0.3523310892521267,1.781518601665809,4.460916578339583,-0.1953294957205932,1.8037782156367956,0.0063116187493444,0.039549080584233,0.0439594332481352,0.7169642356596442,36.13499747724607,0.0097504113421894,0.0007169642356596,0.0,0.486,0.45,0.75,0.0,1.0,0.58
10,5,buffer_inverse_volatility,legacy_risk_scaled,,1.0,2024,51,0.3727178087329359,1.0470444006661326,1.6045269085988982,-0.138123865988912,2.698431629207773,0.0076023429636255,-0.0012367814601989,-0.0131886399465418,0.7002051095561272,35.290337521628814,0.0105614690849727,0.0007002051095561,0.0,0.6352941176470588,0.45,1.0,0.0,0.7058823529411765,0.5882352941176471
10,5,buffer_inverse_volatility,legacy_risk_scaled,,1.0,2025,50,0.8516907298245093,1.9408294613151853,2.9259797531041096,-0.2577097711046897,3.304844539551921,0.0134900029887901,0.0748540993199687,0.0871290088590725,0.7892131203989952,39.77634126810936,0.0214119927241108,0.0007892131203989,0.0,0.5940000000000001,0.45,1.0,0.0,0.76,0.7
10,5,buffer_inverse_volatility,legacy_risk_scaled,,1.0,2026,23,0.851547014571103,2.686216382696677,6.384136828190271,-0.0928705644691949,9.169180993333578,0.012840112384231,0.0158088392641544,0.031268899714477,0.6016522079626225,30.323271281316178,0.0280822938485462,0.0006016522079626,0.0,0.4499999999999998,0.45,0.45,0.0,1.0,0.6086956521739131
10,5,buffer_inverse_volatility,vol_target_20pct_max_1p25,0.2,1.25,overall,276,0.2153916471344756,0.8136173802349663,1.4037363517286188,-0.488162219234824,0.4412296540934569,0.0047149361312237,0.002277034728462,0.0028535782216262,0.6207704610576145,31.28683123730377,0.0068844187351789,0.0006207704610576,0.0,0.5296183675483928,0.5,1.0,0.0,0.9782608695652174,0.5688405797101449
10,5,buffer_inverse_volatility,vol_target_20pct_max_1p25,0.2,1.25,2021,51,0.1063727626476063,0.4657242616434333,0.8511067949474584,-0.2891758787827477,0.3678479792137922,0.003030979906231,-0.0482775186652133,-0.0428638024524518,0.5143088710831974,25.921167102593152,0.0041037026699683,0.0005143088710831,0.0,0.5633715095604345,0.5,1.0,0.0,0.8823529411764706,0.5490196078431373
10,5,buffer_inverse_volatility,vol_target_20pct_max_1p25,0.2,1.25,2022,51,-0.2687251885085213,-0.7060558102513503,-1.3134559840909228,-0.2660889857775003,-1.0099072222900105,-0.0049739948848688,-0.0574523805261587,-0.0711244048485459,0.4992667095530722,25.16304216147484,-0.0106793601021718,0.000499266709553,0.0,0.5,0.5,0.5,0.0,1.0,0.4117647058823529
10,5,buffer_inverse_volatility,vol_target_20pct_max_1p25,0.2,1.25,2023,50,0.2694896504631678,1.2335347492785564,2.3040847695888913,-0.2854784203423179,0.943993070089228,0.0051780651573176,0.039549080584233,0.0439594332481352,0.8853891646473907,44.62361389822849,0.0060391713472105,0.0008853891646473,0.0,0.5946892259816119,0.5,0.7629173374441136,0.0,1.0,0.58
10,5,buffer_inverse_volatility,vol_target_20pct_max_1p25,0.2,1.25,2024,51,0.2217431955903215,0.9075608313698648,1.4146647514293509,-0.1562489846486782,1.4191656738692118,0.0046260542007366,-0.0012367814601989,-0.0131886399465418,0.558170829648364,28.131809814277545,0.007882293995809,0.0005581708296483,0.0,0.5036765540411621,0.5,0.6077433041680265,0.0,1.0,0.5882352941176471
10,5,buffer_inverse_volatility,vol_target_20pct_max_1p25,0.2,1.25,2025,50,0.710607576587095,1.9801567968924385,3.127391293853187,-0.1857983083414294,3.824618119134098,0.0115489581730005,0.0748540993199687,0.0871290088590725,0.6305713133860861,31.780794194658736,0.0223596544578021,0.000630571313386,0.0,0.5004151380118881,0.5,0.5111069028151712,0.0,1.0,0.7
10,5,buffer_inverse_volatility,vol_target_20pct_max_1p25,0.2,1.25,2026,23,0.9753164185187696,2.686216382696677,6.384136828190271,-0.1028824010180083,9.47991501819686,0.0142667915380344,0.0158088392641544,0.031268899714477,0.6685024532918027,33.69252364590685,0.0289475620398431,0.0006685024532918,0.0,0.5,0.5,0.5,0.0,1.0,0.6086956521739131
10,5,buffer_inverse_volatility,regime_dd_vol_target_20pct_max_1p25,0.2,1.25,overall,276,0.1868696083521512,0.7565618093080715,1.2491966826649843,-0.4829972778972904,0.3868957795490706,0.0041640118410044,0.002277034728462,0.0028535782216262,0.5860854155230981,29.538704942364145,0.0063262627361887,0.000586085415523,0.0,0.5040532297355113,0.5,0.65,0.0,1.0,0.5688405797101449
10,5,buffer_inverse_volatility,regime_dd_vol_target_20pct_max_1p25,0.2,1.25,2021,51,-0.0358374598615048,0.0052225437736303,0.008210518416571,-0.2853345987028344,-0.1255980172906696,2.8799293287937613e-05,-0.0482775186652133,-0.0428638024524518,0.4694242720891188,23.658983313291586,-0.0015147506292618,0.0004694242720891,0.0,0.5215281275766018,0.5,0.65,0.0,1.0,0.5490196078431373
10,5,buffer_inverse_volatility,regime_dd_vol_target_20pct_max_1p25,0.2,1.25,2022,51,-0.2687251885085213,-0.7060558102513503,-1.3134559840909228,-0.2660889857775003,-1.0099072222900105,-0.0049739948848688,-0.0574523805261587,-0.0711244048485459,0.4992667095530722,25.16304216147484,-0.0106793601021718,0.000499266709553,0.0,0.5,0.5,0.5,0.0,1.0,0.4117647058823529
10,5,buffer_inverse_volatility,regime_dd_vol_target_20pct_max_1p25,0.2,1.25,2023,50,0.2860763853656274,1.5361039933466916,3.370357740980379,-0.2148073171382328,1.3317813805268628,0.0052953480151983,0.039549080584233,0.0439594332481352,0.7456108423198284,37.57878645291935,0.0076127095196125,0.0007456108423198,0.0,0.5,0.5,0.5,0.0,1.0,0.58
10,5,buffer_inverse_volatility,regime_dd_vol_target_20pct_max_1p25,0.2,1.25,2024,51,0.2172822075859524,0.9045460072172188,1.4047004605720377,-0.1528082384449477,1.4219273109691186,0.004531778990257,-0.0012367814601989,-0.0131886399465418,0.552385694306199,27.84023899303243,0.0078046099977924,0.0005523856943061,0.0,0.5,0.5,0.5,0.0,1.0,0.5882352941176471
10,5,buffer_inverse_volatility,regime_dd_vol_target_20pct_max_1p25,0.2,1.25,2025,50,0.710607576587095,1.9801567968924385,3.127391293853187,-0.1857983083414294,3.824618119134098,0.0115489581730005,0.0748540993199687,0.0871290088590725,0.6305713133860861,31.780794194658736,0.0223596544578021,0.000630571313386,0.0,0.5004151380118881,0.5,0.5111069028151712,0.0,1.0,0.7
10,5,buffer_inverse_volatility,regime_dd_vol_target_20pct_max_1p25,0.2,1.25,2026,23,0.9753164185187696,2.686216382696677,6.384136828190271,-0.1028824010180083,9.47991501819686,0.0142667915380344,0.0158088392641544,0.031268899714477,0.6685024532918027,33.69252364590685,0.0289475620398431,0.0006685024532918,0.0,0.5,0.5,0.5,0.0,1.0,0.6086956521739131
10,5,buffer_inverse_volatility,vol_target_20pct_max_1p50,0.2,1.5,overall,276,0.2153916471344756,0.8136173802349663,1.4037363517286188,-0.488162219234824,0.4412296540934569,0.0047149361312237,0.002277034728462,0.0028535782216262,0.6207704610576145,31.28683123730377,0.0068844187351789,0.0006207704610576,0.0,0.5296183675483928,0.5,1.0,0.0,0.9782608695652174,0.5688405797101449
10,5,buffer_inverse_volatility,vol_target_20pct_max_1p50,0.2,1.5,2021,51,0.1063727626476063,0.4657242616434333,0.8511067949474584,-0.2891758787827477,0.3678479792137922,0.003030979906231,-0.0482775186652133,-0.0428638024524518,0.5143088710831974,25.921167102593152,0.0041037026699683,0.0005143088710831,0.0,0.5633715095604345,0.5,1.0,0.0,0.8823529411764706,0.5490196078431373
10,5,buffer_inverse_volatility,vol_target_20pct_max_1p50,0.2,1.5,2022,51,-0.2687251885085213,-0.7060558102513503,-1.3134559840909228,-0.2660889857775003,-1.0099072222900105,-0.0049739948848688,-0.0574523805261587,-0.0711244048485459,0.4992667095530722,25.16304216147484,-0.0106793601021718,0.000499266709553,0.0,0.5,0.5,0.5,0.0,1.0,0.4117647058823529
10,5,buffer_inverse_volatility,vol_target_20pct_max_1p50,0.2,1.5,2023,50,0.2694896504631678,1.2335347492785564,2.3040847695888913,-0.2854784203423179,0.943993070089228,0.0051780651573176,0.039549080584233,0.0439594332481352,0.8853891646473907,44.62361389822849,0.0060391713472105,0.0008853891646473,0.0,0.5946892259816119,0.5,0.7629173374441136,0.0,1.0,0.58
10,5,buffer_inverse_volatility,vol_target_20pct_max_1p50,0.2,1.5,2024,51,0.2217431955903215,0.9075608313698648,1.4146647514293509,-0.1562489846486782,1.4191656738692118,0.0046260542007366,-0.0012367814601989,-0.0131886399465418,0.558170829648364,28.131809814277545,0.007882293995809,0.0005581708296483,0.0,0.5036765540411621,0.5,0.6077433041680265,0.0,1.0,0.5882352941176471
10,5,buffer_inverse_volatility,vol_target_20pct_max_1p50,0.2,1.5,2025,50,0.710607576587095,1.9801567968924385,3.127391293853187,-0.1857983083414294,3.824618119134098,0.0115489581730005,0.0748540993199687,0.0871290088590725,0.6305713133860861,31.780794194658736,0.0223596544578021,0.000630571313386,0.0,0.5004151380118881,0.5,0.5111069028151712,0.0,1.0,0.7
10,5,buffer_inverse_volatility,vol_target_20pct_max_1p50,0.2,1.5,2026,23,0.9753164185187696,2.686216382696677,6.384136828190271,-0.1028824010180083,9.47991501819686,0.0142667915380344,0.0158088392641544,0.031268899714477,0.6685024532918027,33.69252364590685,0.0289475620398431,0.0006685024532918,0.0,0.5,0.5,0.5,0.0,1.0,0.6086956521739131
10,5,buffer_inverse_volatility,regime_dd_vol_target_20pct_max_1p50,0.2,1.5,overall,276,0.1868696083521512,0.7565618093080715,1.2491966826649843,-0.4829972778972904,0.3868957795490706,0.0041640118410044,0.002277034728462,0.0028535782216262,0.5860854155230981,29.538704942364145,0.0063262627361887,0.000586085415523,0.0,0.5040532297355113,0.5,0.65,0.0,1.0,0.5688405797101449
10,5,buffer_inverse_volatility,regime_dd_vol_target_20pct_max_1p50,0.2,1.5,2021,51,-0.0358374598615048,0.0052225437736303,0.008210518416571,-0.2853345987028344,-0.1255980172906696,2.8799293287937613e-05,-0.0482775186652133,-0.0428638024524518,0.4694242720891188,23.658983313291586,-0.0015147506292618,0.0004694242720891,0.0,0.5215281275766018,0.5,0.65,0.0,1.0,0.5490196078431373
10,5,buffer_inverse_volatility,regime_dd_vol_target_20pct_max_1p50,0.2,1.5,2022,51,-0.2687251885085213,-0.7060558102513503,-1.3134559840909228,-0.2660889857775003,-1.0099072222900105,-0.0049739948848688,-0.0574523805261587,-0.0711244048485459,0.4992667095530722,25.16304216147484,-0.0106793601021718,0.000499266709553,0.0,0.5,0.5,0.5,0.0,1.0,0.4117647058823529
10,5,buffer_inverse_volatility,regime_dd_vol_target_20pct_max_1p50,0.2,1.5,2023,50,0.2860763853656274,1.5361039933466916,3.370357740980379,-0.2148073171382328,1.3317813805268628,0.0052953480151983,0.039549080584233,0.0439594332481352,0.7456108423198284,37.57878645291935,0.0076127095196125,0.0007456108423198,0.0,0.5,0.5,0.5,0.0,1.0,0.58
10,5,buffer_inverse_volatility,regime_dd_vol_target_20pct_max_1p50,0.2,1.5,2024,51,0.2172822075859524,0.9045460072172188,1.4047004605720377,-0.1528082384449477,1.4219273109691186,0.004531778990257,-0.0012367814601989,-0.0131886399465418,0.552385694306199,27.84023899303243,0.0078046099977924,0.0005523856943061,0.0,0.5,0.5,0.5,0.0,1.0,0.5882352941176471
10,5,buffer_inverse_volatility,regime_dd_vol_target_20pct_max_1p50,0.2,1.5,2025,50,0.710607576587095,1.9801567968924385,3.127391293853187,-0.1857983083414294,3.824618119134098,0.0115489581730005,0.0748540993199687,0.0871290088590725,0.6305713133860861,31.780794194658736,0.0223596544578021,0.000630571313386,0.0,0.5004151380118881,0.5,0.5111069028151712,0.0,1.0,0.7
10,5,buffer_inverse_volatility,regime_dd_vol_target_20pct_max_1p50,0.2,1.5,2026,23,0.9753164185187696,2.686216382696677,6.384136828190271,-0.1028824010180083,9.47991501819686,0.0142667915380344,0.0158088392641544,0.031268899714477,0.6685024532918027,33.69252364590685,0.0289475620398431,0.0006685024532918,0.0,0.5,0.5,0.5,0.0,1.0,0.6086956521739131
10,5,buffer_inverse_volatility,vol_target_25pct_max_1p25,0.25,1.25,overall,276,0.2090809769183017,0.7656634420596002,1.2964010547359477,-0.5402899028452843,0.3869792417315885,0.0047253433902668,0.002277034728462,0.0028535782216262,0.6728802048057768,33.91316232221115,0.0061651866886316,0.0006728802048057,0.0,0.568891914330364,0.5,1.0,0.0,0.9782608695652174,0.5688405797101449
10,5,buffer_inverse_volatility,vol_target_25pct_max_1p25,0.25,1.25,2021,51,0.0628904937494654,0.3434287784659887,0.5817421465877901,-0.3194137717594075,0.1968934946137404,0.0023515361392292,-0.0482775186652133,-0.0428638024524518,0.5467616021692896,27.556784749332195,0.0022822145007678,0.0005467616021692,0.0,0.5979596968199488,0.5,1.0,0.0,0.8823529411764706,0.5490196078431373
10,5,buffer_inverse_volatility,vol_target_25pct_max_1p25,0.25,1.25,2022,51,-0.2819422713602054,-0.7461073319672831,-1.3596158268335472,-0.2660889857775005,-1.0595788868764422,-0.0053077671098851,-0.0574523805261587,-0.0711244048485459,0.5025319442826611,25.32760999184612,-0.0111318151002393,0.0005025319442826,0.0,0.5024597567159793,0.5,0.579551856557306,0.0,1.0,0.4117647058823529
10,5,buffer_inverse_volatility,vol_target_25pct_max_1p25,0.25,1.25,2023,50,0.2879719517596069,1.1115664191218142,2.005624059468337,-0.3445249097927342,0.8358523391903665,0.0056726942143608,0.039549080584233,0.0439594332481352,1.0629118327434066,53.570756370267695,0.0053755438838536,0.0010629118327434,0.0,0.7145096692711599,0.5,0.953646671805142,0.0,1.0,0.58
10,5,buffer_inverse_volatility,vol_target_25pct_max_1p25,0.25,1.25,2024,51,0.1846049109971221,0.7284556077888742,1.0570194864223237,-0.1911129064649104,0.9659468552481923,0.004191905615158,-0.0012367814601989,-0.0131886399465418,0.6139290116694993,30.942022188142765,0.0059661553428742,0.0006139290116694,0.0,0.5482436488086205,0.5,0.759679130210033,0.0,1.0,0.5882352941176471
10,5,buffer_inverse_volatility,vol_target_25pct_max_1p25,0.25,1.25,2025,50,0.7943560651649311,2.0567140692267407,3.425397297947935,-0.1868278315862717,4.2518079796805885,0.0125880890550241,0.0748540993199687,0.0871290088590725,0.6473887599863732,32.62839350331321,0.0243455463133442,0.0006473887599863,0.0,0.5141373334410094,0.5,0.638883628518964,0.0,1.0,0.7
10,5,buffer_inverse_volatility,vol_target_25pct_max_1p25,0.25,1.25,2026,23,0.9753164185187696,2.686216382696677,6.384136828190271,-0.1028824010180083,9.47991501819686,0.0142667915380344,0.0158088392641544,0.031268899714477,0.6685024532918027,33.69252364590685,0.0289475620398431,0.0006685024532918,0.0,0.5,0.5,0.5,0.0,1.0,0.6086956521739131
10,5,buffer_inverse_volatility,regime_dd_vol_target_25pct_max_1p25,0.25,1.25,overall,276,0.1943858432259873,0.770646968884302,1.2786069172631955,-0.4910738616997088,0.3958383012958121,0.0043159508414428,0.002277034728462,0.0028535782216262,0.5926327752937094,29.868691874802952,0.0065080132749291,0.0005926327752937,0.0,0.5101073908196956,0.5,0.65,0.0,1.0,0.5688405797101449
10,5,buffer_inverse_volatility,regime_dd_vol_target_25pct_max_1p25,0.25,1.25,2021,51,-0.0480017671586602,-0.0293828130523141,-0.0454750517548237,-0.2964990563691105,-0.1618951768227653,-0.0001676983533819,-0.0482775186652133,-0.0428638024524518,0.4883693498670471,24.613815233299174,-0.001950196127812,0.000488369349867,0.0,0.540838690082069,0.5,0.65,0.0,1.0,0.5490196078431373
10,5,buffer_inverse_volatility,regime_dd_vol_target_25pct_max_1p25,0.25,1.25,2022,51,-0.2687251885085213,-0.7060558102513503,-1.3134559840909228,-0.2660889857775003,-1.0099072222900105,-0.0049739948848688,-0.0574523805261587,-0.0711244048485459,0.4992667095530722,25.16304216147484,-0.0106793601021718,0.000499266709553,0.0,0.5,0.5,0.5,0.0,1.0,0.4117647058823529
10,5,buffer_inverse_volatility,regime_dd_vol_target_25pct_max_1p25,0.25,1.25,2023,50,0.2860763853656274,1.5361039933466916,3.370357740980379,-0.2148073171382328,1.3317813805268628,0.0052953480151983,0.039549080584233,0.0439594332481352,0.7456108423198284,37.57878645291935,0.0076127095196125,0.0007456108423198,0.0,0.5,0.5,0.5,0.0,1.0,0.58
10,5,buffer_inverse_volatility,regime_dd_vol_target_25pct_max_1p25,0.25,1.25,2024,51,0.2172822075859524,0.9045460072172188,1.4047004605720377,-0.1528082384449477,1.4219273109691186,0.004531778990257,-0.0012367814601989,-0.0131886399465418,0.552385694306199,27.84023899303243,0.0078046099977924,0.0005523856943061,0.0,0.5,0.5,0.5,0.0,1.0,0.5882352941176471
10,5,buffer_inverse_volatility,regime_dd_vol_target_25pct_max_1p25,0.25,1.25,2025,50,0.7943560651649311,2.0567140692267407,3.425397297947935,-0.1868278315862717,4.2518079796805885,0.0125880890550241,0.0748540993199687,0.0871290088590725,0.6473887599863732,32.62839350331321,0.0243455463133442,0.0006473887599863,0.0,0.5141373334410094,0.5,0.638883628518964,0.0,1.0,0.7
10,5,buffer_inverse_volatility,regime_dd_vol_target_25pct_max_1p25,0.25,1.25,2026,23,0.9753164185187696,2.686216382696677,6.384136828190271,-0.1028824010180083,9.47991501819686,0.0142667915380344,0.0158088392641544,0.031268899714477,0.6685024532918027,33.69252364590685,0.0289475620398431,0.0006685024532918,0.0,0.5,0.5,0.5,0.0,1.0,0.6086956521739131
10,5,buffer_inverse_volatility,vol_target_25pct_max_1p50,0.25,1.5,overall,276,0.2090809769183017,0.7656634420596002,1.2964010547359477,-0.5402899028452843,0.3869792417315885,0.0047253433902668,0.002277034728462,0.0028535782216262,0.6728802048057768,33.91316232221115,0.0061651866886316,0.0006728802048057,0.0,0.568891914330364,0.5,1.0,0.0,0.9782608695652174,0.5688405797101449
10,5,buffer_inverse_volatility,vol_target_25pct_max_1p50,0.25,1.5,2021,51,0.0628904937494654,0.3434287784659887,0.5817421465877901,-0.3194137717594075,0.1968934946137404,0.0023515361392292,-0.0482775186652133,-0.0428638024524518,0.5467616021692896,27.556784749332195,0.0022822145007678,0.0005467616021692,0.0,0.5979596968199488,0.5,1.0,0.0,0.8823529411764706,0.5490196078431373
10,5,buffer_inverse_volatility,vol_target_25pct_max_1p50,0.25,1.5,2022,51,-0.2819422713602054,-0.7461073319672831,-1.3596158268335472,-0.2660889857775005,-1.0595788868764422,-0.0053077671098851,-0.0574523805261587,-0.0711244048485459,0.5025319442826611,25.32760999184612,-0.0111318151002393,0.0005025319442826,0.0,0.5024597567159793,0.5,0.579551856557306,0.0,1.0,0.4117647058823529
10,5,buffer_inverse_volatility,vol_target_25pct_max_1p50,0.25,1.5,2023,50,0.2879719517596069,1.1115664191218142,2.005624059468337,-0.3445249097927342,0.8358523391903665,0.0056726942143608,0.039549080584233,0.0439594332481352,1.0629118327434066,53.570756370267695,0.0053755438838536,0.0010629118327434,0.0,0.7145096692711599,0.5,0.953646671805142,0.0,1.0,0.58
10,5,buffer_inverse_volatility,vol_target_25pct_max_1p50,0.25,1.5,2024,51,0.1846049109971221,0.7284556077888742,1.0570194864223237,-0.1911129064649104,0.9659468552481923,0.004191905615158,-0.0012367814601989,-0.0131886399465418,0.6139290116694993,30.942022188142765,0.0059661553428742,0.0006139290116694,0.0,0.5482436488086205,0.5,0.759679130210033,0.0,1.0,0.5882352941176471
10,5,buffer_inverse_volatility,vol_target_25pct_max_1p50,0.25,1.5,2025,50,0.7943560651649311,2.0567140692267407,3.425397297947935,-0.1868278315862717,4.2518079796805885,0.0125880890550241,0.0748540993199687,0.0871290088590725,0.6473887599863732,32.62839350331321,0.0243455463133442,0.0006473887599863,0.0,0.5141373334410094,0.5,0.638883628518964,0.0,1.0,0.7
10,5,buffer_inverse_volatility,vol_target_25pct_max_1p50,0.25,1.5,2026,23,0.9753164185187696,2.686216382696677,6.384136828190271,-0.1028824010180083,9.47991501819686,0.0142667915380344,0.0158088392641544,0.031268899714477,0.6685024532918027,33.69252364590685,0.0289475620398431,0.0006685024532918,0.0,0.5,0.5,0.5,0.0,1.0,0.6086956521739131
10,5,buffer_inverse_volatility,regime_dd_vol_target_25pct_max_1p50,0.25,1.5,overall,276,0.1943858432259873,0.770646968884302,1.2786069172631955,-0.4910738616997088,0.3958383012958121,0.0043159508414428,0.002277034728462,0.0028535782216262,0.5926327752937094,29.868691874802952,0.0065080132749291,0.0005926327752937,0.0,0.5101073908196956,0.5,0.65,0.0,1.0,0.5688405797101449
10,5,buffer_inverse_volatility,regime_dd_vol_target_25pct_max_1p50,0.25,1.5,2021,51,-0.0480017671586602,-0.0293828130523141,-0.0454750517548237,-0.2964990563691105,-0.1618951768227653,-0.0001676983533819,-0.0482775186652133,-0.0428638024524518,0.4883693498670471,24.613815233299174,-0.001950196127812,0.000488369349867,0.0,0.540838690082069,0.5,0.65,0.0,1.0,0.5490196078431373
10,5,buffer_inverse_volatility,regime_dd_vol_target_25pct_max_1p50,0.25,1.5,2022,51,-0.2687251885085213,-0.7060558102513503,-1.3134559840909228,-0.2660889857775003,-1.0099072222900105,-0.0049739948848688,-0.0574523805261587,-0.0711244048485459,0.4992667095530722,25.16304216147484,-0.0106793601021718,0.000499266709553,0.0,0.5,0.5,0.5,0.0,1.0,0.4117647058823529
10,5,buffer_inverse_volatility,regime_dd_vol_target_25pct_max_1p50,0.25,1.5,2023,50,0.2860763853656274,1.5361039933466916,3.370357740980379,-0.2148073171382328,1.3317813805268628,0.0052953480151983,0.039549080584233,0.0439594332481352,0.7456108423198284,37.57878645291935,0.0076127095196125,0.0007456108423198,0.0,0.5,0.5,0.5,0.0,1.0,0.58
10,5,buffer_inverse_volatility,regime_dd_vol_target_25pct_max_1p50,0.25,1.5,2024,51,0.2172822075859524,0.9045460072172188,1.4047004605720377,-0.1528082384449477,1.4219273109691186,0.004531778990257,-0.0012367814601989,-0.0131886399465418,0.552385694306199,27.84023899303243,0.0078046099977924,0.0005523856943061,0.0,0.5,0.5,0.5,0.0,1.0,0.5882352941176471
10,5,buffer_inverse_volatility,regime_dd_vol_target_25pct_max_1p50,0.25,1.5,2025,50,0.7943560651649311,2.0567140692267407,3.425397297947935,-0.1868278315862717,4.2518079796805885,0.0125880890550241,0.0748540993199687,0.0871290088590725,0.6473887599863732,32.62839350331321,0.0243455463133442,0.0006473887599863,0.0,0.5141373334410094,0.5,0.638883628518964,0.0,1.0,0.7
10,5,buffer_inverse_volatility,regime_dd_vol_target_25pct_max_1p50,0.25,1.5,2026,23,0.9753164185187696,2.686216382696677,6.384136828190271,-0.1028824010180083,9.47991501819686,0.0142667915380344,0.0158088392641544,0.031268899714477,0.6685024532918027,33.69252364590685,0.0289475620398431,0.0006685024532918,0.0,0.5,0.5,0.5,0.0,1.0,0.6086956521739131
10,5,buffer_inverse_volatility,vol_target_30pct_max_1p25,0.3,1.25,overall,276,0.2062362067506942,0.7159397452436693,1.1775202335871096,-0.6003999220909086,0.3434980571490935,0.0049010250219558,0.002277034728462,0.0028535782216262,0.7585384827165295,38.230339528913085,0.0053945690593388,0.0007585384827165,3.257925771800792e-06,0.6363252677780786,0.5,1.1443760061661703,0.0471014492753623,0.9311594202898552,0.5688405797101449
10,5,buffer_inverse_volatility,vol_target_30pct_max_1p25,0.3,1.25,2021,51,-0.0160437445285703,0.138736175272278,0.2172887330051929,-0.3728541604719911,-0.0430295440669371,0.0010276527301952,-0.0482775186652133,-0.0428638024524518,0.6011367731754964,30.29729336804502,-0.0005295438220726,0.0006011367731754,0.0,0.6563304897219003,0.5,1.0,0.0,0.8823529411764706,0.5490196078431373
10,5,buffer_inverse_volatility,vol_target_30pct_max_1p25,0.3,1.25,2022,51,-0.3088984816777494,-0.8110753198299944,-1.402114124365601,-0.2660889857775002,-1.1608841334606987,-0.0059686470739174,-0.0574523805261587,-0.0711244048485459,0.5145858866968039,25.93512868951892,-0.0119104279518221,0.0005145858866968,0.0,0.513669727278132,0.5,0.6954622278687671,0.0,1.0,0.4117647058823529
10,5,buffer_inverse_volatility,vol_target_30pct_max_1p25,0.3,1.25,2023,50,0.340205811881143,1.1025715706883972,1.9820813829790975,-0.3995932167970274,0.8513803477648869,0.0067437073323496,0.039549080584233,0.0439594332481352,1.270070478310318,64.01155210684003,0.0053147564882244,0.0012700704783103,1.7983750260340373e-05,0.8534984148739819,0.5624436669811084,1.1443760061661703,0.26,0.74,0.58
10,5,buffer_inverse_volatility,vol_target_30pct_max_1p25,0.3,1.25,2024,51,0.1829369602917019,0.6632673345759342,0.9402262973440566,-0.2267670362719617,0.8067176045477158,0.004479301887125,-0.0012367814601989,-0.0131886399465418,0.7215908194104447,36.36817729828641,0.0050301382659702,0.0007215908194104,0.0,0.6428062374146631,0.5012755863231089,0.9116149562520396,0.0,1.0,0.5882352941176471
10,5,buffer_inverse_volatility,vol_target_30pct_max_1p25,0.3,1.25,2025,50,0.8705698389640932,1.9793254645534668,3.369874201090935,-0.2109719799599055,4.126471387951811,0.0136702372420307,0.0748540993199687,0.0871290088590725,0.7162204635092171,36.09751136086454,0.0241171705789094,0.0007162204635092,0.0,0.5668298174034436,0.5,0.7666603542227568,0.0,1.0,0.7
10,5,buffer_inverse_volatility,vol_target_30pct_max_1p25,0.3,1.25,2026,23,1.0848287667663583,2.702481092724254,6.409564960045198,-0.1074678954781869,10.094445061376952,0.0154579127229232,0.0158088392641544,0.031268899714477,0.7103950737115377,35.803911715061496,0.0302991688561785,0.0007103950737115,0.0,0.5285318746838693,0.5,0.5864517659654176,0.0,1.0,0.6086956521739131
10,5,buffer_inverse_volatility,regime_dd_vol_target_30pct_max_1p25,0.3,1.25,overall,276,0.1963948401093109,0.7636626902547367,1.2665929994785274,-0.5085305889771562,0.386200642333697,0.0043914143184236,0.002277034728462,0.0028535782216262,0.604012850327793,30.442247656520763,0.0064513909197911,0.0006040128503277,0.0,0.5192002073428038,0.5,0.65,0.0,1.0,0.5688405797101449
10,5,buffer_inverse_volatility,regime_dd_vol_target_30pct_max_1p25,0.3,1.25,2021,51,-0.0786780568299048,-0.1336754938662403,-0.2009150201094001,-0.3206299138515085,-0.2453858901834796,-0.0007793475755391,-0.0482775186652133,-0.0428638024524518,0.495279551648828,24.962089403100933,-0.0031519018924806,0.0004952795516488,0.0,0.5493201162217772,0.5,0.65,0.0,1.0,0.5490196078431373
10,5,buffer_inverse_volatility,regime_dd_vol_target_30pct_max_1p25,0.3,1.25,2022,51,-0.2687251885085213,-0.7060558102513503,-1.3134559840909228,-0.2660889857775003,-1.0099072222900105,-0.0049739948848688,-0.0574523805261587,-0.0711244048485459,0.4992667095530722,25.16304216147484,-0.0106793601021718,0.000499266709553,0.0,0.5,0.5,0.5,0.0,1.0,0.4117647058823529
10,5,buffer_inverse_volatility,regime_dd_vol_target_30pct_max_1p25,0.3,1.25,2023,50,0.2860763853656274,1.5361039933466916,3.370357740980379,-0.2148073171382328,1.3317813805268628,0.0052953480151983,0.039549080584233,0.0439594332481352,0.7456108423198284,37.57878645291935,0.0076127095196125,0.0007456108423198,0.0,0.5,0.5,0.5,0.0,1.0,0.58
10,5,buffer_inverse_volatility,regime_dd_vol_target_30pct_max_1p25,0.3,1.25,2024,51,0.2172822075859524,0.9045460072172188,1.4047004605720377,-0.1528082384449477,1.4219273109691186,0.004531778990257,-0.0012367814601989,-0.0131886399465418,0.552385694306199,27.84023899303243,0.0078046099977924,0.0005523856943061,0.0,0.5,0.5,0.5,0.0,1.0,0.5882352941176471
10,5,buffer_inverse_volatility,regime_dd_vol_target_30pct_max_1p25,0.3,1.25,2025,50,0.8267002971200823,1.994218267242025,3.3737619527871994,-0.1937870955504175,4.266023466485156,0.0130806139095093,0.0748540993199687,0.0871290088590725,0.6838877629640195,34.467943253386586,0.023984613501383,0.000683887762964,0.0,0.5425539636314843,0.5,0.65,0.0,1.0,0.7
10,5,buffer_inverse_volatility,regime_dd_vol_target_30pct_max_1p25,0.3,1.25,2026,23,1.0848287667663583,2.702481092724254,6.409564960045198,-0.1074678954781869,10.094445061376952,0.0154579127229232,0.0158088392641544,0.031268899714477,0.7103950737115377,35.803911715061496,0.0302991688561785,0.0007103950737115,0.0,0.5285318746838693,0.5,0.5864517659654176,0.0,1.0,0.6086956521739131
10,5,buffer_inverse_volatility,vol_target_30pct_max_1p50,0.3,1.5,overall,276,0.2062362067506942,0.7159397452436693,1.1775202335871096,-0.6003999220909086,0.3434980571490935,0.0049010250219558,0.002277034728462,0.0028535782216262,0.7585384827165295,38.230339528913085,0.0053945690593388,0.0007585384827165,3.257925771800792e-06,0.6363252677780786,0.5,1.1443760061661703,0.0471014492753623,0.9311594202898552,0.5688405797101449
10,5,buffer_inverse_volatility,vol_target_30pct_max_1p50,0.3,1.5,2021,51,-0.0160437445285703,0.138736175272278,0.2172887330051929,-0.3728541604719911,-0.0430295440669371,0.0010276527301952,-0.0482775186652133,-0.0428638024524518,0.6011367731754964,30.29729336804502,-0.0005295438220726,0.0006011367731754,0.0,0.6563304897219003,0.5,1.0,0.0,0.8823529411764706,0.5490196078431373
10,5,buffer_inverse_volatility,vol_target_30pct_max_1p50,0.3,1.5,2022,51,-0.3088984816777494,-0.8110753198299944,-1.402114124365601,-0.2660889857775002,-1.1608841334606987,-0.0059686470739174,-0.0574523805261587,-0.0711244048485459,0.5145858866968039,25.93512868951892,-0.0119104279518221,0.0005145858866968,0.0,0.513669727278132,0.5,0.6954622278687671,0.0,1.0,0.4117647058823529
10,5,buffer_inverse_volatility,vol_target_30pct_max_1p50,0.3,1.5,2023,50,0.340205811881143,1.1025715706883972,1.9820813829790975,-0.3995932167970274,0.8513803477648869,0.0067437073323496,0.039549080584233,0.0439594332481352,1.270070478310318,64.01155210684003,0.0053147564882244,0.0012700704783103,1.7983750260340373e-05,0.8534984148739819,0.5624436669811084,1.1443760061661703,0.26,0.74,0.58
10,5,buffer_inverse_volatility,vol_target_30pct_max_1p50,0.3,1.5,2024,51,0.1829369602917019,0.6632673345759342,0.9402262973440566,-0.2267670362719617,0.8067176045477158,0.004479301887125,-0.0012367814601989,-0.0131886399465418,0.7215908194104447,36.36817729828641,0.0050301382659702,0.0007215908194104,0.0,0.6428062374146631,0.5012755863231089,0.9116149562520396,0.0,1.0,0.5882352941176471
10,5,buffer_inverse_volatility,vol_target_30pct_max_1p50,0.3,1.5,2025,50,0.8705698389640932,1.9793254645534668,3.369874201090935,-0.2109719799599055,4.126471387951811,0.0136702372420307,0.0748540993199687,0.0871290088590725,0.7162204635092171,36.09751136086454,0.0241171705789094,0.0007162204635092,0.0,0.5668298174034436,0.5,0.7666603542227568,0.0,1.0,0.7
10,5,buffer_inverse_volatility,vol_target_30pct_max_1p50,0.3,1.5,2026,23,1.0848287667663583,2.702481092724254,6.409564960045198,-0.1074678954781869,10.094445061376952,0.0154579127229232,0.0158088392641544,0.031268899714477,0.7103950737115377,35.803911715061496,0.0302991688561785,0.0007103950737115,0.0,0.5285318746838693,0.5,0.5864517659654176,0.0,1.0,0.6086956521739131
10,5,buffer_inverse_volatility,regime_dd_vol_target_30pct_max_1p50,0.3,1.5,overall,276,0.1963948401093109,0.7636626902547367,1.2665929994785274,-0.5085305889771562,0.386200642333697,0.0043914143184236,0.002277034728462,0.0028535782216262,0.604012850327793,30.442247656520763,0.0064513909197911,0.0006040128503277,0.0,0.5192002073428038,0.5,0.65,0.0,1.0,0.5688405797101449
10,5,buffer_inverse_volatility,regime_dd_vol_target_30pct_max_1p50,0.3,1.5,2021,51,-0.0786780568299048,-0.1336754938662403,-0.2009150201094001,-0.3206299138515085,-0.2453858901834796,-0.0007793475755391,-0.0482775186652133,-0.0428638024524518,0.495279551648828,24.962089403100933,-0.0031519018924806,0.0004952795516488,0.0,0.5493201162217772,0.5,0.65,0.0,1.0,0.5490196078431373
10,5,buffer_inverse_volatility,regime_dd_vol_target_30pct_max_1p50,0.3,1.5,2022,51,-0.2687251885085213,-0.7060558102513503,-1.3134559840909228,-0.2660889857775003,-1.0099072222900105,-0.0049739948848688,-0.0574523805261587,-0.0711244048485459,0.4992667095530722,25.16304216147484,-0.0106793601021718,0.000499266709553,0.0,0.5,0.5,0.5,0.0,1.0,0.4117647058823529
10,5,buffer_inverse_volatility,regime_dd_vol_target_30pct_max_1p50,0.3,1.5,2023,50,0.2860763853656274,1.5361039933466916,3.370357740980379,-0.2148073171382328,1.3317813805268628,0.0052953480151983,0.039549080584233,0.0439594332481352,0.7456108423198284,37.57878645291935,0.0076127095196125,0.0007456108423198,0.0,0.5,0.5,0.5,0.0,1.0,0.58
10,5,buffer_inverse_volatility,regime_dd_vol_target_30pct_max_1p50,0.3,1.5,2024,51,0.2172822075859524,0.9045460072172188,1.4047004605720377,-0.1528082384449477,1.4219273109691186,0.004531778990257,-0.0012367814601989,-0.0131886399465418,0.552385694306199,27.84023899303243,0.0078046099977924,0.0005523856943061,0.0,0.5,0.5,0.5,0.0,1.0,0.5882352941176471
10,5,buffer_inverse_volatility,regime_dd_vol_target_30pct_max_1p50,0.3,1.5,2025,50,0.8267002971200823,1.994218267242025,3.3737619527871994,-0.1937870955504175,4.266023466485156,0.0130806139095093,0.0748540993199687,0.0871290088590725,0.6838877629640195,34.467943253386586,0.023984613501383,0.000683887762964,0.0,0.5425539636314843,0.5,0.65,0.0,1.0,0.7
10,5,buffer_inverse_volatility,regime_dd_vol_target_30pct_max_1p50,0.3,1.5,2026,23,1.0848287667663583,2.702481092724254,6.409564960045198,-0.1074678954781869,10.094445061376952,0.0154579127229232,0.0158088392641544,0.031268899714477,0.7103950737115377,35.803911715061496,0.0302991688561785,0.0007103950737115,0.0,0.5285318746838693,0.5,0.5864517659654176,0.0,1.0,0.6086956521739131
10,10,equal_weight,static_1x,,1.0,overall,140,0.6229619894368643,1.066498725156043,2.184959108809946,-0.7974074435627047,0.7812342290831366,0.0268435670566386,-0.0011540523006514,-0.0011540523006514,1.4557142857142855,36.684,0.0169818446580761,0.0014557142857142,0.0,1.0,1.0,1.0,0.0,0.0,0.5571428571428572
10,10,equal_weight,static_1x,,1.0,2021,26,-0.1397052325487193,0.0082428902348946,0.0117624502098585,-0.4091789456603854,-0.3414282040422318,0.0001824383832512,-0.0486530991149548,-0.0486530991149548,1.2076923076923076,30.43384615384615,-0.0045904560285445,0.0012076923076923,0.0,1.0,1.0,1.0,0.0,0.0,0.5
10,10,equal_weight,static_1x,,1.0,2022,26,-0.482468183845353,-0.5460704794405415,-1.5835420283809254,-0.5637239358542459,-0.8558589642184328,-0.0162068897738095,-0.0708411832460354,-0.0708411832460354,1.2461538461538462,31.403076923076924,-0.0153637232754987,0.0012461538461538,0.0,1.0,1.0,1.0,0.0,0.0,0.2692307692307692
10,10,equal_weight,static_1x,,1.0,2023,25,2.0859553789184755,1.921698219200361,8.559037901039483,-0.3407941065287508,6.120866936830362,0.0536225428883324,0.0447998065948133,0.0447998065948133,1.656,41.7312,0.0499855115337798,0.001656,0.0,1.0,1.0,1.0,0.0,0.0,0.56
10,10,equal_weight,static_1x,,1.0,2024,26,0.9657641530145528,1.461400104800005,2.1221234438845573,-0.2696923073393782,3.5809851698856376,0.033830207758822,-0.0263858197611,-0.0263858197611,1.4615384615384617,36.83076923076923,0.0262216666440876,0.0014615384615384,0.0,1.0,1.0,1.0,0.0,0.0,0.6923076923076923
10,10,equal_weight,static_1x,,1.0,2025,25,2.2144519334375548,2.544482039354903,4.168221876531903,-0.192908914541128,11.47926179930599,0.0522667641428486,0.0940098596424809,0.0940098596424809,1.592,40.118399999999994,0.0551979125148947,0.001592,0.0,1.0,1.0,1.0,0.0,0.0,0.68
10,10,equal_weight,static_1x,,1.0,2026,12,2.184041682925434,2.1131652696184817,4.196716304068973,-0.1906411484310417,11.456297346611088,0.053993087214585,0.0134228064292318,0.0134228064292318,1.7333333333333336,43.68000000000001,0.0500009542794284,0.0017333333333333,0.0,1.0,1.0,1.0,0.0,0.0,0.75
10,10,equal_weight,legacy_risk_scaled,,1.0,overall,140,0.341671488219069,1.0103453615750726,1.7153729625864076,-0.6050277516022244,0.5647203575608891,0.014129895366404,-0.0011540523006514,-0.0011540523006514,0.7820714285714286,19.7082,0.0173365141524375,0.0007820714285714,0.0,0.5335714285714287,0.45,1.0,0.0,0.8714285714285714,0.5571428571428572
10,10,equal_weight,legacy_risk_scaled,,1.0,2021,26,-0.2636622032981158,-0.6635970423344896,-0.6793875464344965,-0.3950209409686086,-0.6674638631855936,-0.009382520118126,-0.0486530991149548,-0.0486530991149548,0.6534615384615385,16.46723076923077,-0.0160113261903617,0.0006534615384615,0.0,0.5346153846153846,0.45,1.0,0.0,0.8461538461538461,0.5
10,10,equal_weight,legacy_risk_scaled,,1.0,2022,26,-0.2105435961942595,-0.5460704794405418,-1.5835420283809265,-0.2864386310740916,-0.7350391090920949,-0.0072931003982142,-0.0708411832460354,-0.0708411832460354,0.5607692307692308,14.131384615384617,-0.0148990068506835,0.0005607692307692,0.0,0.4499999999999999,0.45,0.45,0.0,1.0,0.2692307692307692
10,10,equal_weight,legacy_risk_scaled,,1.0,2023,25,0.9095973101288004,2.0859556304183138,9.931438891747744,-0.1677380138194538,5.422726127589973,0.0279992980908419,0.0447998065948133,0.0447998065948133,0.7932000000000001,19.988640000000004,0.0455057127512827,0.0007932,0.0,0.486,0.45,0.75,0.0,1.0,0.56
10,10,equal_weight,legacy_risk_scaled,,1.0,2024,26,0.6924535818274093,1.478723815185349,2.6142838809996287,-0.1213615383027201,5.705708674359224,0.0242491012764299,-0.0263858197611,-0.0263858197611,0.9280769230769232,23.387538461538465,0.0296078008793516,0.0009280769230769,0.0,0.6423076923076922,0.45,1.0,0.0,0.6923076923076923,0.6923076923076923
10,10,equal_weight,legacy_risk_scaled,,1.0,2025,25,1.102121221891586,2.6023907779700584,5.68268547352056,-0.0873590115435075,12.615999224564195,0.0315891891321769,0.0940098596424809,0.0940098596424809,0.984,24.7968,0.0444461068319938,0.000984,0.0,0.594,0.45,1.0,0.0,0.76,0.68
10,10,equal_weight,legacy_risk_scaled,,1.0,2026,12,0.766209167839478,2.1131652696184817,4.196716304068973,-0.0870437219417455,8.802578184240181,0.0242968892465632,0.0134228064292318,0.0134228064292318,0.7800000000000002,19.65600000000001,0.0389809303947638,0.00078,0.0,0.45,0.45,0.45,0.0,1.0,0.75
10,10,equal_weight,vol_target_20pct_max_1p25,0.2,1.25,overall,140,0.3644376868746954,1.0969485538653003,2.3234683926128255,-0.5397687366148137,0.67517375896997,0.0144992888592742,-0.0011540523006514,-0.0011540523006514,0.7592857142857142,19.133999999999997,0.0190466022198544,0.0007592857142857,0.0,0.5214285714285715,0.5,1.0,0.0,0.9571428571428572,0.5571428571428572
10,10,equal_weight,vol_target_20pct_max_1p25,0.2,1.25,2021,26,0.0876856493425866,0.3986598450830828,0.7343982608064801,-0.2567015371585502,0.3415859924844472,0.0058931709736908,-0.0486530991149548,-0.0486530991149548,0.7730769230769231,19.481538461538463,0.0045009612313576,0.0007730769230769,0.0,0.6153846153846154,0.5,1.0,0.0,0.7692307692307693,0.5
10,10,equal_weight,vol_target_20pct_max_1p25,0.2,1.25,2022,26,-0.2357817724348112,-0.5460704794405415,-1.5835420283809254,-0.3151644884131901,-0.7481229043980814,-0.0081034448869047,-0.0708411832460354,-0.0708411832460354,0.6230769230769231,15.701538461538462,-0.0150164758066458,0.0006230769230769,0.0,0.5,0.5,0.5,0.0,1.0,0.2692307692307692
10,10,equal_weight,vol_target_20pct_max_1p25,0.2,1.25,2023,25,0.8483810566018586,1.921698219200361,8.559037901039483,-0.1848579422409615,4.589367631800194,0.0268112714441662,0.0447998065948133,0.0447998065948133,0.8280000000000001,20.8656,0.0406593175658432,0.000828,0.0,0.5,0.5,0.5,0.0,1.0,0.56
10,10,equal_weight,vol_target_20pct_max_1p25,0.2,1.25,2024,26,0.4654314588144319,1.461400104800005,2.1221234438845573,-0.134846153669689,3.451573857675798,0.016915103879411,-0.0263858197611,-0.0263858197611,0.7307692307692307,18.415384615384617,0.025274055825345,0.0007307692307692,0.0,0.5,0.5,0.5,0.0,1.0,0.6923076923076923
10,10,equal_weight,vol_target_20pct_max_1p25,0.2,1.25,2025,25,0.8583797820773114,2.544482039354903,4.168221876531903,-0.096454457270564,8.89932727182813,0.0261333820714243,0.0940098596424809,0.0940098596424809,0.7959999999999999,20.059199999999997,0.0427923238253425,0.000796,0.0,0.5,0.5,0.5,0.0,1.0,0.68
10,10,equal_weight,vol_target_20pct_max_1p25,0.2,1.25,2026,12,0.8719480686729166,2.1131652696184817,4.196716304068973,-0.0965929704411218,9.027034417627856,0.0269965436072925,0.0134228064292318,0.0134228064292318,0.8666666666666668,21.840000000000003,0.0399243621187232,0.0008666666666666,0.0,0.5,0.5,0.5,0.0,1.0,0.75
10,10,equal_weight,regime_dd_vol_target_20pct_max_1p25,0.2,1.25,overall,140,0.3359500505695871,1.057982245019543,2.165980280228589,-0.53703177445124,0.6255682932595079,0.0135288042396375,-0.0011540523006514,-0.0011540523006514,0.7422857142857142,18.705599999999997,0.0179598649906759,0.0007422857142857,0.0,0.5089285714285714,0.5,1.0,0.0,0.9928571428571428,0.5571428571428572
10,10,equal_weight,regime_dd_vol_target_20pct_max_1p25,0.2,1.25,2021,26,-0.0291289474638195,0.0542026957350826,0.0825692772554236,-0.2522811947548727,-0.1154622225890538,0.0006674845602621,-0.0486530991149548,-0.0486530991149548,0.6815384615384616,17.174769230769233,-0.0016960313744206,0.0006815384615384,0.0,0.5480769230769231,0.5,1.0,0.0,0.9615384615384616,0.5
10,10,equal_weight,regime_dd_vol_target_20pct_max_1p25,0.2,1.25,2022,26,-0.2357817724348112,-0.5460704794405415,-1.5835420283809254,-0.3151644884131901,-0.7481229043980814,-0.0081034448869047,-0.0708411832460354,-0.0708411832460354,0.6230769230769231,15.701538461538462,-0.0150164758066458,0.0006230769230769,0.0,0.5,0.5,0.5,0.0,1.0,0.2692307692307692
10,10,equal_weight,regime_dd_vol_target_20pct_max_1p25,0.2,1.25,2023,25,0.8483810566018586,1.921698219200361,8.559037901039483,-0.1848579422409615,4.589367631800194,0.0268112714441662,0.0447998065948133,0.0447998065948133,0.8280000000000001,20.8656,0.0406593175658432,0.000828,0.0,0.5,0.5,0.5,0.0,1.0,0.56
10,10,equal_weight,regime_dd_vol_target_20pct_max_1p25,0.2,1.25,2024,26,0.4654314588144319,1.461400104800005,2.1221234438845573,-0.134846153669689,3.451573857675798,0.016915103879411,-0.0263858197611,-0.0263858197611,0.7307692307692307,18.415384615384617,0.025274055825345,0.0007307692307692,0.0,0.5,0.5,0.5,0.0,1.0,0.6923076923076923
10,10,equal_weight,regime_dd_vol_target_20pct_max_1p25,0.2,1.25,2025,25,0.8583797820773114,2.544482039354903,4.168221876531903,-0.096454457270564,8.89932727182813,0.0261333820714243,0.0940098596424809,0.0940098596424809,0.7959999999999999,20.059199999999997,0.0427923238253425,0.000796,0.0,0.5,0.5,0.5,0.0,1.0,0.68
10,10,equal_weight,regime_dd_vol_target_20pct_max_1p25,0.2,1.25,2026,12,0.8719480686729166,2.1131652696184817,4.196716304068973,-0.0965929704411218,9.027034417627856,0.0269965436072925,0.0134228064292318,0.0134228064292318,0.8666666666666668,21.840000000000003,0.0399243621187232,0.0008666666666666,0.0,0.5,0.5,0.5,0.0,1.0,0.75
10,10,equal_weight,vol_target_20pct_max_1p50,0.2,1.5,overall,140,0.3644376868746954,1.0969485538653003,2.3234683926128255,-0.5397687366148137,0.67517375896997,0.0144992888592742,-0.0011540523006514,-0.0011540523006514,0.7592857142857142,19.133999999999997,0.0190466022198544,0.0007592857142857,0.0,0.5214285714285715,0.5,1.0,0.0,0.9571428571428572,0.5571428571428572
10,10,equal_weight,vol_target_20pct_max_1p50,0.2,1.5,2021,26,0.0876856493425866,0.3986598450830828,0.7343982608064801,-0.2567015371585502,0.3415859924844472,0.0058931709736908,-0.0486530991149548,-0.0486530991149548,0.7730769230769231,19.481538461538463,0.0045009612313576,0.0007730769230769,0.0,0.6153846153846154,0.5,1.0,0.0,0.7692307692307693,0.5
10,10,equal_weight,vol_target_20pct_max_1p50,0.2,1.5,2022,26,-0.2357817724348112,-0.5460704794405415,-1.5835420283809254,-0.3151644884131901,-0.7481229043980814,-0.0081034448869047,-0.0708411832460354,-0.0708411832460354,0.6230769230769231,15.701538461538462,-0.0150164758066458,0.0006230769230769,0.0,0.5,0.5,0.5,0.0,1.0,0.2692307692307692
10,10,equal_weight,vol_target_20pct_max_1p50,0.2,1.5,2023,25,0.8483810566018586,1.921698219200361,8.559037901039483,-0.1848579422409615,4.589367631800194,0.0268112714441662,0.0447998065948133,0.0447998065948133,0.8280000000000001,20.8656,0.0406593175658432,0.000828,0.0,0.5,0.5,0.5,0.0,1.0,0.56
10,10,equal_weight,vol_target_20pct_max_1p50,0.2,1.5,2024,26,0.4654314588144319,1.461400104800005,2.1221234438845573,-0.134846153669689,3.451573857675798,0.016915103879411,-0.0263858197611,-0.0263858197611,0.7307692307692307,18.415384615384617,0.025274055825345,0.0007307692307692,0.0,0.5,0.5,0.5,0.0,1.0,0.6923076923076923
10,10,equal_weight,vol_target_20pct_max_1p50,0.2,1.5,2025,25,0.8583797820773114,2.544482039354903,4.168221876531903,-0.096454457270564,8.89932727182813,0.0261333820714243,0.0940098596424809,0.0940098596424809,0.7959999999999999,20.059199999999997,0.0427923238253425,0.000796,0.0,0.5,0.5,0.5,0.0,1.0,0.68
10,10,equal_weight,vol_target_20pct_max_1p50,0.2,1.5,2026,12,0.8719480686729166,2.1131652696184817,4.196716304068973,-0.0965929704411218,9.027034417627856,0.0269965436072925,0.0134228064292318,0.0134228064292318,0.8666666666666668,21.840000000000003,0.0399243621187232,0.0008666666666666,0.0,0.5,0.5,0.5,0.0,1.0,0.75
10,10,equal_weight,regime_dd_vol_target_20pct_max_1p50,0.2,1.5,overall,140,0.3359500505695871,1.057982245019543,2.165980280228589,-0.53703177445124,0.6255682932595079,0.0135288042396375,-0.0011540523006514,-0.0011540523006514,0.7422857142857142,18.705599999999997,0.0179598649906759,0.0007422857142857,0.0,0.5089285714285714,0.5,1.0,0.0,0.9928571428571428,0.5571428571428572
10,10,equal_weight,regime_dd_vol_target_20pct_max_1p50,0.2,1.5,2021,26,-0.0291289474638195,0.0542026957350826,0.0825692772554236,-0.2522811947548727,-0.1154622225890538,0.0006674845602621,-0.0486530991149548,-0.0486530991149548,0.6815384615384616,17.174769230769233,-0.0016960313744206,0.0006815384615384,0.0,0.5480769230769231,0.5,1.0,0.0,0.9615384615384616,0.5
10,10,equal_weight,regime_dd_vol_target_20pct_max_1p50,0.2,1.5,2022,26,-0.2357817724348112,-0.5460704794405415,-1.5835420283809254,-0.3151644884131901,-0.7481229043980814,-0.0081034448869047,-0.0708411832460354,-0.0708411832460354,0.6230769230769231,15.701538461538462,-0.0150164758066458,0.0006230769230769,0.0,0.5,0.5,0.5,0.0,1.0,0.2692307692307692
10,10,equal_weight,regime_dd_vol_target_20pct_max_1p50,0.2,1.5,2023,25,0.8483810566018586,1.921698219200361,8.559037901039483,-0.1848579422409615,4.589367631800194,0.0268112714441662,0.0447998065948133,0.0447998065948133,0.8280000000000001,20.8656,0.0406593175658432,0.000828,0.0,0.5,0.5,0.5,0.0,1.0,0.56
10,10,equal_weight,regime_dd_vol_target_20pct_max_1p50,0.2,1.5,2024,26,0.4654314588144319,1.461400104800005,2.1221234438845573,-0.134846153669689,3.451573857675798,0.016915103879411,-0.0263858197611,-0.0263858197611,0.7307692307692307,18.415384615384617,0.025274055825345,0.0007307692307692,0.0,0.5,0.5,0.5,0.0,1.0,0.6923076923076923
10,10,equal_weight,regime_dd_vol_target_20pct_max_1p50,0.2,1.5,2025,25,0.8583797820773114,2.544482039354903,4.168221876531903,-0.096454457270564,8.89932727182813,0.0261333820714243,0.0940098596424809,0.0940098596424809,0.7959999999999999,20.059199999999997,0.0427923238253425,0.000796,0.0,0.5,0.5,0.5,0.0,1.0,0.68
10,10,equal_weight,regime_dd_vol_target_20pct_max_1p50,0.2,1.5,2026,12,0.8719480686729166,2.1131652696184817,4.196716304068973,-0.0965929704411218,9.027034417627856,0.0269965436072925,0.0134228064292318,0.0134228064292318,0.8666666666666668,21.840000000000003,0.0399243621187232,0.0008666666666666,0.0,0.5,0.5,0.5,0.0,1.0,0.75
10,10,equal_weight,vol_target_25pct_max_1p25,0.25,1.25,overall,140,0.3705643633850524,1.102807577229872,2.331126586461128,-0.537494426508126,0.6894292203036455,0.0147202996248909,-0.0011540523006514,-0.0011540523006514,0.7642034213791845,19.25792621875545,0.0192421738029174,0.0007642034213791,0.0,0.5243162301566461,0.5,1.0,0.0,0.9571428571428572,0.5571428571428572
10,10,equal_weight,vol_target_25pct_max_1p25,0.25,1.25,2021,26,0.0876856493425866,0.3986598450830828,0.7343982608064801,-0.2567015371585502,0.3415859924844472,0.0058931709736908,-0.0486530991149548,-0.0486530991149548,0.7730769230769231,19.481538461538463,0.0045009612313576,0.0007730769230769,0.0,0.6153846153846154,0.5,1.0,0.0,0.7692307692307693,0.5
10,10,equal_weight,vol_target_25pct_max_1p25,0.25,1.25,2022,26,-0.2321217378739112,-0.5279357508314467,-1.545226246042296,-0.3117802586805891,-0.74450428277986,-0.0078842257799038,-0.0708411832460354,-0.0708411832460354,0.6278470219547091,15.82174495325867,-0.0146710580002178,0.0006278470219547,0.0,0.5029611931076384,0.5,0.539541682330144,0.0,1.0,0.2692307692307692
10,10,equal_weight,vol_target_25pct_max_1p25,0.25,1.25,2023,25,0.8483810566018586,1.921698219200361,8.559037901039483,-0.1848579422409615,4.589367631800194,0.0268112714441662,0.0447998065948133,0.0447998065948133,0.8280000000000001,20.8656,0.0406593175658432,0.000828,0.0,0.5,0.5,0.5,0.0,1.0,0.56
10,10,equal_weight,vol_target_25pct_max_1p25,0.25,1.25,2024,26,0.4643394731954515,1.4322242719807448,2.0207094594868953,-0.1425433496253073,3.257531652062511,0.0169683790181412,-0.0263858197611,-0.0263858197611,0.7460657522010803,18.80085695546722,0.0246977823561613,0.000746065752201,0.0,0.5090275658822753,0.5,0.5359494859734145,0.0,1.0,0.6923076923076923
10,10,equal_weight,vol_target_25pct_max_1p25,0.25,1.25,2025,25,0.8922917353245994,2.5209951199430876,4.300414757766985,-0.096454457270564,9.250912405443694,0.0269621880166858,0.0940098596424809,0.0940098596424809,0.8016374100652324,20.201262733643855,0.0441700970424263,0.0008016374100652,0.0,0.5031863472596176,0.5,0.5535730425523688,0.0,1.0,0.68
10,10,equal_weight,vol_target_25pct_max_1p25,0.25,1.25,2026,12,0.8829461631472042,2.1193992115935494,4.23735237083609,-0.096605129888777,9.139744071187046,0.0272579192877746,0.0134228064292318,0.0134228064292318,0.8688176344503756,21.894204388149465,0.0403278487536688,0.0008688176344503,0.0,0.5010754838918544,0.5,0.5129058067022532,0.0,1.0,0.75
10,10,equal_weight,regime_dd_vol_target_25pct_max_1p25,0.25,1.25,overall,140,0.340758614248416,1.0622524438493066,2.168111608471133,-0.53703177445124,0.6345222581971365,0.0137091028853826,-0.0011540523006514,-0.0011540523006514,0.74631754587331,18.807202156007413,0.0181185171202921,0.0007463175458733,0.0,0.511266294293799,0.5,1.0,0.0,0.9928571428571428,0.5571428571428572
10,10,equal_weight,regime_dd_vol_target_25pct_max_1p25,0.25,1.25,2021,26,-0.0291289474638195,0.0542026957350826,0.0825692772554236,-0.2522811947548727,-0.1154622225890538,0.0006674845602621,-0.0486530991149548,-0.0486530991149548,0.6815384615384616,17.174769230769233,-0.0016960313744206,0.0006815384615384,0.0,0.5480769230769231,0.5,1.0,0.0,0.9615384615384616,0.5
10,10,equal_weight,regime_dd_vol_target_25pct_max_1p25,0.25,1.25,2022,26,-0.2357817724348112,-0.5460704794405415,-1.5835420283809254,-0.3151644884131901,-0.7481229043980814,-0.0081034448869047,-0.0708411832460354,-0.0708411832460354,0.6230769230769231,15.701538461538462,-0.0150164758066458,0.0006230769230769,0.0,0.5,0.5,0.5,0.0,1.0,0.2692307692307692
10,10,equal_weight,regime_dd_vol_target_25pct_max_1p25,0.25,1.25,2023,25,0.8483810566018586,1.921698219200361,8.559037901039483,-0.1848579422409615,4.589367631800194,0.0268112714441662,0.0447998065948133,0.0447998065948133,0.8280000000000001,20.8656,0.0406593175658432,0.000828,0.0,0.5,0.5,0.5,0.0,1.0,0.56
10,10,equal_weight,regime_dd_vol_target_25pct_max_1p25,0.25,1.25,2024,26,0.4643394731954515,1.4322242719807448,2.0207094594868953,-0.1425433496253073,3.257531652062511,0.0169683790181412,-0.0263858197611,-0.0263858197611,0.7460657522010803,18.80085695546722,0.0246977823561613,0.000746065752201,0.0,0.5090275658822753,0.5,0.5359494859734145,0.0,1.0,0.6923076923076923
10,10,equal_weight,regime_dd_vol_target_25pct_max_1p25,0.25,1.25,2025,25,0.8922917353245994,2.5209951199430876,4.300414757766985,-0.096454457270564,9.250912405443694,0.0269621880166858,0.0940098596424809,0.0940098596424809,0.8016374100652324,20.201262733643855,0.0441700970424263,0.0008016374100652,0.0,0.5031863472596176,0.5,0.5535730425523688,0.0,1.0,0.68
10,10,equal_weight,regime_dd_vol_target_25pct_max_1p25,0.25,1.25,2026,12,0.8829461631472042,2.1193992115935494,4.23735237083609,-0.096605129888777,9.139744071187046,0.0272579192877746,0.0134228064292318,0.0134228064292318,0.8688176344503756,21.894204388149465,0.0403278487536688,0.0008688176344503,0.0,0.5010754838918544,0.5,0.5129058067022532,0.0,1.0,0.75
10,10,equal_weight,vol_target_25pct_max_1p50,0.25,1.5,overall,140,0.3705643633850524,1.102807577229872,2.331126586461128,-0.537494426508126,0.6894292203036455,0.0147202996248909,-0.0011540523006514,-0.0011540523006514,0.7642034213791845,19.25792621875545,0.0192421738029174,0.0007642034213791,0.0,0.5243162301566461,0.5,1.0,0.0,0.9571428571428572,0.5571428571428572
10,10,equal_weight,vol_target_25pct_max_1p50,0.25,1.5,2021,26,0.0876856493425866,0.3986598450830828,0.7343982608064801,-0.2567015371585502,0.3415859924844472,0.0058931709736908,-0.0486530991149548,-0.0486530991149548,0.7730769230769231,19.481538461538463,0.0045009612313576,0.0007730769230769,0.0,0.6153846153846154,0.5,1.0,0.0,0.7692307692307693,0.5
10,10,equal_weight,vol_target_25pct_max_1p50,0.25,1.5,2022,26,-0.2321217378739112,-0.5279357508314467,-1.545226246042296,-0.3117802586805891,-0.74450428277986,-0.0078842257799038,-0.0708411832460354,-0.0708411832460354,0.6278470219547091,15.82174495325867,-0.0146710580002178,0.0006278470219547,0.0,0.5029611931076384,0.5,0.539541682330144,0.0,1.0,0.2692307692307692
10,10,equal_weight,vol_target_25pct_max_1p50,0.25,1.5,2023,25,0.8483810566018586,1.921698219200361,8.559037901039483,-0.1848579422409615,4.589367631800194,0.0268112714441662,0.0447998065948133,0.0447998065948133,0.8280000000000001,20.8656,0.0406593175658432,0.000828,0.0,0.5,0.5,0.5,0.0,1.0,0.56
10,10,equal_weight,vol_target_25pct_max_1p50,0.25,1.5,2024,26,0.4643394731954515,1.4322242719807448,2.0207094594868953,-0.1425433496253073,3.257531652062511,0.0169683790181412,-0.0263858197611,-0.0263858197611,0.7460657522010803,18.80085695546722,0.0246977823561613,0.000746065752201,0.0,0.5090275658822753,0.5,0.5359494859734145,0.0,1.0,0.6923076923076923
10,10,equal_weight,vol_target_25pct_max_1p50,0.25,1.5,2025,25,0.8922917353245994,2.5209951199430876,4.300414757766985,-0.096454457270564,9.250912405443694,0.0269621880166858,0.0940098596424809,0.0940098596424809,0.8016374100652324,20.201262733643855,0.0441700970424263,0.0008016374100652,0.0,0.5031863472596176,0.5,0.5535730425523688,0.0,1.0,0.68
10,10,equal_weight,vol_target_25pct_max_1p50,0.25,1.5,2026,12,0.8829461631472042,2.1193992115935494,4.23735237083609,-0.096605129888777,9.139744071187046,0.0272579192877746,0.0134228064292318,0.0134228064292318,0.8688176344503756,21.894204388149465,0.0403278487536688,0.0008688176344503,0.0,0.5010754838918544,0.5,0.5129058067022532,0.0,1.0,0.75
10,10,equal_weight,regime_dd_vol_target_25pct_max_1p50,0.25,1.5,overall,140,0.340758614248416,1.0622524438493066,2.168111608471133,-0.53703177445124,0.6345222581971365,0.0137091028853826,-0.0011540523006514,-0.0011540523006514,0.74631754587331,18.807202156007413,0.0181185171202921,0.0007463175458733,0.0,0.511266294293799,0.5,1.0,0.0,0.9928571428571428,0.5571428571428572
10,10,equal_weight,regime_dd_vol_target_25pct_max_1p50,0.25,1.5,2021,26,-0.0291289474638195,0.0542026957350826,0.0825692772554236,-0.2522811947548727,-0.1154622225890538,0.0006674845602621,-0.0486530991149548,-0.0486530991149548,0.6815384615384616,17.174769230769233,-0.0016960313744206,0.0006815384615384,0.0,0.5480769230769231,0.5,1.0,0.0,0.9615384615384616,0.5
10,10,equal_weight,regime_dd_vol_target_25pct_max_1p50,0.25,1.5,2022,26,-0.2357817724348112,-0.5460704794405415,-1.5835420283809254,-0.3151644884131901,-0.7481229043980814,-0.0081034448869047,-0.0708411832460354,-0.0708411832460354,0.6230769230769231,15.701538461538462,-0.0150164758066458,0.0006230769230769,0.0,0.5,0.5,0.5,0.0,1.0,0.2692307692307692
10,10,equal_weight,regime_dd_vol_target_25pct_max_1p50,0.25,1.5,2023,25,0.8483810566018586,1.921698219200361,8.559037901039483,-0.1848579422409615,4.589367631800194,0.0268112714441662,0.0447998065948133,0.0447998065948133,0.8280000000000001,20.8656,0.0406593175658432,0.000828,0.0,0.5,0.5,0.5,0.0,1.0,0.56
10,10,equal_weight,regime_dd_vol_target_25pct_max_1p50,0.25,1.5,2024,26,0.4643394731954515,1.4322242719807448,2.0207094594868953,-0.1425433496253073,3.257531652062511,0.0169683790181412,-0.0263858197611,-0.0263858197611,0.7460657522010803,18.80085695546722,0.0246977823561613,0.000746065752201,0.0,0.5090275658822753,0.5,0.5359494859734145,0.0,1.0,0.6923076923076923
10,10,equal_weight,regime_dd_vol_target_25pct_max_1p50,0.25,1.5,2025,25,0.8922917353245994,2.5209951199430876,4.300414757766985,-0.096454457270564,9.250912405443694,0.0269621880166858,0.0940098596424809,0.0940098596424809,0.8016374100652324,20.201262733643855,0.0441700970424263,0.0008016374100652,0.0,0.5031863472596176,0.5,0.5535730425523688,0.0,1.0,0.68
10,10,equal_weight,regime_dd_vol_target_25pct_max_1p50,0.25,1.5,2026,12,0.8829461631472042,2.1193992115935494,4.23735237083609,-0.096605129888777,9.139744071187046,0.0272579192877746,0.0134228064292318,0.0134228064292318,0.8688176344503756,21.894204388149465,0.0403278487536688,0.0008688176344503,0.0,0.5010754838918544,0.5,0.5129058067022532,0.0,1.0,0.75
10,10,equal_weight,vol_target_30pct_max_1p25,0.3,1.25,overall,140,0.3743143270356848,1.0629526908184268,2.120917929700301,-0.5751622884282022,0.6507977566794362,0.0151350606484664,-0.0011540523006514,-0.0011540523006514,0.8136756557827699,20.5046265257258,0.0182551155743342,0.0008136756557827,0.0,0.5564935817468946,0.5,1.0,0.0,0.9571428571428572,0.5571428571428572
10,10,equal_weight,vol_target_30pct_max_1p25,0.3,1.25,2021,26,0.0350950136186174,0.271409389214344,0.4633768732505969,-0.2849454898521326,0.1231639554527758,0.0042080373722148,-0.0486530991149548,-0.0486530991149548,0.8110737539807165,20.439058600314056,0.0017170562649141,0.0008110737539807,0.0,0.645676894556473,0.5,1.0,0.0,0.7692307692307693,0.5
10,10,equal_weight,vol_target_30pct_max_1p25,0.3,1.25,2022,26,-0.2540400551596119,-0.5511001593609336,-1.5573091617585495,-0.3262851632276269,-0.7785829200648805,-0.0087103167537347,-0.0708411832460354,-0.0708411832460354,0.6724831605100003,16.946575644852008,-0.0149906423860199,0.00067248316051,0.0,0.5335299538688365,0.5,0.6474500187961727,0.0,1.0,0.2692307692307692
10,10,equal_weight,vol_target_30pct_max_1p25,0.3,1.25,2023,25,0.8483810566018586,1.921698219200361,8.559037901039483,-0.1848579422409615,4.589367631800194,0.0268112714441662,0.0447998065948133,0.0447998065948133,0.8280000000000001,20.8656,0.0406593175658432,0.000828,0.0,0.5,0.5,0.5,0.0,1.0,0.56
10,10,equal_weight,vol_target_30pct_max_1p25,0.3,1.25,2024,26,0.4816156631799013,1.3589662110498408,1.7916395808903771,-0.1710520195503685,2.81560933595457,0.0178573079221246,-0.0263858197611,-0.0263858197611,0.8244042285061843,20.774986558355845,0.023182477727582,0.0008244042285061,0.0,0.5575791670883409,0.5,0.6431393831680974,0.0,1.0,0.6923076923076923
10,10,equal_weight,vol_target_30pct_max_1p25,0.3,1.25,2025,25,1.0336545809719944,2.502855099665521,4.523746406504715,-0.1021772591144836,10.11628800703927,0.0302429571797057,0.0940098596424809,0.0940098596424809,0.8761268066534558,22.078395527667084,0.0468174682203102,0.0008761268066534,0.0,0.5507122155849219,0.5,0.6642876510628425,0.0,1.0,0.68
10,10,equal_weight,vol_target_30pct_max_1p25,0.3,1.25,2026,12,0.9334960553937326,2.0051373830874564,3.8131836825477694,-0.1122932775721202,8.313018157246283,0.0287768360943986,0.0134228064292318,0.0134228064292318,0.9420359937776634,23.73930704319712,0.0393228013646354,0.0009420359937776,0.0,0.5404049709656068,0.5,0.6154869680427038,0.0,1.0,0.75
10,10,equal_weight,regime_dd_vol_target_30pct_max_1p25,0.3,1.25,overall,140,0.3507395575459393,1.0457330767936617,2.03024826001411,-0.5601093533013825,0.6261983583716627,0.0142437974983941,-0.0011540523006514,-0.0011540523006514,0.7872961023871579,19.839861780156376,0.0176785282797053,0.0007872961023871,0.0,0.5376645356636618,0.5,1.0,0.0,0.9928571428571428,0.5571428571428572
10,10,equal_weight,regime_dd_vol_target_30pct_max_1p25,0.3,1.25,2021,26,-0.0760714863211982,-0.0774179314391339,-0.1110970745127701,-0.2806931122001402,-0.2710130139102151,-0.0010176490412138,-0.0486530991149548,-0.0486530991149548,0.7195352924422548,18.13228936954482,-0.004195360264268,0.0007195352924422,0.0,0.5783692022487807,0.5,1.0,0.0,0.9615384615384616,0.5
10,10,equal_weight,regime_dd_vol_target_30pct_max_1p25,0.3,1.25,2022,26,-0.2357817724348112,-0.5460704794405415,-1.5835420283809254,-0.3151644884131901,-0.7481229043980814,-0.0081034448869047,-0.0708411832460354,-0.0708411832460354,0.6230769230769231,15.701538461538462,-0.0150164758066458,0.0006230769230769,0.0,0.5,0.5,0.5,0.0,1.0,0.2692307692307692
10,10,equal_weight,regime_dd_vol_target_30pct_max_1p25,0.3,1.25,2023,25,0.8483810566018586,1.921698219200361,8.559037901039483,-0.1848579422409615,4.589367631800194,0.0268112714441662,0.0447998065948133,0.0447998065948133,0.8280000000000001,20.8656,0.0406593175658432,0.000828,0.0,0.5,0.5,0.5,0.0,1.0,0.56
10,10,equal_weight,regime_dd_vol_target_30pct_max_1p25,0.3,1.25,2024,26,0.4816156631799013,1.3589662110498408,1.7916395808903771,-0.1710520195503685,2.81560933595457,0.0178573079221246,-0.0263858197611,-0.0263858197611,0.8244042285061843,20.774986558355845,0.023182477727582,0.0008244042285061,0.0,0.5575791670883409,0.5,0.6431393831680974,0.0,1.0,0.6923076923076923
10,10,equal_weight,regime_dd_vol_target_30pct_max_1p25,0.3,1.25,2025,25,1.0257684401471527,2.5122583683560458,4.495699152244683,-0.1021772591144836,10.039107028676897,0.0300554506677636,0.0940098596424809,0.0940098596424809,0.8749837945684285,22.049591623124396,0.0465209722556214,0.0008749837945684,0.0,0.5501407095424081,0.5,0.65,0.0,1.0,0.68
10,10,equal_weight,regime_dd_vol_target_30pct_max_1p25,0.3,1.25,2026,12,0.9334960553937326,2.0051373830874564,3.8131836825477694,-0.1122932775721202,8.313018157246283,0.0287768360943986,0.0134228064292318,0.0134228064292318,0.9420359937776634,23.73930704319712,0.0393228013646354,0.0009420359937776,0.0,0.5404049709656068,0.5,0.6154869680427038,0.0,1.0,0.75
10,10,equal_weight,vol_target_30pct_max_1p50,0.3,1.5,overall,140,0.3743143270356848,1.0629526908184268,2.120917929700301,-0.5751622884282022,0.6507977566794362,0.0151350606484664,-0.0011540523006514,-0.0011540523006514,0.8136756557827699,20.5046265257258,0.0182551155743342,0.0008136756557827,0.0,0.5564935817468946,0.5,1.0,0.0,0.9571428571428572,0.5571428571428572
10,10,equal_weight,vol_target_30pct_max_1p50,0.3,1.5,2021,26,0.0350950136186174,0.271409389214344,0.4633768732505969,-0.2849454898521326,0.1231639554527758,0.0042080373722148,-0.0486530991149548,-0.0486530991149548,0.8110737539807165,20.439058600314056,0.0017170562649141,0.0008110737539807,0.0,0.645676894556473,0.5,1.0,0.0,0.7692307692307693,0.5
10,10,equal_weight,vol_target_30pct_max_1p50,0.3,1.5,2022,26,-0.2540400551596119,-0.5511001593609336,-1.5573091617585495,-0.3262851632276269,-0.7785829200648805,-0.0087103167537347,-0.0708411832460354,-0.0708411832460354,0.6724831605100003,16.946575644852008,-0.0149906423860199,0.00067248316051,0.0,0.5335299538688365,0.5,0.6474500187961727,0.0,1.0,0.2692307692307692
10,10,equal_weight,vol_target_30pct_max_1p50,0.3,1.5,2023,25,0.8483810566018586,1.921698219200361,8.559037901039483,-0.1848579422409615,4.589367631800194,0.0268112714441662,0.0447998065948133,0.0447998065948133,0.8280000000000001,20.8656,0.0406593175658432,0.000828,0.0,0.5,0.5,0.5,0.0,1.0,0.56
10,10,equal_weight,vol_target_30pct_max_1p50,0.3,1.5,2024,26,0.4816156631799013,1.3589662110498408,1.7916395808903771,-0.1710520195503685,2.81560933595457,0.0178573079221246,-0.0263858197611,-0.0263858197611,0.8244042285061843,20.774986558355845,0.023182477727582,0.0008244042285061,0.0,0.5575791670883409,0.5,0.6431393831680974,0.0,1.0,0.6923076923076923
10,10,equal_weight,vol_target_30pct_max_1p50,0.3,1.5,2025,25,1.0336545809719944,2.502855099665521,4.523746406504715,-0.1021772591144836,10.11628800703927,0.0302429571797057,0.0940098596424809,0.0940098596424809,0.8761268066534558,22.078395527667084,0.0468174682203102,0.0008761268066534,0.0,0.5507122155849219,0.5,0.6642876510628425,0.0,1.0,0.68
10,10,equal_weight,vol_target_30pct_max_1p50,0.3,1.5,2026,12,0.9334960553937326,2.0051373830874564,3.8131836825477694,-0.1122932775721202,8.313018157246283,0.0287768360943986,0.0134228064292318,0.0134228064292318,0.9420359937776634,23.73930704319712,0.0393228013646354,0.0009420359937776,0.0,0.5404049709656068,0.5,0.6154869680427038,0.0,1.0,0.75
10,10,equal_weight,regime_dd_vol_target_30pct_max_1p50,0.3,1.5,overall,140,0.3507395575459393,1.0457330767936617,2.03024826001411,-0.5601093533013825,0.6261983583716627,0.0142437974983941,-0.0011540523006514,-0.0011540523006514,0.7872961023871579,19.839861780156376,0.0176785282797053,0.0007872961023871,0.0,0.5376645356636618,0.5,1.0,0.0,0.9928571428571428,0.5571428571428572
10,10,equal_weight,regime_dd_vol_target_30pct_max_1p50,0.3,1.5,2021,26,-0.0760714863211982,-0.0774179314391339,-0.1110970745127701,-0.2806931122001402,-0.2710130139102151,-0.0010176490412138,-0.0486530991149548,-0.0486530991149548,0.7195352924422548,18.13228936954482,-0.004195360264268,0.0007195352924422,0.0,0.5783692022487807,0.5,1.0,0.0,0.9615384615384616,0.5
10,10,equal_weight,regime_dd_vol_target_30pct_max_1p50,0.3,1.5,2022,26,-0.2357817724348112,-0.5460704794405415,-1.5835420283809254,-0.3151644884131901,-0.7481229043980814,-0.0081034448869047,-0.0708411832460354,-0.0708411832460354,0.6230769230769231,15.701538461538462,-0.0150164758066458,0.0006230769230769,0.0,0.5,0.5,0.5,0.0,1.0,0.2692307692307692
10,10,equal_weight,regime_dd_vol_target_30pct_max_1p50,0.3,1.5,2023,25,0.8483810566018586,1.921698219200361,8.559037901039483,-0.1848579422409615,4.589367631800194,0.0268112714441662,0.0447998065948133,0.0447998065948133,0.8280000000000001,20.8656,0.0406593175658432,0.000828,0.0,0.5,0.5,0.5,0.0,1.0,0.56
10,10,equal_weight,regime_dd_vol_target_30pct_max_1p50,0.3,1.5,2024,26,0.4816156631799013,1.3589662110498408,1.7916395808903771,-0.1710520195503685,2.81560933595457,0.0178573079221246,-0.0263858197611,-0.0263858197611,0.8244042285061843,20.774986558355845,0.023182477727582,0.0008244042285061,0.0,0.5575791670883409,0.5,0.6431393831680974,0.0,1.0,0.6923076923076923
10,10,equal_weight,regime_dd_vol_target_30pct_max_1p50,0.3,1.5,2025,25,1.0257684401471527,2.5122583683560458,4.495699152244683,-0.1021772591144836,10.039107028676897,0.0300554506677636,0.0940098596424809,0.0940098596424809,0.8749837945684285,22.049591623124396,0.0465209722556214,0.0008749837945684,0.0,0.5501407095424081,0.5,0.65,0.0,1.0,0.68
10,10,equal_weight,regime_dd_vol_target_30pct_max_1p50,0.3,1.5,2026,12,0.9334960553937326,2.0051373830874564,3.8131836825477694,-0.1122932775721202,8.313018157246283,0.0287768360943986,0.0134228064292318,0.0134228064292318,0.9420359937776634,23.73930704319712,0.0393228013646354,0.0009420359937776,0.0,0.5404049709656068,0.5,0.6154869680427038,0.0,1.0,0.75
10,10,buffer_inverse_volatility,static_1x,,1.0,overall,140,0.6332406322743867,1.1091248322745817,2.118015454562258,-0.8056860901985008,0.7859644593322594,0.0265215195283839,-0.0011540523006514,-0.0011540523006514,1.3998226058766818,35.27552966809238,0.0179512721207179,0.0013998226058766,0.0,1.0,1.0,1.0,0.0,0.0,0.55
10,10,buffer_inverse_volatility,static_1x,,1.0,2021,26,-0.1760569375956062,-0.0557044261624928,-0.0786940742921913,-0.4401191153499914,-0.400021111229405,-0.0012564978901056,-0.0486530991149548,-0.0486530991149548,1.177209257034425,29.66567327726751,-0.0059347022381762,0.0011772092570344,0.0,1.0,1.0,1.0,0.0,0.0,0.4230769230769231
10,10,buffer_inverse_volatility,static_1x,,1.0,2022,26,-0.5127431615956932,-0.7394461855406482,-1.7988888428680383,-0.5475098770554065,-0.9365002953979678,-0.0198803410104039,-0.0708411832460354,-0.0708411832460354,1.232446764852555,31.057658474284384,-0.0165093953241916,0.0012324467648525,0.0,1.0,1.0,1.0,0.0,0.0,0.3076923076923077
10,10,buffer_inverse_volatility,static_1x,,1.0,2023,25,1.7864998612752316,2.051762944158518,7.4062890404221235,-0.2812108231404131,6.352884434974977,0.0470656299490772,0.0447998065948133,0.0447998065948133,1.610680100696099,40.58913853754169,0.0440142344884423,0.001610680100696,0.0,1.0,1.0,1.0,0.0,0.0,0.56
10,10,buffer_inverse_volatility,static_1x,,1.0,2024,26,1.0761542549942265,1.6558392875685537,2.4251844922342856,-0.2241601857116283,4.800826924629019,0.034829966145434,-0.0263858197611,-0.0263858197611,1.40406903620322,35.38253971232114,0.0304148391761567,0.0014040690362032,0.0,1.0,1.0,1.0,0.0,0.0,0.6923076923076923
10,10,buffer_inverse_volatility,static_1x,,1.0,2025,25,2.817349734553391,2.67118379694007,5.1893519377374435,-0.1814291622164814,15.528648758195374,0.0603559915330537,0.0940098596424809,0.0940098596424809,1.4804945130836638,37.30846172970833,0.0755150334249767,0.0014804945130836,0.0,1.0,1.0,1.0,0.0,0.0,0.68
10,10,buffer_inverse_volatility,static_1x,,1.0,2026,12,2.294021026260006,2.116377276035712,4.0170446863227,-0.2120687650996754,10.817345143598976,0.0559542407127038,0.0134228064292318,0.0134228064292318,1.6282456639913487,41.03179073258199,0.0559083818985847,0.0016282456639913,0.0,1.0,1.0,1.0,0.0,0.0,0.75
10,10,buffer_inverse_volatility,legacy_risk_scaled,,1.0,overall,140,0.3407792686412236,1.0444158090559446,1.7529626813223034,-0.5980081199278191,0.5698572599354612,0.0138792839752894,-0.0011540523006514,-0.0011540523006514,0.7482040373688065,18.85474174169392,0.0180739292698796,0.0007482040373688,0.0,0.5335714285714287,0.45,1.0,0.0,0.8714285714285714,0.55
10,10,buffer_inverse_volatility,legacy_risk_scaled,,1.0,2021,26,-0.2516568274385808,-0.6485183227483402,-0.7018489851132794,-0.379799708103205,-0.662604057005217,-0.0089203485677261,-0.0486530991149548,-0.0486530991149548,0.6221622531016326,15.678488778161142,-0.016051089553294,0.0006221622531016,0.0,0.5346153846153846,0.45,1.0,0.0,0.8461538461538461,0.4230769230769231
10,10,buffer_inverse_volatility,legacy_risk_scaled,,1.0,2022,26,-0.236738037125993,-0.7394461855406482,-1.798888842868038,-0.276798059206508,-0.8552734719479093,-0.0089461534546817,-0.0708411832460354,-0.0708411832460354,0.5546010441836497,13.975946313427974,-0.0169389629737298,0.0005546010441836,0.0,0.4499999999999999,0.45,0.45,0.0,1.0,0.3076923076923077
10,10,buffer_inverse_volatility,legacy_risk_scaled,,1.0,2023,25,0.8017121833226484,2.1833868697096444,8.835231068058206,-0.1357728750018126,5.904803763726332,0.0251309705966677,0.0447998065948133,0.0447998065948133,0.7738831245247433,19.501854738023532,0.0411095351745964,0.0007738831245247,0.0,0.486,0.45,0.75,0.0,1.0,0.56
10,10,buffer_inverse_volatility,legacy_risk_scaled,,1.0,2024,26,0.7013932867609796,1.6272292752462068,2.7962310530733805,-0.1008720835702327,6.953294330166492,0.0238347650972839,-0.0263858197611,-0.0263858197611,0.8871708819689954,22.356706225618684,0.0313728363956068,0.0008871708819689,0.0,0.6423076923076922,0.45,1.0,0.0,0.6923076923076923,0.6923076923076923
10,10,buffer_inverse_volatility,legacy_risk_scaled,,1.0,2025,25,1.2278293027960312,2.5680642542163232,6.444925922111926,-0.0821468059457255,14.94676863769066,0.0342999100731383,0.0940098596424809,0.0940098596424809,0.9178668748939928,23.13024524732862,0.0530832807722969,0.0009178668748939,0.0,0.594,0.45,1.0,0.0,0.76,0.68
10,10,buffer_inverse_volatility,legacy_risk_scaled,,1.0,2026,12,0.8001759155707515,2.116377276035712,4.0170446863227,-0.0971315694492115,8.238062250081834,0.0251794083207167,0.0134228064292318,0.0134228064292318,0.7327105487961069,18.464305829661892,0.0433363660108636,0.0007327105487961,0.0,0.45,0.45,0.45,0.0,1.0,0.75
10,10,buffer_inverse_volatility,vol_target_20pct_max_1p25,0.2,1.25,overall,140,0.3692979459630108,1.1505656397752126,2.29325524195123,-0.541793238730427,0.6816215477852384,0.0144646506109693,-0.0011540523006514,-0.0011540523006514,0.7312710195218942,18.428029691951735,0.0200400125317954,0.0007312710195218,0.0,0.5214285714285715,0.5,1.0,0.0,0.9571428571428572,0.55
10,10,buffer_inverse_volatility,vol_target_20pct_max_1p25,0.2,1.25,2021,26,0.0867015783024853,0.3972409691941878,0.7216102053035737,-0.2550536005667844,0.3399347357175734,0.0058542402299022,-0.0486530991149548,-0.0486530991149548,0.7574646408901918,19.088108950432833,0.0045421774638665,0.0007574646408901,0.0,0.6153846153846154,0.5,1.0,0.0,0.7692307692307693,0.4230769230769231
10,10,buffer_inverse_volatility,vol_target_20pct_max_1p25,0.2,1.25,2022,26,-0.2633138594283232,-0.7394461855406482,-1.7988888428680383,-0.3043222693153335,-0.8652467662676432,-0.0099401705052019,-0.0708411832460354,-0.0708411832460354,0.6162233824262775,15.528829237142192,-0.0169564527632594,0.0006162233824262,0.0,0.5,0.5,0.5,0.0,1.0,0.3076923076923077
10,10,buffer_inverse_volatility,vol_target_20pct_max_1p25,0.2,1.25,2023,25,0.7328052368389013,2.051762944158518,7.4062890404221235,-0.1498949519100734,4.888791967314107,0.0235328149745386,0.0447998065948133,0.0447998065948133,0.8053400503480495,20.294569268770847,0.0361084400035302,0.000805340050348,0.0,0.5,0.5,0.5,0.0,1.0,0.56
10,10,buffer_inverse_volatility,vol_target_20pct_max_1p25,0.2,1.25,2024,26,0.4945066276590373,1.6558392875685537,2.4251844922342856,-0.1120800928558142,4.412082601458913,0.017414983072717,-0.0263858197611,-0.0263858197611,0.70203451810161,17.69126985616057,0.0279520142804693,0.0007020345181016,0.0,0.5,0.5,0.5,0.0,1.0,0.6923076923076923
10,10,buffer_inverse_volatility,vol_target_20pct_max_1p25,0.2,1.25,2025,25,1.039856710036997,2.67118379694007,5.1893519377374435,-0.0907145811082407,11.462950027804672,0.0301779957665268,0.0940098596424809,0.0940098596424809,0.7402472565418319,18.654230864854163,0.0557437461544532,0.0007402472565418,0.0,0.5,0.5,0.5,0.0,1.0,0.68
10,10,buffer_inverse_volatility,vol_target_20pct_max_1p25,0.2,1.25,2026,12,0.9112543701304872,2.116377276035712,4.0170446863227,-0.1077604386717938,8.456297889672628,0.0279771203563519,0.0134228064292318,0.0134228064292318,0.8141228319956744,20.51589536629099,0.0444169924763673,0.0008141228319956,0.0,0.5,0.5,0.5,0.0,1.0,0.75
10,10,buffer_inverse_volatility,regime_dd_vol_target_20pct_max_1p25,0.2,1.25,overall,140,0.3385606781064465,1.1064704299777488,2.1259597260887557,-0.5417058692905019,0.6249898649794503,0.0134355363336916,-0.0011540523006514,-0.0011540523006514,0.7140224680852159,17.993366195747438,0.0188158610469708,0.0007140224680852,0.0,0.5089285714285714,0.5,1.0,0.0,0.9928571428571428,0.55
10,10,buffer_inverse_volatility,regime_dd_vol_target_20pct_max_1p25,0.2,1.25,2021,26,-0.0383466206296532,0.0252717395812852,0.0383132278746702,-0.2549115565045968,-0.1504310795299769,0.0003128556599455,-0.0486530991149548,-0.0486530991149548,0.6645878254619236,16.747613201640476,-0.0022896767538133,0.0006645878254619,0.0,0.5480769230769231,0.5,1.0,0.0,0.9615384615384616,0.4230769230769231
10,10,buffer_inverse_volatility,regime_dd_vol_target_20pct_max_1p25,0.2,1.25,2022,26,-0.2633138594283232,-0.7394461855406482,-1.7988888428680383,-0.3043222693153335,-0.8652467662676432,-0.0099401705052019,-0.0708411832460354,-0.0708411832460354,0.6162233824262775,15.528829237142192,-0.0169564527632594,0.0006162233824262,0.0,0.5,0.5,0.5,0.0,1.0,0.3076923076923077
10,10,buffer_inverse_volatility,regime_dd_vol_target_20pct_max_1p25,0.2,1.25,2023,25,0.7328052368389013,2.051762944158518,7.4062890404221235,-0.1498949519100734,4.888791967314107,0.0235328149745386,0.0447998065948133,0.0447998065948133,0.8053400503480495,20.294569268770847,0.0361084400035302,0.000805340050348,0.0,0.5,0.5,0.5,0.0,1.0,0.56
10,10,buffer_inverse_volatility,regime_dd_vol_target_20pct_max_1p25,0.2,1.25,2024,26,0.4945066276590373,1.6558392875685537,2.4251844922342856,-0.1120800928558142,4.412082601458913,0.017414983072717,-0.0263858197611,-0.0263858197611,0.70203451810161,17.69126985616057,0.0279520142804693,0.0007020345181016,0.0,0.5,0.5,0.5,0.0,1.0,0.6923076923076923
10,10,buffer_inverse_volatility,regime_dd_vol_target_20pct_max_1p25,0.2,1.25,2025,25,1.039856710036997,2.67118379694007,5.1893519377374435,-0.0907145811082407,11.462950027804672,0.0301779957665268,0.0940098596424809,0.0940098596424809,0.7402472565418319,18.654230864854163,0.0557437461544532,0.0007402472565418,0.0,0.5,0.5,0.5,0.0,1.0,0.68
10,10,buffer_inverse_volatility,regime_dd_vol_target_20pct_max_1p25,0.2,1.25,2026,12,0.9112543701304872,2.116377276035712,4.0170446863227,-0.1077604386717938,8.456297889672628,0.0279771203563519,0.0134228064292318,0.0134228064292318,0.8141228319956744,20.51589536629099,0.0444169924763673,0.0008141228319956,0.0,0.5,0.5,0.5,0.0,1.0,0.75
10,10,buffer_inverse_volatility,vol_target_20pct_max_1p50,0.2,1.5,overall,140,0.3692979459630108,1.1505656397752126,2.29325524195123,-0.541793238730427,0.6816215477852384,0.0144646506109693,-0.0011540523006514,-0.0011540523006514,0.7312710195218942,18.428029691951735,0.0200400125317954,0.0007312710195218,0.0,0.5214285714285715,0.5,1.0,0.0,0.9571428571428572,0.55
10,10,buffer_inverse_volatility,vol_target_20pct_max_1p50,0.2,1.5,2021,26,0.0867015783024853,0.3972409691941878,0.7216102053035737,-0.2550536005667844,0.3399347357175734,0.0058542402299022,-0.0486530991149548,-0.0486530991149548,0.7574646408901918,19.088108950432833,0.0045421774638665,0.0007574646408901,0.0,0.6153846153846154,0.5,1.0,0.0,0.7692307692307693,0.4230769230769231
10,10,buffer_inverse_volatility,vol_target_20pct_max_1p50,0.2,1.5,2022,26,-0.2633138594283232,-0.7394461855406482,-1.7988888428680383,-0.3043222693153335,-0.8652467662676432,-0.0099401705052019,-0.0708411832460354,-0.0708411832460354,0.6162233824262775,15.528829237142192,-0.0169564527632594,0.0006162233824262,0.0,0.5,0.5,0.5,0.0,1.0,0.3076923076923077
10,10,buffer_inverse_volatility,vol_target_20pct_max_1p50,0.2,1.5,2023,25,0.7328052368389013,2.051762944158518,7.4062890404221235,-0.1498949519100734,4.888791967314107,0.0235328149745386,0.0447998065948133,0.0447998065948133,0.8053400503480495,20.294569268770847,0.0361084400035302,0.000805340050348,0.0,0.5,0.5,0.5,0.0,1.0,0.56
10,10,buffer_inverse_volatility,vol_target_20pct_max_1p50,0.2,1.5,2024,26,0.4945066276590373,1.6558392875685537,2.4251844922342856,-0.1120800928558142,4.412082601458913,0.017414983072717,-0.0263858197611,-0.0263858197611,0.70203451810161,17.69126985616057,0.0279520142804693,0.0007020345181016,0.0,0.5,0.5,0.5,0.0,1.0,0.6923076923076923
10,10,buffer_inverse_volatility,vol_target_20pct_max_1p50,0.2,1.5,2025,25,1.039856710036997,2.67118379694007,5.1893519377374435,-0.0907145811082407,11.462950027804672,0.0301779957665268,0.0940098596424809,0.0940098596424809,0.7402472565418319,18.654230864854163,0.0557437461544532,0.0007402472565418,0.0,0.5,0.5,0.5,0.0,1.0,0.68
10,10,buffer_inverse_volatility,vol_target_20pct_max_1p50,0.2,1.5,2026,12,0.9112543701304872,2.116377276035712,4.0170446863227,-0.1077604386717938,8.456297889672628,0.0279771203563519,0.0134228064292318,0.0134228064292318,0.8141228319956744,20.51589536629099,0.0444169924763673,0.0008141228319956,0.0,0.5,0.5,0.5,0.0,1.0,0.75
10,10,buffer_inverse_volatility,regime_dd_vol_target_20pct_max_1p50,0.2,1.5,overall,140,0.3385606781064465,1.1064704299777488,2.1259597260887557,-0.5417058692905019,0.6249898649794503,0.0134355363336916,-0.0011540523006514,-0.0011540523006514,0.7140224680852159,17.993366195747438,0.0188158610469708,0.0007140224680852,0.0,0.5089285714285714,0.5,1.0,0.0,0.9928571428571428,0.55
10,10,buffer_inverse_volatility,regime_dd_vol_target_20pct_max_1p50,0.2,1.5,2021,26,-0.0383466206296532,0.0252717395812852,0.0383132278746702,-0.2549115565045968,-0.1504310795299769,0.0003128556599455,-0.0486530991149548,-0.0486530991149548,0.6645878254619236,16.747613201640476,-0.0022896767538133,0.0006645878254619,0.0,0.5480769230769231,0.5,1.0,0.0,0.9615384615384616,0.4230769230769231
10,10,buffer_inverse_volatility,regime_dd_vol_target_20pct_max_1p50,0.2,1.5,2022,26,-0.2633138594283232,-0.7394461855406482,-1.7988888428680383,-0.3043222693153335,-0.8652467662676432,-0.0099401705052019,-0.0708411832460354,-0.0708411832460354,0.6162233824262775,15.528829237142192,-0.0169564527632594,0.0006162233824262,0.0,0.5,0.5,0.5,0.0,1.0,0.3076923076923077
10,10,buffer_inverse_volatility,regime_dd_vol_target_20pct_max_1p50,0.2,1.5,2023,25,0.7328052368389013,2.051762944158518,7.4062890404221235,-0.1498949519100734,4.888791967314107,0.0235328149745386,0.0447998065948133,0.0447998065948133,0.8053400503480495,20.294569268770847,0.0361084400035302,0.000805340050348,0.0,0.5,0.5,0.5,0.0,1.0,0.56
10,10,buffer_inverse_volatility,regime_dd_vol_target_20pct_max_1p50,0.2,1.5,2024,26,0.4945066276590373,1.6558392875685537,2.4251844922342856,-0.1120800928558142,4.412082601458913,0.017414983072717,-0.0263858197611,-0.0263858197611,0.70203451810161,17.69126985616057,0.0279520142804693,0.0007020345181016,0.0,0.5,0.5,0.5,0.0,1.0,0.6923076923076923
10,10,buffer_inverse_volatility,regime_dd_vol_target_20pct_max_1p50,0.2,1.5,2025,25,1.039856710036997,2.67118379694007,5.1893519377374435,-0.0907145811082407,11.462950027804672,0.0301779957665268,0.0940098596424809,0.0940098596424809,0.7402472565418319,18.654230864854163,0.0557437461544532,0.0007402472565418,0.0,0.5,0.5,0.5,0.0,1.0,0.68
10,10,buffer_inverse_volatility,regime_dd_vol_target_20pct_max_1p50,0.2,1.5,2026,12,0.9112543701304872,2.116377276035712,4.0170446863227,-0.1077604386717938,8.456297889672628,0.0279771203563519,0.0134228064292318,0.0134228064292318,0.8141228319956744,20.51589536629099,0.0444169924763673,0.0008141228319956,0.0,0.5,0.5,0.5,0.0,1.0,0.75
10,10,buffer_inverse_volatility,vol_target_25pct_max_1p25,0.25,1.25,overall,140,0.3692740719200282,1.1450286281041882,2.2679511122545226,-0.5421036434723185,0.6811872164420981,0.0144902303041091,-0.0011540523006514,-0.0011540523006514,0.7350339468932153,18.522855461709025,0.0199361309428452,0.0007350339468932,0.0,0.5240574082153403,0.5,1.0,0.0,0.9571428571428572,0.55
10,10,buffer_inverse_volatility,vol_target_25pct_max_1p25,0.25,1.25,2021,26,0.0854492468462551,0.394113830984572,0.7140572683246998,-0.2559393255134974,0.3338652498001866,0.0058161447866733,-0.0486530991149548,-0.0486530991149548,0.7582808204036342,19.10867667417158,0.0044717511475691,0.0007582808204036,0.0,0.6161374422999936,0.5,1.0,0.0,0.7692307692307693,0.4230769230769231
10,10,buffer_inverse_volatility,vol_target_25pct_max_1p25,0.25,1.25,2022,26,-0.2629481752286546,-0.737418386760765,-1.794957732009098,-0.3043238759779634,-0.8640405698818556,-0.0099184515297541,-0.0708411832460354,-0.0708411832460354,0.6163951641034393,15.533158135406673,-0.0169281850436637,0.0006163951641034,0.0,0.5001066882019607,0.5,0.5027738932509793,0.0,1.0,0.3076923076923077
10,10,buffer_inverse_volatility,vol_target_25pct_max_1p25,0.25,1.25,2023,25,0.7328052368389013,2.051762944158518,7.4062890404221235,-0.1498949519100734,4.888791967314107,0.0235328149745386,0.0447998065948133,0.0447998065948133,0.8053400503480495,20.294569268770847,0.0361084400035302,0.000805340050348,0.0,0.5,0.5,0.5,0.0,1.0,0.56
10,10,buffer_inverse_volatility,vol_target_25pct_max_1p25,0.25,1.25,2024,26,0.4844887907557125,1.5853101299342962,2.257858270636244,-0.121430542872549,3.9898429117970897,0.0172409777070053,-0.0263858197611,-0.0263858197611,0.7191970758392874,18.12376631115004,0.0267322355871277,0.0007191970758392,0.0,0.5119563032697736,0.5,0.5518250022273872,0.0,1.0,0.6923076923076923
10,10,buffer_inverse_volatility,vol_target_25pct_max_1p25,0.25,1.25,2025,25,1.0553778746882307,2.6707630952190944,5.248031515155767,-0.0907145811082407,11.634048923501648,0.0305192391549419,0.0940098596424809,0.0940098596424809,0.742443110135817,18.709566375422582,0.0564084625753061,0.0007424431101358,0.0,0.5013930348833087,0.5,0.5314826789467729,0.0,1.0,0.68
10,10,buffer_inverse_volatility,vol_target_25pct_max_1p25,0.25,1.25,2026,12,0.9112543701304872,2.116377276035712,4.0170446863227,-0.1077604386717938,8.456297889672628,0.0279771203563519,0.0134228064292318,0.0134228064292318,0.8141228319956744,20.51589536629099,0.0444169924763673,0.0008141228319956,0.0,0.5,0.5,0.5,0.0,1.0,0.75
10,10,buffer_inverse_volatility,regime_dd_vol_target_25pct_max_1p25,0.25,1.25,overall,140,0.3384139807255841,1.1005446580666542,2.102146417331632,-0.5422507709704218,0.6240912855134394,0.0134570825028197,-0.0011540523006514,-0.0011540523006514,0.717753493145064,18.087388027255617,0.0187099419891713,0.000717753493145,0.0,0.511537594692119,0.5,1.0,0.0,0.9928571428571428,0.55
10,10,buffer_inverse_volatility,regime_dd_vol_target_25pct_max_1p25,0.25,1.25,2021,26,-0.0394548446361524,0.0221525627421939,0.0335137941597409,-0.2557974503385873,-0.1542425250287987,0.0002747602167167,-0.0486530991149548,-0.0486530991149548,0.6654040049753663,16.76818092537923,-0.0023529591439722,0.0006654040049753,0.0,0.5488297499923014,0.5,1.0,0.0,0.9615384615384616,0.4230769230769231
10,10,buffer_inverse_volatility,regime_dd_vol_target_25pct_max_1p25,0.25,1.25,2022,26,-0.2633138594283232,-0.7394461855406482,-1.7988888428680383,-0.3043222693153335,-0.8652467662676432,-0.0099401705052019,-0.0708411832460354,-0.0708411832460354,0.6162233824262775,15.528829237142192,-0.0169564527632594,0.0006162233824262,0.0,0.5,0.5,0.5,0.0,1.0,0.3076923076923077
10,10,buffer_inverse_volatility,regime_dd_vol_target_25pct_max_1p25,0.25,1.25,2023,25,0.7328052368389013,2.051762944158518,7.4062890404221235,-0.1498949519100734,4.888791967314107,0.0235328149745386,0.0447998065948133,0.0447998065948133,0.8053400503480495,20.294569268770847,0.0361084400035302,0.000805340050348,0.0,0.5,0.5,0.5,0.0,1.0,0.56
10,10,buffer_inverse_volatility,regime_dd_vol_target_25pct_max_1p25,0.25,1.25,2024,26,0.4844887907557125,1.5853101299342962,2.257858270636244,-0.121430542872549,3.9898429117970897,0.0172409777070053,-0.0263858197611,-0.0263858197611,0.7191970758392874,18.12376631115004,0.0267322355871277,0.0007191970758392,0.0,0.5119563032697736,0.5,0.5518250022273872,0.0,1.0,0.6923076923076923
10,10,buffer_inverse_volatility,regime_dd_vol_target_25pct_max_1p25,0.25,1.25,2025,25,1.0553778746882307,2.6707630952190944,5.248031515155767,-0.0907145811082407,11.634048923501648,0.0305192391549419,0.0940098596424809,0.0940098596424809,0.742443110135817,18.709566375422582,0.0564084625753061,0.0007424431101358,0.0,0.5013930348833087,0.5,0.5314826789467729,0.0,1.0,0.68
10,10,buffer_inverse_volatility,regime_dd_vol_target_25pct_max_1p25,0.25,1.25,2026,12,0.9112543701304872,2.116377276035712,4.0170446863227,-0.1077604386717938,8.456297889672628,0.0279771203563519,0.0134228064292318,0.0134228064292318,0.8141228319956744,20.51589536629099,0.0444169924763673,0.0008141228319956,0.0,0.5,0.5,0.5,0.0,1.0,0.75
10,10,buffer_inverse_volatility,vol_target_25pct_max_1p50,0.25,1.5,overall,140,0.3692740719200282,1.1450286281041882,2.2679511122545226,-0.5421036434723185,0.6811872164420981,0.0144902303041091,-0.0011540523006514,-0.0011540523006514,0.7350339468932153,18.522855461709025,0.0199361309428452,0.0007350339468932,0.0,0.5240574082153403,0.5,1.0,0.0,0.9571428571428572,0.55
10,10,buffer_inverse_volatility,vol_target_25pct_max_1p50,0.25,1.5,2021,26,0.0854492468462551,0.394113830984572,0.7140572683246998,-0.2559393255134974,0.3338652498001866,0.0058161447866733,-0.0486530991149548,-0.0486530991149548,0.7582808204036342,19.10867667417158,0.0044717511475691,0.0007582808204036,0.0,0.6161374422999936,0.5,1.0,0.0,0.7692307692307693,0.4230769230769231
10,10,buffer_inverse_volatility,vol_target_25pct_max_1p50,0.25,1.5,2022,26,-0.2629481752286546,-0.737418386760765,-1.794957732009098,-0.3043238759779634,-0.8640405698818556,-0.0099184515297541,-0.0708411832460354,-0.0708411832460354,0.6163951641034393,15.533158135406673,-0.0169281850436637,0.0006163951641034,0.0,0.5001066882019607,0.5,0.5027738932509793,0.0,1.0,0.3076923076923077
10,10,buffer_inverse_volatility,vol_target_25pct_max_1p50,0.25,1.5,2023,25,0.7328052368389013,2.051762944158518,7.4062890404221235,-0.1498949519100734,4.888791967314107,0.0235328149745386,0.0447998065948133,0.0447998065948133,0.8053400503480495,20.294569268770847,0.0361084400035302,0.000805340050348,0.0,0.5,0.5,0.5,0.0,1.0,0.56
10,10,buffer_inverse_volatility,vol_target_25pct_max_1p50,0.25,1.5,2024,26,0.4844887907557125,1.5853101299342962,2.257858270636244,-0.121430542872549,3.9898429117970897,0.0172409777070053,-0.0263858197611,-0.0263858197611,0.7191970758392874,18.12376631115004,0.0267322355871277,0.0007191970758392,0.0,0.5119563032697736,0.5,0.5518250022273872,0.0,1.0,0.6923076923076923
10,10,buffer_inverse_volatility,vol_target_25pct_max_1p50,0.25,1.5,2025,25,1.0553778746882307,2.6707630952190944,5.248031515155767,-0.0907145811082407,11.634048923501648,0.0305192391549419,0.0940098596424809,0.0940098596424809,0.742443110135817,18.709566375422582,0.0564084625753061,0.0007424431101358,0.0,0.5013930348833087,0.5,0.5314826789467729,0.0,1.0,0.68
10,10,buffer_inverse_volatility,vol_target_25pct_max_1p50,0.25,1.5,2026,12,0.9112543701304872,2.116377276035712,4.0170446863227,-0.1077604386717938,8.456297889672628,0.0279771203563519,0.0134228064292318,0.0134228064292318,0.8141228319956744,20.51589536629099,0.0444169924763673,0.0008141228319956,0.0,0.5,0.5,0.5,0.0,1.0,0.75
10,10,buffer_inverse_volatility,regime_dd_vol_target_25pct_max_1p50,0.25,1.5,overall,140,0.3384139807255841,1.1005446580666542,2.102146417331632,-0.5422507709704218,0.6240912855134394,0.0134570825028197,-0.0011540523006514,-0.0011540523006514,0.717753493145064,18.087388027255617,0.0187099419891713,0.000717753493145,0.0,0.511537594692119,0.5,1.0,0.0,0.9928571428571428,0.55
10,10,buffer_inverse_volatility,regime_dd_vol_target_25pct_max_1p50,0.25,1.5,2021,26,-0.0394548446361524,0.0221525627421939,0.0335137941597409,-0.2557974503385873,-0.1542425250287987,0.0002747602167167,-0.0486530991149548,-0.0486530991149548,0.6654040049753663,16.76818092537923,-0.0023529591439722,0.0006654040049753,0.0,0.5488297499923014,0.5,1.0,0.0,0.9615384615384616,0.4230769230769231
10,10,buffer_inverse_volatility,regime_dd_vol_target_25pct_max_1p50,0.25,1.5,2022,26,-0.2633138594283232,-0.7394461855406482,-1.7988888428680383,-0.3043222693153335,-0.8652467662676432,-0.0099401705052019,-0.0708411832460354,-0.0708411832460354,0.6162233824262775,15.528829237142192,-0.0169564527632594,0.0006162233824262,0.0,0.5,0.5,0.5,0.0,1.0,0.3076923076923077
10,10,buffer_inverse_volatility,regime_dd_vol_target_25pct_max_1p50,0.25,1.5,2023,25,0.7328052368389013,2.051762944158518,7.4062890404221235,-0.1498949519100734,4.888791967314107,0.0235328149745386,0.0447998065948133,0.0447998065948133,0.8053400503480495,20.294569268770847,0.0361084400035302,0.000805340050348,0.0,0.5,0.5,0.5,0.0,1.0,0.56
10,10,buffer_inverse_volatility,regime_dd_vol_target_25pct_max_1p50,0.25,1.5,2024,26,0.4844887907557125,1.5853101299342962,2.257858270636244,-0.121430542872549,3.9898429117970897,0.0172409777070053,-0.0263858197611,-0.0263858197611,0.7191970758392874,18.12376631115004,0.0267322355871277,0.0007191970758392,0.0,0.5119563032697736,0.5,0.5518250022273872,0.0,1.0,0.6923076923076923
10,10,buffer_inverse_volatility,regime_dd_vol_target_25pct_max_1p50,0.25,1.5,2025,25,1.0553778746882307,2.6707630952190944,5.248031515155767,-0.0907145811082407,11.634048923501648,0.0305192391549419,0.0940098596424809,0.0940098596424809,0.742443110135817,18.709566375422582,0.0564084625753061,0.0007424431101358,0.0,0.5013930348833087,0.5,0.5314826789467729,0.0,1.0,0.68
10,10,buffer_inverse_volatility,regime_dd_vol_target_25pct_max_1p50,0.25,1.5,2026,12,0.9112543701304872,2.116377276035712,4.0170446863227,-0.1077604386717938,8.456297889672628,0.0279771203563519,0.0134228064292318,0.0134228064292318,0.8141228319956744,20.51589536629099,0.0444169924763673,0.0008141228319956,0.0,0.5,0.5,0.5,0.0,1.0,0.75
10,10,buffer_inverse_volatility,vol_target_30pct_max_1p25,0.3,1.25,overall,140,0.3810308113968073,1.1115331213703228,2.0858029125409834,-0.5803414355681142,0.656563167894094,0.0151548947793227,-0.0011540523006514,-0.0011540523006514,0.7831024709221357,19.73418226723782,0.0193081631778269,0.0007831024709221,0.0,0.5593659647699613,0.5,1.0,0.0,0.9571428571428572,0.55
10,10,buffer_inverse_volatility,vol_target_30pct_max_1p25,0.3,1.25,2021,26,0.0178714419534966,0.2326496490283064,0.3818938913674232,-0.3036853723329052,0.0588485438604058,0.0036705955174798,-0.0486530991149548,-0.0486530991149548,0.8000643108766309,20.161620634091097,0.0008864089984551,0.0008000643108766,0.0,0.654946450175556,0.5,1.0,0.0,0.7692307692307693,0.4230769230769231
10,10,buffer_inverse_volatility,vol_target_30pct_max_1p25,0.3,1.25,2022,26,-0.2730890537395282,-0.7192766649398958,-1.7488022483679284,-0.3190905370930013,-0.8558356390867661,-0.0102203635487146,-0.0708411832460354,-0.0708411832460354,0.6461604851297658,16.283244225270096,-0.0167711697964782,0.0006461604851297,0.0,0.5210068755701907,0.5,0.6033286719011751,0.0,1.0,0.3076923076923077
10,10,buffer_inverse_volatility,vol_target_30pct_max_1p25,0.3,1.25,2023,25,0.7351245861570519,2.0544148609259083,7.424446467330537,-0.1498949519100734,4.904265132277942,0.0235905085597494,0.0447998065948133,0.0447998065948133,0.805989831209742,20.3109437464855,0.0361935218438214,0.0008059898312097,0.0,0.5003954090219519,0.5,0.5065014371007253,0.0,1.0,0.56
10,10,buffer_inverse_volatility,vol_target_30pct_max_1p25,0.3,1.25,2024,26,0.5447974920584622,1.5498915508887947,2.1805711518101423,-0.1457166514470589,3.7387456179391783,0.0192998897373749,-0.0263858197611,-0.0263858197611,0.813786618768818,20.50742279297421,0.0265658682496714,0.0008137866187688,0.0,0.5798964738450934,0.5,0.6621900026728647,0.0,1.0,0.6923076923076923
10,10,buffer_inverse_volatility,vol_target_30pct_max_1p25,0.3,1.25,2025,25,1.2384214376010938,2.6267091002076666,4.996791371709898,-0.1082915174067891,11.435996717536565,0.0344814583757817,0.0940098596424809,0.0940098596424809,0.8313016531746892,20.948801660002168,0.0591165765803983,0.0008313016531746,0.0,0.5618748748937771,0.5018225833197452,0.6377792147361275,0.0,1.0,0.68
10,10,buffer_inverse_volatility,vol_target_30pct_max_1p25,0.3,1.25,2026,12,0.9155310917532776,2.0650300829217336,3.832549644375102,-0.1142537257586097,8.013139927599138,0.0281985776131052,0.0134228064292318,0.0134228064292318,0.8284801696110531,20.87770027419854,0.0438521043854971,0.000828480169611,0.0,0.5085319317116249,0.5,0.5380457113389334,0.0,1.0,0.75
10,10,buffer_inverse_volatility,regime_dd_vol_target_30pct_max_1p25,0.3,1.25,overall,140,0.358130455694025,1.0966927908444917,2.022857477627472,-0.5630152697224584,0.6360936815631438,0.0142985607977599,-0.0011540523006514,-0.0011540523006514,0.7588744029422761,19.12363495414536,0.018727112107753,0.0007588744029422,0.0,0.5415421761646968,0.5,1.0,0.0,0.9928571428571428,0.55
10,10,buffer_inverse_volatility,regime_dd_vol_target_30pct_max_1p25,0.3,1.25,2021,26,-0.0817165113714772,-0.0896185106989634,-0.1283982886827146,-0.2895560935731525,-0.282213060561382,-0.0011943307492058,-0.0486530991149548,-0.0486530991149548,0.7019657556412267,17.68953704215891,-0.0046194827584647,0.0007019657556412,0.0,0.5815183397558099,0.5,1.0,0.0,0.9615384615384616,0.4230769230769231
10,10,buffer_inverse_volatility,regime_dd_vol_target_30pct_max_1p25,0.3,1.25,2022,26,-0.2633138594283232,-0.7394461855406482,-1.7988888428680383,-0.3043222693153335,-0.8652467662676432,-0.0099401705052019,-0.0708411832460354,-0.0708411832460354,0.6162233824262775,15.528829237142192,-0.0169564527632594,0.0006162233824262,0.0,0.5,0.5,0.5,0.0,1.0,0.3076923076923077
10,10,buffer_inverse_volatility,regime_dd_vol_target_30pct_max_1p25,0.3,1.25,2023,25,0.7328052368389013,2.051762944158518,7.4062890404221235,-0.1498949519100734,4.888791967314107,0.0235328149745386,0.0447998065948133,0.0447998065948133,0.8053400503480495,20.294569268770847,0.0361084400035302,0.000805340050348,0.0,0.5,0.5,0.5,0.0,1.0,0.56
10,10,buffer_inverse_volatility,regime_dd_vol_target_30pct_max_1p25,0.3,1.25,2024,26,0.546117724928477,1.554440918515912,2.183032599018043,-0.1456794990830905,3.7487616882660366,0.0193290684302204,-0.0263858197611,-0.0263858197611,0.8119882384139401,20.46210360803129,0.026689226845383,0.0008119882384139,0.0,0.5787374144816368,0.5,0.65,0.0,1.0,0.6923076923076923
10,10,buffer_inverse_volatility,regime_dd_vol_target_30pct_max_1p25,0.3,1.25,2025,25,1.2384214376010938,2.6267091002076666,4.996791371709898,-0.1082915174067891,11.435996717536565,0.0344814583757817,0.0940098596424809,0.0940098596424809,0.8313016531746892,20.948801660002168,0.0591165765803983,0.0008313016531746,0.0,0.5618748748937771,0.5018225833197452,0.6377792147361275,0.0,1.0,0.68
10,10,buffer_inverse_volatility,regime_dd_vol_target_30pct_max_1p25,0.3,1.25,2026,12,0.9155310917532776,2.0650300829217336,3.832549644375102,-0.1142537257586097,8.013139927599138,0.0281985776131052,0.0134228064292318,0.0134228064292318,0.8284801696110531,20.87770027419854,0.0438521043854971,0.000828480169611,0.0,0.5085319317116249,0.5,0.5380457113389334,0.0,1.0,0.75
10,10,buffer_inverse_volatility,vol_target_30pct_max_1p50,0.3,1.5,overall,140,0.3810308113968073,1.1115331213703228,2.0858029125409834,-0.5803414355681142,0.656563167894094,0.0151548947793227,-0.0011540523006514,-0.0011540523006514,0.7831024709221357,19.73418226723782,0.0193081631778269,0.0007831024709221,0.0,0.5593659647699613,0.5,1.0,0.0,0.9571428571428572,0.55
10,10,buffer_inverse_volatility,vol_target_30pct_max_1p50,0.3,1.5,2021,26,0.0178714419534966,0.2326496490283064,0.3818938913674232,-0.3036853723329052,0.0588485438604058,0.0036705955174798,-0.0486530991149548,-0.0486530991149548,0.8000643108766309,20.161620634091097,0.0008864089984551,0.0008000643108766,0.0,0.654946450175556,0.5,1.0,0.0,0.7692307692307693,0.4230769230769231
10,10,buffer_inverse_volatility,vol_target_30pct_max_1p50,0.3,1.5,2022,26,-0.2730890537395282,-0.7192766649398958,-1.7488022483679284,-0.3190905370930013,-0.8558356390867661,-0.0102203635487146,-0.0708411832460354,-0.0708411832460354,0.6461604851297658,16.283244225270096,-0.0167711697964782,0.0006461604851297,0.0,0.5210068755701907,0.5,0.6033286719011751,0.0,1.0,0.3076923076923077
10,10,buffer_inverse_volatility,vol_target_30pct_max_1p50,0.3,1.5,2023,25,0.7351245861570519,2.0544148609259083,7.424446467330537,-0.1498949519100734,4.904265132277942,0.0235905085597494,0.0447998065948133,0.0447998065948133,0.805989831209742,20.3109437464855,0.0361935218438214,0.0008059898312097,0.0,0.5003954090219519,0.5,0.5065014371007253,0.0,1.0,0.56
10,10,buffer_inverse_volatility,vol_target_30pct_max_1p50,0.3,1.5,2024,26,0.5447974920584622,1.5498915508887947,2.1805711518101423,-0.1457166514470589,3.7387456179391783,0.0192998897373749,-0.0263858197611,-0.0263858197611,0.813786618768818,20.50742279297421,0.0265658682496714,0.0008137866187688,0.0,0.5798964738450934,0.5,0.6621900026728647,0.0,1.0,0.6923076923076923
10,10,buffer_inverse_volatility,vol_target_30pct_max_1p50,0.3,1.5,2025,25,1.2384214376010938,2.6267091002076666,4.996791371709898,-0.1082915174067891,11.435996717536565,0.0344814583757817,0.0940098596424809,0.0940098596424809,0.8313016531746892,20.948801660002168,0.0591165765803983,0.0008313016531746,0.0,0.5618748748937771,0.5018225833197452,0.6377792147361275,0.0,1.0,0.68
10,10,buffer_inverse_volatility,vol_target_30pct_max_1p50,0.3,1.5,2026,12,0.9155310917532776,2.0650300829217336,3.832549644375102,-0.1142537257586097,8.013139927599138,0.0281985776131052,0.0134228064292318,0.0134228064292318,0.8284801696110531,20.87770027419854,0.0438521043854971,0.000828480169611,0.0,0.5085319317116249,0.5,0.5380457113389334,0.0,1.0,0.75
10,10,buffer_inverse_volatility,regime_dd_vol_target_30pct_max_1p50,0.3,1.5,overall,140,0.358130455694025,1.0966927908444917,2.022857477627472,-0.5630152697224584,0.6360936815631438,0.0142985607977599,-0.0011540523006514,-0.0011540523006514,0.7588744029422761,19.12363495414536,0.018727112107753,0.0007588744029422,0.0,0.5415421761646968,0.5,1.0,0.0,0.9928571428571428,0.55
10,10,buffer_inverse_volatility,regime_dd_vol_target_30pct_max_1p50,0.3,1.5,2021,26,-0.0817165113714772,-0.0896185106989634,-0.1283982886827146,-0.2895560935731525,-0.282213060561382,-0.0011943307492058,-0.0486530991149548,-0.0486530991149548,0.7019657556412267,17.68953704215891,-0.0046194827584647,0.0007019657556412,0.0,0.5815183397558099,0.5,1.0,0.0,0.9615384615384616,0.4230769230769231
10,10,buffer_inverse_volatility,regime_dd_vol_target_30pct_max_1p50,0.3,1.5,2022,26,-0.2633138594283232,-0.7394461855406482,-1.7988888428680383,-0.3043222693153335,-0.8652467662676432,-0.0099401705052019,-0.0708411832460354,-0.0708411832460354,0.6162233824262775,15.528829237142192,-0.0169564527632594,0.0006162233824262,0.0,0.5,0.5,0.5,0.0,1.0,0.3076923076923077
10,10,buffer_inverse_volatility,regime_dd_vol_target_30pct_max_1p50,0.3,1.5,2023,25,0.7328052368389013,2.051762944158518,7.4062890404221235,-0.1498949519100734,4.888791967314107,0.0235328149745386,0.0447998065948133,0.0447998065948133,0.8053400503480495,20.294569268770847,0.0361084400035302,0.000805340050348,0.0,0.5,0.5,0.5,0.0,1.0,0.56
10,10,buffer_inverse_volatility,regime_dd_vol_target_30pct_max_1p50,0.3,1.5,2024,26,0.546117724928477,1.554440918515912,2.183032599018043,-0.1456794990830905,3.7487616882660366,0.0193290684302204,-0.0263858197611,-0.0263858197611,0.8119882384139401,20.46210360803129,0.026689226845383,0.0008119882384139,0.0,0.5787374144816368,0.5,0.65,0.0,1.0,0.6923076923076923
10,10,buffer_inverse_volatility,regime_dd_vol_target_30pct_max_1p50,0.3,1.5,2025,25,1.2384214376010938,2.6267091002076666,4.996791371709898,-0.1082915174067891,11.435996717536565,0.0344814583757817,0.0940098596424809,0.0940098596424809,0.8313016531746892,20.948801660002168,0.0591165765803983,0.0008313016531746,0.0,0.5618748748937771,0.5018225833197452,0.6377792147361275,0.0,1.0,0.68
10,10,buffer_inverse_volatility,regime_dd_vol_target_30pct_max_1p50,0.3,1.5,2026,12,0.9155310917532776,2.0650300829217336,3.832549644375102,-0.1142537257586097,8.013139927599138,0.0281985776131052,0.0134228064292318,0.0134228064292318,0.8284801696110531,20.87770027419854,0.0438521043854971,0.000828480169611,0.0,0.5085319317116249,0.5,0.5380457113389334,0.0,1.0,0.75
10,20,equal_weight,static_1x,,1.0,overall,71,0.4814476706391062,0.9613142503542382,2.07239680332779,-0.7899265292380158,0.6094841137991953,0.0438844551654131,0.0067186820940705,0.0073622946656994,1.5464788732394366,19.4856338028169,0.0247078270848704,0.0015464788732394,0.0,1.0,1.0,1.0,0.0,0.0,0.6338028169014085
10,20,equal_weight,static_1x,,1.0,2021,13,-0.2746621301395844,-0.49006821146041,-0.6861652008360952,-0.443158430738651,-0.6197831544844604,-0.0174430945568374,-0.024273814725056,0.0180995557040525,1.369230769230769,17.25230769230769,-0.0159203125192375,0.0013692307692307,0.0,1.0,1.0,1.0,0.0,0.0,0.4615384615384615
10,20,equal_weight,static_1x,,1.0,2022,13,-0.455328545048505,-0.6305033983151439,-1.615915837859664,-0.5451002749798803,-0.8353115306450932,-0.0324917909308807,-0.0964442251408016,-0.1369116479571925,1.3692307692307693,17.252307692307692,-0.0263923269378926,0.0013692307692307,0.0,1.0,1.0,1.0,0.0,0.0,0.3846153846153846
10,20,equal_weight,static_1x,,1.0,2023,13,0.890238227479609,1.2397048917804194,3.363894122381851,-0.40333496084333,2.20719331053826,0.0670065410282782,0.0430609806645903,0.0540344949495946,1.6153846153846154,20.353846153846153,0.0437380837386051,0.0016153846153846,0.0,1.0,1.0,1.0,0.0,0.0,0.6153846153846154
10,20,equal_weight,static_1x,,1.0,2024,13,1.13800915040079,1.9549752357435013,3.5937242262077453,-0.1339320400321032,8.496914928855048,0.0689062264034456,-0.0060039031990068,-0.0901948917921792,1.6153846153846156,20.353846153846156,0.0559112583341279,0.0016153846153846,0.0,1.0,1.0,1.0,0.0,0.0,0.7692307692307693
10,20,equal_weight,static_1x,,1.0,2025,13,2.132221803176377,2.50636639398117,,-0.2100502188424211,10.151009672481996,0.1042570278145851,0.1194459475273246,0.1628606553236897,1.7076923076923078,21.51692307692308,0.0990951073977295,0.0017076923076923,0.0,1.0,1.0,1.0,0.0,0.0,0.9230769230769232
10,20,equal_weight,static_1x,,1.0,2026,6,2.2001621243975498,2.251683055797375,19.028285703582146,-0.1001969707989004,21.95836966781529,0.1071237483137756,0.0019702703378922,0.0700294600501859,1.6666666666666667,21.0,0.1047696249713119,0.0016666666666666,0.0,1.0,1.0,1.0,0.0,0.0,0.6666666666666666
10,20,equal_weight,legacy_risk_scaled,,1.0,overall,71,0.2615571868268185,0.9042550712218904,1.7175418379273917,-0.5304331806035698,0.4931011037605105,0.0222869715715737,0.0067186820940705,0.0073622946656994,0.8376056338028172,10.553830985915496,0.0247831509880987,0.0008376056338028,0.0,0.5366197183098594,0.45,1.0,0.0,0.8732394366197183,0.6338028169014085
10,20,equal_weight,legacy_risk_scaled,,1.0,2021,13,-0.2023114784179306,-0.863087891614355,-1.1979349025702448,-0.297328409870415,-0.6804310375389432,-0.0157875338516709,-0.024273814725056,0.0180995557040525,0.7346153846153847,9.256153846153849,-0.0218569701606673,0.0007346153846153,0.0,0.5346153846153847,0.45,1.0,0.0,0.8461538461538461,0.4615384615384615
10,20,equal_weight,legacy_risk_scaled,,1.0,2022,13,-0.2009189447266056,-0.6305033983151438,-1.615915837859664,-0.2787284378089385,-0.7208412112736435,-0.0146213059188963,-0.0964442251408016,-0.1369116479571925,0.6161538461538463,7.763538461538463,-0.0258798157208833,0.0006161538461538,0.0,0.45,0.45,0.45,0.0,1.0,0.3846153846153846
10,20,equal_weight,legacy_risk_scaled,,1.0,2023,13,0.4521027676692195,1.265144536812835,3.9415828991275954,-0.1984661176592005,2.277984640408775,0.0339784324285253,0.0430609806645903,0.0540344949495946,0.786923076923077,9.915230769230767,0.0455967973102752,0.000786923076923,0.0,0.4961538461538461,0.45,0.75,0.0,1.0,0.6153846153846154
10,20,equal_weight,legacy_risk_scaled,,1.0,2024,13,0.6854746204383948,1.9629478230765056,3.8923220163439862,-0.0602694180144463,11.37350654811516,0.045252814652567,-0.0060039031990068,-0.0901948917921792,1.026923076923077,12.93923076923077,0.0529764583895079,0.001026923076923,0.0,0.6423076923076925,0.45,1.0,0.0,0.6923076923076923,0.7692307692307693
10,20,equal_weight,legacy_risk_scaled,,1.0,2025,13,0.7559211764685434,1.7552011836032737,,-0.2100502188424211,3.5987640509702707,0.050649966622901,0.1194459475273246,0.1628606553236897,1.063846153846154,13.404461538461542,0.0563932519258287,0.0010638461538461,0.0,0.6000000000000001,0.45,1.0,0.0,0.7692307692307693,0.9230769230769232
10,20,equal_weight,legacy_risk_scaled,,1.0,2026,6,0.7612722449246256,2.251683055797374,19.02828570358214,-0.045690949872342,16.66133549535692,0.048205686741199,0.0019702703378922,0.0700294600501859,0.75,9.45,0.0805579095158334,0.00075,0.0,0.45,0.45,0.45,0.0,1.0,0.6666666666666666
10,20,equal_weight,vol_target_20pct_max_1p25,0.2,1.25,overall,71,0.2604974447891899,0.906781918372439,1.9476501853523336,-0.5784239516332591,0.4503572925250411,0.0221036625040247,0.0067186820940705,0.0073622946656994,0.8431940582189418,10.624245133558668,0.0245191485620338,0.0008431940582189,0.0,0.5470630654127564,0.5,1.0,0.0,0.9154929577464788,0.6338028169014085
10,20,equal_weight,vol_target_20pct_max_1p25,0.2,1.25,2021,13,-0.1422931116057342,-0.2875457012125132,-0.5243711509903464,-0.3380255017918642,-0.4209537767163785,-0.0078643724893638,-0.024273814725056,0.0180995557040525,1.0660110197704675,13.431738849107893,-0.010593796767809,0.0010660110197704,0.0,0.7566902244202472,0.5,1.0,0.0,0.5384615384615384,0.4615384615384615
10,20,equal_weight,vol_target_20pct_max_1p25,0.2,1.25,2022,13,-0.2244005671763069,-0.6305033983151439,-1.615915837859664,-0.3062554554661741,-0.7327234933161605,-0.0162458954654403,-0.0964442251408016,-0.1369116479571925,0.6846153846153846,8.626153846153846,-0.0260139769332262,0.0006846153846153,0.0,0.5,0.5,0.5,0.0,1.0,0.3846153846153846
10,20,equal_weight,vol_target_20pct_max_1p25,0.2,1.25,2023,13,0.4428754811392221,1.2397048917804194,3.363894122381851,-0.218749585491055,2.0245774644328725,0.0335032705141391,0.0430609806645903,0.0540344949495946,0.8076923076923077,10.176923076923076,0.0435176209736197,0.0008076923076923,0.0,0.5,0.5,0.5,0.0,1.0,0.6153846153846154
10,20,equal_weight,vol_target_20pct_max_1p25,0.2,1.25,2024,13,0.5002385079635574,1.9549752357435013,3.5937242262077453,-0.0669660200160514,7.470034919854166,0.0344531132017228,-0.0060039031990068,-0.0901948917921792,0.8076923076923078,10.176923076923078,0.0491541995731386,0.0008076923076923,0.0,0.5,0.5,0.5,0.0,1.0,0.7692307692307693
10,20,equal_weight,vol_target_20pct_max_1p25,0.2,1.25,2025,13,0.8433934784412203,2.507518527084145,,-0.1050251094212105,8.030398474128043,0.0521530221500521,0.1194459475273246,0.1628606553236897,0.8545103751175981,10.766830726481736,0.0783325659951946,0.0008545103751175,0.0,0.5003465174494222,0.5,0.5026318410614783,0.0,1.0,0.9230769230769232
10,20,equal_weight,vol_target_20pct_max_1p25,0.2,1.25,2026,6,0.8668762454623018,2.251683055797375,19.028285703582146,-0.0507068823821137,17.095830087319317,0.0535618741568878,0.0019702703378922,0.0700294600501859,0.8333333333333334,10.5,0.0825596424249811,0.0008333333333333,0.0,0.5,0.5,0.5,0.0,1.0,0.6666666666666666
10,20,equal_weight,regime_dd_vol_target_20pct_max_1p25,0.2,1.25,overall,71,0.2452310804916624,0.8836546337728592,1.835436309052048,-0.5718131664484368,0.4288657465073884,0.0209380635661814,0.0067186820940705,0.0073622946656994,0.8115039173738713,10.224949358910775,0.023983598537625,0.0008115039173738,0.0,0.5252320794972634,0.5,1.0,0.0,0.971830985915493,0.6338028169014085
10,20,equal_weight,regime_dd_vol_target_20pct_max_1p25,0.2,1.25,2021,13,-0.1975160779634063,-0.6232129951649529,-0.9271560280407758,-0.3276449993358101,-0.602835625032592,-0.0142303359191229,-0.024273814725056,0.0180995557040525,0.8929340966935447,11.250969618338663,-0.0175554716316594,0.0008929340966935,0.0,0.6374594551894782,0.5,1.0,0.0,0.8461538461538461,0.4615384615384615
10,20,equal_weight,regime_dd_vol_target_20pct_max_1p25,0.2,1.25,2022,13,-0.2244005671763069,-0.6305033983151439,-1.615915837859664,-0.3062554554661741,-0.7327234933161605,-0.0162458954654403,-0.0964442251408016,-0.1369116479571925,0.6846153846153846,8.626153846153846,-0.0260139769332262,0.0006846153846153,0.0,0.5,0.5,0.5,0.0,1.0,0.3846153846153846
10,20,equal_weight,regime_dd_vol_target_20pct_max_1p25,0.2,1.25,2023,13,0.4428754811392221,1.2397048917804194,3.363894122381851,-0.218749585491055,2.0245774644328725,0.0335032705141391,0.0430609806645903,0.0540344949495946,0.8076923076923077,10.176923076923076,0.0435176209736197,0.0008076923076923,0.0,0.5,0.5,0.5,0.0,1.0,0.6153846153846154
10,20,equal_weight,regime_dd_vol_target_20pct_max_1p25,0.2,1.25,2024,13,0.5002385079635574,1.9549752357435013,3.5937242262077453,-0.0669660200160514,7.470034919854166,0.0344531132017228,-0.0060039031990068,-0.0901948917921792,0.8076923076923078,10.176923076923078,0.0491541995731386,0.0008076923076923,0.0,0.5,0.5,0.5,0.0,1.0,0.7692307692307693
10,20,equal_weight,regime_dd_vol_target_20pct_max_1p25,0.2,1.25,2025,13,0.8433934784412203,2.507518527084145,,-0.1050251094212105,8.030398474128043,0.0521530221500521,0.1194459475273246,0.1628606553236897,0.8545103751175981,10.766830726481736,0.0783325659951946,0.0008545103751175,0.0,0.5003465174494222,0.5,0.5026318410614783,0.0,1.0,0.9230769230769232
10,20,equal_weight,regime_dd_vol_target_20pct_max_1p25,0.2,1.25,2026,6,0.8668762454623018,2.251683055797375,19.028285703582146,-0.0507068823821137,17.095830087319317,0.0535618741568878,0.0019702703378922,0.0700294600501859,0.8333333333333334,10.5,0.0825596424249811,0.0008333333333333,0.0,0.5,0.5,0.5,0.0,1.0,0.6666666666666666
10,20,equal_weight,vol_target_20pct_max_1p50,0.2,1.5,overall,71,0.2604974447891899,0.906781918372439,1.9476501853523336,-0.5784239516332591,0.4503572925250411,0.0221036625040247,0.0067186820940705,0.0073622946656994,0.8431940582189418,10.624245133558668,0.0245191485620338,0.0008431940582189,0.0,0.5470630654127564,0.5,1.0,0.0,0.9154929577464788,0.6338028169014085
10,20,equal_weight,vol_target_20pct_max_1p50,0.2,1.5,2021,13,-0.1422931116057342,-0.2875457012125132,-0.5243711509903464,-0.3380255017918642,-0.4209537767163785,-0.0078643724893638,-0.024273814725056,0.0180995557040525,1.0660110197704675,13.431738849107893,-0.010593796767809,0.0010660110197704,0.0,0.7566902244202472,0.5,1.0,0.0,0.5384615384615384,0.4615384615384615
10,20,equal_weight,vol_target_20pct_max_1p50,0.2,1.5,2022,13,-0.2244005671763069,-0.6305033983151439,-1.615915837859664,-0.3062554554661741,-0.7327234933161605,-0.0162458954654403,-0.0964442251408016,-0.1369116479571925,0.6846153846153846,8.626153846153846,-0.0260139769332262,0.0006846153846153,0.0,0.5,0.5,0.5,0.0,1.0,0.3846153846153846
10,20,equal_weight,vol_target_20pct_max_1p50,0.2,1.5,2023,13,0.4428754811392221,1.2397048917804194,3.363894122381851,-0.218749585491055,2.0245774644328725,0.0335032705141391,0.0430609806645903,0.0540344949495946,0.8076923076923077,10.176923076923076,0.0435176209736197,0.0008076923076923,0.0,0.5,0.5,0.5,0.0,1.0,0.6153846153846154
10,20,equal_weight,vol_target_20pct_max_1p50,0.2,1.5,2024,13,0.5002385079635574,1.9549752357435013,3.5937242262077453,-0.0669660200160514,7.470034919854166,0.0344531132017228,-0.0060039031990068,-0.0901948917921792,0.8076923076923078,10.176923076923078,0.0491541995731386,0.0008076923076923,0.0,0.5,0.5,0.5,0.0,1.0,0.7692307692307693
10,20,equal_weight,vol_target_20pct_max_1p50,0.2,1.5,2025,13,0.8433934784412203,2.507518527084145,,-0.1050251094212105,8.030398474128043,0.0521530221500521,0.1194459475273246,0.1628606553236897,0.8545103751175981,10.766830726481736,0.0783325659951946,0.0008545103751175,0.0,0.5003465174494222,0.5,0.5026318410614783,0.0,1.0,0.9230769230769232
10,20,equal_weight,vol_target_20pct_max_1p50,0.2,1.5,2026,6,0.8668762454623018,2.251683055797375,19.028285703582146,-0.0507068823821137,17.095830087319317,0.0535618741568878,0.0019702703378922,0.0700294600501859,0.8333333333333334,10.5,0.0825596424249811,0.0008333333333333,0.0,0.5,0.5,0.5,0.0,1.0,0.6666666666666666
10,20,equal_weight,regime_dd_vol_target_20pct_max_1p50,0.2,1.5,overall,71,0.2452310804916624,0.8836546337728592,1.835436309052048,-0.5718131664484368,0.4288657465073884,0.0209380635661814,0.0067186820940705,0.0073622946656994,0.8115039173738713,10.224949358910775,0.023983598537625,0.0008115039173738,0.0,0.5252320794972634,0.5,1.0,0.0,0.971830985915493,0.6338028169014085
10,20,equal_weight,regime_dd_vol_target_20pct_max_1p50,0.2,1.5,2021,13,-0.1975160779634063,-0.6232129951649529,-0.9271560280407758,-0.3276449993358101,-0.602835625032592,-0.0142303359191229,-0.024273814725056,0.0180995557040525,0.8929340966935447,11.250969618338663,-0.0175554716316594,0.0008929340966935,0.0,0.6374594551894782,0.5,1.0,0.0,0.8461538461538461,0.4615384615384615
10,20,equal_weight,regime_dd_vol_target_20pct_max_1p50,0.2,1.5,2022,13,-0.2244005671763069,-0.6305033983151439,-1.615915837859664,-0.3062554554661741,-0.7327234933161605,-0.0162458954654403,-0.0964442251408016,-0.1369116479571925,0.6846153846153846,8.626153846153846,-0.0260139769332262,0.0006846153846153,0.0,0.5,0.5,0.5,0.0,1.0,0.3846153846153846
10,20,equal_weight,regime_dd_vol_target_20pct_max_1p50,0.2,1.5,2023,13,0.4428754811392221,1.2397048917804194,3.363894122381851,-0.218749585491055,2.0245774644328725,0.0335032705141391,0.0430609806645903,0.0540344949495946,0.8076923076923077,10.176923076923076,0.0435176209736197,0.0008076923076923,0.0,0.5,0.5,0.5,0.0,1.0,0.6153846153846154
10,20,equal_weight,regime_dd_vol_target_20pct_max_1p50,0.2,1.5,2024,13,0.5002385079635574,1.9549752357435013,3.5937242262077453,-0.0669660200160514,7.470034919854166,0.0344531132017228,-0.0060039031990068,-0.0901948917921792,0.8076923076923078,10.176923076923078,0.0491541995731386,0.0008076923076923,0.0,0.5,0.5,0.5,0.0,1.0,0.7692307692307693
10,20,equal_weight,regime_dd_vol_target_20pct_max_1p50,0.2,1.5,2025,13,0.8433934784412203,2.507518527084145,,-0.1050251094212105,8.030398474128043,0.0521530221500521,0.1194459475273246,0.1628606553236897,0.8545103751175981,10.766830726481736,0.0783325659951946,0.0008545103751175,0.0,0.5003465174494222,0.5,0.5026318410614783,0.0,1.0,0.9230769230769232
10,20,equal_weight,regime_dd_vol_target_20pct_max_1p50,0.2,1.5,2026,6,0.8668762454623018,2.251683055797375,19.028285703582146,-0.0507068823821137,17.095830087319317,0.0535618741568878,0.0019702703378922,0.0700294600501859,0.8333333333333334,10.5,0.0825596424249811,0.0008333333333333,0.0,0.5,0.5,0.5,0.0,1.0,0.6666666666666666
10,20,equal_weight,vol_target_25pct_max_1p25,0.25,1.25,overall,71,0.2653341061672232,0.8779363803673106,1.772599464690268,-0.6185004906720328,0.4289957892821134,0.0229651020985114,0.0067186820940705,0.0073622946656994,0.8942970276283125,11.268142548116735,0.0235472798674852,0.0008942970276283,0.0,0.5808054483226881,0.5,1.0,0.0,0.9154929577464788,0.6338028169014085
10,20,equal_weight,vol_target_25pct_max_1p25,0.25,1.25,2021,13,-0.1751119620091485,-0.3386509851636945,-0.5554300447185075,-0.3641429870619699,-0.4808879155466146,-0.0100526718788553,-0.024273814725056,0.0180995557040525,1.1585611799523892,14.597870867400102,-0.0119957193483748,0.0011585611799523,0.0,0.8228559564793778,0.570629382874505,1.0,0.0,0.5384615384615384,0.4615384615384615
10,20,equal_weight,vol_target_25pct_max_1p25,0.25,1.25,2022,13,-0.2541749842984492,-0.6435461919239981,-1.6426929714838006,-0.3400918594340993,-0.7473715622637579,-0.018426433517831,-0.0964442251408016,-0.1369116479571925,0.7550621909854406,9.51378360641655,-0.0267164983789437,0.0007550621909854,0.0,0.5504222578678958,0.5105954571793262,0.5724622273012453,0.0,1.0,0.3846153846153846
10,20,equal_weight,vol_target_25pct_max_1p25,0.25,1.25,2023,13,0.4428754811392221,1.2397048917804194,3.363894122381851,-0.218749585491055,2.0245774644328725,0.0335032705141391,0.0430609806645903,0.0540344949495946,0.8076923076923077,10.176923076923076,0.0435176209736197,0.0008076923076923,0.0,0.5,0.5,0.5,0.0,1.0,0.6153846153846154
10,20,equal_weight,vol_target_25pct_max_1p25,0.25,1.25,2024,13,0.5002385079635574,1.9549752357435013,3.5937242262077453,-0.0669660200160514,7.470034919854166,0.0344531132017228,-0.0060039031990068,-0.0901948917921792,0.8076923076923078,10.176923076923078,0.0491541995731386,0.0008076923076923,0.0,0.5,0.5,0.5,0.0,1.0,0.7692307692307693
10,20,equal_weight,vol_target_25pct_max_1p25,0.25,1.25,2025,13,1.0203725346770145,2.540507153572794,,-0.1061036501767941,9.616752420645556,0.0604889954466414,0.1194459475273246,0.1628606553236897,0.9502755513116026,11.973471946526193,0.0852194367042426,0.0009502755513116,0.0,0.5570256081076398,0.5,0.6282898013268478,0.0,1.0,0.9230769230769232
10,20,equal_weight,vol_target_25pct_max_1p25,0.25,1.25,2026,6,0.8970602945082287,2.214780748769669,16.527485754716352,-0.0551544778211952,16.264505257694584,0.0551601150064485,0.0019702703378922,0.0700294600501859,0.8774004953945916,11.055246241971854,0.0811434024058631,0.0008774004953945,0.0,0.5238728564994986,0.5,0.5552476595599335,0.0,1.0,0.6666666666666666
10,20,equal_weight,regime_dd_vol_target_25pct_max_1p25,0.25,1.25,overall,71,0.2646754021058797,0.9120405579358404,1.9011571565359884,-0.5781509431450389,0.457796368308408,0.0224423497095083,0.0067186820940705,0.0073622946656994,0.841093035163934,10.597772243065569,0.0249746263682034,0.0008410930351639,0.0,0.5432054508274236,0.5,1.0,0.0,0.971830985915493,0.6338028169014085
10,20,equal_weight,regime_dd_vol_target_25pct_max_1p25,0.25,1.25,2021,13,-0.2090311470418513,-0.6363650528339615,-0.913868513123556,-0.3375968136401147,-0.6191739335095825,-0.0150882422096475,-0.024273814725056,0.0180995557040525,0.9384323351708403,11.82424742315259,-0.0176781776937918,0.0009384323351708,0.0,0.6679243818731363,0.5,1.0,0.0,0.8461538461538461,0.4615384615384615
10,20,equal_weight,regime_dd_vol_target_25pct_max_1p25,0.25,1.25,2022,13,-0.2244005671763069,-0.6305033983151439,-1.615915837859664,-0.3062554554661741,-0.7327234933161605,-0.0162458954654403,-0.0964442251408016,-0.1369116479571925,0.6846153846153846,8.626153846153846,-0.0260139769332262,0.0006846153846153,0.0,0.5,0.5,0.5,0.0,1.0,0.3846153846153846
10,20,equal_weight,regime_dd_vol_target_25pct_max_1p25,0.25,1.25,2023,13,0.4428754811392221,1.2397048917804194,3.363894122381851,-0.218749585491055,2.0245774644328725,0.0335032705141391,0.0430609806645903,0.0540344949495946,0.8076923076923077,10.176923076923076,0.0435176209736197,0.0008076923076923,0.0,0.5,0.5,0.5,0.0,1.0,0.6153846153846154
10,20,equal_weight,regime_dd_vol_target_25pct_max_1p25,0.25,1.25,2024,13,0.5002385079635574,1.9549752357435013,3.5937242262077453,-0.0669660200160514,7.470034919854166,0.0344531132017228,-0.0060039031990068,-0.0901948917921792,0.8076923076923078,10.176923076923078,0.0491541995731386,0.0008076923076923,0.0,0.5,0.5,0.5,0.0,1.0,0.7692307692307693
10,20,equal_weight,regime_dd_vol_target_25pct_max_1p25,0.25,1.25,2025,13,1.0203725346770145,2.540507153572794,,-0.1061036501767941,9.616752420645556,0.0604889954466414,0.1194459475273246,0.1628606553236897,0.9502755513116026,11.973471946526193,0.0852194367042426,0.0009502755513116,0.0,0.5570256081076398,0.5,0.6282898013268478,0.0,1.0,0.9230769230769232
10,20,equal_weight,regime_dd_vol_target_25pct_max_1p25,0.25,1.25,2026,6,0.8970602945082287,2.214780748769669,16.527485754716352,-0.0551544778211952,16.264505257694584,0.0551601150064485,0.0019702703378922,0.0700294600501859,0.8774004953945916,11.055246241971854,0.0811434024058631,0.0008774004953945,0.0,0.5238728564994986,0.5,0.5552476595599335,0.0,1.0,0.6666666666666666
10,20,equal_weight,vol_target_25pct_max_1p50,0.25,1.5,overall,71,0.2653341061672232,0.8779363803673106,1.772599464690268,-0.6185004906720328,0.4289957892821134,0.0229651020985114,0.0067186820940705,0.0073622946656994,0.8942970276283125,11.268142548116735,0.0235472798674852,0.0008942970276283,0.0,0.5808054483226881,0.5,1.0,0.0,0.9154929577464788,0.6338028169014085
10,20,equal_weight,vol_target_25pct_max_1p50,0.25,1.5,2021,13,-0.1751119620091485,-0.3386509851636945,-0.5554300447185075,-0.3641429870619699,-0.4808879155466146,-0.0100526718788553,-0.024273814725056,0.0180995557040525,1.1585611799523892,14.597870867400102,-0.0119957193483748,0.0011585611799523,0.0,0.8228559564793778,0.570629382874505,1.0,0.0,0.5384615384615384,0.4615384615384615
10,20,equal_weight,vol_target_25pct_max_1p50,0.25,1.5,2022,13,-0.2541749842984492,-0.6435461919239981,-1.6426929714838006,-0.3400918594340993,-0.7473715622637579,-0.018426433517831,-0.0964442251408016,-0.1369116479571925,0.7550621909854406,9.51378360641655,-0.0267164983789437,0.0007550621909854,0.0,0.5504222578678958,0.5105954571793262,0.5724622273012453,0.0,1.0,0.3846153846153846
10,20,equal_weight,vol_target_25pct_max_1p50,0.25,1.5,2023,13,0.4428754811392221,1.2397048917804194,3.363894122381851,-0.218749585491055,2.0245774644328725,0.0335032705141391,0.0430609806645903,0.0540344949495946,0.8076923076923077,10.176923076923076,0.0435176209736197,0.0008076923076923,0.0,0.5,0.5,0.5,0.0,1.0,0.6153846153846154
10,20,equal_weight,vol_target_25pct_max_1p50,0.25,1.5,2024,13,0.5002385079635574,1.9549752357435013,3.5937242262077453,-0.0669660200160514,7.470034919854166,0.0344531132017228,-0.0060039031990068,-0.0901948917921792,0.8076923076923078,10.176923076923078,0.0491541995731386,0.0008076923076923,0.0,0.5,0.5,0.5,0.0,1.0,0.7692307692307693
10,20,equal_weight,vol_target_25pct_max_1p50,0.25,1.5,2025,13,1.0203725346770145,2.540507153572794,,-0.1061036501767941,9.616752420645556,0.0604889954466414,0.1194459475273246,0.1628606553236897,0.9502755513116026,11.973471946526193,0.0852194367042426,0.0009502755513116,0.0,0.5570256081076398,0.5,0.6282898013268478,0.0,1.0,0.9230769230769232
10,20,equal_weight,vol_target_25pct_max_1p50,0.25,1.5,2026,6,0.8970602945082287,2.214780748769669,16.527485754716352,-0.0551544778211952,16.264505257694584,0.0551601150064485,0.0019702703378922,0.0700294600501859,0.8774004953945916,11.055246241971854,0.0811434024058631,0.0008774004953945,0.0,0.5238728564994986,0.5,0.5552476595599335,0.0,1.0,0.6666666666666666
10,20,equal_weight,regime_dd_vol_target_25pct_max_1p50,0.25,1.5,overall,71,0.2646754021058797,0.9120405579358404,1.9011571565359884,-0.5781509431450389,0.457796368308408,0.0224423497095083,0.0067186820940705,0.0073622946656994,0.841093035163934,10.597772243065569,0.0249746263682034,0.0008410930351639,0.0,0.5432054508274236,0.5,1.0,0.0,0.971830985915493,0.6338028169014085
10,20,equal_weight,regime_dd_vol_target_25pct_max_1p50,0.25,1.5,2021,13,-0.2090311470418513,-0.6363650528339615,-0.913868513123556,-0.3375968136401147,-0.6191739335095825,-0.0150882422096475,-0.024273814725056,0.0180995557040525,0.9384323351708403,11.82424742315259,-0.0176781776937918,0.0009384323351708,0.0,0.6679243818731363,0.5,1.0,0.0,0.8461538461538461,0.4615384615384615
10,20,equal_weight,regime_dd_vol_target_25pct_max_1p50,0.25,1.5,2022,13,-0.2244005671763069,-0.6305033983151439,-1.615915837859664,-0.3062554554661741,-0.7327234933161605,-0.0162458954654403,-0.0964442251408016,-0.1369116479571925,0.6846153846153846,8.626153846153846,-0.0260139769332262,0.0006846153846153,0.0,0.5,0.5,0.5,0.0,1.0,0.3846153846153846
10,20,equal_weight,regime_dd_vol_target_25pct_max_1p50,0.25,1.5,2023,13,0.4428754811392221,1.2397048917804194,3.363894122381851,-0.218749585491055,2.0245774644328725,0.0335032705141391,0.0430609806645903,0.0540344949495946,0.8076923076923077,10.176923076923076,0.0435176209736197,0.0008076923076923,0.0,0.5,0.5,0.5,0.0,1.0,0.6153846153846154
10,20,equal_weight,regime_dd_vol_target_25pct_max_1p50,0.25,1.5,2024,13,0.5002385079635574,1.9549752357435013,3.5937242262077453,-0.0669660200160514,7.470034919854166,0.0344531132017228,-0.0060039031990068,-0.0901948917921792,0.8076923076923078,10.176923076923078,0.0491541995731386,0.0008076923076923,0.0,0.5,0.5,0.5,0.0,1.0,0.7692307692307693
10,20,equal_weight,regime_dd_vol_target_25pct_max_1p50,0.25,1.5,2025,13,1.0203725346770145,2.540507153572794,,-0.1061036501767941,9.616752420645556,0.0604889954466414,0.1194459475273246,0.1628606553236897,0.9502755513116026,11.973471946526193,0.0852194367042426,0.0009502755513116,0.0,0.5570256081076398,0.5,0.6282898013268478,0.0,1.0,0.9230769230769232
10,20,equal_weight,regime_dd_vol_target_25pct_max_1p50,0.25,1.5,2026,6,0.8970602945082287,2.214780748769669,16.527485754716352,-0.0551544778211952,16.264505257694584,0.0551601150064485,0.0019702703378922,0.0700294600501859,0.8774004953945916,11.055246241971854,0.0811434024058631,0.0008774004953945,0.0,0.5238728564994986,0.5,0.5552476595599335,0.0,1.0,0.6666666666666666
10,20,equal_weight,vol_target_30pct_max_1p25,0.3,1.25,overall,71,0.2904559676275089,0.8688348051965543,1.6687485336385937,-0.675756552934013,0.4298233829422763,0.0257197373018395,0.0067186820940705,0.0073622946656994,0.9985532380026864,12.581770798833848,0.0230854600891656,0.0009985532380026,0.0,0.6493683146992545,0.5,1.0,0.0,0.9154929577464788,0.6338028169014085
10,20,equal_weight,vol_target_30pct_max_1p25,0.3,1.25,2021,13,-0.2142170456385694,-0.391364558503703,-0.5868979293388695,-0.3952199406256237,-0.5420198315385327,-0.0126958719206592,-0.024273814725056,0.0180995557040525,1.254888800558252,15.811598887033972,-0.0135480951147979,0.0012548888005582,0.0,0.8951194554675609,0.684755259449406,1.0,0.0,0.5384615384615384,0.4615384615384615
10,20,equal_weight,vol_target_30pct_max_1p25,0.3,1.25,2022,13,-0.3068637415891607,-0.6435461919239985,-1.6426929714838014,-0.3975868628269418,-0.7718155962379717,-0.0221117202213973,-0.0964442251408016,-0.1369116479571925,0.9060746291825283,11.416540327699858,-0.0268788733522553,0.0009060746291825,0.0,0.6605067094414749,0.6127145486151915,0.6869546727614944,0.0,1.0,0.3846153846153846
10,20,equal_weight,vol_target_30pct_max_1p25,0.3,1.25,2023,13,0.4511104324941208,1.2421768070946309,3.420985205477624,-0.2187495854910551,2.0622230276754836,0.0340718787792377,0.0430609806645903,0.0540344949495946,0.8099302872271851,10.205121619062531,0.0442043171392955,0.0008099302872271,0.0,0.5011189897674387,0.5,0.5145468669767029,0.0,1.0,0.6153846153846154
10,20,equal_weight,vol_target_30pct_max_1p25,0.3,1.25,2024,13,0.5661415018058167,2.0654565729286,4.057281653366935,-0.0669660200160514,8.454160806781038,0.0381530018259826,-0.0060039031990068,-0.0901948917921792,0.8592595940058708,10.826670884473971,0.0522913744997729,0.0008592595940058,0.0,0.5337672601428124,0.5,0.5973650544113902,0.0,1.0,0.7692307692307693
10,20,equal_weight,vol_target_30pct_max_1p25,0.3,1.25,2025,13,1.2957471852622833,2.5400738894903774,,-0.1273210800026609,10.177004351794713,0.0725776502095593,0.1194459475273246,0.1628606553236897,1.139822937036696,14.36176900666237,0.0902219764613392,0.0011398229370366,0.0,0.6681768674605539,0.5966997905080239,0.7539477615922173,0.0,1.0,0.9230769230769232
10,20,equal_weight,vol_target_30pct_max_1p25,0.3,1.25,2026,6,1.1267256670903731,2.2074562164568414,16.48646665568623,-0.0660149645467169,17.067731155002296,0.0660278576142016,0.0019702703378922,0.0700294600501859,1.047931445675636,13.203936215513014,0.085332559071787,0.0010479314456756,0.0,0.6236982790015245,0.5703051072127571,0.6662971914719202,0.0,1.0,0.6666666666666666
10,20,equal_weight,regime_dd_vol_target_30pct_max_1p25,0.3,1.25,overall,71,0.3054602042060466,0.9810168583544554,2.1156925603163095,-0.578211804239496,0.5282842757037949,0.0253767924292824,0.0067186820940705,0.0073622946656994,0.889308965230348,11.205292961902384,0.02726034966195,0.0008893089652303,0.0,0.5720921182842471,0.5,1.0,0.0,0.971830985915493,0.6338028169014085
10,20,equal_weight,regime_dd_vol_target_30pct_max_1p25,0.3,1.25,2021,13,-0.2091417508841527,-0.6368420612209447,-0.9149571145892756,-0.3376923800097406,-0.6193262367309564,-0.015099288083879,-0.024273814725056,0.0180995557040525,0.94,11.844,-0.0176580336781621,0.00094,0.0,0.6692307692307693,0.5,1.0,0.0,0.8461538461538461,0.4615384615384615
10,20,equal_weight,regime_dd_vol_target_30pct_max_1p25,0.3,1.25,2022,13,-0.2244005671763069,-0.6305033983151439,-1.615915837859664,-0.3062554554661741,-0.7327234933161605,-0.0162458954654403,-0.0964442251408016,-0.1369116479571925,0.6846153846153846,8.626153846153846,-0.0260139769332262,0.0006846153846153,0.0,0.5,0.5,0.5,0.0,1.0,0.3846153846153846
10,20,equal_weight,regime_dd_vol_target_30pct_max_1p25,0.3,1.25,2023,13,0.4428754811392221,1.2397048917804194,3.363894122381851,-0.218749585491055,2.0245774644328725,0.0335032705141391,0.0430609806645903,0.0540344949495946,0.8076923076923077,10.176923076923076,0.0435176209736197,0.0008076923076923,0.0,0.5,0.5,0.5,0.0,1.0,0.6153846153846154
10,20,equal_weight,regime_dd_vol_target_30pct_max_1p25,0.3,1.25,2024,13,0.5661415018058167,2.0654565729286,4.057281653366935,-0.0669660200160514,8.454160806781038,0.0381530018259826,-0.0060039031990068,-0.0901948917921792,0.8592595940058708,10.826670884473971,0.0522913744997729,0.0008592595940058,0.0,0.5337672601428124,0.5,0.5973650544113902,0.0,1.0,0.7692307692307693
10,20,equal_weight,regime_dd_vol_target_30pct_max_1p25,0.3,1.25,2025,13,1.181385663289087,2.551688476095161,,-0.1273210800026609,9.278790780477172,0.0677287985176927,0.1194459475273246,0.1628606553236897,1.0842744244744926,13.661857748378608,0.0864732809437497,0.0010842744244744,0.0,0.6348979641375205,0.5966997905080239,0.6516501549262674,0.0,1.0,0.9230769230769232
10,20,equal_weight,regime_dd_vol_target_30pct_max_1p25,0.3,1.25,2026,6,1.131693489656357,2.2178249214416605,17.44203241385926,-0.0649893262541559,17.413528572839862,0.0662056212447692,0.0019702703378922,0.0700294600501859,1.0424990485183292,13.135488011330947,0.0861554202386797,0.0010424990485183,0.0,0.6209820804228711,0.5703051072127571,0.65,0.0,1.0,0.6666666666666666
10,20,equal_weight,vol_target_30pct_max_1p50,0.3,1.5,overall,71,0.2904559676275089,0.8688348051965543,1.6687485336385937,-0.675756552934013,0.4298233829422763,0.0257197373018395,0.0067186820940705,0.0073622946656994,0.9985532380026864,12.581770798833848,0.0230854600891656,0.0009985532380026,0.0,0.6493683146992545,0.5,1.0,0.0,0.9154929577464788,0.6338028169014085
10,20,equal_weight,vol_target_30pct_max_1p50,0.3,1.5,2021,13,-0.2142170456385694,-0.391364558503703,-0.5868979293388695,-0.3952199406256237,-0.5420198315385327,-0.0126958719206592,-0.024273814725056,0.0180995557040525,1.254888800558252,15.811598887033972,-0.0135480951147979,0.0012548888005582,0.0,0.8951194554675609,0.684755259449406,1.0,0.0,0.5384615384615384,0.4615384615384615
10,20,equal_weight,vol_target_30pct_max_1p50,0.3,1.5,2022,13,-0.3068637415891607,-0.6435461919239985,-1.6426929714838014,-0.3975868628269418,-0.7718155962379717,-0.0221117202213973,-0.0964442251408016,-0.1369116479571925,0.9060746291825283,11.416540327699858,-0.0268788733522553,0.0009060746291825,0.0,0.6605067094414749,0.6127145486151915,0.6869546727614944,0.0,1.0,0.3846153846153846
10,20,equal_weight,vol_target_30pct_max_1p50,0.3,1.5,2023,13,0.4511104324941208,1.2421768070946309,3.420985205477624,-0.2187495854910551,2.0622230276754836,0.0340718787792377,0.0430609806645903,0.0540344949495946,0.8099302872271851,10.205121619062531,0.0442043171392955,0.0008099302872271,0.0,0.5011189897674387,0.5,0.5145468669767029,0.0,1.0,0.6153846153846154
10,20,equal_weight,vol_target_30pct_max_1p50,0.3,1.5,2024,13,0.5661415018058167,2.0654565729286,4.057281653366935,-0.0669660200160514,8.454160806781038,0.0381530018259826,-0.0060039031990068,-0.0901948917921792,0.8592595940058708,10.826670884473971,0.0522913744997729,0.0008592595940058,0.0,0.5337672601428124,0.5,0.5973650544113902,0.0,1.0,0.7692307692307693
10,20,equal_weight,vol_target_30pct_max_1p50,0.3,1.5,2025,13,1.2957471852622833,2.5400738894903774,,-0.1273210800026609,10.177004351794713,0.0725776502095593,0.1194459475273246,0.1628606553236897,1.139822937036696,14.36176900666237,0.0902219764613392,0.0011398229370366,0.0,0.6681768674605539,0.5966997905080239,0.7539477615922173,0.0,1.0,0.9230769230769232
10,20,equal_weight,vol_target_30pct_max_1p50,0.3,1.5,2026,6,1.1267256670903731,2.2074562164568414,16.48646665568623,-0.0660149645467169,17.067731155002296,0.0660278576142016,0.0019702703378922,0.0700294600501859,1.047931445675636,13.203936215513014,0.085332559071787,0.0010479314456756,0.0,0.6236982790015245,0.5703051072127571,0.6662971914719202,0.0,1.0,0.6666666666666666
10,20,equal_weight,regime_dd_vol_target_30pct_max_1p50,0.3,1.5,overall,71,0.3054602042060466,0.9810168583544554,2.1156925603163095,-0.578211804239496,0.5282842757037949,0.0253767924292824,0.0067186820940705,0.0073622946656994,0.889308965230348,11.205292961902384,0.02726034966195,0.0008893089652303,0.0,0.5720921182842471,0.5,1.0,0.0,0.971830985915493,0.6338028169014085
10,20,equal_weight,regime_dd_vol_target_30pct_max_1p50,0.3,1.5,2021,13,-0.2091417508841527,-0.6368420612209447,-0.9149571145892756,-0.3376923800097406,-0.6193262367309564,-0.015099288083879,-0.024273814725056,0.0180995557040525,0.94,11.844,-0.0176580336781621,0.00094,0.0,0.6692307692307693,0.5,1.0,0.0,0.8461538461538461,0.4615384615384615
10,20,equal_weight,regime_dd_vol_target_30pct_max_1p50,0.3,1.5,2022,13,-0.2244005671763069,-0.6305033983151439,-1.615915837859664,-0.3062554554661741,-0.7327234933161605,-0.0162458954654403,-0.0964442251408016,-0.1369116479571925,0.6846153846153846,8.626153846153846,-0.0260139769332262,0.0006846153846153,0.0,0.5,0.5,0.5,0.0,1.0,0.3846153846153846
10,20,equal_weight,regime_dd_vol_target_30pct_max_1p50,0.3,1.5,2023,13,0.4428754811392221,1.2397048917804194,3.363894122381851,-0.218749585491055,2.0245774644328725,0.0335032705141391,0.0430609806645903,0.0540344949495946,0.8076923076923077,10.176923076923076,0.0435176209736197,0.0008076923076923,0.0,0.5,0.5,0.5,0.0,1.0,0.6153846153846154
10,20,equal_weight,regime_dd_vol_target_30pct_max_1p50,0.3,1.5,2024,13,0.5661415018058167,2.0654565729286,4.057281653366935,-0.0669660200160514,8.454160806781038,0.0381530018259826,-0.0060039031990068,-0.0901948917921792,0.8592595940058708,10.826670884473971,0.0522913744997729,0.0008592595940058,0.0,0.5337672601428124,0.5,0.5973650544113902,0.0,1.0,0.7692307692307693
10,20,equal_weight,regime_dd_vol_target_30pct_max_1p50,0.3,1.5,2025,13,1.181385663289087,2.551688476095161,,-0.1273210800026609,9.278790780477172,0.0677287985176927,0.1194459475273246,0.1628606553236897,1.0842744244744926,13.661857748378608,0.0864732809437497,0.0010842744244744,0.0,0.6348979641375205,0.5966997905080239,0.6516501549262674,0.0,1.0,0.9230769230769232
10,20,equal_weight,regime_dd_vol_target_30pct_max_1p50,0.3,1.5,2026,6,1.131693489656357,2.2178249214416605,17.44203241385926,-0.0649893262541559,17.413528572839862,0.0662056212447692,0.0019702703378922,0.0700294600501859,1.0424990485183292,13.135488011330947,0.0861554202386797,0.0010424990485183,0.0,0.6209820804228711,0.5703051072127571,0.65,0.0,1.0,0.6666666666666666
10,20,buffer_inverse_volatility,static_1x,,1.0,overall,71,0.5234815895684768,1.0421132476949106,2.131105678743165,-0.785266727197026,0.6666290209914033,0.044902246099945,0.0067186820940705,0.0073622946656994,1.5248148416232696,19.2126670044532,0.0272466903968689,0.0015248148416232,0.0,1.0,1.0,1.0,0.0,0.0,0.5774647887323944
10,20,buffer_inverse_volatility,static_1x,,1.0,2021,13,-0.268114289850523,-0.5469312965592631,-0.7719887482330051,-0.429584077910244,-0.6241252961580712,-0.017933635896547,-0.024273814725056,0.0180995557040525,1.346779206856925,16.969418006397255,-0.0157998518127991,0.0013467792068569,0.0,1.0,1.0,1.0,0.0,0.0,0.3846153846153846
10,20,buffer_inverse_volatility,static_1x,,1.0,2022,13,-0.4668258679881819,-0.7190635946030144,-1.6223924191258077,-0.5224421197437958,-0.8935456203590784,-0.0354376561948996,-0.0964442251408016,-0.1369116479571925,1.3611111679070085,17.150000715628302,-0.0272201660937994,0.001361111167907,0.0,1.0,1.0,1.0,0.0,0.0,0.3076923076923077
10,20,buffer_inverse_volatility,static_1x,,1.0,2023,13,0.6655330383242202,1.2111476058650472,2.983224548026626,-0.3277907563217361,2.0303593847258465,0.0508856908394435,0.0430609806645903,0.0540344949495946,1.5931296885197666,20.07343407534906,0.0331549168829821,0.0015931296885197,0.0,1.0,1.0,1.0,0.0,0.0,0.6153846153846154
10,20,buffer_inverse_volatility,static_1x,,1.0,2024,13,1.3700808039770282,2.282009578784467,5.416847486778289,-0.0666279176586771,20.563164092801248,0.0769682106071951,-0.0060039031990068,-0.0901948917921792,1.5934970825583614,20.078063240235352,0.068237697410548,0.0015934970825583,0.0,1.0,1.0,1.0,0.0,0.0,0.6923076923076923
10,20,buffer_inverse_volatility,static_1x,,1.0,2025,13,2.643260902447708,2.6905521886599963,2.9109633747380967,-0.2130627323133399,12.406021802820051,0.1185576788954192,0.1194459475273246,0.1628606553236897,1.6612480657708348,20.931725628712517,0.1262801237381923,0.0016612480657708,0.0,1.0,1.0,1.0,0.0,0.0,0.8461538461538461
10,20,buffer_inverse_volatility,static_1x,,1.0,2026,6,2.471222514903862,2.5119050979947333,11.44129837753032,-0.0682569349925488,36.2047096778317,0.1130892876396926,0.0019702703378922,0.0700294600501859,1.6728176673807518,21.07750260899747,0.1172445597918681,0.0016728176673807,0.0,1.0,1.0,1.0,0.0,0.0,0.6666666666666666
10,20,buffer_inverse_volatility,legacy_risk_scaled,,1.0,overall,71,0.2885543915418922,0.9880486904469884,1.8476547682817752,-0.5139297386739896,0.5614666165970523,0.023830049629636,0.0067186820940705,0.0073622946656994,0.82475061327544,10.391857727270544,0.0277673539337111,0.0008247506132754,0.0,0.5366197183098594,0.45,1.0,0.0,0.8732394366197183,0.5774647887323944
10,20,buffer_inverse_volatility,legacy_risk_scaled,,1.0,2021,13,-0.1783580989556143,-0.8549193191749179,-1.1901902127105728,-0.2701200418049493,-0.6602919863473322,-0.0139020864126299,-0.024273814725056,0.0180995557040525,0.7349281860112454,9.260095143741692,-0.0192609358961236,0.0007349281860112,0.0,0.5346153846153847,0.45,1.0,0.0,0.8461538461538461,0.3846153846153846
10,20,buffer_inverse_volatility,legacy_risk_scaled,,1.0,2022,13,-0.2117361208002538,-0.7190635946030146,-1.6223924191258083,-0.2639114224274287,-0.8022999491750978,-0.0159469452877048,-0.0964442251408016,-0.1369116479571925,0.6125000255581536,7.717500322032736,-0.0274358421723374,0.0006125000255581,0.0,0.45,0.45,0.45,0.0,1.0,0.3076923076923077
10,20,buffer_inverse_volatility,legacy_risk_scaled,,1.0,2023,13,0.3440355787982727,1.1780711487448543,3.1813077470548254,-0.1577893404602517,2.1803474036634167,0.026544771400848,0.0430609806645903,0.0540344949495946,0.7713884941989875,9.71949502690724,0.0353964457871373,0.0007713884941989,0.0,0.4961538461538461,0.45,0.75,0.0,1.0,0.6153846153846154
10,20,buffer_inverse_volatility,legacy_risk_scaled,,1.0,2024,13,0.8149713630689681,2.159123681749938,4.883960352668581,-0.0299825629464047,27.181510951074035,0.0515865300359313,-0.0060039031990068,-0.0901948917921792,1.0047578328229554,12.659948693569238,0.064373986245532,0.0010047578328229,0.0,0.6423076923076925,0.45,1.0,0.0,0.6923076923076923,0.6923076923076923
10,20,buffer_inverse_volatility,legacy_risk_scaled,,1.0,2025,13,0.915068014521052,1.91394009689192,1.4186938219479437,-0.211389136533932,4.3288317910990015,0.0583786877310161,0.1194459475273246,0.1628606553236897,1.0334012953031364,13.02085632081952,0.0702770994452889,0.0010334012953031,0.0,0.6000000000000001,0.45,1.0,0.0,0.7692307692307693,0.8461538461538461
10,20,buffer_inverse_volatility,legacy_risk_scaled,,1.0,2026,6,0.8243502210876734,2.5119050979947337,11.44129837753032,-0.0308563830184471,26.71571131959452,0.0508901794378617,0.0019702703378922,0.0700294600501859,0.7527679503213381,9.48487617404886,0.086912069905893,0.0007527679503213,0.0,0.45,0.45,0.45,0.0,1.0,0.6666666666666666
10,20,buffer_inverse_volatility,vol_target_20pct_max_1p25,0.2,1.25,overall,71,0.278087293574959,0.9933781920874822,1.9820544553081456,-0.5648272898557557,0.4923403995688244,0.0228550289378462,0.0067186820940705,0.0073622946656994,0.8392938949805895,10.575103076755427,0.026296414470532,0.0008392938949805,0.0,0.5525253281950506,0.5,1.0,0.0,0.9154929577464788,0.5774647887323944
10,20,buffer_inverse_volatility,vol_target_20pct_max_1p25,0.2,1.25,2021,13,-0.1250281362849723,-0.2630246894106591,-0.4574080997712961,-0.3141890890292238,-0.3979391412708893,-0.0067608704068092,-0.024273814725056,0.0180995557040525,1.093308039274291,13.77568129485607,-0.0090760038366783,0.0010933080392742,0.0,0.7868691001421992,0.5,1.0,0.0,0.5384615384615384,0.3846153846153846
10,20,buffer_inverse_volatility,vol_target_20pct_max_1p25,0.2,1.25,2022,13,-0.2357641458436313,-0.7190635946030144,-1.6223924191258077,-0.2903385430714637,-0.8120318554660536,-0.0177188280974498,-0.0964442251408016,-0.1369116479571925,0.6805555839535041,8.575000357814151,-0.0274943598840536,0.0006805555839535,0.0,0.5,0.5,0.5,0.0,1.0,0.3076923076923077
10,20,buffer_inverse_volatility,vol_target_20pct_max_1p25,0.2,1.25,2023,13,0.3314027608832894,1.2111476058650472,2.983224548026626,-0.1742613311507292,1.901757312967149,0.0254428454197217,0.0430609806645903,0.0540344949495946,0.7965648442598833,10.03671703767453,0.0330190399549287,0.0007965648442598,0.0,0.5,0.5,0.5,0.0,1.0,0.6153846153846154
10,20,buffer_inverse_volatility,vol_target_20pct_max_1p25,0.2,1.25,2024,13,0.5787316771869266,2.282009578784467,5.416847486778289,-0.0333139588293386,17.372047559753078,0.0384841053035975,-0.0060039031990068,-0.0901948917921792,0.7967485412791807,10.039031620117676,0.0576481576198225,0.0007967485412791,0.0,0.5,0.5,0.5,0.0,1.0,0.6923076923076923
10,20,buffer_inverse_volatility,vol_target_20pct_max_1p25,0.2,1.25,2025,13,1.0005407535447768,2.6905521886599963,2.9109633747380967,-0.1067828972995387,9.369859582833206,0.0592788394477096,0.1194459475273246,0.1628606553236897,0.8306240328854174,10.465862814356258,0.0956004078490607,0.0008306240328854,0.0,0.5,0.5,0.5,0.0,1.0,0.8461538461538461
10,20,buffer_inverse_volatility,vol_target_20pct_max_1p25,0.2,1.25,2026,6,0.9416084626358112,2.5119050979947333,11.44129837753032,-0.0342706516092039,27.47565098478976,0.0565446438198463,0.0019702703378922,0.0700294600501859,0.8364088336903759,10.538751304498737,0.0893472514370712,0.0008364088336903,0.0,0.5,0.5,0.5,0.0,1.0,0.6666666666666666
10,20,buffer_inverse_volatility,regime_dd_vol_target_20pct_max_1p25,0.2,1.25,overall,71,0.2614120545919287,0.9657810229128524,1.8715497553658331,-0.5623214185246301,0.4648801307938774,0.0216397155112934,0.0067186820940705,0.0073622946656994,0.8085517233444892,10.187751714140564,0.0256594449812797,0.0008085517233444,0.0,0.5321219007381865,0.5,1.0,0.0,0.971830985915493,0.5774647887323944
10,20,buffer_inverse_volatility,regime_dd_vol_target_20pct_max_1p25,0.2,1.25,2021,13,-0.185588339110706,-0.6215889622188497,-0.8933670005648134,-0.3102399583500385,-0.5982090124616052,-0.0133983514287516,-0.024273814725056,0.0180995557040525,0.9254084864925132,11.660146929805665,-0.0159164665958286,0.0009254084864925,0.0,0.6754349963393269,0.5,1.0,0.0,0.8461538461538461,0.3846153846153846
10,20,buffer_inverse_volatility,regime_dd_vol_target_20pct_max_1p25,0.2,1.25,2022,13,-0.2357641458436313,-0.7190635946030144,-1.6223924191258077,-0.2903385430714637,-0.8120318554660536,-0.0177188280974498,-0.0964442251408016,-0.1369116479571925,0.6805555839535041,8.575000357814151,-0.0274943598840536,0.0006805555839535,0.0,0.5,0.5,0.5,0.0,1.0,0.3076923076923077
10,20,buffer_inverse_volatility,regime_dd_vol_target_20pct_max_1p25,0.2,1.25,2023,13,0.3314027608832894,1.2111476058650472,2.983224548026626,-0.1742613311507292,1.901757312967149,0.0254428454197217,0.0430609806645903,0.0540344949495946,0.7965648442598833,10.03671703767453,0.0330190399549287,0.0007965648442598,0.0,0.5,0.5,0.5,0.0,1.0,0.6153846153846154
10,20,buffer_inverse_volatility,regime_dd_vol_target_20pct_max_1p25,0.2,1.25,2024,13,0.5787316771869266,2.282009578784467,5.416847486778289,-0.0333139588293386,17.372047559753078,0.0384841053035975,-0.0060039031990068,-0.0901948917921792,0.7967485412791807,10.039031620117676,0.0576481576198225,0.0007967485412791,0.0,0.5,0.5,0.5,0.0,1.0,0.6923076923076923
10,20,buffer_inverse_volatility,regime_dd_vol_target_20pct_max_1p25,0.2,1.25,2025,13,1.0005407535447768,2.6905521886599963,2.9109633747380967,-0.1067828972995387,9.369859582833206,0.0592788394477096,0.1194459475273246,0.1628606553236897,0.8306240328854174,10.465862814356258,0.0956004078490607,0.0008306240328854,0.0,0.5,0.5,0.5,0.0,1.0,0.8461538461538461
10,20,buffer_inverse_volatility,regime_dd_vol_target_20pct_max_1p25,0.2,1.25,2026,6,0.9416084626358112,2.5119050979947333,11.44129837753032,-0.0342706516092039,27.47565098478976,0.0565446438198463,0.0019702703378922,0.0700294600501859,0.8364088336903759,10.538751304498737,0.0893472514370712,0.0008364088336903,0.0,0.5,0.5,0.5,0.0,1.0,0.6666666666666666
10,20,buffer_inverse_volatility,vol_target_20pct_max_1p50,0.2,1.5,overall,71,0.278087293574959,0.9933781920874822,1.9820544553081456,-0.5648272898557557,0.4923403995688244,0.0228550289378462,0.0067186820940705,0.0073622946656994,0.8392938949805895,10.575103076755427,0.026296414470532,0.0008392938949805,0.0,0.5525253281950506,0.5,1.0,0.0,0.9154929577464788,0.5774647887323944
10,20,buffer_inverse_volatility,vol_target_20pct_max_1p50,0.2,1.5,2021,13,-0.1250281362849723,-0.2630246894106591,-0.4574080997712961,-0.3141890890292238,-0.3979391412708893,-0.0067608704068092,-0.024273814725056,0.0180995557040525,1.093308039274291,13.77568129485607,-0.0090760038366783,0.0010933080392742,0.0,0.7868691001421992,0.5,1.0,0.0,0.5384615384615384,0.3846153846153846
10,20,buffer_inverse_volatility,vol_target_20pct_max_1p50,0.2,1.5,2022,13,-0.2357641458436313,-0.7190635946030144,-1.6223924191258077,-0.2903385430714637,-0.8120318554660536,-0.0177188280974498,-0.0964442251408016,-0.1369116479571925,0.6805555839535041,8.575000357814151,-0.0274943598840536,0.0006805555839535,0.0,0.5,0.5,0.5,0.0,1.0,0.3076923076923077
10,20,buffer_inverse_volatility,vol_target_20pct_max_1p50,0.2,1.5,2023,13,0.3314027608832894,1.2111476058650472,2.983224548026626,-0.1742613311507292,1.901757312967149,0.0254428454197217,0.0430609806645903,0.0540344949495946,0.7965648442598833,10.03671703767453,0.0330190399549287,0.0007965648442598,0.0,0.5,0.5,0.5,0.0,1.0,0.6153846153846154
10,20,buffer_inverse_volatility,vol_target_20pct_max_1p50,0.2,1.5,2024,13,0.5787316771869266,2.282009578784467,5.416847486778289,-0.0333139588293386,17.372047559753078,0.0384841053035975,-0.0060039031990068,-0.0901948917921792,0.7967485412791807,10.039031620117676,0.0576481576198225,0.0007967485412791,0.0,0.5,0.5,0.5,0.0,1.0,0.6923076923076923
10,20,buffer_inverse_volatility,vol_target_20pct_max_1p50,0.2,1.5,2025,13,1.0005407535447768,2.6905521886599963,2.9109633747380967,-0.1067828972995387,9.369859582833206,0.0592788394477096,0.1194459475273246,0.1628606553236897,0.8306240328854174,10.465862814356258,0.0956004078490607,0.0008306240328854,0.0,0.5,0.5,0.5,0.0,1.0,0.8461538461538461
10,20,buffer_inverse_volatility,vol_target_20pct_max_1p50,0.2,1.5,2026,6,0.9416084626358112,2.5119050979947333,11.44129837753032,-0.0342706516092039,27.47565098478976,0.0565446438198463,0.0019702703378922,0.0700294600501859,0.8364088336903759,10.538751304498737,0.0893472514370712,0.0008364088336903,0.0,0.5,0.5,0.5,0.0,1.0,0.6666666666666666
10,20,buffer_inverse_volatility,regime_dd_vol_target_20pct_max_1p50,0.2,1.5,overall,71,0.2614120545919287,0.9657810229128524,1.8715497553658331,-0.5623214185246301,0.4648801307938774,0.0216397155112934,0.0067186820940705,0.0073622946656994,0.8085517233444892,10.187751714140564,0.0256594449812797,0.0008085517233444,0.0,0.5321219007381865,0.5,1.0,0.0,0.971830985915493,0.5774647887323944
10,20,buffer_inverse_volatility,regime_dd_vol_target_20pct_max_1p50,0.2,1.5,2021,13,-0.185588339110706,-0.6215889622188497,-0.8933670005648134,-0.3102399583500385,-0.5982090124616052,-0.0133983514287516,-0.024273814725056,0.0180995557040525,0.9254084864925132,11.660146929805665,-0.0159164665958286,0.0009254084864925,0.0,0.6754349963393269,0.5,1.0,0.0,0.8461538461538461,0.3846153846153846
10,20,buffer_inverse_volatility,regime_dd_vol_target_20pct_max_1p50,0.2,1.5,2022,13,-0.2357641458436313,-0.7190635946030144,-1.6223924191258077,-0.2903385430714637,-0.8120318554660536,-0.0177188280974498,-0.0964442251408016,-0.1369116479571925,0.6805555839535041,8.575000357814151,-0.0274943598840536,0.0006805555839535,0.0,0.5,0.5,0.5,0.0,1.0,0.3076923076923077
10,20,buffer_inverse_volatility,regime_dd_vol_target_20pct_max_1p50,0.2,1.5,2023,13,0.3314027608832894,1.2111476058650472,2.983224548026626,-0.1742613311507292,1.901757312967149,0.0254428454197217,0.0430609806645903,0.0540344949495946,0.7965648442598833,10.03671703767453,0.0330190399549287,0.0007965648442598,0.0,0.5,0.5,0.5,0.0,1.0,0.6153846153846154
10,20,buffer_inverse_volatility,regime_dd_vol_target_20pct_max_1p50,0.2,1.5,2024,13,0.5787316771869266,2.282009578784467,5.416847486778289,-0.0333139588293386,17.372047559753078,0.0384841053035975,-0.0060039031990068,-0.0901948917921792,0.7967485412791807,10.039031620117676,0.0576481576198225,0.0007967485412791,0.0,0.5,0.5,0.5,0.0,1.0,0.6923076923076923
10,20,buffer_inverse_volatility,regime_dd_vol_target_20pct_max_1p50,0.2,1.5,2025,13,1.0005407535447768,2.6905521886599963,2.9109633747380967,-0.1067828972995387,9.369859582833206,0.0592788394477096,0.1194459475273246,0.1628606553236897,0.8306240328854174,10.465862814356258,0.0956004078490607,0.0008306240328854,0.0,0.5,0.5,0.5,0.0,1.0,0.8461538461538461
10,20,buffer_inverse_volatility,regime_dd_vol_target_20pct_max_1p50,0.2,1.5,2026,6,0.9416084626358112,2.5119050979947333,11.44129837753032,-0.0342706516092039,27.47565098478976,0.0565446438198463,0.0019702703378922,0.0700294600501859,0.8364088336903759,10.538751304498737,0.0893472514370712,0.0008364088336903,0.0,0.5,0.5,0.5,0.0,1.0,0.6666666666666666
10,20,buffer_inverse_volatility,vol_target_25pct_max_1p25,0.25,1.25,overall,71,0.2749515754458416,0.9221804524205504,1.696539855122838,-0.6263843738873012,0.4389502466983807,0.0233557441867634,0.0067186820940705,0.0073622946656994,0.9016806393584624,11.361176055916626,0.0242009783223677,0.0009016806393584,0.0,0.5969274640534343,0.5,1.0,0.0,0.9154929577464788,0.5774647887323944
10,20,buffer_inverse_volatility,vol_target_25pct_max_1p25,0.25,1.25,2021,13,-0.1716394326864971,-0.3522926576696002,-0.5539177442919336,-0.3518508318813862,-0.4878187491236604,-0.0100555989930408,-0.024273814725056,0.0180995557040525,1.1919731219725809,15.018861336854515,-0.0114282586966372,0.0011919731219725,0.0,0.8670694700879922,0.6102802338331597,1.0,0.0,0.5384615384615384,0.3846153846153846
10,20,buffer_inverse_volatility,vol_target_25pct_max_1p25,0.25,1.25,2022,13,-0.2852134775570933,-0.7362101359858721,-1.6147985599391057,-0.3387460678250072,-0.8419683788165232,-0.0215260370977541,-0.0964442251408016,-0.1369116479571925,0.8039547273405503,10.129829564490931,-0.0281558022019323,0.0008039547273405,0.0,0.5896075292275866,0.5611338897438064,0.6070387214165552,0.0,1.0,0.3076923076923077
10,20,buffer_inverse_volatility,vol_target_25pct_max_1p25,0.25,1.25,2023,13,0.3314027608832894,1.2111476058650472,2.983224548026626,-0.1742613311507292,1.901757312967149,0.0254428454197217,0.0430609806645903,0.0540344949495946,0.7965648442598833,10.03671703767453,0.0330190399549287,0.0007965648442598,0.0,0.5,0.5,0.5,0.0,1.0,0.6153846153846154
10,20,buffer_inverse_volatility,vol_target_25pct_max_1p25,0.25,1.25,2024,13,0.6203475576535469,2.3435311636414307,5.762517855735341,-0.0333139588293386,18.6212500541132,0.0407254574109102,-0.0060039031990068,-0.0901948917921792,0.8216858971420938,10.35324230399038,0.0599181917547173,0.000821685897142,0.0,0.5166427521274994,0.5,0.5621288174766336,0.0,1.0,0.6923076923076923
10,20,buffer_inverse_volatility,vol_target_25pct_max_1p25,0.25,1.25,2025,13,1.1682127354932357,2.700506254601017,3.0879165171004033,-0.1131343783414184,10.32588637176038,0.0666988718102848,0.1194459475273246,0.1628606553236897,0.9152800990797336,11.532529248404645,0.1012971838467126,0.0009152800990797,0.0,0.5509356845762996,0.5161406359956178,0.589065876565231,0.0,1.0,0.8461538461538461
10,20,buffer_inverse_volatility,vol_target_25pct_max_1p25,0.25,1.25,2026,6,0.948837038092472,2.49409823623709,10.860955417465538,-0.0360527840458249,26.31799632689815,0.0569243060181033,0.0019702703378922,0.0700294600501859,0.8560604045196506,10.786361096947598,0.0879663706382851,0.0008560604045196,0.0,0.5110882132569897,0.5,0.5280400126706473,0.0,1.0,0.6666666666666666
10,20,buffer_inverse_volatility,regime_dd_vol_target_25pct_max_1p25,0.25,1.25,overall,71,0.2854102231386755,1.0067992947544806,2.0020998854646312,-0.5647040826331142,0.5054155475693722,0.0233713568860611,0.0067186820940705,0.0073622946656994,0.8339718781701241,10.508045664943564,0.0271611137065046,0.0008339718781701,0.0,0.548521816291427,0.5,1.0,0.0,0.971830985915493,0.5774647887323944
10,20,buffer_inverse_volatility,regime_dd_vol_target_25pct_max_1p25,0.25,1.25,2021,13,-0.1898858317787106,-0.6357400386196741,-0.9123785743361298,-0.3139949204712509,-0.604741731151974,-0.0137775386356424,-0.024273814725056,0.0180995557040525,0.9455782619463946,11.914286100524572,-0.0159376592249493,0.0009455782619463,0.0,0.6923076923076924,0.5,1.0,0.0,0.8461538461538461,0.3846153846153846
10,20,buffer_inverse_volatility,regime_dd_vol_target_25pct_max_1p25,0.25,1.25,2022,13,-0.2357641458436313,-0.7190635946030144,-1.6223924191258077,-0.2903385430714637,-0.8120318554660536,-0.0177188280974498,-0.0964442251408016,-0.1369116479571925,0.6805555839535041,8.575000357814151,-0.0274943598840536,0.0006805555839535,0.0,0.5,0.5,0.5,0.0,1.0,0.3076923076923077
10,20,buffer_inverse_volatility,regime_dd_vol_target_25pct_max_1p25,0.25,1.25,2023,13,0.3314027608832894,1.2111476058650472,2.983224548026626,-0.1742613311507292,1.901757312967149,0.0254428454197217,0.0430609806645903,0.0540344949495946,0.7965648442598833,10.03671703767453,0.0330190399549287,0.0007965648442598,0.0,0.5,0.5,0.5,0.0,1.0,0.6153846153846154
10,20,buffer_inverse_volatility,regime_dd_vol_target_25pct_max_1p25,0.25,1.25,2024,13,0.6203475576535469,2.3435311636414307,5.762517855735341,-0.0333139588293386,18.6212500541132,0.0407254574109102,-0.0060039031990068,-0.0901948917921792,0.8216858971420938,10.35324230399038,0.0599181917547173,0.000821685897142,0.0,0.5166427521274994,0.5,0.5621288174766336,0.0,1.0,0.6923076923076923
10,20,buffer_inverse_volatility,regime_dd_vol_target_25pct_max_1p25,0.25,1.25,2025,13,1.1682127354932357,2.700506254601017,3.0879165171004033,-0.1131343783414184,10.32588637176038,0.0666988718102848,0.1194459475273246,0.1628606553236897,0.9152800990797336,11.532529248404645,0.1012971838467126,0.0009152800990797,0.0,0.5509356845762996,0.5161406359956178,0.589065876565231,0.0,1.0,0.8461538461538461
10,20,buffer_inverse_volatility,regime_dd_vol_target_25pct_max_1p25,0.25,1.25,2026,6,0.948837038092472,2.49409823623709,10.860955417465538,-0.0360527840458249,26.31799632689815,0.0569243060181033,0.0019702703378922,0.0700294600501859,0.8560604045196506,10.786361096947598,0.0879663706382851,0.0008560604045196,0.0,0.5110882132569897,0.5,0.5280400126706473,0.0,1.0,0.6666666666666666
10,20,buffer_inverse_volatility,vol_target_25pct_max_1p50,0.25,1.5,overall,71,0.2749515754458416,0.9221804524205504,1.696539855122838,-0.6263843738873012,0.4389502466983807,0.0233557441867634,0.0067186820940705,0.0073622946656994,0.9016806393584624,11.361176055916626,0.0242009783223677,0.0009016806393584,0.0,0.5969274640534343,0.5,1.0,0.0,0.9154929577464788,0.5774647887323944
10,20,buffer_inverse_volatility,vol_target_25pct_max_1p50,0.25,1.5,2021,13,-0.1716394326864971,-0.3522926576696002,-0.5539177442919336,-0.3518508318813862,-0.4878187491236604,-0.0100555989930408,-0.024273814725056,0.0180995557040525,1.1919731219725809,15.018861336854515,-0.0114282586966372,0.0011919731219725,0.0,0.8670694700879922,0.6102802338331597,1.0,0.0,0.5384615384615384,0.3846153846153846
10,20,buffer_inverse_volatility,vol_target_25pct_max_1p50,0.25,1.5,2022,13,-0.2852134775570933,-0.7362101359858721,-1.6147985599391057,-0.3387460678250072,-0.8419683788165232,-0.0215260370977541,-0.0964442251408016,-0.1369116479571925,0.8039547273405503,10.129829564490931,-0.0281558022019323,0.0008039547273405,0.0,0.5896075292275866,0.5611338897438064,0.6070387214165552,0.0,1.0,0.3076923076923077
10,20,buffer_inverse_volatility,vol_target_25pct_max_1p50,0.25,1.5,2023,13,0.3314027608832894,1.2111476058650472,2.983224548026626,-0.1742613311507292,1.901757312967149,0.0254428454197217,0.0430609806645903,0.0540344949495946,0.7965648442598833,10.03671703767453,0.0330190399549287,0.0007965648442598,0.0,0.5,0.5,0.5,0.0,1.0,0.6153846153846154
10,20,buffer_inverse_volatility,vol_target_25pct_max_1p50,0.25,1.5,2024,13,0.6203475576535469,2.3435311636414307,5.762517855735341,-0.0333139588293386,18.6212500541132,0.0407254574109102,-0.0060039031990068,-0.0901948917921792,0.8216858971420938,10.35324230399038,0.0599181917547173,0.000821685897142,0.0,0.5166427521274994,0.5,0.5621288174766336,0.0,1.0,0.6923076923076923
10,20,buffer_inverse_volatility,vol_target_25pct_max_1p50,0.25,1.5,2025,13,1.1682127354932357,2.700506254601017,3.0879165171004033,-0.1131343783414184,10.32588637176038,0.0666988718102848,0.1194459475273246,0.1628606553236897,0.9152800990797336,11.532529248404645,0.1012971838467126,0.0009152800990797,0.0,0.5509356845762996,0.5161406359956178,0.589065876565231,0.0,1.0,0.8461538461538461
10,20,buffer_inverse_volatility,vol_target_25pct_max_1p50,0.25,1.5,2026,6,0.948837038092472,2.49409823623709,10.860955417465538,-0.0360527840458249,26.31799632689815,0.0569243060181033,0.0019702703378922,0.0700294600501859,0.8560604045196506,10.786361096947598,0.0879663706382851,0.0008560604045196,0.0,0.5110882132569897,0.5,0.5280400126706473,0.0,1.0,0.6666666666666666
10,20,buffer_inverse_volatility,regime_dd_vol_target_25pct_max_1p50,0.25,1.5,overall,71,0.2854102231386755,1.0067992947544806,2.0020998854646312,-0.5647040826331142,0.5054155475693722,0.0233713568860611,0.0067186820940705,0.0073622946656994,0.8339718781701241,10.508045664943564,0.0271611137065046,0.0008339718781701,0.0,0.548521816291427,0.5,1.0,0.0,0.971830985915493,0.5774647887323944
10,20,buffer_inverse_volatility,regime_dd_vol_target_25pct_max_1p50,0.25,1.5,2021,13,-0.1898858317787106,-0.6357400386196741,-0.9123785743361298,-0.3139949204712509,-0.604741731151974,-0.0137775386356424,-0.024273814725056,0.0180995557040525,0.9455782619463946,11.914286100524572,-0.0159376592249493,0.0009455782619463,0.0,0.6923076923076924,0.5,1.0,0.0,0.8461538461538461,0.3846153846153846
10,20,buffer_inverse_volatility,regime_dd_vol_target_25pct_max_1p50,0.25,1.5,2022,13,-0.2357641458436313,-0.7190635946030144,-1.6223924191258077,-0.2903385430714637,-0.8120318554660536,-0.0177188280974498,-0.0964442251408016,-0.1369116479571925,0.6805555839535041,8.575000357814151,-0.0274943598840536,0.0006805555839535,0.0,0.5,0.5,0.5,0.0,1.0,0.3076923076923077
10,20,buffer_inverse_volatility,regime_dd_vol_target_25pct_max_1p50,0.25,1.5,2023,13,0.3314027608832894,1.2111476058650472,2.983224548026626,-0.1742613311507292,1.901757312967149,0.0254428454197217,0.0430609806645903,0.0540344949495946,0.7965648442598833,10.03671703767453,0.0330190399549287,0.0007965648442598,0.0,0.5,0.5,0.5,0.0,1.0,0.6153846153846154
10,20,buffer_inverse_volatility,regime_dd_vol_target_25pct_max_1p50,0.25,1.5,2024,13,0.6203475576535469,2.3435311636414307,5.762517855735341,-0.0333139588293386,18.6212500541132,0.0407254574109102,-0.0060039031990068,-0.0901948917921792,0.8216858971420938,10.35324230399038,0.0599181917547173,0.000821685897142,0.0,0.5166427521274994,0.5,0.5621288174766336,0.0,1.0,0.6923076923076923
10,20,buffer_inverse_volatility,regime_dd_vol_target_25pct_max_1p50,0.25,1.5,2025,13,1.1682127354932357,2.700506254601017,3.0879165171004033,-0.1131343783414184,10.32588637176038,0.0666988718102848,0.1194459475273246,0.1628606553236897,0.9152800990797336,11.532529248404645,0.1012971838467126,0.0009152800990797,0.0,0.5509356845762996,0.5161406359956178,0.589065876565231,0.0,1.0,0.8461538461538461
10,20,buffer_inverse_volatility,regime_dd_vol_target_25pct_max_1p50,0.25,1.5,2026,6,0.948837038092472,2.49409823623709,10.860955417465538,-0.0360527840458249,26.31799632689815,0.0569243060181033,0.0019702703378922,0.0700294600501859,0.8560604045196506,10.786361096947598,0.0879663706382851,0.0008560604045196,0.0,0.5110882132569897,0.5,0.5280400126706473,0.0,1.0,0.6666666666666666
10,20,buffer_inverse_volatility,vol_target_30pct_max_1p25,0.3,1.25,overall,71,0.3024747399716876,0.9030352852767236,1.6054247489920133,-0.6890606785449002,0.4389667693858661,0.0263722316143479,0.0067186820940705,0.0073622946656994,1.0126973297478157,12.759986354822477,0.0237049422750652,0.0010126973297478,2.2097399396722608e-06,0.6720176028523726,0.5,1.039536667000616,0.0140845070422535,0.9014084507042254,0.5774647887323944
10,20,buffer_inverse_volatility,vol_target_30pct_max_1p25,0.3,1.25,2021,13,-0.2199918786257289,-0.4258733147293734,-0.6195084412298159,-0.3908483007683327,-0.5628574518381353,-0.0134895630633032,-0.024273814725056,0.0180995557040525,1.2938666745530052,16.302720099367864,-0.0134941823993076,0.001293866674553,1.2068579670517731e-05,0.9481756717978982,0.7323362805997915,1.039536667000616,0.0769230769230769,0.4615384615384615,0.3846153846153846
10,20,buffer_inverse_volatility,vol_target_30pct_max_1p25,0.3,1.25,2022,13,-0.3419067669519121,-0.7362101359858726,-1.614798559939106,-0.3966892653680168,-0.861900728860707,-0.025831244517305,-0.0964442251408016,-0.1369116479571925,0.9647456728086604,12.15579547738912,-0.0281270582075759,0.0009647456728086,0.0,0.707529035073104,0.6733606676925676,0.7284464656998663,0.0,1.0,0.3076923076923077
10,20,buffer_inverse_volatility,vol_target_30pct_max_1p25,0.3,1.25,2023,13,0.3552794414021656,1.2325012103516289,3.175599431819224,-0.1744625798052488,2.0364220327290883,0.0271012574696424,0.0430609806645903,0.0540344949495946,0.8066522944706994,10.163818910330813,0.0349553100597895,0.0008066522944706,0.0,0.5062146201414983,0.5,0.5422294887263244,0.0,1.0,0.6153846153846154
10,20,buffer_inverse_volatility,vol_target_30pct_max_1p25,0.3,1.25,2024,13,0.7078632276037717,2.3906933709987954,6.269846318643338,-0.0397399810417885,17.812369534334167,0.0453981908679399,-0.0060039031990068,-0.0901948917921792,0.9002563262640628,11.343229710927192,0.062404028274405,0.000900256326264,0.0,0.5693858466001085,0.5,0.6745545809719603,0.0,1.0,0.6923076923076923
10,20,buffer_inverse_volatility,vol_target_30pct_max_1p25,0.3,1.25,2025,13,1.4948419098642782,2.700506254601017,3.0879165171004037,-0.135694972921615,11.016192255904588,0.0800386461723418,0.1194459475273246,0.1628606553236897,1.0983361188956804,13.839035098085573,0.1080163392367628,0.0010983361188956,0.0,0.6611228214915594,0.6193687631947412,0.7068790518782773,0.0,1.0,0.8461538461538461
10,20,buffer_inverse_volatility,vol_target_30pct_max_1p25,0.3,1.25,2026,6,1.1658508061997228,2.473146424487143,10.615800827877326,-0.0432262167244352,26.970919375895345,0.0667672857562661,0.0019702703378922,0.0700294600501859,1.0118947135329146,12.749873390514724,0.0914401869329195,0.0010118947135329,0.0,0.60194764436071,0.5568265460820736,0.6336480152047766,0.0,1.0,0.6666666666666666
10,20,buffer_inverse_volatility,regime_dd_vol_target_30pct_max_1p25,0.3,1.25,overall,71,0.3346495127906508,1.0803229493107094,2.247731582249992,-0.5647040826331142,0.5926104008850793,0.0268714917374401,0.0067186820940705,0.0073622946656994,0.8882323562604263,11.191727688881372,0.0299015060135098,0.0008882323562604,0.0,0.5819899000827158,0.5,1.0,0.0,0.971830985915493,0.5774647887323944
10,20,buffer_inverse_volatility,regime_dd_vol_target_30pct_max_1p25,0.3,1.25,2021,13,-0.1898858317787106,-0.6357400386196741,-0.9123785743361298,-0.3139949204712509,-0.604741731151974,-0.0137775386356424,-0.024273814725056,0.0180995557040525,0.9455782619463946,11.914286100524572,-0.0159376592249493,0.0009455782619463,0.0,0.6923076923076924,0.5,1.0,0.0,0.8461538461538461,0.3846153846153846
10,20,buffer_inverse_volatility,regime_dd_vol_target_30pct_max_1p25,0.3,1.25,2022,13,-0.2357641458436313,-0.7190635946030144,-1.6223924191258077,-0.2903385430714637,-0.8120318554660536,-0.0177188280974498,-0.0964442251408016,-0.1369116479571925,0.6805555839535041,8.575000357814151,-0.0274943598840536,0.0006805555839535,0.0,0.5,0.5,0.5,0.0,1.0,0.3076923076923077
10,20,buffer_inverse_volatility,regime_dd_vol_target_30pct_max_1p25,0.3,1.25,2023,13,0.3314027608832894,1.2111476058650472,2.983224548026626,-0.1742613311507292,1.901757312967149,0.0254428454197217,0.0430609806645903,0.0540344949495946,0.7965648442598833,10.03671703767453,0.0330190399549287,0.0007965648442598,0.0,0.5,0.5,0.5,0.0,1.0,0.6153846153846154
10,20,buffer_inverse_volatility,regime_dd_vol_target_30pct_max_1p25,0.3,1.25,2024,13,0.704749903505727,2.394470613992251,6.366778897499551,-0.0397399810417884,17.734027169380116,0.04522469931927,-0.0060039031990068,-0.0901948917921792,0.8956554017256322,11.285258061742963,0.0624487184652719,0.0008956554017256,0.0,0.5667347314884117,0.5,0.6645117840473496,0.0,1.0,0.6923076923076923
10,20,buffer_inverse_volatility,regime_dd_vol_target_30pct_max_1p25,0.3,1.25,2025,13,1.4101757802763668,2.6957546953866984,2.961920567919201,-0.135694972921615,10.392247773916893,0.0767728372879967,0.1194459475273246,0.1628606553236897,1.065732755290953,13.428232716666008,0.1050157388564002,0.0010657327552909,0.0,0.6416958100276321,0.6193687631947412,0.657666589667443,0.0,1.0,0.8461538461538461
10,20,buffer_inverse_volatility,regime_dd_vol_target_30pct_max_1p25,0.3,1.25,2026,6,1.1658508061997228,2.473146424487143,10.615800827877326,-0.0432262167244352,26.970919375895345,0.0667672857562661,0.0019702703378922,0.0700294600501859,1.0118947135329146,12.749873390514724,0.0914401869329195,0.0010118947135329,0.0,0.60194764436071,0.5568265460820736,0.6336480152047766,0.0,1.0,0.6666666666666666
10,20,buffer_inverse_volatility,vol_target_30pct_max_1p50,0.3,1.5,overall,71,0.3024747399716876,0.9030352852767236,1.6054247489920133,-0.6890606785449002,0.4389667693858661,0.0263722316143479,0.0067186820940705,0.0073622946656994,1.0126973297478157,12.759986354822477,0.0237049422750652,0.0010126973297478,2.2097399396722608e-06,0.6720176028523726,0.5,1.039536667000616,0.0140845070422535,0.9014084507042254,0.5774647887323944
10,20,buffer_inverse_volatility,vol_target_30pct_max_1p50,0.3,1.5,2021,13,-0.2199918786257289,-0.4258733147293734,-0.6195084412298159,-0.3908483007683327,-0.5628574518381353,-0.0134895630633032,-0.024273814725056,0.0180995557040525,1.2938666745530052,16.302720099367864,-0.0134941823993076,0.001293866674553,1.2068579670517731e-05,0.9481756717978982,0.7323362805997915,1.039536667000616,0.0769230769230769,0.4615384615384615,0.3846153846153846
10,20,buffer_inverse_volatility,vol_target_30pct_max_1p50,0.3,1.5,2022,13,-0.3419067669519121,-0.7362101359858726,-1.614798559939106,-0.3966892653680168,-0.861900728860707,-0.025831244517305,-0.0964442251408016,-0.1369116479571925,0.9647456728086604,12.15579547738912,-0.0281270582075759,0.0009647456728086,0.0,0.707529035073104,0.6733606676925676,0.7284464656998663,0.0,1.0,0.3076923076923077
10,20,buffer_inverse_volatility,vol_target_30pct_max_1p50,0.3,1.5,2023,13,0.3552794414021656,1.2325012103516289,3.175599431819224,-0.1744625798052488,2.0364220327290883,0.0271012574696424,0.0430609806645903,0.0540344949495946,0.8066522944706994,10.163818910330813,0.0349553100597895,0.0008066522944706,0.0,0.5062146201414983,0.5,0.5422294887263244,0.0,1.0,0.6153846153846154
10,20,buffer_inverse_volatility,vol_target_30pct_max_1p50,0.3,1.5,2024,13,0.7078632276037717,2.3906933709987954,6.269846318643338,-0.0397399810417885,17.812369534334167,0.0453981908679399,-0.0060039031990068,-0.0901948917921792,0.9002563262640628,11.343229710927192,0.062404028274405,0.000900256326264,0.0,0.5693858466001085,0.5,0.6745545809719603,0.0,1.0,0.6923076923076923
10,20,buffer_inverse_volatility,vol_target_30pct_max_1p50,0.3,1.5,2025,13,1.4948419098642782,2.700506254601017,3.0879165171004037,-0.135694972921615,11.016192255904588,0.0800386461723418,0.1194459475273246,0.1628606553236897,1.0983361188956804,13.839035098085573,0.1080163392367628,0.0010983361188956,0.0,0.6611228214915594,0.6193687631947412,0.7068790518782773,0.0,1.0,0.8461538461538461
10,20,buffer_inverse_volatility,vol_target_30pct_max_1p50,0.3,1.5,2026,6,1.1658508061997228,2.473146424487143,10.615800827877326,-0.0432262167244352,26.970919375895345,0.0667672857562661,0.0019702703378922,0.0700294600501859,1.0118947135329146,12.749873390514724,0.0914401869329195,0.0010118947135329,0.0,0.60194764436071,0.5568265460820736,0.6336480152047766,0.0,1.0,0.6666666666666666
10,20,buffer_inverse_volatility,regime_dd_vol_target_30pct_max_1p50,0.3,1.5,overall,71,0.3346495127906508,1.0803229493107094,2.247731582249992,-0.5647040826331142,0.5926104008850793,0.0268714917374401,0.0067186820940705,0.0073622946656994,0.8882323562604263,11.191727688881372,0.0299015060135098,0.0008882323562604,0.0,0.5819899000827158,0.5,1.0,0.0,0.971830985915493,0.5774647887323944
10,20,buffer_inverse_volatility,regime_dd_vol_target_30pct_max_1p50,0.3,1.5,2021,13,-0.1898858317787106,-0.6357400386196741,-0.9123785743361298,-0.3139949204712509,-0.604741731151974,-0.0137775386356424,-0.024273814725056,0.0180995557040525,0.9455782619463946,11.914286100524572,-0.0159376592249493,0.0009455782619463,0.0,0.6923076923076924,0.5,1.0,0.0,0.8461538461538461,0.3846153846153846
10,20,buffer_inverse_volatility,regime_dd_vol_target_30pct_max_1p50,0.3,1.5,2022,13,-0.2357641458436313,-0.7190635946030144,-1.6223924191258077,-0.2903385430714637,-0.8120318554660536,-0.0177188280974498,-0.0964442251408016,-0.1369116479571925,0.6805555839535041,8.575000357814151,-0.0274943598840536,0.0006805555839535,0.0,0.5,0.5,0.5,0.0,1.0,0.3076923076923077
10,20,buffer_inverse_volatility,regime_dd_vol_target_30pct_max_1p50,0.3,1.5,2023,13,0.3314027608832894,1.2111476058650472,2.983224548026626,-0.1742613311507292,1.901757312967149,0.0254428454197217,0.0430609806645903,0.0540344949495946,0.7965648442598833,10.03671703767453,0.0330190399549287,0.0007965648442598,0.0,0.5,0.5,0.5,0.0,1.0,0.6153846153846154
10,20,buffer_inverse_volatility,regime_dd_vol_target_30pct_max_1p50,0.3,1.5,2024,13,0.704749903505727,2.394470613992251,6.366778897499551,-0.0397399810417884,17.734027169380116,0.04522469931927,-0.0060039031990068,-0.0901948917921792,0.8956554017256322,11.285258061742963,0.0624487184652719,0.0008956554017256,0.0,0.5667347314884117,0.5,0.6645117840473496,0.0,1.0,0.6923076923076923
10,20,buffer_inverse_volatility,regime_dd_vol_target_30pct_max_1p50,0.3,1.5,2025,13,1.4101757802763668,2.6957546953866984,2.961920567919201,-0.135694972921615,10.392247773916893,0.0767728372879967,0.1194459475273246,0.1628606553236897,1.065732755290953,13.428232716666008,0.1050157388564002,0.0010657327552909,0.0,0.6416958100276321,0.6193687631947412,0.657666589667443,0.0,1.0,0.8461538461538461
10,20,buffer_inverse_volatility,regime_dd_vol_target_30pct_max_1p50,0.3,1.5,2026,6,1.1658508061997228,2.473146424487143,10.615800827877326,-0.0432262167244352,26.970919375895345,0.0667672857562661,0.0019702703378922,0.0700294600501859,1.0118947135329146,12.749873390514724,0.0914401869329195,0.0010118947135329,0.0,0.60194764436071,0.5568265460820736,0.6336480152047766,0.0,1.0,0.6666666666666666
20,5,equal_weight,static_1x,,1.0,overall,275,0.5703435567385835,1.034970386025741,1.9559155882152095,-0.7398425824087275,0.7708985266591428,0.012717556276228,0.0019041286682715,0.0101271919658491,1.1061818181818184,55.75156363636364,0.010230090773034,0.0011061818181818,0.0,1.0,1.0,1.0,0.0,0.0,0.5636363636363636
20,5,equal_weight,static_1x,,1.0,2021,51,-0.0662405673137946,0.1370910391908607,0.2165853590303196,-0.4152770765973617,-0.1595093277398002,0.0014506015667818,-0.0420700238319501,-0.0499788969832994,0.9607843137254904,48.42352941176471,-0.0013679417448184,0.0009607843137254,0.0,1.0,1.0,1.0,0.0,0.0,0.5294117647058824
20,5,equal_weight,static_1x,,1.0,2022,51,-0.5414129151088296,-0.678021709999348,-1.2718868182428964,-0.5547251866528695,-0.9760020423367394,-0.0100329460631706,-0.0658976233055878,-0.0864459526544879,1.0666666666666669,53.76,-0.0100709247602088,0.0010666666666666,0.0,1.0,1.0,1.0,0.0,0.0,0.4117647058823529
20,5,equal_weight,static_1x,,1.0,2023,50,2.371061711322613,2.1911759248168656,4.886601950118299,-0.4742259492532164,4.999856534751892,0.0283040564466058,0.0401485254156387,0.0507952739248747,1.052,53.0208,0.044719463141307,0.001052,0.0,1.0,1.0,1.0,0.0,0.0,0.6
20,5,equal_weight,static_1x,,1.0,2024,51,0.4395433178514685,0.9250052015408916,1.9064248212581711,-0.2465034568971393,1.7831121858663448,0.010244167299263,0.0003471037673055,0.0082277110805261,1.156862745098039,58.30588235294118,0.007538575871141,0.001156862745098,0.0,1.0,1.0,1.0,0.0,0.0,0.5882352941176471
20,5,equal_weight,static_1x,,1.0,2025,50,2.382295165018362,2.486671159166746,4.376231165384935,-0.2863246088241477,8.320259913396054,0.0274772246367911,0.0725816991018336,0.1109273614284877,1.168,58.8672,0.0404689736392823,0.001168,0.0,1.0,1.0,1.0,0.0,0.0,0.7
20,5,equal_weight,static_1x,,1.0,2026,22,2.426123474532981,2.256782878904638,5.75114103935265,-0.2534885368669978,9.57093959560758,0.0283414072202849,0.0170805395355871,0.0562227313345772,1.4,70.56,0.03438383609032,0.0014,0.0,1.0,1.0,1.0,0.0,0.0,0.5454545454545454
20,5,equal_weight,legacy_risk_scaled,,1.0,overall,275,0.3669629462271881,1.066771022281501,1.8541644322416524,-0.5321403576177166,0.6895980373862379,0.0074221824498096,0.0019041286682715,0.0101271919658491,0.5978909090909091,30.13370181818182,0.0121778249629381,0.0005978909090909,0.0,0.5330909090909092,0.45,1.0,0.0,0.8727272727272727,0.5636363636363636
20,5,equal_weight,legacy_risk_scaled,,1.0,2021,51,-0.2182740053477986,-0.5447629181525007,-0.6328589700259494,-0.3831370416303443,-0.5697021734546676,-0.0036950370972395,-0.0420700238319501,-0.0499788969832994,0.5250980392156863,26.46494117647059,-0.0082476663708537,0.0005250980392156,0.0,0.5362745098039216,0.45,1.0,0.0,0.8431372549019608,0.5294117647058824
20,5,equal_weight,legacy_risk_scaled,,1.0,2022,51,-0.2464274635403719,-0.678021709999348,-1.2718868182428962,-0.2917378215219706,-0.8446880910222113,-0.0045148257284267,-0.0658976233055878,-0.0864459526544879,0.48,24.192,-0.0101863204175087,0.00048,0.0,0.45,0.45,0.45,0.0,1.0,0.4117647058823529
20,5,equal_weight,legacy_risk_scaled,,1.0,2023,50,1.100518038986971,2.4474781123916447,6.073038437337688,-0.2445870763524894,4.499493821991424,0.0158292471986373,0.0401485254156387,0.0507952739248747,0.5070000000000001,25.552800000000005,0.0430683932479795,0.000507,0.0,0.486,0.45,0.75,0.0,1.0,0.6
20,5,equal_weight,legacy_risk_scaled,,1.0,2024,51,0.4858436039151474,1.1782019038992884,2.3120377734964066,-0.1136560653678022,4.274682590347551,0.0094396378897433,0.0003471037673055,0.0082277110805261,0.7423529411764705,37.41458823529411,0.0129854056086293,0.0007423529411764,0.0,0.6352941176470588,0.45,1.0,0.0,0.7058823529411765,0.5882352941176471
20,5,equal_weight,legacy_risk_scaled,,1.0,2025,50,1.3357127346059192,2.6190790413669913,5.760687614970252,-0.2001470253531068,6.673657688638666,0.0181267870803407,0.0725816991018336,0.1109273614284877,0.7218000000000001,36.37872,0.0367168700439685,0.0007218,0.0,0.5940000000000001,0.45,1.0,0.0,0.76,0.7
20,5,equal_weight,legacy_risk_scaled,,1.0,2026,22,0.8246639255363366,2.2567828789046382,5.751141039352651,-0.1194558476116725,6.903504031189474,0.0127536332491282,0.0170805395355871,0.0562227313345772,0.6300000000000001,31.75200000000001,0.025972030912583,0.00063,0.0,0.4499999999999998,0.45,0.45,0.0,1.0,0.5454545454545454
20,5,equal_weight,vol_target_20pct_max_1p25,0.2,1.25,overall,275,0.3579497876930888,1.1196654639822103,2.1402989404426727,-0.4564075571376014,0.7842766450625867,0.0070804883939574,0.0019041286682715,0.0101271919658491,0.5708568429472297,28.771184884540375,0.0124412598622389,0.0005708568429472,0.0,0.5140774874201102,0.5,1.0,0.0,0.9781818181818182,0.5636363636363636
20,5,equal_weight,vol_target_20pct_max_1p25,0.2,1.25,2021,51,0.1804660322591222,0.679649180936545,1.1750765859706245,-0.2547610452924485,0.7083737313605362,0.0042657631527597,-0.0420700238319501,-0.0499788969832994,0.5724780728229023,28.852894870274277,0.0062546941327903,0.0005724780728229,0.0,0.5739328215516017,0.5,1.0,0.0,0.8823529411764706,0.5294117647058824
20,5,equal_weight,vol_target_20pct_max_1p25,0.2,1.25,2022,51,-0.2747118518206191,-0.678021709999348,-1.2718868182428964,-0.3196399327528799,-0.8594415893367251,-0.0050164730315853,-0.0658976233055878,-0.0864459526544879,0.5333333333333333,26.88,-0.0102199349635646,0.0005333333333333,0.0,0.5,0.5,0.5,0.0,1.0,0.4117647058823529
20,5,equal_weight,vol_target_20pct_max_1p25,0.2,1.25,2023,50,0.932076621413486,2.1911759248168656,4.886601950118299,-0.2683922766185491,3.4728146173080607,0.0141520282233029,0.0401485254156387,0.0507952739248747,0.526,26.5104,0.0351589044832777,0.000526,0.0,0.5,0.5,0.5,0.0,1.0,0.6
20,5,equal_weight,vol_target_20pct_max_1p25,0.2,1.25,2024,51,0.2633849836901418,0.9588833888315224,2.021710914562269,-0.1183911851557859,2.2247009635351205,0.0054324818982337,0.0003471037673055,0.0082277110805261,0.5812511149757953,29.29505619478008,0.0089907656069652,0.0005812511149757,0.0,0.5014098712133879,0.5,0.5719034318827809,0.0,1.0,0.5882352941176471
20,5,equal_weight,vol_target_20pct_max_1p25,0.2,1.25,2025,50,0.9200237454983392,2.4916392378204555,4.39058306738683,-0.1482911702743742,6.2041707796632455,0.0137801408952041,0.0725816991018336,0.1109273614284877,0.5849088646550915,29.47940677861661,0.0312090318644299,0.000584908864655,0.0,0.5005766341903164,0.5,0.5166115232387601,0.0,1.0,0.7
20,5,equal_weight,vol_target_20pct_max_1p25,0.2,1.25,2026,22,0.9411671044904096,2.256782878904638,5.75114103935265,-0.1321863310860168,7.120003231483666,0.0141707036101424,0.0170805395355871,0.0562227313345772,0.7000000000000001,35.28,0.026677072122744,0.0007,0.0,0.5,0.5,0.5,0.0,1.0,0.5454545454545454
20,5,equal_weight,regime_dd_vol_target_20pct_max_1p25,0.2,1.25,overall,275,0.3285809007863474,1.0648975982075048,2.022342088866801,-0.4443212308272097,0.7395120421651151,0.0066082614153795,0.0019041286682715,0.0101271919658491,0.5592336367146188,28.185375290416783,0.0116578508322387,0.0005592336367146,0.0,0.5047299459687222,0.5,0.65,0.0,1.0,0.5636363636363636
20,5,equal_weight,regime_dd_vol_target_20pct_max_1p25,0.2,1.25,2021,51,0.0491827826518811,0.3094219903946024,0.5006912233512616,-0.2381912763339596,0.2064843994660983,0.0017194412094472,-0.0420700238319501,-0.0499788969832994,0.5098039215686275,25.694117647058828,0.0019141650757371,0.0005098039215686,0.0,0.5235294117647059,0.5,0.65,0.0,1.0,0.5294117647058824
20,5,equal_weight,regime_dd_vol_target_20pct_max_1p25,0.2,1.25,2022,51,-0.2747118518206191,-0.678021709999348,-1.2718868182428964,-0.3196399327528799,-0.8594415893367251,-0.0050164730315853,-0.0658976233055878,-0.0864459526544879,0.5333333333333333,26.88,-0.0102199349635646,0.0005333333333333,0.0,0.5,0.5,0.5,0.0,1.0,0.4117647058823529
20,5,equal_weight,regime_dd_vol_target_20pct_max_1p25,0.2,1.25,2023,50,0.932076621413486,2.1911759248168656,4.886601950118299,-0.2683922766185491,3.4728146173080607,0.0141520282233029,0.0401485254156387,0.0507952739248747,0.526,26.5104,0.0351589044832777,0.000526,0.0,0.5,0.5,0.5,0.0,1.0,0.6
20,5,equal_weight,regime_dd_vol_target_20pct_max_1p25,0.2,1.25,2024,51,0.2633849836901418,0.9588833888315224,2.021710914562269,-0.1183911851557859,2.2247009635351205,0.0054324818982337,0.0003471037673055,0.0082277110805261,0.5812511149757953,29.29505619478008,0.0089907656069652,0.0005812511149757,0.0,0.5014098712133879,0.5,0.5719034318827809,0.0,1.0,0.5882352941176471
20,5,equal_weight,regime_dd_vol_target_20pct_max_1p25,0.2,1.25,2025,50,0.9200237454983392,2.4916392378204555,4.39058306738683,-0.1482911702743742,6.2041707796632455,0.0137801408952041,0.0725816991018336,0.1109273614284877,0.5849088646550915,29.47940677861661,0.0312090318644299,0.000584908864655,0.0,0.5005766341903164,0.5,0.5166115232387601,0.0,1.0,0.7
20,5,equal_weight,regime_dd_vol_target_20pct_max_1p25,0.2,1.25,2026,22,0.9411671044904096,2.256782878904638,5.75114103935265,-0.1321863310860168,7.120003231483666,0.0141707036101424,0.0170805395355871,0.0562227313345772,0.7000000000000001,35.28,0.026677072122744,0.0007,0.0,0.5,0.5,0.5,0.0,1.0,0.5454545454545454
20,5,equal_weight,vol_target_20pct_max_1p50,0.2,1.5,overall,275,0.3579497876930888,1.1196654639822103,2.1402989404426727,-0.4564075571376014,0.7842766450625867,0.0070804883939574,0.0019041286682715,0.0101271919658491,0.5708568429472297,28.771184884540375,0.0124412598622389,0.0005708568429472,0.0,0.5140774874201102,0.5,1.0,0.0,0.9781818181818182,0.5636363636363636
20,5,equal_weight,vol_target_20pct_max_1p50,0.2,1.5,2021,51,0.1804660322591222,0.679649180936545,1.1750765859706245,-0.2547610452924485,0.7083737313605362,0.0042657631527597,-0.0420700238319501,-0.0499788969832994,0.5724780728229023,28.852894870274277,0.0062546941327903,0.0005724780728229,0.0,0.5739328215516017,0.5,1.0,0.0,0.8823529411764706,0.5294117647058824
20,5,equal_weight,vol_target_20pct_max_1p50,0.2,1.5,2022,51,-0.2747118518206191,-0.678021709999348,-1.2718868182428964,-0.3196399327528799,-0.8594415893367251,-0.0050164730315853,-0.0658976233055878,-0.0864459526544879,0.5333333333333333,26.88,-0.0102199349635646,0.0005333333333333,0.0,0.5,0.5,0.5,0.0,1.0,0.4117647058823529
20,5,equal_weight,vol_target_20pct_max_1p50,0.2,1.5,2023,50,0.932076621413486,2.1911759248168656,4.886601950118299,-0.2683922766185491,3.4728146173080607,0.0141520282233029,0.0401485254156387,0.0507952739248747,0.526,26.5104,0.0351589044832777,0.000526,0.0,0.5,0.5,0.5,0.0,1.0,0.6
20,5,equal_weight,vol_target_20pct_max_1p50,0.2,1.5,2024,51,0.2633849836901418,0.9588833888315224,2.021710914562269,-0.1183911851557859,2.2247009635351205,0.0054324818982337,0.0003471037673055,0.0082277110805261,0.5812511149757953,29.29505619478008,0.0089907656069652,0.0005812511149757,0.0,0.5014098712133879,0.5,0.5719034318827809,0.0,1.0,0.5882352941176471
20,5,equal_weight,vol_target_20pct_max_1p50,0.2,1.5,2025,50,0.9200237454983392,2.4916392378204555,4.39058306738683,-0.1482911702743742,6.2041707796632455,0.0137801408952041,0.0725816991018336,0.1109273614284877,0.5849088646550915,29.47940677861661,0.0312090318644299,0.000584908864655,0.0,0.5005766341903164,0.5,0.5166115232387601,0.0,1.0,0.7
20,5,equal_weight,vol_target_20pct_max_1p50,0.2,1.5,2026,22,0.9411671044904096,2.256782878904638,5.75114103935265,-0.1321863310860168,7.120003231483666,0.0141707036101424,0.0170805395355871,0.0562227313345772,0.7000000000000001,35.28,0.026677072122744,0.0007,0.0,0.5,0.5,0.5,0.0,1.0,0.5454545454545454
20,5,equal_weight,regime_dd_vol_target_20pct_max_1p50,0.2,1.5,overall,275,0.3285809007863474,1.0648975982075048,2.022342088866801,-0.4443212308272097,0.7395120421651151,0.0066082614153795,0.0019041286682715,0.0101271919658491,0.5592336367146188,28.185375290416783,0.0116578508322387,0.0005592336367146,0.0,0.5047299459687222,0.5,0.65,0.0,1.0,0.5636363636363636
20,5,equal_weight,regime_dd_vol_target_20pct_max_1p50,0.2,1.5,2021,51,0.0491827826518811,0.3094219903946024,0.5006912233512616,-0.2381912763339596,0.2064843994660983,0.0017194412094472,-0.0420700238319501,-0.0499788969832994,0.5098039215686275,25.694117647058828,0.0019141650757371,0.0005098039215686,0.0,0.5235294117647059,0.5,0.65,0.0,1.0,0.5294117647058824
20,5,equal_weight,regime_dd_vol_target_20pct_max_1p50,0.2,1.5,2022,51,-0.2747118518206191,-0.678021709999348,-1.2718868182428964,-0.3196399327528799,-0.8594415893367251,-0.0050164730315853,-0.0658976233055878,-0.0864459526544879,0.5333333333333333,26.88,-0.0102199349635646,0.0005333333333333,0.0,0.5,0.5,0.5,0.0,1.0,0.4117647058823529
20,5,equal_weight,regime_dd_vol_target_20pct_max_1p50,0.2,1.5,2023,50,0.932076621413486,2.1911759248168656,4.886601950118299,-0.2683922766185491,3.4728146173080607,0.0141520282233029,0.0401485254156387,0.0507952739248747,0.526,26.5104,0.0351589044832777,0.000526,0.0,0.5,0.5,0.5,0.0,1.0,0.6
20,5,equal_weight,regime_dd_vol_target_20pct_max_1p50,0.2,1.5,2024,51,0.2633849836901418,0.9588833888315224,2.021710914562269,-0.1183911851557859,2.2247009635351205,0.0054324818982337,0.0003471037673055,0.0082277110805261,0.5812511149757953,29.29505619478008,0.0089907656069652,0.0005812511149757,0.0,0.5014098712133879,0.5,0.5719034318827809,0.0,1.0,0.5882352941176471
20,5,equal_weight,regime_dd_vol_target_20pct_max_1p50,0.2,1.5,2025,50,0.9200237454983392,2.4916392378204555,4.39058306738683,-0.1482911702743742,6.2041707796632455,0.0137801408952041,0.0725816991018336,0.1109273614284877,0.5849088646550915,29.47940677861661,0.0312090318644299,0.000584908864655,0.0,0.5005766341903164,0.5,0.5166115232387601,0.0,1.0,0.7
20,5,equal_weight,regime_dd_vol_target_20pct_max_1p50,0.2,1.5,2026,22,0.9411671044904096,2.256782878904638,5.75114103935265,-0.1321863310860168,7.120003231483666,0.0141707036101424,0.0170805395355871,0.0562227313345772,0.7000000000000001,35.28,0.026677072122744,0.0007,0.0,0.5,0.5,0.5,0.0,1.0,0.5454545454545454
20,5,equal_weight,vol_target_25pct_max_1p25,0.25,1.25,overall,275,0.3624346441780819,1.1093582472151005,2.1024029877589654,-0.4787300180791607,0.7570752417663337,0.007197963305893,0.0019041286682715,0.0101271919658491,0.584216006649065,29.44448673511288,0.0123090834436544,0.000584216006649,7.691824455793953e-07,0.5243690418029358,0.5,1.1401359051021724,0.0072727272727272,0.9709090909090908,0.5636363636363636
20,5,equal_weight,vol_target_25pct_max_1p25,0.25,1.25,2021,51,0.1404553691132331,0.5581466600738944,0.9010686201464098,-0.2799086403873533,0.501790044490456,0.0036928473027117,-0.0420700238319501,-0.0499788969832994,0.6041004580172983,30.446663084071833,0.0046131613413724,0.0006041004580172,4.147552402633995e-06,0.5973979007545753,0.5,1.1401359051021724,0.0392156862745098,0.8431372549019608,0.5294117647058824
20,5,equal_weight,vol_target_25pct_max_1p25,0.25,1.25,2022,51,-0.2759382227298187,-0.681692457473062,-1.276747931676489,-0.3196399327528798,-0.8632783155512431,-0.0050475895963378,-0.0658976233055878,-0.0864459526544879,0.5337575898982524,26.90138253087192,-0.0102573993144461,0.0005337575898982,0.0,0.5002121282824595,0.5,0.5108185424054361,0.0,1.0,0.4117647058823529
20,5,equal_weight,vol_target_25pct_max_1p25,0.25,1.25,2023,50,0.932076621413486,2.1911759248168656,4.886601950118299,-0.2683922766185491,3.4728146173080607,0.0141520282233029,0.0401485254156387,0.0507952739248747,0.526,26.5104,0.0351589044832777,0.000526,0.0,0.5,0.5,0.5,0.0,1.0,0.6
20,5,equal_weight,vol_target_25pct_max_1p25,0.25,1.25,2024,51,0.2952408886504105,1.004187167586514,2.255288471591528,-0.1195214266336739,2.470192140153299,0.0060112034263577,0.0003471037673055,0.0082277110805261,0.5947494281300006,29.97537117775203,0.0098494489659411,0.00059474942813,0.0,0.5120795597598053,0.5,0.7148792898534762,0.0,1.0,0.5882352941176471
20,5,equal_weight,vol_target_25pct_max_1p25,0.25,1.25,2025,50,0.977769377472718,2.4871211345679147,4.51929934575133,-0.1482911702743742,6.5935778621451995,0.0144520700152599,0.0725816991018336,0.1109273614284877,0.6119284110033951,30.841191914571112,0.0317033589421933,0.0006119284110033,0.0,0.522146349343369,0.5,0.64576440404845,0.0,1.0,0.7
20,5,equal_weight,vol_target_25pct_max_1p25,0.25,1.25,2026,22,0.9411671044904096,2.256782878904638,5.75114103935265,-0.1321863310860168,7.120003231483666,0.0141707036101424,0.0170805395355871,0.0562227313345772,0.7000000000000001,35.28,0.026677072122744,0.0007,0.0,0.5,0.5,0.5,0.0,1.0,0.5454545454545454
20,5,equal_weight,regime_dd_vol_target_25pct_max_1p25,0.25,1.25,overall,275,0.3347214545760755,1.0652894912141144,2.0287010332222626,-0.4539586724716863,0.7373390462034896,0.0067362007648595,0.0019041286682715,0.0101271919658491,0.5695469828997576,28.70516793814778,0.0116606687442941,0.0005695469828997,0.0,0.5131366228713956,0.5,0.65,0.0,1.0,0.5636363636363636
20,5,equal_weight,regime_dd_vol_target_25pct_max_1p25,0.25,1.25,2021,51,0.0316648542469595,0.2507236907496946,0.3968770642972838,-0.2466350583784314,0.1283874825223495,0.0014519105770169,-0.0420700238319501,-0.0499788969832994,0.5279713233792246,26.60975469831292,0.0011899716703877,0.0005279713233792,0.0,0.5383152071484066,0.5,0.65,0.0,1.0,0.5294117647058824
20,5,equal_weight,regime_dd_vol_target_25pct_max_1p25,0.25,1.25,2022,51,-0.2747118518206191,-0.678021709999348,-1.2718868182428964,-0.3196399327528799,-0.8594415893367251,-0.0050164730315853,-0.0658976233055878,-0.0864459526544879,0.5333333333333333,26.88,-0.0102199349635646,0.0005333333333333,0.0,0.5,0.5,0.5,0.0,1.0,0.4117647058823529
20,5,equal_weight,regime_dd_vol_target_25pct_max_1p25,0.25,1.25,2023,50,0.932076621413486,2.1911759248168656,4.886601950118299,-0.2683922766185491,3.4728146173080607,0.0141520282233029,0.0401485254156387,0.0507952739248747,0.526,26.5104,0.0351589044832777,0.000526,0.0,0.5,0.5,0.5,0.0,1.0,0.6
20,5,equal_weight,regime_dd_vol_target_25pct_max_1p25,0.25,1.25,2024,51,0.2794698205396593,0.9803370900303088,2.1504622128166972,-0.1194615647846502,2.339412019618621,0.0057311275327077,0.0003471037673055,0.0082277110805261,0.5922051422533938,29.847139169571047,0.0093633704373441,0.0005922051422533,0.0,0.5108074168215019,0.5,0.65,0.0,1.0,0.5882352941176471
20,5,equal_weight,regime_dd_vol_target_25pct_max_1p25,0.25,1.25,2025,50,0.977769377472718,2.4871211345679147,4.51929934575133,-0.1482911702743742,6.5935778621451995,0.0144520700152599,0.0725816991018336,0.1109273614284877,0.6119284110033951,30.841191914571112,0.0317033589421933,0.0006119284110033,0.0,0.522146349343369,0.5,0.64576440404845,0.0,1.0,0.7
20,5,equal_weight,regime_dd_vol_target_25pct_max_1p25,0.25,1.25,2026,22,0.9411671044904096,2.256782878904638,5.75114103935265,-0.1321863310860168,7.120003231483666,0.0141707036101424,0.0170805395355871,0.0562227313345772,0.7000000000000001,35.28,0.026677072122744,0.0007,0.0,0.5,0.5,0.5,0.0,1.0,0.5454545454545454
20,5,equal_weight,vol_target_25pct_max_1p50,0.25,1.5,overall,275,0.3624346441780819,1.1093582472151005,2.1024029877589654,-0.4787300180791607,0.7570752417663337,0.007197963305893,0.0019041286682715,0.0101271919658491,0.584216006649065,29.44448673511288,0.0123090834436544,0.000584216006649,7.691824455793953e-07,0.5243690418029358,0.5,1.1401359051021724,0.0072727272727272,0.9709090909090908,0.5636363636363636
20,5,equal_weight,vol_target_25pct_max_1p50,0.25,1.5,2021,51,0.1404553691132331,0.5581466600738944,0.9010686201464098,-0.2799086403873533,0.501790044490456,0.0036928473027117,-0.0420700238319501,-0.0499788969832994,0.6041004580172983,30.446663084071833,0.0046131613413724,0.0006041004580172,4.147552402633995e-06,0.5973979007545753,0.5,1.1401359051021724,0.0392156862745098,0.8431372549019608,0.5294117647058824
20,5,equal_weight,vol_target_25pct_max_1p50,0.25,1.5,2022,51,-0.2759382227298187,-0.681692457473062,-1.276747931676489,-0.3196399327528798,-0.8632783155512431,-0.0050475895963378,-0.0658976233055878,-0.0864459526544879,0.5337575898982524,26.90138253087192,-0.0102573993144461,0.0005337575898982,0.0,0.5002121282824595,0.5,0.5108185424054361,0.0,1.0,0.4117647058823529
20,5,equal_weight,vol_target_25pct_max_1p50,0.25,1.5,2023,50,0.932076621413486,2.1911759248168656,4.886601950118299,-0.2683922766185491,3.4728146173080607,0.0141520282233029,0.0401485254156387,0.0507952739248747,0.526,26.5104,0.0351589044832777,0.000526,0.0,0.5,0.5,0.5,0.0,1.0,0.6
20,5,equal_weight,vol_target_25pct_max_1p50,0.25,1.5,2024,51,0.2952408886504105,1.004187167586514,2.255288471591528,-0.1195214266336739,2.470192140153299,0.0060112034263577,0.0003471037673055,0.0082277110805261,0.5947494281300006,29.97537117775203,0.0098494489659411,0.00059474942813,0.0,0.5120795597598053,0.5,0.7148792898534762,0.0,1.0,0.5882352941176471
20,5,equal_weight,vol_target_25pct_max_1p50,0.25,1.5,2025,50,0.977769377472718,2.4871211345679147,4.51929934575133,-0.1482911702743742,6.5935778621451995,0.0144520700152599,0.0725816991018336,0.1109273614284877,0.6119284110033951,30.841191914571112,0.0317033589421933,0.0006119284110033,0.0,0.522146349343369,0.5,0.64576440404845,0.0,1.0,0.7
20,5,equal_weight,vol_target_25pct_max_1p50,0.25,1.5,2026,22,0.9411671044904096,2.256782878904638,5.75114103935265,-0.1321863310860168,7.120003231483666,0.0141707036101424,0.0170805395355871,0.0562227313345772,0.7000000000000001,35.28,0.026677072122744,0.0007,0.0,0.5,0.5,0.5,0.0,1.0,0.5454545454545454
20,5,equal_weight,regime_dd_vol_target_25pct_max_1p50,0.25,1.5,overall,275,0.3347214545760755,1.0652894912141144,2.0287010332222626,-0.4539586724716863,0.7373390462034896,0.0067362007648595,0.0019041286682715,0.0101271919658491,0.5695469828997576,28.70516793814778,0.0116606687442941,0.0005695469828997,0.0,0.5131366228713956,0.5,0.65,0.0,1.0,0.5636363636363636
20,5,equal_weight,regime_dd_vol_target_25pct_max_1p50,0.25,1.5,2021,51,0.0316648542469595,0.2507236907496946,0.3968770642972838,-0.2466350583784314,0.1283874825223495,0.0014519105770169,-0.0420700238319501,-0.0499788969832994,0.5279713233792246,26.60975469831292,0.0011899716703877,0.0005279713233792,0.0,0.5383152071484066,0.5,0.65,0.0,1.0,0.5294117647058824
20,5,equal_weight,regime_dd_vol_target_25pct_max_1p50,0.25,1.5,2022,51,-0.2747118518206191,-0.678021709999348,-1.2718868182428964,-0.3196399327528799,-0.8594415893367251,-0.0050164730315853,-0.0658976233055878,-0.0864459526544879,0.5333333333333333,26.88,-0.0102199349635646,0.0005333333333333,0.0,0.5,0.5,0.5,0.0,1.0,0.4117647058823529
20,5,equal_weight,regime_dd_vol_target_25pct_max_1p50,0.25,1.5,2023,50,0.932076621413486,2.1911759248168656,4.886601950118299,-0.2683922766185491,3.4728146173080607,0.0141520282233029,0.0401485254156387,0.0507952739248747,0.526,26.5104,0.0351589044832777,0.000526,0.0,0.5,0.5,0.5,0.0,1.0,0.6
20,5,equal_weight,regime_dd_vol_target_25pct_max_1p50,0.25,1.5,2024,51,0.2794698205396593,0.9803370900303088,2.1504622128166972,-0.1194615647846502,2.339412019618621,0.0057311275327077,0.0003471037673055,0.0082277110805261,0.5922051422533938,29.847139169571047,0.0093633704373441,0.0005922051422533,0.0,0.5108074168215019,0.5,0.65,0.0,1.0,0.5882352941176471
20,5,equal_weight,regime_dd_vol_target_25pct_max_1p50,0.25,1.5,2025,50,0.977769377472718,2.4871211345679147,4.51929934575133,-0.1482911702743742,6.5935778621451995,0.0144520700152599,0.0725816991018336,0.1109273614284877,0.6119284110033951,30.841191914571112,0.0317033589421933,0.0006119284110033,0.0,0.522146349343369,0.5,0.64576440404845,0.0,1.0,0.7
20,5,equal_weight,regime_dd_vol_target_25pct_max_1p50,0.25,1.5,2026,22,0.9411671044904096,2.256782878904638,5.75114103935265,-0.1321863310860168,7.120003231483666,0.0141707036101424,0.0170805395355871,0.0562227313345772,0.7000000000000001,35.28,0.026677072122744,0.0007,0.0,0.5,0.5,0.5,0.0,1.0,0.5454545454545454
20,5,equal_weight,vol_target_30pct_max_1p25,0.3,1.25,overall,275,0.3616214153723351,1.0564702989469232,1.9320290822952992,-0.5298901741661907,0.6824459727741979,0.0073387969606762,0.0019041286682715,0.0101271919658491,0.6229597822265134,31.397173024216272,0.0115176425308552,0.0006229597822265,1.803751803751804e-06,0.5565965839736681,0.5,1.25,0.0072727272727272,0.9709090909090908,0.5636363636363636
20,5,equal_weight,vol_target_30pct_max_1p25,0.3,1.25,2021,51,0.0619895575002953,0.345214085187951,0.5237275762706718,-0.3180516748969396,0.1949040435658206,0.0025123241419838,-0.0420700238319501,-0.0499788969832994,0.664115711184836,33.471431843715735,0.0018520139141264,0.0006641157111848,9.726112667289137e-06,0.6535255734885926,0.5,1.25,0.0392156862745098,0.8431372549019608,0.5294117647058824
20,5,equal_weight,vol_target_30pct_max_1p25,0.3,1.25,2022,51,-0.2961766500440069,-0.7347292665670718,-1.3298687643844234,-0.3196399327528797,-0.9265946450845592,-0.0055483261993045,-0.0658976233055878,-0.0864459526544879,0.5458336715597462,27.510017046611207,-0.0107661383685144,0.0005458336715597,0.0,0.5087513586358219,0.5,0.6129822508865232,0.0,1.0,0.4117647058823529
20,5,equal_weight,vol_target_30pct_max_1p25,0.3,1.25,2023,50,1.0086339828623272,2.225202227864088,5.163580695459484,-0.2690645624614735,3.7486689946646186,0.0150194815277106,0.0401485254156387,0.0507952739248747,0.5415787036349262,27.29556666320028,0.0369523005441818,0.0005415787036349,0.0,0.511160675397001,0.5,0.5674700587743803,0.0,1.0,0.6
20,5,equal_weight,vol_target_30pct_max_1p25,0.3,1.25,2024,51,0.3007619381945259,0.948329451392408,2.0511841774270696,-0.1417462145200809,2.121834006028552,0.006284370018999,0.0003471037673055,0.0082277110805261,0.6418106592721596,32.347257227316845,0.0092979115997672,0.0006418106592721,0.0,0.5515091472388044,0.5,0.8578551478241714,0.0,1.0,0.5882352941176471
20,5,equal_weight,vol_target_30pct_max_1p25,0.3,1.25,2025,50,1.075222278229958,2.3926132955975525,4.178697240806847,-0.1627545600812084,6.606403394740288,0.0156399974970195,0.0725816991018336,0.1109273614284877,0.686433969759097,34.59627207585849,0.0310791369622814,0.000686433969759,0.0,0.5813232925103279,0.5,0.77491728485814,0.0,1.0,0.7
20,5,equal_weight,vol_target_30pct_max_1p25,0.3,1.25,2026,22,0.9724976103626332,2.271959055979411,5.894533650634861,-0.1321863310860168,7.357020974655885,0.0145240203138123,0.0170805395355871,0.0562227313345772,0.7033429227152806,35.44848330485014,0.0274341105654462,0.0007033429227152,0.0,0.5016714613576403,0.5,0.5317118962810805,0.0,1.0,0.5454545454545454
20,5,equal_weight,regime_dd_vol_target_30pct_max_1p25,0.3,1.25,overall,275,0.3240564606134812,1.013616981330769,1.869049066653914,-0.4824692998284497,0.6716623435495379,0.0066565557999734,0.0019041286682715,0.0101271919658491,0.5954223841751731,30.009288162428724,0.0107985387343907,0.0005954223841751,0.0,0.5361717791796743,0.5,0.7068425427409227,0.0,1.0,0.5636363636363636
20,5,equal_weight,regime_dd_vol_target_30pct_max_1p25,0.3,1.25,2021,51,-0.0220270265871154,0.0868333363186585,0.1322328620465655,-0.2702509429092113,-0.081505826954747,0.0005465485794462,-0.0420700238319501,-0.0499788969832994,0.5718104004892499,28.819244184658196,-0.0007643165950494,0.0005718104004892,0.0,0.58400601427331,0.5,0.7068425427409227,0.0,1.0,0.5294117647058824
20,5,equal_weight,regime_dd_vol_target_30pct_max_1p25,0.3,1.25,2022,51,-0.2747118518206191,-0.678021709999348,-1.2718868182428964,-0.3196399327528799,-0.8594415893367251,-0.0050164730315853,-0.0658976233055878,-0.0864459526544879,0.5333333333333333,26.88,-0.0102199349635646,0.0005333333333333,0.0,0.5,0.5,0.5,0.0,1.0,0.4117647058823529
20,5,equal_weight,regime_dd_vol_target_30pct_max_1p25,0.3,1.25,2023,50,0.9376126722354816,2.197900005998497,4.9072554657129235,-0.2683922766185491,3.4934413316522437,0.0142118426175566,0.0401485254156387,0.0507952739248747,0.5272145914597539,26.571615409571596,0.0352862503006774,0.0005272145914597,0.0,0.5008230488806332,0.5,0.5179581325736083,0.0,1.0,0.6
20,5,equal_weight,regime_dd_vol_target_30pct_max_1p25,0.3,1.25,2024,51,0.2517408501472997,0.8759943465223472,1.7543909294235809,-0.1415574660226441,1.7783650500428576,0.0053884399279398,0.0003471037673055,0.0082277110805261,0.6296159033588552,31.7326415292863,0.0079331829313663,0.0006296159033588,0.0,0.5433736146148563,0.5,0.65,0.0,1.0,0.5882352941176471
20,5,equal_weight,regime_dd_vol_target_30pct_max_1p25,0.3,1.25,2025,50,1.0234508495379062,2.3776166245857695,4.046622923599306,-0.1627545600812084,6.288308290884398,0.0150717595589031,0.0725816991018336,0.1109273614284877,0.6686828055839074,33.70161340142893,0.0303680075297081,0.0006686828055839,0.0,0.5674590721442837,0.5,0.65,0.0,1.0,0.7
20,5,equal_weight,regime_dd_vol_target_30pct_max_1p25,0.3,1.25,2026,22,0.9724976103626332,2.271959055979411,5.894533650634861,-0.1321863310860168,7.357020974655885,0.0145240203138123,0.0170805395355871,0.0562227313345772,0.7033429227152806,35.44848330485014,0.0274341105654462,0.0007033429227152,0.0,0.5016714613576403,0.5,0.5317118962810805,0.0,1.0,0.5454545454545454
20,5,equal_weight,vol_target_30pct_max_1p50,0.3,1.5,overall,275,0.3612069876621955,1.055040428981877,1.9238250608854384,-0.5319187554190352,0.6790642066712682,0.0073349768478823,0.0019041286682715,0.0101271919658491,0.6240110660077864,31.450157726792437,0.0114850612451613,0.0006240110660077,2.3660203776967168e-06,0.5571633506962045,0.5,1.3681630861226068,0.0072727272727272,0.9709090909090908,0.5636363636363636
20,5,equal_weight,vol_target_30pct_max_1p50,0.3,1.5,2021,51,0.0602478112072115,0.3409790558523455,0.5135509364527018,-0.3209943651188671,0.1876911801392565,0.0024917254945656,-0.0420700238319501,-0.0499788969832994,0.6697843982407204,33.75713367133231,0.0017847430944166,0.0006697843982407,1.27579530169921e-05,0.6565816685610932,0.5,1.3681630861226068,0.0392156862745098,0.8431372549019608,0.5294117647058824
20,5,equal_weight,vol_target_30pct_max_1p50,0.3,1.5,2022,51,-0.2961766500440069,-0.7347292665670718,-1.3298687643844234,-0.3196399327528797,-0.9265946450845592,-0.0055483261993045,-0.0658976233055878,-0.0864459526544879,0.5458336715597462,27.510017046611207,-0.0107661383685144,0.0005458336715597,0.0,0.5087513586358219,0.5,0.6129822508865232,0.0,1.0,0.4117647058823529
20,5,equal_weight,vol_target_30pct_max_1p50,0.3,1.5,2023,50,1.0086339828623272,2.225202227864088,5.163580695459484,-0.2690645624614735,3.7486689946646186,0.0150194815277106,0.0401485254156387,0.0507952739248747,0.5415787036349262,27.29556666320028,0.0369523005441818,0.0005415787036349,0.0,0.511160675397001,0.5,0.5674700587743803,0.0,1.0,0.6
20,5,equal_weight,vol_target_30pct_max_1p50,0.3,1.5,2024,51,0.3007619381945259,0.948329451392408,2.0511841774270696,-0.1417462145200809,2.121834006028552,0.006284370018999,0.0003471037673055,0.0082277110805261,0.6418106592721596,32.347257227316845,0.0092979115997672,0.0006418106592721,0.0,0.5515091472388044,0.5,0.8578551478241714,0.0,1.0,0.5882352941176471
20,5,equal_weight,vol_target_30pct_max_1p50,0.3,1.5,2025,50,1.075222278229958,2.3926132955975525,4.178697240806847,-0.1627545600812084,6.606403394740288,0.0156399974970195,0.0725816991018336,0.1109273614284877,0.686433969759097,34.59627207585849,0.0310791369622814,0.000686433969759,0.0,0.5813232925103279,0.5,0.77491728485814,0.0,1.0,0.7
20,5,equal_weight,vol_target_30pct_max_1p50,0.3,1.5,2026,22,0.9724976103626332,2.271959055979411,5.894533650634861,-0.1321863310860168,7.357020974655885,0.0145240203138123,0.0170805395355871,0.0562227313345772,0.7033429227152806,35.44848330485014,0.0274341105654462,0.0007033429227152,0.0,0.5016714613576403,0.5,0.5317118962810805,0.0,1.0,0.5454545454545454
20,5,equal_weight,regime_dd_vol_target_30pct_max_1p50,0.3,1.5,overall,275,0.3240564606134812,1.013616981330769,1.869049066653914,-0.4824692998284497,0.6716623435495379,0.0066565557999734,0.0019041286682715,0.0101271919658491,0.5954223841751731,30.009288162428724,0.0107985387343907,0.0005954223841751,0.0,0.5361717791796743,0.5,0.7068425427409227,0.0,1.0,0.5636363636363636
20,5,equal_weight,regime_dd_vol_target_30pct_max_1p50,0.3,1.5,2021,51,-0.0220270265871154,0.0868333363186585,0.1322328620465655,-0.2702509429092113,-0.081505826954747,0.0005465485794462,-0.0420700238319501,-0.0499788969832994,0.5718104004892499,28.819244184658196,-0.0007643165950494,0.0005718104004892,0.0,0.58400601427331,0.5,0.7068425427409227,0.0,1.0,0.5294117647058824
20,5,equal_weight,regime_dd_vol_target_30pct_max_1p50,0.3,1.5,2022,51,-0.2747118518206191,-0.678021709999348,-1.2718868182428964,-0.3196399327528799,-0.8594415893367251,-0.0050164730315853,-0.0658976233055878,-0.0864459526544879,0.5333333333333333,26.88,-0.0102199349635646,0.0005333333333333,0.0,0.5,0.5,0.5,0.0,1.0,0.4117647058823529
20,5,equal_weight,regime_dd_vol_target_30pct_max_1p50,0.3,1.5,2023,50,0.9376126722354816,2.197900005998497,4.9072554657129235,-0.2683922766185491,3.4934413316522437,0.0142118426175566,0.0401485254156387,0.0507952739248747,0.5272145914597539,26.571615409571596,0.0352862503006774,0.0005272145914597,0.0,0.5008230488806332,0.5,0.5179581325736083,0.0,1.0,0.6
20,5,equal_weight,regime_dd_vol_target_30pct_max_1p50,0.3,1.5,2024,51,0.2517408501472997,0.8759943465223472,1.7543909294235809,-0.1415574660226441,1.7783650500428576,0.0053884399279398,0.0003471037673055,0.0082277110805261,0.6296159033588552,31.7326415292863,0.0079331829313663,0.0006296159033588,0.0,0.5433736146148563,0.5,0.65,0.0,1.0,0.5882352941176471
20,5,equal_weight,regime_dd_vol_target_30pct_max_1p50,0.3,1.5,2025,50,1.0234508495379062,2.3776166245857695,4.046622923599306,-0.1627545600812084,6.288308290884398,0.0150717595589031,0.0725816991018336,0.1109273614284877,0.6686828055839074,33.70161340142893,0.0303680075297081,0.0006686828055839,0.0,0.5674590721442837,0.5,0.65,0.0,1.0,0.7
20,5,equal_weight,regime_dd_vol_target_30pct_max_1p50,0.3,1.5,2026,22,0.9724976103626332,2.271959055979411,5.894533650634861,-0.1321863310860168,7.357020974655885,0.0145240203138123,0.0170805395355871,0.0562227313345772,0.7033429227152806,35.44848330485014,0.0274341105654462,0.0007033429227152,0.0,0.5016714613576403,0.5,0.5317118962810805,0.0,1.0,0.5454545454545454
20,5,buffer_inverse_volatility,static_1x,,1.0,overall,275,0.6013763533765468,1.0746762336681688,1.9522005580871928,-0.6922729987887645,0.8686982656101639,0.0129930776157399,0.0019041286682715,0.0101271919658491,0.9948814941450744,50.14202730491175,0.0119934590940968,0.000994881494145,0.0,1.0,1.0,1.0,0.0,0.0,0.5709090909090909
20,5,buffer_inverse_volatility,static_1x,,1.0,2021,51,-0.0032771184890316,0.2509543618981096,0.3596126526381781,-0.407401184040518,-0.0080439591670547,0.002551445677507,-0.0420700238319501,-0.0499788969832994,0.7985416807407613,40.24650070933436,-8.142617199690134e-05,0.0007985416807407,0.0,1.0,1.0,1.0,0.0,0.0,0.5686274509803921
20,5,buffer_inverse_volatility,static_1x,,1.0,2022,51,-0.5212624786694535,-0.6004623674259282,-1.100808293655026,-0.4948004261557854,-1.0534802540880122,-0.0090216713980472,-0.0658976233055878,-0.0864459526544879,0.925069570736416,46.62350636511536,-0.0111802504639477,0.0009250695707364,0.0,1.0,1.0,1.0,0.0,0.0,0.4117647058823529
20,5,buffer_inverse_volatility,static_1x,,1.0,2023,50,2.998855277261036,2.55267435342049,6.210239294653082,-0.4354841579980828,6.886255727525772,0.0314025810432061,0.0401485254156387,0.0507952739248747,1.0056608808687115,50.68530839578306,0.0591661641642598,0.0010056608808687,0.0,1.0,1.0,1.0,0.0,0.0,0.6
20,5,buffer_inverse_volatility,static_1x,,1.0,2024,51,0.4344476783894209,0.9611910892593256,1.670131951023584,-0.221880987119953,1.9580212078043,0.0096734214444464,0.0003471037673055,0.0082277110805261,1.026415224062962,51.73132729277329,0.008398154486365,0.0010264152240629,0.0,1.0,1.0,1.0,0.0,0.0,0.5490196078431373
20,5,buffer_inverse_volatility,static_1x,,1.0,2025,50,2.0246099094244787,2.191525256144405,4.3374713353218395,-0.3492908995351651,5.7963431401127865,0.0255151130652029,0.0725816991018336,0.1109273614284877,1.1016010463512464,55.520692736102816,0.0364658618192629,0.0011016010463512,0.0,1.0,1.0,1.0,0.0,0.0,0.72
20,5,buffer_inverse_volatility,static_1x,,1.0,2026,22,2.0017527713959904,2.0441042375397473,5.800452743681475,-0.2617009914546134,7.649007213421858,0.0256294844085818,0.0170805395355871,0.0562227313345772,1.2717256489250213,64.09497270582106,0.0312310417945492,0.001271725648925,0.0,1.0,1.0,1.0,0.0,0.0,0.5909090909090909
20,5,buffer_inverse_volatility,legacy_risk_scaled,,1.0,overall,275,0.348469356858841,1.0510000143897793,1.7546891974112242,-0.4846266549582861,0.7190470299014718,0.0070761636960915,0.0019041286682715,0.0101271919658491,0.5373247524372187,27.08116752283582,0.0128675898690482,0.0005373247524372,0.0,0.5330909090909092,0.45,1.0,0.0,0.8727272727272727,0.5709090909090909
20,5,buffer_inverse_volatility,legacy_risk_scaled,,1.0,2021,51,-0.1957506218687683,-0.5029460862055416,-0.5432821923905642,-0.3791749033778335,-0.5162541616677362,-0.0032417874983764,-0.0420700238319501,-0.0499788969832994,0.4290481932542287,21.62402894001313,-0.0090524583745146,0.0004290481932542,0.0,0.5362745098039216,0.45,1.0,0.0,0.8431372549019608,0.5686274509803921
20,5,buffer_inverse_volatility,legacy_risk_scaled,,1.0,2022,51,-0.2301715768140824,-0.6004623674259282,-1.100808293655026,-0.2497181812096854,-0.9217253453436376,-0.0040597521291212,-0.0658976233055878,-0.0864459526544879,0.4162813068313872,20.98057786430191,-0.0109706976758593,0.0004162813068313,0.0,0.45,0.45,0.45,0.0,1.0,0.4117647058823529
20,5,buffer_inverse_volatility,legacy_risk_scaled,,1.0,2023,50,1.2666265274212734,2.793400717958168,7.693337249192668,-0.2215194087938781,5.717903159446667,0.0172794754565954,0.0401485254156387,0.0507952739248747,0.483491113542141,24.367952122523903,0.0519791946837624,0.0004834911135421,0.0,0.486,0.45,0.75,0.0,1.0,0.6
20,5,buffer_inverse_volatility,legacy_risk_scaled,,1.0,2024,51,0.4174949666765855,1.1448897306516117,2.08091863646746,-0.1012513891959001,4.12335050404909,0.0081797611262774,0.0003471037673055,0.0082277110805261,0.6665276518167951,33.59299365156647,0.0124280369593412,0.0006665276518167,0.0,0.6352941176470588,0.45,1.0,0.0,0.7058823529411765,0.5490196078431373
20,5,buffer_inverse_volatility,legacy_risk_scaled,,1.0,2025,50,1.057012221662632,2.175335203638723,4.570334290387448,-0.2505103469395934,4.219435382912602,0.0156690010302535,0.0725816991018336,0.1109273614284877,0.6778990514349484,34.1661121923214,0.0309374451419201,0.0006778990514349,0.0,0.5940000000000001,0.45,1.0,0.0,0.76,0.72
20,5,buffer_inverse_volatility,legacy_risk_scaled,,1.0,2026,22,0.7173401801983412,2.044104237539747,5.800452743681473,-0.1236808670975422,5.799928453223111,0.0115332679838618,0.0170805395355871,0.0562227313345772,0.5722765420162598,28.842737717619492,0.0248707382503475,0.0005722765420162,0.0,0.4499999999999998,0.45,0.45,0.0,1.0,0.5909090909090909
20,5,buffer_inverse_volatility,vol_target_20pct_max_1p25,0.2,1.25,overall,275,0.3630717270950958,1.148661143741231,2.1066037710057888,-0.4009181191909886,0.9056006942957258,0.007116389896062,0.0019041286682715,0.0101271919658491,0.5123073273618126,25.820289299035355,0.0140614895088979,0.0005123073273618,0.0,0.5140633949892993,0.5,1.0,0.0,0.9781818181818182,0.5709090909090909
20,5,buffer_inverse_volatility,vol_target_20pct_max_1p25,0.2,1.25,2021,51,0.1875578054841336,0.722514190803456,1.128430512435358,-0.2468720180124693,0.7597369964977567,0.0042859979787984,-0.0420700238319501,-0.0499788969832994,0.4755489632701309,23.9676677488146,0.0078254508302506,0.0004755489632701,0.0,0.5731154901667024,0.5,1.0,0.0,0.8823529411764706,0.5686274509803921
20,5,buffer_inverse_volatility,vol_target_20pct_max_1p25,0.2,1.25,2022,51,-0.2574529534281905,-0.6004623674259282,-1.100808293655026,-0.2747116849067461,-0.9371751096630117,-0.0045108356990236,-0.0658976233055878,-0.0864459526544879,0.4625347853682079,23.31175318255768,-0.0110439121164349,0.0004625347853682,0.0,0.5,0.5,0.5,0.0,1.0,0.4117647058823529
20,5,buffer_inverse_volatility,vol_target_20pct_max_1p25,0.2,1.25,2023,50,1.0966096466785675,2.55267435342049,6.210239294653082,-0.243389539411301,4.505574271314184,0.015701290521603,0.0401485254156387,0.0507952739248747,0.5028304404343558,25.34265419789153,0.0432713021341625,0.0005028304404343,0.0,0.5,0.5,0.5,0.0,1.0,0.6
20,5,buffer_inverse_volatility,vol_target_20pct_max_1p25,0.2,1.25,2024,51,0.2529911199019243,0.9974177011672076,1.7719052243360434,-0.1124107657782441,2.2505951111569416,0.0051342403795587,0.0003471037673055,0.0082277110805261,0.5167786766623762,26.04564530378376,0.0097133749980527,0.0005167786766623,0.0,0.5023894770938281,0.5,0.5695335904165443,0.0,1.0,0.5490196078431373
20,5,buffer_inverse_volatility,vol_target_20pct_max_1p25,0.2,1.25,2025,50,0.8207228967362665,2.1955946544192853,4.34951262761405,-0.184933630424725,4.437932110300143,0.0127927766243301,0.0725816991018336,0.1109273614284877,0.5511205434853796,27.776475391663137,0.0295474096394029,0.0005511205434853,0.0,0.5003336058354048,0.5,0.5084574375990721,0.0,1.0,0.72
20,5,buffer_inverse_volatility,vol_target_20pct_max_1p25,0.2,1.25,2026,22,0.8149286886789908,2.0441042375397473,5.800452743681475,-0.1368266302532007,5.955921644572749,0.0128147422042909,0.0170805395355871,0.0562227313345772,0.6358628244625106,32.04748635291053,0.0254287865108952,0.0006358628244625,0.0,0.5,0.5,0.5,0.0,1.0,0.5909090909090909
20,5,buffer_inverse_volatility,regime_dd_vol_target_20pct_max_1p25,0.2,1.25,overall,275,0.3369847345996595,1.0988345073845402,2.0021655629623027,-0.4009181191909887,0.8405325638054468,0.0067020082715193,0.0019041286682715,0.0101271919658491,0.5028375519489209,25.34301261822561,0.0132969485386798,0.0005028375519489,0.0,0.5049206909152043,0.5,0.65,0.0,1.0,0.5709090909090909
20,5,buffer_inverse_volatility,regime_dd_vol_target_20pct_max_1p25,0.2,1.25,2021,51,0.0700458083427202,0.385170546465076,0.562493987474769,-0.2339992971300425,0.2993419604324411,0.0020515872582246,-0.0420700238319501,-0.0499788969832994,0.4244864487888514,21.39411701895811,0.0032740686741429,0.0004244864487888,0.0,0.5238165956495234,0.5,0.65,0.0,1.0,0.5686274509803921
20,5,buffer_inverse_volatility,regime_dd_vol_target_20pct_max_1p25,0.2,1.25,2022,51,-0.2574529534281905,-0.6004623674259282,-1.100808293655026,-0.2747116849067461,-0.9371751096630117,-0.0045108356990236,-0.0658976233055878,-0.0864459526544879,0.4625347853682079,23.31175318255768,-0.0110439121164349,0.0004625347853682,0.0,0.5,0.5,0.5,0.0,1.0,0.4117647058823529
20,5,buffer_inverse_volatility,regime_dd_vol_target_20pct_max_1p25,0.2,1.25,2023,50,1.0966096466785675,2.55267435342049,6.210239294653082,-0.243389539411301,4.505574271314184,0.015701290521603,0.0401485254156387,0.0507952739248747,0.5028304404343558,25.34265419789153,0.0432713021341625,0.0005028304404343,0.0,0.5,0.5,0.5,0.0,1.0,0.6
20,5,buffer_inverse_volatility,regime_dd_vol_target_20pct_max_1p25,0.2,1.25,2024,51,0.2529911199019243,0.9974177011672076,1.7719052243360434,-0.1124107657782441,2.2505951111569416,0.0051342403795587,0.0003471037673055,0.0082277110805261,0.5167786766623762,26.04564530378376,0.0097133749980527,0.0005167786766623,0.0,0.5023894770938281,0.5,0.5695335904165443,0.0,1.0,0.5490196078431373
20,5,buffer_inverse_volatility,regime_dd_vol_target_20pct_max_1p25,0.2,1.25,2025,50,0.8207228967362665,2.1955946544192853,4.34951262761405,-0.184933630424725,4.437932110300143,0.0127927766243301,0.0725816991018336,0.1109273614284877,0.5511205434853796,27.776475391663137,0.0295474096394029,0.0005511205434853,0.0,0.5003336058354048,0.5,0.5084574375990721,0.0,1.0,0.72
20,5,buffer_inverse_volatility,regime_dd_vol_target_20pct_max_1p25,0.2,1.25,2026,22,0.8149286886789908,2.0441042375397473,5.800452743681475,-0.1368266302532007,5.955921644572749,0.0128147422042909,0.0170805395355871,0.0562227313345772,0.6358628244625106,32.04748635291053,0.0254287865108952,0.0006358628244625,0.0,0.5,0.5,0.5,0.0,1.0,0.5909090909090909
20,5,buffer_inverse_volatility,vol_target_20pct_max_1p50,0.2,1.5,overall,275,0.3630717270950958,1.148661143741231,2.1066037710057888,-0.4009181191909886,0.9056006942957258,0.007116389896062,0.0019041286682715,0.0101271919658491,0.5123073273618126,25.820289299035355,0.0140614895088979,0.0005123073273618,0.0,0.5140633949892993,0.5,1.0,0.0,0.9781818181818182,0.5709090909090909
20,5,buffer_inverse_volatility,vol_target_20pct_max_1p50,0.2,1.5,2021,51,0.1875578054841336,0.722514190803456,1.128430512435358,-0.2468720180124693,0.7597369964977567,0.0042859979787984,-0.0420700238319501,-0.0499788969832994,0.4755489632701309,23.9676677488146,0.0078254508302506,0.0004755489632701,0.0,0.5731154901667024,0.5,1.0,0.0,0.8823529411764706,0.5686274509803921
20,5,buffer_inverse_volatility,vol_target_20pct_max_1p50,0.2,1.5,2022,51,-0.2574529534281905,-0.6004623674259282,-1.100808293655026,-0.2747116849067461,-0.9371751096630117,-0.0045108356990236,-0.0658976233055878,-0.0864459526544879,0.4625347853682079,23.31175318255768,-0.0110439121164349,0.0004625347853682,0.0,0.5,0.5,0.5,0.0,1.0,0.4117647058823529
20,5,buffer_inverse_volatility,vol_target_20pct_max_1p50,0.2,1.5,2023,50,1.0966096466785675,2.55267435342049,6.210239294653082,-0.243389539411301,4.505574271314184,0.015701290521603,0.0401485254156387,0.0507952739248747,0.5028304404343558,25.34265419789153,0.0432713021341625,0.0005028304404343,0.0,0.5,0.5,0.5,0.0,1.0,0.6
20,5,buffer_inverse_volatility,vol_target_20pct_max_1p50,0.2,1.5,2024,51,0.2529911199019243,0.9974177011672076,1.7719052243360434,-0.1124107657782441,2.2505951111569416,0.0051342403795587,0.0003471037673055,0.0082277110805261,0.5167786766623762,26.04564530378376,0.0097133749980527,0.0005167786766623,0.0,0.5023894770938281,0.5,0.5695335904165443,0.0,1.0,0.5490196078431373
20,5,buffer_inverse_volatility,vol_target_20pct_max_1p50,0.2,1.5,2025,50,0.8207228967362665,2.1955946544192853,4.34951262761405,-0.184933630424725,4.437932110300143,0.0127927766243301,0.0725816991018336,0.1109273614284877,0.5511205434853796,27.776475391663137,0.0295474096394029,0.0005511205434853,0.0,0.5003336058354048,0.5,0.5084574375990721,0.0,1.0,0.72
20,5,buffer_inverse_volatility,vol_target_20pct_max_1p50,0.2,1.5,2026,22,0.8149286886789908,2.0441042375397473,5.800452743681475,-0.1368266302532007,5.955921644572749,0.0128147422042909,0.0170805395355871,0.0562227313345772,0.6358628244625106,32.04748635291053,0.0254287865108952,0.0006358628244625,0.0,0.5,0.5,0.5,0.0,1.0,0.5909090909090909
20,5,buffer_inverse_volatility,regime_dd_vol_target_20pct_max_1p50,0.2,1.5,overall,275,0.3369847345996595,1.0988345073845402,2.0021655629623027,-0.4009181191909887,0.8405325638054468,0.0067020082715193,0.0019041286682715,0.0101271919658491,0.5028375519489209,25.34301261822561,0.0132969485386798,0.0005028375519489,0.0,0.5049206909152043,0.5,0.65,0.0,1.0,0.5709090909090909
20,5,buffer_inverse_volatility,regime_dd_vol_target_20pct_max_1p50,0.2,1.5,2021,51,0.0700458083427202,0.385170546465076,0.562493987474769,-0.2339992971300425,0.2993419604324411,0.0020515872582246,-0.0420700238319501,-0.0499788969832994,0.4244864487888514,21.39411701895811,0.0032740686741429,0.0004244864487888,0.0,0.5238165956495234,0.5,0.65,0.0,1.0,0.5686274509803921
20,5,buffer_inverse_volatility,regime_dd_vol_target_20pct_max_1p50,0.2,1.5,2022,51,-0.2574529534281905,-0.6004623674259282,-1.100808293655026,-0.2747116849067461,-0.9371751096630117,-0.0045108356990236,-0.0658976233055878,-0.0864459526544879,0.4625347853682079,23.31175318255768,-0.0110439121164349,0.0004625347853682,0.0,0.5,0.5,0.5,0.0,1.0,0.4117647058823529
20,5,buffer_inverse_volatility,regime_dd_vol_target_20pct_max_1p50,0.2,1.5,2023,50,1.0966096466785675,2.55267435342049,6.210239294653082,-0.243389539411301,4.505574271314184,0.015701290521603,0.0401485254156387,0.0507952739248747,0.5028304404343558,25.34265419789153,0.0432713021341625,0.0005028304404343,0.0,0.5,0.5,0.5,0.0,1.0,0.6
20,5,buffer_inverse_volatility,regime_dd_vol_target_20pct_max_1p50,0.2,1.5,2024,51,0.2529911199019243,0.9974177011672076,1.7719052243360434,-0.1124107657782441,2.2505951111569416,0.0051342403795587,0.0003471037673055,0.0082277110805261,0.5167786766623762,26.04564530378376,0.0097133749980527,0.0005167786766623,0.0,0.5023894770938281,0.5,0.5695335904165443,0.0,1.0,0.5490196078431373
20,5,buffer_inverse_volatility,regime_dd_vol_target_20pct_max_1p50,0.2,1.5,2025,50,0.8207228967362665,2.1955946544192853,4.34951262761405,-0.184933630424725,4.437932110300143,0.0127927766243301,0.0725816991018336,0.1109273614284877,0.5511205434853796,27.776475391663137,0.0295474096394029,0.0005511205434853,0.0,0.5003336058354048,0.5,0.5084574375990721,0.0,1.0,0.72
20,5,buffer_inverse_volatility,regime_dd_vol_target_20pct_max_1p50,0.2,1.5,2026,22,0.8149286886789908,2.0441042375397473,5.800452743681475,-0.1368266302532007,5.955921644572749,0.0128147422042909,0.0170805395355871,0.0562227313345772,0.6358628244625106,32.04748635291053,0.0254287865108952,0.0006358628244625,0.0,0.5,0.5,0.5,0.0,1.0,0.5909090909090909
20,5,buffer_inverse_volatility,vol_target_25pct_max_1p25,0.25,1.25,overall,275,0.3627214811261523,1.1212695521754503,2.011074583406582,-0.4341013272628512,0.8355686987027388,0.0071759945100381,0.0019041286682715,0.0101271919658491,0.5275523635061709,26.58863912071101,0.0136419724033041,0.0005275523635061,5.151678408014486e-07,0.5295354097079367,0.5,1.1313122730703526,0.0072727272727272,0.9709090909090908,0.5709090909090909
20,5,buffer_inverse_volatility,vol_target_25pct_max_1p25,0.25,1.25,2021,51,0.1150116167137678,0.4976668960411824,0.7097980899373989,-0.2770911502737458,0.4150678092755568,0.003179468974283,-0.0420700238319501,-0.0499788969832994,0.5080664999861737,25.606551599303152,0.004491491806999,0.0005080664999861,2.777865808243105e-06,0.6089319165131906,0.5,1.1313122730703526,0.0392156862745098,0.8431372549019608,0.5686274509803921
20,5,buffer_inverse_volatility,vol_target_25pct_max_1p25,0.25,1.25,2022,51,-0.259964624750134,-0.607862670442938,-1.1113558813472022,-0.2747116849067461,-0.946318045547942,-0.0045732590796233,-0.0658976233055878,-0.0864459526544879,0.4631021030919511,23.340345995834337,-0.0111379936182836,0.0004631021030919,0.0,0.5004465496458376,0.5,0.5194439197715737,0.0,1.0,0.4117647058823529
20,5,buffer_inverse_volatility,vol_target_25pct_max_1p25,0.25,1.25,2023,50,1.1124043187958224,2.5675045420138045,6.280210079478398,-0.2434357415950077,4.569601454195974,0.0158600713910251,0.0401485254156387,0.0507952739248747,0.5052290923298797,25.463546253425935,0.0436861506926261,0.0005052290923298,0.0,0.5022311932000957,0.5,0.5423103226655193,0.0,1.0,0.6
20,5,buffer_inverse_volatility,vol_target_25pct_max_1p25,0.25,1.25,2024,51,0.2790502475826353,1.0156545083029822,1.8297365314287748,-0.1223389847755461,2.2809593204864775,0.0056487723604642,0.0003471037673055,0.0082277110805261,0.5406418095930224,27.24834720348833,0.0102409972061318,0.000540641809593,0.0,0.5269262979755827,0.5,0.7119169880206803,0.0,1.0,0.5490196078431373
20,5,buffer_inverse_volatility,vol_target_25pct_max_1p25,0.25,1.25,2025,50,0.8909321106769865,2.2352744217836436,4.655724099490194,-0.1866389779780788,4.773558665658942,0.0136293299440699,0.0725816991018336,0.1109273614284877,0.5744826432659851,28.953925220605647,0.0307706849378382,0.0005744826432659,0.0,0.5211827007762531,0.5,0.6355717969988401,0.0,1.0,0.72
20,5,buffer_inverse_volatility,vol_target_25pct_max_1p25,0.25,1.25,2026,22,0.8149286886789908,2.0441042375397473,5.800452743681475,-0.1368266302532007,5.955921644572749,0.0128147422042909,0.0170805395355871,0.0562227313345772,0.6358628244625106,32.04748635291053,0.0254287865108952,0.0006358628244625,0.0,0.5,0.5,0.5,0.0,1.0,0.5909090909090909
20,5,buffer_inverse_volatility,regime_dd_vol_target_25pct_max_1p25,0.25,1.25,overall,275,0.3387500622394745,1.0825548670076006,1.9472666661242308,-0.4263222482366056,0.7945868732880929,0.0067788443709422,0.0019041286682715,0.0101271919658491,0.5151156286154956,25.96182768222098,0.013048005186147,0.0005151156286154,0.0,0.518170100325346,0.5,0.65,0.0,1.0,0.5709090909090909
20,5,buffer_inverse_volatility,regime_dd_vol_target_25pct_max_1p25,0.25,1.25,2021,51,0.0250482741473483,0.2290225030865143,0.3157867155130888,-0.2484106015854339,0.1008341592004626,0.0013049571242859,-0.0420700238319501,-0.0499788969832994,0.446078641787787,22.482363546104462,0.0011141299310449,0.0004460786417877,0.0,0.5512298669941679,0.5,0.65,0.0,1.0,0.5686274509803921
20,5,buffer_inverse_volatility,regime_dd_vol_target_25pct_max_1p25,0.25,1.25,2022,51,-0.2574529534281905,-0.6004623674259282,-1.100808293655026,-0.2747116849067461,-0.9371751096630117,-0.0045108356990236,-0.0658976233055878,-0.0864459526544879,0.4625347853682079,23.31175318255768,-0.0110439121164349,0.0004625347853682,0.0,0.5,0.5,0.5,0.0,1.0,0.4117647058823529
20,5,buffer_inverse_volatility,regime_dd_vol_target_25pct_max_1p25,0.25,1.25,2023,50,1.1043927385607306,2.558269152211503,6.241739525388443,-0.243389539411301,4.537552194034234,0.0157809322633793,0.0401485254156387,0.0507952739248747,0.5033562308001667,25.3691540323284,0.0435328957817585,0.0005033562308001,0.0,0.5004926737655541,0.5,0.5246336882777022,0.0,1.0,0.6
20,5,buffer_inverse_volatility,regime_dd_vol_target_25pct_max_1p25,0.25,1.25,2024,51,0.2647611074565512,0.990912869929268,1.7481834614982736,-0.1222830803702893,2.1651491494556696,0.0053969523618404,0.0003471037673055,0.0082277110805261,0.5379722988788768,27.113803863495388,0.0097648086852546,0.0005379722988788,0.0,0.5254957969740633,0.5,0.65,0.0,1.0,0.5490196078431373
20,5,buffer_inverse_volatility,regime_dd_vol_target_25pct_max_1p25,0.25,1.25,2025,50,0.8909321106769865,2.2352744217836436,4.655724099490194,-0.1866389779780788,4.773558665658942,0.0136293299440699,0.0725816991018336,0.1109273614284877,0.5744826432659851,28.953925220605647,0.0307706849378382,0.0005744826432659,0.0,0.5211827007762531,0.5,0.6355717969988401,0.0,1.0,0.72
20,5,buffer_inverse_volatility,regime_dd_vol_target_25pct_max_1p25,0.25,1.25,2026,22,0.8149286886789908,2.0441042375397473,5.800452743681475,-0.1368266302532007,5.955921644572749,0.0128147422042909,0.0170805395355871,0.0562227313345772,0.6358628244625106,32.04748635291053,0.0254287865108952,0.0006358628244625,0.0,0.5,0.5,0.5,0.0,1.0,0.5909090909090909
20,5,buffer_inverse_volatility,vol_target_25pct_max_1p50,0.25,1.5,overall,275,0.3627214811261523,1.1212695521754503,2.011074583406582,-0.4341013272628512,0.8355686987027388,0.0071759945100381,0.0019041286682715,0.0101271919658491,0.5275523635061709,26.58863912071101,0.0136419724033041,0.0005275523635061,5.151678408014486e-07,0.5295354097079367,0.5,1.1313122730703526,0.0072727272727272,0.9709090909090908,0.5709090909090909
20,5,buffer_inverse_volatility,vol_target_25pct_max_1p50,0.25,1.5,2021,51,0.1150116167137678,0.4976668960411824,0.7097980899373989,-0.2770911502737458,0.4150678092755568,0.003179468974283,-0.0420700238319501,-0.0499788969832994,0.5080664999861737,25.606551599303152,0.004491491806999,0.0005080664999861,2.777865808243105e-06,0.6089319165131906,0.5,1.1313122730703526,0.0392156862745098,0.8431372549019608,0.5686274509803921
20,5,buffer_inverse_volatility,vol_target_25pct_max_1p50,0.25,1.5,2022,51,-0.259964624750134,-0.607862670442938,-1.1113558813472022,-0.2747116849067461,-0.946318045547942,-0.0045732590796233,-0.0658976233055878,-0.0864459526544879,0.4631021030919511,23.340345995834337,-0.0111379936182836,0.0004631021030919,0.0,0.5004465496458376,0.5,0.5194439197715737,0.0,1.0,0.4117647058823529
20,5,buffer_inverse_volatility,vol_target_25pct_max_1p50,0.25,1.5,2023,50,1.1124043187958224,2.5675045420138045,6.280210079478398,-0.2434357415950077,4.569601454195974,0.0158600713910251,0.0401485254156387,0.0507952739248747,0.5052290923298797,25.463546253425935,0.0436861506926261,0.0005052290923298,0.0,0.5022311932000957,0.5,0.5423103226655193,0.0,1.0,0.6
20,5,buffer_inverse_volatility,vol_target_25pct_max_1p50,0.25,1.5,2024,51,0.2790502475826353,1.0156545083029822,1.8297365314287748,-0.1223389847755461,2.2809593204864775,0.0056487723604642,0.0003471037673055,0.0082277110805261,0.5406418095930224,27.24834720348833,0.0102409972061318,0.000540641809593,0.0,0.5269262979755827,0.5,0.7119169880206803,0.0,1.0,0.5490196078431373
20,5,buffer_inverse_volatility,vol_target_25pct_max_1p50,0.25,1.5,2025,50,0.8909321106769865,2.2352744217836436,4.655724099490194,-0.1866389779780788,4.773558665658942,0.0136293299440699,0.0725816991018336,0.1109273614284877,0.5744826432659851,28.953925220605647,0.0307706849378382,0.0005744826432659,0.0,0.5211827007762531,0.5,0.6355717969988401,0.0,1.0,0.72
20,5,buffer_inverse_volatility,vol_target_25pct_max_1p50,0.25,1.5,2026,22,0.8149286886789908,2.0441042375397473,5.800452743681475,-0.1368266302532007,5.955921644572749,0.0128147422042909,0.0170805395355871,0.0562227313345772,0.6358628244625106,32.04748635291053,0.0254287865108952,0.0006358628244625,0.0,0.5,0.5,0.5,0.0,1.0,0.5909090909090909
20,5,buffer_inverse_volatility,regime_dd_vol_target_25pct_max_1p50,0.25,1.5,overall,275,0.3387500622394745,1.0825548670076006,1.9472666661242308,-0.4263222482366056,0.7945868732880929,0.0067788443709422,0.0019041286682715,0.0101271919658491,0.5151156286154956,25.96182768222098,0.013048005186147,0.0005151156286154,0.0,0.518170100325346,0.5,0.65,0.0,1.0,0.5709090909090909
20,5,buffer_inverse_volatility,regime_dd_vol_target_25pct_max_1p50,0.25,1.5,2021,51,0.0250482741473483,0.2290225030865143,0.3157867155130888,-0.2484106015854339,0.1008341592004626,0.0013049571242859,-0.0420700238319501,-0.0499788969832994,0.446078641787787,22.482363546104462,0.0011141299310449,0.0004460786417877,0.0,0.5512298669941679,0.5,0.65,0.0,1.0,0.5686274509803921
20,5,buffer_inverse_volatility,regime_dd_vol_target_25pct_max_1p50,0.25,1.5,2022,51,-0.2574529534281905,-0.6004623674259282,-1.100808293655026,-0.2747116849067461,-0.9371751096630117,-0.0045108356990236,-0.0658976233055878,-0.0864459526544879,0.4625347853682079,23.31175318255768,-0.0110439121164349,0.0004625347853682,0.0,0.5,0.5,0.5,0.0,1.0,0.4117647058823529
20,5,buffer_inverse_volatility,regime_dd_vol_target_25pct_max_1p50,0.25,1.5,2023,50,1.1043927385607306,2.558269152211503,6.241739525388443,-0.243389539411301,4.537552194034234,0.0157809322633793,0.0401485254156387,0.0507952739248747,0.5033562308001667,25.3691540323284,0.0435328957817585,0.0005033562308001,0.0,0.5004926737655541,0.5,0.5246336882777022,0.0,1.0,0.6
20,5,buffer_inverse_volatility,regime_dd_vol_target_25pct_max_1p50,0.25,1.5,2024,51,0.2647611074565512,0.990912869929268,1.7481834614982736,-0.1222830803702893,2.1651491494556696,0.0053969523618404,0.0003471037673055,0.0082277110805261,0.5379722988788768,27.113803863495388,0.0097648086852546,0.0005379722988788,0.0,0.5254957969740633,0.5,0.65,0.0,1.0,0.5490196078431373
20,5,buffer_inverse_volatility,regime_dd_vol_target_25pct_max_1p50,0.25,1.5,2025,50,0.8909321106769865,2.2352744217836436,4.655724099490194,-0.1866389779780788,4.773558665658942,0.0136293299440699,0.0725816991018336,0.1109273614284877,0.5744826432659851,28.953925220605647,0.0307706849378382,0.0005744826432659,0.0,0.5211827007762531,0.5,0.6355717969988401,0.0,1.0,0.72
20,5,buffer_inverse_volatility,regime_dd_vol_target_25pct_max_1p50,0.25,1.5,2026,22,0.8149286886789908,2.0441042375397473,5.800452743681475,-0.1368266302532007,5.955921644572749,0.0128147422042909,0.0170805395355871,0.0562227313345772,0.6358628244625106,32.04748635291053,0.0254287865108952,0.0006358628244625,0.0,0.5,0.5,0.5,0.0,1.0,0.5909090909090909
20,5,buffer_inverse_volatility,vol_target_30pct_max_1p25,0.3,1.25,overall,275,0.3654463197652924,1.0621916801457658,1.8222350047667284,-0.4957538103170376,0.7371528209366405,0.0074091568515466,0.0019041286682715,0.0101271919658491,0.5706715977487166,28.761848526535314,0.0127059399338723,0.0005706715977487,1.673126633765406e-06,0.5729299082139112,0.5,1.25,0.0072727272727272,0.9709090909090908,0.5709090909090909
20,5,buffer_inverse_volatility,vol_target_30pct_max_1p25,0.3,1.25,2021,51,0.0341953108620847,0.273597513610041,0.3647574208155071,-0.3232637000908506,0.1057814745437684,0.0019620476445913,-0.0420700238319501,-0.0499788969832994,0.5641176140864101,28.43152774995507,0.0012027250579996,0.0005641176140864,9.02176126049974e-06,0.6768217063980286,0.5098358375983099,1.25,0.0392156862745098,0.8431372549019608,0.5686274509803921
20,5,buffer_inverse_volatility,vol_target_30pct_max_1p25,0.3,1.25,2022,51,-0.2875479796638217,-0.6792541979214161,-1.1850715824540028,-0.2747116849067462,-1.0467264243289571,-0.0052428652271599,-0.0658976233055878,-0.0864459526544879,0.4745047094257761,23.915037355059116,-0.0120237311526921,0.0004745047094257,0.0,0.5109095708312019,0.5,0.6233327037258883,0.0,1.0,0.4117647058823529
20,5,buffer_inverse_volatility,vol_target_30pct_max_1p25,0.3,1.25,2023,50,1.2916309579762992,2.65104841717971,7.011336453429002,-0.2444535500003484,5.2837480084640145,0.0176384934724106,0.0401485254156387,0.0507952739248747,0.5288422297366543,26.653648378727375,0.0484598183191749,0.0005288422297366,0.0,0.5263346664296595,0.5,0.6507723871986231,0.0,1.0,0.6
20,5,buffer_inverse_volatility,vol_target_30pct_max_1p25,0.3,1.25,2024,51,0.2864179830672959,0.9406141643548352,1.6358441913103716,-0.1464008424783394,1.9563957298242505,0.0059995935075111,0.0003471037673055,0.0082277110805261,0.6075094088745304,30.618474207276332,0.0093544172426211,0.0006075094088745,0.0,0.5941858263534469,0.5,0.8543003856248162,0.0,1.0,0.5490196078431373
20,5,buffer_inverse_volatility,vol_target_30pct_max_1p25,0.3,1.25,2025,50,0.9511283715814668,2.096273693842941,4.167817287193799,-0.217304293332078,4.376942383406942,0.0145258164719964,0.0725816991018336,0.1109273614284877,0.6495085073790514,32.73522877190419,0.0290551924414163,0.000649508507379,0.0,0.5864698627403809,0.5,0.7626861563986082,0.0,1.0,0.72
20,5,buffer_inverse_volatility,vol_target_30pct_max_1p25,0.3,1.25,2026,22,0.847574403813691,2.0613507673312785,5.979877552465161,-0.1368266302532007,6.19451346748243,0.0132111393083138,0.0170805395355871,0.0562227313345772,0.6392924624267828,32.220340106309855,0.0263055697431234,0.0006392924624267,0.0,0.501714818982136,0.5,0.5377260176069929,0.0,1.0,0.5909090909090909
20,5,buffer_inverse_volatility,regime_dd_vol_target_30pct_max_1p25,0.3,1.25,overall,275,0.3369826370909885,1.0432356467035415,1.8280683357379544,-0.435642002674839,0.7735310989801658,0.0068527615456318,0.0019041286682715,0.0101271919658491,0.5431161014138116,27.373051511256104,0.0123107442716942,0.0005431161014138,0.0,0.546896287774496,0.5,0.7358549423612634,0.0,1.0,0.5709090909090909
20,5,buffer_inverse_volatility,regime_dd_vol_target_30pct_max_1p25,0.3,1.25,2021,51,-0.0028993551486784,0.1445661098870109,0.1969453846842269,-0.2730490720983972,-0.0106184398518432,0.0008852465524345,-0.0420700238319501,-0.0499788969832994,0.4802404323854101,24.204117792224668,-0.000119787681318,0.0004802404323854,0.0,0.5960345529470121,0.5,0.7358549423612634,0.0,1.0,0.5686274509803921
20,5,buffer_inverse_volatility,regime_dd_vol_target_30pct_max_1p25,0.3,1.25,2022,51,-0.2574529534281905,-0.6004623674259282,-1.100808293655026,-0.2747116849067461,-0.9371751096630117,-0.0045108356990236,-0.0658976233055878,-0.0864459526544879,0.4625347853682079,23.31175318255768,-0.0110439121164349,0.0004625347853682,0.0,0.5,0.5,0.5,0.0,1.0,0.4117647058823529
20,5,buffer_inverse_volatility,regime_dd_vol_target_30pct_max_1p25,0.3,1.25,2023,50,1.1845052458351262,2.6239956899296,6.564565604080022,-0.243389539411301,4.866705646841482,0.0165767569521988,0.0401485254156387,0.0507952739248747,0.5099241741616007,25.70017837774468,0.046089378385827,0.0005099241741616,0.0,0.507711968267603,0.5,0.6295604259332427,0.0,1.0,0.6
20,5,buffer_inverse_volatility,regime_dd_vol_target_30pct_max_1p25,0.3,1.25,2024,51,0.2375012293700655,0.8612626021281662,1.400462184558204,-0.1455223477104706,1.6320601825541934,0.0051030046880481,0.0003471037673055,0.0082277110805261,0.5871208744759646,29.590892073588616,0.00802615983254,0.0005871208744759,0.0,0.5759971373531635,0.5,0.65,0.0,1.0,0.5490196078431373
20,5,buffer_inverse_volatility,regime_dd_vol_target_30pct_max_1p25,0.3,1.25,2025,50,0.8870568861295878,2.0475670679243207,3.93803849975668,-0.217304293332078,4.082095537680029,0.0137935664008298,0.0725816991018336,0.1109273614284877,0.6354316860724042,32.02575697804917,0.0276982332295092,0.0006354316860724,0.0,0.5739907700338052,0.5,0.65,0.0,1.0,0.72
20,5,buffer_inverse_volatility,regime_dd_vol_target_30pct_max_1p25,0.3,1.25,2026,22,0.847574403813691,2.0613507673312785,5.979877552465161,-0.1368266302532007,6.19451346748243,0.0132111393083138,0.0170805395355871,0.0562227313345772,0.6392924624267828,32.220340106309855,0.0263055697431234,0.0006392924624267,0.0,0.501714818982136,0.5,0.5377260176069929,0.0,1.0,0.5909090909090909
20,5,buffer_inverse_volatility,vol_target_30pct_max_1p50,0.3,1.5,overall,275,0.3656160314296013,1.0625436918946418,1.8228165011447088,-0.4957662096252363,0.737476706421724,0.007411657151235,0.0019041286682715,0.0101271919658491,0.5711415469258466,28.78553396506267,0.0127013809044971,0.0005711415469258,2.0612028519631808e-06,0.5733210890418544,0.5,1.3575747276844232,0.0072727272727272,0.9709090909090908,0.5709090909090909
20,5,buffer_inverse_volatility,vol_target_30pct_max_1p50,0.3,1.5,2021,51,0.0348886100394925,0.2754609074805637,0.3672441802905835,-0.3232803408947344,0.1079206052026925,0.0019755296527148,-0.0420700238319501,-0.0499788969832994,0.5666516537670134,28.559243349857475,0.0012216223522485,0.000566651653767,1.1114329103723034e-05,0.6789310147839978,0.5098358375983099,1.3575747276844232,0.0392156862745098,0.8431372549019608,0.5686274509803921
20,5,buffer_inverse_volatility,vol_target_30pct_max_1p50,0.3,1.5,2022,51,-0.2875479796638217,-0.6792541979214161,-1.1850715824540028,-0.2747116849067462,-1.0467264243289571,-0.0052428652271599,-0.0658976233055878,-0.0864459526544879,0.4745047094257761,23.915037355059116,-0.0120237311526921,0.0004745047094257,0.0,0.5109095708312019,0.5,0.6233327037258883,0.0,1.0,0.4117647058823529
20,5,buffer_inverse_volatility,vol_target_30pct_max_1p50,0.3,1.5,2023,50,1.2916309579762992,2.65104841717971,7.011336453429002,-0.2444535500003484,5.2837480084640145,0.0176384934724106,0.0401485254156387,0.0507952739248747,0.5288422297366543,26.653648378727375,0.0484598183191749,0.0005288422297366,0.0,0.5263346664296595,0.5,0.6507723871986231,0.0,1.0,0.6
20,5,buffer_inverse_volatility,vol_target_30pct_max_1p50,0.3,1.5,2024,51,0.2864179830672959,0.9406141643548352,1.6358441913103716,-0.1464008424783394,1.9563957298242505,0.0059995935075111,0.0003471037673055,0.0082277110805261,0.6075094088745304,30.618474207276332,0.0093544172426211,0.0006075094088745,0.0,0.5941858263534469,0.5,0.8543003856248162,0.0,1.0,0.5490196078431373
20,5,buffer_inverse_volatility,vol_target_30pct_max_1p50,0.3,1.5,2025,50,0.9511283715814668,2.096273693842941,4.167817287193799,-0.217304293332078,4.376942383406942,0.0145258164719964,0.0725816991018336,0.1109273614284877,0.6495085073790514,32.73522877190419,0.0290551924414163,0.000649508507379,0.0,0.5864698627403809,0.5,0.7626861563986082,0.0,1.0,0.72
20,5,buffer_inverse_volatility,vol_target_30pct_max_1p50,0.3,1.5,2026,22,0.847574403813691,2.0613507673312785,5.979877552465161,-0.1368266302532007,6.19451346748243,0.0132111393083138,0.0170805395355871,0.0562227313345772,0.6392924624267828,32.220340106309855,0.0263055697431234,0.0006392924624267,0.0,0.501714818982136,0.5,0.5377260176069929,0.0,1.0,0.5909090909090909
20,5,buffer_inverse_volatility,regime_dd_vol_target_30pct_max_1p50,0.3,1.5,overall,275,0.3369826370909885,1.0432356467035415,1.8280683357379544,-0.435642002674839,0.7735310989801658,0.0068527615456318,0.0019041286682715,0.0101271919658491,0.5431161014138116,27.373051511256104,0.0123107442716942,0.0005431161014138,0.0,0.546896287774496,0.5,0.7358549423612634,0.0,1.0,0.5709090909090909
20,5,buffer_inverse_volatility,regime_dd_vol_target_30pct_max_1p50,0.3,1.5,2021,51,-0.0028993551486784,0.1445661098870109,0.1969453846842269,-0.2730490720983972,-0.0106184398518432,0.0008852465524345,-0.0420700238319501,-0.0499788969832994,0.4802404323854101,24.204117792224668,-0.000119787681318,0.0004802404323854,0.0,0.5960345529470121,0.5,0.7358549423612634,0.0,1.0,0.5686274509803921
20,5,buffer_inverse_volatility,regime_dd_vol_target_30pct_max_1p50,0.3,1.5,2022,51,-0.2574529534281905,-0.6004623674259282,-1.100808293655026,-0.2747116849067461,-0.9371751096630117,-0.0045108356990236,-0.0658976233055878,-0.0864459526544879,0.4625347853682079,23.31175318255768,-0.0110439121164349,0.0004625347853682,0.0,0.5,0.5,0.5,0.0,1.0,0.4117647058823529
20,5,buffer_inverse_volatility,regime_dd_vol_target_30pct_max_1p50,0.3,1.5,2023,50,1.1845052458351262,2.6239956899296,6.564565604080022,-0.243389539411301,4.866705646841482,0.0165767569521988,0.0401485254156387,0.0507952739248747,0.5099241741616007,25.70017837774468,0.046089378385827,0.0005099241741616,0.0,0.507711968267603,0.5,0.6295604259332427,0.0,1.0,0.6
20,5,buffer_inverse_volatility,regime_dd_vol_target_30pct_max_1p50,0.3,1.5,2024,51,0.2375012293700655,0.8612626021281662,1.400462184558204,-0.1455223477104706,1.6320601825541934,0.0051030046880481,0.0003471037673055,0.0082277110805261,0.5871208744759646,29.590892073588616,0.00802615983254,0.0005871208744759,0.0,0.5759971373531635,0.5,0.65,0.0,1.0,0.5490196078431373
20,5,buffer_inverse_volatility,regime_dd_vol_target_30pct_max_1p50,0.3,1.5,2025,50,0.8870568861295878,2.0475670679243207,3.93803849975668,-0.217304293332078,4.082095537680029,0.0137935664008298,0.0725816991018336,0.1109273614284877,0.6354316860724042,32.02575697804917,0.0276982332295092,0.0006354316860724,0.0,0.5739907700338052,0.5,0.65,0.0,1.0,0.72
20,5,buffer_inverse_volatility,regime_dd_vol_target_30pct_max_1p50,0.3,1.5,2026,22,0.847574403813691,2.0613507673312785,5.979877552465161,-0.1368266302532007,6.19451346748243,0.0132111393083138,0.0170805395355871,0.0562227313345772,0.6392924624267828,32.220340106309855,0.0263055697431234,0.0006392924624267,0.0,0.501714818982136,0.5,0.5377260176069929,0.0,1.0,0.5909090909090909
20,10,equal_weight,static_1x,,1.0,overall,139,0.6733204069087542,1.0911263010272112,2.3806395125144366,-0.7706330106942669,0.8737238057089672,0.0290164223466558,0.002624454572086,0.0074582619435036,1.3553956834532377,34.15597122302158,0.0197131096788993,0.0013553956834532,0.0,1.0,1.0,1.0,0.0,0.0,0.5611510791366906
20,10,equal_weight,static_1x,,1.0,2021,26,-0.1228383023433046,0.0438638260673949,0.0597105239431283,-0.4150412160651139,-0.2959665151039676,0.0009655661117701,-0.0415194114009067,-0.054243463635006,1.146153846153846,28.88307692307692,-0.004252950704333,0.0011461538461538,0.0,1.0,1.0,1.0,0.0,0.0,0.5
20,10,equal_weight,static_1x,,1.0,2022,26,-0.450855658954073,-0.4689774016304322,-1.2969739148361863,-0.5150349833686614,-0.8753884173171808,-0.0138061875698823,-0.0847008690255452,-0.0839159162300515,1.2923076923076924,32.566153846153846,-0.0138443016969079,0.0012923076923076,0.0,1.0,1.0,1.0,0.0,0.0,0.3076923076923077
20,10,equal_weight,static_1x,,1.0,2023,25,2.374734202438682,1.8952331681687016,5.996276809102483,-0.3797487422511169,6.25343533295586,0.0602991217526969,0.0617755187329356,0.0571632214510428,1.2960000000000005,32.659200000000006,0.0727125649874669,0.0012959999999999,0.0,1.0,1.0,1.0,0.0,0.0,0.6
20,10,equal_weight,static_1x,,1.0,2024,26,0.9034232138692218,1.3526395825027078,2.8606384796232813,-0.2564356614364382,3.5230014765054425,0.0328724529861495,-0.0176733148710827,-0.0002651457772484,1.4461538461538466,36.44307692307693,0.0247899818057663,0.0014461538461538,0.0,1.0,1.0,1.0,0.0,0.0,0.6153846153846154
20,10,equal_weight,static_1x,,1.0,2025,25,2.8335419401164503,2.8537114742611425,4.630073448454289,-0.201070104779008,14.0923084673912,0.0599107954418231,0.0901918980154928,0.1091753240688533,1.4880000000000002,37.497600000000006,0.0755659546242012,0.001488,0.0,1.0,1.0,1.0,0.0,0.0,0.8
20,10,equal_weight,static_1x,,1.0,2026,11,1.4401906122361416,1.503124045484335,2.956197077398763,-0.3063530294317729,4.701081673347327,0.0461097415084714,0.0278952040495587,0.0433884035317776,1.6181818181818182,40.778181818181814,0.0353176759733314,0.0016181818181818,0.0,1.0,1.0,1.0,0.0,0.0,0.5454545454545454
20,10,equal_weight,legacy_risk_scaled,,1.0,overall,139,0.428110029075651,1.1308072354033507,2.115395876795119,-0.5711258140670186,0.7495897025334151,0.0169884981682696,0.002624454572086,0.0074582619435036,0.7301438848920864,18.399625899280576,0.0232673224672676,0.000730143884892,0.0,0.5341726618705037,0.45,1.0,0.0,0.8705035971223022,0.5611510791366906
20,10,equal_weight,legacy_risk_scaled,,1.0,2021,26,-0.2509635869267407,-0.6166531651785159,-0.6195373684180198,-0.3962870979126542,-0.6332873016775723,-0.0087009473672148,-0.0415194114009067,-0.054243463635006,0.6257692307692309,15.769384615384617,-0.0159146087845368,0.0006257692307692,0.0,0.5346153846153846,0.45,1.0,0.0,0.8461538461538461,0.5
20,10,equal_weight,legacy_risk_scaled,,1.0,2022,26,-0.1884788945619437,-0.4689774016304321,-1.2969739148361863,-0.2588562392328709,-0.7281218915970782,-0.006212784406447,-0.0847008690255452,-0.0839159162300515,0.5815384615384616,14.654769230769231,-0.0128612666357251,0.0005815384615384,0.0,0.4499999999999999,0.45,0.45,0.0,1.0,0.3076923076923077
20,10,equal_weight,legacy_risk_scaled,,1.0,2023,25,1.1206716620292232,2.081620435701766,7.321028072096739,-0.1884805968355003,5.945819786464856,0.0331294250928948,0.0617755187329356,0.0571632214510428,0.6240000000000001,15.724800000000002,0.0712677847749556,0.000624,0.0,0.486,0.45,0.75,0.0,1.0,0.6
20,10,equal_weight,legacy_risk_scaled,,1.0,2024,26,0.8026581200267442,1.5606391246367617,3.847460787847445,-0.1198764669189546,6.69571051480355,0.0271063176158782,-0.0176733148710827,-0.0002651457772484,0.9165384615384616,23.096769230769237,0.0347519651777726,0.0009165384615384,0.0,0.6423076923076922,0.45,1.0,0.0,0.6923076923076923,0.6153846153846154
20,10,equal_weight,legacy_risk_scaled,,1.0,2025,25,1.5336718350668916,3.0067278144461373,6.731171513773746,-0.0910315471505537,16.847696024878147,0.0395166066281018,0.0901918980154928,0.1091753240688533,0.9064,22.84128,0.0671447412345933,0.0009064,0.0,0.594,0.45,1.0,0.0,0.76,0.8
20,10,equal_weight,legacy_risk_scaled,,1.0,2026,11,0.5927614138923716,1.503124045484335,2.956197077398763,-0.1453820801156863,4.077266011194005,0.0207493836788121,0.0278952040495587,0.0433884035317776,0.7281818181818184,18.350181818181824,0.0323027542596362,0.0007281818181818,0.0,0.45,0.45,0.45,0.0,1.0,0.5454545454545454
20,10,equal_weight,vol_target_20pct_max_1p25,0.2,1.25,overall,139,0.3879857851348867,1.114342549983628,2.4689481720476336,-0.5110482515584063,0.7591959936302509,0.0154032475015314,0.002624454572086,0.0074582619435036,0.7071942446043167,17.82129496402878,0.0217709086751559,0.0007071942446043,0.0,0.5215827338129496,0.5,1.0,0.0,0.9568345323741008,0.5611510791366906
20,10,equal_weight,vol_target_20pct_max_1p25,0.2,1.25,2021,26,0.073757291426997,0.36820567714611,0.6113207529814552,-0.2804903901190829,0.2629583544580019,0.0052677849643578,-0.0415194114009067,-0.054243463635006,0.730769230769231,18.41538461538462,0.0040051996180073,0.0007307692307692,0.0,0.6153846153846154,0.5,1.0,0.0,0.7692307692307693,0.5
20,10,equal_weight,vol_target_20pct_max_1p25,0.2,1.25,2022,26,-0.2120414358863656,-0.4689774016304322,-1.2969739148361863,-0.2839973573484862,-0.7466317217387863,-0.0069030937849411,-0.0847008690255452,-0.0839159162300515,0.6461538461538462,16.283076923076923,-0.013022197026279,0.0006461538461538,0.0,0.5,0.5,0.5,0.0,1.0,0.3076923076923077
20,10,equal_weight,vol_target_20pct_max_1p25,0.2,1.25,2023,25,0.9708808525211624,1.8952331681687016,5.996276809102483,-0.2075647825252041,4.677483534102277,0.0301495608763484,0.0617755187329356,0.0571632214510428,0.6480000000000001,16.329600000000003,0.0594552746252916,0.0006479999999999,0.0,0.5,0.5,0.5,0.0,1.0,0.6
20,10,equal_weight,vol_target_20pct_max_1p25,0.2,1.25,2024,26,0.443475439646934,1.3526395825027078,2.8606384796232813,-0.1327547627519847,3.340561426601653,0.0164362264930747,-0.0176733148710827,-0.0002651457772484,0.7230769230769233,18.221538461538465,0.0243379800549229,0.0007230769230769,0.0,0.5,0.5,0.5,0.0,1.0,0.6153846153846154
20,10,equal_weight,vol_target_20pct_max_1p25,0.2,1.25,2025,25,1.0378190760825057,2.8537114742611425,4.630073448454289,-0.100535052389504,10.322957529893875,0.0299553977209115,0.0901918980154928,0.1091753240688533,0.7440000000000001,18.748800000000003,0.0553538933735761,0.000744,0.0,0.5,0.5,0.5,0.0,1.0,0.8
20,10,equal_weight,vol_target_20pct_max_1p25,0.2,1.25,2026,11,0.6660527357141621,1.503124045484335,2.956197077398763,-0.1607670995031869,4.142966675224236,0.0230548707542357,0.0278952040495587,0.0433884035317776,0.8090909090909091,20.389090909090907,0.0326671129519162,0.0008090909090909,0.0,0.5,0.5,0.5,0.0,1.0,0.5454545454545454
20,10,equal_weight,regime_dd_vol_target_20pct_max_1p25,0.2,1.25,overall,139,0.3627658776209996,1.0804527930026075,2.3525668586884256,-0.5010064769207914,0.7240742272446761,0.0145566851624345,0.002624454572086,0.0074582619435036,0.6915827338129497,17.427884892086333,0.0208152555440462,0.0006915827338129,0.0,0.5089928057553957,0.5,1.0,0.0,0.9928057553956836,0.5611510791366906
20,10,equal_weight,regime_dd_vol_target_20pct_max_1p25,0.2,1.25,2021,26,-0.0265120081136475,0.0610943527097949,0.0878175489085008,-0.26571356730364,-0.0997766443869662,0.0007419324591858,-0.0415194114009067,-0.054243463635006,0.6473076923076924,16.312153846153848,-0.0016252916913175,0.0006473076923076,0.0,0.5480769230769231,0.5,1.0,0.0,0.9615384615384616,0.5
20,10,equal_weight,regime_dd_vol_target_20pct_max_1p25,0.2,1.25,2022,26,-0.2120414358863656,-0.4689774016304322,-1.2969739148361863,-0.2839973573484862,-0.7466317217387863,-0.0069030937849411,-0.0847008690255452,-0.0839159162300515,0.6461538461538462,16.283076923076923,-0.013022197026279,0.0006461538461538,0.0,0.5,0.5,0.5,0.0,1.0,0.3076923076923077
20,10,equal_weight,regime_dd_vol_target_20pct_max_1p25,0.2,1.25,2023,25,0.9708808525211624,1.8952331681687016,5.996276809102483,-0.2075647825252041,4.677483534102277,0.0301495608763484,0.0617755187329356,0.0571632214510428,0.6480000000000001,16.329600000000003,0.0594552746252916,0.0006479999999999,0.0,0.5,0.5,0.5,0.0,1.0,0.6
20,10,equal_weight,regime_dd_vol_target_20pct_max_1p25,0.2,1.25,2024,26,0.443475439646934,1.3526395825027078,2.8606384796232813,-0.1327547627519847,3.340561426601653,0.0164362264930747,-0.0176733148710827,-0.0002651457772484,0.7230769230769233,18.221538461538465,0.0243379800549229,0.0007230769230769,0.0,0.5,0.5,0.5,0.0,1.0,0.6153846153846154
20,10,equal_weight,regime_dd_vol_target_20pct_max_1p25,0.2,1.25,2025,25,1.0378190760825057,2.8537114742611425,4.630073448454289,-0.100535052389504,10.322957529893875,0.0299553977209115,0.0901918980154928,0.1091753240688533,0.7440000000000001,18.748800000000003,0.0553538933735761,0.000744,0.0,0.5,0.5,0.5,0.0,1.0,0.8
20,10,equal_weight,regime_dd_vol_target_20pct_max_1p25,0.2,1.25,2026,11,0.6660527357141621,1.503124045484335,2.956197077398763,-0.1607670995031869,4.142966675224236,0.0230548707542357,0.0278952040495587,0.0433884035317776,0.8090909090909091,20.389090909090907,0.0326671129519162,0.0008090909090909,0.0,0.5,0.5,0.5,0.0,1.0,0.5454545454545454
20,10,equal_weight,vol_target_20pct_max_1p50,0.2,1.5,overall,139,0.3879857851348867,1.114342549983628,2.4689481720476336,-0.5110482515584063,0.7591959936302509,0.0154032475015314,0.002624454572086,0.0074582619435036,0.7071942446043167,17.82129496402878,0.0217709086751559,0.0007071942446043,0.0,0.5215827338129496,0.5,1.0,0.0,0.9568345323741008,0.5611510791366906
20,10,equal_weight,vol_target_20pct_max_1p50,0.2,1.5,2021,26,0.073757291426997,0.36820567714611,0.6113207529814552,-0.2804903901190829,0.2629583544580019,0.0052677849643578,-0.0415194114009067,-0.054243463635006,0.730769230769231,18.41538461538462,0.0040051996180073,0.0007307692307692,0.0,0.6153846153846154,0.5,1.0,0.0,0.7692307692307693,0.5
20,10,equal_weight,vol_target_20pct_max_1p50,0.2,1.5,2022,26,-0.2120414358863656,-0.4689774016304322,-1.2969739148361863,-0.2839973573484862,-0.7466317217387863,-0.0069030937849411,-0.0847008690255452,-0.0839159162300515,0.6461538461538462,16.283076923076923,-0.013022197026279,0.0006461538461538,0.0,0.5,0.5,0.5,0.0,1.0,0.3076923076923077
20,10,equal_weight,vol_target_20pct_max_1p50,0.2,1.5,2023,25,0.9708808525211624,1.8952331681687016,5.996276809102483,-0.2075647825252041,4.677483534102277,0.0301495608763484,0.0617755187329356,0.0571632214510428,0.6480000000000001,16.329600000000003,0.0594552746252916,0.0006479999999999,0.0,0.5,0.5,0.5,0.0,1.0,0.6
20,10,equal_weight,vol_target_20pct_max_1p50,0.2,1.5,2024,26,0.443475439646934,1.3526395825027078,2.8606384796232813,-0.1327547627519847,3.340561426601653,0.0164362264930747,-0.0176733148710827,-0.0002651457772484,0.7230769230769233,18.221538461538465,0.0243379800549229,0.0007230769230769,0.0,0.5,0.5,0.5,0.0,1.0,0.6153846153846154
20,10,equal_weight,vol_target_20pct_max_1p50,0.2,1.5,2025,25,1.0378190760825057,2.8537114742611425,4.630073448454289,-0.100535052389504,10.322957529893875,0.0299553977209115,0.0901918980154928,0.1091753240688533,0.7440000000000001,18.748800000000003,0.0553538933735761,0.000744,0.0,0.5,0.5,0.5,0.0,1.0,0.8
20,10,equal_weight,vol_target_20pct_max_1p50,0.2,1.5,2026,11,0.6660527357141621,1.503124045484335,2.956197077398763,-0.1607670995031869,4.142966675224236,0.0230548707542357,0.0278952040495587,0.0433884035317776,0.8090909090909091,20.389090909090907,0.0326671129519162,0.0008090909090909,0.0,0.5,0.5,0.5,0.0,1.0,0.5454545454545454
20,10,equal_weight,regime_dd_vol_target_20pct_max_1p50,0.2,1.5,overall,139,0.3627658776209996,1.0804527930026075,2.3525668586884256,-0.5010064769207914,0.7240742272446761,0.0145566851624345,0.002624454572086,0.0074582619435036,0.6915827338129497,17.427884892086333,0.0208152555440462,0.0006915827338129,0.0,0.5089928057553957,0.5,1.0,0.0,0.9928057553956836,0.5611510791366906
20,10,equal_weight,regime_dd_vol_target_20pct_max_1p50,0.2,1.5,2021,26,-0.0265120081136475,0.0610943527097949,0.0878175489085008,-0.26571356730364,-0.0997766443869662,0.0007419324591858,-0.0415194114009067,-0.054243463635006,0.6473076923076924,16.312153846153848,-0.0016252916913175,0.0006473076923076,0.0,0.5480769230769231,0.5,1.0,0.0,0.9615384615384616,0.5
20,10,equal_weight,regime_dd_vol_target_20pct_max_1p50,0.2,1.5,2022,26,-0.2120414358863656,-0.4689774016304322,-1.2969739148361863,-0.2839973573484862,-0.7466317217387863,-0.0069030937849411,-0.0847008690255452,-0.0839159162300515,0.6461538461538462,16.283076923076923,-0.013022197026279,0.0006461538461538,0.0,0.5,0.5,0.5,0.0,1.0,0.3076923076923077
20,10,equal_weight,regime_dd_vol_target_20pct_max_1p50,0.2,1.5,2023,25,0.9708808525211624,1.8952331681687016,5.996276809102483,-0.2075647825252041,4.677483534102277,0.0301495608763484,0.0617755187329356,0.0571632214510428,0.6480000000000001,16.329600000000003,0.0594552746252916,0.0006479999999999,0.0,0.5,0.5,0.5,0.0,1.0,0.6
20,10,equal_weight,regime_dd_vol_target_20pct_max_1p50,0.2,1.5,2024,26,0.443475439646934,1.3526395825027078,2.8606384796232813,-0.1327547627519847,3.340561426601653,0.0164362264930747,-0.0176733148710827,-0.0002651457772484,0.7230769230769233,18.221538461538465,0.0243379800549229,0.0007230769230769,0.0,0.5,0.5,0.5,0.0,1.0,0.6153846153846154
20,10,equal_weight,regime_dd_vol_target_20pct_max_1p50,0.2,1.5,2025,25,1.0378190760825057,2.8537114742611425,4.630073448454289,-0.100535052389504,10.322957529893875,0.0299553977209115,0.0901918980154928,0.1091753240688533,0.7440000000000001,18.748800000000003,0.0553538933735761,0.000744,0.0,0.5,0.5,0.5,0.0,1.0,0.8
20,10,equal_weight,regime_dd_vol_target_20pct_max_1p50,0.2,1.5,2026,11,0.6660527357141621,1.503124045484335,2.956197077398763,-0.1607670995031869,4.142966675224236,0.0230548707542357,0.0278952040495587,0.0433884035317776,0.8090909090909091,20.389090909090907,0.0326671129519162,0.0008090909090909,0.0,0.5,0.5,0.5,0.0,1.0,0.5454545454545454
20,10,equal_weight,vol_target_25pct_max_1p25,0.25,1.25,overall,139,0.390826150885607,1.1176585421643763,2.4788561250817533,-0.5116041704273231,0.763922918296708,0.0155003311765375,0.002624454572086,0.0074582619435036,0.708506873115536,17.854373202511507,0.0218896595502233,0.0007085068731155,0.0,0.5223859396762905,0.5,1.0,0.0,0.9568345323741008,0.5611510791366906
20,10,equal_weight,vol_target_25pct_max_1p25,0.25,1.25,2021,26,0.0705042704101799,0.3597846407306464,0.5957506340629051,-0.2804903901190829,0.2513607342492095,0.0051579484760351,-0.0415194114009067,-0.054243463635006,0.7323194902900347,18.45445115530887,0.0038204479676382,0.00073231949029,0.0,0.6161808631614256,0.5,1.0,0.0,0.7692307692307693,0.5
20,10,equal_weight,vol_target_25pct_max_1p25,0.25,1.25,2022,26,-0.2105179737492425,-0.4621878243260403,-1.2821603914537745,-0.2839973573484862,-0.7412673685231552,-0.0068170820945155,-0.0847008690255452,-0.0839159162300515,0.6479341020431882,16.327939371488345,-0.0128931133904653,0.0006479341020431,0.0,0.5010212805112259,0.5,0.5151867375237862,0.0,1.0,0.3076923076923077
20,10,equal_weight,vol_target_25pct_max_1p25,0.25,1.25,2023,25,0.9708808525211624,1.8952331681687016,5.996276809102483,-0.2075647825252041,4.677483534102277,0.0301495608763484,0.0617755187329356,0.0571632214510428,0.6480000000000001,16.329600000000003,0.0594552746252916,0.0006479999999999,0.0,0.5,0.5,0.5,0.0,1.0,0.6
20,10,equal_weight,vol_target_25pct_max_1p25,0.25,1.25,2024,26,0.443475439646934,1.3526395825027078,2.8606384796232813,-0.1327547627519847,3.340561426601653,0.0164362264930747,-0.0176733148710827,-0.0002651457772484,0.7230769230769233,18.221538461538465,0.0243379800549229,0.0007230769230769,0.0,0.5,0.5,0.5,0.0,1.0,0.6153846153846154
20,10,equal_weight,vol_target_25pct_max_1p25,0.25,1.25,2025,25,1.063042015318863,2.8500868493029388,4.7150561448872175,-0.100535052389504,10.573844545286638,0.0305052141545782,0.0901918980154928,0.1091753240688533,0.7472454726539898,18.83058591088054,0.0564529441808087,0.0007472454726539,0.0,0.502255345017033,0.5,0.5316304345019002,0.0,1.0,0.8
20,10,equal_weight,vol_target_25pct_max_1p25,0.25,1.25,2026,11,0.6668541043179634,1.5014237242970834,2.9430463396820628,-0.1613431868062287,4.133140775995998,0.0230883857296455,0.0278952040495587,0.0433884035317776,0.8104295587314492,20.42282488003252,0.0326523930080774,0.0008104295587314,0.0,0.5007278412808761,0.5,0.5047878487563018,0.0,1.0,0.5454545454545454
20,10,equal_weight,regime_dd_vol_target_25pct_max_1p25,0.25,1.25,overall,139,0.3650613484485414,1.0830596697459924,2.359655961515393,-0.502566128371182,0.7263946530413941,0.014637680319807,0.002624454572086,0.0074582619435036,0.6925623648196877,17.452571593456128,0.0209173385419843,0.0006925623648196,0.0,0.5096049807317448,0.5,1.0,0.0,0.9928057553956836,0.5611510791366906
20,10,equal_weight,regime_dd_vol_target_25pct_max_1p25,0.25,1.25,2021,26,-0.0294612564423984,0.0519082177879049,0.0744289600110938,-0.26571356730364,-0.1108759960635811,0.000632095970863,-0.0415194114009067,-0.054243463635006,0.6488579518284964,16.351220386078108,-0.0018017772219303,0.0006488579518284,0.0,0.5488731708537332,0.5,1.0,0.0,0.9615384615384616,0.5
20,10,equal_weight,regime_dd_vol_target_25pct_max_1p25,0.25,1.25,2022,26,-0.2120414358863656,-0.4689774016304322,-1.2969739148361863,-0.2839973573484862,-0.7466317217387863,-0.0069030937849411,-0.0847008690255452,-0.0839159162300515,0.6461538461538462,16.283076923076923,-0.013022197026279,0.0006461538461538,0.0,0.5,0.5,0.5,0.0,1.0,0.3076923076923077
20,10,equal_weight,regime_dd_vol_target_25pct_max_1p25,0.25,1.25,2023,25,0.9708808525211624,1.8952331681687016,5.996276809102483,-0.2075647825252041,4.677483534102277,0.0301495608763484,0.0617755187329356,0.0571632214510428,0.6480000000000001,16.329600000000003,0.0594552746252916,0.0006479999999999,0.0,0.5,0.5,0.5,0.0,1.0,0.6
20,10,equal_weight,regime_dd_vol_target_25pct_max_1p25,0.25,1.25,2024,26,0.443475439646934,1.3526395825027078,2.8606384796232813,-0.1327547627519847,3.340561426601653,0.0164362264930747,-0.0176733148710827,-0.0002651457772484,0.7230769230769233,18.221538461538465,0.0243379800549229,0.0007230769230769,0.0,0.5,0.5,0.5,0.0,1.0,0.6153846153846154
20,10,equal_weight,regime_dd_vol_target_25pct_max_1p25,0.25,1.25,2025,25,1.063042015318863,2.8500868493029388,4.7150561448872175,-0.100535052389504,10.573844545286638,0.0305052141545782,0.0901918980154928,0.1091753240688533,0.7472454726539898,18.83058591088054,0.0564529441808087,0.0007472454726539,0.0,0.502255345017033,0.5,0.5316304345019002,0.0,1.0,0.8
20,10,equal_weight,regime_dd_vol_target_25pct_max_1p25,0.25,1.25,2026,11,0.6668541043179634,1.5014237242970834,2.9430463396820628,-0.1613431868062287,4.133140775995998,0.0230883857296455,0.0278952040495587,0.0433884035317776,0.8104295587314492,20.42282488003252,0.0326523930080774,0.0008104295587314,0.0,0.5007278412808761,0.5,0.5047878487563018,0.0,1.0,0.5454545454545454
20,10,equal_weight,vol_target_25pct_max_1p50,0.25,1.5,overall,139,0.390826150885607,1.1176585421643763,2.4788561250817533,-0.5116041704273231,0.763922918296708,0.0155003311765375,0.002624454572086,0.0074582619435036,0.708506873115536,17.854373202511507,0.0218896595502233,0.0007085068731155,0.0,0.5223859396762905,0.5,1.0,0.0,0.9568345323741008,0.5611510791366906
20,10,equal_weight,vol_target_25pct_max_1p50,0.25,1.5,2021,26,0.0705042704101799,0.3597846407306464,0.5957506340629051,-0.2804903901190829,0.2513607342492095,0.0051579484760351,-0.0415194114009067,-0.054243463635006,0.7323194902900347,18.45445115530887,0.0038204479676382,0.00073231949029,0.0,0.6161808631614256,0.5,1.0,0.0,0.7692307692307693,0.5
20,10,equal_weight,vol_target_25pct_max_1p50,0.25,1.5,2022,26,-0.2105179737492425,-0.4621878243260403,-1.2821603914537745,-0.2839973573484862,-0.7412673685231552,-0.0068170820945155,-0.0847008690255452,-0.0839159162300515,0.6479341020431882,16.327939371488345,-0.0128931133904653,0.0006479341020431,0.0,0.5010212805112259,0.5,0.5151867375237862,0.0,1.0,0.3076923076923077
20,10,equal_weight,vol_target_25pct_max_1p50,0.25,1.5,2023,25,0.9708808525211624,1.8952331681687016,5.996276809102483,-0.2075647825252041,4.677483534102277,0.0301495608763484,0.0617755187329356,0.0571632214510428,0.6480000000000001,16.329600000000003,0.0594552746252916,0.0006479999999999,0.0,0.5,0.5,0.5,0.0,1.0,0.6
20,10,equal_weight,vol_target_25pct_max_1p50,0.25,1.5,2024,26,0.443475439646934,1.3526395825027078,2.8606384796232813,-0.1327547627519847,3.340561426601653,0.0164362264930747,-0.0176733148710827,-0.0002651457772484,0.7230769230769233,18.221538461538465,0.0243379800549229,0.0007230769230769,0.0,0.5,0.5,0.5,0.0,1.0,0.6153846153846154
20,10,equal_weight,vol_target_25pct_max_1p50,0.25,1.5,2025,25,1.063042015318863,2.8500868493029388,4.7150561448872175,-0.100535052389504,10.573844545286638,0.0305052141545782,0.0901918980154928,0.1091753240688533,0.7472454726539898,18.83058591088054,0.0564529441808087,0.0007472454726539,0.0,0.502255345017033,0.5,0.5316304345019002,0.0,1.0,0.8
20,10,equal_weight,vol_target_25pct_max_1p50,0.25,1.5,2026,11,0.6668541043179634,1.5014237242970834,2.9430463396820628,-0.1613431868062287,4.133140775995998,0.0230883857296455,0.0278952040495587,0.0433884035317776,0.8104295587314492,20.42282488003252,0.0326523930080774,0.0008104295587314,0.0,0.5007278412808761,0.5,0.5047878487563018,0.0,1.0,0.5454545454545454
20,10,equal_weight,regime_dd_vol_target_25pct_max_1p50,0.25,1.5,overall,139,0.3650613484485414,1.0830596697459924,2.359655961515393,-0.502566128371182,0.7263946530413941,0.014637680319807,0.002624454572086,0.0074582619435036,0.6925623648196877,17.452571593456128,0.0209173385419843,0.0006925623648196,0.0,0.5096049807317448,0.5,1.0,0.0,0.9928057553956836,0.5611510791366906
20,10,equal_weight,regime_dd_vol_target_25pct_max_1p50,0.25,1.5,2021,26,-0.0294612564423984,0.0519082177879049,0.0744289600110938,-0.26571356730364,-0.1108759960635811,0.000632095970863,-0.0415194114009067,-0.054243463635006,0.6488579518284964,16.351220386078108,-0.0018017772219303,0.0006488579518284,0.0,0.5488731708537332,0.5,1.0,0.0,0.9615384615384616,0.5
20,10,equal_weight,regime_dd_vol_target_25pct_max_1p50,0.25,1.5,2022,26,-0.2120414358863656,-0.4689774016304322,-1.2969739148361863,-0.2839973573484862,-0.7466317217387863,-0.0069030937849411,-0.0847008690255452,-0.0839159162300515,0.6461538461538462,16.283076923076923,-0.013022197026279,0.0006461538461538,0.0,0.5,0.5,0.5,0.0,1.0,0.3076923076923077
20,10,equal_weight,regime_dd_vol_target_25pct_max_1p50,0.25,1.5,2023,25,0.9708808525211624,1.8952331681687016,5.996276809102483,-0.2075647825252041,4.677483534102277,0.0301495608763484,0.0617755187329356,0.0571632214510428,0.6480000000000001,16.329600000000003,0.0594552746252916,0.0006479999999999,0.0,0.5,0.5,0.5,0.0,1.0,0.6
20,10,equal_weight,regime_dd_vol_target_25pct_max_1p50,0.25,1.5,2024,26,0.443475439646934,1.3526395825027078,2.8606384796232813,-0.1327547627519847,3.340561426601653,0.0164362264930747,-0.0176733148710827,-0.0002651457772484,0.7230769230769233,18.221538461538465,0.0243379800549229,0.0007230769230769,0.0,0.5,0.5,0.5,0.0,1.0,0.6153846153846154
20,10,equal_weight,regime_dd_vol_target_25pct_max_1p50,0.25,1.5,2025,25,1.063042015318863,2.8500868493029388,4.7150561448872175,-0.100535052389504,10.573844545286638,0.0305052141545782,0.0901918980154928,0.1091753240688533,0.7472454726539898,18.83058591088054,0.0564529441808087,0.0007472454726539,0.0,0.502255345017033,0.5,0.5316304345019002,0.0,1.0,0.8
20,10,equal_weight,regime_dd_vol_target_25pct_max_1p50,0.25,1.5,2026,11,0.6668541043179634,1.5014237242970834,2.9430463396820628,-0.1613431868062287,4.133140775995998,0.0230883857296455,0.0278952040495587,0.0433884035317776,0.8104295587314492,20.42282488003252,0.0326523930080774,0.0008104295587314,0.0,0.5007278412808761,0.5,0.5047878487563018,0.0,1.0,0.5454545454545454
20,10,equal_weight,vol_target_30pct_max_1p25,0.3,1.25,overall,139,0.3876799198854657,1.0760691080770002,2.2421607424593475,-0.5508253479981627,0.7038164116709437,0.0156501970168065,0.002624454572086,0.0074582619435036,0.7398273029198523,18.643648033580277,0.020794209330019,0.0007398273029198,0.0,0.543617593239216,0.5,1.0,0.0,0.9568345323741008,0.5539568345323741
20,10,equal_weight,vol_target_30pct_max_1p25,0.3,1.25,2021,26,0.0047263013449896,0.1970743519922468,0.2993105403713928,-0.3050733066348876,0.0154923464039614,0.0030112914391526,-0.0415194114009067,-0.054243463635006,0.7740888259770622,19.507038414621967,0.0002422869758357,0.000774088825977,0.0,0.6504750659613957,0.5,1.0,0.0,0.7692307692307693,0.5
20,10,equal_weight,vol_target_30pct_max_1p25,0.3,1.25,2022,26,-0.2243874261006651,-0.4752671488278636,-1.2857859118209751,-0.2839973573484862,-0.7901039227816644,-0.0072969084725877,-0.0847008690255452,-0.0839159162300515,0.6823989221164868,17.196452837335467,-0.0130484715785975,0.0006823989221164,0.0,0.5236152547030699,0.5,0.6182240850285434,0.0,1.0,0.3076923076923077
20,10,equal_weight,vol_target_30pct_max_1p25,0.3,1.25,2023,25,0.9708808525211624,1.8952331681687016,5.996276809102483,-0.2075647825252041,4.677483534102277,0.0301495608763484,0.0617755187329356,0.0571632214510428,0.6480000000000001,16.329600000000003,0.0594552746252916,0.0006479999999999,0.0,0.5,0.5,0.5,0.0,1.0,0.6
20,10,equal_weight,vol_target_30pct_max_1p25,0.3,1.25,2024,26,0.459270427259602,1.360709100079762,2.9091345196428953,-0.1357597204187346,3.3829653290610593,0.0169615181019102,-0.0176733148710827,-0.0002651457772484,0.7324373929224836,18.457422301646584,0.024882695955796,0.0007324373929224,0.0,0.5054747681070982,0.5,0.5352994149596229,0.0,1.0,0.6153846153846154
20,10,equal_weight,vol_target_30pct_max_1p25,0.3,1.25,2025,25,1.1957646301874432,2.8036414301226147,4.8688635580570905,-0.1068057886429691,11.195691220301269,0.0333586400548345,0.0901918980154928,0.1091753240688533,0.8084092450036239,20.37191297409132,0.0586967277794774,0.0008084092450036,0.0,0.5420226716513938,0.5,0.6379565214022802,0.0,1.0,0.8
20,10,equal_weight,vol_target_30pct_max_1p25,0.3,1.25,2026,11,0.6597679560447345,1.3902892143541694,2.5837902759402605,-0.1841510348572279,3.58275453926312,0.0234635394796522,0.0278952040495587,0.0433884035317776,0.8648827558501833,21.795045447424616,0.0302714650279701,0.0008648827558501,0.0,0.5312351237186845,0.5,0.6057454185075621,0.0,1.0,0.4545454545454545
20,10,equal_weight,regime_dd_vol_target_30pct_max_1p25,0.3,1.25,overall,139,0.3664962005434427,1.0562011129249167,2.1714799228374977,-0.5340702777474322,0.6862321604737622,0.0148772978566938,0.002624454572086,0.0074582619435036,0.7174361376318764,18.079390668323285,0.0202714907414206,0.0007174361376318,0.0,0.5266104232947569,0.5,1.0,0.0,0.9928057553956836,0.5539568345323741
20,10,equal_weight,regime_dd_vol_target_30pct_max_1p25,0.3,1.25,2021,26,-0.0890967658139209,-0.1143487877467746,-0.151913681319997,-0.2908013518526887,-0.3063836025736725,-0.0015145610660193,-0.0415194114009067,-0.054243463635006,0.6906272875155236,17.403807645391193,-0.0051193835067187,0.0006906272875155,0.0,0.5831673736537033,0.5,1.0,0.0,0.9615384615384616,0.5
20,10,equal_weight,regime_dd_vol_target_30pct_max_1p25,0.3,1.25,2022,26,-0.2120414358863656,-0.4689774016304322,-1.2969739148361863,-0.2839973573484862,-0.7466317217387863,-0.0069030937849411,-0.0847008690255452,-0.0839159162300515,0.6461538461538462,16.283076923076923,-0.013022197026279,0.0006461538461538,0.0,0.5,0.5,0.5,0.0,1.0,0.3076923076923077
20,10,equal_weight,regime_dd_vol_target_30pct_max_1p25,0.3,1.25,2023,25,0.9708808525211624,1.8952331681687016,5.996276809102483,-0.2075647825252041,4.677483534102277,0.0301495608763484,0.0617755187329356,0.0571632214510428,0.6480000000000001,16.329600000000003,0.0594552746252916,0.0006479999999999,0.0,0.5,0.5,0.5,0.0,1.0,0.6
20,10,equal_weight,regime_dd_vol_target_30pct_max_1p25,0.3,1.25,2024,26,0.459270427259602,1.360709100079762,2.9091345196428953,-0.1357597204187346,3.3829653290610593,0.0169615181019102,-0.0176733148710827,-0.0002651457772484,0.7324373929224836,18.457422301646584,0.024882695955796,0.0007324373929224,0.0,0.5054747681070982,0.5,0.5352994149596229,0.0,1.0,0.6153846153846154
20,10,equal_weight,regime_dd_vol_target_30pct_max_1p25,0.3,1.25,2025,25,1.1957646301874432,2.8036414301226147,4.8688635580570905,-0.1068057886429691,11.195691220301269,0.0333586400548345,0.0901918980154928,0.1091753240688533,0.8084092450036239,20.37191297409132,0.0586967277794774,0.0008084092450036,0.0,0.5420226716513938,0.5,0.6379565214022802,0.0,1.0,0.8
20,10,equal_weight,regime_dd_vol_target_30pct_max_1p25,0.3,1.25,2026,11,0.6597679560447345,1.3902892143541694,2.5837902759402605,-0.1841510348572279,3.58275453926312,0.0234635394796522,0.0278952040495587,0.0433884035317776,0.8648827558501833,21.795045447424616,0.0302714650279701,0.0008648827558501,0.0,0.5312351237186845,0.5,0.6057454185075621,0.0,1.0,0.4545454545454545
20,10,equal_weight,vol_target_30pct_max_1p50,0.3,1.5,overall,139,0.3876799198854657,1.0760691080770002,2.2421607424593475,-0.5508253479981627,0.7038164116709437,0.0156501970168065,0.002624454572086,0.0074582619435036,0.7398273029198523,18.643648033580277,0.020794209330019,0.0007398273029198,0.0,0.543617593239216,0.5,1.0,0.0,0.9568345323741008,0.5539568345323741
20,10,equal_weight,vol_target_30pct_max_1p50,0.3,1.5,2021,26,0.0047263013449896,0.1970743519922468,0.2993105403713928,-0.3050733066348876,0.0154923464039614,0.0030112914391526,-0.0415194114009067,-0.054243463635006,0.7740888259770622,19.507038414621967,0.0002422869758357,0.000774088825977,0.0,0.6504750659613957,0.5,1.0,0.0,0.7692307692307693,0.5
20,10,equal_weight,vol_target_30pct_max_1p50,0.3,1.5,2022,26,-0.2243874261006651,-0.4752671488278636,-1.2857859118209751,-0.2839973573484862,-0.7901039227816644,-0.0072969084725877,-0.0847008690255452,-0.0839159162300515,0.6823989221164868,17.196452837335467,-0.0130484715785975,0.0006823989221164,0.0,0.5236152547030699,0.5,0.6182240850285434,0.0,1.0,0.3076923076923077
20,10,equal_weight,vol_target_30pct_max_1p50,0.3,1.5,2023,25,0.9708808525211624,1.8952331681687016,5.996276809102483,-0.2075647825252041,4.677483534102277,0.0301495608763484,0.0617755187329356,0.0571632214510428,0.6480000000000001,16.329600000000003,0.0594552746252916,0.0006479999999999,0.0,0.5,0.5,0.5,0.0,1.0,0.6
20,10,equal_weight,vol_target_30pct_max_1p50,0.3,1.5,2024,26,0.459270427259602,1.360709100079762,2.9091345196428953,-0.1357597204187346,3.3829653290610593,0.0169615181019102,-0.0176733148710827,-0.0002651457772484,0.7324373929224836,18.457422301646584,0.024882695955796,0.0007324373929224,0.0,0.5054747681070982,0.5,0.5352994149596229,0.0,1.0,0.6153846153846154
20,10,equal_weight,vol_target_30pct_max_1p50,0.3,1.5,2025,25,1.1957646301874432,2.8036414301226147,4.8688635580570905,-0.1068057886429691,11.195691220301269,0.0333586400548345,0.0901918980154928,0.1091753240688533,0.8084092450036239,20.37191297409132,0.0586967277794774,0.0008084092450036,0.0,0.5420226716513938,0.5,0.6379565214022802,0.0,1.0,0.8
20,10,equal_weight,vol_target_30pct_max_1p50,0.3,1.5,2026,11,0.6597679560447345,1.3902892143541694,2.5837902759402605,-0.1841510348572279,3.58275453926312,0.0234635394796522,0.0278952040495587,0.0433884035317776,0.8648827558501833,21.795045447424616,0.0302714650279701,0.0008648827558501,0.0,0.5312351237186845,0.5,0.6057454185075621,0.0,1.0,0.4545454545454545
20,10,equal_weight,regime_dd_vol_target_30pct_max_1p50,0.3,1.5,overall,139,0.3664962005434427,1.0562011129249167,2.1714799228374977,-0.5340702777474322,0.6862321604737622,0.0148772978566938,0.002624454572086,0.0074582619435036,0.7174361376318764,18.079390668323285,0.0202714907414206,0.0007174361376318,0.0,0.5266104232947569,0.5,1.0,0.0,0.9928057553956836,0.5539568345323741
20,10,equal_weight,regime_dd_vol_target_30pct_max_1p50,0.3,1.5,2021,26,-0.0890967658139209,-0.1143487877467746,-0.151913681319997,-0.2908013518526887,-0.3063836025736725,-0.0015145610660193,-0.0415194114009067,-0.054243463635006,0.6906272875155236,17.403807645391193,-0.0051193835067187,0.0006906272875155,0.0,0.5831673736537033,0.5,1.0,0.0,0.9615384615384616,0.5
20,10,equal_weight,regime_dd_vol_target_30pct_max_1p50,0.3,1.5,2022,26,-0.2120414358863656,-0.4689774016304322,-1.2969739148361863,-0.2839973573484862,-0.7466317217387863,-0.0069030937849411,-0.0847008690255452,-0.0839159162300515,0.6461538461538462,16.283076923076923,-0.013022197026279,0.0006461538461538,0.0,0.5,0.5,0.5,0.0,1.0,0.3076923076923077
20,10,equal_weight,regime_dd_vol_target_30pct_max_1p50,0.3,1.5,2023,25,0.9708808525211624,1.8952331681687016,5.996276809102483,-0.2075647825252041,4.677483534102277,0.0301495608763484,0.0617755187329356,0.0571632214510428,0.6480000000000001,16.329600000000003,0.0594552746252916,0.0006479999999999,0.0,0.5,0.5,0.5,0.0,1.0,0.6
20,10,equal_weight,regime_dd_vol_target_30pct_max_1p50,0.3,1.5,2024,26,0.459270427259602,1.360709100079762,2.9091345196428953,-0.1357597204187346,3.3829653290610593,0.0169615181019102,-0.0176733148710827,-0.0002651457772484,0.7324373929224836,18.457422301646584,0.024882695955796,0.0007324373929224,0.0,0.5054747681070982,0.5,0.5352994149596229,0.0,1.0,0.6153846153846154
20,10,equal_weight,regime_dd_vol_target_30pct_max_1p50,0.3,1.5,2025,25,1.1957646301874432,2.8036414301226147,4.8688635580570905,-0.1068057886429691,11.195691220301269,0.0333586400548345,0.0901918980154928,0.1091753240688533,0.8084092450036239,20.37191297409132,0.0586967277794774,0.0008084092450036,0.0,0.5420226716513938,0.5,0.6379565214022802,0.0,1.0,0.8
20,10,equal_weight,regime_dd_vol_target_30pct_max_1p50,0.3,1.5,2026,11,0.6597679560447345,1.3902892143541694,2.5837902759402605,-0.1841510348572279,3.58275453926312,0.0234635394796522,0.0278952040495587,0.0433884035317776,0.8648827558501833,21.795045447424616,0.0302714650279701,0.0008648827558501,0.0,0.5312351237186845,0.5,0.6057454185075621,0.0,1.0,0.4545454545454545
20,10,buffer_inverse_volatility,static_1x,,1.0,overall,139,0.7448254695982648,1.1697988080365898,2.502171915883131,-0.7527126684014007,0.9895216340388072,0.0302440421407081,0.002624454572086,0.0074582619435036,1.2616649189693598,31.793955958027865,0.0234266371439128,0.0012616649189693,0.0,1.0,1.0,1.0,0.0,0.0,0.5683453237410072
20,10,buffer_inverse_volatility,static_1x,,1.0,2021,26,-0.040940473988594,0.2006519328811837,0.2897495106168007,-0.3979463777260662,-0.1028793734033587,0.0044117054544929,-0.0415194114009067,-0.054243463635006,1.0454054850491068,26.34421822323749,-0.0015540591731236,0.0010454054850491,0.0,1.0,1.0,1.0,0.0,0.0,0.5
20,10,buffer_inverse_volatility,static_1x,,1.0,2022,26,-0.4525892829446807,-0.5164315499603479,-1.2741721511352488,-0.4906991406769748,-0.9223355930892456,-0.0145743452100112,-0.0847008690255452,-0.0839159162300515,1.2073828283978223,30.426047275625127,-0.0148750601366237,0.0012073828283978,0.0,1.0,1.0,1.0,0.0,0.0,0.3076923076923077
20,10,buffer_inverse_volatility,static_1x,,1.0,2023,25,3.7843122922187513,2.3610551062948755,10.26347821784359,-0.3220358058593909,11.751215931159775,0.0746310290007342,0.0617755187329356,0.0571632214510428,1.2359482351069366,31.1458955246948,0.1215027607479857,0.0012359482351069,0.0,1.0,1.0,1.0,0.0,0.0,0.64
20,10,buffer_inverse_volatility,static_1x,,1.0,2024,26,0.8112897097088896,1.3678718546438524,2.4202560005390334,-0.2344271319720416,3.460732991459563,0.0294027078728494,-0.0176733148710827,-0.0002651457772484,1.261517758512448,31.790247514513688,0.0255200815702519,0.0012615177585124,0.0,1.0,1.0,1.0,0.0,0.0,0.6153846153846154
20,10,buffer_inverse_volatility,static_1x,,1.0,2025,25,2.305818185085558,2.578564957294923,3.936978306086919,-0.2126669327701288,10.842391692261398,0.0537124470141032,0.0901918980154928,0.1091753240688533,1.443896806208204,36.38619951644674,0.0633706794259542,0.0014438968062082,0.0,1.0,1.0,1.0,0.0,0.0,0.8
20,10,buffer_inverse_volatility,static_1x,,1.0,2026,11,1.405998331516176,1.5048769883338684,2.8578285040286864,-0.2963505780953096,4.7443751942471035,0.0450084714669896,0.0278952040495587,0.0433884035317776,1.5457581666289728,38.953105799050114,0.036094640020988,0.0015457581666289,0.0,1.0,1.0,1.0,0.0,0.0,0.5454545454545454
20,10,buffer_inverse_volatility,legacy_risk_scaled,,1.0,overall,139,0.4428048912006139,1.1976540903513335,2.2581998914141455,-0.5216633114203608,0.8488327269843171,0.0171399784511433,0.002624454572086,0.0074582619435036,0.6826397815167569,17.202522494222272,0.025740695374724,0.0006826397815167,0.0,0.5341726618705037,0.45,1.0,0.0,0.8705035971223022,0.5683453237410072
20,10,buffer_inverse_volatility,legacy_risk_scaled,,1.0,2021,26,-0.2026907056528191,-0.4876814267723533,-0.5229140817546766,-0.3699513683740021,-0.5478847302111045,-0.0065610292393497,-0.0415194114009067,-0.054243463635006,0.5669942129753842,14.288254166979682,-0.0141858272735125,0.0005669942129753,0.0,0.5346153846153846,0.45,1.0,0.0,0.8461538461538461,0.5
20,10,buffer_inverse_volatility,legacy_risk_scaled,,1.0,2022,26,-0.1924892469739111,-0.5164315499603479,-1.2741721511352493,-0.2531412348113286,-0.760402575729621,-0.006558455344505,-0.0847008690255452,-0.0839159162300515,0.5433222727790201,13.691721274031307,-0.0140588055454356,0.000543322272779,0.0,0.4499999999999999,0.45,0.45,0.0,1.0,0.3076923076923077
20,10,buffer_inverse_volatility,legacy_risk_scaled,,1.0,2023,25,1.5214902986798648,2.53848581595851,12.282246109121036,-0.1568075933237819,9.702912125806543,0.0401897378986644,0.0617755187329356,0.0571632214510428,0.5946586801661112,14.985398740186003,0.1015315191179877,0.0005946586801661,0.0,0.486,0.45,0.75,0.0,1.0,0.64
20,10,buffer_inverse_volatility,legacy_risk_scaled,,1.0,2024,26,0.6914266968761151,1.5573594106399549,3.165225830214669,-0.1098023194887661,6.29701357945225,0.0237655850242564,-0.0176733148710827,-0.0002651457772484,0.829073125596175,20.89264276502361,0.0330942669461439,0.0008290731255961,0.0,0.6423076923076922,0.45,1.0,0.0,0.6923076923076923,0.6153846153846154
20,10,buffer_inverse_volatility,legacy_risk_scaled,,1.0,2025,25,1.2799238371411472,2.7201509617839976,5.67782749173217,-0.0962386942206996,13.299472187413084,0.0351249204812108,0.0901918980154928,0.1091753240688533,0.8777931922699177,22.120388445201925,0.0578617251822615,0.0008777931922699,0.0,0.594,0.45,1.0,0.0,0.76,0.8
20,10,buffer_inverse_volatility,legacy_risk_scaled,,1.0,2026,11,0.577505542396541,1.5048769883338682,2.8578285040286855,-0.1401454857422561,4.120757363948496,0.0202538121601453,0.0278952040495587,0.0433884035317776,0.6955911749830378,17.528897609572553,0.0329459133859715,0.000695591174983,0.0,0.45,0.45,0.45,0.0,1.0,0.5454545454545454
20,10,buffer_inverse_volatility,vol_target_20pct_max_1p25,0.2,1.25,overall,139,0.4097105877126039,1.183410398961898,2.5364805995537263,-0.4704576757583149,0.8708766140380327,0.0159014646197371,0.002624454572086,0.0074582619435036,0.659534349001208,16.620265594830443,0.024651265972551,0.0006595343490012,0.0,0.5215827338129496,0.5,1.0,0.0,0.9568345323741008,0.5683453237410072
20,10,buffer_inverse_volatility,vol_target_20pct_max_1p25,0.2,1.25,2021,26,0.105684686979721,0.4518421978977098,0.7577981383450193,-0.2644238728600172,0.3996790676901899,0.0063728778566404,-0.0415194114009067,-0.054243463635006,0.6761474595552234,17.03891598079163,0.006202547573969,0.0006761474595552,0.0,0.6153846153846154,0.5,1.0,0.0,0.7692307692307693,0.5
20,10,buffer_inverse_volatility,vol_target_20pct_max_1p25,0.2,1.25,2022,26,-0.2160513576042014,-0.5164315499603479,-1.2741721511352488,-0.2777924411214368,-0.7777438318048211,-0.0072871726050056,-0.0847008690255452,-0.0839159162300515,0.6036914141989113,15.213023637812563,-0.0142017367978839,0.0006036914141989,0.0,0.5,0.5,0.5,0.0,1.0,0.3076923076923077
20,10,buffer_inverse_volatility,vol_target_20pct_max_1p25,0.2,1.25,2023,25,1.351661667140677,2.3610551062948755,10.26347821784359,-0.1729873701628085,7.8136436542653325,0.0373155145003671,0.0617755187329356,0.0571632214510428,0.6179741175534683,15.5729477623474,0.086795492270818,0.0006179741175534,0.0,0.5,0.5,0.5,0.0,1.0,0.64
20,10,buffer_inverse_volatility,vol_target_20pct_max_1p25,0.2,1.25,2024,26,0.3954804326763188,1.3678718546438524,2.4202560005390334,-0.1215682808836556,3.2531547686752673,0.0147013539364247,-0.0176733148710827,-0.0002651457772484,0.630758879256224,15.895123757256844,0.0248806136218828,0.0006307588792562,0.0,0.5,0.5,0.5,0.0,1.0,0.6153846153846154
20,10,buffer_inverse_volatility,vol_target_20pct_max_1p25,0.2,1.25,2025,25,0.8891861986565663,2.578564957294923,3.936978306086919,-0.1063334663850643,8.362242188518193,0.0268562235070516,0.0901918980154928,0.1091753240688533,0.721948403104102,18.19309975822337,0.0488749146914697,0.0007219484031041,0.0,0.5,0.5,0.5,0.0,1.0,0.8
20,10,buffer_inverse_volatility,vol_target_20pct_max_1p25,0.2,1.25,2026,11,0.6488923819225434,1.5048769883338684,2.8578285040286864,-0.1550251995681862,4.185721958300944,0.0225042357334948,0.0278952040495587,0.0433884035317776,0.7728790833144864,19.476552899525057,0.0333165927908304,0.0007728790833144,0.0,0.5,0.5,0.5,0.0,1.0,0.5454545454545454
20,10,buffer_inverse_volatility,regime_dd_vol_target_20pct_max_1p25,0.2,1.25,overall,139,0.3860952073778037,1.1535010298981008,2.4440510426168993,-0.4704576757583149,0.8206800043286994,0.015121189589344,0.002624454572086,0.0074582619435036,0.6439641588688099,16.22789680349401,0.023792066960561,0.0006439641588688,0.0,0.5089928057553957,0.5,1.0,0.0,0.9928057553956836,0.5683453237410072
20,10,buffer_inverse_volatility,regime_dd_vol_target_20pct_max_1p25,0.2,1.25,2021,26,0.0101993869317971,0.181571067599199,0.2702957400332091,-0.2515422008529863,0.0405474186725357,0.0022014075018465,-0.0415194114009067,-0.054243463635006,0.5929068276935563,14.941252057877618,0.0006826326797973,0.0005929068276935,0.0,0.5480769230769231,0.5,1.0,0.0,0.9615384615384616,0.5
20,10,buffer_inverse_volatility,regime_dd_vol_target_20pct_max_1p25,0.2,1.25,2022,26,-0.2160513576042014,-0.5164315499603479,-1.2741721511352488,-0.2777924411214368,-0.7777438318048211,-0.0072871726050056,-0.0847008690255452,-0.0839159162300515,0.6036914141989113,15.213023637812563,-0.0142017367978839,0.0006036914141989,0.0,0.5,0.5,0.5,0.0,1.0,0.3076923076923077
20,10,buffer_inverse_volatility,regime_dd_vol_target_20pct_max_1p25,0.2,1.25,2023,25,1.351661667140677,2.3610551062948755,10.26347821784359,-0.1729873701628085,7.8136436542653325,0.0373155145003671,0.0617755187329356,0.0571632214510428,0.6179741175534683,15.5729477623474,0.086795492270818,0.0006179741175534,0.0,0.5,0.5,0.5,0.0,1.0,0.64
20,10,buffer_inverse_volatility,regime_dd_vol_target_20pct_max_1p25,0.2,1.25,2024,26,0.3954804326763188,1.3678718546438524,2.4202560005390334,-0.1215682808836556,3.2531547686752673,0.0147013539364247,-0.0176733148710827,-0.0002651457772484,0.630758879256224,15.895123757256844,0.0248806136218828,0.0006307588792562,0.0,0.5,0.5,0.5,0.0,1.0,0.6153846153846154
20,10,buffer_inverse_volatility,regime_dd_vol_target_20pct_max_1p25,0.2,1.25,2025,25,0.8891861986565663,2.578564957294923,3.936978306086919,-0.1063334663850643,8.362242188518193,0.0268562235070516,0.0901918980154928,0.1091753240688533,0.721948403104102,18.19309975822337,0.0488749146914697,0.0007219484031041,0.0,0.5,0.5,0.5,0.0,1.0,0.8
20,10,buffer_inverse_volatility,regime_dd_vol_target_20pct_max_1p25,0.2,1.25,2026,11,0.6488923819225434,1.5048769883338684,2.8578285040286864,-0.1550251995681862,4.185721958300944,0.0225042357334948,0.0278952040495587,0.0433884035317776,0.7728790833144864,19.476552899525057,0.0333165927908304,0.0007728790833144,0.0,0.5,0.5,0.5,0.0,1.0,0.5454545454545454
20,10,buffer_inverse_volatility,vol_target_20pct_max_1p50,0.2,1.5,overall,139,0.4097105877126039,1.183410398961898,2.5364805995537263,-0.4704576757583149,0.8708766140380327,0.0159014646197371,0.002624454572086,0.0074582619435036,0.659534349001208,16.620265594830443,0.024651265972551,0.0006595343490012,0.0,0.5215827338129496,0.5,1.0,0.0,0.9568345323741008,0.5683453237410072
20,10,buffer_inverse_volatility,vol_target_20pct_max_1p50,0.2,1.5,2021,26,0.105684686979721,0.4518421978977098,0.7577981383450193,-0.2644238728600172,0.3996790676901899,0.0063728778566404,-0.0415194114009067,-0.054243463635006,0.6761474595552234,17.03891598079163,0.006202547573969,0.0006761474595552,0.0,0.6153846153846154,0.5,1.0,0.0,0.7692307692307693,0.5
20,10,buffer_inverse_volatility,vol_target_20pct_max_1p50,0.2,1.5,2022,26,-0.2160513576042014,-0.5164315499603479,-1.2741721511352488,-0.2777924411214368,-0.7777438318048211,-0.0072871726050056,-0.0847008690255452,-0.0839159162300515,0.6036914141989113,15.213023637812563,-0.0142017367978839,0.0006036914141989,0.0,0.5,0.5,0.5,0.0,1.0,0.3076923076923077
20,10,buffer_inverse_volatility,vol_target_20pct_max_1p50,0.2,1.5,2023,25,1.351661667140677,2.3610551062948755,10.26347821784359,-0.1729873701628085,7.8136436542653325,0.0373155145003671,0.0617755187329356,0.0571632214510428,0.6179741175534683,15.5729477623474,0.086795492270818,0.0006179741175534,0.0,0.5,0.5,0.5,0.0,1.0,0.64
20,10,buffer_inverse_volatility,vol_target_20pct_max_1p50,0.2,1.5,2024,26,0.3954804326763188,1.3678718546438524,2.4202560005390334,-0.1215682808836556,3.2531547686752673,0.0147013539364247,-0.0176733148710827,-0.0002651457772484,0.630758879256224,15.895123757256844,0.0248806136218828,0.0006307588792562,0.0,0.5,0.5,0.5,0.0,1.0,0.6153846153846154
20,10,buffer_inverse_volatility,vol_target_20pct_max_1p50,0.2,1.5,2025,25,0.8891861986565663,2.578564957294923,3.936978306086919,-0.1063334663850643,8.362242188518193,0.0268562235070516,0.0901918980154928,0.1091753240688533,0.721948403104102,18.19309975822337,0.0488749146914697,0.0007219484031041,0.0,0.5,0.5,0.5,0.0,1.0,0.8
20,10,buffer_inverse_volatility,vol_target_20pct_max_1p50,0.2,1.5,2026,11,0.6488923819225434,1.5048769883338684,2.8578285040286864,-0.1550251995681862,4.185721958300944,0.0225042357334948,0.0278952040495587,0.0433884035317776,0.7728790833144864,19.476552899525057,0.0333165927908304,0.0007728790833144,0.0,0.5,0.5,0.5,0.0,1.0,0.5454545454545454
20,10,buffer_inverse_volatility,regime_dd_vol_target_20pct_max_1p50,0.2,1.5,overall,139,0.3860952073778037,1.1535010298981008,2.4440510426168993,-0.4704576757583149,0.8206800043286994,0.015121189589344,0.002624454572086,0.0074582619435036,0.6439641588688099,16.22789680349401,0.023792066960561,0.0006439641588688,0.0,0.5089928057553957,0.5,1.0,0.0,0.9928057553956836,0.5683453237410072
20,10,buffer_inverse_volatility,regime_dd_vol_target_20pct_max_1p50,0.2,1.5,2021,26,0.0101993869317971,0.181571067599199,0.2702957400332091,-0.2515422008529863,0.0405474186725357,0.0022014075018465,-0.0415194114009067,-0.054243463635006,0.5929068276935563,14.941252057877618,0.0006826326797973,0.0005929068276935,0.0,0.5480769230769231,0.5,1.0,0.0,0.9615384615384616,0.5
20,10,buffer_inverse_volatility,regime_dd_vol_target_20pct_max_1p50,0.2,1.5,2022,26,-0.2160513576042014,-0.5164315499603479,-1.2741721511352488,-0.2777924411214368,-0.7777438318048211,-0.0072871726050056,-0.0847008690255452,-0.0839159162300515,0.6036914141989113,15.213023637812563,-0.0142017367978839,0.0006036914141989,0.0,0.5,0.5,0.5,0.0,1.0,0.3076923076923077
20,10,buffer_inverse_volatility,regime_dd_vol_target_20pct_max_1p50,0.2,1.5,2023,25,1.351661667140677,2.3610551062948755,10.26347821784359,-0.1729873701628085,7.8136436542653325,0.0373155145003671,0.0617755187329356,0.0571632214510428,0.6179741175534683,15.5729477623474,0.086795492270818,0.0006179741175534,0.0,0.5,0.5,0.5,0.0,1.0,0.64
20,10,buffer_inverse_volatility,regime_dd_vol_target_20pct_max_1p50,0.2,1.5,2024,26,0.3954804326763188,1.3678718546438524,2.4202560005390334,-0.1215682808836556,3.2531547686752673,0.0147013539364247,-0.0176733148710827,-0.0002651457772484,0.630758879256224,15.895123757256844,0.0248806136218828,0.0006307588792562,0.0,0.5,0.5,0.5,0.0,1.0,0.6153846153846154
20,10,buffer_inverse_volatility,regime_dd_vol_target_20pct_max_1p50,0.2,1.5,2025,25,0.8891861986565663,2.578564957294923,3.936978306086919,-0.1063334663850643,8.362242188518193,0.0268562235070516,0.0901918980154928,0.1091753240688533,0.721948403104102,18.19309975822337,0.0488749146914697,0.0007219484031041,0.0,0.5,0.5,0.5,0.0,1.0,0.8
20,10,buffer_inverse_volatility,regime_dd_vol_target_20pct_max_1p50,0.2,1.5,2026,11,0.6488923819225434,1.5048769883338684,2.8578285040286864,-0.1550251995681862,4.185721958300944,0.0225042357334948,0.0278952040495587,0.0433884035317776,0.7728790833144864,19.476552899525057,0.0333165927908304,0.0007728790833144,0.0,0.5,0.5,0.5,0.0,1.0,0.5454545454545454
20,10,buffer_inverse_volatility,vol_target_25pct_max_1p25,0.25,1.25,overall,139,0.4112496478141332,1.183712285030707,2.5296071617332134,-0.4714223738544083,0.8723592061439609,0.0159607604538896,0.002624454572086,0.0074582619435036,0.6604920689104412,16.64440013654312,0.0247079885391139,0.0006604920689104,0.0,0.5223631256434021,0.5,1.0,0.0,0.9568345323741008,0.5683453237410072
20,10,buffer_inverse_volatility,vol_target_25pct_max_1p25,0.25,1.25,2021,26,0.1015768850920999,0.441113330721439,0.7354386815753142,-0.2661434083296848,0.3816622238724458,0.0062415834616076,-0.0415194114009067,-0.054243463635006,0.6773641067190466,17.069575489319973,0.0059507563709275,0.000677364106719,0.0,0.6164380314475165,0.5,1.0,0.0,0.7692307692307693,0.5
20,10,buffer_inverse_volatility,vol_target_25pct_max_1p25,0.25,1.25,2022,26,-0.2160513576042014,-0.5164315499603479,-1.2741721511352488,-0.2777924411214368,-0.7777438318048211,-0.0072871726050056,-0.0847008690255452,-0.0839159162300515,0.6036914141989113,15.213023637812563,-0.0142017367978839,0.0006036914141989,0.0,0.5,0.5,0.5,0.0,1.0,0.3076923076923077
20,10,buffer_inverse_volatility,vol_target_25pct_max_1p25,0.25,1.25,2023,25,1.351661667140677,2.3610551062948755,10.26347821784359,-0.1729873701628085,7.8136436542653325,0.0373155145003671,0.0617755187329356,0.0571632214510428,0.6179741175534683,15.5729477623474,0.086795492270818,0.0006179741175534,0.0,0.5,0.5,0.5,0.0,1.0,0.64
20,10,buffer_inverse_volatility,vol_target_25pct_max_1p25,0.25,1.25,2024,26,0.3977622344606322,1.3709331875545248,2.432195952592804,-0.1215682808836556,3.271924482022593,0.0147738807522191,-0.0176733148710827,-0.0002651457772484,0.6311635670065363,15.905321888564714,0.0250081222654542,0.0006311635670065,0.0,0.5003083291087133,0.5,0.5080165568265451,0.0,1.0,0.6153846153846154
20,10,buffer_inverse_volatility,vol_target_25pct_max_1p25,0.25,1.25,2025,25,0.9046000007812898,2.5708961702665496,3.9217764519122817,-0.1077272261882237,8.397134436569914,0.0272291491193686,0.0901918980154928,0.1091753240688533,0.7244099657756525,18.25513113754644,0.0495531910434071,0.0007244099657756,0.0,0.5022310430651866,0.5,0.5323026825604095,0.0,1.0,0.8
20,10,buffer_inverse_volatility,vol_target_25pct_max_1p25,0.25,1.25,2026,11,0.6493151776557113,1.498883995588128,2.8227501621741533,-0.1564088916879404,4.1513955546158705,0.0225448664334464,0.0278952040495587,0.0433884035317776,0.7755544735714964,19.54397273400171,0.0332232953091498,0.0007755544735714,0.0,0.5015720921219331,0.5,0.5095160456576746,0.0,1.0,0.5454545454545454
20,10,buffer_inverse_volatility,regime_dd_vol_target_25pct_max_1p25,0.25,1.25,overall,139,0.3876084852443318,1.1538021633596185,2.4373418834184335,-0.4714223738544084,0.8222106262695938,0.0151804854234964,0.002624454572086,0.0074582619435036,0.644921878778043,16.25203134520668,0.0238498484903951,0.000644921878778,0.0,0.5097731975858483,0.5,1.0,0.0,0.9928057553956836,0.5683453237410072
20,10,buffer_inverse_volatility,regime_dd_vol_target_25pct_max_1p25,0.25,1.25,2021,26,0.006446328761255,0.1700277160375526,0.2516095246017681,-0.2532918494422992,0.0254502021105245,0.0020701131068137,-0.0415194114009067,-0.054243463635006,0.5941234748573792,14.971911566405954,0.0004305615039644,0.0005941234748573,0.0,0.5491303391398241,0.5,1.0,0.0,0.9615384615384616,0.5
20,10,buffer_inverse_volatility,regime_dd_vol_target_25pct_max_1p25,0.25,1.25,2022,26,-0.2160513576042014,-0.5164315499603479,-1.2741721511352488,-0.2777924411214368,-0.7777438318048211,-0.0072871726050056,-0.0847008690255452,-0.0839159162300515,0.6036914141989113,15.213023637812563,-0.0142017367978839,0.0006036914141989,0.0,0.5,0.5,0.5,0.0,1.0,0.3076923076923077
20,10,buffer_inverse_volatility,regime_dd_vol_target_25pct_max_1p25,0.25,1.25,2023,25,1.351661667140677,2.3610551062948755,10.26347821784359,-0.1729873701628085,7.8136436542653325,0.0373155145003671,0.0617755187329356,0.0571632214510428,0.6179741175534683,15.5729477623474,0.086795492270818,0.0006179741175534,0.0,0.5,0.5,0.5,0.0,1.0,0.64
20,10,buffer_inverse_volatility,regime_dd_vol_target_25pct_max_1p25,0.25,1.25,2024,26,0.3977622344606322,1.3709331875545248,2.432195952592804,-0.1215682808836556,3.271924482022593,0.0147738807522191,-0.0176733148710827,-0.0002651457772484,0.6311635670065363,15.905321888564714,0.0250081222654542,0.0006311635670065,0.0,0.5003083291087133,0.5,0.5080165568265451,0.0,1.0,0.6153846153846154
20,10,buffer_inverse_volatility,regime_dd_vol_target_25pct_max_1p25,0.25,1.25,2025,25,0.9046000007812898,2.5708961702665496,3.9217764519122817,-0.1077272261882237,8.397134436569914,0.0272291491193686,0.0901918980154928,0.1091753240688533,0.7244099657756525,18.25513113754644,0.0495531910434071,0.0007244099657756,0.0,0.5022310430651866,0.5,0.5323026825604095,0.0,1.0,0.8
20,10,buffer_inverse_volatility,regime_dd_vol_target_25pct_max_1p25,0.25,1.25,2026,11,0.6493151776557113,1.498883995588128,2.8227501621741533,-0.1564088916879404,4.1513955546158705,0.0225448664334464,0.0278952040495587,0.0433884035317776,0.7755544735714964,19.54397273400171,0.0332232953091498,0.0007755544735714,0.0,0.5015720921219331,0.5,0.5095160456576746,0.0,1.0,0.5454545454545454
20,10,buffer_inverse_volatility,vol_target_25pct_max_1p50,0.25,1.5,overall,139,0.4112496478141332,1.183712285030707,2.5296071617332134,-0.4714223738544083,0.8723592061439609,0.0159607604538896,0.002624454572086,0.0074582619435036,0.6604920689104412,16.64440013654312,0.0247079885391139,0.0006604920689104,0.0,0.5223631256434021,0.5,1.0,0.0,0.9568345323741008,0.5683453237410072
20,10,buffer_inverse_volatility,vol_target_25pct_max_1p50,0.25,1.5,2021,26,0.1015768850920999,0.441113330721439,0.7354386815753142,-0.2661434083296848,0.3816622238724458,0.0062415834616076,-0.0415194114009067,-0.054243463635006,0.6773641067190466,17.069575489319973,0.0059507563709275,0.000677364106719,0.0,0.6164380314475165,0.5,1.0,0.0,0.7692307692307693,0.5
20,10,buffer_inverse_volatility,vol_target_25pct_max_1p50,0.25,1.5,2022,26,-0.2160513576042014,-0.5164315499603479,-1.2741721511352488,-0.2777924411214368,-0.7777438318048211,-0.0072871726050056,-0.0847008690255452,-0.0839159162300515,0.6036914141989113,15.213023637812563,-0.0142017367978839,0.0006036914141989,0.0,0.5,0.5,0.5,0.0,1.0,0.3076923076923077
20,10,buffer_inverse_volatility,vol_target_25pct_max_1p50,0.25,1.5,2023,25,1.351661667140677,2.3610551062948755,10.26347821784359,-0.1729873701628085,7.8136436542653325,0.0373155145003671,0.0617755187329356,0.0571632214510428,0.6179741175534683,15.5729477623474,0.086795492270818,0.0006179741175534,0.0,0.5,0.5,0.5,0.0,1.0,0.64
20,10,buffer_inverse_volatility,vol_target_25pct_max_1p50,0.25,1.5,2024,26,0.3977622344606322,1.3709331875545248,2.432195952592804,-0.1215682808836556,3.271924482022593,0.0147738807522191,-0.0176733148710827,-0.0002651457772484,0.6311635670065363,15.905321888564714,0.0250081222654542,0.0006311635670065,0.0,0.5003083291087133,0.5,0.5080165568265451,0.0,1.0,0.6153846153846154
20,10,buffer_inverse_volatility,vol_target_25pct_max_1p50,0.25,1.5,2025,25,0.9046000007812898,2.5708961702665496,3.9217764519122817,-0.1077272261882237,8.397134436569914,0.0272291491193686,0.0901918980154928,0.1091753240688533,0.7244099657756525,18.25513113754644,0.0495531910434071,0.0007244099657756,0.0,0.5022310430651866,0.5,0.5323026825604095,0.0,1.0,0.8
20,10,buffer_inverse_volatility,vol_target_25pct_max_1p50,0.25,1.5,2026,11,0.6493151776557113,1.498883995588128,2.8227501621741533,-0.1564088916879404,4.1513955546158705,0.0225448664334464,0.0278952040495587,0.0433884035317776,0.7755544735714964,19.54397273400171,0.0332232953091498,0.0007755544735714,0.0,0.5015720921219331,0.5,0.5095160456576746,0.0,1.0,0.5454545454545454
20,10,buffer_inverse_volatility,regime_dd_vol_target_25pct_max_1p50,0.25,1.5,overall,139,0.3876084852443318,1.1538021633596185,2.4373418834184335,-0.4714223738544084,0.8222106262695938,0.0151804854234964,0.002624454572086,0.0074582619435036,0.644921878778043,16.25203134520668,0.0238498484903951,0.000644921878778,0.0,0.5097731975858483,0.5,1.0,0.0,0.9928057553956836,0.5683453237410072
20,10,buffer_inverse_volatility,regime_dd_vol_target_25pct_max_1p50,0.25,1.5,2021,26,0.006446328761255,0.1700277160375526,0.2516095246017681,-0.2532918494422992,0.0254502021105245,0.0020701131068137,-0.0415194114009067,-0.054243463635006,0.5941234748573792,14.971911566405954,0.0004305615039644,0.0005941234748573,0.0,0.5491303391398241,0.5,1.0,0.0,0.9615384615384616,0.5
20,10,buffer_inverse_volatility,regime_dd_vol_target_25pct_max_1p50,0.25,1.5,2022,26,-0.2160513576042014,-0.5164315499603479,-1.2741721511352488,-0.2777924411214368,-0.7777438318048211,-0.0072871726050056,-0.0847008690255452,-0.0839159162300515,0.6036914141989113,15.213023637812563,-0.0142017367978839,0.0006036914141989,0.0,0.5,0.5,0.5,0.0,1.0,0.3076923076923077
20,10,buffer_inverse_volatility,regime_dd_vol_target_25pct_max_1p50,0.25,1.5,2023,25,1.351661667140677,2.3610551062948755,10.26347821784359,-0.1729873701628085,7.8136436542653325,0.0373155145003671,0.0617755187329356,0.0571632214510428,0.6179741175534683,15.5729477623474,0.086795492270818,0.0006179741175534,0.0,0.5,0.5,0.5,0.0,1.0,0.64
20,10,buffer_inverse_volatility,regime_dd_vol_target_25pct_max_1p50,0.25,1.5,2024,26,0.3977622344606322,1.3709331875545248,2.432195952592804,-0.1215682808836556,3.271924482022593,0.0147738807522191,-0.0176733148710827,-0.0002651457772484,0.6311635670065363,15.905321888564714,0.0250081222654542,0.0006311635670065,0.0,0.5003083291087133,0.5,0.5080165568265451,0.0,1.0,0.6153846153846154
20,10,buffer_inverse_volatility,regime_dd_vol_target_25pct_max_1p50,0.25,1.5,2025,25,0.9046000007812898,2.5708961702665496,3.9217764519122817,-0.1077272261882237,8.397134436569914,0.0272291491193686,0.0901918980154928,0.1091753240688533,0.7244099657756525,18.25513113754644,0.0495531910434071,0.0007244099657756,0.0,0.5022310430651866,0.5,0.5323026825604095,0.0,1.0,0.8
20,10,buffer_inverse_volatility,regime_dd_vol_target_25pct_max_1p50,0.25,1.5,2026,11,0.6493151776557113,1.498883995588128,2.8227501621741533,-0.1564088916879404,4.1513955546158705,0.0225448664334464,0.0278952040495587,0.0433884035317776,0.7755544735714964,19.54397273400171,0.0332232953091498,0.0007755544735714,0.0,0.5015720921219331,0.5,0.5095160456576746,0.0,1.0,0.5454545454545454
20,10,buffer_inverse_volatility,vol_target_30pct_max_1p25,0.3,1.25,overall,139,0.426433118278902,1.1666504963613318,2.3561218867316733,-0.4972338925819906,0.8576107233249111,0.016672511838438,0.002624454572086,0.0074582619435036,0.6985386350343876,17.60317360286657,0.0242247862743034,0.0006985386350343,0.0,0.5519190116705941,0.5,1.0,0.0,0.9568345323741008,0.5683453237410072
20,10,buffer_inverse_volatility,vol_target_30pct_max_1p25,0.3,1.25,2021,26,0.0504148501616217,0.312523817091771,0.4868318577708789,-0.2897840161083351,0.1739738817850265,0.0047443072979715,-0.0415194114009067,-0.054243463635006,0.7177765743044536,18.08796967247223,0.0027872033774109,0.0007177765743044,0.0,0.6586652462047262,0.5,1.0,0.0,0.7692307692307693,0.5
20,10,buffer_inverse_volatility,vol_target_30pct_max_1p25,0.3,1.25,2022,26,-0.2188769052253554,-0.5065223264937067,-1.2341066818517603,-0.277792441121437,-0.7879152663109122,-0.0073164872546865,-0.0847008690255452,-0.0839159162300515,0.615665917383285,15.514781118058782,-0.0141076373272574,0.0006156659173832,0.0,0.5086116377955547,0.5,0.5703380601460556,0.0,1.0,0.3076923076923077
20,10,buffer_inverse_volatility,vol_target_30pct_max_1p25,0.3,1.25,2023,25,1.351661667140677,2.3610551062948755,10.26347821784359,-0.1729873701628085,7.8136436542653325,0.0373155145003671,0.0617755187329356,0.0571632214510428,0.6179741175534683,15.5729477623474,0.086795492270818,0.0006179741175534,0.0,0.5,0.5,0.5,0.0,1.0,0.64
20,10,buffer_inverse_volatility,vol_target_30pct_max_1p25,0.3,1.25,2024,26,0.4482835961785754,1.4074180123757187,2.524632218214912,-0.1232191064688184,3.638101338545392,0.0164397770940087,-0.0176733148710827,-0.0002651457772484,0.6661967925692255,16.788159172744482,0.0267023675178373,0.0006661967925692,0.0,0.5296721943045247,0.5,0.6096198681918541,0.0,1.0,0.6153846153846154
20,10,buffer_inverse_volatility,vol_target_30pct_max_1p25,0.3,1.25,2025,25,1.050876052737896,2.5060434183730353,3.593921955022232,-0.1292693380799257,8.12935277883261,0.0306948292234951,0.0901918980154928,0.1091753240688533,0.8184102882697679,20.62393926439815,0.0509541867470468,0.0008184102882697,0.0,0.5672864188501211,0.5321626850141147,0.6387632190724913,0.0,1.0,0.8
20,10,buffer_inverse_volatility,vol_target_30pct_max_1p25,0.3,1.25,2026,11,0.6560499010576379,1.3889115638961425,2.439205128104154,-0.1802786513654914,3.639088134332568,0.0233330024433357,0.0278952040495587,0.0433884035317776,0.8360580666834463,21.068663280422847,0.0311386580309176,0.0008360580666834,0.0,0.5376278286395091,0.5,0.6114192547892096,0.0,1.0,0.5454545454545454
20,10,buffer_inverse_volatility,regime_dd_vol_target_30pct_max_1p25,0.3,1.25,overall,139,0.4026614071814276,1.1403733273228165,2.279926123964732,-0.4953573999674397,0.8128704793910313,0.0158729500372539,0.002624454572086,0.0074582619435036,0.6802408682021828,17.142069878695004,0.0234896608187249,0.0006802408682021,0.0,0.5373206323342836,0.5,1.0,0.0,0.9928057553956836,0.5683453237410072
20,10,buffer_inverse_volatility,regime_dd_vol_target_30pct_max_1p25,0.3,1.25,2021,26,-0.0433050871732826,0.0330771488879092,0.0459491241244331,-0.2773464599926757,-0.1561407604568893,0.0004404122496523,-0.0415194114009067,-0.054243463635006,0.6319284009628097,15.924595704262805,-0.0027193837744772,0.0006319284009628,0.0,0.5892317021638515,0.5,1.0,0.0,0.9615384615384616,0.5
20,10,buffer_inverse_volatility,regime_dd_vol_target_30pct_max_1p25,0.3,1.25,2022,26,-0.2160513576042014,-0.5164315499603479,-1.2741721511352488,-0.2777924411214368,-0.7777438318048211,-0.0072871726050056,-0.0847008690255452,-0.0839159162300515,0.6036914141989113,15.213023637812563,-0.0142017367978839,0.0006036914141989,0.0,0.5,0.5,0.5,0.0,1.0,0.3076923076923077
20,10,buffer_inverse_volatility,regime_dd_vol_target_30pct_max_1p25,0.3,1.25,2023,25,1.351661667140677,2.3610551062948755,10.26347821784359,-0.1729873701628085,7.8136436542653325,0.0373155145003671,0.0617755187329356,0.0571632214510428,0.6179741175534683,15.5729477623474,0.086795492270818,0.0006179741175534,0.0,0.5,0.5,0.5,0.0,1.0,0.64
20,10,buffer_inverse_volatility,regime_dd_vol_target_30pct_max_1p25,0.3,1.25,2024,26,0.4482835961785754,1.4074180123757187,2.524632218214912,-0.1232191064688184,3.638101338545392,0.0164397770940087,-0.0176733148710827,-0.0002651457772484,0.6661967925692255,16.788159172744482,0.0267023675178373,0.0006661967925692,0.0,0.5296721943045247,0.5,0.6096198681918541,0.0,1.0,0.6153846153846154
20,10,buffer_inverse_volatility,regime_dd_vol_target_30pct_max_1p25,0.3,1.25,2025,25,1.050876052737896,2.5060434183730353,3.593921955022232,-0.1292693380799257,8.12935277883261,0.0306948292234951,0.0901918980154928,0.1091753240688533,0.8184102882697679,20.62393926439815,0.0509541867470468,0.0008184102882697,0.0,0.5672864188501211,0.5321626850141147,0.6387632190724913,0.0,1.0,0.8
20,10,buffer_inverse_volatility,regime_dd_vol_target_30pct_max_1p25,0.3,1.25,2026,11,0.6560499010576379,1.3889115638961425,2.439205128104154,-0.1802786513654914,3.639088134332568,0.0233330024433357,0.0278952040495587,0.0433884035317776,0.8360580666834463,21.068663280422847,0.0311386580309176,0.0008360580666834,0.0,0.5376278286395091,0.5,0.6114192547892096,0.0,1.0,0.5454545454545454
20,10,buffer_inverse_volatility,vol_target_30pct_max_1p50,0.3,1.5,overall,139,0.426433118278902,1.1666504963613318,2.3561218867316733,-0.4972338925819906,0.8576107233249111,0.016672511838438,0.002624454572086,0.0074582619435036,0.6985386350343876,17.60317360286657,0.0242247862743034,0.0006985386350343,0.0,0.5519190116705941,0.5,1.0,0.0,0.9568345323741008,0.5683453237410072
20,10,buffer_inverse_volatility,vol_target_30pct_max_1p50,0.3,1.5,2021,26,0.0504148501616217,0.312523817091771,0.4868318577708789,-0.2897840161083351,0.1739738817850265,0.0047443072979715,-0.0415194114009067,-0.054243463635006,0.7177765743044536,18.08796967247223,0.0027872033774109,0.0007177765743044,0.0,0.6586652462047262,0.5,1.0,0.0,0.7692307692307693,0.5
20,10,buffer_inverse_volatility,vol_target_30pct_max_1p50,0.3,1.5,2022,26,-0.2188769052253554,-0.5065223264937067,-1.2341066818517603,-0.277792441121437,-0.7879152663109122,-0.0073164872546865,-0.0847008690255452,-0.0839159162300515,0.615665917383285,15.514781118058782,-0.0141076373272574,0.0006156659173832,0.0,0.5086116377955547,0.5,0.5703380601460556,0.0,1.0,0.3076923076923077
20,10,buffer_inverse_volatility,vol_target_30pct_max_1p50,0.3,1.5,2023,25,1.351661667140677,2.3610551062948755,10.26347821784359,-0.1729873701628085,7.8136436542653325,0.0373155145003671,0.0617755187329356,0.0571632214510428,0.6179741175534683,15.5729477623474,0.086795492270818,0.0006179741175534,0.0,0.5,0.5,0.5,0.0,1.0,0.64
20,10,buffer_inverse_volatility,vol_target_30pct_max_1p50,0.3,1.5,2024,26,0.4482835961785754,1.4074180123757187,2.524632218214912,-0.1232191064688184,3.638101338545392,0.0164397770940087,-0.0176733148710827,-0.0002651457772484,0.6661967925692255,16.788159172744482,0.0267023675178373,0.0006661967925692,0.0,0.5296721943045247,0.5,0.6096198681918541,0.0,1.0,0.6153846153846154
20,10,buffer_inverse_volatility,vol_target_30pct_max_1p50,0.3,1.5,2025,25,1.050876052737896,2.5060434183730353,3.593921955022232,-0.1292693380799257,8.12935277883261,0.0306948292234951,0.0901918980154928,0.1091753240688533,0.8184102882697679,20.62393926439815,0.0509541867470468,0.0008184102882697,0.0,0.5672864188501211,0.5321626850141147,0.6387632190724913,0.0,1.0,0.8
20,10,buffer_inverse_volatility,vol_target_30pct_max_1p50,0.3,1.5,2026,11,0.6560499010576379,1.3889115638961425,2.439205128104154,-0.1802786513654914,3.639088134332568,0.0233330024433357,0.0278952040495587,0.0433884035317776,0.8360580666834463,21.068663280422847,0.0311386580309176,0.0008360580666834,0.0,0.5376278286395091,0.5,0.6114192547892096,0.0,1.0,0.5454545454545454
20,10,buffer_inverse_volatility,regime_dd_vol_target_30pct_max_1p50,0.3,1.5,overall,139,0.4026614071814276,1.1403733273228165,2.279926123964732,-0.4953573999674397,0.8128704793910313,0.0158729500372539,0.002624454572086,0.0074582619435036,0.6802408682021828,17.142069878695004,0.0234896608187249,0.0006802408682021,0.0,0.5373206323342836,0.5,1.0,0.0,0.9928057553956836,0.5683453237410072
20,10,buffer_inverse_volatility,regime_dd_vol_target_30pct_max_1p50,0.3,1.5,2021,26,-0.0433050871732826,0.0330771488879092,0.0459491241244331,-0.2773464599926757,-0.1561407604568893,0.0004404122496523,-0.0415194114009067,-0.054243463635006,0.6319284009628097,15.924595704262805,-0.0027193837744772,0.0006319284009628,0.0,0.5892317021638515,0.5,1.0,0.0,0.9615384615384616,0.5
20,10,buffer_inverse_volatility,regime_dd_vol_target_30pct_max_1p50,0.3,1.5,2022,26,-0.2160513576042014,-0.5164315499603479,-1.2741721511352488,-0.2777924411214368,-0.7777438318048211,-0.0072871726050056,-0.0847008690255452,-0.0839159162300515,0.6036914141989113,15.213023637812563,-0.0142017367978839,0.0006036914141989,0.0,0.5,0.5,0.5,0.0,1.0,0.3076923076923077
20,10,buffer_inverse_volatility,regime_dd_vol_target_30pct_max_1p50,0.3,1.5,2023,25,1.351661667140677,2.3610551062948755,10.26347821784359,-0.1729873701628085,7.8136436542653325,0.0373155145003671,0.0617755187329356,0.0571632214510428,0.6179741175534683,15.5729477623474,0.086795492270818,0.0006179741175534,0.0,0.5,0.5,0.5,0.0,1.0,0.64
20,10,buffer_inverse_volatility,regime_dd_vol_target_30pct_max_1p50,0.3,1.5,2024,26,0.4482835961785754,1.4074180123757187,2.524632218214912,-0.1232191064688184,3.638101338545392,0.0164397770940087,-0.0176733148710827,-0.0002651457772484,0.6661967925692255,16.788159172744482,0.0267023675178373,0.0006661967925692,0.0,0.5296721943045247,0.5,0.6096198681918541,0.0,1.0,0.6153846153846154
20,10,buffer_inverse_volatility,regime_dd_vol_target_30pct_max_1p50,0.3,1.5,2025,25,1.050876052737896,2.5060434183730353,3.593921955022232,-0.1292693380799257,8.12935277883261,0.0306948292234951,0.0901918980154928,0.1091753240688533,0.8184102882697679,20.62393926439815,0.0509541867470468,0.0008184102882697,0.0,0.5672864188501211,0.5321626850141147,0.6387632190724913,0.0,1.0,0.8
20,10,buffer_inverse_volatility,regime_dd_vol_target_30pct_max_1p50,0.3,1.5,2026,11,0.6560499010576379,1.3889115638961425,2.439205128104154,-0.1802786513654914,3.639088134332568,0.0233330024433357,0.0278952040495587,0.0433884035317776,0.8360580666834463,21.068663280422847,0.0311386580309176,0.0008360580666834,0.0,0.5376278286395091,0.5,0.6114192547892096,0.0,1.0,0.5454545454545454
20,20,equal_weight,static_1x,,1.0,overall,71,0.6860503402320541,1.093270061389566,2.664897132989211,-0.6929898898103064,0.98998607385145,0.0585858882187162,0.0057363418585598,0.0057363418585598,1.5126760563380282,19.059718309859154,0.0359947785732581,0.001512676056338,0.0,1.0,1.0,1.0,0.0,0.0,0.6056338028169014
20,20,equal_weight,static_1x,,1.0,2021,13,-0.0363473776357717,0.181004018509773,0.3342351067081567,-0.4081743281119028,-0.0890486616439213,0.0076320454050143,-0.0289921068203477,-0.0289921068203477,1.276923076923077,16.08923076923077,-0.0022591122072338,0.001276923076923,0.0,1.0,1.0,1.0,0.0,0.0,0.6153846153846154
20,20,equal_weight,static_1x,,1.0,2022,13,-0.2635283845216271,-0.1755352526333095,-0.4119366366871062,-0.4752492256630694,-0.5545056578555206,-0.0091512146131486,-0.1139416912644733,-0.1139416912644733,1.4923076923076926,18.80307692307693,-0.0140151734527129,0.0014923076923076,0.0,1.0,1.0,1.0,0.0,0.0,0.3846153846153846
20,20,equal_weight,static_1x,,1.0,2023,13,1.4963554023202676,1.4047206855129244,4.224001818178582,-0.4456602365167921,3.3576147919669435,0.1020005968562152,0.0547026300291341,0.0547026300291341,1.4,17.639999999999997,0.0848274037596523,0.0014,0.0,1.0,1.0,1.0,0.0,0.0,0.5384615384615384
20,20,equal_weight,static_1x,,1.0,2024,13,0.8158708663727581,1.6829355532642358,3.391594836556772,-0.0503859396592932,16.192431299081218,0.0541865390777913,-0.013835381290983,-0.013835381290983,1.6,20.16,0.0404697850383312,0.0015999999999999,0.0,1.0,1.0,1.0,0.0,0.0,0.6923076923076923
20,20,equal_weight,static_1x,,1.0,2025,13,2.3993380414033805,1.993721820122622,4.023964828251472,-0.2369398658054979,10.126358573077685,0.1217539399062552,0.1199135107592296,0.1199135107592296,1.6923076923076923,21.323076923076925,0.1125230683197833,0.0016923076923076,0.0,1.0,1.0,1.0,0.0,0.0,0.7692307692307693
20,20,equal_weight,static_1x,,1.0,2026,6,1.7149790230926016,1.887144782729644,5.312621985956136,-0.1507584270555184,11.375676017507413,0.0943522128851989,0.029211628932412,0.029211628932412,1.7333333333333334,21.84,0.078524680544533,0.0017333333333333,0.0,1.0,1.0,1.0,0.0,0.0,0.6666666666666666
20,20,equal_weight,legacy_risk_scaled,,1.0,overall,71,0.3874048683230697,1.0127554359987838,2.2934704037675404,-0.3868301974937937,1.0014855893697006,0.0320489893785987,0.0057363418585598,0.0057363418585598,0.8191549295774647,10.321352112676054,0.0375343137307836,0.0008191549295774,0.0,0.5366197183098594,0.45,1.0,0.0,0.8732394366197183,0.6056338028169014
20,20,equal_weight,legacy_risk_scaled,,1.0,2021,13,-0.087618063308639,-0.2134795528696853,-0.4858192039242724,-0.2065148231421313,-0.4242700934273227,-0.0045601707061711,-0.0289921068203477,-0.0289921068203477,0.6930769230769231,8.73276923076923,-0.0100332507356227,0.0006930769230769,0.0,0.5346153846153847,0.45,1.0,0.0,0.8461538461538461,0.6153846153846154
20,20,equal_weight,legacy_risk_scaled,,1.0,2022,13,-0.087109482930754,-0.1755352526333097,-0.4119366366871066,-0.233229351026486,-0.3734927981721379,-0.0041180465759168,-0.1139416912644733,-0.1139416912644733,0.6715384615384618,8.461384615384619,-0.0102949442544391,0.0006715384615384,0.0,0.45,0.45,0.45,0.0,1.0,0.3846153846153846
20,20,equal_weight,legacy_risk_scaled,,1.0,2023,13,0.8026798018242622,1.4060078283206956,5.352022468427439,-0.2208340963619831,3.634763902167258,0.05606222390202,0.0547026300291341,0.0547026300291341,0.6853846153846155,8.635846153846154,0.0929474411105357,0.0006853846153846,0.0,0.4961538461538461,0.45,0.75,0.0,1.0,0.5384615384615384
20,20,equal_weight,legacy_risk_scaled,,1.0,2024,13,0.50438917063092,1.532083429446356,2.7838088346936987,-0.0490741245945717,10.27810836765721,0.0360215513607464,-0.013835381290983,-0.013835381290983,1.0115384615384615,12.745384615384618,0.0395742604755987,0.0010115384615384,0.0,0.6423076923076925,0.45,1.0,0.0,0.6923076923076923,0.6923076923076923
20,20,equal_weight,legacy_risk_scaled,,1.0,2025,13,1.1080842903558563,1.5867344464327544,2.255451580612036,-0.2369398658054979,4.676647750216395,0.0720350013339731,0.1199135107592296,0.1199135107592296,1.0523076923076926,13.259076923076927,0.0835717521502026,0.0010523076923076,0.0,0.6000000000000001,0.45,1.0,0.0,0.7692307692307693,0.7692307692307693
20,20,equal_weight,legacy_risk_scaled,,1.0,2026,6,0.637771850847878,1.8871447827296437,5.3126219859561346,-0.0688314021206567,9.265710579742477,0.0424584957983395,0.029211628932412,0.029211628932412,0.7800000000000001,9.828,0.0648933507171223,0.00078,0.0,0.45,0.45,0.45,0.0,1.0,0.6666666666666666
20,20,equal_weight,vol_target_20pct_max_1p25,0.2,1.25,overall,71,0.3715109829361658,1.0666208561548332,2.669628607909519,-0.4167939510581675,0.891354065943049,0.030049550569443,0.0057363418585598,0.0057363418585598,0.8153397187922978,10.273280456782953,0.0361628385888049,0.0008153397187922,0.0,0.5429848414266355,0.5,1.0,0.0,0.9154929577464788,0.6056338028169014
20,20,equal_weight,vol_target_20pct_max_1p25,0.2,1.25,2021,13,0.0371970121346578,0.2644329003706513,1.222158768445773,-0.2395180472003395,0.1552994130064247,0.0079482579845097,-0.0289921068203477,-0.0289921068203477,0.9607015410963952,12.10483941781458,0.0030729042204323,0.0009607015410963,0.0,0.7347633647147018,0.5,1.0,0.0,0.5384615384615384,0.6153846153846154
20,20,equal_weight,vol_target_20pct_max_1p25,0.2,1.25,2022,13,-0.100572202074411,-0.1755352526333095,-0.4119366366871062,-0.2572881838874969,-0.3908932021471602,-0.0045756073065743,-0.1139416912644733,-0.1139416912644733,0.7461538461538463,9.401538461538465,-0.0106974196282715,0.0007461538461538,0.0,0.5,0.5,0.5,0.0,1.0,0.3846153846153846
20,20,equal_weight,vol_target_20pct_max_1p25,0.2,1.25,2023,13,0.7187402364808761,1.4047206855129244,4.224001818178582,-0.2432622106529116,2.9545905817092986,0.0510002984281076,0.0547026300291341,0.0547026300291341,0.7,8.819999999999999,0.081489822730258,0.0007,0.0,0.5,0.5,0.5,0.0,1.0,0.5384615384615384
20,20,equal_weight,vol_target_20pct_max_1p25,0.2,1.25,2024,13,0.3756112285129729,1.6829355532642358,3.391594836556772,-0.0251929698296465,14.90936682149165,0.0270932695388956,-0.013835381290983,-0.013835381290983,0.8,10.08,0.0372630187016838,0.0007999999999999,0.0,0.5,0.5,0.5,0.0,1.0,0.6923076923076923
20,20,equal_weight,vol_target_20pct_max_1p25,0.2,1.25,2025,13,0.9809065184400942,1.993721820122622,4.023964828251472,-0.1184699329027489,8.279792977052773,0.0608769699531276,0.1199135107592296,0.1199135107592296,0.8461538461538463,10.661538461538465,0.0920042189013075,0.0008461538461538,0.0,0.5,0.5,0.5,0.0,1.0,0.7692307692307693
20,20,equal_weight,vol_target_20pct_max_1p25,0.2,1.25,2026,6,0.7218567265476596,1.887144782729644,5.312621985956136,-0.0763793245839949,9.450944093565893,0.0471761064425994,0.029211628932412,0.029211628932412,0.8666666666666667,10.92,0.0661040958376977,0.0008666666666666,0.0,0.5,0.5,0.5,0.0,1.0,0.6666666666666666
20,20,equal_weight,regime_dd_vol_target_20pct_max_1p25,0.2,1.25,overall,71,0.3508242436964524,1.0420536306547172,2.536393043691023,-0.4167939510581675,0.8417210537863385,0.0285886157027467,0.0057363418585598,0.0057363418585598,0.7870298596373682,9.916576231430838,0.0353775572847921,0.0007870298596373,0.0,0.5211538555111426,0.5,1.0,0.0,0.971830985915493,0.6056338028169014
20,20,equal_weight,regime_dd_vol_target_20pct_max_1p25,0.2,1.25,2021,13,-0.0454192280261215,-0.0012235063676106,-0.0034662388225768,-0.2185169009275364,-0.2078522431598242,-3.069397975466352e-05,-0.0289921068203477,-0.0289921068203477,0.8060861564810106,10.156685571660732,-0.0044718552824802,0.000806086156481,0.0,0.6155325954839326,0.5,1.0,0.0,0.8461538461538461,0.6153846153846154
20,20,equal_weight,regime_dd_vol_target_20pct_max_1p25,0.2,1.25,2022,13,-0.100572202074411,-0.1755352526333095,-0.4119366366871062,-0.2572881838874969,-0.3908932021471602,-0.0045756073065743,-0.1139416912644733,-0.1139416912644733,0.7461538461538463,9.401538461538465,-0.0106974196282715,0.0007461538461538,0.0,0.5,0.5,0.5,0.0,1.0,0.3846153846153846
20,20,equal_weight,regime_dd_vol_target_20pct_max_1p25,0.2,1.25,2023,13,0.7187402364808761,1.4047206855129244,4.224001818178582,-0.2432622106529116,2.9545905817092986,0.0510002984281076,0.0547026300291341,0.0547026300291341,0.7,8.819999999999999,0.081489822730258,0.0007,0.0,0.5,0.5,0.5,0.0,1.0,0.5384615384615384
20,20,equal_weight,regime_dd_vol_target_20pct_max_1p25,0.2,1.25,2024,13,0.3756112285129729,1.6829355532642358,3.391594836556772,-0.0251929698296465,14.90936682149165,0.0270932695388956,-0.013835381290983,-0.013835381290983,0.8,10.08,0.0372630187016838,0.0007999999999999,0.0,0.5,0.5,0.5,0.0,1.0,0.6923076923076923
20,20,equal_weight,regime_dd_vol_target_20pct_max_1p25,0.2,1.25,2025,13,0.9809065184400942,1.993721820122622,4.023964828251472,-0.1184699329027489,8.279792977052773,0.0608769699531276,0.1199135107592296,0.1199135107592296,0.8461538461538463,10.661538461538465,0.0920042189013075,0.0008461538461538,0.0,0.5,0.5,0.5,0.0,1.0,0.7692307692307693
20,20,equal_weight,regime_dd_vol_target_20pct_max_1p25,0.2,1.25,2026,6,0.7218567265476596,1.887144782729644,5.312621985956136,-0.0763793245839949,9.450944093565893,0.0471761064425994,0.029211628932412,0.029211628932412,0.8666666666666667,10.92,0.0661040958376977,0.0008666666666666,0.0,0.5,0.5,0.5,0.0,1.0,0.6666666666666666
20,20,equal_weight,vol_target_20pct_max_1p50,0.2,1.5,overall,71,0.3715109829361658,1.0666208561548332,2.669628607909519,-0.4167939510581675,0.891354065943049,0.030049550569443,0.0057363418585598,0.0057363418585598,0.8153397187922978,10.273280456782953,0.0361628385888049,0.0008153397187922,0.0,0.5429848414266355,0.5,1.0,0.0,0.9154929577464788,0.6056338028169014
20,20,equal_weight,vol_target_20pct_max_1p50,0.2,1.5,2021,13,0.0371970121346578,0.2644329003706513,1.222158768445773,-0.2395180472003395,0.1552994130064247,0.0079482579845097,-0.0289921068203477,-0.0289921068203477,0.9607015410963952,12.10483941781458,0.0030729042204323,0.0009607015410963,0.0,0.7347633647147018,0.5,1.0,0.0,0.5384615384615384,0.6153846153846154
20,20,equal_weight,vol_target_20pct_max_1p50,0.2,1.5,2022,13,-0.100572202074411,-0.1755352526333095,-0.4119366366871062,-0.2572881838874969,-0.3908932021471602,-0.0045756073065743,-0.1139416912644733,-0.1139416912644733,0.7461538461538463,9.401538461538465,-0.0106974196282715,0.0007461538461538,0.0,0.5,0.5,0.5,0.0,1.0,0.3846153846153846
20,20,equal_weight,vol_target_20pct_max_1p50,0.2,1.5,2023,13,0.7187402364808761,1.4047206855129244,4.224001818178582,-0.2432622106529116,2.9545905817092986,0.0510002984281076,0.0547026300291341,0.0547026300291341,0.7,8.819999999999999,0.081489822730258,0.0007,0.0,0.5,0.5,0.5,0.0,1.0,0.5384615384615384
20,20,equal_weight,vol_target_20pct_max_1p50,0.2,1.5,2024,13,0.3756112285129729,1.6829355532642358,3.391594836556772,-0.0251929698296465,14.90936682149165,0.0270932695388956,-0.013835381290983,-0.013835381290983,0.8,10.08,0.0372630187016838,0.0007999999999999,0.0,0.5,0.5,0.5,0.0,1.0,0.6923076923076923
20,20,equal_weight,vol_target_20pct_max_1p50,0.2,1.5,2025,13,0.9809065184400942,1.993721820122622,4.023964828251472,-0.1184699329027489,8.279792977052773,0.0608769699531276,0.1199135107592296,0.1199135107592296,0.8461538461538463,10.661538461538465,0.0920042189013075,0.0008461538461538,0.0,0.5,0.5,0.5,0.0,1.0,0.7692307692307693
20,20,equal_weight,vol_target_20pct_max_1p50,0.2,1.5,2026,6,0.7218567265476596,1.887144782729644,5.312621985956136,-0.0763793245839949,9.450944093565893,0.0471761064425994,0.029211628932412,0.029211628932412,0.8666666666666667,10.92,0.0661040958376977,0.0008666666666666,0.0,0.5,0.5,0.5,0.0,1.0,0.6666666666666666
20,20,equal_weight,regime_dd_vol_target_20pct_max_1p50,0.2,1.5,overall,71,0.3508242436964524,1.0420536306547172,2.536393043691023,-0.4167939510581675,0.8417210537863385,0.0285886157027467,0.0057363418585598,0.0057363418585598,0.7870298596373682,9.916576231430838,0.0353775572847921,0.0007870298596373,0.0,0.5211538555111426,0.5,1.0,0.0,0.971830985915493,0.6056338028169014
20,20,equal_weight,regime_dd_vol_target_20pct_max_1p50,0.2,1.5,2021,13,-0.0454192280261215,-0.0012235063676106,-0.0034662388225768,-0.2185169009275364,-0.2078522431598242,-3.069397975466352e-05,-0.0289921068203477,-0.0289921068203477,0.8060861564810106,10.156685571660732,-0.0044718552824802,0.000806086156481,0.0,0.6155325954839326,0.5,1.0,0.0,0.8461538461538461,0.6153846153846154
20,20,equal_weight,regime_dd_vol_target_20pct_max_1p50,0.2,1.5,2022,13,-0.100572202074411,-0.1755352526333095,-0.4119366366871062,-0.2572881838874969,-0.3908932021471602,-0.0045756073065743,-0.1139416912644733,-0.1139416912644733,0.7461538461538463,9.401538461538465,-0.0106974196282715,0.0007461538461538,0.0,0.5,0.5,0.5,0.0,1.0,0.3846153846153846
20,20,equal_weight,regime_dd_vol_target_20pct_max_1p50,0.2,1.5,2023,13,0.7187402364808761,1.4047206855129244,4.224001818178582,-0.2432622106529116,2.9545905817092986,0.0510002984281076,0.0547026300291341,0.0547026300291341,0.7,8.819999999999999,0.081489822730258,0.0007,0.0,0.5,0.5,0.5,0.0,1.0,0.5384615384615384
20,20,equal_weight,regime_dd_vol_target_20pct_max_1p50,0.2,1.5,2024,13,0.3756112285129729,1.6829355532642358,3.391594836556772,-0.0251929698296465,14.90936682149165,0.0270932695388956,-0.013835381290983,-0.013835381290983,0.8,10.08,0.0372630187016838,0.0007999999999999,0.0,0.5,0.5,0.5,0.0,1.0,0.6923076923076923
20,20,equal_weight,regime_dd_vol_target_20pct_max_1p50,0.2,1.5,2025,13,0.9809065184400942,1.993721820122622,4.023964828251472,-0.1184699329027489,8.279792977052773,0.0608769699531276,0.1199135107592296,0.1199135107592296,0.8461538461538463,10.661538461538465,0.0920042189013075,0.0008461538461538,0.0,0.5,0.5,0.5,0.0,1.0,0.7692307692307693
20,20,equal_weight,regime_dd_vol_target_20pct_max_1p50,0.2,1.5,2026,6,0.7218567265476596,1.887144782729644,5.312621985956136,-0.0763793245839949,9.450944093565893,0.0471761064425994,0.029211628932412,0.029211628932412,0.8666666666666667,10.92,0.0661040958376977,0.0008666666666666,0.0,0.5,0.5,0.5,0.0,1.0,0.6666666666666666
20,20,equal_weight,vol_target_25pct_max_1p25,0.25,1.25,overall,71,0.3757380454917867,1.0673190847217526,2.5860897674139385,-0.4350428537179902,0.8636805369416619,0.030422209861665,0.0057363418585598,0.0057363418585598,0.8281355332692326,10.43450771919233,0.0360091779701965,0.0008281355332692,0.0,0.5513065178284888,0.5,1.0,0.0,0.9154929577464788,0.6056338028169014
20,20,equal_weight,vol_target_25pct_max_1p25,0.25,1.25,2021,13,0.0547763255042792,0.3125582958802218,1.115011337180058,-0.2418187716057983,0.2265180868322871,0.0099835510420297,-0.0289921068203477,-0.0289921068203477,1.0305863740088856,12.985388312511958,0.0042183047734891,0.0010305863740088,0.0,0.7802125204479009,0.5034978718673099,1.0,0.0,0.5384615384615384,0.6153846153846154
20,20,equal_weight,vol_target_25pct_max_1p25,0.25,1.25,2022,13,-0.100572202074411,-0.1755352526333095,-0.4119366366871062,-0.2572881838874969,-0.3908932021471602,-0.0045756073065743,-0.1139416912644733,-0.1139416912644733,0.7461538461538463,9.401538461538465,-0.0106974196282715,0.0007461538461538,0.0,0.5,0.5,0.5,0.0,1.0,0.3846153846153846
20,20,equal_weight,vol_target_25pct_max_1p25,0.25,1.25,2023,13,0.7187402364808761,1.4047206855129244,4.224001818178582,-0.2432622106529116,2.9545905817092986,0.0510002984281076,0.0547026300291341,0.0547026300291341,0.7,8.819999999999999,0.081489822730258,0.0007,0.0,0.5,0.5,0.5,0.0,1.0,0.5384615384615384
20,20,equal_weight,vol_target_25pct_max_1p25,0.25,1.25,2024,13,0.3756112285129729,1.6829355532642358,3.391594836556772,-0.0251929698296465,14.90936682149165,0.0270932695388956,-0.013835381290983,-0.013835381290983,0.8,10.08,0.0372630187016838,0.0007999999999999,0.0,0.5,0.5,0.5,0.0,1.0,0.6923076923076923
20,20,equal_weight,vol_target_25pct_max_1p25,0.25,1.25,2025,13,0.9809065184400942,1.993721820122622,4.023964828251472,-0.1184699329027489,8.279792977052773,0.0608769699531276,0.1199135107592296,0.1199135107592296,0.8461538461538463,10.661538461538465,0.0920042189013075,0.0008461538461538,0.0,0.5,0.5,0.5,0.0,1.0,0.7692307692307693
20,20,equal_weight,vol_target_25pct_max_1p25,0.25,1.25,2026,6,0.7218567265476596,1.887144782729644,5.312621985956136,-0.0763793245839949,9.450944093565893,0.0471761064425994,0.029211628932412,0.029211628932412,0.8666666666666667,10.92,0.0661040958376977,0.0008666666666666,0.0,0.5,0.5,0.5,0.0,1.0,0.6666666666666666
20,20,equal_weight,regime_dd_vol_target_25pct_max_1p25,0.25,1.25,overall,71,0.3541671193994082,1.0411235617268932,2.4531375597780034,-0.4350390768545492,0.8141041534938259,0.0289091429838504,0.0057363418585598,0.0057363418585598,0.7993806105264122,10.072195692632793,0.0351628512994897,0.0007993806105264,0.0,0.5288994468956287,0.5,1.0,0.0,0.971830985915493,0.6056338028169014
20,20,equal_weight,regime_dd_vol_target_25pct_max_1p25,0.25,1.25,2021,13,-0.0324460375227623,0.0630207099570851,0.1558013857633404,-0.2418137029966441,-0.1341778283061675,0.0017198780939651,-0.0289921068203477,-0.0289921068203477,0.8735402574904048,11.0066072443791,-0.002947869111922,0.0008735402574904,0.0,0.657835440737665,0.5,1.0,0.0,0.8461538461538461,0.6153846153846154
20,20,equal_weight,regime_dd_vol_target_25pct_max_1p25,0.25,1.25,2022,13,-0.100572202074411,-0.1755352526333095,-0.4119366366871062,-0.2572881838874969,-0.3908932021471602,-0.0045756073065743,-0.1139416912644733,-0.1139416912644733,0.7461538461538463,9.401538461538465,-0.0106974196282715,0.0007461538461538,0.0,0.5,0.5,0.5,0.0,1.0,0.3846153846153846
20,20,equal_weight,regime_dd_vol_target_25pct_max_1p25,0.25,1.25,2023,13,0.7187402364808761,1.4047206855129244,4.224001818178582,-0.2432622106529116,2.9545905817092986,0.0510002984281076,0.0547026300291341,0.0547026300291341,0.7,8.819999999999999,0.081489822730258,0.0007,0.0,0.5,0.5,0.5,0.0,1.0,0.5384615384615384
20,20,equal_weight,regime_dd_vol_target_25pct_max_1p25,0.25,1.25,2024,13,0.3756112285129729,1.6829355532642358,3.391594836556772,-0.0251929698296465,14.90936682149165,0.0270932695388956,-0.013835381290983,-0.013835381290983,0.8,10.08,0.0372630187016838,0.0007999999999999,0.0,0.5,0.5,0.5,0.0,1.0,0.6923076923076923
20,20,equal_weight,regime_dd_vol_target_25pct_max_1p25,0.25,1.25,2025,13,0.9809065184400942,1.993721820122622,4.023964828251472,-0.1184699329027489,8.279792977052773,0.0608769699531276,0.1199135107592296,0.1199135107592296,0.8461538461538463,10.661538461538465,0.0920042189013075,0.0008461538461538,0.0,0.5,0.5,0.5,0.0,1.0,0.7692307692307693
20,20,equal_weight,regime_dd_vol_target_25pct_max_1p25,0.25,1.25,2026,6,0.7218567265476596,1.887144782729644,5.312621985956136,-0.0763793245839949,9.450944093565893,0.0471761064425994,0.029211628932412,0.029211628932412,0.8666666666666667,10.92,0.0661040958376977,0.0008666666666666,0.0,0.5,0.5,0.5,0.0,1.0,0.6666666666666666
20,20,equal_weight,vol_target_25pct_max_1p50,0.25,1.5,overall,71,0.3757380454917867,1.0673190847217526,2.5860897674139385,-0.4350428537179902,0.8636805369416619,0.030422209861665,0.0057363418585598,0.0057363418585598,0.8281355332692326,10.43450771919233,0.0360091779701965,0.0008281355332692,0.0,0.5513065178284888,0.5,1.0,0.0,0.9154929577464788,0.6056338028169014
20,20,equal_weight,vol_target_25pct_max_1p50,0.25,1.5,2021,13,0.0547763255042792,0.3125582958802218,1.115011337180058,-0.2418187716057983,0.2265180868322871,0.0099835510420297,-0.0289921068203477,-0.0289921068203477,1.0305863740088856,12.985388312511958,0.0042183047734891,0.0010305863740088,0.0,0.7802125204479009,0.5034978718673099,1.0,0.0,0.5384615384615384,0.6153846153846154
20,20,equal_weight,vol_target_25pct_max_1p50,0.25,1.5,2022,13,-0.100572202074411,-0.1755352526333095,-0.4119366366871062,-0.2572881838874969,-0.3908932021471602,-0.0045756073065743,-0.1139416912644733,-0.1139416912644733,0.7461538461538463,9.401538461538465,-0.0106974196282715,0.0007461538461538,0.0,0.5,0.5,0.5,0.0,1.0,0.3846153846153846
20,20,equal_weight,vol_target_25pct_max_1p50,0.25,1.5,2023,13,0.7187402364808761,1.4047206855129244,4.224001818178582,-0.2432622106529116,2.9545905817092986,0.0510002984281076,0.0547026300291341,0.0547026300291341,0.7,8.819999999999999,0.081489822730258,0.0007,0.0,0.5,0.5,0.5,0.0,1.0,0.5384615384615384
20,20,equal_weight,vol_target_25pct_max_1p50,0.25,1.5,2024,13,0.3756112285129729,1.6829355532642358,3.391594836556772,-0.0251929698296465,14.90936682149165,0.0270932695388956,-0.013835381290983,-0.013835381290983,0.8,10.08,0.0372630187016838,0.0007999999999999,0.0,0.5,0.5,0.5,0.0,1.0,0.6923076923076923
20,20,equal_weight,vol_target_25pct_max_1p50,0.25,1.5,2025,13,0.9809065184400942,1.993721820122622,4.023964828251472,-0.1184699329027489,8.279792977052773,0.0608769699531276,0.1199135107592296,0.1199135107592296,0.8461538461538463,10.661538461538465,0.0920042189013075,0.0008461538461538,0.0,0.5,0.5,0.5,0.0,1.0,0.7692307692307693
20,20,equal_weight,vol_target_25pct_max_1p50,0.25,1.5,2026,6,0.7218567265476596,1.887144782729644,5.312621985956136,-0.0763793245839949,9.450944093565893,0.0471761064425994,0.029211628932412,0.029211628932412,0.8666666666666667,10.92,0.0661040958376977,0.0008666666666666,0.0,0.5,0.5,0.5,0.0,1.0,0.6666666666666666
20,20,equal_weight,regime_dd_vol_target_25pct_max_1p50,0.25,1.5,overall,71,0.3541671193994082,1.0411235617268932,2.4531375597780034,-0.4350390768545492,0.8141041534938259,0.0289091429838504,0.0057363418585598,0.0057363418585598,0.7993806105264122,10.072195692632793,0.0351628512994897,0.0007993806105264,0.0,0.5288994468956287,0.5,1.0,0.0,0.971830985915493,0.6056338028169014
20,20,equal_weight,regime_dd_vol_target_25pct_max_1p50,0.25,1.5,2021,13,-0.0324460375227623,0.0630207099570851,0.1558013857633404,-0.2418137029966441,-0.1341778283061675,0.0017198780939651,-0.0289921068203477,-0.0289921068203477,0.8735402574904048,11.0066072443791,-0.002947869111922,0.0008735402574904,0.0,0.657835440737665,0.5,1.0,0.0,0.8461538461538461,0.6153846153846154
20,20,equal_weight,regime_dd_vol_target_25pct_max_1p50,0.25,1.5,2022,13,-0.100572202074411,-0.1755352526333095,-0.4119366366871062,-0.2572881838874969,-0.3908932021471602,-0.0045756073065743,-0.1139416912644733,-0.1139416912644733,0.7461538461538463,9.401538461538465,-0.0106974196282715,0.0007461538461538,0.0,0.5,0.5,0.5,0.0,1.0,0.3846153846153846
20,20,equal_weight,regime_dd_vol_target_25pct_max_1p50,0.25,1.5,2023,13,0.7187402364808761,1.4047206855129244,4.224001818178582,-0.2432622106529116,2.9545905817092986,0.0510002984281076,0.0547026300291341,0.0547026300291341,0.7,8.819999999999999,0.081489822730258,0.0007,0.0,0.5,0.5,0.5,0.0,1.0,0.5384615384615384
20,20,equal_weight,regime_dd_vol_target_25pct_max_1p50,0.25,1.5,2024,13,0.3756112285129729,1.6829355532642358,3.391594836556772,-0.0251929698296465,14.90936682149165,0.0270932695388956,-0.013835381290983,-0.013835381290983,0.8,10.08,0.0372630187016838,0.0007999999999999,0.0,0.5,0.5,0.5,0.0,1.0,0.6923076923076923
20,20,equal_weight,regime_dd_vol_target_25pct_max_1p50,0.25,1.5,2025,13,0.9809065184400942,1.993721820122622,4.023964828251472,-0.1184699329027489,8.279792977052773,0.0608769699531276,0.1199135107592296,0.1199135107592296,0.8461538461538463,10.661538461538465,0.0920042189013075,0.0008461538461538,0.0,0.5,0.5,0.5,0.0,1.0,0.7692307692307693
20,20,equal_weight,regime_dd_vol_target_25pct_max_1p50,0.25,1.5,2026,6,0.7218567265476596,1.887144782729644,5.312621985956136,-0.0763793245839949,9.450944093565893,0.0471761064425994,0.029211628932412,0.029211628932412,0.8666666666666667,10.92,0.0661040958376977,0.0008666666666666,0.0,0.5,0.5,0.5,0.0,1.0,0.6666666666666666
20,20,equal_weight,vol_target_30pct_max_1p25,0.3,1.25,overall,71,0.3802010120329528,1.036666765948185,2.3743252822497576,-0.4931334892302152,0.7709900469879855,0.0312807534962416,0.0057363418585598,0.0057363418585598,0.8727509637536551,10.996662143296057,0.034574219620336,0.0008727509637536,0.0,0.5817034761967361,0.5,1.0,0.0,0.9154929577464788,0.6056338028169014
20,20,equal_weight,vol_target_30pct_max_1p25,0.3,1.25,2021,13,0.0480488301062544,0.3053850022531092,0.8512727608338593,-0.2862941815198221,0.1678302711259528,0.0106090394522791,-0.0289921068203477,-0.0289921068203477,1.1105498026568168,13.992927513475893,0.0034337939691305,0.0011105498026568,0.0,0.8439473322297887,0.6041974462407718,1.0,0.0,0.5384615384615384,0.6153846153846154
20,20,equal_weight,vol_target_30pct_max_1p25,0.3,1.25,2022,13,-0.1214853029833523,-0.1771099211995781,-0.4182167778362655,-0.2920673836656758,-0.4159495711524377,-0.0052793485673026,-0.1139416912644733,-0.1139416912644733,0.8525797943259221,10.742505408506618,-0.0113088426175845,0.0008525797943259,0.0,0.5691791512632808,0.53715751030254,0.5875037812389333,0.0,1.0,0.3846153846153846
20,20,equal_weight,vol_target_30pct_max_1p25,0.3,1.25,2023,13,0.7187402364808761,1.4047206855129244,4.224001818178582,-0.2432622106529116,2.9545905817092986,0.0510002984281076,0.0547026300291341,0.0547026300291341,0.7,8.819999999999999,0.081489822730258,0.0007,0.0,0.5,0.5,0.5,0.0,1.0,0.5384615384615384
20,20,equal_weight,vol_target_30pct_max_1p25,0.3,1.25,2024,13,0.3756112285129729,1.6829355532642358,3.391594836556772,-0.0251929698296465,14.90936682149165,0.0270932695388956,-0.013835381290983,-0.013835381290983,0.8,10.08,0.0372630187016838,0.0007999999999999,0.0,0.5,0.5,0.5,0.0,1.0,0.6923076923076923
20,20,equal_weight,vol_target_30pct_max_1p25,0.3,1.25,2025,13,1.0775059573480408,1.9975486272380725,4.233523263426894,-0.1184699329027489,9.095185005570626,0.0656441918847556,0.1199135107592296,0.1199135107592296,0.903433358902608,11.383260322172864,0.0946570601789034,0.0009034333589026,0.0,0.5331001941967968,0.5,0.5891758526638732,0.0,1.0,0.7692307692307693
20,20,equal_weight,vol_target_30pct_max_1p25,0.3,1.25,2026,6,0.7218567265476596,1.887144782729644,5.312621985956136,-0.0763793245839949,9.450944093565893,0.0471761064425994,0.029211628932412,0.029211628932412,0.8666666666666667,10.92,0.0661040958376977,0.0008666666666666,0.0,0.5,0.5,0.5,0.0,1.0,0.6666666666666666
20,20,equal_weight,regime_dd_vol_target_30pct_max_1p25,0.3,1.25,overall,71,0.3582002064949241,1.0311603539333989,2.372529235181098,-0.4554028021856297,0.7865568783850299,0.0293956065131349,0.0057363418585598,0.0057363418585598,0.813328347101834,10.247937173483107,0.0349533960280103,0.0008133283471018,0.0,0.5385140840957625,0.5,1.0,0.0,0.971830985915493,0.6056338028169014
20,20,equal_weight,regime_dd_vol_target_30pct_max_1p25,0.3,1.25,2021,13,-0.0623286915958642,-0.0137906669894273,-0.0310454029595808,-0.2691421373527851,-0.2315828067983473,-0.0003905045623398,-0.0289921068203477,-0.0289921068203477,0.8924368444997159,11.24470424069642,-0.0055429373918334,0.0008924368444997,0.0,0.6772459574031363,0.5,1.0,0.0,0.8461538461538461,0.6153846153846154
20,20,equal_weight,regime_dd_vol_target_30pct_max_1p25,0.3,1.25,2022,13,-0.100572202074411,-0.1755352526333095,-0.4119366366871062,-0.2572881838874969,-0.3908932021471602,-0.0045756073065743,-0.1139416912644733,-0.1139416912644733,0.7461538461538463,9.401538461538465,-0.0106974196282715,0.0007461538461538,0.0,0.5,0.5,0.5,0.0,1.0,0.3846153846153846
20,20,equal_weight,regime_dd_vol_target_30pct_max_1p25,0.3,1.25,2023,13,0.7187402364808761,1.4047206855129244,4.224001818178582,-0.2432622106529116,2.9545905817092986,0.0510002984281076,0.0547026300291341,0.0547026300291341,0.7,8.819999999999999,0.081489822730258,0.0007,0.0,0.5,0.5,0.5,0.0,1.0,0.5384615384615384
20,20,equal_weight,regime_dd_vol_target_30pct_max_1p25,0.3,1.25,2024,13,0.3756112285129729,1.6829355532642358,3.391594836556772,-0.0251929698296465,14.90936682149165,0.0270932695388956,-0.013835381290983,-0.013835381290983,0.8,10.08,0.0372630187016838,0.0007999999999999,0.0,0.5,0.5,0.5,0.0,1.0,0.6923076923076923
20,20,equal_weight,regime_dd_vol_target_30pct_max_1p25,0.3,1.25,2025,13,1.0775059573480408,1.9975486272380725,4.233523263426894,-0.1184699329027489,9.095185005570626,0.0656441918847556,0.1199135107592296,0.1199135107592296,0.903433358902608,11.383260322172864,0.0946570601789034,0.0009034333589026,0.0,0.5331001941967968,0.5,0.5891758526638732,0.0,1.0,0.7692307692307693
20,20,equal_weight,regime_dd_vol_target_30pct_max_1p25,0.3,1.25,2026,6,0.7218567265476596,1.887144782729644,5.312621985956136,-0.0763793245839949,9.450944093565893,0.0471761064425994,0.029211628932412,0.029211628932412,0.8666666666666667,10.92,0.0661040958376977,0.0008666666666666,0.0,0.5,0.5,0.5,0.0,1.0,0.6666666666666666
20,20,equal_weight,vol_target_30pct_max_1p50,0.3,1.5,overall,71,0.3802010120329528,1.036666765948185,2.3743252822497576,-0.4931334892302152,0.7709900469879855,0.0312807534962416,0.0057363418585598,0.0057363418585598,0.8727509637536551,10.996662143296057,0.034574219620336,0.0008727509637536,0.0,0.5817034761967361,0.5,1.0,0.0,0.9154929577464788,0.6056338028169014
20,20,equal_weight,vol_target_30pct_max_1p50,0.3,1.5,2021,13,0.0480488301062544,0.3053850022531092,0.8512727608338593,-0.2862941815198221,0.1678302711259528,0.0106090394522791,-0.0289921068203477,-0.0289921068203477,1.1105498026568168,13.992927513475893,0.0034337939691305,0.0011105498026568,0.0,0.8439473322297887,0.6041974462407718,1.0,0.0,0.5384615384615384,0.6153846153846154
20,20,equal_weight,vol_target_30pct_max_1p50,0.3,1.5,2022,13,-0.1214853029833523,-0.1771099211995781,-0.4182167778362655,-0.2920673836656758,-0.4159495711524377,-0.0052793485673026,-0.1139416912644733,-0.1139416912644733,0.8525797943259221,10.742505408506618,-0.0113088426175845,0.0008525797943259,0.0,0.5691791512632808,0.53715751030254,0.5875037812389333,0.0,1.0,0.3846153846153846
20,20,equal_weight,vol_target_30pct_max_1p50,0.3,1.5,2023,13,0.7187402364808761,1.4047206855129244,4.224001818178582,-0.2432622106529116,2.9545905817092986,0.0510002984281076,0.0547026300291341,0.0547026300291341,0.7,8.819999999999999,0.081489822730258,0.0007,0.0,0.5,0.5,0.5,0.0,1.0,0.5384615384615384
20,20,equal_weight,vol_target_30pct_max_1p50,0.3,1.5,2024,13,0.3756112285129729,1.6829355532642358,3.391594836556772,-0.0251929698296465,14.90936682149165,0.0270932695388956,-0.013835381290983,-0.013835381290983,0.8,10.08,0.0372630187016838,0.0007999999999999,0.0,0.5,0.5,0.5,0.0,1.0,0.6923076923076923
20,20,equal_weight,vol_target_30pct_max_1p50,0.3,1.5,2025,13,1.0775059573480408,1.9975486272380725,4.233523263426894,-0.1184699329027489,9.095185005570626,0.0656441918847556,0.1199135107592296,0.1199135107592296,0.903433358902608,11.383260322172864,0.0946570601789034,0.0009034333589026,0.0,0.5331001941967968,0.5,0.5891758526638732,0.0,1.0,0.7692307692307693
20,20,equal_weight,vol_target_30pct_max_1p50,0.3,1.5,2026,6,0.7218567265476596,1.887144782729644,5.312621985956136,-0.0763793245839949,9.450944093565893,0.0471761064425994,0.029211628932412,0.029211628932412,0.8666666666666667,10.92,0.0661040958376977,0.0008666666666666,0.0,0.5,0.5,0.5,0.0,1.0,0.6666666666666666
20,20,equal_weight,regime_dd_vol_target_30pct_max_1p50,0.3,1.5,overall,71,0.3582002064949241,1.0311603539333989,2.372529235181098,-0.4554028021856297,0.7865568783850299,0.0293956065131349,0.0057363418585598,0.0057363418585598,0.813328347101834,10.247937173483107,0.0349533960280103,0.0008133283471018,0.0,0.5385140840957625,0.5,1.0,0.0,0.971830985915493,0.6056338028169014
20,20,equal_weight,regime_dd_vol_target_30pct_max_1p50,0.3,1.5,2021,13,-0.0623286915958642,-0.0137906669894273,-0.0310454029595808,-0.2691421373527851,-0.2315828067983473,-0.0003905045623398,-0.0289921068203477,-0.0289921068203477,0.8924368444997159,11.24470424069642,-0.0055429373918334,0.0008924368444997,0.0,0.6772459574031363,0.5,1.0,0.0,0.8461538461538461,0.6153846153846154
20,20,equal_weight,regime_dd_vol_target_30pct_max_1p50,0.3,1.5,2022,13,-0.100572202074411,-0.1755352526333095,-0.4119366366871062,-0.2572881838874969,-0.3908932021471602,-0.0045756073065743,-0.1139416912644733,-0.1139416912644733,0.7461538461538463,9.401538461538465,-0.0106974196282715,0.0007461538461538,0.0,0.5,0.5,0.5,0.0,1.0,0.3846153846153846
20,20,equal_weight,regime_dd_vol_target_30pct_max_1p50,0.3,1.5,2023,13,0.7187402364808761,1.4047206855129244,4.224001818178582,-0.2432622106529116,2.9545905817092986,0.0510002984281076,0.0547026300291341,0.0547026300291341,0.7,8.819999999999999,0.081489822730258,0.0007,0.0,0.5,0.5,0.5,0.0,1.0,0.5384615384615384
20,20,equal_weight,regime_dd_vol_target_30pct_max_1p50,0.3,1.5,2024,13,0.3756112285129729,1.6829355532642358,3.391594836556772,-0.0251929698296465,14.90936682149165,0.0270932695388956,-0.013835381290983,-0.013835381290983,0.8,10.08,0.0372630187016838,0.0007999999999999,0.0,0.5,0.5,0.5,0.0,1.0,0.6923076923076923
20,20,equal_weight,regime_dd_vol_target_30pct_max_1p50,0.3,1.5,2025,13,1.0775059573480408,1.9975486272380725,4.233523263426894,-0.1184699329027489,9.095185005570626,0.0656441918847556,0.1199135107592296,0.1199135107592296,0.903433358902608,11.383260322172864,0.0946570601789034,0.0009034333589026,0.0,0.5331001941967968,0.5,0.5891758526638732,0.0,1.0,0.7692307692307693
20,20,equal_weight,regime_dd_vol_target_30pct_max_1p50,0.3,1.5,2026,6,0.7218567265476596,1.887144782729644,5.312621985956136,-0.0763793245839949,9.450944093565893,0.0471761064425994,0.029211628932412,0.029211628932412,0.8666666666666667,10.92,0.0661040958376977,0.0008666666666666,0.0,0.5,0.5,0.5,0.0,1.0,0.6666666666666666
20,20,buffer_inverse_volatility,static_1x,,1.0,overall,71,0.6872671601256306,1.109012650076237,2.5896953288136944,-0.6798328223002761,1.010935538240416,0.0577261498707471,0.0057363418585598,0.0057363418585598,1.4362287210571372,18.09648188531993,0.0379779431428132,0.0014362287210571,0.0,1.0,1.0,1.0,0.0,0.0,0.5492957746478874
20,20,buffer_inverse_volatility,static_1x,,1.0,2021,13,-0.0324748045639162,0.1423128335870157,0.2304614114718688,-0.3582479830158598,-0.0906489529697606,0.0052157854693127,-0.0289921068203477,-0.0289921068203477,1.1631077737901243,14.65515794975557,-0.0022159300278614,0.0011631077737901,0.0,1.0,1.0,1.0,0.0,0.0,0.4615384615384615
20,20,buffer_inverse_volatility,static_1x,,1.0,2022,13,-0.3048837942571605,-0.2681417605223953,-0.5908836666120912,-0.4730065781873518,-0.6445656536649687,-0.013820321723874,-0.1139416912644733,-0.1139416912644733,1.4436481113604356,18.189966203141488,-0.0167610973463219,0.0014436481113604,0.0,1.0,1.0,1.0,0.0,0.0,0.3846153846153846
20,20,buffer_inverse_volatility,static_1x,,1.0,2023,13,1.4839416383290778,1.4449911375320108,4.02800411192704,-0.3918852345847194,3.786674024352078,0.0985983505013989,0.0547026300291341,0.0547026300291341,1.3597533082331084,17.132891683737164,0.0866136123266139,0.0013597533082331,0.0,1.0,1.0,1.0,0.0,0.0,0.5384615384615384
20,20,buffer_inverse_volatility,static_1x,,1.0,2024,13,0.7554474994522014,1.7198324031256529,3.3455380662135377,-0.0551868497508107,13.688904202057712,0.0504852248205779,-0.013835381290983,-0.013835381290983,1.4795119399228922,18.64185044302844,0.0405242763727202,0.0014795119399228,0.0,1.0,1.0,1.0,0.0,0.0,0.6923076923076923
20,20,buffer_inverse_volatility,static_1x,,1.0,2025,13,2.719143445898241,2.115500248515588,4.277811991085856,-0.2430589744504458,11.187175672267191,0.1300562608998112,0.1199135107592296,0.1199135107592296,1.625228799691285,20.47788287611019,0.1327844026820973,0.0016252287996912,0.0,1.0,1.0,1.0,0.0,0.0,0.6923076923076923
20,20,buffer_inverse_volatility,static_1x,,1.0,2026,6,1.7542915374405417,1.8278686035098384,5.504307651927442,-0.1470497231692452,11.929920707307003,0.0969329568748495,0.029211628932412,0.029211628932412,1.6743316776807946,21.09657913877801,0.083155260665742,0.0016743316776807,0.0,1.0,1.0,1.0,0.0,0.0,0.5
20,20,buffer_inverse_volatility,legacy_risk_scaled,,1.0,overall,71,0.3705193321070081,1.0065936534095985,2.1812023970624015,-0.3829160394394458,0.9676255208567776,0.0306581085782528,0.0057363418585598,0.0057363418585598,0.7797852223353995,9.825293801426032,0.0377107636265524,0.0007797852223353,0.0,0.5366197183098594,0.45,1.0,0.0,0.8732394366197183,0.5492957746478874
20,20,buffer_inverse_volatility,legacy_risk_scaled,,1.0,2021,13,-0.0648574748743016,-0.1924464625790038,-0.3231941380769424,-0.1854129817505508,-0.349800074741039,-0.003444165898937,-0.0289921068203477,-0.0289921068203477,0.6283536215009828,7.917255630912384,-0.0081919137006351,0.0006283536215009,0.0,0.5346153846153847,0.45,1.0,0.0,0.8461538461538461,0.4615384615384615
20,20,buffer_inverse_volatility,legacy_risk_scaled,,1.0,2022,13,-0.11053163167992,-0.2681417605223954,-0.5908836666120916,-0.2309034577076035,-0.478691972728654,-0.0062191447757433,-0.1139416912644733,-0.1139416912644733,0.6496416501121961,8.185484791413671,-0.013503370233595,0.0006496416501121,0.0,0.45,0.45,0.45,0.0,1.0,0.3846153846153846
20,20,buffer_inverse_volatility,legacy_risk_scaled,,1.0,2023,13,0.737768080101805,1.4020649439683104,4.358204337928141,-0.1903729464146428,3.875382999509316,0.0520642387348824,0.0547026300291341,0.0547026300291341,0.6631824433785677,8.356098786569953,0.0882909715341753,0.0006631824433785,0.0,0.4961538461538461,0.45,0.75,0.0,1.0,0.5384615384615384
20,20,buffer_inverse_volatility,legacy_risk_scaled,,1.0,2024,13,0.4393649678830726,1.4529601719340006,2.6012667901815933,-0.0551868497508107,7.961406926957589,0.0320342112851475,-0.013835381290983,-0.013835381290983,0.9550001793405684,12.033002259691164,0.0365133287936696,0.0009550001793405,0.0,0.6423076923076925,0.45,1.0,0.0,0.6923076923076923,0.6923076923076923
20,20,buffer_inverse_volatility,legacy_risk_scaled,,1.0,2025,13,1.130394480047164,1.615671097908392,2.380335015950012,-0.2428855127596483,4.654021836064657,0.0728730703080242,0.1199135107592296,0.1199135107592296,1.014903279211933,12.787781318070357,0.0883964506375948,0.0010149032792119,0.0,0.6000000000000001,0.45,1.0,0.0,0.7692307692307693,0.6923076923076923
20,20,buffer_inverse_volatility,legacy_risk_scaled,,1.0,2026,6,0.6549076932520845,1.8278686035098377,5.504307651927441,-0.0669532414035776,9.781568144019534,0.0436198305936823,0.029211628932412,0.029211628932412,0.7534492549563575,9.493460612450104,0.0689851382954296,0.0007534492549563,0.0,0.45,0.45,0.45,0.0,1.0,0.5
20,20,buffer_inverse_volatility,vol_target_20pct_max_1p25,0.2,1.25,overall,71,0.3804678003643376,1.1100655524801626,2.6918938329158077,-0.4130781751269297,0.9210551979596316,0.0302919902751719,0.0057363418585598,0.0057363418585598,0.773893403846206,9.751056888462196,0.0390181089820654,0.0007738934038462,0.0,0.5460259017340684,0.5,1.0,0.0,0.9154929577464788,0.5492957746478874
20,20,buffer_inverse_volatility,vol_target_20pct_max_1p25,0.2,1.25,2021,13,0.0813517052685048,0.3778265271932081,0.8933800438272043,-0.198208026896465,0.4104359775045809,0.0104119688212475,-0.0289921068203477,-0.0289921068203477,0.8861932773221584,11.166035294259196,0.0072856392734429,0.0008861932773221,0.0,0.7513722325476049,0.5,1.0,0.0,0.5384615384615384,0.4615384615384615
20,20,buffer_inverse_volatility,vol_target_20pct_max_1p25,0.2,1.25,2022,13,-0.1261541980180553,-0.2681417605223953,-0.5908836666120912,-0.2548747916232688,-0.494965379724662,-0.006910160861937,-0.1139416912644733,-0.1139416912644733,0.7218240556802178,9.094983101570744,-0.0138707457297274,0.0007218240556802,0.0,0.5,0.5,0.5,0.0,1.0,0.3846153846153846
20,20,buffer_inverse_volatility,vol_target_20pct_max_1p25,0.2,1.25,2023,13,0.7001460048020871,1.4449911375320108,4.02800411192704,-0.2100779108178466,3.3327921154412388,0.0492991752506994,0.0547026300291341,0.0547026300291341,0.6798766541165542,8.566445841868582,0.0817312124218561,0.0006798766541165,0.0,0.5,0.5,0.5,0.0,1.0,0.5384615384615384
20,20,buffer_inverse_volatility,vol_target_20pct_max_1p25,0.2,1.25,2024,13,0.3485721645512396,1.7198324031256529,3.3455380662135377,-0.0275934248754053,12.632435666292713,0.0252426124102889,-0.013835381290983,-0.013835381290983,0.7397559699614461,9.32092522151422,0.0373967343656698,0.0007397559699614,0.0,0.5,0.5,0.5,0.0,1.0,0.6923076923076923
20,20,buffer_inverse_volatility,vol_target_20pct_max_1p25,0.2,1.25,2025,13,1.0789658368946378,2.115500248515588,4.277811991085856,-0.1216147408901408,8.87199881360853,0.0650281304499056,0.1199135107592296,0.1199135107592296,0.8126143998456425,10.238941438055097,0.1053786510473087,0.0008126143998456,0.0,0.5,0.5,0.5,0.0,1.0,0.6923076923076923
20,20,buffer_inverse_volatility,vol_target_20pct_max_1p25,0.2,1.25,2026,6,0.7410997897127958,1.8278686035098384,5.504307651927442,-0.0743136150971655,9.972597736549398,0.0484664784374247,0.029211628932412,0.029211628932412,0.8371658388403973,10.548289569389006,0.0702578161926325,0.0008371658388403,0.0,0.5,0.5,0.5,0.0,1.0,0.5
20,20,buffer_inverse_volatility,regime_dd_vol_target_20pct_max_1p25,0.2,1.25,overall,71,0.3584435170514022,1.082515779803616,2.5522728951127935,-0.4130781751269297,0.8677377277104038,0.0287744767208704,0.0057363418585598,0.0057363418585598,0.7491750969733532,9.43960622186425,0.0379722955202481,0.0007491750969733,0.0,0.5263075918749135,0.5,1.0,0.0,0.971830985915493,0.5492957746478874
20,20,buffer_inverse_volatility,regime_dd_vol_target_20pct_max_1p25,0.2,1.25,2021,13,-0.0095791237162436,0.0946126010102188,0.1783800926222724,-0.198208026896465,-0.048328636666402,0.0021240101785238,-0.0289921068203477,-0.0289921068203477,0.7511932936319622,9.465035499762724,-0.0010120536490839,0.0007511932936319,0.0,0.6436799248552971,0.5,1.0,0.0,0.8461538461538461,0.4615384615384615
20,20,buffer_inverse_volatility,regime_dd_vol_target_20pct_max_1p25,0.2,1.25,2022,13,-0.1261541980180553,-0.2681417605223953,-0.5908836666120912,-0.2548747916232688,-0.494965379724662,-0.006910160861937,-0.1139416912644733,-0.1139416912644733,0.7218240556802178,9.094983101570744,-0.0138707457297274,0.0007218240556802,0.0,0.5,0.5,0.5,0.0,1.0,0.3846153846153846
20,20,buffer_inverse_volatility,regime_dd_vol_target_20pct_max_1p25,0.2,1.25,2023,13,0.7001460048020871,1.4449911375320108,4.02800411192704,-0.2100779108178466,3.3327921154412388,0.0492991752506994,0.0547026300291341,0.0547026300291341,0.6798766541165542,8.566445841868582,0.0817312124218561,0.0006798766541165,0.0,0.5,0.5,0.5,0.0,1.0,0.5384615384615384
20,20,buffer_inverse_volatility,regime_dd_vol_target_20pct_max_1p25,0.2,1.25,2024,13,0.3485721645512396,1.7198324031256529,3.3455380662135377,-0.0275934248754053,12.632435666292713,0.0252426124102889,-0.013835381290983,-0.013835381290983,0.7397559699614461,9.32092522151422,0.0373967343656698,0.0007397559699614,0.0,0.5,0.5,0.5,0.0,1.0,0.6923076923076923
20,20,buffer_inverse_volatility,regime_dd_vol_target_20pct_max_1p25,0.2,1.25,2025,13,1.0789658368946378,2.115500248515588,4.277811991085856,-0.1216147408901408,8.87199881360853,0.0650281304499056,0.1199135107592296,0.1199135107592296,0.8126143998456425,10.238941438055097,0.1053786510473087,0.0008126143998456,0.0,0.5,0.5,0.5,0.0,1.0,0.6923076923076923
20,20,buffer_inverse_volatility,regime_dd_vol_target_20pct_max_1p25,0.2,1.25,2026,6,0.7410997897127958,1.8278686035098384,5.504307651927442,-0.0743136150971655,9.972597736549398,0.0484664784374247,0.029211628932412,0.029211628932412,0.8371658388403973,10.548289569389006,0.0702578161926325,0.0008371658388403,0.0,0.5,0.5,0.5,0.0,1.0,0.5
20,20,buffer_inverse_volatility,vol_target_20pct_max_1p50,0.2,1.5,overall,71,0.3804678003643376,1.1100655524801626,2.6918938329158077,-0.4130781751269297,0.9210551979596316,0.0302919902751719,0.0057363418585598,0.0057363418585598,0.773893403846206,9.751056888462196,0.0390181089820654,0.0007738934038462,0.0,0.5460259017340684,0.5,1.0,0.0,0.9154929577464788,0.5492957746478874
20,20,buffer_inverse_volatility,vol_target_20pct_max_1p50,0.2,1.5,2021,13,0.0813517052685048,0.3778265271932081,0.8933800438272043,-0.198208026896465,0.4104359775045809,0.0104119688212475,-0.0289921068203477,-0.0289921068203477,0.8861932773221584,11.166035294259196,0.0072856392734429,0.0008861932773221,0.0,0.7513722325476049,0.5,1.0,0.0,0.5384615384615384,0.4615384615384615
20,20,buffer_inverse_volatility,vol_target_20pct_max_1p50,0.2,1.5,2022,13,-0.1261541980180553,-0.2681417605223953,-0.5908836666120912,-0.2548747916232688,-0.494965379724662,-0.006910160861937,-0.1139416912644733,-0.1139416912644733,0.7218240556802178,9.094983101570744,-0.0138707457297274,0.0007218240556802,0.0,0.5,0.5,0.5,0.0,1.0,0.3846153846153846
20,20,buffer_inverse_volatility,vol_target_20pct_max_1p50,0.2,1.5,2023,13,0.7001460048020871,1.4449911375320108,4.02800411192704,-0.2100779108178466,3.3327921154412388,0.0492991752506994,0.0547026300291341,0.0547026300291341,0.6798766541165542,8.566445841868582,0.0817312124218561,0.0006798766541165,0.0,0.5,0.5,0.5,0.0,1.0,0.5384615384615384
20,20,buffer_inverse_volatility,vol_target_20pct_max_1p50,0.2,1.5,2024,13,0.3485721645512396,1.7198324031256529,3.3455380662135377,-0.0275934248754053,12.632435666292713,0.0252426124102889,-0.013835381290983,-0.013835381290983,0.7397559699614461,9.32092522151422,0.0373967343656698,0.0007397559699614,0.0,0.5,0.5,0.5,0.0,1.0,0.6923076923076923
20,20,buffer_inverse_volatility,vol_target_20pct_max_1p50,0.2,1.5,2025,13,1.0789658368946378,2.115500248515588,4.277811991085856,-0.1216147408901408,8.87199881360853,0.0650281304499056,0.1199135107592296,0.1199135107592296,0.8126143998456425,10.238941438055097,0.1053786510473087,0.0008126143998456,0.0,0.5,0.5,0.5,0.0,1.0,0.6923076923076923
20,20,buffer_inverse_volatility,vol_target_20pct_max_1p50,0.2,1.5,2026,6,0.7410997897127958,1.8278686035098384,5.504307651927442,-0.0743136150971655,9.972597736549398,0.0484664784374247,0.029211628932412,0.029211628932412,0.8371658388403973,10.548289569389006,0.0702578161926325,0.0008371658388403,0.0,0.5,0.5,0.5,0.0,1.0,0.5
20,20,buffer_inverse_volatility,regime_dd_vol_target_20pct_max_1p50,0.2,1.5,overall,71,0.3584435170514022,1.082515779803616,2.5522728951127935,-0.4130781751269297,0.8677377277104038,0.0287744767208704,0.0057363418585598,0.0057363418585598,0.7491750969733532,9.43960622186425,0.0379722955202481,0.0007491750969733,0.0,0.5263075918749135,0.5,1.0,0.0,0.971830985915493,0.5492957746478874
20,20,buffer_inverse_volatility,regime_dd_vol_target_20pct_max_1p50,0.2,1.5,2021,13,-0.0095791237162436,0.0946126010102188,0.1783800926222724,-0.198208026896465,-0.048328636666402,0.0021240101785238,-0.0289921068203477,-0.0289921068203477,0.7511932936319622,9.465035499762724,-0.0010120536490839,0.0007511932936319,0.0,0.6436799248552971,0.5,1.0,0.0,0.8461538461538461,0.4615384615384615
20,20,buffer_inverse_volatility,regime_dd_vol_target_20pct_max_1p50,0.2,1.5,2022,13,-0.1261541980180553,-0.2681417605223953,-0.5908836666120912,-0.2548747916232688,-0.494965379724662,-0.006910160861937,-0.1139416912644733,-0.1139416912644733,0.7218240556802178,9.094983101570744,-0.0138707457297274,0.0007218240556802,0.0,0.5,0.5,0.5,0.0,1.0,0.3846153846153846
20,20,buffer_inverse_volatility,regime_dd_vol_target_20pct_max_1p50,0.2,1.5,2023,13,0.7001460048020871,1.4449911375320108,4.02800411192704,-0.2100779108178466,3.3327921154412388,0.0492991752506994,0.0547026300291341,0.0547026300291341,0.6798766541165542,8.566445841868582,0.0817312124218561,0.0006798766541165,0.0,0.5,0.5,0.5,0.0,1.0,0.5384615384615384
20,20,buffer_inverse_volatility,regime_dd_vol_target_20pct_max_1p50,0.2,1.5,2024,13,0.3485721645512396,1.7198324031256529,3.3455380662135377,-0.0275934248754053,12.632435666292713,0.0252426124102889,-0.013835381290983,-0.013835381290983,0.7397559699614461,9.32092522151422,0.0373967343656698,0.0007397559699614,0.0,0.5,0.5,0.5,0.0,1.0,0.6923076923076923
20,20,buffer_inverse_volatility,regime_dd_vol_target_20pct_max_1p50,0.2,1.5,2025,13,1.0789658368946378,2.115500248515588,4.277811991085856,-0.1216147408901408,8.87199881360853,0.0650281304499056,0.1199135107592296,0.1199135107592296,0.8126143998456425,10.238941438055097,0.1053786510473087,0.0008126143998456,0.0,0.5,0.5,0.5,0.0,1.0,0.6923076923076923
20,20,buffer_inverse_volatility,regime_dd_vol_target_20pct_max_1p50,0.2,1.5,2026,6,0.7410997897127958,1.8278686035098384,5.504307651927442,-0.0743136150971655,9.972597736549398,0.0484664784374247,0.029211628932412,0.029211628932412,0.8371658388403973,10.548289569389006,0.0702578161926325,0.0008371658388403,0.0,0.5,0.5,0.5,0.0,1.0,0.5
20,20,buffer_inverse_volatility,vol_target_25pct_max_1p25,0.25,1.25,overall,71,0.3750214598442112,1.0840046992712165,2.502234198053174,-0.4491114991673146,0.8350297432586969,0.0301629726228578,0.0057363418585598,0.0057363418585598,0.7918400358133538,9.977184451248258,0.0375879048519837,0.0007918400358133,0.0,0.5607978990228988,0.5,1.0,0.0,0.9154929577464788,0.5492957746478874
20,20,buffer_inverse_volatility,vol_target_25pct_max_1p25,0.25,1.25,2021,13,0.0698661825937665,0.3467283477650094,0.7332578043604051,-0.2378003947806094,0.2938017939718892,0.0103323346187446,-0.0289921068203477,-0.0289921068203477,0.961805122325847,12.118744541305672,0.0057651337030526,0.0009618051223258,0.0,0.8174586898625809,0.5809142552977737,1.0,0.0,0.5384615384615384,0.4615384615384615
20,20,buffer_inverse_volatility,vol_target_25pct_max_1p25,0.25,1.25,2022,13,-0.1356374986748384,-0.2840151189123007,-0.6143655194272846,-0.2618150921590148,-0.5180660043556935,-0.0075351615297648,-0.1139416912644733,-0.1139416912644733,0.7442284314201829,9.377278235894304,-0.0144644848177422,0.0007442284314201,0.0,0.5145913740317123,0.5,0.5415678818218742,0.0,1.0,0.3846153846153846
20,20,buffer_inverse_volatility,vol_target_25pct_max_1p25,0.25,1.25,2023,13,0.7001460048020871,1.4449911375320108,4.02800411192704,-0.2100779108178466,3.3327921154412388,0.0492991752506994,0.0547026300291341,0.0547026300291341,0.6798766541165542,8.566445841868582,0.0817312124218561,0.0006798766541165,0.0,0.5,0.5,0.5,0.0,1.0,0.5384615384615384
20,20,buffer_inverse_volatility,vol_target_25pct_max_1p25,0.25,1.25,2024,13,0.3485721645512396,1.7198324031256529,3.3455380662135377,-0.0275934248754053,12.632435666292713,0.0252426124102889,-0.013835381290983,-0.013835381290983,0.7397559699614461,9.32092522151422,0.0373967343656698,0.0007397559699614,0.0,0.5,0.5,0.5,0.0,1.0,0.6923076923076923
20,20,buffer_inverse_volatility,vol_target_25pct_max_1p25,0.25,1.25,2025,13,1.0789658368946378,2.115500248515588,4.277811991085856,-0.1216147408901408,8.87199881360853,0.0650281304499056,0.1199135107592296,0.1199135107592296,0.8126143998456425,10.238941438055097,0.1053786510473087,0.0008126143998456,0.0,0.5,0.5,0.5,0.0,1.0,0.6923076923076923
20,20,buffer_inverse_volatility,vol_target_25pct_max_1p25,0.25,1.25,2026,6,0.7410997897127958,1.8278686035098384,5.504307651927442,-0.0743136150971655,9.972597736549398,0.0484664784374247,0.029211628932412,0.029211628932412,0.8371658388403973,10.548289569389006,0.0702578161926325,0.0008371658388403,0.0,0.5,0.5,0.5,0.0,1.0,0.5
20,20,buffer_inverse_volatility,regime_dd_vol_target_25pct_max_1p25,0.25,1.25,overall,71,0.3525358294580292,1.0618442071684755,2.422650286731083,-0.4370641605685681,0.8065997198201342,0.0285184886934459,0.0057363418585598,0.0057363418585598,0.7596200067888264,9.571212085539212,0.0368329346698588,0.0007596200067888,0.0,0.5351950880023243,0.5,1.0,0.0,0.971830985915493,0.5492957746478874
20,20,buffer_inverse_volatility,regime_dd_vol_target_25pct_max_1p25,0.25,1.25,2021,13,-0.0328760278050416,0.0300492428377306,0.0522189385022804,-0.2309752026583188,-0.1423357461176257,0.0007259217210515,-0.0289921068203477,-0.0289921068203477,0.808238570316469,10.183805985987508,-0.0032282653312796,0.0008082385703164,0.0,0.6922193267819255,0.5809142552977737,1.0,0.0,0.8461538461538461,0.4615384615384615
20,20,buffer_inverse_volatility,regime_dd_vol_target_25pct_max_1p25,0.25,1.25,2022,13,-0.1261541980180553,-0.2681417605223953,-0.5908836666120912,-0.2548747916232688,-0.494965379724662,-0.006910160861937,-0.1139416912644733,-0.1139416912644733,0.7218240556802178,9.094983101570744,-0.0138707457297274,0.0007218240556802,0.0,0.5,0.5,0.5,0.0,1.0,0.3846153846153846
20,20,buffer_inverse_volatility,regime_dd_vol_target_25pct_max_1p25,0.25,1.25,2023,13,0.7001460048020871,1.4449911375320108,4.02800411192704,-0.2100779108178466,3.3327921154412388,0.0492991752506994,0.0547026300291341,0.0547026300291341,0.6798766541165542,8.566445841868582,0.0817312124218561,0.0006798766541165,0.0,0.5,0.5,0.5,0.0,1.0,0.5384615384615384
20,20,buffer_inverse_volatility,regime_dd_vol_target_25pct_max_1p25,0.25,1.25,2024,13,0.3485721645512396,1.7198324031256529,3.3455380662135377,-0.0275934248754053,12.632435666292713,0.0252426124102889,-0.013835381290983,-0.013835381290983,0.7397559699614461,9.32092522151422,0.0373967343656698,0.0007397559699614,0.0,0.5,0.5,0.5,0.0,1.0,0.6923076923076923
20,20,buffer_inverse_volatility,regime_dd_vol_target_25pct_max_1p25,0.25,1.25,2025,13,1.0789658368946378,2.115500248515588,4.277811991085856,-0.1216147408901408,8.87199881360853,0.0650281304499056,0.1199135107592296,0.1199135107592296,0.8126143998456425,10.238941438055097,0.1053786510473087,0.0008126143998456,0.0,0.5,0.5,0.5,0.0,1.0,0.6923076923076923
20,20,buffer_inverse_volatility,regime_dd_vol_target_25pct_max_1p25,0.25,1.25,2026,6,0.7410997897127958,1.8278686035098384,5.504307651927442,-0.0743136150971655,9.972597736549398,0.0484664784374247,0.029211628932412,0.029211628932412,0.8371658388403973,10.548289569389006,0.0702578161926325,0.0008371658388403,0.0,0.5,0.5,0.5,0.0,1.0,0.5
20,20,buffer_inverse_volatility,vol_target_25pct_max_1p50,0.25,1.5,overall,71,0.3750214598442112,1.0840046992712165,2.502234198053174,-0.4491114991673146,0.8350297432586969,0.0301629726228578,0.0057363418585598,0.0057363418585598,0.7918400358133538,9.977184451248258,0.0375879048519837,0.0007918400358133,0.0,0.5607978990228988,0.5,1.0,0.0,0.9154929577464788,0.5492957746478874
20,20,buffer_inverse_volatility,vol_target_25pct_max_1p50,0.25,1.5,2021,13,0.0698661825937665,0.3467283477650094,0.7332578043604051,-0.2378003947806094,0.2938017939718892,0.0103323346187446,-0.0289921068203477,-0.0289921068203477,0.961805122325847,12.118744541305672,0.0057651337030526,0.0009618051223258,0.0,0.8174586898625809,0.5809142552977737,1.0,0.0,0.5384615384615384,0.4615384615384615
20,20,buffer_inverse_volatility,vol_target_25pct_max_1p50,0.25,1.5,2022,13,-0.1356374986748384,-0.2840151189123007,-0.6143655194272846,-0.2618150921590148,-0.5180660043556935,-0.0075351615297648,-0.1139416912644733,-0.1139416912644733,0.7442284314201829,9.377278235894304,-0.0144644848177422,0.0007442284314201,0.0,0.5145913740317123,0.5,0.5415678818218742,0.0,1.0,0.3846153846153846
20,20,buffer_inverse_volatility,vol_target_25pct_max_1p50,0.25,1.5,2023,13,0.7001460048020871,1.4449911375320108,4.02800411192704,-0.2100779108178466,3.3327921154412388,0.0492991752506994,0.0547026300291341,0.0547026300291341,0.6798766541165542,8.566445841868582,0.0817312124218561,0.0006798766541165,0.0,0.5,0.5,0.5,0.0,1.0,0.5384615384615384
20,20,buffer_inverse_volatility,vol_target_25pct_max_1p50,0.25,1.5,2024,13,0.3485721645512396,1.7198324031256529,3.3455380662135377,-0.0275934248754053,12.632435666292713,0.0252426124102889,-0.013835381290983,-0.013835381290983,0.7397559699614461,9.32092522151422,0.0373967343656698,0.0007397559699614,0.0,0.5,0.5,0.5,0.0,1.0,0.6923076923076923
20,20,buffer_inverse_volatility,vol_target_25pct_max_1p50,0.25,1.5,2025,13,1.0789658368946378,2.115500248515588,4.277811991085856,-0.1216147408901408,8.87199881360853,0.0650281304499056,0.1199135107592296,0.1199135107592296,0.8126143998456425,10.238941438055097,0.1053786510473087,0.0008126143998456,0.0,0.5,0.5,0.5,0.0,1.0,0.6923076923076923
20,20,buffer_inverse_volatility,vol_target_25pct_max_1p50,0.25,1.5,2026,6,0.7410997897127958,1.8278686035098384,5.504307651927442,-0.0743136150971655,9.972597736549398,0.0484664784374247,0.029211628932412,0.029211628932412,0.8371658388403973,10.548289569389006,0.0702578161926325,0.0008371658388403,0.0,0.5,0.5,0.5,0.0,1.0,0.5
20,20,buffer_inverse_volatility,regime_dd_vol_target_25pct_max_1p50,0.25,1.5,overall,71,0.3525358294580292,1.0618442071684755,2.422650286731083,-0.4370641605685681,0.8065997198201342,0.0285184886934459,0.0057363418585598,0.0057363418585598,0.7596200067888264,9.571212085539212,0.0368329346698588,0.0007596200067888,0.0,0.5351950880023243,0.5,1.0,0.0,0.971830985915493,0.5492957746478874
20,20,buffer_inverse_volatility,regime_dd_vol_target_25pct_max_1p50,0.25,1.5,2021,13,-0.0328760278050416,0.0300492428377306,0.0522189385022804,-0.2309752026583188,-0.1423357461176257,0.0007259217210515,-0.0289921068203477,-0.0289921068203477,0.808238570316469,10.183805985987508,-0.0032282653312796,0.0008082385703164,0.0,0.6922193267819255,0.5809142552977737,1.0,0.0,0.8461538461538461,0.4615384615384615
20,20,buffer_inverse_volatility,regime_dd_vol_target_25pct_max_1p50,0.25,1.5,2022,13,-0.1261541980180553,-0.2681417605223953,-0.5908836666120912,-0.2548747916232688,-0.494965379724662,-0.006910160861937,-0.1139416912644733,-0.1139416912644733,0.7218240556802178,9.094983101570744,-0.0138707457297274,0.0007218240556802,0.0,0.5,0.5,0.5,0.0,1.0,0.3846153846153846
20,20,buffer_inverse_volatility,regime_dd_vol_target_25pct_max_1p50,0.25,1.5,2023,13,0.7001460048020871,1.4449911375320108,4.02800411192704,-0.2100779108178466,3.3327921154412388,0.0492991752506994,0.0547026300291341,0.0547026300291341,0.6798766541165542,8.566445841868582,0.0817312124218561,0.0006798766541165,0.0,0.5,0.5,0.5,0.0,1.0,0.5384615384615384
20,20,buffer_inverse_volatility,regime_dd_vol_target_25pct_max_1p50,0.25,1.5,2024,13,0.3485721645512396,1.7198324031256529,3.3455380662135377,-0.0275934248754053,12.632435666292713,0.0252426124102889,-0.013835381290983,-0.013835381290983,0.7397559699614461,9.32092522151422,0.0373967343656698,0.0007397559699614,0.0,0.5,0.5,0.5,0.0,1.0,0.6923076923076923
20,20,buffer_inverse_volatility,regime_dd_vol_target_25pct_max_1p50,0.25,1.5,2025,13,1.0789658368946378,2.115500248515588,4.277811991085856,-0.1216147408901408,8.87199881360853,0.0650281304499056,0.1199135107592296,0.1199135107592296,0.8126143998456425,10.238941438055097,0.1053786510473087,0.0008126143998456,0.0,0.5,0.5,0.5,0.0,1.0,0.6923076923076923
20,20,buffer_inverse_volatility,regime_dd_vol_target_25pct_max_1p50,0.25,1.5,2026,6,0.7410997897127958,1.8278686035098384,5.504307651927442,-0.0743136150971655,9.972597736549398,0.0484664784374247,0.029211628932412,0.029211628932412,0.8371658388403973,10.548289569389006,0.0702578161926325,0.0008371658388403,0.0,0.5,0.5,0.5,0.0,1.0,0.5
20,20,buffer_inverse_volatility,vol_target_30pct_max_1p25,0.3,1.25,overall,71,0.3706639550424933,1.0244164032036644,2.199202168763685,-0.5178294133161038,0.7158032076023174,0.0306312858105655,0.0057363418585598,0.0057363418585598,0.843730630089189,10.63100593912378,0.0348663105979831,0.0008437306300891,0.0,0.5990449481478444,0.5,1.0,0.0,0.9154929577464788,0.5492957746478874
20,20,buffer_inverse_volatility,vol_target_30pct_max_1p25,0.3,1.25,2021,13,0.0488569736224056,0.3006753887589257,0.5728439682307399,-0.2815272496984369,0.1735426097286839,0.0097679580766446,-0.0289921068203477,-0.0289921068203477,1.0396410291216809,13.099476966933178,0.0037296888834366,0.0010396410291216,0.0,0.8886427355274045,0.6970971063573285,1.0,0.0,0.5384615384615384,0.4615384615384615
20,20,buffer_inverse_volatility,vol_target_30pct_max_1p25,0.3,1.25,2022,13,-0.1706527831539122,-0.2844592822435261,-0.6152567574990089,-0.3098509839859863,-0.5507575963083929,-0.0090560402382224,-0.1139416912644733,-0.1139416912644733,0.8912538738548059,11.229798810570554,-0.0151964239103978,0.0008912538738548,0.0,0.6163383996639334,0.5875300402881383,0.649881458186249,0.0,1.0,0.3846153846153846
20,20,buffer_inverse_volatility,vol_target_30pct_max_1p25,0.3,1.25,2023,13,0.7053879092115685,1.44792964797411,4.052715792124853,-0.2100779108178465,3.3577443076497135,0.0496003619316858,0.0547026300291341,0.0547026300291341,0.6809935282202368,8.580518455574984,0.0822080755217372,0.0006809935282202,0.0,0.5006548396957633,0.5,0.5085129160449227,0.0,1.0,0.5384615384615384
20,20,buffer_inverse_volatility,vol_target_30pct_max_1p25,0.3,1.25,2024,13,0.3485721645512396,1.7198324031256529,3.3455380662135377,-0.0275934248754053,12.632435666292713,0.0252426124102889,-0.013835381290983,-0.013835381290983,0.7397559699614461,9.32092522151422,0.0373967343656698,0.0007397559699614,0.0,0.5,0.5,0.5,0.0,1.0,0.6923076923076923
20,20,buffer_inverse_volatility,vol_target_30pct_max_1p25,0.3,1.25,2025,13,1.1654814327584444,2.0758037763383523,4.202459500358092,-0.1335724671303277,8.725461599966364,0.0693699095061879,0.1199135107592296,0.1199135107592296,0.8700386529410646,10.962487027057414,0.1063154218455925,0.000870038652941,0.0,0.5353018188434332,0.5,0.5775620670229524,0.0,1.0,0.6923076923076923
20,20,buffer_inverse_volatility,vol_target_30pct_max_1p25,0.3,1.25,2026,6,0.7410997897127958,1.8278686035098384,5.504307651927442,-0.0743136150971655,9.972597736549398,0.0484664784374247,0.029211628932412,0.029211628932412,0.8371658388403973,10.548289569389006,0.0702578161926325,0.0008371658388403,0.0,0.5,0.5,0.5,0.0,1.0,0.5
20,20,buffer_inverse_volatility,regime_dd_vol_target_30pct_max_1p25,0.3,1.25,overall,71,0.3590523827099636,1.0565188305619806,2.397691993928105,-0.4450325964301302,0.8068001885482888,0.0291269517477926,0.0057363418585598,0.0057363418585598,0.7723665337097367,9.731818324742685,0.0368946861448379,0.0007723665337097,0.0,0.5437876569713329,0.5,1.0,0.0,0.971830985915493,0.5492957746478874
20,20,buffer_inverse_volatility,regime_dd_vol_target_30pct_max_1p25,0.3,1.25,2021,13,-0.0468186231406357,-0.0119117760021498,-0.0201123810336077,-0.2418608566606599,-0.1935766861453075,-0.0002927129614906,-0.0289921068203477,-0.0289921068203477,0.8204299642506352,10.337417549558005,-0.0045290444074823,0.0008204299642506,0.0,0.703846153846154,0.65,1.0,0.0,0.8461538461538461,0.4615384615384615
20,20,buffer_inverse_volatility,regime_dd_vol_target_30pct_max_1p25,0.3,1.25,2022,13,-0.1261541980180553,-0.2681417605223953,-0.5908836666120912,-0.2548747916232688,-0.494965379724662,-0.006910160861937,-0.1139416912644733,-0.1139416912644733,0.7218240556802178,9.094983101570744,-0.0138707457297274,0.0007218240556802,0.0,0.5,0.5,0.5,0.0,1.0,0.3846153846153846
20,20,buffer_inverse_volatility,regime_dd_vol_target_30pct_max_1p25,0.3,1.25,2023,13,0.7001460048020871,1.4449911375320108,4.02800411192704,-0.2100779108178466,3.3327921154412388,0.0492991752506994,0.0547026300291341,0.0547026300291341,0.6798766541165542,8.566445841868582,0.0817312124218561,0.0006798766541165,0.0,0.5,0.5,0.5,0.0,1.0,0.5384615384615384
20,20,buffer_inverse_volatility,regime_dd_vol_target_30pct_max_1p25,0.3,1.25,2024,13,0.3485721645512396,1.7198324031256529,3.3455380662135377,-0.0275934248754053,12.632435666292713,0.0252426124102889,-0.013835381290983,-0.013835381290983,0.7397559699614461,9.32092522151422,0.0373967343656698,0.0007397559699614,0.0,0.5,0.5,0.5,0.0,1.0,0.6923076923076923
20,20,buffer_inverse_volatility,regime_dd_vol_target_30pct_max_1p25,0.3,1.25,2025,13,1.1654814327584444,2.0758037763383523,4.202459500358092,-0.1335724671303277,8.725461599966364,0.0693699095061879,0.1199135107592296,0.1199135107592296,0.8700386529410646,10.962487027057414,0.1063154218455925,0.000870038652941,0.0,0.5353018188434332,0.5,0.5775620670229524,0.0,1.0,0.6923076923076923
20,20,buffer_inverse_volatility,regime_dd_vol_target_30pct_max_1p25,0.3,1.25,2026,6,0.7410997897127958,1.8278686035098384,5.504307651927442,-0.0743136150971655,9.972597736549398,0.0484664784374247,0.029211628932412,0.029211628932412,0.8371658388403973,10.548289569389006,0.0702578161926325,0.0008371658388403,0.0,0.5,0.5,0.5,0.0,1.0,0.5
20,20,buffer_inverse_volatility,vol_target_30pct_max_1p50,0.3,1.5,overall,71,0.3706639550424933,1.0244164032036644,2.199202168763685,-0.5178294133161038,0.7158032076023174,0.0306312858105655,0.0057363418585598,0.0057363418585598,0.843730630089189,10.63100593912378,0.0348663105979831,0.0008437306300891,0.0,0.5990449481478444,0.5,1.0,0.0,0.9154929577464788,0.5492957746478874
20,20,buffer_inverse_volatility,vol_target_30pct_max_1p50,0.3,1.5,2021,13,0.0488569736224056,0.3006753887589257,0.5728439682307399,-0.2815272496984369,0.1735426097286839,0.0097679580766446,-0.0289921068203477,-0.0289921068203477,1.0396410291216809,13.099476966933178,0.0037296888834366,0.0010396410291216,0.0,0.8886427355274045,0.6970971063573285,1.0,0.0,0.5384615384615384,0.4615384615384615
20,20,buffer_inverse_volatility,vol_target_30pct_max_1p50,0.3,1.5,2022,13,-0.1706527831539122,-0.2844592822435261,-0.6152567574990089,-0.3098509839859863,-0.5507575963083929,-0.0090560402382224,-0.1139416912644733,-0.1139416912644733,0.8912538738548059,11.229798810570554,-0.0151964239103978,0.0008912538738548,0.0,0.6163383996639334,0.5875300402881383,0.649881458186249,0.0,1.0,0.3846153846153846
20,20,buffer_inverse_volatility,vol_target_30pct_max_1p50,0.3,1.5,2023,13,0.7053879092115685,1.44792964797411,4.052715792124853,-0.2100779108178465,3.3577443076497135,0.0496003619316858,0.0547026300291341,0.0547026300291341,0.6809935282202368,8.580518455574984,0.0822080755217372,0.0006809935282202,0.0,0.5006548396957633,0.5,0.5085129160449227,0.0,1.0,0.5384615384615384
20,20,buffer_inverse_volatility,vol_target_30pct_max_1p50,0.3,1.5,2024,13,0.3485721645512396,1.7198324031256529,3.3455380662135377,-0.0275934248754053,12.632435666292713,0.0252426124102889,-0.013835381290983,-0.013835381290983,0.7397559699614461,9.32092522151422,0.0373967343656698,0.0007397559699614,0.0,0.5,0.5,0.5,0.0,1.0,0.6923076923076923
20,20,buffer_inverse_volatility,vol_target_30pct_max_1p50,0.3,1.5,2025,13,1.1654814327584444,2.0758037763383523,4.202459500358092,-0.1335724671303277,8.725461599966364,0.0693699095061879,0.1199135107592296,0.1199135107592296,0.8700386529410646,10.962487027057414,0.1063154218455925,0.000870038652941,0.0,0.5353018188434332,0.5,0.5775620670229524,0.0,1.0,0.6923076923076923
20,20,buffer_inverse_volatility,vol_target_30pct_max_1p50,0.3,1.5,2026,6,0.7410997897127958,1.8278686035098384,5.504307651927442,-0.0743136150971655,9.972597736549398,0.0484664784374247,0.029211628932412,0.029211628932412,0.8371658388403973,10.548289569389006,0.0702578161926325,0.0008371658388403,0.0,0.5,0.5,0.5,0.0,1.0,0.5
20,20,buffer_inverse_volatility,regime_dd_vol_target_30pct_max_1p50,0.3,1.5,overall,71,0.3590523827099636,1.0565188305619806,2.397691993928105,-0.4450325964301302,0.8068001885482888,0.0291269517477926,0.0057363418585598,0.0057363418585598,0.7723665337097367,9.731818324742685,0.0368946861448379,0.0007723665337097,0.0,0.5437876569713329,0.5,1.0,0.0,0.971830985915493,0.5492957746478874
20,20,buffer_inverse_volatility,regime_dd_vol_target_30pct_max_1p50,0.3,1.5,2021,13,-0.0468186231406357,-0.0119117760021498,-0.0201123810336077,-0.2418608566606599,-0.1935766861453075,-0.0002927129614906,-0.0289921068203477,-0.0289921068203477,0.8204299642506352,10.337417549558005,-0.0045290444074823,0.0008204299642506,0.0,0.703846153846154,0.65,1.0,0.0,0.8461538461538461,0.4615384615384615
20,20,buffer_inverse_volatility,regime_dd_vol_target_30pct_max_1p50,0.3,1.5,2022,13,-0.1261541980180553,-0.2681417605223953,-0.5908836666120912,-0.2548747916232688,-0.494965379724662,-0.006910160861937,-0.1139416912644733,-0.1139416912644733,0.7218240556802178,9.094983101570744,-0.0138707457297274,0.0007218240556802,0.0,0.5,0.5,0.5,0.0,1.0,0.3846153846153846
20,20,buffer_inverse_volatility,regime_dd_vol_target_30pct_max_1p50,0.3,1.5,2023,13,0.7001460048020871,1.4449911375320108,4.02800411192704,-0.2100779108178466,3.3327921154412388,0.0492991752506994,0.0547026300291341,0.0547026300291341,0.6798766541165542,8.566445841868582,0.0817312124218561,0.0006798766541165,0.0,0.5,0.5,0.5,0.0,1.0,0.5384615384615384
20,20,buffer_inverse_volatility,regime_dd_vol_target_30pct_max_1p50,0.3,1.5,2024,13,0.3485721645512396,1.7198324031256529,3.3455380662135377,-0.0275934248754053,12.632435666292713,0.0252426124102889,-0.013835381290983,-0.013835381290983,0.7397559699614461,9.32092522151422,0.0373967343656698,0.0007397559699614,0.0,0.5,0.5,0.5,0.0,1.0,0.6923076923076923
20,20,buffer_inverse_volatility,regime_dd_vol_target_30pct_max_1p50,0.3,1.5,2025,13,1.1654814327584444,2.0758037763383523,4.202459500358092,-0.1335724671303277,8.725461599966364,0.0693699095061879,0.1199135107592296,0.1199135107592296,0.8700386529410646,10.962487027057414,0.1063154218455925,0.000870038652941,0.0,0.5353018188434332,0.5,0.5775620670229524,0.0,1.0,0.6923076923076923
20,20,buffer_inverse_volatility,regime_dd_vol_target_30pct_max_1p50,0.3,1.5,2026,6,0.7410997897127958,1.8278686035098384,5.504307651927442,-0.0743136150971655,9.972597736549398,0.0484664784374247,0.029211628932412,0.029211628932412,0.8371658388403973,10.548289569389006,0.0702578161926325,0.0008371658388403,0.0,0.5,0.5,0.5,0.0,1.0,0.5
