target_horizon_days,rebalance_every_days,base_policy,exposure_policy,period,num_rebalances,annualized_net_return,net_sharpe,net_sortino,max_drawdown,calmar,avg_net_return,avg_unlevered_excess,unlevered_excess_sharpe,avg_matched_excess,matched_excess_sharpe,avg_spearman_ic,avg_turnover,avg_transaction_cost,avg_financing_cost,avg_exposure,max_exposure,leveraged_period_share,avg_maximum_position_weight,net_hit_rate,static_net_sharpe,static_annualized_net_return,static_max_drawdown,beats_static_sharpe,beats_static_return
1,1,equal_weight,static_1x,2021,252,0.06060865464222798,0.36964585521698745,0.6518903928841538,-0.31165113894613283,0.19447596067570877,0.0007620962275593829,-0.0004594743834106653,-0.2686313918201578,-0.0004594743834106653,-0.2686313918201578,-0.0010570573071113749,1.038888888888889,0.001038888888888889,0.0,1.0,1.0,0.0,0.09999999999999999,0.46825396825396826,0.36964585521698745,0.06060865464222798,-0.31165113894613283,False,False
1,1,equal_weight,static_1x,2022,251,-0.7246889442943275,-1.4587038822628515,-2.620766043332693,-0.7364580035335461,-0.9840193749232811,-0.004111308130331892,-0.003549047095223799,-1.8063247675736565,-0.003549047095223799,-1.8063247675736565,-0.022143246118539805,1.3043824701195221,0.001304382470119522,0.0,1.0,1.0,0.0,0.1,0.42231075697211157,-1.4587038822628515,-0.7246889442943275,-0.7364580035335461,False,False
1,1,equal_weight,static_1x,2023,250,0.6273270770049721,1.196324555068585,2.3633002836569137,-0.4584182225848704,1.368460166063382,0.0024582359327445973,0.0010964816390813964,0.663727439443713,0.0010964816390813964,0.663727439443713,0.007101090642823676,1.1512,0.0011512,0.0,1.0,1.0,0.0,0.1,0.46,1.196324555068585,0.6273270770049721,-0.4584182225848704,False,False
1,1,equal_weight,static_1x,2024,252,0.6961168944097338,1.2562650732806255,2.3626813512939515,-0.246374514979248,2.825441967763457,0.002649473872583487,0.0013872255054248345,0.7803383641935425,0.0013872255054248345,0.7803383641935425,0.0023534582106021834,1.2682539682539684,0.0012682539682539685,0.0,1.0,1.0,0.0,0.09999999999999999,0.5119047619047619,1.2562650732806255,0.6961168944097338,-0.246374514979248,False,False
1,1,equal_weight,static_1x,2025,250,0.26044757646009775,0.693743170049452,1.0164229367501183,-0.4241463317233226,0.6140512294468972,0.0015114210472113002,0.00011291490922894577,0.07195257030526829,0.00011291490922894577,0.07195257030526829,0.015993381457416786,1.368,0.001368,0.0,1.0,1.0,0.0,0.1,0.552,0.693743170049452,0.26044757646009775,-0.4241463317233226,False,False
1,1,equal_weight,static_1x,2026,112,2.122275163505535,2.4759916541806497,5.84591549589248,-0.17981840687412431,11.80232435821301,0.005026147006365486,0.003289171760010235,2.120368671046022,0.003289171760010235,2.120368671046022,0.004569361043510731,1.4339285714285717,0.0014339285714285717,0.0,1.0,1.0,0.0,0.1,0.5,2.4759916541806497,2.122275163505535,-0.17981840687412431,False,False
1,1,equal_weight,legacy_risk_scaled,2021,252,-0.10464850054353192,-0.23576950626275678,-0.3387845032687117,-0.2780658395517819,-0.37634432446724225,-0.00027156585418961474,-0.001493136465159663,-1.6592332716816003,-0.0008043129787697962,-0.8396508655222237,-0.0010570573071113749,0.556984126984127,0.000556984126984127,0.0,0.5351190476190476,1.0,0.0,0.05351190476190476,0.46825396825396826,0.36964585521698745,0.06060865464222798,-0.31165113894613283,False,False
1,1,equal_weight,legacy_risk_scaled,2022,251,-0.40401014062955276,-1.458703882262851,-2.6207660433326927,-0.41619751665241955,-0.9707173264249799,-0.001850088658649351,-0.0012878276235412582,-1.8827270003663779,-0.001597071192850709,-1.8063247675736558,-0.022143246118539805,0.5869721115537849,0.0005869721115537849,0.0,0.45000000000000007,0.45,0.0,0.045,0.42231075697211157,-1.4587038822628515,-0.7246889442943275,-0.7364580035335461,True,True
1,1,equal_weight,legacy_risk_scaled,2023,250,0.4163463360927073,1.4323249615848694,2.8926480743069805,-0.2334054056214877,1.7837904609968371,0.0015225538768803362,0.00016079958321713506,0.2068466156444709,0.0007667929527582967,0.8984519509340754,0.007101090642823676,0.55596,0.00055596,0.0,0.48840000000000006,0.75,0.0,0.04884,0.46,1.196324555068585,0.6273270770049721,-0.4584182225848704,True,False
1,1,equal_weight,legacy_risk_scaled,2024,252,0.5369022385582867,1.3177280936868478,2.409296150386204,-0.1898735255903703,2.8276835166403864,0.0019868220015927976,0.0007245736344341449,0.5717820022964885,0.0011715766679607027,0.9042923969334232,0.0023534582106021834,0.8080952380952382,0.0008080952380952382,0.0,0.6331349206349207,1.0,0.0,0.06331349206349206,0.5119047619047619,1.2562650732806255,0.6961168944097338,-0.246374514979248,True,False
1,1,equal_weight,legacy_risk_scaled,2025,250,0.3599157250728888,0.9538215372330746,1.3524173953577705,-0.29694848324829404,1.212047696407813,0.001543478863161732,0.0001449727251793781,0.13280963749419883,0.0004631369811967975,0.4072718625333769,0.015993381457416786,0.8171200000000001,0.0008171200000000001,0.0,0.5886,1.0,0.0,0.058859999999999996,0.552,0.693743170049452,0.26044757646009775,-0.4241463317233226,True,True
1,1,equal_weight,legacy_risk_scaled,2026,112,0.7220734494188512,2.4759916541806497,5.84591549589248,-0.08352447119227924,8.645052630822255,0.0022617661528644686,0.0005247909065092169,0.887017693453137,0.0014801272920046057,2.1203686710460223,0.004569361043510731,0.6452678571428573,0.0006452678571428572,0.0,0.4500000000000001,0.45,0.0,0.045,0.5,2.4759916541806497,2.122275163505535,-0.17981840687412431,False,False
1,1,equal_weight,vol_target_max_1p25,2021,252,0.1379473946503369,0.6017757527680423,1.0868345685932264,-0.16015156963341115,0.8613552459466999,0.0006654097971626942,-0.0005561608138073541,-0.6644517389140876,-7.942075986174627e-05,-0.0871525713794349,-0.0010570573071113749,0.5537776766436198,0.0005537776766436197,0.0,0.528305931264674,1.0,0.0,0.05283059312646739,0.46825396825396826,0.36964585521698745,0.06060865464222798,-0.31165113894613283,True,True
1,1,equal_weight,vol_target_max_1p25,2022,251,-0.4412571778511791,-1.4603667693923794,-2.624849803194015,-0.4538806241896337,-0.9721877390977138,-0.002058314207140898,-0.0014960531720328055,-1.9684835738091249,-0.0017735239191674832,-1.805098831440746,-0.022143246118539805,0.6527185890873429,0.000652718589087343,0.0,0.5003045729369147,0.5217424311701371,0.0,0.05003045729369147,0.42231075697211157,-1.4587038822628515,-0.7246889442943275,-0.7364580035335461,False,True
1,1,equal_weight,vol_target_max_1p25,2023,250,0.3236191450156858,1.1945671820504884,2.371836990474098,-0.2564275788577457,1.2620294059525279,0.0012497173690356898,-0.00011203692462751191,-0.1513555743957865,0.0005554815623841845,0.6619546083781277,0.007101090642823676,0.58999450132377,0.00058999450132377,0.0,0.5110022957972695,0.6710551965821826,0.0,0.05110022957972695,0.46,1.196324555068585,0.6273270770049721,-0.4584182225848704,False,False
1,1,equal_weight,vol_target_max_1p25,2024,252,0.371134235436835,1.2917646939139205,2.412582666281105,-0.13007344919562513,2.853266656123375,0.0013996147843826328,0.00013736641722397977,0.16385364553913156,0.0007475347338118499,0.8179164410166706,0.0023534582106021834,0.6554903064781091,0.0006554903064781093,0.0,0.5149978164356315,0.6923593528331506,0.0,0.05149978164356314,0.5119047619047619,1.2562650732806255,0.6961168944097338,-0.246374514979248,True,False
1,1,equal_weight,vol_target_max_1p25,2025,250,0.22815457935932137,0.8503047495078779,1.3018154572727887,-0.2375543072813322,0.9604312461029012,0.0009830914904889524,-0.0004154146474934019,-0.5775926320993339,0.0001769693567085974,0.21047823906521235,0.015993381457416786,0.7853680398608538,0.0007853680398608539,0.0,0.5713929663333726,0.9053384156547666,0.0,0.05713929663333725,0.552,0.693743170049452,0.26044757646009775,-0.4241463317233226,True,False
1,1,equal_weight,vol_target_max_1p25,2026,112,0.7935286527274232,2.357148763367665,5.149460419798073,-0.10119274764961106,7.841754188502591,0.0024541093335238217,0.0007171340871685697,1.0577768619200931,0.0016140252347681529,2.031859162101942,0.004569361043510731,0.7316967271151152,0.0007316967271151152,0.0,0.5089006925726591,0.6018473075383228,0.0,0.05089006925726591,0.5,2.4759916541806497,2.122275163505535,-0.17981840687412431,False,False
1,1,equal_weight,vol_target_max_1p50,2021,252,0.1379473946503369,0.6017757527680423,1.0868345685932264,-0.16015156963341115,0.8613552459466999,0.0006654097971626942,-0.0005561608138073541,-0.6644517389140876,-7.942075986174627e-05,-0.0871525713794349,-0.0010570573071113749,0.5537776766436198,0.0005537776766436197,0.0,0.528305931264674,1.0,0.0,0.05283059312646739,0.46825396825396826,0.36964585521698745,0.06060865464222798,-0.31165113894613283,True,True
1,1,equal_weight,vol_target_max_1p50,2022,251,-0.4412571778511791,-1.4603667693923794,-2.624849803194015,-0.4538806241896337,-0.9721877390977138,-0.002058314207140898,-0.0014960531720328055,-1.9684835738091249,-0.0017735239191674832,-1.805098831440746,-0.022143246118539805,0.6527185890873429,0.000652718589087343,0.0,0.5003045729369147,0.5217424311701371,0.0,0.05003045729369147,0.42231075697211157,-1.4587038822628515,-0.7246889442943275,-0.7364580035335461,False,True
1,1,equal_weight,vol_target_max_1p50,2023,250,0.3236191450156858,1.1945671820504884,2.371836990474098,-0.2564275788577457,1.2620294059525279,0.0012497173690356898,-0.00011203692462751191,-0.1513555743957865,0.0005554815623841845,0.6619546083781277,0.007101090642823676,0.58999450132377,0.00058999450132377,0.0,0.5110022957972695,0.6710551965821826,0.0,0.05110022957972695,0.46,1.196324555068585,0.6273270770049721,-0.4584182225848704,False,False
1,1,equal_weight,vol_target_max_1p50,2024,252,0.371134235436835,1.2917646939139205,2.412582666281105,-0.13007344919562513,2.853266656123375,0.0013996147843826328,0.00013736641722397977,0.16385364553913156,0.0007475347338118499,0.8179164410166706,0.0023534582106021834,0.6554903064781091,0.0006554903064781093,0.0,0.5149978164356315,0.6923593528331506,0.0,0.05149978164356314,0.5119047619047619,1.2562650732806255,0.6961168944097338,-0.246374514979248,True,False
1,1,equal_weight,vol_target_max_1p50,2025,250,0.22815457935932137,0.8503047495078779,1.3018154572727887,-0.2375543072813322,0.9604312461029012,0.0009830914904889524,-0.0004154146474934019,-0.5775926320993339,0.0001769693567085974,0.21047823906521235,0.015993381457416786,0.7853680398608538,0.0007853680398608539,0.0,0.5713929663333726,0.9053384156547666,0.0,0.05713929663333725,0.552,0.693743170049452,0.26044757646009775,-0.4241463317233226,True,False
1,1,equal_weight,vol_target_max_1p50,2026,112,0.7935286527274232,2.357148763367665,5.149460419798073,-0.10119274764961106,7.841754188502591,0.0024541093335238217,0.0007171340871685697,1.0577768619200931,0.0016140252347681529,2.031859162101942,0.004569361043510731,0.7316967271151152,0.0007316967271151152,0.0,0.5089006925726591,0.6018473075383228,0.0,0.05089006925726591,0.5,2.4759916541806497,2.122275163505535,-0.17981840687412431,False,False
1,1,equal_weight,regime_dd_vol_target_max_1p25,2021,252,0.08685185138924845,0.4426701853728775,0.7846756200451361,-0.16015156963341215,0.5423103350660429,0.00047329219579636864,-0.00074827841517368,-0.9297676831508018,-0.00018335568207977022,-0.20666507066687814,-0.0010570573071113749,0.5426953280971866,0.0005426953280971865,0.0,0.5195976464771598,0.65,0.0,0.051959764647715984,0.46825396825396826,0.36964585521698745,0.06060865464222798,-0.31165113894613283,True,True
1,1,equal_weight,regime_dd_vol_target_max_1p25,2022,251,-0.44087084488176564,-1.4587038822628515,-2.620766043332693,-0.4535045184290386,-0.9721421219990561,-0.002055654065165946,-0.001493393030057853,-1.964815895693496,-0.0017745235476118995,-1.8063247675736565,-0.022143246118539805,0.6521912350597611,0.000652191235059761,0.0,0.5,0.5,0.0,0.05,0.42231075697211157,-1.4587038822628515,-0.7246889442943275,-0.7364580035335461,False,True
1,1,equal_weight,regime_dd_vol_target_max_1p25,2023,250,0.31837495083082556,1.196324555068585,2.3633002836569137,-0.2564767174583771,1.2413405551421788,0.0012291179663722986,-0.0001326363272909028,-0.18241655675577487,0.0005482408195406982,0.663727439443713,0.007101090642823676,0.5756,0.0005756,0.0,0.5,0.5,0.0,0.05,0.46,1.196324555068585,0.6273270770049721,-0.4584182225848704,False,False
1,1,equal_weight,regime_dd_vol_target_max_1p25,2024,252,0.34816241537776005,1.2562650732806255,2.3626813512939515,-0.13007344919562513,2.6766601295713937,0.0013247369362917435,6.248856913309062e-05,0.07686743589904599,0.0006936127527124173,0.7803383641935425,0.0023534582106021834,0.6341269841269842,0.0006341269841269843,0.0,0.5,0.5,0.0,0.049999999999999996,0.5119047619047619,1.2562650732806255,0.6961168944097338,-0.246374514979248,False,False
1,1,equal_weight,regime_dd_vol_target_max_1p25,2025,250,0.21098944863296243,0.8108329723182837,1.2260745070872934,-0.2375543072813322,0.8881735340756866,0.0009215640504820007,-0.0004769420875003537,-0.6812793033177169,0.00013669902228862619,0.165944383345728,0.015993381457416786,0.7547701344249208,0.0007547701344249208,0.0,0.5511457895355277,0.65,0.0,0.05511457895355277,0.552,0.693743170049452,0.26044757646009775,-0.4241463317233226,True,False
1,1,equal_weight,regime_dd_vol_target_max_1p25,2026,112,0.7935286527274232,2.357148763367665,5.149460419798073,-0.10119274764961106,7.841754188502591,0.0024541093335238217,0.0007171340871685697,1.0577768619200931,0.0016140252347681529,2.031859162101942,0.004569361043510731,0.7316967271151152,0.0007316967271151152,0.0,0.5089006925726591,0.6018473075383228,0.0,0.05089006925726591,0.5,2.4759916541806497,2.122275163505535,-0.17981840687412431,False,False
1,1,equal_weight,regime_dd_vol_target_max_1p50,2021,252,0.08685185138924845,0.4426701853728775,0.7846756200451361,-0.16015156963341215,0.5423103350660429,0.00047329219579636864,-0.00074827841517368,-0.9297676831508018,-0.00018335568207977022,-0.20666507066687814,-0.0010570573071113749,0.5426953280971866,0.0005426953280971865,0.0,0.5195976464771598,0.65,0.0,0.051959764647715984,0.46825396825396826,0.36964585521698745,0.06060865464222798,-0.31165113894613283,True,True
1,1,equal_weight,regime_dd_vol_target_max_1p50,2022,251,-0.44087084488176564,-1.4587038822628515,-2.620766043332693,-0.4535045184290386,-0.9721421219990561,-0.002055654065165946,-0.001493393030057853,-1.964815895693496,-0.0017745235476118995,-1.8063247675736565,-0.022143246118539805,0.6521912350597611,0.000652191235059761,0.0,0.5,0.5,0.0,0.05,0.42231075697211157,-1.4587038822628515,-0.7246889442943275,-0.7364580035335461,False,True
1,1,equal_weight,regime_dd_vol_target_max_1p50,2023,250,0.31837495083082556,1.196324555068585,2.3633002836569137,-0.2564767174583771,1.2413405551421788,0.0012291179663722986,-0.0001326363272909028,-0.18241655675577487,0.0005482408195406982,0.663727439443713,0.007101090642823676,0.5756,0.0005756,0.0,0.5,0.5,0.0,0.05,0.46,1.196324555068585,0.6273270770049721,-0.4584182225848704,False,False
1,1,equal_weight,regime_dd_vol_target_max_1p50,2024,252,0.34816241537776005,1.2562650732806255,2.3626813512939515,-0.13007344919562513,2.6766601295713937,0.0013247369362917435,6.248856913309062e-05,0.07686743589904599,0.0006936127527124173,0.7803383641935425,0.0023534582106021834,0.6341269841269842,0.0006341269841269843,0.0,0.5,0.5,0.0,0.049999999999999996,0.5119047619047619,1.2562650732806255,0.6961168944097338,-0.246374514979248,False,False
1,1,equal_weight,regime_dd_vol_target_max_1p50,2025,250,0.21098944863296243,0.8108329723182837,1.2260745070872934,-0.2375543072813322,0.8881735340756866,0.0009215640504820007,-0.0004769420875003537,-0.6812793033177169,0.00013669902228862619,0.165944383345728,0.015993381457416786,0.7547701344249208,0.0007547701344249208,0.0,0.5511457895355277,0.65,0.0,0.05511457895355277,0.552,0.693743170049452,0.26044757646009775,-0.4241463317233226,True,False
1,1,equal_weight,regime_dd_vol_target_max_1p50,2026,112,0.7935286527274232,2.357148763367665,5.149460419798073,-0.10119274764961106,7.841754188502591,0.0024541093335238217,0.0007171340871685697,1.0577768619200931,0.0016140252347681529,2.031859162101942,0.004569361043510731,0.7316967271151152,0.0007316967271151152,0.0,0.5089006925726591,0.6018473075383228,0.0,0.05089006925726591,0.5,2.4759916541806497,2.122275163505535,-0.17981840687412431,False,False
1,1,buffer_inverse_volatility,static_1x,2021,252,0.01176137124171417,0.26339820012819337,0.470953151749308,-0.30059815597861117,0.03912655819003441,0.0005065344212629223,-0.0007150361897071257,-0.45514620947279816,-0.0007150361897071257,-0.45514620947279816,-0.0010570573071113749,0.9405488328076878,0.0009405488328076879,0.0,1.0,1.0,0.0,0.1463521253746991,0.4880952380952381,0.26339820012819337,0.01176137124171417,-0.30059815597861117,False,False
1,1,buffer_inverse_volatility,static_1x,2022,251,-0.7053644429809005,-1.445122517474309,-2.5471932922806997,-0.7158947661000945,-0.9852906829078261,-0.003916940650622148,-0.003354679615514056,-1.8197113045175446,-0.003354679615514056,-1.8197113045175446,-0.022143246118539805,1.2143606972004868,0.0012143606972004868,0.0,1.0,1.0,0.0,0.1496737749346655,0.43824701195219123,-1.445122517474309,-0.7053644429809005,-0.7158947661000945,False,False
1,1,buffer_inverse_volatility,static_1x,2023,250,0.4434503526489666,1.059333508187512,1.9038023304159812,-0.4347817606391482,1.0199378005118596,0.001829375750691769,0.0004676214570285677,0.36145915305851106,0.0004676214570285677,0.36145915305851106,0.007101090642823676,1.0433860508675898,0.0010433860508675895,0.0,1.0,1.0,0.0,0.17377730767135882,0.48,1.059333508187512,0.4434503526489666,-0.4347817606391482,False,False
1,1,buffer_inverse_volatility,static_1x,2024,252,0.2184956220417602,0.6645616201625099,1.1902761054530901,-0.22882323929251536,0.9548663969503863,0.0011679028307945375,-9.434553636411547e-05,-0.06589579075918334,-9.434553636411547e-05,-0.06589579075918334,0.0023534582106021834,1.1638041531084822,0.0011638041531084825,0.0,1.0,1.0,0.0,0.17014428531744996,0.5198412698412699,0.6645616201625099,0.2184956220417602,-0.22882323929251536,False,False
1,1,buffer_inverse_volatility,static_1x,2025,250,0.0798766884022446,0.39815458507181717,0.547241577751653,-0.3824730699684308,0.20884264716686485,0.0007530025541941662,-0.0006455035837881874,-0.500733587494064,-0.0006455035837881874,-0.500733587494064,0.015993381457416786,1.2476172585314915,0.0012476172585314913,0.0,1.0,1.0,0.0,0.16719666413183606,0.512,0.39815458507181717,0.0798766884022446,-0.3824730699684308,False,False
1,1,buffer_inverse_volatility,static_1x,2026,112,1.2864204335199725,1.96397738466239,4.075384622211132,-0.16100053007640602,7.990162721262321,0.003723199603405826,0.0019862243570505744,1.3822595458188855,0.0019862243570505744,1.3822595458188855,0.004569361043510731,1.3010362686791506,0.0013010362686791507,0.0,1.0,1.0,0.0,0.16317078130951734,0.4732142857142857,1.96397738466239,1.2864204335199725,-0.16100053007640602,False,False
1,1,buffer_inverse_volatility,legacy_risk_scaled,2021,252,-0.1150192124172017,-0.31100591650172243,-0.4441281437443321,-0.2648775766184326,-0.43423536973419147,-0.00033699457642605936,-0.0015585651873961078,-1.8579845818140452,-0.000869741701006241,-0.9790437346259473,-0.0010570573071113749,0.5084398364203446,0.0005084398364203446,0.0,0.5351190476190476,1.0,0.0,0.07777154899711747,0.4880952380952381,0.26339820012819337,0.01176137124171417,-0.30059815597861117,False,False
1,1,buffer_inverse_volatility,legacy_risk_scaled,2022,251,-0.38838400118846195,-1.445122517474309,-2.5471932922806997,-0.3989894422481569,-0.9734192438778899,-0.0017626232927799668,-0.0012003622576718738,-1.87953685036908,-0.0015096058269813255,-1.819711304517545,-0.022143246118539805,0.5464623137402191,0.0005464623137402191,0.0,0.45000000000000007,0.45,0.0,0.06735319872059949,0.43824701195219123,-1.445122517474309,-0.7053644429809005,-0.7158947661000945,False,True
1,1,buffer_inverse_volatility,legacy_risk_scaled,2023,250,0.2965879476234585,1.2791324683209835,2.298216108126067,-0.22162822300531393,1.3382228292122673,0.001128339505531297,-0.0002334147881319041,-0.3935672493943549,0.00037257858140925785,0.5656860451123311,0.007101090642823676,0.5034139553819126,0.0005034139553819126,0.0,0.48840000000000006,0.75,0.0,0.0848886500370527,0.48,1.059333508187512,0.4434503526489666,-0.4347817606391482,True,False
1,1,buffer_inverse_volatility,legacy_risk_scaled,2024,252,0.1543656061552039,0.6114532094703223,1.0340820939244972,-0.17537236818107083,0.880216237918521,0.00076151613721871,-0.000500732229939943,-0.48505116651857105,-5.372919641338566e-05,-0.05098617068540139,0.0023534582106021834,0.7413191257496698,0.0007413191257496698,0.0,0.6331349206349207,1.0,0.0,0.10774472626358544,0.5198412698412699,0.6645616201625099,0.2184956220417602,-0.22882323929251536,False,False
1,1,buffer_inverse_volatility,legacy_risk_scaled,2025,250,0.2371395623459358,0.7802449185097988,1.0440552481433543,-0.2641095212706047,0.8978834280759016,0.0010847803852357424,-0.00031372575274661195,-0.35826654540763464,4.438503270807637e-06,0.004909744201222174,0.015993381457416786,0.749604822641273,0.000749604822641273,0.0,0.5886,1.0,0.0,0.09762786955127169,0.512,0.39815458507181717,0.0798766884022446,-0.3824730699684308,True,True
1,1,buffer_inverse_volatility,legacy_risk_scaled,2026,112,0.4907845476898254,1.9639773846623898,4.075384622211131,-0.07444885451949601,6.59223772961212,0.0016754398215326216,-6.153542482262967e-05,-0.10765036021959459,0.0008938009606727587,1.3822595458188858,0.004569361043510731,0.585466320905618,0.000585466320905618,0.0,0.4500000000000001,0.45,0.0,0.07342685158928279,0.4732142857142857,1.96397738466239,1.2864204335199725,-0.16100053007640602,False,False
1,1,buffer_inverse_volatility,vol_target_max_1p25,2021,252,0.09540511253724593,0.47405925358662965,0.8596929003868538,-0.15902095935785132,0.599953068592373,0.0005008402944825211,-0.0007207303164875268,-0.9037383835337696,-0.00024185206830655554,-0.28041072080932306,-0.0010570573071113749,0.5031317174257738,0.0005031317174257737,0.0,0.5340182095343767,1.0,0.0,0.07811321294250755,0.4880952380952381,0.26339820012819337,0.01176137124171417,-0.30059815597861117,True,True
1,1,buffer_inverse_volatility,vol_target_max_1p25,2022,251,-0.4242859154150197,-1.4451135080098794,-2.5471784533146535,-0.435302839571878,-0.9746913570155126,-0.0019584589160180506,-0.001396197880909958,-1.9822870973610434,-0.0016773294915782314,-1.8196988079832874,-0.022143246118539805,0.6071807485195456,0.0006071807485195456,0.0,0.5000003807007504,0.5000955558883573,0.0,0.07483695599346783,0.43824701195219123,-1.445122517474309,-0.7053644429809005,-0.7158947661000945,True,True
1,1,buffer_inverse_volatility,vol_target_max_1p25,2023,250,0.2628811731241989,1.1236934049518394,2.038569473124169,-0.2347263993532943,1.1199471974540363,0.0010319303369114923,-0.0003298239567517088,-0.5432643431010669,0.00028739471748714663,0.4153322161431618,0.007101090642823676,0.5451512997804455,0.0005451512997804455,0.0,0.5238382768059858,0.8439958668590488,0.0,0.09101376256579749,0.48,1.059333508187512,0.4434503526489666,-0.4347817606391482,True,False
1,1,buffer_inverse_volatility,vol_target_max_1p25,2024,252,0.14531009306388487,0.6709848930613344,1.2272767719851507,-0.1199174921962437,1.2117505995379427,0.0006589606088260653,-0.0006032877583325879,-0.8046601201718211,-0.00011856539079297188,-0.14708011250200054,0.0023534582106021834,0.6977829849239089,0.0006977829849239088,0.0,0.5973323300692981,0.9981855253881581,0.0,0.10197201548580219,0.5198412698412699,0.6645616201625099,0.2184956220417602,-0.22882323929251536,True,False
1,1,buffer_inverse_volatility,vol_target_max_1p25,2025,250,0.1027366962906544,0.4939615603289891,0.7188354195437638,-0.22537783336295136,0.4558420620061863,0.0005354473774020319,-0.0008630587605803225,-1.2678989212762712,-0.00037747669412708216,-0.501755265644963,0.015993381457416786,0.803501315080051,0.000803501315080051,3.321759090955292e-07,0.6468732631791959,1.1493309397691922,0.032,0.10847119856357926,0.512,0.39815458507181717,0.0798766884022446,-0.3824730699684308,True,True
1,1,buffer_inverse_volatility,vol_target_max_1p25,2026,112,0.5790675843261917,1.9297624659455588,3.7741131674771116,-0.09009000735913353,6.427656088624844,0.0019388323440761195,0.00020185709772086772,0.3014525040166651,0.0010719584302299274,1.4140340476751199,0.004569361043510731,0.6868564194879455,0.0006868564194879456,0.0,0.5260951775493311,0.7766650617985345,0.0,0.08598507421144308,0.4732142857142857,1.96397738466239,1.2864204335199725,-0.16100053007640602,False,False
1,1,buffer_inverse_volatility,vol_target_max_1p50,2021,252,0.09540511253724593,0.47405925358662965,0.8596929003868538,-0.15902095935785132,0.599953068592373,0.0005008402944825211,-0.0007207303164875268,-0.9037383835337696,-0.00024185206830655554,-0.28041072080932306,-0.0010570573071113749,0.5031317174257738,0.0005031317174257737,0.0,0.5340182095343767,1.0,0.0,0.07811321294250755,0.4880952380952381,0.26339820012819337,0.01176137124171417,-0.30059815597861117,True,True
1,1,buffer_inverse_volatility,vol_target_max_1p50,2022,251,-0.4242859154150197,-1.4451135080098794,-2.5471784533146535,-0.435302839571878,-0.9746913570155126,-0.0019584589160180506,-0.001396197880909958,-1.9822870973610434,-0.0016773294915782314,-1.8196988079832874,-0.022143246118539805,0.6071807485195456,0.0006071807485195456,0.0,0.5000003807007504,0.5000955558883573,0.0,0.07483695599346783,0.43824701195219123,-1.445122517474309,-0.7053644429809005,-0.7158947661000945,True,True
1,1,buffer_inverse_volatility,vol_target_max_1p50,2023,250,0.2628811731241989,1.1236934049518394,2.038569473124169,-0.2347263993532943,1.1199471974540363,0.0010319303369114923,-0.0003298239567517088,-0.5432643431010669,0.00028739471748714663,0.4153322161431618,0.007101090642823676,0.5451512997804455,0.0005451512997804455,0.0,0.5238382768059858,0.8439958668590488,0.0,0.09101376256579749,0.48,1.059333508187512,0.4434503526489666,-0.4347817606391482,True,False
1,1,buffer_inverse_volatility,vol_target_max_1p50,2024,252,0.14531009306388487,0.6709848930613344,1.2272767719851507,-0.1199174921962437,1.2117505995379427,0.0006589606088260653,-0.0006032877583325879,-0.8046601201718211,-0.00011856539079297188,-0.14708011250200054,0.0023534582106021834,0.6977829849239089,0.0006977829849239088,0.0,0.5973323300692981,0.9981855253881581,0.0,0.10197201548580219,0.5198412698412699,0.6645616201625099,0.2184956220417602,-0.22882323929251536,True,False
1,1,buffer_inverse_volatility,vol_target_max_1p50,2025,250,0.1027366962906544,0.4939615603289891,0.7188354195437638,-0.22537783336295136,0.4558420620061863,0.0005354473774020319,-0.0008630587605803225,-1.2678989212762712,-0.00037747669412708216,-0.501755265644963,0.015993381457416786,0.803501315080051,0.000803501315080051,3.321759090955292e-07,0.6468732631791959,1.1493309397691922,0.032,0.10847119856357926,0.512,0.39815458507181717,0.0798766884022446,-0.3824730699684308,True,True
1,1,buffer_inverse_volatility,vol_target_max_1p50,2026,112,0.5790675843261917,1.9297624659455588,3.7741131674771116,-0.09009000735913353,6.427656088624844,0.0019388323440761195,0.00020185709772086772,0.3014525040166651,0.0010719584302299274,1.4140340476751199,0.004569361043510731,0.6868564194879455,0.0006868564194879456,0.0,0.5260951775493311,0.7766650617985345,0.0,0.08598507421144308,0.4732142857142857,1.96397738466239,1.2864204335199725,-0.16100053007640602,False,False
1,1,buffer_inverse_volatility,regime_dd_vol_target_max_1p25,2021,252,0.051056749465689055,0.32152356154623263,0.5776784823347224,-0.15902095935785165,0.321069308548151,0.0003258416926761816,-0.0008957289182938663,-1.1817669343955777,-0.0003305027413730515,-0.3972667120576466,-0.0010570573071113749,0.49241309713321746,0.0004924130971332174,0.0,0.5248247147524218,0.65,0.0,0.07684443608619598,0.4880952380952381,0.26339820012819337,0.01176137124171417,-0.30059815597861117,True,True
1,1,buffer_inverse_volatility,regime_dd_vol_target_max_1p25,2022,251,-0.42428754692028914,-1.445122517474309,-2.5471932922806997,-0.4353044335061672,-0.9746915359966762,-0.001958470325311074,-0.0013962092902029815,-1.9823056798852556,-0.001677339807757028,-1.8197113045175446,-0.022143246118539805,0.6071803486002434,0.0006071803486002434,0.0,0.5,0.5,0.0,0.07483688746733275,0.43824701195219123,-1.445122517474309,-0.7053644429809005,-0.7158947661000945,False,True
1,1,buffer_inverse_volatility,regime_dd_vol_target_max_1p25,2023,250,0.22988613267169145,1.059333508187512,1.9038023304159812,-0.24347034356949815,0.9442058909571912,0.0009146878753458845,-0.0004470664183173168,-0.8016920399874738,0.00023381072851428385,0.36145915305851106,0.007101090642823676,0.5216930254337949,0.0005216930254337948,0.0,0.5,0.5,0.0,0.08688865383567941,0.48,1.059333508187512,0.4434503526489666,-0.4347817606391482,False,False
1,1,buffer_inverse_volatility,regime_dd_vol_target_max_1p25,2024,252,0.1307130701221615,0.6645616201625099,1.1902761054530901,-0.1199174921962437,1.090025047457221,0.0005839514153972688,-0.0006782969517613843,-1.0162153699316956,-4.7172768182057734e-05,-0.06589579075918334,0.0023534582106021834,0.5819020765542411,0.0005819020765542413,0.0,0.5,0.5,0.0,0.08507214265872498,0.5198412698412699,0.6645616201625099,0.2184956220417602,-0.22882323929251536,False,False
1,1,buffer_inverse_volatility,regime_dd_vol_target_max_1p25,2025,250,0.06409141465553359,0.37889587038010264,0.5221977921405772,-0.20616395675489885,0.31087594390579937,0.00035903740948216404,-0.0010394687285001903,-1.8044278120290873,-0.0003353610089299032,-0.5187735463251352,0.015993381457416786,0.6289773616006792,0.0006289773616006792,0.0,0.503,0.65,0.0,0.08410571621248206,0.512,0.39815458507181717,0.0798766884022446,-0.3824730699684308,False,False
1,1,buffer_inverse_volatility,regime_dd_vol_target_max_1p25,2026,112,0.5484556009659014,1.9192202266192853,3.8997304532519776,-0.08251993482641362,6.6463406947620065,0.001851175825180434,0.00011420057882518242,0.17948233581890125,0.0010036334601509756,1.3761722114791304,0.004569361043510731,0.6720992260108378,0.0006720992260108377,0.0,0.5153289493767178,0.65,0.0,0.084244860610202,0.4732142857142857,1.96397738466239,1.2864204335199725,-0.16100053007640602,False,False
1,1,buffer_inverse_volatility,regime_dd_vol_target_max_1p50,2021,252,0.051056749465689055,0.32152356154623263,0.5776784823347224,-0.15902095935785165,0.321069308548151,0.0003258416926761816,-0.0008957289182938663,-1.1817669343955777,-0.0003305027413730515,-0.3972667120576466,-0.0010570573071113749,0.49241309713321746,0.0004924130971332174,0.0,0.5248247147524218,0.65,0.0,0.07684443608619598,0.4880952380952381,0.26339820012819337,0.01176137124171417,-0.30059815597861117,True,True
1,1,buffer_inverse_volatility,regime_dd_vol_target_max_1p50,2022,251,-0.42428754692028914,-1.445122517474309,-2.5471932922806997,-0.4353044335061672,-0.9746915359966762,-0.001958470325311074,-0.0013962092902029815,-1.9823056798852556,-0.001677339807757028,-1.8197113045175446,-0.022143246118539805,0.6071803486002434,0.0006071803486002434,0.0,0.5,0.5,0.0,0.07483688746733275,0.43824701195219123,-1.445122517474309,-0.7053644429809005,-0.7158947661000945,False,True
1,1,buffer_inverse_volatility,regime_dd_vol_target_max_1p50,2023,250,0.22988613267169145,1.059333508187512,1.9038023304159812,-0.24347034356949815,0.9442058909571912,0.0009146878753458845,-0.0004470664183173168,-0.8016920399874738,0.00023381072851428385,0.36145915305851106,0.007101090642823676,0.5216930254337949,0.0005216930254337948,0.0,0.5,0.5,0.0,0.08688865383567941,0.48,1.059333508187512,0.4434503526489666,-0.4347817606391482,False,False
1,1,buffer_inverse_volatility,regime_dd_vol_target_max_1p50,2024,252,0.1307130701221615,0.6645616201625099,1.1902761054530901,-0.1199174921962437,1.090025047457221,0.0005839514153972688,-0.0006782969517613843,-1.0162153699316956,-4.7172768182057734e-05,-0.06589579075918334,0.0023534582106021834,0.5819020765542411,0.0005819020765542413,0.0,0.5,0.5,0.0,0.08507214265872498,0.5198412698412699,0.6645616201625099,0.2184956220417602,-0.22882323929251536,False,False
1,1,buffer_inverse_volatility,regime_dd_vol_target_max_1p50,2025,250,0.06409141465553359,0.37889587038010264,0.5221977921405772,-0.20616395675489885,0.31087594390579937,0.00035903740948216404,-0.0010394687285001903,-1.8044278120290873,-0.0003353610089299032,-0.5187735463251352,0.015993381457416786,0.6289773616006792,0.0006289773616006792,0.0,0.503,0.65,0.0,0.08410571621248206,0.512,0.39815458507181717,0.0798766884022446,-0.3824730699684308,False,False
1,1,buffer_inverse_volatility,regime_dd_vol_target_max_1p50,2026,112,0.5484556009659014,1.9192202266192853,3.8997304532519776,-0.08251993482641362,6.6463406947620065,0.001851175825180434,0.00011420057882518242,0.17948233581890125,0.0010036334601509756,1.3761722114791304,0.004569361043510731,0.6720992260108378,0.0006720992260108377,0.0,0.5153289493767178,0.65,0.0,0.084244860610202,0.4732142857142857,1.96397738466239,1.2864204335199725,-0.16100053007640602,False,False
5,5,equal_weight,static_1x,2021,51,-0.09684852177655001,0.06052821862401086,0.08475565403081174,-0.4201896556184701,-0.2304876392875505,0.0006163422011122049,-0.005055636028919001,-0.6167800615769479,-0.005055636028919001,-0.6167800615769479,-0.03745125688367744,1.2078431372549023,0.0012078431372549018,0.0,1.0,1.0,0.0,0.09999999999999998,0.5686274509803921,0.06052821862401086,-0.09684852177655001,-0.4201896556184701,False,False
5,5,equal_weight,static_1x,2022,51,-0.5929222893615879,-0.9314511410724773,-1.6667340747858228,-0.5721542761997556,-1.0362979252724864,-0.012936442630159877,-0.010752351686659542,-1.0784405901435687,-0.010752351686659542,-1.0784405901435687,-0.05350040911281717,1.2235294117647058,0.001223529411764706,0.0,1.0,1.0,0.0,0.09999999999999998,0.37254901960784315,-0.9314511410724773,-0.5929222893615879,-0.5721542761997556,False,False
5,5,equal_weight,static_1x,2023,50,1.5935301066011744,2.0635953814393764,4.562500115291051,-0.43700930136065796,3.646444370038832,0.021744024986702862,0.01502798924239821,1.7469239150816525,0.01502798924239821,1.7469239150816525,0.03514418434036138,1.2240000000000002,0.001224,0.0,1.0,1.0,0.0,0.09999999999999998,0.58,2.0635953814393764,1.5935301066011744,-0.43700930136065796,False,False
5,5,equal_weight,static_1x,2024,51,1.2712995996654008,1.471745840374736,2.715077445131899,-0.3239977908879428,3.9237909498743773,0.021467440860926876,0.014737443050418063,1.1851353323396667,0.014737443050418063,1.1851353323396667,0.013602488409276,1.3647058823529414,0.0013647058823529413,0.0,1.0,1.0,0.0,0.09999999999999998,0.5294117647058824,1.471745840374736,1.2712995996654008,-0.3239977908879428,False,False
5,5,equal_weight,static_1x,2025,50,1.315175412539375,1.6783543366234028,2.722290142538614,-0.3196439524616783,4.1145011579627795,0.02046426569034338,0.013466676958806257,1.3804730457689187,0.013466676958806257,1.3804730457689187,0.06192128646922315,1.3439999999999999,0.001344,0.0,1.0,1.0,0.0,0.09999999999999998,0.62,1.6783543366234028,1.315175412539375,-0.3196439524616783,False,False
5,5,equal_weight,static_1x,2026,23,2.536560034313159,2.5115747602009506,7.2633948740113325,-0.139008262222601,18.24754869786975,0.02819963307473421,0.020419061017660806,2.187933959444911,0.020419061017660806,2.187933959444911,-0.005102897846645113,1.5739130434782609,0.0015739130434782613,0.0,1.0,1.0,0.0,0.10000000000000003,0.6521739130434783,2.5115747602009506,2.536560034313159,-0.139008262222601,False,False
5,5,equal_weight,legacy_risk_scaled,2021,51,-0.23232574550878837,-0.6041923433116555,-0.6203037062687918,-0.3859217497538643,-0.6020022081081531,-0.004051343287345268,-0.009723321517376475,-1.8329585662791712,-0.006605914371392245,-1.1992659986328413,-0.03745125688367744,0.6427450980392158,0.0006427450980392158,0.0,0.5362745098039216,1.0,0.0,0.053627450980392156,0.5686274509803921,0.06052821862401086,-0.09684852177655001,-0.4201896556184701,False,False
5,5,equal_weight,legacy_risk_scaled,2022,51,-0.2903140723329307,-0.9314511410724771,-1.6667340747858228,-0.28546356994915645,-1.0169916686204064,-0.005821399183571944,-0.0036373082400716133,-1.0403791179503237,-0.004838558258996795,-1.0784405901435687,-0.05350040911281717,0.5505882352941177,0.0005505882352941177,0.0,0.45,0.45,0.0,0.045,0.37254901960784315,-0.9314511410724773,-0.5929222893615879,-0.5721542761997556,True,True
5,5,equal_weight,legacy_risk_scaled,2023,50,0.7804631195044163,2.246505305086025,5.763941650485479,-0.22211295019695265,3.513811863794352,0.012220511603903403,0.0055044758595987515,1.3560646290044682,0.008489909793003625,1.883217298601696,0.03514418434036138,0.5976,0.0005976000000000001,0.0,0.486,0.75,0.0,0.04860000000000001,0.58,2.0635953814393764,1.5935301066011744,-0.43700930136065796,True,False
5,5,equal_weight,legacy_risk_scaled,2024,51,1.0019916045345476,1.6036121063611706,3.0719761278093642,-0.16883169960474065,5.934854691863876,0.016331944725854718,0.009601946915345905,1.1493132591256352,0.012069781476220448,1.4037762020348987,0.013602488409276,0.879607843137255,0.000879607843137255,0.0,0.6352941176470588,1.0,0.0,0.06352941176470589,0.5294117647058824,1.471745840374736,1.2712995996654008,-0.3239977908879428,True,False
5,5,equal_weight,legacy_risk_scaled,2025,50,0.9146178577348927,1.9953962218635994,3.5111431851568784,-0.20459066760073996,4.470476920871951,0.014204357032458967,0.007206768300921846,1.4704307436415456,0.00890600122642157,1.6664861986491186,0.06192128646922315,0.8230000000000001,0.000823,0.0,0.5940000000000001,1.0,0.0,0.059399999999999994,0.62,1.6783543366234028,1.315175412539375,-0.3196439524616783,True,False
5,5,equal_weight,legacy_risk_scaled,2026,23,0.8330965959698919,2.5115747602009515,7.2633948740113325,-0.06404861517573046,13.00725384435122,0.012689834883630397,0.004909262826556984,1.3798190876250604,0.00918857745794736,2.1879339594449103,-0.005102897846645113,0.7082608695652175,0.0007082608695652175,0.0,0.44999999999999984,0.45,0.0,0.04500000000000002,0.6521739130434783,2.5115747602009506,2.536560034313159,-0.139008262222601,True,False
5,5,equal_weight,vol_target_max_1p25,2021,51,0.12797833041811568,0.5471750749598715,0.9072700696093882,-0.23940006381081635,0.534579349649837,0.0032595883632740357,-0.0024123898667571704,-0.5506433858577159,-0.0007208408818510343,-0.1545890089101303,-0.03745125688367744,0.6911497229937441,0.0006911497229937444,0.0,0.5593003516929504,1.0,0.0,0.05593003516929503,0.5686274509803921,0.06052821862401086,-0.09684852177655001,-0.4201896556184701,True,True
5,5,equal_weight,vol_target_max_1p25,2022,51,-0.3210305090112845,-0.9314511410724773,-1.6667340747858228,-0.3148120387391595,-1.0197529621072634,-0.006468221315079938,-0.004284130371579606,-1.0943122000465586,-0.005376175843329771,-1.0784405901435687,-0.05350040911281717,0.6117647058823529,0.000611764705882353,0.0,0.5,0.5,0.0,0.04999999999999999,0.37254901960784315,-0.9314511410724773,-0.5929222893615879,-0.5721542761997556,False,True
5,5,equal_weight,vol_target_max_1p25,2023,50,0.6576618720291496,2.0283627302388694,4.305178888604348,-0.2486612706812099,2.6448102280965533,0.010762411800236434,0.004046376055931783,1.0679531544298024,0.007414054776868285,1.708713710826262,0.03514418434036138,0.6139900846591427,0.0006139900846591428,0.0,0.5010211725363188,0.5365303501867692,0.0,0.050102117253631874,0.58,2.0635953814393764,1.5935301066011744,-0.43700930136065796,False,False
5,5,equal_weight,vol_target_max_1p25,2024,51,0.6064702920693135,1.471745840374736,2.715077445131899,-0.17132483188394432,3.5398855227252595,0.010733720430463438,0.004003722619954627,0.7358701136036822,0.007368721525209032,1.1851353323396667,0.013602488409276,0.6823529411764707,0.0006823529411764706,0.0,0.5,0.5,0.0,0.04999999999999999,0.5294117647058824,1.471745840374736,1.2712995996654008,-0.3239977908879428,False,False
5,5,equal_weight,vol_target_max_1p25,2025,50,0.5958222350102409,1.6783543366234028,2.722290142538614,-0.16611469978660875,3.586812219361894,0.01023213284517169,0.0032345441136345664,0.722805130337994,0.0067333384794031285,1.3804730457689187,0.06192128646922315,0.6719999999999999,0.000672,0.0,0.5,0.5,0.0,0.04999999999999999,0.62,1.6783543366234028,1.315175412539375,-0.3196439524616783,False,False
5,5,equal_weight,vol_target_max_1p25,2026,23,0.9530380119489055,2.5115747602009506,7.2633948740113325,-0.0710134451551444,13.420529166931495,0.014099816537367105,0.0063192444802936945,1.5664471833757068,0.010209530508830403,2.187933959444911,-0.005102897846645113,0.7869565217391304,0.0007869565217391306,0.0,0.5,0.5,0.0,0.05000000000000002,0.6521739130434783,2.5115747602009506,2.536560034313159,-0.139008262222601,False,False
5,5,equal_weight,vol_target_max_1p50,2021,51,0.12797833041811568,0.5471750749598715,0.9072700696093882,-0.23940006381081635,0.534579349649837,0.0032595883632740357,-0.0024123898667571704,-0.5506433858577159,-0.0007208408818510343,-0.1545890089101303,-0.03745125688367744,0.6911497229937441,0.0006911497229937444,0.0,0.5593003516929504,1.0,0.0,0.05593003516929503,0.5686274509803921,0.06052821862401086,-0.09684852177655001,-0.4201896556184701,True,True
5,5,equal_weight,vol_target_max_1p50,2022,51,-0.3210305090112845,-0.9314511410724773,-1.6667340747858228,-0.3148120387391595,-1.0197529621072634,-0.006468221315079938,-0.004284130371579606,-1.0943122000465586,-0.005376175843329771,-1.0784405901435687,-0.05350040911281717,0.6117647058823529,0.000611764705882353,0.0,0.5,0.5,0.0,0.04999999999999999,0.37254901960784315,-0.9314511410724773,-0.5929222893615879,-0.5721542761997556,False,True
5,5,equal_weight,vol_target_max_1p50,2023,50,0.6576618720291496,2.0283627302388694,4.305178888604348,-0.2486612706812099,2.6448102280965533,0.010762411800236434,0.004046376055931783,1.0679531544298024,0.007414054776868285,1.708713710826262,0.03514418434036138,0.6139900846591427,0.0006139900846591428,0.0,0.5010211725363188,0.5365303501867692,0.0,0.050102117253631874,0.58,2.0635953814393764,1.5935301066011744,-0.43700930136065796,False,False
5,5,equal_weight,vol_target_max_1p50,2024,51,0.6064702920693135,1.471745840374736,2.715077445131899,-0.17132483188394432,3.5398855227252595,0.010733720430463438,0.004003722619954627,0.7358701136036822,0.007368721525209032,1.1851353323396667,0.013602488409276,0.6823529411764707,0.0006823529411764706,0.0,0.5,0.5,0.0,0.04999999999999999,0.5294117647058824,1.471745840374736,1.2712995996654008,-0.3239977908879428,False,False
5,5,equal_weight,vol_target_max_1p50,2025,50,0.5958222350102409,1.6783543366234028,2.722290142538614,-0.16611469978660875,3.586812219361894,0.01023213284517169,0.0032345441136345664,0.722805130337994,0.0067333384794031285,1.3804730457689187,0.06192128646922315,0.6719999999999999,0.000672,0.0,0.5,0.5,0.0,0.04999999999999999,0.62,1.6783543366234028,1.315175412539375,-0.3196439524616783,False,False
5,5,equal_weight,vol_target_max_1p50,2026,23,0.9530380119489055,2.5115747602009506,7.2633948740113325,-0.0710134451551444,13.420529166931495,0.014099816537367105,0.0063192444802936945,1.5664471833757068,0.010209530508830403,2.187933959444911,-0.005102897846645113,0.7869565217391304,0.0007869565217391306,0.0,0.5,0.5,0.0,0.05000000000000002,0.6521739130434783,2.5115747602009506,2.536560034313159,-0.139008262222601,False,False
5,5,equal_weight,regime_dd_vol_target_max_1p25,2021,51,0.025495418045351936,0.22625409537534139,0.3319019053088229,-0.2327311397265187,0.10954880414933509,0.0012017735824307104,-0.004470204647600495,-1.1740439229541781,-0.001980871272833333,-0.46708207518027506,-0.03745125688367744,0.6307575661309991,0.0006307575661309992,0.0,0.5181238811047152,0.65,0.0,0.0518123881104715,0.5686274509803921,0.06052821862401086,-0.09684852177655001,-0.4201896556184701,True,True
5,5,equal_weight,regime_dd_vol_target_max_1p25,2022,51,-0.3210305090112845,-0.9314511410724773,-1.6667340747858228,-0.3148120387391595,-1.0197529621072634,-0.006468221315079938,-0.004284130371579606,-1.0943122000465586,-0.005376175843329771,-1.0784405901435687,-0.05350040911281717,0.6117647058823529,0.000611764705882353,0.0,0.5,0.5,0.0,0.04999999999999999,0.37254901960784315,-0.9314511410724773,-0.5929222893615879,-0.5721542761997556,False,True
5,5,equal_weight,regime_dd_vol_target_max_1p25,2023,50,0.6573577152321324,2.027948188461393,4.3036251476721015,-0.24866127068121002,2.64358705089576,0.01075852764113959,0.00404249189683494,1.0671590003120353,0.007410851545773483,1.7082566592535942,0.03514418434036138,0.6139315577289242,0.0006139315577289241,0.0,0.5009919090712095,0.5365303501867692,0.0,0.050099190907120936,0.58,2.0635953814393764,1.5935301066011744,-0.43700930136065796,False,False
5,5,equal_weight,regime_dd_vol_target_max_1p25,2024,51,0.6064702920693135,1.471745840374736,2.715077445131899,-0.17132483188394432,3.5398855227252595,0.010733720430463438,0.004003722619954627,0.7358701136036822,0.007368721525209032,1.1851353323396667,0.013602488409276,0.6823529411764707,0.0006823529411764706,0.0,0.5,0.5,0.0,0.04999999999999999,0.5294117647058824,1.471745840374736,1.2712995996654008,-0.3239977908879428,False,False
5,5,equal_weight,regime_dd_vol_target_max_1p25,2025,50,0.5958222350102409,1.6783543366234028,2.722290142538614,-0.16611469978660875,3.586812219361894,0.01023213284517169,0.0032345441136345664,0.722805130337994,0.0067333384794031285,1.3804730457689187,0.06192128646922315,0.6719999999999999,0.000672,0.0,0.5,0.5,0.0,0.04999999999999999,0.62,1.6783543366234028,1.315175412539375,-0.3196439524616783,False,False
5,5,equal_weight,regime_dd_vol_target_max_1p25,2026,23,0.9530380119489055,2.5115747602009506,7.2633948740113325,-0.0710134451551444,13.420529166931495,0.014099816537367105,0.0063192444802936945,1.5664471833757068,0.010209530508830403,2.187933959444911,-0.005102897846645113,0.7869565217391304,0.0007869565217391306,0.0,0.5,0.5,0.0,0.05000000000000002,0.6521739130434783,2.5115747602009506,2.536560034313159,-0.139008262222601,False,False
5,5,equal_weight,regime_dd_vol_target_max_1p50,2021,51,0.025495418045351936,0.22625409537534139,0.3319019053088229,-0.2327311397265187,0.10954880414933509,0.0012017735824307104,-0.004470204647600495,-1.1740439229541781,-0.001980871272833333,-0.46708207518027506,-0.03745125688367744,0.6307575661309991,0.0006307575661309992,0.0,0.5181238811047152,0.65,0.0,0.0518123881104715,0.5686274509803921,0.06052821862401086,-0.09684852177655001,-0.4201896556184701,True,True
5,5,equal_weight,regime_dd_vol_target_max_1p50,2022,51,-0.3210305090112845,-0.9314511410724773,-1.6667340747858228,-0.3148120387391595,-1.0197529621072634,-0.006468221315079938,-0.004284130371579606,-1.0943122000465586,-0.005376175843329771,-1.0784405901435687,-0.05350040911281717,0.6117647058823529,0.000611764705882353,0.0,0.5,0.5,0.0,0.04999999999999999,0.37254901960784315,-0.9314511410724773,-0.5929222893615879,-0.5721542761997556,False,True
5,5,equal_weight,regime_dd_vol_target_max_1p50,2023,50,0.6573577152321324,2.027948188461393,4.3036251476721015,-0.24866127068121002,2.64358705089576,0.01075852764113959,0.00404249189683494,1.0671590003120353,0.007410851545773483,1.7082566592535942,0.03514418434036138,0.6139315577289242,0.0006139315577289241,0.0,0.5009919090712095,0.5365303501867692,0.0,0.050099190907120936,0.58,2.0635953814393764,1.5935301066011744,-0.43700930136065796,False,False
5,5,equal_weight,regime_dd_vol_target_max_1p50,2024,51,0.6064702920693135,1.471745840374736,2.715077445131899,-0.17132483188394432,3.5398855227252595,0.010733720430463438,0.004003722619954627,0.7358701136036822,0.007368721525209032,1.1851353323396667,0.013602488409276,0.6823529411764707,0.0006823529411764706,0.0,0.5,0.5,0.0,0.04999999999999999,0.5294117647058824,1.471745840374736,1.2712995996654008,-0.3239977908879428,False,False
5,5,equal_weight,regime_dd_vol_target_max_1p50,2025,50,0.5958222350102409,1.6783543366234028,2.722290142538614,-0.16611469978660875,3.586812219361894,0.01023213284517169,0.0032345441136345664,0.722805130337994,0.0067333384794031285,1.3804730457689187,0.06192128646922315,0.6719999999999999,0.000672,0.0,0.5,0.5,0.0,0.04999999999999999,0.62,1.6783543366234028,1.315175412539375,-0.3196439524616783,False,False
5,5,equal_weight,regime_dd_vol_target_max_1p50,2026,23,0.9530380119489055,2.5115747602009506,7.2633948740113325,-0.0710134451551444,13.420529166931495,0.014099816537367105,0.0063192444802936945,1.5664471833757068,0.010209530508830403,2.187933959444911,-0.005102897846645113,0.7869565217391304,0.0007869565217391306,0.0,0.5,0.5,0.0,0.05000000000000002,0.6521739130434783,2.5115747602009506,2.536560034313159,-0.139008262222601,False,False
5,5,buffer_inverse_volatility,static_1x,2021,51,-0.07610951383515596,0.08787514561374606,0.12039135471753845,-0.4464752571986449,-0.17046748416182325,0.0008573383675784774,-0.004814639862452727,-0.6132499340097982,-0.004814639862452727,-0.6132499340097982,-0.03745125688367744,1.0457995490264658,0.0010457995490264656,0.0,1.0,1.0,0.0,0.13971321309716192,0.5686274509803921,0.08787514561374606,-0.07610951383515596,-0.4464752571986449,False,False
5,5,buffer_inverse_volatility,static_1x,2022,51,-0.672038632235842,-1.2384588830366536,-2.127997856217057,-0.6428963865258603,-1.0453296150371338,-0.017111651737971034,-0.014927560794470704,-1.5056672650761043,-0.014927560794470704,-1.5056672650761043,-0.05350040911281717,1.145733202040774,0.0011457332020407742,0.0,1.0,1.0,0.0,0.1270653220966362,0.39215686274509803,-1.2384588830366536,-0.672038632235842,-0.6428963865258603,False,False
5,5,buffer_inverse_volatility,static_1x,2023,50,1.4693974321956875,2.0123907973530897,5.198156755671036,-0.4407573970191404,3.333800957472932,0.020579330300959466,0.013863294556654812,1.6937283540830474,0.013863294556654812,1.6937283540830474,0.03514418434036138,1.1560514329406593,0.001156051432940659,0.0,1.0,1.0,0.0,0.13957491444506173,0.5,2.0123907973530897,1.4693974321956875,-0.4407573970191404,False,False
5,5,buffer_inverse_volatility,static_1x,2024,51,1.048398261959453,1.4239490088733668,2.374876322681949,-0.31465375145229324,3.331910892911784,0.01840528479924296,0.011675286988734154,1.1135139404013314,0.011675286988734154,1.1135139404013314,0.013602488409276,1.2636898339175346,0.0012636898339175348,0.0,1.0,1.0,0.0,0.14008454363683387,0.5882352941176471,1.4239490088733668,1.048398261959453,-0.31465375145229324,False,False
5,5,buffer_inverse_volatility,static_1x,2025,50,1.4125571498214655,1.752124412356722,2.821626751949125,-0.3275022617933706,4.313121815056909,0.02127593314313606,0.01427834441159893,1.502119765596186,0.01427834441159893,1.502119765596186,0.06192128646922315,1.2422631204389203,0.0012422631204389203,0.0,1.0,1.0,0.0,0.13770211523829926,0.64,1.752124412356722,1.4125571498214655,-0.3275022617933706,False,False
5,5,buffer_inverse_volatility,static_1x,2026,23,2.5225049402641315,2.5369248986683637,8.400245175594781,-0.10402522941417613,24.248972623946695,0.02796076095589698,0.02018018889882356,2.177010255461324,0.02018018889882356,2.177010255461324,-0.005102897846645113,1.4098945270230565,0.0014098945270230566,0.0,1.0,1.0,0.0,0.13363621933159212,0.6956521739130435,2.5369248986683637,2.5225049402641315,-0.10402522941417613,False,False
5,5,buffer_inverse_volatility,legacy_risk_scaled,2021,51,-0.22912964053405527,-0.6177648838978544,-0.6354495513624648,-0.40098164219999866,-0.5714217720216022,-0.004037407604889201,-0.009709385834920408,-1.862414136535649,-0.006591978688936179,-1.231415215909826,-0.03745125688367744,0.564104111397868,0.0005641041113978679,0.0,0.5362745098039216,1.0,0.0,0.07390434004248833,0.5686274509803921,0.08787514561374606,-0.07610951383515596,-0.4464752571986449,False,False
5,5,buffer_inverse_volatility,legacy_risk_scaled,2022,51,-0.35481795859237975,-1.2384588830366536,-2.1279978562170565,-0.34033784931050903,-1.042546279560754,-0.007700243282086965,-0.005516152338586634,-1.5784586916773868,-0.006717402357511817,-1.505667265076104,-0.05350040911281717,0.5155799409183484,0.0005155799409183484,0.0,0.45,0.45,0.0,0.05717939494348632,0.39215686274509803,-1.2384588830366536,-0.672038632235842,-0.6428963865258603,False,True
5,5,buffer_inverse_volatility,legacy_risk_scaled,2023,50,0.7412108058693827,2.208817435902498,6.636005324443029,-0.22609594009345457,3.278302147146076,0.011739190573596927,0.005023154829292273,1.3089499527854458,0.008008588762697147,1.853968147566996,0.03514418434036138,0.5634853391135932,0.0005634853391135934,0.0,0.486,0.75,0.0,0.06762068889723787,0.5,2.0123907973530897,1.4693974321956875,-0.4407573970191404,True,False
5,5,buffer_inverse_volatility,legacy_risk_scaled,2024,51,0.8775625319706488,1.532644796446898,2.766298961121499,-0.14932742734223714,5.8767672328500025,0.014776073916254217,0.008046076105745406,1.0493457205254497,0.010513910666619952,1.3321180900128062,0.013602488409276,0.8176805903404913,0.0008176805903404913,0.0,0.6352941176470588,1.0,0.0,0.08955826304699893,0.5882352941176471,1.4239490088733668,1.048398261959453,-0.31465375145229324,True,False
5,5,buffer_inverse_volatility,legacy_risk_scaled,2025,50,0.9686536842753732,2.0612565929926188,3.400199874334336,-0.21793522383968056,4.4446862109263385,0.014789241764590955,0.007791653033053832,1.6658322844195292,0.009490885958553553,1.8286189263279244,0.06192128646922315,0.7658958485458595,0.0007658958485458595,0.0,0.5940000000000001,1.0,0.0,0.08137489826330638,0.64,1.752124412356722,1.4125571498214655,-0.3275022617933706,True,False
5,5,buffer_inverse_volatility,legacy_risk_scaled,2026,23,0.8257964158338009,2.5369248986683632,8.400245175594781,-0.04694514299923602,17.5906678108796,0.01258234243015364,0.004801770373080227,1.318228086211321,0.009081085004470605,2.1770102554613247,-0.005102897846645113,0.6344525371603755,0.0006344525371603754,0.0,0.44999999999999984,0.45,0.0,0.060136298699216446,0.6956521739130435,2.5369248986683637,2.5225049402641315,-0.10402522941417613,False,False
5,5,buffer_inverse_volatility,vol_target_max_1p25,2021,51,0.12694455682693406,0.5568791720961696,0.8773603114690813,-0.2678366641067653,0.47396258182311923,0.0031784630443508666,-0.0024935151856803387,-0.5828238745453153,-0.0008199822757660809,-0.1806411927933762,-0.03745125688367744,0.6064553615565608,0.0006064553615565606,0.0,0.5635196988724003,1.0,0.0,0.07875615681337494,0.5686274509803921,0.08787514561374606,-0.07610951383515596,-0.4464752571986449,True,True
5,5,buffer_inverse_volatility,vol_target_max_1p25,2022,51,-0.38932610548323654,-1.2384588830366536,-2.127997856217057,-0.37307681819400174,-1.0435548029167148,-0.008555825868985517,-0.006371734925485186,-1.6308153901957416,-0.007463780397235352,-1.5056672650761043,-0.05350040911281717,0.572866601020387,0.0005728666010203871,0.0,0.5,0.5,0.0,0.0635326610483181,0.39215686274509803,-1.2384588830366536,-0.672038632235842,-0.6428963865258603,False,True
5,5,buffer_inverse_volatility,vol_target_max_1p25,2023,50,0.6154726623775222,1.987030809156505,5.029776812822518,-0.2517643486401798,2.4446378754648546,0.010199162434207083,0.003483126689902431,0.9934215502460936,0.006852677605011748,1.6668672630857526,0.03514418434036138,0.5798039161941227,0.0005798039161941227,0.0,0.5014749337505958,0.5278946076750826,0.0,0.06999082278951635,0.5,2.0123907973530897,1.4693974321956875,-0.4407573970191404,False,False
5,5,buffer_inverse_volatility,vol_target_max_1p25,2024,51,0.5077157193969706,1.4239490088733668,2.374876322681949,-0.16512892359853748,3.0746625626370117,0.00920264239962148,0.0024726445891126727,0.5721550183633554,0.005837643494367077,1.1135139404013314,0.013602488409276,0.6318449169587673,0.0006318449169587674,0.0,0.5,0.5,0.0,0.07004227181841693,0.5882352941176471,1.4239490088733668,1.048398261959453,-0.31465375145229324,False,False
5,5,buffer_inverse_volatility,vol_target_max_1p25,2025,50,0.628962305366848,1.752124412356722,2.821626751949125,-0.16918038315946504,3.717702334164857,0.01063796657156803,0.0036403778400309057,0.8598097656398213,0.007139172205799465,1.502119765596186,0.06192128646922315,0.6211315602194601,0.0006211315602194601,0.0,0.5,0.5,0.0,0.06885105761914963,0.64,1.752124412356722,1.4125571498214655,-0.3275022617933706,False,False
5,5,buffer_inverse_volatility,vol_target_max_1p25,2026,23,0.9447922184594264,2.5369248986683637,8.400245175594781,-0.05214968450747037,18.116930665689573,0.01398038047794849,0.006199808420875074,1.5109370395019472,0.01009009444941178,2.177010255461324,-0.005102897846645113,0.7049472635115283,0.0007049472635115283,0.0,0.5,0.5,0.0,0.06681810966579606,0.6956521739130435,2.5369248986683637,2.5225049402641315,-0.10402522941417613,False,False
5,5,buffer_inverse_volatility,vol_target_max_1p50,2021,51,0.12694455682693406,0.5568791720961696,0.8773603114690813,-0.2678366641067653,0.47396258182311923,0.0031784630443508666,-0.0024935151856803387,-0.5828238745453153,-0.0008199822757660809,-0.1806411927933762,-0.03745125688367744,0.6064553615565608,0.0006064553615565606,0.0,0.5635196988724003,1.0,0.0,0.07875615681337494,0.5686274509803921,0.08787514561374606,-0.07610951383515596,-0.4464752571986449,True,True
5,5,buffer_inverse_volatility,vol_target_max_1p50,2022,51,-0.38932610548323654,-1.2384588830366536,-2.127997856217057,-0.37307681819400174,-1.0435548029167148,-0.008555825868985517,-0.006371734925485186,-1.6308153901957416,-0.007463780397235352,-1.5056672650761043,-0.05350040911281717,0.572866601020387,0.0005728666010203871,0.0,0.5,0.5,0.0,0.0635326610483181,0.39215686274509803,-1.2384588830366536,-0.672038632235842,-0.6428963865258603,False,True
5,5,buffer_inverse_volatility,vol_target_max_1p50,2023,50,0.6154726623775222,1.987030809156505,5.029776812822518,-0.2517643486401798,2.4446378754648546,0.010199162434207083,0.003483126689902431,0.9934215502460936,0.006852677605011748,1.6668672630857526,0.03514418434036138,0.5798039161941227,0.0005798039161941227,0.0,0.5014749337505958,0.5278946076750826,0.0,0.06999082278951635,0.5,2.0123907973530897,1.4693974321956875,-0.4407573970191404,False,False
5,5,buffer_inverse_volatility,vol_target_max_1p50,2024,51,0.5077157193969706,1.4239490088733668,2.374876322681949,-0.16512892359853748,3.0746625626370117,0.00920264239962148,0.0024726445891126727,0.5721550183633554,0.005837643494367077,1.1135139404013314,0.013602488409276,0.6318449169587673,0.0006318449169587674,0.0,0.5,0.5,0.0,0.07004227181841693,0.5882352941176471,1.4239490088733668,1.048398261959453,-0.31465375145229324,False,False
5,5,buffer_inverse_volatility,vol_target_max_1p50,2025,50,0.628962305366848,1.752124412356722,2.821626751949125,-0.16918038315946504,3.717702334164857,0.01063796657156803,0.0036403778400309057,0.8598097656398213,0.007139172205799465,1.502119765596186,0.06192128646922315,0.6211315602194601,0.0006211315602194601,0.0,0.5,0.5,0.0,0.06885105761914963,0.64,1.752124412356722,1.4125571498214655,-0.3275022617933706,False,False
5,5,buffer_inverse_volatility,vol_target_max_1p50,2026,23,0.9447922184594264,2.5369248986683637,8.400245175594781,-0.05214968450747037,18.116930665689573,0.01398038047794849,0.006199808420875074,1.5109370395019472,0.01009009444941178,2.177010255461324,-0.005102897846645113,0.7049472635115283,0.0007049472635115283,0.0,0.5,0.5,0.0,0.06681810966579606,0.6956521739130435,2.5369248986683637,2.5225049402641315,-0.10402522941417613,False,False
5,5,buffer_inverse_volatility,regime_dd_vol_target_max_1p25,2021,51,0.03151801155824008,0.24820805415543726,0.354558351375136,-0.25486643152776134,0.12366482070357303,0.0012744221982013508,-0.004397556031829854,-1.1715426092575496,-0.0019262387320545698,-0.4683231920114545,-0.03745125688367744,0.5507711167611237,0.0005507711167611237,0.0,0.5223432282841651,0.65,0.0,0.07300693186430088,0.5686274509803921,0.08787514561374606,-0.07610951383515596,-0.4464752571986449,True,True
5,5,buffer_inverse_volatility,regime_dd_vol_target_max_1p25,2022,51,-0.38932610548323654,-1.2384588830366536,-2.127997856217057,-0.37307681819400174,-1.0435548029167148,-0.008555825868985517,-0.006371734925485186,-1.6308153901957416,-0.007463780397235352,-1.5056672650761043,-0.05350040911281717,0.572866601020387,0.0005728666010203871,0.0,0.5,0.5,0.0,0.0635326610483181,0.39215686274509803,-1.2384588830366536,-0.672038632235842,-0.6428963865258603,False,True
5,5,buffer_inverse_volatility,regime_dd_vol_target_max_1p25,2023,50,0.6206226123194236,2.004931305542582,5.183276996754557,-0.2493980161234589,2.4884825547778147,0.010258609380805583,0.003542573636500931,1.015476574231616,0.006906469484897817,1.68647136841945,0.03514418434036138,0.5790639224521419,0.0005790639224521418,0.0,0.5009573710415565,0.5278946076750826,0.0,0.06992025983336332,0.5,2.0123907973530897,1.4693974321956875,-0.4407573970191404,False,False
5,5,buffer_inverse_volatility,regime_dd_vol_target_max_1p25,2024,51,0.5077157193969706,1.4239490088733668,2.374876322681949,-0.16512892359853748,3.0746625626370117,0.00920264239962148,0.0024726445891126727,0.5721550183633554,0.005837643494367077,1.1135139404013314,0.013602488409276,0.6318449169587673,0.0006318449169587674,0.0,0.5,0.5,0.0,0.07004227181841693,0.5882352941176471,1.4239490088733668,1.048398261959453,-0.31465375145229324,False,False
5,5,buffer_inverse_volatility,regime_dd_vol_target_max_1p25,2025,50,0.628962305366848,1.752124412356722,2.821626751949125,-0.16918038315946504,3.717702334164857,0.01063796657156803,0.0036403778400309057,0.8598097656398213,0.007139172205799465,1.502119765596186,0.06192128646922315,0.6211315602194601,0.0006211315602194601,0.0,0.5,0.5,0.0,0.06885105761914963,0.64,1.752124412356722,1.4125571498214655,-0.3275022617933706,False,False
5,5,buffer_inverse_volatility,regime_dd_vol_target_max_1p25,2026,23,0.9447922184594264,2.5369248986683637,8.400245175594781,-0.05214968450747037,18.116930665689573,0.01398038047794849,0.006199808420875074,1.5109370395019472,0.01009009444941178,2.177010255461324,-0.005102897846645113,0.7049472635115283,0.0007049472635115283,0.0,0.5,0.5,0.0,0.06681810966579606,0.6956521739130435,2.5369248986683637,2.5225049402641315,-0.10402522941417613,False,False
5,5,buffer_inverse_volatility,regime_dd_vol_target_max_1p50,2021,51,0.03151801155824008,0.24820805415543726,0.354558351375136,-0.25486643152776134,0.12366482070357303,0.0012744221982013508,-0.004397556031829854,-1.1715426092575496,-0.0019262387320545698,-0.4683231920114545,-0.03745125688367744,0.5507711167611237,0.0005507711167611237,0.0,0.5223432282841651,0.65,0.0,0.07300693186430088,0.5686274509803921,0.08787514561374606,-0.07610951383515596,-0.4464752571986449,True,True
5,5,buffer_inverse_volatility,regime_dd_vol_target_max_1p50,2022,51,-0.38932610548323654,-1.2384588830366536,-2.127997856217057,-0.37307681819400174,-1.0435548029167148,-0.008555825868985517,-0.006371734925485186,-1.6308153901957416,-0.007463780397235352,-1.5056672650761043,-0.05350040911281717,0.572866601020387,0.0005728666010203871,0.0,0.5,0.5,0.0,0.0635326610483181,0.39215686274509803,-1.2384588830366536,-0.672038632235842,-0.6428963865258603,False,True
5,5,buffer_inverse_volatility,regime_dd_vol_target_max_1p50,2023,50,0.6206226123194236,2.004931305542582,5.183276996754557,-0.2493980161234589,2.4884825547778147,0.010258609380805583,0.003542573636500931,1.015476574231616,0.006906469484897817,1.68647136841945,0.03514418434036138,0.5790639224521419,0.0005790639224521418,0.0,0.5009573710415565,0.5278946076750826,0.0,0.06992025983336332,0.5,2.0123907973530897,1.4693974321956875,-0.4407573970191404,False,False
5,5,buffer_inverse_volatility,regime_dd_vol_target_max_1p50,2024,51,0.5077157193969706,1.4239490088733668,2.374876322681949,-0.16512892359853748,3.0746625626370117,0.00920264239962148,0.0024726445891126727,0.5721550183633554,0.005837643494367077,1.1135139404013314,0.013602488409276,0.6318449169587673,0.0006318449169587674,0.0,0.5,0.5,0.0,0.07004227181841693,0.5882352941176471,1.4239490088733668,1.048398261959453,-0.31465375145229324,False,False
5,5,buffer_inverse_volatility,regime_dd_vol_target_max_1p50,2025,50,0.628962305366848,1.752124412356722,2.821626751949125,-0.16918038315946504,3.717702334164857,0.01063796657156803,0.0036403778400309057,0.8598097656398213,0.007139172205799465,1.502119765596186,0.06192128646922315,0.6211315602194601,0.0006211315602194601,0.0,0.5,0.5,0.0,0.06885105761914963,0.64,1.752124412356722,1.4125571498214655,-0.3275022617933706,False,False
5,5,buffer_inverse_volatility,regime_dd_vol_target_max_1p50,2026,23,0.9447922184594264,2.5369248986683637,8.400245175594781,-0.05214968450747037,18.116930665689573,0.01398038047794849,0.006199808420875074,1.5109370395019472,0.01009009444941178,2.177010255461324,-0.005102897846645113,0.7049472635115283,0.0007049472635115283,0.0,0.5,0.5,0.0,0.06681810966579606,0.6956521739130435,2.5369248986683637,2.5225049402641315,-0.10402522941417613,False,False
10,10,equal_weight,static_1x,2021,26,-0.13970523254871936,0.008242890234894617,0.011762450209858525,-0.4091789456603854,-0.34142820404223184,0.0001824383832512166,-0.010682335252203317,-0.6100320292657911,-0.010682335252203317,-0.6100320292657911,-0.048653099114954815,1.2076923076923076,0.0012076923076923078,0.0,1.0,1.0,0.0,0.10000000000000002,0.5,0.008242890234894617,-0.13970523254871936,-0.4091789456603854,False,False
10,10,equal_weight,static_1x,2022,26,-0.48246818384535306,-0.5460704794405415,-1.5835420283809254,-0.5637239358542459,-0.8558589642184328,-0.0162068897738095,-0.01330530592645829,-0.5714435138228529,-0.01330530592645829,-0.5714435138228529,-0.07084118324603544,1.2461538461538462,0.0012461538461538463,0.0,1.0,1.0,0.0,0.10000000000000002,0.2692307692307692,-0.5460704794405415,-0.48246818384535306,-0.5637239358542459,False,False
10,10,equal_weight,static_1x,2023,25,2.0859553789184755,1.921698219200361,8.559037901039483,-0.34079410652875086,6.120866936830362,0.05362254288833247,0.0399498404369993,1.6414324249159147,0.0399498404369993,1.6414324249159147,0.04479980659481332,1.6560000000000001,0.001656,0.0,1.0,1.0,0.0,0.10000000000000002,0.56,1.921698219200361,2.0859553789184755,-0.34079410652875086,False,False
10,10,equal_weight,static_1x,2024,26,0.9657641530145529,1.461400104800005,2.1221234438845573,-0.2696923073393782,3.5809851698856376,0.033830207758822076,0.020147366179892972,1.0934520419850957,0.020147366179892972,1.0934520419850957,-0.026385819761100084,1.4615384615384615,0.0014615384615384618,0.0,1.0,1.0,0.0,0.10000000000000002,0.6923076923076923,1.461400104800005,0.9657641530145529,-0.2696923073393782,False,False
10,10,equal_weight,static_1x,2025,25,2.2144519334375548,2.544482039354903,4.168221876531903,-0.19290891454112802,11.47926179930599,0.052266764142848636,0.03863722837655775,2.332935582686711,0.03863722837655775,2.332935582686711,0.09400985964248093,1.5919999999999999,0.001592,0.0,1.0,1.0,0.0,0.10000000000000002,0.68,2.544482039354903,2.2144519334375548,-0.19290891454112802,False,False
10,10,equal_weight,static_1x,2026,12,2.184041682925434,2.1131652696184817,4.196716304068973,-0.19064114843104174,11.456297346611088,0.05399308721458506,0.03954099534799697,1.9775082295125705,0.03954099534799697,1.9775082295125705,0.01342280642923189,1.7333333333333336,0.0017333333333333335,0.0,1.0,1.0,0.0,0.10000000000000002,0.75,2.1131652696184817,2.184041682925434,-0.19064114843104174,False,False
10,10,equal_weight,legacy_risk_scaled,2021,26,-0.26366220329811585,-0.6635970423344896,-0.6793875464344965,-0.3950209409686086,-0.6674638631855936,-0.00938252011812609,-0.020247293753580628,-1.856388050055646,-0.014262566608601182,-1.1887878650708161,-0.048653099114954815,0.6534615384615385,0.0006534615384615384,0.0,0.5346153846153846,1.0,0.0,0.05346153846153846,0.5,0.008242890234894617,-0.13970523254871936,-0.4091789456603854,False,False
10,10,equal_weight,legacy_risk_scaled,2022,26,-0.21054359619425955,-0.5460704794405418,-1.5835420283809263,-0.2864386310740916,-0.7350391090920949,-0.007293100398214278,-0.00439151655086306,-0.5093470236953387,-0.0059873876669062276,-0.5714435138228525,-0.07084118324603544,0.5607692307692308,0.0005607692307692308,0.0,0.44999999999999996,0.45,0.0,0.045,0.2692307692307692,-0.5460704794405415,-0.48246818384535306,-0.5637239358542459,False,True
10,10,equal_weight,legacy_risk_scaled,2023,25,0.9095973101288004,2.0859556304183138,9.931438891747744,-0.16773801381945386,5.422726127589973,0.027999298090841923,0.014326595639508744,1.3830915819212957,0.02041658962766529,1.7916303850796453,0.04479980659481332,0.7932000000000001,0.0007932,0.0,0.486,0.75,0.0,0.048600000000000004,0.56,1.921698219200361,2.0859553789184755,-0.34079410652875086,True,False
10,10,equal_weight,legacy_risk_scaled,2024,26,0.6924535818274093,1.478723815185349,2.6142838809996287,-0.12136153830272012,5.705708674359224,0.024249101276429947,0.010566259697500842,0.8608143613898048,0.015467943534060483,1.230915460804746,-0.026385819761100084,0.9280769230769231,0.0009280769230769231,0.0,0.6423076923076922,1.0,0.0,0.06423076923076924,0.6923076923076923,1.461400104800005,0.9657641530145529,-0.2696923073393782,True,False
10,10,equal_weight,legacy_risk_scaled,2025,25,1.102121221891586,2.6023907779700584,5.68268547352056,-0.08735901154350756,12.615999224564195,0.031589189132176995,0.017959653365886098,2.0501550348028488,0.02136085310047433,2.2733415124450165,0.09400985964248093,0.9840000000000001,0.000984,0.0,0.594,1.0,0.0,0.059400000000000015,0.68,2.544482039354903,2.2144519334375548,-0.19290891454112802,True,False
10,10,equal_weight,legacy_risk_scaled,2026,12,0.766209167839478,2.1131652696184817,4.196716304068973,-0.08704372194174559,8.802578184240181,0.024296889246563275,0.009844797379975172,1.5810284297876271,0.017793447906598623,1.977508229512569,0.01342280642923189,0.7800000000000002,0.00078,0.0,0.45,0.45,0.0,0.045000000000000005,0.75,2.1131652696184817,2.184041682925434,-0.19064114843104174,False,False
10,10,equal_weight,vol_target_max_1p25,2021,26,0.0876856493425866,0.3986598450830828,0.7343982608064801,-0.25670153715855026,0.3415859924844472,0.005893170973690858,-0.004971602661763676,-0.47322268930260614,-0.002103360467050854,-0.18866673016778454,-0.048653099114954815,0.7730769230769231,0.0007730769230769231,0.0,0.6153846153846154,1.0,0.0,0.06153846153846154,0.5,0.008242890234894617,-0.13970523254871936,-0.4091789456603854,True,True
10,10,equal_weight,vol_target_max_1p25,2022,26,-0.23578177243481124,-0.5460704794405415,-1.5835420283809254,-0.3151644884131901,-0.7481229043980814,-0.00810344488690475,-0.005201861039553535,-0.534144611798934,-0.006652652963229145,-0.5714435138228529,-0.07084118324603544,0.6230769230769231,0.0006230769230769231,0.0,0.5,0.5,0.0,0.05000000000000001,0.2692307692307692,-0.5460704794405415,-0.48246818384535306,-0.5637239358542459,False,True
10,10,equal_weight,vol_target_max_1p25,2023,25,0.8483810566018586,1.921698219200361,8.559037901039483,-0.18485794224096153,4.589367631800194,0.026811271444166236,0.013138568992833057,1.1841138903578097,0.01997492021849965,1.6414324249159147,0.04479980659481332,0.8280000000000001,0.000828,0.0,0.5,0.5,0.0,0.05000000000000001,0.56,1.921698219200361,2.0859553789184755,-0.34079410652875086,False,False
10,10,equal_weight,vol_target_max_1p25,2024,26,0.46543145881443193,1.461400104800005,2.1221234438845573,-0.134846153669689,3.451573857675798,0.016915103879411038,0.003232262300481936,0.4195747344372427,0.010073683089946486,1.0934520419850957,-0.026385819761100084,0.7307692307692307,0.0007307692307692309,0.0,0.5,0.5,0.0,0.05000000000000001,0.6923076923076923,1.461400104800005,0.9657641530145529,-0.2696923073393782,False,False
10,10,equal_weight,vol_target_max_1p25,2025,25,0.8583797820773114,2.544482039354903,4.168221876531903,-0.09645445727056401,8.89932727182813,0.026133382071424318,0.012503846305133433,1.6794330821403547,0.019318614188278876,2.332935582686711,0.09400985964248093,0.7959999999999999,0.000796,0.0,0.5,0.5,0.0,0.05000000000000001,0.68,2.544482039354903,2.2144519334375548,-0.19290891454112802,False,False
10,10,equal_weight,vol_target_max_1p25,2026,12,0.8719480686729166,2.1131652696184817,4.196716304068973,-0.0965929704411218,9.027034417627855,0.02699654360729253,0.012544451740704428,1.6872920370546838,0.019770497673998483,1.9775082295125705,0.01342280642923189,0.8666666666666668,0.0008666666666666667,0.0,0.5,0.5,0.0,0.05000000000000001,0.75,2.1131652696184817,2.184041682925434,-0.19064114843104174,False,False
10,10,equal_weight,vol_target_max_1p50,2021,26,0.0876856493425866,0.3986598450830828,0.7343982608064801,-0.25670153715855026,0.3415859924844472,0.005893170973690858,-0.004971602661763676,-0.47322268930260614,-0.002103360467050854,-0.18866673016778454,-0.048653099114954815,0.7730769230769231,0.0007730769230769231,0.0,0.6153846153846154,1.0,0.0,0.06153846153846154,0.5,0.008242890234894617,-0.13970523254871936,-0.4091789456603854,True,True
10,10,equal_weight,vol_target_max_1p50,2022,26,-0.23578177243481124,-0.5460704794405415,-1.5835420283809254,-0.3151644884131901,-0.7481229043980814,-0.00810344488690475,-0.005201861039553535,-0.534144611798934,-0.006652652963229145,-0.5714435138228529,-0.07084118324603544,0.6230769230769231,0.0006230769230769231,0.0,0.5,0.5,0.0,0.05000000000000001,0.2692307692307692,-0.5460704794405415,-0.48246818384535306,-0.5637239358542459,False,True
10,10,equal_weight,vol_target_max_1p50,2023,25,0.8483810566018586,1.921698219200361,8.559037901039483,-0.18485794224096153,4.589367631800194,0.026811271444166236,0.013138568992833057,1.1841138903578097,0.01997492021849965,1.6414324249159147,0.04479980659481332,0.8280000000000001,0.000828,0.0,0.5,0.5,0.0,0.05000000000000001,0.56,1.921698219200361,2.0859553789184755,-0.34079410652875086,False,False
10,10,equal_weight,vol_target_max_1p50,2024,26,0.46543145881443193,1.461400104800005,2.1221234438845573,-0.134846153669689,3.451573857675798,0.016915103879411038,0.003232262300481936,0.4195747344372427,0.010073683089946486,1.0934520419850957,-0.026385819761100084,0.7307692307692307,0.0007307692307692309,0.0,0.5,0.5,0.0,0.05000000000000001,0.6923076923076923,1.461400104800005,0.9657641530145529,-0.2696923073393782,False,False
10,10,equal_weight,vol_target_max_1p50,2025,25,0.8583797820773114,2.544482039354903,4.168221876531903,-0.09645445727056401,8.89932727182813,0.026133382071424318,0.012503846305133433,1.6794330821403547,0.019318614188278876,2.332935582686711,0.09400985964248093,0.7959999999999999,0.000796,0.0,0.5,0.5,0.0,0.05000000000000001,0.68,2.544482039354903,2.2144519334375548,-0.19290891454112802,False,False
10,10,equal_weight,vol_target_max_1p50,2026,12,0.8719480686729166,2.1131652696184817,4.196716304068973,-0.0965929704411218,9.027034417627855,0.02699654360729253,0.012544451740704428,1.6872920370546838,0.019770497673998483,1.9775082295125705,0.01342280642923189,0.8666666666666668,0.0008666666666666667,0.0,0.5,0.5,0.0,0.05000000000000001,0.75,2.1131652696184817,2.184041682925434,-0.19064114843104174,False,False
10,10,equal_weight,regime_dd_vol_target_max_1p25,2021,26,-0.029128947463819554,0.05420269573508264,0.08256927725542365,-0.25228119475487276,-0.11546222258905381,0.0006674845602621548,-0.010197289075192378,-1.2413502296030339,-0.005392295699933099,-0.5603297003029707,-0.048653099114954815,0.6815384615384616,0.0006815384615384615,0.0,0.5480769230769231,1.0,0.0,0.05480769230769232,0.5,0.008242890234894617,-0.13970523254871936,-0.4091789456603854,True,True
10,10,equal_weight,regime_dd_vol_target_max_1p25,2022,26,-0.23578177243481124,-0.5460704794405415,-1.5835420283809254,-0.3151644884131901,-0.7481229043980814,-0.00810344488690475,-0.005201861039553535,-0.534144611798934,-0.006652652963229145,-0.5714435138228529,-0.07084118324603544,0.6230769230769231,0.0006230769230769231,0.0,0.5,0.5,0.0,0.05000000000000001,0.2692307692307692,-0.5460704794405415,-0.48246818384535306,-0.5637239358542459,False,True
10,10,equal_weight,regime_dd_vol_target_max_1p25,2023,25,0.8483810566018586,1.921698219200361,8.559037901039483,-0.18485794224096153,4.589367631800194,0.026811271444166236,0.013138568992833057,1.1841138903578097,0.01997492021849965,1.6414324249159147,0.04479980659481332,0.8280000000000001,0.000828,0.0,0.5,0.5,0.0,0.05000000000000001,0.56,1.921698219200361,2.0859553789184755,-0.34079410652875086,False,False
10,10,equal_weight,regime_dd_vol_target_max_1p25,2024,26,0.46543145881443193,1.461400104800005,2.1221234438845573,-0.134846153669689,3.451573857675798,0.016915103879411038,0.003232262300481936,0.4195747344372427,0.010073683089946486,1.0934520419850957,-0.026385819761100084,0.7307692307692307,0.0007307692307692309,0.0,0.5,0.5,0.0,0.05000000000000001,0.6923076923076923,1.461400104800005,0.9657641530145529,-0.2696923073393782,False,False
10,10,equal_weight,regime_dd_vol_target_max_1p25,2025,25,0.8583797820773114,2.544482039354903,4.168221876531903,-0.09645445727056401,8.89932727182813,0.026133382071424318,0.012503846305133433,1.6794330821403547,0.019318614188278876,2.332935582686711,0.09400985964248093,0.7959999999999999,0.000796,0.0,0.5,0.5,0.0,0.05000000000000001,0.68,2.544482039354903,2.2144519334375548,-0.19290891454112802,False,False
10,10,equal_weight,regime_dd_vol_target_max_1p25,2026,12,0.8719480686729166,2.1131652696184817,4.196716304068973,-0.0965929704411218,9.027034417627855,0.02699654360729253,0.012544451740704428,1.6872920370546838,0.019770497673998483,1.9775082295125705,0.01342280642923189,0.8666666666666668,0.0008666666666666667,0.0,0.5,0.5,0.0,0.05000000000000001,0.75,2.1131652696184817,2.184041682925434,-0.19064114843104174,False,False
10,10,equal_weight,regime_dd_vol_target_max_1p50,2021,26,-0.029128947463819554,0.05420269573508264,0.08256927725542365,-0.25228119475487276,-0.11546222258905381,0.0006674845602621548,-0.010197289075192378,-1.2413502296030339,-0.005392295699933099,-0.5603297003029707,-0.048653099114954815,0.6815384615384616,0.0006815384615384615,0.0,0.5480769230769231,1.0,0.0,0.05480769230769232,0.5,0.008242890234894617,-0.13970523254871936,-0.4091789456603854,True,True
10,10,equal_weight,regime_dd_vol_target_max_1p50,2022,26,-0.23578177243481124,-0.5460704794405415,-1.5835420283809254,-0.3151644884131901,-0.7481229043980814,-0.00810344488690475,-0.005201861039553535,-0.534144611798934,-0.006652652963229145,-0.5714435138228529,-0.07084118324603544,0.6230769230769231,0.0006230769230769231,0.0,0.5,0.5,0.0,0.05000000000000001,0.2692307692307692,-0.5460704794405415,-0.48246818384535306,-0.5637239358542459,False,True
10,10,equal_weight,regime_dd_vol_target_max_1p50,2023,25,0.8483810566018586,1.921698219200361,8.559037901039483,-0.18485794224096153,4.589367631800194,0.026811271444166236,0.013138568992833057,1.1841138903578097,0.01997492021849965,1.6414324249159147,0.04479980659481332,0.8280000000000001,0.000828,0.0,0.5,0.5,0.0,0.05000000000000001,0.56,1.921698219200361,2.0859553789184755,-0.34079410652875086,False,False
10,10,equal_weight,regime_dd_vol_target_max_1p50,2024,26,0.46543145881443193,1.461400104800005,2.1221234438845573,-0.134846153669689,3.451573857675798,0.016915103879411038,0.003232262300481936,0.4195747344372427,0.010073683089946486,1.0934520419850957,-0.026385819761100084,0.7307692307692307,0.0007307692307692309,0.0,0.5,0.5,0.0,0.05000000000000001,0.6923076923076923,1.461400104800005,0.9657641530145529,-0.2696923073393782,False,False
10,10,equal_weight,regime_dd_vol_target_max_1p50,2025,25,0.8583797820773114,2.544482039354903,4.168221876531903,-0.09645445727056401,8.89932727182813,0.026133382071424318,0.012503846305133433,1.6794330821403547,0.019318614188278876,2.332935582686711,0.09400985964248093,0.7959999999999999,0.000796,0.0,0.5,0.5,0.0,0.05000000000000001,0.68,2.544482039354903,2.2144519334375548,-0.19290891454112802,False,False
10,10,equal_weight,regime_dd_vol_target_max_1p50,2026,12,0.8719480686729166,2.1131652696184817,4.196716304068973,-0.0965929704411218,9.027034417627855,0.02699654360729253,0.012544451740704428,1.6872920370546838,0.019770497673998483,1.9775082295125705,0.01342280642923189,0.8666666666666668,0.0008666666666666667,0.0,0.5,0.5,0.0,0.05000000000000001,0.75,2.1131652696184817,2.184041682925434,-0.19064114843104174,False,False
10,10,buffer_inverse_volatility,static_1x,2021,26,-0.17605693759560626,-0.05570442616249281,-0.0786940742921913,-0.4401191153499914,-0.40002111122940504,-0.0012564978901056746,-0.012121271525560208,-0.6802128277014914,-0.012121271525560208,-0.6802128277014914,-0.048653099114954815,1.177209257034425,0.001177209257034425,0.0,1.0,1.0,0.0,0.13280499058898027,0.4230769230769231,-0.05570442616249281,-0.17605693759560626,-0.4401191153499914,False,False
10,10,buffer_inverse_volatility,static_1x,2022,26,-0.5127431615956932,-0.7394461855406482,-1.7988888428680383,-0.5475098770554065,-0.9365002953979678,-0.019880341010403993,-0.01697875716305278,-0.8378653008699332,-0.01697875716305278,-0.8378653008699332,-0.07084118324603544,1.232446764852555,0.0012324467648525553,0.0,1.0,1.0,0.0,0.13055847877620094,0.3076923076923077,-0.7394461855406482,-0.5127431615956932,-0.5475098770554065,False,False
10,10,buffer_inverse_volatility,static_1x,2023,25,1.7864998612752316,2.051762944158518,7.4062890404221235,-0.2812108231404131,6.352884434974977,0.04706562994907726,0.033392927497744085,1.7481635377806268,0.033392927497744085,1.7481635377806268,0.04479980659481332,1.610680100696099,0.0016106801006960986,0.0,1.0,1.0,0.0,0.16610918532095556,0.56,2.051762944158518,1.7864998612752316,-0.2812108231404131,False,False
10,10,buffer_inverse_volatility,static_1x,2024,26,1.0761542549942265,1.6558392875685537,2.4251844922342856,-0.22416018571162832,4.800826924629019,0.03482996614543405,0.021147124566504947,1.3254358471466041,0.021147124566504947,1.3254358471466041,-0.026385819761100084,1.40406903620322,0.0014040690362032199,0.0,1.0,1.0,0.0,0.13370896243963026,0.6923076923076923,1.6558392875685537,1.0761542549942265,-0.22416018571162832,False,False
10,10,buffer_inverse_volatility,static_1x,2025,25,2.817349734553391,2.67118379694007,5.1893519377374435,-0.18142916221648142,15.528648758195374,0.06035599153305378,0.04672645576676288,2.5430117096640954,0.04672645576676288,2.5430117096640954,0.09400985964248093,1.4804945130836638,0.0014804945130836634,0.0,1.0,1.0,0.0,0.13108858197523787,0.68,2.67118379694007,2.817349734553391,-0.18142916221648142,False,False
10,10,buffer_inverse_volatility,static_1x,2026,12,2.294021026260006,2.116377276035712,4.0170446863227,-0.21206876509967543,10.817345143598976,0.055954240712703836,0.041502148846115736,1.9821171742818378,0.041502148846115736,1.9821171742818378,0.01342280642923189,1.6282456639913487,0.0016282456639913493,0.0,1.0,1.0,0.0,0.12847899664971302,0.75,2.116377276035712,2.294021026260006,-0.21206876509967543,False,False
10,10,buffer_inverse_volatility,legacy_risk_scaled,2021,26,-0.25165682743858087,-0.6485183227483402,-0.7018489851132794,-0.37979970810320507,-0.662604057005217,-0.008920348567726196,-0.01978512220318073,-1.9280903038463855,-0.013800395058201286,-1.2031093906469976,-0.048653099114954815,0.6221622531016326,0.0006221622531016326,0.0,0.5346153846153846,1.0,0.0,0.07009529535356561,0.4230769230769231,-0.05570442616249281,-0.17605693759560626,-0.4401191153499914,False,False
10,10,buffer_inverse_volatility,legacy_risk_scaled,2022,26,-0.23673803712599306,-0.7394461855406482,-1.798888842868038,-0.276798059206508,-0.8552734719479093,-0.008946153454681798,-0.00604456960733058,-0.8204554231367762,-0.007640440723373752,-0.8378653008699332,-0.07084118324603544,0.5546010441836497,0.00055460104418365,0.0,0.44999999999999996,0.45,0.0,0.05875131544929043,0.3076923076923077,-0.7394461855406482,-0.5127431615956932,-0.5475098770554065,False,True
10,10,buffer_inverse_volatility,legacy_risk_scaled,2023,25,0.8017121833226484,2.1833868697096444,8.835231068058206,-0.13577287500181268,5.904803763726332,0.02513097059666771,0.01145826814533453,1.3672851432221989,0.017548262133491074,1.8912885820352088,0.04479980659481332,0.7738831245247433,0.0007738831245247432,0.0,0.486,0.75,0.0,0.07951229206897464,0.56,2.051762944158518,1.7864998612752316,-0.2812108231404131,True,False
10,10,buffer_inverse_volatility,legacy_risk_scaled,2024,26,0.7013932867609796,1.6272292752462068,2.7962310530733805,-0.1008720835702327,6.953294330166492,0.023834765097283904,0.010151923518354804,0.9857014315480527,0.01505360735491444,1.4066697064698517,-0.026385819761100084,0.8871708819689954,0.0008871708819689955,0.0,0.6423076923076922,1.0,0.0,0.08666100127685561,0.6923076923076923,1.6558392875685537,1.0761542549942265,-0.22416018571162832,False,False
10,10,buffer_inverse_volatility,legacy_risk_scaled,2025,25,1.2278293027960312,2.5680642542163232,6.444925922111926,-0.08214680594572554,14.94676863769066,0.034299910073138325,0.020670374306847438,2.206321410021744,0.02407157404143567,2.3537836586504066,0.09400985964248093,0.9178668748939929,0.0009178668748939928,0.0,0.594,1.0,0.0,0.07848260702917755,0.68,2.67118379694007,2.817349734553391,-0.18142916221648142,False,False
10,10,buffer_inverse_volatility,legacy_risk_scaled,2026,12,0.8001759155707515,2.116377276035712,4.0170446863227,-0.09713156944921153,8.238062250081834,0.025179408320716728,0.010727316454128622,1.6041746518398583,0.018675966980752082,1.982117174281838,0.01342280642923189,0.7327105487961069,0.0007327105487961071,0.0,0.45,0.45,0.0,0.05781554849237086,0.75,2.116377276035712,2.294021026260006,-0.21206876509967543,False,False
10,10,buffer_inverse_volatility,vol_target_max_1p25,2021,26,0.08670157830248537,0.39724096919418783,0.7216102053035737,-0.2550536005667844,0.3399347357175734,0.0058542402299022085,-0.005010533405552324,-0.4855161612665864,-0.002142291210839506,-0.19351604591406416,-0.048653099114954815,0.7574646408901918,0.0007574646408901917,0.0,0.6153846153846154,1.0,0.0,0.08085950242174517,0.4230769230769231,-0.05570442616249281,-0.17605693759560626,-0.4401191153499914,True,True
10,10,buffer_inverse_volatility,vol_target_max_1p25,2022,26,-0.2633138594283232,-0.7394461855406482,-1.7988888428680383,-0.30432226931533357,-0.8652467662676432,-0.009940170505201996,-0.007038586657850778,-0.8497901424713146,-0.00848937858152639,-0.8378653008699332,-0.07084118324603544,0.6162233824262775,0.0006162233824262777,0.0,0.5,0.5,0.0,0.06527923938810047,0.3076923076923077,-0.7394461855406482,-0.5127431615956932,-0.5475098770554065,False,True
10,10,buffer_inverse_volatility,vol_target_max_1p25,2023,25,0.7328052368389013,2.051762944158518,7.4062890404221235,-0.1498949519100734,4.888791967314107,0.02353281497453863,0.009860112523205455,1.158193919185402,0.016696463748872042,1.7481635377806268,0.04479980659481332,0.8053400503480495,0.0008053400503480493,0.0,0.5,0.5,0.0,0.08305459266047778,0.56,2.051762944158518,1.7864998612752316,-0.2812108231404131,False,False
10,10,buffer_inverse_volatility,vol_target_max_1p25,2024,26,0.4945066276590373,1.6558392875685537,2.4251844922342856,-0.11208009285581422,4.412082601458913,0.017414983072717025,0.0037321414937879216,0.588390706838016,0.010573562283252473,1.3254358471466041,-0.026385819761100084,0.70203451810161,0.0007020345181016099,0.0,0.5,0.5,0.0,0.06685448121981513,0.6923076923076923,1.6558392875685537,1.0761542549942265,-0.22416018571162832,False,False
10,10,buffer_inverse_volatility,vol_target_max_1p25,2025,25,1.039856710036997,2.67118379694007,5.1893519377374435,-0.09071458110824071,11.462950027804673,0.03017799576652689,0.016548460000236003,2.0534053633847287,0.02336322788338144,2.5430117096640954,0.09400985964248093,0.7402472565418319,0.0007402472565418317,0.0,0.5,0.5,0.0,0.06554429098761894,0.68,2.67118379694007,2.817349734553391,-0.18142916221648142,False,False
10,10,buffer_inverse_volatility,vol_target_max_1p25,2026,12,0.9112543701304872,2.116377276035712,4.0170446863227,-0.10776043867179386,8.456297889672628,0.027977120356351918,0.013525028489763813,1.7035481483850088,0.020751074423057868,1.9821171742818378,0.01342280642923189,0.8141228319956744,0.0008141228319956746,0.0,0.5,0.5,0.0,0.06423949832485651,0.75,2.116377276035712,2.294021026260006,-0.21206876509967543,False,False
10,10,buffer_inverse_volatility,vol_target_max_1p50,2021,26,0.08670157830248537,0.39724096919418783,0.7216102053035737,-0.2550536005667844,0.3399347357175734,0.0058542402299022085,-0.005010533405552324,-0.4855161612665864,-0.002142291210839506,-0.19351604591406416,-0.048653099114954815,0.7574646408901918,0.0007574646408901917,0.0,0.6153846153846154,1.0,0.0,0.08085950242174517,0.4230769230769231,-0.05570442616249281,-0.17605693759560626,-0.4401191153499914,True,True
10,10,buffer_inverse_volatility,vol_target_max_1p50,2022,26,-0.2633138594283232,-0.7394461855406482,-1.7988888428680383,-0.30432226931533357,-0.8652467662676432,-0.009940170505201996,-0.007038586657850778,-0.8497901424713146,-0.00848937858152639,-0.8378653008699332,-0.07084118324603544,0.6162233824262775,0.0006162233824262777,0.0,0.5,0.5,0.0,0.06527923938810047,0.3076923076923077,-0.7394461855406482,-0.5127431615956932,-0.5475098770554065,False,True
10,10,buffer_inverse_volatility,vol_target_max_1p50,2023,25,0.7328052368389013,2.051762944158518,7.4062890404221235,-0.1498949519100734,4.888791967314107,0.02353281497453863,0.009860112523205455,1.158193919185402,0.016696463748872042,1.7481635377806268,0.04479980659481332,0.8053400503480495,0.0008053400503480493,0.0,0.5,0.5,0.0,0.08305459266047778,0.56,2.051762944158518,1.7864998612752316,-0.2812108231404131,False,False
10,10,buffer_inverse_volatility,vol_target_max_1p50,2024,26,0.4945066276590373,1.6558392875685537,2.4251844922342856,-0.11208009285581422,4.412082601458913,0.017414983072717025,0.0037321414937879216,0.588390706838016,0.010573562283252473,1.3254358471466041,-0.026385819761100084,0.70203451810161,0.0007020345181016099,0.0,0.5,0.5,0.0,0.06685448121981513,0.6923076923076923,1.6558392875685537,1.0761542549942265,-0.22416018571162832,False,False
10,10,buffer_inverse_volatility,vol_target_max_1p50,2025,25,1.039856710036997,2.67118379694007,5.1893519377374435,-0.09071458110824071,11.462950027804673,0.03017799576652689,0.016548460000236003,2.0534053633847287,0.02336322788338144,2.5430117096640954,0.09400985964248093,0.7402472565418319,0.0007402472565418317,0.0,0.5,0.5,0.0,0.06554429098761894,0.68,2.67118379694007,2.817349734553391,-0.18142916221648142,False,False
10,10,buffer_inverse_volatility,vol_target_max_1p50,2026,12,0.9112543701304872,2.116377276035712,4.0170446863227,-0.10776043867179386,8.456297889672628,0.027977120356351918,0.013525028489763813,1.7035481483850088,0.020751074423057868,1.9821171742818378,0.01342280642923189,0.8141228319956744,0.0008141228319956746,0.0,0.5,0.5,0.0,0.06423949832485651,0.75,2.116377276035712,2.294021026260006,-0.21206876509967543,False,False
10,10,buffer_inverse_volatility,regime_dd_vol_target_max_1p25,2021,26,-0.038346620629653216,0.025271739581285257,0.038313227874670286,-0.25491155650459685,-0.15043107952997692,0.00031285565994559466,-0.010551917975508942,-1.3008593364943195,-0.005746924600249664,-0.5963013478701207,-0.048653099114954815,0.6645878254619236,0.0006645878254619235,0.0,0.5480769230769231,1.0,0.0,0.0722696561038349,0.4230769230769231,-0.05570442616249281,-0.17605693759560626,-0.4401191153499914,True,True
10,10,buffer_inverse_volatility,regime_dd_vol_target_max_1p25,2022,26,-0.2633138594283232,-0.7394461855406482,-1.7988888428680383,-0.30432226931533357,-0.8652467662676432,-0.009940170505201996,-0.007038586657850778,-0.8497901424713146,-0.00848937858152639,-0.8378653008699332,-0.07084118324603544,0.6162233824262775,0.0006162233824262777,0.0,0.5,0.5,0.0,0.06527923938810047,0.3076923076923077,-0.7394461855406482,-0.5127431615956932,-0.5475098770554065,False,True
10,10,buffer_inverse_volatility,regime_dd_vol_target_max_1p25,2023,25,0.7328052368389013,2.051762944158518,7.4062890404221235,-0.1498949519100734,4.888791967314107,0.02353281497453863,0.009860112523205455,1.158193919185402,0.016696463748872042,1.7481635377806268,0.04479980659481332,0.8053400503480495,0.0008053400503480493,0.0,0.5,0.5,0.0,0.08305459266047778,0.56,2.051762944158518,1.7864998612752316,-0.2812108231404131,False,False
10,10,buffer_inverse_volatility,regime_dd_vol_target_max_1p25,2024,26,0.4945066276590373,1.6558392875685537,2.4251844922342856,-0.11208009285581422,4.412082601458913,0.017414983072717025,0.0037321414937879216,0.588390706838016,0.010573562283252473,1.3254358471466041,-0.026385819761100084,0.70203451810161,0.0007020345181016099,0.0,0.5,0.5,0.0,0.06685448121981513,0.6923076923076923,1.6558392875685537,1.0761542549942265,-0.22416018571162832,False,False
10,10,buffer_inverse_volatility,regime_dd_vol_target_max_1p25,2025,25,1.039856710036997,2.67118379694007,5.1893519377374435,-0.09071458110824071,11.462950027804673,0.03017799576652689,0.016548460000236003,2.0534053633847287,0.02336322788338144,2.5430117096640954,0.09400985964248093,0.7402472565418319,0.0007402472565418317,0.0,0.5,0.5,0.0,0.06554429098761894,0.68,2.67118379694007,2.817349734553391,-0.18142916221648142,False,False
10,10,buffer_inverse_volatility,regime_dd_vol_target_max_1p25,2026,12,0.9112543701304872,2.116377276035712,4.0170446863227,-0.10776043867179386,8.456297889672628,0.027977120356351918,0.013525028489763813,1.7035481483850088,0.020751074423057868,1.9821171742818378,0.01342280642923189,0.8141228319956744,0.0008141228319956746,0.0,0.5,0.5,0.0,0.06423949832485651,0.75,2.116377276035712,2.294021026260006,-0.21206876509967543,False,False
10,10,buffer_inverse_volatility,regime_dd_vol_target_max_1p50,2021,26,-0.038346620629653216,0.025271739581285257,0.038313227874670286,-0.25491155650459685,-0.15043107952997692,0.00031285565994559466,-0.010551917975508942,-1.3008593364943195,-0.005746924600249664,-0.5963013478701207,-0.048653099114954815,0.6645878254619236,0.0006645878254619235,0.0,0.5480769230769231,1.0,0.0,0.0722696561038349,0.4230769230769231,-0.05570442616249281,-0.17605693759560626,-0.4401191153499914,True,True
10,10,buffer_inverse_volatility,regime_dd_vol_target_max_1p50,2022,26,-0.2633138594283232,-0.7394461855406482,-1.7988888428680383,-0.30432226931533357,-0.8652467662676432,-0.009940170505201996,-0.007038586657850778,-0.8497901424713146,-0.00848937858152639,-0.8378653008699332,-0.07084118324603544,0.6162233824262775,0.0006162233824262777,0.0,0.5,0.5,0.0,0.06527923938810047,0.3076923076923077,-0.7394461855406482,-0.5127431615956932,-0.5475098770554065,False,True
10,10,buffer_inverse_volatility,regime_dd_vol_target_max_1p50,2023,25,0.7328052368389013,2.051762944158518,7.4062890404221235,-0.1498949519100734,4.888791967314107,0.02353281497453863,0.009860112523205455,1.158193919185402,0.016696463748872042,1.7481635377806268,0.04479980659481332,0.8053400503480495,0.0008053400503480493,0.0,0.5,0.5,0.0,0.08305459266047778,0.56,2.051762944158518,1.7864998612752316,-0.2812108231404131,False,False
10,10,buffer_inverse_volatility,regime_dd_vol_target_max_1p50,2024,26,0.4945066276590373,1.6558392875685537,2.4251844922342856,-0.11208009285581422,4.412082601458913,0.017414983072717025,0.0037321414937879216,0.588390706838016,0.010573562283252473,1.3254358471466041,-0.026385819761100084,0.70203451810161,0.0007020345181016099,0.0,0.5,0.5,0.0,0.06685448121981513,0.6923076923076923,1.6558392875685537,1.0761542549942265,-0.22416018571162832,False,False
10,10,buffer_inverse_volatility,regime_dd_vol_target_max_1p50,2025,25,1.039856710036997,2.67118379694007,5.1893519377374435,-0.09071458110824071,11.462950027804673,0.03017799576652689,0.016548460000236003,2.0534053633847287,0.02336322788338144,2.5430117096640954,0.09400985964248093,0.7402472565418319,0.0007402472565418317,0.0,0.5,0.5,0.0,0.06554429098761894,0.68,2.67118379694007,2.817349734553391,-0.18142916221648142,False,False
10,10,buffer_inverse_volatility,regime_dd_vol_target_max_1p50,2026,12,0.9112543701304872,2.116377276035712,4.0170446863227,-0.10776043867179386,8.456297889672628,0.027977120356351918,0.013525028489763813,1.7035481483850088,0.020751074423057868,1.9821171742818378,0.01342280642923189,0.8141228319956744,0.0008141228319956746,0.0,0.5,0.5,0.0,0.06423949832485651,0.75,2.116377276035712,2.294021026260006,-0.21206876509967543,False,False
20,20,equal_weight,static_1x,2021,13,-0.03634737763577178,0.18100401850977307,0.3342351067081567,-0.4081743281119028,-0.08904866164392139,0.007632045405014355,-0.013174821285776331,-0.36248435694003117,-0.013174821285776331,-0.36248435694003117,-0.02899210682034773,1.276923076923077,0.001276923076923077,0.0,1.0,1.0,0.0,0.10000000000000002,0.6153846153846154,0.18100401850977307,-0.03634737763577178,-0.4081743281119028,False,False
20,20,equal_weight,static_1x,2022,13,-0.2635283845216271,-0.17553525263330957,-0.41193663668710623,-0.4752492256630694,-0.5545056578555206,-0.00915121461314864,-0.002532639756841819,-0.06162029499994414,-0.002532639756841819,-0.06162029499994414,-0.11394169126447334,1.4923076923076926,0.0014923076923076925,0.0,1.0,1.0,0.0,0.10000000000000002,0.38461538461538464,-0.17553525263330957,-0.2635283845216271,-0.4752492256630694,False,False
20,20,equal_weight,static_1x,2023,13,1.4963554023202676,1.4047206855129244,4.224001818178582,-0.4456602365167921,3.3576147919669435,0.10200059685621524,0.07719316530197604,1.364429051320021,0.07719316530197604,1.364429051320021,0.05470263002913412,1.4,0.0014,0.0,1.0,1.0,0.0,0.10000000000000002,0.5384615384615384,1.4047206855129244,1.4963554023202676,-0.4456602365167921,False,False
20,20,equal_weight,static_1x,2024,13,0.8158708663727581,1.6829355532642358,3.391594836556772,-0.05038593965929328,16.192431299081218,0.05418653907779137,0.02813031402575642,1.0354103606458553,0.02813031402575642,1.0354103606458553,-0.013835381290983082,1.6,0.0015999999999999999,0.0,1.0,1.0,0.0,0.10000000000000002,0.6923076923076923,1.6829355532642358,0.8158708663727581,-0.05038593965929328,False,False
20,20,equal_weight,static_1x,2025,13,2.3993380414033805,1.9937218201226221,4.023964828251472,-0.23693986580549797,10.126358573077685,0.12175393990625527,0.09241775186375636,1.876285373169574,0.09241775186375636,1.876285373169574,0.11991351075922965,1.6923076923076925,0.0016923076923076922,0.0,1.0,1.0,0.0,0.10000000000000002,0.7692307692307693,1.9937218201226221,2.3993380414033805,-0.23693986580549797,False,False
20,20,equal_weight,static_1x,2026,6,1.7149790230926016,1.8871447827296441,5.312621985956136,-0.15075842705551845,11.375676017507411,0.0943522128851989,0.06457238180918884,1.7907894785482135,0.06457238180918884,1.7907894785482135,0.02921162893241203,1.7333333333333334,0.0017333333333333333,0.0,1.0,1.0,0.0,0.09999999999999999,0.6666666666666666,1.8871447827296441,1.7149790230926016,-0.15075842705551845,False,False
20,20,equal_weight,legacy_risk_scaled,2021,13,-0.08761806330863908,-0.21347955286968534,-0.48581920392427247,-0.20651482314213132,-0.4242700934273227,-0.004560170706171112,-0.025367037396961792,-1.4850129853248675,-0.016107050260760484,-0.8057326533660983,-0.02899210682034773,0.6930769230769231,0.0006930769230769232,0.0,0.5346153846153847,1.0,0.0,0.053461538461538484,0.6153846153846154,0.18100401850977307,-0.03634737763577178,-0.4081743281119028,False,False
20,20,equal_weight,legacy_risk_scaled,2022,13,-0.08710948293075405,-0.17553525263330977,-0.41193663668710667,-0.233229351026486,-0.37349279817213793,-0.0041180465759168925,0.0025005282803899354,0.15785285281259165,-0.0011396878905788204,-0.061620294999944245,-0.11394169126447334,0.6715384615384618,0.0006715384615384617,0.0,0.45000000000000007,0.45,0.0,0.045000000000000005,0.38461538461538464,-0.17553525263330957,-0.2635283845216271,-0.4752492256630694,False,True
20,20,equal_weight,legacy_risk_scaled,2023,13,0.8026798018242622,1.4060078283206956,5.352022468427439,-0.22083409636198315,3.6347639021672586,0.056062223902020085,0.0312547923477809,1.2470880523284662,0.042752952296564145,1.3783550420735653,0.05470263002913412,0.6853846153846155,0.0006853846153846155,0.0,0.49615384615384617,0.75,0.0,0.04961538461538462,0.5384615384615384,1.4047206855129244,1.4963554023202676,-0.4456602365167921,True,False
20,20,equal_weight,legacy_risk_scaled,2024,13,0.50438917063092,1.5320834294463561,2.7838088346936987,-0.04907412459457172,10.27810836765721,0.0360215513607464,0.009965326308711449,0.5195804676041635,0.01910331429082138,0.9985981204806107,-0.013835381290983082,1.0115384615384617,0.0010115384615384615,0.0,0.6423076923076925,1.0,0.0,0.06423076923076923,0.6923076923076923,1.6829355532642358,0.8158708663727581,-0.05038593965929328,False,False
20,20,equal_weight,legacy_risk_scaled,2025,13,1.1080842903558565,1.5867344464327544,2.255451580612036,-0.23693986580549797,4.676647750216395,0.07203500133397314,0.04269881329147423,1.2201889461505724,0.05558735799606502,1.5364607480986927,0.11991351075922965,1.0523076923076926,0.0010523076923076922,0.0,0.6000000000000001,1.0,0.0,0.060000000000000026,0.7692307692307693,1.9937218201226221,2.3993380414033805,-0.23693986580549797,False,False
20,20,equal_weight,legacy_risk_scaled,2026,6,0.637771850847878,1.8871447827296437,5.3126219859561346,-0.06883140212065675,9.265710579742477,0.0424584957983395,0.012678664722329433,1.387055397570454,0.02905757181413497,1.790789478548213,0.02921162893241203,0.7800000000000001,0.0007800000000000002,0.0,0.45,0.45,0.0,0.045000000000000005,0.6666666666666666,1.8871447827296441,1.7149790230926016,-0.15075842705551845,False,False
20,20,equal_weight,vol_target_max_1p25,2021,13,0.03719701213465787,0.26443290037065137,1.222158768445773,-0.23951804720033953,0.15529941300642477,0.007948257984509764,-0.012858608706280923,-0.5061781362492525,-0.010532207337034461,-0.39442759149716006,-0.02899210682034773,0.9607015410963953,0.0009607015410963952,0.0,0.7347633647147018,1.0,0.0,0.0734763364714702,0.6153846153846154,0.18100401850977307,-0.03634737763577178,-0.4081743281119028,True,True
20,20,equal_weight,vol_target_max_1p25,2022,13,-0.10057220207441109,-0.17553525263330957,-0.41193663668710623,-0.25728818388749697,-0.3908932021471602,-0.00457560730657432,0.0020429675497325053,0.11533822820777663,-0.0012663198784209095,-0.06162029499994414,-0.11394169126447334,0.7461538461538463,0.0007461538461538463,0.0,0.5,0.5,0.0,0.05000000000000001,0.38461538461538464,-0.17553525263330957,-0.2635283845216271,-0.4752492256630694,False,True
20,20,equal_weight,vol_target_max_1p25,2023,13,0.7187402364808761,1.4047206855129244,4.224001818178582,-0.24326221065291165,2.9545905817092986,0.05100029842810762,0.026192866873868407,1.2714465757701061,0.03859658265098802,1.364429051320021,0.05470263002913412,0.7,0.0007,0.0,0.5,0.5,0.0,0.05000000000000001,0.5384615384615384,1.4047206855129244,1.4963554023202676,-0.4456602365167921,False,False
20,20,equal_weight,vol_target_max_1p25,2024,13,0.3756112285129729,1.6829355532642358,3.391594836556772,-0.025192969829646583,14.90936682149165,0.027093269538895685,0.0010370444868607394,0.08669987262162136,0.01406515701287821,1.0354103606458553,-0.013835381290983082,0.8,0.0007999999999999999,0.0,0.5,0.5,0.0,0.05000000000000001,0.6923076923076923,1.6829355532642358,0.8158708663727581,-0.05038593965929328,False,False
20,20,equal_weight,vol_target_max_1p25,2025,13,0.9809065184400942,1.9937218201226221,4.023964828251472,-0.11846993290274899,8.279792977052773,0.060876969953127635,0.03154078191062873,1.6443509333097588,0.04620887593187818,1.876285373169574,0.11991351075922965,0.8461538461538463,0.0008461538461538461,0.0,0.5,0.5,0.0,0.05000000000000001,0.7692307692307693,1.9937218201226221,2.3993380414033805,-0.23693986580549797,False,False
20,20,equal_weight,vol_target_max_1p25,2026,6,0.7218567265476596,1.8871447827296441,5.312621985956136,-0.07637932458399499,9.450944093565893,0.04717610644259945,0.017396275366589383,1.5160940523501394,0.03228619090459442,1.7907894785482135,0.02921162893241203,0.8666666666666667,0.0008666666666666666,0.0,0.5,0.5,0.0,0.049999999999999996,0.6666666666666666,1.8871447827296441,1.7149790230926016,-0.15075842705551845,False,False
20,20,equal_weight,vol_target_max_1p50,2021,13,0.03719701213465787,0.26443290037065137,1.222158768445773,-0.23951804720033953,0.15529941300642477,0.007948257984509764,-0.012858608706280923,-0.5061781362492525,-0.010532207337034461,-0.39442759149716006,-0.02899210682034773,0.9607015410963953,0.0009607015410963952,0.0,0.7347633647147018,1.0,0.0,0.0734763364714702,0.6153846153846154,0.18100401850977307,-0.03634737763577178,-0.4081743281119028,True,True
20,20,equal_weight,vol_target_max_1p50,2022,13,-0.10057220207441109,-0.17553525263330957,-0.41193663668710623,-0.25728818388749697,-0.3908932021471602,-0.00457560730657432,0.0020429675497325053,0.11533822820777663,-0.0012663198784209095,-0.06162029499994414,-0.11394169126447334,0.7461538461538463,0.0007461538461538463,0.0,0.5,0.5,0.0,0.05000000000000001,0.38461538461538464,-0.17553525263330957,-0.2635283845216271,-0.4752492256630694,False,True
20,20,equal_weight,vol_target_max_1p50,2023,13,0.7187402364808761,1.4047206855129244,4.224001818178582,-0.24326221065291165,2.9545905817092986,0.05100029842810762,0.026192866873868407,1.2714465757701061,0.03859658265098802,1.364429051320021,0.05470263002913412,0.7,0.0007,0.0,0.5,0.5,0.0,0.05000000000000001,0.5384615384615384,1.4047206855129244,1.4963554023202676,-0.4456602365167921,False,False
20,20,equal_weight,vol_target_max_1p50,2024,13,0.3756112285129729,1.6829355532642358,3.391594836556772,-0.025192969829646583,14.90936682149165,0.027093269538895685,0.0010370444868607394,0.08669987262162136,0.01406515701287821,1.0354103606458553,-0.013835381290983082,0.8,0.0007999999999999999,0.0,0.5,0.5,0.0,0.05000000000000001,0.6923076923076923,1.6829355532642358,0.8158708663727581,-0.05038593965929328,False,False
20,20,equal_weight,vol_target_max_1p50,2025,13,0.9809065184400942,1.9937218201226221,4.023964828251472,-0.11846993290274899,8.279792977052773,0.060876969953127635,0.03154078191062873,1.6443509333097588,0.04620887593187818,1.876285373169574,0.11991351075922965,0.8461538461538463,0.0008461538461538461,0.0,0.5,0.5,0.0,0.05000000000000001,0.7692307692307693,1.9937218201226221,2.3993380414033805,-0.23693986580549797,False,False
20,20,equal_weight,vol_target_max_1p50,2026,6,0.7218567265476596,1.8871447827296441,5.312621985956136,-0.07637932458399499,9.450944093565893,0.04717610644259945,0.017396275366589383,1.5160940523501394,0.03228619090459442,1.7907894785482135,0.02921162893241203,0.8666666666666667,0.0008666666666666666,0.0,0.5,0.5,0.0,0.049999999999999996,0.6666666666666666,1.8871447827296441,1.7149790230926016,-0.15075842705551845,False,False
20,20,equal_weight,regime_dd_vol_target_max_1p25,2021,13,-0.04541922802612153,-0.001223506367610671,-0.0034662388225768508,-0.2185169009275364,-0.20785224315982428,-3.069397975466352e-05,-0.020837560670545343,-1.0219409365050853,-0.01410453565430934,-0.61847539094699,-0.02899210682034773,0.8060861564810106,0.0008060861564810108,0.0,0.6155325954839326,1.0,0.0,0.06155325954839327,0.6153846153846154,0.18100401850977307,-0.03634737763577178,-0.4081743281119028,False,False
20,20,equal_weight,regime_dd_vol_target_max_1p25,2022,13,-0.10057220207441109,-0.17553525263330957,-0.41193663668710623,-0.25728818388749697,-0.3908932021471602,-0.00457560730657432,0.0020429675497325053,0.11533822820777663,-0.0012663198784209095,-0.06162029499994414,-0.11394169126447334,0.7461538461538463,0.0007461538461538463,0.0,0.5,0.5,0.0,0.05000000000000001,0.38461538461538464,-0.17553525263330957,-0.2635283845216271,-0.4752492256630694,False,True
20,20,equal_weight,regime_dd_vol_target_max_1p25,2023,13,0.7187402364808761,1.4047206855129244,4.224001818178582,-0.24326221065291165,2.9545905817092986,0.05100029842810762,0.026192866873868407,1.2714465757701061,0.03859658265098802,1.364429051320021,0.05470263002913412,0.7,0.0007,0.0,0.5,0.5,0.0,0.05000000000000001,0.5384615384615384,1.4047206855129244,1.4963554023202676,-0.4456602365167921,False,False
20,20,equal_weight,regime_dd_vol_target_max_1p25,2024,13,0.3756112285129729,1.6829355532642358,3.391594836556772,-0.025192969829646583,14.90936682149165,0.027093269538895685,0.0010370444868607394,0.08669987262162136,0.01406515701287821,1.0354103606458553,-0.013835381290983082,0.8,0.0007999999999999999,0.0,0.5,0.5,0.0,0.05000000000000001,0.6923076923076923,1.6829355532642358,0.8158708663727581,-0.05038593965929328,False,False
20,20,equal_weight,regime_dd_vol_target_max_1p25,2025,13,0.9809065184400942,1.9937218201226221,4.023964828251472,-0.11846993290274899,8.279792977052773,0.060876969953127635,0.03154078191062873,1.6443509333097588,0.04620887593187818,1.876285373169574,0.11991351075922965,0.8461538461538463,0.0008461538461538461,0.0,0.5,0.5,0.0,0.05000000000000001,0.7692307692307693,1.9937218201226221,2.3993380414033805,-0.23693986580549797,False,False
20,20,equal_weight,regime_dd_vol_target_max_1p25,2026,6,0.7218567265476596,1.8871447827296441,5.312621985956136,-0.07637932458399499,9.450944093565893,0.04717610644259945,0.017396275366589383,1.5160940523501394,0.03228619090459442,1.7907894785482135,0.02921162893241203,0.8666666666666667,0.0008666666666666666,0.0,0.5,0.5,0.0,0.049999999999999996,0.6666666666666666,1.8871447827296441,1.7149790230926016,-0.15075842705551845,False,False
20,20,equal_weight,regime_dd_vol_target_max_1p50,2021,13,-0.04541922802612153,-0.001223506367610671,-0.0034662388225768508,-0.2185169009275364,-0.20785224315982428,-3.069397975466352e-05,-0.020837560670545343,-1.0219409365050853,-0.01410453565430934,-0.61847539094699,-0.02899210682034773,0.8060861564810106,0.0008060861564810108,0.0,0.6155325954839326,1.0,0.0,0.06155325954839327,0.6153846153846154,0.18100401850977307,-0.03634737763577178,-0.4081743281119028,False,False
20,20,equal_weight,regime_dd_vol_target_max_1p50,2022,13,-0.10057220207441109,-0.17553525263330957,-0.41193663668710623,-0.25728818388749697,-0.3908932021471602,-0.00457560730657432,0.0020429675497325053,0.11533822820777663,-0.0012663198784209095,-0.06162029499994414,-0.11394169126447334,0.7461538461538463,0.0007461538461538463,0.0,0.5,0.5,0.0,0.05000000000000001,0.38461538461538464,-0.17553525263330957,-0.2635283845216271,-0.4752492256630694,False,True
20,20,equal_weight,regime_dd_vol_target_max_1p50,2023,13,0.7187402364808761,1.4047206855129244,4.224001818178582,-0.24326221065291165,2.9545905817092986,0.05100029842810762,0.026192866873868407,1.2714465757701061,0.03859658265098802,1.364429051320021,0.05470263002913412,0.7,0.0007,0.0,0.5,0.5,0.0,0.05000000000000001,0.5384615384615384,1.4047206855129244,1.4963554023202676,-0.4456602365167921,False,False
20,20,equal_weight,regime_dd_vol_target_max_1p50,2024,13,0.3756112285129729,1.6829355532642358,3.391594836556772,-0.025192969829646583,14.90936682149165,0.027093269538895685,0.0010370444868607394,0.08669987262162136,0.01406515701287821,1.0354103606458553,-0.013835381290983082,0.8,0.0007999999999999999,0.0,0.5,0.5,0.0,0.05000000000000001,0.6923076923076923,1.6829355532642358,0.8158708663727581,-0.05038593965929328,False,False
20,20,equal_weight,regime_dd_vol_target_max_1p50,2025,13,0.9809065184400942,1.9937218201226221,4.023964828251472,-0.11846993290274899,8.279792977052773,0.060876969953127635,0.03154078191062873,1.6443509333097588,0.04620887593187818,1.876285373169574,0.11991351075922965,0.8461538461538463,0.0008461538461538461,0.0,0.5,0.5,0.0,0.05000000000000001,0.7692307692307693,1.9937218201226221,2.3993380414033805,-0.23693986580549797,False,False
20,20,equal_weight,regime_dd_vol_target_max_1p50,2026,6,0.7218567265476596,1.8871447827296441,5.312621985956136,-0.07637932458399499,9.450944093565893,0.04717610644259945,0.017396275366589383,1.5160940523501394,0.03228619090459442,1.7907894785482135,0.02921162893241203,0.8666666666666667,0.0008666666666666666,0.0,0.5,0.5,0.0,0.049999999999999996,0.6666666666666666,1.8871447827296441,1.7149790230926016,-0.15075842705551845,False,False
20,20,buffer_inverse_volatility,static_1x,2021,13,-0.03247480456391627,0.1423128335870157,0.23046141147186888,-0.3582479830158598,-0.0906489529697606,0.005215785469312734,-0.015591081221477945,-0.5056587431193929,-0.015591081221477945,-0.5056587431193929,-0.02899210682034773,1.1631077737901245,0.0011631077737901245,0.0,1.0,1.0,0.0,0.13210378167382295,0.46153846153846156,0.1423128335870157,-0.03247480456391627,-0.3582479830158598,False,False
20,20,buffer_inverse_volatility,static_1x,2022,13,-0.3048837942571605,-0.2681417605223953,-0.5908836666120912,-0.4730065781873518,-0.6445656536649687,-0.013820321723874061,-0.007201746867567245,-0.17906819246546626,-0.007201746867567245,-0.17906819246546626,-0.11394169126447334,1.4436481113604356,0.0014436481113604357,0.0,1.0,1.0,0.0,0.13596752717177898,0.38461538461538464,-0.2681417605223953,-0.3048837942571605,-0.4730065781873518,False,False
20,20,buffer_inverse_volatility,static_1x,2023,13,1.4839416383290778,1.4449911375320108,4.02800411192704,-0.39188523458471947,3.786674024352078,0.09859835050139895,0.07379091894715975,1.3947257521942071,0.07379091894715975,1.3947257521942071,0.05470263002913412,1.3597533082331084,0.0013597533082331083,0.0,1.0,1.0,0.0,0.15464119198094162,0.5384615384615384,1.4449911375320108,1.4839416383290778,-0.39188523458471947,False,False
20,20,buffer_inverse_volatility,static_1x,2024,13,0.7554474994522014,1.7198324031256527,3.3455380662135377,-0.055186849750810785,13.688904202057712,0.0504852248205779,0.02442899976854295,1.0181836508276252,0.02442899976854295,1.0181836508276252,-0.013835381290983082,1.4795119399228922,0.001479511939922892,0.0,1.0,1.0,0.0,0.13642568395971966,0.6923076923076923,1.7198324031256527,0.7554474994522014,-0.055186849750810785,False,False
20,20,buffer_inverse_volatility,static_1x,2025,13,2.719143445898241,2.115500248515588,4.277811991085856,-0.24305897445044589,11.187175672267191,0.1300562608998112,0.10072007285731227,2.0407356982351708,0.10072007285731227,2.0407356982351708,0.11991351075922965,1.625228799691285,0.0016252287996912848,0.0,1.0,1.0,0.0,0.13515789980863324,0.6923076923076923,2.115500248515588,2.719143445898241,-0.24305897445044589,False,False
20,20,buffer_inverse_volatility,static_1x,2026,6,1.7542915374405417,1.8278686035098382,5.504307651927442,-0.14704972316924525,11.929920707307005,0.09693295687484958,0.06715312579883952,1.730858617754203,0.06715312579883952,1.730858617754203,0.02921162893241203,1.6743316776807946,0.0016743316776807946,0.0,1.0,1.0,0.0,0.1365806051351531,0.5,1.8278686035098382,1.7542915374405417,-0.14704972316924525,False,False
20,20,buffer_inverse_volatility,legacy_risk_scaled,2021,13,-0.0648574748743016,-0.19244646257900389,-0.32319413807694247,-0.18541298175055088,-0.349800074741039,-0.003444165898937004,-0.024251032589727686,-1.7630162084528074,-0.014991045453526376,-0.9028175082867119,-0.02899210682034773,0.6283536215009828,0.0006283536215009827,0.0,0.5346153846153847,1.0,0.0,0.0700859654194276,0.46153846153846156,0.1423128335870157,-0.03247480456391627,-0.3582479830158598,False,False
20,20,buffer_inverse_volatility,legacy_risk_scaled,2022,13,-0.11053163167992008,-0.26814176052239547,-0.5908836666120916,-0.23090345770760357,-0.47869197272865405,-0.006219144775743332,0.0003994300805634979,0.026121590863035435,-0.00324078609040526,-0.17906819246546624,-0.11394169126447334,0.6496416501121961,0.0006496416501121961,0.0,0.45000000000000007,0.45,0.0,0.06118538722730054,0.38461538461538464,-0.2681417605223953,-0.3048837942571605,-0.4730065781873518,False,True
20,20,buffer_inverse_volatility,legacy_risk_scaled,2023,13,0.737768080101805,1.4020649439683104,4.358204337928141,-0.19037294641464286,3.875382999509316,0.05206423873488246,0.02725680718064327,1.1887933330203386,0.03875496712942651,1.3573899196895114,0.05470263002913412,0.6631824433785677,0.0006631824433785677,0.0,0.49615384615384617,0.75,0.0,0.076220667390454,0.5384615384615384,1.4449911375320108,1.4839416383290778,-0.39188523458471947,False,False
20,20,buffer_inverse_volatility,legacy_risk_scaled,2024,13,0.43936496788307267,1.4529601719340006,2.6012667901815933,-0.055186849750810785,7.961406926957589,0.03203421128514751,0.005977986233112567,0.3375748704660714,0.015115974215222504,0.8471412292320831,-0.013835381290983082,0.9550001793405685,0.0009550001793405687,0.0,0.6423076923076925,1.0,0.0,0.08703509958657053,0.6923076923076923,1.7198324031256527,0.7554474994522014,-0.055186849750810785,False,False
20,20,buffer_inverse_volatility,legacy_risk_scaled,2025,13,1.1303944800471641,1.6156710979083921,2.380335015950012,-0.24288551275964831,4.654021836064657,0.07287307030802422,0.043536882265525295,1.2714753236973286,0.056425426970116085,1.577801430335215,0.11991351075922965,1.014903279211933,0.001014903279211933,0.0,0.6000000000000001,1.0,0.0,0.08241226739507215,0.6923076923076923,2.115500248515588,2.719143445898241,-0.24305897445044589,False,False
20,20,buffer_inverse_volatility,legacy_risk_scaled,2026,6,0.6549076932520845,1.8278686035098377,5.504307651927441,-0.06695324140357761,9.781568144019534,0.0436198305936823,0.013839999517672242,1.3945881719332167,0.030218906609477774,1.7308586177542027,0.02921162893241203,0.7534492549563575,0.0007534492549563575,0.0,0.45,0.45,0.0,0.0614612723108189,0.5,1.8278686035098382,1.7542915374405417,-0.14704972316924525,False,False
20,20,buffer_inverse_volatility,vol_target_max_1p25,2021,13,0.08135170526850488,0.3778265271932081,0.8933800438272043,-0.198208026896465,0.41043597750458094,0.010411968821247576,-0.010394897869543106,-0.45533171346057033,-0.008355957416946828,-0.35101899891491756,-0.02899210682034773,0.8861932773221584,0.0008861932773221583,0.0,0.7513722325476049,1.0,0.0,0.09839160169739054,0.46153846153846156,0.1423128335870157,-0.03247480456391627,-0.3582479830158598,True,True
20,20,buffer_inverse_volatility,vol_target_max_1p25,2022,13,-0.12615419801805539,-0.2681417605223953,-0.5908836666120912,-0.25487479162326887,-0.49496537972466204,-0.006910160861937031,-0.0002915860056302054,-0.01702895857691855,-0.0036008734337836224,-0.17906819246546626,-0.11394169126447334,0.7218240556802178,0.0007218240556802178,0.0,0.5,0.5,0.0,0.06798376358588949,0.38461538461538464,-0.2681417605223953,-0.3048837942571605,-0.4730065781873518,False,True
20,20,buffer_inverse_volatility,vol_target_max_1p25,2023,13,0.7001460048020871,1.4449911375320108,4.02800411192704,-0.21007791081784666,3.3327921154412388,0.049299175250699476,0.02449174369646027,1.2601377211436697,0.036895459473579875,1.3947257521942071,0.05470263002913412,0.6798766541165542,0.0006798766541165542,0.0,0.5,0.5,0.0,0.07732059599047081,0.5384615384615384,1.4449911375320108,1.4839416383290778,-0.39188523458471947,False,False
20,20,buffer_inverse_volatility,vol_target_max_1p25,2024,13,0.3485721645512396,1.7198324031256527,3.3455380662135377,-0.027593424875405392,12.632435666292713,0.02524261241028895,-0.000813612641745996,-0.07917921355835986,0.012214499884271476,1.0181836508276252,-0.013835381290983082,0.7397559699614461,0.000739755969961446,0.0,0.5,0.5,0.0,0.06821284197985983,0.6923076923076923,1.7198324031256527,0.7554474994522014,-0.055186849750810785,False,False
20,20,buffer_inverse_volatility,vol_target_max_1p25,2025,13,1.0789658368946378,2.115500248515588,4.277811991085856,-0.1216147408901408,8.87199881360853,0.0650281304499056,0.03569194240740668,1.8804158075341129,0.050360036428656135,2.0407356982351708,0.11991351075922965,0.8126143998456425,0.0008126143998456424,0.0,0.5,0.5,0.0,0.06757894990431662,0.6923076923076923,2.115500248515588,2.719143445898241,-0.24305897445044589,False,False
20,20,buffer_inverse_volatility,vol_target_max_1p25,2026,6,0.7410997897127958,1.8278686035098382,5.504307651927442,-0.0743136150971655,9.972597736549398,0.04846647843742479,0.018686647361414725,1.4957988079970486,0.03357656289941976,1.730858617754203,0.02921162893241203,0.8371658388403973,0.0008371658388403973,0.0,0.5,0.5,0.0,0.06829030256757655,0.5,1.8278686035098382,1.7542915374405417,-0.14704972316924525,False,False
20,20,buffer_inverse_volatility,vol_target_max_1p50,2021,13,0.08135170526850488,0.3778265271932081,0.8933800438272043,-0.198208026896465,0.41043597750458094,0.010411968821247576,-0.010394897869543106,-0.45533171346057033,-0.008355957416946828,-0.35101899891491756,-0.02899210682034773,0.8861932773221584,0.0008861932773221583,0.0,0.7513722325476049,1.0,0.0,0.09839160169739054,0.46153846153846156,0.1423128335870157,-0.03247480456391627,-0.3582479830158598,True,True
20,20,buffer_inverse_volatility,vol_target_max_1p50,2022,13,-0.12615419801805539,-0.2681417605223953,-0.5908836666120912,-0.25487479162326887,-0.49496537972466204,-0.006910160861937031,-0.0002915860056302054,-0.01702895857691855,-0.0036008734337836224,-0.17906819246546626,-0.11394169126447334,0.7218240556802178,0.0007218240556802178,0.0,0.5,0.5,0.0,0.06798376358588949,0.38461538461538464,-0.2681417605223953,-0.3048837942571605,-0.4730065781873518,False,True
20,20,buffer_inverse_volatility,vol_target_max_1p50,2023,13,0.7001460048020871,1.4449911375320108,4.02800411192704,-0.21007791081784666,3.3327921154412388,0.049299175250699476,0.02449174369646027,1.2601377211436697,0.036895459473579875,1.3947257521942071,0.05470263002913412,0.6798766541165542,0.0006798766541165542,0.0,0.5,0.5,0.0,0.07732059599047081,0.5384615384615384,1.4449911375320108,1.4839416383290778,-0.39188523458471947,False,False
20,20,buffer_inverse_volatility,vol_target_max_1p50,2024,13,0.3485721645512396,1.7198324031256527,3.3455380662135377,-0.027593424875405392,12.632435666292713,0.02524261241028895,-0.000813612641745996,-0.07917921355835986,0.012214499884271476,1.0181836508276252,-0.013835381290983082,0.7397559699614461,0.000739755969961446,0.0,0.5,0.5,0.0,0.06821284197985983,0.6923076923076923,1.7198324031256527,0.7554474994522014,-0.055186849750810785,False,False
20,20,buffer_inverse_volatility,vol_target_max_1p50,2025,13,1.0789658368946378,2.115500248515588,4.277811991085856,-0.1216147408901408,8.87199881360853,0.0650281304499056,0.03569194240740668,1.8804158075341129,0.050360036428656135,2.0407356982351708,0.11991351075922965,0.8126143998456425,0.0008126143998456424,0.0,0.5,0.5,0.0,0.06757894990431662,0.6923076923076923,2.115500248515588,2.719143445898241,-0.24305897445044589,False,False
20,20,buffer_inverse_volatility,vol_target_max_1p50,2026,6,0.7410997897127958,1.8278686035098382,5.504307651927442,-0.0743136150971655,9.972597736549398,0.04846647843742479,0.018686647361414725,1.4957988079970486,0.03357656289941976,1.730858617754203,0.02921162893241203,0.8371658388403973,0.0008371658388403973,0.0,0.5,0.5,0.0,0.06829030256757655,0.5,1.8278686035098382,1.7542915374405417,-0.14704972316924525,False,False
20,20,buffer_inverse_volatility,regime_dd_vol_target_max_1p25,2021,13,-0.009579123716243698,0.09461260101021889,0.1783800926222724,-0.198208026896465,-0.04832863666640203,0.0021240101785238667,-0.018682856512266813,-1.06009089895782,-0.012529855931945234,-0.6318461710348009,-0.02899210682034773,0.7511932936319622,0.0007511932936319622,0.0,0.6436799248552971,1.0,0.0,0.08448604606181026,0.46153846153846156,0.1423128335870157,-0.03247480456391627,-0.3582479830158598,False,True
20,20,buffer_inverse_volatility,regime_dd_vol_target_max_1p25,2022,13,-0.12615419801805539,-0.2681417605223953,-0.5908836666120912,-0.25487479162326887,-0.49496537972466204,-0.006910160861937031,-0.0002915860056302054,-0.01702895857691855,-0.0036008734337836224,-0.17906819246546626,-0.11394169126447334,0.7218240556802178,0.0007218240556802178,0.0,0.5,0.5,0.0,0.06798376358588949,0.38461538461538464,-0.2681417605223953,-0.3048837942571605,-0.4730065781873518,False,True
20,20,buffer_inverse_volatility,regime_dd_vol_target_max_1p25,2023,13,0.7001460048020871,1.4449911375320108,4.02800411192704,-0.21007791081784666,3.3327921154412388,0.049299175250699476,0.02449174369646027,1.2601377211436697,0.036895459473579875,1.3947257521942071,0.05470263002913412,0.6798766541165542,0.0006798766541165542,0.0,0.5,0.5,0.0,0.07732059599047081,0.5384615384615384,1.4449911375320108,1.4839416383290778,-0.39188523458471947,False,False
20,20,buffer_inverse_volatility,regime_dd_vol_target_max_1p25,2024,13,0.3485721645512396,1.7198324031256527,3.3455380662135377,-0.027593424875405392,12.632435666292713,0.02524261241028895,-0.000813612641745996,-0.07917921355835986,0.012214499884271476,1.0181836508276252,-0.013835381290983082,0.7397559699614461,0.000739755969961446,0.0,0.5,0.5,0.0,0.06821284197985983,0.6923076923076923,1.7198324031256527,0.7554474994522014,-0.055186849750810785,False,False
20,20,buffer_inverse_volatility,regime_dd_vol_target_max_1p25,2025,13,1.0789658368946378,2.115500248515588,4.277811991085856,-0.1216147408901408,8.87199881360853,0.0650281304499056,0.03569194240740668,1.8804158075341129,0.050360036428656135,2.0407356982351708,0.11991351075922965,0.8126143998456425,0.0008126143998456424,0.0,0.5,0.5,0.0,0.06757894990431662,0.6923076923076923,2.115500248515588,2.719143445898241,-0.24305897445044589,False,False
20,20,buffer_inverse_volatility,regime_dd_vol_target_max_1p25,2026,6,0.7410997897127958,1.8278686035098382,5.504307651927442,-0.0743136150971655,9.972597736549398,0.04846647843742479,0.018686647361414725,1.4957988079970486,0.03357656289941976,1.730858617754203,0.02921162893241203,0.8371658388403973,0.0008371658388403973,0.0,0.5,0.5,0.0,0.06829030256757655,0.5,1.8278686035098382,1.7542915374405417,-0.14704972316924525,False,False
20,20,buffer_inverse_volatility,regime_dd_vol_target_max_1p50,2021,13,-0.009579123716243698,0.09461260101021889,0.1783800926222724,-0.198208026896465,-0.04832863666640203,0.0021240101785238667,-0.018682856512266813,-1.06009089895782,-0.012529855931945234,-0.6318461710348009,-0.02899210682034773,0.7511932936319622,0.0007511932936319622,0.0,0.6436799248552971,1.0,0.0,0.08448604606181026,0.46153846153846156,0.1423128335870157,-0.03247480456391627,-0.3582479830158598,False,True
20,20,buffer_inverse_volatility,regime_dd_vol_target_max_1p50,2022,13,-0.12615419801805539,-0.2681417605223953,-0.5908836666120912,-0.25487479162326887,-0.49496537972466204,-0.006910160861937031,-0.0002915860056302054,-0.01702895857691855,-0.0036008734337836224,-0.17906819246546626,-0.11394169126447334,0.7218240556802178,0.0007218240556802178,0.0,0.5,0.5,0.0,0.06798376358588949,0.38461538461538464,-0.2681417605223953,-0.3048837942571605,-0.4730065781873518,False,True
20,20,buffer_inverse_volatility,regime_dd_vol_target_max_1p50,2023,13,0.7001460048020871,1.4449911375320108,4.02800411192704,-0.21007791081784666,3.3327921154412388,0.049299175250699476,0.02449174369646027,1.2601377211436697,0.036895459473579875,1.3947257521942071,0.05470263002913412,0.6798766541165542,0.0006798766541165542,0.0,0.5,0.5,0.0,0.07732059599047081,0.5384615384615384,1.4449911375320108,1.4839416383290778,-0.39188523458471947,False,False
20,20,buffer_inverse_volatility,regime_dd_vol_target_max_1p50,2024,13,0.3485721645512396,1.7198324031256527,3.3455380662135377,-0.027593424875405392,12.632435666292713,0.02524261241028895,-0.000813612641745996,-0.07917921355835986,0.012214499884271476,1.0181836508276252,-0.013835381290983082,0.7397559699614461,0.000739755969961446,0.0,0.5,0.5,0.0,0.06821284197985983,0.6923076923076923,1.7198324031256527,0.7554474994522014,-0.055186849750810785,False,False
20,20,buffer_inverse_volatility,regime_dd_vol_target_max_1p50,2025,13,1.0789658368946378,2.115500248515588,4.277811991085856,-0.1216147408901408,8.87199881360853,0.0650281304499056,0.03569194240740668,1.8804158075341129,0.050360036428656135,2.0407356982351708,0.11991351075922965,0.8126143998456425,0.0008126143998456424,0.0,0.5,0.5,0.0,0.06757894990431662,0.6923076923076923,2.115500248515588,2.719143445898241,-0.24305897445044589,False,False
20,20,buffer_inverse_volatility,regime_dd_vol_target_max_1p50,2026,6,0.7410997897127958,1.8278686035098382,5.504307651927442,-0.0743136150971655,9.972597736549398,0.04846647843742479,0.018686647361414725,1.4957988079970486,0.03357656289941976,1.730858617754203,0.02921162893241203,0.8371658388403973,0.0008371658388403973,0.0,0.5,0.5,0.0,0.06829030256757655,0.5,1.8278686035098382,1.7542915374405417,-0.14704972316924525,False,False
