model_horizon_days,rebalance_every_days,base_policy,exposure_policy,target_volatility,leverage_cap,period,num_rebalances,annualized_net_return,net_sharpe,net_sortino,max_drawdown,calmar,avg_net_return,avg_realized_return_ic,avg_model_target_ic,avg_turnover,annualized_turnover,return_per_annual_turnover,avg_transaction_cost,avg_financing_cost,avg_exposure,min_exposure,max_exposure,leveraged_period_share,deleveraged_period_share,net_hit_rate,breadth_top_n,buffer_rank,annualized_net_volatility,avg_base_effective_n,avg_base_max_weight,pareto_return_sharpe_drawdown,top10_annualized_net_return,top10_net_sharpe,top10_net_sortino,top10_max_drawdown,top10_annualized_net_volatility,top10_avg_turnover,top10_avg_exposure,annualized_net_return_delta_vs_top10,net_sharpe_delta_vs_top10,net_sortino_delta_vs_top10,max_drawdown_delta_vs_top10,annualized_net_volatility_delta_vs_top10,avg_turnover_delta_vs_top10,avg_exposure_delta_vs_top10
20,10,equal_weight,static_1x,,1.0,overall,139,0.6733204069087542,1.0911263010272112,2.3806395125144366,-0.7706330106942669,0.8737238057089672,0.02901642234665584,0.002624454572086001,0.007458261943503612,1.3553956834532375,34.15597122302158,0.019713109678899342,0.0013553956834532375,0.0,1.0,1.0,1.0,0.0,0.0,0.5611510791366906,10,15,0.6701459239387281,9.999999999999998,0.09999999999999999,False,0.6733204069087542,1.0911263010272112,2.3806395125144366,-0.7706330106942669,0.6701459239387281,1.3553956834532375,1.0,0.0,0.0,0.0,0.0,0.0,0.0,0.0
20,10,equal_weight,legacy_risk_scaled,,1.0,overall,139,0.428110029075651,1.1308072354033507,2.115395876795119,-0.5711258140670186,0.7495897025334151,0.016988498168269608,0.002624454572086001,0.007458261943503612,0.7301438848920864,18.399625899280576,0.023267322467267666,0.0007301438848920865,0.0,0.5341726618705037,0.45,1.0,0.0,0.8705035971223022,0.5611510791366906,10,15,0.3785880921496672,9.999999999999998,0.09999999999999999,False,0.428110029075651,1.1308072354033507,2.115395876795119,-0.5711258140670186,0.3785880921496672,0.7301438848920864,0.5341726618705037,0.0,0.0,0.0,0.0,0.0,0.0,0.0
20,10,equal_weight,vol_target_20pct_max_1p25,0.2,1.25,overall,139,0.3879857851348867,1.1143425499836281,2.4689481720476336,-0.5110482515584063,0.7591959936302509,0.015403247501531466,0.002624454572086001,0.007458261943503612,0.7071942446043167,17.82129496402878,0.02177090867515592,0.0007071942446043166,0.0,0.5215827338129496,0.5,1.0,0.0,0.9568345323741008,0.5611510791366906,10,15,0.3483325993827444,9.999999999999998,0.09999999999999999,False,0.3879857851348867,1.1143425499836281,2.4689481720476336,-0.5110482515584063,0.3483325993827444,0.7071942446043167,0.5215827338129496,0.0,0.0,0.0,0.0,0.0,0.0,0.0
20,10,equal_weight,regime_dd_vol_target_20pct_max_1p25,0.2,1.25,overall,139,0.36276587762099965,1.0804527930026075,2.3525668586884256,-0.5010064769207914,0.7240742272446761,0.014556685162434534,0.002624454572086001,0.007458261943503612,0.6915827338129497,17.427884892086333,0.020815255544046236,0.0006915827338129496,0.0,0.5089928057553957,0.5,1.0,0.0,0.9928057553956835,0.5611510791366906,10,15,0.3395136450838579,9.999999999999998,0.09999999999999999,False,0.36276587762099965,1.0804527930026075,2.3525668586884256,-0.5010064769207914,0.3395136450838579,0.6915827338129497,0.5089928057553957,0.0,0.0,0.0,0.0,0.0,0.0,0.0
20,10,equal_weight,vol_target_20pct_max_1p50,0.2,1.5,overall,139,0.3879857851348867,1.1143425499836281,2.4689481720476336,-0.5110482515584063,0.7591959936302509,0.015403247501531466,0.002624454572086001,0.007458261943503612,0.7071942446043167,17.82129496402878,0.02177090867515592,0.0007071942446043166,0.0,0.5215827338129496,0.5,1.0,0.0,0.9568345323741008,0.5611510791366906,10,15,0.3483325993827444,9.999999999999998,0.09999999999999999,False,0.3879857851348867,1.1143425499836281,2.4689481720476336,-0.5110482515584063,0.3483325993827444,0.7071942446043167,0.5215827338129496,0.0,0.0,0.0,0.0,0.0,0.0,0.0
20,10,equal_weight,regime_dd_vol_target_20pct_max_1p50,0.2,1.5,overall,139,0.36276587762099965,1.0804527930026075,2.3525668586884256,-0.5010064769207914,0.7240742272446761,0.014556685162434534,0.002624454572086001,0.007458261943503612,0.6915827338129497,17.427884892086333,0.020815255544046236,0.0006915827338129496,0.0,0.5089928057553957,0.5,1.0,0.0,0.9928057553956835,0.5611510791366906,10,15,0.3395136450838579,9.999999999999998,0.09999999999999999,False,0.36276587762099965,1.0804527930026075,2.3525668586884256,-0.5010064769207914,0.3395136450838579,0.6915827338129497,0.5089928057553957,0.0,0.0,0.0,0.0,0.0,0.0,0.0
20,10,equal_weight,vol_target_25pct_max_1p25,0.25,1.25,overall,139,0.390826150885607,1.1176585421643763,2.4788561250817533,-0.5116041704273231,0.763922918296708,0.015500331176537574,0.002624454572086001,0.007458261943503612,0.708506873115536,17.854373202511507,0.021889659550223303,0.0007085068731155358,0.0,0.5223859396762905,0.5,1.0,0.0,0.9568345323741008,0.5611510791366906,10,15,0.3494880868465633,9.999999999999998,0.09999999999999999,False,0.390826150885607,1.1176585421643763,2.4788561250817533,-0.5116041704273231,0.3494880868465633,0.708506873115536,0.5223859396762905,0.0,0.0,0.0,0.0,0.0,0.0,0.0
20,10,equal_weight,regime_dd_vol_target_25pct_max_1p25,0.25,1.25,overall,139,0.36506134844854143,1.0830596697459924,2.359655961515393,-0.502566128371182,0.7263946530413941,0.014637680319807068,0.002624454572086001,0.007458261943503612,0.6925623648196877,17.452571593456128,0.02091733854198437,0.0006925623648196878,0.0,0.5096049807317448,0.5,1.0,0.0,0.9928057553956835,0.5611510791366906,10,15,0.34058099877880993,9.999999999999998,0.09999999999999999,False,0.36506134844854143,1.0830596697459924,2.359655961515393,-0.502566128371182,0.34058099877880993,0.6925623648196877,0.5096049807317448,0.0,0.0,0.0,0.0,0.0,0.0,0.0
20,10,equal_weight,vol_target_25pct_max_1p50,0.25,1.5,overall,139,0.390826150885607,1.1176585421643763,2.4788561250817533,-0.5116041704273231,0.763922918296708,0.015500331176537574,0.002624454572086001,0.007458261943503612,0.708506873115536,17.854373202511507,0.021889659550223303,0.0007085068731155358,0.0,0.5223859396762905,0.5,1.0,0.0,0.9568345323741008,0.5611510791366906,10,15,0.3494880868465633,9.999999999999998,0.09999999999999999,False,0.390826150885607,1.1176585421643763,2.4788561250817533,-0.5116041704273231,0.3494880868465633,0.708506873115536,0.5223859396762905,0.0,0.0,0.0,0.0,0.0,0.0,0.0
20,10,equal_weight,regime_dd_vol_target_25pct_max_1p50,0.25,1.5,overall,139,0.36506134844854143,1.0830596697459924,2.359655961515393,-0.502566128371182,0.7263946530413941,0.014637680319807068,0.002624454572086001,0.007458261943503612,0.6925623648196877,17.452571593456128,0.02091733854198437,0.0006925623648196878,0.0,0.5096049807317448,0.5,1.0,0.0,0.9928057553956835,0.5611510791366906,10,15,0.34058099877880993,9.999999999999998,0.09999999999999999,False,0.36506134844854143,1.0830596697459924,2.359655961515393,-0.502566128371182,0.34058099877880993,0.6925623648196877,0.5096049807317448,0.0,0.0,0.0,0.0,0.0,0.0,0.0
20,10,equal_weight,vol_target_30pct_max_1p25,0.3,1.25,overall,139,0.3876799198854657,1.0760691080770002,2.2421607424593475,-0.5508253479981627,0.7038164116709437,0.01565019701680651,0.002624454572086001,0.007458261943503612,0.7398273029198523,18.643648033580277,0.020794209330019017,0.0007398273029198522,0.0,0.543617593239216,0.5,1.0,0.0,0.9568345323741008,0.5539568345323741,10,15,0.36650523824470116,9.999999999999998,0.09999999999999999,False,0.3876799198854657,1.0760691080770002,2.2421607424593475,-0.5508253479981627,0.36650523824470116,0.7398273029198523,0.543617593239216,0.0,0.0,0.0,0.0,0.0,0.0,0.0
20,10,equal_weight,regime_dd_vol_target_30pct_max_1p25,0.3,1.25,overall,139,0.3664962005434427,1.0562011129249167,2.1714799228374977,-0.5340702777474322,0.6862321604737622,0.014877297856693833,0.002624454572086001,0.007458261943503612,0.7174361376318764,18.079390668323285,0.020271490741420668,0.0007174361376318763,0.0,0.5266104232947569,0.5,1.0,0.0,0.9928057553956835,0.5539568345323741,10,15,0.35495882498216613,9.999999999999998,0.09999999999999999,False,0.3664962005434427,1.0562011129249167,2.1714799228374977,-0.5340702777474322,0.35495882498216613,0.7174361376318764,0.5266104232947569,0.0,0.0,0.0,0.0,0.0,0.0,0.0
20,10,equal_weight,vol_target_30pct_max_1p50,0.3,1.5,overall,139,0.3876799198854657,1.0760691080770002,2.2421607424593475,-0.5508253479981627,0.7038164116709437,0.01565019701680651,0.002624454572086001,0.007458261943503612,0.7398273029198523,18.643648033580277,0.020794209330019017,0.0007398273029198522,0.0,0.543617593239216,0.5,1.0,0.0,0.9568345323741008,0.5539568345323741,10,15,0.36650523824470116,9.999999999999998,0.09999999999999999,False,0.3876799198854657,1.0760691080770002,2.2421607424593475,-0.5508253479981627,0.36650523824470116,0.7398273029198523,0.543617593239216,0.0,0.0,0.0,0.0,0.0,0.0,0.0
20,10,equal_weight,regime_dd_vol_target_30pct_max_1p50,0.3,1.5,overall,139,0.3664962005434427,1.0562011129249167,2.1714799228374977,-0.5340702777474322,0.6862321604737622,0.014877297856693833,0.002624454572086001,0.007458261943503612,0.7174361376318764,18.079390668323285,0.020271490741420668,0.0007174361376318763,0.0,0.5266104232947569,0.5,1.0,0.0,0.9928057553956835,0.5539568345323741,10,15,0.35495882498216613,9.999999999999998,0.09999999999999999,False,0.3664962005434427,1.0562011129249167,2.1714799228374977,-0.5340702777474322,0.35495882498216613,0.7174361376318764,0.5266104232947569,0.0,0.0,0.0,0.0,0.0,0.0,0.0
20,10,buffer_inverse_volatility,static_1x,,1.0,overall,139,0.7448254695982648,1.1697988080365898,2.502171915883131,-0.7527126684014007,0.9895216340388071,0.030244042140708135,0.002624454572086001,0.007458261943503612,1.2616649189693598,31.793955958027865,0.023426637143912847,0.0012616649189693596,0.0,1.0,1.0,1.0,0.0,0.0,0.5683453237410072,10,15,0.6515221734796005,9.410015757510605,0.13893429172878594,True,0.7448254695982648,1.1697988080365898,2.502171915883131,-0.7527126684014007,0.6515221734796005,1.2616649189693598,1.0,0.0,0.0,0.0,0.0,0.0,0.0,0.0
20,10,buffer_inverse_volatility,legacy_risk_scaled,,1.0,overall,139,0.44280489120061395,1.1976540903513335,2.2581998914141455,-0.5216633114203608,0.8488327269843171,0.017139978451143335,0.002624454572086001,0.007458261943503612,0.6826397815167569,17.202522494222272,0.025740695374724065,0.0006826397815167569,0.0,0.5341726618705037,0.45,1.0,0.0,0.8705035971223022,0.5683453237410072,10,15,0.36064458047490616,9.410015757510605,0.13893429172878594,True,0.44280489120061395,1.1976540903513335,2.2581998914141455,-0.5216633114203608,0.36064458047490616,0.6826397815167569,0.5341726618705037,0.0,0.0,0.0,0.0,0.0,0.0,0.0
20,10,buffer_inverse_volatility,vol_target_20pct_max_1p25,0.2,1.25,overall,139,0.40971058771260394,1.183410398961898,2.5364805995537263,-0.4704576757583149,0.8708766140380327,0.015901464619737123,0.002624454572086001,0.007458261943503612,0.659534349001208,16.620265594830443,0.024651265972551007,0.0006595343490012081,0.0,0.5215827338129496,0.5,1.0,0.0,0.9568345323741008,0.5683453237410072,10,15,0.3386119547106306,9.410015757510605,0.13893429172878594,True,0.40971058771260394,1.183410398961898,2.5364805995537263,-0.4704576757583149,0.3386119547106306,0.659534349001208,0.5215827338129496,0.0,0.0,0.0,0.0,0.0,0.0,0.0
20,10,buffer_inverse_volatility,regime_dd_vol_target_20pct_max_1p25,0.2,1.25,overall,139,0.3860952073778037,1.1535010298981008,2.4440510426168993,-0.4704576757583149,0.8206800043286994,0.015121189589344018,0.002624454572086001,0.007458261943503612,0.6439641588688099,16.22789680349401,0.023792066960561024,0.0006439641588688098,0.0,0.5089928057553957,0.5,1.0,0.0,0.9928057553956835,0.5683453237410072,10,15,0.3303455894487855,9.410015757510605,0.13893429172878594,False,0.3860952073778037,1.1535010298981008,2.4440510426168993,-0.4704576757583149,0.3303455894487855,0.6439641588688099,0.5089928057553957,0.0,0.0,0.0,0.0,0.0,0.0,0.0
20,10,buffer_inverse_volatility,vol_target_20pct_max_1p50,0.2,1.5,overall,139,0.40971058771260394,1.183410398961898,2.5364805995537263,-0.4704576757583149,0.8708766140380327,0.015901464619737123,0.002624454572086001,0.007458261943503612,0.659534349001208,16.620265594830443,0.024651265972551007,0.0006595343490012081,0.0,0.5215827338129496,0.5,1.0,0.0,0.9568345323741008,0.5683453237410072,10,15,0.3386119547106306,9.410015757510605,0.13893429172878594,True,0.40971058771260394,1.183410398961898,2.5364805995537263,-0.4704576757583149,0.3386119547106306,0.659534349001208,0.5215827338129496,0.0,0.0,0.0,0.0,0.0,0.0,0.0
20,10,buffer_inverse_volatility,regime_dd_vol_target_20pct_max_1p50,0.2,1.5,overall,139,0.3860952073778037,1.1535010298981008,2.4440510426168993,-0.4704576757583149,0.8206800043286994,0.015121189589344018,0.002624454572086001,0.007458261943503612,0.6439641588688099,16.22789680349401,0.023792066960561024,0.0006439641588688098,0.0,0.5089928057553957,0.5,1.0,0.0,0.9928057553956835,0.5683453237410072,10,15,0.3303455894487855,9.410015757510605,0.13893429172878594,False,0.3860952073778037,1.1535010298981008,2.4440510426168993,-0.4704576757583149,0.3303455894487855,0.6439641588688099,0.5089928057553957,0.0,0.0,0.0,0.0,0.0,0.0,0.0
20,10,buffer_inverse_volatility,vol_target_25pct_max_1p25,0.25,1.25,overall,139,0.4112496478141332,1.183712285030707,2.5296071617332134,-0.4714223738544083,0.8723592061439609,0.015960760453889604,0.002624454572086001,0.007458261943503612,0.6604920689104412,16.64440013654312,0.0247079885391139,0.0006604920689104412,0.0,0.5223631256434021,0.5,1.0,0.0,0.9568345323741008,0.5683453237410072,10,15,0.33978794384784494,9.410015757510605,0.13893429172878594,True,0.4112496478141332,1.183712285030707,2.5296071617332134,-0.4714223738544083,0.33978794384784494,0.6604920689104412,0.5223631256434021,0.0,0.0,0.0,0.0,0.0,0.0,0.0
20,10,buffer_inverse_volatility,regime_dd_vol_target_25pct_max_1p25,0.25,1.25,overall,139,0.3876084852443318,1.1538021633596185,2.4373418834184335,-0.47142237385440844,0.8222106262695938,0.015180485423496497,0.002624454572086001,0.007458261943503612,0.644921878778043,16.25203134520668,0.023849848490395124,0.0006449218787780429,0.0,0.5097731975858483,0.5,1.0,0.0,0.9928057553956835,0.5683453237410072,10,15,0.33155444219155844,9.410015757510605,0.13893429172878594,False,0.3876084852443318,1.1538021633596185,2.4373418834184335,-0.47142237385440844,0.33155444219155844,0.644921878778043,0.5097731975858483,0.0,0.0,0.0,0.0,0.0,0.0,0.0
20,10,buffer_inverse_volatility,vol_target_25pct_max_1p50,0.25,1.5,overall,139,0.4112496478141332,1.183712285030707,2.5296071617332134,-0.4714223738544083,0.8723592061439609,0.015960760453889604,0.002624454572086001,0.007458261943503612,0.6604920689104412,16.64440013654312,0.0247079885391139,0.0006604920689104412,0.0,0.5223631256434021,0.5,1.0,0.0,0.9568345323741008,0.5683453237410072,10,15,0.33978794384784494,9.410015757510605,0.13893429172878594,True,0.4112496478141332,1.183712285030707,2.5296071617332134,-0.4714223738544083,0.33978794384784494,0.6604920689104412,0.5223631256434021,0.0,0.0,0.0,0.0,0.0,0.0,0.0
20,10,buffer_inverse_volatility,regime_dd_vol_target_25pct_max_1p50,0.25,1.5,overall,139,0.3876084852443318,1.1538021633596185,2.4373418834184335,-0.47142237385440844,0.8222106262695938,0.015180485423496497,0.002624454572086001,0.007458261943503612,0.644921878778043,16.25203134520668,0.023849848490395124,0.0006449218787780429,0.0,0.5097731975858483,0.5,1.0,0.0,0.9928057553956835,0.5683453237410072,10,15,0.33155444219155844,9.410015757510605,0.13893429172878594,False,0.3876084852443318,1.1538021633596185,2.4373418834184335,-0.47142237385440844,0.33155444219155844,0.644921878778043,0.5097731975858483,0.0,0.0,0.0,0.0,0.0,0.0,0.0
20,10,buffer_inverse_volatility,vol_target_30pct_max_1p25,0.3,1.25,overall,139,0.42643311827890207,1.1666504963613318,2.3561218867316733,-0.4972338925819906,0.8576107233249111,0.01667251183843804,0.002624454572086001,0.007458261943503612,0.6985386350343876,17.60317360286657,0.024224786274303405,0.0006985386350343877,0.0,0.5519190116705941,0.5,1.0,0.0,0.9568345323741008,0.5683453237410072,10,15,0.3601312472236001,9.410015757510605,0.13893429172878594,True,0.42643311827890207,1.1666504963613318,2.3561218867316733,-0.4972338925819906,0.3601312472236001,0.6985386350343876,0.5519190116705941,0.0,0.0,0.0,0.0,0.0,0.0,0.0
20,10,buffer_inverse_volatility,regime_dd_vol_target_30pct_max_1p25,0.3,1.25,overall,139,0.4026614071814276,1.1403733273228163,2.279926123964732,-0.49535739996743977,0.8128704793910313,0.015872950037253915,0.002624454572086001,0.007458261943503612,0.6802408682021828,17.142069878695004,0.023489660818724976,0.0006802408682021828,0.0,0.5373206323342836,0.5,1.0,0.0,0.9928057553956835,0.5683453237410072,10,15,0.35076087045796656,9.410015757510605,0.13893429172878594,False,0.4026614071814276,1.1403733273228163,2.279926123964732,-0.49535739996743977,0.35076087045796656,0.6802408682021828,0.5373206323342836,0.0,0.0,0.0,0.0,0.0,0.0,0.0
20,10,buffer_inverse_volatility,vol_target_30pct_max_1p50,0.3,1.5,overall,139,0.42643311827890207,1.1666504963613318,2.3561218867316733,-0.4972338925819906,0.8576107233249111,0.01667251183843804,0.002624454572086001,0.007458261943503612,0.6985386350343876,17.60317360286657,0.024224786274303405,0.0006985386350343877,0.0,0.5519190116705941,0.5,1.0,0.0,0.9568345323741008,0.5683453237410072,10,15,0.3601312472236001,9.410015757510605,0.13893429172878594,True,0.42643311827890207,1.1666504963613318,2.3561218867316733,-0.4972338925819906,0.3601312472236001,0.6985386350343876,0.5519190116705941,0.0,0.0,0.0,0.0,0.0,0.0,0.0
20,10,buffer_inverse_volatility,regime_dd_vol_target_30pct_max_1p50,0.3,1.5,overall,139,0.4026614071814276,1.1403733273228163,2.279926123964732,-0.49535739996743977,0.8128704793910313,0.015872950037253915,0.002624454572086001,0.007458261943503612,0.6802408682021828,17.142069878695004,0.023489660818724976,0.0006802408682021828,0.0,0.5373206323342836,0.5,1.0,0.0,0.9928057553956835,0.5683453237410072,10,15,0.35076087045796656,9.410015757510605,0.13893429172878594,False,0.4026614071814276,1.1403733273228163,2.279926123964732,-0.49535739996743977,0.35076087045796656,0.6802408682021828,0.5373206323342836,0.0,0.0,0.0,0.0,0.0,0.0,0.0
20,10,equal_weight,static_1x,,1.0,overall,139,0.5451146844162564,1.0470231918687425,2.0169246371188545,-0.7650950873664673,0.712479655689066,0.02357092157590989,0.002624454572086001,0.007458261943503612,1.1618705035971224,29.279136690647483,0.018617853735775625,0.0011618705035971223,0.0,1.0,1.0,1.0,0.0,0.0,0.5539568345323741,20,30,0.5673104744248999,19.999999999999996,0.049999999999999996,False,0.6733204069087542,1.0911263010272112,2.3806395125144366,-0.7706330106942669,0.6701459239387281,1.3553956834532375,1.0,-0.12820572249249773,-0.04410310915846871,-0.3637148753955821,0.0055379233277996764,-0.10283544951382817,-0.19352517985611506,0.0
20,10,equal_weight,legacy_risk_scaled,,1.0,overall,139,0.34534396269000345,1.089198180282207,1.9863630015275533,-0.4886028653223091,0.7067988896507917,0.013793714776830257,0.002624454572086001,0.007458261943503612,0.6327697841726619,15.945798561151081,0.0216573639360633,0.000632769784172662,0.0,0.5341726618705037,0.45,1.0,0.0,0.8705035971223022,0.5539568345323741,20,30,0.31913532235801223,19.999999999999996,0.049999999999999996,False,0.428110029075651,1.1308072354033507,2.115395876795119,-0.5711258140670186,0.3785880921496672,0.7301438848920864,0.5341726618705037,-0.08276606638564754,-0.04160905512114366,-0.1290328752675658,0.08252294874470945,-0.05945276979165498,-0.09737410071942443,0.0
20,10,equal_weight,vol_target_20pct_max_1p25,0.2,1.25,overall,139,0.31481369357803013,1.0795928098257543,2.1246076611100886,-0.4891529565363787,0.6435894731316363,0.012585285546650391,0.002624454572086001,0.007458261943503612,0.6090443701366315,15.347918127443114,0.020511817365973694,0.0006090443701366316,0.0,0.521802575779602,0.5,1.0,0.0,0.9568345323741008,0.5539568345323741,20,30,0.29376742128060074,19.999999999999996,0.049999999999999996,False,0.3879857851348867,1.1143425499836281,2.4689481720476336,-0.5110482515584063,0.3483325993827444,0.7071942446043167,0.5215827338129496,-0.07317209155685656,-0.0347497401578738,-0.34434051093754503,0.021895295022027583,-0.054565178102143674,-0.0981498744676852,0.00021984196665236766
20,10,equal_weight,regime_dd_vol_target_20pct_max_1p25,0.2,1.25,overall,139,0.2918974622374275,1.0357839385682375,1.9896847212998048,-0.4891529565363786,0.5967406684083263,0.011813418301362665,0.002624454572086001,0.007458261943503612,0.59469185215102,14.986234674205704,0.01947770527975524,0.00059469185215102,0.0,0.5092126477220481,0.5,1.0,0.0,0.9928057553956835,0.5539568345323741,20,30,0.2874133592048616,19.999999999999996,0.049999999999999996,False,0.36276587762099965,1.0804527930026075,2.3525668586884256,-0.5010064769207914,0.3395136450838579,0.6915827338129497,0.5089928057553957,-0.07086841538357214,-0.044668854434370076,-0.36288213738862085,0.011853520384412786,-0.05210028587899629,-0.0968908816619296,0.00021984196665236766
20,10,equal_weight,vol_target_20pct_max_1p50,0.2,1.5,overall,139,0.31481369357803013,1.0795928098257543,2.1246076611100886,-0.4891529565363787,0.6435894731316363,0.012585285546650391,0.002624454572086001,0.007458261943503612,0.6090443701366315,15.347918127443114,0.020511817365973694,0.0006090443701366316,0.0,0.521802575779602,0.5,1.0,0.0,0.9568345323741008,0.5539568345323741,20,30,0.29376742128060074,19.999999999999996,0.049999999999999996,False,0.3879857851348867,1.1143425499836281,2.4689481720476336,-0.5110482515584063,0.3483325993827444,0.7071942446043167,0.5215827338129496,-0.07317209155685656,-0.0347497401578738,-0.34434051093754503,0.021895295022027583,-0.054565178102143674,-0.0981498744676852,0.00021984196665236766
20,10,equal_weight,regime_dd_vol_target_20pct_max_1p50,0.2,1.5,overall,139,0.2918974622374275,1.0357839385682375,1.9896847212998048,-0.4891529565363786,0.5967406684083263,0.011813418301362665,0.002624454572086001,0.007458261943503612,0.59469185215102,14.986234674205704,0.01947770527975524,0.00059469185215102,0.0,0.5092126477220481,0.5,1.0,0.0,0.9928057553956835,0.5539568345323741,20,30,0.2874133592048616,19.999999999999996,0.049999999999999996,False,0.36276587762099965,1.0804527930026075,2.3525668586884256,-0.5010064769207914,0.3395136450838579,0.6915827338129497,0.5089928057553957,-0.07086841538357214,-0.044668854434370076,-0.36288213738862085,0.011853520384412786,-0.05210028587899629,-0.0968908816619296,0.00021984196665236766
20,10,equal_weight,vol_target_25pct_max_1p25,0.25,1.25,overall,139,0.31246266672606615,1.0492450829945084,1.9774850089324398,-0.5061684239891189,0.6173096778015991,0.01262785348421121,0.002624454572086001,0.007458261943503612,0.6243972027301173,15.734809508798957,0.019858052081999214,0.0006243972027301174,0.0,0.5345023408827729,0.5,1.0,0.0,0.9568345323741008,0.5539568345323741,20,30,0.3032865371109755,19.999999999999996,0.049999999999999996,False,0.390826150885607,1.1176585421643763,2.4788561250817533,-0.5116041704273231,0.3494880868465633,0.708506873115536,0.5223859396762905,-0.07836348415954086,-0.06841345916986796,-0.5013711161493135,0.005435746438204214,-0.04620154973558782,-0.08410967038541861,0.012116401206482386
20,10,equal_weight,regime_dd_vol_target_25pct_max_1p25,0.25,1.25,overall,139,0.2892868539492184,1.004993580154828,1.8507087889927218,-0.5068029394650202,0.5708073719039373,0.011845302669383755,0.002624454572086001,0.007458261943503612,0.6098035516343049,15.367049501184482,0.018825139720342565,0.0006098035516343051,0.0,0.5217546569348169,0.5,1.0,0.0,0.9928057553956835,0.5539568345323741,20,30,0.2970184418715231,19.999999999999996,0.049999999999999996,False,0.36506134844854143,1.0830596697459924,2.359655961515393,-0.502566128371182,0.34058099877880993,0.6925623648196877,0.5096049807317448,-0.07577449449932305,-0.07806608959116446,-0.5089471725226713,-0.004236811093838222,-0.04356255690728683,-0.0827588131853828,0.012149676203072168
20,10,equal_weight,vol_target_25pct_max_1p50,0.25,1.5,overall,139,0.31246266672606615,1.0492450829945084,1.9774850089324398,-0.5061684239891189,0.6173096778015991,0.01262785348421121,0.002624454572086001,0.007458261943503612,0.6243972027301173,15.734809508798957,0.019858052081999214,0.0006243972027301174,0.0,0.5345023408827729,0.5,1.0,0.0,0.9568345323741008,0.5539568345323741,20,30,0.3032865371109755,19.999999999999996,0.049999999999999996,False,0.390826150885607,1.1176585421643763,2.4788561250817533,-0.5116041704273231,0.3494880868465633,0.708506873115536,0.5223859396762905,-0.07836348415954086,-0.06841345916986796,-0.5013711161493135,0.005435746438204214,-0.04620154973558782,-0.08410967038541861,0.012116401206482386
20,10,equal_weight,regime_dd_vol_target_25pct_max_1p50,0.25,1.5,overall,139,0.2892868539492184,1.004993580154828,1.8507087889927218,-0.5068029394650202,0.5708073719039373,0.011845302669383755,0.002624454572086001,0.007458261943503612,0.6098035516343049,15.367049501184482,0.018825139720342565,0.0006098035516343051,0.0,0.5217546569348169,0.5,1.0,0.0,0.9928057553956835,0.5539568345323741,20,30,0.2970184418715231,19.999999999999996,0.049999999999999996,False,0.36506134844854143,1.0830596697459924,2.359655961515393,-0.502566128371182,0.34058099877880993,0.6925623648196877,0.5096049807317448,-0.07577449449932305,-0.07806608959116446,-0.5089471725226713,-0.004236811093838222,-0.04356255690728683,-0.0827588131853828,0.012149676203072168
20,10,equal_weight,vol_target_30pct_max_1p25,0.3,1.25,overall,139,0.33162325573235996,1.0212294527572443,1.8324780086461039,-0.5548015372465741,0.5977331234123355,0.013621899378567755,0.002624454572086001,0.007458261943503612,0.688278950377092,17.344629549502717,0.019119650540006364,0.000688278950377092,0.0,0.5871959923566024,0.5,1.0,0.0,0.9568345323741008,0.5539568345323741,20,30,0.3361358834815219,19.999999999999996,0.049999999999999996,False,0.3876799198854657,1.0760691080770002,2.2421607424593475,-0.5508253479981627,0.36650523824470116,0.7398273029198523,0.543617593239216,-0.05605666415310573,-0.054839655319755876,-0.4096827338132436,-0.003976189248411366,-0.030369354763179257,-0.051548352542760356,0.04357839911738637
20,10,equal_weight,regime_dd_vol_target_30pct_max_1p25,0.3,1.25,overall,139,0.31490279544529987,1.0111295790364836,1.8145362183908447,-0.5255550853299393,0.5991813308163623,0.012942344924675516,0.002624454572086001,0.007458261943503612,0.6618387418382993,16.678336294325142,0.01888094770894184,0.0006618387418382993,0.0,0.5653943779950545,0.5,1.0,0.0,0.9928057553956835,0.5539568345323741,20,30,0.322557166622118,19.999999999999996,0.049999999999999996,False,0.3664962005434427,1.0562011129249167,2.1714799228374977,-0.5340702777474322,0.35495882498216613,0.7174361376318764,0.5266104232947569,-0.05159340509814281,-0.0450715338884331,-0.356943704446653,0.008515192417492878,-0.03240165836004816,-0.05559739579357714,0.03878395470029761
20,10,equal_weight,vol_target_30pct_max_1p50,0.3,1.5,overall,139,0.33162325573235996,1.0212294527572443,1.8324780086461039,-0.5548015372465741,0.5977331234123355,0.013621899378567755,0.002624454572086001,0.007458261943503612,0.688278950377092,17.344629549502717,0.019119650540006364,0.000688278950377092,0.0,0.5871959923566024,0.5,1.0,0.0,0.9568345323741008,0.5539568345323741,20,30,0.3361358834815219,19.999999999999996,0.049999999999999996,False,0.3876799198854657,1.0760691080770002,2.2421607424593475,-0.5508253479981627,0.36650523824470116,0.7398273029198523,0.543617593239216,-0.05605666415310573,-0.054839655319755876,-0.4096827338132436,-0.003976189248411366,-0.030369354763179257,-0.051548352542760356,0.04357839911738637
20,10,equal_weight,regime_dd_vol_target_30pct_max_1p50,0.3,1.5,overall,139,0.31490279544529987,1.0111295790364836,1.8145362183908447,-0.5255550853299393,0.5991813308163623,0.012942344924675516,0.002624454572086001,0.007458261943503612,0.6618387418382993,16.678336294325142,0.01888094770894184,0.0006618387418382993,0.0,0.5653943779950545,0.5,1.0,0.0,0.9928057553956835,0.5539568345323741,20,30,0.322557166622118,19.999999999999996,0.049999999999999996,False,0.3664962005434427,1.0562011129249167,2.1714799228374977,-0.5340702777474322,0.35495882498216613,0.7174361376318764,0.5266104232947569,-0.05159340509814281,-0.0450715338884331,-0.356943704446653,0.008515192417492878,-0.03240165836004816,-0.05559739579357714,0.03878395470029761
20,10,buffer_inverse_volatility,static_1x,,1.0,overall,139,0.5992187294775237,1.1165391324537908,2.077892039104305,-0.7219220893350959,0.8300324070003394,0.024811721694166997,0.002624454572086001,0.007458261943503612,1.0630309005221725,26.788378693158748,0.022368607534675216,0.0010630309005221722,0.0,1.0,1.0,1.0,0.0,0.0,0.5611510791366906,20,30,0.5599941538268344,18.598519904954053,0.07710636570155203,True,0.7448254695982648,1.1697988080365898,2.502171915883131,-0.7527126684014007,0.6515221734796005,1.2616649189693598,1.0,-0.14560674012074104,-0.05325967558279898,-0.42427987677882584,0.03079057906630478,-0.09152801965276613,-0.1986340184471873,0.0
20,10,buffer_inverse_volatility,legacy_risk_scaled,,1.0,overall,139,0.37323946483765047,1.1532642491738891,2.078396156127622,-0.4475533093591779,0.8339553233827439,0.014611027476417135,0.002624454572086001,0.007458261943503612,0.5843625286554045,14.725935722116192,0.025345721445537726,0.0005843625286554046,0.0,0.5341726618705037,0.45,1.0,0.0,0.8705035971223022,0.5611510791366906,20,30,0.319265851403493,18.598519904954053,0.07710636570155203,True,0.44280489120061395,1.1976540903513335,2.2581998914141455,-0.5216633114203608,0.36064458047490616,0.6826397815167569,0.5341726618705037,-0.06956542636296348,-0.04438984117744438,-0.17980373528652338,0.0741100020611829,-0.041378729071413156,-0.09827725286135236,0.0
20,10,buffer_inverse_volatility,vol_target_20pct_max_1p25,0.2,1.25,overall,139,0.33476851647477956,1.1412692296058542,2.1533563251790593,-0.44553396939444134,0.7513871881189859,0.01315412472449067,0.002624454572086001,0.007458261943503612,0.5578042113260921,14.056666125417522,0.023815641168957197,0.0005578042113260922,0.0,0.522127713663562,0.5,1.0,0.0,0.9568345323741008,0.5611510791366906,20,30,0.29045201119778313,18.598519904954053,0.07710636570155203,True,0.40971058771260394,1.183410398961898,2.5364805995537263,-0.4704576757583149,0.3386119547106306,0.659534349001208,0.5215827338129496,-0.07494207123782437,-0.04214116935604384,-0.383124274374667,0.024923706363873532,-0.04815994351284747,-0.10173013767511585,0.0005449798506124148
20,10,buffer_inverse_volatility,regime_dd_vol_target_20pct_max_1p25,0.2,1.25,overall,139,0.31249325624101654,1.0992119119221866,2.0284285795291517,-0.44553396939444123,0.7013904162363863,0.01241889961146433,0.002624454572086001,0.007458261943503612,0.5442999670204998,13.716359168916593,0.022782522125053047,0.0005442999670204999,0.0,0.5095377856060082,0.5,1.0,0.0,0.9928057553956835,0.5611510791366906,20,30,0.28470967864752844,18.598519904954053,0.07710636570155203,True,0.3860952073778037,1.1535010298981008,2.4440510426168993,-0.4704576757583149,0.3303455894487855,0.6439641588688099,0.5089928057553957,-0.07360195113678714,-0.05428911797591418,-0.41562246308774764,0.024923706363873643,-0.04563591080125706,-0.0996641918483101,0.0005449798506124148
20,10,buffer_inverse_volatility,vol_target_20pct_max_1p50,0.2,1.5,overall,139,0.33476851647477956,1.1412692296058542,2.1533563251790593,-0.44553396939444134,0.7513871881189859,0.01315412472449067,0.002624454572086001,0.007458261943503612,0.5578042113260921,14.056666125417522,0.023815641168957197,0.0005578042113260922,0.0,0.522127713663562,0.5,1.0,0.0,0.9568345323741008,0.5611510791366906,20,30,0.29045201119778313,18.598519904954053,0.07710636570155203,True,0.40971058771260394,1.183410398961898,2.5364805995537263,-0.4704576757583149,0.3386119547106306,0.659534349001208,0.5215827338129496,-0.07494207123782437,-0.04214116935604384,-0.383124274374667,0.024923706363873532,-0.04815994351284747,-0.10173013767511585,0.0005449798506124148
20,10,buffer_inverse_volatility,regime_dd_vol_target_20pct_max_1p50,0.2,1.5,overall,139,0.31249325624101654,1.0992119119221866,2.0284285795291517,-0.44553396939444123,0.7013904162363863,0.01241889961146433,0.002624454572086001,0.007458261943503612,0.5442999670204998,13.716359168916593,0.022782522125053047,0.0005442999670204999,0.0,0.5095377856060082,0.5,1.0,0.0,0.9928057553956835,0.5611510791366906,20,30,0.28470967864752844,18.598519904954053,0.07710636570155203,True,0.3860952073778037,1.1535010298981008,2.4440510426168993,-0.4704576757583149,0.3303455894487855,0.6439641588688099,0.5089928057553957,-0.07360195113678714,-0.05428911797591418,-0.41562246308774764,0.024923706363873643,-0.04563591080125706,-0.0996641918483101,0.0005449798506124148
20,10,buffer_inverse_volatility,vol_target_25pct_max_1p25,0.25,1.25,overall,139,0.33372669122434173,1.1059617203664849,1.9944101837493906,-0.46480943872152314,0.7179860463726173,0.013260946131521387,0.002624454572086001,0.007458261943503612,0.573564803141159,14.453833039157207,0.023089148070289396,0.0005735648031411589,0.0,0.5377130906693146,0.5,1.0,0.0,0.9568345323741008,0.5611510791366906,20,30,0.3021585976805801,18.598519904954053,0.07710636570155203,False,0.4112496478141332,1.183712285030707,2.5296071617332134,-0.4714223738544083,0.33978794384784494,0.6604920689104412,0.5223631256434021,-0.07752295658979147,-0.07775056466422203,-0.5351969779838228,0.006612935132885189,-0.03762934616726482,-0.08692726576928222,0.01534996502591246
20,10,buffer_inverse_volatility,regime_dd_vol_target_25pct_max_1p25,0.25,1.25,overall,139,0.31168119635135283,1.066679726495025,1.8896005506912619,-0.4643312108750878,0.6712475686567618,0.012522610141687086,0.002624454572086001,0.007458261943503612,0.5594069087399786,14.09705410024746,0.02210966873893756,0.0005594069087399785,0.0,0.5245388150710226,0.5,1.0,0.0,0.9928057553956835,0.5611510791366906,20,30,0.2958430424167121,18.598519904954053,0.07710636570155203,False,0.3876084852443318,1.1538021633596185,2.4373418834184335,-0.47142237385440844,0.33155444219155844,0.644921878778043,0.5097731975858483,-0.07592728889297895,-0.08712243686459353,-0.5477413327271716,0.007091162979320664,-0.03571139977484633,-0.08551497003806441,0.014765617485174354
20,10,buffer_inverse_volatility,vol_target_25pct_max_1p50,0.25,1.5,overall,139,0.33372669122434173,1.1059617203664849,1.9944101837493906,-0.46480943872152314,0.7179860463726173,0.013260946131521387,0.002624454572086001,0.007458261943503612,0.573564803141159,14.453833039157207,0.023089148070289396,0.0005735648031411589,0.0,0.5377130906693146,0.5,1.0,0.0,0.9568345323741008,0.5611510791366906,20,30,0.3021585976805801,18.598519904954053,0.07710636570155203,False,0.4112496478141332,1.183712285030707,2.5296071617332134,-0.4714223738544083,0.33978794384784494,0.6604920689104412,0.5223631256434021,-0.07752295658979147,-0.07775056466422203,-0.5351969779838228,0.006612935132885189,-0.03762934616726482,-0.08692726576928222,0.01534996502591246
20,10,buffer_inverse_volatility,regime_dd_vol_target_25pct_max_1p50,0.25,1.5,overall,139,0.31168119635135283,1.066679726495025,1.8896005506912619,-0.4643312108750878,0.6712475686567618,0.012522610141687086,0.002624454572086001,0.007458261943503612,0.5594069087399786,14.09705410024746,0.02210966873893756,0.0005594069087399785,0.0,0.5245388150710226,0.5,1.0,0.0,0.9928057553956835,0.5611510791366906,20,30,0.2958430424167121,18.598519904954053,0.07710636570155203,False,0.3876084852443318,1.1538021633596185,2.4373418834184335,-0.47142237385440844,0.33155444219155844,0.644921878778043,0.5097731975858483,-0.07592728889297895,-0.08712243686459353,-0.5477413327271716,0.007091162979320664,-0.03571139977484633,-0.08551497003806441,0.014765617485174354
20,10,buffer_inverse_volatility,vol_target_30pct_max_1p25,0.3,1.25,overall,139,0.3553341888943782,1.073595115787474,1.8412622556435574,-0.5128866277768196,0.6928123480906979,0.01433862415485873,0.002624454572086001,0.007458261943503612,0.630903017139845,15.898756031924092,0.0223498107764457,0.0006309030171398449,0.0,0.5916993595833872,0.5,1.0,0.0,0.9568345323741008,0.5611510791366906,20,30,0.33656387160200957,18.598519904954053,0.07710636570155203,False,0.42643311827890207,1.1666504963613318,2.3561218867316733,-0.4972338925819906,0.3601312472236001,0.6985386350343876,0.5519190116705941,-0.07109892938452389,-0.09305538057385787,-0.5148596310881159,-0.015652735194829015,-0.02356737562159056,-0.06763561789454264,0.03978034791279306
20,10,buffer_inverse_volatility,regime_dd_vol_target_30pct_max_1p25,0.3,1.25,overall,139,0.33732237752120753,1.0684259223950991,1.8379182282846778,-0.4798258490408225,0.7030100153952084,0.013600493753899781,0.002624454572086001,0.007458261943503612,0.6063084029803832,15.278971755105657,0.022077557503729733,0.0006063084029803832,0.0,0.5675672399606946,0.5,1.0,0.0,0.9928057553956835,0.5611510791366906,20,30,0.3207825974775756,18.598519904954053,0.07710636570155203,False,0.4026614071814276,1.1403733273228163,2.279926123964732,-0.49535739996743977,0.35076087045796656,0.6802408682021828,0.5373206323342836,-0.0653390296602201,-0.07194740492771712,-0.44200789568005416,0.015531550926617288,-0.029978272980390963,-0.07393246522179953,0.03024660762641096
20,10,buffer_inverse_volatility,vol_target_30pct_max_1p50,0.3,1.5,overall,139,0.3553341888943782,1.073595115787474,1.8412622556435574,-0.5128866277768196,0.6928123480906979,0.01433862415485873,0.002624454572086001,0.007458261943503612,0.630903017139845,15.898756031924092,0.0223498107764457,0.0006309030171398449,0.0,0.5916993595833872,0.5,1.0,0.0,0.9568345323741008,0.5611510791366906,20,30,0.33656387160200957,18.598519904954053,0.07710636570155203,False,0.42643311827890207,1.1666504963613318,2.3561218867316733,-0.4972338925819906,0.3601312472236001,0.6985386350343876,0.5519190116705941,-0.07109892938452389,-0.09305538057385787,-0.5148596310881159,-0.015652735194829015,-0.02356737562159056,-0.06763561789454264,0.03978034791279306
20,10,buffer_inverse_volatility,regime_dd_vol_target_30pct_max_1p50,0.3,1.5,overall,139,0.33732237752120753,1.0684259223950991,1.8379182282846778,-0.4798258490408225,0.7030100153952084,0.013600493753899781,0.002624454572086001,0.007458261943503612,0.6063084029803832,15.278971755105657,0.022077557503729733,0.0006063084029803832,0.0,0.5675672399606946,0.5,1.0,0.0,0.9928057553956835,0.5611510791366906,20,30,0.3207825974775756,18.598519904954053,0.07710636570155203,False,0.4026614071814276,1.1403733273228163,2.279926123964732,-0.49535739996743977,0.35076087045796656,0.6802408682021828,0.5373206323342836,-0.0653390296602201,-0.07194740492771712,-0.44200789568005416,0.015531550926617288,-0.029978272980390963,-0.07393246522179953,0.03024660762641096
20,10,equal_weight,static_1x,,1.0,overall,139,0.499198126672467,1.0425017783924095,1.86172428084792,-0.7207303580761282,0.6926281390518845,0.02134658694262836,0.002624454572086001,0.007458261943503612,1.0575539568345325,26.650359712230216,0.018731384193789252,0.0010575539568345323,0.0,1.0,1.0,1.0,0.0,0.0,0.5827338129496403,30,45,0.5160029480081618,30.0,0.03333333333333333,True,0.6733204069087542,1.0911263010272112,2.3806395125144366,-0.7706330106942669,0.6701459239387281,1.3553956834532375,1.0,-0.17412228023628717,-0.04862452263480166,-0.5189152316665167,0.049902652618138754,-0.15414297593056625,-0.297841726618705,0.0
20,10,equal_weight,legacy_risk_scaled,,1.0,overall,139,0.31577054197000876,1.1123094301187713,1.9437561567257113,-0.45081923234859245,0.7004371582041151,0.01249925601176634,0.002624454572086001,0.007458261943503612,0.5808393285371702,14.63715107913669,0.021573224206184332,0.0005808393285371703,0.0,0.5341726618705037,0.45,1.0,0.0,0.8705035971223022,0.5827338129496403,30,45,0.28317772282383546,30.0,0.03333333333333333,False,0.428110029075651,1.1308072354033507,2.115395876795119,-0.5711258140670186,0.3785880921496672,0.7301438848920864,0.5341726618705037,-0.11233948710564223,-0.01849780528457945,-0.17163972006940775,0.12030658171842612,-0.09541036932583175,-0.14930455635491613,0.0
20,10,equal_weight,vol_target_20pct_max_1p25,0.2,1.25,overall,139,0.2749709275536911,1.0421790475872208,1.8362054681212627,-0.4502052499742827,0.610767927671653,0.011085684426141794,0.002624454572086001,0.007458261943503612,0.5593661550334805,14.096027106843708,0.019506980617268466,0.0005593661550334805,0.0,0.5255579062588412,0.5,1.0,0.0,0.9568345323741008,0.5755395683453237,30,45,0.26805302619115784,30.0,0.03333333333333333,False,0.3879857851348867,1.1143425499836281,2.4689481720476336,-0.5110482515584063,0.3483325993827444,0.7071942446043167,0.5215827338129496,-0.11301485758119556,-0.07216350239640734,-0.6327427039263709,0.06084300158412359,-0.08027957319158657,-0.14782808957083615,0.003975172445891628
20,10,equal_weight,regime_dd_vol_target_20pct_max_1p25,0.2,1.25,overall,139,0.25740544356790496,1.0015027478484466,1.733465281490965,-0.45020524997428246,0.5717513147228047,0.010489122454867487,0.002624454572086001,0.007458261943503612,0.5464404955610583,13.77030048813867,0.01869279786520464,0.0005464404955610584,0.0,0.5129679782012874,0.5,1.0,0.0,0.9928057553956835,0.5755395683453237,30,45,0.26392926672494765,30.0,0.03333333333333333,False,0.36276587762099965,1.0804527930026075,2.3525668586884256,-0.5010064769207914,0.3395136450838579,0.6915827338129497,0.5089928057553957,-0.1053604340530947,-0.07895004515416093,-0.6191015771974606,0.050801226946508904,-0.07558437835891024,-0.14514223825189132,0.003975172445891628
20,10,equal_weight,vol_target_20pct_max_1p50,0.2,1.5,overall,139,0.2749709275536911,1.0421790475872208,1.8362054681212627,-0.4502052499742827,0.610767927671653,0.011085684426141794,0.002624454572086001,0.007458261943503612,0.5593661550334805,14.096027106843708,0.019506980617268466,0.0005593661550334805,0.0,0.5255579062588412,0.5,1.0,0.0,0.9568345323741008,0.5755395683453237,30,45,0.26805302619115784,30.0,0.03333333333333333,False,0.3879857851348867,1.1143425499836281,2.4689481720476336,-0.5110482515584063,0.3483325993827444,0.7071942446043167,0.5215827338129496,-0.11301485758119556,-0.07216350239640734,-0.6327427039263709,0.06084300158412359,-0.08027957319158657,-0.14782808957083615,0.003975172445891628
20,10,equal_weight,regime_dd_vol_target_20pct_max_1p50,0.2,1.5,overall,139,0.25740544356790496,1.0015027478484466,1.733465281490965,-0.45020524997428246,0.5717513147228047,0.010489122454867487,0.002624454572086001,0.007458261943503612,0.5464404955610583,13.77030048813867,0.01869279786520464,0.0005464404955610584,0.0,0.5129679782012874,0.5,1.0,0.0,0.9928057553956835,0.5755395683453237,30,45,0.26392926672494765,30.0,0.03333333333333333,False,0.36276587762099965,1.0804527930026075,2.3525668586884256,-0.5010064769207914,0.3395136450838579,0.6915827338129497,0.5089928057553957,-0.1053604340530947,-0.07895004515416093,-0.6191015771974606,0.050801226946508904,-0.07558437835891024,-0.14514223825189132,0.003975172445891628
20,10,equal_weight,vol_target_25pct_max_1p25,0.25,1.25,overall,139,0.2735759758942087,0.9839116111114613,1.6081310427274946,-0.48632258521171523,0.5625401414888235,0.011279236738600713,0.002624454572086001,0.007458261943503612,0.602752866580489,15.189372237828323,0.018011012674564803,0.0006027528665804891,0.0,0.5640967809285677,0.5,1.0,0.0,0.9568345323741008,0.5827338129496403,30,45,0.28888445120761824,30.0,0.03333333333333333,False,0.390826150885607,1.1176585421643763,2.4788561250817533,-0.5116041704273231,0.3494880868465633,0.708506873115536,0.5223859396762905,-0.11725017499139834,-0.13374693105291502,-0.8707250823542587,0.02528158521560786,-0.06060363563894505,-0.10575400653504696,0.0417108412522772
20,10,equal_weight,regime_dd_vol_target_25pct_max_1p25,0.25,1.25,overall,139,0.2572034449557117,0.9554284307728356,1.5502638456227562,-0.47566318638906036,0.5407259849311454,0.010681883850222998,0.002624454572086001,0.007458261943503612,0.5853376364488702,14.750508438511527,0.017436920634151785,0.0005853376364488701,0.0,0.5481098979839247,0.5,1.0,0.0,0.9928057553956835,0.5827338129496403,30,45,0.2817411167133471,30.0,0.03333333333333333,False,0.36506134844854143,1.0830596697459924,2.359655961515393,-0.502566128371182,0.34058099877880993,0.6925623648196877,0.5096049807317448,-0.10785790349282975,-0.12763123897315687,-0.8093921158926369,0.02690294198212162,-0.05883988206546281,-0.10722472837081753,0.03850491725217997
20,10,equal_weight,vol_target_25pct_max_1p50,0.25,1.5,overall,139,0.2735759758942087,0.9839116111114613,1.6081310427274946,-0.48632258521171523,0.5625401414888235,0.011279236738600713,0.002624454572086001,0.007458261943503612,0.602752866580489,15.189372237828323,0.018011012674564803,0.0006027528665804891,0.0,0.5640967809285677,0.5,1.0,0.0,0.9568345323741008,0.5827338129496403,30,45,0.28888445120761824,30.0,0.03333333333333333,False,0.390826150885607,1.1176585421643763,2.4788561250817533,-0.5116041704273231,0.3494880868465633,0.708506873115536,0.5223859396762905,-0.11725017499139834,-0.13374693105291502,-0.8707250823542587,0.02528158521560786,-0.06060363563894505,-0.10575400653504696,0.0417108412522772
20,10,equal_weight,regime_dd_vol_target_25pct_max_1p50,0.25,1.5,overall,139,0.2572034449557117,0.9554284307728356,1.5502638456227562,-0.47566318638906036,0.5407259849311454,0.010681883850222998,0.002624454572086001,0.007458261943503612,0.5853376364488702,14.750508438511527,0.017436920634151785,0.0005853376364488701,0.0,0.5481098979839247,0.5,1.0,0.0,0.9928057553956835,0.5827338129496403,30,45,0.2817411167133471,30.0,0.03333333333333333,False,0.36506134844854143,1.0830596697459924,2.359655961515393,-0.502566128371182,0.34058099877880993,0.6925623648196877,0.5096049807317448,-0.10785790349282975,-0.12763123897315687,-0.8093921158926369,0.02690294198212162,-0.05883988206546281,-0.10722472837081753,0.03850491725217997
20,10,equal_weight,vol_target_30pct_max_1p25,0.3,1.25,overall,139,0.30239966172636223,0.96652222374861,1.5182080794623691,-0.5429246654477556,0.5569827288597582,0.012697317672935261,0.002624454572086001,0.007458261943503612,0.6852036090044323,17.267130946911696,0.01751302301790025,0.0006852036090044324,0.0,0.6397121792570495,0.5,1.0,0.0,0.9568345323741008,0.5827338129496403,30,45,0.33105540410335416,30.0,0.03333333333333333,False,0.3876799198854657,1.0760691080770002,2.2421607424593475,-0.5508253479981627,0.36650523824470116,0.7398273029198523,0.543617593239216,-0.08528025815910345,-0.10954688432839021,-0.7239526629969784,0.007900682550407101,-0.035449834141347,-0.05462369391541999,0.0960945860178335
20,10,equal_weight,regime_dd_vol_target_30pct_max_1p25,0.3,1.25,overall,139,0.3053170668729819,1.0290579403997515,1.7079648313644933,-0.47950227022318426,0.636737479325952,0.012446576171362973,0.002624454572086001,0.007458261943503612,0.637519758811713,16.065497922055165,0.01900451939642867,0.0006375197588117129,0.0,0.595476382694636,0.5,1.0,0.0,0.9928057553956835,0.5827338129496403,30,45,0.3047969479702026,30.0,0.03333333333333333,False,0.3664962005434427,1.0562011129249167,2.1714799228374977,-0.5340702777474322,0.35495882498216613,0.7174361376318764,0.5266104232947569,-0.061179133670460795,-0.027143172525165182,-0.4635150914730044,0.05456800752424795,-0.05016187701196351,-0.07991637882016345,0.06886595939987905
20,10,equal_weight,vol_target_30pct_max_1p50,0.3,1.5,overall,139,0.30239966172636223,0.96652222374861,1.5182080794623691,-0.5429246654477556,0.5569827288597582,0.012697317672935261,0.002624454572086001,0.007458261943503612,0.6852036090044323,17.267130946911696,0.01751302301790025,0.0006852036090044324,0.0,0.6397121792570495,0.5,1.0,0.0,0.9568345323741008,0.5827338129496403,30,45,0.33105540410335416,30.0,0.03333333333333333,False,0.3876799198854657,1.0760691080770002,2.2421607424593475,-0.5508253479981627,0.36650523824470116,0.7398273029198523,0.543617593239216,-0.08528025815910345,-0.10954688432839021,-0.7239526629969784,0.007900682550407101,-0.035449834141347,-0.05462369391541999,0.0960945860178335
20,10,equal_weight,regime_dd_vol_target_30pct_max_1p50,0.3,1.5,overall,139,0.3053170668729819,1.0290579403997515,1.7079648313644933,-0.47950227022318426,0.636737479325952,0.012446576171362973,0.002624454572086001,0.007458261943503612,0.637519758811713,16.065497922055165,0.01900451939642867,0.0006375197588117129,0.0,0.595476382694636,0.5,1.0,0.0,0.9928057553956835,0.5827338129496403,30,45,0.3047969479702026,30.0,0.03333333333333333,False,0.3664962005434427,1.0562011129249167,2.1714799228374977,-0.5340702777474322,0.35495882498216613,0.7174361376318764,0.5266104232947569,-0.061179133670460795,-0.027143172525165182,-0.4635150914730044,0.05456800752424795,-0.05016187701196351,-0.07991637882016345,0.06886595939987905
20,10,buffer_inverse_volatility,static_1x,,1.0,overall,139,0.4929321387476808,1.0544540943034255,1.8802416752749758,-0.7247555207176825,0.6801357487550551,0.020827393480123888,0.002624454572086001,0.007458261943503612,0.9714135783613613,24.479622174706304,0.020136427565332505,0.0009714135783613615,0.0,1.0,1.0,1.0,0.0,0.0,0.60431654676259,30,45,0.4977460076589102,27.442415102016287,0.056814245106066204,False,0.7448254695982648,1.1697988080365898,2.502171915883131,-0.7527126684014007,0.6515221734796005,1.2616649189693598,1.0,-0.25189333085058396,-0.11534471373316424,-0.621930240608155,0.027957147683718264,-0.1537761658206903,-0.2902513406079985,0.0
20,10,buffer_inverse_volatility,legacy_risk_scaled,,1.0,overall,139,0.32226145926545935,1.1347076557553966,2.0472711360956914,-0.45862619044240105,0.7026669343820046,0.012663854864985986,0.002624454572086001,0.007458261943503612,0.5356282753895754,13.4978325398173,0.023875052406734137,0.0005356282753895753,0.0,0.5341726618705037,0.45,1.0,0.0,0.8705035971223022,0.60431654676259,30,45,0.2812434912014377,27.442415102016287,0.056814245106066204,False,0.44280489120061395,1.1976540903513335,2.2581998914141455,-0.5216633114203608,0.36064458047490616,0.6826397815167569,0.5341726618705037,-0.1205434319351546,-0.06294643459593696,-0.210928755318454,0.06303712097795977,-0.07940108927346845,-0.1470115061271815,0.0
20,10,buffer_inverse_volatility,vol_target_20pct_max_1p25,0.2,1.25,overall,139,0.2661861077119587,1.0359168271871189,1.790879246341712,-0.4579333730895162,0.5812769353674623,0.010742896094578033,0.002624454572086001,0.007458261943503612,0.5168547494403724,13.024739685897384,0.02043696182275131,0.0005168547494403724,0.0,0.5320354808646586,0.5,1.0,0.0,0.9568345323741008,0.60431654676259,30,45,0.2613346694236735,27.442415102016287,0.056814245106066204,False,0.40971058771260394,1.183410398961898,2.5364805995537263,-0.4704576757583149,0.3386119547106306,0.659534349001208,0.5215827338129496,-0.14352448000064522,-0.14749357177477918,-0.7456013532120143,0.01252430266879867,-0.0772772852869571,-0.14267959956083565,0.010452747051708955
20,10,buffer_inverse_volatility,regime_dd_vol_target_20pct_max_1p25,0.2,1.25,overall,139,0.25120037183064614,1.0010688167864474,1.7036426314648974,-0.4579333730895162,0.5485522274471615,0.010228486262743641,0.002624454572086001,0.007458261943503612,0.5056297036583599,12.741868532190669,0.019714563150296297,0.0005056297036583598,0.0,0.5194455528071047,0.5,1.0,0.0,0.9928057553956835,0.60431654676259,30,45,0.25748265204042,27.442415102016287,0.056814245106066204,False,0.3860952073778037,1.1535010298981008,2.4440510426168993,-0.4704576757583149,0.3303455894487855,0.6439641588688099,0.5089928057553957,-0.13489483554715753,-0.15243221311165334,-0.740408411152002,0.01252430266879867,-0.07286293740836552,-0.13833445521044996,0.010452747051708955
20,10,buffer_inverse_volatility,vol_target_20pct_max_1p50,0.2,1.5,overall,139,0.2661861077119587,1.0359168271871189,1.790879246341712,-0.4579333730895162,0.5812769353674623,0.010742896094578033,0.002624454572086001,0.007458261943503612,0.5168547494403724,13.024739685897384,0.02043696182275131,0.0005168547494403724,0.0,0.5320354808646586,0.5,1.0,0.0,0.9568345323741008,0.60431654676259,30,45,0.2613346694236735,27.442415102016287,0.056814245106066204,False,0.40971058771260394,1.183410398961898,2.5364805995537263,-0.4704576757583149,0.3386119547106306,0.659534349001208,0.5215827338129496,-0.14352448000064522,-0.14749357177477918,-0.7456013532120143,0.01252430266879867,-0.0772772852869571,-0.14267959956083565,0.010452747051708955
20,10,buffer_inverse_volatility,regime_dd_vol_target_20pct_max_1p50,0.2,1.5,overall,139,0.25120037183064614,1.0010688167864474,1.7036426314648974,-0.4579333730895162,0.5485522274471615,0.010228486262743641,0.002624454572086001,0.007458261943503612,0.5056297036583599,12.741868532190669,0.019714563150296297,0.0005056297036583598,0.0,0.5194455528071047,0.5,1.0,0.0,0.9928057553956835,0.60431654676259,30,45,0.25748265204042,27.442415102016287,0.056814245106066204,False,0.3860952073778037,1.1535010298981008,2.4440510426168993,-0.4704576757583149,0.3303455894487855,0.6439641588688099,0.5089928057553957,-0.13489483554715753,-0.15243221311165334,-0.740408411152002,0.01252430266879867,-0.07286293740836552,-0.13833445521044996,0.010452747051708955
20,10,buffer_inverse_volatility,vol_target_25pct_max_1p25,0.25,1.25,overall,139,0.2709519191517078,0.9796456016347409,1.5637633834418867,-0.49697162192742717,0.5452060182045464,0.01118690337486863,0.002624454572086001,0.007458261943503612,0.5618186211798231,14.15782925373154,0.01913795641237118,0.0005618186211798231,0.0,0.5798256170388265,0.5,1.0,0.0,0.9568345323741008,0.60431654676259,30,45,0.2877672952098846,27.442415102016287,0.056814245106066204,False,0.4112496478141332,1.183712285030707,2.5296071617332134,-0.4714223738544083,0.33978794384784494,0.6604920689104412,0.5223631256434021,-0.1402977286624254,-0.204066683395966,-0.9658437782913267,-0.025549248073018838,-0.052020648637960354,-0.09867344773061815,0.057462491395424364
20,10,buffer_inverse_volatility,regime_dd_vol_target_25pct_max_1p25,0.25,1.25,overall,139,0.2601069221546892,0.972436000677315,1.5761016070039677,-0.48435681658564433,0.5370150955823225,0.010734332355597903,0.002624454572086001,0.007458261943503612,0.5439410997755096,13.707315714342842,0.01897577378206316,0.0005439410997755096,0.0,0.5594264717954935,0.5,1.0,0.0,0.9928057553956835,0.60431654676259,30,45,0.278172728254257,27.442415102016287,0.056814245106066204,False,0.3876084852443318,1.1538021633596185,2.4373418834184335,-0.47142237385440844,0.33155444219155844,0.644921878778043,0.5097731975858483,-0.12750156308964256,-0.18136616268230354,-0.8612402764144658,-0.012934442731235896,-0.053381713937301456,-0.10098077900253333,0.04965327420964527
20,10,buffer_inverse_volatility,vol_target_25pct_max_1p50,0.25,1.5,overall,139,0.2709519191517078,0.9796456016347409,1.5637633834418867,-0.49697162192742717,0.5452060182045464,0.01118690337486863,0.002624454572086001,0.007458261943503612,0.5618186211798231,14.15782925373154,0.01913795641237118,0.0005618186211798231,0.0,0.5798256170388265,0.5,1.0,0.0,0.9568345323741008,0.60431654676259,30,45,0.2877672952098846,27.442415102016287,0.056814245106066204,False,0.4112496478141332,1.183712285030707,2.5296071617332134,-0.4714223738544083,0.33978794384784494,0.6604920689104412,0.5223631256434021,-0.1402977286624254,-0.204066683395966,-0.9658437782913267,-0.025549248073018838,-0.052020648637960354,-0.09867344773061815,0.057462491395424364
20,10,buffer_inverse_volatility,regime_dd_vol_target_25pct_max_1p50,0.25,1.5,overall,139,0.2601069221546892,0.972436000677315,1.5761016070039677,-0.48435681658564433,0.5370150955823225,0.010734332355597903,0.002624454572086001,0.007458261943503612,0.5439410997755096,13.707315714342842,0.01897577378206316,0.0005439410997755096,0.0,0.5594264717954935,0.5,1.0,0.0,0.9928057553956835,0.60431654676259,30,45,0.278172728254257,27.442415102016287,0.056814245106066204,False,0.3876084852443318,1.1538021633596185,2.4373418834184335,-0.47142237385440844,0.33155444219155844,0.644921878778043,0.5097731975858483,-0.12750156308964256,-0.18136616268230354,-0.8612402764144658,-0.012934442731235896,-0.053381713937301456,-0.10098077900253333,0.04965327420964527
20,10,buffer_inverse_volatility,vol_target_30pct_max_1p25,0.3,1.25,overall,139,0.3059269786672585,0.9669843821475316,1.4964262322297555,-0.5565991726226949,0.5496360643615958,0.0128612913688665,0.002624454572086001,0.007458261943503612,0.645295469897453,16.261445841415817,0.018813024478309407,0.0006452954698974531,6.644996405727463e-07,0.6666497378837483,0.5,1.0465521868199643,0.007194244604316547,0.9496402877697842,0.60431654676259,30,45,0.335170400348811,27.442415102016287,0.056814245106066204,False,0.42643311827890207,1.1666504963613318,2.3561218867316733,-0.4972338925819906,0.3601312472236001,0.6985386350343876,0.5519190116705941,-0.12050613961164358,-0.1996661142138002,-0.8596956545019179,-0.059365280040704294,-0.02496084687478911,-0.05324316513693461,0.11473072621315417
20,10,buffer_inverse_volatility,regime_dd_vol_target_30pct_max_1p25,0.3,1.25,overall,139,0.3012523947988499,1.033060235614424,1.6930435688892849,-0.5016338795144886,0.6005423618724081,0.012253977072517915,0.002624454572086001,0.007458261943503612,0.5879293916906347,14.815820670603996,0.0203331561238834,0.0005879293916906347,6.644996405727463e-07,0.6021572963315792,0.5,1.0465521868199643,0.007194244604316547,0.9856115107913669,0.60431654676259,30,45,0.2989179251912538,27.442415102016287,0.056814245106066204,False,0.4026614071814276,1.1403733273228163,2.279926123964732,-0.49535739996743977,0.35076087045796656,0.6802408682021828,0.5373206323342836,-0.10140901238257771,-0.1073130917083922,-0.5868825550754471,-0.006276479547048797,-0.05184294526671274,-0.09231147651154803,0.0648366639972956
20,10,buffer_inverse_volatility,vol_target_30pct_max_1p50,0.3,1.5,overall,139,0.3059269786672585,0.9669843821475316,1.4964262322297555,-0.5565991726226949,0.5496360643615958,0.0128612913688665,0.002624454572086001,0.007458261943503612,0.645295469897453,16.261445841415817,0.018813024478309407,0.0006452954698974531,6.644996405727463e-07,0.6666497378837483,0.5,1.0465521868199643,0.007194244604316547,0.9496402877697842,0.60431654676259,30,45,0.335170400348811,27.442415102016287,0.056814245106066204,False,0.42643311827890207,1.1666504963613318,2.3561218867316733,-0.4972338925819906,0.3601312472236001,0.6985386350343876,0.5519190116705941,-0.12050613961164358,-0.1996661142138002,-0.8596956545019179,-0.059365280040704294,-0.02496084687478911,-0.05324316513693461,0.11473072621315417
20,10,buffer_inverse_volatility,regime_dd_vol_target_30pct_max_1p50,0.3,1.5,overall,139,0.3012523947988499,1.033060235614424,1.6930435688892849,-0.5016338795144886,0.6005423618724081,0.012253977072517915,0.002624454572086001,0.007458261943503612,0.5879293916906347,14.815820670603996,0.0203331561238834,0.0005879293916906347,6.644996405727463e-07,0.6021572963315792,0.5,1.0465521868199643,0.007194244604316547,0.9856115107913669,0.60431654676259,30,45,0.2989179251912538,27.442415102016287,0.056814245106066204,False,0.4026614071814276,1.1403733273228163,2.279926123964732,-0.49535739996743977,0.35076087045796656,0.6802408682021828,0.5373206323342836,-0.10140901238257771,-0.1073130917083922,-0.5868825550754471,-0.006276479547048797,-0.05184294526671274,-0.09231147651154803,0.0648366639972956
20,10,equal_weight,static_1x,,1.0,overall,139,0.4479850944287489,1.0488663931626179,1.8085896121962028,-0.6799537760189148,0.6588463954883411,0.018738536947922952,0.002624454572086001,0.007458261943503612,0.958273381294964,24.14848920863309,0.01855126797201848,0.0009582733812949641,0.0,1.0,1.0,1.0,0.0,0.0,0.6187050359712231,50,75,0.45021094599457345,50.0,0.02,True,0.6733204069087542,1.0911263010272112,2.3806395125144366,-0.7706330106942669,0.6701459239387281,1.3553956834532375,1.0,-0.22533531248000527,-0.04225990786459333,-0.5720499003182338,0.0906792346753521,-0.21993497794415462,-0.3971223021582735,0.0
20,10,equal_weight,legacy_risk_scaled,,1.0,overall,139,0.2915959939358228,1.148556503401798,2.0236462207356776,-0.41322689758288567,0.7056558893950848,0.011411017760061423,0.002624454572086001,0.007458261943503612,0.5310935251798561,13.383556834532373,0.021787630712894215,0.0005310935251798562,0.0,0.5341726618705037,0.45,1.0,0.0,0.8705035971223022,0.6187050359712231,50,75,0.2503643893024495,50.0,0.02,False,0.428110029075651,1.1308072354033507,2.115395876795119,-0.5711258140670186,0.3785880921496672,0.7301438848920864,0.5341726618705037,-0.13651403513982818,0.017749267998447227,-0.09174965605944152,0.1578989164841329,-0.12822370284721774,-0.19905035971223028,0.0
20,10,equal_weight,vol_target_20pct_max_1p25,0.2,1.25,overall,139,0.239499878929903,0.9978325534196828,1.6000324250802285,-0.437594423365408,0.5473101715693289,0.009745521419416169,0.002624454572086001,0.007458261943503612,0.5333565243950874,13.440584414756202,0.017819156633320194,0.0005333565243950875,0.0,0.5520531864089123,0.5,1.0,0.0,0.9568345323741008,0.6187050359712231,50,75,0.246120593006946,50.0,0.02,False,0.3879857851348867,1.1143425499836281,2.4689481720476336,-0.5110482515584063,0.3483325993827444,0.7071942446043167,0.5215827338129496,-0.1484859062049837,-0.11650999656394534,-0.8689157469674051,0.07345382819299828,-0.10221200637579841,-0.17383772020922927,0.030470452595962705
20,10,equal_weight,regime_dd_vol_target_20pct_max_1p25,0.2,1.25,overall,139,0.22642136610148111,0.9694789077548218,1.534860189459814,-0.438725804838609,0.5160885537261095,0.009274543244658148,0.002624454572086001,0.007458261943503612,0.521646135542809,13.145482615678787,0.017224271844643074,0.0005216461355428091,0.0,0.5386457768734517,0.5,1.0,0.0,0.9928057553956835,0.6187050359712231,50,75,0.24107640495928356,50.0,0.02,False,0.36276587762099965,1.0804527930026075,2.3525668586884256,-0.5010064769207914,0.3395136450838579,0.6915827338129497,0.5089928057553957,-0.13634451151951854,-0.11097388524778573,-0.8177066692286117,0.06228067208218235,-0.09843724012457433,-0.16993659827014063,0.029652971118055982
20,10,equal_weight,vol_target_20pct_max_1p50,0.2,1.5,overall,139,0.239499878929903,0.9978325534196828,1.6000324250802285,-0.437594423365408,0.5473101715693289,0.009745521419416169,0.002624454572086001,0.007458261943503612,0.5333565243950874,13.440584414756202,0.017819156633320194,0.0005333565243950875,0.0,0.5520531864089123,0.5,1.0,0.0,0.9568345323741008,0.6187050359712231,50,75,0.246120593006946,50.0,0.02,False,0.3879857851348867,1.1143425499836281,2.4689481720476336,-0.5110482515584063,0.3483325993827444,0.7071942446043167,0.5215827338129496,-0.1484859062049837,-0.11650999656394534,-0.8689157469674051,0.07345382819299828,-0.10221200637579841,-0.17383772020922927,0.030470452595962705
20,10,equal_weight,regime_dd_vol_target_20pct_max_1p50,0.2,1.5,overall,139,0.22642136610148111,0.9694789077548218,1.534860189459814,-0.438725804838609,0.5160885537261095,0.009274543244658148,0.002624454572086001,0.007458261943503612,0.521646135542809,13.145482615678787,0.017224271844643074,0.0005216461355428091,0.0,0.5386457768734517,0.5,1.0,0.0,0.9928057553956835,0.6187050359712231,50,75,0.24107640495928356,50.0,0.02,False,0.36276587762099965,1.0804527930026075,2.3525668586884256,-0.5010064769207914,0.3395136450838579,0.6915827338129497,0.5089928057553957,-0.13634451151951854,-0.11097388524778573,-0.8177066692286117,0.06228067208218235,-0.09843724012457433,-0.16993659827014063,0.029652971118055982
20,10,equal_weight,vol_target_25pct_max_1p25,0.25,1.25,overall,139,0.2548525133230928,0.9487394066327335,1.4070979574344586,-0.4964394564834681,0.5133607129625476,0.010624001416669861,0.002624454572086001,0.007458261943503612,0.6090589146946607,15.348284650305448,0.016604625150604103,0.0006090589146946606,0.0,0.6270416353406264,0.5,1.0,0.0,0.9568345323741008,0.6187050359712231,50,75,0.28219006592156815,50.0,0.02,False,0.390826150885607,1.1176585421643763,2.4788561250817533,-0.5116041704273231,0.3494880868465633,0.708506873115536,0.5223859396762905,-0.13597363756251424,-0.16891913553164284,-1.0717581676472947,0.01516471394385499,-0.06729802092499515,-0.09944795842087528,0.10465569566433586
20,10,equal_weight,regime_dd_vol_target_25pct_max_1p25,0.25,1.25,overall,139,0.26435027050107474,1.0313676839049402,1.656681814943036,-0.4444014667543409,0.5948456300825037,0.010689127348370556,0.002624454572086001,0.007458261943503612,0.5700843871310153,14.366126555701584,0.018400942625426072,0.0005700843871310154,0.0,0.5873906977857818,0.5,1.0,0.0,0.9928057553956835,0.6187050359712231,50,75,0.2611735983030521,50.0,0.02,False,0.36506134844854143,1.0830596697459924,2.359655961515393,-0.502566128371182,0.34058099877880993,0.6925623648196877,0.5096049807317448,-0.1007110779474667,-0.05169198584105228,-0.7029741465723571,0.058164661616841085,-0.07940740047575784,-0.12247797768867241,0.07778571705403703
20,10,equal_weight,vol_target_25pct_max_1p50,0.25,1.5,overall,139,0.2548525133230928,0.9487394066327335,1.4070979574344586,-0.4964394564834681,0.5133607129625476,0.010624001416669861,0.002624454572086001,0.007458261943503612,0.6090589146946607,15.348284650305448,0.016604625150604103,0.0006090589146946606,0.0,0.6270416353406264,0.5,1.0,0.0,0.9568345323741008,0.6187050359712231,50,75,0.28219006592156815,50.0,0.02,False,0.390826150885607,1.1176585421643763,2.4788561250817533,-0.5116041704273231,0.3494880868465633,0.708506873115536,0.5223859396762905,-0.13597363756251424,-0.16891913553164284,-1.0717581676472947,0.01516471394385499,-0.06729802092499515,-0.09944795842087528,0.10465569566433586
20,10,equal_weight,regime_dd_vol_target_25pct_max_1p50,0.25,1.5,overall,139,0.26435027050107474,1.0313676839049402,1.656681814943036,-0.4444014667543409,0.5948456300825037,0.010689127348370556,0.002624454572086001,0.007458261943503612,0.5700843871310153,14.366126555701584,0.018400942625426072,0.0005700843871310154,0.0,0.5873906977857818,0.5,1.0,0.0,0.9928057553956835,0.6187050359712231,50,75,0.2611735983030521,50.0,0.02,False,0.36506134844854143,1.0830596697459924,2.359655961515393,-0.502566128371182,0.34058099877880993,0.6925623648196877,0.5096049807317448,-0.1007110779474667,-0.05169198584105228,-0.7029741465723571,0.058164661616841085,-0.07940740047575784,-0.12247797768867241,0.07778571705403703
20,10,equal_weight,vol_target_30pct_max_1p25,0.3,1.25,overall,139,0.29287381856803796,0.9394332078505195,1.373955559469285,-0.5627663848370394,0.5204181103547,0.012462349370928251,0.002624454572086001,0.007458261943503612,0.7176791283026044,18.08551403322563,0.01619383435991853,0.0007176791283026044,1.1041988351913097e-06,0.7383155797683876,0.5240163708751414,1.053391522168725,0.02158273381294964,0.935251798561151,0.6187050359712231,50,75,0.3342985978385416,50.0,0.02,False,0.3876799198854657,1.0760691080770002,2.2421607424593475,-0.5508253479981627,0.36650523824470116,0.7398273029198523,0.543617593239216,-0.09480610131742773,-0.13663590022648064,-0.8682051829900626,-0.011941036838876706,-0.03220664040615956,-0.02214817461724794,0.19469798652917158
20,10,equal_weight,regime_dd_vol_target_30pct_max_1p25,0.3,1.25,overall,139,0.3081247523951882,1.1009492231790812,1.8277755750916436,-0.4444014667543411,0.6933477394788061,0.01225198171055053,0.002624454572086001,0.007458261943503612,0.6184123538860187,15.583991317927671,0.019771876543637733,0.0006184123538860186,2.76905187225612e-07,0.6332210624778059,0.5,1.0193988697962775,0.007194244604316547,0.9856115107913669,0.6187050359712231,50,75,0.2804397628932718,50.0,0.02,True,0.3664962005434427,1.0562011129249167,2.1714799228374977,-0.5340702777474322,0.35495882498216613,0.7174361376318764,0.5266104232947569,-0.05837144814825446,0.044748110254164475,-0.3437043477458541,0.0896688109930911,-0.0745190620888943,-0.09902378374585774,0.10661063918304892
20,10,equal_weight,vol_target_30pct_max_1p50,0.3,1.5,overall,139,0.29287381856803796,0.9394332078505195,1.373955559469285,-0.5627663848370394,0.5204181103547,0.012462349370928251,0.002624454572086001,0.007458261943503612,0.7176791283026044,18.08551403322563,0.01619383435991853,0.0007176791283026044,1.1041988351913097e-06,0.7383155797683876,0.5240163708751414,1.053391522168725,0.02158273381294964,0.935251798561151,0.6187050359712231,50,75,0.3342985978385416,50.0,0.02,False,0.3876799198854657,1.0760691080770002,2.2421607424593475,-0.5508253479981627,0.36650523824470116,0.7398273029198523,0.543617593239216,-0.09480610131742773,-0.13663590022648064,-0.8682051829900626,-0.011941036838876706,-0.03220664040615956,-0.02214817461724794,0.19469798652917158
20,10,equal_weight,regime_dd_vol_target_30pct_max_1p50,0.3,1.5,overall,139,0.3081247523951882,1.1009492231790812,1.8277755750916436,-0.4444014667543411,0.6933477394788061,0.01225198171055053,0.002624454572086001,0.007458261943503612,0.6184123538860187,15.583991317927671,0.019771876543637733,0.0006184123538860186,2.76905187225612e-07,0.6332210624778059,0.5,1.0193988697962775,0.007194244604316547,0.9856115107913669,0.6187050359712231,50,75,0.2804397628932718,50.0,0.02,True,0.3664962005434427,1.0562011129249167,2.1714799228374977,-0.5340702777474322,0.35495882498216613,0.7174361376318764,0.5266104232947569,-0.05837144814825446,0.044748110254164475,-0.3437043477458541,0.0896688109930911,-0.0745190620888943,-0.09902378374585774,0.10661063918304892
20,10,buffer_inverse_volatility,static_1x,,1.0,overall,139,0.39501038278791545,0.9968542546246154,1.7165021995160918,-0.6646707524352296,0.5942948164044697,0.01682173133549693,0.002624454572086001,0.007458261943503612,0.8696775585516647,21.91587447550195,0.018023938913752532,0.0008696775585516647,0.0,1.0,1.0,1.0,0.0,0.0,0.60431654676259,50,75,0.42524534322638086,44.96083169505976,0.03590534003498226,False,0.7448254695982648,1.1697988080365898,2.502171915883131,-0.7527126684014007,0.6515221734796005,1.2616649189693598,1.0,-0.34981508681034934,-0.17294455341197434,-0.785669716367039,0.08804191596617117,-0.22627683025321965,-0.3919873604176951,0.0
20,10,buffer_inverse_volatility,legacy_risk_scaled,,1.0,overall,139,0.2580895169231887,1.0917405227455794,1.8730170677388878,-0.41047557746313545,0.6287573027322619,0.010231125133152594,0.002624454572086001,0.007458261943503612,0.4866572075581507,12.263761630465396,0.021044890197641136,0.00048665720755815067,0.0,0.5341726618705037,0.45,1.0,0.0,0.8705035971223022,0.60431654676259,50,75,0.23615900297174286,44.96083169505976,0.03590534003498226,False,0.44280489120061395,1.1976540903513335,2.2581998914141455,-0.5216633114203608,0.36064458047490616,0.6826397815167569,0.5341726618705037,-0.18471537427742524,-0.1059135676057541,-0.3851828236752577,0.11118773395722537,-0.1244855775031633,-0.1959825739586062,0.0
20,10,buffer_inverse_volatility,vol_target_20pct_max_1p25,0.2,1.25,overall,139,0.21824229675121054,0.945649421112632,1.4831288965663463,-0.4229950523768019,0.5159452705768326,0.008996591309365125,0.002624454572086001,0.007458261943503612,0.502044409466964,12.651519118567494,0.01725028391498978,0.000502044409466964,0.0,0.5723552464839697,0.5,1.0,0.0,0.9568345323741008,0.60431654676259,50,75,0.23974434492779995,44.96083169505976,0.03590534003498226,False,0.40971058771260394,1.183410398961898,2.5364805995537263,-0.4704576757583149,0.3386119547106306,0.659534349001208,0.5215827338129496,-0.1914682909613934,-0.2377609778492661,-1.05335170298738,0.04746262338151297,-0.09886760978283066,-0.15748993953424395,0.05077251267102012
20,10,buffer_inverse_volatility,regime_dd_vol_target_20pct_max_1p25,0.2,1.25,overall,139,0.20884622369173744,0.9343965827428661,1.4709429641762997,-0.42479137267552836,0.4916442214358766,0.008619315135001996,0.002624454572086001,0.007458261943503612,0.48820141851542304,12.30267574658866,0.016975674885168556,0.000488201418515423,0.0,0.5539182820358016,0.5,1.0,0.0,0.9928057553956835,0.60431654676259,50,75,0.2324566949554254,44.96083169505976,0.03590534003498226,False,0.3860952073778037,1.1535010298981008,2.4440510426168993,-0.4704576757583149,0.3303455894487855,0.6439641588688099,0.5089928057553957,-0.17724898368606623,-0.2191044471552347,-0.9731080784405997,0.04566630308278652,-0.0978888944933601,-0.15576274035338683,0.044925476280405885
20,10,buffer_inverse_volatility,vol_target_20pct_max_1p50,0.2,1.5,overall,139,0.21824229675121054,0.945649421112632,1.4831288965663463,-0.4229950523768019,0.5159452705768326,0.008996591309365125,0.002624454572086001,0.007458261943503612,0.502044409466964,12.651519118567494,0.01725028391498978,0.000502044409466964,0.0,0.5723552464839697,0.5,1.0,0.0,0.9568345323741008,0.60431654676259,50,75,0.23974434492779995,44.96083169505976,0.03590534003498226,False,0.40971058771260394,1.183410398961898,2.5364805995537263,-0.4704576757583149,0.3386119547106306,0.659534349001208,0.5215827338129496,-0.1914682909613934,-0.2377609778492661,-1.05335170298738,0.04746262338151297,-0.09886760978283066,-0.15748993953424395,0.05077251267102012
20,10,buffer_inverse_volatility,regime_dd_vol_target_20pct_max_1p50,0.2,1.5,overall,139,0.20884622369173744,0.9343965827428661,1.4709429641762997,-0.42479137267552836,0.4916442214358766,0.008619315135001996,0.002624454572086001,0.007458261943503612,0.48820141851542304,12.30267574658866,0.016975674885168556,0.000488201418515423,0.0,0.5539182820358016,0.5,1.0,0.0,0.9928057553956835,0.60431654676259,50,75,0.2324566949554254,44.96083169505976,0.03590534003498226,False,0.3860952073778037,1.1535010298981008,2.4440510426168993,-0.4704576757583149,0.3303455894487855,0.6439641588688099,0.5089928057553957,-0.17724898368606623,-0.2191044471552347,-0.9731080784405997,0.04566630308278652,-0.0978888944933601,-0.15576274035338683,0.044925476280405885
20,10,buffer_inverse_volatility,vol_target_25pct_max_1p25,0.25,1.25,overall,139,0.24247145563028916,0.9138298144167636,1.3578505589018977,-0.4866065414995254,0.49829057966029344,0.010230022851337655,0.002624454572086001,0.007458261943503612,0.5890492221212986,14.844040397456725,0.01633459955227773,0.0005890492221212986,4.6160247848575264e-07,0.6682066430716596,0.5,1.0285430737901513,0.014388489208633094,0.9424460431654677,0.60431654676259,50,75,0.28210567414923227,44.96083169505976,0.03590534003498226,False,0.4112496478141332,1.183712285030707,2.5296071617332134,-0.4714223738544083,0.33978794384784494,0.6604920689104412,0.5223631256434021,-0.16877819218384404,-0.2698824706139433,-1.1717566028313158,-0.015184167645117097,-0.057682269698612676,-0.07144284678914259,0.1458435174282574
20,10,buffer_inverse_volatility,regime_dd_vol_target_25pct_max_1p25,0.25,1.25,overall,139,0.2322769382835368,0.9530537538192729,1.519339539979796,-0.44652079569360104,0.5201928790858004,0.009585748263202262,0.002624454572086001,0.007458261943503612,0.5350337878333948,13.48285145340155,0.017227582688003014,0.0005350337878333947,0.0,0.6043037865434704,0.5,1.0,0.0,0.9928057553956835,0.60431654676259,50,75,0.2534598444890067,44.96083169505976,0.03590534003498226,False,0.3876084852443318,1.1538021633596185,2.4373418834184335,-0.47142237385440844,0.33155444219155844,0.644921878778043,0.5097731975858483,-0.155331546960795,-0.20074840954034556,-0.9180023434386375,0.024901578160807403,-0.07809459770255173,-0.10988809094464813,0.09453058895762212
20,10,buffer_inverse_volatility,vol_target_25pct_max_1p50,0.25,1.5,overall,139,0.24247145563028916,0.9138298144167636,1.3578505589018977,-0.4866065414995254,0.49829057966029344,0.010230022851337655,0.002624454572086001,0.007458261943503612,0.5890492221212986,14.844040397456725,0.01633459955227773,0.0005890492221212986,4.6160247848575264e-07,0.6682066430716596,0.5,1.0285430737901513,0.014388489208633094,0.9424460431654677,0.60431654676259,50,75,0.28210567414923227,44.96083169505976,0.03590534003498226,False,0.4112496478141332,1.183712285030707,2.5296071617332134,-0.4714223738544083,0.33978794384784494,0.6604920689104412,0.5223631256434021,-0.16877819218384404,-0.2698824706139433,-1.1717566028313158,-0.015184167645117097,-0.057682269698612676,-0.07144284678914259,0.1458435174282574
20,10,buffer_inverse_volatility,regime_dd_vol_target_25pct_max_1p50,0.25,1.5,overall,139,0.2322769382835368,0.9530537538192729,1.519339539979796,-0.44652079569360104,0.5201928790858004,0.009585748263202262,0.002624454572086001,0.007458261943503612,0.5350337878333948,13.48285145340155,0.017227582688003014,0.0005350337878333947,0.0,0.6043037865434704,0.5,1.0,0.0,0.9928057553956835,0.60431654676259,50,75,0.2534598444890067,44.96083169505976,0.03590534003498226,False,0.3876084852443318,1.1538021633596185,2.4373418834184335,-0.47142237385440844,0.33155444219155844,0.644921878778043,0.5097731975858483,-0.155331546960795,-0.20074840954034556,-0.9180023434386375,0.024901578160807403,-0.07809459770255173,-0.10988809094464813,0.09453058895762212
20,10,buffer_inverse_volatility,vol_target_30pct_max_1p25,0.3,1.25,overall,139,0.2788771626548512,0.9056632795927491,1.3326236916855654,-0.5537979782617108,0.5035720129029813,0.0120427599039974,0.002624454572086001,0.007458261943503612,0.697830287141536,17.585323235966708,0.015858517862467975,0.000697830287141536,1.2176126202358324e-05,0.7909323864270443,0.5485859117569019,1.2342516885481813,0.10071942446043165,0.8561151079136691,0.60431654676259,50,75,0.3350887205200587,44.96083169505976,0.03590534003498226,False,0.42643311827890207,1.1666504963613318,2.3561218867316733,-0.4972338925819906,0.3601312472236001,0.6985386350343876,0.5519190116705941,-0.14755595562405088,-0.2609872167685827,-1.023498195046108,-0.056564085679720266,-0.0250425267035414,-0.0007083478928515685,0.23901337475645024
20,10,buffer_inverse_volatility,regime_dd_vol_target_30pct_max_1p25,0.3,1.25,overall,139,0.2652879116925564,1.0177704222954707,1.6910338532467821,-0.4444523355654738,0.5968872035626325,0.010774252455537639,0.002624454572086001,0.007458261943503612,0.5717492856867007,14.408081999304857,0.018412437665565457,0.0005717492856867006,1.1014772911827597e-06,0.6400167107527212,0.5,1.0496329471924524,0.03597122302158273,0.9568345323741008,0.60431654676259,50,75,0.2667705367848916,44.96083169505976,0.03590534003498226,False,0.4026614071814276,1.1403733273228163,2.279926123964732,-0.49535739996743977,0.35076087045796656,0.6802408682021828,0.5373206323342836,-0.13737349548887123,-0.12260290502734561,-0.5888922707179498,0.05090506440196596,-0.08399033367307496,-0.10849158251548208,0.10269607841843753
20,10,buffer_inverse_volatility,vol_target_30pct_max_1p50,0.3,1.5,overall,139,0.2788771626548512,0.9056632795927491,1.3326236916855654,-0.5537979782617108,0.5035720129029813,0.0120427599039974,0.002624454572086001,0.007458261943503612,0.697830287141536,17.585323235966708,0.015858517862467975,0.000697830287141536,1.2176126202358324e-05,0.7909323864270443,0.5485859117569019,1.2342516885481813,0.10071942446043165,0.8561151079136691,0.60431654676259,50,75,0.3350887205200587,44.96083169505976,0.03590534003498226,False,0.42643311827890207,1.1666504963613318,2.3561218867316733,-0.4972338925819906,0.3601312472236001,0.6985386350343876,0.5519190116705941,-0.14755595562405088,-0.2609872167685827,-1.023498195046108,-0.056564085679720266,-0.0250425267035414,-0.0007083478928515685,0.23901337475645024
20,10,buffer_inverse_volatility,regime_dd_vol_target_30pct_max_1p50,0.3,1.5,overall,139,0.2652879116925564,1.0177704222954707,1.6910338532467821,-0.4444523355654738,0.5968872035626325,0.010774252455537639,0.002624454572086001,0.007458261943503612,0.5717492856867007,14.408081999304857,0.018412437665565457,0.0005717492856867006,1.1014772911827597e-06,0.6400167107527212,0.5,1.0496329471924524,0.03597122302158273,0.9568345323741008,0.60431654676259,50,75,0.2667705367848916,44.96083169505976,0.03590534003498226,False,0.4026614071814276,1.1403733273228163,2.279926123964732,-0.49535739996743977,0.35076087045796656,0.6802408682021828,0.5373206323342836,-0.13737349548887123,-0.12260290502734561,-0.5888922707179498,0.05090506440196596,-0.08399033367307496,-0.10849158251548208,0.10269607841843753
20,10,equal_weight,static_1x,,1.0,overall,139,0.4087398509510902,1.0565129256841106,1.843035481766301,-0.622409215360508,0.6567059755282423,0.016828233966801366,0.002624454572086001,0.007458261943503612,0.8700239808153477,21.924604316546763,0.018642975036161056,0.0008700239808153477,0.0,1.0,1.0,1.0,0.0,0.0,0.5971223021582733,75,113,0.40138789186019735,74.99999999999999,0.013333333333333334,False,0.6733204069087542,1.0911263010272112,2.3806395125144366,-0.7706330106942669,0.6701459239387281,1.3553956834532375,1.0,-0.26458055595766394,-0.034613375343100605,-0.5376040307481356,0.14822379533375896,-0.2687580320785307,-0.48537170263788976,0.0
20,10,equal_weight,legacy_risk_scaled,,1.0,overall,139,0.25874369515307305,1.1466946968648615,2.046788623716867,-0.3541541235486043,0.7305963080719655,0.010128933301966755,0.002624454572086001,0.007458261943503612,0.4862014388489209,12.252276258992806,0.021118010211626015,0.00048620143884892087,0.0,0.5341726618705037,0.45,1.0,0.0,0.8705035971223022,0.5971223021582733,75,113,0.2225955347202966,74.99999999999999,0.013333333333333334,True,0.428110029075651,1.1308072354033507,2.115395876795119,-0.5711258140670186,0.3785880921496672,0.7301438848920864,0.5341726618705037,-0.16936633392257794,0.015887461461510766,-0.06860725307825222,0.21697169051841425,-0.1559925574293706,-0.24394244604316545,0.0
20,10,equal_weight,vol_target_20pct_max_1p25,0.2,1.25,overall,139,0.22973510948724862,1.001221807334595,1.6311658011066497,-0.40828500938076506,0.5626831850517404,0.009316243059685174,0.002624454572086001,0.007458261943503612,0.5109415964612318,12.875728230823041,0.017842494449151907,0.0005109415964612316,0.0,0.5749529547887012,0.5,1.0,0.0,0.9568345323741008,0.5971223021582733,75,113,0.23448283225977473,74.99999999999999,0.013333333333333334,False,0.3879857851348867,1.1143425499836281,2.4689481720476336,-0.5110482515584063,0.3483325993827444,0.7071942446043167,0.5215827338129496,-0.15825067564763806,-0.11312074264903305,-0.837782370940984,0.10276324217764121,-0.11384976712296968,-0.19625264814308485,0.053370220975751614
20,10,equal_weight,regime_dd_vol_target_20pct_max_1p25,0.2,1.25,overall,139,0.21873066216352077,1.0010259406364526,1.6247916014862764,-0.40233082895211814,0.5436587167163175,0.008856082240704027,0.002624454572086001,0.007458261943503612,0.4944425113688056,12.4599512864939,0.017554696413670273,0.0004944425113688056,0.0,0.5552812254765872,0.5,1.0,0.0,0.9928057553956835,0.5971223021582733,75,113,0.22294454459776325,74.99999999999999,0.013333333333333334,False,0.36276587762099965,1.0804527930026075,2.3525668586884256,-0.5010064769207914,0.3395136450838579,0.6915827338129497,0.5089928057553957,-0.14403521545747888,-0.07942685236615499,-0.7277752572021492,0.09867564796867323,-0.11656910048609465,-0.19714022244414403,0.046288419721191465
20,10,equal_weight,vol_target_20pct_max_1p50,0.2,1.5,overall,139,0.22973510948724862,1.001221807334595,1.6311658011066497,-0.40828500938076506,0.5626831850517404,0.009316243059685174,0.002624454572086001,0.007458261943503612,0.5109415964612318,12.875728230823041,0.017842494449151907,0.0005109415964612316,0.0,0.5749529547887012,0.5,1.0,0.0,0.9568345323741008,0.5971223021582733,75,113,0.23448283225977473,74.99999999999999,0.013333333333333334,False,0.3879857851348867,1.1143425499836281,2.4689481720476336,-0.5110482515584063,0.3483325993827444,0.7071942446043167,0.5215827338129496,-0.15825067564763806,-0.11312074264903305,-0.837782370940984,0.10276324217764121,-0.11384976712296968,-0.19625264814308485,0.053370220975751614
20,10,equal_weight,regime_dd_vol_target_20pct_max_1p50,0.2,1.5,overall,139,0.21873066216352077,1.0010259406364526,1.6247916014862764,-0.40233082895211814,0.5436587167163175,0.008856082240704027,0.002624454572086001,0.007458261943503612,0.4944425113688056,12.4599512864939,0.017554696413670273,0.0004944425113688056,0.0,0.5552812254765872,0.5,1.0,0.0,0.9928057553956835,0.5971223021582733,75,113,0.22294454459776325,74.99999999999999,0.013333333333333334,False,0.36276587762099965,1.0804527930026075,2.3525668586884256,-0.5010064769207914,0.3395136450838579,0.6915827338129497,0.5089928057553957,-0.14403521545747888,-0.07942685236615499,-0.7277752572021492,0.09867564796867323,-0.11656910048609465,-0.19714022244414403,0.046288419721191465
20,10,equal_weight,vol_target_25pct_max_1p25,0.25,1.25,overall,139,0.2646305016189865,0.9822967409766349,1.5192149841133205,-0.47858981836177183,0.5529380096819132,0.010899060715669482,0.002624454572086001,0.007458261943503612,0.6123533760212326,15.431305075735063,0.01714893849355,0.0006123533760212326,4.077800683582756e-07,0.6846172788820328,0.5,1.0285674404689074,0.007194244604316547,0.9496402877697842,0.5971223021582733,75,113,0.2796062722979186,74.99999999999999,0.013333333333333334,False,0.390826150885607,1.1176585421643763,2.4788561250817533,-0.5116041704273231,0.3494880868465633,0.708506873115536,0.5223859396762905,-0.12619564926662052,-0.13536180118774144,-0.9596411409684329,0.033014352065551256,-0.06988181454864467,-0.09615349709430332,0.1622313392057423
20,10,equal_weight,regime_dd_vol_target_25pct_max_1p25,0.25,1.25,overall,139,0.27109124093119097,1.1058898352937283,1.8904865888890812,-0.4108865903145209,0.6597714486707368,0.01073333305611171,0.002624454572086001,0.007458261943503612,0.5516600055037972,13.90183213869569,0.019500396654668968,0.0005516600055037972,0.0,0.6172120928987818,0.5,1.0,0.0,0.9928057553956835,0.5971223021582733,75,113,0.24458131757958934,74.99999999999999,0.013333333333333334,False,0.36506134844854143,1.0830596697459924,2.359655961515393,-0.502566128371182,0.34058099877880993,0.6925623648196877,0.5096049807317448,-0.09397010751735047,0.02283016554773587,-0.469169372626312,0.09167953805666107,-0.09599968119922059,-0.14090235931589046,0.107607112167037
20,10,equal_weight,vol_target_25pct_max_1p50,0.25,1.5,overall,139,0.2646305016189865,0.9822967409766349,1.5192149841133205,-0.47858981836177183,0.5529380096819132,0.010899060715669482,0.002624454572086001,0.007458261943503612,0.6123533760212326,15.431305075735063,0.01714893849355,0.0006123533760212326,4.077800683582756e-07,0.6846172788820328,0.5,1.0285674404689074,0.007194244604316547,0.9496402877697842,0.5971223021582733,75,113,0.2796062722979186,74.99999999999999,0.013333333333333334,False,0.390826150885607,1.1176585421643763,2.4788561250817533,-0.5116041704273231,0.3494880868465633,0.708506873115536,0.5223859396762905,-0.12619564926662052,-0.13536180118774144,-0.9596411409684329,0.033014352065551256,-0.06988181454864467,-0.09615349709430332,0.1622313392057423
20,10,equal_weight,regime_dd_vol_target_25pct_max_1p50,0.25,1.5,overall,139,0.27109124093119097,1.1058898352937283,1.8904865888890812,-0.4108865903145209,0.6597714486707368,0.01073333305611171,0.002624454572086001,0.007458261943503612,0.5516600055037972,13.90183213869569,0.019500396654668968,0.0005516600055037972,0.0,0.6172120928987818,0.5,1.0,0.0,0.9928057553956835,0.5971223021582733,75,113,0.24458131757958934,74.99999999999999,0.013333333333333334,False,0.36506134844854143,1.0830596697459924,2.359655961515393,-0.502566128371182,0.34058099877880993,0.6925623648196877,0.5096049807317448,-0.09397010751735047,0.02283016554773587,-0.469169372626312,0.09167953805666107,-0.09599968119922059,-0.14090235931589046,0.107607112167037
20,10,equal_weight,vol_target_30pct_max_1p25,0.3,1.25,overall,139,0.30396776907669354,0.9706732491421662,1.479552439419326,-0.5481963528764886,0.5544870327606485,0.0127533948480985,0.002624454572086001,0.007458261943503612,0.7268982329586178,18.317835470557167,0.01659408774389695,0.0007268982329586177,1.1198423747045611e-05,0.8125391069770427,0.5757120538066434,1.2342809285626888,0.1079136690647482,0.8489208633093526,0.5971223021582733,75,113,0.3310955055742055,74.99999999999999,0.013333333333333334,False,0.3876799198854657,1.0760691080770002,2.2421607424593475,-0.5508253479981627,0.36650523824470116,0.7398273029198523,0.543617593239216,-0.08371215080877215,-0.10539585893483394,-0.7626083030400215,0.002628995121674138,-0.035409732670495686,-0.012929069961234552,0.2689215137378267
20,10,equal_weight,regime_dd_vol_target_30pct_max_1p25,0.3,1.25,overall,139,0.30197641869940384,1.1510972136583397,2.013036744903969,-0.4108865903145208,0.734938607921593,0.011834026381861743,0.002624454572086001,0.007458261943503612,0.5885845226040214,14.83232996962134,0.020359337967662077,0.0005885845226040213,1.0997343805604769e-06,0.6542918894186449,0.5,1.0660892243741438,0.02877697841726619,0.9640287769784173,0.5971223021582733,75,113,0.2590723539979228,74.99999999999999,0.013333333333333334,True,0.3664962005434427,1.0562011129249167,2.1714799228374977,-0.5340702777474322,0.35495882498216613,0.7174361376318764,0.5266104232947569,-0.06451978184403884,0.09489610073342303,-0.15844317793352847,0.12318368743291142,-0.09588647098424335,-0.12885161502785503,0.12768146612388798
20,10,equal_weight,vol_target_30pct_max_1p50,0.3,1.5,overall,139,0.30396776907669354,0.9706732491421662,1.479552439419326,-0.5481963528764886,0.5544870327606485,0.0127533948480985,0.002624454572086001,0.007458261943503612,0.7268982329586178,18.317835470557167,0.01659408774389695,0.0007268982329586177,1.1198423747045611e-05,0.8125391069770427,0.5757120538066434,1.2342809285626888,0.1079136690647482,0.8489208633093526,0.5971223021582733,75,113,0.3310955055742055,74.99999999999999,0.013333333333333334,False,0.3876799198854657,1.0760691080770002,2.2421607424593475,-0.5508253479981627,0.36650523824470116,0.7398273029198523,0.543617593239216,-0.08371215080877215,-0.10539585893483394,-0.7626083030400215,0.002628995121674138,-0.035409732670495686,-0.012929069961234552,0.2689215137378267
20,10,equal_weight,regime_dd_vol_target_30pct_max_1p50,0.3,1.5,overall,139,0.30197641869940384,1.1510972136583397,2.013036744903969,-0.4108865903145208,0.734938607921593,0.011834026381861743,0.002624454572086001,0.007458261943503612,0.5885845226040214,14.83232996962134,0.020359337967662077,0.0005885845226040213,1.0997343805604769e-06,0.6542918894186449,0.5,1.0660892243741438,0.02877697841726619,0.9640287769784173,0.5971223021582733,75,113,0.2590723539979228,74.99999999999999,0.013333333333333334,True,0.3664962005434427,1.0562011129249167,2.1714799228374977,-0.5340702777474322,0.35495882498216613,0.7174361376318764,0.5266104232947569,-0.06451978184403884,0.09489610073342303,-0.15844317793352847,0.12318368743291142,-0.09588647098424335,-0.12885161502785503,0.12768146612388798
20,10,buffer_inverse_volatility,static_1x,,1.0,overall,139,0.35611968619541146,1.0125276808540618,1.6800928709665017,-0.592019762179576,0.601533443553174,0.014828088657212317,0.002624454572086001,0.007458261943503612,0.737689457715443,18.589774334429165,0.01915675143704464,0.0007376894577154432,0.0,1.0,1.0,1.0,0.0,0.0,0.5899280575539568,75,113,0.369044561672194,67.18198460241598,0.02371463712596976,False,0.7448254695982648,1.1697988080365898,2.502171915883131,-0.7527126684014007,0.6515221734796005,1.2616649189693598,1.0,-0.38870578340285333,-0.157271127182528,-0.8220790449166291,0.16069290622182475,-0.2824776118074065,-0.5239754612539168,0.0
20,10,buffer_inverse_volatility,legacy_risk_scaled,,1.0,overall,139,0.22819545042339895,1.090513395210425,1.865256289395803,-0.34848736968278715,0.6548169898700068,0.009030754629751574,0.002624454572086001,0.007458261943503612,0.4130266191875987,10.408270803527486,0.021924434397504418,0.0004130266191875987,0.0,0.5341726618705037,0.45,1.0,0.0,0.8705035971223022,0.5899280575539568,75,113,0.2086861267997785,67.18198460241598,0.02371463712596976,True,0.44280489120061395,1.1976540903513335,2.2581998914141455,-0.5216633114203608,0.36064458047490616,0.6826397815167569,0.5341726618705037,-0.214609440777215,-0.10714069514090863,-0.39294360201834255,0.17317594173757367,-0.15195845367512767,-0.26961316232915816,0.0
20,10,buffer_inverse_volatility,vol_target_20pct_max_1p25,0.2,1.25,overall,139,0.21284650603541744,0.9579316628471366,1.4837194505290965,-0.39997791157981166,0.5321456507303804,0.008723254361047872,0.002624454572086001,0.007458261943503612,0.4651919458851928,11.722837036306858,0.01815656955532261,0.0004651919458851929,0.0,0.6204027155751413,0.5,1.0,0.0,0.9568345323741008,0.5899280575539568,75,113,0.22947984540467734,67.18198460241598,0.02371463712596976,False,0.40971058771260394,1.183410398961898,2.5364805995537263,-0.4704576757583149,0.3386119547106306,0.659534349001208,0.5215827338129496,-0.1968640816771865,-0.22547873611476144,-1.0527611490246298,0.07047976417850321,-0.10913210930595327,-0.1943424031160152,0.09881998176219164
20,10,buffer_inverse_volatility,regime_dd_vol_target_20pct_max_1p25,0.2,1.25,overall,139,0.20343171720158804,0.9759688105198794,1.5396025199283767,-0.381264855319823,0.5335705989237846,0.008272673503095502,0.002624454572086001,0.007458261943503612,0.4363369360581291,10.995690788664854,0.018501040190335293,0.0004363369360581292,0.0,0.5814741160868656,0.5,1.0,0.0,0.9928057553956835,0.5899280575539568,75,113,0.21360454353757274,67.18198460241598,0.02371463712596976,False,0.3860952073778037,1.1535010298981008,2.4440510426168993,-0.4704576757583149,0.3303455894487855,0.6439641588688099,0.5089928057553957,-0.18266349017621564,-0.1775322193782214,-0.9044485226885226,0.08919282043849186,-0.11674104591121276,-0.20762722281068074,0.07248131033146987
20,10,buffer_inverse_volatility,vol_target_20pct_max_1p50,0.2,1.5,overall,139,0.21284650603541744,0.9579316628471366,1.4837194505290965,-0.39997791157981166,0.5321456507303804,0.008723254361047872,0.002624454572086001,0.007458261943503612,0.4651919458851928,11.722837036306858,0.01815656955532261,0.0004651919458851929,0.0,0.6204027155751413,0.5,1.0,0.0,0.9568345323741008,0.5899280575539568,75,113,0.22947984540467734,67.18198460241598,0.02371463712596976,False,0.40971058771260394,1.183410398961898,2.5364805995537263,-0.4704576757583149,0.3386119547106306,0.659534349001208,0.5215827338129496,-0.1968640816771865,-0.22547873611476144,-1.0527611490246298,0.07047976417850321,-0.10913210930595327,-0.1943424031160152,0.09881998176219164
20,10,buffer_inverse_volatility,regime_dd_vol_target_20pct_max_1p50,0.2,1.5,overall,139,0.20343171720158804,0.9759688105198794,1.5396025199283767,-0.381264855319823,0.5335705989237846,0.008272673503095502,0.002624454572086001,0.007458261943503612,0.4363369360581291,10.995690788664854,0.018501040190335293,0.0004363369360581292,0.0,0.5814741160868656,0.5,1.0,0.0,0.9928057553956835,0.5899280575539568,75,113,0.21360454353757274,67.18198460241598,0.02371463712596976,False,0.3860952073778037,1.1535010298981008,2.4440510426168993,-0.4704576757583149,0.3303455894487855,0.6439641588688099,0.5089928057553957,-0.18266349017621564,-0.1775322193782214,-0.9044485226885226,0.08919282043849186,-0.11674104591121276,-0.20762722281068074,0.07248131033146987
20,10,buffer_inverse_volatility,vol_target_25pct_max_1p25,0.25,1.25,overall,139,0.25053769353521904,0.9451092864127434,1.4206062800676307,-0.46866007728324033,0.5345829646671687,0.010443714677847188,0.002624454572086001,0.007458261943503612,0.5651841342532616,14.242640183182193,0.017590677733406175,0.0005651841342532618,8.75194100683239e-06,0.7524557255615967,0.5069994824392936,1.2332669560298397,0.050359712230215826,0.9064748201438849,0.5899280575539568,75,113,0.2784668542203,67.18198460241598,0.02371463712596976,False,0.4112496478141332,1.183712285030707,2.5296071617332134,-0.4714223738544083,0.33978794384784494,0.6604920689104412,0.5223631256434021,-0.16071195427891416,-0.23860299861796352,-1.1090008816655827,0.002762296571167999,-0.061321089627544956,-0.09530793465717957,0.23009259991819453
20,10,buffer_inverse_volatility,regime_dd_vol_target_25pct_max_1p25,0.25,1.25,overall,139,0.24360815453769313,1.0622383413818732,1.7455384567591543,-0.38361793711723924,0.6350280603882267,0.009734797297967949,0.002624454572086001,0.007458261943503612,0.48007229918397987,12.097821939436292,0.020136530009884097,0.0004800722991839798,0.0,0.6364315681684181,0.5,1.0,0.0,0.9928057553956835,0.5899280575539568,75,113,0.23094336021580414,67.18198460241598,0.02371463712596976,False,0.3876084852443318,1.1538021633596185,2.4373418834184335,-0.47142237385440844,0.33155444219155844,0.644921878778043,0.5097731975858483,-0.14400033070663865,-0.09156382197774526,-0.6918034266592792,0.0878044367371692,-0.1006110819757543,-0.1648495795940631,0.1266583705825698
20,10,buffer_inverse_volatility,vol_target_25pct_max_1p50,0.25,1.5,overall,139,0.25053769353521904,0.9451092864127434,1.4206062800676307,-0.46866007728324033,0.5345829646671687,0.010443714677847188,0.002624454572086001,0.007458261943503612,0.5651841342532616,14.242640183182193,0.017590677733406175,0.0005651841342532618,8.75194100683239e-06,0.7524557255615967,0.5069994824392936,1.2332669560298397,0.050359712230215826,0.9064748201438849,0.5899280575539568,75,113,0.2784668542203,67.18198460241598,0.02371463712596976,False,0.4112496478141332,1.183712285030707,2.5296071617332134,-0.4714223738544083,0.33978794384784494,0.6604920689104412,0.5223631256434021,-0.16071195427891416,-0.23860299861796352,-1.1090008816655827,0.002762296571167999,-0.061321089627544956,-0.09530793465717957,0.23009259991819453
20,10,buffer_inverse_volatility,regime_dd_vol_target_25pct_max_1p50,0.25,1.5,overall,139,0.24360815453769313,1.0622383413818732,1.7455384567591543,-0.38361793711723924,0.6350280603882267,0.009734797297967949,0.002624454572086001,0.007458261943503612,0.48007229918397987,12.097821939436292,0.020136530009884097,0.0004800722991839798,0.0,0.6364315681684181,0.5,1.0,0.0,0.9928057553956835,0.5899280575539568,75,113,0.23094336021580414,67.18198460241598,0.02371463712596976,False,0.3876084852443318,1.1538021633596185,2.4373418834184335,-0.47142237385440844,0.33155444219155844,0.644921878778043,0.5097731975858483,-0.14400033070663865,-0.09156382197774526,-0.6918034266592792,0.0878044367371692,-0.1006110819757543,-0.1648495795940631,0.1266583705825698
20,10,buffer_inverse_volatility,vol_target_30pct_max_1p25,0.3,1.25,overall,139,0.2959909188169265,0.9570424753138147,1.4507259186022918,-0.5383110960552628,0.5498510452152006,0.012475615671640594,0.002624454572086001,0.007458261943503612,0.6681780188991877,16.83808607625953,0.01757865576149133,0.0006681780188991876,5.416596655711404e-05,0.8912004833825131,0.6083993789271523,1.25,0.2733812949640288,0.6834532374100719,0.5899280575539568,75,113,0.3284969299008968,67.18198460241598,0.02371463712596976,False,0.42643311827890207,1.1666504963613318,2.3561218867316733,-0.4972338925819906,0.3601312472236001,0.6985386350343876,0.5519190116705941,-0.13044219946197555,-0.20960802104751708,-0.9053959681293815,-0.04107720347327226,-0.03163431732270333,-0.030360616135199914,0.339281471711919
20,10,buffer_inverse_volatility,regime_dd_vol_target_30pct_max_1p25,0.3,1.25,overall,139,0.2642319031635818,1.0938292189139858,1.8093254020810727,-0.3836179371172389,0.6887892290678497,0.010490434752239472,0.002624454572086001,0.007458261943503612,0.5050361154291757,12.726910108815227,0.020761669635787162,0.0005050361154291759,4.467583468802347e-06,0.6635577253755083,0.5,1.0893181374501106,0.06474820143884892,0.8992805755395683,0.5899280575539568,75,113,0.24168211196525258,67.18198460241598,0.02371463712596976,True,0.4026614071814276,1.1403733273228163,2.279926123964732,-0.49535739996743977,0.35076087045796656,0.6802408682021828,0.5373206323342836,-0.13842950401784582,-0.0465441084088305,-0.4706007218836592,0.11173946285020087,-0.10907875849271398,-0.17520475277300707,0.12623709304122466
20,10,buffer_inverse_volatility,vol_target_30pct_max_1p50,0.3,1.5,overall,139,0.28802975008810194,0.9338815871149855,1.3898632931228847,-0.5383110960552628,0.5350618855876842,0.012266623822135229,0.002624454572086001,0.007458261943503612,0.6720340147986668,16.935257172926402,0.01700769862228969,0.0006720340147986667,6.0343136728191094e-05,0.8943137771487359,0.6083993789271523,1.4799203472358076,0.2733812949640288,0.6834532374100719,0.5899280575539568,75,113,0.33100440632174827,67.18198460241598,0.02371463712596976,False,0.42643311827890207,1.1666504963613318,2.3561218867316733,-0.4972338925819906,0.3601312472236001,0.6985386350343876,0.5519190116705941,-0.13840336819080012,-0.2327689092463463,-0.9662585936087886,-0.04107720347327226,-0.029126840901851858,-0.026504620235720866,0.34239476547814185
20,10,buffer_inverse_volatility,regime_dd_vol_target_30pct_max_1p50,0.3,1.5,overall,139,0.2642319031635818,1.0938292189139858,1.8093254020810727,-0.3836179371172389,0.6887892290678497,0.010490434752239472,0.002624454572086001,0.007458261943503612,0.5050361154291757,12.726910108815227,0.020761669635787162,0.0005050361154291759,4.467583468802347e-06,0.6635577253755083,0.5,1.0893181374501106,0.06474820143884892,0.8992805755395683,0.5899280575539568,75,113,0.24168211196525258,67.18198460241598,0.02371463712596976,True,0.4026614071814276,1.1403733273228163,2.279926123964732,-0.49535739996743977,0.35076087045796656,0.6802408682021828,0.5373206323342836,-0.13842950401784582,-0.0465441084088305,-0.4706007218836592,0.11173946285020087,-0.10907875849271398,-0.17520475277300707,0.12623709304122466
