model_horizon_days,rebalance_every_days,base_policy,exposure_policy,target_volatility,leverage_cap,period,num_rebalances,annualized_net_return,net_sharpe,net_sortino,max_drawdown,calmar,avg_net_return,avg_realized_return_ic,avg_model_target_ic,avg_turnover,annualized_turnover,return_per_annual_turnover,avg_transaction_cost,avg_financing_cost,avg_exposure,min_exposure,max_exposure,leveraged_period_share,deleveraged_period_share,net_hit_rate,breadth_top_n,buffer_rank,annualized_net_volatility,avg_base_effective_n,avg_base_max_weight
20,10,equal_weight,static_1x,,1.0,2021,26,-0.12283830234330462,0.04386382606739496,0.059710523943128355,-0.4150412160651139,-0.2959665151039676,0.0009655661117701722,-0.04151941140090673,-0.054243463635006,1.146153846153846,28.88307692307692,-0.004252950704333014,0.0011461538461538462,0.0,1.0,1.0,1.0,0.0,0.0,0.5,10,15,0.5547228365173348,9.999999999999998,0.10000000000000002
20,10,equal_weight,static_1x,,1.0,2022,26,-0.450855658954073,-0.4689774016304322,-1.2969739148361865,-0.5150349833686614,-0.8753884173171808,-0.013806187569882345,-0.08470086902554524,-0.08391591623005151,1.2923076923076924,32.566153846153846,-0.013844301696907948,0.0012923076923076924,0.0,1.0,1.0,1.0,0.0,0.0,0.3076923076923077,10,15,0.7418607496896044,9.999999999999998,0.10000000000000002
20,10,equal_weight,static_1x,,1.0,2023,25,2.374734202438682,1.8952331681687016,5.996276809102483,-0.3797487422511169,6.25343533295586,0.06029912175269698,0.06177551873293561,0.057163221451042814,1.2960000000000003,32.659200000000006,0.07271256498746698,0.0012959999999999998,0.0,1.0,1.0,1.0,0.0,0.0,0.6,10,15,0.8017682962124607,9.999999999999998,0.10000000000000002
20,10,equal_weight,static_1x,,1.0,2024,26,0.9034232138692218,1.3526395825027078,2.8606384796232813,-0.25643566143643826,3.5230014765054425,0.03287245298614959,-0.017673314871082705,-0.00026514577724847207,1.4461538461538466,36.44307692307693,0.02478998180576638,0.001446153846153846,0.0,1.0,1.0,1.0,0.0,0.0,0.6153846153846154,10,15,0.6124216871712841,9.999999999999998,0.10000000000000002
20,10,equal_weight,static_1x,,1.0,2025,25,2.8335419401164503,2.8537114742611425,4.630073448454289,-0.201070104779008,14.0923084673912,0.059910795441823116,0.09019189801549282,0.10917532406885332,1.4880000000000002,37.497600000000006,0.07556595462420128,0.001488,0.0,1.0,1.0,1.0,0.0,0.0,0.8,10,15,0.5290485946988855,9.999999999999998,0.10000000000000002
20,10,equal_weight,static_1x,,1.0,2026,11,1.4401906122361416,1.5031240454843353,2.956197077398763,-0.3063530294317729,4.701081673347327,0.04610974150847144,0.027895204049558718,0.04338840353177768,1.6181818181818182,40.778181818181814,0.03531767597333146,0.001618181818181818,0.0,1.0,1.0,1.0,0.0,0.0,0.5454545454545454,10,15,0.7730336624606872,9.999999999999998,0.1
20,10,equal_weight,legacy_risk_scaled,,1.0,2021,26,-0.2509635869267407,-0.6166531651785159,-0.6195373684180198,-0.39628709791265426,-0.6332873016775723,-0.00870094736721485,-0.04151941140090673,-0.054243463635006,0.6257692307692309,15.769384615384617,-0.015914608784536877,0.0006257692307692307,0.0,0.5346153846153846,0.45,1.0,0.0,0.8461538461538461,0.5,10,15,0.35557082333363066,9.999999999999998,0.10000000000000002
20,10,equal_weight,legacy_risk_scaled,,1.0,2022,26,-0.18847889456194378,-0.46897740163043217,-1.2969739148361865,-0.25885623923287093,-0.7281218915970782,-0.006212784406447055,-0.08470086902554524,-0.08391591623005151,0.5815384615384616,14.654769230769231,-0.012861266635725146,0.0005815384615384616,0.0,0.44999999999999996,0.45,0.45,0.0,1.0,0.3076923076923077,10,15,0.333837337360322,9.999999999999998,0.10000000000000002
20,10,equal_weight,legacy_risk_scaled,,1.0,2023,25,1.1206716620292232,2.0816204357017654,7.321028072096739,-0.18848059683550034,5.945819786464856,0.03312942509289484,0.06177551873293561,0.057163221451042814,0.6240000000000001,15.724800000000002,0.07126778477495568,0.000624,0.0,0.486,0.45,0.75,0.0,1.0,0.6,10,15,0.4010632764851282,9.999999999999998,0.10000000000000002
20,10,equal_weight,legacy_risk_scaled,,1.0,2024,26,0.8026581200267442,1.5606391246367615,3.8474607878474445,-0.1198764669189546,6.69571051480355,0.027106317615878225,-0.017673314871082705,-0.00026514577724847207,0.9165384615384617,23.096769230769237,0.03475196517777269,0.0009165384615384617,0.0,0.6423076923076922,0.45,1.0,0.0,0.6923076923076923,0.6153846153846154,10,15,0.4376919642323576,9.999999999999998,0.10000000000000002
20,10,equal_weight,legacy_risk_scaled,,1.0,2025,25,1.5336718350668916,3.0067278144461373,6.731171513773746,-0.09103154715055373,16.847696024878147,0.03951660662810188,0.09019189801549282,0.10917532406885332,0.9064,22.841279999999998,0.06714474123459332,0.0009064000000000001,0.0,0.594,0.45,1.0,0.0,0.76,0.8,10,15,0.331196752244634,9.999999999999998,0.10000000000000002
20,10,equal_weight,legacy_risk_scaled,,1.0,2026,11,0.5927614138923716,1.5031240454843353,2.956197077398763,-0.14538208011568632,4.077266011194005,0.02074938367881215,0.027895204049558718,0.04338840353177768,0.7281818181818184,18.350181818181824,0.0323027542596362,0.0007281818181818184,0.0,0.45,0.45,0.45,0.0,1.0,0.5454545454545454,10,15,0.34786514810730923,9.999999999999998,0.1
20,10,equal_weight,vol_target_20pct_max_1p25,0.2,1.25,2021,26,0.07375729142699705,0.36820567714611,0.6113207529814552,-0.28049039011908294,0.2629583544580019,0.005267784964357892,-0.04151941140090673,-0.054243463635006,0.730769230769231,18.41538461538462,0.004005199618007357,0.0007307692307692308,0.0,0.6153846153846154,0.5,1.0,0.0,0.7692307692307693,0.5,10,15,0.3605272524061117,9.999999999999998,0.10000000000000002
20,10,equal_weight,vol_target_20pct_max_1p25,0.2,1.25,2022,26,-0.2120414358863656,-0.4689774016304322,-1.2969739148361865,-0.2839973573484862,-0.7466317217387863,-0.006903093784941173,-0.08470086902554524,-0.08391591623005151,0.6461538461538462,16.283076923076923,-0.013022197026279067,0.0006461538461538462,0.0,0.5,0.5,0.5,0.0,1.0,0.3076923076923077,10,15,0.3709303748448022,9.999999999999998,0.10000000000000002
20,10,equal_weight,vol_target_20pct_max_1p25,0.2,1.25,2023,25,0.9708808525211625,1.8952331681687016,5.996276809102483,-0.20756478252520416,4.677483534102277,0.03014956087634849,0.06177551873293561,0.057163221451042814,0.6480000000000001,16.329600000000003,0.05945527462529164,0.0006479999999999999,0.0,0.5,0.5,0.5,0.0,1.0,0.6,10,15,0.40088414810623035,9.999999999999998,0.10000000000000002
20,10,equal_weight,vol_target_20pct_max_1p25,0.2,1.25,2024,26,0.44347543964693403,1.3526395825027078,2.8606384796232813,-0.13275476275198472,3.340561426601653,0.016436226493074794,-0.017673314871082705,-0.00026514577724847207,0.7230769230769233,18.221538461538465,0.02433798005492292,0.000723076923076923,0.0,0.5,0.5,0.5,0.0,1.0,0.6153846153846154,10,15,0.30621084358564205,9.999999999999998,0.10000000000000002
20,10,equal_weight,vol_target_20pct_max_1p25,0.2,1.25,2025,25,1.0378190760825055,2.8537114742611425,4.630073448454289,-0.100535052389504,10.322957529893875,0.029955397720911558,0.09019189801549282,0.10917532406885332,0.7440000000000001,18.748800000000003,0.05535389337357619,0.000744,0.0,0.5,0.5,0.5,0.0,1.0,0.8,10,15,0.26452429734944277,9.999999999999998,0.10000000000000002
20,10,equal_weight,vol_target_20pct_max_1p25,0.2,1.25,2026,11,0.6660527357141621,1.5031240454843353,2.956197077398763,-0.1607670995031869,4.142966675224236,0.02305487075423572,0.027895204049558718,0.04338840353177768,0.8090909090909091,20.389090909090907,0.03266711295191629,0.000809090909090909,0.0,0.5,0.5,0.5,0.0,1.0,0.5454545454545454,10,15,0.3865168312303436,9.999999999999998,0.1
20,10,equal_weight,regime_dd_vol_target_20pct_max_1p25,0.2,1.25,2021,26,-0.02651200811364751,0.06109435270979499,0.08781754890850081,-0.26571356730364004,-0.09977664438696623,0.0007419324591858359,-0.04151941140090673,-0.054243463635006,0.6473076923076924,16.312153846153848,-0.0016252916913175527,0.0006473076923076924,0.0,0.5480769230769231,0.5,1.0,0.0,0.9615384615384616,0.5,10,15,0.30602988888833105,9.999999999999998,0.10000000000000002
20,10,equal_weight,regime_dd_vol_target_20pct_max_1p25,0.2,1.25,2022,26,-0.2120414358863656,-0.4689774016304322,-1.2969739148361865,-0.2839973573484862,-0.7466317217387863,-0.006903093784941173,-0.08470086902554524,-0.08391591623005151,0.6461538461538462,16.283076923076923,-0.013022197026279067,0.0006461538461538462,0.0,0.5,0.5,0.5,0.0,1.0,0.3076923076923077,10,15,0.3709303748448022,9.999999999999998,0.10000000000000002
20,10,equal_weight,regime_dd_vol_target_20pct_max_1p25,0.2,1.25,2023,25,0.9708808525211625,1.8952331681687016,5.996276809102483,-0.20756478252520416,4.677483534102277,0.03014956087634849,0.06177551873293561,0.057163221451042814,0.6480000000000001,16.329600000000003,0.05945527462529164,0.0006479999999999999,0.0,0.5,0.5,0.5,0.0,1.0,0.6,10,15,0.40088414810623035,9.999999999999998,0.10000000000000002
20,10,equal_weight,regime_dd_vol_target_20pct_max_1p25,0.2,1.25,2024,26,0.44347543964693403,1.3526395825027078,2.8606384796232813,-0.13275476275198472,3.340561426601653,0.016436226493074794,-0.017673314871082705,-0.00026514577724847207,0.7230769230769233,18.221538461538465,0.02433798005492292,0.000723076923076923,0.0,0.5,0.5,0.5,0.0,1.0,0.6153846153846154,10,15,0.30621084358564205,9.999999999999998,0.10000000000000002
20,10,equal_weight,regime_dd_vol_target_20pct_max_1p25,0.2,1.25,2025,25,1.0378190760825055,2.8537114742611425,4.630073448454289,-0.100535052389504,10.322957529893875,0.029955397720911558,0.09019189801549282,0.10917532406885332,0.7440000000000001,18.748800000000003,0.05535389337357619,0.000744,0.0,0.5,0.5,0.5,0.0,1.0,0.8,10,15,0.26452429734944277,9.999999999999998,0.10000000000000002
20,10,equal_weight,regime_dd_vol_target_20pct_max_1p25,0.2,1.25,2026,11,0.6660527357141621,1.5031240454843353,2.956197077398763,-0.1607670995031869,4.142966675224236,0.02305487075423572,0.027895204049558718,0.04338840353177768,0.8090909090909091,20.389090909090907,0.03266711295191629,0.000809090909090909,0.0,0.5,0.5,0.5,0.0,1.0,0.5454545454545454,10,15,0.3865168312303436,9.999999999999998,0.1
20,10,equal_weight,vol_target_20pct_max_1p50,0.2,1.5,2021,26,0.07375729142699705,0.36820567714611,0.6113207529814552,-0.28049039011908294,0.2629583544580019,0.005267784964357892,-0.04151941140090673,-0.054243463635006,0.730769230769231,18.41538461538462,0.004005199618007357,0.0007307692307692308,0.0,0.6153846153846154,0.5,1.0,0.0,0.7692307692307693,0.5,10,15,0.3605272524061117,9.999999999999998,0.10000000000000002
20,10,equal_weight,vol_target_20pct_max_1p50,0.2,1.5,2022,26,-0.2120414358863656,-0.4689774016304322,-1.2969739148361865,-0.2839973573484862,-0.7466317217387863,-0.006903093784941173,-0.08470086902554524,-0.08391591623005151,0.6461538461538462,16.283076923076923,-0.013022197026279067,0.0006461538461538462,0.0,0.5,0.5,0.5,0.0,1.0,0.3076923076923077,10,15,0.3709303748448022,9.999999999999998,0.10000000000000002
20,10,equal_weight,vol_target_20pct_max_1p50,0.2,1.5,2023,25,0.9708808525211625,1.8952331681687016,5.996276809102483,-0.20756478252520416,4.677483534102277,0.03014956087634849,0.06177551873293561,0.057163221451042814,0.6480000000000001,16.329600000000003,0.05945527462529164,0.0006479999999999999,0.0,0.5,0.5,0.5,0.0,1.0,0.6,10,15,0.40088414810623035,9.999999999999998,0.10000000000000002
20,10,equal_weight,vol_target_20pct_max_1p50,0.2,1.5,2024,26,0.44347543964693403,1.3526395825027078,2.8606384796232813,-0.13275476275198472,3.340561426601653,0.016436226493074794,-0.017673314871082705,-0.00026514577724847207,0.7230769230769233,18.221538461538465,0.02433798005492292,0.000723076923076923,0.0,0.5,0.5,0.5,0.0,1.0,0.6153846153846154,10,15,0.30621084358564205,9.999999999999998,0.10000000000000002
20,10,equal_weight,vol_target_20pct_max_1p50,0.2,1.5,2025,25,1.0378190760825055,2.8537114742611425,4.630073448454289,-0.100535052389504,10.322957529893875,0.029955397720911558,0.09019189801549282,0.10917532406885332,0.7440000000000001,18.748800000000003,0.05535389337357619,0.000744,0.0,0.5,0.5,0.5,0.0,1.0,0.8,10,15,0.26452429734944277,9.999999999999998,0.10000000000000002
20,10,equal_weight,vol_target_20pct_max_1p50,0.2,1.5,2026,11,0.6660527357141621,1.5031240454843353,2.956197077398763,-0.1607670995031869,4.142966675224236,0.02305487075423572,0.027895204049558718,0.04338840353177768,0.8090909090909091,20.389090909090907,0.03266711295191629,0.000809090909090909,0.0,0.5,0.5,0.5,0.0,1.0,0.5454545454545454,10,15,0.3865168312303436,9.999999999999998,0.1
20,10,equal_weight,regime_dd_vol_target_20pct_max_1p50,0.2,1.5,2021,26,-0.02651200811364751,0.06109435270979499,0.08781754890850081,-0.26571356730364004,-0.09977664438696623,0.0007419324591858359,-0.04151941140090673,-0.054243463635006,0.6473076923076924,16.312153846153848,-0.0016252916913175527,0.0006473076923076924,0.0,0.5480769230769231,0.5,1.0,0.0,0.9615384615384616,0.5,10,15,0.30602988888833105,9.999999999999998,0.10000000000000002
20,10,equal_weight,regime_dd_vol_target_20pct_max_1p50,0.2,1.5,2022,26,-0.2120414358863656,-0.4689774016304322,-1.2969739148361865,-0.2839973573484862,-0.7466317217387863,-0.006903093784941173,-0.08470086902554524,-0.08391591623005151,0.6461538461538462,16.283076923076923,-0.013022197026279067,0.0006461538461538462,0.0,0.5,0.5,0.5,0.0,1.0,0.3076923076923077,10,15,0.3709303748448022,9.999999999999998,0.10000000000000002
20,10,equal_weight,regime_dd_vol_target_20pct_max_1p50,0.2,1.5,2023,25,0.9708808525211625,1.8952331681687016,5.996276809102483,-0.20756478252520416,4.677483534102277,0.03014956087634849,0.06177551873293561,0.057163221451042814,0.6480000000000001,16.329600000000003,0.05945527462529164,0.0006479999999999999,0.0,0.5,0.5,0.5,0.0,1.0,0.6,10,15,0.40088414810623035,9.999999999999998,0.10000000000000002
20,10,equal_weight,regime_dd_vol_target_20pct_max_1p50,0.2,1.5,2024,26,0.44347543964693403,1.3526395825027078,2.8606384796232813,-0.13275476275198472,3.340561426601653,0.016436226493074794,-0.017673314871082705,-0.00026514577724847207,0.7230769230769233,18.221538461538465,0.02433798005492292,0.000723076923076923,0.0,0.5,0.5,0.5,0.0,1.0,0.6153846153846154,10,15,0.30621084358564205,9.999999999999998,0.10000000000000002
20,10,equal_weight,regime_dd_vol_target_20pct_max_1p50,0.2,1.5,2025,25,1.0378190760825055,2.8537114742611425,4.630073448454289,-0.100535052389504,10.322957529893875,0.029955397720911558,0.09019189801549282,0.10917532406885332,0.7440000000000001,18.748800000000003,0.05535389337357619,0.000744,0.0,0.5,0.5,0.5,0.0,1.0,0.8,10,15,0.26452429734944277,9.999999999999998,0.10000000000000002
20,10,equal_weight,regime_dd_vol_target_20pct_max_1p50,0.2,1.5,2026,11,0.6660527357141621,1.5031240454843353,2.956197077398763,-0.1607670995031869,4.142966675224236,0.02305487075423572,0.027895204049558718,0.04338840353177768,0.8090909090909091,20.389090909090907,0.03266711295191629,0.000809090909090909,0.0,0.5,0.5,0.5,0.0,1.0,0.5454545454545454,10,15,0.3865168312303436,9.999999999999998,0.1
20,10,equal_weight,vol_target_25pct_max_1p25,0.25,1.25,2021,26,0.07050427041017993,0.3597846407306464,0.5957506340629051,-0.28049039011908294,0.25136073424920957,0.005157948476035113,-0.04151941140090673,-0.054243463635006,0.7323194902900347,18.454451155308874,0.0038204479676382927,0.0007323194902900347,0.0,0.6161808631614256,0.5,1.0,0.0,0.7692307692307693,0.5,10,15,0.36127251383528325,9.999999999999998,0.10000000000000002
20,10,equal_weight,vol_target_25pct_max_1p25,0.25,1.25,2022,26,-0.21051797374924253,-0.4621878243260403,-1.2821603914537743,-0.2839973573484862,-0.7412673685231552,-0.006817082094515522,-0.08470086902554524,-0.08391591623005151,0.6479341020431882,16.327939371488345,-0.012893113390465335,0.0006479341020431882,0.0,0.5010212805112259,0.5,0.5151867375237862,0.0,1.0,0.3076923076923077,10,15,0.37168973248547826,9.999999999999998,0.10000000000000002
20,10,equal_weight,vol_target_25pct_max_1p25,0.25,1.25,2023,25,0.9708808525211625,1.8952331681687016,5.996276809102483,-0.20756478252520416,4.677483534102277,0.03014956087634849,0.06177551873293561,0.057163221451042814,0.6480000000000001,16.329600000000003,0.05945527462529164,0.0006479999999999999,0.0,0.5,0.5,0.5,0.0,1.0,0.6,10,15,0.40088414810623035,9.999999999999998,0.10000000000000002
20,10,equal_weight,vol_target_25pct_max_1p25,0.25,1.25,2024,26,0.44347543964693403,1.3526395825027078,2.8606384796232813,-0.13275476275198472,3.340561426601653,0.016436226493074794,-0.017673314871082705,-0.00026514577724847207,0.7230769230769233,18.221538461538465,0.02433798005492292,0.000723076923076923,0.0,0.5,0.5,0.5,0.0,1.0,0.6153846153846154,10,15,0.30621084358564205,9.999999999999998,0.10000000000000002
20,10,equal_weight,vol_target_25pct_max_1p25,0.25,1.25,2025,25,1.0630420153188633,2.8500868493029388,4.7150561448872175,-0.100535052389504,10.573844545286638,0.030505214154578228,0.09019189801549282,0.10917532406885332,0.7472454726539898,18.83058591088054,0.056452944180808776,0.0007472454726539898,0.0,0.502255345017033,0.5,0.5316304345019002,0.0,1.0,0.8,10,15,0.2697220952699684,9.999999999999998,0.10000000000000002
20,10,equal_weight,vol_target_25pct_max_1p25,0.25,1.25,2026,11,0.6668541043179634,1.5014237242970834,2.9430463396820628,-0.16134318680622872,4.133140775995998,0.0230883857296455,0.027895204049558718,0.04338840353177768,0.8104295587314492,20.42282488003252,0.03265239300807742,0.0008104295587314492,0.0,0.5007278412808761,0.5,0.5047878487563018,0.0,1.0,0.5454545454545454,10,15,0.3875170686139643,9.999999999999998,0.1
20,10,equal_weight,regime_dd_vol_target_25pct_max_1p25,0.25,1.25,2021,26,-0.029461256442398498,0.05190821778790496,0.07442896001109386,-0.26571356730364004,-0.11087599606358114,0.0006320959708630563,-0.04151941140090673,-0.054243463635006,0.6488579518284964,16.351220386078108,-0.0018017772219303366,0.0006488579518284962,0.0,0.5488731708537332,0.5,1.0,0.0,0.9615384615384616,0.5,10,15,0.3068650619220559,9.999999999999998,0.10000000000000002
20,10,equal_weight,regime_dd_vol_target_25pct_max_1p25,0.25,1.25,2022,26,-0.2120414358863656,-0.4689774016304322,-1.2969739148361865,-0.2839973573484862,-0.7466317217387863,-0.006903093784941173,-0.08470086902554524,-0.08391591623005151,0.6461538461538462,16.283076923076923,-0.013022197026279067,0.0006461538461538462,0.0,0.5,0.5,0.5,0.0,1.0,0.3076923076923077,10,15,0.3709303748448022,9.999999999999998,0.10000000000000002
20,10,equal_weight,regime_dd_vol_target_25pct_max_1p25,0.25,1.25,2023,25,0.9708808525211625,1.8952331681687016,5.996276809102483,-0.20756478252520416,4.677483534102277,0.03014956087634849,0.06177551873293561,0.057163221451042814,0.6480000000000001,16.329600000000003,0.05945527462529164,0.0006479999999999999,0.0,0.5,0.5,0.5,0.0,1.0,0.6,10,15,0.40088414810623035,9.999999999999998,0.10000000000000002
20,10,equal_weight,regime_dd_vol_target_25pct_max_1p25,0.25,1.25,2024,26,0.44347543964693403,1.3526395825027078,2.8606384796232813,-0.13275476275198472,3.340561426601653,0.016436226493074794,-0.017673314871082705,-0.00026514577724847207,0.7230769230769233,18.221538461538465,0.02433798005492292,0.000723076923076923,0.0,0.5,0.5,0.5,0.0,1.0,0.6153846153846154,10,15,0.30621084358564205,9.999999999999998,0.10000000000000002
20,10,equal_weight,regime_dd_vol_target_25pct_max_1p25,0.25,1.25,2025,25,1.0630420153188633,2.8500868493029388,4.7150561448872175,-0.100535052389504,10.573844545286638,0.030505214154578228,0.09019189801549282,0.10917532406885332,0.7472454726539898,18.83058591088054,0.056452944180808776,0.0007472454726539898,0.0,0.502255345017033,0.5,0.5316304345019002,0.0,1.0,0.8,10,15,0.2697220952699684,9.999999999999998,0.10000000000000002
20,10,equal_weight,regime_dd_vol_target_25pct_max_1p25,0.25,1.25,2026,11,0.6668541043179634,1.5014237242970834,2.9430463396820628,-0.16134318680622872,4.133140775995998,0.0230883857296455,0.027895204049558718,0.04338840353177768,0.8104295587314492,20.42282488003252,0.03265239300807742,0.0008104295587314492,0.0,0.5007278412808761,0.5,0.5047878487563018,0.0,1.0,0.5454545454545454,10,15,0.3875170686139643,9.999999999999998,0.1
20,10,equal_weight,vol_target_25pct_max_1p50,0.25,1.5,2021,26,0.07050427041017993,0.3597846407306464,0.5957506340629051,-0.28049039011908294,0.25136073424920957,0.005157948476035113,-0.04151941140090673,-0.054243463635006,0.7323194902900347,18.454451155308874,0.0038204479676382927,0.0007323194902900347,0.0,0.6161808631614256,0.5,1.0,0.0,0.7692307692307693,0.5,10,15,0.36127251383528325,9.999999999999998,0.10000000000000002
20,10,equal_weight,vol_target_25pct_max_1p50,0.25,1.5,2022,26,-0.21051797374924253,-0.4621878243260403,-1.2821603914537743,-0.2839973573484862,-0.7412673685231552,-0.006817082094515522,-0.08470086902554524,-0.08391591623005151,0.6479341020431882,16.327939371488345,-0.012893113390465335,0.0006479341020431882,0.0,0.5010212805112259,0.5,0.5151867375237862,0.0,1.0,0.3076923076923077,10,15,0.37168973248547826,9.999999999999998,0.10000000000000002
20,10,equal_weight,vol_target_25pct_max_1p50,0.25,1.5,2023,25,0.9708808525211625,1.8952331681687016,5.996276809102483,-0.20756478252520416,4.677483534102277,0.03014956087634849,0.06177551873293561,0.057163221451042814,0.6480000000000001,16.329600000000003,0.05945527462529164,0.0006479999999999999,0.0,0.5,0.5,0.5,0.0,1.0,0.6,10,15,0.40088414810623035,9.999999999999998,0.10000000000000002
20,10,equal_weight,vol_target_25pct_max_1p50,0.25,1.5,2024,26,0.44347543964693403,1.3526395825027078,2.8606384796232813,-0.13275476275198472,3.340561426601653,0.016436226493074794,-0.017673314871082705,-0.00026514577724847207,0.7230769230769233,18.221538461538465,0.02433798005492292,0.000723076923076923,0.0,0.5,0.5,0.5,0.0,1.0,0.6153846153846154,10,15,0.30621084358564205,9.999999999999998,0.10000000000000002
20,10,equal_weight,vol_target_25pct_max_1p50,0.25,1.5,2025,25,1.0630420153188633,2.8500868493029388,4.7150561448872175,-0.100535052389504,10.573844545286638,0.030505214154578228,0.09019189801549282,0.10917532406885332,0.7472454726539898,18.83058591088054,0.056452944180808776,0.0007472454726539898,0.0,0.502255345017033,0.5,0.5316304345019002,0.0,1.0,0.8,10,15,0.2697220952699684,9.999999999999998,0.10000000000000002
20,10,equal_weight,vol_target_25pct_max_1p50,0.25,1.5,2026,11,0.6668541043179634,1.5014237242970834,2.9430463396820628,-0.16134318680622872,4.133140775995998,0.0230883857296455,0.027895204049558718,0.04338840353177768,0.8104295587314492,20.42282488003252,0.03265239300807742,0.0008104295587314492,0.0,0.5007278412808761,0.5,0.5047878487563018,0.0,1.0,0.5454545454545454,10,15,0.3875170686139643,9.999999999999998,0.1
20,10,equal_weight,regime_dd_vol_target_25pct_max_1p50,0.25,1.5,2021,26,-0.029461256442398498,0.05190821778790496,0.07442896001109386,-0.26571356730364004,-0.11087599606358114,0.0006320959708630563,-0.04151941140090673,-0.054243463635006,0.6488579518284964,16.351220386078108,-0.0018017772219303366,0.0006488579518284962,0.0,0.5488731708537332,0.5,1.0,0.0,0.9615384615384616,0.5,10,15,0.3068650619220559,9.999999999999998,0.10000000000000002
20,10,equal_weight,regime_dd_vol_target_25pct_max_1p50,0.25,1.5,2022,26,-0.2120414358863656,-0.4689774016304322,-1.2969739148361865,-0.2839973573484862,-0.7466317217387863,-0.006903093784941173,-0.08470086902554524,-0.08391591623005151,0.6461538461538462,16.283076923076923,-0.013022197026279067,0.0006461538461538462,0.0,0.5,0.5,0.5,0.0,1.0,0.3076923076923077,10,15,0.3709303748448022,9.999999999999998,0.10000000000000002
20,10,equal_weight,regime_dd_vol_target_25pct_max_1p50,0.25,1.5,2023,25,0.9708808525211625,1.8952331681687016,5.996276809102483,-0.20756478252520416,4.677483534102277,0.03014956087634849,0.06177551873293561,0.057163221451042814,0.6480000000000001,16.329600000000003,0.05945527462529164,0.0006479999999999999,0.0,0.5,0.5,0.5,0.0,1.0,0.6,10,15,0.40088414810623035,9.999999999999998,0.10000000000000002
20,10,equal_weight,regime_dd_vol_target_25pct_max_1p50,0.25,1.5,2024,26,0.44347543964693403,1.3526395825027078,2.8606384796232813,-0.13275476275198472,3.340561426601653,0.016436226493074794,-0.017673314871082705,-0.00026514577724847207,0.7230769230769233,18.221538461538465,0.02433798005492292,0.000723076923076923,0.0,0.5,0.5,0.5,0.0,1.0,0.6153846153846154,10,15,0.30621084358564205,9.999999999999998,0.10000000000000002
20,10,equal_weight,regime_dd_vol_target_25pct_max_1p50,0.25,1.5,2025,25,1.0630420153188633,2.8500868493029388,4.7150561448872175,-0.100535052389504,10.573844545286638,0.030505214154578228,0.09019189801549282,0.10917532406885332,0.7472454726539898,18.83058591088054,0.056452944180808776,0.0007472454726539898,0.0,0.502255345017033,0.5,0.5316304345019002,0.0,1.0,0.8,10,15,0.2697220952699684,9.999999999999998,0.10000000000000002
20,10,equal_weight,regime_dd_vol_target_25pct_max_1p50,0.25,1.5,2026,11,0.6668541043179634,1.5014237242970834,2.9430463396820628,-0.16134318680622872,4.133140775995998,0.0230883857296455,0.027895204049558718,0.04338840353177768,0.8104295587314492,20.42282488003252,0.03265239300807742,0.0008104295587314492,0.0,0.5007278412808761,0.5,0.5047878487563018,0.0,1.0,0.5454545454545454,10,15,0.3875170686139643,9.999999999999998,0.1
20,10,equal_weight,vol_target_30pct_max_1p25,0.3,1.25,2021,26,0.004726301344989636,0.1970743519922468,0.2993105403713928,-0.30507330663488763,0.01549234640396147,0.003011291439152684,-0.04151941140090673,-0.054243463635006,0.7740888259770622,19.507038414621967,0.00024228697583570267,0.0007740888259770621,0.0,0.6504750659613957,0.5,1.0,0.0,0.7692307692307693,0.5,10,15,0.38505540421430917,9.999999999999998,0.10000000000000002
20,10,equal_weight,vol_target_30pct_max_1p25,0.3,1.25,2022,26,-0.2243874261006651,-0.47526714882786364,-1.2857859118209751,-0.2839973573484862,-0.7901039227816644,-0.007296908472587789,-0.08470086902554524,-0.08391591623005151,0.6823989221164868,17.196452837335467,-0.013048471578597553,0.0006823989221164868,0.0,0.5236152547030699,0.5,0.6182240850285434,0.0,1.0,0.3076923076923077,10,15,0.3869025956511299,9.999999999999998,0.10000000000000002
20,10,equal_weight,vol_target_30pct_max_1p25,0.3,1.25,2023,25,0.9708808525211625,1.8952331681687016,5.996276809102483,-0.20756478252520416,4.677483534102277,0.03014956087634849,0.06177551873293561,0.057163221451042814,0.6480000000000001,16.329600000000003,0.05945527462529164,0.0006479999999999999,0.0,0.5,0.5,0.5,0.0,1.0,0.6,10,15,0.40088414810623035,9.999999999999998,0.10000000000000002
20,10,equal_weight,vol_target_30pct_max_1p25,0.3,1.25,2024,26,0.459270427259602,1.360709100079762,2.9091345196428953,-0.13575972041873463,3.3829653290610593,0.016961518101910263,-0.017673314871082705,-0.00026514577724847207,0.7324373929224836,18.457422301646584,0.024882695955796088,0.0007324373929224833,0.0,0.5054747681070982,0.5,0.5352994149596229,0.0,1.0,0.6153846153846154,10,15,0.3141231701493608,9.999999999999998,0.10000000000000002
20,10,equal_weight,vol_target_30pct_max_1p25,0.3,1.25,2025,25,1.1957646301874432,2.8036414301226147,4.8688635580570905,-0.10680578864296919,11.195691220301269,0.03335864005483455,0.09019189801549282,0.10917532406885332,0.8084092450036239,20.37191297409132,0.05869672777947746,0.0008084092450036241,0.0,0.5420226716513938,0.5,0.6379565214022802,0.0,1.0,0.8,10,15,0.29983781818528277,9.999999999999998,0.10000000000000002
20,10,equal_weight,vol_target_30pct_max_1p25,0.3,1.25,2026,11,0.6597679560447345,1.3902892143541694,2.5837902759402605,-0.18415103485722795,3.58275453926312,0.02346353947965224,0.027895204049558718,0.04338840353177768,0.8648827558501833,21.795045447424616,0.03027146502797016,0.0008648827558501833,0.0,0.5312351237186845,0.5,0.6057454185075621,0.0,1.0,0.45454545454545453,10,15,0.4252936646436577,9.999999999999998,0.1
20,10,equal_weight,regime_dd_vol_target_30pct_max_1p25,0.3,1.25,2021,26,-0.0890967658139209,-0.11434878774677465,-0.15191368131999708,-0.29080135185268874,-0.30638360257367253,-0.0015145610660193736,-0.04151941140090673,-0.054243463635006,0.6906272875155236,17.403807645391193,-0.005119383506718723,0.0006906272875155235,0.0,0.5831673736537033,0.5,1.0,0.0,0.9615384615384616,0.5,10,15,0.33377650621193194,9.999999999999998,0.10000000000000002
20,10,equal_weight,regime_dd_vol_target_30pct_max_1p25,0.3,1.25,2022,26,-0.2120414358863656,-0.4689774016304322,-1.2969739148361865,-0.2839973573484862,-0.7466317217387863,-0.006903093784941173,-0.08470086902554524,-0.08391591623005151,0.6461538461538462,16.283076923076923,-0.013022197026279067,0.0006461538461538462,0.0,0.5,0.5,0.5,0.0,1.0,0.3076923076923077,10,15,0.3709303748448022,9.999999999999998,0.10000000000000002
20,10,equal_weight,regime_dd_vol_target_30pct_max_1p25,0.3,1.25,2023,25,0.9708808525211625,1.8952331681687016,5.996276809102483,-0.20756478252520416,4.677483534102277,0.03014956087634849,0.06177551873293561,0.057163221451042814,0.6480000000000001,16.329600000000003,0.05945527462529164,0.0006479999999999999,0.0,0.5,0.5,0.5,0.0,1.0,0.6,10,15,0.40088414810623035,9.999999999999998,0.10000000000000002
20,10,equal_weight,regime_dd_vol_target_30pct_max_1p25,0.3,1.25,2024,26,0.459270427259602,1.360709100079762,2.9091345196428953,-0.13575972041873463,3.3829653290610593,0.016961518101910263,-0.017673314871082705,-0.00026514577724847207,0.7324373929224836,18.457422301646584,0.024882695955796088,0.0007324373929224833,0.0,0.5054747681070982,0.5,0.5352994149596229,0.0,1.0,0.6153846153846154,10,15,0.3141231701493608,9.999999999999998,0.10000000000000002
20,10,equal_weight,regime_dd_vol_target_30pct_max_1p25,0.3,1.25,2025,25,1.1957646301874432,2.8036414301226147,4.8688635580570905,-0.10680578864296919,11.195691220301269,0.03335864005483455,0.09019189801549282,0.10917532406885332,0.8084092450036239,20.37191297409132,0.05869672777947746,0.0008084092450036241,0.0,0.5420226716513938,0.5,0.6379565214022802,0.0,1.0,0.8,10,15,0.29983781818528277,9.999999999999998,0.10000000000000002
20,10,equal_weight,regime_dd_vol_target_30pct_max_1p25,0.3,1.25,2026,11,0.6597679560447345,1.3902892143541694,2.5837902759402605,-0.18415103485722795,3.58275453926312,0.02346353947965224,0.027895204049558718,0.04338840353177768,0.8648827558501833,21.795045447424616,0.03027146502797016,0.0008648827558501833,0.0,0.5312351237186845,0.5,0.6057454185075621,0.0,1.0,0.45454545454545453,10,15,0.4252936646436577,9.999999999999998,0.1
20,10,equal_weight,vol_target_30pct_max_1p50,0.3,1.5,2021,26,0.004726301344989636,0.1970743519922468,0.2993105403713928,-0.30507330663488763,0.01549234640396147,0.003011291439152684,-0.04151941140090673,-0.054243463635006,0.7740888259770622,19.507038414621967,0.00024228697583570267,0.0007740888259770621,0.0,0.6504750659613957,0.5,1.0,0.0,0.7692307692307693,0.5,10,15,0.38505540421430917,9.999999999999998,0.10000000000000002
20,10,equal_weight,vol_target_30pct_max_1p50,0.3,1.5,2022,26,-0.2243874261006651,-0.47526714882786364,-1.2857859118209751,-0.2839973573484862,-0.7901039227816644,-0.007296908472587789,-0.08470086902554524,-0.08391591623005151,0.6823989221164868,17.196452837335467,-0.013048471578597553,0.0006823989221164868,0.0,0.5236152547030699,0.5,0.6182240850285434,0.0,1.0,0.3076923076923077,10,15,0.3869025956511299,9.999999999999998,0.10000000000000002
20,10,equal_weight,vol_target_30pct_max_1p50,0.3,1.5,2023,25,0.9708808525211625,1.8952331681687016,5.996276809102483,-0.20756478252520416,4.677483534102277,0.03014956087634849,0.06177551873293561,0.057163221451042814,0.6480000000000001,16.329600000000003,0.05945527462529164,0.0006479999999999999,0.0,0.5,0.5,0.5,0.0,1.0,0.6,10,15,0.40088414810623035,9.999999999999998,0.10000000000000002
20,10,equal_weight,vol_target_30pct_max_1p50,0.3,1.5,2024,26,0.459270427259602,1.360709100079762,2.9091345196428953,-0.13575972041873463,3.3829653290610593,0.016961518101910263,-0.017673314871082705,-0.00026514577724847207,0.7324373929224836,18.457422301646584,0.024882695955796088,0.0007324373929224833,0.0,0.5054747681070982,0.5,0.5352994149596229,0.0,1.0,0.6153846153846154,10,15,0.3141231701493608,9.999999999999998,0.10000000000000002
20,10,equal_weight,vol_target_30pct_max_1p50,0.3,1.5,2025,25,1.1957646301874432,2.8036414301226147,4.8688635580570905,-0.10680578864296919,11.195691220301269,0.03335864005483455,0.09019189801549282,0.10917532406885332,0.8084092450036239,20.37191297409132,0.05869672777947746,0.0008084092450036241,0.0,0.5420226716513938,0.5,0.6379565214022802,0.0,1.0,0.8,10,15,0.29983781818528277,9.999999999999998,0.10000000000000002
20,10,equal_weight,vol_target_30pct_max_1p50,0.3,1.5,2026,11,0.6597679560447345,1.3902892143541694,2.5837902759402605,-0.18415103485722795,3.58275453926312,0.02346353947965224,0.027895204049558718,0.04338840353177768,0.8648827558501833,21.795045447424616,0.03027146502797016,0.0008648827558501833,0.0,0.5312351237186845,0.5,0.6057454185075621,0.0,1.0,0.45454545454545453,10,15,0.4252936646436577,9.999999999999998,0.1
20,10,equal_weight,regime_dd_vol_target_30pct_max_1p50,0.3,1.5,2021,26,-0.0890967658139209,-0.11434878774677465,-0.15191368131999708,-0.29080135185268874,-0.30638360257367253,-0.0015145610660193736,-0.04151941140090673,-0.054243463635006,0.6906272875155236,17.403807645391193,-0.005119383506718723,0.0006906272875155235,0.0,0.5831673736537033,0.5,1.0,0.0,0.9615384615384616,0.5,10,15,0.33377650621193194,9.999999999999998,0.10000000000000002
20,10,equal_weight,regime_dd_vol_target_30pct_max_1p50,0.3,1.5,2022,26,-0.2120414358863656,-0.4689774016304322,-1.2969739148361865,-0.2839973573484862,-0.7466317217387863,-0.006903093784941173,-0.08470086902554524,-0.08391591623005151,0.6461538461538462,16.283076923076923,-0.013022197026279067,0.0006461538461538462,0.0,0.5,0.5,0.5,0.0,1.0,0.3076923076923077,10,15,0.3709303748448022,9.999999999999998,0.10000000000000002
20,10,equal_weight,regime_dd_vol_target_30pct_max_1p50,0.3,1.5,2023,25,0.9708808525211625,1.8952331681687016,5.996276809102483,-0.20756478252520416,4.677483534102277,0.03014956087634849,0.06177551873293561,0.057163221451042814,0.6480000000000001,16.329600000000003,0.05945527462529164,0.0006479999999999999,0.0,0.5,0.5,0.5,0.0,1.0,0.6,10,15,0.40088414810623035,9.999999999999998,0.10000000000000002
20,10,equal_weight,regime_dd_vol_target_30pct_max_1p50,0.3,1.5,2024,26,0.459270427259602,1.360709100079762,2.9091345196428953,-0.13575972041873463,3.3829653290610593,0.016961518101910263,-0.017673314871082705,-0.00026514577724847207,0.7324373929224836,18.457422301646584,0.024882695955796088,0.0007324373929224833,0.0,0.5054747681070982,0.5,0.5352994149596229,0.0,1.0,0.6153846153846154,10,15,0.3141231701493608,9.999999999999998,0.10000000000000002
20,10,equal_weight,regime_dd_vol_target_30pct_max_1p50,0.3,1.5,2025,25,1.1957646301874432,2.8036414301226147,4.8688635580570905,-0.10680578864296919,11.195691220301269,0.03335864005483455,0.09019189801549282,0.10917532406885332,0.8084092450036239,20.37191297409132,0.05869672777947746,0.0008084092450036241,0.0,0.5420226716513938,0.5,0.6379565214022802,0.0,1.0,0.8,10,15,0.29983781818528277,9.999999999999998,0.10000000000000002
20,10,equal_weight,regime_dd_vol_target_30pct_max_1p50,0.3,1.5,2026,11,0.6597679560447345,1.3902892143541694,2.5837902759402605,-0.18415103485722795,3.58275453926312,0.02346353947965224,0.027895204049558718,0.04338840353177768,0.8648827558501833,21.795045447424616,0.03027146502797016,0.0008648827558501833,0.0,0.5312351237186845,0.5,0.6057454185075621,0.0,1.0,0.45454545454545453,10,15,0.4252936646436577,9.999999999999998,0.1
20,10,buffer_inverse_volatility,static_1x,,1.0,2021,26,-0.04094047398859402,0.20065193288118371,0.2897495106168007,-0.3979463777260662,-0.10287937340335876,0.004411705454492922,-0.04151941140090673,-0.054243463635006,1.0454054850491068,26.34421822323749,-0.0015540591731236716,0.001045405485049107,0.0,1.0,1.0,1.0,0.0,0.0,0.5,10,15,0.5540688088913354,9.56616285953754,0.12780900232828293
20,10,buffer_inverse_volatility,static_1x,,1.0,2022,26,-0.4525892829446807,-0.5164315499603479,-1.2741721511352488,-0.49069914067697484,-0.9223355930892455,-0.014574345210011296,-0.08470086902554524,-0.08391591623005151,1.2073828283978225,30.426047275625127,-0.01487506013662374,0.0012073828283978225,0.0,1.0,1.0,1.0,0.0,0.0,0.3076923076923077,10,15,0.7111755649330183,9.517952551147124,0.13729644149863113
20,10,buffer_inverse_volatility,static_1x,,1.0,2023,25,3.7843122922187513,2.3610551062948755,10.26347821784359,-0.32203580585939096,11.751215931159775,0.0746310290007342,0.06177551873293561,0.057163221451042814,1.2359482351069366,31.1458955246948,0.12150276074798572,0.0012359482351069367,0.0,1.0,1.0,1.0,0.0,0.0,0.64,10,15,0.7965514764159082,8.966015381051527,0.1572375230440222
20,10,buffer_inverse_volatility,static_1x,,1.0,2024,26,0.8112897097088896,1.3678718546438524,2.4202560005390334,-0.23442713197204168,3.460732991459563,0.029402707872849494,-0.017673314871082705,-0.00026514577724847207,1.261517758512448,31.790247514513688,0.02552008157025198,0.0012615177585124477,0.0,1.0,1.0,1.0,0.0,0.0,0.6153846153846154,10,15,0.5416795702611522,9.409755037638046,0.13760037280546025
20,10,buffer_inverse_volatility,static_1x,,1.0,2025,25,2.305818185085558,2.578564957294923,3.936978306086919,-0.21266693277012882,10.842391692261398,0.05371244701410323,0.09019189801549282,0.10917532406885332,1.443896806208204,36.38619951644674,0.06337067942595426,0.0014438968062082038,0.0,1.0,1.0,1.0,0.0,0.0,0.8,10,15,0.5249251762791984,9.4567214426018,0.13674288418200914
20,10,buffer_inverse_volatility,static_1x,,1.0,2026,11,1.4059983315161761,1.5048769883338684,2.8578285040286864,-0.2963505780953096,4.7443751942471035,0.04500847146698965,0.027895204049558718,0.04338840353177768,1.5457581666289728,38.953105799050114,0.036094640020988056,0.001545758166628973,0.0,1.0,1.0,1.0,0.0,0.0,0.5454545454545454,10,15,0.7536918231595054,9.689376186022765,0.1356368306553395
20,10,buffer_inverse_volatility,legacy_risk_scaled,,1.0,2021,26,-0.2026907056528191,-0.4876814267723533,-0.5229140817546766,-0.3699513683740021,-0.5478847302111045,-0.006561029239349711,-0.04151941140090673,-0.054243463635006,0.5669942129753842,14.288254166979682,-0.014185827273512508,0.0005669942129753842,0.0,0.5346153846153846,0.45,1.0,0.0,0.8461538461538461,0.5,10,15,0.3390285701997658,9.56616285953754,0.12780900232828293
20,10,buffer_inverse_volatility,legacy_risk_scaled,,1.0,2022,26,-0.19248924697391112,-0.5164315499603479,-1.2741721511352493,-0.25314123481132866,-0.760402575729621,-0.006558455344505083,-0.08470086902554524,-0.08391591623005151,0.5433222727790201,13.691721274031307,-0.014058805545435689,0.0005433222727790202,0.0,0.44999999999999996,0.45,0.45,0.0,1.0,0.3076923076923077,10,15,0.3200290042198582,9.517952551147124,0.13729644149863113
20,10,buffer_inverse_volatility,legacy_risk_scaled,,1.0,2023,25,1.5214902986798648,2.53848581595851,12.282246109121036,-0.1568075933237819,9.702912125806545,0.04018973789866442,0.06177551873293561,0.057163221451042814,0.5946586801661112,14.985398740186003,0.10153151911798776,0.0005946586801661112,0.0,0.486,0.45,0.75,0.0,1.0,0.64,10,15,0.39897067325701246,8.966015381051527,0.1572375230440222
20,10,buffer_inverse_volatility,legacy_risk_scaled,,1.0,2024,26,0.6914266968761151,1.5573594106399549,3.165225830214669,-0.10980231948876618,6.29701357945225,0.02376558502425646,-0.017673314871082705,-0.00026514577724847207,0.829073125596175,20.89264276502361,0.03309426694614399,0.000829073125596175,0.0,0.6423076923076922,0.45,1.0,0.0,0.6923076923076923,0.6153846153846154,10,15,0.38455653750804003,9.409755037638046,0.13760037280546025
20,10,buffer_inverse_volatility,legacy_risk_scaled,,1.0,2025,25,1.2799238371411472,2.7201509617839976,5.67782749173217,-0.09623869422069964,13.299472187413084,0.035124920481210846,0.09019189801549282,0.10917532406885332,0.8777931922699177,22.120388445201925,0.05786172518226153,0.0008777931922699176,0.0,0.594,0.45,1.0,0.0,0.76,0.8,10,15,0.32540399726417885,9.4567214426018,0.13674288418200914
20,10,buffer_inverse_volatility,legacy_risk_scaled,,1.0,2026,11,0.577505542396541,1.5048769883338682,2.8578285040286855,-0.14014548574225616,4.120757363948496,0.020253812160145337,0.027895204049558718,0.04338840353177768,0.6955911749830378,17.528897609572553,0.03294591338597154,0.0006955911749830379,0.0,0.45,0.45,0.45,0.0,1.0,0.5454545454545454,10,15,0.33916132042177743,9.689376186022765,0.1356368306553395
20,10,buffer_inverse_volatility,vol_target_20pct_max_1p25,0.2,1.25,2021,26,0.105684686979721,0.4518421978977098,0.7577981383450193,-0.26442387286001723,0.3996790676901899,0.006372877856640499,-0.04151941140090673,-0.054243463635006,0.6761474595552234,17.03891598079163,0.006202547573969015,0.0006761474595552234,0.0,0.6153846153846154,0.5,1.0,0.0,0.7692307692307693,0.5,10,15,0.35542612605584306,9.56616285953754,0.12780900232828293
20,10,buffer_inverse_volatility,vol_target_20pct_max_1p25,0.2,1.25,2022,26,-0.21605135760420147,-0.5164315499603479,-1.2741721511352488,-0.27779244112143686,-0.7777438318048211,-0.007287172605005648,-0.08470086902554524,-0.08391591623005151,0.6036914141989113,15.213023637812563,-0.014201736797883979,0.0006036914141989112,0.0,0.5,0.5,0.5,0.0,1.0,0.3076923076923077,10,15,0.35558778246650913,9.517952551147124,0.13729644149863113
20,10,buffer_inverse_volatility,vol_target_20pct_max_1p25,0.2,1.25,2023,25,1.351661667140677,2.3610551062948755,10.26347821784359,-0.17298737016280852,7.8136436542653325,0.0373155145003671,0.06177551873293561,0.057163221451042814,0.6179741175534683,15.5729477623474,0.08679549227081804,0.0006179741175534683,0.0,0.5,0.5,0.5,0.0,1.0,0.64,10,15,0.3982757382079541,8.966015381051527,0.1572375230440222
20,10,buffer_inverse_volatility,vol_target_20pct_max_1p25,0.2,1.25,2024,26,0.3954804326763188,1.3678718546438524,2.4202560005390334,-0.12156828088365568,3.2531547686752673,0.014701353936424747,-0.017673314871082705,-0.00026514577724847207,0.630758879256224,15.895123757256844,0.02488061362188288,0.0006307588792562239,0.0,0.5,0.5,0.5,0.0,1.0,0.6153846153846154,10,15,0.2708397851305761,9.409755037638046,0.13760037280546025
20,10,buffer_inverse_volatility,vol_target_20pct_max_1p25,0.2,1.25,2025,25,0.8891861986565663,2.578564957294923,3.936978306086919,-0.10633346638506436,8.362242188518193,0.026856223507051614,0.09019189801549282,0.10917532406885332,0.721948403104102,18.19309975822337,0.04887491469146976,0.0007219484031041019,0.0,0.5,0.5,0.5,0.0,1.0,0.8,10,15,0.2624625881395992,9.4567214426018,0.13674288418200914
20,10,buffer_inverse_volatility,vol_target_20pct_max_1p25,0.2,1.25,2026,11,0.6488923819225434,1.5048769883338684,2.8578285040286864,-0.15502519956818628,4.185721958300944,0.022504235733494825,0.027895204049558718,0.04338840353177768,0.7728790833144864,19.476552899525057,0.0333165927908304,0.0007728790833144865,0.0,0.5,0.5,0.5,0.0,1.0,0.5454545454545454,10,15,0.3768459115797527,9.689376186022765,0.1356368306553395
20,10,buffer_inverse_volatility,regime_dd_vol_target_20pct_max_1p25,0.2,1.25,2021,26,0.010199386931797116,0.18157106759919908,0.2702957400332091,-0.2515422008529863,0.04054741867253576,0.0022014075018465824,-0.04151941140090673,-0.054243463635006,0.5929068276935563,14.941252057877618,0.0006826326797973799,0.0005929068276935563,0.0,0.5480769230769231,0.5,1.0,0.0,0.9615384615384616,0.5,10,15,0.3055303346510619,9.56616285953754,0.12780900232828293
20,10,buffer_inverse_volatility,regime_dd_vol_target_20pct_max_1p25,0.2,1.25,2022,26,-0.21605135760420147,-0.5164315499603479,-1.2741721511352488,-0.27779244112143686,-0.7777438318048211,-0.007287172605005648,-0.08470086902554524,-0.08391591623005151,0.6036914141989113,15.213023637812563,-0.014201736797883979,0.0006036914141989112,0.0,0.5,0.5,0.5,0.0,1.0,0.3076923076923077,10,15,0.35558778246650913,9.517952551147124,0.13729644149863113
20,10,buffer_inverse_volatility,regime_dd_vol_target_20pct_max_1p25,0.2,1.25,2023,25,1.351661667140677,2.3610551062948755,10.26347821784359,-0.17298737016280852,7.8136436542653325,0.0373155145003671,0.06177551873293561,0.057163221451042814,0.6179741175534683,15.5729477623474,0.08679549227081804,0.0006179741175534683,0.0,0.5,0.5,0.5,0.0,1.0,0.64,10,15,0.3982757382079541,8.966015381051527,0.1572375230440222
20,10,buffer_inverse_volatility,regime_dd_vol_target_20pct_max_1p25,0.2,1.25,2024,26,0.3954804326763188,1.3678718546438524,2.4202560005390334,-0.12156828088365568,3.2531547686752673,0.014701353936424747,-0.017673314871082705,-0.00026514577724847207,0.630758879256224,15.895123757256844,0.02488061362188288,0.0006307588792562239,0.0,0.5,0.5,0.5,0.0,1.0,0.6153846153846154,10,15,0.2708397851305761,9.409755037638046,0.13760037280546025
20,10,buffer_inverse_volatility,regime_dd_vol_target_20pct_max_1p25,0.2,1.25,2025,25,0.8891861986565663,2.578564957294923,3.936978306086919,-0.10633346638506436,8.362242188518193,0.026856223507051614,0.09019189801549282,0.10917532406885332,0.721948403104102,18.19309975822337,0.04887491469146976,0.0007219484031041019,0.0,0.5,0.5,0.5,0.0,1.0,0.8,10,15,0.2624625881395992,9.4567214426018,0.13674288418200914
20,10,buffer_inverse_volatility,regime_dd_vol_target_20pct_max_1p25,0.2,1.25,2026,11,0.6488923819225434,1.5048769883338684,2.8578285040286864,-0.15502519956818628,4.185721958300944,0.022504235733494825,0.027895204049558718,0.04338840353177768,0.7728790833144864,19.476552899525057,0.0333165927908304,0.0007728790833144865,0.0,0.5,0.5,0.5,0.0,1.0,0.5454545454545454,10,15,0.3768459115797527,9.689376186022765,0.1356368306553395
20,10,buffer_inverse_volatility,vol_target_20pct_max_1p50,0.2,1.5,2021,26,0.105684686979721,0.4518421978977098,0.7577981383450193,-0.26442387286001723,0.3996790676901899,0.006372877856640499,-0.04151941140090673,-0.054243463635006,0.6761474595552234,17.03891598079163,0.006202547573969015,0.0006761474595552234,0.0,0.6153846153846154,0.5,1.0,0.0,0.7692307692307693,0.5,10,15,0.35542612605584306,9.56616285953754,0.12780900232828293
20,10,buffer_inverse_volatility,vol_target_20pct_max_1p50,0.2,1.5,2022,26,-0.21605135760420147,-0.5164315499603479,-1.2741721511352488,-0.27779244112143686,-0.7777438318048211,-0.007287172605005648,-0.08470086902554524,-0.08391591623005151,0.6036914141989113,15.213023637812563,-0.014201736797883979,0.0006036914141989112,0.0,0.5,0.5,0.5,0.0,1.0,0.3076923076923077,10,15,0.35558778246650913,9.517952551147124,0.13729644149863113
20,10,buffer_inverse_volatility,vol_target_20pct_max_1p50,0.2,1.5,2023,25,1.351661667140677,2.3610551062948755,10.26347821784359,-0.17298737016280852,7.8136436542653325,0.0373155145003671,0.06177551873293561,0.057163221451042814,0.6179741175534683,15.5729477623474,0.08679549227081804,0.0006179741175534683,0.0,0.5,0.5,0.5,0.0,1.0,0.64,10,15,0.3982757382079541,8.966015381051527,0.1572375230440222
20,10,buffer_inverse_volatility,vol_target_20pct_max_1p50,0.2,1.5,2024,26,0.3954804326763188,1.3678718546438524,2.4202560005390334,-0.12156828088365568,3.2531547686752673,0.014701353936424747,-0.017673314871082705,-0.00026514577724847207,0.630758879256224,15.895123757256844,0.02488061362188288,0.0006307588792562239,0.0,0.5,0.5,0.5,0.0,1.0,0.6153846153846154,10,15,0.2708397851305761,9.409755037638046,0.13760037280546025
20,10,buffer_inverse_volatility,vol_target_20pct_max_1p50,0.2,1.5,2025,25,0.8891861986565663,2.578564957294923,3.936978306086919,-0.10633346638506436,8.362242188518193,0.026856223507051614,0.09019189801549282,0.10917532406885332,0.721948403104102,18.19309975822337,0.04887491469146976,0.0007219484031041019,0.0,0.5,0.5,0.5,0.0,1.0,0.8,10,15,0.2624625881395992,9.4567214426018,0.13674288418200914
20,10,buffer_inverse_volatility,vol_target_20pct_max_1p50,0.2,1.5,2026,11,0.6488923819225434,1.5048769883338684,2.8578285040286864,-0.15502519956818628,4.185721958300944,0.022504235733494825,0.027895204049558718,0.04338840353177768,0.7728790833144864,19.476552899525057,0.0333165927908304,0.0007728790833144865,0.0,0.5,0.5,0.5,0.0,1.0,0.5454545454545454,10,15,0.3768459115797527,9.689376186022765,0.1356368306553395
20,10,buffer_inverse_volatility,regime_dd_vol_target_20pct_max_1p50,0.2,1.5,2021,26,0.010199386931797116,0.18157106759919908,0.2702957400332091,-0.2515422008529863,0.04054741867253576,0.0022014075018465824,-0.04151941140090673,-0.054243463635006,0.5929068276935563,14.941252057877618,0.0006826326797973799,0.0005929068276935563,0.0,0.5480769230769231,0.5,1.0,0.0,0.9615384615384616,0.5,10,15,0.3055303346510619,9.56616285953754,0.12780900232828293
20,10,buffer_inverse_volatility,regime_dd_vol_target_20pct_max_1p50,0.2,1.5,2022,26,-0.21605135760420147,-0.5164315499603479,-1.2741721511352488,-0.27779244112143686,-0.7777438318048211,-0.007287172605005648,-0.08470086902554524,-0.08391591623005151,0.6036914141989113,15.213023637812563,-0.014201736797883979,0.0006036914141989112,0.0,0.5,0.5,0.5,0.0,1.0,0.3076923076923077,10,15,0.35558778246650913,9.517952551147124,0.13729644149863113
20,10,buffer_inverse_volatility,regime_dd_vol_target_20pct_max_1p50,0.2,1.5,2023,25,1.351661667140677,2.3610551062948755,10.26347821784359,-0.17298737016280852,7.8136436542653325,0.0373155145003671,0.06177551873293561,0.057163221451042814,0.6179741175534683,15.5729477623474,0.08679549227081804,0.0006179741175534683,0.0,0.5,0.5,0.5,0.0,1.0,0.64,10,15,0.3982757382079541,8.966015381051527,0.1572375230440222
20,10,buffer_inverse_volatility,regime_dd_vol_target_20pct_max_1p50,0.2,1.5,2024,26,0.3954804326763188,1.3678718546438524,2.4202560005390334,-0.12156828088365568,3.2531547686752673,0.014701353936424747,-0.017673314871082705,-0.00026514577724847207,0.630758879256224,15.895123757256844,0.02488061362188288,0.0006307588792562239,0.0,0.5,0.5,0.5,0.0,1.0,0.6153846153846154,10,15,0.2708397851305761,9.409755037638046,0.13760037280546025
20,10,buffer_inverse_volatility,regime_dd_vol_target_20pct_max_1p50,0.2,1.5,2025,25,0.8891861986565663,2.578564957294923,3.936978306086919,-0.10633346638506436,8.362242188518193,0.026856223507051614,0.09019189801549282,0.10917532406885332,0.721948403104102,18.19309975822337,0.04887491469146976,0.0007219484031041019,0.0,0.5,0.5,0.5,0.0,1.0,0.8,10,15,0.2624625881395992,9.4567214426018,0.13674288418200914
20,10,buffer_inverse_volatility,regime_dd_vol_target_20pct_max_1p50,0.2,1.5,2026,11,0.6488923819225434,1.5048769883338684,2.8578285040286864,-0.15502519956818628,4.185721958300944,0.022504235733494825,0.027895204049558718,0.04338840353177768,0.7728790833144864,19.476552899525057,0.0333165927908304,0.0007728790833144865,0.0,0.5,0.5,0.5,0.0,1.0,0.5454545454545454,10,15,0.3768459115797527,9.689376186022765,0.1356368306553395
20,10,buffer_inverse_volatility,vol_target_25pct_max_1p25,0.25,1.25,2021,26,0.10157688509209994,0.44111333072143905,0.7354386815753142,-0.26614340832968486,0.3816622238724458,0.006241583461607636,-0.04151941140090673,-0.054243463635006,0.6773641067190466,17.069575489319973,0.005950756370927571,0.0006773641067190464,0.0,0.6164380314475165,0.5,1.0,0.0,0.7692307692307693,0.5,10,15,0.3565702786067896,9.56616285953754,0.12780900232828293
20,10,buffer_inverse_volatility,vol_target_25pct_max_1p25,0.25,1.25,2022,26,-0.21605135760420147,-0.5164315499603479,-1.2741721511352488,-0.27779244112143686,-0.7777438318048211,-0.007287172605005648,-0.08470086902554524,-0.08391591623005151,0.6036914141989113,15.213023637812563,-0.014201736797883979,0.0006036914141989112,0.0,0.5,0.5,0.5,0.0,1.0,0.3076923076923077,10,15,0.35558778246650913,9.517952551147124,0.13729644149863113
20,10,buffer_inverse_volatility,vol_target_25pct_max_1p25,0.25,1.25,2023,25,1.351661667140677,2.3610551062948755,10.26347821784359,-0.17298737016280852,7.8136436542653325,0.0373155145003671,0.06177551873293561,0.057163221451042814,0.6179741175534683,15.5729477623474,0.08679549227081804,0.0006179741175534683,0.0,0.5,0.5,0.5,0.0,1.0,0.64,10,15,0.3982757382079541,8.966015381051527,0.1572375230440222
20,10,buffer_inverse_volatility,vol_target_25pct_max_1p25,0.25,1.25,2024,26,0.3977622344606322,1.3709331875545248,2.432195952592804,-0.12156828088365568,3.271924482022593,0.014773880752219162,-0.017673314871082705,-0.00026514577724847207,0.6311635670065363,15.905321888564714,0.025008122265454256,0.0006311635670065362,0.0,0.5003083291087133,0.5,0.5080165568265451,0.0,1.0,0.6153846153846154,10,15,0.2715681539667415,9.409755037638046,0.13760037280546025
20,10,buffer_inverse_volatility,vol_target_25pct_max_1p25,0.25,1.25,2025,25,0.9046000007812898,2.5708961702665496,3.9217764519122817,-0.10772722618822372,8.397134436569914,0.027229149119368672,0.09019189801549282,0.10917532406885332,0.7244099657756525,18.255131137546442,0.04955319104340718,0.0007244099657756526,0.0,0.5022310430651866,0.5,0.5323026825604095,0.0,1.0,0.8,10,15,0.2669009218435096,9.4567214426018,0.13674288418200914
20,10,buffer_inverse_volatility,vol_target_25pct_max_1p25,0.25,1.25,2026,11,0.6493151776557113,1.498883995588128,2.8227501621741533,-0.15640889168794048,4.1513955546158705,0.0225448664334464,0.027895204049558718,0.04338840353177768,0.7755544735714964,19.54397273400171,0.03322329530914984,0.0007755544735714965,0.0,0.5015720921219331,0.5,0.5095160456576746,0.0,1.0,0.5454545454545454,10,15,0.3790357598020304,9.689376186022765,0.1356368306553395
20,10,buffer_inverse_volatility,regime_dd_vol_target_25pct_max_1p25,0.25,1.25,2021,26,0.00644632876125506,0.17002771603755268,0.25160952460176816,-0.2532918494422992,0.02545020211052451,0.0020701131068137225,-0.04151941140090673,-0.054243463635006,0.5941234748573792,14.971911566405954,0.00043056150396448797,0.0005941234748573792,0.0,0.5491303391398241,0.5,1.0,0.0,0.9615384615384616,0.5,10,15,0.3068138036988283,9.56616285953754,0.12780900232828293
20,10,buffer_inverse_volatility,regime_dd_vol_target_25pct_max_1p25,0.25,1.25,2022,26,-0.21605135760420147,-0.5164315499603479,-1.2741721511352488,-0.27779244112143686,-0.7777438318048211,-0.007287172605005648,-0.08470086902554524,-0.08391591623005151,0.6036914141989113,15.213023637812563,-0.014201736797883979,0.0006036914141989112,0.0,0.5,0.5,0.5,0.0,1.0,0.3076923076923077,10,15,0.35558778246650913,9.517952551147124,0.13729644149863113
20,10,buffer_inverse_volatility,regime_dd_vol_target_25pct_max_1p25,0.25,1.25,2023,25,1.351661667140677,2.3610551062948755,10.26347821784359,-0.17298737016280852,7.8136436542653325,0.0373155145003671,0.06177551873293561,0.057163221451042814,0.6179741175534683,15.5729477623474,0.08679549227081804,0.0006179741175534683,0.0,0.5,0.5,0.5,0.0,1.0,0.64,10,15,0.3982757382079541,8.966015381051527,0.1572375230440222
20,10,buffer_inverse_volatility,regime_dd_vol_target_25pct_max_1p25,0.25,1.25,2024,26,0.3977622344606322,1.3709331875545248,2.432195952592804,-0.12156828088365568,3.271924482022593,0.014773880752219162,-0.017673314871082705,-0.00026514577724847207,0.6311635670065363,15.905321888564714,0.025008122265454256,0.0006311635670065362,0.0,0.5003083291087133,0.5,0.5080165568265451,0.0,1.0,0.6153846153846154,10,15,0.2715681539667415,9.409755037638046,0.13760037280546025
20,10,buffer_inverse_volatility,regime_dd_vol_target_25pct_max_1p25,0.25,1.25,2025,25,0.9046000007812898,2.5708961702665496,3.9217764519122817,-0.10772722618822372,8.397134436569914,0.027229149119368672,0.09019189801549282,0.10917532406885332,0.7244099657756525,18.255131137546442,0.04955319104340718,0.0007244099657756526,0.0,0.5022310430651866,0.5,0.5323026825604095,0.0,1.0,0.8,10,15,0.2669009218435096,9.4567214426018,0.13674288418200914
20,10,buffer_inverse_volatility,regime_dd_vol_target_25pct_max_1p25,0.25,1.25,2026,11,0.6493151776557113,1.498883995588128,2.8227501621741533,-0.15640889168794048,4.1513955546158705,0.0225448664334464,0.027895204049558718,0.04338840353177768,0.7755544735714964,19.54397273400171,0.03322329530914984,0.0007755544735714965,0.0,0.5015720921219331,0.5,0.5095160456576746,0.0,1.0,0.5454545454545454,10,15,0.3790357598020304,9.689376186022765,0.1356368306553395
20,10,buffer_inverse_volatility,vol_target_25pct_max_1p50,0.25,1.5,2021,26,0.10157688509209994,0.44111333072143905,0.7354386815753142,-0.26614340832968486,0.3816622238724458,0.006241583461607636,-0.04151941140090673,-0.054243463635006,0.6773641067190466,17.069575489319973,0.005950756370927571,0.0006773641067190464,0.0,0.6164380314475165,0.5,1.0,0.0,0.7692307692307693,0.5,10,15,0.3565702786067896,9.56616285953754,0.12780900232828293
20,10,buffer_inverse_volatility,vol_target_25pct_max_1p50,0.25,1.5,2022,26,-0.21605135760420147,-0.5164315499603479,-1.2741721511352488,-0.27779244112143686,-0.7777438318048211,-0.007287172605005648,-0.08470086902554524,-0.08391591623005151,0.6036914141989113,15.213023637812563,-0.014201736797883979,0.0006036914141989112,0.0,0.5,0.5,0.5,0.0,1.0,0.3076923076923077,10,15,0.35558778246650913,9.517952551147124,0.13729644149863113
20,10,buffer_inverse_volatility,vol_target_25pct_max_1p50,0.25,1.5,2023,25,1.351661667140677,2.3610551062948755,10.26347821784359,-0.17298737016280852,7.8136436542653325,0.0373155145003671,0.06177551873293561,0.057163221451042814,0.6179741175534683,15.5729477623474,0.08679549227081804,0.0006179741175534683,0.0,0.5,0.5,0.5,0.0,1.0,0.64,10,15,0.3982757382079541,8.966015381051527,0.1572375230440222
20,10,buffer_inverse_volatility,vol_target_25pct_max_1p50,0.25,1.5,2024,26,0.3977622344606322,1.3709331875545248,2.432195952592804,-0.12156828088365568,3.271924482022593,0.014773880752219162,-0.017673314871082705,-0.00026514577724847207,0.6311635670065363,15.905321888564714,0.025008122265454256,0.0006311635670065362,0.0,0.5003083291087133,0.5,0.5080165568265451,0.0,1.0,0.6153846153846154,10,15,0.2715681539667415,9.409755037638046,0.13760037280546025
20,10,buffer_inverse_volatility,vol_target_25pct_max_1p50,0.25,1.5,2025,25,0.9046000007812898,2.5708961702665496,3.9217764519122817,-0.10772722618822372,8.397134436569914,0.027229149119368672,0.09019189801549282,0.10917532406885332,0.7244099657756525,18.255131137546442,0.04955319104340718,0.0007244099657756526,0.0,0.5022310430651866,0.5,0.5323026825604095,0.0,1.0,0.8,10,15,0.2669009218435096,9.4567214426018,0.13674288418200914
20,10,buffer_inverse_volatility,vol_target_25pct_max_1p50,0.25,1.5,2026,11,0.6493151776557113,1.498883995588128,2.8227501621741533,-0.15640889168794048,4.1513955546158705,0.0225448664334464,0.027895204049558718,0.04338840353177768,0.7755544735714964,19.54397273400171,0.03322329530914984,0.0007755544735714965,0.0,0.5015720921219331,0.5,0.5095160456576746,0.0,1.0,0.5454545454545454,10,15,0.3790357598020304,9.689376186022765,0.1356368306553395
20,10,buffer_inverse_volatility,regime_dd_vol_target_25pct_max_1p50,0.25,1.5,2021,26,0.00644632876125506,0.17002771603755268,0.25160952460176816,-0.2532918494422992,0.02545020211052451,0.0020701131068137225,-0.04151941140090673,-0.054243463635006,0.5941234748573792,14.971911566405954,0.00043056150396448797,0.0005941234748573792,0.0,0.5491303391398241,0.5,1.0,0.0,0.9615384615384616,0.5,10,15,0.3068138036988283,9.56616285953754,0.12780900232828293
20,10,buffer_inverse_volatility,regime_dd_vol_target_25pct_max_1p50,0.25,1.5,2022,26,-0.21605135760420147,-0.5164315499603479,-1.2741721511352488,-0.27779244112143686,-0.7777438318048211,-0.007287172605005648,-0.08470086902554524,-0.08391591623005151,0.6036914141989113,15.213023637812563,-0.014201736797883979,0.0006036914141989112,0.0,0.5,0.5,0.5,0.0,1.0,0.3076923076923077,10,15,0.35558778246650913,9.517952551147124,0.13729644149863113
20,10,buffer_inverse_volatility,regime_dd_vol_target_25pct_max_1p50,0.25,1.5,2023,25,1.351661667140677,2.3610551062948755,10.26347821784359,-0.17298737016280852,7.8136436542653325,0.0373155145003671,0.06177551873293561,0.057163221451042814,0.6179741175534683,15.5729477623474,0.08679549227081804,0.0006179741175534683,0.0,0.5,0.5,0.5,0.0,1.0,0.64,10,15,0.3982757382079541,8.966015381051527,0.1572375230440222
20,10,buffer_inverse_volatility,regime_dd_vol_target_25pct_max_1p50,0.25,1.5,2024,26,0.3977622344606322,1.3709331875545248,2.432195952592804,-0.12156828088365568,3.271924482022593,0.014773880752219162,-0.017673314871082705,-0.00026514577724847207,0.6311635670065363,15.905321888564714,0.025008122265454256,0.0006311635670065362,0.0,0.5003083291087133,0.5,0.5080165568265451,0.0,1.0,0.6153846153846154,10,15,0.2715681539667415,9.409755037638046,0.13760037280546025
20,10,buffer_inverse_volatility,regime_dd_vol_target_25pct_max_1p50,0.25,1.5,2025,25,0.9046000007812898,2.5708961702665496,3.9217764519122817,-0.10772722618822372,8.397134436569914,0.027229149119368672,0.09019189801549282,0.10917532406885332,0.7244099657756525,18.255131137546442,0.04955319104340718,0.0007244099657756526,0.0,0.5022310430651866,0.5,0.5323026825604095,0.0,1.0,0.8,10,15,0.2669009218435096,9.4567214426018,0.13674288418200914
20,10,buffer_inverse_volatility,regime_dd_vol_target_25pct_max_1p50,0.25,1.5,2026,11,0.6493151776557113,1.498883995588128,2.8227501621741533,-0.15640889168794048,4.1513955546158705,0.0225448664334464,0.027895204049558718,0.04338840353177768,0.7755544735714964,19.54397273400171,0.03322329530914984,0.0007755544735714965,0.0,0.5015720921219331,0.5,0.5095160456576746,0.0,1.0,0.5454545454545454,10,15,0.3790357598020304,9.689376186022765,0.1356368306553395
20,10,buffer_inverse_volatility,vol_target_30pct_max_1p25,0.3,1.25,2021,26,0.05041485016162173,0.312523817091771,0.4868318577708789,-0.28978401610833515,0.17397388178502654,0.00474430729797152,-0.04151941140090673,-0.054243463635006,0.7177765743044536,18.08796967247223,0.002787203377410966,0.0007177765743044538,0.0,0.6586652462047262,0.5,1.0,0.0,0.7692307692307693,0.5,10,15,0.3825517844413604,9.56616285953754,0.12780900232828293
20,10,buffer_inverse_volatility,vol_target_30pct_max_1p25,0.3,1.25,2022,26,-0.2188769052253554,-0.5065223264937067,-1.2341066818517605,-0.277792441121437,-0.7879152663109122,-0.007316487254686586,-0.08470086902554524,-0.08391591623005151,0.615665917383285,15.514781118058782,-0.014107637327257467,0.0006156659173832851,0.0,0.5086116377955547,0.5,0.5703380601460556,0.0,1.0,0.3076923076923077,10,15,0.3640026691308991,9.517952551147124,0.13729644149863113
20,10,buffer_inverse_volatility,vol_target_30pct_max_1p25,0.3,1.25,2023,25,1.351661667140677,2.3610551062948755,10.26347821784359,-0.17298737016280852,7.8136436542653325,0.0373155145003671,0.06177551873293561,0.057163221451042814,0.6179741175534683,15.5729477623474,0.08679549227081804,0.0006179741175534683,0.0,0.5,0.5,0.5,0.0,1.0,0.64,10,15,0.3982757382079541,8.966015381051527,0.1572375230440222
20,10,buffer_inverse_volatility,vol_target_30pct_max_1p25,0.3,1.25,2024,26,0.4482835961785754,1.4074180123757187,2.524632218214912,-0.1232191064688184,3.638101338545392,0.016439777094008783,-0.017673314871082705,-0.00026514577724847207,0.6661967925692255,16.788159172744482,0.026702367517837347,0.0006661967925692254,0.0,0.5296721943045247,0.5,0.6096198681918541,0.0,1.0,0.6153846153846154,10,15,0.2943563171184043,9.409755037638046,0.13760037280546025
20,10,buffer_inverse_volatility,vol_target_30pct_max_1p25,0.3,1.25,2025,25,1.050876052737896,2.5060434183730353,3.593921955022232,-0.1292693380799257,8.12935277883261,0.030694829223495198,0.09019189801549282,0.10917532406885332,0.8184102882697679,20.62393926439815,0.05095418674704688,0.0008184102882697681,0.0,0.5672864188501211,0.5321626850141147,0.6387632190724913,0.0,1.0,0.8,10,15,0.3086577394314478,9.4567214426018,0.13674288418200914
20,10,buffer_inverse_volatility,vol_target_30pct_max_1p25,0.3,1.25,2026,11,0.6560499010576379,1.3889115638961425,2.4392051281041534,-0.18027865136549148,3.6390881343325683,0.023333002443335762,0.027895204049558718,0.04338840353177768,0.8360580666834463,21.068663280422847,0.031138658030917615,0.0008360580666834466,0.0,0.5376278286395091,0.5,0.6114192547892096,0.0,1.0,0.5454545454545454,10,15,0.42334708476516725,9.689376186022765,0.1356368306553395
20,10,buffer_inverse_volatility,regime_dd_vol_target_30pct_max_1p25,0.3,1.25,2021,26,-0.04330508717328263,0.03307714888790925,0.04594912412443315,-0.2773464599926757,-0.15614076045688938,0.00044041224965238215,-0.04151941140090673,-0.054243463635006,0.6319284009628097,15.924595704262803,-0.0027193837744772654,0.0006319284009628096,0.0,0.5892317021638515,0.5,1.0,0.0,0.9615384615384616,0.5,10,15,0.33553039074951363,9.56616285953754,0.12780900232828293
20,10,buffer_inverse_volatility,regime_dd_vol_target_30pct_max_1p25,0.3,1.25,2022,26,-0.21605135760420147,-0.5164315499603479,-1.2741721511352488,-0.27779244112143686,-0.7777438318048211,-0.007287172605005648,-0.08470086902554524,-0.08391591623005151,0.6036914141989113,15.213023637812563,-0.014201736797883979,0.0006036914141989112,0.0,0.5,0.5,0.5,0.0,1.0,0.3076923076923077,10,15,0.35558778246650913,9.517952551147124,0.13729644149863113
20,10,buffer_inverse_volatility,regime_dd_vol_target_30pct_max_1p25,0.3,1.25,2023,25,1.351661667140677,2.3610551062948755,10.26347821784359,-0.17298737016280852,7.8136436542653325,0.0373155145003671,0.06177551873293561,0.057163221451042814,0.6179741175534683,15.5729477623474,0.08679549227081804,0.0006179741175534683,0.0,0.5,0.5,0.5,0.0,1.0,0.64,10,15,0.3982757382079541,8.966015381051527,0.1572375230440222
20,10,buffer_inverse_volatility,regime_dd_vol_target_30pct_max_1p25,0.3,1.25,2024,26,0.4482835961785754,1.4074180123757187,2.524632218214912,-0.1232191064688184,3.638101338545392,0.016439777094008783,-0.017673314871082705,-0.00026514577724847207,0.6661967925692255,16.788159172744482,0.026702367517837347,0.0006661967925692254,0.0,0.5296721943045247,0.5,0.6096198681918541,0.0,1.0,0.6153846153846154,10,15,0.2943563171184043,9.409755037638046,0.13760037280546025
20,10,buffer_inverse_volatility,regime_dd_vol_target_30pct_max_1p25,0.3,1.25,2025,25,1.050876052737896,2.5060434183730353,3.593921955022232,-0.1292693380799257,8.12935277883261,0.030694829223495198,0.09019189801549282,0.10917532406885332,0.8184102882697679,20.62393926439815,0.05095418674704688,0.0008184102882697681,0.0,0.5672864188501211,0.5321626850141147,0.6387632190724913,0.0,1.0,0.8,10,15,0.3086577394314478,9.4567214426018,0.13674288418200914
20,10,buffer_inverse_volatility,regime_dd_vol_target_30pct_max_1p25,0.3,1.25,2026,11,0.6560499010576379,1.3889115638961425,2.4392051281041534,-0.18027865136549148,3.6390881343325683,0.023333002443335762,0.027895204049558718,0.04338840353177768,0.8360580666834463,21.068663280422847,0.031138658030917615,0.0008360580666834466,0.0,0.5376278286395091,0.5,0.6114192547892096,0.0,1.0,0.5454545454545454,10,15,0.42334708476516725,9.689376186022765,0.1356368306553395
20,10,buffer_inverse_volatility,vol_target_30pct_max_1p50,0.3,1.5,2021,26,0.05041485016162173,0.312523817091771,0.4868318577708789,-0.28978401610833515,0.17397388178502654,0.00474430729797152,-0.04151941140090673,-0.054243463635006,0.7177765743044536,18.08796967247223,0.002787203377410966,0.0007177765743044538,0.0,0.6586652462047262,0.5,1.0,0.0,0.7692307692307693,0.5,10,15,0.3825517844413604,9.56616285953754,0.12780900232828293
20,10,buffer_inverse_volatility,vol_target_30pct_max_1p50,0.3,1.5,2022,26,-0.2188769052253554,-0.5065223264937067,-1.2341066818517605,-0.277792441121437,-0.7879152663109122,-0.007316487254686586,-0.08470086902554524,-0.08391591623005151,0.615665917383285,15.514781118058782,-0.014107637327257467,0.0006156659173832851,0.0,0.5086116377955547,0.5,0.5703380601460556,0.0,1.0,0.3076923076923077,10,15,0.3640026691308991,9.517952551147124,0.13729644149863113
20,10,buffer_inverse_volatility,vol_target_30pct_max_1p50,0.3,1.5,2023,25,1.351661667140677,2.3610551062948755,10.26347821784359,-0.17298737016280852,7.8136436542653325,0.0373155145003671,0.06177551873293561,0.057163221451042814,0.6179741175534683,15.5729477623474,0.08679549227081804,0.0006179741175534683,0.0,0.5,0.5,0.5,0.0,1.0,0.64,10,15,0.3982757382079541,8.966015381051527,0.1572375230440222
20,10,buffer_inverse_volatility,vol_target_30pct_max_1p50,0.3,1.5,2024,26,0.4482835961785754,1.4074180123757187,2.524632218214912,-0.1232191064688184,3.638101338545392,0.016439777094008783,-0.017673314871082705,-0.00026514577724847207,0.6661967925692255,16.788159172744482,0.026702367517837347,0.0006661967925692254,0.0,0.5296721943045247,0.5,0.6096198681918541,0.0,1.0,0.6153846153846154,10,15,0.2943563171184043,9.409755037638046,0.13760037280546025
20,10,buffer_inverse_volatility,vol_target_30pct_max_1p50,0.3,1.5,2025,25,1.050876052737896,2.5060434183730353,3.593921955022232,-0.1292693380799257,8.12935277883261,0.030694829223495198,0.09019189801549282,0.10917532406885332,0.8184102882697679,20.62393926439815,0.05095418674704688,0.0008184102882697681,0.0,0.5672864188501211,0.5321626850141147,0.6387632190724913,0.0,1.0,0.8,10,15,0.3086577394314478,9.4567214426018,0.13674288418200914
20,10,buffer_inverse_volatility,vol_target_30pct_max_1p50,0.3,1.5,2026,11,0.6560499010576379,1.3889115638961425,2.4392051281041534,-0.18027865136549148,3.6390881343325683,0.023333002443335762,0.027895204049558718,0.04338840353177768,0.8360580666834463,21.068663280422847,0.031138658030917615,0.0008360580666834466,0.0,0.5376278286395091,0.5,0.6114192547892096,0.0,1.0,0.5454545454545454,10,15,0.42334708476516725,9.689376186022765,0.1356368306553395
20,10,buffer_inverse_volatility,regime_dd_vol_target_30pct_max_1p50,0.3,1.5,2021,26,-0.04330508717328263,0.03307714888790925,0.04594912412443315,-0.2773464599926757,-0.15614076045688938,0.00044041224965238215,-0.04151941140090673,-0.054243463635006,0.6319284009628097,15.924595704262803,-0.0027193837744772654,0.0006319284009628096,0.0,0.5892317021638515,0.5,1.0,0.0,0.9615384615384616,0.5,10,15,0.33553039074951363,9.56616285953754,0.12780900232828293
20,10,buffer_inverse_volatility,regime_dd_vol_target_30pct_max_1p50,0.3,1.5,2022,26,-0.21605135760420147,-0.5164315499603479,-1.2741721511352488,-0.27779244112143686,-0.7777438318048211,-0.007287172605005648,-0.08470086902554524,-0.08391591623005151,0.6036914141989113,15.213023637812563,-0.014201736797883979,0.0006036914141989112,0.0,0.5,0.5,0.5,0.0,1.0,0.3076923076923077,10,15,0.35558778246650913,9.517952551147124,0.13729644149863113
20,10,buffer_inverse_volatility,regime_dd_vol_target_30pct_max_1p50,0.3,1.5,2023,25,1.351661667140677,2.3610551062948755,10.26347821784359,-0.17298737016280852,7.8136436542653325,0.0373155145003671,0.06177551873293561,0.057163221451042814,0.6179741175534683,15.5729477623474,0.08679549227081804,0.0006179741175534683,0.0,0.5,0.5,0.5,0.0,1.0,0.64,10,15,0.3982757382079541,8.966015381051527,0.1572375230440222
20,10,buffer_inverse_volatility,regime_dd_vol_target_30pct_max_1p50,0.3,1.5,2024,26,0.4482835961785754,1.4074180123757187,2.524632218214912,-0.1232191064688184,3.638101338545392,0.016439777094008783,-0.017673314871082705,-0.00026514577724847207,0.6661967925692255,16.788159172744482,0.026702367517837347,0.0006661967925692254,0.0,0.5296721943045247,0.5,0.6096198681918541,0.0,1.0,0.6153846153846154,10,15,0.2943563171184043,9.409755037638046,0.13760037280546025
20,10,buffer_inverse_volatility,regime_dd_vol_target_30pct_max_1p50,0.3,1.5,2025,25,1.050876052737896,2.5060434183730353,3.593921955022232,-0.1292693380799257,8.12935277883261,0.030694829223495198,0.09019189801549282,0.10917532406885332,0.8184102882697679,20.62393926439815,0.05095418674704688,0.0008184102882697681,0.0,0.5672864188501211,0.5321626850141147,0.6387632190724913,0.0,1.0,0.8,10,15,0.3086577394314478,9.4567214426018,0.13674288418200914
20,10,buffer_inverse_volatility,regime_dd_vol_target_30pct_max_1p50,0.3,1.5,2026,11,0.6560499010576379,1.3889115638961425,2.4392051281041534,-0.18027865136549148,3.6390881343325683,0.023333002443335762,0.027895204049558718,0.04338840353177768,0.8360580666834463,21.068663280422847,0.031138658030917615,0.0008360580666834466,0.0,0.5376278286395091,0.5,0.6114192547892096,0.0,1.0,0.5454545454545454,10,15,0.42334708476516725,9.689376186022765,0.1356368306553395
20,10,equal_weight,static_1x,,1.0,2021,26,0.028733971728944763,0.30181214457961575,0.4140485477699397,-0.38586056634529475,0.07446724085101668,0.005856171971803695,-0.04151941140090673,-0.054243463635006,1.0115384615384615,25.490769230769228,0.001127230467971157,0.0010115384615384615,0.0,1.0,1.0,1.0,0.0,0.0,0.5769230769230769,20,30,0.4889648622158868,19.999999999999996,0.05000000000000001
20,10,equal_weight,static_1x,,1.0,2022,26,-0.5030855330311095,-0.8246459703029894,-1.8736403098100591,-0.5067765291978545,-0.9927167184072488,-0.020269656567787318,-0.08470086902554524,-0.08391591623005151,1.1346153846153848,28.592307692307696,-0.01759513567232828,0.0011346153846153847,0.0,1.0,1.0,1.0,0.0,0.0,0.34615384615384615,20,30,0.619411679560582,19.999999999999996,0.05000000000000001
20,10,equal_weight,static_1x,,1.0,2023,25,2.264100750698109,2.192769197929269,6.060161922387423,-0.2918356768709057,7.7581355884038805,0.05516168806321712,0.06177551873293561,0.057163221451042814,1.048,26.4096,0.08573021744737175,0.001048,0.0,1.0,1.0,1.0,0.0,0.0,0.6,20,30,0.6339356374149095,19.999999999999996,0.05000000000000001
20,10,equal_weight,static_1x,,1.0,2024,26,0.6681623179689398,1.2627960387615687,1.8722164533190078,-0.2021878845579167,3.3046605113351624,0.025393433150764845,-0.017673314871082705,-0.00026514577724847207,1.2307692307692308,31.015384615384615,0.021542931878958872,0.0012307692307692308,0.0,1.0,1.0,1.0,0.0,0.0,0.5769230769230769,20,30,0.5067441580089544,19.999999999999996,0.05000000000000001
20,10,equal_weight,static_1x,,1.0,2025,25,1.9015115192808687,2.353604830053686,4.027862456010926,-0.2352720215471954,8.082182942009647,0.04807601292712052,0.09019189801549282,0.10917532406885332,1.272,32.0544,0.059321388616878454,0.0012720000000000001,0.0,1.0,1.0,1.0,0.0,0.0,0.68,20,30,0.5147489120915011,19.999999999999996,0.05000000000000001
20,10,equal_weight,static_1x,,1.0,2026,11,1.1489299994308149,1.5047525896477112,3.8803992836981203,-0.2228290195605831,5.156105796706798,0.03726699198806571,0.027895204049558718,0.04338840353177768,1.4272727272727272,35.96727272727273,0.03194376199003883,0.0014272727272727275,0.0,1.0,1.0,1.0,0.0,0.0,0.5454545454545454,20,30,0.6241080457745697,19.999999999999996,0.05
20,10,equal_weight,legacy_risk_scaled,,1.0,2021,26,-0.12950191573735925,-0.32414854031706025,-0.33323816419941027,-0.28035881490960735,-0.4619149063642353,-0.003748965255203288,-0.04151941140090673,-0.054243463635006,0.5482692307692308,13.816384615384617,-0.009373068233288626,0.0005482692307692309,0.0,0.5346153846153846,0.45,1.0,0.0,0.8461538461538461,0.5769230769230769,20,30,0.2914525678218845,19.999999999999996,0.05000000000000001
20,10,equal_weight,legacy_risk_scaled,,1.0,2022,26,-0.23508250741838155,-0.8246459703029894,-1.8736403098100594,-0.2485089800441168,-0.9459718814855234,-0.009121345455504293,-0.08470086902554524,-0.08391591623005151,0.5105769230769232,12.866538461538463,-0.01827084325136137,0.0005105769230769232,0.0,0.44999999999999996,0.45,0.45,0.0,1.0,0.34615384615384615,20,30,0.2787352558022619,19.999999999999996,0.05000000000000001
20,10,equal_weight,legacy_risk_scaled,,1.0,2023,25,1.0061876180808187,2.351660848822344,7.291929180058613,-0.1408517949258805,7.143591024951425,0.029868146690204413,0.06177551873293561,0.057163221451042814,0.5028000000000001,12.670560000000004,0.07941145601148003,0.0005028000000000001,0.0,0.486,0.45,0.75,0.0,1.0,0.6,20,30,0.3200620093539739,19.999999999999996,0.05000000000000001
20,10,equal_weight,legacy_risk_scaled,,1.0,2024,26,0.5938252796538752,1.4237695664813634,2.5821427710509846,-0.09098454805106249,6.526660761348264,0.021211304181059414,-0.017673314871082705,-0.00026514577724847207,0.8015384615384616,20.198769230769233,0.029399082333654666,0.0008015384615384616,0.0,0.6423076923076922,0.45,1.0,0.0,0.6923076923076923,0.5769230769230769,20,30,0.37542933768678355,19.999999999999996,0.05000000000000001
20,10,equal_weight,legacy_risk_scaled,,1.0,2025,25,1.0580755532138673,2.5106701292701135,5.66934205031825,-0.12101468862661802,8.743364671031648,0.03077140984616888,0.09019189801549282,0.10917532406885332,0.7979999999999999,20.109599999999997,0.05261544502197296,0.000798,0.0,0.594,0.45,1.0,0.0,0.76,0.68,20,30,0.3088575910802296,19.999999999999996,0.05000000000000001
20,10,equal_weight,legacy_risk_scaled,,1.0,2026,11,0.4700369466900711,1.5047525896477107,3.8803992836981203,-0.10419060333027186,4.511318023566,0.01677014639462957,0.027895204049558718,0.04338840353177768,0.6422727272727273,16.18527272727273,0.02904102727277762,0.0006422727272727274,0.0,0.45,0.45,0.45,0.0,1.0,0.5454545454545454,20,30,0.2808486205985564,19.999999999999996,0.05
20,10,equal_weight,vol_target_20pct_max_1p25,0.2,1.25,2021,26,0.1464238358644412,0.5933950193065858,0.99236416707569,-0.2076272719775606,0.7052244845766986,0.007204072195850583,-0.04151941140090673,-0.054243463635006,0.6560449018842992,16.532331527484338,0.008856817056990264,0.0006560449018842994,0.0,0.6165599243601798,0.5,1.0,0.0,0.7692307692307693,0.5769230769230769,20,30,0.3059388997696291,19.999999999999996,0.05000000000000001
20,10,equal_weight,vol_target_20pct_max_1p25,0.2,1.25,2022,26,-0.2609986148401767,-0.8246459703029894,-1.8736403098100591,-0.27435394569592464,-0.9513207990434733,-0.010134828283893659,-0.08470086902554524,-0.08391591623005151,0.5673076923076924,14.296153846153848,-0.018256561705258526,0.0005673076923076924,0.0,0.5,0.5,0.5,0.0,1.0,0.34615384615384615,20,30,0.309705839780291,19.999999999999996,0.05000000000000001
20,10,equal_weight,vol_target_20pct_max_1p25,0.2,1.25,2023,25,0.8975028983537445,2.192769197929269,6.060161922387423,-0.15551037713574445,5.771337674593365,0.02758084403160856,0.06177551873293561,0.057163221451042814,0.524,13.2048,0.06796792820442146,0.000524,0.0,0.5,0.5,0.5,0.0,1.0,0.6,20,30,0.3169678187074548,19.999999999999996,0.05000000000000001
20,10,equal_weight,vol_target_20pct_max_1p25,0.2,1.25,2024,26,0.33324188418088774,1.2627960387615687,1.8722164533190078,-0.1010939422789583,3.296358581618483,0.012696716575382423,-0.017673314871082705,-0.00026514577724847207,0.6153846153846154,15.507692307692308,0.021488811975950102,0.0006153846153846154,0.0,0.5,0.5,0.5,0.0,1.0,0.5769230769230769,20,30,0.2533720790044772,19.999999999999996,0.05000000000000001
20,10,equal_weight,vol_target_20pct_max_1p25,0.2,1.25,2025,25,0.76487519539376,2.353604830053686,4.027862456010926,-0.1186951615616737,6.4440301131932225,0.02403800646356026,0.09019189801549282,0.10917532406885332,0.636,16.0272,0.047723569643715685,0.0006360000000000001,0.0,0.5,0.5,0.5,0.0,1.0,0.68,20,30,0.25737445604575054,19.999999999999996,0.05000000000000001
20,10,equal_weight,vol_target_20pct_max_1p25,0.2,1.25,2026,11,0.5276717685670569,1.5047525896477112,3.8803992836981203,-0.11536910003311796,4.5737703459209005,0.018633495994032856,0.027895204049558718,0.04338840353177768,0.7136363636363636,17.983636363636364,0.029341772592445785,0.0007136363636363638,0.0,0.5,0.5,0.5,0.0,1.0,0.5454545454545454,20,30,0.31205402288728484,19.999999999999996,0.05
20,10,equal_weight,regime_dd_vol_target_20pct_max_1p25,0.2,1.25,2021,26,0.04356871076631985,0.2896574582834006,0.41705781716325174,-0.2076272719775606,0.2098409825999571,0.003077551153735428,-0.04151941140090673,-0.054243463635006,0.5793141326535299,14.598716142868954,0.002984420707953959,0.0005793141326535299,0.0,0.5492522320524874,0.5,1.0,0.0,0.9615384615384616,0.5769230769230769,20,30,0.2677448374150053,19.999999999999996,0.05000000000000001
20,10,equal_weight,regime_dd_vol_target_20pct_max_1p25,0.2,1.25,2022,26,-0.2609986148401767,-0.8246459703029894,-1.8736403098100591,-0.27435394569592464,-0.9513207990434733,-0.010134828283893659,-0.08470086902554524,-0.08391591623005151,0.5673076923076924,14.296153846153848,-0.018256561705258526,0.0005673076923076924,0.0,0.5,0.5,0.5,0.0,1.0,0.34615384615384615,20,30,0.309705839780291,19.999999999999996,0.05000000000000001
20,10,equal_weight,regime_dd_vol_target_20pct_max_1p25,0.2,1.25,2023,25,0.8975028983537445,2.192769197929269,6.060161922387423,-0.15551037713574445,5.771337674593365,0.02758084403160856,0.06177551873293561,0.057163221451042814,0.524,13.2048,0.06796792820442146,0.000524,0.0,0.5,0.5,0.5,0.0,1.0,0.6,20,30,0.3169678187074548,19.999999999999996,0.05000000000000001
20,10,equal_weight,regime_dd_vol_target_20pct_max_1p25,0.2,1.25,2024,26,0.33324188418088774,1.2627960387615687,1.8722164533190078,-0.1010939422789583,3.296358581618483,0.012696716575382423,-0.017673314871082705,-0.00026514577724847207,0.6153846153846154,15.507692307692308,0.021488811975950102,0.0006153846153846154,0.0,0.5,0.5,0.5,0.0,1.0,0.5769230769230769,20,30,0.2533720790044772,19.999999999999996,0.05000000000000001
20,10,equal_weight,regime_dd_vol_target_20pct_max_1p25,0.2,1.25,2025,25,0.76487519539376,2.353604830053686,4.027862456010926,-0.1186951615616737,6.4440301131932225,0.02403800646356026,0.09019189801549282,0.10917532406885332,0.636,16.0272,0.047723569643715685,0.0006360000000000001,0.0,0.5,0.5,0.5,0.0,1.0,0.68,20,30,0.25737445604575054,19.999999999999996,0.05000000000000001
20,10,equal_weight,regime_dd_vol_target_20pct_max_1p25,0.2,1.25,2026,11,0.5276717685670569,1.5047525896477112,3.8803992836981203,-0.11536910003311796,4.5737703459209005,0.018633495994032856,0.027895204049558718,0.04338840353177768,0.7136363636363636,17.983636363636364,0.029341772592445785,0.0007136363636363638,0.0,0.5,0.5,0.5,0.0,1.0,0.5454545454545454,20,30,0.31205402288728484,19.999999999999996,0.05
20,10,equal_weight,vol_target_20pct_max_1p50,0.2,1.5,2021,26,0.1464238358644412,0.5933950193065858,0.99236416707569,-0.2076272719775606,0.7052244845766986,0.007204072195850583,-0.04151941140090673,-0.054243463635006,0.6560449018842992,16.532331527484338,0.008856817056990264,0.0006560449018842994,0.0,0.6165599243601798,0.5,1.0,0.0,0.7692307692307693,0.5769230769230769,20,30,0.3059388997696291,19.999999999999996,0.05000000000000001
20,10,equal_weight,vol_target_20pct_max_1p50,0.2,1.5,2022,26,-0.2609986148401767,-0.8246459703029894,-1.8736403098100591,-0.27435394569592464,-0.9513207990434733,-0.010134828283893659,-0.08470086902554524,-0.08391591623005151,0.5673076923076924,14.296153846153848,-0.018256561705258526,0.0005673076923076924,0.0,0.5,0.5,0.5,0.0,1.0,0.34615384615384615,20,30,0.309705839780291,19.999999999999996,0.05000000000000001
20,10,equal_weight,vol_target_20pct_max_1p50,0.2,1.5,2023,25,0.8975028983537445,2.192769197929269,6.060161922387423,-0.15551037713574445,5.771337674593365,0.02758084403160856,0.06177551873293561,0.057163221451042814,0.524,13.2048,0.06796792820442146,0.000524,0.0,0.5,0.5,0.5,0.0,1.0,0.6,20,30,0.3169678187074548,19.999999999999996,0.05000000000000001
20,10,equal_weight,vol_target_20pct_max_1p50,0.2,1.5,2024,26,0.33324188418088774,1.2627960387615687,1.8722164533190078,-0.1010939422789583,3.296358581618483,0.012696716575382423,-0.017673314871082705,-0.00026514577724847207,0.6153846153846154,15.507692307692308,0.021488811975950102,0.0006153846153846154,0.0,0.5,0.5,0.5,0.0,1.0,0.5769230769230769,20,30,0.2533720790044772,19.999999999999996,0.05000000000000001
20,10,equal_weight,vol_target_20pct_max_1p50,0.2,1.5,2025,25,0.76487519539376,2.353604830053686,4.027862456010926,-0.1186951615616737,6.4440301131932225,0.02403800646356026,0.09019189801549282,0.10917532406885332,0.636,16.0272,0.047723569643715685,0.0006360000000000001,0.0,0.5,0.5,0.5,0.0,1.0,0.68,20,30,0.25737445604575054,19.999999999999996,0.05000000000000001
20,10,equal_weight,vol_target_20pct_max_1p50,0.2,1.5,2026,11,0.5276717685670569,1.5047525896477112,3.8803992836981203,-0.11536910003311796,4.5737703459209005,0.018633495994032856,0.027895204049558718,0.04338840353177768,0.7136363636363636,17.983636363636364,0.029341772592445785,0.0007136363636363638,0.0,0.5,0.5,0.5,0.0,1.0,0.5454545454545454,20,30,0.31205402288728484,19.999999999999996,0.05
20,10,equal_weight,regime_dd_vol_target_20pct_max_1p50,0.2,1.5,2021,26,0.04356871076631985,0.2896574582834006,0.41705781716325174,-0.2076272719775606,0.2098409825999571,0.003077551153735428,-0.04151941140090673,-0.054243463635006,0.5793141326535299,14.598716142868954,0.002984420707953959,0.0005793141326535299,0.0,0.5492522320524874,0.5,1.0,0.0,0.9615384615384616,0.5769230769230769,20,30,0.2677448374150053,19.999999999999996,0.05000000000000001
20,10,equal_weight,regime_dd_vol_target_20pct_max_1p50,0.2,1.5,2022,26,-0.2609986148401767,-0.8246459703029894,-1.8736403098100591,-0.27435394569592464,-0.9513207990434733,-0.010134828283893659,-0.08470086902554524,-0.08391591623005151,0.5673076923076924,14.296153846153848,-0.018256561705258526,0.0005673076923076924,0.0,0.5,0.5,0.5,0.0,1.0,0.34615384615384615,20,30,0.309705839780291,19.999999999999996,0.05000000000000001
20,10,equal_weight,regime_dd_vol_target_20pct_max_1p50,0.2,1.5,2023,25,0.8975028983537445,2.192769197929269,6.060161922387423,-0.15551037713574445,5.771337674593365,0.02758084403160856,0.06177551873293561,0.057163221451042814,0.524,13.2048,0.06796792820442146,0.000524,0.0,0.5,0.5,0.5,0.0,1.0,0.6,20,30,0.3169678187074548,19.999999999999996,0.05000000000000001
20,10,equal_weight,regime_dd_vol_target_20pct_max_1p50,0.2,1.5,2024,26,0.33324188418088774,1.2627960387615687,1.8722164533190078,-0.1010939422789583,3.296358581618483,0.012696716575382423,-0.017673314871082705,-0.00026514577724847207,0.6153846153846154,15.507692307692308,0.021488811975950102,0.0006153846153846154,0.0,0.5,0.5,0.5,0.0,1.0,0.5769230769230769,20,30,0.2533720790044772,19.999999999999996,0.05000000000000001
20,10,equal_weight,regime_dd_vol_target_20pct_max_1p50,0.2,1.5,2025,25,0.76487519539376,2.353604830053686,4.027862456010926,-0.1186951615616737,6.4440301131932225,0.02403800646356026,0.09019189801549282,0.10917532406885332,0.636,16.0272,0.047723569643715685,0.0006360000000000001,0.0,0.5,0.5,0.5,0.0,1.0,0.68,20,30,0.25737445604575054,19.999999999999996,0.05000000000000001
20,10,equal_weight,regime_dd_vol_target_20pct_max_1p50,0.2,1.5,2026,11,0.5276717685670569,1.5047525896477112,3.8803992836981203,-0.11536910003311796,4.5737703459209005,0.018633495994032856,0.027895204049558718,0.04338840353177768,0.7136363636363636,17.983636363636364,0.029341772592445785,0.0007136363636363638,0.0,0.5,0.5,0.5,0.0,1.0,0.5454545454545454,20,30,0.31205402288728484,19.999999999999996,0.05
20,10,equal_weight,vol_target_25pct_max_1p25,0.25,1.25,2021,26,0.09952262558813807,0.44679091350074734,0.6804449297878051,-0.23500408721347632,0.4234931688559625,0.005861276834353591,-0.04151941140090673,-0.054243463635006,0.7022183595484942,17.695902660622053,0.005624049108814414,0.0007022183595484943,0.0,0.6599975972208758,0.5,1.0,0.0,0.7692307692307693,0.5769230769230769,20,30,0.33058903339909446,19.999999999999996,0.05000000000000001
20,10,equal_weight,vol_target_25pct_max_1p25,0.25,1.25,2022,26,-0.26007713552147105,-0.8180357742331595,-1.8642135807325966,-0.2734203763616241,-0.951198805964244,-0.010077712277508187,-0.08470086902554524,-0.08391591623005151,0.5685968270122276,14.328640040708134,-0.01815085973145975,0.0005685968270122277,0.0,0.5008433872602261,0.5,0.5125293094805681,0.0,1.0,0.34615384615384615,20,30,0.31044895271392153,19.999999999999996,0.05000000000000001
20,10,equal_weight,vol_target_25pct_max_1p25,0.25,1.25,2023,25,0.8975028983537445,2.192769197929269,6.060161922387423,-0.15551037713574445,5.771337674593365,0.02758084403160856,0.06177551873293561,0.057163221451042814,0.524,13.2048,0.06796792820442146,0.000524,0.0,0.5,0.5,0.5,0.0,1.0,0.6,20,30,0.3169678187074548,19.999999999999996,0.05000000000000001
20,10,equal_weight,vol_target_25pct_max_1p25,0.25,1.25,2024,26,0.35738654358306343,1.262218388788138,1.880990915576579,-0.1120155474589648,3.190508386471856,0.013590452650936271,-0.017673314871082705,-0.00026514577724847207,0.6369759215736936,16.05179322365708,0.022264586803694204,0.0006369759215736937,0.0,0.5156995767040291,0.5,0.5779809814251388,0.0,1.0,0.5769230769230769,20,30,0.2713313400008458,19.999999999999996,0.05000000000000001
20,10,equal_weight,vol_target_25pct_max_1p25,0.25,1.25,2025,25,0.7952194594116211,2.35116779071274,4.036683974626386,-0.12136934289734436,6.552061998755544,0.024810081052012954,0.09019189801549282,0.10917532406885332,0.6450948898276961,16.256391223657943,0.04891734262979212,0.000645094889827696,0.0,0.5057706408529338,0.5,0.5530832973148466,0.0,1.0,0.68,20,30,0.26591638630826825,19.999999999999996,0.05000000000000001
20,10,equal_weight,vol_target_25pct_max_1p25,0.25,1.25,2026,11,0.5155075899601891,1.4681652409938595,3.6721957594481656,-0.1191811887246691,4.3254107084894775,0.018343096346590673,0.027895204049558718,0.04338840353177768,0.7237518292999178,18.238546098357926,0.0282647304878431,0.0007237518292999178,0.0,0.5055913427789722,0.5,0.5205736539877892,0.0,1.0,0.5454545454545454,20,30,0.3148460507219012,19.999999999999996,0.05
20,10,equal_weight,regime_dd_vol_target_25pct_max_1p25,0.25,1.25,2021,26,0.0008753943764738814,0.14813624612149792,0.19833607132228712,-0.23500408721347632,0.0037250176660913914,0.0017347557922384317,-0.04151941140090673,-0.054243463635006,0.6254875903177249,15.762287276006669,5.553726823685072e-05,0.0006254875903177249,0.0,0.5926899049131834,0.5,1.0,0.0,0.9615384615384616,0.5769230769230769,20,30,0.29510566865960514,19.999999999999996,0.05000000000000001
20,10,equal_weight,regime_dd_vol_target_25pct_max_1p25,0.25,1.25,2022,26,-0.2609986148401767,-0.8246459703029894,-1.8736403098100591,-0.27435394569592464,-0.9513207990434733,-0.010134828283893659,-0.08470086902554524,-0.08391591623005151,0.5673076923076924,14.296153846153848,-0.018256561705258526,0.0005673076923076924,0.0,0.5,0.5,0.5,0.0,1.0,0.34615384615384615,20,30,0.309705839780291,19.999999999999996,0.05000000000000001
20,10,equal_weight,regime_dd_vol_target_25pct_max_1p25,0.25,1.25,2023,25,0.8975028983537445,2.192769197929269,6.060161922387423,-0.15551037713574445,5.771337674593365,0.02758084403160856,0.06177551873293561,0.057163221451042814,0.524,13.2048,0.06796792820442146,0.000524,0.0,0.5,0.5,0.5,0.0,1.0,0.6,20,30,0.3169678187074548,19.999999999999996,0.05000000000000001
20,10,equal_weight,regime_dd_vol_target_25pct_max_1p25,0.25,1.25,2024,26,0.35738654358306343,1.262218388788138,1.880990915576579,-0.1120155474589648,3.190508386471856,0.013590452650936271,-0.017673314871082705,-0.00026514577724847207,0.6369759215736936,16.05179322365708,0.022264586803694204,0.0006369759215736937,0.0,0.5156995767040291,0.5,0.5779809814251388,0.0,1.0,0.5769230769230769,20,30,0.2713313400008458,19.999999999999996,0.05000000000000001
20,10,equal_weight,regime_dd_vol_target_25pct_max_1p25,0.25,1.25,2025,25,0.7952194594116211,2.35116779071274,4.036683974626386,-0.12136934289734436,6.552061998755544,0.024810081052012954,0.09019189801549282,0.10917532406885332,0.6450948898276961,16.256391223657943,0.04891734262979212,0.000645094889827696,0.0,0.5057706408529338,0.5,0.5530832973148466,0.0,1.0,0.68,20,30,0.26591638630826825,19.999999999999996,0.05000000000000001
20,10,equal_weight,regime_dd_vol_target_25pct_max_1p25,0.25,1.25,2026,11,0.5155075899601891,1.4681652409938595,3.6721957594481656,-0.1191811887246691,4.3254107084894775,0.018343096346590673,0.027895204049558718,0.04338840353177768,0.7237518292999178,18.238546098357926,0.0282647304878431,0.0007237518292999178,0.0,0.5055913427789722,0.5,0.5205736539877892,0.0,1.0,0.5454545454545454,20,30,0.3148460507219012,19.999999999999996,0.05
20,10,equal_weight,vol_target_25pct_max_1p50,0.25,1.5,2021,26,0.09952262558813807,0.44679091350074734,0.6804449297878051,-0.23500408721347632,0.4234931688559625,0.005861276834353591,-0.04151941140090673,-0.054243463635006,0.7022183595484942,17.695902660622053,0.005624049108814414,0.0007022183595484943,0.0,0.6599975972208758,0.5,1.0,0.0,0.7692307692307693,0.5769230769230769,20,30,0.33058903339909446,19.999999999999996,0.05000000000000001
20,10,equal_weight,vol_target_25pct_max_1p50,0.25,1.5,2022,26,-0.26007713552147105,-0.8180357742331595,-1.8642135807325966,-0.2734203763616241,-0.951198805964244,-0.010077712277508187,-0.08470086902554524,-0.08391591623005151,0.5685968270122276,14.328640040708134,-0.01815085973145975,0.0005685968270122277,0.0,0.5008433872602261,0.5,0.5125293094805681,0.0,1.0,0.34615384615384615,20,30,0.31044895271392153,19.999999999999996,0.05000000000000001
20,10,equal_weight,vol_target_25pct_max_1p50,0.25,1.5,2023,25,0.8975028983537445,2.192769197929269,6.060161922387423,-0.15551037713574445,5.771337674593365,0.02758084403160856,0.06177551873293561,0.057163221451042814,0.524,13.2048,0.06796792820442146,0.000524,0.0,0.5,0.5,0.5,0.0,1.0,0.6,20,30,0.3169678187074548,19.999999999999996,0.05000000000000001
20,10,equal_weight,vol_target_25pct_max_1p50,0.25,1.5,2024,26,0.35738654358306343,1.262218388788138,1.880990915576579,-0.1120155474589648,3.190508386471856,0.013590452650936271,-0.017673314871082705,-0.00026514577724847207,0.6369759215736936,16.05179322365708,0.022264586803694204,0.0006369759215736937,0.0,0.5156995767040291,0.5,0.5779809814251388,0.0,1.0,0.5769230769230769,20,30,0.2713313400008458,19.999999999999996,0.05000000000000001
20,10,equal_weight,vol_target_25pct_max_1p50,0.25,1.5,2025,25,0.7952194594116211,2.35116779071274,4.036683974626386,-0.12136934289734436,6.552061998755544,0.024810081052012954,0.09019189801549282,0.10917532406885332,0.6450948898276961,16.256391223657943,0.04891734262979212,0.000645094889827696,0.0,0.5057706408529338,0.5,0.5530832973148466,0.0,1.0,0.68,20,30,0.26591638630826825,19.999999999999996,0.05000000000000001
20,10,equal_weight,vol_target_25pct_max_1p50,0.25,1.5,2026,11,0.5155075899601891,1.4681652409938595,3.6721957594481656,-0.1191811887246691,4.3254107084894775,0.018343096346590673,0.027895204049558718,0.04338840353177768,0.7237518292999178,18.238546098357926,0.0282647304878431,0.0007237518292999178,0.0,0.5055913427789722,0.5,0.5205736539877892,0.0,1.0,0.5454545454545454,20,30,0.3148460507219012,19.999999999999996,0.05
20,10,equal_weight,regime_dd_vol_target_25pct_max_1p50,0.25,1.5,2021,26,0.0008753943764738814,0.14813624612149792,0.19833607132228712,-0.23500408721347632,0.0037250176660913914,0.0017347557922384317,-0.04151941140090673,-0.054243463635006,0.6254875903177249,15.762287276006669,5.553726823685072e-05,0.0006254875903177249,0.0,0.5926899049131834,0.5,1.0,0.0,0.9615384615384616,0.5769230769230769,20,30,0.29510566865960514,19.999999999999996,0.05000000000000001
20,10,equal_weight,regime_dd_vol_target_25pct_max_1p50,0.25,1.5,2022,26,-0.2609986148401767,-0.8246459703029894,-1.8736403098100591,-0.27435394569592464,-0.9513207990434733,-0.010134828283893659,-0.08470086902554524,-0.08391591623005151,0.5673076923076924,14.296153846153848,-0.018256561705258526,0.0005673076923076924,0.0,0.5,0.5,0.5,0.0,1.0,0.34615384615384615,20,30,0.309705839780291,19.999999999999996,0.05000000000000001
20,10,equal_weight,regime_dd_vol_target_25pct_max_1p50,0.25,1.5,2023,25,0.8975028983537445,2.192769197929269,6.060161922387423,-0.15551037713574445,5.771337674593365,0.02758084403160856,0.06177551873293561,0.057163221451042814,0.524,13.2048,0.06796792820442146,0.000524,0.0,0.5,0.5,0.5,0.0,1.0,0.6,20,30,0.3169678187074548,19.999999999999996,0.05000000000000001
20,10,equal_weight,regime_dd_vol_target_25pct_max_1p50,0.25,1.5,2024,26,0.35738654358306343,1.262218388788138,1.880990915576579,-0.1120155474589648,3.190508386471856,0.013590452650936271,-0.017673314871082705,-0.00026514577724847207,0.6369759215736936,16.05179322365708,0.022264586803694204,0.0006369759215736937,0.0,0.5156995767040291,0.5,0.5779809814251388,0.0,1.0,0.5769230769230769,20,30,0.2713313400008458,19.999999999999996,0.05000000000000001
20,10,equal_weight,regime_dd_vol_target_25pct_max_1p50,0.25,1.5,2025,25,0.7952194594116211,2.35116779071274,4.036683974626386,-0.12136934289734436,6.552061998755544,0.024810081052012954,0.09019189801549282,0.10917532406885332,0.6450948898276961,16.256391223657943,0.04891734262979212,0.000645094889827696,0.0,0.5057706408529338,0.5,0.5530832973148466,0.0,1.0,0.68,20,30,0.26591638630826825,19.999999999999996,0.05000000000000001
20,10,equal_weight,regime_dd_vol_target_25pct_max_1p50,0.25,1.5,2026,11,0.5155075899601891,1.4681652409938595,3.6721957594481656,-0.1191811887246691,4.3254107084894775,0.018343096346590673,0.027895204049558718,0.04338840353177768,0.7237518292999178,18.238546098357926,0.0282647304878431,0.0007237518292999178,0.0,0.5055913427789722,0.5,0.5205736539877892,0.0,1.0,0.5454545454545454,20,30,0.3148460507219012,19.999999999999996,0.05
20,10,equal_weight,vol_target_30pct_max_1p25,0.3,1.25,2021,26,0.058592957954926916,0.3349356118328594,0.4772614884390695,-0.2773179178399461,0.21128442911771686,0.00492267515309714,-0.04151941140090673,-0.054243463635006,0.7807028284087969,19.67371127590168,0.0029782361412763743,0.000780702828408797,0.0,0.7404089811874714,0.5332660573451576,1.0,0.0,0.7692307692307693,0.5769230769230769,20,30,0.3703739150913353,19.999999999999996,0.05000000000000001
20,10,equal_weight,vol_target_30pct_max_1p25,0.3,1.25,2022,26,-0.2874519360349468,-0.8386777068349855,-1.8006938595007982,-0.2897337094265313,-0.9921245843429788,-0.011224088821912191,-0.08470086902554524,-0.08391591623005151,0.6096003256989797,15.361928207614287,-0.018711969757316562,0.0006096003256989798,0.0,0.5313750899562971,0.5,0.6150351713766817,0.0,1.0,0.34615384615384615,20,30,0.33725355521801054,19.999999999999996,0.05000000000000001
20,10,equal_weight,vol_target_30pct_max_1p25,0.3,1.25,2023,25,0.8989542071202046,2.1929398880169724,6.067881340786191,-0.15551037713574456,5.780670227141884,0.027615976438563665,0.06177551873293561,0.057163221451042814,0.5242237124461593,13.210437553643214,0.06804878365836477,0.0005242237124461592,0.0,0.5001118562230796,0.5,0.50279640557699,0.0,1.0,0.6,20,30,0.31734686849128,19.999999999999996,0.05000000000000001
20,10,equal_weight,vol_target_30pct_max_1p25,0.3,1.25,2024,26,0.4361414392395968,1.3066255323817597,1.9900123254630706,-0.13441865695075772,3.244649583125732,0.016332658610258805,-0.017673314871082705,-0.00026514577724847207,0.720333433210143,18.152402516895602,0.024026650953429006,0.0007203334332101431,0.0,0.5860538226978,0.5,0.6935771777101665,0.0,1.0,0.5769230769230769,20,30,0.3149969036869156,19.999999999999996,0.05000000000000001
20,10,equal_weight,vol_target_30pct_max_1p25,0.3,1.25,2025,25,0.9493970249874804,2.330192166351786,3.8605268360137766,-0.14304009450495747,6.637279066916278,0.028627085392189965,0.09019189801549282,0.10917532406885332,0.7423509464510822,18.707243850567274,0.05075023518008459,0.000742350946451082,0.0,0.5794519453110941,0.5335696178158176,0.6636999567778159,0.0,1.0,0.68,20,30,0.3095892958101542,19.999999999999996,0.05000000000000001
20,10,equal_weight,vol_target_30pct_max_1p25,0.3,1.25,2026,11,0.5767499120067741,1.3951910155515417,3.3924380785934933,-0.1419642824256956,4.062640983718184,0.02059591812495815,0.027895204049558718,0.04338840353177768,0.8299869417926211,20.915670933174052,0.02757501367512907,0.0008299869417926212,0.0,0.5752147872120547,0.5126909147035519,0.6246883847853469,0.0,1.0,0.5454545454545454,20,30,0.37200435708351337,19.999999999999996,0.05
20,10,equal_weight,regime_dd_vol_target_30pct_max_1p25,0.3,1.25,2021,26,-0.04449294382487046,0.02367828240817433,0.03008690154707656,-0.264090462803548,-0.16847614772809094,0.00030705674919467743,-0.04151941140090673,-0.054243463635006,0.6845023999540222,17.249460478841357,-0.0025793817655599535,0.0006845023999540223,0.0,0.6568851514671613,0.5,1.0,0.0,0.9615384615384616,0.5769230769230769,20,30,0.3267901761757255,19.999999999999996,0.05000000000000001
20,10,equal_weight,regime_dd_vol_target_30pct_max_1p25,0.3,1.25,2022,26,-0.2609986148401767,-0.8246459703029894,-1.8736403098100591,-0.27435394569592464,-0.9513207990434733,-0.010134828283893659,-0.08470086902554524,-0.08391591623005151,0.5673076923076924,14.296153846153848,-0.018256561705258526,0.0005673076923076924,0.0,0.5,0.5,0.5,0.0,1.0,0.34615384615384615,20,30,0.309705839780291,19.999999999999996,0.05000000000000001
20,10,equal_weight,regime_dd_vol_target_30pct_max_1p25,0.3,1.25,2023,25,0.8975028983537445,2.192769197929269,6.060161922387423,-0.15551037713574445,5.771337674593365,0.02758084403160856,0.06177551873293561,0.057163221451042814,0.524,13.2048,0.06796792820442146,0.000524,0.0,0.5,0.5,0.5,0.0,1.0,0.6,20,30,0.3169678187074548,19.999999999999996,0.05000000000000001
20,10,equal_weight,regime_dd_vol_target_30pct_max_1p25,0.3,1.25,2024,26,0.4390191025868271,1.3186035906491733,2.0321823989290255,-0.13142212496264594,3.3405265872212104,0.016389878411530393,-0.017673314871082705,-0.00026514577724847207,0.7187420234337986,18.112298990531723,0.02423872876747044,0.0007187420234337985,0.0,0.5850324333782401,0.5,0.6935771777101665,0.0,1.0,0.5769230769230769,20,30,0.3132290393409486,19.999999999999996,0.05000000000000001
20,10,equal_weight,regime_dd_vol_target_30pct_max_1p25,0.3,1.25,2025,25,0.9436902734796655,2.3308072036283343,3.8422826383591997,-0.14304009450495747,6.59738289984812,0.02849179862270105,0.09019189801549282,0.10917532406885332,0.7412549499088569,18.679624737703193,0.050519766147919934,0.0007412549499088568,0.0,0.5789039470399815,0.5335696178158176,0.65,0.0,1.0,0.68,20,30,0.3080449228809558,19.999999999999996,0.05000000000000001
20,10,equal_weight,regime_dd_vol_target_30pct_max_1p25,0.3,1.25,2026,11,0.5767499120067741,1.3951910155515417,3.3924380785934933,-0.1419642824256956,4.062640983718184,0.02059591812495815,0.027895204049558718,0.04338840353177768,0.8299869417926211,20.915670933174052,0.02757501367512907,0.0008299869417926212,0.0,0.5752147872120547,0.5126909147035519,0.6246883847853469,0.0,1.0,0.5454545454545454,20,30,0.37200435708351337,19.999999999999996,0.05
20,10,equal_weight,vol_target_30pct_max_1p50,0.3,1.5,2021,26,0.058592957954926916,0.3349356118328594,0.4772614884390695,-0.2773179178399461,0.21128442911771686,0.00492267515309714,-0.04151941140090673,-0.054243463635006,0.7807028284087969,19.67371127590168,0.0029782361412763743,0.000780702828408797,0.0,0.7404089811874714,0.5332660573451576,1.0,0.0,0.7692307692307693,0.5769230769230769,20,30,0.3703739150913353,19.999999999999996,0.05000000000000001
20,10,equal_weight,vol_target_30pct_max_1p50,0.3,1.5,2022,26,-0.2874519360349468,-0.8386777068349855,-1.8006938595007982,-0.2897337094265313,-0.9921245843429788,-0.011224088821912191,-0.08470086902554524,-0.08391591623005151,0.6096003256989797,15.361928207614287,-0.018711969757316562,0.0006096003256989798,0.0,0.5313750899562971,0.5,0.6150351713766817,0.0,1.0,0.34615384615384615,20,30,0.33725355521801054,19.999999999999996,0.05000000000000001
20,10,equal_weight,vol_target_30pct_max_1p50,0.3,1.5,2023,25,0.8989542071202046,2.1929398880169724,6.067881340786191,-0.15551037713574456,5.780670227141884,0.027615976438563665,0.06177551873293561,0.057163221451042814,0.5242237124461593,13.210437553643214,0.06804878365836477,0.0005242237124461592,0.0,0.5001118562230796,0.5,0.50279640557699,0.0,1.0,0.6,20,30,0.31734686849128,19.999999999999996,0.05000000000000001
20,10,equal_weight,vol_target_30pct_max_1p50,0.3,1.5,2024,26,0.4361414392395968,1.3066255323817597,1.9900123254630706,-0.13441865695075772,3.244649583125732,0.016332658610258805,-0.017673314871082705,-0.00026514577724847207,0.720333433210143,18.152402516895602,0.024026650953429006,0.0007203334332101431,0.0,0.5860538226978,0.5,0.6935771777101665,0.0,1.0,0.5769230769230769,20,30,0.3149969036869156,19.999999999999996,0.05000000000000001
20,10,equal_weight,vol_target_30pct_max_1p50,0.3,1.5,2025,25,0.9493970249874804,2.330192166351786,3.8605268360137766,-0.14304009450495747,6.637279066916278,0.028627085392189965,0.09019189801549282,0.10917532406885332,0.7423509464510822,18.707243850567274,0.05075023518008459,0.000742350946451082,0.0,0.5794519453110941,0.5335696178158176,0.6636999567778159,0.0,1.0,0.68,20,30,0.3095892958101542,19.999999999999996,0.05000000000000001
20,10,equal_weight,vol_target_30pct_max_1p50,0.3,1.5,2026,11,0.5767499120067741,1.3951910155515417,3.3924380785934933,-0.1419642824256956,4.062640983718184,0.02059591812495815,0.027895204049558718,0.04338840353177768,0.8299869417926211,20.915670933174052,0.02757501367512907,0.0008299869417926212,0.0,0.5752147872120547,0.5126909147035519,0.6246883847853469,0.0,1.0,0.5454545454545454,20,30,0.37200435708351337,19.999999999999996,0.05
20,10,equal_weight,regime_dd_vol_target_30pct_max_1p50,0.3,1.5,2021,26,-0.04449294382487046,0.02367828240817433,0.03008690154707656,-0.264090462803548,-0.16847614772809094,0.00030705674919467743,-0.04151941140090673,-0.054243463635006,0.6845023999540222,17.249460478841357,-0.0025793817655599535,0.0006845023999540223,0.0,0.6568851514671613,0.5,1.0,0.0,0.9615384615384616,0.5769230769230769,20,30,0.3267901761757255,19.999999999999996,0.05000000000000001
20,10,equal_weight,regime_dd_vol_target_30pct_max_1p50,0.3,1.5,2022,26,-0.2609986148401767,-0.8246459703029894,-1.8736403098100591,-0.27435394569592464,-0.9513207990434733,-0.010134828283893659,-0.08470086902554524,-0.08391591623005151,0.5673076923076924,14.296153846153848,-0.018256561705258526,0.0005673076923076924,0.0,0.5,0.5,0.5,0.0,1.0,0.34615384615384615,20,30,0.309705839780291,19.999999999999996,0.05000000000000001
20,10,equal_weight,regime_dd_vol_target_30pct_max_1p50,0.3,1.5,2023,25,0.8975028983537445,2.192769197929269,6.060161922387423,-0.15551037713574445,5.771337674593365,0.02758084403160856,0.06177551873293561,0.057163221451042814,0.524,13.2048,0.06796792820442146,0.000524,0.0,0.5,0.5,0.5,0.0,1.0,0.6,20,30,0.3169678187074548,19.999999999999996,0.05000000000000001
20,10,equal_weight,regime_dd_vol_target_30pct_max_1p50,0.3,1.5,2024,26,0.4390191025868271,1.3186035906491733,2.0321823989290255,-0.13142212496264594,3.3405265872212104,0.016389878411530393,-0.017673314871082705,-0.00026514577724847207,0.7187420234337986,18.112298990531723,0.02423872876747044,0.0007187420234337985,0.0,0.5850324333782401,0.5,0.6935771777101665,0.0,1.0,0.5769230769230769,20,30,0.3132290393409486,19.999999999999996,0.05000000000000001
20,10,equal_weight,regime_dd_vol_target_30pct_max_1p50,0.3,1.5,2025,25,0.9436902734796655,2.3308072036283343,3.8422826383591997,-0.14304009450495747,6.59738289984812,0.02849179862270105,0.09019189801549282,0.10917532406885332,0.7412549499088569,18.679624737703193,0.050519766147919934,0.0007412549499088568,0.0,0.5789039470399815,0.5335696178158176,0.65,0.0,1.0,0.68,20,30,0.3080449228809558,19.999999999999996,0.05000000000000001
20,10,equal_weight,regime_dd_vol_target_30pct_max_1p50,0.3,1.5,2026,11,0.5767499120067741,1.3951910155515417,3.3924380785934933,-0.1419642824256956,4.062640983718184,0.02059591812495815,0.027895204049558718,0.04338840353177768,0.8299869417926211,20.915670933174052,0.02757501367512907,0.0008299869417926212,0.0,0.5752147872120547,0.5126909147035519,0.6246883847853469,0.0,1.0,0.5454545454545454,20,30,0.37200435708351337,19.999999999999996,0.05
20,10,buffer_inverse_volatility,static_1x,,1.0,2021,26,0.08628749905317235,0.40904822949815,0.5613468849198043,-0.3438588302800387,0.2509387325691179,0.007561548601567764,-0.04151941140090673,-0.054243463635006,0.9161505904794338,23.086994880081733,0.0037374937492456735,0.0009161505904794339,0.0,1.0,1.0,1.0,0.0,0.0,0.5,20,30,0.4658399939618109,19.010678500435287,0.06781390877302527
20,10,buffer_inverse_volatility,static_1x,,1.0,2022,26,-0.4692582404159479,-0.7422267705401319,-1.6021509596589147,-0.4693613230842708,-0.9997803767305632,-0.017937496766317916,-0.08470086902554524,-0.08391591623005151,1.0022885693922114,25.25767194868373,-0.01857883978259535,0.0010022885693922114,0.0,1.0,1.0,1.0,0.0,0.0,0.38461538461538464,20,30,0.6090118767641118,19.03373268433404,0.06902076595847023
20,10,buffer_inverse_volatility,static_1x,,1.0,2023,25,2.57557230944369,2.3690131627998343,6.607899288329245,-0.23660596057765004,10.885492077865177,0.05870840563086346,0.06177551873293561,0.057163221451042814,0.9964022723181891,25.109337262418364,0.10257428471832267,0.0009964022723181892,0.0,1.0,1.0,1.0,0.0,0.0,0.6,20,30,0.6245013092916963,17.925133656310816,0.08410387661807388
20,10,buffer_inverse_volatility,static_1x,,1.0,2024,26,0.5724823211358996,1.2034592441304741,1.6173465783348544,-0.20111356398365432,2.846562458524322,0.022229147739354513,-0.017673314871082705,-0.00026514577724847207,1.181242225432384,29.767304080896075,0.019231916991209987,0.0011812422254323842,0.0,1.0,1.0,1.0,0.0,0.0,0.6153846153846154,20,30,0.46547028972009125,18.251904381527712,0.08643551863847744
20,10,buffer_inverse_volatility,static_1x,,1.0,2025,25,2.3811051452536667,2.605331739078528,4.579486951337315,-0.2699576719579633,8.820290706998106,0.05480666597986811,0.09019189801549282,0.10917532406885332,1.1306934893531226,28.49347593169869,0.08356667859552763,0.0011306934893531226,0.0,1.0,1.0,1.0,0.0,0.0,0.72,20,30,0.5301159779296142,18.434792566787827,0.08069967119640195
20,10,buffer_inverse_volatility,static_1x,,1.0,2026,11,0.6493110944483105,1.0495197438506114,1.9997299395854244,-0.29485358278547535,2.202147548333253,0.027524485116473676,0.027895204049558718,0.04338840353177768,1.272016828444945,32.05482407681261,0.02025626760241684,0.0012720168284449452,0.0,1.0,1.0,1.0,0.0,0.0,0.5454545454545454,20,30,0.6608899251292847,19.317446044311268,0.0720610099576857
20,10,buffer_inverse_volatility,legacy_risk_scaled,,1.0,2021,26,-0.11017710492719879,-0.26044063352070335,-0.2681475985324604,-0.27809406069534004,-0.39618647248961186,-0.0029493405385798924,-0.04151941140090673,-0.054243463635006,0.4999417020583496,12.598530891870409,-0.008745234335083781,0.0004999417020583497,0.0,0.5346153846153846,0.45,1.0,0.0,0.8461538461538461,0.5,20,30,0.28537552135199,19.010678500435287,0.06781390877302527
20,10,buffer_inverse_volatility,legacy_risk_scaled,,1.0,2022,26,-0.21343924558960614,-0.7422267705401319,-1.602150959658915,-0.22805453367646544,-0.9359131877308188,-0.008071873544843063,-0.08470086902554524,-0.08391591623005151,0.4510298562264952,11.365952376907678,-0.018778826314920415,0.00045102985622649523,0.0,0.44999999999999996,0.45,0.45,0.0,1.0,0.38461538461538464,20,30,0.2740553445438504,19.03373268433404,0.06902076595847023
20,10,buffer_inverse_volatility,legacy_risk_scaled,,1.0,2023,25,1.1156613529390902,2.4361612065214464,8.043134226556528,-0.11131561950736812,10.022504998638068,0.032156938952984444,0.06177551873293561,0.057163221451042814,0.47772998554184726,12.03879563565455,0.09267217308971552,0.0004777299855418473,0.0,0.486,0.45,0.75,0.0,1.0,0.6,20,30,0.3326359764066271,17.925133656310816,0.08410387661807388
20,10,buffer_inverse_volatility,legacy_risk_scaled,,1.0,2024,26,0.5125261949931468,1.334085590787474,2.339475502363562,-0.09050110379264442,5.663203800999418,0.018798385131308656,-0.017673314871082705,-0.00026514577724847207,0.7855898536728032,19.79686431255464,0.025889261395205726,0.0007855898536728034,0.0,0.6423076923076922,0.45,1.0,0.0,0.6923076923076923,0.6153846153846154,20,30,0.35508914014231624,18.251904381527712,0.08643551863847744
20,10,buffer_inverse_volatility,legacy_risk_scaled,,1.0,2025,25,1.3056941569528209,2.80982400977137,6.591866000903649,-0.1410026564344231,9.260067788581468,0.035542267873031906,0.09019189801549282,0.10917532406885332,0.7134424733141489,17.97875032751655,0.07262429997453441,0.000713442473314149,0.0,0.594,0.45,1.0,0.0,0.76,0.72,20,30,0.3187620104624569,18.434792566787827,0.08069967119640195
20,10,buffer_inverse_volatility,legacy_risk_scaled,,1.0,2026,11,0.31201545176866774,1.0495197438506114,1.999729939585424,-0.13981453969273616,2.231638086098695,0.01238601830241315,0.027895204049558718,0.04338840353177768,0.5724075728002253,14.424670834565676,0.021630680890200187,0.0005724075728002253,0.0,0.45,0.45,0.45,0.0,1.0,0.5454545454545454,20,30,0.29740046630817807,19.317446044311268,0.0720610099576857
20,10,buffer_inverse_volatility,vol_target_20pct_max_1p25,0.2,1.25,2021,26,0.15903647169384727,0.6427628055292303,1.0184033671961688,-0.18784026433407397,0.8466580488355833,0.007516150486589091,-0.04151941140090673,-0.054243463635006,0.5972077338297495,15.049634892509685,0.010567463784320835,0.0005972077338297496,0.0,0.6173092004058407,0.5,1.0,0.0,0.7692307692307693,0.5,20,30,0.2946763419300429,19.010678500435287,0.06781390877302527
20,10,buffer_inverse_volatility,vol_target_20pct_max_1p25,0.2,1.25,2022,26,-0.23759369093928062,-0.7422267705401319,-1.6021509596589147,-0.25192456356182824,-0.9431144290976196,-0.008968748383158958,-0.08470086902554524,-0.08391591623005151,0.5011442846961057,12.628835974341865,-0.018813585941095612,0.0005011442846961057,0.0,0.5,0.5,0.5,0.0,1.0,0.38461538461538464,20,30,0.3045059383820559,19.03373268433404,0.06902076595847023
20,10,buffer_inverse_volatility,vol_target_20pct_max_1p25,0.2,1.25,2023,25,0.9848304278848705,2.3690131627998343,6.607899288329245,-0.12319324954983657,7.994191495748048,0.02935420281543173,0.06177551873293561,0.057163221451042814,0.49820113615909456,12.554668631209182,0.07844336292849,0.0004982011361590946,0.0,0.5,0.5,0.5,0.0,1.0,0.6,20,30,0.31225065464584817,17.925133656310816,0.08410387661807388
20,10,buffer_inverse_volatility,vol_target_20pct_max_1p25,0.2,1.25,2024,26,0.2954171397333216,1.2126431290216568,1.6559021096286484,-0.10055678199182716,2.9378141770421005,0.011379531490010381,-0.017673314871082705,-0.00026514577724847207,0.5920324352044612,14.919217367152424,0.019801115062760614,0.0005920324352044614,0.0,0.5009889611032028,0.5,0.5257129886832727,0.0,1.0,0.6153846153846154,20,30,0.23647863636486266,18.251904381527712,0.08643551863847744
20,10,buffer_inverse_volatility,vol_target_20pct_max_1p25,0.2,1.25,2025,25,0.9131767650449087,2.605331739078528,4.579486951337315,-0.13812502604526233,6.61123325142881,0.027403332989934054,0.09019189801549282,0.10917532406885332,0.5653467446765613,14.246737965849345,0.06409725280508927,0.0005653467446765613,0.0,0.5,0.5,0.5,0.0,1.0,0.72,20,30,0.2650579889648071,18.434792566787827,0.08069967119640195
20,10,buffer_inverse_volatility,vol_target_20pct_max_1p25,0.2,1.25,2026,11,0.3457029309810906,1.0495197438506114,1.9997299395854244,-0.15462271903935731,2.235783545451016,0.013762242558236838,0.027895204049558718,0.04338840353177768,0.6360084142224725,16.027412038406304,0.02156947922426195,0.0006360084142224726,0.0,0.5,0.5,0.5,0.0,1.0,0.5454545454545454,20,30,0.33044496256464234,19.317446044311268,0.0720610099576857
20,10,buffer_inverse_volatility,regime_dd_vol_target_20pct_max_1p25,0.2,1.25,2021,26,0.05930918796675955,0.3487809243950921,0.4821603748672528,-0.18788379810051392,0.31566951789547265,0.0035855239207944313,-0.04151941140090673,-0.054243463635006,0.5250119661960058,13.230301548139344,0.004482829643070422,0.0005250119661960057,0.0,0.5500015080981484,0.5,1.0,0.0,0.9615384615384616,0.5,20,30,0.2590600473942981,19.010678500435287,0.06781390877302527
20,10,buffer_inverse_volatility,regime_dd_vol_target_20pct_max_1p25,0.2,1.25,2022,26,-0.23759369093928062,-0.7422267705401319,-1.6021509596589147,-0.25192456356182824,-0.9431144290976196,-0.008968748383158958,-0.08470086902554524,-0.08391591623005151,0.5011442846961057,12.628835974341865,-0.018813585941095612,0.0005011442846961057,0.0,0.5,0.5,0.5,0.0,1.0,0.38461538461538464,20,30,0.3045059383820559,19.03373268433404,0.06902076595847023
20,10,buffer_inverse_volatility,regime_dd_vol_target_20pct_max_1p25,0.2,1.25,2023,25,0.9848304278848705,2.3690131627998343,6.607899288329245,-0.12319324954983657,7.994191495748048,0.02935420281543173,0.06177551873293561,0.057163221451042814,0.49820113615909456,12.554668631209182,0.07844336292849,0.0004982011361590946,0.0,0.5,0.5,0.5,0.0,1.0,0.6,20,30,0.31225065464584817,17.925133656310816,0.08410387661807388
20,10,buffer_inverse_volatility,regime_dd_vol_target_20pct_max_1p25,0.2,1.25,2024,26,0.2954171397333216,1.2126431290216568,1.6559021096286484,-0.10055678199182716,2.9378141770421005,0.011379531490010381,-0.017673314871082705,-0.00026514577724847207,0.5920324352044612,14.919217367152424,0.019801115062760614,0.0005920324352044614,0.0,0.5009889611032028,0.5,0.5257129886832727,0.0,1.0,0.6153846153846154,20,30,0.23647863636486266,18.251904381527712,0.08643551863847744
20,10,buffer_inverse_volatility,regime_dd_vol_target_20pct_max_1p25,0.2,1.25,2025,25,0.9131767650449087,2.605331739078528,4.579486951337315,-0.13812502604526233,6.61123325142881,0.027403332989934054,0.09019189801549282,0.10917532406885332,0.5653467446765613,14.246737965849345,0.06409725280508927,0.0005653467446765613,0.0,0.5,0.5,0.5,0.0,1.0,0.72,20,30,0.2650579889648071,18.434792566787827,0.08069967119640195
20,10,buffer_inverse_volatility,regime_dd_vol_target_20pct_max_1p25,0.2,1.25,2026,11,0.3457029309810906,1.0495197438506114,1.9997299395854244,-0.15462271903935731,2.235783545451016,0.013762242558236838,0.027895204049558718,0.04338840353177768,0.6360084142224725,16.027412038406304,0.02156947922426195,0.0006360084142224726,0.0,0.5,0.5,0.5,0.0,1.0,0.5454545454545454,20,30,0.33044496256464234,19.317446044311268,0.0720610099576857
20,10,buffer_inverse_volatility,vol_target_20pct_max_1p50,0.2,1.5,2021,26,0.15903647169384727,0.6427628055292303,1.0184033671961688,-0.18784026433407397,0.8466580488355833,0.007516150486589091,-0.04151941140090673,-0.054243463635006,0.5972077338297495,15.049634892509685,0.010567463784320835,0.0005972077338297496,0.0,0.6173092004058407,0.5,1.0,0.0,0.7692307692307693,0.5,20,30,0.2946763419300429,19.010678500435287,0.06781390877302527
20,10,buffer_inverse_volatility,vol_target_20pct_max_1p50,0.2,1.5,2022,26,-0.23759369093928062,-0.7422267705401319,-1.6021509596589147,-0.25192456356182824,-0.9431144290976196,-0.008968748383158958,-0.08470086902554524,-0.08391591623005151,0.5011442846961057,12.628835974341865,-0.018813585941095612,0.0005011442846961057,0.0,0.5,0.5,0.5,0.0,1.0,0.38461538461538464,20,30,0.3045059383820559,19.03373268433404,0.06902076595847023
20,10,buffer_inverse_volatility,vol_target_20pct_max_1p50,0.2,1.5,2023,25,0.9848304278848705,2.3690131627998343,6.607899288329245,-0.12319324954983657,7.994191495748048,0.02935420281543173,0.06177551873293561,0.057163221451042814,0.49820113615909456,12.554668631209182,0.07844336292849,0.0004982011361590946,0.0,0.5,0.5,0.5,0.0,1.0,0.6,20,30,0.31225065464584817,17.925133656310816,0.08410387661807388
20,10,buffer_inverse_volatility,vol_target_20pct_max_1p50,0.2,1.5,2024,26,0.2954171397333216,1.2126431290216568,1.6559021096286484,-0.10055678199182716,2.9378141770421005,0.011379531490010381,-0.017673314871082705,-0.00026514577724847207,0.5920324352044612,14.919217367152424,0.019801115062760614,0.0005920324352044614,0.0,0.5009889611032028,0.5,0.5257129886832727,0.0,1.0,0.6153846153846154,20,30,0.23647863636486266,18.251904381527712,0.08643551863847744
20,10,buffer_inverse_volatility,vol_target_20pct_max_1p50,0.2,1.5,2025,25,0.9131767650449087,2.605331739078528,4.579486951337315,-0.13812502604526233,6.61123325142881,0.027403332989934054,0.09019189801549282,0.10917532406885332,0.5653467446765613,14.246737965849345,0.06409725280508927,0.0005653467446765613,0.0,0.5,0.5,0.5,0.0,1.0,0.72,20,30,0.2650579889648071,18.434792566787827,0.08069967119640195
20,10,buffer_inverse_volatility,vol_target_20pct_max_1p50,0.2,1.5,2026,11,0.3457029309810906,1.0495197438506114,1.9997299395854244,-0.15462271903935731,2.235783545451016,0.013762242558236838,0.027895204049558718,0.04338840353177768,0.6360084142224725,16.027412038406304,0.02156947922426195,0.0006360084142224726,0.0,0.5,0.5,0.5,0.0,1.0,0.5454545454545454,20,30,0.33044496256464234,19.317446044311268,0.0720610099576857
20,10,buffer_inverse_volatility,regime_dd_vol_target_20pct_max_1p50,0.2,1.5,2021,26,0.05930918796675955,0.3487809243950921,0.4821603748672528,-0.18788379810051392,0.31566951789547265,0.0035855239207944313,-0.04151941140090673,-0.054243463635006,0.5250119661960058,13.230301548139344,0.004482829643070422,0.0005250119661960057,0.0,0.5500015080981484,0.5,1.0,0.0,0.9615384615384616,0.5,20,30,0.2590600473942981,19.010678500435287,0.06781390877302527
20,10,buffer_inverse_volatility,regime_dd_vol_target_20pct_max_1p50,0.2,1.5,2022,26,-0.23759369093928062,-0.7422267705401319,-1.6021509596589147,-0.25192456356182824,-0.9431144290976196,-0.008968748383158958,-0.08470086902554524,-0.08391591623005151,0.5011442846961057,12.628835974341865,-0.018813585941095612,0.0005011442846961057,0.0,0.5,0.5,0.5,0.0,1.0,0.38461538461538464,20,30,0.3045059383820559,19.03373268433404,0.06902076595847023
20,10,buffer_inverse_volatility,regime_dd_vol_target_20pct_max_1p50,0.2,1.5,2023,25,0.9848304278848705,2.3690131627998343,6.607899288329245,-0.12319324954983657,7.994191495748048,0.02935420281543173,0.06177551873293561,0.057163221451042814,0.49820113615909456,12.554668631209182,0.07844336292849,0.0004982011361590946,0.0,0.5,0.5,0.5,0.0,1.0,0.6,20,30,0.31225065464584817,17.925133656310816,0.08410387661807388
20,10,buffer_inverse_volatility,regime_dd_vol_target_20pct_max_1p50,0.2,1.5,2024,26,0.2954171397333216,1.2126431290216568,1.6559021096286484,-0.10055678199182716,2.9378141770421005,0.011379531490010381,-0.017673314871082705,-0.00026514577724847207,0.5920324352044612,14.919217367152424,0.019801115062760614,0.0005920324352044614,0.0,0.5009889611032028,0.5,0.5257129886832727,0.0,1.0,0.6153846153846154,20,30,0.23647863636486266,18.251904381527712,0.08643551863847744
20,10,buffer_inverse_volatility,regime_dd_vol_target_20pct_max_1p50,0.2,1.5,2025,25,0.9131767650449087,2.605331739078528,4.579486951337315,-0.13812502604526233,6.61123325142881,0.027403332989934054,0.09019189801549282,0.10917532406885332,0.5653467446765613,14.246737965849345,0.06409725280508927,0.0005653467446765613,0.0,0.5,0.5,0.5,0.0,1.0,0.72,20,30,0.2650579889648071,18.434792566787827,0.08069967119640195
20,10,buffer_inverse_volatility,regime_dd_vol_target_20pct_max_1p50,0.2,1.5,2026,11,0.3457029309810906,1.0495197438506114,1.9997299395854244,-0.15462271903935731,2.235783545451016,0.013762242558236838,0.027895204049558718,0.04338840353177768,0.6360084142224725,16.027412038406304,0.02156947922426195,0.0006360084142224726,0.0,0.5,0.5,0.5,0.0,1.0,0.5454545454545454,20,30,0.33044496256464234,19.317446044311268,0.0720610099576857
20,10,buffer_inverse_volatility,vol_target_25pct_max_1p25,0.25,1.25,2021,26,0.11111159805121273,0.4845324047442529,0.7021895565086375,-0.2140308578232678,0.5191382176441174,0.00615256619653402,-0.04151941140090673,-0.054243463635006,0.6366064423466642,16.042482347135937,0.006926085106214842,0.0006366064423466644,0.0,0.6638197488342445,0.5,1.0,0.0,0.7692307692307693,0.5,20,30,0.31998823326273373,19.010678500435287,0.06781390877302527
20,10,buffer_inverse_volatility,vol_target_25pct_max_1p25,0.25,1.25,2022,26,-0.23825340867398015,-0.7304590794561963,-1.5582906753478356,-0.251940769450107,-0.9456723070029465,-0.008952117157147166,-0.08470086902554524,-0.08391591623005151,0.5046387986686723,12.716897726450542,-0.01873518320261587,0.0005046387986686724,0.0,0.5031240118524074,0.5,0.5333731537322682,0.0,1.0,0.38461538461538464,20,30,0.3088377688837214,19.03373268433404,0.06902076595847023
20,10,buffer_inverse_volatility,vol_target_25pct_max_1p25,0.25,1.25,2023,25,0.9848304278848705,2.3690131627998343,6.607899288329245,-0.12319324954983657,7.994191495748048,0.02935420281543173,0.06177551873293561,0.057163221451042814,0.49820113615909456,12.554668631209182,0.07844336292849,0.0004982011361590946,0.0,0.5,0.5,0.5,0.0,1.0,0.6,20,30,0.31225065464584817,17.925133656310816,0.08410387661807388
20,10,buffer_inverse_volatility,vol_target_25pct_max_1p25,0.25,1.25,2024,26,0.33960690783843384,1.2309483126840104,1.7641400078237213,-0.11157623736601119,3.0437207406842193,0.012985474705269718,-0.017673314871082705,-0.00026514577724847207,0.6235423604709764,15.713267483868606,0.021612749110716634,0.0006235423604709766,0.0,0.5265118608719844,0.5,0.6571412358540908,0.0,1.0,0.6153846153846154,20,30,0.2658389139502393,18.251904381527712,0.08643551863847744
20,10,buffer_inverse_volatility,vol_target_25pct_max_1p25,0.25,1.25,2025,25,0.9288017369833113,2.5655292144453807,4.234350127471812,-0.1457876913664452,6.370920125545566,0.027820794534506206,0.09019189801549282,0.10917532406885332,0.5746932537303422,14.482269994004623,0.06413371228183268,0.0005746932537303421,0.0,0.507904380987725,0.5,0.5371772054897426,0.0,1.0,0.72,20,30,0.27327072259479906,18.434792566787827,0.08069967119640195
20,10,buffer_inverse_volatility,vol_target_25pct_max_1p25,0.25,1.25,2026,11,0.3379478737331285,1.028299962196633,1.9301508456931182,-0.15675274659084049,2.1559295201075335,0.013551141924723075,0.027895204049558718,0.04338840353177768,0.6380609318855476,16.0791354835158,0.02101778880335886,0.0006380609318855477,0.0,0.501333083437916,0.5,0.5146639178170757,0.0,1.0,0.5454545454545454,20,30,0.33209062438701276,19.317446044311268,0.0720610099576857
20,10,buffer_inverse_volatility,regime_dd_vol_target_25pct_max_1p25,0.25,1.25,2021,26,0.015507926986942033,0.19507287095685724,0.2516292087151597,-0.21407298770925198,0.07244224109211046,0.00222193963073936,-0.04151941140090673,-0.054243463635006,0.5644106747129205,14.223149002765597,0.0010903300657207921,0.0005644106747129204,0.0,0.5965120565265523,0.5,1.0,0.0,0.9615384615384616,0.5,20,30,0.2870357032219789,19.010678500435287,0.06781390877302527
20,10,buffer_inverse_volatility,regime_dd_vol_target_25pct_max_1p25,0.25,1.25,2022,26,-0.23759369093928062,-0.7422267705401319,-1.6021509596589147,-0.25192456356182824,-0.9431144290976196,-0.008968748383158958,-0.08470086902554524,-0.08391591623005151,0.5011442846961057,12.628835974341865,-0.018813585941095612,0.0005011442846961057,0.0,0.5,0.5,0.5,0.0,1.0,0.38461538461538464,20,30,0.3045059383820559,19.03373268433404,0.06902076595847023
20,10,buffer_inverse_volatility,regime_dd_vol_target_25pct_max_1p25,0.25,1.25,2023,25,0.9848304278848705,2.3690131627998343,6.607899288329245,-0.12319324954983657,7.994191495748048,0.02935420281543173,0.06177551873293561,0.057163221451042814,0.49820113615909456,12.554668631209182,0.07844336292849,0.0004982011361590946,0.0,0.5,0.5,0.5,0.0,1.0,0.6,20,30,0.31225065464584817,17.925133656310816,0.08410387661807388
20,10,buffer_inverse_volatility,regime_dd_vol_target_25pct_max_1p25,0.25,1.25,2024,26,0.33960690783843384,1.2309483126840104,1.7641400078237213,-0.11157623736601119,3.0437207406842193,0.012985474705269718,-0.017673314871082705,-0.00026514577724847207,0.6235423604709764,15.713267483868606,0.021612749110716634,0.0006235423604709766,0.0,0.5265118608719844,0.5,0.6571412358540908,0.0,1.0,0.6153846153846154,20,30,0.2658389139502393,18.251904381527712,0.08643551863847744
20,10,buffer_inverse_volatility,regime_dd_vol_target_25pct_max_1p25,0.25,1.25,2025,25,0.9288017369833113,2.5655292144453807,4.234350127471812,-0.1457876913664452,6.370920125545566,0.027820794534506206,0.09019189801549282,0.10917532406885332,0.5746932537303422,14.482269994004623,0.06413371228183268,0.0005746932537303421,0.0,0.507904380987725,0.5,0.5371772054897426,0.0,1.0,0.72,20,30,0.27327072259479906,18.434792566787827,0.08069967119640195
20,10,buffer_inverse_volatility,regime_dd_vol_target_25pct_max_1p25,0.25,1.25,2026,11,0.3379478737331285,1.028299962196633,1.9301508456931182,-0.15675274659084049,2.1559295201075335,0.013551141924723075,0.027895204049558718,0.04338840353177768,0.6380609318855476,16.0791354835158,0.02101778880335886,0.0006380609318855477,0.0,0.501333083437916,0.5,0.5146639178170757,0.0,1.0,0.5454545454545454,20,30,0.33209062438701276,19.317446044311268,0.0720610099576857
20,10,buffer_inverse_volatility,vol_target_25pct_max_1p50,0.25,1.5,2021,26,0.11111159805121273,0.4845324047442529,0.7021895565086375,-0.2140308578232678,0.5191382176441174,0.00615256619653402,-0.04151941140090673,-0.054243463635006,0.6366064423466642,16.042482347135937,0.006926085106214842,0.0006366064423466644,0.0,0.6638197488342445,0.5,1.0,0.0,0.7692307692307693,0.5,20,30,0.31998823326273373,19.010678500435287,0.06781390877302527
20,10,buffer_inverse_volatility,vol_target_25pct_max_1p50,0.25,1.5,2022,26,-0.23825340867398015,-0.7304590794561963,-1.5582906753478356,-0.251940769450107,-0.9456723070029465,-0.008952117157147166,-0.08470086902554524,-0.08391591623005151,0.5046387986686723,12.716897726450542,-0.01873518320261587,0.0005046387986686724,0.0,0.5031240118524074,0.5,0.5333731537322682,0.0,1.0,0.38461538461538464,20,30,0.3088377688837214,19.03373268433404,0.06902076595847023
20,10,buffer_inverse_volatility,vol_target_25pct_max_1p50,0.25,1.5,2023,25,0.9848304278848705,2.3690131627998343,6.607899288329245,-0.12319324954983657,7.994191495748048,0.02935420281543173,0.06177551873293561,0.057163221451042814,0.49820113615909456,12.554668631209182,0.07844336292849,0.0004982011361590946,0.0,0.5,0.5,0.5,0.0,1.0,0.6,20,30,0.31225065464584817,17.925133656310816,0.08410387661807388
20,10,buffer_inverse_volatility,vol_target_25pct_max_1p50,0.25,1.5,2024,26,0.33960690783843384,1.2309483126840104,1.7641400078237213,-0.11157623736601119,3.0437207406842193,0.012985474705269718,-0.017673314871082705,-0.00026514577724847207,0.6235423604709764,15.713267483868606,0.021612749110716634,0.0006235423604709766,0.0,0.5265118608719844,0.5,0.6571412358540908,0.0,1.0,0.6153846153846154,20,30,0.2658389139502393,18.251904381527712,0.08643551863847744
20,10,buffer_inverse_volatility,vol_target_25pct_max_1p50,0.25,1.5,2025,25,0.9288017369833113,2.5655292144453807,4.234350127471812,-0.1457876913664452,6.370920125545566,0.027820794534506206,0.09019189801549282,0.10917532406885332,0.5746932537303422,14.482269994004623,0.06413371228183268,0.0005746932537303421,0.0,0.507904380987725,0.5,0.5371772054897426,0.0,1.0,0.72,20,30,0.27327072259479906,18.434792566787827,0.08069967119640195
20,10,buffer_inverse_volatility,vol_target_25pct_max_1p50,0.25,1.5,2026,11,0.3379478737331285,1.028299962196633,1.9301508456931182,-0.15675274659084049,2.1559295201075335,0.013551141924723075,0.027895204049558718,0.04338840353177768,0.6380609318855476,16.0791354835158,0.02101778880335886,0.0006380609318855477,0.0,0.501333083437916,0.5,0.5146639178170757,0.0,1.0,0.5454545454545454,20,30,0.33209062438701276,19.317446044311268,0.0720610099576857
20,10,buffer_inverse_volatility,regime_dd_vol_target_25pct_max_1p50,0.25,1.5,2021,26,0.015507926986942033,0.19507287095685724,0.2516292087151597,-0.21407298770925198,0.07244224109211046,0.00222193963073936,-0.04151941140090673,-0.054243463635006,0.5644106747129205,14.223149002765597,0.0010903300657207921,0.0005644106747129204,0.0,0.5965120565265523,0.5,1.0,0.0,0.9615384615384616,0.5,20,30,0.2870357032219789,19.010678500435287,0.06781390877302527
20,10,buffer_inverse_volatility,regime_dd_vol_target_25pct_max_1p50,0.25,1.5,2022,26,-0.23759369093928062,-0.7422267705401319,-1.6021509596589147,-0.25192456356182824,-0.9431144290976196,-0.008968748383158958,-0.08470086902554524,-0.08391591623005151,0.5011442846961057,12.628835974341865,-0.018813585941095612,0.0005011442846961057,0.0,0.5,0.5,0.5,0.0,1.0,0.38461538461538464,20,30,0.3045059383820559,19.03373268433404,0.06902076595847023
20,10,buffer_inverse_volatility,regime_dd_vol_target_25pct_max_1p50,0.25,1.5,2023,25,0.9848304278848705,2.3690131627998343,6.607899288329245,-0.12319324954983657,7.994191495748048,0.02935420281543173,0.06177551873293561,0.057163221451042814,0.49820113615909456,12.554668631209182,0.07844336292849,0.0004982011361590946,0.0,0.5,0.5,0.5,0.0,1.0,0.6,20,30,0.31225065464584817,17.925133656310816,0.08410387661807388
20,10,buffer_inverse_volatility,regime_dd_vol_target_25pct_max_1p50,0.25,1.5,2024,26,0.33960690783843384,1.2309483126840104,1.7641400078237213,-0.11157623736601119,3.0437207406842193,0.012985474705269718,-0.017673314871082705,-0.00026514577724847207,0.6235423604709764,15.713267483868606,0.021612749110716634,0.0006235423604709766,0.0,0.5265118608719844,0.5,0.6571412358540908,0.0,1.0,0.6153846153846154,20,30,0.2658389139502393,18.251904381527712,0.08643551863847744
20,10,buffer_inverse_volatility,regime_dd_vol_target_25pct_max_1p50,0.25,1.5,2025,25,0.9288017369833113,2.5655292144453807,4.234350127471812,-0.1457876913664452,6.370920125545566,0.027820794534506206,0.09019189801549282,0.10917532406885332,0.5746932537303422,14.482269994004623,0.06413371228183268,0.0005746932537303421,0.0,0.507904380987725,0.5,0.5371772054897426,0.0,1.0,0.72,20,30,0.27327072259479906,18.434792566787827,0.08069967119640195
20,10,buffer_inverse_volatility,regime_dd_vol_target_25pct_max_1p50,0.25,1.5,2026,11,0.3379478737331285,1.028299962196633,1.9301508456931182,-0.15675274659084049,2.1559295201075335,0.013551141924723075,0.027895204049558718,0.04338840353177768,0.6380609318855476,16.0791354835158,0.02101778880335886,0.0006380609318855477,0.0,0.501333083437916,0.5,0.5146639178170757,0.0,1.0,0.5454545454545454,20,30,0.33209062438701276,19.317446044311268,0.0720610099576857
20,10,buffer_inverse_volatility,vol_target_30pct_max_1p25,0.3,1.25,2021,26,0.0784724746658445,0.3866053957777285,0.5311153261231951,-0.24927688630250722,0.31480044471758645,0.005501607020048386,-0.04151941140090673,-0.054243463635006,0.705755500056158,17.78503860141518,0.004412274632881614,0.0007057555000561578,0.0,0.7466432812845564,0.5465954471410481,1.0,0.0,0.7692307692307693,0.5,20,30,0.35860983426348264,19.010678500435287,0.06781390877302527
20,10,buffer_inverse_volatility,vol_target_30pct_max_1p25,0.3,1.25,2022,26,-0.2670396123511317,-0.7465352561423102,-1.4892807122771499,-0.26708191839920614,-0.999841598980837,-0.010074558867972079,-0.08470086902554524,-0.08391591623005151,0.5417377422514429,13.651791104736361,-0.019560774868470177,0.0005417377422514429,0.0,0.538389440574702,0.5,0.6400477844787219,0.0,1.0,0.38461538461538464,20,30,0.3400762139283347,19.03373268433404,0.06902076595847023
20,10,buffer_inverse_volatility,vol_target_30pct_max_1p25,0.3,1.25,2023,25,1.0230962572134814,2.3736862497587072,6.799984317015621,-0.12319324954983657,8.304807779257404,0.030224226124864716,0.06177551873293561,0.057163221451042814,0.5017496461172899,12.644091082155706,0.08091497052384825,0.0005017496461172899,0.0,0.5037246574707904,0.5,0.5537974029894749,0.0,1.0,0.6,20,30,0.32087243982814284,17.925133656310816,0.08410387661807388
20,10,buffer_inverse_volatility,vol_target_30pct_max_1p25,0.3,1.25,2024,26,0.4160769663293207,1.268852715223556,1.8619646955335065,-0.13389148483921343,3.1075685420097923,0.015696568317091927,-0.017673314871082705,-0.00026514577724847207,0.7105750901111197,17.906492270800218,0.02323609560359343,0.0007105750901111198,0.0,0.6021065471676056,0.5,0.7885694830249089,0.0,1.0,0.6153846153846154,20,30,0.3117410845600192,18.251904381527712,0.08643551863847744
20,10,buffer_inverse_volatility,vol_target_30pct_max_1p25,0.3,1.25,2025,25,1.1059649579517639,2.5334746644563118,3.9726980119723816,-0.17138979093687723,6.452922031739278,0.031900012782388944,0.09019189801549282,0.10917532406885332,0.6591293948008881,16.610060748982377,0.06658404052011196,0.0006591293948008881,0.0,0.5813125030686206,0.536455528410154,0.644612646587691,0.0,1.0,0.72,20,30,0.31730347786553276,18.434792566787827,0.08069967119640195
20,10,buffer_inverse_volatility,vol_target_30pct_max_1p25,0.3,1.25,2026,11,0.3249985464459386,0.9189106869612133,1.6251489735342715,-0.1832469602643343,1.7735549117820413,0.013704432422331601,0.027895204049558718,0.04338840353177768,0.705796974236115,17.786083750750098,0.018272631063723194,0.0007057969742361151,0.0,0.5504237249006451,0.5,0.6175967013804908,0.0,1.0,0.5454545454545454,20,30,0.3758272723814055,19.317446044311268,0.0720610099576857
20,10,buffer_inverse_volatility,regime_dd_vol_target_30pct_max_1p25,0.3,1.25,2021,26,-0.02083557778329692,0.09097913337181389,0.11287018742630396,-0.2403807047869726,-0.08667741365415159,0.0011411152866367738,-0.04151941140090673,-0.054243463635006,0.6190644736481765,15.600424735934048,-0.0013355775971473527,0.0006190644736481765,0.0,0.6601335814082121,0.5,1.0,0.0,0.9615384615384616,0.5,20,30,0.3160736331233903,19.010678500435287,0.06781390877302527
20,10,buffer_inverse_volatility,regime_dd_vol_target_30pct_max_1p25,0.3,1.25,2022,26,-0.23759369093928062,-0.7422267705401319,-1.6021509596589147,-0.25192456356182824,-0.9431144290976196,-0.008968748383158958,-0.08470086902554524,-0.08391591623005151,0.5011442846961057,12.628835974341865,-0.018813585941095612,0.0005011442846961057,0.0,0.5,0.5,0.5,0.0,1.0,0.38461538461538464,20,30,0.3045059383820559,19.03373268433404,0.06902076595847023
20,10,buffer_inverse_volatility,regime_dd_vol_target_30pct_max_1p25,0.3,1.25,2023,25,0.9858794394170503,2.36918996219252,6.613300708803611,-0.12319324954983657,8.002706666311475,0.02937819748986268,0.06177551873293561,0.057163221451042814,0.49828451274445257,12.556769721160205,0.07851377872731731,0.0004982845127444526,0.0,0.5000833787894389,0.5,0.502084469735973,0.0,1.0,0.6,20,30,0.31248257360478404,17.925133656310816,0.08410387661807388
20,10,buffer_inverse_volatility,regime_dd_vol_target_30pct_max_1p25,0.3,1.25,2024,26,0.42110178945926946,1.2849721777069696,1.9135107606862793,-0.13072381658937537,3.221308866631535,0.015818579955758007,-0.017673314871082705,-0.00026514577724847207,0.7097048420035055,17.88456201848834,0.02354554665772365,0.0007097048420035055,0.0,0.6014928929832484,0.5,0.7885694830249089,0.0,1.0,0.6153846153846154,20,30,0.3102232264642905,18.251904381527712,0.08643551863847744
20,10,buffer_inverse_volatility,regime_dd_vol_target_30pct_max_1p25,0.3,1.25,2025,25,1.1059649579517639,2.5334746644563118,3.9726980119723816,-0.17138979093687723,6.452922031739278,0.031900012782388944,0.09019189801549282,0.10917532406885332,0.6591293948008881,16.610060748982377,0.06658404052011196,0.0006591293948008881,0.0,0.5813125030686206,0.536455528410154,0.644612646587691,0.0,1.0,0.72,20,30,0.31730347786553276,18.434792566787827,0.08069967119640195
20,10,buffer_inverse_volatility,regime_dd_vol_target_30pct_max_1p25,0.3,1.25,2026,11,0.3249985464459386,0.9189106869612133,1.6251489735342715,-0.1832469602643343,1.7735549117820413,0.013704432422331601,0.027895204049558718,0.04338840353177768,0.705796974236115,17.786083750750098,0.018272631063723194,0.0007057969742361151,0.0,0.5504237249006451,0.5,0.6175967013804908,0.0,1.0,0.5454545454545454,20,30,0.3758272723814055,19.317446044311268,0.0720610099576857
20,10,buffer_inverse_volatility,vol_target_30pct_max_1p50,0.3,1.5,2021,26,0.0784724746658445,0.3866053957777285,0.5311153261231951,-0.24927688630250722,0.31480044471758645,0.005501607020048386,-0.04151941140090673,-0.054243463635006,0.705755500056158,17.78503860141518,0.004412274632881614,0.0007057555000561578,0.0,0.7466432812845564,0.5465954471410481,1.0,0.0,0.7692307692307693,0.5,20,30,0.35860983426348264,19.010678500435287,0.06781390877302527
20,10,buffer_inverse_volatility,vol_target_30pct_max_1p50,0.3,1.5,2022,26,-0.2670396123511317,-0.7465352561423102,-1.4892807122771499,-0.26708191839920614,-0.999841598980837,-0.010074558867972079,-0.08470086902554524,-0.08391591623005151,0.5417377422514429,13.651791104736361,-0.019560774868470177,0.0005417377422514429,0.0,0.538389440574702,0.5,0.6400477844787219,0.0,1.0,0.38461538461538464,20,30,0.3400762139283347,19.03373268433404,0.06902076595847023
20,10,buffer_inverse_volatility,vol_target_30pct_max_1p50,0.3,1.5,2023,25,1.0230962572134814,2.3736862497587072,6.799984317015621,-0.12319324954983657,8.304807779257404,0.030224226124864716,0.06177551873293561,0.057163221451042814,0.5017496461172899,12.644091082155706,0.08091497052384825,0.0005017496461172899,0.0,0.5037246574707904,0.5,0.5537974029894749,0.0,1.0,0.6,20,30,0.32087243982814284,17.925133656310816,0.08410387661807388
20,10,buffer_inverse_volatility,vol_target_30pct_max_1p50,0.3,1.5,2024,26,0.4160769663293207,1.268852715223556,1.8619646955335065,-0.13389148483921343,3.1075685420097923,0.015696568317091927,-0.017673314871082705,-0.00026514577724847207,0.7105750901111197,17.906492270800218,0.02323609560359343,0.0007105750901111198,0.0,0.6021065471676056,0.5,0.7885694830249089,0.0,1.0,0.6153846153846154,20,30,0.3117410845600192,18.251904381527712,0.08643551863847744
20,10,buffer_inverse_volatility,vol_target_30pct_max_1p50,0.3,1.5,2025,25,1.1059649579517639,2.5334746644563118,3.9726980119723816,-0.17138979093687723,6.452922031739278,0.031900012782388944,0.09019189801549282,0.10917532406885332,0.6591293948008881,16.610060748982377,0.06658404052011196,0.0006591293948008881,0.0,0.5813125030686206,0.536455528410154,0.644612646587691,0.0,1.0,0.72,20,30,0.31730347786553276,18.434792566787827,0.08069967119640195
20,10,buffer_inverse_volatility,vol_target_30pct_max_1p50,0.3,1.5,2026,11,0.3249985464459386,0.9189106869612133,1.6251489735342715,-0.1832469602643343,1.7735549117820413,0.013704432422331601,0.027895204049558718,0.04338840353177768,0.705796974236115,17.786083750750098,0.018272631063723194,0.0007057969742361151,0.0,0.5504237249006451,0.5,0.6175967013804908,0.0,1.0,0.5454545454545454,20,30,0.3758272723814055,19.317446044311268,0.0720610099576857
20,10,buffer_inverse_volatility,regime_dd_vol_target_30pct_max_1p50,0.3,1.5,2021,26,-0.02083557778329692,0.09097913337181389,0.11287018742630396,-0.2403807047869726,-0.08667741365415159,0.0011411152866367738,-0.04151941140090673,-0.054243463635006,0.6190644736481765,15.600424735934048,-0.0013355775971473527,0.0006190644736481765,0.0,0.6601335814082121,0.5,1.0,0.0,0.9615384615384616,0.5,20,30,0.3160736331233903,19.010678500435287,0.06781390877302527
20,10,buffer_inverse_volatility,regime_dd_vol_target_30pct_max_1p50,0.3,1.5,2022,26,-0.23759369093928062,-0.7422267705401319,-1.6021509596589147,-0.25192456356182824,-0.9431144290976196,-0.008968748383158958,-0.08470086902554524,-0.08391591623005151,0.5011442846961057,12.628835974341865,-0.018813585941095612,0.0005011442846961057,0.0,0.5,0.5,0.5,0.0,1.0,0.38461538461538464,20,30,0.3045059383820559,19.03373268433404,0.06902076595847023
20,10,buffer_inverse_volatility,regime_dd_vol_target_30pct_max_1p50,0.3,1.5,2023,25,0.9858794394170503,2.36918996219252,6.613300708803611,-0.12319324954983657,8.002706666311475,0.02937819748986268,0.06177551873293561,0.057163221451042814,0.49828451274445257,12.556769721160205,0.07851377872731731,0.0004982845127444526,0.0,0.5000833787894389,0.5,0.502084469735973,0.0,1.0,0.6,20,30,0.31248257360478404,17.925133656310816,0.08410387661807388
20,10,buffer_inverse_volatility,regime_dd_vol_target_30pct_max_1p50,0.3,1.5,2024,26,0.42110178945926946,1.2849721777069696,1.9135107606862793,-0.13072381658937537,3.221308866631535,0.015818579955758007,-0.017673314871082705,-0.00026514577724847207,0.7097048420035055,17.88456201848834,0.02354554665772365,0.0007097048420035055,0.0,0.6014928929832484,0.5,0.7885694830249089,0.0,1.0,0.6153846153846154,20,30,0.3102232264642905,18.251904381527712,0.08643551863847744
20,10,buffer_inverse_volatility,regime_dd_vol_target_30pct_max_1p50,0.3,1.5,2025,25,1.1059649579517639,2.5334746644563118,3.9726980119723816,-0.17138979093687723,6.452922031739278,0.031900012782388944,0.09019189801549282,0.10917532406885332,0.6591293948008881,16.610060748982377,0.06658404052011196,0.0006591293948008881,0.0,0.5813125030686206,0.536455528410154,0.644612646587691,0.0,1.0,0.72,20,30,0.31730347786553276,18.434792566787827,0.08069967119640195
20,10,buffer_inverse_volatility,regime_dd_vol_target_30pct_max_1p50,0.3,1.5,2026,11,0.3249985464459386,0.9189106869612133,1.6251489735342715,-0.1832469602643343,1.7735549117820413,0.013704432422331601,0.027895204049558718,0.04338840353177768,0.705796974236115,17.786083750750098,0.018272631063723194,0.0007057969742361151,0.0,0.5504237249006451,0.5,0.6175967013804908,0.0,1.0,0.5454545454545454,20,30,0.3758272723814055,19.317446044311268,0.0720610099576857
20,10,equal_weight,static_1x,,1.0,2021,26,0.0007987233477526612,0.21021037606959878,0.29828591712582603,-0.33713265251407787,0.002369166385386857,0.0035104811573830885,-0.04151941140090673,-0.054243463635006,0.941025641025641,23.713846153846152,3.368172933951147e-05,0.000941025641025641,0.0,1.0,1.0,1.0,0.0,0.0,0.5769230769230769,30,45,0.42083614910029066,30.0,0.03333333333333333
20,10,equal_weight,static_1x,,1.0,2022,26,-0.45801299391977446,-0.7184399844300358,-1.5208661167946342,-0.4736415427400885,-0.9670034247209387,-0.017238460942741576,-0.08470086902554524,-0.08391591623005151,0.9871794871794872,24.876923076923077,-0.0184111593103187,0.000987179487179487,0.0,1.0,1.0,1.0,0.0,0.0,0.38461538461538464,30,45,0.6046562345798727,30.0,0.03333333333333333
20,10,equal_weight,static_1x,,1.0,2023,25,1.9938057602279953,2.305467848470407,7.327682805801514,-0.23292869651934045,8.559725744493857,0.04976230838630118,0.06177551873293561,0.057163221451042814,1.032,26.0064,0.07666596530961592,0.001032,0.0,1.0,1.0,1.0,0.0,0.0,0.68,30,45,0.54392871805468,30.0,0.03333333333333333
20,10,equal_weight,static_1x,,1.0,2024,26,0.5675761667334107,1.2962156875223283,1.5601222271743926,-0.20558240579593223,2.7608207255673682,0.021401229806435884,-0.017673314871082705,-0.00026514577724847207,1.1974358974358974,30.175384615384612,0.018809243824651628,0.0011974358974358975,0.0,1.0,1.0,1.0,0.0,0.0,0.6153846153846154,30,45,0.41606578003469374,30.0,0.03333333333333333
20,10,equal_weight,static_1x,,1.0,2025,25,1.7564070769946953,2.301799119168766,3.3900630972691723,-0.29288289943173396,5.996960151659807,0.04582614065582263,0.09019189801549282,0.10917532406885332,1.0426666666666666,26.275199999999998,0.0668465730801172,0.0010426666666666668,0.0,1.0,1.0,1.0,0.0,0.0,0.68,30,45,0.5017026615874989,30.0,0.03333333333333333
20,10,equal_weight,static_1x,,1.0,2026,11,1.021139798656984,1.4452149639949867,3.242979077856789,-0.218570154573701,4.6719086631411955,0.034359987129475945,0.027895204049558718,0.04338840353177768,1.2606060606060607,31.76727272727273,0.0321443961344632,0.0012606060606060606,0.0,1.0,1.0,1.0,0.0,0.0,0.5454545454545454,30,45,0.5991300237227528,30.0,0.03333333333333333
20,10,equal_weight,legacy_risk_scaled,,1.0,2021,26,-0.12879542499040897,-0.4164386689186803,-0.4354038634685631,-0.2539869381200709,-0.5070946795284474,-0.004170338207815367,-0.04151941140090673,-0.054243463635006,0.5207692307692308,13.123384615384614,-0.009814192661809317,0.0005207692307692308,0.0,0.5346153846153846,0.45,1.0,0.0,0.8461538461538461,0.5769230769230769,30,45,0.25236014491600706,30.0,0.03333333333333333
20,10,equal_weight,legacy_risk_scaled,,1.0,2022,26,-0.20668931034867088,-0.7184399844300353,-1.5208661167946333,-0.2304391603906193,-0.896936571016446,-0.007757307424233705,-0.08470086902554524,-0.08391591623005151,0.4442307692307691,11.19461538461538,-0.01846327928628271,0.0004442307692307692,0.0,0.44999999999999996,0.45,0.45,0.0,1.0,0.38461538461538464,30,45,0.2720953055609427,30.0,0.03333333333333333
20,10,equal_weight,legacy_risk_scaled,,1.0,2023,25,0.8980489520124895,2.426202846351876,8.902584991579328,-0.11010108042381939,8.156586189305047,0.02720586250621642,0.06177551873293561,0.057163221451042814,0.49479999999999996,12.46896,0.07202276308629504,0.0004948,0.0,0.486,0.45,0.75,0.0,1.0,0.68,30,45,0.28257642850742165,30.0,0.03333333333333333
20,10,equal_weight,legacy_risk_scaled,,1.0,2024,26,0.5306432876346223,1.6131573112655577,2.4453030133138083,-0.09251208260816957,5.735934946812691,0.01860671415068029,-0.017673314871082705,-0.00026514577724847207,0.7783333333333334,19.614,0.02705431261520456,0.0007783333333333334,0.0,0.6423076923076922,0.45,1.0,0.0,0.6923076923076923,0.6153846153846154,30,45,0.2906655124845136,30.0,0.03333333333333333
20,10,equal_weight,legacy_risk_scaled,,1.0,2025,25,0.9545415644648603,2.436321107627031,4.799172679783133,-0.14868310079427427,6.419973482969083,0.028540492208191735,0.09019189801549282,0.10917532406885332,0.6719999999999999,16.934399999999997,0.05636701415254514,0.000672,0.0,0.594,0.45,1.0,0.0,0.76,0.68,30,45,0.2952075575731272,30.0,0.03333333333333333
20,10,equal_weight,legacy_risk_scaled,,1.0,2026,11,0.4264614835798255,1.4452149639949867,3.2429790778567895,-0.10175155515258894,4.191203593304242,0.015461994208264178,0.027895204049558718,0.04338840353177768,0.5672727272727273,14.295272727272726,0.029832343300888284,0.0005672727272727271,0.0,0.45,0.45,0.45,0.0,1.0,0.5454545454545454,30,45,0.26960851067523883,30.0,0.03333333333333333
20,10,equal_weight,vol_target_20pct_max_1p25,0.2,1.25,2021,26,0.06589003237037416,0.36707230376431543,0.553991911102487,-0.19293763490197302,0.34150948519635016,0.003928681287325185,-0.04151941140090673,-0.054243463635006,0.630325209311063,15.884195274638786,0.004148150487395247,0.000630325209311063,0.0,0.6347754711357381,0.5,1.0,0.0,0.7692307692307693,0.5384615384615384,30,45,0.2697091756183298,30.0,0.03333333333333333
20,10,equal_weight,vol_target_20pct_max_1p25,0.2,1.25,2022,26,-0.23025730895248397,-0.7184399844300358,-1.5208661167946342,-0.254517007510209,-0.9046833891571983,-0.008619230471370788,-0.08470086902554524,-0.08391591623005151,0.4935897435897436,12.438461538461539,-0.018511719334460677,0.0004935897435897435,0.0,0.5,0.5,0.5,0.0,1.0,0.38461538461538464,30,45,0.30232811728993636,30.0,0.03333333333333333
20,10,equal_weight,vol_target_20pct_max_1p25,0.2,1.25,2023,25,0.7964846325353319,2.305467848470407,7.327682805801514,-0.12179245746037404,6.539687671500292,0.02488115419315059,0.06177551873293561,0.057163221451042814,0.516,13.0032,0.06125297100216346,0.000516,0.0,0.5,0.5,0.5,0.0,1.0,0.68,30,45,0.27196435902734,30.0,0.03333333333333333
20,10,equal_weight,vol_target_20pct_max_1p25,0.2,1.25,2024,26,0.2806280772786254,1.2760987650177704,1.5217705219327955,-0.10674725588651557,2.6289020260807905,0.010731879683854998,-0.017673314871082705,-0.00026514577724847207,0.6024400041371597,15.181488104256424,0.01848488602378484,0.0006024400041371598,0.0,0.5018610277096055,0.5,0.5291560431797677,0.0,1.0,0.6153846153846154,30,45,0.21192980939009048,30.0,0.03333333333333333
20,10,equal_weight,vol_target_20pct_max_1p25,0.2,1.25,2025,25,0.7186068429966301,2.301799119168766,3.3900630972691723,-0.15180249818955682,4.733827516456948,0.022913070327911313,0.09019189801549282,0.10917532406885332,0.5213333333333333,13.137599999999999,0.054698487014114464,0.0005213333333333334,0.0,0.5,0.5,0.5,0.0,1.0,0.68,30,45,0.25085133079374944,30.0,0.03333333333333333
20,10,equal_weight,vol_target_20pct_max_1p25,0.2,1.25,2026,11,0.477880423004021,1.4452149639949867,3.242979077856789,-0.11271404997621659,4.239759134773854,0.017179993564737973,0.027895204049558718,0.04338840353177768,0.6303030303030304,15.883636363636365,0.030086336155243993,0.0006303030303030303,0.0,0.5,0.5,0.5,0.0,1.0,0.5454545454545454,30,45,0.2995650118613764,30.0,0.03333333333333333
20,10,equal_weight,regime_dd_vol_target_20pct_max_1p25,0.2,1.25,2021,26,-0.010303318415453955,0.0765643591579264,0.10303082995264372,-0.1910303478219747,-0.05393550570852668,0.000739369210127932,-0.04151941140090673,-0.054243463635006,0.5612226452084987,14.142810659254168,-0.0007285198581593192,0.0005612226452084988,0.0,0.5674677788280458,0.5,1.0,0.0,0.9615384615384616,0.5384615384615384,30,45,0.24335218501329256,30.0,0.03333333333333333
20,10,equal_weight,regime_dd_vol_target_20pct_max_1p25,0.2,1.25,2022,26,-0.23025730895248397,-0.7184399844300358,-1.5208661167946342,-0.254517007510209,-0.9046833891571983,-0.008619230471370788,-0.08470086902554524,-0.08391591623005151,0.4935897435897436,12.438461538461539,-0.018511719334460677,0.0004935897435897435,0.0,0.5,0.5,0.5,0.0,1.0,0.38461538461538464,30,45,0.30232811728993636,30.0,0.03333333333333333
20,10,equal_weight,regime_dd_vol_target_20pct_max_1p25,0.2,1.25,2023,25,0.7964846325353319,2.305467848470407,7.327682805801514,-0.12179245746037404,6.539687671500292,0.02488115419315059,0.06177551873293561,0.057163221451042814,0.516,13.0032,0.06125297100216346,0.000516,0.0,0.5,0.5,0.5,0.0,1.0,0.68,30,45,0.27196435902734,30.0,0.03333333333333333
20,10,equal_weight,regime_dd_vol_target_20pct_max_1p25,0.2,1.25,2024,26,0.2806280772786254,1.2760987650177704,1.5217705219327955,-0.10674725588651557,2.6289020260807905,0.010731879683854998,-0.017673314871082705,-0.00026514577724847207,0.6024400041371597,15.181488104256424,0.01848488602378484,0.0006024400041371598,0.0,0.5018610277096055,0.5,0.5291560431797677,0.0,1.0,0.6153846153846154,30,45,0.21192980939009048,30.0,0.03333333333333333
20,10,equal_weight,regime_dd_vol_target_20pct_max_1p25,0.2,1.25,2025,25,0.7186068429966301,2.301799119168766,3.3900630972691723,-0.15180249818955682,4.733827516456948,0.022913070327911313,0.09019189801549282,0.10917532406885332,0.5213333333333333,13.137599999999999,0.054698487014114464,0.0005213333333333334,0.0,0.5,0.5,0.5,0.0,1.0,0.68,30,45,0.25085133079374944,30.0,0.03333333333333333
20,10,equal_weight,regime_dd_vol_target_20pct_max_1p25,0.2,1.25,2026,11,0.477880423004021,1.4452149639949867,3.242979077856789,-0.11271404997621659,4.239759134773854,0.017179993564737973,0.027895204049558718,0.04338840353177768,0.6303030303030304,15.883636363636365,0.030086336155243993,0.0006303030303030303,0.0,0.5,0.5,0.5,0.0,1.0,0.5454545454545454,30,45,0.2995650118613764,30.0,0.03333333333333333
20,10,equal_weight,vol_target_20pct_max_1p50,0.2,1.5,2021,26,0.06589003237037416,0.36707230376431543,0.553991911102487,-0.19293763490197302,0.34150948519635016,0.003928681287325185,-0.04151941140090673,-0.054243463635006,0.630325209311063,15.884195274638786,0.004148150487395247,0.000630325209311063,0.0,0.6347754711357381,0.5,1.0,0.0,0.7692307692307693,0.5384615384615384,30,45,0.2697091756183298,30.0,0.03333333333333333
20,10,equal_weight,vol_target_20pct_max_1p50,0.2,1.5,2022,26,-0.23025730895248397,-0.7184399844300358,-1.5208661167946342,-0.254517007510209,-0.9046833891571983,-0.008619230471370788,-0.08470086902554524,-0.08391591623005151,0.4935897435897436,12.438461538461539,-0.018511719334460677,0.0004935897435897435,0.0,0.5,0.5,0.5,0.0,1.0,0.38461538461538464,30,45,0.30232811728993636,30.0,0.03333333333333333
20,10,equal_weight,vol_target_20pct_max_1p50,0.2,1.5,2023,25,0.7964846325353319,2.305467848470407,7.327682805801514,-0.12179245746037404,6.539687671500292,0.02488115419315059,0.06177551873293561,0.057163221451042814,0.516,13.0032,0.06125297100216346,0.000516,0.0,0.5,0.5,0.5,0.0,1.0,0.68,30,45,0.27196435902734,30.0,0.03333333333333333
20,10,equal_weight,vol_target_20pct_max_1p50,0.2,1.5,2024,26,0.2806280772786254,1.2760987650177704,1.5217705219327955,-0.10674725588651557,2.6289020260807905,0.010731879683854998,-0.017673314871082705,-0.00026514577724847207,0.6024400041371597,15.181488104256424,0.01848488602378484,0.0006024400041371598,0.0,0.5018610277096055,0.5,0.5291560431797677,0.0,1.0,0.6153846153846154,30,45,0.21192980939009048,30.0,0.03333333333333333
20,10,equal_weight,vol_target_20pct_max_1p50,0.2,1.5,2025,25,0.7186068429966301,2.301799119168766,3.3900630972691723,-0.15180249818955682,4.733827516456948,0.022913070327911313,0.09019189801549282,0.10917532406885332,0.5213333333333333,13.137599999999999,0.054698487014114464,0.0005213333333333334,0.0,0.5,0.5,0.5,0.0,1.0,0.68,30,45,0.25085133079374944,30.0,0.03333333333333333
20,10,equal_weight,vol_target_20pct_max_1p50,0.2,1.5,2026,11,0.477880423004021,1.4452149639949867,3.242979077856789,-0.11271404997621659,4.239759134773854,0.017179993564737973,0.027895204049558718,0.04338840353177768,0.6303030303030304,15.883636363636365,0.030086336155243993,0.0006303030303030303,0.0,0.5,0.5,0.5,0.0,1.0,0.5454545454545454,30,45,0.2995650118613764,30.0,0.03333333333333333
20,10,equal_weight,regime_dd_vol_target_20pct_max_1p50,0.2,1.5,2021,26,-0.010303318415453955,0.0765643591579264,0.10303082995264372,-0.1910303478219747,-0.05393550570852668,0.000739369210127932,-0.04151941140090673,-0.054243463635006,0.5612226452084987,14.142810659254168,-0.0007285198581593192,0.0005612226452084988,0.0,0.5674677788280458,0.5,1.0,0.0,0.9615384615384616,0.5384615384615384,30,45,0.24335218501329256,30.0,0.03333333333333333
20,10,equal_weight,regime_dd_vol_target_20pct_max_1p50,0.2,1.5,2022,26,-0.23025730895248397,-0.7184399844300358,-1.5208661167946342,-0.254517007510209,-0.9046833891571983,-0.008619230471370788,-0.08470086902554524,-0.08391591623005151,0.4935897435897436,12.438461538461539,-0.018511719334460677,0.0004935897435897435,0.0,0.5,0.5,0.5,0.0,1.0,0.38461538461538464,30,45,0.30232811728993636,30.0,0.03333333333333333
20,10,equal_weight,regime_dd_vol_target_20pct_max_1p50,0.2,1.5,2023,25,0.7964846325353319,2.305467848470407,7.327682805801514,-0.12179245746037404,6.539687671500292,0.02488115419315059,0.06177551873293561,0.057163221451042814,0.516,13.0032,0.06125297100216346,0.000516,0.0,0.5,0.5,0.5,0.0,1.0,0.68,30,45,0.27196435902734,30.0,0.03333333333333333
20,10,equal_weight,regime_dd_vol_target_20pct_max_1p50,0.2,1.5,2024,26,0.2806280772786254,1.2760987650177704,1.5217705219327955,-0.10674725588651557,2.6289020260807905,0.010731879683854998,-0.017673314871082705,-0.00026514577724847207,0.6024400041371597,15.181488104256424,0.01848488602378484,0.0006024400041371598,0.0,0.5018610277096055,0.5,0.5291560431797677,0.0,1.0,0.6153846153846154,30,45,0.21192980939009048,30.0,0.03333333333333333
20,10,equal_weight,regime_dd_vol_target_20pct_max_1p50,0.2,1.5,2025,25,0.7186068429966301,2.301799119168766,3.3900630972691723,-0.15180249818955682,4.733827516456948,0.022913070327911313,0.09019189801549282,0.10917532406885332,0.5213333333333333,13.137599999999999,0.054698487014114464,0.0005213333333333334,0.0,0.5,0.5,0.5,0.0,1.0,0.68,30,45,0.25085133079374944,30.0,0.03333333333333333
20,10,equal_weight,regime_dd_vol_target_20pct_max_1p50,0.2,1.5,2026,11,0.477880423004021,1.4452149639949867,3.242979077856789,-0.11271404997621659,4.239759134773854,0.017179993564737973,0.027895204049558718,0.04338840353177768,0.6303030303030304,15.883636363636365,0.030086336155243993,0.0006303030303030303,0.0,0.5,0.5,0.5,0.0,1.0,0.5454545454545454,30,45,0.2995650118613764,30.0,0.03333333333333333
20,10,equal_weight,vol_target_25pct_max_1p25,0.25,1.25,2021,26,0.027007814675556352,0.23690173520931967,0.34511266390836043,-0.22722421245457225,0.11885975699423267,0.002895662517056202,-0.04151941140090673,-0.054243463635006,0.7119532788800456,17.941222627777147,0.0015053497320601792,0.0007119532788800458,0.0,0.7236298375058596,0.5273469970880342,1.0,0.0,0.7692307692307693,0.5769230769230769,30,45,0.30802094111020945,30.0,0.03333333333333333
20,10,equal_weight,vol_target_25pct_max_1p25,0.25,1.25,2022,26,-0.24168241842795102,-0.7290416448136272,-1.4823048976210085,-0.2574934336868857,-0.9385964331884245,-0.00907138529801208,-0.08470086902554524,-0.08391591623005151,0.5097595667613739,12.845941082386622,-0.018813913038985334,0.0005097595667613739,0.0,0.5111515144278299,0.5,0.5810550658509138,0.0,1.0,0.38461538461538464,30,45,0.31356083858329326,30.0,0.03333333333333333
20,10,equal_weight,vol_target_25pct_max_1p25,0.25,1.25,2023,25,0.7964846325353319,2.305467848470407,7.327682805801514,-0.12179245746037404,6.539687671500292,0.02488115419315059,0.06177551873293561,0.057163221451042814,0.516,13.0032,0.06125297100216346,0.000516,0.0,0.5,0.5,0.5,0.0,1.0,0.68,30,45,0.27196435902734,30.0,0.03333333333333333
20,10,equal_weight,vol_target_25pct_max_1p25,0.25,1.25,2024,26,0.3327665879761432,1.2894311536444292,1.5083401207301503,-0.13343454192962423,2.493856412019987,0.0126502745014684,-0.017673314871082705,-0.00026514577724847207,0.6788617597783012,17.10731634641319,0.019451711842922274,0.0006788617597783014,0.0,0.5643928466341233,0.5,0.6614450539747097,0.0,1.0,0.6153846153846154,30,45,0.24723066178135142,30.0,0.03333333333333333
20,10,equal_weight,vol_target_25pct_max_1p25,0.25,1.25,2025,25,0.7355401146558027,2.1602653847189606,2.7943756959989066,-0.1771069156580598,4.1530852249491454,0.023565604573247998,0.09019189801549282,0.10917532406885332,0.5605842000463851,14.126721841168903,0.052067289419704545,0.000560584200046385,0.0,0.5308782850121772,0.5,0.6179320354726435,0.0,1.0,0.68,30,45,0.2748982784460562,30.0,0.03333333333333333
20,10,equal_weight,vol_target_25pct_max_1p25,0.25,1.25,2026,11,0.4671894019116902,1.344090767919073,2.834359764297132,-0.12729474249285855,3.6701390235178044,0.017118781161109906,0.027895204049558718,0.04338840353177768,0.6775548829650561,17.074383050719412,0.027362007782296163,0.000677554882965056,0.0,0.5326332964548509,0.5,0.5777096157791779,0.0,1.0,0.5454545454545454,30,45,0.32095547083315995,30.0,0.03333333333333333
20,10,equal_weight,regime_dd_vol_target_25pct_max_1p25,0.25,1.25,2021,26,-0.05585721224540263,-0.06773178549029998,-0.08875266343328209,-0.22326519846004733,-0.25018324678755577,-0.0007500327512967325,-0.04151941140090673,-0.054243463635006,0.6350186025018666,16.00246878304704,-0.0034905371791493557,0.0006350186025018666,0.0,0.6493130161911742,0.5,1.0,0.0,0.9615384615384616,0.5769230769230769,30,45,0.27905399504615874,30.0,0.03333333333333333
20,10,equal_weight,regime_dd_vol_target_25pct_max_1p25,0.25,1.25,2022,26,-0.23025730895248397,-0.7184399844300358,-1.5208661167946342,-0.254517007510209,-0.9046833891571983,-0.008619230471370788,-0.08470086902554524,-0.08391591623005151,0.4935897435897436,12.438461538461539,-0.018511719334460677,0.0004935897435897435,0.0,0.5,0.5,0.5,0.0,1.0,0.38461538461538464,30,45,0.30232811728993636,30.0,0.03333333333333333
20,10,equal_weight,regime_dd_vol_target_25pct_max_1p25,0.25,1.25,2023,25,0.7964846325353319,2.305467848470407,7.327682805801514,-0.12179245746037404,6.539687671500292,0.02488115419315059,0.06177551873293561,0.057163221451042814,0.516,13.0032,0.06125297100216346,0.000516,0.0,0.5,0.5,0.5,0.0,1.0,0.68,30,45,0.27196435902734,30.0,0.03333333333333333
20,10,equal_weight,regime_dd_vol_target_25pct_max_1p25,0.25,1.25,2024,26,0.3327665879761432,1.2894311536444292,1.5083401207301503,-0.13343454192962423,2.493856412019987,0.0126502745014684,-0.017673314871082705,-0.00026514577724847207,0.6788617597783012,17.10731634641319,0.019451711842922274,0.0006788617597783014,0.0,0.5643928466341233,0.5,0.6614450539747097,0.0,1.0,0.6153846153846154,30,45,0.24723066178135142,30.0,0.03333333333333333
20,10,equal_weight,regime_dd_vol_target_25pct_max_1p25,0.25,1.25,2025,25,0.7355401146558027,2.1602653847189606,2.7943756959989066,-0.1771069156580598,4.1530852249491454,0.023565604573247998,0.09019189801549282,0.10917532406885332,0.5605842000463851,14.126721841168903,0.052067289419704545,0.000560584200046385,0.0,0.5308782850121772,0.5,0.6179320354726435,0.0,1.0,0.68,30,45,0.2748982784460562,30.0,0.03333333333333333
20,10,equal_weight,regime_dd_vol_target_25pct_max_1p25,0.25,1.25,2026,11,0.4671894019116902,1.344090767919073,2.834359764297132,-0.12729474249285855,3.6701390235178044,0.017118781161109906,0.027895204049558718,0.04338840353177768,0.6775548829650561,17.074383050719412,0.027362007782296163,0.000677554882965056,0.0,0.5326332964548509,0.5,0.5777096157791779,0.0,1.0,0.5454545454545454,30,45,0.32095547083315995,30.0,0.03333333333333333
20,10,equal_weight,vol_target_25pct_max_1p50,0.25,1.5,2021,26,0.027007814675556352,0.23690173520931967,0.34511266390836043,-0.22722421245457225,0.11885975699423267,0.002895662517056202,-0.04151941140090673,-0.054243463635006,0.7119532788800456,17.941222627777147,0.0015053497320601792,0.0007119532788800458,0.0,0.7236298375058596,0.5273469970880342,1.0,0.0,0.7692307692307693,0.5769230769230769,30,45,0.30802094111020945,30.0,0.03333333333333333
20,10,equal_weight,vol_target_25pct_max_1p50,0.25,1.5,2022,26,-0.24168241842795102,-0.7290416448136272,-1.4823048976210085,-0.2574934336868857,-0.9385964331884245,-0.00907138529801208,-0.08470086902554524,-0.08391591623005151,0.5097595667613739,12.845941082386622,-0.018813913038985334,0.0005097595667613739,0.0,0.5111515144278299,0.5,0.5810550658509138,0.0,1.0,0.38461538461538464,30,45,0.31356083858329326,30.0,0.03333333333333333
20,10,equal_weight,vol_target_25pct_max_1p50,0.25,1.5,2023,25,0.7964846325353319,2.305467848470407,7.327682805801514,-0.12179245746037404,6.539687671500292,0.02488115419315059,0.06177551873293561,0.057163221451042814,0.516,13.0032,0.06125297100216346,0.000516,0.0,0.5,0.5,0.5,0.0,1.0,0.68,30,45,0.27196435902734,30.0,0.03333333333333333
20,10,equal_weight,vol_target_25pct_max_1p50,0.25,1.5,2024,26,0.3327665879761432,1.2894311536444292,1.5083401207301503,-0.13343454192962423,2.493856412019987,0.0126502745014684,-0.017673314871082705,-0.00026514577724847207,0.6788617597783012,17.10731634641319,0.019451711842922274,0.0006788617597783014,0.0,0.5643928466341233,0.5,0.6614450539747097,0.0,1.0,0.6153846153846154,30,45,0.24723066178135142,30.0,0.03333333333333333
20,10,equal_weight,vol_target_25pct_max_1p50,0.25,1.5,2025,25,0.7355401146558027,2.1602653847189606,2.7943756959989066,-0.1771069156580598,4.1530852249491454,0.023565604573247998,0.09019189801549282,0.10917532406885332,0.5605842000463851,14.126721841168903,0.052067289419704545,0.000560584200046385,0.0,0.5308782850121772,0.5,0.6179320354726435,0.0,1.0,0.68,30,45,0.2748982784460562,30.0,0.03333333333333333
20,10,equal_weight,vol_target_25pct_max_1p50,0.25,1.5,2026,11,0.4671894019116902,1.344090767919073,2.834359764297132,-0.12729474249285855,3.6701390235178044,0.017118781161109906,0.027895204049558718,0.04338840353177768,0.6775548829650561,17.074383050719412,0.027362007782296163,0.000677554882965056,0.0,0.5326332964548509,0.5,0.5777096157791779,0.0,1.0,0.5454545454545454,30,45,0.32095547083315995,30.0,0.03333333333333333
20,10,equal_weight,regime_dd_vol_target_25pct_max_1p50,0.25,1.5,2021,26,-0.05585721224540263,-0.06773178549029998,-0.08875266343328209,-0.22326519846004733,-0.25018324678755577,-0.0007500327512967325,-0.04151941140090673,-0.054243463635006,0.6350186025018666,16.00246878304704,-0.0034905371791493557,0.0006350186025018666,0.0,0.6493130161911742,0.5,1.0,0.0,0.9615384615384616,0.5769230769230769,30,45,0.27905399504615874,30.0,0.03333333333333333
20,10,equal_weight,regime_dd_vol_target_25pct_max_1p50,0.25,1.5,2022,26,-0.23025730895248397,-0.7184399844300358,-1.5208661167946342,-0.254517007510209,-0.9046833891571983,-0.008619230471370788,-0.08470086902554524,-0.08391591623005151,0.4935897435897436,12.438461538461539,-0.018511719334460677,0.0004935897435897435,0.0,0.5,0.5,0.5,0.0,1.0,0.38461538461538464,30,45,0.30232811728993636,30.0,0.03333333333333333
20,10,equal_weight,regime_dd_vol_target_25pct_max_1p50,0.25,1.5,2023,25,0.7964846325353319,2.305467848470407,7.327682805801514,-0.12179245746037404,6.539687671500292,0.02488115419315059,0.06177551873293561,0.057163221451042814,0.516,13.0032,0.06125297100216346,0.000516,0.0,0.5,0.5,0.5,0.0,1.0,0.68,30,45,0.27196435902734,30.0,0.03333333333333333
20,10,equal_weight,regime_dd_vol_target_25pct_max_1p50,0.25,1.5,2024,26,0.3327665879761432,1.2894311536444292,1.5083401207301503,-0.13343454192962423,2.493856412019987,0.0126502745014684,-0.017673314871082705,-0.00026514577724847207,0.6788617597783012,17.10731634641319,0.019451711842922274,0.0006788617597783014,0.0,0.5643928466341233,0.5,0.6614450539747097,0.0,1.0,0.6153846153846154,30,45,0.24723066178135142,30.0,0.03333333333333333
20,10,equal_weight,regime_dd_vol_target_25pct_max_1p50,0.25,1.5,2025,25,0.7355401146558027,2.1602653847189606,2.7943756959989066,-0.1771069156580598,4.1530852249491454,0.023565604573247998,0.09019189801549282,0.10917532406885332,0.5605842000463851,14.126721841168903,0.052067289419704545,0.000560584200046385,0.0,0.5308782850121772,0.5,0.6179320354726435,0.0,1.0,0.68,30,45,0.2748982784460562,30.0,0.03333333333333333
20,10,equal_weight,regime_dd_vol_target_25pct_max_1p50,0.25,1.5,2026,11,0.4671894019116902,1.344090767919073,2.834359764297132,-0.12729474249285855,3.6701390235178044,0.017118781161109906,0.027895204049558718,0.04338840353177768,0.6775548829650561,17.074383050719412,0.027362007782296163,0.000677554882965056,0.0,0.5326332964548509,0.5,0.5777096157791779,0.0,1.0,0.5454545454545454,30,45,0.32095547083315995,30.0,0.03333333333333333
20,10,equal_weight,vol_target_30pct_max_1p25,0.3,1.25,2021,26,-0.003467596810795781,0.16331896609602128,0.22799417262550045,-0.26831091732115153,-0.012923800661623033,0.0022762713528034165,-0.04151941140090673,-0.054243463635006,0.7994721397842599,20.146697922563348,-0.0001721173774543091,0.00079947213978426,0.0,0.8222019588531855,0.6328163965056411,1.0,0.0,0.7692307692307693,0.5769230769230769,30,45,0.3512270464467723,30.0,0.03333333333333333
20,10,equal_weight,vol_target_30pct_max_1p25,0.3,1.25,2022,26,-0.2804943357678311,-0.7512823505604277,-1.431430308691628,-0.28396441283430707,-0.987779887515339,-0.010595679497693779,-0.08470086902554524,-0.08391591623005151,0.5697471826000744,14.357629001521875,-0.019536257395848532,0.0005697471826000744,0.0,0.5649829004224873,0.5,0.6972660790210966,0.0,1.0,0.38461538461538464,30,45,0.35540715570211817,30.0,0.03333333333333333
20,10,equal_weight,vol_target_30pct_max_1p25,0.3,1.25,2023,25,0.8739861369413848,2.3591257495381717,7.8106752677194775,-0.12179245746037404,7.176028427094854,0.02672971798095257,0.06177551873293561,0.057163221451042814,0.5342837235703747,13.463949833973441,0.06491305654868566,0.0005342837235703747,0.0,0.5144387664363907,0.5,0.5838723323976631,0.0,1.0,0.68,30,45,0.28552479377238293,30.0,0.03333333333333333
20,10,equal_weight,vol_target_30pct_max_1p25,0.3,1.25,2024,26,0.39797649905000543,1.2899394795019496,1.5071732165321592,-0.16012145031554903,2.4854664897533647,0.015072662883331077,-0.017673314871082705,-0.00026514577724847207,0.8007193789452801,20.17812834942106,0.019723162235779117,0.00080071937894528,0.0,0.6669583138369272,0.528488151778812,0.7937340647696516,0.0,1.0,0.6153846153846154,30,45,0.2944565312526114,30.0,0.03333333333333333
20,10,equal_weight,vol_target_30pct_max_1p25,0.3,1.25,2025,25,0.9128585822962247,2.1600051847446267,2.777703067967253,-0.21090673600941157,4.328257122406413,0.02814097158178341,0.09019189801549282,0.10917532406885332,0.668993717391892,16.858641678275678,0.05414781331241824,0.000668993717391892,0.0,0.6322554607112337,0.5708679739405537,0.7415184425671723,0.0,1.0,0.68,30,45,0.3283105470623135,30.0,0.03333333333333333
20,10,equal_weight,vol_target_30pct_max_1p25,0.3,1.25,2026,11,0.5396235242858565,1.307651764500876,2.7152973589548797,-0.15169003678287507,3.557409146510121,0.019779572206376647,0.027895204049558718,0.04338840353177768,0.794814490271768,20.029325154848554,0.026941672777988146,0.000794814490271768,0.0,0.6222649761010618,0.5472732209379547,0.6932515389350135,0.0,1.0,0.5454545454545454,30,45,0.38117580928814443,30.0,0.03333333333333333
20,10,equal_weight,regime_dd_vol_target_30pct_max_1p25,0.3,1.25,2021,26,-0.08480391517100916,-0.1508826822118575,-0.18594016094082588,-0.24333257163065214,-0.34851033136546433,-0.0017720160683424506,-0.04151941140090673,-0.054243463635006,0.6654470888874869,16.76926663996467,-0.005057103389894445,0.000665447088887487,0.0,0.68408360101327,0.5,1.0,0.0,0.9615384615384616,0.5769230769230769,30,45,0.29595712554691345,30.0,0.03333333333333333
20,10,equal_weight,regime_dd_vol_target_30pct_max_1p25,0.3,1.25,2022,26,-0.23025730895248397,-0.7184399844300358,-1.5208661167946342,-0.254517007510209,-0.9046833891571983,-0.008619230471370788,-0.08470086902554524,-0.08391591623005151,0.4935897435897436,12.438461538461539,-0.018511719334460677,0.0004935897435897435,0.0,0.5,0.5,0.5,0.0,1.0,0.38461538461538464,30,45,0.30232811728993636,30.0,0.03333333333333333
20,10,equal_weight,regime_dd_vol_target_30pct_max_1p25,0.3,1.25,2023,25,0.8490039356751877,2.350102405421433,7.695898194978598,-0.12179245746037404,6.97090734006592,0.026131429910209808,0.06177551873293561,0.057163221451042814,0.5280287750658377,13.30632513165911,0.06380453861413568,0.0005280287750658377,0.0,0.5108354967329278,0.5,0.5838723323976631,0.0,1.0,0.68,30,45,0.280205676236989,30.0,0.03333333333333333
20,10,equal_weight,regime_dd_vol_target_30pct_max_1p25,0.3,1.25,2024,26,0.42195535644651794,1.4131766197538431,1.8020180656400815,-0.133628563767356,3.1576733637662358,0.015541683159567344,-0.017673314871082705,-0.00026514577724847207,0.773566661690755,19.49387987460703,0.02164552973347098,0.0007735666616907551,0.0,0.6452621970764516,0.528488151778812,0.7937340647696516,0.0,1.0,0.6153846153846154,30,45,0.2771418732425091,30.0,0.03333333333333333
20,10,equal_weight,regime_dd_vol_target_30pct_max_1p25,0.3,1.25,2025,25,0.9504938362602362,2.2959873948793623,3.262219212395011,-0.19226337703161234,4.943707173644173,0.02875664844493597,0.09019189801549282,0.10917532406885332,0.6636829855842379,16.724811236722793,0.05683136406186934,0.0006636829855842379,0.0,0.627490739209848,0.5708679739405537,0.7405106091431647,0.0,1.0,0.68,30,45,0.3156234840089192,30.0,0.03333333333333333
20,10,equal_weight,regime_dd_vol_target_30pct_max_1p25,0.3,1.25,2026,11,0.5644825382364553,1.3626511431617254,2.929143127726014,-0.14518938936101444,3.8879048993922383,0.020360070620418367,0.027895204049558718,0.04338840353177768,0.7795237827462348,19.643999325205115,0.02873562195210273,0.0007795237827462349,0.0,0.6136427768774765,0.5472732209379547,0.65,0.0,1.0,0.5454545454545454,30,45,0.37652614332680234,30.0,0.03333333333333333
20,10,equal_weight,vol_target_30pct_max_1p50,0.3,1.5,2021,26,-0.003467596810795781,0.16331896609602128,0.22799417262550045,-0.26831091732115153,-0.012923800661623033,0.0022762713528034165,-0.04151941140090673,-0.054243463635006,0.7994721397842599,20.146697922563348,-0.0001721173774543091,0.00079947213978426,0.0,0.8222019588531855,0.6328163965056411,1.0,0.0,0.7692307692307693,0.5769230769230769,30,45,0.3512270464467723,30.0,0.03333333333333333
20,10,equal_weight,vol_target_30pct_max_1p50,0.3,1.5,2022,26,-0.2804943357678311,-0.7512823505604277,-1.431430308691628,-0.28396441283430707,-0.987779887515339,-0.010595679497693779,-0.08470086902554524,-0.08391591623005151,0.5697471826000744,14.357629001521875,-0.019536257395848532,0.0005697471826000744,0.0,0.5649829004224873,0.5,0.6972660790210966,0.0,1.0,0.38461538461538464,30,45,0.35540715570211817,30.0,0.03333333333333333
20,10,equal_weight,vol_target_30pct_max_1p50,0.3,1.5,2023,25,0.8739861369413848,2.3591257495381717,7.8106752677194775,-0.12179245746037404,7.176028427094854,0.02672971798095257,0.06177551873293561,0.057163221451042814,0.5342837235703747,13.463949833973441,0.06491305654868566,0.0005342837235703747,0.0,0.5144387664363907,0.5,0.5838723323976631,0.0,1.0,0.68,30,45,0.28552479377238293,30.0,0.03333333333333333
20,10,equal_weight,vol_target_30pct_max_1p50,0.3,1.5,2024,26,0.39797649905000543,1.2899394795019496,1.5071732165321592,-0.16012145031554903,2.4854664897533647,0.015072662883331077,-0.017673314871082705,-0.00026514577724847207,0.8007193789452801,20.17812834942106,0.019723162235779117,0.00080071937894528,0.0,0.6669583138369272,0.528488151778812,0.7937340647696516,0.0,1.0,0.6153846153846154,30,45,0.2944565312526114,30.0,0.03333333333333333
20,10,equal_weight,vol_target_30pct_max_1p50,0.3,1.5,2025,25,0.9128585822962247,2.1600051847446267,2.777703067967253,-0.21090673600941157,4.328257122406413,0.02814097158178341,0.09019189801549282,0.10917532406885332,0.668993717391892,16.858641678275678,0.05414781331241824,0.000668993717391892,0.0,0.6322554607112337,0.5708679739405537,0.7415184425671723,0.0,1.0,0.68,30,45,0.3283105470623135,30.0,0.03333333333333333
20,10,equal_weight,vol_target_30pct_max_1p50,0.3,1.5,2026,11,0.5396235242858565,1.307651764500876,2.7152973589548797,-0.15169003678287507,3.557409146510121,0.019779572206376647,0.027895204049558718,0.04338840353177768,0.794814490271768,20.029325154848554,0.026941672777988146,0.000794814490271768,0.0,0.6222649761010618,0.5472732209379547,0.6932515389350135,0.0,1.0,0.5454545454545454,30,45,0.38117580928814443,30.0,0.03333333333333333
20,10,equal_weight,regime_dd_vol_target_30pct_max_1p50,0.3,1.5,2021,26,-0.08480391517100916,-0.1508826822118575,-0.18594016094082588,-0.24333257163065214,-0.34851033136546433,-0.0017720160683424506,-0.04151941140090673,-0.054243463635006,0.6654470888874869,16.76926663996467,-0.005057103389894445,0.000665447088887487,0.0,0.68408360101327,0.5,1.0,0.0,0.9615384615384616,0.5769230769230769,30,45,0.29595712554691345,30.0,0.03333333333333333
20,10,equal_weight,regime_dd_vol_target_30pct_max_1p50,0.3,1.5,2022,26,-0.23025730895248397,-0.7184399844300358,-1.5208661167946342,-0.254517007510209,-0.9046833891571983,-0.008619230471370788,-0.08470086902554524,-0.08391591623005151,0.4935897435897436,12.438461538461539,-0.018511719334460677,0.0004935897435897435,0.0,0.5,0.5,0.5,0.0,1.0,0.38461538461538464,30,45,0.30232811728993636,30.0,0.03333333333333333
20,10,equal_weight,regime_dd_vol_target_30pct_max_1p50,0.3,1.5,2023,25,0.8490039356751877,2.350102405421433,7.695898194978598,-0.12179245746037404,6.97090734006592,0.026131429910209808,0.06177551873293561,0.057163221451042814,0.5280287750658377,13.30632513165911,0.06380453861413568,0.0005280287750658377,0.0,0.5108354967329278,0.5,0.5838723323976631,0.0,1.0,0.68,30,45,0.280205676236989,30.0,0.03333333333333333
20,10,equal_weight,regime_dd_vol_target_30pct_max_1p50,0.3,1.5,2024,26,0.42195535644651794,1.4131766197538431,1.8020180656400815,-0.133628563767356,3.1576733637662358,0.015541683159567344,-0.017673314871082705,-0.00026514577724847207,0.773566661690755,19.49387987460703,0.02164552973347098,0.0007735666616907551,0.0,0.6452621970764516,0.528488151778812,0.7937340647696516,0.0,1.0,0.6153846153846154,30,45,0.2771418732425091,30.0,0.03333333333333333
20,10,equal_weight,regime_dd_vol_target_30pct_max_1p50,0.3,1.5,2025,25,0.9504938362602362,2.2959873948793623,3.262219212395011,-0.19226337703161234,4.943707173644173,0.02875664844493597,0.09019189801549282,0.10917532406885332,0.6636829855842379,16.724811236722793,0.05683136406186934,0.0006636829855842379,0.0,0.627490739209848,0.5708679739405537,0.7405106091431647,0.0,1.0,0.68,30,45,0.3156234840089192,30.0,0.03333333333333333
20,10,equal_weight,regime_dd_vol_target_30pct_max_1p50,0.3,1.5,2026,11,0.5644825382364553,1.3626511431617254,2.929143127726014,-0.14518938936101444,3.8879048993922383,0.020360070620418367,0.027895204049558718,0.04338840353177768,0.7795237827462348,19.643999325205115,0.02873562195210273,0.0007795237827462349,0.0,0.6136427768774765,0.5472732209379547,0.65,0.0,1.0,0.5454545454545454,30,45,0.37652614332680234,30.0,0.03333333333333333
20,10,buffer_inverse_volatility,static_1x,,1.0,2021,26,-0.07875830851181176,0.0008409302974358361,0.0012010671621860184,-0.3366706984532356,-0.2339327683509454,1.3555918018118285e-05,-0.04151941140090673,-0.054243463635006,0.744575624253381,18.7633057311852,-0.004197464436179441,0.0007445756242533809,0.0,1.0,1.0,1.0,0.0,0.0,0.5769230769230769,30,45,0.4062276446671205,28.473721708713544,0.04596794090652622
20,10,buffer_inverse_volatility,static_1x,,1.0,2022,26,-0.4781152138815131,-0.8257766692914987,-1.5365428689513967,-0.5022099672120892,-0.9520225505193914,-0.019080706631560303,-0.08470086902554524,-0.08391591623005151,0.822003542551839,20.714489272306345,-0.023081197300901638,0.000822003542551839,0.0,1.0,1.0,1.0,0.0,0.0,0.38461538461538464,30,45,0.5822806879829462,28.572814754759506,0.04658728801488613
20,10,buffer_inverse_volatility,static_1x,,1.0,2023,25,1.6285762976683524,2.1670109534380653,6.075241793858549,-0.2018745727634479,8.067268083220574,0.04371483973540385,0.06177551873293561,0.057163221451042814,1.110441349244922,27.983122000972035,0.058198520437132834,0.0011104413492449223,0.0,1.0,1.0,1.0,0.0,0.0,0.64,30,45,0.5083564342784767,25.54293162790191,0.07088536718863042
20,10,buffer_inverse_volatility,static_1x,,1.0,2024,26,0.6708174946974061,1.4973761001324823,1.9873365938705718,-0.17550109400465208,3.8222980802594,0.023570527828133736,-0.017673314871082705,-0.00026514577724847207,1.126583541175272,28.389905237616855,0.023628733138868232,0.001126583541175272,0.0,1.0,1.0,1.0,0.0,0.0,0.7307692307692307,30,45,0.3966787644175817,26.527455187381513,0.06345207791406877
20,10,buffer_inverse_volatility,static_1x,,1.0,2025,25,2.120966127212981,2.620312117806952,3.8021772241989513,-0.2987608906955297,7.0992094121666,0.0507191769573817,0.09019189801549282,0.10917532406885332,0.9977617891167013,25.143597085740872,0.08435412482869435,0.0009977617891167012,0.0,1.0,1.0,1.0,0.0,0.0,0.72,30,45,0.4877751969470467,27.421891710846822,0.060407838062936724
20,10,buffer_inverse_volatility,static_1x,,1.0,2026,11,1.222156095508336,1.6301435560621758,4.124699139996179,-0.19098655041958734,6.399173621510644,0.03791540649438197,0.027895204049558718,0.04338840353177768,1.1181071386996244,28.176299895230535,0.04337532252470144,0.0011181071386996242,0.0,1.0,1.0,1.0,0.0,0.0,0.5454545454545454,30,45,0.5861252158469306,28.859212071757028,0.05078726915741038
20,10,buffer_inverse_volatility,legacy_risk_scaled,,1.0,2021,26,-0.14293123312502487,-0.5079118846118421,-0.5292280162312228,-0.22627127577245787,-0.6316808558093732,-0.004901522557449888,-0.04151941140090673,-0.054243463635006,0.4177583879781194,10.52751137704861,-0.01357692506860018,0.0004177583879781195,0.0,0.5346153846153846,0.45,1.0,0.0,0.8461538461538461,0.5769230769230769,30,45,0.24318857697557666,28.473721708713544,0.04596794090652622
20,10,buffer_inverse_volatility,legacy_risk_scaled,,1.0,2022,26,-0.22145846549282444,-0.8257766692914991,-1.5365428689513974,-0.24998601540729115,-0.8858834168463863,-0.008586317984202141,-0.08470086902554524,-0.08391591623005151,0.3699015941483275,9.321520172537854,-0.023757762831996394,0.00036990159414832755,0.0,0.44999999999999996,0.45,0.45,0.0,1.0,0.38461538461538464,30,45,0.2620263095923258,28.572814754759506,0.04658728801488613
20,10,buffer_inverse_volatility,legacy_risk_scaled,,1.0,2023,25,0.7497955935680582,2.2481940116448564,7.330019321839251,-0.09447629656168988,7.936335576812822,0.02373465680098406,0.06177551873293561,0.057163221451042814,0.5307714995576853,13.375441788853669,0.05605763199484709,0.0005307714995576853,0.0,0.486,0.45,0.75,0.0,1.0,0.64,30,45,0.26604169759672913,25.54293162790191,0.07088536718863042
20,10,buffer_inverse_volatility,legacy_risk_scaled,,1.0,2024,26,0.5334134573976279,1.6364920407268395,3.156891940254771,-0.07897549230209344,6.754164385037819,0.018594304285530043,-0.017673314871082705,-0.00026514577724847207,0.7382861846755921,18.604811853824923,0.02867072570196213,0.0007382861846755922,0.0,0.6423076923076922,0.45,1.0,0.0,0.6923076923076923,0.7307692307692307,30,45,0.2863298178873154,26.527455187381513,0.06345207791406877
20,10,buffer_inverse_volatility,legacy_risk_scaled,,1.0,2025,25,1.2152916863577898,2.7038330962248076,5.367404868196501,-0.1604278468432062,7.5753163199002005,0.03385840346881726,0.09019189801549282,0.10917532406885332,0.6389524846717074,16.101602613727025,0.07547644265681497,0.0006389524846717075,0.0,0.594,0.45,1.0,0.0,0.76,0.72,30,45,0.3155637707835993,27.421891710846822,0.060407838062936724
20,10,buffer_inverse_volatility,legacy_risk_scaled,,1.0,2026,11,0.4864892206563336,1.6301435560621758,4.124699139996177,-0.08826807962251326,5.511496599187956,0.017061932922471885,0.027895204049558718,0.04338840353177768,0.503148212414831,12.67933495285374,0.038368670160167935,0.000503148212414831,0.0,0.45,0.45,0.45,0.0,1.0,0.5454545454545454,30,45,0.26375634713111873,28.859212071757028,0.05078726915741038
20,10,buffer_inverse_volatility,vol_target_20pct_max_1p25,0.2,1.25,2021,26,0.0014863061105447883,0.13480730986965814,0.2046482320637257,-0.19045201551036905,0.007804097565267652,0.0014208837228104573,-0.04151941140090673,-0.054243463635006,0.5174776220603922,13.040436075921882,0.00011397671840814689,0.0005174776220603923,0.0,0.6510075995765346,0.5,1.0,0.0,0.7692307692307693,0.5769230769230769,30,45,0.26561074358240455,28.473721708713544,0.04596794090652622
20,10,buffer_inverse_volatility,vol_target_20pct_max_1p25,0.2,1.25,2022,26,-0.245998909099575,-0.8257766692914987,-1.5365428689513967,-0.2754652749451064,-0.893030561287976,-0.009540353315780152,-0.08470086902554524,-0.08391591623005151,0.4110017712759195,10.357244636153172,-0.02375138540620032,0.0004110017712759195,0.0,0.5,0.5,0.5,0.0,1.0,0.38461538461538464,30,45,0.2911403439914731,28.572814754759506,0.04658728801488613
20,10,buffer_inverse_volatility,vol_target_20pct_max_1p25,0.2,1.25,2023,25,0.6745136001228289,2.1670109534380653,6.075241793858549,-0.1046037442251474,6.448273961121475,0.021857419867701924,0.06177551873293561,0.057163221451042814,0.555220674622461,13.991561000486017,0.04820860232102756,0.0005552206746224611,0.0,0.5,0.5,0.5,0.0,1.0,0.64,30,45,0.2541782171392383,25.54293162790191,0.07088536718863042
20,10,buffer_inverse_volatility,vol_target_20pct_max_1p25,0.2,1.25,2024,26,0.3258858438813963,1.4277253101912262,1.7482450737749702,-0.10421103346975735,3.127172171994343,0.01213110854556302,-0.017673314871082705,-0.00026514577724847207,0.5846237481961316,14.732518454542516,0.022120172113608658,0.0005846237481961316,0.0,0.5202590096614476,0.5,0.593844415572708,0.0,1.0,0.7307692307692307,30,45,0.21411957409877594,26.527455187381513,0.06345207791406877
20,10,buffer_inverse_volatility,vol_target_20pct_max_1p25,0.2,1.25,2025,25,0.8282503494461606,2.620312117806952,3.8021772241989513,-0.15553260754392784,5.32525212896102,0.02535958847869085,0.09019189801549282,0.10917532406885332,0.49888089455835066,12.571798542870436,0.06588161165817183,0.0004988808945583506,0.0,0.5,0.5,0.5,0.0,1.0,0.72,30,45,0.24388759847352334,27.421891710846822,0.060407838062936724
20,10,buffer_inverse_volatility,vol_target_20pct_max_1p25,0.2,1.25,2026,11,0.5473418002242003,1.6301435560621758,4.124699139996179,-0.09784237316817579,5.594118197474677,0.018957703247190986,0.027895204049558718,0.04338840353177768,0.5590535693498122,14.088149947615268,0.038851219092599885,0.0005590535693498121,0.0,0.5,0.5,0.5,0.0,1.0,0.5454545454545454,30,45,0.2930626079234653,28.859212071757028,0.05078726915741038
20,10,buffer_inverse_volatility,regime_dd_vol_target_20pct_max_1p25,0.2,1.25,2021,26,-0.060272865049313284,-0.139072125426243,-0.1887477051791847,-0.19045201551036905,-0.3164727077725873,-0.0013292303781503275,-0.04151941140090673,-0.054243463635006,0.4574668003796332,11.528163369566757,-0.005228314616743536,0.0004574668003796333,0.0,0.5836999072688424,0.5,1.0,0.0,0.9615384615384616,0.5769230769230769,30,45,0.24085779538296623,28.473721708713544,0.04596794090652622
20,10,buffer_inverse_volatility,regime_dd_vol_target_20pct_max_1p25,0.2,1.25,2022,26,-0.245998909099575,-0.8257766692914987,-1.5365428689513967,-0.2754652749451064,-0.893030561287976,-0.009540353315780152,-0.08470086902554524,-0.08391591623005151,0.4110017712759195,10.357244636153172,-0.02375138540620032,0.0004110017712759195,0.0,0.5,0.5,0.5,0.0,1.0,0.38461538461538464,30,45,0.2911403439914731,28.572814754759506,0.04658728801488613
20,10,buffer_inverse_volatility,regime_dd_vol_target_20pct_max_1p25,0.2,1.25,2023,25,0.6745136001228289,2.1670109534380653,6.075241793858549,-0.1046037442251474,6.448273961121475,0.021857419867701924,0.06177551873293561,0.057163221451042814,0.555220674622461,13.991561000486017,0.04820860232102756,0.0005552206746224611,0.0,0.5,0.5,0.5,0.0,1.0,0.64,30,45,0.2541782171392383,25.54293162790191,0.07088536718863042
20,10,buffer_inverse_volatility,regime_dd_vol_target_20pct_max_1p25,0.2,1.25,2024,26,0.3258858438813963,1.4277253101912262,1.7482450737749702,-0.10421103346975735,3.127172171994343,0.01213110854556302,-0.017673314871082705,-0.00026514577724847207,0.5846237481961316,14.732518454542516,0.022120172113608658,0.0005846237481961316,0.0,0.5202590096614476,0.5,0.593844415572708,0.0,1.0,0.7307692307692307,30,45,0.21411957409877594,26.527455187381513,0.06345207791406877
20,10,buffer_inverse_volatility,regime_dd_vol_target_20pct_max_1p25,0.2,1.25,2025,25,0.8282503494461606,2.620312117806952,3.8021772241989513,-0.15553260754392784,5.32525212896102,0.02535958847869085,0.09019189801549282,0.10917532406885332,0.49888089455835066,12.571798542870436,0.06588161165817183,0.0004988808945583506,0.0,0.5,0.5,0.5,0.0,1.0,0.72,30,45,0.24388759847352334,27.421891710846822,0.060407838062936724
20,10,buffer_inverse_volatility,regime_dd_vol_target_20pct_max_1p25,0.2,1.25,2026,11,0.5473418002242003,1.6301435560621758,4.124699139996179,-0.09784237316817579,5.594118197474677,0.018957703247190986,0.027895204049558718,0.04338840353177768,0.5590535693498122,14.088149947615268,0.038851219092599885,0.0005590535693498121,0.0,0.5,0.5,0.5,0.0,1.0,0.5454545454545454,30,45,0.2930626079234653,28.859212071757028,0.05078726915741038
20,10,buffer_inverse_volatility,vol_target_20pct_max_1p50,0.2,1.5,2021,26,0.0014863061105447883,0.13480730986965814,0.2046482320637257,-0.19045201551036905,0.007804097565267652,0.0014208837228104573,-0.04151941140090673,-0.054243463635006,0.5174776220603922,13.040436075921882,0.00011397671840814689,0.0005174776220603923,0.0,0.6510075995765346,0.5,1.0,0.0,0.7692307692307693,0.5769230769230769,30,45,0.26561074358240455,28.473721708713544,0.04596794090652622
20,10,buffer_inverse_volatility,vol_target_20pct_max_1p50,0.2,1.5,2022,26,-0.245998909099575,-0.8257766692914987,-1.5365428689513967,-0.2754652749451064,-0.893030561287976,-0.009540353315780152,-0.08470086902554524,-0.08391591623005151,0.4110017712759195,10.357244636153172,-0.02375138540620032,0.0004110017712759195,0.0,0.5,0.5,0.5,0.0,1.0,0.38461538461538464,30,45,0.2911403439914731,28.572814754759506,0.04658728801488613
20,10,buffer_inverse_volatility,vol_target_20pct_max_1p50,0.2,1.5,2023,25,0.6745136001228289,2.1670109534380653,6.075241793858549,-0.1046037442251474,6.448273961121475,0.021857419867701924,0.06177551873293561,0.057163221451042814,0.555220674622461,13.991561000486017,0.04820860232102756,0.0005552206746224611,0.0,0.5,0.5,0.5,0.0,1.0,0.64,30,45,0.2541782171392383,25.54293162790191,0.07088536718863042
20,10,buffer_inverse_volatility,vol_target_20pct_max_1p50,0.2,1.5,2024,26,0.3258858438813963,1.4277253101912262,1.7482450737749702,-0.10421103346975735,3.127172171994343,0.01213110854556302,-0.017673314871082705,-0.00026514577724847207,0.5846237481961316,14.732518454542516,0.022120172113608658,0.0005846237481961316,0.0,0.5202590096614476,0.5,0.593844415572708,0.0,1.0,0.7307692307692307,30,45,0.21411957409877594,26.527455187381513,0.06345207791406877
20,10,buffer_inverse_volatility,vol_target_20pct_max_1p50,0.2,1.5,2025,25,0.8282503494461606,2.620312117806952,3.8021772241989513,-0.15553260754392784,5.32525212896102,0.02535958847869085,0.09019189801549282,0.10917532406885332,0.49888089455835066,12.571798542870436,0.06588161165817183,0.0004988808945583506,0.0,0.5,0.5,0.5,0.0,1.0,0.72,30,45,0.24388759847352334,27.421891710846822,0.060407838062936724
20,10,buffer_inverse_volatility,vol_target_20pct_max_1p50,0.2,1.5,2026,11,0.5473418002242003,1.6301435560621758,4.124699139996179,-0.09784237316817579,5.594118197474677,0.018957703247190986,0.027895204049558718,0.04338840353177768,0.5590535693498122,14.088149947615268,0.038851219092599885,0.0005590535693498121,0.0,0.5,0.5,0.5,0.0,1.0,0.5454545454545454,30,45,0.2930626079234653,28.859212071757028,0.05078726915741038
20,10,buffer_inverse_volatility,regime_dd_vol_target_20pct_max_1p50,0.2,1.5,2021,26,-0.060272865049313284,-0.139072125426243,-0.1887477051791847,-0.19045201551036905,-0.3164727077725873,-0.0013292303781503275,-0.04151941140090673,-0.054243463635006,0.4574668003796332,11.528163369566757,-0.005228314616743536,0.0004574668003796333,0.0,0.5836999072688424,0.5,1.0,0.0,0.9615384615384616,0.5769230769230769,30,45,0.24085779538296623,28.473721708713544,0.04596794090652622
20,10,buffer_inverse_volatility,regime_dd_vol_target_20pct_max_1p50,0.2,1.5,2022,26,-0.245998909099575,-0.8257766692914987,-1.5365428689513967,-0.2754652749451064,-0.893030561287976,-0.009540353315780152,-0.08470086902554524,-0.08391591623005151,0.4110017712759195,10.357244636153172,-0.02375138540620032,0.0004110017712759195,0.0,0.5,0.5,0.5,0.0,1.0,0.38461538461538464,30,45,0.2911403439914731,28.572814754759506,0.04658728801488613
20,10,buffer_inverse_volatility,regime_dd_vol_target_20pct_max_1p50,0.2,1.5,2023,25,0.6745136001228289,2.1670109534380653,6.075241793858549,-0.1046037442251474,6.448273961121475,0.021857419867701924,0.06177551873293561,0.057163221451042814,0.555220674622461,13.991561000486017,0.04820860232102756,0.0005552206746224611,0.0,0.5,0.5,0.5,0.0,1.0,0.64,30,45,0.2541782171392383,25.54293162790191,0.07088536718863042
20,10,buffer_inverse_volatility,regime_dd_vol_target_20pct_max_1p50,0.2,1.5,2024,26,0.3258858438813963,1.4277253101912262,1.7482450737749702,-0.10421103346975735,3.127172171994343,0.01213110854556302,-0.017673314871082705,-0.00026514577724847207,0.5846237481961316,14.732518454542516,0.022120172113608658,0.0005846237481961316,0.0,0.5202590096614476,0.5,0.593844415572708,0.0,1.0,0.7307692307692307,30,45,0.21411957409877594,26.527455187381513,0.06345207791406877
20,10,buffer_inverse_volatility,regime_dd_vol_target_20pct_max_1p50,0.2,1.5,2025,25,0.8282503494461606,2.620312117806952,3.8021772241989513,-0.15553260754392784,5.32525212896102,0.02535958847869085,0.09019189801549282,0.10917532406885332,0.49888089455835066,12.571798542870436,0.06588161165817183,0.0004988808945583506,0.0,0.5,0.5,0.5,0.0,1.0,0.72,30,45,0.24388759847352334,27.421891710846822,0.060407838062936724
20,10,buffer_inverse_volatility,regime_dd_vol_target_20pct_max_1p50,0.2,1.5,2026,11,0.5473418002242003,1.6301435560621758,4.124699139996179,-0.09784237316817579,5.594118197474677,0.018957703247190986,0.027895204049558718,0.04338840353177768,0.5590535693498122,14.088149947615268,0.038851219092599885,0.0005590535693498121,0.0,0.5,0.5,0.5,0.0,1.0,0.5454545454545454,30,45,0.2930626079234653,28.859212071757028,0.05078726915741038
20,10,buffer_inverse_volatility,vol_target_25pct_max_1p25,0.25,1.25,2021,26,-0.04406398094771413,0.006694630113745376,0.009439391831275405,-0.23422517605960835,-0.18812657840205962,8.207162491590248e-05,-0.04151941140090673,-0.054243463635006,0.5825963211919732,14.681427294037725,-0.003001341767745494,0.0005825963211919733,0.0,0.7507898245188371,0.563142244272701,1.0,0.0,0.7692307692307693,0.5769230769230769,30,45,0.30893490943350493,28.473721708713544,0.04596794090652622
20,10,buffer_inverse_volatility,vol_target_25pct_max_1p25,0.25,1.25,2022,26,-0.25986786432624853,-0.8356879161562585,-1.4949886403937231,-0.2793893954153147,-0.9301278738226723,-0.010108097848214878,-0.08470086902554524,-0.08391591623005151,0.42657062572245447,10.749579768205852,-0.02417469984220802,0.0004265706257224545,0.0,0.5138366694966763,0.5,0.5882682734414479,0.0,1.0,0.38461538461538464,30,45,0.30480764511543584,28.572814754759506,0.04658728801488613
20,10,buffer_inverse_volatility,vol_target_25pct_max_1p25,0.25,1.25,2023,25,0.683495084762181,2.170958103913721,6.141078805979255,-0.10460374422514751,6.53413594154944,0.022094287348138994,0.06177551873293561,0.057163221451042814,0.5565805441228823,14.025829711896632,0.048731169478155305,0.0005565805441228824,0.0,0.5010432801482221,0.5,0.5188403181606968,0.0,1.0,0.64,30,45,0.2564655854801472,25.54293162790191,0.07088536718863042
20,10,buffer_inverse_volatility,vol_target_25pct_max_1p25,0.25,1.25,2024,26,0.406628012480883,1.4404737473054916,1.7434683413207046,-0.1302637918371966,3.1215735911410114,0.01493330006661862,-0.017673314871082705,-0.00026514577724847207,0.6879237585704251,17.335678715974712,0.02345613455019664,0.0006879237585704252,0.0,0.614382859337201,0.5,0.7423055194658849,0.0,1.0,0.7307692307692307,30,45,0.26124680327060523,26.527455187381513,0.06345207791406877
20,10,buffer_inverse_volatility,vol_target_25pct_max_1p25,0.25,1.25,2025,25,0.8592868578840394,2.4848570475511105,3.1062043092863174,-0.17938979168634406,4.790054382729138,0.026278575001762255,0.09019189801549282,0.10917532406885332,0.5275044504180029,13.293112150533672,0.06464151119416697,0.000527504450418003,0.0,0.5254447855372107,0.5,0.6209029597944561,0.0,1.0,0.72,30,45,0.2665022886113483,27.421891710846822,0.060407838062936724
20,10,buffer_inverse_volatility,vol_target_25pct_max_1p25,0.25,1.25,2026,11,0.5648305481884317,1.5039306630354219,3.5341240836604473,-0.1165700049053967,4.845419270993634,0.019824444584808875,0.027895204049558718,0.04338840353177768,0.6242095579879183,15.73008086129554,0.035907669716957316,0.0006242095579879183,0.0,0.5526650853718623,0.5,0.6139345532297299,0.0,1.0,0.5454545454545454,30,45,0.3321802100429794,28.859212071757028,0.05078726915741038
20,10,buffer_inverse_volatility,regime_dd_vol_target_25pct_max_1p25,0.25,1.25,2021,26,-0.11187462717631402,-0.28687482878018433,-0.366243149784403,-0.2299140380065422,-0.4865932856745817,-0.003164930801233964,-0.04151941140090673,-0.054243463635006,0.5155330852879527,12.991433749256409,-0.008611414978174938,0.0005155330852879527,0.0,0.6679321794752613,0.5,1.0,0.0,0.9615384615384616,0.5769230769230769,30,45,0.27801761670839553,28.473721708713544,0.04596794090652622
20,10,buffer_inverse_volatility,regime_dd_vol_target_25pct_max_1p25,0.25,1.25,2022,26,-0.245998909099575,-0.8257766692914987,-1.5365428689513967,-0.2754652749451064,-0.893030561287976,-0.009540353315780152,-0.08470086902554524,-0.08391591623005151,0.4110017712759195,10.357244636153172,-0.02375138540620032,0.0004110017712759195,0.0,0.5,0.5,0.5,0.0,1.0,0.38461538461538464,30,45,0.2911403439914731,28.572814754759506,0.04658728801488613
20,10,buffer_inverse_volatility,regime_dd_vol_target_25pct_max_1p25,0.25,1.25,2023,25,0.680740176431494,2.170427496268513,6.120721183929119,-0.1046037442251474,6.507799328542962,0.02202104498055,0.06177551873293561,0.057163221451042814,0.5563558191502327,14.020166642585863,0.04855435700484221,0.0005563558191502327,0.0,0.5007536127264278,0.5,0.5188403181606968,0.0,1.0,0.64,30,45,0.25567789500636107,25.54293162790191,0.07088536718863042
20,10,buffer_inverse_volatility,regime_dd_vol_target_25pct_max_1p25,0.25,1.25,2024,26,0.42186414528833605,1.5274063602163026,2.0343044953109284,-0.11407571110302384,3.698106645220409,0.015263469018452762,-0.017673314871082705,-0.00026514577724847207,0.6751959508100834,17.014937960414102,0.02479375160049475,0.0006751959508100834,0.0,0.6022987314436673,0.5,0.7002561381497586,0.0,1.0,0.7307692307692307,30,45,0.2518252046629812,26.527455187381513,0.06345207791406877
20,10,buffer_inverse_volatility,regime_dd_vol_target_25pct_max_1p25,0.25,1.25,2025,25,0.8592868578840394,2.4848570475511105,3.1062043092863174,-0.17938979168634406,4.790054382729138,0.026278575001762255,0.09019189801549282,0.10917532406885332,0.5275044504180029,13.293112150533672,0.06464151119416697,0.000527504450418003,0.0,0.5254447855372107,0.5,0.6209029597944561,0.0,1.0,0.72,30,45,0.2665022886113483,27.421891710846822,0.060407838062936724
20,10,buffer_inverse_volatility,regime_dd_vol_target_25pct_max_1p25,0.25,1.25,2026,11,0.5648305481884317,1.5039306630354219,3.5341240836604473,-0.1165700049053967,4.845419270993634,0.019824444584808875,0.027895204049558718,0.04338840353177768,0.6242095579879183,15.73008086129554,0.035907669716957316,0.0006242095579879183,0.0,0.5526650853718623,0.5,0.6139345532297299,0.0,1.0,0.5454545454545454,30,45,0.3321802100429794,28.859212071757028,0.05078726915741038
20,10,buffer_inverse_volatility,vol_target_25pct_max_1p50,0.25,1.5,2021,26,-0.04406398094771413,0.006694630113745376,0.009439391831275405,-0.23422517605960835,-0.18812657840205962,8.207162491590248e-05,-0.04151941140090673,-0.054243463635006,0.5825963211919732,14.681427294037725,-0.003001341767745494,0.0005825963211919733,0.0,0.7507898245188371,0.563142244272701,1.0,0.0,0.7692307692307693,0.5769230769230769,30,45,0.30893490943350493,28.473721708713544,0.04596794090652622
20,10,buffer_inverse_volatility,vol_target_25pct_max_1p50,0.25,1.5,2022,26,-0.25986786432624853,-0.8356879161562585,-1.4949886403937231,-0.2793893954153147,-0.9301278738226723,-0.010108097848214878,-0.08470086902554524,-0.08391591623005151,0.42657062572245447,10.749579768205852,-0.02417469984220802,0.0004265706257224545,0.0,0.5138366694966763,0.5,0.5882682734414479,0.0,1.0,0.38461538461538464,30,45,0.30480764511543584,28.572814754759506,0.04658728801488613
20,10,buffer_inverse_volatility,vol_target_25pct_max_1p50,0.25,1.5,2023,25,0.683495084762181,2.170958103913721,6.141078805979255,-0.10460374422514751,6.53413594154944,0.022094287348138994,0.06177551873293561,0.057163221451042814,0.5565805441228823,14.025829711896632,0.048731169478155305,0.0005565805441228824,0.0,0.5010432801482221,0.5,0.5188403181606968,0.0,1.0,0.64,30,45,0.2564655854801472,25.54293162790191,0.07088536718863042
20,10,buffer_inverse_volatility,vol_target_25pct_max_1p50,0.25,1.5,2024,26,0.406628012480883,1.4404737473054916,1.7434683413207046,-0.1302637918371966,3.1215735911410114,0.01493330006661862,-0.017673314871082705,-0.00026514577724847207,0.6879237585704251,17.335678715974712,0.02345613455019664,0.0006879237585704252,0.0,0.614382859337201,0.5,0.7423055194658849,0.0,1.0,0.7307692307692307,30,45,0.26124680327060523,26.527455187381513,0.06345207791406877
20,10,buffer_inverse_volatility,vol_target_25pct_max_1p50,0.25,1.5,2025,25,0.8592868578840394,2.4848570475511105,3.1062043092863174,-0.17938979168634406,4.790054382729138,0.026278575001762255,0.09019189801549282,0.10917532406885332,0.5275044504180029,13.293112150533672,0.06464151119416697,0.000527504450418003,0.0,0.5254447855372107,0.5,0.6209029597944561,0.0,1.0,0.72,30,45,0.2665022886113483,27.421891710846822,0.060407838062936724
20,10,buffer_inverse_volatility,vol_target_25pct_max_1p50,0.25,1.5,2026,11,0.5648305481884317,1.5039306630354219,3.5341240836604473,-0.1165700049053967,4.845419270993634,0.019824444584808875,0.027895204049558718,0.04338840353177768,0.6242095579879183,15.73008086129554,0.035907669716957316,0.0006242095579879183,0.0,0.5526650853718623,0.5,0.6139345532297299,0.0,1.0,0.5454545454545454,30,45,0.3321802100429794,28.859212071757028,0.05078726915741038
20,10,buffer_inverse_volatility,regime_dd_vol_target_25pct_max_1p50,0.25,1.5,2021,26,-0.11187462717631402,-0.28687482878018433,-0.366243149784403,-0.2299140380065422,-0.4865932856745817,-0.003164930801233964,-0.04151941140090673,-0.054243463635006,0.5155330852879527,12.991433749256409,-0.008611414978174938,0.0005155330852879527,0.0,0.6679321794752613,0.5,1.0,0.0,0.9615384615384616,0.5769230769230769,30,45,0.27801761670839553,28.473721708713544,0.04596794090652622
20,10,buffer_inverse_volatility,regime_dd_vol_target_25pct_max_1p50,0.25,1.5,2022,26,-0.245998909099575,-0.8257766692914987,-1.5365428689513967,-0.2754652749451064,-0.893030561287976,-0.009540353315780152,-0.08470086902554524,-0.08391591623005151,0.4110017712759195,10.357244636153172,-0.02375138540620032,0.0004110017712759195,0.0,0.5,0.5,0.5,0.0,1.0,0.38461538461538464,30,45,0.2911403439914731,28.572814754759506,0.04658728801488613
20,10,buffer_inverse_volatility,regime_dd_vol_target_25pct_max_1p50,0.25,1.5,2023,25,0.680740176431494,2.170427496268513,6.120721183929119,-0.1046037442251474,6.507799328542962,0.02202104498055,0.06177551873293561,0.057163221451042814,0.5563558191502327,14.020166642585863,0.04855435700484221,0.0005563558191502327,0.0,0.5007536127264278,0.5,0.5188403181606968,0.0,1.0,0.64,30,45,0.25567789500636107,25.54293162790191,0.07088536718863042
20,10,buffer_inverse_volatility,regime_dd_vol_target_25pct_max_1p50,0.25,1.5,2024,26,0.42186414528833605,1.5274063602163026,2.0343044953109284,-0.11407571110302384,3.698106645220409,0.015263469018452762,-0.017673314871082705,-0.00026514577724847207,0.6751959508100834,17.014937960414102,0.02479375160049475,0.0006751959508100834,0.0,0.6022987314436673,0.5,0.7002561381497586,0.0,1.0,0.7307692307692307,30,45,0.2518252046629812,26.527455187381513,0.06345207791406877
20,10,buffer_inverse_volatility,regime_dd_vol_target_25pct_max_1p50,0.25,1.5,2025,25,0.8592868578840394,2.4848570475511105,3.1062043092863174,-0.17938979168634406,4.790054382729138,0.026278575001762255,0.09019189801549282,0.10917532406885332,0.5275044504180029,13.293112150533672,0.06464151119416697,0.000527504450418003,0.0,0.5254447855372107,0.5,0.6209029597944561,0.0,1.0,0.72,30,45,0.2665022886113483,27.421891710846822,0.060407838062936724
20,10,buffer_inverse_volatility,regime_dd_vol_target_25pct_max_1p50,0.25,1.5,2026,11,0.5648305481884317,1.5039306630354219,3.5341240836604473,-0.1165700049053967,4.845419270993634,0.019824444584808875,0.027895204049558718,0.04338840353177768,0.6242095579879183,15.73008086129554,0.035907669716957316,0.0006242095579879183,0.0,0.5526650853718623,0.5,0.6139345532297299,0.0,1.0,0.5454545454545454,30,45,0.3321802100429794,28.859212071757028,0.05078726915741038
20,10,buffer_inverse_volatility,vol_target_30pct_max_1p25,0.3,1.25,2021,26,-0.08537796640406536,-0.07276533570077585,-0.09754446560626127,-0.27650426488827184,-0.3087763092499292,-0.001026663431172693,-0.04151941140090673,-0.054243463635006,0.6516262181724705,16.420980697946256,-0.005199322012158716,0.0006516262181724705,3.552517309215836e-06,0.8547939432687586,0.6757706931272413,1.0465521868199643,0.038461538461538464,0.7307692307692307,0.5769230769230769,30,45,0.35555279469803924,28.473721708713544,0.04596794090652622
20,10,buffer_inverse_volatility,vol_target_30pct_max_1p25,0.3,1.25,2022,26,-0.3010625021688841,-0.8487619011424857,-1.4480208590888264,-0.31247097268895463,-0.9634895029708025,-0.01178141687899897,-0.08470086902554524,-0.08391591623005151,0.47847400790772154,12.057544999274583,-0.02496880602037951,0.0004784740079077215,0.0,0.5733720265849254,0.5,0.7059219281297375,0.0,1.0,0.38461538461538464,30,45,0.34979386439370047,28.572814754759506,0.04658728801488613
20,10,buffer_inverse_volatility,vol_target_30pct_max_1p25,0.3,1.25,2023,25,0.7838108255535448,2.1802856837067477,6.36143590763988,-0.10922333464674061,7.176221345819667,0.024720422740014524,0.06177551873293561,0.057163221451042814,0.6007424956146338,15.13871088948877,0.05177526879767329,0.0006007424956146337,0.0,0.5419302187050269,0.5,0.6226083817928361,0.0,1.0,0.64,30,45,0.2857215720415447,25.54293162790191,0.07088536718863042
20,10,buffer_inverse_volatility,vol_target_30pct_max_1p25,0.3,1.25,2024,26,0.490890288669376,1.434999880237665,1.7367435845188193,-0.15631655020463597,3.1403603011117207,0.017850840744316317,-0.017673314871082705,-0.00026514577724847207,0.8228890667395518,20.736804481836703,0.023672417276217515,0.0008228890667395518,0.0,0.7349607875364736,0.5716446479103697,0.8907666233590619,0.0,1.0,0.7307692307692307,30,45,0.3134782050868663,26.527455187381513,0.06345207791406877
20,10,buffer_inverse_volatility,vol_target_30pct_max_1p25,0.3,1.25,2025,25,1.0684701212536027,2.47818977635926,3.068847205644303,-0.21335650908900683,5.00790965232687,0.03119990271160153,0.09019189801549282,0.10917532406885332,0.6291270100782279,15.854000653971342,0.06739435329756699,0.000629127010078228,0.0,0.6261556052720733,0.5744701703352055,0.7450835517533473,0.0,1.0,0.72,30,45,0.3172628488070959,27.421891710846822,0.060407838062936724
20,10,buffer_inverse_volatility,vol_target_30pct_max_1p25,0.3,1.25,2026,11,0.6807404694230186,1.4907586713785093,3.485043344882807,-0.13907816685218632,4.8946609293931544,0.023509053881298293,0.027895204049558718,0.04338840353177768,0.7428737327373731,18.720418064981803,0.03636352922568561,0.0007428737327373733,0.0,0.656442934024493,0.574965982723197,0.7367214638756758,0.0,1.0,0.5454545454545454,30,45,0.39740044393697666,28.859212071757028,0.05078726915741038
20,10,buffer_inverse_volatility,regime_dd_vol_target_30pct_max_1p25,0.3,1.25,2021,26,-0.140731451482507,-0.35868483235449183,-0.4235425005160857,-0.25571642239545633,-0.5503418597999576,-0.004226427641102781,-0.04151941140090673,-0.054243463635006,0.5387695795671068,13.576993405091091,-0.010365435651588047,0.0005387695795671068,3.552517309215836e-06,0.696593027852271,0.5,1.0465521868199643,0.038461538461538464,0.9230769230769231,0.5769230769230769,30,45,0.29693470966324315,28.473721708713544,0.04596794090652622
20,10,buffer_inverse_volatility,regime_dd_vol_target_30pct_max_1p25,0.3,1.25,2022,26,-0.245998909099575,-0.8257766692914987,-1.5365428689513967,-0.2754652749451064,-0.893030561287976,-0.009540353315780152,-0.08470086902554524,-0.08391591623005151,0.4110017712759195,10.357244636153172,-0.02375138540620032,0.0004110017712759195,0.0,0.5,0.5,0.5,0.0,1.0,0.38461538461538464,30,45,0.2911403439914731,28.572814754759506,0.04658728801488613
20,10,buffer_inverse_volatility,regime_dd_vol_target_30pct_max_1p25,0.3,1.25,2023,25,0.6817840960489832,2.167224513184352,6.0558959742015634,-0.10801625106747514,6.311865939719469,0.022054746620300315,0.06177551873293561,0.057163221451042814,0.5632136437462143,14.1929838224046,0.0480366993001669,0.0005632136437462142,0.0,0.5094820087086772,0.5,0.5968598360024595,0.0,1.0,0.64,30,45,0.25644764141900017,25.54293162790191,0.07088536718863042
20,10,buffer_inverse_volatility,regime_dd_vol_target_30pct_max_1p25,0.3,1.25,2024,26,0.4991411664077188,1.5882031871516131,2.356934029376527,-0.11407571110302384,4.3755253557607485,0.017664034904492712,-0.017673314871082705,-0.00026514577724847207,0.7550574752109475,19.027448375315874,0.02623269061422076,0.0007550574752109475,0.0,0.6713288914525422,0.5716446479103697,0.8403073657797103,0.0,1.0,0.7307692307692307,30,45,0.28027501971680846,26.527455187381513,0.06345207791406877
20,10,buffer_inverse_volatility,regime_dd_vol_target_30pct_max_1p25,0.3,1.25,2025,25,1.1026368854045896,2.6283328082871997,3.6093764137837065,-0.1954500493896033,5.641527791106523,0.0316901094687662,0.09019189801549282,0.10917532406885332,0.6234693531291178,15.711427698853768,0.07018056579829679,0.0006234693531291179,0.0,0.6208460369234639,0.5744701703352055,0.7450835517533473,0.0,1.0,0.72,30,45,0.3038392840111159,27.421891710846822,0.060407838062936724
20,10,buffer_inverse_volatility,regime_dd_vol_target_30pct_max_1p25,0.3,1.25,2026,11,0.6918436168077491,1.5775693832965105,3.9067168593647352,-0.1262829658103296,5.478518914790629,0.023486618928679367,0.027895204049558718,0.04338840353177768,0.7026873677919648,17.707721668357514,0.0390701655337189,0.000702687367791965,0.0,0.62506301339644,0.574965982723197,0.65,0.0,1.0,0.5454545454545454,30,45,0.37517386130171687,28.859212071757028,0.05078726915741038
20,10,buffer_inverse_volatility,vol_target_30pct_max_1p50,0.3,1.5,2021,26,-0.08537796640406536,-0.07276533570077585,-0.09754446560626127,-0.27650426488827184,-0.3087763092499292,-0.001026663431172693,-0.04151941140090673,-0.054243463635006,0.6516262181724705,16.420980697946256,-0.005199322012158716,0.0006516262181724705,3.552517309215836e-06,0.8547939432687586,0.6757706931272413,1.0465521868199643,0.038461538461538464,0.7307692307692307,0.5769230769230769,30,45,0.35555279469803924,28.473721708713544,0.04596794090652622
20,10,buffer_inverse_volatility,vol_target_30pct_max_1p50,0.3,1.5,2022,26,-0.3010625021688841,-0.8487619011424857,-1.4480208590888264,-0.31247097268895463,-0.9634895029708025,-0.01178141687899897,-0.08470086902554524,-0.08391591623005151,0.47847400790772154,12.057544999274583,-0.02496880602037951,0.0004784740079077215,0.0,0.5733720265849254,0.5,0.7059219281297375,0.0,1.0,0.38461538461538464,30,45,0.34979386439370047,28.572814754759506,0.04658728801488613
20,10,buffer_inverse_volatility,vol_target_30pct_max_1p50,0.3,1.5,2023,25,0.7838108255535448,2.1802856837067477,6.36143590763988,-0.10922333464674061,7.176221345819667,0.024720422740014524,0.06177551873293561,0.057163221451042814,0.6007424956146338,15.13871088948877,0.05177526879767329,0.0006007424956146337,0.0,0.5419302187050269,0.5,0.6226083817928361,0.0,1.0,0.64,30,45,0.2857215720415447,25.54293162790191,0.07088536718863042
20,10,buffer_inverse_volatility,vol_target_30pct_max_1p50,0.3,1.5,2024,26,0.490890288669376,1.434999880237665,1.7367435845188193,-0.15631655020463597,3.1403603011117207,0.017850840744316317,-0.017673314871082705,-0.00026514577724847207,0.8228890667395518,20.736804481836703,0.023672417276217515,0.0008228890667395518,0.0,0.7349607875364736,0.5716446479103697,0.8907666233590619,0.0,1.0,0.7307692307692307,30,45,0.3134782050868663,26.527455187381513,0.06345207791406877
20,10,buffer_inverse_volatility,vol_target_30pct_max_1p50,0.3,1.5,2025,25,1.0684701212536027,2.47818977635926,3.068847205644303,-0.21335650908900683,5.00790965232687,0.03119990271160153,0.09019189801549282,0.10917532406885332,0.6291270100782279,15.854000653971342,0.06739435329756699,0.000629127010078228,0.0,0.6261556052720733,0.5744701703352055,0.7450835517533473,0.0,1.0,0.72,30,45,0.3172628488070959,27.421891710846822,0.060407838062936724
20,10,buffer_inverse_volatility,vol_target_30pct_max_1p50,0.3,1.5,2026,11,0.6807404694230186,1.4907586713785093,3.485043344882807,-0.13907816685218632,4.8946609293931544,0.023509053881298293,0.027895204049558718,0.04338840353177768,0.7428737327373731,18.720418064981803,0.03636352922568561,0.0007428737327373733,0.0,0.656442934024493,0.574965982723197,0.7367214638756758,0.0,1.0,0.5454545454545454,30,45,0.39740044393697666,28.859212071757028,0.05078726915741038
20,10,buffer_inverse_volatility,regime_dd_vol_target_30pct_max_1p50,0.3,1.5,2021,26,-0.140731451482507,-0.35868483235449183,-0.4235425005160857,-0.25571642239545633,-0.5503418597999576,-0.004226427641102781,-0.04151941140090673,-0.054243463635006,0.5387695795671068,13.576993405091091,-0.010365435651588047,0.0005387695795671068,3.552517309215836e-06,0.696593027852271,0.5,1.0465521868199643,0.038461538461538464,0.9230769230769231,0.5769230769230769,30,45,0.29693470966324315,28.473721708713544,0.04596794090652622
20,10,buffer_inverse_volatility,regime_dd_vol_target_30pct_max_1p50,0.3,1.5,2022,26,-0.245998909099575,-0.8257766692914987,-1.5365428689513967,-0.2754652749451064,-0.893030561287976,-0.009540353315780152,-0.08470086902554524,-0.08391591623005151,0.4110017712759195,10.357244636153172,-0.02375138540620032,0.0004110017712759195,0.0,0.5,0.5,0.5,0.0,1.0,0.38461538461538464,30,45,0.2911403439914731,28.572814754759506,0.04658728801488613
20,10,buffer_inverse_volatility,regime_dd_vol_target_30pct_max_1p50,0.3,1.5,2023,25,0.6817840960489832,2.167224513184352,6.0558959742015634,-0.10801625106747514,6.311865939719469,0.022054746620300315,0.06177551873293561,0.057163221451042814,0.5632136437462143,14.1929838224046,0.0480366993001669,0.0005632136437462142,0.0,0.5094820087086772,0.5,0.5968598360024595,0.0,1.0,0.64,30,45,0.25644764141900017,25.54293162790191,0.07088536718863042
20,10,buffer_inverse_volatility,regime_dd_vol_target_30pct_max_1p50,0.3,1.5,2024,26,0.4991411664077188,1.5882031871516131,2.356934029376527,-0.11407571110302384,4.3755253557607485,0.017664034904492712,-0.017673314871082705,-0.00026514577724847207,0.7550574752109475,19.027448375315874,0.02623269061422076,0.0007550574752109475,0.0,0.6713288914525422,0.5716446479103697,0.8403073657797103,0.0,1.0,0.7307692307692307,30,45,0.28027501971680846,26.527455187381513,0.06345207791406877
20,10,buffer_inverse_volatility,regime_dd_vol_target_30pct_max_1p50,0.3,1.5,2025,25,1.1026368854045896,2.6283328082871997,3.6093764137837065,-0.1954500493896033,5.641527791106523,0.0316901094687662,0.09019189801549282,0.10917532406885332,0.6234693531291178,15.711427698853768,0.07018056579829679,0.0006234693531291179,0.0,0.6208460369234639,0.5744701703352055,0.7450835517533473,0.0,1.0,0.72,30,45,0.3038392840111159,27.421891710846822,0.060407838062936724
20,10,buffer_inverse_volatility,regime_dd_vol_target_30pct_max_1p50,0.3,1.5,2026,11,0.6918436168077491,1.5775693832965105,3.9067168593647352,-0.1262829658103296,5.478518914790629,0.023486618928679367,0.027895204049558718,0.04338840353177768,0.7026873677919648,17.707721668357514,0.0390701655337189,0.000702687367791965,0.0,0.62506301339644,0.574965982723197,0.65,0.0,1.0,0.5454545454545454,30,45,0.37517386130171687,28.859212071757028,0.05078726915741038
20,10,equal_weight,static_1x,,1.0,2021,26,-0.05016720867489943,0.04443419549782619,0.061157776432197934,-0.30929907461592454,-0.16219643960201013,0.0006517802734995246,-0.04151941140090673,-0.054243463635006,0.74,18.648,-0.0026902192554107375,0.00074,0.0,1.0,1.0,1.0,0.0,0.0,0.5769230769230769,50,75,0.3696446556119499,50.0,0.02
20,10,equal_weight,static_1x,,1.0,2022,26,-0.41014212226796154,-0.7035943754235509,-1.4091908386714882,-0.439903802790115,-0.9323450255865299,-0.015206261307564781,-0.08470086902554524,-0.08391591623005151,0.8123076923076924,20.47015384615385,-0.020036103555959518,0.0008123076923076925,0.0,1.0,1.0,1.0,0.0,0.0,0.38461538461538464,50,75,0.5446288349305727,50.0,0.02
20,10,equal_weight,static_1x,,1.0,2023,25,1.3216159710198303,2.2081003970749573,5.349715024429764,-0.2240513074676217,5.89872019028865,0.03729576939641432,0.06177551873293561,0.057163221451042814,1.1392,28.707839999999997,0.04603676107362415,0.0011392,0.0,1.0,1.0,1.0,0.0,0.0,0.64,50,75,0.4256388840084684,50.0,0.02
20,10,equal_weight,static_1x,,1.0,2024,26,0.5560674313316709,1.474858278166096,1.800951128355359,-0.152645464722157,3.6428689993758843,0.019939120035308126,-0.017673314871082705,-0.00026514577724847207,1.1276923076923078,28.417846153846156,0.019567543167109836,0.0011276923076923076,0.0,1.0,1.0,1.0,0.0,0.0,0.7692307692307693,50,75,0.3406875306789159,50.0,0.02
20,10,equal_weight,static_1x,,1.0,2025,25,1.5464512463810132,2.243352334349869,2.9239331908850517,-0.3023472476812733,5.114818336336378,0.04204478051781548,0.09019189801549282,0.10917532406885332,0.9536,24.03072,0.06435309663551543,0.0009536,0.0,1.0,1.0,1.0,0.0,0.0,0.72,50,75,0.4722969516761196,50.0,0.02
20,10,equal_weight,static_1x,,1.0,2026,11,1.6204135084994165,2.0705996338091333,5.695950761353129,-0.13198934769176696,12.276850646186595,0.04374020671574829,0.027895204049558718,0.04338840353177768,1.018181818181818,25.658181818181816,0.06315387115041661,0.0010181818181818183,0.0,1.0,1.0,1.0,0.0,0.0,0.6363636363636364,50,75,0.5323352671559789,50.0,0.019999999999999997
20,10,equal_weight,legacy_risk_scaled,,1.0,2021,26,-0.11804039101902775,-0.4623867755496592,-0.4930706929510179,-0.19559258978021377,-0.6035013450748263,-0.004014262954213322,-0.04151941140090673,-0.054243463635006,0.4176153846153846,10.523907692307692,-0.011216403114720188,0.00041761538461538466,0.0,0.5346153846153846,0.45,1.0,0.0,0.8461538461538461,0.5769230769230769,50,75,0.21877664283526088,50.0,0.02
20,10,equal_weight,legacy_risk_scaled,,1.0,2022,26,-0.1826702499333327,-0.7035943754235509,-1.409190838671488,-0.2124490945461951,-0.8598306823737144,-0.006842817588404151,-0.08470086902554524,-0.08391591623005151,0.3655384615384616,9.211569230769232,-0.01983052456721084,0.00036553846153846163,0.0,0.44999999999999996,0.45,0.45,0.0,1.0,0.38461538461538464,50,75,0.2450829757187577,50.0,0.02
20,10,equal_weight,legacy_risk_scaled,,1.0,2023,25,0.6256975834201712,2.35947991977749,6.483998881129129,-0.10574213118431708,5.917202314842036,0.020341565236615525,0.06177551873293561,0.057163221451042814,0.54816,13.813631999999998,0.04529566036073433,0.00054816,0.0,0.486,0.45,0.75,0.0,1.0,0.64,50,75,0.21725442105523515,50.0,0.02
20,10,equal_weight,legacy_risk_scaled,,1.0,2024,26,0.46630595736773905,1.7235635761471733,2.799277276843158,-0.06869045912497063,6.7885112912023855,0.016361901049850188,-0.017673314871082705,-0.00026514577724847207,0.7323076923076924,18.454153846153847,0.025268346696097635,0.0007323076923076924,0.0,0.6423076923076922,0.45,1.0,0.0,0.6923076923076923,0.7692307692307693,50,75,0.23922523785163652,50.0,0.02
20,10,equal_weight,legacy_risk_scaled,,1.0,2025,25,0.9618237307334019,2.408759163137666,4.471362374962157,-0.15299721780850417,6.28654392877424,0.02871811925208581,0.09019189801549282,0.10917532406885332,0.62704,15.801408,0.06086949534708564,0.0006270400000000001,0.0,0.594,0.45,1.0,0.0,0.76,0.72,50,75,0.3004437372683911,50.0,0.02
20,10,equal_weight,legacy_risk_scaled,,1.0,2026,11,0.5943033548166374,2.0705996338091333,5.695950761353131,-0.059849149546479796,9.930021718271737,0.01968309302208673,0.027895204049558718,0.04338840353177768,0.4581818181818182,11.546181818181818,0.05147185140292747,0.0004581818181818183,0.0,0.45,0.45,0.45,0.0,1.0,0.6363636363636364,50,75,0.2395508702201905,50.0,0.019999999999999997
20,10,equal_weight,vol_target_20pct_max_1p25,0.2,1.25,2021,26,0.005878804377942526,0.14807304374962554,0.22406996427113157,-0.19666756946309027,0.029892088431213538,0.0015252870440010439,-0.04151941140090673,-0.054243463635006,0.5461046453858761,13.761837063724078,0.0004271816582859373,0.0005461046453858761,0.0,0.6875527058927987,0.5012788974735198,1.0,0.0,0.7692307692307693,0.5769230769230769,50,75,0.25958292296482566,50.0,0.02
20,10,equal_weight,vol_target_20pct_max_1p25,0.2,1.25,2022,26,-0.20596357470437776,-0.7048245429265452,-1.3934395283810692,-0.2347685182039445,-0.8773049141344251,-0.00768908574186659,-0.08470086902554524,-0.08391591623005151,0.41030538473471095,10.339695695314715,-0.019919694038743056,0.0004103053847347109,0.0,0.5024381362419406,0.5,0.5249153906696057,0.0,1.0,0.38461538461538464,50,75,0.27491233476418786,50.0,0.02
20,10,equal_weight,vol_target_20pct_max_1p25,0.2,1.25,2023,25,0.5612707725954242,2.2094128097837875,5.359252939761803,-0.11698600064904097,4.797760154902991,0.018681131692591148,0.06177551873293561,0.057163221451042814,0.5700189372724893,14.36447721926673,0.03907352589501866,0.0005700189372724892,0.0,0.5002094686362446,0.5,0.5052367159061153,0.0,1.0,0.64,50,75,0.21307223193811653,50.0,0.02
20,10,equal_weight,vol_target_20pct_max_1p25,0.2,1.25,2024,26,0.3059192000311848,1.3974765824741704,1.5311889546215045,-0.10719826098816454,2.8537701751053635,0.01147266900405917,-0.017673314871082705,-0.00026514577724847207,0.6523698384181237,16.439719928136718,0.018608540861307588,0.0006523698384181236,0.0,0.5720708483712686,0.5,0.7022610147791499,0.0,1.0,0.7692307692307693,50,75,0.20688093276699662,50.0,0.02
20,10,equal_weight,vol_target_20pct_max_1p25,0.2,1.25,2025,25,0.6163591162771567,2.059571394731075,2.3159601808240846,-0.1790756331853639,3.4418927093177105,0.020443428685623665,0.09019189801549282,0.10917532406885332,0.49479779549095143,12.468904446371976,0.04943169778291918,0.0004947977954909515,0.0,0.5144476209143914,0.5,0.6026155068504242,0.0,1.0,0.72,50,75,0.2501367052366662,50.0,0.02
20,10,equal_weight,vol_target_20pct_max_1p25,0.2,1.25,2026,11,0.6648051905013332,2.0405038257031265,5.397166331436434,-0.06850136369107684,9.704992056792182,0.02168025817113117,0.027895204049558718,0.04338840353177768,0.5170783627113337,13.030374740325609,0.05101965244667405,0.0005170783627113338,0.0,0.5050328835378811,0.5,0.5293828007249719,0.0,1.0,0.6363636363636364,50,75,0.2677488270448325,50.0,0.019999999999999997
20,10,equal_weight,regime_dd_vol_target_20pct_max_1p25,0.2,1.25,2021,26,-0.05484725487156139,-0.12562805389664988,-0.16860769305126064,-0.1964679216755284,-0.279166463429806,-0.0011674026678351666,-0.04151941140090673,-0.054243463635006,0.4904819158589564,12.3601442796457,-0.004437428369010395,0.0004904819158589566,0.0,0.6201226090489436,0.5012788974735198,1.0,0.0,0.9615384615384616,0.5769230769230769,50,75,0.2341717977550451,50.0,0.02
20,10,equal_weight,regime_dd_vol_target_20pct_max_1p25,0.2,1.25,2022,26,-0.20770266859224962,-0.7163848896933961,-1.409529155489157,-0.23474969393992762,-0.8847835543734539,-0.007785628183901235,-0.08470086902554524,-0.08391591623005151,0.4080704146668928,10.283374449605699,-0.02019790970465086,0.00040807041466689274,0.0,0.5009582842565232,0.5,0.5249153906696057,0.0,1.0,0.38461538461538464,50,75,0.27387209453605504,50.0,0.02
20,10,equal_weight,regime_dd_vol_target_20pct_max_1p25,0.2,1.25,2023,25,0.5612707725954242,2.2094128097837875,5.359252939761803,-0.11698600064904097,4.797760154902991,0.018681131692591148,0.06177551873293561,0.057163221451042814,0.5700189372724893,14.36447721926673,0.03907352589501866,0.0005700189372724892,0.0,0.5002094686362446,0.5,0.5052367159061153,0.0,1.0,0.64,50,75,0.21307223193811653,50.0,0.02
20,10,equal_weight,regime_dd_vol_target_20pct_max_1p25,0.2,1.25,2024,26,0.31608408654985753,1.463050491385058,1.689857550828312,-0.09921955206940203,3.1857036235031906,0.011743979377492926,-0.017673314871082705,-0.00026514577724847207,0.6476219976102958,16.320074339779453,0.019367809237205293,0.0006476219976102958,0.0,0.5693027231455793,0.5,0.65,0.0,1.0,0.7692307692307693,50,75,0.2022816588049876,50.0,0.02
20,10,equal_weight,regime_dd_vol_target_20pct_max_1p25,0.2,1.25,2025,25,0.6163591162771567,2.059571394731075,2.3159601808240846,-0.1790756331853639,3.4418927093177105,0.020443428685623665,0.09019189801549282,0.10917532406885332,0.49479779549095143,12.468904446371976,0.04943169778291918,0.0004947977954909515,0.0,0.5144476209143914,0.5,0.6026155068504242,0.0,1.0,0.72,50,75,0.2501367052366662,50.0,0.02
20,10,equal_weight,regime_dd_vol_target_20pct_max_1p25,0.2,1.25,2026,11,0.6648051905013332,2.0405038257031265,5.397166331436434,-0.06850136369107684,9.704992056792182,0.02168025817113117,0.027895204049558718,0.04338840353177768,0.5170783627113337,13.030374740325609,0.05101965244667405,0.0005170783627113338,0.0,0.5050328835378811,0.5,0.5293828007249719,0.0,1.0,0.6363636363636364,50,75,0.2677488270448325,50.0,0.019999999999999997
20,10,equal_weight,vol_target_20pct_max_1p50,0.2,1.5,2021,26,0.005878804377942526,0.14807304374962554,0.22406996427113157,-0.19666756946309027,0.029892088431213538,0.0015252870440010439,-0.04151941140090673,-0.054243463635006,0.5461046453858761,13.761837063724078,0.0004271816582859373,0.0005461046453858761,0.0,0.6875527058927987,0.5012788974735198,1.0,0.0,0.7692307692307693,0.5769230769230769,50,75,0.25958292296482566,50.0,0.02
20,10,equal_weight,vol_target_20pct_max_1p50,0.2,1.5,2022,26,-0.20596357470437776,-0.7048245429265452,-1.3934395283810692,-0.2347685182039445,-0.8773049141344251,-0.00768908574186659,-0.08470086902554524,-0.08391591623005151,0.41030538473471095,10.339695695314715,-0.019919694038743056,0.0004103053847347109,0.0,0.5024381362419406,0.5,0.5249153906696057,0.0,1.0,0.38461538461538464,50,75,0.27491233476418786,50.0,0.02
20,10,equal_weight,vol_target_20pct_max_1p50,0.2,1.5,2023,25,0.5612707725954242,2.2094128097837875,5.359252939761803,-0.11698600064904097,4.797760154902991,0.018681131692591148,0.06177551873293561,0.057163221451042814,0.5700189372724893,14.36447721926673,0.03907352589501866,0.0005700189372724892,0.0,0.5002094686362446,0.5,0.5052367159061153,0.0,1.0,0.64,50,75,0.21307223193811653,50.0,0.02
20,10,equal_weight,vol_target_20pct_max_1p50,0.2,1.5,2024,26,0.3059192000311848,1.3974765824741704,1.5311889546215045,-0.10719826098816454,2.8537701751053635,0.01147266900405917,-0.017673314871082705,-0.00026514577724847207,0.6523698384181237,16.439719928136718,0.018608540861307588,0.0006523698384181236,0.0,0.5720708483712686,0.5,0.7022610147791499,0.0,1.0,0.7692307692307693,50,75,0.20688093276699662,50.0,0.02
20,10,equal_weight,vol_target_20pct_max_1p50,0.2,1.5,2025,25,0.6163591162771567,2.059571394731075,2.3159601808240846,-0.1790756331853639,3.4418927093177105,0.020443428685623665,0.09019189801549282,0.10917532406885332,0.49479779549095143,12.468904446371976,0.04943169778291918,0.0004947977954909515,0.0,0.5144476209143914,0.5,0.6026155068504242,0.0,1.0,0.72,50,75,0.2501367052366662,50.0,0.02
20,10,equal_weight,vol_target_20pct_max_1p50,0.2,1.5,2026,11,0.6648051905013332,2.0405038257031265,5.397166331436434,-0.06850136369107684,9.704992056792182,0.02168025817113117,0.027895204049558718,0.04338840353177768,0.5170783627113337,13.030374740325609,0.05101965244667405,0.0005170783627113338,0.0,0.5050328835378811,0.5,0.5293828007249719,0.0,1.0,0.6363636363636364,50,75,0.2677488270448325,50.0,0.019999999999999997
20,10,equal_weight,regime_dd_vol_target_20pct_max_1p50,0.2,1.5,2021,26,-0.05484725487156139,-0.12562805389664988,-0.16860769305126064,-0.1964679216755284,-0.279166463429806,-0.0011674026678351666,-0.04151941140090673,-0.054243463635006,0.4904819158589564,12.3601442796457,-0.004437428369010395,0.0004904819158589566,0.0,0.6201226090489436,0.5012788974735198,1.0,0.0,0.9615384615384616,0.5769230769230769,50,75,0.2341717977550451,50.0,0.02
20,10,equal_weight,regime_dd_vol_target_20pct_max_1p50,0.2,1.5,2022,26,-0.20770266859224962,-0.7163848896933961,-1.409529155489157,-0.23474969393992762,-0.8847835543734539,-0.007785628183901235,-0.08470086902554524,-0.08391591623005151,0.4080704146668928,10.283374449605699,-0.02019790970465086,0.00040807041466689274,0.0,0.5009582842565232,0.5,0.5249153906696057,0.0,1.0,0.38461538461538464,50,75,0.27387209453605504,50.0,0.02
20,10,equal_weight,regime_dd_vol_target_20pct_max_1p50,0.2,1.5,2023,25,0.5612707725954242,2.2094128097837875,5.359252939761803,-0.11698600064904097,4.797760154902991,0.018681131692591148,0.06177551873293561,0.057163221451042814,0.5700189372724893,14.36447721926673,0.03907352589501866,0.0005700189372724892,0.0,0.5002094686362446,0.5,0.5052367159061153,0.0,1.0,0.64,50,75,0.21307223193811653,50.0,0.02
20,10,equal_weight,regime_dd_vol_target_20pct_max_1p50,0.2,1.5,2024,26,0.31608408654985753,1.463050491385058,1.689857550828312,-0.09921955206940203,3.1857036235031906,0.011743979377492926,-0.017673314871082705,-0.00026514577724847207,0.6476219976102958,16.320074339779453,0.019367809237205293,0.0006476219976102958,0.0,0.5693027231455793,0.5,0.65,0.0,1.0,0.7692307692307693,50,75,0.2022816588049876,50.0,0.02
20,10,equal_weight,regime_dd_vol_target_20pct_max_1p50,0.2,1.5,2025,25,0.6163591162771567,2.059571394731075,2.3159601808240846,-0.1790756331853639,3.4418927093177105,0.020443428685623665,0.09019189801549282,0.10917532406885332,0.49479779549095143,12.468904446371976,0.04943169778291918,0.0004947977954909515,0.0,0.5144476209143914,0.5,0.6026155068504242,0.0,1.0,0.72,50,75,0.2501367052366662,50.0,0.02
20,10,equal_weight,regime_dd_vol_target_20pct_max_1p50,0.2,1.5,2026,11,0.6648051905013332,2.0405038257031265,5.397166331436434,-0.06850136369107684,9.704992056792182,0.02168025817113117,0.027895204049558718,0.04338840353177768,0.5170783627113337,13.030374740325609,0.05101965244667405,0.0005170783627113338,0.0,0.5050328835378811,0.5,0.5293828007249719,0.0,1.0,0.6363636363636364,50,75,0.2677488270448325,50.0,0.019999999999999997
20,10,equal_weight,vol_target_25pct_max_1p25,0.25,1.25,2021,26,-0.029468809820547115,0.04876167558013215,0.06878658570539986,-0.24188010706306684,-0.12183230021832071,0.0005837275705057449,-0.04151941140090673,-0.054243463635006,0.6237846528861913,15.719373252732021,-0.001874680965122159,0.0006237846528861912,0.0,0.801748574673691,0.6265986218418997,1.0,0.0,0.7692307692307693,0.5769230769230769,50,75,0.30167000214279566,50.0,0.02
20,10,equal_weight,vol_target_25pct_max_1p25,0.25,1.25,2022,26,-0.24498431717230407,-0.7832427638544887,-1.417643950968833,-0.25570378310643516,-0.9580785790342837,-0.009368248487600945,-0.08470086902554524,-0.08391591623005151,0.45185338311428,11.386705254479857,-0.0215149432339895,0.00045185338311428015,0.0,0.5397801455525719,0.5,0.6561442383370071,0.0,1.0,0.38461538461538464,50,75,0.3014133966916583,50.0,0.02
20,10,equal_weight,vol_target_25pct_max_1p25,0.25,1.25,2023,25,0.6301966589474954,2.308429594696057,5.882746133025423,-0.11717386762139048,5.3783038124488,0.020512293583329046,0.06177551873293561,0.057163221451042814,0.5949590237521459,14.992967398554077,0.042032817266598715,0.0005949590237521459,0.0,0.521045123087897,0.5,0.6315458948826441,0.0,1.0,0.64,50,75,0.2239227046332993,50.0,0.02
20,10,equal_weight,vol_target_25pct_max_1p25,0.25,1.25,2024,26,0.38099615215887805,1.3838609139289357,1.5136886393923457,-0.13399782623520562,2.8433009912423333,0.014181847678214628,-0.017673314871082705,-0.00026514577724847207,0.8101572245359129,20.415962058305006,0.018661680065372804,0.0008101572245359129,0.0,0.7097850149100403,0.5838520008308069,0.8778262684739374,0.0,1.0,0.7692307692307693,50,75,0.2582503471944732,50.0,0.02
20,10,equal_weight,vol_target_25pct_max_1p25,0.25,1.25,2025,25,0.6628967926794289,1.9193165141440436,1.9639927255097056,-0.21679932405257885,3.057651565918449,0.02202280700848789,0.09019189801549282,0.10917532406885332,0.5597667796353268,14.106122846810235,0.04699355023902456,0.0005597667796353268,0.0,0.5728933458378577,0.5,0.7532693835630302,0.0,1.0,0.72,50,75,0.289152275054225,50.0,0.02
20,10,equal_weight,vol_target_25pct_max_1p25,0.25,1.25,2026,11,0.775543484187492,1.9490720937248487,4.875243652120115,-0.08543253124573413,9.07784742976601,0.024820744212052923,0.027895204049558718,0.04338840353177768,0.6145788439931827,15.487386868628205,0.050075812709144636,0.0006145788439931828,0.0,0.5887425886963005,0.5224458046666494,0.6617285009062148,0.0,1.0,0.6363636363636364,50,75,0.3209130930341222,50.0,0.019999999999999997
20,10,equal_weight,regime_dd_vol_target_25pct_max_1p25,0.25,1.25,2021,26,-0.07143859107790518,-0.16038205523988375,-0.20814485172493272,-0.20876043331466598,-0.34220369225918074,-0.0016377035796102401,-0.04151941140090673,-0.054243463635006,0.5250552103422993,13.231391300625942,-0.005399174542931521,0.0005250552103422993,0.0,0.6803525061588919,0.6265986218418997,1.0,0.0,0.9615384615384616,0.5769230769230769,50,75,0.2573238642219059,50.0,0.02
20,10,equal_weight,regime_dd_vol_target_25pct_max_1p25,0.25,1.25,2022,26,-0.20365870188375945,-0.7035943754235509,-1.4091908386714882,-0.23474969393992773,-0.8675568366699364,-0.007603130653782391,-0.08470086902554524,-0.08391591623005151,0.4061538461538462,10.235076923076925,-0.019898111505598188,0.00040615384615384624,0.0,0.5,0.5,0.5,0.0,1.0,0.38461538461538464,50,75,0.27231441746528634,50.0,0.02
20,10,equal_weight,regime_dd_vol_target_25pct_max_1p25,0.25,1.25,2023,25,0.6197725757644497,2.300553568038878,5.80318097395547,-0.1171738676213907,5.289341286975723,0.020234861264316534,0.06177551873293561,0.057163221451042814,0.5919291599509195,14.916614830763173,0.041549143877219794,0.0005919291599509196,0.0,0.519433546444489,0.5,0.6315458948826441,0.0,1.0,0.64,50,75,0.22165035013527637,50.0,0.02
20,10,equal_weight,regime_dd_vol_target_25pct_max_1p25,0.25,1.25,2024,26,0.39573848689218427,1.550819358170865,2.024353798773643,-0.09921955206940203,3.9885131371624554,0.014353084064976164,-0.017673314871082705,-0.00026514577724847207,0.753509324893056,18.98843498730501,0.020841027033389584,0.0007535093248930561,0.0,0.6652412531378229,0.5838520008308069,0.8046827960689608,0.0,1.0,0.7692307692307693,50,75,0.23323007707616486,50.0,0.02
20,10,equal_weight,regime_dd_vol_target_25pct_max_1p25,0.25,1.25,2025,25,0.7088171522385187,2.108908210153267,2.4010146158684256,-0.19534546871445002,3.628531324034169,0.022936558683033223,0.09019189801549282,0.10917532406885332,0.5564913239869892,14.023581364472127,0.05054466001347294,0.0005564913239869893,0.0,0.5687625704953365,0.5,0.7505261096109844,0.0,1.0,0.72,50,75,0.274076072173113,50.0,0.02
20,10,equal_weight,regime_dd_vol_target_25pct_max_1p25,0.25,1.25,2026,11,0.778006390978949,1.9558822573687273,4.937596722800008,-0.08488491382322694,9.16542593892655,0.02487133701078106,0.027895204049558718,0.04338840353177768,0.6116854360585612,15.414472988675742,0.05047246127392822,0.0006116854360585611,0.0,0.5869969388194036,0.5224458046666494,0.65,0.0,1.0,0.6363636363636364,50,75,0.3204475577762373,50.0,0.019999999999999997
20,10,equal_weight,vol_target_25pct_max_1p50,0.25,1.5,2021,26,-0.029468809820547115,0.04876167558013215,0.06878658570539986,-0.24188010706306684,-0.12183230021832071,0.0005837275705057449,-0.04151941140090673,-0.054243463635006,0.6237846528861913,15.719373252732021,-0.001874680965122159,0.0006237846528861912,0.0,0.801748574673691,0.6265986218418997,1.0,0.0,0.7692307692307693,0.5769230769230769,50,75,0.30167000214279566,50.0,0.02
20,10,equal_weight,vol_target_25pct_max_1p50,0.25,1.5,2022,26,-0.24498431717230407,-0.7832427638544887,-1.417643950968833,-0.25570378310643516,-0.9580785790342837,-0.009368248487600945,-0.08470086902554524,-0.08391591623005151,0.45185338311428,11.386705254479857,-0.0215149432339895,0.00045185338311428015,0.0,0.5397801455525719,0.5,0.6561442383370071,0.0,1.0,0.38461538461538464,50,75,0.3014133966916583,50.0,0.02
20,10,equal_weight,vol_target_25pct_max_1p50,0.25,1.5,2023,25,0.6301966589474954,2.308429594696057,5.882746133025423,-0.11717386762139048,5.3783038124488,0.020512293583329046,0.06177551873293561,0.057163221451042814,0.5949590237521459,14.992967398554077,0.042032817266598715,0.0005949590237521459,0.0,0.521045123087897,0.5,0.6315458948826441,0.0,1.0,0.64,50,75,0.2239227046332993,50.0,0.02
20,10,equal_weight,vol_target_25pct_max_1p50,0.25,1.5,2024,26,0.38099615215887805,1.3838609139289357,1.5136886393923457,-0.13399782623520562,2.8433009912423333,0.014181847678214628,-0.017673314871082705,-0.00026514577724847207,0.8101572245359129,20.415962058305006,0.018661680065372804,0.0008101572245359129,0.0,0.7097850149100403,0.5838520008308069,0.8778262684739374,0.0,1.0,0.7692307692307693,50,75,0.2582503471944732,50.0,0.02
20,10,equal_weight,vol_target_25pct_max_1p50,0.25,1.5,2025,25,0.6628967926794289,1.9193165141440436,1.9639927255097056,-0.21679932405257885,3.057651565918449,0.02202280700848789,0.09019189801549282,0.10917532406885332,0.5597667796353268,14.106122846810235,0.04699355023902456,0.0005597667796353268,0.0,0.5728933458378577,0.5,0.7532693835630302,0.0,1.0,0.72,50,75,0.289152275054225,50.0,0.02
20,10,equal_weight,vol_target_25pct_max_1p50,0.25,1.5,2026,11,0.775543484187492,1.9490720937248487,4.875243652120115,-0.08543253124573413,9.07784742976601,0.024820744212052923,0.027895204049558718,0.04338840353177768,0.6145788439931827,15.487386868628205,0.050075812709144636,0.0006145788439931828,0.0,0.5887425886963005,0.5224458046666494,0.6617285009062148,0.0,1.0,0.6363636363636364,50,75,0.3209130930341222,50.0,0.019999999999999997
20,10,equal_weight,regime_dd_vol_target_25pct_max_1p50,0.25,1.5,2021,26,-0.07143859107790518,-0.16038205523988375,-0.20814485172493272,-0.20876043331466598,-0.34220369225918074,-0.0016377035796102401,-0.04151941140090673,-0.054243463635006,0.5250552103422993,13.231391300625942,-0.005399174542931521,0.0005250552103422993,0.0,0.6803525061588919,0.6265986218418997,1.0,0.0,0.9615384615384616,0.5769230769230769,50,75,0.2573238642219059,50.0,0.02
20,10,equal_weight,regime_dd_vol_target_25pct_max_1p50,0.25,1.5,2022,26,-0.20365870188375945,-0.7035943754235509,-1.4091908386714882,-0.23474969393992773,-0.8675568366699364,-0.007603130653782391,-0.08470086902554524,-0.08391591623005151,0.4061538461538462,10.235076923076925,-0.019898111505598188,0.00040615384615384624,0.0,0.5,0.5,0.5,0.0,1.0,0.38461538461538464,50,75,0.27231441746528634,50.0,0.02
20,10,equal_weight,regime_dd_vol_target_25pct_max_1p50,0.25,1.5,2023,25,0.6197725757644497,2.300553568038878,5.80318097395547,-0.1171738676213907,5.289341286975723,0.020234861264316534,0.06177551873293561,0.057163221451042814,0.5919291599509195,14.916614830763173,0.041549143877219794,0.0005919291599509196,0.0,0.519433546444489,0.5,0.6315458948826441,0.0,1.0,0.64,50,75,0.22165035013527637,50.0,0.02
20,10,equal_weight,regime_dd_vol_target_25pct_max_1p50,0.25,1.5,2024,26,0.39573848689218427,1.550819358170865,2.024353798773643,-0.09921955206940203,3.9885131371624554,0.014353084064976164,-0.017673314871082705,-0.00026514577724847207,0.753509324893056,18.98843498730501,0.020841027033389584,0.0007535093248930561,0.0,0.6652412531378229,0.5838520008308069,0.8046827960689608,0.0,1.0,0.7692307692307693,50,75,0.23323007707616486,50.0,0.02
20,10,equal_weight,regime_dd_vol_target_25pct_max_1p50,0.25,1.5,2025,25,0.7088171522385187,2.108908210153267,2.4010146158684256,-0.19534546871445002,3.628531324034169,0.022936558683033223,0.09019189801549282,0.10917532406885332,0.5564913239869892,14.023581364472127,0.05054466001347294,0.0005564913239869893,0.0,0.5687625704953365,0.5,0.7505261096109844,0.0,1.0,0.72,50,75,0.274076072173113,50.0,0.02
20,10,equal_weight,regime_dd_vol_target_25pct_max_1p50,0.25,1.5,2026,11,0.778006390978949,1.9558822573687273,4.937596722800008,-0.08488491382322694,9.16542593892655,0.02487133701078106,0.027895204049558718,0.04338840353177768,0.6116854360585612,15.414472988675742,0.05047246127392822,0.0006116854360585611,0.0,0.5869969388194036,0.5224458046666494,0.65,0.0,1.0,0.6363636363636364,50,75,0.3204475577762373,50.0,0.019999999999999997
20,10,equal_weight,vol_target_30pct_max_1p25,0.3,1.25,2021,26,-0.06633352268476389,-0.02615704648112158,-0.035088689708389596,-0.28554828450621683,-0.2323022980140499,-0.00035931228072126034,-0.04151941140090673,-0.054243463635006,0.7014646603865066,17.676909441739966,-0.0037525520455590784,0.0007014646603865065,1.4803777317061564e-06,0.915944443454583,0.7519183462102796,1.0193988697962775,0.038461538461538464,0.7307692307692307,0.5769230769230769,50,75,0.3461655917731698,50.0,0.02
20,10,equal_weight,vol_target_30pct_max_1p25,0.3,1.25,2022,26,-0.28742164684060634,-0.7612693453423659,-1.3652341670660426,-0.29594567982500486,-0.9711973055682419,-0.01089389899662742,-0.08470086902554524,-0.08391591623005151,0.5372275992468761,13.538135501021278,-0.021230519285238655,0.0005372275992468762,0.0,0.6373737662846237,0.5423830797316749,0.7873730860044085,0.0,1.0,0.38461538461538464,50,75,0.3606164577552354,50.0,0.02
20,10,equal_weight,vol_target_30pct_max_1p25,0.3,1.25,2023,25,0.7522683998459074,2.2931156160016823,5.867550654684298,-0.13693288410082693,5.493701566177444,0.023767237883962938,0.06177551873293561,0.057163221451042814,0.6948288052422056,17.50968589210358,0.04296298657105901,0.0006948288052422057,0.0,0.6059201913206719,0.5240163708751414,0.757855073859173,0.0,1.0,0.64,50,75,0.2611880493492861,50.0,0.02
20,10,equal_weight,vol_target_30pct_max_1p25,0.3,1.25,2024,26,0.4606502751917101,1.3832320045899356,1.5123105521716176,-0.16090332704210542,2.8629008713484616,0.017013794374739582,-0.017673314871082705,-0.00026514577724847207,0.9721886694430952,24.499154469965998,0.018802700956738343,0.0009721886694430953,4.42283911797046e-06,0.8517420178920484,0.7006224009969683,1.053391522168725,0.07692307692307693,0.9230769230769231,0.7692307692307693,50,75,0.30996074181390953,50.0,0.02
20,10,equal_weight,vol_target_30pct_max_1p25,0.3,1.25,2025,25,0.8202549189472719,1.9198029467709077,1.9633624091069246,-0.25759410827807017,3.1842922356819403,0.026427065253147655,0.09019189801549282,0.10917532406885332,0.6716533522523369,16.92566447675889,0.04846219893308101,0.000671653352252337,0.0,0.6869957086234111,0.5919876430086538,0.9039232602756362,0.0,1.0,0.72,50,75,0.3468908335094826,50.0,0.02
20,10,equal_weight,vol_target_30pct_max_1p25,0.3,1.25,2026,11,0.9687704809859241,1.949072093724848,4.875243652120114,-0.10233546641923441,9.466615191034487,0.0297848930544635,0.027895204049558718,0.04338840353177768,0.7374946127918193,18.584864242353845,0.052126852709429614,0.0007374946127918193,0.0,0.7064911064355605,0.6269349655999792,0.7940742010874577,0.0,1.0,0.6363636363636364,50,75,0.38509571164094664,50.0,0.019999999999999997
20,10,equal_weight,regime_dd_vol_target_30pct_max_1p25,0.3,1.25,2021,26,-0.09535626093254768,-0.23469520467947105,-0.28626863456018287,-0.20876043331466632,-0.45677363003369703,-0.002519135842309163,-0.04151941140090673,-0.054243463635006,0.5383109784690007,13.565436657418816,-0.007029354331944648,0.0005383109784690007,1.4803777317061564e-06,0.699933758734282,0.65,1.0193988697962775,0.038461538461538464,0.9230769230769231,0.5769230769230769,50,75,0.2704879433428993,50.0,0.02
20,10,equal_weight,regime_dd_vol_target_30pct_max_1p25,0.3,1.25,2022,26,-0.20365870188375945,-0.7035943754235509,-1.4091908386714882,-0.23474969393992773,-0.8675568366699364,-0.007603130653782391,-0.08470086902554524,-0.08391591623005151,0.4061538461538462,10.235076923076925,-0.019898111505598188,0.00040615384615384624,0.0,0.5,0.5,0.5,0.0,1.0,0.38461538461538464,50,75,0.27231441746528634,50.0,0.02
20,10,equal_weight,regime_dd_vol_target_30pct_max_1p25,0.3,1.25,2023,25,0.6732019318211786,2.2541528516387785,5.696715616896902,-0.13693288410082727,4.916291190693701,0.021727904689027147,0.06177551873293561,0.057163221451042814,0.6542184614437333,16.48630522838208,0.04083400874213008,0.0006542184614437335,0.0,0.5714068068424377,0.5,0.75,0.0,1.0,0.64,50,75,0.24290420135680593,50.0,0.02
20,10,equal_weight,regime_dd_vol_target_30pct_max_1p25,0.3,1.25,2024,26,0.4618513269380613,1.6080531845921855,2.24490552230652,-0.09921955206940203,4.654841886556854,0.016430776441099908,-0.017673314871082705,-0.00026514577724847207,0.8254233039509928,20.800667259565017,0.0222036784289063,0.0008254233039509927,0.0,0.7262161584685869,0.65,0.9656193552827529,0.0,1.0,0.7692307692307693,50,75,0.2574887262952844,50.0,0.02
20,10,equal_weight,regime_dd_vol_target_30pct_max_1p25,0.3,1.25,2025,25,0.8915462840787598,2.2676857357288562,2.913133939450454,-0.2032415697827038,4.386633526950016,0.02737595461583689,0.09019189801549282,0.10917532406885332,0.6533903177138037,16.465436006387854,0.05414653360730196,0.0006533903177138038,0.0,0.661972532221698,0.5,0.9006313315331813,0.0,1.0,0.72,50,75,0.3042194275201706,50.0,0.02
20,10,equal_weight,regime_dd_vol_target_30pct_max_1p25,0.3,1.25,2026,11,0.9217314926039957,2.0675068152720577,5.6618402816984625,-0.08621896232400938,10.690589027737825,0.02830979241588232,0.027895204049558718,0.04338840353177768,0.6592733062089398,16.61368731646528,0.05548024800554045,0.0006592733062089396,0.0,0.6457587600488208,0.6269349655999792,0.65,0.0,1.0,0.6363636363636364,50,75,0.34505655004883706,50.0,0.019999999999999997
20,10,equal_weight,vol_target_30pct_max_1p50,0.3,1.5,2021,26,-0.06633352268476389,-0.02615704648112158,-0.035088689708389596,-0.28554828450621683,-0.2323022980140499,-0.00035931228072126034,-0.04151941140090673,-0.054243463635006,0.7014646603865066,17.676909441739966,-0.0037525520455590784,0.0007014646603865065,1.4803777317061564e-06,0.915944443454583,0.7519183462102796,1.0193988697962775,0.038461538461538464,0.7307692307692307,0.5769230769230769,50,75,0.3461655917731698,50.0,0.02
20,10,equal_weight,vol_target_30pct_max_1p50,0.3,1.5,2022,26,-0.28742164684060634,-0.7612693453423659,-1.3652341670660426,-0.29594567982500486,-0.9711973055682419,-0.01089389899662742,-0.08470086902554524,-0.08391591623005151,0.5372275992468761,13.538135501021278,-0.021230519285238655,0.0005372275992468762,0.0,0.6373737662846237,0.5423830797316749,0.7873730860044085,0.0,1.0,0.38461538461538464,50,75,0.3606164577552354,50.0,0.02
20,10,equal_weight,vol_target_30pct_max_1p50,0.3,1.5,2023,25,0.7522683998459074,2.2931156160016823,5.867550654684298,-0.13693288410082693,5.493701566177444,0.023767237883962938,0.06177551873293561,0.057163221451042814,0.6948288052422056,17.50968589210358,0.04296298657105901,0.0006948288052422057,0.0,0.6059201913206719,0.5240163708751414,0.757855073859173,0.0,1.0,0.64,50,75,0.2611880493492861,50.0,0.02
20,10,equal_weight,vol_target_30pct_max_1p50,0.3,1.5,2024,26,0.4606502751917101,1.3832320045899356,1.5123105521716176,-0.16090332704210542,2.8629008713484616,0.017013794374739582,-0.017673314871082705,-0.00026514577724847207,0.9721886694430952,24.499154469965998,0.018802700956738343,0.0009721886694430953,4.42283911797046e-06,0.8517420178920484,0.7006224009969683,1.053391522168725,0.07692307692307693,0.9230769230769231,0.7692307692307693,50,75,0.30996074181390953,50.0,0.02
20,10,equal_weight,vol_target_30pct_max_1p50,0.3,1.5,2025,25,0.8202549189472719,1.9198029467709077,1.9633624091069246,-0.25759410827807017,3.1842922356819403,0.026427065253147655,0.09019189801549282,0.10917532406885332,0.6716533522523369,16.92566447675889,0.04846219893308101,0.000671653352252337,0.0,0.6869957086234111,0.5919876430086538,0.9039232602756362,0.0,1.0,0.72,50,75,0.3468908335094826,50.0,0.02
20,10,equal_weight,vol_target_30pct_max_1p50,0.3,1.5,2026,11,0.9687704809859241,1.949072093724848,4.875243652120114,-0.10233546641923441,9.466615191034487,0.0297848930544635,0.027895204049558718,0.04338840353177768,0.7374946127918193,18.584864242353845,0.052126852709429614,0.0007374946127918193,0.0,0.7064911064355605,0.6269349655999792,0.7940742010874577,0.0,1.0,0.6363636363636364,50,75,0.38509571164094664,50.0,0.019999999999999997
20,10,equal_weight,regime_dd_vol_target_30pct_max_1p50,0.3,1.5,2021,26,-0.09535626093254768,-0.23469520467947105,-0.28626863456018287,-0.20876043331466632,-0.45677363003369703,-0.002519135842309163,-0.04151941140090673,-0.054243463635006,0.5383109784690007,13.565436657418816,-0.007029354331944648,0.0005383109784690007,1.4803777317061564e-06,0.699933758734282,0.65,1.0193988697962775,0.038461538461538464,0.9230769230769231,0.5769230769230769,50,75,0.2704879433428993,50.0,0.02
20,10,equal_weight,regime_dd_vol_target_30pct_max_1p50,0.3,1.5,2022,26,-0.20365870188375945,-0.7035943754235509,-1.4091908386714882,-0.23474969393992773,-0.8675568366699364,-0.007603130653782391,-0.08470086902554524,-0.08391591623005151,0.4061538461538462,10.235076923076925,-0.019898111505598188,0.00040615384615384624,0.0,0.5,0.5,0.5,0.0,1.0,0.38461538461538464,50,75,0.27231441746528634,50.0,0.02
20,10,equal_weight,regime_dd_vol_target_30pct_max_1p50,0.3,1.5,2023,25,0.6732019318211786,2.2541528516387785,5.696715616896902,-0.13693288410082727,4.916291190693701,0.021727904689027147,0.06177551873293561,0.057163221451042814,0.6542184614437333,16.48630522838208,0.04083400874213008,0.0006542184614437335,0.0,0.5714068068424377,0.5,0.75,0.0,1.0,0.64,50,75,0.24290420135680593,50.0,0.02
20,10,equal_weight,regime_dd_vol_target_30pct_max_1p50,0.3,1.5,2024,26,0.4618513269380613,1.6080531845921855,2.24490552230652,-0.09921955206940203,4.654841886556854,0.016430776441099908,-0.017673314871082705,-0.00026514577724847207,0.8254233039509928,20.800667259565017,0.0222036784289063,0.0008254233039509927,0.0,0.7262161584685869,0.65,0.9656193552827529,0.0,1.0,0.7692307692307693,50,75,0.2574887262952844,50.0,0.02
20,10,equal_weight,regime_dd_vol_target_30pct_max_1p50,0.3,1.5,2025,25,0.8915462840787598,2.2676857357288562,2.913133939450454,-0.2032415697827038,4.386633526950016,0.02737595461583689,0.09019189801549282,0.10917532406885332,0.6533903177138037,16.465436006387854,0.05414653360730196,0.0006533903177138038,0.0,0.661972532221698,0.5,0.9006313315331813,0.0,1.0,0.72,50,75,0.3042194275201706,50.0,0.02
20,10,equal_weight,regime_dd_vol_target_30pct_max_1p50,0.3,1.5,2026,11,0.9217314926039957,2.0675068152720577,5.6618402816984625,-0.08621896232400938,10.690589027737825,0.02830979241588232,0.027895204049558718,0.04338840353177768,0.6592733062089398,16.61368731646528,0.05548024800554045,0.0006592733062089396,0.0,0.6457587600488208,0.6269349655999792,0.65,0.0,1.0,0.6363636363636364,50,75,0.34505655004883706,50.0,0.019999999999999997
20,10,buffer_inverse_volatility,static_1x,,1.0,2021,26,-0.04045186751686236,0.06461402198729561,0.0944378658029734,-0.27822389739358167,-0.1453932171025491,0.0009259447004404974,-0.04151941140090673,-0.054243463635006,0.6229102003822491,15.697337049632676,-0.0025769891663126997,0.000622910200382249,0.0,1.0,1.0,1.0,0.0,0.0,0.5769230769230769,50,75,0.361126048703305,47.05325104058915,0.029820482456461888
20,10,buffer_inverse_volatility,static_1x,,1.0,2022,26,-0.4203480582403988,-0.7838429221733818,-1.5264414779335038,-0.4328186256036709,-0.9711875445612377,-0.01627640066896349,-0.08470086902554524,-0.08391591623005151,0.6327230636301973,15.94462120348097,-0.026363000592866385,0.0006327230636301972,0.0,1.0,1.0,1.0,0.0,0.0,0.4230769230769231,50,75,0.5232748619080515,47.34956897606189,0.029436232812453073
20,10,buffer_inverse_volatility,static_1x,,1.0,2023,25,1.0518416418502268,2.232367634228101,4.859155741035352,-0.18465977928554322,5.696105811020939,0.03122862715731659,0.06177551873293561,0.057163221451042814,1.1357614419284388,28.621188336596656,0.03675045317756017,0.0011357614419284388,0.0,1.0,1.0,1.0,0.0,0.0,0.64,50,75,0.3525232100206874,42.012151803816465,0.038962879578048316
20,10,buffer_inverse_volatility,static_1x,,1.0,2024,26,0.5074066780529951,1.5201893555794956,2.079243634582828,-0.12926899468471242,3.9252001556178415,0.01815839225887487,-0.017673314871082705,-0.00026514577724847207,1.0533188793340673,26.543635759218496,0.019115944878680565,0.0010533188793340675,0.0,1.0,1.0,1.0,0.0,0.0,0.7307692307692307,50,75,0.3010095309799173,43.3606934574876,0.038616931409802414
20,10,buffer_inverse_volatility,static_1x,,1.0,2025,25,1.5672190390696166,2.334826905548432,3.2771469306794345,-0.30536085183936656,5.132350887906363,0.0420579253157958,0.09019189801549282,0.10917532406885332,0.9287170302042166,23.403669161146258,0.0669646724314256,0.0009287170302042166,0.0,1.0,1.0,1.0,0.0,0.0,0.68,50,75,0.4539350285194275,43.732877433993565,0.04475644217909025
20,10,buffer_inverse_volatility,static_1x,,1.0,2026,11,1.3324902418114801,1.782156041536245,5.4894548158789,-0.17612098821238287,7.565766325389005,0.03936822729610132,0.027895204049558718,0.04338840353177768,0.8400421007596038,21.169060939142017,0.06294517483048476,0.0008400421007596039,0.0,1.0,1.0,1.0,0.0,0.0,0.5454545454545454,50,75,0.5566736608577587,47.64350221276827,0.0321040370261289
20,10,buffer_inverse_volatility,legacy_risk_scaled,,1.0,2021,26,-0.11652678889197177,-0.4546563858141414,-0.4822986050911919,-0.20248241819179347,-0.5754908990744884,-0.003944080483621987,-0.04151941140090673,-0.054243463635006,0.35343418364565893,8.906541427870605,-0.013083281522424944,0.0003534341836456589,0.0,0.5346153846153846,0.45,1.0,0.0,0.8461538461538461,0.5769230769230769,50,75,0.21860647136693678,47.05325104058915,0.029820482456461888
20,10,buffer_inverse_volatility,legacy_risk_scaled,,1.0,2022,26,-0.19088774339472725,-0.7838429221733817,-1.526441477933504,-0.20847832704770752,-0.915623921670501,-0.00732438030103357,-0.08470086902554524,-0.08391591623005151,0.28472537863358877,7.175079541566436,-0.02660426860620605,0.0002847253786335888,0.0,0.44999999999999996,0.45,0.45,0.0,1.0,0.4230769230769231,50,75,0.23547368785862322,47.34956897606189,0.029436232812453073
20,10,buffer_inverse_volatility,legacy_risk_scaled,,1.0,2023,25,0.4947026034050903,2.34134407533951,5.766304229980696,-0.08606800376599177,5.747810821198146,0.01667639370124617,0.06177551873293561,0.057163221451042814,0.5472902527842607,13.791714370163369,0.0358695511034739,0.0005472902527842607,0.0,0.486,0.45,0.75,0.0,1.0,0.64,50,75,0.17948883536498803,42.012151803816465,0.038962879578048316
20,10,buffer_inverse_volatility,legacy_risk_scaled,,1.0,2024,26,0.4073323222690397,1.7661414550257555,3.256967847868613,-0.05820263143433557,6.998520723733833,0.014446018275181115,-0.017673314871082705,-0.00026514577724847207,0.692662735700366,17.45510093964922,0.023336004969400394,0.000692662735700366,0.0,0.6423076923076922,0.45,1.0,0.0,0.6923076923076923,0.7307692307692307,50,75,0.2061214629771857,43.3606934574876,0.038616931409802414
20,10,buffer_inverse_volatility,legacy_risk_scaled,,1.0,2025,25,0.984936306737985,2.5153181711169377,4.9474409373311286,-0.1594584745194373,6.176757363986482,0.0291090932443076,0.09019189801549282,0.10917532406885332,0.6081402953898571,15.325135443824399,0.0642693378044425,0.0006081402953898572,0.0,0.594,0.45,1.0,0.0,0.76,0.68,50,75,0.2916327477691683,43.732877433993565,0.04475644217909025
20,10,buffer_inverse_volatility,legacy_risk_scaled,,1.0,2026,11,0.5150830647156794,1.782156041536245,5.4894548158789,-0.08169848325939455,6.30468332050032,0.017715702283245597,0.027895204049558718,0.04338840353177768,0.37801894534182173,9.526077422613907,0.05407084593842649,0.0003780189453418218,0.0,0.45,0.45,0.45,0.0,1.0,0.5454545454545454,50,75,0.25050314738599144,47.64350221276827,0.0321040370261289
20,10,buffer_inverse_volatility,vol_target_20pct_max_1p25,0.2,1.25,2021,26,0.0023009111945841987,0.13134332129928988,0.2054151064336753,-0.17417758053303878,0.01321014557408984,0.0013168236545618866,-0.04151941140090673,-0.054243463635006,0.44312070259026876,11.166641705274772,0.0002060522093672371,0.00044312070259026865,0.0,0.6764807474670972,0.5,1.0,0.0,0.7692307692307693,0.5769230769230769,50,75,0.25265050226150293,47.05325104058915,0.029820482456461888
20,10,buffer_inverse_volatility,vol_target_20pct_max_1p25,0.2,1.25,2022,26,-0.21621649166724888,-0.7843651068862629,-1.4994619727535374,-0.2304646912741407,-0.9381762146378275,-0.00828417839378595,-0.08470086902554524,-0.08391591623005151,0.3221349866098828,8.117801662569047,-0.026634857644307446,0.00032213498660988284,0.0,0.5051301408479568,0.5,0.5476098822875324,0.0,1.0,0.4230769230769231,50,75,0.2661532157545063,47.34956897606189,0.029436232812453073
20,10,buffer_inverse_volatility,vol_target_20pct_max_1p25,0.2,1.25,2023,25,0.49579525528800783,2.3079991893686698,5.206684940770834,-0.09532841554919946,5.200917821109965,0.016731056937300627,0.06177551873293561,0.057163221451042814,0.5856928315573903,14.759459355246234,0.03359169488222331,0.0005856928315573903,0.0,0.5163831937099906,0.5,0.6121326163820101,0.0,1.0,0.64,50,75,0.18267884874574264,42.012151803816465,0.038962879578048316
20,10,buffer_inverse_volatility,vol_target_20pct_max_1p25,0.2,1.25,2024,26,0.29741051679602126,1.3567850289985937,1.6146587998868178,-0.10633225488692988,2.7969924752585897,0.011224866242795218,-0.017673314871082705,-0.00026514577724847207,0.6985270544894379,17.602881773133834,0.016895558388055537,0.0006985270544894377,0.0,0.6614627122860866,0.5778365686721074,0.822834459032121,0.0,1.0,0.7307692307692307,50,75,0.2084830118793511,43.3606934574876,0.038616931409802414
20,10,buffer_inverse_volatility,vol_target_20pct_max_1p25,0.2,1.25,2025,25,0.611876051660946,2.053284266667124,2.306778136550774,-0.19335631942249298,3.164499890608525,0.020337502025415673,0.09019189801549282,0.10917532406885332,0.4942384583368858,12.454809150089522,0.049127693912238556,0.0004942384583368858,0.0,0.5251524269945071,0.5,0.668007257726695,0.0,1.0,0.68,50,75,0.249602580295601,43.732877433993565,0.04475644217909025
20,10,buffer_inverse_volatility,vol_target_20pct_max_1p25,0.2,1.25,2026,11,0.5673489435416446,1.730248171383344,5.093091467998242,-0.09500566317446368,5.971738153122442,0.019374265349181338,0.027895204049558718,0.04338840353177768,0.4297763029656151,10.8303628347335,0.052385035681549744,0.0004297763029656152,0.0,0.5090068298208805,0.5,0.5454933282902731,0.0,1.0,0.5454545454545454,50,75,0.2821742538869587,47.64350221276827,0.0321040370261289
20,10,buffer_inverse_volatility,regime_dd_vol_target_20pct_max_1p25,0.2,1.25,2021,26,-0.05178052732096394,-0.12347311618740535,-0.17086091681129906,-0.1741775805330389,-0.29728583416131416,-0.0011090831247916033,-0.04151941140090673,-0.054243463635006,0.4025214821311334,10.143541349704561,-0.005104778058845503,0.00040252148213113333,0.0,0.6091730551594048,0.5,1.0,0.0,0.9615384615384616,0.5769230769230769,50,75,0.2263561138469046,47.05325104058915,0.029820482456461888
20,10,buffer_inverse_volatility,regime_dd_vol_target_20pct_max_1p25,0.2,1.25,2022,26,-0.21858158550639495,-0.8035229956716851,-1.5197106327274332,-0.23039733890067626,-0.9487157557866801,-0.008422358447013101,-0.08470086902554524,-0.08391591623005151,0.3189242623376774,8.03689141090947,-0.02719727993458852,0.00031892426233767735,0.0,0.5015174828892601,0.5,0.5394545551207645,0.0,1.0,0.4230769230769231,50,75,0.2641410812235816,47.34956897606189,0.029436232812453073
20,10,buffer_inverse_volatility,regime_dd_vol_target_20pct_max_1p25,0.2,1.25,2023,25,0.4933416816883227,2.299229394331039,5.186006345299427,-0.09532841554919946,5.175179707394871,0.016664608753446376,0.06177551873293561,0.057163221451042814,0.5834029895924714,14.701755337730278,0.0335566515939917,0.0005834029895924715,0.0,0.5146633536164721,0.5,0.6121326163820101,0.0,1.0,0.64,50,75,0.18264734333262675,42.012151803816465,0.038962879578048316
20,10,buffer_inverse_volatility,regime_dd_vol_target_20pct_max_1p25,0.2,1.25,2024,26,0.31626923531769635,1.5114586061650415,2.073805300093271,-0.08405387814289722,3.7626965263877232,0.011690782328635648,-0.017673314871082705,-0.00026514577724847207,0.6712804469833438,16.916267263980263,0.01869615976044119,0.0006712804469833436,0.0,0.636157229065142,0.5778365686721074,0.6997552981283016,0.0,1.0,0.7307692307692307,50,75,0.19491616474308465,43.3606934574876,0.038616931409802414
20,10,buffer_inverse_volatility,regime_dd_vol_target_20pct_max_1p25,0.2,1.25,2025,25,0.6190052552422125,2.089713987220586,2.393743610362005,-0.18981697386500795,3.2610637638888407,0.02048839225642076,0.09019189801549282,0.10917532406885332,0.49346008493816923,12.435194140441864,0.049778495474314906,0.0004934600849381692,0.0,0.5244376115830377,0.5,0.668007257726695,0.0,1.0,0.68,50,75,0.24707088530737908,43.732877433993565,0.04475644217909025
20,10,buffer_inverse_volatility,regime_dd_vol_target_20pct_max_1p25,0.2,1.25,2026,11,0.5673489435416446,1.730248171383344,5.093091467998242,-0.09500566317446368,5.971738153122442,0.019374265349181338,0.027895204049558718,0.04338840353177768,0.4297763029656151,10.8303628347335,0.052385035681549744,0.0004297763029656152,0.0,0.5090068298208805,0.5,0.5454933282902731,0.0,1.0,0.5454545454545454,50,75,0.2821742538869587,47.64350221276827,0.0321040370261289
20,10,buffer_inverse_volatility,vol_target_20pct_max_1p50,0.2,1.5,2021,26,0.0023009111945841987,0.13134332129928988,0.2054151064336753,-0.17417758053303878,0.01321014557408984,0.0013168236545618866,-0.04151941140090673,-0.054243463635006,0.44312070259026876,11.166641705274772,0.0002060522093672371,0.00044312070259026865,0.0,0.6764807474670972,0.5,1.0,0.0,0.7692307692307693,0.5769230769230769,50,75,0.25265050226150293,47.05325104058915,0.029820482456461888
20,10,buffer_inverse_volatility,vol_target_20pct_max_1p50,0.2,1.5,2022,26,-0.21621649166724888,-0.7843651068862629,-1.4994619727535374,-0.2304646912741407,-0.9381762146378275,-0.00828417839378595,-0.08470086902554524,-0.08391591623005151,0.3221349866098828,8.117801662569047,-0.026634857644307446,0.00032213498660988284,0.0,0.5051301408479568,0.5,0.5476098822875324,0.0,1.0,0.4230769230769231,50,75,0.2661532157545063,47.34956897606189,0.029436232812453073
20,10,buffer_inverse_volatility,vol_target_20pct_max_1p50,0.2,1.5,2023,25,0.49579525528800783,2.3079991893686698,5.206684940770834,-0.09532841554919946,5.200917821109965,0.016731056937300627,0.06177551873293561,0.057163221451042814,0.5856928315573903,14.759459355246234,0.03359169488222331,0.0005856928315573903,0.0,0.5163831937099906,0.5,0.6121326163820101,0.0,1.0,0.64,50,75,0.18267884874574264,42.012151803816465,0.038962879578048316
20,10,buffer_inverse_volatility,vol_target_20pct_max_1p50,0.2,1.5,2024,26,0.29741051679602126,1.3567850289985937,1.6146587998868178,-0.10633225488692988,2.7969924752585897,0.011224866242795218,-0.017673314871082705,-0.00026514577724847207,0.6985270544894379,17.602881773133834,0.016895558388055537,0.0006985270544894377,0.0,0.6614627122860866,0.5778365686721074,0.822834459032121,0.0,1.0,0.7307692307692307,50,75,0.2084830118793511,43.3606934574876,0.038616931409802414
20,10,buffer_inverse_volatility,vol_target_20pct_max_1p50,0.2,1.5,2025,25,0.611876051660946,2.053284266667124,2.306778136550774,-0.19335631942249298,3.164499890608525,0.020337502025415673,0.09019189801549282,0.10917532406885332,0.4942384583368858,12.454809150089522,0.049127693912238556,0.0004942384583368858,0.0,0.5251524269945071,0.5,0.668007257726695,0.0,1.0,0.68,50,75,0.249602580295601,43.732877433993565,0.04475644217909025
20,10,buffer_inverse_volatility,vol_target_20pct_max_1p50,0.2,1.5,2026,11,0.5673489435416446,1.730248171383344,5.093091467998242,-0.09500566317446368,5.971738153122442,0.019374265349181338,0.027895204049558718,0.04338840353177768,0.4297763029656151,10.8303628347335,0.052385035681549744,0.0004297763029656152,0.0,0.5090068298208805,0.5,0.5454933282902731,0.0,1.0,0.5454545454545454,50,75,0.2821742538869587,47.64350221276827,0.0321040370261289
20,10,buffer_inverse_volatility,regime_dd_vol_target_20pct_max_1p50,0.2,1.5,2021,26,-0.05178052732096394,-0.12347311618740535,-0.17086091681129906,-0.1741775805330389,-0.29728583416131416,-0.0011090831247916033,-0.04151941140090673,-0.054243463635006,0.4025214821311334,10.143541349704561,-0.005104778058845503,0.00040252148213113333,0.0,0.6091730551594048,0.5,1.0,0.0,0.9615384615384616,0.5769230769230769,50,75,0.2263561138469046,47.05325104058915,0.029820482456461888
20,10,buffer_inverse_volatility,regime_dd_vol_target_20pct_max_1p50,0.2,1.5,2022,26,-0.21858158550639495,-0.8035229956716851,-1.5197106327274332,-0.23039733890067626,-0.9487157557866801,-0.008422358447013101,-0.08470086902554524,-0.08391591623005151,0.3189242623376774,8.03689141090947,-0.02719727993458852,0.00031892426233767735,0.0,0.5015174828892601,0.5,0.5394545551207645,0.0,1.0,0.4230769230769231,50,75,0.2641410812235816,47.34956897606189,0.029436232812453073
20,10,buffer_inverse_volatility,regime_dd_vol_target_20pct_max_1p50,0.2,1.5,2023,25,0.4933416816883227,2.299229394331039,5.186006345299427,-0.09532841554919946,5.175179707394871,0.016664608753446376,0.06177551873293561,0.057163221451042814,0.5834029895924714,14.701755337730278,0.0335566515939917,0.0005834029895924715,0.0,0.5146633536164721,0.5,0.6121326163820101,0.0,1.0,0.64,50,75,0.18264734333262675,42.012151803816465,0.038962879578048316
20,10,buffer_inverse_volatility,regime_dd_vol_target_20pct_max_1p50,0.2,1.5,2024,26,0.31626923531769635,1.5114586061650415,2.073805300093271,-0.08405387814289722,3.7626965263877232,0.011690782328635648,-0.017673314871082705,-0.00026514577724847207,0.6712804469833438,16.916267263980263,0.01869615976044119,0.0006712804469833436,0.0,0.636157229065142,0.5778365686721074,0.6997552981283016,0.0,1.0,0.7307692307692307,50,75,0.19491616474308465,43.3606934574876,0.038616931409802414
20,10,buffer_inverse_volatility,regime_dd_vol_target_20pct_max_1p50,0.2,1.5,2025,25,0.6190052552422125,2.089713987220586,2.393743610362005,-0.18981697386500795,3.2610637638888407,0.02048839225642076,0.09019189801549282,0.10917532406885332,0.49346008493816923,12.435194140441864,0.049778495474314906,0.0004934600849381692,0.0,0.5244376115830377,0.5,0.668007257726695,0.0,1.0,0.68,50,75,0.24707088530737908,43.732877433993565,0.04475644217909025
20,10,buffer_inverse_volatility,regime_dd_vol_target_20pct_max_1p50,0.2,1.5,2026,11,0.5673489435416446,1.730248171383344,5.093091467998242,-0.09500566317446368,5.971738153122442,0.019374265349181338,0.027895204049558718,0.04338840353177768,0.4297763029656151,10.8303628347335,0.052385035681549744,0.0004297763029656152,0.0,0.5090068298208805,0.5,0.5454933282902731,0.0,1.0,0.5454545454545454,50,75,0.2821742538869587,47.64350221276827,0.0321040370261289
20,10,buffer_inverse_volatility,vol_target_25pct_max_1p25,0.25,1.25,2021,26,-0.029300592608135667,0.04139394623291813,0.060449335534697515,-0.21483519817906682,-0.1363863689771794,0.0004796877271676904,-0.04151941140090673,-0.054243463635006,0.5059817652759998,12.750740484955195,-0.002297952236006051,0.0005059817652759999,0.0,0.7871540065742688,0.6053798782503366,1.0,0.0,0.7692307692307693,0.5769230769230769,50,75,0.29202653587574195,47.05325104058915,0.029820482456461888
20,10,buffer_inverse_volatility,vol_target_25pct_max_1p25,0.25,1.25,2022,26,-0.2626656844899561,-0.8612946065158551,-1.4967708630329772,-0.25987298558020233,-1.0107463994517116,-0.01029343588724541,-0.08470086902554524,-0.08391591623005151,0.358376324350971,9.031083373644469,-0.029084626242793513,0.000358376324350971,0.0,0.5548621847270164,0.5,0.6845123528594154,0.0,1.0,0.4230769230769231,50,75,0.3011682441712925,47.34956897606189,0.029436232812453073
20,10,buffer_inverse_volatility,vol_target_25pct_max_1p25,0.25,1.25,2023,25,0.5957415741516048,2.3506539306921437,5.530071349978577,-0.10962175671137042,5.434519497075456,0.019534441625475452,0.06177551873293561,0.057163221451042814,0.6623257808429284,16.690609677241795,0.03569321826295647,0.0006623257808429285,0.0,0.5852924117701561,0.5,0.7651657704775127,0.0,1.0,0.64,50,75,0.20941744020015504,42.012151803816465,0.038962879578048316
20,10,buffer_inverse_volatility,vol_target_25pct_max_1p25,0.25,1.25,2024,26,0.3748249782375328,1.3563775465689771,1.6137689796315502,-0.13295306007779217,2.819227914109077,0.01402861500562827,-0.017673314871082705,-0.00026514577724847207,0.8731588181117972,22.00360221641729,0.017034709796647254,0.0008731588181117971,2.467797865750754e-06,0.8268283903576081,0.7222957108401342,1.0285430737901513,0.07692307692307693,0.9230769230769231,0.7307692307692307,50,75,0.2606362063690019,43.3606934574876,0.038616931409802414
20,10,buffer_inverse_volatility,vol_target_25pct_max_1p25,0.25,1.25,2025,25,0.7034803830667709,1.9524299882331257,2.079246400511709,-0.23801509031278223,2.9556125291984965,0.02311892494773077,0.09019189801549282,0.10917532406885332,0.5787221807918645,14.583798955954986,0.04823711470456876,0.0005787221807918647,0.0,0.610058634984761,0.5121523828420542,0.8350090721583687,0.0,1.0,0.68,50,75,0.29839580020487355,43.732877433993565,0.04475644217909025
20,10,buffer_inverse_volatility,vol_target_25pct_max_1p25,0.25,1.25,2026,11,0.6632064381746456,1.6640573252249038,4.695349696071417,-0.11797900545632356,5.621393701442653,0.02236840672922401,0.027895204049558718,0.04338840353177768,0.5160184757075199,13.0036655878295,0.05100149905387904,0.0005160184757075198,0.0,0.6006352813596849,0.5139188057707674,0.6818666603628414,0.0,1.0,0.5454545454545454,50,75,0.33874064374570817,47.64350221276827,0.0321040370261289
20,10,buffer_inverse_volatility,regime_dd_vol_target_25pct_max_1p25,0.25,1.25,2021,26,-0.06764725556112361,-0.15364579812174736,-0.20664919279908248,-0.18664288227498238,-0.3624421930082412,-0.001533894111344306,-0.04151941140090673,-0.054243463635006,0.43849298215325955,11.05002315026214,-0.006121910754505416,0.0004384929821532595,0.0,0.6764631034665377,0.6053798782503366,1.0,0.0,0.9615384615384616,0.5769230769230769,50,75,0.25157949048009354,47.05325104058915,0.029820482456461888
20,10,buffer_inverse_volatility,regime_dd_vol_target_25pct_max_1p25,0.25,1.25,2022,26,-0.23603000909358252,-0.8539512201872457,-1.4828935003116572,-0.2303973389006767,-1.0244476356358179,-0.00921938420122982,-0.08470086902554524,-0.08391591623005151,0.3269641393897131,8.23949631262077,-0.028646169636855814,0.0003269641393897131,0.0,0.5057692307692307,0.5,0.65,0.0,1.0,0.4230769230769231,50,75,0.2720629426819589,47.34956897606189,0.029436232812453073
20,10,buffer_inverse_volatility,regime_dd_vol_target_25pct_max_1p25,0.25,1.25,2023,25,0.46266530809066175,2.1630741790787535,4.503140069421239,-0.10879782230135704,4.252523610345195,0.01584344913557439,0.06177551873293561,0.057163221451042814,0.5985297665709832,15.082950117588776,0.030674722417276375,0.0005985297665709832,0.0,0.5306881988659004,0.5,0.7529616689631737,0.0,1.0,0.64,50,75,0.18457754342318305,42.012151803816465,0.038962879578048316
20,10,buffer_inverse_volatility,regime_dd_vol_target_25pct_max_1p25,0.25,1.25,2024,26,0.3848211384143927,1.6140602931401278,2.4325084109590267,-0.08405387814289722,4.578267498379682,0.013898161936240275,-0.017673314871082705,-0.00026514577724847207,0.753307597965599,18.983351468733094,0.020271506801537127,0.000753307597965599,0.0,0.7107353999880769,0.65,0.8746941226603769,0.0,1.0,0.7307692307692307,50,75,0.2169892179875642,43.3606934574876,0.038616931409802414
20,10,buffer_inverse_volatility,regime_dd_vol_target_25pct_max_1p25,0.25,1.25,2025,25,0.7664218124391113,2.2517166977426633,2.864010561302856,-0.20201517952341708,3.7938822926436067,0.024247974778084304,0.09019189801549282,0.10917532406885332,0.5723243455497912,14.422573507854738,0.05314043378053904,0.0005723243455497912,0.0,0.5983771318548569,0.5,0.8350090721583687,0.0,1.0,0.68,50,75,0.2713702683025349,43.732877433993565,0.04475644217909025
20,10,buffer_inverse_volatility,regime_dd_vol_target_25pct_max_1p25,0.25,1.25,2026,11,0.6725485052558215,1.686185318065074,4.8558489363518325,-0.11582955974340137,5.806363304373481,0.02257876695712063,0.027895204049558718,0.04338840353177768,0.5100419089636041,12.853056105882823,0.052325960434265684,0.0005100419089636041,0.0,0.5958574519730445,0.5139188057707674,0.65,0.0,1.0,0.5454545454545454,50,75,0.3374391422007871,47.64350221276827,0.0321040370261289
20,10,buffer_inverse_volatility,vol_target_25pct_max_1p50,0.25,1.5,2021,26,-0.029300592608135667,0.04139394623291813,0.060449335534697515,-0.21483519817906682,-0.1363863689771794,0.0004796877271676904,-0.04151941140090673,-0.054243463635006,0.5059817652759998,12.750740484955195,-0.002297952236006051,0.0005059817652759999,0.0,0.7871540065742688,0.6053798782503366,1.0,0.0,0.7692307692307693,0.5769230769230769,50,75,0.29202653587574195,47.05325104058915,0.029820482456461888
20,10,buffer_inverse_volatility,vol_target_25pct_max_1p50,0.25,1.5,2022,26,-0.2626656844899561,-0.8612946065158551,-1.4967708630329772,-0.25987298558020233,-1.0107463994517116,-0.01029343588724541,-0.08470086902554524,-0.08391591623005151,0.358376324350971,9.031083373644469,-0.029084626242793513,0.000358376324350971,0.0,0.5548621847270164,0.5,0.6845123528594154,0.0,1.0,0.4230769230769231,50,75,0.3011682441712925,47.34956897606189,0.029436232812453073
20,10,buffer_inverse_volatility,vol_target_25pct_max_1p50,0.25,1.5,2023,25,0.5957415741516048,2.3506539306921437,5.530071349978577,-0.10962175671137042,5.434519497075456,0.019534441625475452,0.06177551873293561,0.057163221451042814,0.6623257808429284,16.690609677241795,0.03569321826295647,0.0006623257808429285,0.0,0.5852924117701561,0.5,0.7651657704775127,0.0,1.0,0.64,50,75,0.20941744020015504,42.012151803816465,0.038962879578048316
20,10,buffer_inverse_volatility,vol_target_25pct_max_1p50,0.25,1.5,2024,26,0.3748249782375328,1.3563775465689771,1.6137689796315502,-0.13295306007779217,2.819227914109077,0.01402861500562827,-0.017673314871082705,-0.00026514577724847207,0.8731588181117972,22.00360221641729,0.017034709796647254,0.0008731588181117971,2.467797865750754e-06,0.8268283903576081,0.7222957108401342,1.0285430737901513,0.07692307692307693,0.9230769230769231,0.7307692307692307,50,75,0.2606362063690019,43.3606934574876,0.038616931409802414
20,10,buffer_inverse_volatility,vol_target_25pct_max_1p50,0.25,1.5,2025,25,0.7034803830667709,1.9524299882331257,2.079246400511709,-0.23801509031278223,2.9556125291984965,0.02311892494773077,0.09019189801549282,0.10917532406885332,0.5787221807918645,14.583798955954986,0.04823711470456876,0.0005787221807918647,0.0,0.610058634984761,0.5121523828420542,0.8350090721583687,0.0,1.0,0.68,50,75,0.29839580020487355,43.732877433993565,0.04475644217909025
20,10,buffer_inverse_volatility,vol_target_25pct_max_1p50,0.25,1.5,2026,11,0.6632064381746456,1.6640573252249038,4.695349696071417,-0.11797900545632356,5.621393701442653,0.02236840672922401,0.027895204049558718,0.04338840353177768,0.5160184757075199,13.0036655878295,0.05100149905387904,0.0005160184757075198,0.0,0.6006352813596849,0.5139188057707674,0.6818666603628414,0.0,1.0,0.5454545454545454,50,75,0.33874064374570817,47.64350221276827,0.0321040370261289
20,10,buffer_inverse_volatility,regime_dd_vol_target_25pct_max_1p50,0.25,1.5,2021,26,-0.06764725556112361,-0.15364579812174736,-0.20664919279908248,-0.18664288227498238,-0.3624421930082412,-0.001533894111344306,-0.04151941140090673,-0.054243463635006,0.43849298215325955,11.05002315026214,-0.006121910754505416,0.0004384929821532595,0.0,0.6764631034665377,0.6053798782503366,1.0,0.0,0.9615384615384616,0.5769230769230769,50,75,0.25157949048009354,47.05325104058915,0.029820482456461888
20,10,buffer_inverse_volatility,regime_dd_vol_target_25pct_max_1p50,0.25,1.5,2022,26,-0.23603000909358252,-0.8539512201872457,-1.4828935003116572,-0.2303973389006767,-1.0244476356358179,-0.00921938420122982,-0.08470086902554524,-0.08391591623005151,0.3269641393897131,8.23949631262077,-0.028646169636855814,0.0003269641393897131,0.0,0.5057692307692307,0.5,0.65,0.0,1.0,0.4230769230769231,50,75,0.2720629426819589,47.34956897606189,0.029436232812453073
20,10,buffer_inverse_volatility,regime_dd_vol_target_25pct_max_1p50,0.25,1.5,2023,25,0.46266530809066175,2.1630741790787535,4.503140069421239,-0.10879782230135704,4.252523610345195,0.01584344913557439,0.06177551873293561,0.057163221451042814,0.5985297665709832,15.082950117588776,0.030674722417276375,0.0005985297665709832,0.0,0.5306881988659004,0.5,0.7529616689631737,0.0,1.0,0.64,50,75,0.18457754342318305,42.012151803816465,0.038962879578048316
20,10,buffer_inverse_volatility,regime_dd_vol_target_25pct_max_1p50,0.25,1.5,2024,26,0.3848211384143927,1.6140602931401278,2.4325084109590267,-0.08405387814289722,4.578267498379682,0.013898161936240275,-0.017673314871082705,-0.00026514577724847207,0.753307597965599,18.983351468733094,0.020271506801537127,0.000753307597965599,0.0,0.7107353999880769,0.65,0.8746941226603769,0.0,1.0,0.7307692307692307,50,75,0.2169892179875642,43.3606934574876,0.038616931409802414
20,10,buffer_inverse_volatility,regime_dd_vol_target_25pct_max_1p50,0.25,1.5,2025,25,0.7664218124391113,2.2517166977426633,2.864010561302856,-0.20201517952341708,3.7938822926436067,0.024247974778084304,0.09019189801549282,0.10917532406885332,0.5723243455497912,14.422573507854738,0.05314043378053904,0.0005723243455497912,0.0,0.5983771318548569,0.5,0.8350090721583687,0.0,1.0,0.68,50,75,0.2713702683025349,43.732877433993565,0.04475644217909025
20,10,buffer_inverse_volatility,regime_dd_vol_target_25pct_max_1p50,0.25,1.5,2026,11,0.6725485052558215,1.686185318065074,4.8558489363518325,-0.11582955974340137,5.806363304373481,0.02257876695712063,0.027895204049558718,0.04338840353177768,0.5100419089636041,12.853056105882823,0.052325960434265684,0.0005100419089636041,0.0,0.5958574519730445,0.5139188057707674,0.65,0.0,1.0,0.5454545454545454,50,75,0.3374391422007871,47.64350221276827,0.0321040370261289
20,10,buffer_inverse_volatility,vol_target_30pct_max_1p25,0.3,1.25,2021,26,-0.06166556475198648,-0.024601676421985654,-0.0341059043171359,-0.2543528399169922,-0.24244103101860776,-0.00032599797966643225,-0.04151941140090673,-0.054243463635006,0.5695766258328645,14.353330970988186,-0.0042962546378000075,0.0005695766258328646,4.276542651707193e-07,0.8984309617352765,0.7264558539004038,1.005603981490797,0.038461538461538464,0.7307692307692307,0.5769230769230769,50,75,0.33392639374170874,47.05325104058915,0.029820482456461888
20,10,buffer_inverse_volatility,vol_target_30pct_max_1p25,0.3,1.25,2022,26,-0.30964742484510854,-0.8461125012331578,-1.4588209917876274,-0.30312457503274737,-1.021518709961594,-0.012117351696744386,-0.08470086902554524,-0.08391591623005151,0.4259231130556682,10.733262449002838,-0.028849329485451648,0.00042592311305566816,0.0,0.6588103779913855,0.5520289992221858,0.8214148234312985,0.0,1.0,0.4230769230769231,50,75,0.36089439916431776,47.34956897606189,0.029436232812453073
20,10,buffer_inverse_volatility,vol_target_30pct_max_1p25,0.3,1.25,2023,25,0.7200080638215429,2.319396011337417,5.403492856968106,-0.13057576388495495,5.51410187005234,0.02290206320187439,0.06177551873293561,0.057163221451042814,0.7879900909355356,19.857350291575496,0.03625902012349589,0.0007879900909355356,0.0,0.6969654535127162,0.5485859117569019,0.9181989245730151,0.0,1.0,0.64,50,75,0.24882856996656086,42.012151803816465,0.038962879578048316
20,10,buffer_inverse_volatility,vol_target_30pct_max_1p25,0.3,1.25,2024,26,0.45046870859578214,1.350676765007683,1.6063276904258974,-0.1602430951984679,2.8111583094289174,0.016772973591166813,-0.017673314871082705,-0.00026514577724847207,1.0477905817341566,26.404322659700746,0.017060415235847125,0.0010477905817341566,6.43257730260095e-05,0.9921940684291298,0.866754853008161,1.2342516885481813,0.38461538461538464,0.6153846153846154,0.7307692307692307,50,75,0.31293862858076144,43.3606934574876,0.038616931409802414
20,10,buffer_inverse_volatility,vol_target_30pct_max_1p25,0.3,1.25,2025,25,0.8718553291781779,1.9523926735792085,2.0791812746964893,-0.2821006013055807,3.090583023017932,0.027742354239974638,0.09019189801549282,0.10917532406885332,0.6944666169502375,17.500558747145984,0.049818713892227084,0.0006944666169502373,3.5569730228485103e-07,0.7320703619817133,0.614582859410465,1.0020108865900426,0.12,0.88,0.68,50,75,0.3580772128005008,43.732877433993565,0.04475644217909025
20,10,buffer_inverse_volatility,vol_target_30pct_max_1p25,0.3,1.25,2026,11,0.8188544511116806,1.6640573252249038,4.695349696071418,-0.14055447839149404,5.82588659203644,0.026842088075068812,0.027895204049558718,0.04338840353177768,0.6192221708490238,15.604398705395399,0.052475873410524454,0.0006192221708490237,0.0,0.7207623376316218,0.616702566924921,0.8182399924354096,0.0,1.0,0.5454545454545454,50,75,0.4064887724948497,47.64350221276827,0.0321040370261289
20,10,buffer_inverse_volatility,regime_dd_vol_target_30pct_max_1p25,0.3,1.25,2021,26,-0.10333425457447565,-0.28466469846570625,-0.349232264741276,-0.20890154330216326,-0.49465529522206064,-0.002956607195615184,-0.04151941140090673,-0.054243463635006,0.45342754771538024,11.426374202427581,-0.009043485951345952,0.0004534275477153802,4.276542651707193e-07,0.691937175478806,0.5,1.005603981490797,0.038461538461538464,0.9230769230769231,0.5769230769230769,50,75,0.2617342499125458,47.05325104058915,0.029820482456461888
20,10,buffer_inverse_volatility,regime_dd_vol_target_30pct_max_1p25,0.3,1.25,2022,26,-0.2123624482533769,-0.7838429221733818,-1.5264414779335038,-0.23039733890067648,-0.9217226608026304,-0.008138200334481744,-0.08470086902554524,-0.08391591623005151,0.31636153181509863,7.972310601740485,-0.02663750308561921,0.0003163615318150986,0.0,0.5,0.5,0.5,0.0,1.0,0.4230769230769231,50,75,0.26163743095402575,47.34956897606189,0.029436232812453073
20,10,buffer_inverse_volatility,regime_dd_vol_target_30pct_max_1p25,0.3,1.25,2023,25,0.44843289537829056,2.057152750454856,3.9946238909856,-0.12126292265183902,3.698021502135466,0.015487128472707284,0.06177551873293561,0.057163221451042814,0.6211934186907779,15.654074151007604,0.028646401636562218,0.0006211934186907779,0.0,0.5501421601102323,0.5,0.9035540027558084,0.0,1.0,0.64,50,75,0.18971641139722367,42.012151803816465,0.038962879578048316
20,10,buffer_inverse_volatility,regime_dd_vol_target_30pct_max_1p25,0.3,1.25,2024,26,0.436697386150366,1.6396227186078915,2.6288081383034285,-0.08405387814289733,5.195446013900163,0.015563561143975878,-0.017673314871082705,-0.00026514577724847207,0.8207519769183272,20.682949818341847,0.021113883173622477,0.0008207519769183273,5.256784458304091e-06,0.7683550013599832,0.65,1.0496329471924524,0.07692307692307693,0.9230769230769231,0.7307692307692307,50,75,0.23920243137469324,43.3606934574876,0.038616931409802414
20,10,buffer_inverse_volatility,regime_dd_vol_target_30pct_max_1p25,0.3,1.25,2025,25,0.949783868563465,2.4010191036287765,3.412196984221435,-0.2091671643623112,4.540788567168633,0.028555684313955956,0.09019189801549282,0.10917532406885332,0.6649839593651952,16.75759577600292,0.056677812334127727,0.0006649839593651952,2.1239746656234254e-07,0.6861759695902923,0.5,1.0020108865900426,0.08,0.92,0.68,50,75,0.2997074215794947,43.732877433993565,0.04475644217909025
20,10,buffer_inverse_volatility,regime_dd_vol_target_30pct_max_1p25,0.3,1.25,2026,11,0.7849250847536282,1.7807995860654875,5.476651483884425,-0.11671915531700894,6.7249037454201375,0.02548756160839075,0.027895204049558718,0.04338840353177768,0.5422407992166461,13.664468140259482,0.057442783480244765,0.0005422407992166461,0.0,0.6442520867551451,0.616702566924921,0.65,0.0,1.0,0.5454545454545454,50,75,0.36067312546411795,47.64350221276827,0.0321040370261289
20,10,buffer_inverse_volatility,vol_target_30pct_max_1p50,0.3,1.5,2021,26,-0.06166556475198648,-0.024601676421985654,-0.0341059043171359,-0.2543528399169922,-0.24244103101860776,-0.00032599797966643225,-0.04151941140090673,-0.054243463635006,0.5695766258328645,14.353330970988186,-0.0042962546378000075,0.0005695766258328646,4.276542651707193e-07,0.8984309617352765,0.7264558539004038,1.005603981490797,0.038461538461538464,0.7307692307692307,0.5769230769230769,50,75,0.33392639374170874,47.05325104058915,0.029820482456461888
20,10,buffer_inverse_volatility,vol_target_30pct_max_1p50,0.3,1.5,2022,26,-0.30964742484510854,-0.8461125012331578,-1.4588209917876274,-0.30312457503274737,-1.021518709961594,-0.012117351696744386,-0.08470086902554524,-0.08391591623005151,0.4259231130556682,10.733262449002838,-0.028849329485451648,0.00042592311305566816,0.0,0.6588103779913855,0.5520289992221858,0.8214148234312985,0.0,1.0,0.4230769230769231,50,75,0.36089439916431776,47.34956897606189,0.029436232812453073
20,10,buffer_inverse_volatility,vol_target_30pct_max_1p50,0.3,1.5,2023,25,0.7200080638215429,2.319396011337417,5.403492856968106,-0.13057576388495495,5.51410187005234,0.02290206320187439,0.06177551873293561,0.057163221451042814,0.7879900909355356,19.857350291575496,0.03625902012349589,0.0007879900909355356,0.0,0.6969654535127162,0.5485859117569019,0.9181989245730151,0.0,1.0,0.64,50,75,0.24882856996656086,42.012151803816465,0.038962879578048316
20,10,buffer_inverse_volatility,vol_target_30pct_max_1p50,0.3,1.5,2024,26,0.45046870859578214,1.350676765007683,1.6063276904258974,-0.1602430951984679,2.8111583094289174,0.016772973591166813,-0.017673314871082705,-0.00026514577724847207,1.0477905817341566,26.404322659700746,0.017060415235847125,0.0010477905817341566,6.43257730260095e-05,0.9921940684291298,0.866754853008161,1.2342516885481813,0.38461538461538464,0.6153846153846154,0.7307692307692307,50,75,0.31293862858076144,43.3606934574876,0.038616931409802414
20,10,buffer_inverse_volatility,vol_target_30pct_max_1p50,0.3,1.5,2025,25,0.8718553291781779,1.9523926735792085,2.0791812746964893,-0.2821006013055807,3.090583023017932,0.027742354239974638,0.09019189801549282,0.10917532406885332,0.6944666169502375,17.500558747145984,0.049818713892227084,0.0006944666169502373,3.5569730228485103e-07,0.7320703619817133,0.614582859410465,1.0020108865900426,0.12,0.88,0.68,50,75,0.3580772128005008,43.732877433993565,0.04475644217909025
20,10,buffer_inverse_volatility,vol_target_30pct_max_1p50,0.3,1.5,2026,11,0.8188544511116806,1.6640573252249038,4.695349696071418,-0.14055447839149404,5.82588659203644,0.026842088075068812,0.027895204049558718,0.04338840353177768,0.6192221708490238,15.604398705395399,0.052475873410524454,0.0006192221708490237,0.0,0.7207623376316218,0.616702566924921,0.8182399924354096,0.0,1.0,0.5454545454545454,50,75,0.4064887724948497,47.64350221276827,0.0321040370261289
20,10,buffer_inverse_volatility,regime_dd_vol_target_30pct_max_1p50,0.3,1.5,2021,26,-0.10333425457447565,-0.28466469846570625,-0.349232264741276,-0.20890154330216326,-0.49465529522206064,-0.002956607195615184,-0.04151941140090673,-0.054243463635006,0.45342754771538024,11.426374202427581,-0.009043485951345952,0.0004534275477153802,4.276542651707193e-07,0.691937175478806,0.5,1.005603981490797,0.038461538461538464,0.9230769230769231,0.5769230769230769,50,75,0.2617342499125458,47.05325104058915,0.029820482456461888
20,10,buffer_inverse_volatility,regime_dd_vol_target_30pct_max_1p50,0.3,1.5,2022,26,-0.2123624482533769,-0.7838429221733818,-1.5264414779335038,-0.23039733890067648,-0.9217226608026304,-0.008138200334481744,-0.08470086902554524,-0.08391591623005151,0.31636153181509863,7.972310601740485,-0.02663750308561921,0.0003163615318150986,0.0,0.5,0.5,0.5,0.0,1.0,0.4230769230769231,50,75,0.26163743095402575,47.34956897606189,0.029436232812453073
20,10,buffer_inverse_volatility,regime_dd_vol_target_30pct_max_1p50,0.3,1.5,2023,25,0.44843289537829056,2.057152750454856,3.9946238909856,-0.12126292265183902,3.698021502135466,0.015487128472707284,0.06177551873293561,0.057163221451042814,0.6211934186907779,15.654074151007604,0.028646401636562218,0.0006211934186907779,0.0,0.5501421601102323,0.5,0.9035540027558084,0.0,1.0,0.64,50,75,0.18971641139722367,42.012151803816465,0.038962879578048316
20,10,buffer_inverse_volatility,regime_dd_vol_target_30pct_max_1p50,0.3,1.5,2024,26,0.436697386150366,1.6396227186078915,2.6288081383034285,-0.08405387814289733,5.195446013900163,0.015563561143975878,-0.017673314871082705,-0.00026514577724847207,0.8207519769183272,20.682949818341847,0.021113883173622477,0.0008207519769183273,5.256784458304091e-06,0.7683550013599832,0.65,1.0496329471924524,0.07692307692307693,0.9230769230769231,0.7307692307692307,50,75,0.23920243137469324,43.3606934574876,0.038616931409802414
20,10,buffer_inverse_volatility,regime_dd_vol_target_30pct_max_1p50,0.3,1.5,2025,25,0.949783868563465,2.4010191036287765,3.412196984221435,-0.2091671643623112,4.540788567168633,0.028555684313955956,0.09019189801549282,0.10917532406885332,0.6649839593651952,16.75759577600292,0.056677812334127727,0.0006649839593651952,2.1239746656234254e-07,0.6861759695902923,0.5,1.0020108865900426,0.08,0.92,0.68,50,75,0.2997074215794947,43.732877433993565,0.04475644217909025
20,10,buffer_inverse_volatility,regime_dd_vol_target_30pct_max_1p50,0.3,1.5,2026,11,0.7849250847536282,1.7807995860654875,5.476651483884425,-0.11671915531700894,6.7249037454201375,0.02548756160839075,0.027895204049558718,0.04338840353177768,0.5422407992166461,13.664468140259482,0.057442783480244765,0.0005422407992166461,0.0,0.6442520867551451,0.616702566924921,0.65,0.0,1.0,0.5454545454545454,50,75,0.36067312546411795,47.64350221276827,0.0321040370261289
20,10,equal_weight,static_1x,,1.0,2021,26,0.07857053123014035,0.3859305330463646,0.5874980934666088,-0.2586097031878608,0.3038189606252503,0.005456456034782891,-0.04151941140090673,-0.054243463635006,0.6723076923076923,16.942153846153843,0.004637576304855548,0.0006723076923076924,0.0,1.0,1.0,1.0,0.0,0.0,0.5384615384615384,75,113,0.3562887107976235,74.99999999999999,0.013333333333333332
20,10,equal_weight,static_1x,,1.0,2022,26,-0.3685784591125957,-0.6998897933305034,-1.359067934325171,-0.39123984214814844,-0.9420780283748,-0.013588977119319537,-0.08470086902554524,-0.08391591623005151,0.6825641025641025,17.200615384615382,-0.021428213518584954,0.0006825641025641026,0.0,1.0,1.0,1.0,0.0,0.0,0.38461538461538464,75,113,0.4892802076414101,74.99999999999999,0.013333333333333332
20,10,equal_weight,static_1x,,1.0,2023,25,1.078165012781184,2.2219798778452464,5.544425776944246,-0.1966884087780817,5.481588973540626,0.03184887502141316,0.06177551873293561,0.057163221451042814,1.0842666666666667,27.323520000000002,0.03945922826858267,0.0010842666666666667,0.0,1.0,1.0,1.0,0.0,0.0,0.64,75,113,0.36120563401227596,74.99999999999999,0.013333333333333332
20,10,equal_weight,static_1x,,1.0,2024,26,0.48900712629019716,1.4627840990279357,2.046998361415585,-0.13276670949190872,3.6832058891991974,0.017718480636650723,-0.017673314871082705,-0.00026514577724847207,1.0066666666666666,25.368,0.019276534464293487,0.0010066666666666668,0.0,1.0,1.0,1.0,0.0,0.0,0.7692307692307693,75,113,0.3052437556166456,74.99999999999999,0.013333333333333332
20,10,equal_weight,static_1x,,1.0,2025,25,1.2063999666604275,2.1451483713458335,2.992994225408647,-0.28333731226749437,4.257822441406813,0.03514936979110115,0.09019189801549282,0.10917532406885332,0.9413333333333334,23.7216,0.05085660185908318,0.0009413333333333335,0.0,1.0,1.0,1.0,0.0,0.0,0.68,75,113,0.41291508343548006,74.99999999999999,0.013333333333333332
20,10,equal_weight,static_1x,,1.0,2026,11,1.308047288357812,1.9582087723743,5.48233895507716,-0.1389561895622592,9.413379083568945,0.03772122297432418,0.027895204049558718,0.04338840353177768,0.8084848484848486,20.373818181818184,0.06420236387134973,0.0008084848484848486,0.0,1.0,1.0,1.0,0.0,0.0,0.5454545454545454,75,113,0.4854307836648138,74.99999999999999,0.013333333333333334
20,10,equal_weight,legacy_risk_scaled,,1.0,2021,26,-0.04736186404189946,-0.13433508138266323,-0.15468648673655605,-0.16266233161077226,-0.2911667598324463,-0.0010931359652874711,-0.04151941140090673,-0.054243463635006,0.37700000000000006,9.5004,-0.004985249467590781,0.00037700000000000006,0.0,0.5346153846153846,0.45,1.0,0.0,0.8461538461538461,0.5384615384615384,75,113,0.2050620436725279,74.99999999999999,0.013333333333333332
20,10,equal_weight,legacy_risk_scaled,,1.0,2022,26,-0.16288302681907252,-0.6998897933305036,-1.3590679343251708,-0.18322507383800912,-0.8889778205960982,-0.0061150397036937925,-0.08470086902554524,-0.08391591623005151,0.30715384615384617,7.740276923076923,-0.02104356581008772,0.00030715384615384616,0.0,0.44999999999999996,0.45,0.45,0.0,1.0,0.38461538461538464,75,113,0.22017609343863456,74.99999999999999,0.013333333333333332
20,10,equal_weight,legacy_risk_scaled,,1.0,2023,25,0.5163922220709436,2.38106206004906,6.684716269367054,-0.09215373187789455,5.603595335185917,0.017279573342995937,0.06177551873293561,0.057163221451042814,0.5219999999999999,13.154399999999997,0.0392562353334963,0.000522,0.0,0.486,0.45,0.75,0.0,1.0,0.64,75,113,0.182878579920141,74.99999999999999,0.013333333333333332
20,10,equal_weight,legacy_risk_scaled,,1.0,2024,26,0.3854427318799005,1.646710653332895,3.2217944330599355,-0.05974501927135889,6.4514621734280295,0.013860701710495813,-0.017673314871082705,-0.00026514577724847207,0.6646153846153845,16.748307692307687,0.02301383154412252,0.0006646153846153846,0.0,0.6423076923076922,0.45,1.0,0.0,0.6923076923076923,0.7692307692307693,75,113,0.21211357465717623,74.99999999999999,0.013333333333333332
20,10,equal_weight,legacy_risk_scaled,,1.0,2025,25,0.7893665956224802,2.31544779368284,4.63979224780756,-0.14561743760885748,5.420824652489733,0.0246498665838479,0.09019189801549282,0.10917532406885332,0.61848,15.585696,0.05064686207292124,0.00061848,0.0,0.594,0.45,1.0,0.0,0.76,0.68,75,113,0.2682749486331339,74.99999999999999,0.013333333333333332
20,10,equal_weight,legacy_risk_scaled,,1.0,2026,11,0.49706401271046086,1.9582087723743,5.48233895507716,-0.06384729692536883,7.785200574606619,0.016974550338445884,0.027895204049558718,0.04338840353177768,0.3638181818181818,9.168218181818181,0.054215988630834086,0.00036381818181818184,0.0,0.45,0.45,0.45,0.0,1.0,0.5454545454545454,75,113,0.21844385264916621,74.99999999999999,0.013333333333333334
20,10,equal_weight,vol_target_20pct_max_1p25,0.2,1.25,2021,26,0.10604557640151091,0.5062610549039888,0.8996941410459898,-0.1743312192658295,0.6082994018403954,0.005319552495476397,-0.04151941140090673,-0.054243463635006,0.486084737867986,12.249335394273247,0.00865725143350135,0.0004860847378679861,0.0,0.6743643253361686,0.5,1.0,0.0,0.7692307692307693,0.5384615384615384,75,113,0.26478971982434635,74.99999999999999,0.013333333333333332
20,10,equal_weight,vol_target_20pct_max_1p25,0.2,1.25,2022,26,-0.19826389870709482,-0.7437179295307955,-1.3924552301540614,-0.2078347541138823,-0.9539496873485213,-0.007506453947816257,-0.08470086902554524,-0.08391591623005151,0.36007638614725246,9.073924930910762,-0.021849850006109187,0.0003600763861472524,0.0,0.515896321250602,0.5,0.5881994634347874,0.0,1.0,0.38461538461538464,75,113,0.2543472894411871,74.99999999999999,0.013333333333333332
20,10,equal_weight,vol_target_20pct_max_1p25,0.2,1.25,2023,25,0.5018145854844716,2.2954286321858217,5.888282690867448,-0.10201969709292658,4.918800974554788,0.016912047077267022,0.06177551873293561,0.057163221451042814,0.557342206543241,14.045023604889671,0.035728995521927674,0.0005573422065432411,0.0,0.5133097074817432,0.5,0.6011492696298748,0.0,1.0,0.64,75,113,0.18566623260305667,74.99999999999999,0.013333333333333332
20,10,equal_weight,vol_target_20pct_max_1p25,0.2,1.25,2024,26,0.2874470073640629,1.3111809084289394,1.5520188685725822,-0.10925161987292753,2.6310548777070544,0.010929753249413752,-0.017673314871082705,-0.00026514577724847207,0.6660127587143497,16.783521519601614,0.017126739881636353,0.0006660127587143496,0.0,0.6486732290864913,0.5468950265333169,0.822853952375126,0.0,1.0,0.7692307692307693,75,113,0.21006237973312722,74.99999999999999,0.013333333333333332
20,10,equal_weight,vol_target_20pct_max_1p25,0.2,1.25,2025,25,0.49361995952711357,1.8817778745936358,2.13272564959178,-0.18022787308371757,2.7388658096066103,0.017059658412459766,0.09019189801549282,0.10917532406885332,0.5086450960028839,12.817856419272672,0.03851033615768363,0.0005086450960028839,0.0,0.5298680533302245,0.5,0.670747838529219,0.0,1.0,0.68,75,113,0.2284559712377437,74.99999999999999,0.013333333333333332
20,10,equal_weight,vol_target_20pct_max_1p25,0.2,1.25,2026,11,0.5903828321209879,1.849103115579117,4.87006622723584,-0.08319281791527433,7.096560098760552,0.019850091029922568,0.027895204049558718,0.04338840353177768,0.45951621758989014,11.579808683265231,0.05098381573213642,0.00045951621758989026,0.0,0.5478850843477691,0.5,0.6192568553714884,0.0,1.0,0.5454545454545454,75,113,0.27052157867214727,74.99999999999999,0.013333333333333334
20,10,equal_weight,regime_dd_vol_target_20pct_max_1p25,0.2,1.25,2021,26,0.02840928048205349,0.2336509614650081,0.34806790123139786,-0.1710062829901795,0.16613003911490767,0.002058710142080203,-0.04151941140090673,-0.054243463635006,0.4387094799711019,11.055478895271767,0.00256970148025009,0.00043870947997110194,0.0,0.6048616664329868,0.5,1.0,0.0,0.9615384615384616,0.5384615384615384,75,113,0.22203844253468077,74.99999999999999,0.013333333333333332
20,10,equal_weight,regime_dd_vol_target_20pct_max_1p25,0.2,1.25,2022,26,-0.19359305768349944,-0.7407825368268989,-1.3666356447671688,-0.20305420903645433,-0.9534057855887325,-0.007326209530885941,-0.08470086902554524,-0.08391591623005151,0.3477371666387787,8.762976599297222,-0.022092157326886543,0.0003477371666387787,0.0,0.5032275576783637,0.5,0.5839164996374561,0.0,1.0,0.38461538461538464,75,113,0.2492235858706084,74.99999999999999,0.013333333333333332
20,10,equal_weight,regime_dd_vol_target_20pct_max_1p25,0.2,1.25,2023,25,0.5018145854844716,2.2954286321858217,5.888282690867448,-0.10201969709292658,4.918800974554788,0.016912047077267022,0.06177551873293561,0.057163221451042814,0.557342206543241,14.045023604889671,0.035728995521927674,0.0005573422065432411,0.0,0.5133097074817432,0.5,0.6011492696298748,0.0,1.0,0.64,75,113,0.18566623260305667,74.99999999999999,0.013333333333333332
20,10,equal_weight,regime_dd_vol_target_20pct_max_1p25,0.2,1.25,2024,26,0.3063329647700235,1.461640108573031,2.070745135037918,-0.08629836116974066,3.5496962006902506,0.011399129723181724,-0.017673314871082705,-0.00026514577724847207,0.6382921179834764,16.084961373183607,0.019044681405373666,0.0006382921179834763,0.0,0.6264745540290408,0.5468950265333169,0.7107261495827626,0.0,1.0,0.7692307692307693,75,113,0.19653132624050904,74.99999999999999,0.013333333333333332
20,10,equal_weight,regime_dd_vol_target_20pct_max_1p25,0.2,1.25,2025,25,0.5003924449701684,1.9207295617080455,2.2251817905262494,-0.17654036666600414,2.8344364205205173,0.017216834580130416,0.09019189801549282,0.10917532406885332,0.5078427057506754,12.79763618491702,0.03910038054995803,0.0005078427057506753,0.0,0.5290381397890558,0.5,0.6699728497326362,0.0,1.0,0.68,75,113,0.2258851220228341,74.99999999999999,0.013333333333333332
20,10,equal_weight,regime_dd_vol_target_20pct_max_1p25,0.2,1.25,2026,11,0.5903828321209879,1.849103115579117,4.87006622723584,-0.08319281791527433,7.096560098760552,0.019850091029922568,0.027895204049558718,0.04338840353177768,0.45951621758989014,11.579808683265231,0.05098381573213642,0.00045951621758989026,0.0,0.5478850843477691,0.5,0.6192568553714884,0.0,1.0,0.5454545454545454,75,113,0.27052157867214727,74.99999999999999,0.013333333333333334
20,10,equal_weight,vol_target_20pct_max_1p50,0.2,1.5,2021,26,0.10604557640151091,0.5062610549039888,0.8996941410459898,-0.1743312192658295,0.6082994018403954,0.005319552495476397,-0.04151941140090673,-0.054243463635006,0.486084737867986,12.249335394273247,0.00865725143350135,0.0004860847378679861,0.0,0.6743643253361686,0.5,1.0,0.0,0.7692307692307693,0.5384615384615384,75,113,0.26478971982434635,74.99999999999999,0.013333333333333332
20,10,equal_weight,vol_target_20pct_max_1p50,0.2,1.5,2022,26,-0.19826389870709482,-0.7437179295307955,-1.3924552301540614,-0.2078347541138823,-0.9539496873485213,-0.007506453947816257,-0.08470086902554524,-0.08391591623005151,0.36007638614725246,9.073924930910762,-0.021849850006109187,0.0003600763861472524,0.0,0.515896321250602,0.5,0.5881994634347874,0.0,1.0,0.38461538461538464,75,113,0.2543472894411871,74.99999999999999,0.013333333333333332
20,10,equal_weight,vol_target_20pct_max_1p50,0.2,1.5,2023,25,0.5018145854844716,2.2954286321858217,5.888282690867448,-0.10201969709292658,4.918800974554788,0.016912047077267022,0.06177551873293561,0.057163221451042814,0.557342206543241,14.045023604889671,0.035728995521927674,0.0005573422065432411,0.0,0.5133097074817432,0.5,0.6011492696298748,0.0,1.0,0.64,75,113,0.18566623260305667,74.99999999999999,0.013333333333333332
20,10,equal_weight,vol_target_20pct_max_1p50,0.2,1.5,2024,26,0.2874470073640629,1.3111809084289394,1.5520188685725822,-0.10925161987292753,2.6310548777070544,0.010929753249413752,-0.017673314871082705,-0.00026514577724847207,0.6660127587143497,16.783521519601614,0.017126739881636353,0.0006660127587143496,0.0,0.6486732290864913,0.5468950265333169,0.822853952375126,0.0,1.0,0.7692307692307693,75,113,0.21006237973312722,74.99999999999999,0.013333333333333332
20,10,equal_weight,vol_target_20pct_max_1p50,0.2,1.5,2025,25,0.49361995952711357,1.8817778745936358,2.13272564959178,-0.18022787308371757,2.7388658096066103,0.017059658412459766,0.09019189801549282,0.10917532406885332,0.5086450960028839,12.817856419272672,0.03851033615768363,0.0005086450960028839,0.0,0.5298680533302245,0.5,0.670747838529219,0.0,1.0,0.68,75,113,0.2284559712377437,74.99999999999999,0.013333333333333332
20,10,equal_weight,vol_target_20pct_max_1p50,0.2,1.5,2026,11,0.5903828321209879,1.849103115579117,4.87006622723584,-0.08319281791527433,7.096560098760552,0.019850091029922568,0.027895204049558718,0.04338840353177768,0.45951621758989014,11.579808683265231,0.05098381573213642,0.00045951621758989026,0.0,0.5478850843477691,0.5,0.6192568553714884,0.0,1.0,0.5454545454545454,75,113,0.27052157867214727,74.99999999999999,0.013333333333333334
20,10,equal_weight,regime_dd_vol_target_20pct_max_1p50,0.2,1.5,2021,26,0.02840928048205349,0.2336509614650081,0.34806790123139786,-0.1710062829901795,0.16613003911490767,0.002058710142080203,-0.04151941140090673,-0.054243463635006,0.4387094799711019,11.055478895271767,0.00256970148025009,0.00043870947997110194,0.0,0.6048616664329868,0.5,1.0,0.0,0.9615384615384616,0.5384615384615384,75,113,0.22203844253468077,74.99999999999999,0.013333333333333332
20,10,equal_weight,regime_dd_vol_target_20pct_max_1p50,0.2,1.5,2022,26,-0.19359305768349944,-0.7407825368268989,-1.3666356447671688,-0.20305420903645433,-0.9534057855887325,-0.007326209530885941,-0.08470086902554524,-0.08391591623005151,0.3477371666387787,8.762976599297222,-0.022092157326886543,0.0003477371666387787,0.0,0.5032275576783637,0.5,0.5839164996374561,0.0,1.0,0.38461538461538464,75,113,0.2492235858706084,74.99999999999999,0.013333333333333332
20,10,equal_weight,regime_dd_vol_target_20pct_max_1p50,0.2,1.5,2023,25,0.5018145854844716,2.2954286321858217,5.888282690867448,-0.10201969709292658,4.918800974554788,0.016912047077267022,0.06177551873293561,0.057163221451042814,0.557342206543241,14.045023604889671,0.035728995521927674,0.0005573422065432411,0.0,0.5133097074817432,0.5,0.6011492696298748,0.0,1.0,0.64,75,113,0.18566623260305667,74.99999999999999,0.013333333333333332
20,10,equal_weight,regime_dd_vol_target_20pct_max_1p50,0.2,1.5,2024,26,0.3063329647700235,1.461640108573031,2.070745135037918,-0.08629836116974066,3.5496962006902506,0.011399129723181724,-0.017673314871082705,-0.00026514577724847207,0.6382921179834764,16.084961373183607,0.019044681405373666,0.0006382921179834763,0.0,0.6264745540290408,0.5468950265333169,0.7107261495827626,0.0,1.0,0.7692307692307693,75,113,0.19653132624050904,74.99999999999999,0.013333333333333332
20,10,equal_weight,regime_dd_vol_target_20pct_max_1p50,0.2,1.5,2025,25,0.5003924449701684,1.9207295617080455,2.2251817905262494,-0.17654036666600414,2.8344364205205173,0.017216834580130416,0.09019189801549282,0.10917532406885332,0.5078427057506754,12.79763618491702,0.03910038054995803,0.0005078427057506753,0.0,0.5290381397890558,0.5,0.6699728497326362,0.0,1.0,0.68,75,113,0.2258851220228341,74.99999999999999,0.013333333333333332
20,10,equal_weight,regime_dd_vol_target_20pct_max_1p50,0.2,1.5,2026,11,0.5903828321209879,1.849103115579117,4.87006622723584,-0.08319281791527433,7.096560098760552,0.019850091029922568,0.027895204049558718,0.04338840353177768,0.45951621758989014,11.579808683265231,0.05098381573213642,0.00045951621758989026,0.0,0.5478850843477691,0.5,0.6192568553714884,0.0,1.0,0.5454545454545454,75,113,0.27052157867214727,74.99999999999999,0.013333333333333334
20,10,equal_weight,vol_target_25pct_max_1p25,0.25,1.25,2021,26,0.07634949748549302,0.39038371474969863,0.6224369737947527,-0.2150687189841074,0.3550004754114656,0.004598084610686718,-0.04151941140090673,-0.054243463635006,0.5565039037632549,14.023898374834022,0.0054442420677051325,0.0005565039037632548,0.0,0.7830451121951392,0.5942004403491932,1.0,0.0,0.7692307692307693,0.5384615384615384,75,113,0.2968149741174488,74.99999999999999,0.013333333333333332
20,10,equal_weight,vol_target_25pct_max_1p25,0.25,1.25,2022,26,-0.247221157410631,-0.7963864681914149,-1.3739739335861891,-0.2458127500454964,-1.0057295944367162,-0.009489053949448663,-0.08470086902554524,-0.08391591623005151,0.4227073716313654,10.652225765110408,-0.023208403845547728,0.00042270737163136536,0.0,0.5909791889239704,0.5,0.7352493292934842,0.0,1.0,0.38461538461538464,75,113,0.3002614548049199,74.99999999999999,0.013333333333333332
20,10,equal_weight,vol_target_25pct_max_1p25,0.25,1.25,2023,25,0.6049568741134959,2.3318681645143524,6.139873987605522,-0.11649927333414589,5.192795257858345,0.019801796462974267,0.06177551873293561,0.057163221451042814,0.6422087869139723,16.183661430232103,0.03738071738101232,0.0006422087869139723,0.0,0.5890503943280586,0.5,0.7514365870373435,0.0,1.0,0.64,75,113,0.21399377480282086,74.99999999999999,0.013333333333333332
20,10,equal_weight,vol_target_25pct_max_1p25,0.25,1.25,2024,26,0.3615077888294582,1.3108084842700702,1.5510675590146632,-0.1366212062706612,2.646059119938325,0.01366001150678635,-0.017673314871082705,-0.00026514577724847207,0.8325159483929371,20.979401899502015,0.017231558390520145,0.000832515948392937,2.1800549808384735e-06,0.8108415363581141,0.683618783166646,1.0285674404689074,0.038461538461538464,0.9615384615384616,0.7692307692307693,75,113,0.26261066670063804,74.99999999999999,0.013333333333333332
20,10,equal_weight,vol_target_25pct_max_1p25,0.25,1.25,2025,25,0.6178685552390535,1.861400019989058,2.076854770513392,-0.22257856716254076,2.775957106363468,0.0208264111855199,0.09019189801549282,0.10917532406885332,0.6265673037475681,15.789496054438715,0.03913161972420009,0.0006265673037475681,0.0,0.6467196617283894,0.5594919503979242,0.8384347981615238,0.0,1.0,0.68,75,113,0.2819520555706165,74.99999999999999,0.013333333333333332
20,10,equal_weight,vol_target_25pct_max_1p25,0.25,1.25,2026,11,0.7612830163079072,1.8459039175313217,4.844338270552674,-0.10342098232616759,7.361011268554614,0.024660831990642628,0.027895204049558718,0.04338840353177768,0.5720735619942133,14.416253762254176,0.05280727079743568,0.0005720735619942135,0.0,0.6782762353439584,0.5887783709709004,0.7740710692143605,0.0,1.0,0.5454545454545454,75,113,0.33666593383436455,74.99999999999999,0.013333333333333334
20,10,equal_weight,regime_dd_vol_target_25pct_max_1p25,0.25,1.25,2021,26,0.02765911644062058,0.2301928005838482,0.3419903038181253,-0.17292304098656142,0.15995043970323242,0.0021604766430315283,-0.04151941140090673,-0.054243463635006,0.46948057650912717,11.830910528030005,0.002337868786606923,0.0004694805765091271,0.0,0.661204391626903,0.5942004403491932,1.0,0.0,0.9615384615384616,0.5384615384615384,75,113,0.23651483133401982,74.99999999999999,0.013333333333333332
20,10,equal_weight,regime_dd_vol_target_25pct_max_1p25,0.25,1.25,2022,26,-0.20299807389597935,-0.7705692669366208,-1.3618063184334437,-0.20305420903645444,-0.9997235460385605,-0.007744935087202079,-0.08470086902554524,-0.08391591623005151,0.35282051282051285,8.891076923076923,-0.022831663211584054,0.00035282051282051283,0.0,0.5057692307692307,0.5,0.65,0.0,1.0,0.38461538461538464,75,113,0.2532833485215357,74.99999999999999,0.013333333333333332
20,10,equal_weight,regime_dd_vol_target_25pct_max_1p25,0.25,1.25,2023,25,0.5636637220405212,2.30074392788352,5.907220270053352,-0.11649927333414589,4.83834538970735,0.01867596613976534,0.06177551873293561,0.057163221451042814,0.6156651201137178,15.514761026865687,0.03633080271519937,0.0006156651201137177,0.0,0.5659048515429883,0.5,0.7514365870373435,0.0,1.0,0.64,75,113,0.2045574655303028,74.99999999999999,0.013333333333333332
20,10,equal_weight,regime_dd_vol_target_25pct_max_1p25,0.25,1.25,2024,26,0.37228711687763827,1.54449844282951,2.415621718048982,-0.08629836116974066,4.313953496120106,0.01356950034673227,-0.017673314871082705,-0.00026514577724847207,0.7201527381626334,18.14784900169836,0.020514118055687914,0.0007201527381626334,0.0,0.7061275101745855,0.65,0.8884076869784532,0.0,1.0,0.7692307692307693,75,113,0.2213996461603423,74.99999999999999,0.013333333333333332
20,10,equal_weight,regime_dd_vol_target_25pct_max_1p25,0.25,1.25,2025,25,0.6832855987551878,2.1556291883207526,2.887162724923604,-0.18959080599879063,3.6040017613488406,0.022159401151503055,0.09019189801549282,0.10917532406885332,0.618691385574415,15.591022916475259,0.04382557850217448,0.0006186913855744152,0.0,0.63822062098277,0.5594919503979242,0.8374660621657951,0.0,1.0,0.68,75,113,0.2590505417366737,74.99999999999999,0.013333333333333332
20,10,equal_weight,regime_dd_vol_target_25pct_max_1p25,0.25,1.25,2026,11,0.7426990592231282,1.9427191322692052,5.388686018522911,-0.09153165885351688,8.11412213572694,0.023948911186473888,0.027895204049558718,0.04338840353177768,0.5198207825477618,13.099483720203596,0.05669681913323413,0.0005198207825477618,0.0,0.6353376957225455,0.5887783709709004,0.65,0.0,1.0,0.5454545454545454,75,113,0.31065353291404785,74.99999999999999,0.013333333333333334
20,10,equal_weight,vol_target_25pct_max_1p50,0.25,1.5,2021,26,0.07634949748549302,0.39038371474969863,0.6224369737947527,-0.2150687189841074,0.3550004754114656,0.004598084610686718,-0.04151941140090673,-0.054243463635006,0.5565039037632549,14.023898374834022,0.0054442420677051325,0.0005565039037632548,0.0,0.7830451121951392,0.5942004403491932,1.0,0.0,0.7692307692307693,0.5384615384615384,75,113,0.2968149741174488,74.99999999999999,0.013333333333333332
20,10,equal_weight,vol_target_25pct_max_1p50,0.25,1.5,2022,26,-0.247221157410631,-0.7963864681914149,-1.3739739335861891,-0.2458127500454964,-1.0057295944367162,-0.009489053949448663,-0.08470086902554524,-0.08391591623005151,0.4227073716313654,10.652225765110408,-0.023208403845547728,0.00042270737163136536,0.0,0.5909791889239704,0.5,0.7352493292934842,0.0,1.0,0.38461538461538464,75,113,0.3002614548049199,74.99999999999999,0.013333333333333332
20,10,equal_weight,vol_target_25pct_max_1p50,0.25,1.5,2023,25,0.6049568741134959,2.3318681645143524,6.139873987605522,-0.11649927333414589,5.192795257858345,0.019801796462974267,0.06177551873293561,0.057163221451042814,0.6422087869139723,16.183661430232103,0.03738071738101232,0.0006422087869139723,0.0,0.5890503943280586,0.5,0.7514365870373435,0.0,1.0,0.64,75,113,0.21399377480282086,74.99999999999999,0.013333333333333332
20,10,equal_weight,vol_target_25pct_max_1p50,0.25,1.5,2024,26,0.3615077888294582,1.3108084842700702,1.5510675590146632,-0.1366212062706612,2.646059119938325,0.01366001150678635,-0.017673314871082705,-0.00026514577724847207,0.8325159483929371,20.979401899502015,0.017231558390520145,0.000832515948392937,2.1800549808384735e-06,0.8108415363581141,0.683618783166646,1.0285674404689074,0.038461538461538464,0.9615384615384616,0.7692307692307693,75,113,0.26261066670063804,74.99999999999999,0.013333333333333332
20,10,equal_weight,vol_target_25pct_max_1p50,0.25,1.5,2025,25,0.6178685552390535,1.861400019989058,2.076854770513392,-0.22257856716254076,2.775957106363468,0.0208264111855199,0.09019189801549282,0.10917532406885332,0.6265673037475681,15.789496054438715,0.03913161972420009,0.0006265673037475681,0.0,0.6467196617283894,0.5594919503979242,0.8384347981615238,0.0,1.0,0.68,75,113,0.2819520555706165,74.99999999999999,0.013333333333333332
20,10,equal_weight,vol_target_25pct_max_1p50,0.25,1.5,2026,11,0.7612830163079072,1.8459039175313217,4.844338270552674,-0.10342098232616759,7.361011268554614,0.024660831990642628,0.027895204049558718,0.04338840353177768,0.5720735619942133,14.416253762254176,0.05280727079743568,0.0005720735619942135,0.0,0.6782762353439584,0.5887783709709004,0.7740710692143605,0.0,1.0,0.5454545454545454,75,113,0.33666593383436455,74.99999999999999,0.013333333333333334
20,10,equal_weight,regime_dd_vol_target_25pct_max_1p50,0.25,1.5,2021,26,0.02765911644062058,0.2301928005838482,0.3419903038181253,-0.17292304098656142,0.15995043970323242,0.0021604766430315283,-0.04151941140090673,-0.054243463635006,0.46948057650912717,11.830910528030005,0.002337868786606923,0.0004694805765091271,0.0,0.661204391626903,0.5942004403491932,1.0,0.0,0.9615384615384616,0.5384615384615384,75,113,0.23651483133401982,74.99999999999999,0.013333333333333332
20,10,equal_weight,regime_dd_vol_target_25pct_max_1p50,0.25,1.5,2022,26,-0.20299807389597935,-0.7705692669366208,-1.3618063184334437,-0.20305420903645444,-0.9997235460385605,-0.007744935087202079,-0.08470086902554524,-0.08391591623005151,0.35282051282051285,8.891076923076923,-0.022831663211584054,0.00035282051282051283,0.0,0.5057692307692307,0.5,0.65,0.0,1.0,0.38461538461538464,75,113,0.2532833485215357,74.99999999999999,0.013333333333333332
20,10,equal_weight,regime_dd_vol_target_25pct_max_1p50,0.25,1.5,2023,25,0.5636637220405212,2.30074392788352,5.907220270053352,-0.11649927333414589,4.83834538970735,0.01867596613976534,0.06177551873293561,0.057163221451042814,0.6156651201137178,15.514761026865687,0.03633080271519937,0.0006156651201137177,0.0,0.5659048515429883,0.5,0.7514365870373435,0.0,1.0,0.64,75,113,0.2045574655303028,74.99999999999999,0.013333333333333332
20,10,equal_weight,regime_dd_vol_target_25pct_max_1p50,0.25,1.5,2024,26,0.37228711687763827,1.54449844282951,2.415621718048982,-0.08629836116974066,4.313953496120106,0.01356950034673227,-0.017673314871082705,-0.00026514577724847207,0.7201527381626334,18.14784900169836,0.020514118055687914,0.0007201527381626334,0.0,0.7061275101745855,0.65,0.8884076869784532,0.0,1.0,0.7692307692307693,75,113,0.2213996461603423,74.99999999999999,0.013333333333333332
20,10,equal_weight,regime_dd_vol_target_25pct_max_1p50,0.25,1.5,2025,25,0.6832855987551878,2.1556291883207526,2.887162724923604,-0.18959080599879063,3.6040017613488406,0.022159401151503055,0.09019189801549282,0.10917532406885332,0.618691385574415,15.591022916475259,0.04382557850217448,0.0006186913855744152,0.0,0.63822062098277,0.5594919503979242,0.8374660621657951,0.0,1.0,0.68,75,113,0.2590505417366737,74.99999999999999,0.013333333333333332
20,10,equal_weight,regime_dd_vol_target_25pct_max_1p50,0.25,1.5,2026,11,0.7426990592231282,1.9427191322692052,5.388686018522911,-0.09153165885351688,8.11412213572694,0.023948911186473888,0.027895204049558718,0.04338840353177768,0.5198207825477618,13.099483720203596,0.05669681913323413,0.0005198207825477618,0.0,0.6353376957225455,0.5887783709709004,0.65,0.0,1.0,0.5454545454545454,75,113,0.31065353291404785,74.99999999999999,0.013333333333333334
20,10,equal_weight,vol_target_30pct_max_1p25,0.3,1.25,2021,26,0.04821289446502419,0.30326619122204423,0.4479479239053171,-0.25470815754375153,0.1892868093819987,0.003997039208236829,-0.04151941140090673,-0.054243463635006,0.626984171695393,15.800001126723902,0.0030514487991698666,0.000626984171695393,2.7170098614233023e-06,0.8935002884803208,0.7130405284190318,1.0192340191201323,0.07692307692307693,0.6923076923076923,0.5384615384615384,75,113,0.33213523618206214,74.99999999999999,0.013333333333333332
20,10,equal_weight,vol_target_30pct_max_1p25,0.3,1.25,2022,26,-0.29645716768632346,-0.7960926554531527,-1.3732511787246793,-0.292532518426571,-1.0134161127824755,-0.011382581990803954,-0.08470086902554524,-0.08391591623005151,0.5073211937864986,12.784494083419766,-0.023188807140268407,0.0005073211937864986,0.0,0.7090393745296514,0.596473043343066,0.8822991951521809,0.0,1.0,0.38461538461538464,75,113,0.36031115750588566,74.99999999999999,0.013333333333333332
20,10,equal_weight,vol_target_30pct_max_1p25,0.3,1.25,2023,25,0.7465079514903135,2.321949386920688,6.0945107035263355,-0.13862473084967586,5.385099375232143,0.023586249612306518,0.06177551873293561,0.057163221451042814,0.7689610863243358,19.37781937537326,0.03852383681721329,0.0007689610863243357,0.0,0.7049525015513833,0.5757120538066434,0.9017239044448122,0.0,1.0,0.64,75,113,0.2559803816474948,74.99999999999999,0.013333333333333332
20,10,equal_weight,vol_target_30pct_max_1p25,0.3,1.25,2024,26,0.4337190108988629,1.305899009690612,1.5419377715314169,-0.16434227292161885,2.6391201921961986,0.016338660474945768,-0.017673314871082705,-0.00026514577724847207,0.9990191380715245,25.175282279402417,0.01722797012106265,0.0009990191380715246,5.596939917486272e-05,0.9730098436297369,0.8203425397999752,1.2342809285626888,0.38461538461538464,0.6153846153846154,0.7692307692307693,75,113,0.31528796707348733,74.99999999999999,0.013333333333333332
20,10,equal_weight,vol_target_30pct_max_1p25,0.3,1.25,2025,25,0.7623878698762034,1.8612668752808819,2.07661136302844,-0.2638844690300015,2.889097159369111,0.024990464051988046,0.09019189801549282,0.10917532406885332,0.7518807644970816,18.947395265326456,0.04023708056966361,0.0007518807644970817,1.2293706358361303e-06,0.7760635940740671,0.671390340477509,1.0061217577938284,0.12,0.88,0.68,75,113,0.3383500251757623,74.99999999999999,0.013333333333333332
20,10,equal_weight,vol_target_30pct_max_1p25,0.3,1.25,2026,11,0.9482066937638238,1.8459039175313212,4.844338270552673,-0.12342140214346675,7.682676402117156,0.02959299838877115,0.027895204049558718,0.04338840353177768,0.6864882743930559,17.29950451470501,0.05481120531272005,0.000686488274393056,0.0,0.8139314824127499,0.7065340451650804,0.9288852830572326,0.0,1.0,0.5454545454545454,75,113,0.4039991206012375,74.99999999999999,0.013333333333333334
20,10,equal_weight,regime_dd_vol_target_30pct_max_1p25,0.3,1.25,2021,26,0.016337513994584496,0.1859665163121574,0.26367346764859495,-0.17292304098656142,0.09447852583077204,0.0018183846551909728,-0.04151941140090673,-0.054243463635006,0.47917603717394885,12.075236136783511,0.001352976770766185,0.00047917603717394886,0.0,0.681876084860831,0.65,1.0,0.0,0.9615384615384616,0.5384615384615384,75,113,0.2464061499861352,74.99999999999999,0.013333333333333332
20,10,equal_weight,regime_dd_vol_target_30pct_max_1p25,0.3,1.25,2022,26,-0.20299807389597935,-0.7705692669366208,-1.3618063184334437,-0.20305420903645444,-0.9997235460385605,-0.007744935087202079,-0.08470086902554524,-0.08391591623005151,0.35282051282051285,8.891076923076923,-0.022831663211584054,0.00035282051282051283,0.0,0.5057692307692307,0.5,0.65,0.0,1.0,0.38461538461538464,75,113,0.2532833485215357,74.99999999999999,0.013333333333333332
20,10,equal_weight,regime_dd_vol_target_30pct_max_1p25,0.3,1.25,2023,25,0.6202901145073709,2.2529623100527454,5.743537771779954,-0.1311778073420231,4.728620847351666,0.020288195443214647,0.06177551873293561,0.057163221451042814,0.6672077283437333,16.81363475426208,0.036892089281892713,0.0006672077283437334,0.0,0.6149798550659908,0.5,0.9017239044448122,0.0,1.0,0.64,75,113,0.2269290182475532,74.99999999999999,0.013333333333333332
20,10,equal_weight,regime_dd_vol_target_30pct_max_1p25,0.3,1.25,2024,26,0.4218122332076273,1.5579465440335807,2.561924412927488,-0.08629836116974066,4.887835962237601,0.01520603576475826,-0.017673314871082705,-0.00026514577724847207,0.7908499524618267,19.929418802038033,0.021165305290513123,0.0007908499524618267,5.164429147347217e-06,0.7673530122095026,0.65,1.0660892243741438,0.07692307692307693,0.9230769230769231,0.7692307692307693,75,113,0.2459597235472597,74.99999999999999,0.013333333333333332
20,10,equal_weight,regime_dd_vol_target_30pct_max_1p25,0.3,1.25,2025,25,0.7998463247007559,2.261852187223215,3.2837716109461423,-0.19383579048264998,4.126411962977236,0.025070056723222902,0.09019189801549282,0.10917532406885332,0.6863351881134185,17.295646740458146,0.04624552852538018,0.0006863351881134186,7.435168426751462e-07,0.7036847891485283,0.65,1.0049592745989542,0.08,0.92,0.68,75,113,0.2793133136612301,74.99999999999999,0.013333333333333332
20,10,equal_weight,regime_dd_vol_target_30pct_max_1p25,0.3,1.25,2026,11,0.7650397315434154,1.9582087723743,5.482338955077159,-0.09153165885351688,8.358198039082307,0.024518794933310717,0.027895204049558718,0.04338840353177768,0.5255151515151515,13.242981818181818,0.05776944664328255,0.0005255151515151517,0.0,0.6500000000000001,0.65,0.65,0.0,1.0,0.5454545454545454,75,113,0.31553000938212894,74.99999999999999,0.013333333333333334
20,10,equal_weight,vol_target_30pct_max_1p50,0.3,1.5,2021,26,0.04821289446502419,0.30326619122204423,0.4479479239053171,-0.25470815754375153,0.1892868093819987,0.003997039208236829,-0.04151941140090673,-0.054243463635006,0.626984171695393,15.800001126723902,0.0030514487991698666,0.000626984171695393,2.7170098614233023e-06,0.8935002884803208,0.7130405284190318,1.0192340191201323,0.07692307692307693,0.6923076923076923,0.5384615384615384,75,113,0.33213523618206214,74.99999999999999,0.013333333333333332
20,10,equal_weight,vol_target_30pct_max_1p50,0.3,1.5,2022,26,-0.29645716768632346,-0.7960926554531527,-1.3732511787246793,-0.292532518426571,-1.0134161127824755,-0.011382581990803954,-0.08470086902554524,-0.08391591623005151,0.5073211937864986,12.784494083419766,-0.023188807140268407,0.0005073211937864986,0.0,0.7090393745296514,0.596473043343066,0.8822991951521809,0.0,1.0,0.38461538461538464,75,113,0.36031115750588566,74.99999999999999,0.013333333333333332
20,10,equal_weight,vol_target_30pct_max_1p50,0.3,1.5,2023,25,0.7465079514903135,2.321949386920688,6.0945107035263355,-0.13862473084967586,5.385099375232143,0.023586249612306518,0.06177551873293561,0.057163221451042814,0.7689610863243358,19.37781937537326,0.03852383681721329,0.0007689610863243357,0.0,0.7049525015513833,0.5757120538066434,0.9017239044448122,0.0,1.0,0.64,75,113,0.2559803816474948,74.99999999999999,0.013333333333333332
20,10,equal_weight,vol_target_30pct_max_1p50,0.3,1.5,2024,26,0.4337190108988629,1.305899009690612,1.5419377715314169,-0.16434227292161885,2.6391201921961986,0.016338660474945768,-0.017673314871082705,-0.00026514577724847207,0.9990191380715245,25.175282279402417,0.01722797012106265,0.0009990191380715246,5.596939917486272e-05,0.9730098436297369,0.8203425397999752,1.2342809285626888,0.38461538461538464,0.6153846153846154,0.7692307692307693,75,113,0.31528796707348733,74.99999999999999,0.013333333333333332
20,10,equal_weight,vol_target_30pct_max_1p50,0.3,1.5,2025,25,0.7623878698762034,1.8612668752808819,2.07661136302844,-0.2638844690300015,2.889097159369111,0.024990464051988046,0.09019189801549282,0.10917532406885332,0.7518807644970816,18.947395265326456,0.04023708056966361,0.0007518807644970817,1.2293706358361303e-06,0.7760635940740671,0.671390340477509,1.0061217577938284,0.12,0.88,0.68,75,113,0.3383500251757623,74.99999999999999,0.013333333333333332
20,10,equal_weight,vol_target_30pct_max_1p50,0.3,1.5,2026,11,0.9482066937638238,1.8459039175313212,4.844338270552673,-0.12342140214346675,7.682676402117156,0.02959299838877115,0.027895204049558718,0.04338840353177768,0.6864882743930559,17.29950451470501,0.05481120531272005,0.000686488274393056,0.0,0.8139314824127499,0.7065340451650804,0.9288852830572326,0.0,1.0,0.5454545454545454,75,113,0.4039991206012375,74.99999999999999,0.013333333333333334
20,10,equal_weight,regime_dd_vol_target_30pct_max_1p50,0.3,1.5,2021,26,0.016337513994584496,0.1859665163121574,0.26367346764859495,-0.17292304098656142,0.09447852583077204,0.0018183846551909728,-0.04151941140090673,-0.054243463635006,0.47917603717394885,12.075236136783511,0.001352976770766185,0.00047917603717394886,0.0,0.681876084860831,0.65,1.0,0.0,0.9615384615384616,0.5384615384615384,75,113,0.2464061499861352,74.99999999999999,0.013333333333333332
20,10,equal_weight,regime_dd_vol_target_30pct_max_1p50,0.3,1.5,2022,26,-0.20299807389597935,-0.7705692669366208,-1.3618063184334437,-0.20305420903645444,-0.9997235460385605,-0.007744935087202079,-0.08470086902554524,-0.08391591623005151,0.35282051282051285,8.891076923076923,-0.022831663211584054,0.00035282051282051283,0.0,0.5057692307692307,0.5,0.65,0.0,1.0,0.38461538461538464,75,113,0.2532833485215357,74.99999999999999,0.013333333333333332
20,10,equal_weight,regime_dd_vol_target_30pct_max_1p50,0.3,1.5,2023,25,0.6202901145073709,2.2529623100527454,5.743537771779954,-0.1311778073420231,4.728620847351666,0.020288195443214647,0.06177551873293561,0.057163221451042814,0.6672077283437333,16.81363475426208,0.036892089281892713,0.0006672077283437334,0.0,0.6149798550659908,0.5,0.9017239044448122,0.0,1.0,0.64,75,113,0.2269290182475532,74.99999999999999,0.013333333333333332
20,10,equal_weight,regime_dd_vol_target_30pct_max_1p50,0.3,1.5,2024,26,0.4218122332076273,1.5579465440335807,2.561924412927488,-0.08629836116974066,4.887835962237601,0.01520603576475826,-0.017673314871082705,-0.00026514577724847207,0.7908499524618267,19.929418802038033,0.021165305290513123,0.0007908499524618267,5.164429147347217e-06,0.7673530122095026,0.65,1.0660892243741438,0.07692307692307693,0.9230769230769231,0.7692307692307693,75,113,0.2459597235472597,74.99999999999999,0.013333333333333332
20,10,equal_weight,regime_dd_vol_target_30pct_max_1p50,0.3,1.5,2025,25,0.7998463247007559,2.261852187223215,3.2837716109461423,-0.19383579048264998,4.126411962977236,0.025070056723222902,0.09019189801549282,0.10917532406885332,0.6863351881134185,17.295646740458146,0.04624552852538018,0.0006863351881134186,7.435168426751462e-07,0.7036847891485283,0.65,1.0049592745989542,0.08,0.92,0.68,75,113,0.2793133136612301,74.99999999999999,0.013333333333333332
20,10,equal_weight,regime_dd_vol_target_30pct_max_1p50,0.3,1.5,2026,11,0.7650397315434154,1.9582087723743,5.482338955077159,-0.09153165885351688,8.358198039082307,0.024518794933310717,0.027895204049558718,0.04338840353177768,0.5255151515151515,13.242981818181818,0.05776944664328255,0.0005255151515151517,0.0,0.6500000000000001,0.65,0.65,0.0,1.0,0.5454545454545454,75,113,0.31553000938212894,74.99999999999999,0.013333333333333334
20,10,buffer_inverse_volatility,static_1x,,1.0,2021,26,0.036599435369982114,0.27022803664098116,0.3717652989410097,-0.22654849439968439,0.16155232223884117,0.003474956512108801,-0.04151941140090673,-0.054243463635006,0.5699461950607803,14.362644115531662,0.0025482379898561815,0.0005699461950607802,0.0,1.0,1.0,1.0,0.0,0.0,0.5384615384615384,75,113,0.324055583549548,69.5340840812628,0.021294978587903777
20,10,buffer_inverse_volatility,static_1x,,1.0,2022,26,-0.36411845791811304,-0.7399467527062206,-1.374705108567924,-0.38689973610091477,-0.9411183930689999,-0.013687648992030173,-0.08470086902554524,-0.08391591623005151,0.5445717659231815,13.723208501264173,-0.026533041298947742,0.0005445717659231815,0.0,1.0,1.0,1.0,0.0,0.0,0.38461538461538464,75,113,0.4661534810952899,70.45049007747699,0.021229256551981025
20,10,buffer_inverse_volatility,static_1x,,1.0,2023,25,0.7907650115401232,2.156191590115709,4.536585826088,-0.16517754740111945,4.787363803264487,0.0249688725278712,0.06177551873293561,0.057163221451042814,0.9332162126183345,23.51704855798203,0.03362518088060528,0.0009332162126183346,0.0,1.0,1.0,1.0,0.0,0.0,0.64,75,113,0.29181803258428823,65.00476384721591,0.023336614153870006
20,10,buffer_inverse_volatility,static_1x,,1.0,2024,26,0.4956311676411356,1.550784112667816,2.3976563093208565,-0.12351683282260395,4.012660916856294,0.017675593766699735,-0.017673314871082705,-0.00026514577724847207,0.8490746993695505,21.396682424112672,0.023163925968382435,0.0008490746993695503,0.0,1.0,1.0,1.0,0.0,0.0,0.6923076923076923,75,113,0.2872256423587988,64.79623194663895,0.025359981356314433
20,10,buffer_inverse_volatility,static_1x,,1.0,2025,25,1.198226788061544,2.270180263755496,3.2187205800456553,-0.2627836903594716,4.559745646400068,0.034538526316426586,0.09019189801549282,0.10917532406885332,0.8346869313644595,21.03411067038438,0.056965887782868055,0.0008346869313644595,0.0,1.0,1.0,1.0,0.0,0.0,0.68,75,113,0.3833928420001854,64.62469297638334,0.02765404067390637
20,10,buffer_inverse_volatility,static_1x,,1.0,2026,11,1.1570866052461342,1.9131997453367608,5.3684559766823385,-0.1277391907916754,9.058195829134219,0.034489447162620944,0.027895204049558718,0.04338840353177768,0.6625315321532206,16.695794610261157,0.06930407520316488,0.0006625315321532206,0.0,1.0,1.0,1.0,0.0,0.0,0.6363636363636364,75,113,0.45428297312733706,70.29622549145381,0.02332532371947339
20,10,buffer_inverse_volatility,legacy_risk_scaled,,1.0,2021,26,-0.06886087545442232,-0.27223073819779964,-0.2902644529057241,-0.16650934521354188,-0.4135556197528185,-0.002086431772218696,-0.04151941140090673,-0.054243463635006,0.317944768037598,8.01220815454747,-0.008594494067823128,0.0003179447680375979,0.0,0.5346153846153846,0.45,1.0,0.0,0.8461538461538461,0.5384615384615384,75,113,0.19313792780339348,69.5340840812628,0.021294978587903777
20,10,buffer_inverse_volatility,legacy_risk_scaled,,1.0,2022,26,-0.16211806710426635,-0.7399467527062206,-1.374705108567924,-0.18125924719094688,-0.8943988768390044,-0.006159442046413578,-0.08470086902554524,-0.08391591623005151,0.24505729466543166,6.175443825568878,-0.026252051137285206,0.00024505729466543167,0.0,0.44999999999999996,0.45,0.45,0.0,1.0,0.38461538461538464,75,113,0.20976906649288046,70.45049007747699,0.021229256551981025
20,10,buffer_inverse_volatility,legacy_risk_scaled,,1.0,2023,25,0.3856909851047301,2.3185071526639414,5.421123345927678,-0.07664244234865702,5.032342045549236,0.013426771659818062,0.06177551873293561,0.057163221451042814,0.44913771871865954,11.318270511710221,0.0340768481108207,0.0004491377187186597,0.0,0.486,0.45,0.75,0.0,1.0,0.64,75,113,0.14593642527203296,65.00476384721591,0.023336614153870006
20,10,buffer_inverse_volatility,legacy_risk_scaled,,1.0,2024,26,0.36802470589117187,1.7033577070357713,3.436175648110009,-0.055895079436739326,6.584205794137803,0.01322906685558689,-0.017673314871082705,-0.00026514577724847207,0.5614173464749463,14.147717131168648,0.02601300990676309,0.0005614173464749464,0.0,0.6423076923076922,0.45,1.0,0.0,0.6923076923076923,0.6923076923076923,75,113,0.19571490085951082,64.79623194663895,0.025359981356314433
20,10,buffer_inverse_volatility,legacy_risk_scaled,,1.0,2025,25,0.7970211005345318,2.3687724856658474,4.9142858175643775,-0.13912971295447496,5.728618880967054,0.024772792784968946,0.09019189801549282,0.10917532406885332,0.5467128550529565,13.777163947334504,0.057850883068625535,0.0005467128550529566,0.0,0.594,0.45,1.0,0.0,0.76,0.68,75,113,0.26354340991331543,64.62469297638334,0.02765404067390637
20,10,buffer_inverse_volatility,legacy_risk_scaled,,1.0,2026,11,0.4475945184105057,1.9131997453367608,5.3684559766823385,-0.058431492995631884,7.660158853787394,0.015520251223179425,0.027895204049558718,0.04338840353177768,0.2981391894689493,7.513107574617522,0.05957515102308273,0.0002981391894689493,0.0,0.45,0.45,0.45,0.0,1.0,0.6363636363636364,75,113,0.20442733790730166,70.29622549145381,0.02332532371947339
20,10,buffer_inverse_volatility,vol_target_20pct_max_1p25,0.2,1.25,2021,26,0.05376568394882142,0.3305239443905375,0.4953009235786112,-0.16180573870741588,0.332285395921852,0.0032526738076604877,-0.04151941140090673,-0.054243463635006,0.4285491500846721,10.799438582133737,0.004978562870644936,0.0004285491500846721,0.0,0.7158875653130641,0.5281397117619081,1.0,0.0,0.7692307692307693,0.5384615384615384,75,113,0.24799225999854946,69.5340840812628,0.021294978587903777
20,10,buffer_inverse_volatility,vol_target_20pct_max_1p25,0.2,1.25,2022,26,-0.21083986784655473,-0.8203998399190218,-1.4324928158433732,-0.2162103317242563,-0.9751609285510426,-0.00815583641828982,-0.08470086902554524,-0.08391591623005151,0.2933812187518869,7.393206712547549,-0.028518053943862146,0.0002933812187518869,0.0,0.5289301892341727,0.5,0.6315158972220517,0.0,1.0,0.38461538461538464,75,113,0.2505206214584223,70.45049007747699,0.021229256551981025
20,10,buffer_inverse_volatility,vol_target_20pct_max_1p25,0.2,1.25,2023,25,0.4435146305111586,2.307408314018955,5.090167288167424,-0.09388783745555263,4.72387736826,0.015188330616138852,0.06177551873293561,0.057163221451042814,0.5211590266069754,13.133207470495782,0.03377047316944699,0.0005211590266069754,0.0,0.5638820395065184,0.5,0.7587587714515635,0.0,1.0,0.64,75,113,0.1658769838009498,65.00476384721591,0.023336614153870006
20,10,buffer_inverse_volatility,vol_target_20pct_max_1p25,0.2,1.25,2024,26,0.30799519650551566,1.3032686764017705,1.680267583999549,-0.12159499714439814,2.532959445196261,0.011698820094713163,-0.017673314871082705,-0.00026514577724847207,0.6504546785138421,16.39145789854882,0.01878998185590211,0.0006504546785138422,0.0,0.7566804221428154,0.6519531041553402,0.9866135648238717,0.0,1.0,0.6923076923076923,75,113,0.22620835728264513,64.79623194663895,0.025359981356314433
20,10,buffer_inverse_volatility,vol_target_20pct_max_1p25,0.2,1.25,2025,25,0.5106622897396631,2.029067400016537,2.358906533272082,-0.16923251810539963,3.0175187100957617,0.017407664586374973,0.09019189801549282,0.10917532406885332,0.45972330973317904,11.585027405276112,0.0440795064073042,0.00045972330973317904,0.0,0.5405935305645131,0.5,0.6762566573261953,0.0,1.0,0.68,75,113,0.21619446824342753,64.62469297638334,0.02765404067390637
20,10,buffer_inverse_volatility,vol_target_20pct_max_1p25,0.2,1.25,2026,11,0.5965135605574208,1.8151537535380102,4.8308811864850405,-0.0841231414513599,7.090956783899061,0.020085943776057182,0.027895204049558718,0.04338840353177768,0.4052373489479564,10.2119811934885,0.05841310802038861,0.0004052373489479564,0.0,0.5986486926570443,0.5205027150609605,0.7010500077271908,0.0,1.0,0.6363636363636364,75,113,0.2788555967614573,70.29622549145381,0.02332532371947339
20,10,buffer_inverse_volatility,regime_dd_vol_target_20pct_max_1p25,0.2,1.25,2021,26,-0.0032916149025987718,0.0877598949532741,0.11722716109634262,-0.15033471561876366,-0.02189524148863948,0.000737174590811424,-0.04151941140090673,-0.054243463635006,0.3862718888408561,9.734051598789573,-0.00033815465936178963,0.0003862718888408561,0.0,0.6398629476977055,0.5281397117619081,1.0,0.0,0.9615384615384616,0.5384615384615384,75,113,0.2116775515551689,69.5340840812628,0.021294978587903777
20,10,buffer_inverse_volatility,regime_dd_vol_target_20pct_max_1p25,0.2,1.25,2022,26,-0.19763727779984497,-0.7992865938509669,-1.3874722166246873,-0.2006792681877798,-0.9848415313878442,-0.007604315734112762,-0.08470086902554524,-0.08391591623005151,0.2811724272219058,7.085545165992025,-0.027893023496403664,0.0002811724272219058,0.0,0.5049154695811199,0.5,0.6278022091091163,0.0,1.0,0.38461538461538464,75,113,0.23974974430181953,70.45049007747699,0.021229256551981025
20,10,buffer_inverse_volatility,regime_dd_vol_target_20pct_max_1p25,0.2,1.25,2023,25,0.4159063086403185,2.2383393382069103,4.814644459520793,-0.09373206023160485,4.437183047216132,0.014387594671394397,0.06177551873293561,0.057163221451042814,0.5059306930672842,12.749453465295561,0.03262150097433034,0.0005059306930672841,0.0,0.5486022080918891,0.5,0.75,0.0,1.0,0.64,75,113,0.16198052704983706,65.00476384721591,0.023336614153870006
20,10,buffer_inverse_volatility,regime_dd_vol_target_20pct_max_1p25,0.2,1.25,2024,26,0.3210457967391618,1.5434865109592038,2.4332556482026098,-0.08057319309891109,3.984523690714953,0.011818656228061728,-0.017673314871082705,-0.00026514577724847207,0.5705371810115895,14.377536961492053,0.022329679805312405,0.0005705371810115895,0.0,0.668209113422039,0.65,0.7540287324355146,0.0,1.0,0.6923076923076923,75,113,0.19295933902400497,64.79623194663895,0.025359981356314433
20,10,buffer_inverse_volatility,regime_dd_vol_target_20pct_max_1p25,0.2,1.25,2025,25,0.5179348896567209,2.0749729890275543,2.47684159042291,-0.16526487150991698,3.1339684285274223,0.01757626278386734,0.09019189801549282,0.10917532406885332,0.45835345492647733,11.550507064147228,0.04484087900040256,0.00045835345492647734,0.0,0.53963290875063,0.5,0.6762566573261953,0.0,1.0,0.68,75,113,0.21345907850156373,64.62469297638334,0.02765404067390637
20,10,buffer_inverse_volatility,regime_dd_vol_target_20pct_max_1p25,0.2,1.25,2026,11,0.6019423051610813,1.848787812744404,5.043010959017234,-0.081204763509794,7.412647720949052,0.020187798940451026,0.027895204049558718,0.04338840353177768,0.396019226209344,9.979684500475468,0.060316767041323056,0.0003960192262093439,0.0,0.5892134924353513,0.5205027150609605,0.65,0.0,1.0,0.6363636363636364,75,113,0.2751708604916569,70.29622549145381,0.02332532371947339
20,10,buffer_inverse_volatility,vol_target_20pct_max_1p50,0.2,1.5,2021,26,0.05376568394882142,0.3305239443905375,0.4953009235786112,-0.16180573870741588,0.332285395921852,0.0032526738076604877,-0.04151941140090673,-0.054243463635006,0.4285491500846721,10.799438582133737,0.004978562870644936,0.0004285491500846721,0.0,0.7158875653130641,0.5281397117619081,1.0,0.0,0.7692307692307693,0.5384615384615384,75,113,0.24799225999854946,69.5340840812628,0.021294978587903777
20,10,buffer_inverse_volatility,vol_target_20pct_max_1p50,0.2,1.5,2022,26,-0.21083986784655473,-0.8203998399190218,-1.4324928158433732,-0.2162103317242563,-0.9751609285510426,-0.00815583641828982,-0.08470086902554524,-0.08391591623005151,0.2933812187518869,7.393206712547549,-0.028518053943862146,0.0002933812187518869,0.0,0.5289301892341727,0.5,0.6315158972220517,0.0,1.0,0.38461538461538464,75,113,0.2505206214584223,70.45049007747699,0.021229256551981025
20,10,buffer_inverse_volatility,vol_target_20pct_max_1p50,0.2,1.5,2023,25,0.4435146305111586,2.307408314018955,5.090167288167424,-0.09388783745555263,4.72387736826,0.015188330616138852,0.06177551873293561,0.057163221451042814,0.5211590266069754,13.133207470495782,0.03377047316944699,0.0005211590266069754,0.0,0.5638820395065184,0.5,0.7587587714515635,0.0,1.0,0.64,75,113,0.1658769838009498,65.00476384721591,0.023336614153870006
20,10,buffer_inverse_volatility,vol_target_20pct_max_1p50,0.2,1.5,2024,26,0.30799519650551566,1.3032686764017705,1.680267583999549,-0.12159499714439814,2.532959445196261,0.011698820094713163,-0.017673314871082705,-0.00026514577724847207,0.6504546785138421,16.39145789854882,0.01878998185590211,0.0006504546785138422,0.0,0.7566804221428154,0.6519531041553402,0.9866135648238717,0.0,1.0,0.6923076923076923,75,113,0.22620835728264513,64.79623194663895,0.025359981356314433
20,10,buffer_inverse_volatility,vol_target_20pct_max_1p50,0.2,1.5,2025,25,0.5106622897396631,2.029067400016537,2.358906533272082,-0.16923251810539963,3.0175187100957617,0.017407664586374973,0.09019189801549282,0.10917532406885332,0.45972330973317904,11.585027405276112,0.0440795064073042,0.00045972330973317904,0.0,0.5405935305645131,0.5,0.6762566573261953,0.0,1.0,0.68,75,113,0.21619446824342753,64.62469297638334,0.02765404067390637
20,10,buffer_inverse_volatility,vol_target_20pct_max_1p50,0.2,1.5,2026,11,0.5965135605574208,1.8151537535380102,4.8308811864850405,-0.0841231414513599,7.090956783899061,0.020085943776057182,0.027895204049558718,0.04338840353177768,0.4052373489479564,10.2119811934885,0.05841310802038861,0.0004052373489479564,0.0,0.5986486926570443,0.5205027150609605,0.7010500077271908,0.0,1.0,0.6363636363636364,75,113,0.2788555967614573,70.29622549145381,0.02332532371947339
20,10,buffer_inverse_volatility,regime_dd_vol_target_20pct_max_1p50,0.2,1.5,2021,26,-0.0032916149025987718,0.0877598949532741,0.11722716109634262,-0.15033471561876366,-0.02189524148863948,0.000737174590811424,-0.04151941140090673,-0.054243463635006,0.3862718888408561,9.734051598789573,-0.00033815465936178963,0.0003862718888408561,0.0,0.6398629476977055,0.5281397117619081,1.0,0.0,0.9615384615384616,0.5384615384615384,75,113,0.2116775515551689,69.5340840812628,0.021294978587903777
20,10,buffer_inverse_volatility,regime_dd_vol_target_20pct_max_1p50,0.2,1.5,2022,26,-0.19763727779984497,-0.7992865938509669,-1.3874722166246873,-0.2006792681877798,-0.9848415313878442,-0.007604315734112762,-0.08470086902554524,-0.08391591623005151,0.2811724272219058,7.085545165992025,-0.027893023496403664,0.0002811724272219058,0.0,0.5049154695811199,0.5,0.6278022091091163,0.0,1.0,0.38461538461538464,75,113,0.23974974430181953,70.45049007747699,0.021229256551981025
20,10,buffer_inverse_volatility,regime_dd_vol_target_20pct_max_1p50,0.2,1.5,2023,25,0.4159063086403185,2.2383393382069103,4.814644459520793,-0.09373206023160485,4.437183047216132,0.014387594671394397,0.06177551873293561,0.057163221451042814,0.5059306930672842,12.749453465295561,0.03262150097433034,0.0005059306930672841,0.0,0.5486022080918891,0.5,0.75,0.0,1.0,0.64,75,113,0.16198052704983706,65.00476384721591,0.023336614153870006
20,10,buffer_inverse_volatility,regime_dd_vol_target_20pct_max_1p50,0.2,1.5,2024,26,0.3210457967391618,1.5434865109592038,2.4332556482026098,-0.08057319309891109,3.984523690714953,0.011818656228061728,-0.017673314871082705,-0.00026514577724847207,0.5705371810115895,14.377536961492053,0.022329679805312405,0.0005705371810115895,0.0,0.668209113422039,0.65,0.7540287324355146,0.0,1.0,0.6923076923076923,75,113,0.19295933902400497,64.79623194663895,0.025359981356314433
20,10,buffer_inverse_volatility,regime_dd_vol_target_20pct_max_1p50,0.2,1.5,2025,25,0.5179348896567209,2.0749729890275543,2.47684159042291,-0.16526487150991698,3.1339684285274223,0.01757626278386734,0.09019189801549282,0.10917532406885332,0.45835345492647733,11.550507064147228,0.04484087900040256,0.00045835345492647734,0.0,0.53963290875063,0.5,0.6762566573261953,0.0,1.0,0.68,75,113,0.21345907850156373,64.62469297638334,0.02765404067390637
20,10,buffer_inverse_volatility,regime_dd_vol_target_20pct_max_1p50,0.2,1.5,2026,11,0.6019423051610813,1.848787812744404,5.043010959017234,-0.081204763509794,7.412647720949052,0.020187798940451026,0.027895204049558718,0.04338840353177768,0.396019226209344,9.979684500475468,0.060316767041323056,0.0003960192262093439,0.0,0.5892134924353513,0.5205027150609605,0.65,0.0,1.0,0.6363636363636364,75,113,0.2751708604916569,70.29622549145381,0.02332532371947339
20,10,buffer_inverse_volatility,vol_target_25pct_max_1p25,0.25,1.25,2021,26,0.02719084865924093,0.23296100385559415,0.32149075793445053,-0.20020208626096603,0.135817009538039,0.0026234903011589238,-0.04151941140090673,-0.054243463635006,0.49327828644250205,12.430612818351051,0.0021874101507770925,0.000493278286442502,0.0,0.8371671489490223,0.6601746397023851,1.0,0.0,0.7692307692307693,0.5384615384615384,75,113,0.2837897952662746,69.5340840812628,0.021294978587903777
20,10,buffer_inverse_volatility,vol_target_25pct_max_1p25,0.25,1.25,2022,26,-0.2582891359903243,-0.8422466292679585,-1.3865811069343066,-0.2537322278039623,-1.0179595167149313,-0.010052601155597444,-0.08470086902554524,-0.08391591623005151,0.3444978643034871,8.681346180447875,-0.029752198636202647,0.0003444978643034871,0.0,0.6165394888069351,0.5133502965305983,0.7893948715275646,0.0,1.0,0.38461538461538464,75,113,0.30077359803889553,70.45049007747699,0.021229256551981025
20,10,buffer_inverse_volatility,vol_target_25pct_max_1p25,0.25,1.25,2023,25,0.5373973149575888,2.260525484101341,4.858121144233816,-0.11645532324728547,4.614622157000585,0.017962077755844484,0.06177551873293561,0.057163221451042814,0.630273124610441,15.882882740183113,0.03383499857982287,0.0006302731246104411,0.0,0.6867494071544807,0.5069994824392936,0.9484484643144542,0.0,1.0,0.64,75,113,0.2002385563139215,65.00476384721591,0.023336614153870006
20,10,buffer_inverse_volatility,vol_target_25pct_max_1p25,0.25,1.25,2024,26,0.3855683489282611,1.2978092321543282,1.6720238032599428,-0.15241863630492447,2.5296667013665166,0.014576735895316469,-0.017673314871082705,-0.00026514577724847207,0.8130683481423027,20.489322373186027,0.018818013690528233,0.0008130683481423028,4.678922307498856e-05,0.9458505276785192,0.8149413801941753,1.2332669560298397,0.2692307692307692,0.7307692307692307,0.6923076923076923,75,113,0.2830414019726235,64.79623194663895,0.025359981356314433
20,10,buffer_inverse_volatility,vol_target_25pct_max_1p25,0.25,1.25,2025,25,0.6558583081171818,2.0206715065732785,2.3419268983098016,-0.20912856493277465,3.1361488485707847,0.021624176733641365,0.09019189801549282,0.10917532406885332,0.5723918410724945,14.424274395026861,0.045469067639430504,0.0005723918410724945,0.0,0.6721081939547661,0.5950398273459715,0.8453208216577441,0.0,1.0,0.68,75,113,0.26967730871400836,64.62469297638334,0.02765404067390637
20,10,buffer_inverse_volatility,vol_target_25pct_max_1p25,0.25,1.25,2026,11,0.7745103772881161,1.8151537535380102,4.8308811864850405,-0.10463797306944622,7.4018098264775105,0.025107429720071475,0.027895204049558718,0.04338840353177768,0.5065466861849454,12.764976491860622,0.060674641882965466,0.0005065466861849455,0.0,0.7483108658213055,0.6506283938262006,0.8763125096589884,0.0,1.0,0.6363636363636364,75,113,0.3485694959518216,70.29622549145381,0.02332532371947339
20,10,buffer_inverse_volatility,regime_dd_vol_target_25pct_max_1p25,0.25,1.25,2021,26,-0.008855532022222223,0.0706687345157589,0.09167577685759347,-0.150334715618764,-0.05890543635096964,0.0006302933596411259,-0.04151941140090673,-0.054243463635006,0.40101471817049167,10.10557089789639,-0.0008763020032906424,0.0004010147181704917,0.0,0.6777255047884163,0.65,1.0,0.0,0.9615384615384616,0.5384615384615384,75,113,0.22475841362936003,69.5340840812628,0.021294978587903777
20,10,buffer_inverse_volatility,regime_dd_vol_target_25pct_max_1p25,0.25,1.25,2022,26,-0.20059498799053288,-0.808802170810634,-1.3862716571792135,-0.2006792681877797,-0.9995800253907247,-0.007736529368437198,-0.08470086902554524,-0.08391591623005151,0.2828408703269638,7.127589932239488,-0.028143452400818177,0.00028284087032696384,0.0,0.5057692307692307,0.5,0.65,0.0,1.0,0.38461538461538464,75,113,0.24104848765330997,70.45049007747699,0.021229256551981025
20,10,buffer_inverse_volatility,regime_dd_vol_target_25pct_max_1p25,0.25,1.25,2023,25,0.4356799719148774,2.163938703256929,4.326086555405881,-0.1090710141287562,3.9944615477817575,0.015028567901194388,0.06177551873293561,0.057163221451042814,0.5470711755837422,13.786193624710302,0.03160262968699111,0.0005470711755837422,0.0,0.5979609049897477,0.5,0.9113021627405539,0.0,1.0,0.64,75,113,0.17501415846026042,65.00476384721591,0.023336614153870006
20,10,buffer_inverse_volatility,regime_dd_vol_target_25pct_max_1p25,0.25,1.25,2024,26,0.36750193885902505,1.5770400875692947,2.646444152811033,-0.08057319309891109,4.561094387904948,0.013361839284943526,-0.017673314871082705,-0.00026514577724847207,0.6352214780918056,16.0075812479135,0.022957993038887552,0.0006352214780918057,0.0,0.7352613917775488,0.65,0.9425359155443932,0.0,1.0,0.6923076923076923,75,113,0.2135128666891174,64.79623194663895,0.025359981356314433
20,10,buffer_inverse_volatility,regime_dd_vol_target_25pct_max_1p25,0.25,1.25,2025,25,0.7120870274777691,2.3169638925827747,3.245128442345376,-0.1766766494072225,4.030453542485276,0.02272709577980446,0.09019189801549282,0.10917532406885332,0.560806640430533,14.13232733884943,0.05038710259139405,0.000560806640430533,0.0,0.6590922415980524,0.5950398273459715,0.8453208216577441,0.0,1.0,0.68,75,113,0.2471867669084151,64.62469297638334,0.02765404067390637
20,10,buffer_inverse_volatility,regime_dd_vol_target_25pct_max_1p25,0.25,1.25,2026,11,0.6843662296918127,1.9131997453367604,5.368455976682337,-0.08390435638682492,8.15650413354789,0.02241814065570361,0.027895204049558718,0.04338840353177768,0.4306454958995934,10.852266496669753,0.06306205527682397,0.0004306454958995934,0.0,0.6500000000000001,0.65,0.65,0.0,1.0,0.6363636363636364,75,113,0.29528393253276913,70.29622549145381,0.02332532371947339
20,10,buffer_inverse_volatility,vol_target_25pct_max_1p50,0.25,1.5,2021,26,0.02719084865924093,0.23296100385559415,0.32149075793445053,-0.20020208626096603,0.135817009538039,0.0026234903011589238,-0.04151941140090673,-0.054243463635006,0.49327828644250205,12.430612818351051,0.0021874101507770925,0.000493278286442502,0.0,0.8371671489490223,0.6601746397023851,1.0,0.0,0.7692307692307693,0.5384615384615384,75,113,0.2837897952662746,69.5340840812628,0.021294978587903777
20,10,buffer_inverse_volatility,vol_target_25pct_max_1p50,0.25,1.5,2022,26,-0.2582891359903243,-0.8422466292679585,-1.3865811069343066,-0.2537322278039623,-1.0179595167149313,-0.010052601155597444,-0.08470086902554524,-0.08391591623005151,0.3444978643034871,8.681346180447875,-0.029752198636202647,0.0003444978643034871,0.0,0.6165394888069351,0.5133502965305983,0.7893948715275646,0.0,1.0,0.38461538461538464,75,113,0.30077359803889553,70.45049007747699,0.021229256551981025
20,10,buffer_inverse_volatility,vol_target_25pct_max_1p50,0.25,1.5,2023,25,0.5373973149575888,2.260525484101341,4.858121144233816,-0.11645532324728547,4.614622157000585,0.017962077755844484,0.06177551873293561,0.057163221451042814,0.630273124610441,15.882882740183113,0.03383499857982287,0.0006302731246104411,0.0,0.6867494071544807,0.5069994824392936,0.9484484643144542,0.0,1.0,0.64,75,113,0.2002385563139215,65.00476384721591,0.023336614153870006
20,10,buffer_inverse_volatility,vol_target_25pct_max_1p50,0.25,1.5,2024,26,0.3855683489282611,1.2978092321543282,1.6720238032599428,-0.15241863630492447,2.5296667013665166,0.014576735895316469,-0.017673314871082705,-0.00026514577724847207,0.8130683481423027,20.489322373186027,0.018818013690528233,0.0008130683481423028,4.678922307498856e-05,0.9458505276785192,0.8149413801941753,1.2332669560298397,0.2692307692307692,0.7307692307692307,0.6923076923076923,75,113,0.2830414019726235,64.79623194663895,0.025359981356314433
20,10,buffer_inverse_volatility,vol_target_25pct_max_1p50,0.25,1.5,2025,25,0.6558583081171818,2.0206715065732785,2.3419268983098016,-0.20912856493277465,3.1361488485707847,0.021624176733641365,0.09019189801549282,0.10917532406885332,0.5723918410724945,14.424274395026861,0.045469067639430504,0.0005723918410724945,0.0,0.6721081939547661,0.5950398273459715,0.8453208216577441,0.0,1.0,0.68,75,113,0.26967730871400836,64.62469297638334,0.02765404067390637
20,10,buffer_inverse_volatility,vol_target_25pct_max_1p50,0.25,1.5,2026,11,0.7745103772881161,1.8151537535380102,4.8308811864850405,-0.10463797306944622,7.4018098264775105,0.025107429720071475,0.027895204049558718,0.04338840353177768,0.5065466861849454,12.764976491860622,0.060674641882965466,0.0005065466861849455,0.0,0.7483108658213055,0.6506283938262006,0.8763125096589884,0.0,1.0,0.6363636363636364,75,113,0.3485694959518216,70.29622549145381,0.02332532371947339
20,10,buffer_inverse_volatility,regime_dd_vol_target_25pct_max_1p50,0.25,1.5,2021,26,-0.008855532022222223,0.0706687345157589,0.09167577685759347,-0.150334715618764,-0.05890543635096964,0.0006302933596411259,-0.04151941140090673,-0.054243463635006,0.40101471817049167,10.10557089789639,-0.0008763020032906424,0.0004010147181704917,0.0,0.6777255047884163,0.65,1.0,0.0,0.9615384615384616,0.5384615384615384,75,113,0.22475841362936003,69.5340840812628,0.021294978587903777
20,10,buffer_inverse_volatility,regime_dd_vol_target_25pct_max_1p50,0.25,1.5,2022,26,-0.20059498799053288,-0.808802170810634,-1.3862716571792135,-0.2006792681877797,-0.9995800253907247,-0.007736529368437198,-0.08470086902554524,-0.08391591623005151,0.2828408703269638,7.127589932239488,-0.028143452400818177,0.00028284087032696384,0.0,0.5057692307692307,0.5,0.65,0.0,1.0,0.38461538461538464,75,113,0.24104848765330997,70.45049007747699,0.021229256551981025
20,10,buffer_inverse_volatility,regime_dd_vol_target_25pct_max_1p50,0.25,1.5,2023,25,0.4356799719148774,2.163938703256929,4.326086555405881,-0.1090710141287562,3.9944615477817575,0.015028567901194388,0.06177551873293561,0.057163221451042814,0.5470711755837422,13.786193624710302,0.03160262968699111,0.0005470711755837422,0.0,0.5979609049897477,0.5,0.9113021627405539,0.0,1.0,0.64,75,113,0.17501415846026042,65.00476384721591,0.023336614153870006
20,10,buffer_inverse_volatility,regime_dd_vol_target_25pct_max_1p50,0.25,1.5,2024,26,0.36750193885902505,1.5770400875692947,2.646444152811033,-0.08057319309891109,4.561094387904948,0.013361839284943526,-0.017673314871082705,-0.00026514577724847207,0.6352214780918056,16.0075812479135,0.022957993038887552,0.0006352214780918057,0.0,0.7352613917775488,0.65,0.9425359155443932,0.0,1.0,0.6923076923076923,75,113,0.2135128666891174,64.79623194663895,0.025359981356314433
20,10,buffer_inverse_volatility,regime_dd_vol_target_25pct_max_1p50,0.25,1.5,2025,25,0.7120870274777691,2.3169638925827747,3.245128442345376,-0.1766766494072225,4.030453542485276,0.02272709577980446,0.09019189801549282,0.10917532406885332,0.560806640430533,14.13232733884943,0.05038710259139405,0.000560806640430533,0.0,0.6590922415980524,0.5950398273459715,0.8453208216577441,0.0,1.0,0.68,75,113,0.2471867669084151,64.62469297638334,0.02765404067390637
20,10,buffer_inverse_volatility,regime_dd_vol_target_25pct_max_1p50,0.25,1.5,2026,11,0.6843662296918127,1.9131997453367604,5.368455976682337,-0.08390435638682492,8.15650413354789,0.02241814065570361,0.027895204049558718,0.04338840353177768,0.4306454958995934,10.852266496669753,0.06306205527682397,0.0004306454958995934,0.0,0.6500000000000001,0.65,0.65,0.0,1.0,0.6363636363636364,75,113,0.29528393253276913,70.29622549145381,0.02332532371947339
20,10,buffer_inverse_volatility,vol_target_30pct_max_1p25,0.3,1.25,2021,26,-0.0014649028025359723,0.1547759122056871,0.20145715864052197,-0.23793492066048338,-0.006156737306443079,0.0019788329595425234,-0.04151941140090673,-0.054243463635006,0.5588575769452571,14.083210939020477,-0.00010401767103247407,0.0005588575769452571,1.4623680969912822e-05,0.9584467325849807,0.7922095676428621,1.096354539802423,0.15384615384615385,0.6153846153846154,0.5384615384615384,75,113,0.32218573206793405,69.5340840812628,0.021294978587903777
20,10,buffer_inverse_volatility,vol_target_30pct_max_1p25,0.3,1.25,2022,26,-0.30909510227634107,-0.8422466292679589,-1.3865811069343073,-0.30133053755299977,-1.025767599880167,-0.012063121386716938,-0.08470086902554524,-0.08391591623005151,0.4133974371641846,10.417615416537451,-0.02967042743636589,0.00041339743716418465,0.0,0.7398473865683222,0.6160203558367179,0.9472738458330775,0.0,1.0,0.38461538461538464,75,113,0.3609283176466746,70.45049007747699,0.021229256551981025
20,10,buffer_inverse_volatility,vol_target_30pct_max_1p25,0.3,1.25,2023,25,0.6656173599198016,2.258922400475407,4.851405589875043,-0.1386666498500162,4.800125773859416,0.021524697761126088,0.06177551873293561,0.057163221451042814,0.7563277495325292,19.059459288219735,0.03492320269186263,0.0007563277495325292,2.979554588728877e-05,0.8240992885853767,0.6083993789271523,1.138138157177345,0.16,0.84,0.64,75,113,0.24012439890198112,65.00476384721591,0.023336614153870006
20,10,buffer_inverse_volatility,vol_target_30pct_max_1p25,0.3,1.25,2024,26,0.5052129294460765,1.4237693321437679,2.0393257875596693,-0.15491591364573476,3.2612074354182163,0.018395950395550448,-0.017673314871082705,-0.00026514577724847207,0.9550672704620099,24.067695215642647,0.020991329868500105,0.0009550672704620098,0.00023655822449876492,1.118376485771724,0.9779296562330103,1.25,0.9615384615384616,0.038461538461538464,0.6923076923076923,75,113,0.3255990556208023,64.79623194663895,0.025359981356314433
20,10,buffer_inverse_volatility,vol_target_30pct_max_1p25,0.3,1.25,2025,25,0.813622401841199,2.0203647583385655,2.3413488800470916,-0.24810262062785282,3.279378507902222,0.025946075802568216,0.09019189801549282,0.10917532406885332,0.6868702092869935,17.309129274032237,0.047005391719029094,0.0006868702092869935,2.936277801424718e-06,0.8065298327457193,0.7140477928151658,1.0143849859892928,0.12,0.88,0.68,75,113,0.32362527980462363,64.62469297638334,0.02765404067390637
20,10,buffer_inverse_volatility,vol_target_30pct_max_1p25,0.3,1.25,2026,11,0.9632580553618566,1.8138758006481945,4.832029129808001,-0.12510770295103513,7.6994304318644415,0.030112548007991645,0.027895204049558718,0.04338840353177768,0.6078560234219346,15.31797179023275,0.06288417739325398,0.0006078560234219345,1.6367656094126576e-05,0.8979730389855664,0.7807540725914407,1.051575011590786,0.18181818181818182,0.8181818181818182,0.6363636363636364,75,113,0.4183506993864832,70.29622549145381,0.02332532371947339
20,10,buffer_inverse_volatility,regime_dd_vol_target_30pct_max_1p25,0.3,1.25,2021,26,-0.02981006084680482,-0.011905118934311452,-0.014587040580905333,-0.1671532756713754,-0.1783396749305208,-0.00011128643121398704,-0.04151941140090673,-0.054243463635006,0.40848462733464186,10.293812608832974,-0.0028959202949959697,0.00040848462733464194,0.0,0.695578298053792,0.65,1.0,0.0,0.9615384615384616,0.5384615384615384,75,113,0.23556405291424085,69.5340840812628,0.021294978587903777
20,10,buffer_inverse_volatility,regime_dd_vol_target_30pct_max_1p25,0.3,1.25,2022,26,-0.20059498799053288,-0.808802170810634,-1.3862716571792135,-0.2006792681877797,-0.9995800253907247,-0.007736529368437198,-0.08470086902554524,-0.08391591623005151,0.2828408703269638,7.127589932239488,-0.028143452400818177,0.00028284087032696384,0.0,0.5057692307692307,0.5,0.65,0.0,1.0,0.38461538461538464,75,113,0.24104848765330997,70.45049007747699,0.021229256551981025
20,10,buffer_inverse_volatility,regime_dd_vol_target_30pct_max_1p25,0.3,1.25,2023,25,0.45966593053609417,2.2024271234308297,4.542216882411983,-0.10948316556986204,4.198507854093585,0.015727377162013195,0.06177551873293561,0.057163221451042814,0.5665043998784535,14.275910876937028,0.03219871113644259,0.0005665043998784535,0.0,0.618,0.5,1.0,0.0,0.92,0.64,75,113,0.1799514273440975,65.00476384721591,0.023336614153870006
20,10,buffer_inverse_volatility,regime_dd_vol_target_30pct_max_1p25,0.3,1.25,2024,26,0.423210099326647,1.6336657854177234,2.9440021270327663,-0.08057319309891109,5.252492585308333,0.015129078113761817,-0.017673314871082705,-0.00026514577724847207,0.690761324377051,17.407185374301683,0.02431237964245697,0.000690761324377051,2.1902262302585595e-05,0.7948052654402342,0.65,1.0893181374501106,0.2692307692307692,0.6538461538461539,0.6923076923076923,75,113,0.23337256118717856,64.79623194663895,0.025359981356314433
20,10,buffer_inverse_volatility,regime_dd_vol_target_30pct_max_1p25,0.3,1.25,2025,25,0.8099342843419508,2.3739746150855003,3.5747186683154935,-0.18317955500110583,4.421532110049407,0.025162945365253608,0.09019189801549282,0.10917532406885332,0.6146420887917396,15.488980637551839,0.052290999859495445,0.0006146420887917396,2.061411291852032e-06,0.7093820470540381,0.65,1.0143849859892928,0.08,0.92,0.68,75,113,0.2671074152077878,64.62469297638334,0.02765404067390637
20,10,buffer_inverse_volatility,regime_dd_vol_target_30pct_max_1p25,0.3,1.25,2026,11,0.6843662296918127,1.9131997453367604,5.368455976682337,-0.08390435638682492,8.15650413354789,0.02241814065570361,0.027895204049558718,0.04338840353177768,0.4306454958995934,10.852266496669753,0.06306205527682397,0.0004306454958995934,0.0,0.6500000000000001,0.65,0.65,0.0,1.0,0.6363636363636364,75,113,0.29528393253276913,70.29622549145381,0.02332532371947339
20,10,buffer_inverse_volatility,vol_target_30pct_max_1p50,0.3,1.5,2021,26,-0.0014649028025359723,0.1547759122056871,0.20145715864052197,-0.23793492066048338,-0.006156737306443079,0.0019788329595425234,-0.04151941140090673,-0.054243463635006,0.5588575769452571,14.083210939020477,-0.00010401767103247407,0.0005588575769452571,1.4623680969912822e-05,0.9584467325849807,0.7922095676428621,1.096354539802423,0.15384615384615385,0.6153846153846154,0.5384615384615384,75,113,0.32218573206793405,69.5340840812628,0.021294978587903777
20,10,buffer_inverse_volatility,vol_target_30pct_max_1p50,0.3,1.5,2022,26,-0.30909510227634107,-0.8422466292679589,-1.3865811069343073,-0.30133053755299977,-1.025767599880167,-0.012063121386716938,-0.08470086902554524,-0.08391591623005151,0.4133974371641846,10.417615416537451,-0.02967042743636589,0.00041339743716418465,0.0,0.7398473865683222,0.6160203558367179,0.9472738458330775,0.0,1.0,0.38461538461538464,75,113,0.3609283176466746,70.45049007747699,0.021229256551981025
20,10,buffer_inverse_volatility,vol_target_30pct_max_1p50,0.3,1.5,2023,25,0.6656173599198016,2.258922400475407,4.851405589875043,-0.1386666498500162,4.800125773859416,0.021524697761126088,0.06177551873293561,0.057163221451042814,0.7563277495325292,19.059459288219735,0.03492320269186263,0.0007563277495325292,2.979554588728877e-05,0.8240992885853767,0.6083993789271523,1.138138157177345,0.16,0.84,0.64,75,113,0.24012439890198112,65.00476384721591,0.023336614153870006
20,10,buffer_inverse_volatility,vol_target_30pct_max_1p50,0.3,1.5,2024,26,0.45643561121879705,1.2814111211709036,1.6508336118419913,-0.18315922682375707,2.4920153853783034,0.01727864781550253,-0.017673314871082705,-0.00026514577724847207,0.9756820177707632,24.587186847823233,0.01856396236152598,0.0009756820177707631,0.00026958232656721536,1.135020633214223,0.9779296562330103,1.4799203472358076,0.9615384615384616,0.038461538461538464,0.6923076923076923,75,113,0.33979877164854955,64.79623194663895,0.025359981356314433
20,10,buffer_inverse_volatility,vol_target_30pct_max_1p50,0.3,1.5,2025,25,0.813622401841199,2.0203647583385655,2.3413488800470916,-0.24810262062785282,3.279378507902222,0.025946075802568216,0.09019189801549282,0.10917532406885332,0.6868702092869935,17.309129274032237,0.047005391719029094,0.0006868702092869935,2.936277801424718e-06,0.8065298327457193,0.7140477928151658,1.0143849859892928,0.12,0.88,0.68,75,113,0.32362527980462363,64.62469297638334,0.02765404067390637
20,10,buffer_inverse_volatility,vol_target_30pct_max_1p50,0.3,1.5,2026,11,0.9632580553618566,1.8138758006481945,4.832029129808001,-0.12510770295103513,7.6994304318644415,0.030112548007991645,0.027895204049558718,0.04338840353177768,0.6078560234219346,15.31797179023275,0.06288417739325398,0.0006078560234219345,1.6367656094126576e-05,0.8979730389855664,0.7807540725914407,1.051575011590786,0.18181818181818182,0.8181818181818182,0.6363636363636364,75,113,0.4183506993864832,70.29622549145381,0.02332532371947339
20,10,buffer_inverse_volatility,regime_dd_vol_target_30pct_max_1p50,0.3,1.5,2021,26,-0.02981006084680482,-0.011905118934311452,-0.014587040580905333,-0.1671532756713754,-0.1783396749305208,-0.00011128643121398704,-0.04151941140090673,-0.054243463635006,0.40848462733464186,10.293812608832974,-0.0028959202949959697,0.00040848462733464194,0.0,0.695578298053792,0.65,1.0,0.0,0.9615384615384616,0.5384615384615384,75,113,0.23556405291424085,69.5340840812628,0.021294978587903777
20,10,buffer_inverse_volatility,regime_dd_vol_target_30pct_max_1p50,0.3,1.5,2022,26,-0.20059498799053288,-0.808802170810634,-1.3862716571792135,-0.2006792681877797,-0.9995800253907247,-0.007736529368437198,-0.08470086902554524,-0.08391591623005151,0.2828408703269638,7.127589932239488,-0.028143452400818177,0.00028284087032696384,0.0,0.5057692307692307,0.5,0.65,0.0,1.0,0.38461538461538464,75,113,0.24104848765330997,70.45049007747699,0.021229256551981025
20,10,buffer_inverse_volatility,regime_dd_vol_target_30pct_max_1p50,0.3,1.5,2023,25,0.45966593053609417,2.2024271234308297,4.542216882411983,-0.10948316556986204,4.198507854093585,0.015727377162013195,0.06177551873293561,0.057163221451042814,0.5665043998784535,14.275910876937028,0.03219871113644259,0.0005665043998784535,0.0,0.618,0.5,1.0,0.0,0.92,0.64,75,113,0.1799514273440975,65.00476384721591,0.023336614153870006
20,10,buffer_inverse_volatility,regime_dd_vol_target_30pct_max_1p50,0.3,1.5,2024,26,0.423210099326647,1.6336657854177234,2.9440021270327663,-0.08057319309891109,5.252492585308333,0.015129078113761817,-0.017673314871082705,-0.00026514577724847207,0.690761324377051,17.407185374301683,0.02431237964245697,0.000690761324377051,2.1902262302585595e-05,0.7948052654402342,0.65,1.0893181374501106,0.2692307692307692,0.6538461538461539,0.6923076923076923,75,113,0.23337256118717856,64.79623194663895,0.025359981356314433
20,10,buffer_inverse_volatility,regime_dd_vol_target_30pct_max_1p50,0.3,1.5,2025,25,0.8099342843419508,2.3739746150855003,3.5747186683154935,-0.18317955500110583,4.421532110049407,0.025162945365253608,0.09019189801549282,0.10917532406885332,0.6146420887917396,15.488980637551839,0.052290999859495445,0.0006146420887917396,2.061411291852032e-06,0.7093820470540381,0.65,1.0143849859892928,0.08,0.92,0.68,75,113,0.2671074152077878,64.62469297638334,0.02765404067390637
20,10,buffer_inverse_volatility,regime_dd_vol_target_30pct_max_1p50,0.3,1.5,2026,11,0.6843662296918127,1.9131997453367604,5.368455976682337,-0.08390435638682492,8.15650413354789,0.02241814065570361,0.027895204049558718,0.04338840353177768,0.4306454958995934,10.852266496669753,0.06306205527682397,0.0004306454958995934,0.0,0.6500000000000001,0.65,0.65,0.0,1.0,0.6363636363636364,75,113,0.29528393253276913,70.29622549145381,0.02332532371947339
