model_horizon_days,rebalance_every_days,base_policy,exposure_policy,target_volatility,leverage_cap,period,num_rebalances,annualized_net_return,net_sharpe,net_sortino,max_drawdown,calmar,avg_net_return,avg_realized_return_ic,avg_model_target_ic,avg_turnover,annualized_turnover,return_per_annual_turnover,avg_transaction_cost,avg_financing_cost,avg_exposure,min_exposure,max_exposure,leveraged_period_share,deleveraged_period_share,net_hit_rate,risk_anchor,signal_blend,annualized_net_volatility,avg_base_effective_n,avg_base_max_weight,avg_base_top3_weight_share,avg_weighted_score_z,avg_weight_score_correlation,avg_pairwise_correlation,avg_ex_ante_annualized_volatility,optimizer_fallback_rate
20,10,signal_shrinkage_max_diversification_blend_0.00,static_1x,,1.0,2021,26,-0.04380319355020268,0.1689921872065033,0.2504921450480167,-0.40529206020698527,-0.10807809441870661,0.0034761714985932918,-0.04151941140090673,-0.054243463635006,1.119224385519764,28.204454515098053,-0.001553059412184501,0.0011192243855197642,0.0,1.0,1.0,1.0,0.0,0.0,0.46153846153846156,shrinkage_max_diversification,0.0,0.5183643292190012,8.039855676499492,0.17163828518757718,0.46991384258973584,2.933428467205038,-0.21823686659598934,0.17380466868719038,0.40869068955059806,0.0
20,10,signal_shrinkage_max_diversification_blend_0.00,static_1x,,1.0,2022,26,-0.43723446434199564,-0.6259516085292335,-1.739494825479649,-0.507435170648622,-0.8616558126688514,-0.015486482202273812,-0.08470086902554524,-0.08391591623005151,1.2828862610591791,32.328733778691316,-0.01352463932967854,0.0012828862610591793,0.0,1.0,1.0,1.0,0.0,0.0,0.34615384615384615,shrinkage_max_diversification,0.0,0.6234656899664697,7.028370196831775,0.17918997560534486,0.5189375268317118,2.8128613874836534,0.07154275784487141,0.3670921797890567,0.6547714917599208,0.0
20,10,signal_shrinkage_max_diversification_blend_0.00,static_1x,,1.0,2023,25,2.7402771044870224,2.128611314317508,8.180402822508789,-0.3038771172202983,9.017714560259025,0.06307778397423533,0.06177551873293561,0.057163221451042814,1.2624704443643007,31.814255197980376,0.08613362429622366,0.001262470444364301,0.0,1.0,1.0,1.0,0.0,0.0,0.6,shrinkage_max_diversification,0.0,0.7467592347456763,8.300276432690607,0.16463605858332592,0.45413779637134283,1.983723845190796,-0.058416729024354616,0.14423952224032185,0.535799910859869,0.0
20,10,signal_shrinkage_max_diversification_blend_0.00,static_1x,,1.0,2024,26,0.8258201701791799,1.382498651401865,2.7776051193092988,-0.2505328461856504,3.296255092903981,0.029582671156601917,-0.017673314871082705,-0.00026514577724847207,1.373009761254082,34.59984598360286,0.023867741219730936,0.0013730097612540818,0.0,1.0,1.0,1.0,0.0,0.0,0.6153846153846154,shrinkage_max_diversification,0.0,0.5392289622781492,7.980894269475087,0.1713899819606724,0.4744259111266657,2.3183194328730474,-0.1380678396957927,0.17978276378678362,0.4414719189705843,0.0
20,10,signal_shrinkage_max_diversification_blend_0.00,static_1x,,1.0,2025,25,3.106054844722376,3.2005018482220544,4.930618159304184,-0.17768525122601808,17.480656516456907,0.062039732657264916,0.09019189801549282,0.10917532406885332,1.5754735600641712,39.70193371361711,0.0782343466473788,0.0015754735600641712,0.0,1.0,1.0,1.0,0.0,0.0,0.8,shrinkage_max_diversification,0.0,0.4884862865589588,7.8655692797614245,0.1740146786078887,0.4846541228923804,2.4346295838000405,0.0027211590940921728,0.2325496518666765,0.5120517769956238,0.0
20,10,signal_shrinkage_max_diversification_blend_0.00,static_1x,,1.0,2026,11,1.5474301158731238,1.587909809334784,3.2226964591764222,-0.25949849072739317,5.9631565159996285,0.04702211593532669,0.027895204049558718,0.04338840353177768,1.6733628414484252,42.168743604500314,0.03669613992739351,0.0016733628414484251,0.0,1.0,1.0,1.0,0.0,0.0,0.6363636363636364,shrinkage_max_diversification,0.0,0.7462371695194964,7.189193413639544,0.17815241641831417,0.5098688662732465,2.350885981440184,-0.0897063783458118,0.2792894529494215,0.43559786037106785,0.0
20,10,signal_shrinkage_max_diversification_blend_0.00,legacy_risk_scaled,,1.0,2021,26,-0.17055111047625093,-0.4532265752640695,-0.5095404519795532,-0.3158263887878481,-0.5400153898818639,-0.005495499415736988,-0.04151941140090673,-0.054243463635006,0.6097996574515251,15.366951367778432,-0.011098565121632655,0.0006097996574515251,0.0,0.5346153846153846,0.45,1.0,0.0,0.8461538461538461,0.46153846153846156,shrinkage_max_diversification,0.0,0.3055570719697622,8.039855676499492,0.17163828518757718,0.46991384258973584,2.933428467205038,-0.21823686659598934,0.17380466868719038,0.40869068955059806,0.0
20,10,signal_shrinkage_max_diversification_blend_0.00,legacy_risk_scaled,,1.0,2022,26,-0.1921969316409029,-0.6259516085292336,-1.7394948254796492,-0.26436502670378037,-0.7270134557407193,-0.006968916991023217,-0.08470086902554524,-0.08391591623005151,0.5772988174766306,14.54793020041109,-0.01321129047178628,0.0005772988174766307,0.0,0.44999999999999996,0.45,0.45,0.0,1.0,0.34615384615384615,shrinkage_max_diversification,0.0,0.2805595604849114,7.028370196831775,0.17918997560534486,0.5189375268317118,2.8128613874836534,0.07154275784487141,0.3670921797890567,0.6547714917599208,0.0
20,10,signal_shrinkage_max_diversification_blend_0.00,legacy_risk_scaled,,1.0,2023,25,1.197835437127408,2.335853151768804,9.844084603158596,-0.14734005831970232,8.129733697595757,0.03415777620890626,0.06177551873293561,0.057163221451042814,0.6018867961889134,15.167547263960618,0.07897357537652556,0.0006018867961889135,0.0,0.486,0.45,0.75,0.0,1.0,0.6,shrinkage_max_diversification,0.0,0.3685060252236417,8.300276432690607,0.16463605858332592,0.45413779637134283,1.983723845190796,-0.058416729024354616,0.14423952224032185,0.535799910859869,0.0
20,10,signal_shrinkage_max_diversification_blend_0.00,legacy_risk_scaled,,1.0,2024,26,0.6676622864379371,1.604420591842781,4.216501415911886,-0.11813268273645916,5.651799916602395,0.0228366599174794,-0.017673314871082705,-0.00026514577724847207,0.8965569830688168,22.593235973334185,0.029551423586508366,0.0008965569830688168,0.0,0.6423076923076922,0.45,1.0,0.0,0.6923076923076923,0.6153846153846154,shrinkage_max_diversification,0.0,0.35868638986956686,7.980894269475087,0.1713899819606724,0.4744259111266657,2.3183194328730474,-0.1380678396957927,0.17978276378678362,0.4414719189705843,0.0
20,10,signal_shrinkage_max_diversification_blend_0.00,legacy_risk_scaled,,1.0,2025,25,1.704747242407302,3.380156988816799,7.364720061011726,-0.08050261617413201,21.176296168062798,0.042021862766364375,0.09019189801549282,0.10917532406885332,0.9735272440821224,24.532886550869485,0.06948824545666368,0.0009735272440821224,0.0,0.594,0.45,1.0,0.0,0.76,0.8,shrinkage_max_diversification,0.0,0.3132845442433314,7.8655692797614245,0.1740146786078887,0.4846541228923804,2.4346295838000405,0.0027211590940921728,0.2325496518666765,0.5120517769956238,0.0
20,10,signal_shrinkage_max_diversification_blend_0.00,legacy_risk_scaled,,1.0,2026,11,0.615413230070474,1.587909809334784,3.2226964591764222,-0.12114391945568226,5.080017493536759,0.02115995217089701,0.027895204049558718,0.04338840353177768,0.7530132786517914,18.975934622025143,0.032431247384050906,0.0007530132786517913,0.0,0.45,0.45,0.45,0.0,1.0,0.6363636363636364,shrinkage_max_diversification,0.0,0.3358067262837734,7.189193413639544,0.17815241641831417,0.5098688662732465,2.350885981440184,-0.0897063783458118,0.2792894529494215,0.43559786037106785,0.0
20,10,signal_shrinkage_max_diversification_blend_0.00,vol_target_25pct_max_1p25,0.25,1.25,2021,26,0.07180542763093967,0.3640498246988521,0.6067702647867707,-0.2391994257101131,0.3001906355659942,0.005023027478175941,-0.04151941140090673,-0.054243463635006,0.7370597960997459,18.573906861713596,0.00386593020873558,0.0007370597960997459,0.0,0.6270358704819494,0.5,1.0,0.0,0.7692307692307693,0.46153846153846156,shrinkage_max_diversification,0.0,0.3477004625802058,8.039855676499492,0.17163828518757718,0.46991384258973584,2.933428467205038,-0.21823686659598934,0.17380466868719038,0.40869068955059806,0.0
20,10,signal_shrinkage_max_diversification_blend_0.00,vol_target_25pct_max_1p25,0.25,1.25,2022,26,-0.21298847192428072,-0.6167378604216511,-1.717852254125809,-0.2898404543655987,-0.7348472882795771,-0.0076469963826486945,-0.08470086902554524,-0.08391591623005151,0.6432055667687874,16.208780282573443,-0.013140314583279975,0.0006432055667687875,0.0,0.5011398278595834,0.5,0.5151616023631521,0.0,1.0,0.34615384615384615,shrinkage_max_diversification,0.0,0.3124574008007212,7.028370196831775,0.17918997560534486,0.5189375268317118,2.8128613874836534,0.07154275784487141,0.3670921797890567,0.6547714917599208,0.0
20,10,signal_shrinkage_max_diversification_blend_0.00,vol_target_25pct_max_1p25,0.25,1.25,2023,25,1.0586840239953332,2.128611314317508,8.180402822508789,-0.16260454356923004,6.510789924788239,0.031538891987117665,0.06177551873293561,0.057163221451042814,0.6312352221821503,15.907127598990188,0.06655406624528117,0.0006312352221821505,0.0,0.5,0.5,0.5,0.0,1.0,0.6,shrinkage_max_diversification,0.0,0.37337961737283815,8.300276432690607,0.16463605858332592,0.45413779637134283,1.983723845190796,-0.058416729024354616,0.14423952224032185,0.535799910859869,0.0
20,10,signal_shrinkage_max_diversification_blend_0.00,vol_target_25pct_max_1p25,0.25,1.25,2024,26,0.40461078161122344,1.3896743569062604,2.809671710892055,-0.13081585429611098,3.092979698740171,0.014953762016226045,-0.017673314871082705,-0.00026514577724847207,0.6878890431504198,17.334803887390578,0.023340949470189238,0.0006878890431504198,0.0,0.5011174434168253,0.5,0.512049458405154,0.0,1.0,0.6153846153846154,shrinkage_max_diversification,0.0,0.27116770266080076,7.980894269475087,0.1713899819606724,0.4744259111266657,2.3183194328730474,-0.1380678396957927,0.17978276378678362,0.4414719189705843,0.0
20,10,signal_shrinkage_max_diversification_blend_0.00,vol_target_25pct_max_1p25,0.25,1.25,2025,25,1.1720571121772982,3.1910753410095634,5.167550213618159,-0.08884262561300904,13.19250870953184,0.032479984402724864,0.09019189801549282,0.10917532406885332,0.8068435987940598,20.332458689610306,0.057644632657053343,0.0008068435987940599,0.0,0.5127963606941958,0.5,0.5748066483328412,0.0,1.0,0.8,shrinkage_max_diversification,0.0,0.2564952310683202,7.8655692797614245,0.1740146786078887,0.4846541228923804,2.4346295838000405,0.0027211590940921728,0.2325496518666765,0.5120517769956238,0.0
20,10,signal_shrinkage_max_diversification_blend_0.00,vol_target_25pct_max_1p25,0.25,1.25,2026,11,0.6728026257483741,1.5188810974906848,2.8231137716878285,-0.1440494238345681,4.6706373954056675,0.02318091941054774,0.027895204049558718,0.04338840353177768,0.8538270430653939,21.516441485247928,0.03126923316802456,0.000853827043065394,0.0,0.5094879301469408,0.5,0.5570479506813566,0.0,1.0,0.6363636363636364,shrinkage_max_diversification,0.0,0.38459835342666493,7.189193413639544,0.17815241641831417,0.5098688662732465,2.350885981440184,-0.0897063783458118,0.2792894529494215,0.43559786037106785,0.0
20,10,signal_shrinkage_max_diversification_blend_0.00,regime_dd_vol_target_25pct_max_1p25,0.25,1.25,2021,26,-0.01904730772584895,0.08022565186662142,0.11730965840706446,-0.23702824803145173,-0.0803588090619542,0.0009493390038604663,-0.04151941140090673,-0.054243463635006,0.6439791610686378,16.228274858929673,-0.0011737111856574263,0.0006439791610686381,0.0,0.5597281781742571,0.5,1.0,0.0,0.9615384615384616,0.46153846153846156,shrinkage_max_diversification,0.0,0.29820066700183795,8.039855676499492,0.17163828518757718,0.46991384258973584,2.933428467205038,-0.21823686659598934,0.17380466868719038,0.40869068955059806,0.0
20,10,signal_shrinkage_max_diversification_blend_0.00,regime_dd_vol_target_25pct_max_1p25,0.25,1.25,2022,26,-0.21475098336766574,-0.6259516085292335,-1.739494825479649,-0.2898404543655988,-0.7409282594374602,-0.007743241101136906,-0.08470086902554524,-0.08391591623005151,0.6414431305295896,16.164366889345658,-0.013285455894298807,0.0006414431305295896,0.0,0.5,0.5,0.5,0.0,1.0,0.34615384615384615,shrinkage_max_diversification,0.0,0.31173284498323484,7.028370196831775,0.17918997560534486,0.5189375268317118,2.8128613874836534,0.07154275784487141,0.3670921797890567,0.6547714917599208,0.0
20,10,signal_shrinkage_max_diversification_blend_0.00,regime_dd_vol_target_25pct_max_1p25,0.25,1.25,2023,25,1.0586840239953332,2.128611314317508,8.180402822508789,-0.16260454356923004,6.510789924788239,0.031538891987117665,0.06177551873293561,0.057163221451042814,0.6312352221821503,15.907127598990188,0.06655406624528117,0.0006312352221821505,0.0,0.5,0.5,0.5,0.0,1.0,0.6,shrinkage_max_diversification,0.0,0.37337961737283815,8.300276432690607,0.16463605858332592,0.45413779637134283,1.983723845190796,-0.058416729024354616,0.14423952224032185,0.535799910859869,0.0
20,10,signal_shrinkage_max_diversification_blend_0.00,regime_dd_vol_target_25pct_max_1p25,0.25,1.25,2024,26,0.40461078161122344,1.3896743569062604,2.809671710892055,-0.13081585429611098,3.092979698740171,0.014953762016226045,-0.017673314871082705,-0.00026514577724847207,0.6878890431504198,17.334803887390578,0.023340949470189238,0.0006878890431504198,0.0,0.5011174434168253,0.5,0.512049458405154,0.0,1.0,0.6153846153846154,shrinkage_max_diversification,0.0,0.27116770266080076,7.980894269475087,0.1713899819606724,0.4744259111266657,2.3183194328730474,-0.1380678396957927,0.17978276378678362,0.4414719189705843,0.0
20,10,signal_shrinkage_max_diversification_blend_0.00,regime_dd_vol_target_25pct_max_1p25,0.25,1.25,2025,25,1.1720571121772982,3.1910753410095634,5.167550213618159,-0.08884262561300904,13.19250870953184,0.032479984402724864,0.09019189801549282,0.10917532406885332,0.8068435987940598,20.332458689610306,0.057644632657053343,0.0008068435987940599,0.0,0.5127963606941958,0.5,0.5748066483328412,0.0,1.0,0.8,shrinkage_max_diversification,0.0,0.2564952310683202,7.8655692797614245,0.1740146786078887,0.4846541228923804,2.4346295838000405,0.0027211590940921728,0.2325496518666765,0.5120517769956238,0.0
20,10,signal_shrinkage_max_diversification_blend_0.00,regime_dd_vol_target_25pct_max_1p25,0.25,1.25,2026,11,0.6728026257483741,1.5188810974906848,2.8231137716878285,-0.1440494238345681,4.6706373954056675,0.02318091941054774,0.027895204049558718,0.04338840353177768,0.8538270430653939,21.516441485247928,0.03126923316802456,0.000853827043065394,0.0,0.5094879301469408,0.5,0.5570479506813566,0.0,1.0,0.6363636363636364,shrinkage_max_diversification,0.0,0.38459835342666493,7.189193413639544,0.17815241641831417,0.5098688662732465,2.350885981440184,-0.0897063783458118,0.2792894529494215,0.43559786037106785,0.0
20,10,signal_shrinkage_max_diversification_blend_0.00,vol_target_30pct_max_1p25,0.3,1.25,2021,26,0.02646323091193037,0.24983587294704565,0.3925128847683102,-0.2794658889932261,0.09469216800398779,0.0037414079988094037,-0.04151941140090673,-0.054243463635006,0.7974726551962626,20.096310910945817,0.001316820337284725,0.0007974726551962627,0.0,0.6884974858765086,0.5,1.0,0.0,0.7692307692307693,0.46153846153846156,shrinkage_max_diversification,0.0,0.3773816804521942,8.039855676499492,0.17163828518757718,0.46991384258973584,2.933428467205038,-0.21823686659598934,0.17380466868719038,0.40869068955059806,0.0
20,10,signal_shrinkage_max_diversification_blend_0.00,vol_target_30pct_max_1p25,0.3,1.25,2022,26,-0.22070940517843396,-0.5803830955736715,-1.5571503515370628,-0.28984999034655934,-0.7614607987895484,-0.007746207960271252,-0.08470086902554524,-0.08391591623005151,0.691836564282337,17.434281419914893,-0.012659506856779381,0.0006918365642823371,0.0,0.5368089104081627,0.5,0.6181939228357826,0.0,1.0,0.34615384615384615,shrinkage_max_diversification,0.0,0.33633722637267455,7.028370196831775,0.17918997560534486,0.5189375268317118,2.8128613874836534,0.07154275784487141,0.3670921797890567,0.6547714917599208,0.0
20,10,signal_shrinkage_max_diversification_blend_0.00,vol_target_30pct_max_1p25,0.3,1.25,2023,25,1.0586840239953332,2.128611314317508,8.180402822508789,-0.16260454356923004,6.510789924788239,0.031538891987117665,0.06177551873293561,0.057163221451042814,0.6312352221821503,15.907127598990188,0.06655406624528117,0.0006312352221821505,0.0,0.5,0.5,0.5,0.0,1.0,0.6,shrinkage_max_diversification,0.0,0.37337961737283815,8.300276432690607,0.16463605858332592,0.45413779637134283,1.983723845190796,-0.058416729024354616,0.14423952224032185,0.535799910859869,0.0
20,10,signal_shrinkage_max_diversification_blend_0.00,vol_target_30pct_max_1p25,0.3,1.25,2024,26,0.4580042050084452,1.3970545425071403,2.7815024555786056,-0.1379739363515211,3.319497994473185,0.016788896201289746,-0.017673314871082705,-0.00026514577724847207,0.7437119855063241,18.741542034759366,0.02443791466886763,0.0007437119855063242,0.0,0.5437542064255678,0.5,0.6144593500861848,0.0,1.0,0.6153846153846154,shrinkage_max_diversification,0.0,0.30283727041411435,7.980894269475087,0.1713899819606724,0.4744259111266657,2.3183194328730474,-0.1380678396957927,0.17978276378678362,0.4414719189705843,0.0
20,10,signal_shrinkage_max_diversification_blend_0.00,vol_target_30pct_max_1p25,0.3,1.25,2025,25,1.4418746552864397,3.1630580618943704,5.1067165394837755,-0.10382753439665504,13.8872088571227,0.03773107512523211,0.09019189801549282,0.10917532406885332,0.9402075799040844,23.693231013582928,0.06085597420038818,0.0009402075799040844,0.0,0.5987310829358249,0.5253790826597015,0.6897679779994095,0.0,1.0,0.8,shrinkage_max_diversification,0.0,0.30060247853509103,7.8655692797614245,0.1740146786078887,0.4846541228923804,2.4346295838000405,0.0027211590940921728,0.2325496518666765,0.5120517769956238,0.0
20,10,signal_shrinkage_max_diversification_blend_0.00,vol_target_30pct_max_1p25,0.3,1.25,2026,11,0.7131179738035491,1.4072818746777727,2.512431214277786,-0.17216216885468472,4.142129357149676,0.02504105313463425,0.027895204049558718,0.04338840353177768,0.9606912312606557,24.209419027768522,0.02945622003508607,0.0009606912312606557,0.0,0.56923484754556,0.5,0.6684575408176279,0.0,1.0,0.6363636363636364,shrinkage_max_diversification,0.0,0.448406641446492,7.189193413639544,0.17815241641831417,0.5098688662732465,2.350885981440184,-0.0897063783458118,0.2792894529494215,0.43559786037106785,0.0
20,10,signal_shrinkage_max_diversification_blend_0.00,regime_dd_vol_target_30pct_max_1p25,0.3,1.25,2021,26,-0.05751112387688351,-0.0191050573062738,-0.026858087859099995,-0.27409150056546716,-0.20982454311145957,-0.0002491177696291687,-0.04151941140090673,-0.054243463635006,0.7000939356766962,17.642367179052744,-0.0032598303443751022,0.0007000939356766963,0.0,0.6177933014579098,0.5,1.0,0.0,0.9615384615384616,0.46153846153846156,shrinkage_max_diversification,0.0,0.328591937413008,8.039855676499492,0.17163828518757718,0.46991384258973584,2.933428467205038,-0.21823686659598934,0.17380466868719038,0.40869068955059806,0.0
20,10,signal_shrinkage_max_diversification_blend_0.00,regime_dd_vol_target_30pct_max_1p25,0.3,1.25,2022,26,-0.21475098336766574,-0.6259516085292335,-1.739494825479649,-0.2898404543655988,-0.7409282594374602,-0.007743241101136906,-0.08470086902554524,-0.08391591623005151,0.6414431305295896,16.164366889345658,-0.013285455894298807,0.0006414431305295896,0.0,0.5,0.5,0.5,0.0,1.0,0.34615384615384615,shrinkage_max_diversification,0.0,0.31173284498323484,7.028370196831775,0.17918997560534486,0.5189375268317118,2.8128613874836534,0.07154275784487141,0.3670921797890567,0.6547714917599208,0.0
20,10,signal_shrinkage_max_diversification_blend_0.00,regime_dd_vol_target_30pct_max_1p25,0.3,1.25,2023,25,1.0586840239953332,2.128611314317508,8.180402822508789,-0.16260454356923004,6.510789924788239,0.031538891987117665,0.06177551873293561,0.057163221451042814,0.6312352221821503,15.907127598990188,0.06655406624528117,0.0006312352221821505,0.0,0.5,0.5,0.5,0.0,1.0,0.6,shrinkage_max_diversification,0.0,0.37337961737283815,8.300276432690607,0.16463605858332592,0.45413779637134283,1.983723845190796,-0.058416729024354616,0.14423952224032185,0.535799910859869,0.0
20,10,signal_shrinkage_max_diversification_blend_0.00,regime_dd_vol_target_30pct_max_1p25,0.3,1.25,2024,26,0.4580042050084452,1.3970545425071403,2.7815024555786056,-0.1379739363515211,3.319497994473185,0.016788896201289746,-0.017673314871082705,-0.00026514577724847207,0.7437119855063241,18.741542034759366,0.02443791466886763,0.0007437119855063242,0.0,0.5437542064255678,0.5,0.6144593500861848,0.0,1.0,0.6153846153846154,shrinkage_max_diversification,0.0,0.30283727041411435,7.980894269475087,0.1713899819606724,0.4744259111266657,2.3183194328730474,-0.1380678396957927,0.17978276378678362,0.4414719189705843,0.0
20,10,signal_shrinkage_max_diversification_blend_0.00,regime_dd_vol_target_30pct_max_1p25,0.3,1.25,2025,25,1.4133854418303287,3.172533463019492,5.034438071058028,-0.10382753439665504,13.612819085453145,0.03719704424628611,0.09019189801549282,0.10917532406885332,0.937375679078157,23.621867112769557,0.05983377330347769,0.000937375679078157,0.0,0.5963098215139724,0.5253790826597015,0.65,0.0,1.0,0.8,shrinkage_max_diversification,0.0,0.29546276688103473,7.8655692797614245,0.1740146786078887,0.4846541228923804,2.4346295838000405,0.0027211590940921728,0.2325496518666765,0.5120517769956238,0.0
20,10,signal_shrinkage_max_diversification_blend_0.00,regime_dd_vol_target_30pct_max_1p25,0.3,1.25,2026,11,0.7278926608338983,1.4326685514873698,2.621532200802736,-0.1690531984828405,4.305701798997799,0.02534188958180934,0.027895204049558718,0.04338840353177768,0.9573353147483598,24.124849931658666,0.030171904194052458,0.0009573353147483596,0.0,0.567556889289412,0.5,0.65,0.0,1.0,0.6363636363636364,shrinkage_max_diversification,0.0,0.4457525202173221,7.189193413639544,0.17815241641831417,0.5098688662732465,2.350885981440184,-0.0897063783458118,0.2792894529494215,0.43559786037106785,0.0
20,10,signal_shrinkage_max_diversification_blend_0.00,vol_target_35pct_max_1p25,0.35,1.25,2021,26,-0.006218300275809607,0.18483024485259214,0.2791795788563298,-0.3203245828818796,-0.019412497847855217,0.00302909838962985,-0.04151941140090673,-0.054243463635006,0.8743651377636028,22.03400147164279,-0.00028221384498918205,0.0008743651377636028,0.0,0.764326867146913,0.5714081408989758,1.0,0.0,0.7692307692307693,0.46153846153846156,shrinkage_max_diversification,0.0,0.4129912800772968,8.039855676499492,0.17163828518757718,0.46991384258973584,2.933428467205038,-0.21823686659598934,0.17380466868719038,0.40869068955059806,0.0
20,10,signal_shrinkage_max_diversification_blend_0.00,vol_target_35pct_max_1p25,0.35,1.25,2022,26,-0.24891843344872489,-0.5533706516894495,-1.4820992315896502,-0.3179278595328502,-0.7829399846068071,-0.008514534692826996,-0.08470086902554524,-0.08391591623005151,0.791045882518352,19.934356239462467,-0.012486906045953004,0.000791045882518352,0.0,0.6141382067938866,0.5281809561779557,0.721226243308413,0.0,1.0,0.34615384615384615,shrinkage_max_diversification,0.0,0.38774422460635743,7.028370196831775,0.17918997560534486,0.5189375268317118,2.8128613874836534,0.07154275784487141,0.3670921797890567,0.6547714917599208,0.0
20,10,signal_shrinkage_max_diversification_blend_0.00,vol_target_35pct_max_1p25,0.35,1.25,2023,25,1.1494202522002932,2.105983697527528,8.222792937150784,-0.16260454356923004,7.068807715762993,0.03366209444560343,0.06177551873293561,0.057163221451042814,0.647094543171217,16.306782487914667,0.07048724989446294,0.0006470945431712171,0.0,0.5126094953998104,0.5,0.5709238113294007,0.0,1.0,0.6,shrinkage_max_diversification,0.0,0.4027974105521861,8.300276432690607,0.16463605858332592,0.45413779637134283,1.983723845190796,-0.058416729024354616,0.14423952224032185,0.535799910859869,0.0
20,10,signal_shrinkage_max_diversification_blend_0.00,vol_target_35pct_max_1p25,0.35,1.25,2024,26,0.5484802392288906,1.4349993369952199,2.8201123810951003,-0.1468136352909437,3.7358944088671024,0.019739147273439943,-0.017673314871082705,-0.00026514577724847207,0.8428102532929754,21.23881838298298,0.02582442343724476,0.0008428102532929755,0.0,0.6180495253793404,0.5,0.7168692417672156,0.0,1.0,0.6153846153846154,shrinkage_max_diversification,0.0,0.3466388439818099,7.980894269475087,0.1713899819606724,0.4744259111266657,2.3183194328730474,-0.1380678396957927,0.17978276378678362,0.4414719189705843,0.0
20,10,signal_shrinkage_max_diversification_blend_0.00,vol_target_35pct_max_1p25,0.35,1.25,2025,25,1.8036298237667503,3.1630580618943704,5.106716539483773,-0.12113212346276425,14.889773019798353,0.04401958764610413,0.09019189801549282,0.10917532406885332,1.0969088432214318,27.64210284918008,0.06524937099061005,0.0010969088432214317,0.0,0.6985195967584623,0.612942263102985,0.8047293076659777,0.0,1.0,0.8,shrinkage_max_diversification,0.0,0.35070289162427287,7.8655692797614245,0.1740146786078887,0.4846541228923804,2.4346295838000405,0.0027211590940921728,0.2325496518666765,0.5120517769956238,0.0
20,10,signal_shrinkage_max_diversification_blend_0.00,vol_target_35pct_max_1p25,0.35,1.25,2026,11,0.8281114076780474,1.395050524866844,2.473829121557069,-0.19945084359499266,4.151957408410969,0.02886094346695084,0.027895204049558718,0.04338840353177768,1.1116821960565162,28.014391340624208,0.02956021416311077,0.0011116821960565164,0.0,0.6572250586810218,0.54907416166885,0.7798671309538991,0.0,1.0,0.6363636363636364,shrinkage_max_diversification,0.0,0.5213400965793555,7.189193413639544,0.17815241641831417,0.5098688662732465,2.350885981440184,-0.0897063783458118,0.2792894529494215,0.43559786037106785,0.0
20,10,signal_shrinkage_max_diversification_blend_0.00,regime_dd_vol_target_35pct_max_1p25,0.35,1.25,2021,26,-0.09636482864688611,-0.12933978138110658,-0.17710307655408303,-0.2790402679632442,-0.3453438077244805,-0.0017471789445885238,-0.04151941140090673,-0.054243463635006,0.7195257260109496,18.13204829547593,-0.005314613499619334,0.0007195257260109496,0.0,0.6399541943387846,0.5,1.0,0.0,0.9615384615384616,0.46153846153846156,shrinkage_max_diversification,0.0,0.34041274025272444,8.039855676499492,0.17163828518757718,0.46991384258973584,2.933428467205038,-0.21823686659598934,0.17380466868719038,0.40869068955059806,0.0
20,10,signal_shrinkage_max_diversification_blend_0.00,regime_dd_vol_target_35pct_max_1p25,0.35,1.25,2022,26,-0.21475098336766574,-0.6259516085292335,-1.739494825479649,-0.2898404543655988,-0.7409282594374602,-0.007743241101136906,-0.08470086902554524,-0.08391591623005151,0.6414431305295896,16.164366889345658,-0.013285455894298807,0.0006414431305295896,0.0,0.5,0.5,0.5,0.0,1.0,0.34615384615384615,shrinkage_max_diversification,0.0,0.31173284498323484,7.028370196831775,0.17918997560534486,0.5189375268317118,2.8128613874836534,0.07154275784487141,0.3670921797890567,0.6547714917599208,0.0
20,10,signal_shrinkage_max_diversification_blend_0.00,regime_dd_vol_target_35pct_max_1p25,0.35,1.25,2023,25,1.0586840239953332,2.128611314317508,8.180402822508789,-0.16260454356923004,6.510789924788239,0.031538891987117665,0.06177551873293561,0.057163221451042814,0.6312352221821503,15.907127598990188,0.06655406624528117,0.0006312352221821505,0.0,0.5,0.5,0.5,0.0,1.0,0.6,shrinkage_max_diversification,0.0,0.37337961737283815,8.300276432690607,0.16463605858332592,0.45413779637134283,1.983723845190796,-0.058416729024354616,0.14423952224032185,0.535799910859869,0.0
20,10,signal_shrinkage_max_diversification_blend_0.00,regime_dd_vol_target_35pct_max_1p25,0.35,1.25,2024,26,0.5185663928785649,1.4174502480570597,2.760994574041267,-0.14507989158520518,3.574350567900802,0.0188031753327969,-0.017673314871082705,-0.00026514577724847207,0.8264397477603109,20.826281643559835,0.024899614907441844,0.0008264397477603107,0.0,0.6051084805285064,0.5,0.660447403264182,0.0,1.0,0.6153846153846154,shrinkage_max_diversification,0.0,0.33429040563221757,7.980894269475087,0.1713899819606724,0.4744259111266657,2.3183194328730474,-0.1380678396957927,0.17978276378678362,0.4414719189705843,0.0
20,10,signal_shrinkage_max_diversification_blend_0.00,regime_dd_vol_target_35pct_max_1p25,0.35,1.25,2025,25,1.5825572973843887,3.200339022043747,4.9123244533180035,-0.1155184642699193,13.699604711560232,0.04023110299392822,0.09019189801549282,0.10917532406885332,1.0246424357947819,25.820989382028504,0.06128956849677704,0.001024642435794782,0.0,0.6502475865893054,0.612942263102985,0.6948961124560185,0.0,1.0,0.8,shrinkage_max_diversification,0.0,0.3167863743384162,7.8655692797614245,0.1740146786078887,0.4846541228923804,2.4346295838000405,0.0027211590940921728,0.2325496518666765,0.5120517769956238,0.0
20,10,signal_shrinkage_max_diversification_blend_0.00,regime_dd_vol_target_35pct_max_1p25,0.35,1.25,2026,11,0.8441523620294049,1.5104270827475677,2.957616975819007,-0.17269174326619707,4.888203373615723,0.028396566362456573,0.027895204049558718,0.04338840353177768,1.0425670824656728,26.27269047813495,0.03213041171904103,0.001042567082465673,0.0,0.6188753123021109,0.54907416166885,0.65,0.0,1.0,0.6363636363636364,shrinkage_max_diversification,0.0,0.47376896277057834,7.189193413639544,0.17815241641831417,0.5098688662732465,2.350885981440184,-0.0897063783458118,0.2792894529494215,0.43559786037106785,0.0
20,10,signal_shrinkage_max_diversification_blend_0.25,static_1x,,1.0,2021,26,-0.044180620440718466,0.17329037886631365,0.2522553942411203,-0.4028101558710111,-0.10968099934120354,0.0036103733402209617,-0.04151941140090673,-0.054243463635006,1.07271352859719,27.03238092064919,-0.0016343591994506955,0.00107271352859719,0.0,1.0,1.0,1.0,0.0,0.0,0.5,shrinkage_max_diversification,0.25,0.5250228475970764,8.784905186216191,0.15356733861514033,0.4263491397883256,2.9380161882651166,-0.16141480470303401,0.17380466868719038,0.41887428428365087,0.0
20,10,signal_shrinkage_max_diversification_blend_0.25,static_1x,,1.0,2022,26,-0.447387457967636,-0.6143172628009288,-1.6239907420283155,-0.5153561330459996,-0.868113192567174,-0.01571876520018083,-0.08470086902554524,-0.08391591623005151,1.2424231272300406,31.309062806197023,-0.014289391564894888,0.0012424231272300408,0.0,1.0,1.0,1.0,0.0,0.0,0.3076923076923077,shrinkage_max_diversification,0.25,0.6448018101241578,7.985073549910513,0.1637459883992902,0.4689568928833259,2.8202545866205706,0.14881948433824188,0.3670921797890567,0.6652659240355904,0.0
20,10,signal_shrinkage_max_diversification_blend_0.25,static_1x,,1.0,2023,25,3.010566331343287,2.1048398795051733,8.962440465420999,-0.3313830261056876,9.084853761891626,0.0673456686048255,0.06177551873293561,0.057163221451042814,1.2144774219074634,30.604831032068077,0.09836899044431197,0.0012144774219074634,0.0,1.0,1.0,1.0,0.0,0.0,0.6,shrinkage_max_diversification,0.25,0.8062897635902722,8.890710681985588,0.15515141812130587,0.4215443605447748,2.0443496698754964,0.27374584218842213,0.14423952224032185,0.5599703542545119,0.0
20,10,signal_shrinkage_max_diversification_blend_0.25,static_1x,,1.0,2024,26,0.9769792832250721,1.4672523695974253,3.103957151300956,-0.2515591355792951,3.883696296599469,0.03352033967550443,-0.017673314871082705,-0.00026514577724847207,1.3323363533870494,33.574876105353646,0.029098522364146236,0.0013323363533870498,0.0,1.0,1.0,1.0,0.0,0.0,0.6153846153846154,shrinkage_max_diversification,0.25,0.5757104758021132,8.755385457851704,0.15279045466802776,0.4279017903629443,2.3400257619545157,0.04695274365168962,0.17978276378678362,0.45571895763427517,0.0
20,10,signal_shrinkage_max_diversification_blend_0.25,static_1x,,1.0,2025,25,2.989010046674358,3.133536654671944,4.9953432056221,-0.18021291874703638,16.585992100100274,0.06085009991558362,0.09019189801549282,0.10917532406885332,1.5182429546038945,38.25972245601814,0.07812419575469753,0.0015182429546038946,0.0,1.0,1.0,1.0,0.0,0.0,0.8,shrinkage_max_diversification,0.25,0.4893584109145339,8.643071926572842,0.1567338049390247,0.43729722003909016,2.453129949622425,0.1578111904097075,0.2325496518666765,0.5236608573718663,0.0
20,10,signal_shrinkage_max_diversification_blend_0.25,static_1x,,1.0,2026,11,1.6437858168488888,1.6195165041185897,3.2521164426730893,-0.2689493800068551,6.111878067192389,0.04892161163556033,0.027895204049558718,0.04338840353177768,1.634477708890325,41.18883826403619,0.039908525856242744,0.001634477708890325,0.0,1.0,1.0,1.0,0.0,0.0,0.5454545454545454,shrinkage_max_diversification,0.25,0.7612300400032517,8.20997779064365,0.16135801237624278,0.45741173714910455,2.3689207964531835,0.01608035815630891,0.2792894529494215,0.45025211639992624,0.0
20,10,signal_shrinkage_max_diversification_blend_0.25,legacy_risk_scaled,,1.0,2021,26,-0.18236144126481357,-0.47230620990156436,-0.5113455026072571,-0.334151670105562,-0.5457445153789107,-0.005915054771481272,-0.04151941140090673,-0.054243463635006,0.5848099577127156,14.737210934360432,-0.01237421667349757,0.0005848099577127157,0.0,0.5346153846153846,0.45,1.0,0.0,0.8461538461538461,0.5,shrinkage_max_diversification,0.25,0.31559902689484914,8.784905186216191,0.15356733861514033,0.4263491397883256,2.9380161882651166,-0.16141480470303401,0.17380466868719038,0.41887428428365087,0.0
20,10,signal_shrinkage_max_diversification_blend_0.25,legacy_risk_scaled,,1.0,2022,26,-0.19638733399729813,-0.6143172628009291,-1.623990742028316,-0.2693401479049391,-0.7291424450639682,-0.007073444340081376,-0.08470086902554524,-0.08391591623005151,0.5590904072535183,14.08907826278866,-0.013938976726106073,0.0005590904072535183,0.0,0.44999999999999996,0.45,0.45,0.0,1.0,0.3076923076923077,shrinkage_max_diversification,0.25,0.29016081455587106,7.985073549910513,0.1637459883992902,0.4689568928833259,2.8202545866205706,0.14881948433824188,0.3670921797890567,0.6652659240355904,0.0
20,10,signal_shrinkage_max_diversification_blend_0.25,legacy_risk_scaled,,1.0,2023,25,1.2913131998405967,2.3140174108850324,10.702360891188194,-0.16219480564280453,7.9614954050033315,0.036188909002142736,0.06177551873293561,0.057163221451042814,0.5781274783861986,14.568812455332205,0.08863544669819497,0.0005781274783861985,0.0,0.486,0.45,0.75,0.0,1.0,0.6,shrinkage_max_diversification,0.25,0.3941026988665583,8.890710681985588,0.15515141812130587,0.4215443605447748,2.0443496698754964,0.27374584218842213,0.14423952224032185,0.5599703542545119,0.0
20,10,signal_shrinkage_max_diversification_blend_0.25,legacy_risk_scaled,,1.0,2024,26,0.7709793355539449,1.6697648948599653,4.431650511036331,-0.11869147245166622,6.495659036228611,0.025642509990842437,-0.017673314871082705,-0.00026514577724847207,0.8683719490954572,21.882973117205523,0.03523192810339657,0.0008683719490954571,0.0,0.6423076923076922,0.45,1.0,0.0,0.6923076923076923,0.6153846153846154,shrinkage_max_diversification,0.25,0.3869953511170339,8.755385457851704,0.15279045466802776,0.4279017903629443,2.3400257619545157,0.04695274365168962,0.17978276378678362,0.45571895763427517,0.0
20,10,signal_shrinkage_max_diversification_blend_0.25,legacy_risk_scaled,,1.0,2025,25,1.6691886457138234,3.320302971876254,7.5076492021463945,-0.08163926087501228,20.445905901442575,0.04148881887789093,0.09019189801549282,0.10917532406885332,0.9358309877116244,23.582940890332935,0.07077949495255927,0.0009358309877116245,0.0,0.594,0.45,1.0,0.0,0.76,0.8,shrinkage_max_diversification,0.25,0.31488639578334765,8.643071926572842,0.1567338049390247,0.43729722003909016,2.453129949622425,0.1578111904097075,0.2325496518666765,0.5236608573718663,0.0
20,10,signal_shrinkage_max_diversification_blend_0.25,legacy_risk_scaled,,1.0,2026,11,0.6467179846172577,1.6195165041185897,3.252116442673089,-0.12600111257755353,5.132637096511378,0.02201472523600215,0.027895204049558718,0.04338840353177768,0.7355149690006463,18.534977218816287,0.034891760425835555,0.0007355149690006463,0.0,0.45,0.45,0.45,0.0,1.0,0.5454545454545454,shrinkage_max_diversification,0.25,0.3425535180014633,8.20997779064365,0.16135801237624278,0.45741173714910455,2.3689207964531835,0.01608035815630891,0.2792894529494215,0.45025211639992624,0.0
20,10,signal_shrinkage_max_diversification_blend_0.25,vol_target_25pct_max_1p25,0.25,1.25,2021,26,0.07533673071960445,0.3736540251490072,0.6182998257300248,-0.24968876730288103,0.30172254656621544,0.005153315972506936,-0.04151941140090673,-0.054243463635006,0.702882190076938,17.712631189938836,0.004253277218485606,0.0007028821900769382,0.0,0.6234094507235675,0.5,1.0,0.0,0.7692307692307693,0.5,shrinkage_max_diversification,0.25,0.34755028386322695,8.784905186216191,0.15356733861514033,0.4263491397883256,2.9380161882651166,-0.16141480470303401,0.17380466868719038,0.41887428428365087,0.0
20,10,signal_shrinkage_max_diversification_blend_0.25,vol_target_25pct_max_1p25,0.25,1.25,2022,26,-0.21796299754032844,-0.6062704797733514,-1.6067041369224893,-0.29520819223939265,-0.738336547800056,-0.007773231856952839,-0.08470086902554524,-0.08391591623005151,0.6226035424856554,15.689609270638517,-0.01389218773906777,0.0006226035424856555,0.0,0.5010200679734259,0.5,0.5133958429144898,0.0,1.0,0.3076923076923077,shrinkage_max_diversification,0.25,0.32309909410143395,7.985073549910513,0.1637459883992902,0.4689568928833259,2.8202545866205706,0.14881948433824188,0.3670921797890567,0.6652659240355904,0.0
20,10,signal_shrinkage_max_diversification_blend_0.25,vol_target_25pct_max_1p25,0.25,1.25,2023,25,1.1490488717694185,2.1048398795051733,8.962440465420999,-0.17884400430186065,6.424866610736383,0.03367283430241275,0.06177551873293561,0.057163221451042814,0.6072387109537317,15.302415516034038,0.07508937857329992,0.0006072387109537317,0.0,0.5,0.5,0.5,0.0,1.0,0.6,shrinkage_max_diversification,0.25,0.4031448817951361,8.890710681985588,0.15515141812130587,0.4215443605447748,2.0443496698754964,0.27374584218842213,0.14423952224032185,0.5599703542545119,0.0
20,10,signal_shrinkage_max_diversification_blend_0.25,vol_target_25pct_max_1p25,0.25,1.25,2024,26,0.46293845956777346,1.4672523695974253,3.103957151300956,-0.1313205758782655,3.5252545648057354,0.016760169837752217,-0.017673314871082705,-0.00026514577724847207,0.6661681766935247,16.787438052676823,0.027576480587158808,0.0006661681766935249,0.0,0.5,0.5,0.5,0.0,1.0,0.6153846153846154,shrinkage_max_diversification,0.25,0.2878552379010566,8.755385457851704,0.15279045466802776,0.4279017903629443,2.3400257619545157,0.04695274365168962,0.17978276378678362,0.45571895763427517,0.0
20,10,signal_shrinkage_max_diversification_blend_0.25,vol_target_25pct_max_1p25,0.25,1.25,2025,25,1.1255478119035156,3.1227070994397104,5.20600177770424,-0.09010645937351813,12.491311052826795,0.03158056954754937,0.09019189801549282,0.10917532406885332,0.772779793710853,19.474050801513496,0.05779731312070109,0.0007727797937108532,0.0,0.5092376471517497,0.5,0.5641862578332433,0.0,1.0,0.8,shrinkage_max_diversification,0.25,0.2548527054429906,8.643071926572842,0.1567338049390247,0.43729722003909016,2.453129949622425,0.1578111904097075,0.2325496518666765,0.5236608573718663,0.0
20,10,signal_shrinkage_max_diversification_blend_0.25,vol_target_25pct_max_1p25,0.25,1.25,2026,11,0.7088172252441864,1.5587339632151451,2.924874400518299,-0.14821469235267326,4.782368157925754,0.024113642212930143,0.027895204049558718,0.04338840353177768,0.8304138409351015,20.926428791564557,0.03387186759404981,0.0008304138409351014,0.0,0.5076825647648285,0.5,0.550440278972214,0.0,1.0,0.5454545454545454,shrinkage_max_diversification,0.25,0.3898444494738751,8.20997779064365,0.16135801237624278,0.45741173714910455,2.3689207964531835,0.01608035815630891,0.2792894529494215,0.45025211639992624,0.0
20,10,signal_shrinkage_max_diversification_blend_0.25,regime_dd_vol_target_25pct_max_1p25,0.25,1.25,2021,26,-0.014969017405607299,0.09454356833946591,0.13715495845646142,-0.23722361970746186,-0.06310087260310213,0.0011209271197296564,-0.04151941140090673,-0.054243463635006,0.6141279432735329,15.47602417049303,-0.000967239210839926,0.000614127943273533,0.0,0.5561017584158751,0.5,1.0,0.0,0.9615384615384616,0.5,shrinkage_max_diversification,0.25,0.2987761506500688,8.784905186216191,0.15356733861514033,0.4263491397883256,2.9380161882651166,-0.16141480470303401,0.17380466868719038,0.41887428428365087,0.0
20,10,signal_shrinkage_max_diversification_blend_0.25,regime_dd_vol_target_25pct_max_1p25,0.25,1.25,2022,26,-0.21951565623970437,-0.6143172628009288,-1.6239907420283155,-0.29520819223939276,-0.7435960857810234,-0.007859382600090415,-0.08470086902554524,-0.08391591623005151,0.6212115636150203,15.654531403098511,-0.014022499338195169,0.0006212115636150204,0.0,0.5,0.5,0.5,0.0,1.0,0.3076923076923077,shrinkage_max_diversification,0.25,0.3224009050620789,7.985073549910513,0.1637459883992902,0.4689568928833259,2.8202545866205706,0.14881948433824188,0.3670921797890567,0.6652659240355904,0.0
20,10,signal_shrinkage_max_diversification_blend_0.25,regime_dd_vol_target_25pct_max_1p25,0.25,1.25,2023,25,1.1490488717694185,2.1048398795051733,8.962440465420999,-0.17884400430186065,6.424866610736383,0.03367283430241275,0.06177551873293561,0.057163221451042814,0.6072387109537317,15.302415516034038,0.07508937857329992,0.0006072387109537317,0.0,0.5,0.5,0.5,0.0,1.0,0.6,shrinkage_max_diversification,0.25,0.4031448817951361,8.890710681985588,0.15515141812130587,0.4215443605447748,2.0443496698754964,0.27374584218842213,0.14423952224032185,0.5599703542545119,0.0
20,10,signal_shrinkage_max_diversification_blend_0.25,regime_dd_vol_target_25pct_max_1p25,0.25,1.25,2024,26,0.46293845956777346,1.4672523695974253,3.103957151300956,-0.1313205758782655,3.5252545648057354,0.016760169837752217,-0.017673314871082705,-0.00026514577724847207,0.6661681766935247,16.787438052676823,0.027576480587158808,0.0006661681766935249,0.0,0.5,0.5,0.5,0.0,1.0,0.6153846153846154,shrinkage_max_diversification,0.25,0.2878552379010566,8.755385457851704,0.15279045466802776,0.4279017903629443,2.3400257619545157,0.04695274365168962,0.17978276378678362,0.45571895763427517,0.0
20,10,signal_shrinkage_max_diversification_blend_0.25,regime_dd_vol_target_25pct_max_1p25,0.25,1.25,2025,25,1.1255478119035156,3.1227070994397104,5.20600177770424,-0.09010645937351813,12.491311052826795,0.03158056954754937,0.09019189801549282,0.10917532406885332,0.772779793710853,19.474050801513496,0.05779731312070109,0.0007727797937108532,0.0,0.5092376471517497,0.5,0.5641862578332433,0.0,1.0,0.8,shrinkage_max_diversification,0.25,0.2548527054429906,8.643071926572842,0.1567338049390247,0.43729722003909016,2.453129949622425,0.1578111904097075,0.2325496518666765,0.5236608573718663,0.0
20,10,signal_shrinkage_max_diversification_blend_0.25,regime_dd_vol_target_25pct_max_1p25,0.25,1.25,2026,11,0.7088172252441864,1.5587339632151451,2.924874400518299,-0.14821469235267326,4.782368157925754,0.024113642212930143,0.027895204049558718,0.04338840353177768,0.8304138409351015,20.926428791564557,0.03387186759404981,0.0008304138409351014,0.0,0.5076825647648285,0.5,0.550440278972214,0.0,1.0,0.5454545454545454,shrinkage_max_diversification,0.25,0.3898444494738751,8.20997779064365,0.16135801237624278,0.45741173714910455,2.3689207964531835,0.01608035815630891,0.2792894529494215,0.45025211639992624,0.0
20,10,signal_shrinkage_max_diversification_blend_0.25,vol_target_30pct_max_1p25,0.3,1.25,2021,26,0.02550550043615818,0.24717361758193515,0.3833725975182479,-0.2717076905857734,0.09387110236434967,0.0036895646875406305,-0.04151941140090673,-0.054243463635006,0.7562495158291784,19.057487798895295,0.0013383453635287992,0.0007562495158291786,0.0,0.6796340640451366,0.5,1.0,0.0,0.7692307692307693,0.5,shrinkage_max_diversification,0.25,0.37616081779117505,8.784905186216191,0.15356733861514033,0.4263491397883256,2.9380161882651166,-0.16141480470303401,0.17380466868719038,0.41887428428365087,0.0
20,10,signal_shrinkage_max_diversification_blend_0.25,vol_target_30pct_max_1p25,0.3,1.25,2022,26,-0.22654890501375424,-0.5827117378031292,-1.5038846049968084,-0.2952146000720438,-0.7674041356981244,-0.007949625031120282,-0.08470086902554524,-0.08391591623005151,0.6649588881659498,16.756963981781936,-0.013519686815586449,0.0006649588881659497,0.0,0.5322046996815466,0.5,0.6160750114973877,0.0,1.0,0.3076923076923077,shrinkage_max_diversification,0.25,0.343790141484868,7.985073549910513,0.1637459883992902,0.4689568928833259,2.8202545866205706,0.14881948433824188,0.3670921797890567,0.6652659240355904,0.0
20,10,signal_shrinkage_max_diversification_blend_0.25,vol_target_30pct_max_1p25,0.3,1.25,2023,25,1.1490488717694185,2.1048398795051733,8.962440465420999,-0.17884400430186065,6.424866610736383,0.03367283430241275,0.06177551873293561,0.057163221451042814,0.6072387109537317,15.302415516034038,0.07508937857329992,0.0006072387109537317,0.0,0.5,0.5,0.5,0.0,1.0,0.6,shrinkage_max_diversification,0.25,0.4031448817951361,8.890710681985588,0.15515141812130587,0.4215443605447748,2.0443496698754964,0.27374584218842213,0.14423952224032185,0.5599703542545119,0.0
20,10,signal_shrinkage_max_diversification_blend_0.25,vol_target_30pct_max_1p25,0.3,1.25,2024,26,0.5052782470381894,1.4784665723856487,3.1747456180145512,-0.13643341153234312,3.703478798654883,0.0181373050738083,-0.017673314871082705,-0.00026514577724847207,0.6944322509608913,17.499692724214462,0.02887354966747684,0.0006944322509608912,0.0,0.5226059179698479,0.5,0.5858934507615681,0.0,1.0,0.6153846153846154,shrinkage_max_diversification,0.25,0.30914468842028575,8.755385457851704,0.15279045466802776,0.4279017903629443,2.3400257619545157,0.04695274365168962,0.17978276378678362,0.45571895763427517,0.0
20,10,signal_shrinkage_max_diversification_blend_0.25,vol_target_30pct_max_1p25,0.3,1.25,2025,25,1.3490314555804295,3.0987477191314428,5.362965532305794,-0.09955760669044655,13.550259999469043,0.0360559987028376,0.09019189801549282,0.10917532406885332,0.8792181097084419,22.156296364652736,0.06088704688625758,0.0008792181097084418,0.0,0.5806446736840035,0.5,0.6770235093998919,0.0,1.0,0.8,shrinkage_max_diversification,0.25,0.2932188256894256,8.643071926572842,0.1567338049390247,0.43729722003909016,2.453129949622425,0.1578111904097075,0.2325496518666765,0.5236608573718663,0.0
20,10,signal_shrinkage_max_diversification_blend_0.25,vol_target_30pct_max_1p25,0.3,1.25,2026,11,0.7508645128855465,1.445376007240307,2.617157268450931,-0.17634032433719404,4.258042031553487,0.026003000279642963,0.027895204049558718,0.04338840353177768,0.9296295534793717,23.426664747680167,0.03205170351703185,0.0009296295534793719,0.0,0.5641502404328084,0.5,0.6605283347666568,0.0,1.0,0.5454545454545454,shrinkage_max_diversification,0.25,0.4533599587681942,8.20997779064365,0.16135801237624278,0.45741173714910455,2.3689207964531835,0.01608035815630891,0.2792894529494215,0.45025211639992624,0.0
20,10,signal_shrinkage_max_diversification_blend_0.25,regime_dd_vol_target_30pct_max_1p25,0.3,1.25,2021,26,-0.05896742710342118,-0.02237853593800746,-0.03089283749652941,-0.2691851856309777,-0.21905896108361184,-0.00029278777785033707,-0.04151941140090673,-0.054243463635006,0.6655726832167811,16.77243161706288,-0.003515735133087835,0.0006655726832167812,0.0,0.6108622432959804,0.5,1.0,0.0,0.9615384615384616,0.5,shrinkage_max_diversification,0.25,0.3297021763294779,8.784905186216191,0.15356733861514033,0.4263491397883256,2.9380161882651166,-0.16141480470303401,0.17380466868719038,0.41887428428365087,0.0
20,10,signal_shrinkage_max_diversification_blend_0.25,regime_dd_vol_target_30pct_max_1p25,0.3,1.25,2022,26,-0.21951565623970437,-0.6143172628009288,-1.6239907420283155,-0.29520819223939276,-0.7435960857810234,-0.007859382600090415,-0.08470086902554524,-0.08391591623005151,0.6212115636150203,15.654531403098511,-0.014022499338195169,0.0006212115636150204,0.0,0.5,0.5,0.5,0.0,1.0,0.3076923076923077,shrinkage_max_diversification,0.25,0.3224009050620789,7.985073549910513,0.1637459883992902,0.4689568928833259,2.8202545866205706,0.14881948433824188,0.3670921797890567,0.6652659240355904,0.0
20,10,signal_shrinkage_max_diversification_blend_0.25,regime_dd_vol_target_30pct_max_1p25,0.3,1.25,2023,25,1.1490488717694185,2.1048398795051733,8.962440465420999,-0.17884400430186065,6.424866610736383,0.03367283430241275,0.06177551873293561,0.057163221451042814,0.6072387109537317,15.302415516034038,0.07508937857329992,0.0006072387109537317,0.0,0.5,0.5,0.5,0.0,1.0,0.6,shrinkage_max_diversification,0.25,0.4031448817951361,8.890710681985588,0.15515141812130587,0.4215443605447748,2.0443496698754964,0.27374584218842213,0.14423952224032185,0.5599703542545119,0.0
20,10,signal_shrinkage_max_diversification_blend_0.25,regime_dd_vol_target_30pct_max_1p25,0.3,1.25,2024,26,0.5052782470381894,1.4784665723856487,3.1747456180145512,-0.13643341153234312,3.703478798654883,0.0181373050738083,-0.017673314871082705,-0.00026514577724847207,0.6944322509608913,17.499692724214462,0.02887354966747684,0.0006944322509608912,0.0,0.5226059179698479,0.5,0.5858934507615681,0.0,1.0,0.6153846153846154,shrinkage_max_diversification,0.25,0.30914468842028575,8.755385457851704,0.15279045466802776,0.4279017903629443,2.3400257619545157,0.04695274365168962,0.17978276378678362,0.45571895763427517,0.0
20,10,signal_shrinkage_max_diversification_blend_0.25,regime_dd_vol_target_30pct_max_1p25,0.3,1.25,2025,25,1.3282828080622715,3.10570484207576,5.3030637905909535,-0.09955760669044655,13.3418515392027,0.03565327056510157,0.09019189801549282,0.10917532406885332,0.8767221573124323,22.093398364273295,0.060121253695864456,0.0008767221573124322,0.0,0.5787841230529188,0.5,0.65,0.0,1.0,0.8,shrinkage_max_diversification,0.25,0.2892942066059485,8.643071926572842,0.1567338049390247,0.43729722003909016,2.453129949622425,0.1578111904097075,0.2325496518666765,0.5236608573718663,0.0
20,10,signal_shrinkage_max_diversification_blend_0.25,regime_dd_vol_target_30pct_max_1p25,0.3,1.25,2026,11,0.7596122872088968,1.460036579842788,2.6757153205044237,-0.17454652115033842,4.351918801948715,0.02617732244779952,0.027895204049558718,0.04338840353177768,0.9280118918319584,23.38589967416535,0.03248163627624079,0.0009280118918319587,0.0,0.5631931190903852,0.5,0.65,0.0,1.0,0.5454545454545454,shrinkage_max_diversification,0.25,0.45181643719883985,8.20997779064365,0.16135801237624278,0.45741173714910455,2.3689207964531835,0.01608035815630891,0.2792894529494215,0.45025211639992624,0.0
20,10,signal_shrinkage_max_diversification_blend_0.25,vol_target_35pct_max_1p25,0.35,1.25,2021,26,-0.006923193181555987,0.18272522339435238,0.27215402780318493,-0.3116025941448093,-0.022218021645669005,0.0029858408449428735,-0.04151941140090673,-0.054243463635006,0.8278596478211337,20.86206312509257,-0.00033185563383848055,0.0008278596478211338,0.0,0.7533012073561564,0.5536467031460309,1.0,0.0,0.7692307692307693,0.5,shrinkage_max_diversification,0.25,0.4117832661239806,8.784905186216191,0.15356733861514033,0.4263491397883256,2.9380161882651166,-0.16141480470303401,0.17380466868719038,0.41887428428365087,0.0
20,10,signal_shrinkage_max_diversification_blend_0.25,vol_target_35pct_max_1p25,0.35,1.25,2022,26,-0.25319765083739953,-0.5524508527296814,-1.4197208823954444,-0.3196904383198863,-0.7920088325696083,-0.00864521290295398,-0.08470086902554524,-0.08391591623005151,0.7559191367316649,19.049162245637955,-0.013291799795310104,0.000755919136731665,0.0,0.604984835769357,0.5210155750053969,0.7187541800802857,0.0,1.0,0.3076923076923077,shrinkage_max_diversification,0.25,0.39435067224168197,7.985073549910513,0.1637459883992902,0.4689568928833259,2.8202545866205706,0.14881948433824188,0.3670921797890567,0.6652659240355904,0.0
20,10,signal_shrinkage_max_diversification_blend_0.25,vol_target_35pct_max_1p25,0.35,1.25,2023,25,1.2006856771082943,2.0908441857848126,9.150730742043216,-0.17884400430186076,6.713592003239451,0.03485671539239578,0.06177551873293561,0.057163221451042814,0.6121642732448328,15.426539685769786,0.07783246933956725,0.0006121642732448327,0.0,0.5038599857196284,0.5,0.5399328852934898,0.0,1.0,0.6,shrinkage_max_diversification,0.25,0.4201122368947184,8.890710681985588,0.15515141812130587,0.4215443605447748,2.0443496698754964,0.27374584218842213,0.14423952224032185,0.5599703542545119,0.0
20,10,signal_shrinkage_max_diversification_blend_0.25,vol_target_35pct_max_1p25,0.35,1.25,2024,26,0.5949483474082482,1.5031714074626752,3.1883088441466296,-0.14553283790924154,4.088069441614786,0.020985776708256684,-0.017673314871082705,-0.00026514577724847207,0.7800423956762528,19.657068371041568,0.030266382360693986,0.0007800423956762527,0.0,0.5892458614752668,0.5,0.6835423592218294,0.0,1.0,0.6153846153846154,shrinkage_max_diversification,0.25,0.35181721154525086,8.755385457851704,0.15279045466802776,0.4279017903629443,2.3400257619545157,0.04695274365168962,0.17978276378678362,0.45571895763427517,0.0
20,10,signal_shrinkage_max_diversification_blend_0.25,vol_target_35pct_max_1p25,0.35,1.25,2025,25,1.6812705957382366,3.0986776272113143,5.362798667267048,-0.11615054113885426,14.47492692890971,0.04206402298567988,0.09019189801549282,0.10917532406885332,1.0257350712436004,25.84852379533873,0.06504319585327424,0.0010257350712436005,0.0,0.6774081147891173,0.5830665539444998,0.7898607609665406,0.0,1.0,0.8,shrinkage_max_diversification,0.25,0.3420857239005861,8.643071926572842,0.1567338049390247,0.43729722003909016,2.453129949622425,0.1578111904097075,0.2325496518666765,0.5236608573718663,0.0
20,10,signal_shrinkage_max_diversification_blend_0.25,vol_target_35pct_max_1p25,0.35,1.25,2026,11,0.859859901937597,1.4202286059139864,2.5525265717586985,-0.20418360403743108,4.211209347543727,0.029646595977463316,0.027895204049558718,0.04338840353177768,1.0698339103897874,26.95981454182264,0.03189413267675488,0.0010698339103897873,0.0,0.6473095339768606,0.5397311212894237,0.7706163905610997,0.0,1.0,0.5454545454545454,shrinkage_max_diversification,0.25,0.5260380022773052,8.20997779064365,0.16135801237624278,0.45741173714910455,2.3689207964531835,0.01608035815630891,0.2792894529494215,0.45025211639992624,0.0
20,10,signal_shrinkage_max_diversification_blend_0.25,regime_dd_vol_target_35pct_max_1p25,0.35,1.25,2021,26,-0.0974764347491377,-0.12599074134884655,-0.16905728543053855,-0.28225692331997543,-0.3453464793798355,-0.0017255525410674844,-0.04151941140090673,-0.054243463635006,0.6905958997188268,17.403016672914436,-0.00560112287318826,0.000690595899718827,0.0,0.639512096627549,0.5,1.0,0.0,0.9615384615384616,0.5,shrinkage_max_diversification,0.25,0.34513586926598955,8.784905186216191,0.15356733861514033,0.4263491397883256,2.9380161882651166,-0.16141480470303401,0.17380466868719038,0.41887428428365087,0.0
20,10,signal_shrinkage_max_diversification_blend_0.25,regime_dd_vol_target_35pct_max_1p25,0.35,1.25,2022,26,-0.21951565623970437,-0.6143172628009288,-1.6239907420283155,-0.29520819223939276,-0.7435960857810234,-0.007859382600090415,-0.08470086902554524,-0.08391591623005151,0.6212115636150203,15.654531403098511,-0.014022499338195169,0.0006212115636150204,0.0,0.5,0.5,0.5,0.0,1.0,0.3076923076923077,shrinkage_max_diversification,0.25,0.3224009050620789,7.985073549910513,0.1637459883992902,0.4689568928833259,2.8202545866205706,0.14881948433824188,0.3670921797890567,0.6652659240355904,0.0
20,10,signal_shrinkage_max_diversification_blend_0.25,regime_dd_vol_target_35pct_max_1p25,0.35,1.25,2023,25,1.1490488717694185,2.1048398795051733,8.962440465420999,-0.17884400430186065,6.424866610736383,0.03367283430241275,0.06177551873293561,0.057163221451042814,0.6072387109537317,15.302415516034038,0.07508937857329992,0.0006072387109537317,0.0,0.5,0.5,0.5,0.0,1.0,0.6,shrinkage_max_diversification,0.25,0.4031448817951361,8.890710681985588,0.15515141812130587,0.4215443605447748,2.0443496698754964,0.27374584218842213,0.14423952224032185,0.5599703542545119,0.0
20,10,signal_shrinkage_max_diversification_blend_0.25,regime_dd_vol_target_35pct_max_1p25,0.35,1.25,2024,26,0.578057392541357,1.4905282912229623,3.1084456035042463,-0.14491499328649926,3.988941236732684,0.020493420929797217,-0.017673314871082705,-0.00026514577724847207,0.7756809884034681,19.547160907767395,0.02957244764438687,0.0007756809884034681,0.0,0.5855201312728211,0.5,0.65,0.0,1.0,0.6153846153846154,shrinkage_max_diversification,0.25,0.3464772929651414,8.755385457851704,0.15279045466802776,0.4279017903629443,2.3400257619545157,0.04695274365168962,0.17978276378678362,0.45571895763427517,0.0
20,10,signal_shrinkage_max_diversification_blend_0.25,regime_dd_vol_target_35pct_max_1p25,0.35,1.25,2025,25,1.4881727439261145,3.1048277938126776,4.89565720970855,-0.11615054113885426,12.812447788315094,0.038665130828788905,0.09019189801549282,0.10917532406885332,0.9681159119284214,24.396520980596218,0.06099938368711397,0.0009681159119284215,0.0,0.6382671830810359,0.5830665539444998,0.6783461163384241,0.0,1.0,0.8,shrinkage_max_diversification,0.25,0.3138213651743244,8.643071926572842,0.1567338049390247,0.43729722003909016,2.453129949622425,0.1578111904097075,0.2325496518666765,0.5236608573718663,0.0
20,10,signal_shrinkage_max_diversification_blend_0.25,regime_dd_vol_target_35pct_max_1p25,0.35,1.25,2026,11,0.8766169128191674,1.5261316957774218,2.9739108292682412,-0.17938351794675433,4.886830868593902,0.02925398024191923,0.027895204049558718,0.04338840353177768,1.0127300761508033,25.520797919000245,0.034349118534672686,0.0010127300761508032,0.0,0.6148918292294931,0.5397311212894237,0.65,0.0,1.0,0.5454545454545454,shrinkage_max_diversification,0.25,0.483051563725521,8.20997779064365,0.16135801237624278,0.45741173714910455,2.3689207964531835,0.01608035815630891,0.2792894529494215,0.45025211639992624,0.0
20,10,signal_shrinkage_max_diversification_blend_0.50,static_1x,,1.0,2021,26,-0.04565551195761408,0.1767496443129804,0.2576286165591458,-0.4004459567823814,-0.114011669201158,0.0037413836920906986,-0.04151941140090673,-0.054243463635006,1.0293941614325457,25.940732868100152,-0.0017599931424357557,0.0010293941614325454,0.0,1.0,1.0,1.0,0.0,0.0,0.5384615384615384,shrinkage_max_diversification,0.5,0.5334260750971227,9.41381488337018,0.13596129950299154,0.3842763790813962,2.942603909325196,-0.04657197267412704,0.17380466868719038,0.43280805290108787,0.0
20,10,signal_shrinkage_max_diversification_blend_0.50,static_1x,,1.0,2022,26,-0.45825849352076575,-0.6016995005491536,-1.6379915171956414,-0.5234122186317745,-0.875521199559835,-0.01595377987637507,-0.08470086902554524,-0.08391591623005151,1.204691671688121,30.35823012654065,-0.015095033261511966,0.0012046916716881213,0.0,1.0,1.0,1.0,0.0,0.0,0.3076923076923077,shrinkage_max_diversification,0.5,0.6681661735097436,8.83307214273728,0.14887744368687986,0.4224394294502722,2.8276477857574873,0.27842268959164357,0.3670921797890567,0.6788908080250116,0.0
20,10,signal_shrinkage_max_diversification_blend_0.50,static_1x,,1.0,2023,25,3.279689700022173,2.074544928560255,8.246865088893891,-0.35895042192513704,9.136887713997972,0.07159588272782481,0.06177551873293561,0.057163221451042814,1.1841549070414756,29.840703657445186,0.10990658054418559,0.0011841549070414758,0.0,1.0,1.0,1.0,0.0,0.0,0.56,shrinkage_max_diversification,0.5,0.8696925383020366,9.13928188662831,0.1523840161938381,0.40835105184610776,2.1049754945601973,0.6760095378292967,0.14423952224032185,0.5939037271863442,0.0
20,10,signal_shrinkage_max_diversification_blend_0.50,static_1x,,1.0,2024,26,1.1329293233979172,1.5307778949556987,3.327822308417391,-0.25298743949543867,4.478203841492865,0.037446867804258294,-0.017673314871082705,-0.00026514577724847207,1.3028033356686708,32.8306440588505,0.034508288091061726,0.0013028033356686708,0.0,1.0,1.0,1.0,0.0,0.0,0.6153846153846154,shrinkage_max_diversification,0.5,0.6164585154887012,9.329379535781333,0.13993697274458522,0.3921207963316774,2.3617320910359836,0.3191015846042179,0.17978276378678362,0.4749073396723622,0.0
20,10,signal_shrinkage_max_diversification_blend_0.50,static_1x,,1.0,2025,25,2.8671342665889155,3.0370257599312898,5.034271453951389,-0.18274058626805478,15.689641393528376,0.05964941486637605,0.09019189801549282,0.10917532406885332,1.4720646566698758,37.09602934808087,0.07728951903951532,0.001472064656669876,0.0,1.0,1.0,1.0,0.0,0.0,0.8,shrinkage_max_diversification,0.5,0.4949464948452345,9.247398729179995,0.1449786055582732,0.3970998620543735,2.4716303154448083,0.3844632673972113,0.2325496518666765,0.5390101103923426,0.0
20,10,signal_shrinkage_max_diversification_blend_0.50,static_1x,,1.0,2026,11,1.7408187010462868,1.6469064644781362,3.2791827695199984,-0.27835130078744186,6.254034725620459,0.05081804166778723,0.027895204049558718,0.04338840353177768,1.598658244338992,40.286187757342596,0.04321130387247931,0.001598658244338992,0.0,1.0,1.0,1.0,0.0,0.0,0.5454545454545454,shrinkage_max_diversification,0.5,0.7775879672887392,9.06591004112907,0.144579020969604,0.4078005741284981,2.386955611466183,0.22985808537385424,0.2792894529494215,0.46910078603968475,0.0
20,10,signal_shrinkage_max_diversification_blend_0.50,legacy_risk_scaled,,1.0,2021,26,-0.19447510822174507,-0.48911804715353413,-0.5143696379052753,-0.35226882683781946,-0.5520644842959073,-0.006337863664841626,-0.04151941140090673,-0.054243463635006,0.56307379558998,14.189459648867498,-0.013705603527845875,0.00056307379558998,0.0,0.5346153846153846,0.45,1.0,0.0,0.8461538461538461,0.5384615384615384,shrinkage_max_diversification,0.5,0.3265350057792382,9.41381488337018,0.13596129950299154,0.3842763790813962,2.942603909325196,-0.04657197267412704,0.17380466868719038,0.43280805290108787,0.0
20,10,signal_shrinkage_max_diversification_blend_0.50,legacy_risk_scaled,,1.0,2022,26,-0.20084690127995175,-0.6016995005491537,-1.6379915171956414,-0.2743649372148881,-0.7320428890031399,-0.007179200944368783,-0.08470086902554524,-0.08391591623005151,0.5421112522596546,13.661203556943295,-0.014701991698079302,0.0005421112522596545,0.0,0.44999999999999996,0.45,0.45,0.0,1.0,0.3076923076923077,shrinkage_max_diversification,0.5,0.30067477807938464,8.83307214273728,0.14887744368687986,0.4224394294502722,2.8276477857574873,0.27842268959164357,0.3670921797890567,0.6788908080250116,0.0
20,10,signal_shrinkage_max_diversification_blend_0.50,legacy_risk_scaled,,1.0,2023,25,1.3855729349880304,2.284479017390041,9.780997201192825,-0.17731460141763578,7.814206635608864,0.03821156335931635,0.06177551873293561,0.057163221451042814,0.5628465966463291,14.183734235487492,0.09768745747656125,0.0005628465966463291,0.0,0.486,0.45,0.75,0.0,1.0,0.56,shrinkage_max_diversification,0.5,0.42151028279300917,9.13928188662831,0.1523840161938381,0.40835105184610776,2.1049754945601973,0.6760095378292967,0.14423952224032185,0.5939037271863442,0.0
20,10,signal_shrinkage_max_diversification_blend_0.50,legacy_risk_scaled,,1.0,2024,26,0.8774360196127364,1.7169228801888337,4.463660728859593,-0.11936089777435943,7.3511177946352815,0.028441000515261963,-0.017673314871082705,-0.00026514577724847207,0.8475464640656044,21.35817089445323,0.04108198328165867,0.0008475464640656045,0.0,0.6423076923076922,0.45,1.0,0.0,0.6923076923076923,0.6153846153846154,shrinkage_max_diversification,0.5,0.4174405392662568,9.329379535781333,0.13993697274458522,0.3921207963316774,2.3617320910359836,0.3191015846042179,0.17978276378678362,0.4749073396723622,0.0
20,10,signal_shrinkage_max_diversification_blend_0.50,legacy_risk_scaled,,1.0,2025,25,1.6317760877270464,3.231521794088996,7.615558766579481,-0.08277590557589254,19.713177118080132,0.04095035156581143,0.09019189801549282,0.10917532406885332,0.9035581549471878,22.76966550466913,0.07166447339300772,0.0009035581549471879,0.0,0.594,0.45,1.0,0.0,0.76,0.8,shrinkage_max_diversification,0.5,0.31933835672903654,9.247398729179995,0.1449786055582732,0.3970998620543735,2.4716303154448083,0.3844632673972113,0.2325496518666765,0.5390101103923426,0.0
20,10,signal_shrinkage_max_diversification_blend_0.50,legacy_risk_scaled,,1.0,2026,11,0.6781893914393531,1.6469064644781368,3.2791827695199984,-0.13084974920885706,5.182962868020899,0.022868118750504252,0.027895204049558718,0.04338840353177768,0.7193962099525464,18.12878449080417,0.03740953464273156,0.0007193962099525463,0.0,0.45,0.45,0.45,0.0,1.0,0.5454545454545454,shrinkage_max_diversification,0.5,0.3499145852799325,9.06591004112907,0.144579020969604,0.4078005741284981,2.386955611466183,0.22985808537385424,0.2792894529494215,0.46910078603968475,0.0
20,10,signal_shrinkage_max_diversification_blend_0.50,vol_target_25pct_max_1p25,0.25,1.25,2021,26,0.07917760431319176,0.3840250051267383,0.6433384791770959,-0.26007200712330547,0.30444493119035315,0.005303315585431407,-0.04151941140090673,-0.054243463635006,0.6722685629204117,16.941167785594374,0.004673680428365691,0.0006722685629204118,0.0,0.6197801588892771,0.5,1.0,0.0,0.7692307692307693,0.5384615384615384,shrinkage_max_diversification,0.5,0.3480074239144026,9.41381488337018,0.13596129950299154,0.3842763790813962,2.942603909325196,-0.04657197267412704,0.17380466868719038,0.43280805290108787,0.0
20,10,signal_shrinkage_max_diversification_blend_0.50,vol_target_25pct_max_1p25,0.25,1.25,2022,26,-0.22350048775099884,-0.596075923170466,-1.6262907379742146,-0.3006329248079659,-0.7434331681859643,-0.007915050140388563,-0.08470086902554524,-0.08391591623005151,0.6033066829337714,15.20332840993104,-0.014700760368039212,0.0006033066829337716,0.0,0.5007312282027461,0.5,0.5098784039966032,0.0,1.0,0.3076923076923077,shrinkage_max_diversification,0.5,0.3346205672540651,8.83307214273728,0.14887744368687986,0.4224394294502722,2.8276477857574873,0.27842268959164357,0.3670921797890567,0.6788908080250116,0.0
20,10,signal_shrinkage_max_diversification_blend_0.50,vol_target_25pct_max_1p25,0.25,1.25,2023,25,1.239893379823291,2.074544928560255,8.246865088893891,-0.1953505486094843,6.347017649292098,0.03579794136391241,0.06177551873293561,0.057163221451042814,0.5920774535207378,14.920351828722593,0.08310081384518159,0.0005920774535207379,0.0,0.5,0.5,0.5,0.0,1.0,0.56,shrinkage_max_diversification,0.5,0.4348462691510183,9.13928188662831,0.1523840161938381,0.40835105184610776,2.1049754945601973,0.6760095378292967,0.14423952224032185,0.5939037271863442,0.0
20,10,signal_shrinkage_max_diversification_blend_0.50,vol_target_25pct_max_1p25,0.25,1.25,2024,26,0.5276766009163414,1.5307778949556987,3.327822308417391,-0.13206269402710313,3.995652252921985,0.018723433902129147,-0.017673314871082705,-0.00026514577724847207,0.6514016678343354,16.41532202942525,0.03214537003724056,0.0006514016678343354,0.0,0.5,0.5,0.5,0.0,1.0,0.6153846153846154,shrinkage_max_diversification,0.5,0.3082292577443506,9.329379535781333,0.13993697274458522,0.3921207963316774,2.3617320910359836,0.3191015846042179,0.17978276378678362,0.4749073396723622,0.0
20,10,signal_shrinkage_max_diversification_blend_0.50,vol_target_25pct_max_1p25,0.25,1.25,2025,25,1.0793170613934548,3.026842649940438,5.196680284711485,-0.09137029313402734,11.812559907302134,0.03068831650650077,0.09019189801549282,0.10917532406885332,0.7437771653089809,18.74318456578632,0.05758450799036749,0.0007437771653089807,0.0,0.5055551353387613,0.5,0.5508204253885178,0.0,1.0,0.8,shrinkage_max_diversification,0.5,0.25549579723909244,9.247398729179995,0.1449786055582732,0.3970998620543735,2.4716303154448083,0.3844632673972113,0.2325496518666765,0.5390101103923426,0.0
20,10,signal_shrinkage_max_diversification_blend_0.50,vol_target_25pct_max_1p25,0.25,1.25,2026,11,0.7521708797202429,1.6031578623253753,3.0390260872091712,-0.15144907383088835,4.966493757235748,0.025212371113643682,0.027895204049558718,0.04338840353177768,0.809390452682754,20.3966394076054,0.03687719651698,0.0008093904526827541,0.0,0.5059409166413407,0.5,0.5378809140621591,0.0,1.0,0.5454545454545454,shrinkage_max_diversification,0.5,0.39631265703443896,9.06591004112907,0.144579020969604,0.4078005741284981,2.386955611466183,0.22985808537385424,0.2792894529494215,0.46910078603968475,0.0
20,10,signal_shrinkage_max_diversification_blend_0.50,regime_dd_vol_target_25pct_max_1p25,0.25,1.25,2021,26,-0.01060121266287306,0.11019675893849944,0.16162872129833128,-0.2474614514199468,-0.04283985486241492,0.0013120787194087634,-0.04151941140090673,-0.054243463635006,0.587988339128261,14.817306146032177,-0.0007154615392563705,0.0005879883391282609,0.0,0.5524724665815847,0.5,1.0,0.0,0.9615384615384616,0.5384615384615384,shrinkage_max_diversification,0.5,0.30004860440182274,9.41381488337018,0.13596129950299154,0.3842763790813962,2.942603909325196,-0.04657197267412704,0.17380466868719038,0.43280805290108787,0.0
20,10,signal_shrinkage_max_diversification_blend_0.50,regime_dd_vol_target_25pct_max_1p25,0.25,1.25,2022,26,-0.22459549189002026,-0.6016995005491536,-1.6379915171956414,-0.3006329248079659,-0.7470754975805934,-0.007976889938187536,-0.08470086902554524,-0.08391591623005151,0.6023458358440605,15.179115063270325,-0.01479634952063084,0.0006023458358440606,0.0,0.5,0.5,0.5,0.0,1.0,0.3076923076923077,shrinkage_max_diversification,0.5,0.3340830867548718,8.83307214273728,0.14887744368687986,0.4224394294502722,2.8276477857574873,0.27842268959164357,0.3670921797890567,0.6788908080250116,0.0
20,10,signal_shrinkage_max_diversification_blend_0.50,regime_dd_vol_target_25pct_max_1p25,0.25,1.25,2023,25,1.239893379823291,2.074544928560255,8.246865088893891,-0.1953505486094843,6.347017649292098,0.03579794136391241,0.06177551873293561,0.057163221451042814,0.5920774535207378,14.920351828722593,0.08310081384518159,0.0005920774535207379,0.0,0.5,0.5,0.5,0.0,1.0,0.56,shrinkage_max_diversification,0.5,0.4348462691510183,9.13928188662831,0.1523840161938381,0.40835105184610776,2.1049754945601973,0.6760095378292967,0.14423952224032185,0.5939037271863442,0.0
20,10,signal_shrinkage_max_diversification_blend_0.50,regime_dd_vol_target_25pct_max_1p25,0.25,1.25,2024,26,0.5276766009163414,1.5307778949556987,3.327822308417391,-0.13206269402710313,3.995652252921985,0.018723433902129147,-0.017673314871082705,-0.00026514577724847207,0.6514016678343354,16.41532202942525,0.03214537003724056,0.0006514016678343354,0.0,0.5,0.5,0.5,0.0,1.0,0.6153846153846154,shrinkage_max_diversification,0.5,0.3082292577443506,9.329379535781333,0.13993697274458522,0.3921207963316774,2.3617320910359836,0.3191015846042179,0.17978276378678362,0.4749073396723622,0.0
20,10,signal_shrinkage_max_diversification_blend_0.50,regime_dd_vol_target_25pct_max_1p25,0.25,1.25,2025,25,1.0793170613934548,3.026842649940438,5.196680284711485,-0.09137029313402734,11.812559907302134,0.03068831650650077,0.09019189801549282,0.10917532406885332,0.7437771653089809,18.74318456578632,0.05758450799036749,0.0007437771653089807,0.0,0.5055551353387613,0.5,0.5508204253885178,0.0,1.0,0.8,shrinkage_max_diversification,0.5,0.25549579723909244,9.247398729179995,0.1449786055582732,0.3970998620543735,2.4716303154448083,0.3844632673972113,0.2325496518666765,0.5390101103923426,0.0
20,10,signal_shrinkage_max_diversification_blend_0.50,regime_dd_vol_target_25pct_max_1p25,0.25,1.25,2026,11,0.7521708797202429,1.6031578623253753,3.0390260872091712,-0.15144907383088835,4.966493757235748,0.025212371113643682,0.027895204049558718,0.04338840353177768,0.809390452682754,20.3966394076054,0.03687719651698,0.0008093904526827541,0.0,0.5059409166413407,0.5,0.5378809140621591,0.0,1.0,0.5454545454545454,shrinkage_max_diversification,0.5,0.39631265703443896,9.06591004112907,0.144579020969604,0.4078005741284981,2.386955611466183,0.22985808537385424,0.2792894529494215,0.46910078603968475,0.0
20,10,signal_shrinkage_max_diversification_blend_0.50,vol_target_30pct_max_1p25,0.3,1.25,2021,26,0.024829770053602873,0.24555656619459054,0.3828204422643196,-0.2836981620236205,0.08752178680500426,0.0036614433658967234,-0.04151941140090673,-0.054243463635006,0.7188397081472515,18.11476064531074,0.0013706926930900636,0.0007188397081472515,0.0,0.6708621416765931,0.5,1.0,0.0,0.7692307692307693,0.5384615384615384,shrinkage_max_diversification,0.5,0.37575200798124714,9.41381488337018,0.13596129950299154,0.3842763790813962,2.942603909325196,-0.04657197267412704,0.17380466868719038,0.43280805290108787,0.0
20,10,signal_shrinkage_max_diversification_blend_0.50,vol_target_30pct_max_1p25,0.3,1.25,2022,26,-0.23213095039470522,-0.5829559215313924,-1.5576037096200916,-0.30063292480796566,-0.7721408110671271,-0.008135306044502914,-0.08470086902554524,-0.08391591623005151,0.6383146580892629,16.085529383849426,-0.014431042016420972,0.000638314658089263,0.0,0.5266374821447625,0.5,0.6118540847959238,0.0,1.0,0.3076923076923077,shrinkage_max_diversification,0.5,0.35167275045928764,8.83307214273728,0.14887744368687986,0.4224394294502722,2.8276477857574873,0.27842268959164357,0.3670921797890567,0.6788908080250116,0.0
20,10,signal_shrinkage_max_diversification_blend_0.50,vol_target_30pct_max_1p25,0.3,1.25,2023,25,1.239893379823291,2.074544928560255,8.246865088893891,-0.1953505486094843,6.347017649292098,0.03579794136391241,0.06177551873293561,0.057163221451042814,0.5920774535207378,14.920351828722593,0.08310081384518159,0.0005920774535207379,0.0,0.5,0.5,0.5,0.0,1.0,0.56,shrinkage_max_diversification,0.5,0.4348462691510183,9.13928188662831,0.1523840161938381,0.40835105184610776,2.1049754945601973,0.6760095378292967,0.14423952224032185,0.5939037271863442,0.0
20,10,signal_shrinkage_max_diversification_blend_0.50,vol_target_30pct_max_1p25,0.3,1.25,2024,26,0.5593967292682949,1.5564301335735446,3.5163829168538934,-0.13392670763423675,4.1768870388126516,0.019660200658499563,-0.017673314871082705,-0.00026514577724847207,0.6615397768148648,16.670802375734592,0.033555477214613987,0.0006615397768148647,0.0,0.5089005268220744,0.5,0.555402511476566,0.0,1.0,0.6153846153846154,shrinkage_max_diversification,0.5,0.31831628410886104,9.329379535781333,0.13993697274458522,0.3921207963316774,2.3617320910359836,0.3191015846042179,0.17978276378678362,0.4749073396723622,0.0
20,10,signal_shrinkage_max_diversification_blend_0.50,vol_target_30pct_max_1p25,0.3,1.25,2025,25,1.2626700593794635,3.0189431928194495,5.659606456293143,-0.09514453747966334,13.271072547379326,0.03445684561561022,0.09019189801549282,0.10917532406885332,0.8267650355440085,20.83447889570901,0.0606048303727682,0.0008267650355440084,0.0,0.5629391939571233,0.5,0.6609845104662214,0.0,1.0,0.8,shrinkage_max_diversification,0.5,0.28762134762212727,9.247398729179995,0.1449786055582732,0.3970998620543735,2.4716303154448083,0.3844632673972113,0.2325496518666765,0.5390101103923426,0.0
20,10,signal_shrinkage_max_diversification_blend_0.50,vol_target_30pct_max_1p25,0.3,1.25,2026,11,0.7895332334845269,1.4882940347619098,2.699169891709354,-0.17874127031202436,4.417184862266323,0.02693099170205916,0.027895204049558718,0.04338840353177768,0.8964302114168298,22.59004132770411,0.034950499737079026,0.0008964302114168299,0.0,0.5564649184573217,0.5,0.6454570968745909,0.0,1.0,0.5454545454545454,shrinkage_max_diversification,0.5,0.4559992683169356,9.06591004112907,0.144579020969604,0.4078005741284981,2.386955611466183,0.22985808537385424,0.2792894529494215,0.46910078603968475,0.0
20,10,signal_shrinkage_max_diversification_blend_0.50,regime_dd_vol_target_30pct_max_1p25,0.3,1.25,2021,26,-0.060427748254350155,-0.025084679191404256,-0.03463198356838477,-0.27149026569427503,-0.22257795541884287,-0.00032979350012591956,-0.04151941140090673,-0.054243463635006,0.6345594843551007,15.990899005748537,-0.0037788837408470346,0.0006345594843551005,0.0,0.6035544493689006,0.5,1.0,0.0,0.9615384615384616,0.5384615384615384,shrinkage_max_diversification,0.5,0.3313096468070848,9.41381488337018,0.13596129950299154,0.3842763790813962,2.942603909325196,-0.04657197267412704,0.17380466868719038,0.43280805290108787,0.0
20,10,signal_shrinkage_max_diversification_blend_0.50,regime_dd_vol_target_30pct_max_1p25,0.3,1.25,2022,26,-0.22459549189002026,-0.6016995005491536,-1.6379915171956414,-0.3006329248079659,-0.7470754975805934,-0.007976889938187536,-0.08470086902554524,-0.08391591623005151,0.6023458358440605,15.179115063270325,-0.01479634952063084,0.0006023458358440606,0.0,0.5,0.5,0.5,0.0,1.0,0.3076923076923077,shrinkage_max_diversification,0.5,0.3340830867548718,8.83307214273728,0.14887744368687986,0.4224394294502722,2.8276477857574873,0.27842268959164357,0.3670921797890567,0.6788908080250116,0.0
20,10,signal_shrinkage_max_diversification_blend_0.50,regime_dd_vol_target_30pct_max_1p25,0.3,1.25,2023,25,1.239893379823291,2.074544928560255,8.246865088893891,-0.1953505486094843,6.347017649292098,0.03579794136391241,0.06177551873293561,0.057163221451042814,0.5920774535207378,14.920351828722593,0.08310081384518159,0.0005920774535207379,0.0,0.5,0.5,0.5,0.0,1.0,0.56,shrinkage_max_diversification,0.5,0.4348462691510183,9.13928188662831,0.1523840161938381,0.40835105184610776,2.1049754945601973,0.6760095378292967,0.14423952224032185,0.5939037271863442,0.0
20,10,signal_shrinkage_max_diversification_blend_0.50,regime_dd_vol_target_30pct_max_1p25,0.3,1.25,2024,26,0.5593967292682949,1.5564301335735446,3.5163829168538934,-0.13392670763423675,4.1768870388126516,0.019660200658499563,-0.017673314871082705,-0.00026514577724847207,0.6615397768148648,16.670802375734592,0.033555477214613987,0.0006615397768148647,0.0,0.5089005268220744,0.5,0.555402511476566,0.0,1.0,0.6153846153846154,shrinkage_max_diversification,0.5,0.31831628410886104,9.329379535781333,0.13993697274458522,0.3921207963316774,2.3617320910359836,0.3191015846042179,0.17978276378678362,0.4749073396723622,0.0
20,10,signal_shrinkage_max_diversification_blend_0.50,regime_dd_vol_target_30pct_max_1p25,0.3,1.25,2025,25,1.25459049557095,3.022776005707456,5.632804079120055,-0.09514453747966334,13.186153706818033,0.03429366724278227,0.09019189801549282,0.10917532406885332,0.825597059646615,20.805045903094697,0.0603022219424343,0.0008255970596466153,0.0,0.5622105984783788,0.5,0.65,0.0,1.0,0.8,shrinkage_max_diversification,0.5,0.28589627973967396,9.247398729179995,0.1449786055582732,0.3970998620543735,2.4716303154448083,0.3844632673972113,0.2325496518666765,0.5390101103923426,0.0
20,10,signal_shrinkage_max_diversification_blend_0.50,regime_dd_vol_target_30pct_max_1p25,0.3,1.25,2026,11,0.7895332334845269,1.4882940347619098,2.699169891709354,-0.17874127031202436,4.417184862266323,0.02693099170205916,0.027895204049558718,0.04338840353177768,0.8964302114168298,22.59004132770411,0.034950499737079026,0.0008964302114168299,0.0,0.5564649184573217,0.5,0.6454570968745909,0.0,1.0,0.5454545454545454,shrinkage_max_diversification,0.5,0.4559992683169356,9.06591004112907,0.144579020969604,0.4078005741284981,2.386955611466183,0.22985808537385424,0.2792894529494215,0.46910078603968475,0.0
20,10,signal_shrinkage_max_diversification_blend_0.50,vol_target_35pct_max_1p25,0.35,1.25,2021,26,-0.008495705763530759,0.17900373479569626,0.2673865946754976,-0.30771739702442147,-0.027608792501440896,0.0029217534829575876,-0.04151941140090673,-0.054243463635006,0.7848824139439541,19.779036831387643,-0.0004295308126454772,0.0007848824139439542,0.0,0.7415206783170674,0.5364517814173888,1.0,0.0,0.7692307692307693,0.5384615384615384,shrinkage_max_diversification,0.5,0.41132207579113284,9.41381488337018,0.13596129950299154,0.3842763790813962,2.942603909325196,-0.04657197267412704,0.17380466868719038,0.43280805290108787,0.0
20,10,signal_shrinkage_max_diversification_blend_0.50,vol_target_35pct_max_1p25,0.35,1.25,2022,26,-0.2570192324424213,-0.550514701246702,-1.4574965253177792,-0.3209031467208926,-0.8009246249802757,-0.008754839277217898,-0.08470086902554524,-0.08391591623005151,0.720627946926649,18.159824262551556,-0.014153178396799566,0.0007206279469266491,0.0,0.5943524667919732,0.5130867914529934,0.7138297655952445,0.0,1.0,0.3076923076923077,shrinkage_max_diversification,0.5,0.4007557823365443,8.83307214273728,0.14887744368687986,0.4224394294502722,2.8276477857574873,0.27842268959164357,0.3670921797890567,0.6788908080250116,0.0
20,10,signal_shrinkage_max_diversification_blend_0.50,vol_target_35pct_max_1p25,0.35,1.25,2023,25,1.2542282067425812,2.0726610957842393,8.319898601800878,-0.1953505486094842,6.420397668039561,0.03611496478850629,0.06177551873293561,0.057163221451042814,0.5931625497922899,14.947696254765704,0.083907793238888,0.0005931625497922898,0.0,0.5007475453647666,0.5,0.509895614374086,0.0,1.0,0.56,shrinkage_max_diversification,0.5,0.4390959595475989,9.13928188662831,0.1523840161938381,0.40835105184610776,2.1049754945601973,0.6760095378292967,0.14423952224032185,0.5939037271863442,0.0
20,10,signal_shrinkage_max_diversification_blend_0.50,vol_target_35pct_max_1p25,0.35,1.25,2024,26,0.6332261707441145,1.5501907102275017,3.4572024386010205,-0.1438874056615994,4.400845006778168,0.022008470402639625,-0.017673314871082705,-0.00026514577724847207,0.7247553046547435,18.263833677299534,0.03467104343657944,0.0007247553046547436,0.0,0.5602171322613674,0.5,0.6479695967226604,0.0,1.0,0.6153846153846154,shrinkage_max_diversification,0.5,0.3577711119589441,9.329379535781333,0.13993697274458522,0.3921207963316774,2.3617320910359836,0.3191015846042179,0.17978276378678362,0.4749073396723622,0.0
20,10,signal_shrinkage_max_diversification_blend_0.50,vol_target_35pct_max_1p25,0.35,1.25,2025,25,1.5448951331762362,2.99860938790504,5.581129881372137,-0.11100196039294052,13.917728369007149,0.03981404865199945,0.09019189801549282,0.10917532406885332,0.9576708099438914,24.133304410586064,0.06401506842546471,0.0009576708099438918,0.0,0.6520622287204337,0.5513690355300879,0.7711485955439249,0.0,1.0,0.8,shrinkage_max_diversification,0.5,0.33459310508306833,9.247398729179995,0.1449786055582732,0.3970998620543735,2.4716303154448083,0.3844632673972113,0.2325496518666765,0.5390101103923426,0.0
20,10,signal_shrinkage_max_diversification_blend_0.50,vol_target_35pct_max_1p25,0.35,1.25,2026,11,0.8899464216501356,1.447677012919921,2.601041460285099,-0.20687666430594287,4.301821206542774,0.030334690297286113,0.027895204049558718,0.04338840353177768,1.0249971015985613,25.829926960283743,0.03445408200412346,0.001024997101598561,0.0,0.6337819550024629,0.5287843954129713,0.7530332796870226,0.0,1.0,0.5454545454545454,shrinkage_max_diversification,0.5,0.5280419518092432,9.06591004112907,0.144579020969604,0.4078005741284981,2.386955611466183,0.22985808537385424,0.2792894529494215,0.46910078603968475,0.0
20,10,signal_shrinkage_max_diversification_blend_0.50,regime_dd_vol_target_35pct_max_1p25,0.35,1.25,2021,26,-0.09609956678405007,-0.1134475529809593,-0.15095071439925234,-0.2959188593135439,-0.32474972026783455,-0.0015793514668947667,-0.04151941140090673,-0.054243463635006,0.6595409795403283,16.620432684416272,-0.005782013537719472,0.0006595409795403282,0.0,0.6342653745025161,0.5,1.0,0.0,0.9615384615384616,0.5384615384615384,shrinkage_max_diversification,0.5,0.3508198803761592,9.41381488337018,0.13596129950299154,0.3842763790813962,2.942603909325196,-0.04657197267412704,0.17380466868719038,0.43280805290108787,0.0
20,10,signal_shrinkage_max_diversification_blend_0.50,regime_dd_vol_target_35pct_max_1p25,0.35,1.25,2022,26,-0.22459549189002026,-0.6016995005491536,-1.6379915171956414,-0.3006329248079659,-0.7470754975805934,-0.007976889938187536,-0.08470086902554524,-0.08391591623005151,0.6023458358440605,15.179115063270325,-0.01479634952063084,0.0006023458358440606,0.0,0.5,0.5,0.5,0.0,1.0,0.3076923076923077,shrinkage_max_diversification,0.5,0.3340830867548718,8.83307214273728,0.14887744368687986,0.4224394294502722,2.8276477857574873,0.27842268959164357,0.3670921797890567,0.6788908080250116,0.0
20,10,signal_shrinkage_max_diversification_blend_0.50,regime_dd_vol_target_35pct_max_1p25,0.35,1.25,2023,25,1.239893379823291,2.074544928560255,8.246865088893891,-0.1953505486094843,6.347017649292098,0.03579794136391241,0.06177551873293561,0.057163221451042814,0.5920774535207378,14.920351828722593,0.08310081384518159,0.0005920774535207379,0.0,0.5,0.5,0.5,0.0,1.0,0.56,shrinkage_max_diversification,0.5,0.4348462691510183,9.13928188662831,0.1523840161938381,0.40835105184610776,2.1049754945601973,0.6760095378292967,0.14423952224032185,0.5939037271863442,0.0
20,10,signal_shrinkage_max_diversification_blend_0.50,regime_dd_vol_target_35pct_max_1p25,0.35,1.25,2024,26,0.6332261707441145,1.5501907102275017,3.4572024386010205,-0.1438874056615994,4.400845006778168,0.022008470402639625,-0.017673314871082705,-0.00026514577724847207,0.7247553046547435,18.263833677299534,0.03467104343657944,0.0007247553046547436,0.0,0.5602171322613674,0.5,0.6479695967226604,0.0,1.0,0.6153846153846154,shrinkage_max_diversification,0.5,0.3577711119589441,9.329379535781333,0.13993697274458522,0.3921207963316774,2.3617320910359836,0.3191015846042179,0.17978276378678362,0.4749073396723622,0.0
20,10,signal_shrinkage_max_diversification_blend_0.50,regime_dd_vol_target_35pct_max_1p25,0.35,1.25,2025,25,1.406529088741049,3.022658058469555,5.187079336107975,-0.11100196039294052,12.671209443166745,0.037249787331565025,0.09019189801549282,0.10917532406885332,0.9185204097821724,23.146714326510743,0.060765820535059786,0.0009185204097821725,0.0,0.6247791667099666,0.5513690355300879,0.6563948407623423,0.0,1.0,0.8,shrinkage_max_diversification,0.5,0.31055270645821004,9.247398729179995,0.1449786055582732,0.3970998620543735,2.4716303154448083,0.3844632673972113,0.2325496518666765,0.5390101103923426,0.0
20,10,signal_shrinkage_max_diversification_blend_0.50,regime_dd_vol_target_35pct_max_1p25,0.35,1.25,2026,11,0.90585058652156,1.5351159021237317,2.9674837429179504,-0.1860956232272707,4.867661962233702,0.030047596338337892,0.027895204049558718,0.04338840353177768,0.9797641523930259,24.690056640304253,0.03668888248084624,0.000979764152393026,0.0,0.6078085791440155,0.5287843954129713,0.65,0.0,1.0,0.5454545454545454,shrinkage_max_diversification,0.5,0.49325228582322633,9.06591004112907,0.144579020969604,0.4078005741284981,2.386955611466183,0.22985808537385424,0.2792894529494215,0.46910078603968475,0.0
20,10,signal_shrinkage_max_diversification_blend_0.75,static_1x,,1.0,2021,26,-0.04839424639335066,0.17908249428419457,0.255591248778403,-0.39820712025449123,-0.12153033919238374,0.0038623565148086566,-0.04151941140090673,-0.054243463635006,0.9961123234196793,25.102030550175918,-0.0019279016610475564,0.0009961123234196794,0.0,1.0,1.0,1.0,0.0,0.0,0.5,shrinkage_max_diversification,0.75,0.5435002709908558,9.818005804227253,0.11992427907923814,0.34536448881043386,2.9471916303852757,0.24484270675872644,0.17380466868719038,0.45005622101628934,0.0
20,10,signal_shrinkage_max_diversification_blend_0.75,static_1x,,1.0,2022,26,-0.4698558753445313,-0.5886757619499917,-1.6283047095811338,-0.5316131164449709,-0.8838304789892589,-0.016196511035630946,-0.08470086902554524,-0.08391591623005151,1.1746766992078412,29.6018528200376,-0.015872515757746224,0.001174676699207841,0.0,1.0,1.0,1.0,0.0,0.0,0.3076923076923077,shrinkage_max_diversification,0.75,0.6933393634993461,9.397454231591135,0.13492682978743947,0.38621028653093226,2.8350409848944036,0.5316062410092877,0.3670921797890567,0.6954348767390843,0.0
20,10,signal_shrinkage_max_diversification_blend_0.75,static_1x,,1.0,2023,25,3.5452918761977017,2.0410449078124286,8.50791928804469,-0.3904444573435497,9.080143947537769,0.07582505577740649,0.06177551873293561,0.057163221451042814,1.1748734655931208,29.60681133294664,0.11974581917413306,0.0011748734655931208,0.0,1.0,1.0,1.0,0.0,0.0,0.56,shrinkage_max_diversification,0.75,0.936182931731086,8.956492914206349,0.16288337578119755,0.4273649051723901,2.1656013192448977,0.9442663546019358,0.14423952224032185,0.6357299953094119,0.0
20,10,signal_shrinkage_max_diversification_blend_0.75,static_1x,,1.0,2024,26,1.29226212626281,1.5771374254605925,3.7942650237085145,-0.2548865758542126,5.0699497293335085,0.041347863127033854,-0.017673314871082705,-0.00026514577724847207,1.2988031239286084,32.72983872300093,0.03948269153415264,0.0012988031239286085,0.0,1.0,1.0,1.0,0.0,0.0,0.6538461538461539,shrinkage_max_diversification,0.75,0.6606692187885618,9.567389515283582,0.13779107152927042,0.3731975902188233,2.3834384201174514,0.7084375112036236,0.17978276378678362,0.49825288320959454,0.0
20,10,signal_shrinkage_max_diversification_blend_0.75,static_1x,,1.0,2025,25,2.740663507201637,2.9153600186060293,5.042076323103363,-0.18526825378907308,14.79294725971708,0.05843324737810888,0.09019189801549282,0.10917532406885332,1.4413687977954481,36.32249370444529,0.07545361641472936,0.0014413687977954484,0.0,1.0,1.0,1.0,0.0,0.0,0.8,shrinkage_max_diversification,0.75,0.5050895342361263,9.537359137175276,0.14068997851649295,0.3763390082830864,2.4901306812671926,0.7395778683795667,0.2325496518666765,0.5576866257283268,0.0
20,10,signal_shrinkage_max_diversification_blend_0.75,static_1x,,1.0,2026,11,1.8373357092455622,1.6698893275500437,3.2970504871969606,-0.28777862683488153,6.384545403713281,0.052696076610174544,0.027895204049558718,0.04338840353177768,1.58123386962721,39.84709351460569,0.04610965436091591,0.0015812338696272103,0.0,1.0,1.0,1.0,0.0,0.0,0.5454545454545454,shrinkage_max_diversification,0.75,0.7952270301198163,9.542503100040076,0.13603119055869375,0.3751282310370373,2.404990426479182,0.6423091567091733,0.2792894529494215,0.4915951897137838,0.0
20,10,signal_shrinkage_max_diversification_blend_0.75,legacy_risk_scaled,,1.0,2021,26,-0.20693390301102021,-0.5040412156746995,-0.5268351372703783,-0.3701891595236634,-0.5589950372325597,-0.006766298296648105,-0.04151941140090673,-0.054243463635006,0.5469633719133662,13.783476972216828,-0.015013185963754583,0.0005469633719133662,0.0,0.5346153846153846,0.45,1.0,0.0,0.8461538461538461,0.5,shrinkage_max_diversification,0.75,0.33828725067113813,9.818005804227253,0.11992427907923814,0.34536448881043386,2.9471916303852757,0.24484270675872644,0.17380466868719038,0.45005622101628934,0.0
20,10,signal_shrinkage_max_diversification_blend_0.75,legacy_risk_scaled,,1.0,2022,26,-0.2056131319615021,-0.5886757619499919,-1.6283047095811345,-0.2794509791838665,-0.7357753140174816,-0.007288429966033929,-0.08470086902554524,-0.08391591623005151,0.5286045146435285,13.320833769016918,-0.015435455131925756,0.0005286045146435286,0.0,0.44999999999999996,0.45,0.45,0.0,1.0,0.3076923076923077,shrinkage_max_diversification,0.75,0.31200271357470577,9.397454231591135,0.13492682978743947,0.38621028653093226,2.8350409848944036,0.5316062410092877,0.3670921797890567,0.6954348767390843,0.0
20,10,signal_shrinkage_max_diversification_blend_0.75,legacy_risk_scaled,,1.0,2023,25,1.4803583440767092,2.250559123330404,10.029612607573643,-0.1950138004978108,7.591044019950411,0.04022407351802974,0.06177551873293561,0.057163221451042814,0.55770991336669,14.054289816840587,0.1053314228871861,0.0005577099133666901,0.0,0.486,0.45,0.75,0.0,1.0,0.56,shrinkage_max_diversification,0.75,0.4503976999077204,8.956492914206349,0.16288337578119755,0.4273649051723901,2.1656013192448977,0.9442663546019358,0.14423952224032185,0.6357299953094119,0.0
20,10,signal_shrinkage_max_diversification_blend_0.75,legacy_risk_scaled,,1.0,2024,26,0.9865435515418544,1.7502857698932788,4.777588734041301,-0.12017255045714237,8.209391810267766,0.031224661022193716,-0.017673314871082705,-0.00026514577724847207,0.841550996523524,21.207085112392807,0.04651952620142722,0.0008415509965235239,0.0,0.6423076923076922,0.45,1.0,0.0,0.6923076923076923,0.6538461538461539,shrinkage_max_diversification,0.75,0.44956170660477884,9.567389515283582,0.13779107152927042,0.3731975902188233,2.3834384201174514,0.7084375112036236,0.17978276378678362,0.49825288320959454,0.0
20,10,signal_shrinkage_max_diversification_blend_0.75,legacy_risk_scaled,,1.0,2025,25,1.5924160548301556,3.118274417168183,7.680078301444073,-0.08391255027677269,18.977090430189705,0.04040372398309841,0.09019189801549282,0.10917532406885332,0.8794455928162619,22.162028938969797,0.07185335147857537,0.000879445592816262,0.0,0.594,0.45,1.0,0.0,0.76,0.8,shrinkage_max_diversification,0.75,0.326518358605116,9.537359137175276,0.14068997851649295,0.3763390082830864,2.4901306812671926,0.7395778683795667,0.2325496518666765,0.5576866257283268,0.0
20,10,signal_shrinkage_max_diversification_blend_0.75,legacy_risk_scaled,,1.0,2026,11,0.7095265279042335,1.669889327550044,3.2970504871969615,-0.13572984491515772,5.227490890804051,0.02371323447457855,0.027895204049558718,0.04338840353177768,0.7115552413322446,17.93119208157256,0.03956940088960378,0.0007115552413322446,0.0,0.45,0.45,0.45,0.0,1.0,0.5454545454545454,shrinkage_max_diversification,0.75,0.35785216355391736,9.542503100040076,0.13603119055869375,0.3751282310370373,2.404990426479182,0.6423091567091733,0.2792894529494215,0.4915951897137838,0.0
20,10,signal_shrinkage_max_diversification_blend_0.75,vol_target_25pct_max_1p25,0.25,1.25,2021,26,0.08104623188896709,0.3889282896973752,0.6364325962971181,-0.270376873136166,0.2997528263009054,0.005404872700868533,-0.04151941140090673,-0.054243463635006,0.6499867187595717,16.379665312741206,0.004947978505148324,0.0006499867187595717,0.0,0.6179236318098241,0.5,1.0,0.0,0.7692307692307693,0.5,shrinkage_max_diversification,0.75,0.3502002699980151,9.818005804227253,0.11992427907923814,0.34536448881043386,2.9471916303852757,0.24484270675872644,0.17380466868719038,0.45005622101628934,0.0
20,10,signal_shrinkage_max_diversification_blend_0.75,vol_target_25pct_max_1p25,0.25,1.25,2022,26,-0.2295907072243274,-0.5864525864065958,-1.6237454194826526,-0.30612676049586973,-0.7499857472519951,-0.008073053695339207,-0.08470086902554524,-0.08391591623005151,0.5877695215574681,14.811791943248195,-0.01550053552628951,0.000587769521557468,0.0,0.5002841843273622,0.5,0.5040692212230157,0.0,1.0,0.3076923076923077,shrinkage_max_diversification,0.75,0.34690093937363853,9.397454231591135,0.13492682978743947,0.38621028653093226,2.8350409848944036,0.5316062410092877,0.3670921797890567,0.6954348767390843,0.0
20,10,signal_shrinkage_max_diversification_blend_0.75,vol_target_25pct_max_1p25,0.25,1.25,2023,25,1.330935341472535,2.0410449078124286,8.50791928804469,-0.21463146130773425,6.2010263237422905,0.037912527888703244,0.06177551873293561,0.057163221451042814,0.5874367327965604,14.80340566647332,0.08990737479327683,0.0005874367327965604,0.0,0.5,0.5,0.5,0.0,1.0,0.56,shrinkage_max_diversification,0.75,0.468091465865543,8.956492914206349,0.16288337578119755,0.4273649051723901,2.1656013192448977,0.9442663546019358,0.14423952224032185,0.6357299953094119,0.0
20,10,signal_shrinkage_max_diversification_blend_0.75,vol_target_25pct_max_1p25,0.25,1.25,2024,26,0.5933308848612648,1.5771374254605925,3.7942650237085145,-0.13297081982405357,4.462113459527119,0.020673931563516927,-0.017673314871082705,-0.00026514577724847207,0.6494015619643042,16.364919361500466,0.03625626694239106,0.0006494015619643043,0.0,0.5,0.5,0.5,0.0,1.0,0.6538461538461539,shrinkage_max_diversification,0.75,0.3303346093942809,9.567389515283582,0.13779107152927042,0.3731975902188233,2.3834384201174514,0.7084375112036236,0.17978276378678362,0.49825288320959454,0.0
20,10,signal_shrinkage_max_diversification_blend_0.75,vol_target_25pct_max_1p25,0.25,1.25,2025,25,1.0336135450204469,2.910276878459426,5.143685343840508,-0.09263412689453654,11.158021127539858,0.029805027404517646,0.09019189801549282,0.10917532406885332,0.7242848723361134,18.251978782870058,0.05663021841722275,0.0007242848723361132,0.0,0.502764563683941,0.5,0.5383668910159511,0.0,1.0,0.8,shrinkage_max_diversification,0.75,0.2580808362781748,9.537359137175276,0.14068997851649295,0.3763390082830864,2.4901306812671926,0.7395778683795667,0.2325496518666765,0.5576866257283268,0.0
20,10,signal_shrinkage_max_diversification_blend_0.75,vol_target_25pct_max_1p25,0.25,1.25,2026,11,0.796491775007157,1.6480487932834889,3.1724153995711193,-0.15381526955982983,5.178236057359338,0.026299784175605957,0.027895204049558718,0.04338840353177768,0.7961280881293443,20.062427820859476,0.03970066744260243,0.0007961280881293445,0.0,0.5034214316938638,0.5,0.5205471008233596,0.0,1.0,0.5454545454545454,shrinkage_max_diversification,0.75,0.40214498740952415,9.542503100040076,0.13603119055869375,0.3751282310370373,2.404990426479182,0.6423091567091733,0.2792894529494215,0.4915951897137838,0.0
20,10,signal_shrinkage_max_diversification_blend_0.75,regime_dd_vol_target_25pct_max_1p25,0.25,1.25,2021,26,-0.00801896752253628,0.12093273590098506,0.17423643177307874,-0.25763219554508676,-0.031125642140999128,0.0014555572044720193,-0.04151941140090673,-0.054243463635006,0.569411135107186,14.349160604701087,-0.0005588457571454805,0.000569411135107186,0.0,0.5506159395021318,0.5,1.0,0.0,0.9615384615384616,0.5,shrinkage_max_diversification,0.75,0.3033094495003161,9.818005804227253,0.11992427907923814,0.34536448881043386,2.9471916303852757,0.24484270675872644,0.17380466868719038,0.45005622101628934,0.0
20,10,signal_shrinkage_max_diversification_blend_0.75,regime_dd_vol_target_25pct_max_1p25,0.25,1.25,2022,26,-0.2300290329827761,-0.5886757619499917,-1.6283047095811338,-0.3061267604958695,-0.7514175912297606,-0.008098255517815473,-0.08470086902554524,-0.08391591623005151,0.5873383496039206,14.8009264100188,-0.01554152940231286,0.0005873383496039205,0.0,0.5,0.5,0.5,0.0,1.0,0.3076923076923077,shrinkage_max_diversification,0.75,0.34666968174967305,9.397454231591135,0.13492682978743947,0.38621028653093226,2.8350409848944036,0.5316062410092877,0.3670921797890567,0.6954348767390843,0.0
20,10,signal_shrinkage_max_diversification_blend_0.75,regime_dd_vol_target_25pct_max_1p25,0.25,1.25,2023,25,1.330935341472535,2.0410449078124286,8.50791928804469,-0.21463146130773425,6.2010263237422905,0.037912527888703244,0.06177551873293561,0.057163221451042814,0.5874367327965604,14.80340566647332,0.08990737479327683,0.0005874367327965604,0.0,0.5,0.5,0.5,0.0,1.0,0.56,shrinkage_max_diversification,0.75,0.468091465865543,8.956492914206349,0.16288337578119755,0.4273649051723901,2.1656013192448977,0.9442663546019358,0.14423952224032185,0.6357299953094119,0.0
20,10,signal_shrinkage_max_diversification_blend_0.75,regime_dd_vol_target_25pct_max_1p25,0.25,1.25,2024,26,0.5933308848612648,1.5771374254605925,3.7942650237085145,-0.13297081982405357,4.462113459527119,0.020673931563516927,-0.017673314871082705,-0.00026514577724847207,0.6494015619643042,16.364919361500466,0.03625626694239106,0.0006494015619643043,0.0,0.5,0.5,0.5,0.0,1.0,0.6538461538461539,shrinkage_max_diversification,0.75,0.3303346093942809,9.567389515283582,0.13779107152927042,0.3731975902188233,2.3834384201174514,0.7084375112036236,0.17978276378678362,0.49825288320959454,0.0
20,10,signal_shrinkage_max_diversification_blend_0.75,regime_dd_vol_target_25pct_max_1p25,0.25,1.25,2025,25,1.0336135450204469,2.910276878459426,5.143685343840508,-0.09263412689453654,11.158021127539858,0.029805027404517646,0.09019189801549282,0.10917532406885332,0.7242848723361134,18.251978782870058,0.05663021841722275,0.0007242848723361132,0.0,0.502764563683941,0.5,0.5383668910159511,0.0,1.0,0.8,shrinkage_max_diversification,0.75,0.2580808362781748,9.537359137175276,0.14068997851649295,0.3763390082830864,2.4901306812671926,0.7395778683795667,0.2325496518666765,0.5576866257283268,0.0
20,10,signal_shrinkage_max_diversification_blend_0.75,regime_dd_vol_target_25pct_max_1p25,0.25,1.25,2026,11,0.796491775007157,1.6480487932834889,3.1724153995711193,-0.15381526955982983,5.178236057359338,0.026299784175605957,0.027895204049558718,0.04338840353177768,0.7961280881293443,20.062427820859476,0.03970066744260243,0.0007961280881293445,0.0,0.5034214316938638,0.5,0.5205471008233596,0.0,1.0,0.5454545454545454,shrinkage_max_diversification,0.75,0.40214498740952415,9.542503100040076,0.13603119055869375,0.3751282310370373,2.404990426479182,0.6423091567091733,0.2792894529494215,0.4915951897137838,0.0
20,10,signal_shrinkage_max_diversification_blend_0.75,vol_target_30pct_max_1p25,0.3,1.25,2021,26,0.02498259190329888,0.24647731291630437,0.3754924195826332,-0.295666058743708,0.08449597498424573,0.0036814210276666145,-0.04151941140090673,-0.054243463635006,0.6906685535067315,17.404847548369634,0.0014353812542092087,0.0006906685535067315,0.0,0.662209708377051,0.5,1.0,0.0,0.7692307692307693,0.5,shrinkage_max_diversification,0.75,0.37639086859365817,9.818005804227253,0.11992427907923814,0.34536448881043386,2.9471916303852757,0.24484270675872644,0.17380466868719038,0.45005622101628934,0.0
20,10,signal_shrinkage_max_diversification_blend_0.75,vol_target_30pct_max_1p25,0.3,1.25,2022,26,-0.23540394883141025,-0.5706414527558813,-1.5647800455219745,-0.3061267604958695,-0.7689754023793894,-0.008181288570290487,-0.08470086902554524,-0.08391591623005151,0.6150479107288562,15.499207350367177,-0.015188128238431077,0.0006150479107288562,0.0,0.5206851803554051,0.5,0.6048830654676188,0.0,1.0,0.3076923076923077,shrinkage_max_diversification,0.75,0.3612924910653459,9.397454231591135,0.13492682978743947,0.38621028653093226,2.8350409848944036,0.5316062410092877,0.3670921797890567,0.6954348767390843,0.0
20,10,signal_shrinkage_max_diversification_blend_0.75,vol_target_30pct_max_1p25,0.3,1.25,2023,25,1.330935341472535,2.0410449078124286,8.50791928804469,-0.21463146130773425,6.2010263237422905,0.037912527888703244,0.06177551873293561,0.057163221451042814,0.5874367327965604,14.80340566647332,0.08990737479327683,0.0005874367327965604,0.0,0.5,0.5,0.5,0.0,1.0,0.56,shrinkage_max_diversification,0.75,0.468091465865543,8.956492914206349,0.16288337578119755,0.4273649051723901,2.1656013192448977,0.9442663546019358,0.14423952224032185,0.6357299953094119,0.0
20,10,signal_shrinkage_max_diversification_blend_0.75,vol_target_30pct_max_1p25,0.3,1.25,2024,26,0.6047339978834789,1.5824327925049804,3.8597426396264267,-0.13348665928770576,4.530295395138228,0.021008701503504906,-0.017673314871082705,-0.00026514577724847207,0.6511334829313056,16.4085637698689,0.0368547793923289,0.0006511334829313054,0.0,0.5016550085168674,0.5,0.5245392995232117,0.0,1.0,0.6538461538461539,shrinkage_max_diversification,0.75,0.33456035567251896,9.567389515283582,0.13779107152927042,0.3731975902188233,2.3834384201174514,0.7084375112036236,0.17978276378678362,0.49825288320959454,0.0
20,10,signal_shrinkage_max_diversification_blend_0.75,vol_target_30pct_max_1p25,0.3,1.25,2025,25,1.1751863678704826,2.9088242735929075,5.802747442392473,-0.09263412689453654,12.686322063664788,0.03280380271679165,0.09019189801549282,0.10917532406885332,0.7865389697652475,19.820782038084236,0.05929061555757209,0.0007865389697652476,0.0,0.547002749858086,0.5,0.6460402692191413,0.0,1.0,0.8,shrinkage_max_diversification,0.75,0.28418898864663444,9.537359137175276,0.14068997851649295,0.3763390082830864,2.4901306812671926,0.7395778683795667,0.2325496518666765,0.5576866257283268,0.0
20,10,signal_shrinkage_max_diversification_blend_0.75,vol_target_30pct_max_1p25,0.3,1.25,2026,11,0.8280307770334625,1.534856179662396,2.797607557865709,-0.17958172781641535,4.610885456453288,0.02780198407395085,0.027895204049558718,0.04338840353177768,0.8676203818455214,21.864033622507137,0.03787182142736353,0.0008676203818455214,0.0,0.5466421088509801,0.5,0.6246565209880315,0.0,1.0,0.5454545454545454,shrinkage_max_diversification,0.75,0.45646622005826387,9.542503100040076,0.13603119055869375,0.3751282310370373,2.404990426479182,0.6423091567091733,0.2792894529494215,0.4915951897137838,0.0
20,10,signal_shrinkage_max_diversification_blend_0.75,regime_dd_vol_target_30pct_max_1p25,0.3,1.25,2021,26,-0.05946363828398049,-0.020293170200024736,-0.027515547569902956,-0.28336311950389825,-0.2098496035337529,-0.00026789446872990035,-0.04151941140090673,-0.054243463635006,0.6100929698543459,15.374342840329517,-0.0038677190239310424,0.0006100929698543458,0.0,0.5949020160693587,0.5,1.0,0.0,0.9615384615384616,0.5,shrinkage_max_diversification,0.75,0.332670575639545,9.818005804227253,0.11992427907923814,0.34536448881043386,2.9471916303852757,0.24484270675872644,0.17380466868719038,0.45005622101628934,0.0
20,10,signal_shrinkage_max_diversification_blend_0.75,regime_dd_vol_target_30pct_max_1p25,0.3,1.25,2022,26,-0.2300290329827761,-0.5886757619499917,-1.6283047095811338,-0.3061267604958695,-0.7514175912297606,-0.008098255517815473,-0.08470086902554524,-0.08391591623005151,0.5873383496039206,14.8009264100188,-0.01554152940231286,0.0005873383496039205,0.0,0.5,0.5,0.5,0.0,1.0,0.3076923076923077,shrinkage_max_diversification,0.75,0.34666968174967305,9.397454231591135,0.13492682978743947,0.38621028653093226,2.8350409848944036,0.5316062410092877,0.3670921797890567,0.6954348767390843,0.0
20,10,signal_shrinkage_max_diversification_blend_0.75,regime_dd_vol_target_30pct_max_1p25,0.3,1.25,2023,25,1.330935341472535,2.0410449078124286,8.50791928804469,-0.21463146130773425,6.2010263237422905,0.037912527888703244,0.06177551873293561,0.057163221451042814,0.5874367327965604,14.80340566647332,0.08990737479327683,0.0005874367327965604,0.0,0.5,0.5,0.5,0.0,1.0,0.56,shrinkage_max_diversification,0.75,0.468091465865543,8.956492914206349,0.16288337578119755,0.4273649051723901,2.1656013192448977,0.9442663546019358,0.14423952224032185,0.6357299953094119,0.0
20,10,signal_shrinkage_max_diversification_blend_0.75,regime_dd_vol_target_30pct_max_1p25,0.3,1.25,2024,26,0.6047339978834789,1.5824327925049804,3.8597426396264267,-0.13348665928770576,4.530295395138228,0.021008701503504906,-0.017673314871082705,-0.00026514577724847207,0.6511334829313056,16.4085637698689,0.0368547793923289,0.0006511334829313054,0.0,0.5016550085168674,0.5,0.5245392995232117,0.0,1.0,0.6538461538461539,shrinkage_max_diversification,0.75,0.33456035567251896,9.567389515283582,0.13779107152927042,0.3731975902188233,2.3834384201174514,0.7084375112036236,0.17978276378678362,0.49825288320959454,0.0
20,10,signal_shrinkage_max_diversification_blend_0.75,regime_dd_vol_target_30pct_max_1p25,0.3,1.25,2025,25,1.1751863678704826,2.9088242735929075,5.802747442392473,-0.09263412689453654,12.686322063664788,0.03280380271679165,0.09019189801549282,0.10917532406885332,0.7865389697652475,19.820782038084236,0.05929061555757209,0.0007865389697652476,0.0,0.547002749858086,0.5,0.6460402692191413,0.0,1.0,0.8,shrinkage_max_diversification,0.75,0.28418898864663444,9.537359137175276,0.14068997851649295,0.3763390082830864,2.4901306812671926,0.7395778683795667,0.2325496518666765,0.5576866257283268,0.0
20,10,signal_shrinkage_max_diversification_blend_0.75,regime_dd_vol_target_30pct_max_1p25,0.3,1.25,2026,11,0.8280307770334625,1.534856179662396,2.797607557865709,-0.17958172781641535,4.610885456453288,0.02780198407395085,0.027895204049558718,0.04338840353177768,0.8676203818455214,21.864033622507137,0.03787182142736353,0.0008676203818455214,0.0,0.5466421088509801,0.5,0.6246565209880315,0.0,1.0,0.5454545454545454,shrinkage_max_diversification,0.75,0.45646622005826387,9.542503100040076,0.13603119055869375,0.3751282310370373,2.404990426479182,0.6423091567091733,0.2792894529494215,0.4915951897137838,0.0
20,10,signal_shrinkage_max_diversification_blend_0.75,vol_target_35pct_max_1p25,0.35,1.25,2021,26,-0.01120669915671857,0.1730128141677617,0.25245595432450935,-0.32128607026482814,-0.03488075019088492,0.0028260084060290317,-0.04151941140090673,-0.054243463635006,0.7518999281953505,18.947878190522832,-0.0005914487650825109,0.0007518999281953507,0.0,0.7292353650070397,0.5198619032051095,1.0,0.0,0.7692307692307693,0.5,shrinkage_max_diversification,0.75,0.4116192905970401,9.818005804227253,0.11992427907923814,0.34536448881043386,2.9471916303852757,0.24484270675872644,0.17380466868719038,0.45005622101628934,0.0
20,10,signal_shrinkage_max_diversification_blend_0.75,vol_target_35pct_max_1p25,0.35,1.25,2022,26,-0.26043455721697106,-0.5479724172599678,-1.476700735996167,-0.32164537795739445,-0.809694698151293,-0.008847231032885624,-0.08470086902554524,-0.08391591623005151,0.6891758004770104,17.367230172020662,-0.014995745126735413,0.0006891758004770105,0.0,0.5824902158451501,0.50451370860645,0.7056969097122219,0.0,1.0,0.3076923076923077,shrinkage_max_diversification,0.75,0.40686394972859774,9.397454231591135,0.13492682978743947,0.38621028653093226,2.8350409848944036,0.5316062410092877,0.3670921797890567,0.6954348767390843,0.0
20,10,signal_shrinkage_max_diversification_blend_0.75,vol_target_35pct_max_1p25,0.35,1.25,2023,25,1.330935341472535,2.0410449078124286,8.50791928804469,-0.21463146130773425,6.2010263237422905,0.037912527888703244,0.06177551873293561,0.057163221451042814,0.5874367327965604,14.80340566647332,0.08990737479327683,0.0005874367327965604,0.0,0.5,0.5,0.5,0.0,1.0,0.56,shrinkage_max_diversification,0.75,0.468091465865543,8.956492914206349,0.16288337578119755,0.4273649051723901,2.1656013192448977,0.9442663546019358,0.14423952224032185,0.6357299953094119,0.0
20,10,signal_shrinkage_max_diversification_blend_0.75,vol_target_35pct_max_1p25,0.35,1.25,2024,26,0.6660933165776346,1.5825642780618914,3.9635310375670043,-0.14197642584190795,4.691576877131247,0.02289160334007721,-0.017673314871082705,-0.00026514577724847207,0.6874598572716196,17.323988403244815,0.038449189705811286,0.0006874598572716197,0.0,0.5330221773617327,0.5,0.6119625161104136,0.0,1.0,0.6538461538461539,shrinkage_max_diversification,0.75,0.3645149913761578,9.567389515283582,0.13779107152927042,0.3731975902188233,2.3834384201174514,0.7084375112036236,0.17978276378678362,0.49825288320959454,0.0
20,10,signal_shrinkage_max_diversification_blend_0.75,vol_target_35pct_max_1p25,0.35,1.25,2025,25,1.4038748371679364,2.8706361468621404,5.735196042158287,-0.10590113845749327,13.256465960764203,0.03738527261275275,0.09019189801549282,0.10917532406885332,0.8968375228825749,22.60030557664089,0.06211751573036014,0.0008968375228825751,0.0,0.6239301465383232,0.5194905363055242,0.7537136474223315,0.0,1.0,0.8,shrinkage_max_diversification,0.75,0.328188186047604,9.537359137175276,0.14068997851649295,0.3763390082830864,2.4901306812671926,0.7395778683795667,0.2325496518666765,0.5576866257283268,0.0
20,10,signal_shrinkage_max_diversification_blend_0.75,vol_target_35pct_max_1p25,0.35,1.25,2026,11,0.9172739599244797,1.4763569436683985,2.661785034645587,-0.20778273097015287,4.414582268900115,0.030907507052031255,0.027895204049558718,0.04338840353177768,0.9842322042349803,24.802651546721503,0.036982899114499236,0.0009842322042349803,0.0,0.6173161169818324,0.5165533686490892,0.7287659411527034,0.0,1.0,0.5454545454545454,shrinkage_max_diversification,0.75,0.5275615636526771,9.542503100040076,0.13603119055869375,0.3751282310370373,2.404990426479182,0.6423091567091733,0.2792894529494215,0.4915951897137838,0.0
20,10,signal_shrinkage_max_diversification_blend_0.75,regime_dd_vol_target_35pct_max_1p25,0.35,1.25,2021,26,-0.11481229114945435,-0.16811020698047738,-0.21690222040034557,-0.30943064807141474,-0.37104369546146687,-0.002357383568579657,-0.04151941140090673,-0.054243463635006,0.6450161113405837,16.25440600578271,-0.007063456585777938,0.0006450161113405837,0.0,0.6276104185021646,0.5,1.0,0.0,0.9615384615384616,0.5,shrinkage_max_diversification,0.75,0.35337572295718,9.818005804227253,0.11992427907923814,0.34536448881043386,2.9471916303852757,0.24484270675872644,0.17380466868719038,0.45005622101628934,0.0
20,10,signal_shrinkage_max_diversification_blend_0.75,regime_dd_vol_target_35pct_max_1p25,0.35,1.25,2022,26,-0.2300290329827761,-0.5886757619499917,-1.6283047095811338,-0.3061267604958695,-0.7514175912297606,-0.008098255517815473,-0.08470086902554524,-0.08391591623005151,0.5873383496039206,14.8009264100188,-0.01554152940231286,0.0005873383496039205,0.0,0.5,0.5,0.5,0.0,1.0,0.3076923076923077,shrinkage_max_diversification,0.75,0.34666968174967305,9.397454231591135,0.13492682978743947,0.38621028653093226,2.8350409848944036,0.5316062410092877,0.3670921797890567,0.6954348767390843,0.0
20,10,signal_shrinkage_max_diversification_blend_0.75,regime_dd_vol_target_35pct_max_1p25,0.35,1.25,2023,25,1.330935341472535,2.0410449078124286,8.50791928804469,-0.21463146130773425,6.2010263237422905,0.037912527888703244,0.06177551873293561,0.057163221451042814,0.5874367327965604,14.80340566647332,0.08990737479327683,0.0005874367327965604,0.0,0.5,0.5,0.5,0.0,1.0,0.56,shrinkage_max_diversification,0.75,0.468091465865543,8.956492914206349,0.16288337578119755,0.4273649051723901,2.1656013192448977,0.9442663546019358,0.14423952224032185,0.6357299953094119,0.0
20,10,signal_shrinkage_max_diversification_blend_0.75,regime_dd_vol_target_35pct_max_1p25,0.35,1.25,2024,26,0.6660933165776346,1.5825642780618914,3.9635310375670043,-0.14197642584190795,4.691576877131247,0.02289160334007721,-0.017673314871082705,-0.00026514577724847207,0.6874598572716196,17.323988403244815,0.038449189705811286,0.0006874598572716197,0.0,0.5330221773617327,0.5,0.6119625161104136,0.0,1.0,0.6538461538461539,shrinkage_max_diversification,0.75,0.3645149913761578,9.567389515283582,0.13779107152927042,0.3731975902188233,2.3834384201174514,0.7084375112036236,0.17978276378678362,0.49825288320959454,0.0
20,10,signal_shrinkage_max_diversification_blend_0.75,regime_dd_vol_target_35pct_max_1p25,0.35,1.25,2025,25,1.3143322977122298,2.9033787223952308,5.442980756920383,-0.10590113845749327,12.410936434264851,0.03562326072785583,0.09019189801549282,0.10917532406885332,0.8751458417586597,22.053675212318225,0.059596973522948266,0.0008751458417586601,0.0,0.6080417588768365,0.5194905363055242,0.65,0.0,1.0,0.8,shrinkage_max_diversification,0.75,0.3091936175661496,9.537359137175276,0.14068997851649295,0.3763390082830864,2.4901306812671926,0.7395778683795667,0.2325496518666765,0.5576866257283268,0.0
20,10,signal_shrinkage_max_diversification_blend_0.75,regime_dd_vol_target_35pct_max_1p25,0.35,1.25,2026,11,0.9331007637585891,1.5393361284106866,2.9525873136781002,-0.1926045356699987,4.844645846540855,0.030807292793260232,0.027895204049558718,0.04338840353177768,0.955108463657515,24.068733284169376,0.03876817083565895,0.0009551084636575148,0.0,0.5995289715458669,0.5165533686490892,0.65,0.0,1.0,0.5454545454545454,shrinkage_max_diversification,0.75,0.5043367488501079,9.542503100040076,0.13603119055869375,0.3751282310370373,2.404990426479182,0.6423091567091733,0.2792894529494215,0.4915951897137838,0.0
20,10,signal_shrinkage_min_variance_blend_0.00,static_1x,,1.0,2021,26,-0.0015453585217428678,0.24843622829626635,0.33898226623990857,-0.3793182708959266,-0.004074041880695135,0.004999942586090849,-0.04151941140090673,-0.054243463635006,1.1778287328646273,29.681284068188607,-5.2065083107342064e-05,0.0011778287328646272,0.0,1.0,1.0,1.0,0.0,0.0,0.5384615384615384,shrinkage_min_variance,0.0,0.5071665836885633,7.318859606033137,0.17481663690963398,0.5000582045716785,2.92592917479103,-0.22658576059221633,0.17380466868719038,0.39530801297606905,0.0
20,10,signal_shrinkage_min_variance_blend_0.00,static_1x,,1.0,2022,26,-0.3124998225562541,-0.3445683907100098,-0.8423694757190634,-0.42861555396393847,-0.7290911859501632,-0.008209911213745712,-0.08470086902554524,-0.08391591623005151,1.3581745555481866,34.2259987998143,-0.009130480731447628,0.001358174555548187,0.0,1.0,1.0,1.0,0.0,0.0,0.34615384615384615,shrinkage_min_variance,0.0,0.6004316361117153,6.553995299558839,0.18,0.5336317794895751,2.7791957291122817,-0.09848334131274131,0.3670921797890567,0.6270405667172756,0.0
20,10,signal_shrinkage_min_variance_blend_0.00,static_1x,,1.0,2023,25,2.9481016713997006,2.216817664895792,9.989187501170976,-0.2713753600571137,10.863556922703824,0.06496006446497306,0.06177551873293561,0.057163221451042814,1.309323940062002,32.99496328956245,0.08935005156778872,0.0013093239400620022,0.0,1.0,1.0,1.0,0.0,0.0,0.6,shrinkage_min_variance,0.0,0.7384430620703633,7.583672347732278,0.17028256285354085,0.4849651111063002,1.9086210867538262,-0.2928239434308909,0.14423952224032185,0.5165856767204409,0.0
20,10,signal_shrinkage_min_variance_blend_0.00,static_1x,,1.0,2024,26,0.6649501012172352,1.2763131178912421,2.547863477312088,-0.20245920170834175,3.2843659147443818,0.024991783920111896,-0.017673314871082705,-0.00026514577724847207,1.4283228760734104,35.99373647704994,0.018474050384883374,0.00142832287607341,0.0,1.0,1.0,1.0,0.0,0.0,0.6153846153846154,shrinkage_min_variance,0.0,0.49344705931361116,7.227865431709868,0.1761225220941061,0.5106851282035052,2.2999947667942715,-0.21164909262895854,0.17978276378678362,0.42492994860218397,0.0
20,10,signal_shrinkage_min_variance_blend_0.00,static_1x,,1.0,2025,25,2.3670647958613675,2.918957911120361,4.213749350189249,-0.176461321729944,13.414071552087307,0.05327203529351479,0.09019189801549282,0.10917532406885332,1.604386299354566,40.43053474373506,0.058546462738244084,0.001604386299354566,0.0,1.0,1.0,1.0,0.0,0.0,0.76,shrinkage_min_variance,0.0,0.45990909436625227,7.4129195528672644,0.17469413058815017,0.5016740434102634,2.4178564320487532,-0.11542143707405135,0.2325496518666765,0.4958950999863723,0.0
20,10,signal_shrinkage_min_variance_blend_0.00,static_1x,,1.0,2026,11,1.0380609382243873,1.2863325547794788,2.6984256385634273,-0.2684378960047963,3.8670431920157795,0.037457068190059666,0.027895204049558718,0.04338840353177768,1.6728912347997102,42.156859116952695,0.0246237732119599,0.0016728912347997102,0.0,1.0,1.0,1.0,0.0,0.0,0.6363636363636364,shrinkage_min_variance,0.0,0.7338056670355538,6.696734217191329,0.17999999999999997,0.5239180116954013,2.3519794075720046,-0.0808648781723433,0.2792894529494215,0.42436611514846345,0.0
20,10,signal_shrinkage_min_variance_blend_0.00,legacy_risk_scaled,,1.0,2021,26,-0.13536759737485327,-0.3323087838596313,-0.3448169503496284,-0.28721453532041497,-0.4713117921550799,-0.003938218010115766,-0.04151941140090673,-0.054243463635006,0.6409479152309696,16.151887463820433,-0.008380915089835237,0.0006409479152309696,0.0,0.5346153846153846,0.45,1.0,0.0,0.8461538461538461,0.5384615384615384,shrinkage_min_variance,0.0,0.29864721811517936,7.318859606033137,0.17481663690963398,0.5000582045716785,2.92592917479103,-0.22658576059221633,0.17380466868719038,0.39530801297606905,0.0
20,10,signal_shrinkage_min_variance_blend_0.00,legacy_risk_scaled,,1.0,2022,26,-0.119835994822873,-0.34456839071001,-0.8423694757190641,-0.2154987097278548,-0.5560868321402451,-0.003694460046185573,-0.08470086902554524,-0.08391591623005151,0.6111785499966842,15.401699459916442,-0.0077806994698702645,0.000611178549996684,0.0,0.44999999999999996,0.45,0.45,0.0,1.0,0.34615384615384615,shrinkage_min_variance,0.0,0.27019423625027195,6.553995299558839,0.18,0.5336317794895751,2.7791957291122817,-0.09848334131274131,0.3670921797890567,0.6270405667172756,0.0
20,10,signal_shrinkage_min_variance_blend_0.00,legacy_risk_scaled,,1.0,2023,25,1.2611220828180398,2.4302444415144238,12.051421633909174,-0.13029600020433052,9.678900970408492,0.03526688299360615,0.06177551873293561,0.057163221451042814,0.6252280420436833,15.755746659500819,0.08004203863341347,0.0006252280420436833,0.0,0.486,0.45,0.75,0.0,1.0,0.6,shrinkage_min_variance,0.0,0.3656938521316232,7.583672347732278,0.17028256285354085,0.4849651111063002,1.9086210867538262,-0.2928239434308909,0.14423952224032185,0.5165856767204409,0.0
20,10,signal_shrinkage_min_variance_blend_0.00,legacy_risk_scaled,,1.0,2024,26,0.5918455349422469,1.5050273048285958,3.9379993866379586,-0.09404905671185348,6.2929449335737315,0.02081183383926454,-0.017673314871082705,-0.00026514577724847207,0.9386838980798665,23.654834231612636,0.02502006689826203,0.0009386838980798665,0.0,0.6423076923076922,0.45,1.0,0.0,0.6923076923076923,0.6153846153846154,shrinkage_min_variance,0.0,0.3484708955557427,7.227865431709868,0.1761225220941061,0.5106851282035052,2.2999947667942715,-0.21164909262895854,0.17978276378678362,0.42492994860218397,0.0
20,10,signal_shrinkage_min_variance_blend_0.00,legacy_risk_scaled,,1.0,2025,25,1.2007764029435104,3.0810672712337337,5.964982230977515,-0.07995364715949871,15.018406859515663,0.03312825369711687,0.09019189801549282,0.10917532406885332,0.9838857236283023,24.793920235433216,0.04843027611371718,0.0009838857236283023,0.0,0.594,0.45,1.0,0.0,0.76,0.76,shrinkage_min_variance,0.0,0.2709554578576463,7.4129195528672644,0.17469413058815017,0.5016740434102634,2.4178564320487532,-0.11542143707405135,0.2325496518666765,0.4958950999863723,0.0
20,10,signal_shrinkage_min_variance_blend_0.00,legacy_risk_scaled,,1.0,2026,11,0.4547895035075442,1.2863325547794786,2.6984256385634264,-0.12590045652384418,3.612294316195843,0.01685568068552685,0.027895204049558718,0.04338840353177768,0.7528010556598695,18.97058660262871,0.023973402248116307,0.0007528010556598696,0.0,0.45,0.45,0.45,0.0,1.0,0.6363636363636364,shrinkage_min_variance,0.0,0.33021255016599926,6.696734217191329,0.17999999999999997,0.5239180116954013,2.3519794075720046,-0.0808648781723433,0.2792894529494215,0.42436611514846345,0.0
20,10,signal_shrinkage_min_variance_blend_0.00,vol_target_25pct_max_1p25,0.25,1.25,2021,26,0.08899514781937135,0.41113355357631104,0.6346590642298608,-0.22673633810424654,0.3925050063146652,0.005641905039001676,-0.04151941140090673,-0.054243463635006,0.778767437543139,19.624939426087103,0.004534798599228876,0.0007787674375431392,0.0,0.6355441968843927,0.5,1.0,0.0,0.7692307692307693,0.5,shrinkage_min_variance,0.0,0.3458146525529271,7.318859606033137,0.17481663690963398,0.5000582045716785,2.92592917479103,-0.22658576059221633,0.17380466868719038,0.39530801297606905,0.0
20,10,signal_shrinkage_min_variance_blend_0.00,vol_target_25pct_max_1p25,0.25,1.25,2022,26,-0.1321187099984753,-0.3269944576814154,-0.8038402693288298,-0.23705393488251603,-0.5573360765513273,-0.003917140497778951,-0.08470086902554524,-0.08391591623005151,0.6817468379525358,17.1800203164039,-0.007690253420266631,0.0006817468379525358,0.0,0.5017526623969507,0.5,0.5229539883623042,0.0,1.0,0.34615384615384615,shrinkage_min_variance,0.0,0.3018764943111139,6.553995299558839,0.18,0.5336317794895751,2.7791957291122817,-0.09848334131274131,0.3670921797890567,0.6270405667172756,0.0
20,10,signal_shrinkage_min_variance_blend_0.00,vol_target_25pct_max_1p25,0.25,1.25,2023,25,1.1107588547034646,2.216817664895792,9.989187501170976,-0.1439232265153747,7.717717852752606,0.03248003223248653,0.06177551873293561,0.057163221451042814,0.654661970031001,16.497481644781224,0.06732899472901305,0.0006546619700310011,0.0,0.5,0.5,0.5,0.0,1.0,0.6,shrinkage_min_variance,0.0,0.3692215310351816,7.583672347732278,0.17028256285354085,0.4849651111063002,1.9086210867538262,-0.2928239434308909,0.14423952224032185,0.5165856767204409,0.0
20,10,signal_shrinkage_min_variance_blend_0.00,vol_target_25pct_max_1p25,0.25,1.25,2024,26,0.34657109152234367,1.2738220249776604,2.468502671204389,-0.10534204843023809,3.2899596759964047,0.01315248007935987,-0.017673314871082705,-0.00026514577724847207,0.7346070816023698,18.512098456379718,0.018721329315472976,0.0007346070816023697,0.0,0.514571940551994,0.5,0.5535969401859963,0.0,1.0,0.6153846153846154,shrinkage_min_variance,0.0,0.26019529534016456,7.227865431709868,0.1761225220941061,0.5106851282035052,2.2999947667942715,-0.21164909262895854,0.17978276378678362,0.42492994860218397,0.0
20,10,signal_shrinkage_min_variance_blend_0.00,vol_target_25pct_max_1p25,0.25,1.25,2025,25,1.0359350589775045,2.9018316418750985,4.57501275758272,-0.08990238723413735,11.522887109544335,0.029858209614528553,0.09019189801549282,0.10917532406885332,0.8617258157871889,21.71549055783716,0.047704888647041574,0.0008617258157871889,0.0,0.5383706799316126,0.5,0.6412485711098178,0.0,1.0,0.76,shrinkage_min_variance,0.0,0.2592937754996421,7.4129195528672644,0.17469413058815017,0.5016740434102634,2.4178564320487532,-0.11542143707405135,0.2325496518666765,0.4958950999863723,0.0
20,10,signal_shrinkage_min_variance_blend_0.00,vol_target_25pct_max_1p25,0.25,1.25,2026,11,0.48784762744934973,1.2034238423249173,2.188814945733643,-0.1546970919294386,3.153566892336088,0.01846229692225507,0.027895204049558718,0.04338840353177768,0.8640274561135602,21.773491894061717,0.022405576001449743,0.0008640274561135603,0.0,0.5161598406574981,0.5,0.5880747953695233,0.0,1.0,0.6363636363636364,shrinkage_min_variance,0.0,0.3866051727394754,6.696734217191329,0.17999999999999997,0.5239180116954013,2.3519794075720046,-0.0808648781723433,0.2792894529494215,0.42436611514846345,0.0
20,10,signal_shrinkage_min_variance_blend_0.00,regime_dd_vol_target_25pct_max_1p25,0.25,1.25,2021,26,-0.0018335894817264053,0.1385022606432276,0.18787679774620877,-0.22673633810424665,-0.008086879664094139,0.0016320894606720844,-0.04151941140090673,-0.054243463635006,0.6839553830459612,17.23567565275822,-0.00010638338285467657,0.0006839553830459611,0.0,0.5682365045767003,0.5,1.0,0.0,0.9615384615384616,0.5,shrinkage_min_variance,0.0,0.29695294660121935,7.318859606033137,0.17481663690963398,0.5000582045716785,2.92592917479103,-0.22658576059221633,0.17380466868719038,0.39530801297606905,0.0
20,10,signal_shrinkage_min_variance_blend_0.00,regime_dd_vol_target_25pct_max_1p25,0.25,1.25,2022,26,-0.1358546989655659,-0.3445683907100098,-0.8423694757190634,-0.23705393488251625,-0.5730961565050392,-0.004104955606872856,-0.08470086902554524,-0.08391591623005151,0.6790872777740933,17.11299939990715,-0.007938684259306585,0.0006790872777740935,0.0,0.5,0.5,0.5,0.0,1.0,0.34615384615384615,shrinkage_min_variance,0.0,0.3002158180558577,6.553995299558839,0.18,0.5336317794895751,2.7791957291122817,-0.09848334131274131,0.3670921797890567,0.6270405667172756,0.0
20,10,signal_shrinkage_min_variance_blend_0.00,regime_dd_vol_target_25pct_max_1p25,0.25,1.25,2023,25,1.1107588547034646,2.216817664895792,9.989187501170976,-0.1439232265153747,7.717717852752606,0.03248003223248653,0.06177551873293561,0.057163221451042814,0.654661970031001,16.497481644781224,0.06732899472901305,0.0006546619700310011,0.0,0.5,0.5,0.5,0.0,1.0,0.6,shrinkage_min_variance,0.0,0.3692215310351816,7.583672347732278,0.17028256285354085,0.4849651111063002,1.9086210867538262,-0.2928239434308909,0.14423952224032185,0.5165856767204409,0.0
20,10,signal_shrinkage_min_variance_blend_0.00,regime_dd_vol_target_25pct_max_1p25,0.25,1.25,2024,26,0.34657109152234367,1.2738220249776604,2.468502671204389,-0.10534204843023809,3.2899596759964047,0.01315248007935987,-0.017673314871082705,-0.00026514577724847207,0.7346070816023698,18.512098456379718,0.018721329315472976,0.0007346070816023697,0.0,0.514571940551994,0.5,0.5535969401859963,0.0,1.0,0.6153846153846154,shrinkage_min_variance,0.0,0.26019529534016456,7.227865431709868,0.1761225220941061,0.5106851282035052,2.2999947667942715,-0.21164909262895854,0.17978276378678362,0.42492994860218397,0.0
20,10,signal_shrinkage_min_variance_blend_0.00,regime_dd_vol_target_25pct_max_1p25,0.25,1.25,2025,25,1.0359350589775045,2.9018316418750985,4.57501275758272,-0.08990238723413735,11.522887109544335,0.029858209614528553,0.09019189801549282,0.10917532406885332,0.8617258157871889,21.71549055783716,0.047704888647041574,0.0008617258157871889,0.0,0.5383706799316126,0.5,0.6412485711098178,0.0,1.0,0.76,shrinkage_min_variance,0.0,0.2592937754996421,7.4129195528672644,0.17469413058815017,0.5016740434102634,2.4178564320487532,-0.11542143707405135,0.2325496518666765,0.4958950999863723,0.0
20,10,signal_shrinkage_min_variance_blend_0.00,regime_dd_vol_target_25pct_max_1p25,0.25,1.25,2026,11,0.48784762744934973,1.2034238423249173,2.188814945733643,-0.1546970919294386,3.153566892336088,0.01846229692225507,0.027895204049558718,0.04338840353177768,0.8640274561135602,21.773491894061717,0.022405576001449743,0.0008640274561135603,0.0,0.5161598406574981,0.5,0.5880747953695233,0.0,1.0,0.6363636363636364,shrinkage_min_variance,0.0,0.3866051727394754,6.696734217191329,0.17999999999999997,0.5239180116954013,2.3519794075720046,-0.0808648781723433,0.2792894529494215,0.42436611514846345,0.0
20,10,signal_shrinkage_min_variance_blend_0.00,vol_target_30pct_max_1p25,0.3,1.25,2021,26,0.04817621865973298,0.30644528673274146,0.446416612868418,-0.2679440896486488,0.17979951982857975,0.004593578343376929,-0.04151941140090673,-0.054243463635006,0.8516249638781107,21.460949089728388,0.002244831692126376,0.0008516249638781105,0.0,0.7036999702884594,0.5043871291436676,1.0,0.0,0.7692307692307693,0.5,shrinkage_min_variance,0.0,0.377744998095057,7.318859606033137,0.17481663690963398,0.5000582045716785,2.92592917479103,-0.22658576059221633,0.17380466868719038,0.39530801297606905,0.0
20,10,signal_shrinkage_min_variance_blend_0.00,vol_target_30pct_max_1p25,0.3,1.25,2022,26,-0.1436372632388625,-0.3177343268627142,-0.7488934192466166,-0.24149203131992458,-0.5947909024317837,-0.004136887968380395,-0.08470086902554524,-0.08391591623005151,0.7351320304246729,18.525327166701757,-0.007753561486192939,0.0007351320304246729,0.0,0.5394358613737426,0.5,0.627544786034765,0.0,1.0,0.34615384615384615,shrinkage_min_variance,0.0,0.32810297153769546,6.553995299558839,0.18,0.5336317794895751,2.7791957291122817,-0.09848334131274131,0.3670921797890567,0.6270405667172756,0.0
20,10,signal_shrinkage_min_variance_blend_0.00,vol_target_30pct_max_1p25,0.3,1.25,2023,25,1.135805925220918,2.200896266278635,10.17035779979457,-0.1439232265153747,7.891748626824905,0.03306911088759974,0.06177551873293561,0.057163221451042814,0.6558132409363442,16.526493671595873,0.06872637038387826,0.0006558132409363441,0.0,0.5012815114210377,0.5,0.5259299327856731,0.0,1.0,0.6,shrinkage_min_variance,0.0,0.37863737929664515,7.583672347732278,0.17028256285354085,0.4849651111063002,1.9086210867538262,-0.2928239434308909,0.14423952224032185,0.5165856767204409,0.0
20,10,signal_shrinkage_min_variance_blend_0.00,vol_target_30pct_max_1p25,0.3,1.25,2024,26,0.4138242842707691,1.2893703105112506,2.400055720653803,-0.12166023089672995,3.401475414114902,0.015577035184101352,-0.017673314871082705,-0.00026514577724847207,0.8338462507511982,21.012925518930196,0.019693796748956337,0.0008338462507511984,0.0,0.585623405246914,0.5,0.6643163282231955,0.0,1.0,0.6153846153846154,shrinkage_min_variance,0.0,0.3044441797978944,7.227865431709868,0.1761225220941061,0.5106851282035052,2.2999947667942715,-0.21164909262895854,0.17978276378678362,0.42492994860218397,0.0
20,10,signal_shrinkage_min_variance_blend_0.00,vol_target_30pct_max_1p25,0.3,1.25,2025,25,1.3057285678242856,2.8820617080245694,4.523252994750192,-0.10788286468096475,12.103206303296034,0.03547804244740907,0.09019189801549282,0.10917532406885332,1.0251656657279904,25.834174776345357,0.050542685381994655,0.0010251656657279905,0.0,0.6407776653719546,0.571315972952262,0.7694982853317814,0.0,1.0,0.76,shrinkage_min_variance,0.0,0.3102108005478857,7.4129195528672644,0.17469413058815017,0.5016740434102634,2.4178564320487532,-0.11542143707405135,0.2325496518666765,0.4958950999863723,0.0
20,10,signal_shrinkage_min_variance_blend_0.00,vol_target_30pct_max_1p25,0.3,1.25,2026,11,0.5229343975198126,1.1221997432684168,1.9872502608652096,-0.1843709580552595,2.8363165383296387,0.020412135044833607,0.027895204049558718,0.04338840353177768,0.9770762889674305,24.622322481979246,0.02123822388820313,0.0009770762889674304,0.0,0.5800486066635,0.5,0.705689754443428,0.0,1.0,0.6363636363636364,shrinkage_min_variance,0.0,0.45837276849810504,6.696734217191329,0.17999999999999997,0.5239180116954013,2.3519794075720046,-0.0808648781723433,0.2792894529494215,0.42436611514846345,0.0
20,10,signal_shrinkage_min_variance_blend_0.00,regime_dd_vol_target_30pct_max_1p25,0.3,1.25,2021,26,-0.0336886633049025,0.05679467849382435,0.07446022364439486,-0.2586663442706748,-0.13023984005298292,0.000738814518629477,-0.04151941140090673,-0.054243463635006,0.7491615827466751,18.878871885216213,-0.0017844637915723997,0.0007491615827466753,0.0,0.6304652564305541,0.5,1.0,0.0,0.9615384615384616,0.5,shrinkage_min_variance,0.0,0.3278146186088066,7.318859606033137,0.17481663690963398,0.5000582045716785,2.92592917479103,-0.22658576059221633,0.17380466868719038,0.39530801297606905,0.0
20,10,signal_shrinkage_min_variance_blend_0.00,regime_dd_vol_target_30pct_max_1p25,0.3,1.25,2022,26,-0.1358546989655659,-0.3445683907100098,-0.8423694757190634,-0.23705393488251625,-0.5730961565050392,-0.004104955606872856,-0.08470086902554524,-0.08391591623005151,0.6790872777740933,17.11299939990715,-0.007938684259306585,0.0006790872777740935,0.0,0.5,0.5,0.5,0.0,1.0,0.34615384615384615,shrinkage_min_variance,0.0,0.3002158180558577,6.553995299558839,0.18,0.5336317794895751,2.7791957291122817,-0.09848334131274131,0.3670921797890567,0.6270405667172756,0.0
20,10,signal_shrinkage_min_variance_blend_0.00,regime_dd_vol_target_30pct_max_1p25,0.3,1.25,2023,25,1.1107588547034646,2.216817664895792,9.989187501170976,-0.1439232265153747,7.717717852752606,0.03248003223248653,0.06177551873293561,0.057163221451042814,0.654661970031001,16.497481644781224,0.06732899472901305,0.0006546619700310011,0.0,0.5,0.5,0.5,0.0,1.0,0.6,shrinkage_min_variance,0.0,0.3692215310351816,7.583672347732278,0.17028256285354085,0.4849651111063002,1.9086210867538262,-0.2928239434308909,0.14423952224032185,0.5165856767204409,0.0
20,10,signal_shrinkage_min_variance_blend_0.00,regime_dd_vol_target_30pct_max_1p25,0.3,1.25,2024,26,0.4090531473916883,1.2841472867388328,2.3878906420721577,-0.12101674320696842,3.3801368021622156,0.01542100704675208,-0.017673314871082705,-0.00026514577724847207,0.8315402976514196,20.954815500815773,0.01952072292766137,0.0008315402976514195,0.0,0.5839020908379842,0.5,0.65,0.0,1.0,0.6153846153846154,shrinkage_min_variance,0.0,0.30262056509502794,7.227865431709868,0.1761225220941061,0.5106851282035052,2.2999947667942715,-0.21164909262895854,0.17978276378678362,0.42492994860218397,0.0
20,10,signal_shrinkage_min_variance_blend_0.00,regime_dd_vol_target_30pct_max_1p25,0.3,1.25,2025,25,1.205498245146488,2.9021819651234257,4.293162031116532,-0.10788286468096475,11.174140107527109,0.03345465106008613,0.09019189801549282,0.10917532406885332,0.9975587745394379,25.138481118393834,0.04795429920642359,0.000997558774539438,0.0,0.622703021005449,0.571315972952262,0.65,0.0,1.0,0.76,shrinkage_min_variance,0.0,0.29049081582254144,7.4129195528672644,0.17469413058815017,0.5016740434102634,2.4178564320487532,-0.11542143707405135,0.2325496518666765,0.4958950999863723,0.0
20,10,signal_shrinkage_min_variance_blend_0.00,regime_dd_vol_target_30pct_max_1p25,0.3,1.25,2026,11,0.5452801951878006,1.1707040765431556,2.2335844429253067,-0.17489462920052778,3.1177640941884057,0.02081942229166784,0.027895204049558718,0.04338840353177768,0.9618701272210006,24.239127205969215,0.02249586755143221,0.0009618701272210005,0.0,0.5711432646491417,0.5,0.65,0.0,1.0,0.6363636363636364,shrinkage_min_variance,0.0,0.4481486417124383,6.696734217191329,0.17999999999999997,0.5239180116954013,2.3519794075720046,-0.0808648781723433,0.2792894529494215,0.42436611514846345,0.0
20,10,signal_shrinkage_min_variance_blend_0.00,vol_target_35pct_max_1p25,0.35,1.25,2021,26,0.017371995562120546,0.24355903384681446,0.34029096106308393,-0.3078143446791616,0.056436601680235454,0.004005475354242353,-0.04151941140090673,-0.054243463635006,0.9369250875999872,23.610512207519676,0.0007357737693038174,0.0009369250875999872,0.0,0.7825217602083309,0.5884516506676122,1.0,0.0,0.7692307692307693,0.5384615384615384,shrinkage_min_variance,0.0,0.4144292138652178,7.318859606033137,0.17481663690963398,0.5000582045716785,2.92592917479103,-0.22658576059221633,0.17380466868719038,0.39530801297606905,0.0
20,10,signal_shrinkage_min_variance_blend_0.00,vol_target_35pct_max_1p25,0.35,1.25,2022,26,-0.16568210297733255,-0.296798722169232,-0.7004561203377222,-0.26986625193479286,-0.6139415424844079,-0.0044843086364392305,-0.08470086902554524,-0.08391591623005151,0.8449491665717512,21.29271899760813,-0.007781162330463482,0.0008449491665717512,0.0,0.6207775400009379,0.5326991461267394,0.7321355837072259,0.0,1.0,0.34615384615384615,shrinkage_min_variance,0.0,0.3807448253562036,6.553995299558839,0.18,0.5336317794895751,2.7791957291122817,-0.09848334131274131,0.3670921797890567,0.6270405667172756,0.0
20,10,signal_shrinkage_min_variance_blend_0.00,vol_target_35pct_max_1p25,0.35,1.25,2023,25,1.2718481268855344,2.1533273694135078,9.879775760513263,-0.1439232265153747,8.836990093115153,0.03615990028531919,0.06177551873293561,0.057163221451042814,0.6930839519741094,17.465715589747557,0.07281969755834763,0.0006930839519741096,0.0,0.52907856157707,0.5,0.6135849215832853,0.0,1.0,0.6,shrinkage_min_variance,0.0,0.42317276050702457,7.583672347732278,0.17028256285354085,0.4849651111063002,1.9086210867538262,-0.2928239434308909,0.14423952224032185,0.5165856767204409,0.0
20,10,signal_shrinkage_min_variance_blend_0.00,vol_target_35pct_max_1p25,0.35,1.25,2024,26,0.49391530054137056,1.316813183482317,2.3950525451869136,-0.14193693604618496,3.47982219639189,0.018371032956100188,-0.017673314871082705,-0.00026514577724847207,0.9478586539622914,23.886038079849744,0.02067799184152006,0.0009478586539622914,0.0,0.6672016650957585,0.5,0.7750357162603948,0.0,1.0,0.6153846153846154,shrinkage_min_variance,0.0,0.3515684960485069,7.227865431709868,0.1761225220941061,0.5106851282035052,2.2999947667942715,-0.21164909262895854,0.17978276378678362,0.42492994860218397,0.0
20,10,signal_shrinkage_min_variance_blend_0.00,vol_target_35pct_max_1p25,0.35,1.25,2025,25,1.6218719102584127,2.8820617080245694,4.523252994750192,-0.12586334212779227,12.885975239809577,0.04139104952197724,0.09019189801549282,0.10917532406885332,1.1960266100159886,30.139870572402913,0.05381150879073295,0.0011960266100159887,0.0,0.747573942933947,0.666535301777639,0.897747999553745,0.0,1.0,0.76,shrinkage_min_variance,0.0,0.36191260063919994,7.4129195528672644,0.17469413058815017,0.5016740434102634,2.4178564320487532,-0.11542143707405135,0.2325496518666765,0.4958950999863723,0.0
20,10,signal_shrinkage_min_variance_blend_0.00,vol_target_35pct_max_1p25,0.35,1.25,2026,11,0.5901268227936878,1.1046460047763522,1.9458497875324288,-0.2133979853926714,2.7653814149547924,0.02338945862204399,0.027895204049558718,0.04338840353177768,1.126709512865125,28.39307972420115,0.020784177994283823,0.0011267095128651252,0.0,0.6679387844881026,0.5585406720876337,0.8233047135173326,0.0,1.0,0.6363636363636364,shrinkage_min_variance,0.0,0.5335775938417865,6.696734217191329,0.17999999999999997,0.5239180116954013,2.3519794075720046,-0.0808648781723433,0.2792894529494215,0.42436611514846345,0.0
20,10,signal_shrinkage_min_variance_blend_0.00,regime_dd_vol_target_35pct_max_1p25,0.35,1.25,2021,26,-0.051568024861123885,0.012098719407272952,0.01547455355761957,-0.2587483108661769,-0.19929801546721812,0.00016293849349598155,-0.04151941140090673,-0.054243463635006,0.785986362945298,19.806856346221508,-0.002603544144498294,0.000785986362945298,0.0,0.6620217796996553,0.5,1.0,0.0,0.9615384615384616,0.5384615384615384,shrinkage_min_variance,0.0,0.3393788960532838,7.318859606033137,0.17481663690963398,0.5000582045716785,2.92592917479103,-0.22658576059221633,0.17380466868719038,0.39530801297606905,0.0
20,10,signal_shrinkage_min_variance_blend_0.00,regime_dd_vol_target_35pct_max_1p25,0.35,1.25,2022,26,-0.1358546989655659,-0.3445683907100098,-0.8423694757190634,-0.23705393488251625,-0.5730961565050392,-0.004104955606872856,-0.08470086902554524,-0.08391591623005151,0.6790872777740933,17.11299939990715,-0.007938684259306585,0.0006790872777740935,0.0,0.5,0.5,0.5,0.0,1.0,0.34615384615384615,shrinkage_min_variance,0.0,0.3002158180558577,6.553995299558839,0.18,0.5336317794895751,2.7791957291122817,-0.09848334131274131,0.3670921797890567,0.6270405667172756,0.0
20,10,signal_shrinkage_min_variance_blend_0.00,regime_dd_vol_target_35pct_max_1p25,0.35,1.25,2023,25,1.1107588547034646,2.216817664895792,9.989187501170976,-0.1439232265153747,7.717717852752606,0.03248003223248653,0.06177551873293561,0.057163221451042814,0.654661970031001,16.497481644781224,0.06732899472901305,0.0006546619700310011,0.0,0.5,0.5,0.5,0.0,1.0,0.6,shrinkage_min_variance,0.0,0.3692215310351816,7.583672347732278,0.17028256285354085,0.4849651111063002,1.9086210867538262,-0.2928239434308909,0.14423952224032185,0.5165856767204409,0.0
20,10,signal_shrinkage_min_variance_blend_0.00,regime_dd_vol_target_35pct_max_1p25,0.35,1.25,2024,26,0.474539022543091,1.3532333967683912,2.7017125827599564,-0.12101674320696842,3.92126750371651,0.01751316536306258,-0.017673314871082705,-0.00026514577724847207,0.9016510219890367,22.721605754123726,0.02088492458139616,0.0009016510219890366,0.0,0.6327071560650553,0.5,0.7531473477398122,0.0,1.0,0.6153846153846154,shrinkage_min_variance,0.0,0.3261313001904223,7.227865431709868,0.1761225220941061,0.5106851282035052,2.2999947667942715,-0.21164909262895854,0.17978276378678362,0.42492994860218397,0.0
20,10,signal_shrinkage_min_variance_blend_0.00,regime_dd_vol_target_35pct_max_1p25,0.35,1.25,2025,25,1.290903283708662,2.9387650843907847,4.288545266528052,-0.11475896314408973,11.248823171117555,0.0351332893950865,0.09019189801549282,0.10917532406885332,1.0634884564628313,26.79990910286335,0.04816819634551446,0.0010634884564628313,0.0,0.6621178698276593,0.65,0.7395177736183083,0.0,1.0,0.76,shrinkage_min_variance,0.0,0.30126902536672734,7.4129195528672644,0.17469413058815017,0.5016740434102634,2.4178564320487532,-0.11542143707405135,0.2325496518666765,0.4958950999863723,0.0
20,10,signal_shrinkage_min_variance_blend_0.00,regime_dd_vol_target_35pct_max_1p25,0.35,1.25,2026,11,0.6085199201826448,1.2170662124774394,2.484907046603259,-0.17916555891130637,3.396411251583709,0.022774845355502817,0.027895204049558718,0.04338840353177768,1.037743522551194,26.151136768290087,0.023269348693113555,0.001037743522551194,0.0,0.6169729858049284,0.5585406720876337,0.65,0.0,1.0,0.6363636363636364,shrinkage_min_variance,0.0,0.4715652255191579,6.696734217191329,0.17999999999999997,0.5239180116954013,2.3519794075720046,-0.0808648781723433,0.2792894529494215,0.42436611514846345,0.0
20,10,signal_shrinkage_min_variance_blend_0.25,static_1x,,1.0,2021,26,-0.012245774827206013,0.23218531452908006,0.31988314295892845,-0.38335017872268984,-0.031944095782108495,0.0047532153710013545,-0.04151941140090673,-0.054243463635006,1.1166530739486105,28.13965746350498,-0.0004351785320446015,0.0011166530739486103,0.0,1.0,1.0,1.0,0.0,0.0,0.46153846153846156,shrinkage_min_variance,0.25,0.5158854580970157,8.292188398239917,0.15667348772815323,0.44858384774915133,2.932391718954612,-0.1845445512221074,0.17380466868719038,0.40547978182379574,0.0
20,10,signal_shrinkage_min_variance_blend_0.25,static_1x,,1.0,2022,26,-0.35711709896773236,-0.4128072811227832,-1.0084152292539732,-0.45818008949893496,-0.7794251805185928,-0.010262316969136275,-0.08470086902554524,-0.08391591623005151,1.299869358448324,32.75670783289777,-0.010902105937797491,0.0012998693584483241,0.0,1.0,1.0,1.0,0.0,0.0,0.3076923076923077,shrinkage_min_variance,0.25,0.6264676023127471,7.706675363495655,0.1640657847942778,0.47598304428279103,2.795005342842041,-0.018412464059008163,0.3670921797890567,0.6418147382556835,0.0
20,10,signal_shrinkage_min_variance_blend_0.25,static_1x,,1.0,2023,25,3.191429014093865,2.177421237640017,11.037911313054808,-0.3077148863224062,10.371383238021403,0.06876064961042103,0.06177551873293561,0.057163221451042814,1.2463469061384915,31.407942034689984,0.10161216581999995,0.0012463469061384917,0.0,1.0,1.0,1.0,0.0,0.0,0.6,shrinkage_min_variance,0.25,0.7957892300438197,8.555162611508802,0.15666432245168851,0.4367669351590604,1.988022601047769,-0.02078038312060511,0.14423952224032185,0.5351709317365859,0.0
20,10,signal_shrinkage_min_variance_blend_0.25,static_1x,,1.0,2024,26,0.8521611018152315,1.4174453209918143,3.0211403943888477,-0.21574274489748668,3.9498945942314228,0.030073678657309186,-0.017673314871082705,-0.00026514577724847207,1.3773167803292699,34.7083828642976,0.024552025519224,0.00137731678032927,0.0,1.0,1.0,1.0,0.0,0.0,0.6153846153846154,shrinkage_min_variance,0.25,0.5346638003883665,8.272323770519794,0.15677190824318257,0.4534374154500236,2.3262822623954333,-0.07681847238428628,0.17978276378678362,0.4376641642927787,0.0
20,10,signal_shrinkage_min_variance_blend_0.25,static_1x,,1.0,2025,25,2.439925748366206,2.935808789337466,4.263993897515484,-0.1792936811515068,13.608542881689285,0.0542706845595031,0.09019189801549282,0.10917532406885332,1.5435698423395985,38.89796002695788,0.06272631641030114,0.0015435698423395985,0.0,1.0,1.0,1.0,0.0,0.0,0.76,shrinkage_min_variance,0.25,0.46584139126040086,8.361522498123705,0.1584966817351139,0.4497745043596042,2.440550085808959,0.02271795710031789,0.2325496518666765,0.5081914276335747,0.0
20,10,signal_shrinkage_min_variance_blend_0.25,static_1x,,1.0,2026,11,1.2385802710653624,1.4005001824072127,2.8238925464090934,-0.27555424985666677,4.49486905649115,0.04174540876195512,0.027895204049558718,0.04338840353177768,1.63654106855873,41.24083492768,0.030032861197823443,0.00163654106855873,0.0,1.0,1.0,1.0,0.0,0.0,0.6363636363636364,shrinkage_min_variance,0.25,0.7511489923500714,7.841822757826583,0.16302323325351115,0.46811290193407423,2.3697408660520485,0.009646283085910924,0.2792894529494215,0.4392643110344486,0.0
20,10,signal_shrinkage_min_variance_blend_0.25,legacy_risk_scaled,,1.0,2021,26,-0.15628389728133663,-0.38592108090056576,-0.4095523913126849,-0.31324833239966576,-0.4989137406865358,-0.004746641856467168,-0.04151941140090673,-0.054243463635006,0.6077192902491092,15.314526114277552,-0.010204945038138333,0.0006077192902491092,0.0,0.5346153846153846,0.45,1.0,0.0,0.8461538461538461,0.46153846153846156,shrinkage_min_variance,0.25,0.3099477605728205,8.292188398239917,0.15667348772815323,0.44858384774915133,2.932391718954612,-0.1845445512221074,0.17380466868719038,0.40547978182379574,0.0
20,10,signal_shrinkage_min_variance_blend_0.25,legacy_risk_scaled,,1.0,2022,26,-0.1427861491242648,-0.4128072811227835,-1.0084152292539739,-0.23321371551311232,-0.61225451003218,-0.004618042636111328,-0.08470086902554524,-0.08391591623005151,0.5849412113017458,14.740518524803994,-0.009686643579328457,0.0005849412113017459,0.0,0.44999999999999996,0.45,0.45,0.0,1.0,0.3076923076923077,shrinkage_min_variance,0.25,0.28191042104073627,7.706675363495655,0.1640657847942778,0.47598304428279103,2.795005342842041,-0.018412464059008163,0.3670921797890567,0.6418147382556835,0.0
20,10,signal_shrinkage_min_variance_blend_0.25,legacy_risk_scaled,,1.0,2023,25,1.3424642210447195,2.39213463901178,13.20673865878402,-0.14957694394418164,8.975074537862556,0.03702211012988987,0.06177551873293561,0.057163221451042814,0.5942623735550594,14.975411813587497,0.08964456121511626,0.0005942623735550594,0.0,0.486,0.45,0.75,0.0,1.0,0.6,shrinkage_min_variance,0.25,0.39001031131702546,8.555162611508802,0.15666432245168851,0.4367669351590604,1.988022601047769,-0.02078038312060511,0.14423952224032185,0.5351709317365859,0.0
20,10,signal_shrinkage_min_variance_blend_0.25,legacy_risk_scaled,,1.0,2024,26,0.7122627141461289,1.6153752031798072,4.336910266594878,-0.10069222337466577,7.0736616024046866,0.024121910636210945,-0.017673314871082705,-0.00026514577724847207,0.9019469313240862,22.72906266936697,0.03133709139295387,0.0009019469313240863,0.0,0.6423076923076922,0.45,1.0,0.0,0.6923076923076923,0.6153846153846154,shrinkage_min_variance,0.25,0.37630399849888846,8.272323770519794,0.15677190824318257,0.4534374154500236,2.3262822623954333,-0.07681847238428628,0.17978276378678362,0.4376641642927787,0.0
20,10,signal_shrinkage_min_variance_blend_0.25,legacy_risk_scaled,,1.0,2025,25,1.2875477742540995,3.1063309582485705,6.044809517529298,-0.08119400718393466,15.857670028987785,0.034817279623581075,0.09019189801549282,0.10917532406885332,0.9449322997454856,23.812293953586238,0.054070715604457295,0.0009449322997454859,0.0,0.594,0.45,1.0,0.0,0.76,0.76,shrinkage_min_variance,0.25,0.2824539491467906,8.361522498123705,0.1584966817351139,0.4497745043596042,2.440550085808959,0.02271795710031789,0.2325496518666765,0.5081914276335747,0.0
20,10,signal_shrinkage_min_variance_blend_0.25,legacy_risk_scaled,,1.0,2026,11,0.522624536480844,1.4005001824072132,2.8238925464090934,-0.1295457912147293,4.034284183069791,0.018785433942879806,0.027895204049558718,0.04338840353177768,0.7364434808514285,18.558375717456,0.028161114121063063,0.0007364434808514284,0.0,0.45,0.45,0.45,0.0,1.0,0.6363636363636364,shrinkage_min_variance,0.25,0.33801704655753206,7.841822757826583,0.16302323325351115,0.46811290193407423,2.3697408660520485,0.009646283085910924,0.2792894529494215,0.4392643110344486,0.0
20,10,signal_shrinkage_min_variance_blend_0.25,vol_target_25pct_max_1p25,0.25,1.25,2021,26,0.08615239097163663,0.4035246224818268,0.6286772097558535,-0.24073844079185702,0.35786719681433915,0.005534403898865588,-0.04151941140090673,-0.054243463635006,0.7327741622109889,18.46590888771692,0.004665483377801302,0.0007327741622109889,0.0,0.6286907692777282,0.5,1.0,0.0,0.7692307692307693,0.46153846153846156,shrinkage_min_variance,0.25,0.345621978142595,8.292188398239917,0.15667348772815323,0.44858384774915133,2.932391718954612,-0.1845445512221074,0.17380466868719038,0.40547978182379574,0.0
20,10,signal_shrinkage_min_variance_blend_0.25,vol_target_25pct_max_1p25,0.25,1.25,2022,26,-0.15809001308101767,-0.3980312352237574,-0.9769309733502956,-0.25624722560007285,-0.6169433160136923,-0.004970422662618841,-0.08470086902554524,-0.08391591623005151,0.6521567540752973,16.43435020269749,-0.009619486692882399,0.0006521567540752973,0.0,0.5015747577202277,0.5,0.521179978856035,0.0,1.0,0.3076923076923077,shrinkage_min_variance,0.25,0.3146854819762615,7.706675363495655,0.1640657847942778,0.47598304428279103,2.795005342842041,-0.018412464059008163,0.3670921797890567,0.6418147382556835,0.0
20,10,signal_shrinkage_min_variance_blend_0.25,vol_target_25pct_max_1p25,0.25,1.25,2023,25,1.1917024095853237,2.177421237640017,11.037911313054808,-0.16503419001855069,7.220942578331013,0.03438032480521051,0.06177551873293561,0.057163221451042814,0.6231734530692458,15.703971017344992,0.07588541829764534,0.0006231734530692458,0.0,0.5,0.5,0.5,0.0,1.0,0.6,shrinkage_min_variance,0.25,0.39789461502190987,8.555162611508802,0.15666432245168851,0.4367669351590604,1.988022601047769,-0.02078038312060511,0.14423952224032185,0.5351709317365859,0.0
20,10,signal_shrinkage_min_variance_blend_0.25,vol_target_25pct_max_1p25,0.25,1.25,2024,26,0.41741235517686825,1.4301534004423964,3.079341624699856,-0.11184473450486299,3.732069793224993,0.015303012497648887,-0.017673314871082705,-0.00026514577724847207,0.6912671813549593,17.419932970144973,0.023961765862833537,0.0006912671813549593,0.0,0.5022046468241513,0.5,0.5217591797467599,0.0,1.0,0.6153846153846154,shrinkage_min_variance,0.25,0.26964653919045417,8.272323770519794,0.15677190824318257,0.4534374154500236,2.3262822623954333,-0.07681847238428628,0.17978276378678362,0.4376641642927787,0.0
20,10,signal_shrinkage_min_variance_blend_0.25,vol_target_25pct_max_1p25,0.25,1.25,2025,25,1.0164116297571653,2.9254799038569015,4.589253393212532,-0.08964684057575345,11.337952606352884,0.02941246211775035,0.09019189801549282,0.10917532406885332,0.8081390714128176,20.365104599603004,0.049909472587583915,0.0008081390714128176,0.0,0.524036628689049,0.5,0.6123779650904255,0.0,1.0,0.76,shrinkage_min_variance,0.25,0.25335810524288055,8.361522498123705,0.1584966817351139,0.4497745043596042,2.440550085808959,0.02271795710031789,0.2325496518666765,0.5081914276335747,0.0
20,10,signal_shrinkage_min_variance_blend_0.25,vol_target_25pct_max_1p25,0.25,1.25,2026,11,0.5643571959945377,1.3256301928630612,2.373480555240568,-0.15642373310240876,3.6078744881063525,0.020542704780339368,0.027895204049558718,0.04338840353177768,0.839955241769124,21.166872092581922,0.026662285930868387,0.0008399552417691238,0.0,0.5129198393781693,0.5,0.5748150293963384,0.0,1.0,0.6363636363636364,shrinkage_min_variance,0.25,0.39051325418779786,7.841822757826583,0.16302323325351115,0.46811290193407423,2.3697408660520485,0.009646283085910924,0.2792894529494215,0.4392643110344486,0.0
20,10,signal_shrinkage_min_variance_blend_0.25,regime_dd_vol_target_25pct_max_1p25,0.25,1.25,2021,26,-0.003945340648489393,0.13144330443773014,0.18028304679907486,-0.22725156899322385,-0.017361115111187788,0.0015503167866334157,-0.04151941140090673,-0.054243463635006,0.6423242822523331,16.186571912758794,-0.00024374158220491049,0.0006423242822523329,0.0,0.5613830769700358,0.5,1.0,0.0,0.9615384615384616,0.46153846153846156,shrinkage_min_variance,0.25,0.29722307416328014,8.292188398239917,0.15667348772815323,0.44858384774915133,2.932391718954612,-0.1845445512221074,0.17380466868719038,0.40547978182379574,0.0
20,10,signal_shrinkage_min_variance_blend_0.25,regime_dd_vol_target_25pct_max_1p25,0.25,1.25,2022,26,-0.1611752502245265,-0.4128072811227832,-1.0084152292539732,-0.25624722560007296,-0.6289833961990831,-0.005131158484568138,-0.08470086902554524,-0.08391591623005151,0.649934679224162,16.378353916448884,-0.00984074779716765,0.0006499346792241621,0.0,0.5,0.5,0.5,0.0,1.0,0.3076923076923077,shrinkage_min_variance,0.25,0.31323380115637356,7.706675363495655,0.1640657847942778,0.47598304428279103,2.795005342842041,-0.018412464059008163,0.3670921797890567,0.6418147382556835,0.0
20,10,signal_shrinkage_min_variance_blend_0.25,regime_dd_vol_target_25pct_max_1p25,0.25,1.25,2023,25,1.1917024095853237,2.177421237640017,11.037911313054808,-0.16503419001855069,7.220942578331013,0.03438032480521051,0.06177551873293561,0.057163221451042814,0.6231734530692458,15.703971017344992,0.07588541829764534,0.0006231734530692458,0.0,0.5,0.5,0.5,0.0,1.0,0.6,shrinkage_min_variance,0.25,0.39789461502190987,8.555162611508802,0.15666432245168851,0.4367669351590604,1.988022601047769,-0.02078038312060511,0.14423952224032185,0.5351709317365859,0.0
20,10,signal_shrinkage_min_variance_blend_0.25,regime_dd_vol_target_25pct_max_1p25,0.25,1.25,2024,26,0.41741235517686825,1.4301534004423964,3.079341624699856,-0.11184473450486299,3.732069793224993,0.015303012497648887,-0.017673314871082705,-0.00026514577724847207,0.6912671813549593,17.419932970144973,0.023961765862833537,0.0006912671813549593,0.0,0.5022046468241513,0.5,0.5217591797467599,0.0,1.0,0.6153846153846154,shrinkage_min_variance,0.25,0.26964653919045417,8.272323770519794,0.15677190824318257,0.4534374154500236,2.3262822623954333,-0.07681847238428628,0.17978276378678362,0.4376641642927787,0.0
20,10,signal_shrinkage_min_variance_blend_0.25,regime_dd_vol_target_25pct_max_1p25,0.25,1.25,2025,25,1.0164116297571653,2.9254799038569015,4.589253393212532,-0.08964684057575345,11.337952606352884,0.02941246211775035,0.09019189801549282,0.10917532406885332,0.8081390714128176,20.365104599603004,0.049909472587583915,0.0008081390714128176,0.0,0.524036628689049,0.5,0.6123779650904255,0.0,1.0,0.76,shrinkage_min_variance,0.25,0.25335810524288055,8.361522498123705,0.1584966817351139,0.4497745043596042,2.440550085808959,0.02271795710031789,0.2325496518666765,0.5081914276335747,0.0
20,10,signal_shrinkage_min_variance_blend_0.25,regime_dd_vol_target_25pct_max_1p25,0.25,1.25,2026,11,0.5643571959945377,1.3256301928630612,2.373480555240568,-0.15642373310240876,3.6078744881063525,0.020542704780339368,0.027895204049558718,0.04338840353177768,0.839955241769124,21.166872092581922,0.026662285930868387,0.0008399552417691238,0.0,0.5129198393781693,0.5,0.5748150293963384,0.0,1.0,0.6363636363636364,shrinkage_min_variance,0.25,0.39051325418779786,7.841822757826583,0.16302323325351115,0.46811290193407423,2.3697408660520485,0.009646283085910924,0.2792894529494215,0.4392643110344486,0.0
20,10,signal_shrinkage_min_variance_blend_0.25,vol_target_30pct_max_1p25,0.3,1.25,2021,26,0.04148079507171776,0.2891255059782395,0.42390861983516664,-0.263552842608485,0.15739080884564247,0.004317392544430351,-0.04151941140090673,-0.054243463635006,0.7955433773546097,20.047693109336162,0.0020691056494874342,0.0007955433773546098,0.0,0.6908358652679729,0.5,1.0,0.0,0.7692307692307693,0.46153846153846156,shrinkage_min_variance,0.25,0.3763012597298606,8.292188398239917,0.15667348772815323,0.44858384774915133,2.932391718954612,-0.1845445512221074,0.17380466868719038,0.40547978182379574,0.0
20,10,signal_shrinkage_min_variance_blend_0.25,vol_target_30pct_max_1p25,0.3,1.25,2022,26,-0.16738539556320686,-0.38414103339425115,-0.9139952965742387,-0.2571502781009626,-0.6509244197569479,-0.005137267434688047,-0.08470086902554524,-0.08391591623005151,0.6963844479827654,17.54888808916569,-0.009538233688238461,0.0006963844479827654,0.0,0.5333785305507721,0.5,0.625415974627242,0.0,1.0,0.3076923076923077,shrinkage_min_variance,0.25,0.3370094004544223,7.706675363495655,0.1640657847942778,0.47598304428279103,2.795005342842041,-0.018412464059008163,0.3670921797890567,0.6418147382556835,0.0
20,10,signal_shrinkage_min_variance_blend_0.25,vol_target_30pct_max_1p25,0.3,1.25,2023,25,1.1917024095853237,2.177421237640017,11.037911313054808,-0.16503419001855069,7.220942578331013,0.03438032480521051,0.06177551873293561,0.057163221451042814,0.6231734530692458,15.703971017344992,0.07588541829764534,0.0006231734530692458,0.0,0.5,0.5,0.5,0.0,1.0,0.6,shrinkage_min_variance,0.25,0.39789461502190987,8.555162611508802,0.15666432245168851,0.4367669351590604,1.988022601047769,-0.02078038312060511,0.14423952224032185,0.5351709317365859,0.0
20,10,signal_shrinkage_min_variance_blend_0.25,vol_target_30pct_max_1p25,0.3,1.25,2024,26,0.4767292489591841,1.4237709273119052,2.9332270477302442,-0.11970893744242594,3.982403145032235,0.01735282975908122,-0.017673314871082705,-0.00026514577724847207,0.7566443290449445,19.0674370919326,0.025002272023275086,0.0007566443290449444,0.0,0.5516734497850259,0.5,0.6261110156961118,0.0,1.0,0.6153846153846154,shrinkage_min_variance,0.25,0.3071360016842439,8.272323770519794,0.15677190824318257,0.4534374154500236,2.3262822623954333,-0.07681847238428628,0.17978276378678362,0.4376641642927787,0.0
20,10,signal_shrinkage_min_variance_blend_0.25,vol_target_30pct_max_1p25,0.3,1.25,2025,25,1.2520186247123224,2.900073313937947,4.6150295284043485,-0.10352932458315967,12.093371899733024,0.03438714442019825,0.09019189801549282,0.10917532406885332,0.9412419739556513,23.719297743682414,0.052784809999098514,0.0009412419739556513,0.0,0.6117507523878473,0.5361025731037761,0.7348535581085106,0.0,1.0,0.76,shrinkage_min_variance,0.25,0.2988048733886379,8.361522498123705,0.1584966817351139,0.4497745043596042,2.440550085808959,0.02271795710031789,0.2325496518666765,0.5081914276335747,0.0
20,10,signal_shrinkage_min_variance_blend_0.25,vol_target_30pct_max_1p25,0.3,1.25,2026,11,0.6063620784856496,1.2346664229482542,2.1540143921710992,-0.18597201231945826,3.260501786925096,0.02262928215708745,0.027895204049558718,0.04338840353177768,0.9454473167464807,23.825272382011313,0.02545037340028349,0.0009454473167464808,0.0,0.5736514857407901,0.5,0.6897780352756061,0.0,1.0,0.6363636363636364,shrinkage_min_variance,0.25,0.46187204880560984,7.841822757826583,0.16302323325351115,0.46811290193407423,2.3697408660520485,0.009646283085910924,0.2792894529494215,0.4392643110344486,0.0
20,10,signal_shrinkage_min_variance_blend_0.25,regime_dd_vol_target_30pct_max_1p25,0.3,1.25,2021,26,-0.042263246088179884,0.03130847419632363,0.041136368743106194,-0.25908997193599137,-0.16312189071764266,0.00040936805855830427,-0.04151941140090673,-0.054243463635006,0.7010694448563685,17.666950010380486,-0.002392220845326866,0.0007010694448563685,0.0,0.6206571883450369,0.5,1.0,0.0,0.9615384615384616,0.46153846153846156,shrinkage_min_variance,0.25,0.32949785450996605,8.292188398239917,0.15667348772815323,0.44858384774915133,2.932391718954612,-0.1845445512221074,0.17380466868719038,0.40547978182379574,0.0
20,10,signal_shrinkage_min_variance_blend_0.25,regime_dd_vol_target_30pct_max_1p25,0.3,1.25,2022,26,-0.1611752502245265,-0.4128072811227832,-1.0084152292539732,-0.25624722560007296,-0.6289833961990831,-0.005131158484568138,-0.08470086902554524,-0.08391591623005151,0.649934679224162,16.378353916448884,-0.00984074779716765,0.0006499346792241621,0.0,0.5,0.5,0.5,0.0,1.0,0.3076923076923077,shrinkage_min_variance,0.25,0.31323380115637356,7.706675363495655,0.1640657847942778,0.47598304428279103,2.795005342842041,-0.018412464059008163,0.3670921797890567,0.6418147382556835,0.0
20,10,signal_shrinkage_min_variance_blend_0.25,regime_dd_vol_target_30pct_max_1p25,0.3,1.25,2023,25,1.1917024095853237,2.177421237640017,11.037911313054808,-0.16503419001855069,7.220942578331013,0.03438032480521051,0.06177551873293561,0.057163221451042814,0.6231734530692458,15.703971017344992,0.07588541829764534,0.0006231734530692458,0.0,0.5,0.5,0.5,0.0,1.0,0.6,shrinkage_min_variance,0.25,0.39789461502190987,8.555162611508802,0.15666432245168851,0.4367669351590604,1.988022601047769,-0.02078038312060511,0.14423952224032185,0.5351709317365859,0.0
20,10,signal_shrinkage_min_variance_blend_0.25,regime_dd_vol_target_30pct_max_1p25,0.3,1.25,2024,26,0.4767292489591841,1.4237709273119052,2.9332270477302442,-0.11970893744242594,3.982403145032235,0.01735282975908122,-0.017673314871082705,-0.00026514577724847207,0.7566443290449445,19.0674370919326,0.025002272023275086,0.0007566443290449444,0.0,0.5516734497850259,0.5,0.6261110156961118,0.0,1.0,0.6153846153846154,shrinkage_min_variance,0.25,0.3071360016842439,8.272323770519794,0.15677190824318257,0.4534374154500236,2.3262822623954333,-0.07681847238428628,0.17978276378678362,0.4376641642927787,0.0
20,10,signal_shrinkage_min_variance_blend_0.25,regime_dd_vol_target_30pct_max_1p25,0.3,1.25,2025,25,1.188815590390782,2.915945735586357,4.438116178668967,-0.10352932458315967,11.482887531405355,0.03309438287666688,0.09019189801549282,0.10917532406885332,0.9285971020434914,23.400646971495984,0.05080268044891504,0.0009285971020434914,0.0,0.6030611514255331,0.5361025731037761,0.65,0.0,1.0,0.76,shrinkage_min_variance,0.25,0.2860061620194395,8.361522498123705,0.1584966817351139,0.4497745043596042,2.440550085808959,0.02271795710031789,0.2325496518666765,0.5081914276335747,0.0
20,10,signal_shrinkage_min_variance_blend_0.25,regime_dd_vol_target_30pct_max_1p25,0.3,1.25,2026,11,0.6220214852881512,1.2701008600325425,2.327896523602421,-0.17913429037634754,3.4723753000128075,0.022882666948221567,0.027895204049558718,0.04338840353177768,0.9348733816428606,23.558809217400086,0.026402925527693393,0.0009348733816428606,0.0,0.567348783338769,0.5,0.65,0.0,1.0,0.6363636363636364,shrinkage_min_variance,0.25,0.4540137128010517,7.841822757826583,0.16302323325351115,0.46811290193407423,2.3697408660520485,0.009646283085910924,0.2792894529494215,0.4392643110344486,0.0
20,10,signal_shrinkage_min_variance_blend_0.25,vol_target_35pct_max_1p25,0.35,1.25,2021,26,0.010184928680153638,0.22565115202248642,0.3175387404555155,-0.3027416320172298,0.033642312794211225,0.003695509882224733,-0.04151941140090673,-0.054243463635006,0.8737594389183976,22.01873786074362,0.0004625573338747978,0.0008737594389183976,0.0,0.766843970514097,0.5659219869046807,1.0,0.0,0.7692307692307693,0.46153846153846156,shrinkage_min_variance,0.25,0.41270274136594287,8.292188398239917,0.15667348772815323,0.44858384774915133,2.932391718954612,-0.1845445512221074,0.17380466868719038,0.40547978182379574,0.0
20,10,signal_shrinkage_min_variance_blend_0.25,vol_target_35pct_max_1p25,0.35,1.25,2022,26,-0.19236255613293674,-0.3649561169526072,-0.8677353278826025,-0.28503310763104905,-0.6748779386776836,-0.005641262643903953,-0.08470086902554524,-0.08391591623005151,0.7967809441421262,20.078879792381578,-0.009580343033176772,0.000796780944142126,0.0,0.6108628208982496,0.5250761732515714,0.7296519703984489,0.0,1.0,0.3076923076923077,shrinkage_min_variance,0.25,0.38952578686286365,7.706675363495655,0.1640657847942778,0.47598304428279103,2.795005342842041,-0.018412464059008163,0.3670921797890567,0.6418147382556835,0.0
20,10,signal_shrinkage_min_variance_blend_0.25,vol_target_35pct_max_1p25,0.35,1.25,2023,25,1.3091912224494768,2.1452754118684427,11.140043430510676,-0.16503419001855069,7.932848474018123,0.03698617804085265,0.06177551873293561,0.057163221451042814,0.6412590134631564,16.159727139271542,0.08101567626521776,0.0006412590134631565,0.0,0.5147938846698992,0.5,0.5740436567754166,0.0,1.0,0.6,shrinkage_min_variance,0.25,0.43446714648992774,8.555162611508802,0.15666432245168851,0.4367669351590604,1.988022601047769,-0.02078038312060511,0.14423952224032185,0.5351709317365859,0.0
20,10,signal_shrinkage_min_variance_blend_0.25,vol_target_35pct_max_1p25,0.35,1.25,2024,26,0.5677754861459263,1.451247151654682,2.9269898919788453,-0.13329669379611753,4.259486638238462,0.0203228061130025,-0.017673314871082705,-0.00026514577724847207,0.8579968716480955,21.621521165532005,0.02625973823946517,0.0008579968716480954,0.0,0.6275933837235558,0.5,0.7304628516454638,0.0,1.0,0.6153846153846154,shrinkage_min_variance,0.25,0.35289282977316266,8.272323770519794,0.15677190824318257,0.4534374154500236,2.3262822623954333,-0.07681847238428628,0.17978276378678362,0.4376641642927787,0.0
20,10,signal_shrinkage_min_variance_blend_0.25,vol_target_35pct_max_1p25,0.35,1.25,2025,25,1.5525307827735326,2.900073313937947,4.61502952840435,-0.12078421201368628,12.853755941195464,0.04011833515689796,0.09019189801549282,0.10917532406885332,1.0981156362815931,27.672514034296146,0.05610371290622137,0.001098115636281593,0.0,0.7137092111191552,0.6254530019544053,0.8573291511265957,0.0,1.0,0.76,shrinkage_min_variance,0.25,0.3486056856200776,8.361522498123705,0.1584966817351139,0.4497745043596042,2.440550085808959,0.02271795710031789,0.2325496518666765,0.5081914276335747,0.0
20,10,signal_shrinkage_min_variance_blend_0.25,vol_target_35pct_max_1p25,0.35,1.25,2026,11,0.6830684622627268,1.2088266151880926,2.0948414020722663,-0.21517949926414048,3.1744123608366426,0.025762668085539956,0.027895204049558718,0.04338840353177768,1.0860432855009896,27.368290794624937,0.024958389524159824,0.00108604328550099,0.0,0.6575846670468763,0.5491506834284978,0.8047410411548738,0.0,1.0,0.6363636363636364,shrinkage_min_variance,0.25,0.537065636708031,7.841822757826583,0.16302323325351115,0.46811290193407423,2.3697408660520485,0.009646283085910924,0.2792894529494215,0.4392643110344486,0.0
20,10,signal_shrinkage_min_variance_blend_0.25,regime_dd_vol_target_35pct_max_1p25,0.35,1.25,2021,26,-0.07798500891780269,-0.0667649452481494,-0.08525233872147298,-0.27103804560547284,-0.28772716665511555,-0.0009074470722699563,-0.04151941140090673,-0.054243463635006,0.7202748521170749,18.150926273350287,-0.00429647543840793,0.0007202748521170747,0.0,0.6420695192236779,0.5,1.0,0.0,0.9615384615384616,0.46153846153846156,shrinkage_min_variance,0.25,0.3425100722573685,8.292188398239917,0.15667348772815323,0.44858384774915133,2.932391718954612,-0.1845445512221074,0.17380466868719038,0.40547978182379574,0.0
20,10,signal_shrinkage_min_variance_blend_0.25,regime_dd_vol_target_35pct_max_1p25,0.35,1.25,2022,26,-0.1611752502245265,-0.4128072811227832,-1.0084152292539732,-0.25624722560007296,-0.6289833961990831,-0.005131158484568138,-0.08470086902554524,-0.08391591623005151,0.649934679224162,16.378353916448884,-0.00984074779716765,0.0006499346792241621,0.0,0.5,0.5,0.5,0.0,1.0,0.3076923076923077,shrinkage_min_variance,0.25,0.31323380115637356,7.706675363495655,0.1640657847942778,0.47598304428279103,2.795005342842041,-0.018412464059008163,0.3670921797890567,0.6418147382556835,0.0
20,10,signal_shrinkage_min_variance_blend_0.25,regime_dd_vol_target_35pct_max_1p25,0.35,1.25,2023,25,1.1917024095853237,2.177421237640017,11.037911313054808,-0.16503419001855069,7.220942578331013,0.03438032480521051,0.06177551873293561,0.057163221451042814,0.6231734530692458,15.703971017344992,0.07588541829764534,0.0006231734530692458,0.0,0.5,0.5,0.5,0.0,1.0,0.6,shrinkage_min_variance,0.25,0.39789461502190987,8.555162611508802,0.15666432245168851,0.4367669351590604,1.988022601047769,-0.02078038312060511,0.14423952224032185,0.5351709317365859,0.0
20,10,signal_shrinkage_min_variance_blend_0.25,regime_dd_vol_target_35pct_max_1p25,0.35,1.25,2024,26,0.543858921150469,1.4528528820160396,3.0029117779040275,-0.126744975683454,4.290970259119056,0.01951945687877,-0.017673314871082705,-0.00026514577724847207,0.838108944384098,21.12034539847927,0.025750474762104434,0.000838108944384098,0.0,0.6115548163845825,0.5,0.6956096894642448,0.0,1.0,0.6153846153846154,shrinkage_min_variance,0.25,0.33856856357158227,8.272323770519794,0.15677190824318257,0.4534374154500236,2.3262822623954333,-0.07681847238428628,0.17978276378678362,0.4376641642927787,0.0
20,10,signal_shrinkage_min_variance_blend_0.25,regime_dd_vol_target_35pct_max_1p25,0.35,1.25,2025,25,1.2886344153893239,2.922553196015905,4.23706931876021,-0.11655473844067277,11.056044847505264,0.03511123095623546,0.09019189801549282,0.10917532406885332,1.0015780583490954,25.239767070397203,0.05105571742382345,0.0010015780583490955,0.0,0.6494635308407455,0.6254530019544053,0.7088502263054768,0.0,1.0,0.76,shrinkage_min_variance,0.25,0.3027500136877982,8.361522498123705,0.1584966817351139,0.4497745043596042,2.440550085808959,0.02271795710031789,0.2325496518666765,0.5081914276335747,0.0
20,10,signal_shrinkage_min_variance_blend_0.25,regime_dd_vol_target_35pct_max_1p25,0.35,1.25,2026,11,0.6982545334788053,1.3155462266283982,2.582493591956642,-0.18419341456956673,3.7908767537130728,0.025141803008706828,0.027895204049558718,0.04338840353177768,1.0112075295612266,25.48242974494291,0.02740141110827066,0.001011207529561227,0.0,0.6140821761068639,0.5491506834284978,0.65,0.0,1.0,0.6363636363636364,shrinkage_min_variance,0.25,0.4816048444327129,7.841822757826583,0.16302323325351115,0.46811290193407423,2.3697408660520485,0.009646283085910924,0.2792894529494215,0.4392643110344486,0.0
20,10,signal_shrinkage_min_variance_blend_0.50,static_1x,,1.0,2021,26,-0.02420310675264159,0.21544619718896899,0.29803462597239955,-0.3874533905852683,-0.06246714402494079,0.004504443123745539,-0.04151941140090673,-0.054243463635006,1.0575224471989157,26.649565669412677,-0.0009081989197452837,0.001057522447198916,0.0,1.0,1.0,1.0,0.0,0.0,0.5,shrinkage_min_variance,0.5,0.5268692053952833,9.170339917177566,0.1385334094755485,0.39902108151425314,2.938854263118193,-0.09455771878213748,0.17380466868719038,0.42190778815752894,0.0
20,10,signal_shrinkage_min_variance_blend_0.50,static_1x,,1.0,2022,26,-0.40033699984765125,-0.4737252757593138,-1.2198684945443674,-0.4865674588628821,-0.8227779983134237,-0.012319367489233752,-0.08470086902554524,-0.08391591623005151,1.2462089260553546,31.404464936594934,-0.012747773307264577,0.0012462089260553547,0.0,1.0,1.0,1.0,0.0,0.0,0.3076923076923077,shrinkage_min_variance,0.5,0.6553335374201572,8.758583630891465,0.14911548147319736,0.4240399322642266,2.8108149565718015,0.12960261583357055,0.3670921797890567,0.6616767069599425,0.0
20,10,signal_shrinkage_min_variance_blend_0.50,static_1x,,1.0,2023,25,3.417217696190102,2.1247786076156703,10.965826036294407,-0.342967040039619,9.963691250900817,0.07253751976995393,0.06177551873293561,0.057163221451042814,1.2070848581300742,30.41853842487787,0.11233997006888809,0.0012070848581300744,0.0,1.0,1.0,1.0,0.0,0.0,0.6,shrinkage_min_variance,0.5,0.860299276193333,9.147888431508166,0.1486719674844036,0.40407627472768487,2.0674241153417126,0.4079166787925576,0.14423952224032185,0.5716983862635515,0.0
20,10,signal_shrinkage_min_variance_blend_0.50,static_1x,,1.0,2024,26,1.0473961800795673,1.5126456781686601,3.323369757195339,-0.22925891217236427,4.5686170720905315,0.03514907096895972,-0.017673314871082705,-0.00026514577724847207,1.3328131101319014,33.58689037532391,0.031184672602173467,0.0013328131101319012,0.0,1.0,1.0,1.0,0.0,0.0,0.6153846153846154,shrinkage_min_variance,0.5,0.5855677910574264,9.130571556352695,0.13908534491776856,0.40051374349215235,2.352569757996595,0.1614390746581472,0.17978276378678362,0.45963460250375915,0.0
20,10,signal_shrinkage_min_variance_blend_0.50,static_1x,,1.0,2025,25,2.5050907355021184,2.9127167050457508,4.624028690966784,-0.18212604057306958,13.754709253106876,0.05525986760051249,0.09019189801549282,0.10917532406885332,1.492219610303575,37.60393417965009,0.06661778322274015,0.0014922196103035752,0.0,1.0,1.0,1.0,0.0,0.0,0.8,shrinkage_min_variance,0.5,0.47809272392353774,9.145636345443995,0.1450534517160276,0.4018687189357389,2.463243739569165,0.24697874976324294,0.2325496518666765,0.5267552048282639,0.0
20,10,signal_shrinkage_min_variance_blend_0.50,static_1x,,1.0,2026,11,1.45434610766323,1.5056284442593233,3.0077953872170835,-0.2826879225869512,5.144705491321059,0.046027676582588904,0.027895204049558718,0.04338840353177768,1.6062636535794452,40.47784407020202,0.03592943599320436,0.001606263653579445,0.0,1.0,1.0,1.0,0.0,0.0,0.5454545454545454,shrinkage_min_variance,0.5,0.7703742940721598,8.867210172056007,0.14604646650702233,0.4149965887913991,2.3875023245320928,0.19495836210425807,0.2792894529494215,0.46029230137052274,0.0
20,10,signal_shrinkage_min_variance_blend_0.50,legacy_risk_scaled,,1.0,2021,26,-0.17728629440601174,-0.43428732459999797,-0.4506901441021289,-0.3386937416118716,-0.5234413058897739,-0.005557666264007481,-0.04151941140090673,-0.054243463635006,0.5770912264561678,14.54269890669543,-0.012190742278545661,0.0005770912264561679,0.0,0.5346153846153846,0.45,1.0,0.0,0.8461538461538461,0.5,shrinkage_min_variance,0.5,0.32248970190871923,9.170339917177566,0.1385334094755485,0.39902108151425314,2.938854263118193,-0.09455771878213748,0.17380466868719038,0.42190778815752894,0.0
20,10,signal_shrinkage_min_variance_blend_0.50,legacy_risk_scaled,,1.0,2022,26,-0.16559268318809417,-0.4737252757593137,-1.219868494544367,-0.2506310878370567,-0.6607028865299874,-0.005543715370155187,-0.08470086902554524,-0.08391591623005151,0.5607940167249096,14.13200922146772,-0.011717561218156074,0.0005607940167249095,0.0,0.44999999999999996,0.45,0.45,0.0,1.0,0.3076923076923077,shrinkage_min_variance,0.5,0.29490009183907073,8.758583630891465,0.14911548147319736,0.4240399322642266,2.8108149565718015,0.12960261583357055,0.3670921797890567,0.6616767069599425,0.0
20,10,signal_shrinkage_min_variance_blend_0.50,legacy_risk_scaled,,1.0,2023,25,1.4221015411766285,2.3390999462274222,13.023254085515395,-0.16862372072058984,8.433579422275091,0.038766212997246724,0.06177551873293561,0.057163221451042814,0.5744209739932877,14.47540854463085,0.09824258408955978,0.0005744209739932878,0.0,0.486,0.45,0.75,0.0,1.0,0.6,shrinkage_min_variance,0.5,0.41764293531202373,9.147888431508166,0.1486719674844036,0.40407627472768487,2.0674241153417126,0.4079166787925576,0.14423952224032185,0.5716983862635515,0.0
20,10,signal_shrinkage_min_variance_blend_0.50,legacy_risk_scaled,,1.0,2024,26,0.8371632861276086,1.6913797468783738,4.454606257581613,-0.10739469253865475,7.79520166535499,0.027427295908118706,-0.017673314871082705,-0.00026514577724847207,0.8699014896069609,21.921517538095415,0.038189111893042006,0.0008699014896069608,0.0,0.6423076923076922,0.45,1.0,0.0,0.6923076923076923,0.6153846153846154,shrinkage_min_variance,0.5,0.4086414409065836,9.130571556352695,0.13908534491776856,0.40051374349215235,2.352569757996595,0.1614390746581472,0.17978276378678362,0.45963460250375915,0.0
20,10,signal_shrinkage_min_variance_blend_0.50,legacy_risk_scaled,,1.0,2025,25,1.3749503499661508,3.0916471124258647,6.732673810761366,-0.08247660841331894,16.67079159069923,0.036500217244979864,0.09019189801549282,0.10917532406885332,0.9120671809280847,22.984092959387734,0.05982182339741014,0.0009120671809280849,0.0,0.594,0.45,1.0,0.0,0.76,0.8,shrinkage_min_variance,0.5,0.2975130864310598,9.145636345443995,0.1450534517160276,0.4018687189357389,2.463243739569165,0.24697874976324294,0.2325496518666765,0.5267552048282639,0.0
20,10,signal_shrinkage_min_variance_blend_0.50,legacy_risk_scaled,,1.0,2026,11,0.5929146158507883,1.505628444259323,3.0077953872170835,-0.13319737270661258,4.451398731090385,0.020712454462165006,0.027895204049558718,0.04338840353177768,0.7228186441107503,18.215029831590908,0.032550845171962196,0.0007228186441107503,0.0,0.45,0.45,0.45,0.0,1.0,0.5454545454545454,shrinkage_min_variance,0.5,0.34666843233247197,8.867210172056007,0.14604646650702233,0.4149965887913991,2.3875023245320928,0.19495836210425807,0.2792894529494215,0.46029230137052274,0.0
20,10,signal_shrinkage_min_variance_blend_0.50,vol_target_25pct_max_1p25,0.25,1.25,2021,26,0.08524347605069549,0.40087340961410456,0.6327364200286566,-0.25446275381033523,0.33499392258496125,0.005512476361271761,-0.04151941140090673,-0.054243463635006,0.6901085260167067,17.39073485562101,0.004901660381714302,0.0006901085260167067,0.0,0.6229544880174834,0.5,1.0,0.0,0.7692307692307693,0.5,shrinkage_min_variance,0.5,0.3465293555832812,9.170339917177566,0.1385334094755485,0.39902108151425314,2.938854263118193,-0.09455771878213748,0.17380466868719038,0.42190778815752894,0.0
20,10,signal_shrinkage_min_variance_blend_0.50,vol_target_25pct_max_1p25,0.25,1.25,2022,26,-0.18422519591968334,-0.4636509747014731,-1.198557188874738,-0.27507911358794757,-0.6697171352516496,-0.0060477317506337485,-0.08470086902554524,-0.08391591623005151,0.6246815855646839,15.741975956230034,-0.01170279998088642,0.000624681585564684,0.0,0.5011562629250688,0.5,0.5158960499105344,0.0,1.0,0.3076923076923077,shrinkage_min_variance,0.5,0.32870164936911167,8.758583630891465,0.14911548147319736,0.4240399322642266,2.8108149565718015,0.12960261583357055,0.3670921797890567,0.6616767069599425,0.0
20,10,signal_shrinkage_min_variance_blend_0.50,vol_target_25pct_max_1p25,0.25,1.25,2023,25,1.2706986616933,2.1247786076156703,10.965826036294407,-0.18585518260570577,6.837036470428183,0.036268759884976964,0.06177551873293561,0.057163221451042814,0.6035424290650371,15.209269212438935,0.08354764742109083,0.0006035424290650372,0.0,0.5,0.5,0.5,0.0,1.0,0.6,shrinkage_min_variance,0.5,0.4301496380966665,9.147888431508166,0.1486719674844036,0.40407627472768487,2.0674241153417126,0.4079166787925576,0.14423952224032185,0.5716983862635515,0.0
20,10,signal_shrinkage_min_variance_blend_0.50,vol_target_25pct_max_1p25,0.25,1.25,2024,26,0.4908713505654554,1.5126456781686601,3.323369757195339,-0.11889976016431025,4.128446936201631,0.01757453548447986,-0.017673314871082705,-0.00026514577724847207,0.6664065550659507,16.793445187661955,0.029229937340438973,0.0006664065550659506,0.0,0.5,0.5,0.5,0.0,1.0,0.6153846153846154,shrinkage_min_variance,0.5,0.2927838955287132,9.130571556352695,0.13908534491776856,0.40051374349215235,2.352569757996595,0.1614390746581472,0.17978276378678362,0.45963460250375915,0.0
20,10,signal_shrinkage_min_variance_blend_0.50,vol_target_25pct_max_1p25,0.25,1.25,2025,25,0.9975055516908011,2.9006361916011993,4.882828665039781,-0.09106302028653479,10.95401347936951,0.02901839134918589,0.09019189801549282,0.10917532406885332,0.7644016247057831,19.262920942585733,0.05178371206858633,0.000764401624705783,0.0,0.5126149129762259,0.5,0.5775709345592056,0.0,1.0,0.8,shrinkage_min_variance,0.5,0.252104508699457,9.145636345443995,0.1450534517160276,0.4018687189357389,2.463243739569165,0.24697874976324294,0.2325496518666765,0.5267552048282639,0.0
20,10,signal_shrinkage_min_variance_blend_0.50,vol_target_25pct_max_1p25,0.25,1.25,2026,11,0.6538613727597422,1.452557061825127,2.7064076334796217,-0.15690761872784942,4.167174150375968,0.022875555936178335,0.027895204049558718,0.04338840353177768,0.8189783830991254,20.63825525409796,0.031682008227411115,0.0008189783830991254,0.0,0.5094136999734641,0.5,0.5541319411008612,0.0,1.0,0.5454545454545454,shrinkage_min_variance,0.5,0.3968615242332521,8.867210172056007,0.14604646650702233,0.4149965887913991,2.3875023245320928,0.19495836210425807,0.2792894529494215,0.46029230137052274,0.0
20,10,signal_shrinkage_min_variance_blend_0.50,regime_dd_vol_target_25pct_max_1p25,0.25,1.25,2021,26,-0.004275101023120564,0.13109380790547476,0.18197892149848283,-0.2411673135675253,-0.017726701682247513,0.0015542793986108065,-0.04151941140090673,-0.054243463635006,0.6038591371227722,15.217250255493859,-0.00028093781408222105,0.0006038591371227721,0.0,0.555646795709791,0.5,1.0,0.0,0.9615384615384616,0.5,shrinkage_min_variance,0.5,0.29877719986007506,9.170339917177566,0.1385334094755485,0.39902108151425314,2.938854263118193,-0.09455771878213748,0.17380466868719038,0.42190778815752894,0.0
20,10,signal_shrinkage_min_variance_blend_0.50,regime_dd_vol_target_25pct_max_1p25,0.25,1.25,2022,26,-0.18629452469303198,-0.4737252757593138,-1.2198684945443674,-0.27507911358794757,-0.6772398029902419,-0.006159683744616876,-0.08470086902554524,-0.08391591623005151,0.6231044630276773,15.702232468297467,-0.011864206256604427,0.0006231044630276774,0.0,0.5,0.5,0.5,0.0,1.0,0.3076923076923077,shrinkage_min_variance,0.5,0.3276667687100786,8.758583630891465,0.14911548147319736,0.4240399322642266,2.8108149565718015,0.12960261583357055,0.3670921797890567,0.6616767069599425,0.0
20,10,signal_shrinkage_min_variance_blend_0.50,regime_dd_vol_target_25pct_max_1p25,0.25,1.25,2023,25,1.2706986616933,2.1247786076156703,10.965826036294407,-0.18585518260570577,6.837036470428183,0.036268759884976964,0.06177551873293561,0.057163221451042814,0.6035424290650371,15.209269212438935,0.08354764742109083,0.0006035424290650372,0.0,0.5,0.5,0.5,0.0,1.0,0.6,shrinkage_min_variance,0.5,0.4301496380966665,9.147888431508166,0.1486719674844036,0.40407627472768487,2.0674241153417126,0.4079166787925576,0.14423952224032185,0.5716983862635515,0.0
20,10,signal_shrinkage_min_variance_blend_0.50,regime_dd_vol_target_25pct_max_1p25,0.25,1.25,2024,26,0.4908713505654554,1.5126456781686601,3.323369757195339,-0.11889976016431025,4.128446936201631,0.01757453548447986,-0.017673314871082705,-0.00026514577724847207,0.6664065550659507,16.793445187661955,0.029229937340438973,0.0006664065550659506,0.0,0.5,0.5,0.5,0.0,1.0,0.6153846153846154,shrinkage_min_variance,0.5,0.2927838955287132,9.130571556352695,0.13908534491776856,0.40051374349215235,2.352569757996595,0.1614390746581472,0.17978276378678362,0.45963460250375915,0.0
20,10,signal_shrinkage_min_variance_blend_0.50,regime_dd_vol_target_25pct_max_1p25,0.25,1.25,2025,25,0.9975055516908011,2.9006361916011993,4.882828665039781,-0.09106302028653479,10.95401347936951,0.02901839134918589,0.09019189801549282,0.10917532406885332,0.7644016247057831,19.262920942585733,0.05178371206858633,0.000764401624705783,0.0,0.5126149129762259,0.5,0.5775709345592056,0.0,1.0,0.8,shrinkage_min_variance,0.5,0.252104508699457,9.145636345443995,0.1450534517160276,0.4018687189357389,2.463243739569165,0.24697874976324294,0.2325496518666765,0.5267552048282639,0.0
20,10,signal_shrinkage_min_variance_blend_0.50,regime_dd_vol_target_25pct_max_1p25,0.25,1.25,2026,11,0.6538613727597422,1.452557061825127,2.7064076334796217,-0.15690761872784942,4.167174150375968,0.022875555936178335,0.027895204049558718,0.04338840353177768,0.8189783830991254,20.63825525409796,0.031682008227411115,0.0008189783830991254,0.0,0.5094136999734641,0.5,0.5541319411008612,0.0,1.0,0.5454545454545454,shrinkage_min_variance,0.5,0.3968615242332521,8.867210172056007,0.14604646650702233,0.4149965887913991,2.3875023245320928,0.19495836210425807,0.2792894529494215,0.46029230137052274,0.0
20,10,signal_shrinkage_min_variance_blend_0.50,vol_target_30pct_max_1p25,0.3,1.25,2021,26,0.034492246876007604,0.2710582957987036,0.3996325733611533,-0.2778821162282109,0.12412546494241039,0.004039634197115459,-0.04151941140090673,-0.054243463635006,0.7423670506760398,18.7076496770362,0.0018437509506256753,0.0007423670506760399,0.0,0.6777692324496235,0.5,1.0,0.0,0.7692307692307693,0.5,shrinkage_min_variance,0.5,0.3755604729504702,9.170339917177566,0.1385334094755485,0.39902108151425314,2.938854263118193,-0.09455771878213748,0.17380466868719038,0.42190778815752894,0.0
20,10,signal_shrinkage_min_variance_blend_0.50,vol_target_30pct_max_1p25,0.3,1.25,2022,26,-0.19280730031130522,-0.4526191935185365,-1.1430744728435536,-0.27507911358794745,-0.7009158121692923,-0.006233199929793564,-0.08470086902554524,-0.08391591623005151,0.6609206576455858,16.65520057266876,-0.011576402185615382,0.0006609206576455859,0.0,0.5275486986961943,0.5,0.6190752598926412,0.0,1.0,0.3076923076923077,shrinkage_min_variance,0.5,0.3470392782279678,8.758583630891465,0.14911548147319736,0.4240399322642266,2.8108149565718015,0.12960261583357055,0.3670921797890567,0.6616767069599425,0.0
20,10,signal_shrinkage_min_variance_blend_0.50,vol_target_30pct_max_1p25,0.3,1.25,2023,25,1.2706986616933,2.1247786076156703,10.965826036294407,-0.18585518260570577,6.837036470428183,0.036268759884976964,0.06177551873293561,0.057163221451042814,0.6035424290650371,15.209269212438935,0.08354764742109083,0.0006035424290650372,0.0,0.5,0.5,0.5,0.0,1.0,0.6,shrinkage_min_variance,0.5,0.4301496380966665,9.147888431508166,0.1486719674844036,0.40407627472768487,2.0674241153417126,0.4079166787925576,0.14423952224032185,0.5716983862635515,0.0
20,10,signal_shrinkage_min_variance_blend_0.50,vol_target_30pct_max_1p25,0.3,1.25,2024,26,0.5317269139135665,1.5204914849000066,3.3718495801579844,-0.12334180308269893,4.311003249701573,0.018883529591234457,-0.017673314871082705,-0.00026514577724847207,0.6902704482796784,17.394815296647895,0.03056812647019219,0.0006902704482796783,0.0,0.5197070075756627,0.5,0.5822092211640664,0.0,1.0,0.6153846153846154,shrinkage_min_variance,0.5,0.3129678465318094,9.130571556352695,0.13908534491776856,0.40051374349215235,2.352569757996595,0.1614390746581472,0.17978276378678362,0.45963460250375915,0.0
20,10,signal_shrinkage_min_variance_blend_0.50,vol_target_30pct_max_1p25,0.3,1.25,2025,25,1.1850631385163122,2.8782799210965995,5.164297209041115,-0.09811497763843946,12.078310233972152,0.03304719585306251,0.09019189801549282,0.10917532406885332,0.8613653373822635,21.70640650203304,0.05459508640480488,0.0008613653373822635,0.0,0.5789368286433407,0.5,0.6930851214710467,0.0,1.0,0.8,shrinkage_min_variance,0.5,0.289335769392398,9.145636345443995,0.1450534517160276,0.4018687189357389,2.463243739569165,0.24697874976324294,0.2325496518666765,0.5267552048282639,0.0
20,10,signal_shrinkage_min_variance_blend_0.50,vol_target_30pct_max_1p25,0.3,1.25,2026,11,0.6920839453592498,1.3495414799196461,2.4295573946982474,-0.18531704953315975,3.7345940219893885,0.024742162763909635,0.027895204049558718,0.04338840353177768,0.9116057741727925,22.97246550915437,0.030126672519475935,0.0009116057741727926,0.0,0.563430402912391,0.5,0.6649583293210334,0.0,1.0,0.5454545454545454,shrinkage_min_variance,0.5,0.462010624295629,8.867210172056007,0.14604646650702233,0.4149965887913991,2.3875023245320928,0.19495836210425807,0.2792894529494215,0.46029230137052274,0.0
20,10,signal_shrinkage_min_variance_blend_0.50,regime_dd_vol_target_30pct_max_1p25,0.3,1.25,2021,26,-0.04973639701647847,0.009316959770055012,0.012251487433048188,-0.2650043220991838,-0.18768145599475738,0.0001224467267630572,-0.04151941140090673,-0.054243463635006,0.6555655550095808,16.520251986241437,-0.003010631863115674,0.0006555655550095809,0.0,0.610100157232958,0.5,1.0,0.0,0.9615384615384616,0.5,shrinkage_min_variance,0.5,0.33118716733611286,9.170339917177566,0.1385334094755485,0.39902108151425314,2.938854263118193,-0.09455771878213748,0.17380466868719038,0.42190778815752894,0.0
20,10,signal_shrinkage_min_variance_blend_0.50,regime_dd_vol_target_30pct_max_1p25,0.3,1.25,2022,26,-0.18629452469303198,-0.4737252757593138,-1.2198684945443674,-0.27507911358794757,-0.6772398029902419,-0.006159683744616876,-0.08470086902554524,-0.08391591623005151,0.6231044630276773,15.702232468297467,-0.011864206256604427,0.0006231044630276774,0.0,0.5,0.5,0.5,0.0,1.0,0.3076923076923077,shrinkage_min_variance,0.5,0.3276667687100786,8.758583630891465,0.14911548147319736,0.4240399322642266,2.8108149565718015,0.12960261583357055,0.3670921797890567,0.6616767069599425,0.0
20,10,signal_shrinkage_min_variance_blend_0.50,regime_dd_vol_target_30pct_max_1p25,0.3,1.25,2023,25,1.2706986616933,2.1247786076156703,10.965826036294407,-0.18585518260570577,6.837036470428183,0.036268759884976964,0.06177551873293561,0.057163221451042814,0.6035424290650371,15.209269212438935,0.08354764742109083,0.0006035424290650372,0.0,0.5,0.5,0.5,0.0,1.0,0.6,shrinkage_min_variance,0.5,0.4301496380966665,9.147888431508166,0.1486719674844036,0.40407627472768487,2.0674241153417126,0.4079166787925576,0.14423952224032185,0.5716983862635515,0.0
20,10,signal_shrinkage_min_variance_blend_0.50,regime_dd_vol_target_30pct_max_1p25,0.3,1.25,2024,26,0.5317269139135665,1.5204914849000066,3.3718495801579844,-0.12334180308269893,4.311003249701573,0.018883529591234457,-0.017673314871082705,-0.00026514577724847207,0.6902704482796784,17.394815296647895,0.03056812647019219,0.0006902704482796783,0.0,0.5197070075756627,0.5,0.5822092211640664,0.0,1.0,0.6153846153846154,shrinkage_min_variance,0.5,0.3129678465318094,9.130571556352695,0.13908534491776856,0.40051374349215235,2.352569757996595,0.1614390746581472,0.17978276378678362,0.45963460250375915,0.0
20,10,signal_shrinkage_min_variance_blend_0.50,regime_dd_vol_target_30pct_max_1p25,0.3,1.25,2025,25,1.152676397351959,2.8878748155877365,5.0584516917408555,-0.09811497763843946,11.74822055812571,0.032369872802354545,0.09019189801549282,0.10917532406885332,0.8568524873641776,21.592682681577276,0.053382732213048,0.0008568524873641778,0.0,0.5757307898660529,0.5,0.65,0.0,1.0,0.8,shrinkage_min_variance,0.5,0.2824640424911632,9.145636345443995,0.1450534517160276,0.4018687189357389,2.463243739569165,0.24697874976324294,0.2325496518666765,0.5267552048282639,0.0
20,10,signal_shrinkage_min_variance_blend_0.50,regime_dd_vol_target_30pct_max_1p25,0.3,1.25,2026,11,0.6987993485701076,1.3643292230445367,2.4949508803855456,-0.18271902322704403,3.824447702425541,0.024848974384973112,0.027895204049558718,0.04338840353177768,0.9079844819520513,22.88120894519169,0.030540315865475932,0.0009079844819520513,0.0,0.5612248720351432,0.5,0.65,0.0,1.0,0.5454545454545454,shrinkage_min_variance,0.5,0.4589758424318975,8.867210172056007,0.14604646650702233,0.4149965887913991,2.3875023245320928,0.19495836210425807,0.2792894529494215,0.46029230137052274,0.0
20,10,signal_shrinkage_min_variance_blend_0.50,vol_target_35pct_max_1p25,0.35,1.25,2021,26,0.0025001415441319175,0.20677351480854836,0.2923339771645419,-0.3014269381897151,0.0082943533817749,0.003379103090995937,-0.04151941140090673,-0.054243463635006,0.8135471394694295,20.50138791462962,0.00012194986771348476,0.0008135471394694297,0.0,0.7503846648335419,0.544279765113029,1.0,0.0,0.7692307692307693,0.5,shrinkage_min_variance,0.5,0.4118196567483082,9.170339917177566,0.1385334094755485,0.39902108151425314,2.938854263118193,-0.09455771878213748,0.17380466868719038,0.42190778815752894,0.0
20,10,signal_shrinkage_min_variance_blend_0.50,vol_target_35pct_max_1p25,0.35,1.25,2022,26,-0.21772771895954357,-0.42927868989534584,-1.0784590142150663,-0.29870349680024955,-0.7289091734508335,-0.006777172397224274,-0.08470086902554524,-0.08391591623005151,0.7497491066823477,18.893677488395163,-0.011523840136113038,0.0007497491066823477,0.0,0.598787619953936,0.516180800614896,0.7222544698747481,0.0,1.0,0.3076923076923077,shrinkage_min_variance,0.5,0.39784118902265436,8.758583630891465,0.14911548147319736,0.4240399322642266,2.8108149565718015,0.12960261583357055,0.3670921797890567,0.6616767069599425,0.0
20,10,signal_shrinkage_min_variance_blend_0.50,vol_target_35pct_max_1p25,0.35,1.25,2023,25,1.3194369376861128,2.111960260691326,11.280416714623563,-0.18585518260570566,7.099274387657601,0.0373386000630533,0.06177551873293561,0.057163221451042814,0.6069127341789399,15.294200901309285,0.08627040707783303,0.0006069127341789399,0.0,0.5024954280248654,0.5,0.5313865798316275,0.0,1.0,0.6,shrinkage_min_variance,0.5,0.4455257701112897,9.147888431508166,0.1486719674844036,0.40407627472768487,2.0674241153417126,0.4079166787925576,0.14423952224032185,0.5716983862635515,0.0
20,10,signal_shrinkage_min_variance_blend_0.50,vol_target_35pct_max_1p25,0.35,1.25,2024,26,0.6228479661812205,1.5368459641745946,3.352812953593857,-0.13326836101802686,4.673637174069917,0.021749216857676786,-0.017673314871082705,-0.00026514577724847207,0.7738959370453623,19.50217761354313,0.03193735481870952,0.0007738959370453623,0.0,0.5850608353866655,0.5,0.6792440913580774,0.0,1.0,0.6153846153846154,shrinkage_min_variance,0.5,0.35662667410381405,9.130571556352695,0.13908534491776856,0.40051374349215235,2.352569757996595,0.1614390746581472,0.17978276378678362,0.45963460250375915,0.0
20,10,signal_shrinkage_min_variance_blend_0.50,vol_target_35pct_max_1p25,0.35,1.25,2025,25,1.4632287946511857,2.8755488270291214,5.158363601821871,-0.11446747391151257,12.782922035846738,0.03851077015434959,0.09019189801549282,0.10917532406885332,1.0041928970616238,25.30566100595292,0.05782219220857241,0.0010041928970616237,0.0,0.6749583055058662,0.5771666289535237,0.8085993083828878,0.0,1.0,0.8,shrinkage_min_variance,0.5,0.3374908465359825,9.145636345443995,0.1450534517160276,0.4018687189357389,2.463243739569165,0.24697874976324294,0.2325496518666765,0.5267552048282639,0.0
20,10,signal_shrinkage_min_variance_blend_0.50,vol_target_35pct_max_1p25,0.35,1.25,2026,11,0.7743972088900808,1.3109955390056651,2.3433321125519875,-0.21437927808972512,3.6122764093177366,0.027900184510351853,0.027895204049558718,0.04338840353177768,1.0413878435372226,26.24297365713801,0.029508744664667495,0.0010413878435372229,0.0,0.6417429478804645,0.5359486914377435,0.7757847175412056,0.0,1.0,0.5454545454545454,shrinkage_min_variance,0.5,0.5362982777150613,8.867210172056007,0.14604646650702233,0.4149965887913991,2.3875023245320928,0.19495836210425807,0.2792894529494215,0.46029230137052274,0.0
20,10,signal_shrinkage_min_variance_blend_0.50,regime_dd_vol_target_35pct_max_1p25,0.35,1.25,2021,26,-0.0832064008668143,-0.07499401217262741,-0.09517848095177267,-0.28896902754071085,-0.28794228078679446,-0.0010384275993311027,-0.04151941140090673,-0.054243463635006,0.6766755718318136,17.052224410161703,-0.0048795042139622696,0.0006766755718318134,0.0,0.6358334862512272,0.5,1.0,0.0,0.9615384615384616,0.5,shrinkage_min_variance,0.5,0.3489395319043241,9.170339917177566,0.1385334094755485,0.39902108151425314,2.938854263118193,-0.09455771878213748,0.17380466868719038,0.42190778815752894,0.0
20,10,signal_shrinkage_min_variance_blend_0.50,regime_dd_vol_target_35pct_max_1p25,0.35,1.25,2022,26,-0.18629452469303198,-0.4737252757593138,-1.2198684945443674,-0.27507911358794757,-0.6772398029902419,-0.006159683744616876,-0.08470086902554524,-0.08391591623005151,0.6231044630276773,15.702232468297467,-0.011864206256604427,0.0006231044630276774,0.0,0.5,0.5,0.5,0.0,1.0,0.3076923076923077,shrinkage_min_variance,0.5,0.3276667687100786,8.758583630891465,0.14911548147319736,0.4240399322642266,2.8108149565718015,0.12960261583357055,0.3670921797890567,0.6616767069599425,0.0
20,10,signal_shrinkage_min_variance_blend_0.50,regime_dd_vol_target_35pct_max_1p25,0.35,1.25,2023,25,1.2706986616933,2.1247786076156703,10.965826036294407,-0.18585518260570577,6.837036470428183,0.036268759884976964,0.06177551873293561,0.057163221451042814,0.6035424290650371,15.209269212438935,0.08354764742109083,0.0006035424290650372,0.0,0.5,0.5,0.5,0.0,1.0,0.6,shrinkage_min_variance,0.5,0.4301496380966665,9.147888431508166,0.1486719674844036,0.40407627472768487,2.0674241153417126,0.4079166787925576,0.14423952224032185,0.5716983862635515,0.0
20,10,signal_shrinkage_min_variance_blend_0.50,regime_dd_vol_target_35pct_max_1p25,0.35,1.25,2024,26,0.610764808725804,1.5292829083131911,3.296258114981306,-0.13274423308976302,4.6010647280835055,0.021399849542136522,-0.017673314871082705,-0.00026514577724847207,0.7713349884851382,19.43764170982548,0.03142175464717359,0.0007713349884851382,0.0,0.5828444786987321,0.5,0.65,0.0,1.0,0.6153846153846154,shrinkage_min_variance,0.5,0.35263338492199947,9.130571556352695,0.13908534491776856,0.40051374349215235,2.352569757996595,0.1614390746581472,0.17978276378678362,0.45963460250375915,0.0
20,10,signal_shrinkage_min_variance_blend_0.50,regime_dd_vol_target_35pct_max_1p25,0.35,1.25,2025,25,1.2781436247731697,2.8883950238978895,4.638286603268741,-0.11446747391151257,11.165998349550547,0.03494238482751741,0.09019189801549282,0.10917532406885332,0.9425540158988567,23.752361200651187,0.05381122381795577,0.0009425540158988564,0.0,0.6328564391377376,0.5771666289535237,0.6744853231042911,0.0,1.0,0.8,shrinkage_min_variance,0.5,0.30485722706485585,9.145636345443995,0.1450534517160276,0.4018687189357389,2.463243739569165,0.24697874976324294,0.2325496518666765,0.5267552048282639,0.0
20,10,signal_shrinkage_min_variance_blend_0.50,regime_dd_vol_target_35pct_max_1p25,0.35,1.25,2026,11,0.7868637997979062,1.4015635181080364,2.7369025908344806,-0.18923138970237763,4.158209697849191,0.027391004330558712,0.027895204049558718,0.04338840353177768,0.986555221987019,24.861191594072878,0.03165028501632646,0.0009865552219870193,0.0,0.609892758452225,0.5359486914377435,0.65,0.0,1.0,0.5454545454545454,shrinkage_min_variance,0.5,0.49248806794132965,8.867210172056007,0.14604646650702233,0.4149965887913991,2.3875023245320928,0.19495836210425807,0.2792894529494215,0.46029230137052274,0.0
20,10,signal_shrinkage_min_variance_blend_0.75,static_1x,,1.0,2021,26,-0.03759258004499266,0.19809591762043469,0.27767374695995833,-0.39169547420651574,-0.09597399643472143,0.004244976759069008,-0.04151941140090673,-0.054243463635006,1.0090859378699355,25.428965634322374,-0.0014783369715303178,0.0010090859378699356,0.0,1.0,1.0,1.0,0.0,0.0,0.5,shrinkage_min_variance,0.75,0.5400081718670618,9.766216017175244,0.1211864310790065,0.35208602364395536,2.9453168072817735,0.1755081193264681,0.17380466868719038,0.44376310407453556,0.0
20,10,signal_shrinkage_min_variance_blend_0.75,static_1x,,1.0,2022,26,-0.442042157048794,-0.5277753097051183,-1.4185313206717078,-0.513804384756325,-0.8603316167853168,-0.014381195444475258,-0.08470086902554524,-0.08391591623005151,1.1973259288064222,30.172613405921837,-0.01465044313867875,0.0011973259288064224,0.0,1.0,1.0,1.0,0.0,0.0,0.3076923076923077,shrinkage_min_variance,0.75,0.6866674483186077,9.44157794889043,0.13443645563219403,0.3842487145044079,2.8266245703015613,0.44236279672445256,0.3670921797890567,0.686135222321695,0.0
20,10,signal_shrinkage_min_variance_blend_0.75,static_1x,,1.0,2023,25,3.6227382319645454,2.0662769064783935,8.99856952448049,-0.3810310201900433,9.507725198220516,0.07629447430964645,0.06177551873293561,0.057163221451042814,1.1877384299620424,29.931008435043466,0.12103629050209395,0.0011877384299620426,0.0,1.0,1.0,1.0,0.0,0.0,0.56,shrinkage_min_variance,0.75,0.9304758459890354,9.089128543660111,0.15757763312434933,0.41636346424012577,2.146825629635656,0.9052130814950189,0.14423952224032185,0.622433679097339,0.0
20,10,signal_shrinkage_min_variance_blend_0.75,static_1x,,1.0,2024,26,1.2487775940412558,1.5735295398343523,3.46647813722735,-0.24308799775376932,5.137142127873289,0.040203094961152194,-0.017673314871082705,-0.00026514577724847207,1.3096777593925713,33.00387953669279,0.03783729705633241,0.0013096777593925714,0.0,1.0,1.0,1.0,0.0,0.0,0.6153846153846154,shrinkage_min_variance,0.75,0.6438506347505162,9.556534744599206,0.1344262846068607,0.3724965352048999,2.3788572535977575,0.6085897302345736,0.17978276378678362,0.489277284067747,0.0
20,10,signal_shrinkage_min_variance_blend_0.75,static_1x,,1.0,2025,25,2.5621187187207304,2.856320962707899,4.843598894556383,-0.18495839999463237,13.852405291109163,0.05623803185342748,0.09019189801549282,0.10917532406885332,1.451888166361926,36.587581792320535,0.07002700351348447,0.0014518881663619257,0.0,1.0,1.0,1.0,0.0,0.0,0.8,shrinkage_min_variance,0.75,0.4961621684710166,9.54889002697139,0.13865276507182014,0.37319457135229683,2.4859373933293707,0.6529468930265171,0.2325496518666765,0.550746499713748,0.0
20,10,signal_shrinkage_min_variance_blend_0.75,static_1x,,1.0,2026,11,1.6855301283539394,1.601600398524255,3.3257447278261068,-0.28991907400601524,5.813795225901446,0.050295554346632715,0.027895204049558718,0.04338840353177768,1.5903762951901066,40.077482638790684,0.04205678643903966,0.0015903762951901066,0.0,1.0,1.0,1.0,0.0,0.0,0.45454545454545453,shrinkage_min_variance,0.75,0.7913634204280887,9.49200549363461,0.13561029759524793,0.374485214323885,2.4052637830121366,0.6070131846402294,0.2792894529494215,0.4865674404761488,0.0
20,10,signal_shrinkage_min_variance_blend_0.75,legacy_risk_scaled,,1.0,2021,26,-0.19844127111202547,-0.47795476215889915,-0.49448724034025904,-0.3635800919112345,-0.5457979562876437,-0.006375455153442572,-0.04151941140090673,-0.054243463635006,0.5532276445579993,13.941336642861582,-0.014234020467014104,0.0005532276445579993,0.0,0.5346153846153846,0.45,1.0,0.0,0.8461538461538461,0.5,shrinkage_min_variance,0.75,0.33614367422777114,9.766216017175244,0.1211864310790065,0.35208602364395536,2.9453168072817735,0.1755081193264681,0.17380466868719038,0.44376310407453556,0.0
20,10,signal_shrinkage_min_variance_blend_0.75,legacy_risk_scaled,,1.0,2022,26,-0.18823380119055844,-0.527775309705118,-1.418531320671707,-0.26775134060633776,-0.7030172127776935,-0.006471537950013864,-0.08470086902554524,-0.08391591623005151,0.53879666796289,13.57767603266483,-0.013863477132442277,0.00053879666796289,0.0,0.44999999999999996,0.45,0.45,0.0,1.0,0.3076923076923077,shrinkage_min_variance,0.75,0.30900035174337354,9.44157794889043,0.13443645563219403,0.3842487145044079,2.8266245703015613,0.44236279672445256,0.3670921797890567,0.686135222321695,0.0
20,10,signal_shrinkage_min_variance_blend_0.75,legacy_risk_scaled,,1.0,2023,25,1.499855747962684,2.27829764826784,10.615275657292159,-0.18972444522211018,7.905442792080929,0.04050078106023544,0.06177551873293561,0.057163221451042814,0.5641143787996601,14.215682345751434,0.10550712315339109,0.00056411437879966,0.0,0.486,0.45,0.75,0.0,1.0,0.56,shrinkage_min_variance,0.75,0.4479746900032561,9.089128543660111,0.15757763312434933,0.41636346424012577,2.146825629635656,0.9052130814950189,0.14423952224032185,0.622433679097339,0.0
20,10,signal_shrinkage_min_variance_blend_0.75,legacy_risk_scaled,,1.0,2024,26,0.9660152988626283,1.7417498145194021,4.395865549600638,-0.1141992873365244,8.459030887083891,0.030720650587199805,-0.017673314871082705,-0.00026514577724847207,0.8498866407164875,21.417143346055482,0.045104768794506145,0.0008498866407164874,0.0,0.6423076923076922,0.45,1.0,0.0,0.6923076923076923,0.6153846153846154,shrinkage_min_variance,0.75,0.4444727872763103,9.556534744599206,0.1344262846068607,0.3724965352048999,2.3788572535977575,0.6085897302345736,0.17978276378678362,0.489277284067747,0.0
20,10,signal_shrinkage_min_variance_blend_0.75,legacy_risk_scaled,,1.0,2025,25,1.462860916309518,3.0483852905760855,7.244280126176719,-0.08376290169548595,17.46430563768725,0.03817699311359028,0.09019189801549282,0.10917532406885332,0.8853638148990493,22.31116813545604,0.06556630775350558,0.0008853638148990493,0.0,0.594,0.45,1.0,0.0,0.76,0.8,shrinkage_min_variance,0.75,0.31559666339967957,9.54889002697139,0.13865276507182014,0.37319457135229683,2.4859373933293707,0.6529468930265171,0.2325496518666765,0.550746499713748,0.0
20,10,signal_shrinkage_min_variance_blend_0.75,legacy_risk_scaled,,1.0,2026,11,0.6655584116143134,1.601600398524255,3.3257447278261068,-0.13689862650285356,4.861688014090048,0.022632999455984723,0.027895204049558718,0.04338840353177768,0.715669332835548,18.03486718745581,0.03690398186448769,0.000715669332835548,0.0,0.45,0.45,0.45,0.0,1.0,0.45454545454545453,shrinkage_min_variance,0.75,0.3561135391926399,9.49200549363461,0.13561029759524793,0.374485214323885,2.4052637830121366,0.6070131846402294,0.2792894529494215,0.4865674404761488,0.0
20,10,signal_shrinkage_min_variance_blend_0.75,vol_target_25pct_max_1p25,0.25,1.25,2021,26,0.08493983257928939,0.3996470816652044,0.6419235691209426,-0.2677488997189357,0.31723690617759165,0.005533009540322805,-0.04151941140090673,-0.054243463635006,0.6576286436717352,16.572241820527726,0.005125428019887811,0.000657628643671735,0.0,0.6186603251260212,0.5,1.0,0.0,0.7692307692307693,0.5,shrinkage_min_variance,0.75,0.3488874229611932,9.766216017175244,0.1211864310790065,0.35208602364395536,2.9453168072817735,0.1755081193264681,0.17380466868719038,0.44376310407453556,0.0
20,10,signal_shrinkage_min_variance_blend_0.75,vol_target_25pct_max_1p25,0.25,1.25,2022,26,-0.21031925387583805,-0.5235019175338417,-1.4096550505460246,-0.29355104178653524,-0.7164657042122788,-0.007141928872405897,-0.08470086902554524,-0.08391591623005151,0.5994415024164701,15.105925860895047,-0.013922963465635357,0.0005994415024164701,0.0,0.5005192145206317,0.5,0.5074140762675006,0.0,1.0,0.3076923076923077,shrinkage_min_variance,0.75,0.3437935976098771,9.44157794889043,0.13443645563219403,0.3842487145044079,2.8266245703015613,0.44236279672445256,0.3670921797890567,0.686135222321695,0.0
20,10,signal_shrinkage_min_variance_blend_0.75,vol_target_25pct_max_1p25,0.25,1.25,2023,25,1.347542121865239,2.0662769064783935,8.99856952448049,-0.20886923380429978,6.451606573746615,0.038147237154823224,0.06177551873293561,0.057163221451042814,0.5938692149810212,14.965504217521733,0.09004321553613448,0.0005938692149810213,0.0,0.5,0.5,0.5,0.0,1.0,0.56,shrinkage_min_variance,0.75,0.4652379229945177,9.089128543660111,0.15757763312434933,0.41636346424012577,2.146825629635656,0.9052130814950189,0.14423952224032185,0.622433679097339,0.0
20,10,signal_shrinkage_min_variance_blend_0.75,vol_target_25pct_max_1p25,0.25,1.25,2024,26,0.5746632314194513,1.5735295398343523,3.46647813722735,-0.12640226736596416,4.546304772806541,0.020101547480576097,-0.017673314871082705,-0.00026514577724847207,0.6548388796962856,16.501939768346396,0.034823980664488656,0.0006548388796962857,0.0,0.5,0.5,0.5,0.0,1.0,0.6153846153846154,shrinkage_min_variance,0.75,0.3219253173752581,9.556534744599206,0.1344262846068607,0.3724965352048999,2.3788572535977575,0.6085897302345736,0.17978276378678362,0.489277284067747,0.0
20,10,signal_shrinkage_min_variance_blend_0.75,vol_target_25pct_max_1p25,0.25,1.25,2025,25,0.9889753230672078,2.8483431678366222,4.983213774878666,-0.09247919999731624,10.694029826122069,0.028875216628428915,0.09019189801549282,0.10917532406885332,0.7313997409385276,18.431273471650893,0.05365746021772987,0.0007313997409385277,0.0,0.5044710530132154,0.5,0.5483430007508124,0.0,1.0,0.8,shrinkage_min_variance,0.75,0.25546621883664344,9.54889002697139,0.13865276507182014,0.37319457135229683,2.4859373933293707,0.6529468930265171,0.2325496518666765,0.550746499713748,0.0
20,10,signal_shrinkage_min_variance_blend_0.75,vol_target_25pct_max_1p25,0.25,1.25,2026,11,0.7463636528961526,1.575199045602385,3.1670056173231753,-0.15649090371662866,4.7693740349768605,0.025152093939752766,0.027895204049558718,0.04338840353177768,0.8034571458484264,20.247120075380344,0.03686270689942219,0.0008034571458484265,0.0,0.5051160614615412,0.5,0.5283673558364439,0.0,1.0,0.45454545454545453,shrinkage_min_variance,0.75,0.40238265065693996,9.49200549363461,0.13561029759524793,0.374485214323885,2.4052637830121366,0.6070131846402294,0.2792894529494215,0.4865674404761488,0.0
20,10,signal_shrinkage_min_variance_blend_0.75,regime_dd_vol_target_25pct_max_1p25,0.25,1.25,2021,26,-0.004052554969332767,0.13355319744614833,0.1889706179334836,-0.25465833591937026,-0.015913694537829242,0.001600607797142332,-0.04151941140090673,-0.054243463635006,0.5756746759332617,14.507001833518196,-0.00027935165486568035,0.0005756746759332617,0.0,0.5513526328183288,0.5,1.0,0.0,0.9615384615384616,0.5,shrinkage_min_variance,0.75,0.3020168536530238,9.766216017175244,0.1211864310790065,0.35208602364395536,2.9453168072817735,0.1755081193264681,0.17380466868719038,0.44376310407453556,0.0
20,10,signal_shrinkage_min_variance_blend_0.75,regime_dd_vol_target_25pct_max_1p25,0.25,1.25,2022,26,-0.2111841711272655,-0.5277753097051183,-1.4185313206717078,-0.29355104178653546,-0.7194120989726702,-0.007190597722237629,-0.08470086902554524,-0.08391591623005151,0.5986629644032111,15.086306702960918,-0.013998401019238021,0.0005986629644032112,0.0,0.5,0.5,0.5,0.0,1.0,0.3076923076923077,shrinkage_min_variance,0.75,0.34333372415930385,9.44157794889043,0.13443645563219403,0.3842487145044079,2.8266245703015613,0.44236279672445256,0.3670921797890567,0.686135222321695,0.0
20,10,signal_shrinkage_min_variance_blend_0.75,regime_dd_vol_target_25pct_max_1p25,0.25,1.25,2023,25,1.347542121865239,2.0662769064783935,8.99856952448049,-0.20886923380429978,6.451606573746615,0.038147237154823224,0.06177551873293561,0.057163221451042814,0.5938692149810212,14.965504217521733,0.09004321553613448,0.0005938692149810213,0.0,0.5,0.5,0.5,0.0,1.0,0.56,shrinkage_min_variance,0.75,0.4652379229945177,9.089128543660111,0.15757763312434933,0.41636346424012577,2.146825629635656,0.9052130814950189,0.14423952224032185,0.622433679097339,0.0
20,10,signal_shrinkage_min_variance_blend_0.75,regime_dd_vol_target_25pct_max_1p25,0.25,1.25,2024,26,0.5746632314194513,1.5735295398343523,3.46647813722735,-0.12640226736596416,4.546304772806541,0.020101547480576097,-0.017673314871082705,-0.00026514577724847207,0.6548388796962856,16.501939768346396,0.034823980664488656,0.0006548388796962857,0.0,0.5,0.5,0.5,0.0,1.0,0.6153846153846154,shrinkage_min_variance,0.75,0.3219253173752581,9.556534744599206,0.1344262846068607,0.3724965352048999,2.3788572535977575,0.6085897302345736,0.17978276378678362,0.489277284067747,0.0
20,10,signal_shrinkage_min_variance_blend_0.75,regime_dd_vol_target_25pct_max_1p25,0.25,1.25,2025,25,0.9889753230672078,2.8483431678366222,4.983213774878666,-0.09247919999731624,10.694029826122069,0.028875216628428915,0.09019189801549282,0.10917532406885332,0.7313997409385276,18.431273471650893,0.05365746021772987,0.0007313997409385277,0.0,0.5044710530132154,0.5,0.5483430007508124,0.0,1.0,0.8,shrinkage_min_variance,0.75,0.25546621883664344,9.54889002697139,0.13865276507182014,0.37319457135229683,2.4859373933293707,0.6529468930265171,0.2325496518666765,0.550746499713748,0.0
20,10,signal_shrinkage_min_variance_blend_0.75,regime_dd_vol_target_25pct_max_1p25,0.25,1.25,2026,11,0.7463636528961526,1.575199045602385,3.1670056173231753,-0.15649090371662866,4.7693740349768605,0.025152093939752766,0.027895204049558718,0.04338840353177768,0.8034571458484264,20.247120075380344,0.03686270689942219,0.0008034571458484265,0.0,0.5051160614615412,0.5,0.5283673558364439,0.0,1.0,0.45454545454545453,shrinkage_min_variance,0.75,0.40238265065693996,9.49200549363461,0.13561029759524793,0.374485214323885,2.4052637830121366,0.6070131846402294,0.2792894529494215,0.4865674404761488,0.0
20,10,signal_shrinkage_min_variance_blend_0.75,vol_target_30pct_max_1p25,0.3,1.25,2021,26,0.029466706804805343,0.2583241499150458,0.38601495476303593,-0.29297162604977334,0.10057870518764574,0.0038566710829445235,-0.04151941140090673,-0.054243463635006,0.7008465594779335,17.661333298843925,0.0016684304806553973,0.0007008465594779337,0.0,0.6654502331732363,0.5,1.0,0.0,0.7692307692307693,0.5,shrinkage_min_variance,0.75,0.37622541803452725,9.766216017175244,0.1211864310790065,0.35208602364395536,2.9453168072817735,0.1755081193264681,0.17380466868719038,0.44376310407453556,0.0
20,10,signal_shrinkage_min_variance_blend_0.75,vol_target_30pct_max_1p25,0.3,1.25,2022,26,-0.21620308876482863,-0.5082477761605455,-1.3539985483495782,-0.29355104178653546,-0.7365093560868616,-0.007238972244853057,-0.08470086902554524,-0.08391591623005151,0.6277424400981053,15.819109490472254,-0.013667209832199868,0.0006277424400981053,0.0,0.521348987916123,0.5,0.6088968915210007,0.0,1.0,0.3076923076923077,shrinkage_min_variance,0.75,0.35892355879718296,9.44157794889043,0.13443645563219403,0.3842487145044079,2.8266245703015613,0.44236279672445256,0.3670921797890567,0.686135222321695,0.0
20,10,signal_shrinkage_min_variance_blend_0.75,vol_target_30pct_max_1p25,0.3,1.25,2023,25,1.347542121865239,2.0662769064783935,8.99856952448049,-0.20886923380429978,6.451606573746615,0.038147237154823224,0.06177551873293561,0.057163221451042814,0.5938692149810212,14.965504217521733,0.09004321553613448,0.0005938692149810213,0.0,0.5,0.5,0.5,0.0,1.0,0.56,shrinkage_min_variance,0.75,0.4652379229945177,9.089128543660111,0.15757763312434933,0.41636346424012577,2.146825629635656,0.9052130814950189,0.14423952224032185,0.622433679097339,0.0
20,10,signal_shrinkage_min_variance_blend_0.75,vol_target_30pct_max_1p25,0.3,1.25,2024,26,0.5933726622664197,1.585054017861141,3.566819243773138,-0.12764333733491284,4.648677123738296,0.02064820856575201,-0.017673314871082705,-0.00026514577724847207,0.6592324097716525,16.612656726245643,0.03571810770814129,0.0006592324097716525,0.0,0.5042155178298262,0.5,0.5373250525005581,0.0,1.0,0.6153846153846154,shrinkage_min_variance,0.75,0.3282757874454565,9.556534744599206,0.1344262846068607,0.3724965352048999,2.3788572535977575,0.6085897302345736,0.17978276378678362,0.489277284067747,0.0
20,10,signal_shrinkage_min_variance_blend_0.75,vol_target_30pct_max_1p25,0.3,1.25,2025,25,1.137879064662131,2.85306867465227,5.674972446426691,-0.09247919999731624,12.304162067742286,0.032088418822656936,0.09019189801549282,0.10917532406885332,0.8004721916937142,20.171899230681596,0.05640911902491607,0.0008004721916937143,0.0,0.5531443212496434,0.5,0.6580116009009749,0.0,1.0,0.8,shrinkage_min_variance,0.75,0.28342400640934795,9.54889002697139,0.13865276507182014,0.37319457135229683,2.4859373933293707,0.6529468930265171,0.2325496518666765,0.550746499713748,0.0
20,10,signal_shrinkage_min_variance_blend_0.75,vol_target_30pct_max_1p25,0.3,1.25,2026,11,0.7787426291956137,1.4662543525430807,2.81155998623723,-0.1828751966339045,4.25832832188046,0.02673255041414576,0.027895204049558718,0.04338840353177768,0.8787476693599533,22.14444126787082,0.035166506112099774,0.0008787476693599534,0.0,0.5502932848863189,0.5,0.6340408270037327,0.0,1.0,0.45454545454545453,shrinkage_min_variance,0.75,0.4594429808634993,9.49200549363461,0.13561029759524793,0.374485214323885,2.4052637830121366,0.6070131846402294,0.2792894529494215,0.4865674404761488,0.0
20,10,signal_shrinkage_min_variance_blend_0.75,regime_dd_vol_target_30pct_max_1p25,0.3,1.25,2021,26,-0.054975487489578145,-0.00573607197854559,-0.007638443930217856,-0.28033197274813126,-0.19610851716501046,-7.573066023594906e-05,-0.04151941140090673,-0.054243463635006,0.6188925917394603,15.5960933118344,-0.003524952460233259,0.0006188925917394604,0.0,0.5981425408655439,0.5,1.0,0.0,0.9615384615384616,0.5,shrinkage_min_variance,0.75,0.3327037465854472,9.766216017175244,0.1211864310790065,0.35208602364395536,2.9453168072817735,0.1755081193264681,0.17380466868719038,0.44376310407453556,0.0
20,10,signal_shrinkage_min_variance_blend_0.75,regime_dd_vol_target_30pct_max_1p25,0.3,1.25,2022,26,-0.2111841711272655,-0.5277753097051183,-1.4185313206717078,-0.29355104178653546,-0.7194120989726702,-0.007190597722237629,-0.08470086902554524,-0.08391591623005151,0.5986629644032111,15.086306702960918,-0.013998401019238021,0.0005986629644032112,0.0,0.5,0.5,0.5,0.0,1.0,0.3076923076923077,shrinkage_min_variance,0.75,0.34333372415930385,9.44157794889043,0.13443645563219403,0.3842487145044079,2.8266245703015613,0.44236279672445256,0.3670921797890567,0.686135222321695,0.0
20,10,signal_shrinkage_min_variance_blend_0.75,regime_dd_vol_target_30pct_max_1p25,0.3,1.25,2023,25,1.347542121865239,2.0662769064783935,8.99856952448049,-0.20886923380429978,6.451606573746615,0.038147237154823224,0.06177551873293561,0.057163221451042814,0.5938692149810212,14.965504217521733,0.09004321553613448,0.0005938692149810213,0.0,0.5,0.5,0.5,0.0,1.0,0.56,shrinkage_min_variance,0.75,0.4652379229945177,9.089128543660111,0.15757763312434933,0.41636346424012577,2.146825629635656,0.9052130814950189,0.14423952224032185,0.622433679097339,0.0
20,10,signal_shrinkage_min_variance_blend_0.75,regime_dd_vol_target_30pct_max_1p25,0.3,1.25,2024,26,0.5933726622664197,1.585054017861141,3.566819243773138,-0.12764333733491284,4.648677123738296,0.02064820856575201,-0.017673314871082705,-0.00026514577724847207,0.6592324097716525,16.612656726245643,0.03571810770814129,0.0006592324097716525,0.0,0.5042155178298262,0.5,0.5373250525005581,0.0,1.0,0.6153846153846154,shrinkage_min_variance,0.75,0.3282757874454565,9.556534744599206,0.1344262846068607,0.3724965352048999,2.3788572535977575,0.6085897302345736,0.17978276378678362,0.489277284067747,0.0
20,10,signal_shrinkage_min_variance_blend_0.75,regime_dd_vol_target_30pct_max_1p25,0.3,1.25,2025,25,1.1340921489003555,2.8562277970025725,5.660436424811536,-0.09247919999731624,12.263213229929184,0.03200622671441226,0.09019189801549282,0.10917532406885332,0.7999282043294612,20.15819074910242,0.056259619874410256,0.0007999282043294611,0.0,0.5528238572136044,0.5,0.65,0.0,1.0,0.8,shrinkage_min_variance,0.75,0.28238535947644605,9.54889002697139,0.13865276507182014,0.37319457135229683,2.4859373933293707,0.6529468930265171,0.2325496518666765,0.550746499713748,0.0
20,10,signal_shrinkage_min_variance_blend_0.75,regime_dd_vol_target_30pct_max_1p25,0.3,1.25,2026,11,0.7787426291956137,1.4662543525430807,2.81155998623723,-0.1828751966339045,4.25832832188046,0.02673255041414576,0.027895204049558718,0.04338840353177768,0.8787476693599533,22.14444126787082,0.035166506112099774,0.0008787476693599534,0.0,0.5502932848863189,0.5,0.6340408270037327,0.0,1.0,0.45454545454545453,shrinkage_min_variance,0.75,0.4594429808634993,9.49200549363461,0.13561029759524793,0.374485214323885,2.4052637830121366,0.6070131846402294,0.2792894529494215,0.4865674404761488,0.0
20,10,signal_shrinkage_min_variance_blend_0.75,vol_target_35pct_max_1p25,0.35,1.25,2021,26,-0.005910052871722304,0.1864664938459685,0.26676988815587743,-0.3183879107314377,-0.01856242863664341,0.0030472174262771443,-0.04151941140090673,-0.054243463635006,0.7641270018816265,19.256000447416987,-0.0003069200630661121,0.0007641270018816268,0.0,0.7335476607615967,0.5235946831776044,1.0,0.0,0.7692307692307693,0.5,shrinkage_min_variance,0.75,0.41181596520829455,9.766216017175244,0.1211864310790065,0.35208602364395536,2.9453168072817735,0.1755081193264681,0.17380466868719038,0.44376310407453556,0.0
20,10,signal_shrinkage_min_variance_blend_0.75,vol_target_35pct_max_1p25,0.35,1.25,2022,26,-0.2414955905725572,-0.4893931012552426,-1.2848422879126826,-0.3109708203553909,-0.7765860163232216,-0.007876178806072585,-0.08470086902554524,-0.08391591623005151,0.7050094743666152,17.766238754038703,-0.013592949746758261,0.0007050094743666151,0.0,0.5849186682118376,0.506222718578179,0.7103797067745008,0.0,1.0,0.3076923076923077,shrinkage_min_variance,0.75,0.4055629419457472,9.44157794889043,0.13443645563219403,0.3842487145044079,2.8266245703015613,0.44236279672445256,0.3670921797890567,0.686135222321695,0.0
20,10,signal_shrinkage_min_variance_blend_0.75,vol_target_35pct_max_1p25,0.35,1.25,2023,25,1.347542121865239,2.0662769064783935,8.99856952448049,-0.20886923380429978,6.451606573746615,0.038147237154823224,0.06177551873293561,0.057163221451042814,0.5938692149810212,14.965504217521733,0.09004321553613448,0.0005938692149810213,0.0,0.5,0.5,0.5,0.0,1.0,0.56,shrinkage_min_variance,0.75,0.4652379229945177,9.089128543660111,0.15757763312434933,0.41636346424012577,2.146825629635656,0.9052130814950189,0.14423952224032185,0.622433679097339,0.0
20,10,signal_shrinkage_min_variance_blend_0.75,vol_target_35pct_max_1p25,0.35,1.25,2024,26,0.6621586112919216,1.5816175568873432,3.5903262764788697,-0.13681527450658426,4.839800334282522,0.022782852753323243,-0.017673314871082705,-0.00026514577724847207,0.7067244009977163,17.80945490514245,0.03718017282498211,0.0007067244009977161,0.0,0.5436200853867973,0.5,0.6268792279173178,0.0,1.0,0.6153846153846154,shrinkage_min_variance,0.75,0.3630004528488174,9.556534744599206,0.1344262846068607,0.3724965352048999,2.3788572535977575,0.6085897302345736,0.17978276378678362,0.489277284067747,0.0
20,10,signal_shrinkage_min_variance_blend_0.75,vol_target_35pct_max_1p25,0.35,1.25,2025,25,1.3649700197781076,2.8137540714786593,5.51179801166654,-0.10769258933455028,12.67468846475394,0.03672663642725351,0.09019189801549282,0.10917532406885332,0.9178163847593551,23.12897289593575,0.05901559165292471,0.0009178163847593552,0.0,0.6344397033240107,0.5310147246727167,0.7676802010511373,0.0,1.0,0.8,shrinkage_min_variance,0.75,0.3289239977822304,9.54889002697139,0.13865276507182014,0.37319457135229683,2.4859373933293707,0.6529468930265171,0.2325496518666765,0.550746499713748,0.0
20,10,signal_shrinkage_min_variance_blend_0.75,vol_target_35pct_max_1p25,0.35,1.25,2026,11,0.8610920970232858,1.4101145892113474,2.6799339561091777,-0.21153846191208114,4.070617178738729,0.029766323613015965,0.027895204049558718,0.04338840353177768,0.9969603976632366,25.123402021113563,0.03427450216732706,0.0009969603976632364,0.0,0.6216569084237866,0.5204604472426764,0.7397142981710214,0.0,1.0,0.45454545454545453,shrinkage_min_variance,0.75,0.5319506377616635,9.49200549363461,0.13561029759524793,0.374485214323885,2.4052637830121366,0.6070131846402294,0.2792894529494215,0.4865674404761488,0.0
20,10,signal_shrinkage_min_variance_blend_0.75,regime_dd_vol_target_35pct_max_1p25,0.35,1.25,2021,26,-0.10917986475555586,-0.151427165758512,-0.19182666472391663,-0.30620262819966626,-0.35656083488729134,-0.0021171945485184526,-0.04151941140090673,-0.054243463635006,0.6514031892188784,16.415360368315735,-0.00665107937357808,0.0006514031892188786,0.0,0.6287706570225249,0.5,1.0,0.0,0.9615384615384616,0.5,shrinkage_min_variance,0.75,0.3523364011695895,9.766216017175244,0.1211864310790065,0.35208602364395536,2.9453168072817735,0.1755081193264681,0.17380466868719038,0.44376310407453556,0.0
20,10,signal_shrinkage_min_variance_blend_0.75,regime_dd_vol_target_35pct_max_1p25,0.35,1.25,2022,26,-0.2111841711272655,-0.5277753097051183,-1.4185313206717078,-0.29355104178653546,-0.7194120989726702,-0.007190597722237629,-0.08470086902554524,-0.08391591623005151,0.5986629644032111,15.086306702960918,-0.013998401019238021,0.0005986629644032112,0.0,0.5,0.5,0.5,0.0,1.0,0.3076923076923077,shrinkage_min_variance,0.75,0.34333372415930385,9.44157794889043,0.13443645563219403,0.3842487145044079,2.8266245703015613,0.44236279672445256,0.3670921797890567,0.686135222321695,0.0
20,10,signal_shrinkage_min_variance_blend_0.75,regime_dd_vol_target_35pct_max_1p25,0.35,1.25,2023,25,1.347542121865239,2.0662769064783935,8.99856952448049,-0.20886923380429978,6.451606573746615,0.038147237154823224,0.06177551873293561,0.057163221451042814,0.5938692149810212,14.965504217521733,0.09004321553613448,0.0005938692149810213,0.0,0.5,0.5,0.5,0.0,1.0,0.56,shrinkage_min_variance,0.75,0.4652379229945177,9.089128543660111,0.15757763312434933,0.41636346424012577,2.146825629635656,0.9052130814950189,0.14423952224032185,0.622433679097339,0.0
20,10,signal_shrinkage_min_variance_blend_0.75,regime_dd_vol_target_35pct_max_1p25,0.35,1.25,2024,26,0.6621586112919216,1.5816175568873432,3.5903262764788697,-0.13681527450658426,4.839800334282522,0.022782852753323243,-0.017673314871082705,-0.00026514577724847207,0.7067244009977163,17.80945490514245,0.03718017282498211,0.0007067244009977161,0.0,0.5436200853867973,0.5,0.6268792279173178,0.0,1.0,0.6153846153846154,shrinkage_min_variance,0.75,0.3630004528488174,9.556534744599206,0.1344262846068607,0.3724965352048999,2.3788572535977575,0.6085897302345736,0.17978276378678362,0.489277284067747,0.0
20,10,signal_shrinkage_min_variance_blend_0.75,regime_dd_vol_target_35pct_max_1p25,0.35,1.25,2025,25,1.2608456678848832,2.8465783154470405,5.175222950699086,-0.10769258933455028,11.707822011485192,0.034639820058574945,0.09019189801549282,0.10917532406885332,0.8890898851671717,22.405065106212724,0.05627502807547129,0.0008890898851671718,0.0,0.6134089355101134,0.5310147246727167,0.65,0.0,1.0,0.8,shrinkage_min_variance,0.75,0.30665710503699967,9.54889002697139,0.13865276507182014,0.37319457135229683,2.4859373933293707,0.6529468930265171,0.2325496518666765,0.550746499713748,0.0
20,10,signal_shrinkage_min_variance_blend_0.75,regime_dd_vol_target_35pct_max_1p25,0.35,1.25,2026,11,0.873669800497838,1.4757927788474776,2.992471428778529,-0.1941818845550497,4.499234326105,0.029520007535388682,0.027895204049558718,0.04338840353177768,0.9627824311427385,24.26211726479701,0.0360096273116891,0.0009627824311427384,0.0,0.6008222933674908,0.5204604472426764,0.65,0.0,1.0,0.45454545454545453,shrinkage_min_variance,0.75,0.5040708970488037,9.49200549363461,0.13561029759524793,0.374485214323885,2.4052637830121366,0.6070131846402294,0.2792894529494215,0.4865674404761488,0.0
