model_horizon_days,rebalance_every_days,base_policy,test_year,rebalance_date,holdings,base_unlevered_gross_return,raw_universe_return,realized_return_ic,model_target_ic,risk_state,regime_is_confident,top_n,buffer_rank,covariance_lookback,risk_anchor,signal_blend,base_effective_n,base_max_weight,base_top3_weight_share,weighted_score_z,weight_score_correlation,covariance_observations,avg_pairwise_correlation,max_pairwise_correlation,ex_ante_annualized_volatility,optimizer_fallback,optimizer_reason
20,10,signal_shrinkage_max_diversification_blend_0.00,2021,2021-01-04,"AXTI,CVNA,EQT,NET,PLTR,QXO,SITM,STRL,THC,WDC",0.19722591661093747,0.07030973856078798,0.25833680457444064,0.22737856291916733,risk_off,True,10,15,60,shrinkage_max_diversification,0.0,8.852812836388436,0.1592249221358741,0.4389755269079123,3.0000000000000004,,60,0.0747370259332639,0.2750610385754208,0.28021503090858685,False,ok
20,10,signal_shrinkage_max_diversification_blend_0.00,2021,2021-01-19,"CDE,CVNA,HL,MP,MRNA,NET,PLTR,SNOW,W,WDC",0.0737165234755351,-0.010274998055037218,-0.09944960954464188,0.2417731730130608,risk_off,True,10,15,60,shrinkage_max_diversification,0.0,8.567716908497902,0.18000000000000002,0.46879353612159724,2.855087683196807,-0.3260334962401822,60,0.1489595532220908,0.6808908488875026,0.3757967643705388,False,ok
20,10,signal_shrinkage_max_diversification_blend_0.00,2021,2021-02-02,"CCJ,CDE,CVNA,ENPH,HL,INSM,MP,OXY,PAAS,PLTR",0.07547164755918175,0.058056854757281895,0.32937203498193474,0.17105479895492223,risk_off,True,10,15,60,shrinkage_max_diversification,0.0,8.225427105199776,0.17999999999999997,0.45625837582621,2.8427846494222813,-0.6696266167835145,60,0.1432281114459301,0.7794679591248602,0.3850529911235741,False,ok
20,10,signal_shrinkage_max_diversification_blend_0.00,2021,2021-02-17,"BE,CDE,CELH,CLSK,ENPH,HL,INSM,NTRA,PAAS,RVMD",-0.07326571525356382,-0.017086850018389037,0.045086684235397245,0.01581838817925182,risk_off,True,10,15,60,shrinkage_max_diversification,0.0,7.835330831145753,0.18,0.5020378511464129,2.881036962614154,0.12304301620920209,60,0.17274358280402777,0.802938299091341,0.38042278091178383,False,ok
20,10,signal_shrinkage_max_diversification_blend_0.00,2021,2021-03-03,"AXTI,CDE,CELH,CLSK,HL,MSTR,MXL,ONDS,W,WULF",0.03638304715936983,0.04286819959595054,-0.023320999873354235,-0.3167486979013101,risk_off,True,10,15,60,shrinkage_max_diversification,0.0,9.064616868217826,0.18,0.4109284026140985,2.907106249636877,0.20319825504133474,60,0.13983260347892137,0.6822927219103897,0.4851159466361201,False,ok
20,10,signal_shrinkage_max_diversification_blend_0.00,2021,2021-03-17,"AXTI,BE,CVNA,MSTR,MXL,ONDS,PLTR,RKLB,TWLO,W",-0.09203674854189195,-0.010537424443842812,-0.4245636738510876,-0.25777114827080255,risk_on,True,10,15,60,shrinkage_max_diversification,0.0,7.585571224510777,0.18,0.4836939149735618,2.708843706461603,-0.20791054379167537,60,0.21286320434849734,0.4443655916980294,0.47570307584426774,False,ok
20,10,signal_shrinkage_max_diversification_blend_0.00,2021,2021-03-31,"AXTI,BE,CELH,ENPH,HIMS,HUT,MP,MSTR,ONDS,TSLA",-0.022142395906262772,0.03583900671621776,-0.03899371576334937,-0.13678027560331857,risk_on,True,10,15,60,shrinkage_max_diversification,0.0,7.65938214266418,0.18,0.54,2.957570161687719,-0.48239227474740065,60,0.27818841881106804,0.5347619308669636,0.6272728609805857,False,ok
20,10,signal_shrinkage_max_diversification_blend_0.00,2021,2021-04-15,"AXTI,BE,CELH,CLSK,ENPH,HUT,MARA,MP,MSTR,QXO",-0.015282542392006045,0.008869373278152688,-0.14977533971793963,-0.3550078438848738,risk_on,True,10,15,60,shrinkage_max_diversification,0.0,7.356026536402297,0.18,0.5248817203427016,2.801157497130906,-0.08103853484930305,60,0.3344929676878847,0.7186400923036146,0.6469021361541112,False,ok
20,10,signal_shrinkage_max_diversification_blend_0.00,2021,2021-04-29,"BE,CELH,CLSK,ENPH,HIMS,HUT,MSTR,ONDS,QXO,RIOT",-0.199255268722648,-0.03460121515501072,-0.304001814956624,-0.014429517717168508,risk_on,True,10,15,60,shrinkage_max_diversification,0.0,6.795039109679349,0.18,0.54,2.9611509784747625,-0.3882874426152925,60,0.28437959208487307,0.6777904643034492,0.5781427912840149,False,ok
20,10,signal_shrinkage_max_diversification_blend_0.00,2021,2021-05-13,"CCJ,CDE,CELH,EQT,HL,MARA,MP,RIOT,SHOP,SITM",0.1755628897049795,0.04738176771365853,0.3740547651377887,0.38543294876363476,risk_off,True,10,15,60,shrinkage_max_diversification,0.0,7.490816461579972,0.18,0.4988161180620451,2.923804778457362,-0.5184280277731852,60,0.2990643164490036,0.8847462125996447,0.44455158530005806,False,ok
20,10,signal_shrinkage_max_diversification_blend_0.00,2021,2021-05-27,"BE,CCJ,CLSK,DASH,HIMS,HUT,MARA,ONDS,RIOT,SITM",-0.0050132280309094805,0.02033109660006305,0.15765067933687468,0.221701974905471,risk_off,True,10,15,60,shrinkage_max_diversification,0.0,6.586003451498511,0.18,0.5194726242077454,2.896282582942025,-0.37038054841539325,60,0.40815001799286244,0.8750250560799142,0.5581006723748475,False,ok
20,10,signal_shrinkage_max_diversification_blend_0.00,2021,2021-06-11,"AFRM,ASTS,CLSK,DASH,HIMS,HUT,MARA,ONDS,POET,RIOT",0.014821935814983629,0.0047539965984023744,-0.018855411686483012,-0.12474482022892026,risk_off,True,10,15,60,shrinkage_max_diversification,0.0,7.095649966702163,0.18,0.5083907371720009,3.0,,60,0.2282158565856552,0.7454754338868148,0.4950004305220504,False,ok
20,10,signal_shrinkage_max_diversification_blend_0.00,2021,2021-06-25,"AFRM,ASTS,AXTI,CLSK,HUT,MARA,MSTR,ONDS,POET,RIOT",0.06607530639583924,0.005006235888459096,-0.3303939101029276,-0.3845213329025605,risk_off,True,10,15,60,shrinkage_max_diversification,0.0,6.804249619543493,0.18,0.4985380450527549,2.993848460119205,-0.38911003072617134,60,0.23656960623577036,0.7788178702447897,0.46823160854377577,False,ok
20,10,signal_shrinkage_max_diversification_blend_0.00,2021,2021-07-12,"AXTI,BB,HUT,MARA,MSTR,OXY,POET,RBLX,RIOT,STRL",-0.045821504563044554,-0.004550332550037896,-0.42440856730260135,-0.24434032378922488,risk_off,True,10,15,60,shrinkage_max_diversification,0.0,7.270506645628631,0.18,0.5162168853253524,2.9636175679002212,-0.6747949885516028,60,0.20227049818068482,0.8461623042819173,0.3611748226457428,False,ok
20,10,signal_shrinkage_max_diversification_blend_0.00,2021,2021-07-26,"AA,ASTS,CCL,COIN,HUT,MARA,MSTR,NCLH,RIOT,TE",0.10305015145686003,0.016342206127531962,0.06646754373851718,-0.17801495266771503,risk_off,True,10,15,60,shrinkage_max_diversification,0.0,7.3237296350402765,0.18,0.507348584533925,3.0,,60,0.19602658992008593,0.7965292684172393,0.35814715079950366,False,ok
20,10,signal_shrinkage_max_diversification_blend_0.00,2021,2021-08-09,"AA,AFRM,ASTS,CCL,CLSK,DOCN,HIMS,JOBY,NCLH,RIOT",-0.028571994070532607,-0.002709470172841376,-0.3698986180113055,-0.09160786047325677,risk_off,True,10,15,60,shrinkage_max_diversification,0.0,8.50288291981321,0.18,0.4553937115304714,2.98730786250857,-0.2817933896630291,60,0.09813968490533871,0.46661282146373884,0.3009905662447036,False,ok
20,10,signal_shrinkage_max_diversification_blend_0.00,2021,2021-08-23,"AA,AFRM,ASTS,CLSK,DOCN,HIMS,JOBY,ONDS,RIOT,TE",0.12629888049495996,0.022358568293754644,0.2455596133686562,0.14392889544554638,risk_off,True,10,15,60,shrinkage_max_diversification,0.0,9.506164924400675,0.13119353744723208,0.3709104743740623,2.979773342371602,-0.31459791478406085,60,0.045087783270591555,0.24372629630090215,0.3057388900174933,False,ok
20,10,signal_shrinkage_max_diversification_blend_0.00,2021,2021-09-07,"APP,ASTS,CIFR,CLSK,HIMS,JOBY,ONDS,RIOT,SOFI,TE",-0.018488996128452163,-0.03279268938912169,-0.028896012938420687,0.05346622045751869,risk_off,True,10,15,60,shrinkage_max_diversification,0.0,8.867663553640606,0.16596028489228123,0.4221384687437233,2.995386016715008,0.20735633161250425,60,0.03771090728268124,0.31138464093280865,0.26442174505876614,False,ok
20,10,signal_shrinkage_max_diversification_blend_0.00,2021,2021-09-21,"APP,ASTS,AXTI,CIFR,CLSK,HUT,MARA,ONDS,RDW,WULF",-0.008922668118820174,0.008895212668288804,0.16470690600024102,0.19162832880431827,risk_off,True,10,15,60,shrinkage_max_diversification,0.0,7.778433458760377,0.18000000000000002,0.4966214741701491,2.998279585890401,0.5627369566108738,60,0.12011120875915632,0.47297492867813923,0.3147572839609145,False,ok
20,10,signal_shrinkage_max_diversification_blend_0.00,2021,2021-10-05,"APP,ASTS,AXTI,CIFR,CLSK,IONQ,MARA,ONDS,POET,RKLB",0.08377192657763105,0.044197449144180785,0.06836395559596606,0.16894520457524875,risk_off,True,10,15,60,shrinkage_max_diversification,0.0,8.642371094000405,0.15459311658881122,0.42998438037312814,3.0,,60,0.06831723132210603,0.38059533030608406,0.2904483581702446,False,ok
20,10,signal_shrinkage_max_diversification_blend_0.00,2021,2021-10-19,"AA,BB,BE,CIFR,IONQ,JOBY,ONDS,POET,RDW,RIOT",0.11894793059125823,0.0274391614111111,0.158929877660065,0.21699465291040262,risk_off,True,10,15,60,shrinkage_max_diversification,0.0,9.740845934469803,0.1282842322301078,0.352766448255451,3.0,,60,0.045625418602201026,0.1645422970227506,0.2869117286593422,False,ok
20,10,signal_shrinkage_max_diversification_blend_0.00,2021,2021-11-02,"AA,BB,CIFR,HIMS,JOBY,ONDS,PINS,RDW,RIOT,RKLB",0.029464433384580976,0.026244664085104744,0.09809047628619331,-0.1579223133021045,risk_off,True,10,15,60,shrinkage_max_diversification,0.0,9.5348525165782,0.13598374210226108,0.3761885457965184,2.9705148579835154,0.00662469379426487,60,0.06769560287415383,0.21474422465427465,0.33646467391083845,False,ok
20,10,signal_shrinkage_max_diversification_blend_0.00,2021,2021-11-16,"AA,AFRM,CELH,CIFR,CLSK,HIMS,MARA,QXO,RDW,SITM",-0.172603943480665,-0.07477096313389131,-0.3412867976119783,-0.41863314033748666,risk_off,True,10,15,60,shrinkage_max_diversification,0.0,8.616068623595158,0.18,0.42886444189879536,2.9042494878699365,-0.20676466227030094,60,0.08515944256161626,0.3621961026566234,0.3587369806066162,False,ok
20,10,signal_shrinkage_max_diversification_blend_0.00,2021,2021-12-01,"AAOI,AFRM,APP,DOCN,MARA,MRNA,QXO,RIOT,SITM,TOST",-0.05366061833774549,0.03206265906009462,-0.23531345890986713,-0.1961572969739614,risk_off,True,10,15,60,shrinkage_max_diversification,0.0,8.438737155878226,0.1712882947910217,0.4554160913883097,2.9713382911304715,-0.5524559937423398,60,0.1606748048446234,0.5676273604514948,0.4113365488928194,False,ok
20,10,signal_shrinkage_max_diversification_blend_0.00,2021,2021-12-15,"AFRM,MDB,MRNA,QXO,ROKU,SITM,SNOW,TE,WULF,ZS",-0.047283820035334385,0.02303781766939532,0.00578960142864443,-0.10045668547478893,risk_off,True,10,15,60,shrinkage_max_diversification,0.0,7.709494570101528,0.17606728468941812,0.47895487397377323,2.9862892464577864,-0.2255858873847548,60,0.22618058221466872,0.510913302468157,0.4146213315938687,False,ok
20,10,signal_shrinkage_max_diversification_blend_0.00,2021,2021-12-30,"AFRM,CVNA,DOCN,IONQ,MDB,MRNA,ROKU,SITM,TE,WULF",-0.19896085265730085,-0.024185950728445975,-0.26275570849771385,-0.4713169939112061,risk_off,True,10,15,60,shrinkage_max_diversification,0.0,7.185853495049282,0.18,0.5361686745424328,2.783710178359764,0.003266900554249719,60,0.20449677404919298,0.5380907105491125,0.4216991728003823,False,ok
20,10,signal_shrinkage_max_diversification_blend_0.00,2022,2022-01-03,"AFRM,DKNG,DOCN,HOOD,HUT,IONQ,PL,ROKU,TOST,WULF",-0.1932690259003261,-0.04732579047660334,-0.4712230195216537,-0.4691354964722685,risk_off,True,10,15,60,shrinkage_max_diversification,0.0,8.25423978368971,0.18000000000000002,0.47162382480429643,2.9709265752874026,0.5384662713562944,60,0.26611798654596164,0.5413547462879342,0.5017437865514451,False,ok
20,10,signal_shrinkage_max_diversification_blend_0.00,2022,2022-01-18,"DKNG,HOOD,ILMN,MP,ONTO,PL,QXO,RDW,TSLA,WULF",-0.07603335129078112,-0.012526326423444268,-0.014744448602641942,-0.01149307171354791,risk_off,True,10,15,60,shrinkage_max_diversification,0.0,8.289226072877845,0.17039766624365926,0.4387131147212026,2.9292435287446397,0.3388920437066659,60,0.20025912834102672,0.5011204687515542,0.3908845908544896,False,ok
20,10,signal_shrinkage_max_diversification_blend_0.00,2022,2022-02-01,"CLSK,DKNG,HOOD,HUT,MARA,NET,ONTO,PL,SOFI,WULF",0.03617910123796643,0.00884588395541027,0.08412063803613701,-0.12800636597648254,risk_off,True,10,15,60,shrinkage_max_diversification,0.0,7.126095035537313,0.18,0.54,2.752087687802991,-0.23724847924625952,60,0.4142372924305049,0.7262488875309062,0.5879268768783944,False,ok
20,10,signal_shrinkage_max_diversification_blend_0.00,2022,2022-02-15,"AFRM,CIFR,CVNA,MARA,MRNA,NVTS,RBLX,RIOT,RIVN,SOFI",-0.09307660282474695,-0.016314403635332674,-0.19887043177727395,-0.31512389706296234,risk_off,True,10,15,60,shrinkage_max_diversification,0.0,6.005952689851337,0.18,0.54,2.7078128087623146,0.4301776425038394,60,0.43495317638334613,0.8854105957001239,0.5801602449988289,False,ok
20,10,signal_shrinkage_max_diversification_blend_0.00,2022,2022-03-02,"AFRM,CIFR,DOCN,JOBY,MARA,MRNA,ONDS,RIOT,VRT,XYZ",0.007447119638959397,-0.015645288184106435,-0.2908678587508675,-0.10842585592810418,risk_off,True,10,15,60,shrinkage_max_diversification,0.0,6.351247512351064,0.18000000000000002,0.54,2.7200739263362324,0.5169127423363613,60,0.4890712410920902,0.8857791764540887,0.6393310815946761,False,ok
20,10,signal_shrinkage_max_diversification_blend_0.00,2022,2022-03-16,"AFRM,CVNA,DASH,HIMS,NTRA,ONDS,RBLX,VRT,WULF,XYZ",0.16825265180706706,0.060508788043382895,0.20484329211969354,-0.21448843669010192,risk_off,True,10,15,60,shrinkage_max_diversification,0.0,6.860216750398842,0.18,0.54,2.5414622998331193,0.5998618210832921,60,0.3383987654375084,0.640842123300419,0.6192204164275943,False,ok
20,10,signal_shrinkage_max_diversification_blend_0.00,2022,2022-03-30,"AFRM,GH,NTRA,NU,QXO,RBLX,RIVN,SHOP,VRT,WULF",-0.11061889807210627,-0.0332926426922929,-0.46720179811280554,-0.5347647652108458,risk_off,True,10,15,60,shrinkage_max_diversification,0.0,6.44146776119385,0.18,0.54,2.596506041687982,0.6281451462783983,60,0.31365790256038795,0.6213036153200157,0.6302730712289774,False,ok
20,10,signal_shrinkage_max_diversification_blend_0.00,2022,2022-04-13,"AFRM,CELH,HOOD,JOBY,NTRA,RBLX,RGTI,RIVN,W,XYZ",-0.0890615793596928,-0.0478878133167235,-0.33603280208110414,-0.42724119599241234,risk_off,True,10,15,60,shrinkage_max_diversification,0.0,6.67225631399221,0.18,0.5399999999999998,3.0,,60,0.4481007019409484,0.6413282822604626,0.6411710264129806,False,ok
20,10,signal_shrinkage_max_diversification_blend_0.00,2022,2022-04-28,"CELH,META,NTRA,PINS,PL,RGTI,SMCI,TOST,VRT,WULF",-0.07365481054219385,-0.09980559397127838,-0.3447208967320751,-0.15769049323314088,risk_off,True,10,15,60,shrinkage_max_diversification,0.0,8.022903116192188,0.18,0.485252109015015,2.854680464414579,-0.5541842753166755,60,0.2045801448237438,0.41035051442968473,0.48452395691249894,False,ok
20,10,signal_shrinkage_max_diversification_blend_0.00,2022,2022-05-12,"AFRM,CIFR,COIN,CVNA,GH,MSTR,MXL,RIVN,W,WULF",0.14576502375269798,0.05902800107903099,0.19055071364452306,0.13949057783080895,risk_off,True,10,15,60,shrinkage_max_diversification,0.0,6.412951641687635,0.18000000000000005,0.5400000000000001,2.9902564932397437,-0.356557108343076,60,0.4532737172272045,0.7460217255023567,0.7440767959974385,False,ok
20,10,signal_shrinkage_max_diversification_blend_0.00,2022,2022-05-26,"COIN,CVNA,GH,IREN,MARA,MSTR,NET,NU,W,WULF",-0.11808112289102521,-0.041607881638335883,-0.09560641261414625,-0.026601585465700562,risk_off,True,10,15,60,shrinkage_max_diversification,0.0,5.922500173707532,0.17999999999999994,0.5399999999999998,2.8977882514423987,-0.46134817626210045,60,0.5180673318105442,0.7955163573043685,0.8834761798523029,False,ok
20,10,signal_shrinkage_max_diversification_blend_0.00,2022,2022-06-10,"AFRM,CIFR,COIN,CVNA,GH,IONQ,MSTR,NU,RDW,W",0.030715174319612248,-0.013037267403061612,0.11919430468292827,-0.0147567003344231,risk_off,True,10,15,60,shrinkage_max_diversification,0.0,6.8073310044038,0.18,0.54,2.9658457635454236,-0.030454677248167965,60,0.5077407487526576,0.7711375284211626,0.8003432068373796,False,ok
20,10,signal_shrinkage_max_diversification_blend_0.00,2022,2022-06-27,"APLD,CIFR,COIN,CVNA,IONQ,MSTR,NET,NU,W,WULF",-0.03855960037824492,-0.03070552472011658,-0.337930515036907,-0.0456958192211353,risk_off,True,10,15,60,shrinkage_max_diversification,0.0,7.068120201560113,0.18000000000000002,0.5261540520052047,2.7287737408937778,-0.05209174620505756,60,0.4178506213404108,0.7306448722703632,0.8535375364625414,False,ok
20,10,signal_shrinkage_max_diversification_blend_0.00,2022,2022-07-12,"APLD,CIFR,COIN,CVNA,MARA,MSTR,NET,RIOT,W,WULF",0.17659408254380338,0.04120739560216693,0.20337724948127148,0.40601361039947587,risk_off,True,10,15,60,shrinkage_max_diversification,0.0,6.311002699115403,0.18,0.5363783869228353,2.7860143501372256,0.21117435608423885,60,0.4754911321054455,0.779918848089936,0.9358817650814687,False,ok
20,10,signal_shrinkage_max_diversification_blend_0.00,2022,2022-07-26,"APLD,CIFR,COIN,DKNG,HUT,IREN,NET,NVTS,RGTI,WULF",0.2947841269103935,0.08020265716848522,0.3756538302510819,0.2795361216100723,risk_off,True,10,15,60,shrinkage_max_diversification,0.0,7.829861148063108,0.18,0.46067468285198304,2.8233778873748854,0.17403784093697863,60,0.3178412848761683,0.5614010772054024,0.8575239832849544,False,ok
20,10,signal_shrinkage_max_diversification_blend_0.00,2022,2022-08-09,"APLD,CLSK,CVNA,NU,NVTS,RGTI,SHOP,TWLO,W,WULF",-0.03126280459774704,0.0021356335640147295,-0.20865881796799143,-0.2553386074691479,risk_off,True,10,15,60,shrinkage_max_diversification,0.0,8.623008418752217,0.16854169949530814,0.427082052537869,2.9770209385991317,-0.6608315658466027,60,0.31641140796231204,0.4785530699147394,0.8039603557849699,False,ok
20,10,signal_shrinkage_max_diversification_blend_0.00,2022,2022-08-23,"CRDO,DOCN,GH,HOOD,NU,POET,RCL,RGTI,RVMD,WULF",-0.10987197585948022,-0.03597974242968704,-0.23881165493276874,-0.18149391958730973,risk_off,True,10,15,60,shrinkage_max_diversification,0.0,7.062328320755358,0.18000000000000005,0.5252152966991321,2.9896705457288313,0.2928200880107196,60,0.30622119583125823,0.5720885093272917,0.49310939737446347,False,ok
20,10,signal_shrinkage_max_diversification_blend_0.00,2022,2022-09-07,"CDE,CELH,ILMN,NU,OKTA,POET,QXO,RGTI,RKLB,SNOW",-0.07535368471333397,-0.0414146579002377,-0.03092124010464681,0.05783726123250052,risk_off,True,10,15,60,shrinkage_max_diversification,0.0,7.2404332640745235,0.18000000000000005,0.5400000000000001,2.7387781767714277,0.10923147042423888,60,0.20265286907885133,0.4708866120147633,0.3872959505627705,False,ok
20,10,signal_shrinkage_max_diversification_blend_0.00,2022,2022-09-21,"CDE,HUT,NVTS,OKTA,QBTS,RGTI,RIOT,ROKU,SNOW,ZS",0.08323537644963538,0.007105101569703827,0.09643331657764549,-0.19346577844689347,risk_off,True,10,15,60,shrinkage_max_diversification,0.0,6.798606411034697,0.18000000000000002,0.5399999999999998,2.9613782738518646,0.08307993487620656,60,0.3124803297552911,0.7859403039184419,0.5308278443560811,False,ok
20,10,signal_shrinkage_max_diversification_blend_0.00,2022,2022-10-05,"AFRM,CIFR,CVNA,HUT,IREN,PATH,RGTI,RIOT,SITM,VRT",-0.15189086320325465,-0.0415359531202562,-0.2356242483006325,-0.20445381349972866,risk_off,True,10,15,60,shrinkage_max_diversification,0.0,6.795632104682153,0.17999999999999985,0.5304165712942494,2.970871091228524,0.39497674042403086,60,0.433627753827988,0.7869453248620395,0.6436776010753545,False,ok
20,10,signal_shrinkage_max_diversification_blend_0.00,2022,2022-10-19,"AA,AFRM,ASTS,CLSK,CVNA,IREN,RGTI,SITM,W,XYZ",-0.012516971273492827,0.041191466115838,-0.1241322625503775,0.046967103714000695,risk_off,True,10,15,60,shrinkage_max_diversification,0.0,6.701284997115559,0.18,0.5383873243145598,2.6553911450247547,-0.6396901162214805,60,0.3889642069888709,0.7286401011993894,0.6119783606824855,False,ok
20,10,signal_shrinkage_max_diversification_blend_0.00,2022,2022-11-02,"AFRM,ASTS,CIFR,CLSK,HUT,JOBY,QBTS,RBLX,RGTI,W",-0.06447076444473304,0.05598351068559991,0.18637022581723742,0.07180570649627308,risk_off,True,10,15,60,shrinkage_max_diversification,0.0,7.0368156896911875,0.18000000000000005,0.5400000000000001,2.7782798113463945,0.36105810566867497,60,0.3015110564250076,0.6606436182339888,0.5501844397610853,False,ok
20,10,signal_shrinkage_max_diversification_blend_0.00,2022,2022-11-16,"ASTS,CIFR,CVNA,DKNG,GH,IREN,NET,QBTS,RGTI,W",-0.06532984332785223,0.02635086460682262,-0.16218503599143402,-0.3051742595480884,risk_off,True,10,15,60,shrinkage_max_diversification,0.0,6.761314453935587,0.18000000000000002,0.5399999999999999,2.545513603160482,0.34453035239655866,60,0.2847161879422699,0.6555628044380156,0.6499357545114488,False,ok
20,10,signal_shrinkage_max_diversification_blend_0.00,2022,2022-12-01,"AFRM,CVNA,DKNG,GH,IREN,MKSI,NET,RGTI,TWLO,WULF",-0.13162526306316508,-0.052744197182541384,-0.3301862377033458,-0.40893053709249666,risk_off,True,10,15,60,shrinkage_max_diversification,0.0,6.7784769683550925,0.18,0.516224055725325,2.4638438215643337,0.16221973227668832,60,0.4427802337642024,0.6981522471761653,0.7138456341886215,False,ok
20,10,signal_shrinkage_max_diversification_blend_0.00,2022,2022-12-15,"CLSK,COIN,CVNA,MARA,MSTR,NET,RBLX,RIOT,W,WULF",-0.09005956128097115,-0.01653131181393959,-0.22453391011382817,0.3427091273277429,risk_off,True,10,15,60,shrinkage_max_diversification,0.0,7.42367597191117,0.18,0.49854369479671573,2.79013579660334,-0.41221012758728043,60,0.48513763139751076,0.7256218757358606,0.9044054250688194,False,ok
20,10,signal_shrinkage_max_diversification_blend_0.00,2022,2022-12-30,"APLD,ASTS,CLSK,COIN,CVNA,IREN,MRNA,QBTS,RBLX,WULF",0.21247057189143168,0.08835391248637042,0.44948542561980515,0.4761072683525764,risk_off,True,10,15,60,shrinkage_max_diversification,0.0,7.1406766126966374,0.18000000000000002,0.5177105319361166,2.9986630511931978,0.00760093003529926,60,0.27025262587396354,0.5646538822693876,0.5847635030158702,False,ok
20,10,signal_shrinkage_max_diversification_blend_0.00,2023,2023-01-03,"APLD,ASTS,CLSK,CVNA,IREN,MDB,QBTS,RBLX,RDW,WULF",0.16986227802617287,0.07331068777750739,0.49920351207926655,0.5623883157183059,risk_off,True,10,15,60,shrinkage_max_diversification,0.0,7.135476907781407,0.17999999999999997,0.5365541657801753,2.0065384200992757,-0.5581377681681784,60,0.2625060697542182,0.5506137056567337,0.5704704113193316,False,ok
20,10,signal_shrinkage_max_diversification_blend_0.00,2023,2023-01-18,"ASTS,CIFR,CLSK,CVNA,GH,IONQ,MARA,POET,RDW,RGTI",0.0999341685932936,0.0618947278572444,0.3463795251490087,0.30199755191069005,risk_off,True,10,15,60,shrinkage_max_diversification,0.0,8.529854317148404,0.1800000000000001,0.44693530329501335,2.0527103637355273,-0.16538591901805805,60,0.2392483056289111,0.5052489046617089,0.6372505189024914,False,ok
20,10,signal_shrinkage_max_diversification_blend_0.00,2023,2023-02-01,"CIFR,CVNA,MARA,POET,RDW,RGTI,RIVN,RVMD,TE,WULF",0.09223324958317518,0.009998888807399738,0.061508992038724154,-0.04288728770269207,risk_off,True,10,15,60,shrinkage_max_diversification,0.0,7.739418496364558,0.17999999999999994,0.5209462808064477,1.8931904957863022,-0.23956409815842553,60,0.2319544724668783,0.38744544205998577,0.5833674239187866,False,ok
20,10,signal_shrinkage_max_diversification_blend_0.00,2023,2023-02-15,"CIFR,CVNA,HUT,IREN,MARA,POET,QBTS,RDW,RIOT,RIVN",-0.14160903101582464,-0.03858304425592113,-0.19331705532879495,-0.08155544278282617,risk_off,True,10,15,60,shrinkage_max_diversification,0.0,7.6041554956342825,0.18000000000000002,0.5399999999999998,2.087783604807117,0.39225546454079574,60,0.21969569188578708,0.6103049527349248,0.6637170103359755,False,ok
20,10,signal_shrinkage_max_diversification_blend_0.00,2023,2023-03-02,"CIFR,CRDO,GH,IONQ,PLTR,QBTS,RBLX,RDW,RIOT,TE",-0.09090967532588087,-0.03534272688975863,0.10017835242015946,0.06342143910190988,risk_off,True,10,15,60,shrinkage_max_diversification,0.0,8.167524848460383,0.17999999999999952,0.4535803985894983,1.4874345461364569,0.08708593713848647,60,0.13242281034997536,0.40358527629380325,0.4274165884649244,False,ok
20,10,signal_shrinkage_max_diversification_blend_0.00,2023,2023-03-16,"CIFR,HUT,JOBY,MSTR,POET,RIOT,RVMD,SHOP,TE,WULF",0.11829008724168448,0.025709445504174623,0.031626451323754703,-0.09250641833847731,risk_off,True,10,15,60,shrinkage_max_diversification,0.0,6.500601405092913,0.17999999999999994,0.5263260079671287,1.74921582477603,0.2979899090907435,60,0.253656429969754,0.7089674987071145,0.4974538253220592,False,ok
20,10,signal_shrinkage_max_diversification_blend_0.00,2023,2023-03-30,"CIFR,CLSK,COIN,CVNA,HUT,LUNR,MSTR,QBTS,W,WULF",0.23621437285211613,0.01965481257348085,-0.10015117746264221,-0.11102021538690189,risk_off,False,10,15,60,shrinkage_max_diversification,0.0,9.686446393331824,0.13200897741191756,0.3652781708619153,1.8800288987807123,-0.13153829765465544,60,0.0505903886074586,0.15449090916868136,0.8087171007422153,False,ok
20,10,signal_shrinkage_max_diversification_blend_0.00,2023,2023-04-14,"AFRM,CIFR,COIN,CRDO,CVNA,HUT,MSTR,QBTS,RGTI,W",-0.08350197813479503,-0.007655776890147749,-0.17856697464513893,-0.1848345331965353,risk_off,False,10,15,60,shrinkage_max_diversification,0.0,7.563551860584463,0.17999999999999974,0.4784692746080147,1.98380798253385,0.14455516382029274,60,0.2635446097942306,0.6325933652247409,0.6414203218501278,False,ok
20,10,signal_shrinkage_max_diversification_blend_0.00,2023,2023-04-28,"AAOI,CIFR,CLSK,HUT,IREN,LUNR,MARA,MSTR,ONDS,QBTS",-0.05912751470926644,-0.006691428722313886,-0.13270216352850256,0.22638380505855432,risk_off,False,10,15,60,shrinkage_max_diversification,0.0,9.327245860721467,0.14248079423565685,0.40542818052488194,2.259556652296113,0.5708024894507409,60,0.05968463636388265,0.18458970980723527,0.7946807595863546,False,ok
20,10,signal_shrinkage_max_diversification_blend_0.00,2023,2023-05-12,"AFRM,ASTS,CLSK,LUNR,NVTS,ONDS,PLTR,QBTS,RGTI,ZS",0.5163214453502744,0.037709752660554326,0.41251000056994425,0.4423233674214998,risk_off,False,10,15,60,shrinkage_max_diversification,0.0,9.761813312658548,0.11747897409531466,0.34821312989254455,1.9411409333169805,-0.6893785137254234,60,0.02332471238016067,0.09686193492853426,0.6509354780261055,False,ok
20,10,signal_shrinkage_max_diversification_blend_0.00,2023,2023-05-26,"AFRM,APLD,ASTS,CLSK,COIN,CVNA,LUNR,QBTS,RGTI,SITM",0.18566760609329602,0.047973765081764666,0.24051440121801052,0.15095455638253322,risk_off,False,10,15,60,shrinkage_max_diversification,0.0,9.127662547025075,0.139446438133956,0.4078382958854353,2.058301214896577,-0.6715436229328681,60,0.06089277541214988,0.43673411193871414,0.5469788032507912,False,ok
20,10,signal_shrinkage_max_diversification_blend_0.00,2023,2023-06-12,"AFRM,APLD,CIFR,CVNA,IONQ,IREN,MARA,NVTS,QBTS,RGTI",0.04788943805834626,0.016389376175423555,-0.05001332340121453,0.15371253893435813,risk_off,False,10,15,60,shrinkage_max_diversification,0.0,9.16049127776808,0.1359929047857172,0.3940319454943759,2.05859104324353,-0.5388019677501823,60,0.12940578563916805,0.5155288021853582,0.6856580046289181,False,ok
20,10,signal_shrinkage_max_diversification_blend_0.00,2023,2023-06-27,"AFRM,CIFR,CVNA,IONQ,LUNR,ONDS,POET,QBTS,RGTI,RIOT",0.2347134060252016,0.05047730194989893,0.25149859546156267,0.15885660937833787,risk_off,False,10,15,60,shrinkage_max_diversification,0.0,8.004383349179038,0.18,0.49023932318669106,1.868404677405875,-0.66811319528951,60,0.09379716021562863,0.5821043449946719,0.5299879707659663,False,ok
20,10,signal_shrinkage_max_diversification_blend_0.00,2023,2023-07-12,"CIFR,COHR,IONQ,IREN,JOBY,MARA,ONDS,RIOT,TE,WULF",-0.006214274265820265,0.01728299628939763,-0.02400074506357217,-0.14236225175453568,risk_off,True,10,15,60,shrinkage_max_diversification,0.0,7.878276798322772,0.18,0.4631284739054116,1.8849554442238334,0.34389344686882356,60,0.1865489675310849,0.6525494890709131,0.4679720142303586,False,ok
20,10,signal_shrinkage_max_diversification_blend_0.00,2023,2023-07-26,"HUT,IONQ,IREN,LUNR,MARA,ONDS,RGTI,RIOT,TE,TOST",-0.07066558968502745,-0.020526187755062614,-0.17165806086902508,-0.13736404910006145,risk_off,True,10,15,60,shrinkage_max_diversification,0.0,7.64201378941014,0.18000000000000002,0.49882068251471534,2.0053843015498134,0.06085853273246542,60,0.14756836034224594,0.6583277516024516,0.4329719803676891,False,ok
20,10,signal_shrinkage_max_diversification_blend_0.00,2023,2023-08-09,"AAOI,AFRM,ANET,LUNR,MARA,NTRA,QBTS,SOFI,TEAM,TOST",-0.10073104301885125,-0.020556467055393168,0.04099235462785732,0.019903131213246734,risk_off,True,10,15,60,shrinkage_max_diversification,0.0,8.690085058286348,0.15172006373754743,0.42453814967222986,1.8523435372134749,-0.7178743392131886,60,0.05270675784483794,0.19953024098345698,0.4011464617854194,False,ok
20,10,signal_shrinkage_max_diversification_blend_0.00,2023,2023-08-23,"AAOI,ASTS,COHR,DDOG,IONQ,MXL,QBTS,ROKU,SMCI,SOFI",-0.01780134644843407,0.004657187046902513,-0.08750497918619728,-0.2085841174006419,risk_off,True,10,15,60,shrinkage_max_diversification,0.0,8.080893240041563,0.18000000000000002,0.46785367956679014,2.067909600190084,0.19731764735134052,60,0.10345312698900068,0.3183762955764878,0.40596862147728957,False,ok
20,10,signal_shrinkage_max_diversification_blend_0.00,2023,2023-09-07,"APP,BB,CLSK,COIN,FN,IONQ,IREN,MARA,RBLX,RGTI",-0.07265383146101881,-0.037847347405173544,-0.2056052377863402,-0.1353845446976586,risk_off,True,10,15,60,shrinkage_max_diversification,0.0,7.413539910327381,0.18,0.5399999999999998,1.691096858171556,-0.6205549434744012,60,0.1950723506636702,0.668300084373585,0.43297319429818487,False,ok
20,10,signal_shrinkage_max_diversification_blend_0.00,2023,2023-09-21,"BB,CLSK,COIN,IREN,LUNR,MARA,QBTS,RBLX,RIOT,WULF",-0.071533600377907,-0.027284402888313138,0.033512440774589716,-0.19197461495359555,risk_off,True,10,15,60,shrinkage_max_diversification,0.0,6.861163556247949,0.17999999999999997,0.5399999999999997,2.2653313646987647,-0.069262885338227,60,0.2941834360207409,0.6894059180927828,0.5053895415196742,False,ok
20,10,signal_shrinkage_max_diversification_blend_0.00,2023,2023-10-05,"APLD,CDE,CIFR,COHR,IONQ,QBTS,RDW,RIOT,RIVN,WBD",0.017739103495643924,-0.0001932257964155303,-0.13389908678524012,-0.00732549725203801,risk_off,True,10,15,60,shrinkage_max_diversification,0.0,8.225886098992103,0.18,0.4452430085631636,2.0317222967583124,-0.06896058182807965,60,0.14362601923455953,0.5458912609880894,0.3833545395141857,False,ok
20,10,signal_shrinkage_max_diversification_blend_0.00,2023,2023-10-19,"AAOI,APLD,CIFR,GH,IONQ,ONDS,RGTI,RIOT,RIVN,SMR",0.06661395928748137,0.011969665494119153,0.09118185766744684,0.1486167369601354,risk_off,True,10,15,60,shrinkage_max_diversification,0.0,9.19193567392442,0.1496740776378437,0.40287792157592284,2.2926421764995917,0.48319787563147854,60,0.11020598636175759,0.3617864914403867,0.44378926362838655,False,ok
20,10,signal_shrinkage_max_diversification_blend_0.00,2023,2023-11-02,"AAOI,APLD,BE,IREN,ONDS,POET,QBTS,RGTI,RVMD,WULF",0.053896087240686015,0.040303531717569105,0.18727698902832432,0.28099480081307104,risk_off,True,10,15,60,shrinkage_max_diversification,0.0,8.92512365056581,0.18000000000000002,0.42942432973500877,2.3059220268175062,0.24845528953411417,60,0.09163319596110905,0.3696405196245581,0.407412833091915,False,ok
20,10,signal_shrinkage_max_diversification_blend_0.00,2023,2023-11-16,"BE,CVNA,IREN,ONDS,POET,QBTS,SMR,TE,WBD,WULF",0.19150815056372691,0.05841448131801323,0.2790382522483337,0.3325856613832645,neutral,True,10,15,60,shrinkage_max_diversification,0.0,8.156901843323313,0.1800000000000001,0.484435026940041,1.8648461372934428,0.20534407520307424,60,0.11325855743947905,0.44251558733333374,0.40492161752979705,False,ok
20,10,signal_shrinkage_max_diversification_blend_0.00,2023,2023-12-01,"APLD,CVNA,HOOD,IONQ,ONDS,POET,RGTI,TE,WBD,WULF",0.08662578453157606,0.04893122978168562,0.24459189417472,0.16298364362653178,neutral,True,10,15,60,shrinkage_max_diversification,0.0,8.13246512607295,0.1670992294591233,0.44328315101876364,1.9470341702776341,0.5581298716997452,60,0.14700744915135786,0.3183830119209865,0.46337149370456243,False,ok
20,10,signal_shrinkage_max_diversification_blend_0.00,2023,2023-12-15,"APLD,CI,CIFR,HUT,ONDS,POET,QXO,RGTI,SMR,TE",0.20574510796514192,0.01182031890669316,0.0017931535983555995,-0.24024264906040457,neutral,True,10,15,60,shrinkage_max_diversification,0.0,9.999999999999995,0.10000000508607208,0.30000000889940287,2.0572035582615418,0.08881220388023121,60,0.0,0.0,0.6076719932352157,False,ok
20,10,signal_shrinkage_max_diversification_blend_0.00,2024,2024-01-02,"AXTI,CAVA,CDE,HUT,MP,RIVN,RKLB,SMR,TE,W",-0.09565854952380655,-0.029399467692898557,-0.27657622114129243,-0.26694202367876424,neutral,True,10,15,60,shrinkage_max_diversification,0.0,6.844996153197943,0.18,0.5399999999999998,2.396231602061941,-0.14990132732815337,60,0.24415520439157,0.5419600744123966,0.4360735913214439,False,ok
20,10,signal_shrinkage_max_diversification_blend_0.00,2024,2024-01-17,"AFRM,CPNG,HUT,LUNR,MRNA,PL,POET,RGTI,RKLB,ROKU",0.10625031361992482,0.025098665846337097,-0.023918397205350005,0.047564892587387976,neutral,True,10,15,60,shrinkage_max_diversification,0.0,8.406179570093148,0.15845227705554782,0.4355701810498956,2.1919307302965407,-0.09731024472297681,60,0.12984006493297567,0.398609357818053,0.3974497907235739,False,ok
20,10,signal_shrinkage_max_diversification_blend_0.00,2024,2024-01-31,"AAL,BB,CDE,CPNG,CVNA,KTOS,QBTS,RGTI,SMR,W",0.11838381734367172,0.047024587430952364,-0.0037165930315859155,-0.023169994672877003,risk_off,True,10,15,60,shrinkage_max_diversification,0.0,6.660177439277193,0.18,0.5399999999999998,1.8271948166654661,-0.40763840824681513,60,0.25750558092916426,0.6072912775819626,0.32336937149573325,False,ok
20,10,signal_shrinkage_max_diversification_blend_0.00,2024,2024-02-14,"AAOI,AFRM,CDE,HUT,KTOS,NVTS,RKLB,SMR,SOFI,TE",-0.09838905280868651,0.026216282681938867,-0.1375331289778919,-0.12172484583961996,risk_off,True,10,15,60,shrinkage_max_diversification,0.0,7.238084502557694,0.17999999999999997,0.5351376575218197,2.437734204630713,-0.30506837502751044,60,0.3616943310309399,0.5646145700967498,0.5407082899428108,False,ok
20,10,signal_shrinkage_max_diversification_blend_0.00,2024,2024-02-29,"ASTS,CIFR,FN,HUT,KTOS,NCLH,NVTS,QXO,RKLB,TE",-0.07326234943054494,0.014302197799501867,-0.09241614337030724,-0.007798676639039613,risk_off,True,10,15,60,shrinkage_max_diversification,0.0,9.955363997705653,0.10685819277435414,0.31631479424510645,2.463495290987093,-0.057592849512200506,60,0.005568048251601605,0.030294131969565364,0.5939802881254159,False,ok
20,10,signal_shrinkage_max_diversification_blend_0.00,2024,2024-03-14,"ALB,APLD,CIEN,ECHO,MRNA,MRVL,NCLH,QBTS,RKLB,XYZ",0.026615782806138674,0.03815025314373856,-0.010103536816242382,0.004668902388569473,risk_off,True,10,15,60,shrinkage_max_diversification,0.0,8.405520793460227,0.18,0.4708028669562183,1.9457544059141614,-0.19392511455972555,60,0.09477842707158325,0.238907734049684,0.3062936038859509,False,ok
20,10,signal_shrinkage_max_diversification_blend_0.00,2024,2024-03-28,"AFRM,ALB,APLD,ECHO,GH,IONQ,MRVL,POET,RIVN,TE",-0.11433112559807647,-0.038564892989002675,-0.11064384266384641,-0.14824787518431662,risk_off,True,10,15,60,shrinkage_max_diversification,0.0,8.118094104204337,0.17999999999999997,0.47957948900597425,2.587818490717898,-0.11328323969713651,60,0.14547546416961266,0.4258964981859682,0.3564931413116174,False,ok
20,10,signal_shrinkage_max_diversification_blend_0.00,2024,2024-04-12,"BB,CORZ,ECHO,GH,IREN,OKLO,ONDS,RDW,RIOT,TE",0.008215345317012002,0.008539351806518816,-0.06440492482324062,-0.020633465281626028,risk_off,True,10,15,60,shrinkage_max_diversification,0.0,7.164760424085445,0.18,0.496786594564797,2.393246465680606,-0.3276230731840913,60,0.17343458902691902,0.6765073053110991,0.33356278810393064,False,ok
20,10,signal_shrinkage_max_diversification_blend_0.00,2024,2024-04-26,"CLSK,COIN,GH,IONQ,IREN,MARA,OKLO,QXO,RIOT,TE",-0.0130193530834514,0.024649188213206327,-0.0184294776680529,0.12153976962269519,risk_off,True,10,15,60,shrinkage_max_diversification,0.0,6.40041624403026,0.18000000000000016,0.5400000000000004,2.1784766060527154,-0.43584048488684973,60,0.331829335832577,0.7896162921859956,0.44608469418291824,False,ok
20,10,signal_shrinkage_max_diversification_blend_0.00,2024,2024-05-10,"APLD,AXTI,CLSK,CORZ,IONQ,IREN,MARA,QXO,RGTI,RIOT",0.1824017118126174,0.018619526091145814,0.17210773009960467,0.10747218872665806,risk_off,True,10,15,60,shrinkage_max_diversification,0.0,7.223383004497879,0.18,0.4739895538149467,2.4501342319231645,-0.4148541822786923,60,0.24795766377706613,0.594877332321676,0.5419658745790961,False,ok
20,10,signal_shrinkage_max_diversification_blend_0.00,2024,2024-05-24,"AAOI,AXTI,CLSK,COIN,HUT,MARA,RIVN,SMCI,TSLA,W",-0.031130059053849624,0.003169644776044434,-0.04790418058976404,-0.09002652146945017,risk_off,True,10,15,60,shrinkage_max_diversification,0.0,7.319754673278989,0.1799999999999999,0.4980234870833473,2.38837751922994,0.350789239357796,60,0.23038547990018862,0.6696796751858856,0.4172765841961727,False,ok
20,10,signal_shrinkage_max_diversification_blend_0.00,2024,2024-06-10,"AAOI,AXTI,CIFR,CLSK,COIN,HUT,MARA,OKLO,QBTS,SMCI",0.03248082691265612,0.006863857156700058,-0.020081335287538925,0.07707473505524844,risk_off,True,10,15,60,shrinkage_max_diversification,0.0,7.4710123100057375,0.18,0.5007166929650689,2.316572973924471,0.0075666697345503535,60,0.19777020395505143,0.5699777953147056,0.47820017724979885,False,ok
20,10,signal_shrinkage_max_diversification_blend_0.00,2024,2024-06-25,"CIFR,CLSK,LUNR,NVTS,OKLO,PL,POET,QBTS,QXO,SMCI",0.0549551016550079,0.01766364212468172,0.13039142014892618,-0.03770641912622353,risk_off,True,10,15,60,shrinkage_max_diversification,0.0,9.302474066468312,0.14738208600062266,0.41704715040522167,2.4618871745186417,-0.060946193475172154,60,0.053158631130100845,0.3113559179705953,0.40878165114321785,False,ok
20,10,signal_shrinkage_max_diversification_blend_0.00,2024,2024-07-10,"AFRM,CIFR,CLSK,LUNR,OKLO,ONDS,QBTS,QXO,RGTI,SMCI",0.23663991262022477,0.0013282442513573988,-0.13828729618881408,-0.35129026817010794,risk_off,True,10,15,60,shrinkage_max_diversification,0.0,9.346930014323265,0.134879585219216,0.38235491131971433,2.17300606966628,-0.05174967329442057,60,0.05063486191992586,0.33614455270536364,0.39410158162805586,False,ok
20,10,signal_shrinkage_max_diversification_blend_0.00,2024,2024-07-24,"AAOI,CLSK,IONQ,LUNR,MSTR,OKLO,QBTS,RGTI,STRL,TE",-0.19033188259383058,-0.05553017680795661,-0.4417931491833081,-0.08286517199825724,risk_off,True,10,15,60,shrinkage_max_diversification,0.0,8.334988020153563,0.18,0.480360215113746,2.2403041255257055,-0.06213597200593161,60,0.1713829565657603,0.4024116706275834,0.42460095528897734,False,ok
20,10,signal_shrinkage_max_diversification_blend_0.00,2024,2024-08-07,"AAOI,CIFR,INTC,IREN,MSTR,MXL,QXO,RIOT,SMCI,TE",0.1620435167342401,0.09272888040232813,0.3782678166199033,0.010610718224833183,risk_off,True,10,15,60,shrinkage_max_diversification,0.0,8.531780156299654,0.17180111310346727,0.45357603359720766,2.825731173481584,0.08980687959706575,60,0.17544255089090302,0.5430281254969755,0.5625706014679326,False,ok
20,10,signal_shrinkage_max_diversification_blend_0.00,2024,2024-08-21,"AAOI,APLD,CORZ,MOD,MP,ONTO,QBTS,QXO,RDW,WULF",-0.01598783303875275,-0.022257370920621175,-0.4488088308285617,-0.011955960979015483,risk_off,True,10,15,60,shrinkage_max_diversification,0.0,8.872247744092938,0.1541261926782879,0.42040920959226225,1.9252169944662347,-0.2116247786659217,60,0.14522267310518353,0.46856442947814103,0.5292876346136504,False,ok
20,10,signal_shrinkage_max_diversification_blend_0.00,2024,2024-09-05,"APLD,AXTI,IREN,MXL,ONTO,QBTS,QXO,RDW,RGTI,WULF",0.05132677390739232,0.0507676579525406,0.3701839393890022,0.2767916870957506,risk_off,True,10,15,60,shrinkage_max_diversification,0.0,8.98027998424957,0.16264008414598716,0.43040771078497775,2.5079923672256883,-0.4412662867313249,60,0.15296433882071805,0.4403720902935377,0.5854744989426373,False,ok
20,10,signal_shrinkage_max_diversification_blend_0.00,2024,2024-09-19,"ALAB,FSLR,HUT,MSTR,MXL,ONTO,QXO,SMR,WBD,WULF",0.020607263785929014,0.004308816602763692,-0.0282820504857404,0.10066427948900347,risk_on,True,10,15,60,shrinkage_max_diversification,0.0,7.978401646619037,0.18,0.48897028226054645,2.1380665893368924,0.07329694866666331,60,0.15025743083194543,0.47214589458019435,0.4781946460734574,False,ok
20,10,signal_shrinkage_max_diversification_blend_0.00,2024,2024-10-03,"ALB,AXTI,CLSK,HUT,IREN,JOBY,MARA,NVTS,SMCI,WULF",0.07045300039628942,0.04191889970440256,0.11881585807607924,0.06727026761144919,risk_on,True,10,15,60,shrinkage_max_diversification,0.0,7.1248003830707685,0.18,0.54,2.5762304069843225,-0.08900240369157439,60,0.43847821131118103,0.8054179711349811,0.5697809921517855,False,ok
20,10,signal_shrinkage_max_diversification_blend_0.00,2024,2024-10-17,"ASTS,AXTI,HUT,IREN,JOBY,NVTS,QBTS,SMCI,TEM,WULF",-0.05958426778171073,-0.02049893132552613,0.002774658687138812,0.07703897140173797,risk_on,True,10,15,60,shrinkage_max_diversification,0.0,7.215854943821177,0.18,0.489879340489498,2.4861832936947765,0.11434509944592984,60,0.2827908717373827,0.581199922657663,0.5530209460566021,False,ok
20,10,signal_shrinkage_max_diversification_blend_0.00,2024,2024-10-31,"AFRM,ASTS,CELH,COIN,IREN,MARA,NXT,QBTS,TEM,TSLA",0.20167339487053418,0.06230470323885579,0.016851239044824207,0.037598942517142526,risk_on,True,10,15,60,shrinkage_max_diversification,0.0,7.34619133587862,0.18000000000000002,0.54,2.426218414385349,0.12789849391206573,60,0.19860768330327086,0.5403340632603217,0.40392363801653614,False,ok
20,10,signal_shrinkage_max_diversification_blend_0.00,2024,2024-11-14,"ASTS,HIMS,IREN,JOBY,MXL,NXT,RIVN,SMCI,TEM,THC",0.17982738039105756,0.055127585081780665,0.18362711295075795,0.19946060256473908,risk_on,True,10,15,60,shrinkage_max_diversification,0.0,8.581247397383164,0.18000000000000002,0.4520196621560463,2.217495033563118,0.11180368963163248,60,0.09520684302609046,0.3233418488716505,0.37650730202074406,False,ok
20,10,signal_shrinkage_max_diversification_blend_0.00,2024,2024-11-29,"ASTS,ECHO,FN,MELI,MXL,RIVN,SMCI,TEM,VRT,W",0.02230604470420828,-0.012660488783225895,0.12366425646468004,0.020253635931067507,risk_on,True,10,15,60,shrinkage_max_diversification,0.0,8.166575812314045,0.18,0.4690801346658781,2.513625154824027,-0.11765246611987074,60,0.1108038473474984,0.3127168996266696,0.3165180065718535,False,ok
20,10,signal_shrinkage_max_diversification_blend_0.00,2024,2024-12-13,"ASTS,AXTI,CIFR,MARA,MP,MRNA,POET,SMCI,VRT,WULF",-0.05085414406200201,-0.03021174637009178,-0.17681707199911764,-0.009850936113011879,risk_on,True,10,15,60,shrinkage_max_diversification,0.0,8.499648721149923,0.17999999999999997,0.4572661750885536,2.214488500325365,-0.11932029824297061,60,0.11139390865258954,0.5466542629649078,0.4002693379546525,False,ok
20,10,signal_shrinkage_max_diversification_blend_0.00,2024,2024-12-30,"ASTS,AXTI,HOOD,MRVL,MU,ODFL,OKLO,RIVN,USAR,WBD",0.0732161339620632,0.026094971636684786,0.08352596213158793,0.017308775727566793,risk_on,True,10,15,60,shrinkage_max_diversification,0.0,8.014087564133694,0.18,0.48678154661247947,1.992892618616541,-0.8085354807649757,60,0.11761265654457453,0.40739171123795037,0.3037799061866263,False,ok
20,10,signal_shrinkage_max_diversification_blend_0.00,2025,2025-01-02,"ASTS,FTAI,HOOD,JOBY,MU,OKLO,RIOT,RIVN,STLD,USAR",0.05569322629462998,0.03876436474044464,0.11628777231471593,-0.020821861286343925,risk_on,True,10,15,60,shrinkage_max_diversification,0.0,7.264208660605614,0.17999999999999997,0.5179315099049836,2.3831163064325254,0.3552149849722518,60,0.12301467445670268,0.5983850739203705,0.32698486534288673,False,ok
20,10,signal_shrinkage_max_diversification_blend_0.00,2025,2025-01-17,"CLSK,COIN,CVNA,JOBY,MSTR,MU,RIOT,SMCI,SMR,TEM",0.04294356570227014,0.008491856842083046,-0.09334434361763874,0.019796335660454703,risk_on,True,10,15,60,shrinkage_max_diversification,0.0,7.036551102027526,0.17999999999999997,0.5181044349554993,2.5942591678089,-0.2189463774966524,60,0.2721391261017625,0.7084858656125046,0.5679854246603313,False,ok
20,10,signal_shrinkage_max_diversification_blend_0.00,2025,2025-02-03,"APLD,CIFR,CLSK,FN,IREN,MARA,MSTR,RIOT,SMR,WULF",0.03241298627085923,0.02749779911001651,0.03907129603602874,-0.38041240616921745,risk_on,True,10,15,60,shrinkage_max_diversification,0.0,6.328513414442058,0.18,0.54,2.2661676561279216,-0.22292806458047526,60,0.5185657773781702,0.7600758654238257,0.8153646797524312,False,ok
20,10,signal_shrinkage_max_diversification_blend_0.00,2025,2025-02-18,"CIEN,CIFR,FN,FTAI,IREN,MRNA,NVTS,QBTS,RKLB,SMTC",-0.17605663816870978,-0.07831040519783085,-0.41032740624463504,-0.2914614388112811,risk_off,True,10,15,60,shrinkage_max_diversification,0.0,8.508275824518364,0.17999999999999983,0.438167533307711,2.291552107977842,0.2952668032973843,60,0.1407127368358322,0.6195647122902105,0.4791643303707212,False,ok
20,10,signal_shrinkage_max_diversification_blend_0.00,2025,2025-03-04,"ALAB,APLD,FTAI,IONQ,MOD,NVTS,ONDS,POET,QBTS,TE",0.06167977400270195,-0.011258507028811935,-0.043736199342148445,-0.22267624545882506,risk_off,True,10,15,60,shrinkage_max_diversification,0.0,7.538158220733584,0.18,0.5371400043518966,2.5963135780343825,-0.6815441145293561,60,0.22184332121980585,0.5870686206651523,0.6189879534402203,False,ok
20,10,signal_shrinkage_max_diversification_blend_0.00,2025,2025-03-18,"AAOI,ALAB,LITE,LUNR,MOD,MSTR,NU,POET,SMTC,TLN",-0.041155384462906903,-0.009137089693136213,-0.29176515606771625,-0.24366286419518365,risk_off,True,10,15,60,shrinkage_max_diversification,0.0,7.23219080892559,0.18,0.5232026051243146,2.5802255788330797,-0.6540745297885846,60,0.3873352124753802,0.6240542290938462,0.6374010362128455,False,ok
20,10,signal_shrinkage_max_diversification_blend_0.00,2025,2025-04-01,"AAOI,CLSK,HUT,IONQ,IREN,LUNR,RGTI,RKLB,SMTC,USAR",0.1641553230314655,-0.04922203952077082,-0.1282322280064855,0.17173043504327065,neutral,True,10,15,60,shrinkage_max_diversification,0.0,7.521575144332188,0.1714474521084201,0.48448683161289113,2.9732855916832275,-0.10546868135675039,60,0.26117777374060447,0.5814129810125366,0.7593400832791509,False,ok
20,10,signal_shrinkage_max_diversification_blend_0.00,2025,2025-04-15,"AAOI,APLD,HUT,LUNR,OKLO,ONDS,RDDT,RDW,TEM,WULF",0.1273553450101354,0.049401892970434166,0.4031463936121158,0.6210310408383999,risk_on,True,10,15,60,shrinkage_max_diversification,0.0,6.863585231364217,0.18000000000000002,0.5349864016378748,2.9343814804398325,0.16206451861430218,60,0.4271244250126899,0.666183820238185,0.8952065986268517,False,ok
20,10,signal_shrinkage_max_diversification_blend_0.00,2025,2025-04-30,"AAOI,ASTS,CIFR,DAL,LUNR,NVTS,OKLO,PL,RDW,TER",0.22864541868265179,0.08257115839521444,0.6591009734156393,0.49914492178157993,risk_on,True,10,15,60,shrinkage_max_diversification,0.0,7.138184756332016,0.18,0.54,1.4413418658054198,-0.37848617981353383,60,0.5029793760968203,0.6668603077960389,0.7411434446071653,False,ok
20,10,signal_shrinkage_max_diversification_blend_0.00,2025,2025-05-14,"APLD,ASTS,AXTI,CIFR,DOCN,LSCC,ONDS,RDW,VSH,XYZ",0.07652597332449111,0.006259719356398494,-0.10435934196048963,0.15937865664006653,risk_on,True,10,15,60,shrinkage_max_diversification,0.0,7.478922432867093,0.18000000000000002,0.4853870823214613,2.5583480256873123,0.46750608882922695,60,0.37584824603007927,0.6355319246132541,0.6843457022376186,False,ok
20,10,signal_shrinkage_max_diversification_blend_0.00,2025,2025-05-29,"AAOI,AFRM,ASTS,AXTI,CLSK,FTAI,LSCC,MARA,MRNA,RDDT",0.18973545360839192,0.04646953903665356,0.41746334223582127,0.4349128124094497,risk_off,True,10,15,60,shrinkage_max_diversification,0.0,7.022944148136308,0.18,0.5399999999999998,2.435927122202898,0.23384816625988403,60,0.44533665616642326,0.7647589332154462,0.6412933130442937,False,ok
20,10,signal_shrinkage_max_diversification_blend_0.00,2025,2025-06-12,"CLSK,ENPH,MARA,NET,PL,RBLX,RDDT,RGTI,RKLB,TSLA",0.05539246682076834,0.02396039914131386,0.15383304240814907,0.2044936006979426,risk_off,True,10,15,60,shrinkage_max_diversification,0.0,7.673185827701463,0.18000000000000002,0.5228507463057714,2.5218653379842544,-0.34920322083287486,60,0.29770539497326687,0.6608471238688269,0.5164741837263304,False,ok
20,10,signal_shrinkage_max_diversification_blend_0.00,2025,2025-06-27,"ALAB,CLSK,ENPH,FSLR,PL,RBLX,TE,TEM,TSLA,USAR",0.04620784433513371,0.028094574840325917,0.2297044663824032,0.2727732678258654,risk_off,True,10,15,60,shrinkage_max_diversification,0.0,8.174096568358985,0.18,0.4825136250115259,2.537554301519595,-0.5107367836329006,60,0.18609186635669994,0.36245306396230054,0.4913640207798472,False,ok
20,10,signal_shrinkage_max_diversification_blend_0.00,2025,2025-07-14,"ALAB,CNC,CORZ,ECHO,ENPH,FSLR,IONQ,RGTI,SITM,TE",0.023160350653771877,0.02099587872693245,0.10887773412400213,-0.019051660663882516,risk_off,True,10,15,60,shrinkage_max_diversification,0.0,9.314087372862499,0.16897175286832714,0.3875443255066021,2.4286762696695163,0.5097387136678887,60,0.056339650659333676,0.3206154111842886,0.3620290819011334,False,ok
20,10,signal_shrinkage_max_diversification_blend_0.00,2025,2025-07-28,"APLD,CNC,HIMS,IONQ,LUNR,MARA,QBTS,RDW,TE,USAR",-0.025727480510531798,-0.0124246768190232,-0.0541204603785148,0.005902344034344923,risk_off,True,10,15,60,shrinkage_max_diversification,0.0,8.715346046589248,0.18,0.44573016124116105,2.752079097209948,0.8770006564714167,60,0.07311500768779336,0.3030892926512676,0.4258217753703047,False,ok
20,10,signal_shrinkage_max_diversification_blend_0.00,2025,2025-08-11,"AXTI,CHTR,CVNA,DOCN,FTAI,GH,OKLO,QBTS,RDW,TER",0.08172582200215465,0.031742555384127666,0.1821535373575194,0.2728647845566482,risk_off,True,10,15,60,shrinkage_max_diversification,0.0,8.406465348019378,0.17766171537635894,0.4686766854928824,2.0872964866416597,-0.6919589865176048,60,0.07206267978476799,0.39344663164781857,0.2926247114773035,False,ok
20,10,signal_shrinkage_max_diversification_blend_0.00,2025,2025-08-25,"AAOI,CLS,CVNA,HUT,OKLO,RBLX,RDW,RGTI,RIOT,ROKU",0.08120658266847329,0.02140993751554376,0.24023424670260876,0.34408180058516563,risk_off,True,10,15,60,shrinkage_max_diversification,0.0,7.473441936158326,0.18,0.5361717836652882,2.470784528692943,0.35484276381285057,60,0.23081981564128332,0.5829709696345705,0.38890911800456285,False,ok
20,10,signal_shrinkage_max_diversification_blend_0.00,2025,2025-09-09,"AAOI,APLD,HOOD,HUT,KGC,NXT,PL,RGTI,RKLB,SMR",0.22244155116776582,0.04370804273897294,0.3318499113640434,0.29720111593729065,risk_off,True,10,15,60,shrinkage_max_diversification,0.0,8.45965410128899,0.18,0.4665392326180007,2.568347094257822,0.2944224443898146,60,0.09884633839397455,0.318034818030521,0.339094249998863,False,ok
20,10,signal_shrinkage_max_diversification_blend_0.00,2025,2025-09-23,"AAOI,AFRM,HIMS,MRVL,PL,POET,RDW,RKLB,SMR,SNOW",0.11601608725265601,0.019671963845306072,0.123192708423835,0.16998954051640727,risk_off,True,10,15,60,shrinkage_max_diversification,0.0,9.78195808001952,0.13070817964970885,0.3570030766272094,2.6021745044596223,-0.034127115219072815,60,0.042718964065051344,0.10339734951861153,0.29933722046382144,False,ok
20,10,signal_shrinkage_max_diversification_blend_0.00,2025,2025-10-07,"AAOI,ALAB,HIMS,NVTS,ORCL,POET,RDW,RKLB,RMBS,SMR",0.03618137431914166,0.007178924347688331,0.15413869312932474,0.04143831653954678,risk_off,True,10,15,60,shrinkage_max_diversification,0.0,9.935477472972089,0.10933951526414268,0.32372542902056023,2.163792338024124,0.03607265483350225,60,0.02210639046570839,0.09453195364439931,0.30217734818492015,False,ok
20,10,signal_shrinkage_max_diversification_blend_0.00,2025,2025-10-21,"AAOI,CDE,CLS,FICO,JOBY,MARA,NVTS,SMR,SMTC,TEM",-0.03337938923228381,-0.014872487691560386,-0.04663713614500126,-0.23309716836033537,risk_off,True,10,15,60,shrinkage_max_diversification,0.0,7.9061962332148035,0.1799999999999999,0.4878925970449016,2.2639072172635175,0.5744120742434657,60,0.1530305095399883,0.38069922945884554,0.3482998742314076,False,ok
20,10,signal_shrinkage_max_diversification_blend_0.00,2025,2025-11-04,"AA,ALB,CRDO,ENTG,FISV,HL,KVUE,RDDT,RMBS,SITM",0.030285108185293806,-0.022435499193692334,-0.33157468621432973,0.019748863469426604,risk_off,True,10,15,60,shrinkage_max_diversification,0.0,8.66731933228624,0.18000000000000002,0.4629312785416382,2.2213208646604365,0.3652026242418335,60,0.09555333356703764,0.2913079480154465,0.2738966887119474,False,ok
20,10,signal_shrinkage_max_diversification_blend_0.00,2025,2025-11-18,"ALAB,CVNA,EXPE,FISV,MRNA,ONDS,RDDT,SMR,STX,W",0.0689270046140614,0.055713208470791704,0.3484590112881119,0.1862982670777028,risk_off,True,10,15,60,shrinkage_max_diversification,0.0,8.604075780671405,0.1722383499302607,0.464949276355092,2.256907165835013,-0.17495788961561176,60,0.05963227373219777,0.22315789140887213,0.30394249381593913,False,ok
20,10,signal_shrinkage_max_diversification_blend_0.00,2025,2025-12-03,"AFRM,HOOD,LUNR,MOD,MP,ONDS,POET,TTMI,USAR,WULF",-0.09534848693891791,-0.007919288069769227,-0.1442284878369189,0.08873071118191897,risk_off,True,10,15,60,shrinkage_max_diversification,0.0,7.026870067282373,0.18,0.5327263082620123,2.2927178005293225,-0.2050887227765777,60,0.2791894201072166,0.5962630552845642,0.5090902561546836,False,ok
20,10,signal_shrinkage_max_diversification_blend_0.00,2025,2025-12-17,"APLD,CIFR,CLSK,HOOD,HUT,LUNR,NVTS,QBTS,RGTI,USAR",0.22135627679975992,0.03438657190961965,0.39560976740688025,0.3310499318709211,risk_off,True,10,15,60,shrinkage_max_diversification,0.0,6.567948082325735,0.18,0.5176921434002327,2.6433981072199026,-0.23004285012152179,60,0.4704523261783225,0.8517859418446305,0.7810159704950118,False,ok
20,10,signal_shrinkage_max_diversification_blend_0.00,2026,2026-01-02,"ALAB,BE,CORZ,IONQ,IREN,NVTS,RGTI,RIVN,TTMI,USAR",0.14133438318016275,0.04592265680505814,0.22054039674752626,0.018092089236777253,risk_off,True,10,15,60,shrinkage_max_diversification,0.0,6.859568738954324,0.18,0.511609452619455,2.730045425488099,-0.2023826079894783,60,0.36715879754896863,0.757102220971529,0.5917883879256889,False,ok
20,10,signal_shrinkage_max_diversification_blend_0.00,2026,2026-01-16,"ALAB,CIFR,CLSK,ECHO,IONQ,MARA,OKLO,QBTS,RGTI,SMR",-0.1772872057888425,-0.009903833912982694,-0.28051387571717,-0.24197931695478764,risk_off,True,10,15,60,shrinkage_max_diversification,0.0,6.787316133918267,0.1799999999999999,0.5084575699511689,2.65684268290336,-0.10658462592047008,60,0.4796820784764086,0.8775325304798374,0.6056029466957211,False,ok
20,10,signal_shrinkage_max_diversification_blend_0.00,2026,2026-02-02,"AMKR,AU,CIFR,CLS,HUT,INTC,MP,OKLO,RIOT,WULF",0.020575135998297654,0.003258543217893794,-0.17895336440321932,-0.25019486878882913,risk_off,True,10,15,60,shrinkage_max_diversification,0.0,6.854636286300099,0.18,0.5399999999999998,2.2222905949703944,-0.5787267937095175,60,0.3828982483712396,0.7479667358533951,0.47627708297917026,False,ok
20,10,signal_shrinkage_max_diversification_blend_0.00,2026,2026-02-17,"CDE,CLS,CORZ,DDOG,EL,NET,PINS,RIVN,RVMD,SPOT",0.004436845295544046,0.006937345951593162,-0.07442603463526325,-0.03729178564215712,risk_off,True,10,15,60,shrinkage_max_diversification,0.0,8.721667556336952,0.17210405829897787,0.4361652480140962,2.0366711773765784,0.37598228289119046,60,0.07918178210445502,0.27942308340807365,0.2610727710906155,False,ok
20,10,signal_shrinkage_max_diversification_blend_0.00,2026,2026-03-03,"APP,AXON,COIN,HUBS,POET,RBRK,RGTI,RIVN,SPOT,XYZ",-0.025423149705576867,-0.015694294712545805,0.059049503032388345,-0.060192915660922656,risk_off,True,10,15,60,shrinkage_max_diversification,0.0,7.460457861145319,0.16757252230247832,0.4746720224294768,2.0405540716879695,-0.5934879024570839,60,0.22387921643921563,0.48518692897872534,0.39051451007824867,False,ok
20,10,signal_shrinkage_max_diversification_blend_0.00,2026,2026-03-17,"CIFR,COIN,FICO,FLUT,HL,IONQ,RDW,RGTI,TEAM,W",-0.09057673660906501,-0.02254958857843178,-0.1986154392285275,0.2901212314478354,risk_off,True,10,15,60,shrinkage_max_diversification,0.0,6.4351768931569575,0.18,0.54,2.6178737014773894,0.3269012934254972,60,0.2501110779314135,0.7851828793349107,0.3575725156596702,False,ok
20,10,signal_shrinkage_max_diversification_blend_0.00,2026,2026-03-31,"ALAB,APLD,CIFR,CLSK,CRDO,HL,IREN,MU,RDW,TE",0.35731046981559966,0.07476134006191577,0.5237020628082512,0.3138909195636782,risk_off,True,10,15,60,shrinkage_max_diversification,0.0,6.3942600855346665,0.18000000000000002,0.54,2.7817065781810015,-0.19552121575124143,60,0.4193668223730791,0.7889053052790459,0.6134174987491228,False,ok
20,10,signal_shrinkage_max_diversification_blend_0.00,2026,2026-04-15,"APP,MOD,MP,MU,NVTS,OKLO,RDW,SMR,SMTC,TEM",0.014308775996277502,0.007164375328154752,-0.008991924615117056,0.24371460840588607,risk_off,True,10,15,60,shrinkage_max_diversification,0.0,7.016251299418393,0.18,0.5398304610102419,2.1762777861367706,-0.17497782013222007,60,0.3474665914702291,0.7662350917810049,0.4873302798319442,False,ok
20,10,signal_shrinkage_max_diversification_blend_0.00,2026,2026-04-29,"FICO,IREN,LYB,MP,NET,NXT,OKLO,TE,TEAM,TEM",0.08615401276085624,0.043709481522160115,0.2388898515594062,0.35280803523214094,risk_off,True,10,15,60,shrinkage_max_diversification,0.0,7.051607169221079,0.17999999999999988,0.5399999999999986,2.3355033662479077,0.07767334740847137,60,0.13611619387165239,0.6859861638146025,0.2874657806821935,False,ok
20,10,signal_shrinkage_max_diversification_blend_0.00,2026,2026-05-13,"ALB,ENPH,FIX,FTAI,MP,RDDT,RGTI,TE,TER,ZTS",0.22478701597555042,0.04661327358101235,0.23534777622623007,0.04743792799830555,risk_off,True,10,15,60,shrinkage_max_diversification,0.0,6.951909321364308,0.18000000000000005,0.5195157520695709,2.0524734612126845,0.35543556017398376,60,0.2394132731002674,0.524346183170343,0.36867753094580874,False,ok
20,10,signal_shrinkage_max_diversification_blend_0.00,2026,2026-05-28,"ANET,FORM,FTAI,HIMS,KTOS,NET,NXPI,SHOP,TER,W",-0.0199692803742776,-0.007783458915812064,-0.22918170722935896,-0.1991334859883724,risk_off,True,10,15,60,shrinkage_max_diversification,0.0,8.54827620468463,0.18,0.45830702291170217,2.209506950159872,-0.2710816797430612,60,0.14690990075670682,0.43417427355572163,0.35185715944356233,False,ok
20,10,signal_shrinkage_max_diversification_blend_0.25,2021,2021-01-04,"AXTI,CVNA,EQT,NET,PLTR,QXO,SITM,STRL,THC,WDC",0.19626852063082245,0.07030973856078798,0.25833680457444064,0.22737856291916733,risk_off,True,10,15,60,shrinkage_max_diversification,0.25,9.320608966013268,0.14441869160190557,0.4042316451809342,3.0,,60,0.0747370259332639,0.2750610385754208,0.28381933412714105,False,ok
20,10,signal_shrinkage_max_diversification_blend_0.25,2021,2021-01-19,"CDE,CVNA,HL,MP,MRNA,NET,PLTR,SNOW,W,WDC",0.072752341744654,-0.010274998055037218,-0.09944960954464188,0.2417731730130608,risk_off,True,10,15,60,shrinkage_max_diversification,0.25,9.194947085194261,0.1523569092094058,0.4244062422032111,2.8692480784733903,-0.19499633749449813,60,0.1489595532220908,0.6808908488875026,0.3824674657406232,False,ok
20,10,signal_shrinkage_max_diversification_blend_0.25,2021,2021-02-02,"CCJ,CDE,CVNA,ENPH,HL,INSM,MP,OXY,PAAS,PLTR",0.07557722193194769,0.058056854757281895,0.32937203498193474,0.17105479895492223,risk_off,True,10,15,60,shrinkage_max_diversification,0.25,9.050638202471495,0.15367234224152454,0.4100400180775505,2.8622353280249,-0.6029546843295781,60,0.1432281114459301,0.7794679591248602,0.3952292379723617,False,ok
20,10,signal_shrinkage_max_diversification_blend_0.25,2021,2021-02-17,"BE,CDE,CELH,CLSK,ENPH,HL,INSM,NTRA,PAAS,RVMD",-0.0725888094305026,-0.017086850018389037,0.045086684235397245,0.01581838817925182,risk_off,True,10,15,60,shrinkage_max_diversification,0.25,8.619776916868503,0.1630667440986778,0.45493793303919494,2.8852912697325275,0.22199097949286553,60,0.17274358280402777,0.802938299091341,0.39149839644652373,False,ok
20,10,signal_shrinkage_max_diversification_blend_0.25,2021,2021-03-03,"AXTI,CDE,CELH,CLSK,HL,MSTR,MXL,ONDS,W,WULF",0.03413278394907239,0.04286819959595054,-0.023320999873354235,-0.3167486979013101,risk_off,True,10,15,60,shrinkage_max_diversification,0.25,9.414464839059415,0.16243770783329728,0.38826952075093335,2.9091215165575344,0.32253939342219223,60,0.13983260347892137,0.6822927219103897,0.48919670317270086,False,ok
20,10,signal_shrinkage_max_diversification_blend_0.25,2021,2021-03-17,"AXTI,BE,CVNA,MSTR,MXL,ONDS,PLTR,RKLB,TWLO,W",-0.09209881398051514,-0.010537424443842812,-0.4245636738510876,-0.25777114827080255,risk_on,True,10,15,60,shrinkage_max_diversification,0.25,8.495848129058974,0.15931724723019397,0.43818119070018785,2.710752251206236,-0.18200799335941809,60,0.21286320434849734,0.4443655916980294,0.4752411267633716,False,ok
20,10,signal_shrinkage_max_diversification_blend_0.25,2021,2021-03-31,"AXTI,BE,CELH,ENPH,HIMS,HUT,MP,MSTR,ONDS,TSLA",-0.02421050261479569,0.03583900671621776,-0.03899371576334937,-0.13678027560331857,risk_on,True,10,15,60,shrinkage_max_diversification,0.25,8.578410340056344,0.16053625941097088,0.47624618412320374,2.963422258171908,-0.4517798548471023,60,0.27818841881106804,0.5347619308669636,0.6340967289509003,False,ok
20,10,signal_shrinkage_max_diversification_blend_0.25,2021,2021-04-15,"AXTI,BE,CELH,CLSK,ENPH,HUT,MARA,MP,MSTR,QXO",-0.0219927087190486,0.008869373278152688,-0.14977533971793963,-0.3550078438848738,risk_on,True,10,15,60,shrinkage_max_diversification,0.25,8.33020191059603,0.16461792844745676,0.4663030425508964,2.8132440854428475,0.02615296972443485,60,0.3344929676878847,0.7186400923036146,0.6800312631040412,False,ok
20,10,signal_shrinkage_max_diversification_blend_0.25,2021,2021-04-29,"BE,CELH,CLSK,ENPH,HIMS,HUT,MSTR,ONDS,QXO,RIOT",-0.2132952138186493,-0.03460121515501072,-0.304001814956624,-0.014429517717168508,risk_on,True,10,15,60,shrinkage_max_diversification,0.25,7.939083820925871,0.16049492278138475,0.4765355405303069,2.966428899711378,-0.3633993778558933,60,0.28437959208487307,0.6777904643034492,0.6102057546329577,False,ok
20,10,signal_shrinkage_max_diversification_blend_0.25,2021,2021-05-13,"CCJ,CDE,CELH,EQT,HL,MARA,MP,RIOT,SHOP,SITM",0.1833682961945147,0.04738176771365853,0.3740547651377887,0.38543294876363476,risk_off,True,10,15,60,shrinkage_max_diversification,0.25,8.473698961709259,0.15665533720360347,0.4482765881887093,2.931376960266766,-0.48474858450893726,60,0.2990643164490036,0.8847462125996447,0.47653467113094866,False,ok
20,10,signal_shrinkage_max_diversification_blend_0.25,2021,2021-05-27,"BE,CCJ,CLSK,DASH,HIMS,HUT,MARA,ONDS,RIOT,SITM",0.0008686772126961083,0.02033109660006305,0.15765067933687468,0.221701974905471,risk_off,True,10,15,60,shrinkage_max_diversification,0.25,7.818467551208819,0.1611450879102568,0.4565888527840113,2.9137450184107188,-0.3135916615479827,60,0.40815001799286244,0.8750250560799142,0.5936994276879557,False,ok
20,10,signal_shrinkage_max_diversification_blend_0.25,2021,2021-06-11,"AFRM,ASTS,CLSK,DASH,HIMS,HUT,MARA,ONDS,POET,RIOT",0.01006663638864935,0.0047539965984023744,-0.018855411686483012,-0.12474482022892026,risk_off,True,10,15,60,shrinkage_max_diversification,0.25,8.128500425232101,0.16,0.4562930528790007,3.0,,60,0.2282158565856552,0.7454754338868148,0.5023377046739788,False,ok
20,10,signal_shrinkage_max_diversification_blend_0.25,2021,2021-06-25,"AFRM,ASTS,AXTI,CLSK,HUT,MARA,MSTR,ONDS,POET,RIOT",0.05955924090191406,0.005006235888459096,-0.3303939101029276,-0.3845213329025605,risk_off,True,10,15,60,shrinkage_max_diversification,0.25,7.9165011343645535,0.15924150009823784,0.44831358942152894,2.9945578864526,-0.3849238290935521,60,0.23656960623577036,0.7788178702447897,0.47775618638482636,False,ok
20,10,signal_shrinkage_max_diversification_blend_0.25,2021,2021-07-12,"AXTI,BB,HUT,MARA,MSTR,OXY,POET,RBLX,RIOT,STRL",-0.03636596824991113,-0.004550332550037896,-0.42440856730260135,-0.24434032378922488,risk_off,True,10,15,60,shrinkage_max_diversification,0.25,8.28742136548808,0.1589995955800117,0.4595454206374531,2.966909289724639,-0.6659109331502499,60,0.20227049818068482,0.8461623042819173,0.37975222593017544,False,ok
20,10,signal_shrinkage_max_diversification_blend_0.25,2021,2021-07-26,"AA,ASTS,CCL,COIN,HUT,MARA,MSTR,NCLH,RIOT,TE",0.10511402681267655,0.016342206127531962,0.06646754373851718,-0.17801495266771503,risk_off,True,10,15,60,shrinkage_max_diversification,0.25,8.294960219388281,0.16,0.4555114384004437,3.0,,60,0.19602658992008593,0.7965292684172393,0.37550800711625626,False,ok
20,10,signal_shrinkage_max_diversification_blend_0.25,2021,2021-08-09,"AA,AFRM,ASTS,CCL,CLSK,DOCN,HIMS,JOBY,NCLH,RIOT",-0.03167793135099642,-0.002709470172841376,-0.3698986180113055,-0.09160786047325677,risk_off,True,10,15,60,shrinkage_max_diversification,0.25,9.108415988649687,0.16022559974830508,0.4149660854097181,2.9883289290361166,-0.2618182695423465,60,0.09813968490533871,0.46661282146373884,0.30531532836953973,False,ok
20,10,signal_shrinkage_max_diversification_blend_0.25,2021,2021-08-23,"AA,AFRM,ASTS,CLSK,DOCN,HIMS,JOBY,ONDS,RIOT,TE",0.12775055265184931,0.022358568293754644,0.2455596133686562,0.14392889544554638,risk_off,True,10,15,60,shrinkage_max_diversification,0.25,9.72666651640843,0.12378447962078248,0.35045757003303807,2.981251790640185,-0.25113088167345676,60,0.045087783270591555,0.24372629630090215,0.3069717895145763,False,ok
20,10,signal_shrinkage_max_diversification_blend_0.25,2021,2021-09-07,"APP,ASTS,CIFR,CLSK,HIMS,JOBY,ONDS,RIOT,SOFI,TE",-0.02370303867503979,-0.03279268938912169,-0.028896012938420687,0.05346622045751869,risk_off,True,10,15,60,shrinkage_max_diversification,0.25,9.325496114332244,0.14961505367086805,0.3920383715627639,2.995133652957183,0.22279247617268402,60,0.03771090728268124,0.31138464093280865,0.2665897986948059,False,ok
20,10,signal_shrinkage_max_diversification_blend_0.25,2021,2021-09-21,"APP,ASTS,AXTI,CIFR,CLSK,HUT,MARA,ONDS,RDW,WULF",0.007601398884124483,0.008895212668288804,0.16470690600024102,0.19162832880431827,risk_off,True,10,15,60,shrinkage_max_diversification,0.25,8.573738067522054,0.16040994151637192,0.4486959301767276,2.9949603292604072,0.5831663934270224,60,0.12011120875915632,0.47297492867813923,0.32295616443095077,False,ok
20,10,signal_shrinkage_max_diversification_blend_0.25,2021,2021-10-05,"APP,ASTS,AXTI,CIFR,CLSK,IONQ,MARA,ONDS,POET,RKLB",0.08409055693905655,0.044197449144180785,0.06836395559596606,0.16894520457524875,risk_off,True,10,15,60,shrinkage_max_diversification,0.25,9.188110539099178,0.1409448374416084,0.3974882852798461,3.0,,60,0.06831723132210603,0.38059533030608406,0.29390705033579756,False,ok
20,10,signal_shrinkage_max_diversification_blend_0.25,2021,2021-10-19,"AA,BB,BE,CIFR,IONQ,JOBY,ONDS,POET,RDW,RIOT",0.11994610557600716,0.0274391614111111,0.158929877660065,0.21699465291040262,risk_off,True,10,15,60,shrinkage_max_diversification,0.25,9.852554097921857,0.12121317417258085,0.33957483619158824,3.0000000000000004,,60,0.045625418602201026,0.1645422970227506,0.28716168737800535,False,ok
20,10,signal_shrinkage_max_diversification_blend_0.25,2021,2021-11-02,"AA,BB,CIFR,HIMS,JOBY,ONDS,PINS,RDW,RIOT,RKLB",0.029544178252362295,0.026244664085104744,0.09809047628619331,-0.1579223133021045,risk_off,True,10,15,60,shrinkage_max_diversification,0.25,9.730387932562493,0.12767746310283998,0.3590374253134754,2.9716437202408326,0.10442945708817523,60,0.06769560287415383,0.21474422465427465,0.33804185764268585,False,ok
20,10,signal_shrinkage_max_diversification_blend_0.25,2021,2021-11-16,"AA,AFRM,CELH,CIFR,CLSK,HIMS,MARA,QXO,RDW,SITM",-0.16641551981700325,-0.07477096313389131,-0.3412867976119783,-0.41863314033748666,risk_off,True,10,15,60,shrinkage_max_diversification,0.25,9.198373408278394,0.16185352119448418,0.39286259063502865,2.9128956363277103,-0.09333296049698019,60,0.08515944256161626,0.3621961026566234,0.3629929919056172,False,ok
20,10,signal_shrinkage_max_diversification_blend_0.25,2021,2021-12-01,"AAOI,AFRM,APP,DOCN,MARA,MRNA,QXO,RIOT,SITM,TOST",-0.0608201821425023,0.03206265906009462,-0.23531345890986713,-0.1961572969739614,risk_off,True,10,15,60,shrinkage_max_diversification,0.25,9.09071742089817,0.14994517385667594,0.41382347624610644,2.9749096403539177,-0.5264073182722535,60,0.1606748048446234,0.5676273604514948,0.4154239191960019,False,ok
20,10,signal_shrinkage_max_diversification_blend_0.25,2021,2021-12-15,"AFRM,MDB,MRNA,QXO,ROKU,SITM,SNOW,TE,WULF,ZS",-0.040654261273991896,0.02303781766939532,0.00578960142864443,-0.10045668547478893,risk_off,True,10,15,60,shrinkage_max_diversification,0.25,8.577500324799914,0.1572910253565311,0.43422018345985525,2.9874297794325524,-0.20873252418614954,60,0.22618058221466872,0.510913302468157,0.4129380142147631,False,ok
20,10,signal_shrinkage_max_diversification_blend_0.25,2021,2021-12-30,"AFRM,CVNA,DOCN,IONQ,MDB,MRNA,ROKU,SITM,TE,WULF",-0.2010573294081191,-0.024185950728445975,-0.26275570849771385,-0.4713169939112061,risk_off,True,10,15,60,shrinkage_max_diversification,0.25,8.172044563513307,0.1628302606656734,0.47823262072075257,2.7955345744686895,0.11495264226731002,60,0.20449677404919298,0.5380907105491125,0.43105855585741715,False,ok
20,10,signal_shrinkage_max_diversification_blend_0.25,2022,2022-01-03,"AFRM,DKNG,DOCN,HOOD,HUT,IONQ,PL,ROKU,TOST,WULF",-0.19539091600150962,-0.04732579047660334,-0.4712230195216537,-0.4691354964722685,risk_off,True,10,15,60,shrinkage_max_diversification,0.25,8.90482956532024,0.16098456559783494,0.4301588423244407,2.96875756237667,0.5593719849629238,60,0.26611798654596164,0.5413547462879342,0.5053277666943329,False,ok
20,10,signal_shrinkage_max_diversification_blend_0.25,2022,2022-01-18,"DKNG,HOOD,ILMN,MP,ONTO,PL,QXO,RDW,TSLA,WULF",-0.07297322314404603,-0.012526326423444268,-0.014744448602641942,-0.01149307171354791,risk_off,True,10,15,60,shrinkage_max_diversification,0.25,8.852852431164429,0.15497502871581492,0.41056517314011337,2.9305550670038634,0.4444938193341914,60,0.20025912834102672,0.5011204687515542,0.39389208085039856,False,ok
20,10,signal_shrinkage_max_diversification_blend_0.25,2022,2022-02-01,"CLSK,DKNG,HOOD,HUT,MARA,NET,ONTO,PL,SOFI,WULF",0.0433277053908178,0.00884588395541027,0.08412063803613701,-0.12800636597648254,risk_off,True,10,15,60,shrinkage_max_diversification,0.25,8.213110475725902,0.1652183442236683,0.47088822602776725,2.7724156160122115,-0.1301140119734591,60,0.4142372924305049,0.7262488875309062,0.5983634453245925,False,ok
20,10,signal_shrinkage_max_diversification_blend_0.25,2022,2022-02-15,"AFRM,CIFR,CVNA,MARA,MRNA,NVTS,RBLX,RIOT,RIVN,SOFI",-0.09784668405896935,-0.016314403635332674,-0.19887043177727395,-0.31512389706296234,risk_off,True,10,15,60,shrinkage_max_diversification,0.25,7.0825460753182625,0.17036251860947854,0.4980608439413254,2.701963601245314,0.5089640339363201,60,0.43495317638334613,0.8854105957001239,0.5932837330987649,False,ok
20,10,signal_shrinkage_max_diversification_blend_0.25,2022,2022-03-02,"AFRM,CIFR,DOCN,JOBY,MARA,MRNA,ONDS,RIOT,VRT,XYZ",-0.005486685603899961,-0.015645288184106435,-0.2908678587508675,-0.10842585592810418,risk_off,True,10,15,60,shrinkage_max_diversification,0.25,7.342260548182476,0.17021533882685094,0.4899179894622361,2.7117288400950352,0.5914124275633511,60,0.4890712410920902,0.8857791764540887,0.6494126504127649,False,ok
20,10,signal_shrinkage_max_diversification_blend_0.25,2022,2022-03-16,"AFRM,CVNA,DASH,HIMS,NTRA,ONDS,RBLX,VRT,WULF,XYZ",0.17528785665941263,0.060508788043382895,0.20484329211969354,-0.21448843669010192,risk_off,True,10,15,60,shrinkage_max_diversification,0.25,7.392650133529917,0.1776372275089942,0.5215163797525624,2.55277366107127,0.7226865756465647,60,0.3383987654375084,0.640842123300419,0.6268871049081829,False,ok
20,10,signal_shrinkage_max_diversification_blend_0.25,2022,2022-03-30,"AFRM,GH,NTRA,NU,QXO,RBLX,RIVN,SHOP,VRT,WULF",-0.11051972648502931,-0.0332926426922929,-0.46720179811280554,-0.5347647652108458,risk_off,True,10,15,60,shrinkage_max_diversification,0.25,7.287112508715641,0.17582420693700423,0.505927020244826,2.586435390505727,0.7057386129501534,60,0.31365790256038795,0.6213036153200157,0.6332553101722005,False,ok
20,10,signal_shrinkage_max_diversification_blend_0.25,2022,2022-04-13,"AFRM,CELH,HOOD,JOBY,NTRA,RBLX,RGTI,RIVN,W,XYZ",-0.09995344427256574,-0.0478878133167235,-0.33603280208110414,-0.42724119599241234,risk_off,True,10,15,60,shrinkage_max_diversification,0.25,7.809186263846,0.16,0.47999999999999987,3.0,,60,0.4481007019409484,0.6413282822604626,0.6573836541872528,False,ok
20,10,signal_shrinkage_max_diversification_blend_0.25,2022,2022-04-28,"CELH,META,NTRA,PINS,PL,RGTI,SMCI,TOST,VRT,WULF",-0.08090169045478698,-0.09980559397127838,-0.3447208967320751,-0.15769049323314088,risk_off,True,10,15,60,shrinkage_max_diversification,0.25,8.85972339151848,0.15881219403730362,0.43260301109086946,2.8652255185179074,-0.5024913282849641,60,0.2045801448237438,0.41035051442968473,0.4864624743992801,False,ok
20,10,signal_shrinkage_max_diversification_blend_0.25,2022,2022-05-12,"AFRM,CIFR,COIN,CVNA,GH,MSTR,MXL,RIVN,W,WULF",0.15026518104262826,0.05902800107903099,0.19055071364452306,0.13949057783080895,risk_off,True,10,15,60,shrinkage_max_diversification,0.25,7.615810587596416,0.1601324268120583,0.4803972804361748,2.9914036201789207,-0.35035152847268053,60,0.4532737172272045,0.7460217255023567,0.7591680738836463,False,ok
20,10,signal_shrinkage_max_diversification_blend_0.25,2022,2022-05-26,"COIN,CVNA,GH,IREN,MARA,MSTR,NET,NU,W,WULF",-0.12275955703757117,-0.041607881638335883,-0.09560641261414625,-0.026601585465700562,risk_off,True,10,15,60,shrinkage_max_diversification,0.25,7.285846796144947,0.16128780219820285,0.48037615132199174,2.912304936553074,-0.4267636746142855,60,0.5180673318105442,0.7955163573043685,0.8853199072353244,False,ok
20,10,signal_shrinkage_max_diversification_blend_0.25,2022,2022-06-10,"AFRM,CIFR,COIN,CVNA,GH,IONQ,MSTR,NU,RDW,W",0.0356656663575895,-0.013037267403061612,0.11919430468292827,-0.0147567003344231,risk_off,True,10,15,60,shrinkage_max_diversification,0.25,7.913889058287879,0.16070664752313188,0.4821199425693956,2.968392801554981,0.010823496570640837,60,0.5077407487526576,0.7711375284211626,0.8225493861318282,False,ok
20,10,signal_shrinkage_max_diversification_blend_0.25,2022,2022-06-27,"APLD,CIFR,COIN,CVNA,IONQ,MSTR,NET,NU,W,WULF",-0.044844283332972974,-0.03070552472011658,-0.337930515036907,-0.0456958192211353,risk_off,True,10,15,60,shrinkage_max_diversification,0.25,8.078836746427845,0.16618028436578952,0.4698864107366965,2.7506258241366437,0.08288994278401386,60,0.4178506213404108,0.7306448722703632,0.8564071683640946,False,ok
20,10,signal_shrinkage_max_diversification_blend_0.25,2022,2022-07-12,"APLD,CIFR,COIN,CVNA,MARA,MSTR,NET,RIOT,W,WULF",0.17926506844312873,0.04120739560216693,0.20337724948127148,0.40601361039947587,risk_off,True,10,15,60,shrinkage_max_diversification,0.25,7.416831802698423,0.1659875108915716,0.48430456870498984,2.7983163002008062,0.3329258941537228,60,0.4754911321054455,0.779918848089936,0.9395393584945448,False,ok
20,10,signal_shrinkage_max_diversification_blend_0.25,2022,2022-07-26,"APLD,CIFR,COIN,DKNG,HUT,IREN,NET,NVTS,RGTI,WULF",0.29340610303323744,0.08020265716848522,0.3756538302510819,0.2795361216100723,risk_off,True,10,15,60,shrinkage_max_diversification,0.25,8.571555050265752,0.16474094459448138,0.4177012939282768,2.829613618139606,0.2938121064734378,60,0.3178412848761683,0.5614010772054024,0.8643384378805692,False,ok
20,10,signal_shrinkage_max_diversification_blend_0.25,2022,2022-08-09,"APLD,CLSK,CVNA,NU,NVTS,RGTI,SHOP,TWLO,W,WULF",-0.03260974118323749,0.0021356335640147295,-0.20865881796799143,-0.2553386074691479,risk_off,True,10,15,60,shrinkage_max_diversification,0.25,9.201354750947775,0.1492535502382052,0.39285074528222486,2.9793986967943047,-0.6458429186676623,60,0.31641140796231204,0.4785530699147394,0.8038276317883188,False,ok
20,10,signal_shrinkage_max_diversification_blend_0.25,2022,2022-08-23,"CRDO,DOCN,GH,HOOD,NU,POET,RCL,RGTI,RVMD,WULF",-0.0995697888869098,-0.03597974242968704,-0.23881165493276874,-0.18149391958730973,risk_off,True,10,15,60,shrinkage_max_diversification,0.25,8.085863403805984,0.1604312392074004,0.46897860997177243,2.988165867661201,0.31079278982489883,60,0.30622119583125823,0.5720885093272917,0.5022651190268607,False,ok
20,10,signal_shrinkage_max_diversification_blend_0.25,2022,2022-09-07,"CDE,CELH,ILMN,NU,OKTA,POET,QXO,RGTI,RKLB,SNOW",-0.07295523074413722,-0.0414146579002377,-0.03092124010464681,0.05783726123250052,risk_off,True,10,15,60,shrinkage_max_diversification,0.25,8.187031144169573,0.16721673940385265,0.48583946761512764,2.7460917543340146,0.21861674155848246,60,0.20265286907885133,0.4708866120147633,0.3983464382108401,False,ok
20,10,signal_shrinkage_max_diversification_blend_0.25,2022,2022-09-21,"CDE,HUT,NVTS,OKTA,QBTS,RGTI,RIOT,ROKU,SNOW,ZS",0.08220870772797849,0.007105101569703827,0.09643331657764549,-0.19346577844689347,risk_off,True,10,15,60,shrinkage_max_diversification,0.25,7.885202505340401,0.16096709436148174,0.482901283084445,2.9634413091097684,0.13858613264245873,60,0.3124803297552911,0.7859403039184419,0.5458443750760221,False,ok
20,10,signal_shrinkage_max_diversification_blend_0.25,2022,2022-10-05,"AFRM,CIFR,CVNA,HUT,IREN,PATH,RGTI,RIOT,SITM,VRT",-0.15717353185350968,-0.0415359531202562,-0.2356242483006325,-0.20445381349972866,risk_off,True,10,15,60,shrinkage_max_diversification,0.25,7.85577826964083,0.16081665592198596,0.4752809191619253,2.9670253285491563,0.4248211003587438,60,0.433627753827988,0.7869453248620395,0.6621662995682954,False,ok
20,10,signal_shrinkage_max_diversification_blend_0.25,2022,2022-10-19,"AA,AFRM,ASTS,CLSK,CVNA,IREN,RGTI,SITM,W,XYZ",-0.011325433112470041,0.041191466115838,-0.1241322625503775,0.046967103714000695,risk_off,True,10,15,60,shrinkage_max_diversification,0.25,8.018326042177774,0.15408841479656674,0.46157928636353807,2.6883269544349,-0.5758008462935341,60,0.3889642069888709,0.7286401011993894,0.6314625092832683,False,ok
20,10,signal_shrinkage_max_diversification_blend_0.25,2022,2022-11-02,"AFRM,ASTS,CIFR,CLSK,HUT,JOBY,QBTS,RBLX,RGTI,W",-0.07533854861336851,0.05598351068559991,0.18637022581723742,0.07180570649627308,risk_off,True,10,15,60,shrinkage_max_diversification,0.25,7.891207413081588,0.16709125380758277,0.48633752798265256,2.780112410999546,0.46599579797819485,60,0.3015110564250076,0.6606436182339888,0.5634226351472875,False,ok
20,10,signal_shrinkage_max_diversification_blend_0.25,2022,2022-11-16,"ASTS,CIFR,CVNA,DKNG,GH,IREN,NET,QBTS,RGTI,W",-0.06712189608343955,0.02635086460682262,-0.16218503599143402,-0.3051742595480884,risk_off,True,10,15,60,shrinkage_max_diversification,0.25,7.538199650372843,0.17440891275914838,0.4967475440077362,2.5725006681401386,0.5142666792798114,60,0.2847161879422699,0.6555628044380156,0.662066878876797,False,ok
20,10,signal_shrinkage_max_diversification_blend_0.25,2022,2022-12-01,"AFRM,CVNA,DKNG,GH,IREN,MKSI,NET,RGTI,TWLO,WULF",-0.14237683931584652,-0.052744197182541384,-0.3301862377033458,-0.40893053709249666,risk_off,True,10,15,60,shrinkage_max_diversification,0.25,7.703623363359638,0.17600005520115566,0.48564826593981014,2.4964492018673456,0.35164336906429017,60,0.4427802337642024,0.6981522471761653,0.7446363504646424,False,ok
20,10,signal_shrinkage_max_diversification_blend_0.25,2022,2022-12-15,"CLSK,COIN,CVNA,MARA,MSTR,NET,RBLX,RIOT,W,WULF",-0.08767839719904799,-0.01653131181393959,-0.22453391011382817,0.3427091273277429,risk_off,True,10,15,60,shrinkage_max_diversification,0.25,8.456676661452693,0.1540230123114354,0.4389083443318507,2.8059324269915886,-0.33572294224560545,60,0.48513763139751076,0.7256218757358606,0.9006706664145311,False,ok
20,10,signal_shrinkage_max_diversification_blend_0.25,2022,2022-12-30,"APLD,ASTS,CLSK,COIN,CVNA,IREN,MRNA,QBTS,RBLX,WULF",0.24101443483180457,0.08835391248637042,0.44948542561980515,0.4761072683525764,risk_off,True,10,15,60,shrinkage_max_diversification,0.25,8.161607658581651,0.16003372953054565,0.4633840875437243,2.9986622756608403,0.009732853926037918,60,0.27025262587396354,0.5646538822693876,0.6106145690307073,False,ok
20,10,signal_shrinkage_max_diversification_blend_0.25,2023,2023-01-03,"APLD,ASTS,CLSK,CVNA,IREN,MDB,QBTS,RBLX,RDW,WULF",0.2063859318242115,0.07331068777750739,0.49920351207926655,0.5623883157183059,risk_off,True,10,15,60,shrinkage_max_diversification,0.25,8.6205535823251,0.15919940069672311,0.4425710020282586,2.167530148364489,-0.3144547501205302,60,0.2625060697542182,0.5506137056567337,0.6253778331070382,False,ok
20,10,signal_shrinkage_max_diversification_blend_0.25,2023,2023-01-18,"ASTS,CIFR,CLSK,CVNA,GH,IONQ,MARA,POET,RDW,RGTI",0.1252319855268144,0.0618947278572444,0.3463795251490087,0.30199755191069005,risk_off,True,10,15,60,shrinkage_max_diversification,0.25,9.131263580468433,0.15257338817394633,0.40008892418836484,2.1098627979988436,0.16374843617887358,60,0.2392483056289111,0.5052489046617089,0.662837005272349,False,ok
20,10,signal_shrinkage_max_diversification_blend_0.25,2023,2023-02-01,"CIFR,CVNA,MARA,POET,RDW,RGTI,RIVN,RVMD,TE,WULF",0.09083031113881473,0.009998888807399738,0.061508992038724154,-0.04288728770269207,risk_off,True,10,15,60,shrinkage_max_diversification,0.25,8.6567355479568,0.1709720188204715,0.45662249319245796,1.948000420304326,0.012499954353576256,60,0.2319544724668783,0.38744544205998577,0.628390875360533,False,ok
20,10,signal_shrinkage_max_diversification_blend_0.25,2023,2023-02-15,"CIFR,CVNA,HUT,IREN,MARA,POET,QBTS,RDW,RIOT,RIVN",-0.1481254189047504,-0.03858304425592113,-0.19331705532879495,-0.08155544278282617,risk_off,True,10,15,60,shrinkage_max_diversification,0.25,8.23122045728633,0.17999999999999985,0.49230841840630224,2.105337441408128,0.5535966014132498,60,0.21969569188578708,0.6103049527349248,0.6866366061603473,False,ok
20,10,signal_shrinkage_max_diversification_blend_0.25,2023,2023-03-02,"CIFR,CRDO,GH,IONQ,PLTR,QBTS,RBLX,RDW,RIOT,TE",-0.0803739120470572,-0.03534272688975863,0.10017835242015946,0.06342143910190988,risk_off,True,10,15,60,shrinkage_max_diversification,0.25,8.812681526028898,0.1550363800729122,0.425614160164953,1.5248896581409535,0.29318745015497377,60,0.13242281034997536,0.40358527629380325,0.44439223625091584,False,ok
20,10,signal_shrinkage_max_diversification_blend_0.25,2023,2023-03-16,"CIFR,HUT,JOBY,MSTR,POET,RIOT,RVMD,SHOP,TE,WULF",0.12528125287019434,0.025709445504174623,0.031626451323754703,-0.09250641833847731,risk_off,True,10,15,60,shrinkage_max_diversification,0.25,7.513594580299032,0.16838370915335246,0.48631315212261517,1.7606611258383797,0.4187313231563194,60,0.253656429969754,0.7089674987071145,0.5220794928865059,False,ok
20,10,signal_shrinkage_max_diversification_blend_0.25,2023,2023-03-30,"CIFR,CLSK,COIN,CVNA,HUT,LUNR,MSTR,QBTS,W,WULF",0.22594135437446242,0.01965481257348085,-0.10015117746264221,-0.11102021538690189,risk_off,False,10,15,60,shrinkage_max_diversification,0.25,9.776302971060213,0.13003407912563966,0.35355178416363386,1.9153261930242533,0.4732746663983959,60,0.0505903886074586,0.15449090916868136,0.8381948933343477,False,ok
20,10,signal_shrinkage_max_diversification_blend_0.25,2023,2023-04-14,"AFRM,CIFR,COIN,CRDO,CVNA,HUT,MSTR,QBTS,RGTI,W",-0.08837297296116144,-0.007655776890147749,-0.17856697464513893,-0.1848345331965353,risk_off,False,10,15,60,shrinkage_max_diversification,0.25,8.240106708754519,0.1757290392506719,0.46750169958818827,2.0421037673506395,0.3756335550700747,60,0.2635446097942306,0.6325933652247409,0.6677182374334127,False,ok
20,10,signal_shrinkage_max_diversification_blend_0.25,2023,2023-04-28,"AAOI,CIFR,CLSK,HUT,IREN,LUNR,MARA,MSTR,ONDS,QBTS",-0.056941797133407294,-0.006691428722313886,-0.13270216352850256,0.22638380505855432,risk_off,False,10,15,60,shrinkage_max_diversification,0.25,9.095218033213824,0.15186059567674265,0.43293743864495504,2.333957847608767,0.8451678820958065,60,0.05968463636388265,0.18458970980723527,0.8299594262722682,False,ok
20,10,signal_shrinkage_max_diversification_blend_0.25,2023,2023-05-12,"AFRM,ASTS,CLSK,LUNR,NVTS,ONDS,PLTR,QBTS,RGTI,ZS",0.5736935882560485,0.037709752660554326,0.41251000056994425,0.4423233674214998,risk_off,False,10,15,60,shrinkage_max_diversification,0.25,9.91275158568736,0.11964383652049956,0.33134068001288086,2.0255553869531586,0.40388018419784044,60,0.02332471238016067,0.09686193492853426,0.6940747383575281,False,ok
20,10,signal_shrinkage_max_diversification_blend_0.25,2023,2023-05-26,"AFRM,APLD,ASTS,CLSK,COIN,CVNA,LUNR,QBTS,RGTI,SITM",0.19969912212361476,0.047973765081764666,0.24051440121801052,0.15095455638253322,risk_off,False,10,15,60,shrinkage_max_diversification,0.25,9.70536392869422,0.12407552237475582,0.3554264587822268,2.1314577051226116,-0.2850632074474158,60,0.06089277541214988,0.43673411193871414,0.5628316409309644,False,ok
20,10,signal_shrinkage_max_diversification_blend_0.25,2023,2023-06-12,"AFRM,APLD,CIFR,CVNA,IONQ,IREN,MARA,NVTS,QBTS,RGTI",0.037522420154612546,0.016389376175423555,-0.05001332340121453,0.15371253893435813,risk_off,False,10,15,60,shrinkage_max_diversification,0.25,9.639986666382285,0.12921454144568267,0.358035510346042,2.1442598826813875,0.030402004062674803,60,0.12940578563916805,0.5155288021853582,0.7148607529396048,False,ok
20,10,signal_shrinkage_max_diversification_blend_0.25,2023,2023-06-27,"AFRM,CIFR,CVNA,IONQ,LUNR,ONDS,POET,QBTS,RGTI,RIOT",0.25407398902385275,0.05047730194989893,0.25149859546156267,0.15885660937833787,risk_off,False,10,15,60,shrinkage_max_diversification,0.25,9.114924937009045,0.1520279855164381,0.42115590706593337,1.942532749883414,-0.467269457447954,60,0.09379716021562863,0.5821043449946719,0.5730493729541554,False,ok
20,10,signal_shrinkage_max_diversification_blend_0.25,2023,2023-07-12,"CIFR,COHR,IONQ,IREN,JOBY,MARA,ONDS,RIOT,TE,WULF",-0.008973402096500032,0.01728299628939763,-0.02400074506357217,-0.14236225175453568,risk_off,True,10,15,60,shrinkage_max_diversification,0.25,8.533452774640253,0.1611108976562367,0.4321906764558379,1.8902761230012834,0.48721212434638045,60,0.1865489675310849,0.6525494890709131,0.4741005438340617,False,ok
20,10,signal_shrinkage_max_diversification_blend_0.25,2023,2023-07-26,"HUT,IONQ,IREN,LUNR,MARA,ONDS,RGTI,RIOT,TE,TOST",-0.08133347733278076,-0.020526187755062614,-0.17165806086902508,-0.13736404910006145,risk_off,True,10,15,60,shrinkage_max_diversification,0.25,8.425622445473943,0.1567620423508368,0.4622678035726474,2.0394790649586145,0.2918594466690453,60,0.14756836034224594,0.6583277516024516,0.46221851423855975,False,ok
20,10,signal_shrinkage_max_diversification_blend_0.25,2023,2023-08-09,"AAOI,AFRM,ANET,LUNR,MARA,NTRA,QBTS,SOFI,TEAM,TOST",-0.09271833427636764,-0.020556467055393168,0.04099235462785732,0.019903131213246734,risk_off,True,10,15,60,shrinkage_max_diversification,0.25,9.489522724245498,0.13462949355214757,0.3800304070988706,1.921937847831915,-0.5025950217467124,60,0.05270675784483794,0.19953024098345698,0.43998341711194394,False,ok
20,10,signal_shrinkage_max_diversification_blend_0.25,2023,2023-08-23,"AAOI,ASTS,COHR,DDOG,IONQ,MXL,QBTS,ROKU,SMCI,SOFI",-0.028333134415379477,0.004657187046902513,-0.08750497918619728,-0.2085841174006419,risk_off,True,10,15,60,shrinkage_max_diversification,0.25,8.65100094494538,0.18,0.431992160820262,2.1037234483395775,0.43306338548813295,60,0.10345312698900068,0.3183762955764878,0.424913651467641,False,ok
20,10,signal_shrinkage_max_diversification_blend_0.25,2023,2023-09-07,"APP,BB,CLSK,COIN,FN,IONQ,IREN,MARA,RBLX,RGTI",-0.08361502731369597,-0.037847347405173544,-0.2056052377863402,-0.1353845446976586,risk_off,True,10,15,60,shrinkage_max_diversification,0.25,8.673598345731815,0.15477312858688935,0.46304202457786453,1.7879587713504768,-0.4470496207556325,60,0.1950723506636702,0.668300084373585,0.4643376637177129,False,ok
20,10,signal_shrinkage_max_diversification_blend_0.25,2023,2023-09-21,"BB,CLSK,COIN,IREN,LUNR,MARA,QBTS,RBLX,RIOT,WULF",-0.08283501760698192,-0.027284402888313138,0.033512440774589716,-0.19197461495359555,risk_off,True,10,15,60,shrinkage_max_diversification,0.25,7.928006202250658,0.1766394474559818,0.4714020005656109,2.3649216543149922,0.21251697121861757,60,0.2941834360207409,0.6894059180927828,0.5320123644410898,False,ok
20,10,signal_shrinkage_max_diversification_blend_0.25,2023,2023-10-05,"APLD,CDE,CIFR,COHR,IONQ,QBTS,RDW,RIOT,RIVN,WBD",0.009188418335109845,-0.0001932257964155303,-0.13389908678524012,-0.00732549725203801,risk_off,True,10,15,60,shrinkage_max_diversification,0.25,8.909319260071243,0.15469011752913914,0.40722655522218604,2.1065870838345915,0.27047671001255325,60,0.14362601923455953,0.5458912609880894,0.39848099814016774,False,ok
20,10,signal_shrinkage_max_diversification_blend_0.25,2023,2023-10-19,"AAOI,APLD,CIFR,GH,IONQ,ONDS,RGTI,RIOT,RIVN,SMR",0.07098281643295108,0.011969665494119153,0.09118185766744684,0.1486167369601354,risk_off,True,10,15,60,shrinkage_max_diversification,0.25,9.21141902467234,0.14472803910872117,0.4017883911653006,2.326559530163527,0.7403594350065895,60,0.11020598636175759,0.3617864914403867,0.45294151999129384,False,ok
20,10,signal_shrinkage_max_diversification_blend_0.25,2023,2023-11-02,"AAOI,APLD,BE,IREN,ONDS,POET,QBTS,RGTI,RVMD,WULF",0.05388072398746146,0.040303531717569105,0.18727698902832432,0.28099480081307104,risk_off,True,10,15,60,shrinkage_max_diversification,0.25,9.001523400349887,0.1763773678005287,0.41993309651657695,2.404629157091228,0.6417852260583576,60,0.09163319596110905,0.3696405196245581,0.41027371403151275,False,ok
20,10,signal_shrinkage_max_diversification_blend_0.25,2023,2023-11-16,"BE,CVNA,IREN,ONDS,POET,QBTS,SMR,TE,WBD,WULF",0.19411226556863498,0.05841448131801323,0.2790382522483337,0.3325856613832645,neutral,True,10,15,60,shrinkage_max_diversification,0.25,8.58423932310974,0.18000000000000005,0.4693745254142707,1.951462819014745,0.5040779545695415,60,0.11325855743947905,0.44251558733333374,0.4123779668016063,False,ok
20,10,signal_shrinkage_max_diversification_blend_0.25,2023,2023-12-01,"APLD,CVNA,HOOD,IONQ,ONDS,POET,RGTI,TE,WBD,WULF",0.08468148372170342,0.04893122978168562,0.24459189417472,0.16298364362653178,neutral,True,10,15,60,shrinkage_max_diversification,0.25,8.48408730604154,0.17032442209434245,0.4420785662900933,1.9675704114704673,0.7119349912204292,60,0.14700744915135786,0.3183830119209865,0.4672600626156096,False,ok
20,10,signal_shrinkage_max_diversification_blend_0.25,2023,2023-12-15,"APLD,CI,CIFR,HUT,ONDS,POET,QXO,RGTI,SMR,TE",0.21412048141791945,0.01182031890669316,0.0017931535983555995,-0.24024264906040457,neutral,True,10,15,60,shrinkage_max_diversification,0.25,9.925271192941347,0.12000000006998665,0.33381517721303666,2.0921607108366476,0.9966698105573658,60,0.0,0.0,0.6099553287116275,False,ok
20,10,signal_shrinkage_max_diversification_blend_0.25,2024,2024-01-02,"AXTI,CAVA,CDE,HUT,MP,RIVN,RKLB,SMR,TE,W",-0.11246329641533978,-0.029399467692898557,-0.27657622114129243,-0.26694202367876424,neutral,True,10,15,60,shrinkage_max_diversification,0.25,7.990445914591832,0.15953083980996616,0.4767696254298939,2.418174479021376,-0.01691939070173206,60,0.24415520439157,0.5419600744123966,0.45506643712681955,False,ok
20,10,signal_shrinkage_max_diversification_blend_0.25,2024,2024-01-17,"AFRM,CPNG,HUT,LUNR,MRNA,PL,POET,RGTI,RKLB,ROKU",0.12113092383954518,0.025098665846337097,-0.023918397205350005,0.047564892587387976,neutral,True,10,15,60,shrinkage_max_diversification,0.25,8.965009959257635,0.13357921971596362,0.38996325847528257,2.2452706189403893,0.22348850628533357,60,0.12984006493297567,0.398609357818053,0.40918231975141034,False,ok
20,10,signal_shrinkage_max_diversification_blend_0.25,2024,2024-01-31,"AAL,BB,CDE,CPNG,CVNA,KTOS,QBTS,RGTI,SMR,W",0.14801603468507543,0.047024587430952364,-0.0037165930315859155,-0.023169994672877003,risk_off,True,10,15,60,shrinkage_max_diversification,0.25,7.995849919711015,0.16676733086691778,0.46829846752418647,1.8800270334730045,-0.2604386317855954,60,0.25750558092916426,0.6072912775819626,0.3579790362721692,False,ok
20,10,signal_shrinkage_max_diversification_blend_0.25,2024,2024-02-14,"AAOI,AFRM,CDE,HUT,KTOS,NVTS,RKLB,SMR,SOFI,TE",-0.09302586775708992,0.026216282681938867,-0.1375331289778919,-0.12172484583961996,risk_off,True,10,15,60,shrinkage_max_diversification,0.25,8.252223212252376,0.15947683531563847,0.4730976922650436,2.4402447798945652,-0.28351167791347875,60,0.3616943310309399,0.5646145700967498,0.5478364383406679,False,ok
20,10,signal_shrinkage_max_diversification_blend_0.25,2024,2024-02-29,"ASTS,CIFR,FN,HUT,KTOS,NCLH,NVTS,QXO,RKLB,TE",-0.07177661804496104,0.014302197799501867,-0.09241614337030724,-0.007798676639039613,risk_off,True,10,15,60,shrinkage_max_diversification,0.25,9.909866971989672,0.11677840490923858,0.3355457366194028,2.4888273648095236,0.8446999232140473,60,0.005568048251601605,0.030294131969565364,0.5962246177391078,False,ok
20,10,signal_shrinkage_max_diversification_blend_0.25,2024,2024-03-14,"ALB,APLD,CIEN,ECHO,MRNA,MRVL,NCLH,QBTS,RKLB,XYZ",0.029153637482361598,0.03815025314373856,-0.010103536816242382,0.004668902388569473,risk_off,True,10,15,60,shrinkage_max_diversification,0.25,9.074509408826048,0.15377880756109819,0.42278558155607776,1.9727567630462643,0.024982937557669872,60,0.09477842707158325,0.238907734049684,0.31057242398595253,False,ok
20,10,signal_shrinkage_max_diversification_blend_0.25,2024,2024-03-28,"AFRM,ALB,APLD,ECHO,GH,IONQ,MRVL,POET,RIVN,TE",-0.11486224053764037,-0.038564892989002675,-0.11064384266384641,-0.14824787518431662,risk_off,True,10,15,60,shrinkage_max_diversification,0.25,8.850219211251236,0.15890177235573233,0.43430281506071844,2.588366574161279,-0.0950081547581112,60,0.14547546416961266,0.4258964981859682,0.35918402253550785,False,ok
20,10,signal_shrinkage_max_diversification_blend_0.25,2024,2024-04-12,"BB,CORZ,ECHO,GH,IREN,OKLO,ONDS,RDW,RIOT,TE",0.01602784963685152,0.008539351806518816,-0.06440492482324062,-0.020633465281626028,risk_off,True,10,15,60,shrinkage_max_diversification,0.25,8.343895565648998,0.15216895394385327,0.42957496467571027,2.441468546746134,-0.14317741757400454,60,0.17343458902691902,0.6765073053110991,0.3649151658721519,False,ok
20,10,signal_shrinkage_max_diversification_blend_0.25,2024,2024-04-26,"CLSK,COIN,GH,IONQ,IREN,MARA,OKLO,QXO,RIOT,TE",-0.031241683510036967,0.024649188213206327,-0.0184294776680529,0.12153976962269519,risk_off,True,10,15,60,shrinkage_max_diversification,0.25,7.701235998092015,0.16186106019391794,0.4828972195439872,2.1984012381009377,-0.3799294114001616,60,0.331829335832577,0.7896162921859956,0.4927319062923093,False,ok
20,10,signal_shrinkage_max_diversification_blend_0.25,2024,2024-05-10,"APLD,AXTI,CLSK,CORZ,IONQ,IREN,MARA,QXO,RGTI,RIOT",0.17796678416608772,0.018619526091145814,0.17210773009960467,0.10747218872665806,risk_off,True,10,15,60,shrinkage_max_diversification,0.25,8.393622617678144,0.15293002871505518,0.4294813779020382,2.4940557411781272,-0.2543589138205908,60,0.24795766377706613,0.594877332321676,0.5575767508955923,False,ok
20,10,signal_shrinkage_max_diversification_blend_0.25,2024,2024-05-24,"AAOI,AXTI,CLSK,COIN,HUT,MARA,RIVN,SMCI,TSLA,W",-0.028437009230389235,0.003169644776044434,-0.04790418058976404,-0.09002652146945017,risk_off,True,10,15,60,shrinkage_max_diversification,0.25,8.21836860272616,0.16001250914771076,0.4514622169637282,2.3854312052147693,0.4122400693258017,60,0.23038547990018862,0.6696796751858856,0.4295530568934541,False,ok
20,10,signal_shrinkage_max_diversification_blend_0.25,2024,2024-06-10,"AAOI,AXTI,CIFR,CLSK,COIN,HUT,MARA,OKLO,QBTS,SMCI",0.029592768804903993,0.006863857156700058,-0.020081335287538925,0.07707473505524844,risk_off,True,10,15,60,shrinkage_max_diversification,0.25,8.353871506140386,0.16162027824627284,0.44543462151699736,2.3335541713195047,0.1639801532174443,60,0.19777020395505143,0.5699777953147056,0.49000082633931125,False,ok
20,10,signal_shrinkage_max_diversification_blend_0.25,2024,2024-06-25,"CIFR,CLSK,LUNR,NVTS,OKLO,PL,POET,QBTS,QXO,SMCI",0.04948956125296575,0.01766364212468172,0.13039142014892618,-0.03770641912622353,risk_off,True,10,15,60,shrinkage_max_diversification,0.25,9.58400206049839,0.1355844414941364,0.3870735145566471,2.4704933827186424,0.1576745486059734,60,0.053158631130100845,0.3113559179705953,0.41634165285668845,False,ok
20,10,signal_shrinkage_max_diversification_blend_0.25,2024,2024-07-10,"AFRM,CIFR,CLSK,LUNR,OKLO,ONDS,QBTS,QXO,RGTI,SMCI",0.2731874788572287,0.0013282442513573988,-0.13828729618881408,-0.35129026817010794,risk_off,True,10,15,60,shrinkage_max_diversification,0.25,9.563924444236326,0.12219523754776265,0.35989089021185205,2.203912650960013,0.32486098480394326,60,0.05063486191992586,0.33614455270536364,0.4034050996763816,False,ok
20,10,signal_shrinkage_max_diversification_blend_0.25,2024,2024-07-24,"AAOI,CLSK,IONQ,LUNR,MSTR,OKLO,QBTS,RGTI,STRL,TE",-0.19412065261777273,-0.05553017680795661,-0.4417931491833081,-0.08286517199825724,risk_off,True,10,15,60,shrinkage_max_diversification,0.25,8.988347752236963,0.15829486394630474,0.43124639287336,2.2490194711479377,0.07640572152842948,60,0.1713829565657603,0.4024116706275834,0.4313201124471565,False,ok
20,10,signal_shrinkage_max_diversification_blend_0.25,2024,2024-08-07,"AAOI,CIFR,INTC,IREN,MSTR,MXL,QXO,RIOT,SMCI,TE",0.15943807402990876,0.09272888040232813,0.3782678166199033,0.010610718224833183,risk_off,True,10,15,60,shrinkage_max_diversification,0.25,9.071277151575542,0.15180611877241845,0.41779616547729903,2.840701396163091,0.2648152400240917,60,0.17544255089090302,0.5430281254969755,0.5720540092897559,False,ok
20,10,signal_shrinkage_max_diversification_blend_0.25,2024,2024-08-21,"AAOI,APLD,CORZ,MOD,MP,ONTO,QBTS,QXO,RDW,WULF",-0.00868903478844589,-0.022257370920621175,-0.4488088308285617,-0.011955960979015483,risk_off,True,10,15,60,shrinkage_max_diversification,0.25,9.359622881007697,0.1382169247834024,0.3832317184055106,1.9551623713410433,0.03879443616815266,60,0.14522267310518353,0.46856442947814103,0.56041321843456,False,ok
20,10,signal_shrinkage_max_diversification_blend_0.25,2024,2024-09-05,"APLD,AXTI,IREN,MXL,ONTO,QBTS,QXO,RDW,RGTI,WULF",0.0496804438559381,0.0507676579525406,0.3701839393890022,0.2767916870957506,risk_off,True,10,15,60,shrinkage_max_diversification,0.25,9.497188853354729,0.13581843265510707,0.36564078436718295,2.5663951439652504,-0.05155902385506642,60,0.15296433882071805,0.4403720902935377,0.5969585256195022,False,ok
20,10,signal_shrinkage_max_diversification_blend_0.25,2024,2024-09-19,"ALAB,FSLR,HUT,MSTR,MXL,ONTO,QXO,SMR,WBD,WULF",0.02307770703753562,0.004308816602763692,-0.0282820504857404,0.10066427948900347,risk_on,True,10,15,60,shrinkage_max_diversification,0.25,8.74134210728396,0.16003097123308235,0.44185723253599746,2.139351095440876,0.1340476022187937,60,0.15025743083194543,0.47214589458019435,0.48740381125085397,False,ok
20,10,signal_shrinkage_max_diversification_blend_0.25,2024,2024-10-03,"ALB,AXTI,CLSK,HUT,IREN,JOBY,MARA,NVTS,SMCI,WULF",0.08436268934857614,0.04191889970440256,0.11881585807607924,0.06727026761144919,risk_on,True,10,15,60,shrinkage_max_diversification,0.25,8.15949759898028,0.17163928430612047,0.4837458263839703,2.594051997806445,0.042662447791600056,60,0.43847821131118103,0.8054179711349811,0.5837703630158664,False,ok
20,10,signal_shrinkage_max_diversification_blend_0.25,2024,2024-10-17,"ASTS,AXTI,HUT,IREN,JOBY,NVTS,QBTS,SMCI,TEM,WULF",-0.05424419752574723,-0.02049893132552613,0.002774658687138812,0.07703897140173797,risk_on,True,10,15,60,shrinkage_max_diversification,0.25,8.186966629159818,0.1603730713558225,0.43815835536792325,2.4876900962893815,0.1761754631206214,60,0.2827908717373827,0.581199922657663,0.559720686724028,False,ok
20,10,signal_shrinkage_max_diversification_blend_0.25,2024,2024-10-31,"AFRM,ASTS,CELH,COIN,IREN,MARA,NXT,QBTS,TEM,TSLA",0.21147012586151265,0.06230470323885579,0.016851239044824207,0.037598942517142526,risk_on,True,10,15,60,shrinkage_max_diversification,0.25,8.293777550126498,0.16268576828259518,0.48212000572343805,2.426430034593821,0.17487380563562935,60,0.19860768330327086,0.5403340632603217,0.418265651551398,False,ok
20,10,signal_shrinkage_max_diversification_blend_0.25,2024,2024-11-14,"ASTS,HIMS,IREN,JOBY,MXL,NXT,RIVN,SMCI,TEM,THC",0.2031787551364878,0.055127585081780665,0.18362711295075795,0.19946060256473908,risk_on,True,10,15,60,shrinkage_max_diversification,0.25,9.081115504876898,0.15785476538818088,0.4235722654334138,2.2350939527639664,0.32863926217581313,60,0.09520684302609046,0.3233418488716505,0.38345623429633174,False,ok
20,10,signal_shrinkage_max_diversification_blend_0.25,2024,2024-11-29,"ASTS,ECHO,FN,MELI,MXL,RIVN,SMCI,TEM,VRT,W",0.029380764270884593,-0.012660488783225895,0.12366425646468004,0.020253635931067507,risk_on,True,10,15,60,shrinkage_max_diversification,0.25,8.921269466915312,0.1599985900270801,0.42859395478135603,2.5319625290937813,0.0547591898948553,60,0.1108038473474984,0.3127168996266696,0.3296906469222488,False,ok
20,10,signal_shrinkage_max_diversification_blend_0.25,2024,2024-12-13,"ASTS,AXTI,CIFR,MARA,MP,MRNA,POET,SMCI,VRT,WULF",-0.06090503982111213,-0.03021174637009178,-0.17681707199911764,-0.009850936113011879,risk_on,True,10,15,60,shrinkage_max_diversification,0.25,9.103980837594063,0.16479558274258932,0.42016212895570937,2.221754515094398,-0.004771256814369377,60,0.11139390865258954,0.5466542629649078,0.40925936668167606,False,ok
20,10,signal_shrinkage_max_diversification_blend_0.25,2024,2024-12-30,"ASTS,AXTI,HOOD,MRVL,MU,ODFL,OKLO,RIVN,USAR,WBD",0.0707816187338502,0.026094971636684786,0.08352596213158793,0.017308775727566793,risk_on,True,10,15,60,shrinkage_max_diversification,0.25,9.038590178132283,0.15585172805275432,0.4227437368298245,2.0320726575328836,-0.73265507800116,60,0.11761265654457453,0.40739171123795037,0.32581051768025365,False,ok
20,10,signal_shrinkage_max_diversification_blend_0.25,2025,2025-01-02,"ASTS,FTAI,HOOD,JOBY,MU,OKLO,RIOT,RIVN,STLD,USAR",0.06355168747996275,0.03876436474044464,0.11628777231471593,-0.020821861286343925,risk_on,True,10,15,60,shrinkage_max_diversification,0.25,8.141748670236899,0.16420216132747864,0.46669361393865927,2.3811018624258646,0.43219912684938966,60,0.12301467445670268,0.5983850739203705,0.3401118194424804,False,ok
20,10,signal_shrinkage_max_diversification_blend_0.25,2025,2025-01-17,"CLSK,COIN,CVNA,JOBY,MSTR,MU,RIOT,SMCI,SMR,TEM",0.04844596948658435,0.008491856842083046,-0.09334434361763874,0.019796335660454703,risk_on,True,10,15,60,shrinkage_max_diversification,0.25,8.125614265794354,0.15773450054935237,0.45714560057536646,2.6064001480596106,-0.13253679935333357,60,0.2721391261017625,0.7084858656125046,0.5874325613520495,False,ok
20,10,signal_shrinkage_max_diversification_blend_0.25,2025,2025-02-03,"APLD,CIFR,CLSK,FN,IREN,MARA,MSTR,RIOT,SMR,WULF",0.03564442800030559,0.02749779911001651,0.03907129603602874,-0.38041240616921745,risk_on,True,10,15,60,shrinkage_max_diversification,0.25,7.623086987824578,0.1553403781685188,0.46431322633040983,2.313765224621755,-0.04882648567308979,60,0.5185657773781702,0.7600758654238257,0.842655487280998,False,ok
20,10,signal_shrinkage_max_diversification_blend_0.25,2025,2025-02-18,"CIEN,CIFR,FN,FTAI,IREN,MRNA,NVTS,QBTS,RKLB,SMTC",-0.17861395933842736,-0.07831040519783085,-0.41032740624463504,-0.2914614388112811,risk_off,True,10,15,60,shrinkage_max_diversification,0.25,8.96599637736329,0.16060425075007803,0.4245152975237323,2.301318631190788,0.4753124604804752,60,0.1407127368358322,0.6195647122902105,0.49732554565001136,False,ok
20,10,signal_shrinkage_max_diversification_blend_0.25,2025,2025-03-04,"ALAB,APLD,FTAI,IONQ,MOD,NVTS,ONDS,POET,QBTS,TE",0.08469253920063452,-0.011258507028811935,-0.043736199342148445,-0.22267624545882506,risk_off,True,10,15,60,shrinkage_max_diversification,0.25,8.72582958235541,0.15891486941337177,0.4568573500799257,2.655615872264093,-0.5813110911663846,60,0.22184332121980585,0.5870686206651523,0.6605367112187985,False,ok
20,10,signal_shrinkage_max_diversification_blend_0.25,2025,2025-03-18,"AAOI,ALAB,LITE,LUNR,MOD,MSTR,NU,POET,SMTC,TLN",-0.04631824343353022,-0.009137089693136213,-0.29176515606771625,-0.24366286419518365,risk_off,True,10,15,60,shrinkage_max_diversification,0.25,8.489168514016109,0.15163892774361903,0.44096644362926346,2.634450559919136,-0.5466829748269221,60,0.3873352124753802,0.6240542290938462,0.6536444416084068,False,ok
20,10,signal_shrinkage_max_diversification_blend_0.25,2025,2025-04-01,"AAOI,CLSK,HUT,IONQ,IREN,LUNR,RGTI,RKLB,SMTC,USAR",0.14192671439986915,-0.04922203952077082,-0.1282322280064855,0.17173043504327065,neutral,True,10,15,60,shrinkage_max_diversification,0.25,8.442734658168737,0.15415989845134193,0.4370711005436043,2.974557250120011,-0.07893793621539831,60,0.26117777374060447,0.5814129810125366,0.7667716966244345,False,ok
20,10,signal_shrinkage_max_diversification_blend_0.25,2025,2025-04-15,"AAOI,APLD,HUT,LUNR,OKLO,ONDS,RDDT,RDW,TEM,WULF",0.12446842183406535,0.049401892970434166,0.4031463936121158,0.6210310408383999,risk_on,True,10,15,60,shrinkage_max_diversification,0.25,7.927117487845569,0.1618554692580914,0.47705545467574634,2.9339761686038965,0.20590074368502267,60,0.4271244250126899,0.666183820238185,0.9056881947544063,False,ok
20,10,signal_shrinkage_max_diversification_blend_0.25,2025,2025-04-30,"AAOI,ASTS,CIFR,DAL,LUNR,NVTS,OKLO,PL,RDW,TER",0.2373182670578509,0.08257115839521444,0.6591009734156393,0.49914492178157993,risk_on,True,10,15,60,shrinkage_max_diversification,0.25,8.251836955008596,0.1596162205985086,0.47603525248384576,1.4552234051263937,-0.30225103840427203,60,0.5029793760968203,0.6668603077960389,0.7666686747472315,False,ok
20,10,signal_shrinkage_max_diversification_blend_0.25,2025,2025-05-14,"APLD,ASTS,AXTI,CIFR,DOCN,LSCC,ONDS,RDW,VSH,XYZ",0.06583372619667437,0.006259719356398494,-0.10435934196048963,0.15937865664006653,risk_on,True,10,15,60,shrinkage_max_diversification,0.25,8.297897308997172,0.16153446428868343,0.4475836200563117,2.5533885564116834,0.5286643389647742,60,0.37584824603007927,0.6355319246132541,0.6837780378615063,False,ok
20,10,signal_shrinkage_max_diversification_blend_0.25,2025,2025-05-29,"AAOI,AFRM,ASTS,AXTI,CLSK,FTAI,LSCC,MARA,MRNA,RDDT",0.18172040367211986,0.04646953903665356,0.41746334223582127,0.4349128124094497,risk_off,True,10,15,60,shrinkage_max_diversification,0.25,8.027569885820755,0.1646941613666877,0.48169133738228787,2.434807064039209,0.2853719606062574,60,0.44533665616642326,0.7647589332154462,0.6600673182631304,False,ok
20,10,signal_shrinkage_max_diversification_blend_0.25,2025,2025-06-12,"CLSK,ENPH,MARA,NET,PL,RBLX,RDDT,RGTI,RKLB,TSLA",0.0621376034710249,0.02396039914131386,0.15383304240814907,0.2044936006979426,risk_off,True,10,15,60,shrinkage_max_diversification,0.25,8.584202058410035,0.16298520788195311,0.46568752381184964,2.5281115338131754,-0.3010811037188804,60,0.29770539497326687,0.6608471238688269,0.5186314847412516,False,ok
20,10,signal_shrinkage_max_diversification_blend_0.25,2025,2025-06-27,"ALAB,CLSK,ENPH,FSLR,PL,RBLX,TE,TEM,TSLA,USAR",0.043008549489760343,0.028094574840325917,0.2297044663824032,0.2727732678258654,risk_off,True,10,15,60,shrinkage_max_diversification,0.25,9.034285876827637,0.15407541279325102,0.4291082422112962,2.571630370965571,-0.3531914868319551,60,0.18609186635669994,0.36245306396230054,0.4942645143381195,False,ok
20,10,signal_shrinkage_max_diversification_blend_0.25,2025,2025-07-14,"ALAB,CNC,CORZ,ECHO,ENPH,FSLR,IONQ,RGTI,SITM,TE",0.02634285918154054,0.02099587872693245,0.10887773412400213,-0.019051660663882516,risk_off,True,10,15,60,shrinkage_max_diversification,0.25,9.388611624775224,0.17101012848769712,0.378830026269132,2.4379363006818915,0.6847775401565132,60,0.056339650659333676,0.3206154111842886,0.36236576720435426,False,ok
20,10,signal_shrinkage_max_diversification_blend_0.25,2025,2025-07-28,"APLD,CNC,HIMS,IONQ,LUNR,MARA,QBTS,RDW,TE,USAR",-0.028566290368000433,-0.0124246768190232,-0.0541204603785148,0.005902344034344923,risk_off,True,10,15,60,shrinkage_max_diversification,0.25,9.097563118899187,0.16806089274209296,0.41835135521895883,2.745972059880834,0.898857423139023,60,0.07311500768779336,0.3030892926512676,0.4286911043754662,False,ok
20,10,signal_shrinkage_max_diversification_blend_0.25,2025,2025-08-11,"AXTI,CHTR,CVNA,DOCN,FTAI,GH,OKLO,QBTS,RDW,TER",0.07659151322197477,0.031742555384127666,0.1821535373575194,0.2728647845566482,risk_off,True,10,15,60,shrinkage_max_diversification,0.25,9.271871664277825,0.15230307756467776,0.40985339557340184,2.137034897449101,-0.5325939952438139,60,0.07206267978476799,0.39344663164781857,0.3075667843685161,False,ok
20,10,signal_shrinkage_max_diversification_blend_0.25,2025,2025-08-25,"AAOI,CLS,CVNA,HUT,OKLO,RBLX,RDW,RGTI,RIOT,ROKU",0.0807888042619087,0.02140993751554376,0.24023424670260876,0.34408180058516563,risk_off,True,10,15,60,shrinkage_max_diversification,0.25,8.324618946208695,0.1642075455438032,0.47966394455920125,2.468149237020511,0.41251032660546466,60,0.23081981564128332,0.5829709696345705,0.3997170622019098,False,ok
20,10,signal_shrinkage_max_diversification_blend_0.25,2025,2025-09-09,"AAOI,APLD,HOOD,HUT,KGC,NXT,PL,RGTI,RKLB,SMR",0.23670958252419932,0.04370804273897294,0.3318499113640434,0.29720111593729065,risk_off,True,10,15,60,shrinkage_max_diversification,0.25,8.951249946065213,0.16657131749600187,0.42873465960705137,2.577658099710148,0.4679193356947863,60,0.09884633839397455,0.318034818030521,0.34406280233580183,False,ok
20,10,signal_shrinkage_max_diversification_blend_0.25,2025,2025-09-23,"AAOI,AFRM,HIMS,MRVL,PL,POET,RDW,RKLB,SMR,SNOW",0.11545041966804509,0.019671963845306072,0.123192708423835,0.16998954051640727,risk_off,True,10,15,60,shrinkage_max_diversification,0.25,9.863716794742984,0.12366538220794154,0.34425475003735745,2.613869365699439,0.4079305704155984,60,0.042718964065051344,0.10339734951861153,0.3002464536962698,False,ok
20,10,signal_shrinkage_max_diversification_blend_0.25,2025,2025-10-07,"AAOI,ALAB,HIMS,NVTS,ORCL,POET,RDW,RKLB,RMBS,SMR",0.029902586259063675,0.007178924347688331,0.15413869312932474,0.04143831653954678,risk_off,True,10,15,60,shrinkage_max_diversification,0.25,9.927071990567784,0.11089247516746714,0.32422426255176373,2.1780077725355698,0.7157832852988912,60,0.02210639046570839,0.09453195364439931,0.3028545612576523,False,ok
20,10,signal_shrinkage_max_diversification_blend_0.25,2025,2025-10-21,"AAOI,CDE,CLS,FICO,JOBY,MARA,NVTS,SMR,SMTC,TEM",-0.044044465579104145,-0.014872487691560386,-0.04663713614500126,-0.23309716836033537,risk_off,True,10,15,60,shrinkage_max_diversification,0.25,8.524705979260435,0.1688448820272149,0.44934700945363715,2.2595107968810435,0.6587525047678082,60,0.1530305095399883,0.38069922945884554,0.3565578392441306,False,ok
20,10,signal_shrinkage_max_diversification_blend_0.25,2025,2025-11-04,"AA,ALB,CRDO,ENTG,FISV,HL,KVUE,RDDT,RMBS,SITM",0.021661363253930328,-0.022435499193692334,-0.33157468621432973,0.019748863469426604,risk_off,True,10,15,60,shrinkage_max_diversification,0.25,9.037933813805779,0.15989419631424012,0.43767071131280494,2.2314067983029515,0.5447169528809797,60,0.09555333356703764,0.2913079480154465,0.27693341783352393,False,ok
20,10,signal_shrinkage_max_diversification_blend_0.25,2025,2025-11-18,"ALAB,CVNA,EXPE,FISV,MRNA,ONDS,RDDT,SMR,STX,W",0.06854156343599539,0.055713208470791704,0.3484590112881119,0.1862982670777028,risk_off,True,10,15,60,shrinkage_max_diversification,0.25,9.129488416664262,0.15539832044698054,0.4257856424916414,2.3254583287628563,0.25094186043750777,60,0.05963227373219777,0.22315789140887213,0.3128163266137806,False,ok
20,10,signal_shrinkage_max_diversification_blend_0.25,2025,2025-12-03,"AFRM,HOOD,LUNR,MOD,MP,ONDS,POET,TTMI,USAR,WULF",-0.09214369997459368,-0.007919288069769227,-0.1442284878369189,0.08873071118191897,risk_off,True,10,15,60,shrinkage_max_diversification,0.25,8.1299040704324,0.1571425952656921,0.46525022770581836,2.3177347782626088,-0.06326853049482037,60,0.2791894201072166,0.5962630552845642,0.523475898766311,False,ok
20,10,signal_shrinkage_max_diversification_blend_0.25,2025,2025-12-17,"APLD,CIFR,CLSK,HOOD,HUT,LUNR,NVTS,QBTS,RGTI,USAR",0.20415822835283365,0.03438657190961965,0.39560976740688025,0.3310499318709211,risk_off,True,10,15,60,shrinkage_max_diversification,0.25,7.792973169952125,0.15299838762087214,0.44574045295418735,2.6911636578124725,-0.08367722781093327,60,0.4704523261783225,0.8517859418446305,0.7986569285161143,False,ok
20,10,signal_shrinkage_max_diversification_blend_0.25,2026,2026-01-02,"ALAB,BE,CORZ,IONQ,IREN,NVTS,RGTI,RIVN,TTMI,USAR",0.15990017494069883,0.04592265680505814,0.22054039674752626,0.018092089236777253,risk_off,True,10,15,60,shrinkage_max_diversification,0.25,7.9945204160645025,0.16062041180176762,0.45241269240149456,2.7418260280828135,-0.12381672557506049,60,0.36715879754896863,0.757102220971529,0.6144226154871847,False,ok
20,10,signal_shrinkage_max_diversification_blend_0.25,2026,2026-01-16,"ALAB,CIFR,CLSK,ECHO,IONQ,MARA,OKLO,QBTS,RGTI,SMR",-0.1804416000920757,-0.009903833912982694,-0.28051387571717,-0.24197931695478764,risk_off,True,10,15,60,shrinkage_max_diversification,0.25,7.899018704745352,0.16829452565265518,0.4585525571536178,2.6671041032280813,-0.022763779186498127,60,0.4796820784764086,0.8775325304798374,0.6257154365559378,False,ok
20,10,signal_shrinkage_max_diversification_blend_0.25,2026,2026-02-02,"AMKR,AU,CIFR,CLS,HUT,INTC,MP,OKLO,RIOT,WULF",0.014699599027792566,0.003258543217893794,-0.17895336440321932,-0.25019486878882913,risk_off,True,10,15,60,shrinkage_max_diversification,0.25,8.140723485756347,0.15723330098987814,0.47099385323545767,2.2515303421832003,-0.49332554155759484,60,0.3828982483712396,0.7479667358533951,0.5005546447655896,False,ok
20,10,signal_shrinkage_max_diversification_blend_0.25,2026,2026-02-17,"CDE,CLS,CORZ,DDOG,EL,NET,PINS,RIVN,RVMD,SPOT",0.001183266103783029,0.006937345951593162,-0.07442603463526325,-0.03729178564215712,risk_off,True,10,15,60,shrinkage_max_diversification,0.25,9.206969751576773,0.15622845000059443,0.4020142384117765,2.0354111655032585,0.422282723593106,60,0.07918178210445502,0.27942308340807365,0.26229696435937444,False,ok
20,10,signal_shrinkage_max_diversification_blend_0.25,2026,2026-03-03,"APP,AXON,COIN,HUBS,POET,RBRK,RGTI,RIVN,SPOT,XYZ",-0.021577228825839873,-0.015694294712545805,0.059049503032388345,-0.060192915660922656,risk_off,True,10,15,60,shrinkage_max_diversification,0.25,8.647831332166836,0.14590880753063168,0.41648871411356464,2.0959111594307487,-0.4544139345928893,60,0.22387921643921563,0.48518692897872534,0.399595144587551,False,ok
20,10,signal_shrinkage_max_diversification_blend_0.25,2026,2026-03-17,"CIFR,COIN,FICO,FLUT,HL,IONQ,RDW,RGTI,TEAM,W",-0.09433335069674632,-0.02254958857843178,-0.1986154392285275,0.2901212314478354,risk_off,True,10,15,60,shrinkage_max_diversification,0.25,7.4314002717609124,0.17259152057687574,0.5047361529988589,2.624935481471516,0.45011100219896033,60,0.2501110779314135,0.7851828793349107,0.3768577396672389,False,ok
20,10,signal_shrinkage_max_diversification_blend_0.25,2026,2026-03-31,"ALAB,APLD,CIFR,CLSK,CRDO,HL,IREN,MU,RDW,TE",0.36487305400085307,0.07476134006191577,0.5237020628082512,0.3138909195636782,risk_off,True,10,15,60,shrinkage_max_diversification,0.25,7.661796174217786,0.16311904355300422,0.4893571306590126,2.816664502569634,-0.08467501457123956,60,0.4193668223730791,0.7889053052790459,0.6309185313160537,False,ok
20,10,signal_shrinkage_max_diversification_blend_0.25,2026,2026-04-15,"APP,MOD,MP,MU,NVTS,OKLO,RDW,SMR,SMTC,TEM",0.020191373156751718,0.007164375328154752,-0.008991924615117056,0.24371460840588607,risk_off,True,10,15,60,shrinkage_max_diversification,0.25,8.09486693000199,0.16089647611683516,0.47639315542743105,2.1812487333237724,-0.12756333110153448,60,0.3474665914702291,0.7662350917810049,0.5011199859893108,False,ok
20,10,signal_shrinkage_max_diversification_blend_0.25,2026,2026-04-29,"FICO,IREN,LYB,MP,NET,NXT,OKLO,TE,TEAM,TEM",0.0852889810778931,0.043709481522160115,0.2388898515594062,0.35280803523214094,risk_off,True,10,15,60,shrinkage_max_diversification,0.25,8.044407383862586,0.16473164159678105,0.48269397923439683,2.3502931912244223,0.2213751589118258,60,0.13611619387165239,0.6859861638146025,0.3089241303737574,False,ok
20,10,signal_shrinkage_max_diversification_blend_0.25,2026,2026-05-13,"ALB,ENPH,FIX,FTAI,MP,RDDT,RGTI,TE,TER,ZTS",0.22165472815197887,0.04661327358101235,0.23534777622623007,0.04743792799830555,risk_off,True,10,15,60,shrinkage_max_diversification,0.25,7.983523326851239,0.16005364115749857,0.46508719366467566,2.049575137297315,0.3842492224382822,60,0.2394132731002674,0.524346183170343,0.3748815884258594,False,ok
20,10,signal_shrinkage_max_diversification_blend_0.25,2026,2026-05-28,"ANET,FORM,FTAI,HIMS,KTOS,NET,NXPI,SHOP,TER,W",-0.015322014056132,-0.007783458915812064,-0.22918170722935896,-0.1991334859883724,risk_off,True,10,15,60,shrinkage_max_diversification,0.25,9.20469792007581,0.16526031716214873,0.4127994413398637,2.2436289166702554,0.005424159162040569,60,0.14690990075670682,0.43417427355572163,0.35748649887133116,False,ok
20,10,signal_shrinkage_max_diversification_blend_0.50,2021,2021-01-04,"AXTI,CVNA,EQT,NET,PLTR,QXO,SITM,STRL,THC,WDC",0.19531112465070746,0.07030973856078798,0.25833680457444064,0.22737856291916733,risk_off,True,10,15,60,shrinkage_max_diversification,0.5,9.686204550743062,0.12961246106793706,0.3694877634539561,3.0,,60,0.0747370259332639,0.2750610385754208,0.28911137569330875,False,ok
20,10,signal_shrinkage_max_diversification_blend_0.50,2021,2021-01-19,"CDE,CVNA,HL,MP,MRNA,NET,PLTR,SNOW,W,WDC",0.07178816001377292,-0.010274998055037218,-0.09944960954464188,0.2417731730130608,risk_off,True,10,15,60,shrinkage_max_diversification,0.5,9.63460958786066,0.13338519214178396,0.3800189482848252,2.8834084737499754,0.09195412148605137,60,0.1489595532220908,0.6808908488875026,0.39091438001472645,False,ok
20,10,signal_shrinkage_max_diversification_blend_0.50,2021,2021-02-02,"CCJ,CDE,CVNA,ENPH,HL,INSM,MP,OXY,PAAS,PLTR",0.07568279630471368,0.058056854757281895,0.32937203498193474,0.17105479895492223,risk_off,True,10,15,60,shrinkage_max_diversification,0.5,9.65397490151666,0.12734468448304917,0.3673571770481804,2.88168600662752,-0.4201005351194339,60,0.1432281114459301,0.7794679591248602,0.40960462570942935,False,ok
20,10,signal_shrinkage_max_diversification_blend_0.50,2021,2021-02-17,"BE,CDE,CELH,CLSK,ENPH,HL,INSM,NTRA,PAAS,RVMD",-0.07191190360744137,-0.017086850018389037,0.045086684235397245,0.01581838817925182,risk_off,True,10,15,60,shrinkage_max_diversification,0.5,9.261735184875343,0.1461334881973556,0.4078380149319771,2.889545576850901,0.40019492352706837,60,0.17274358280402777,0.802938299091341,0.40513169973810975,False,ok
20,10,signal_shrinkage_max_diversification_blend_0.50,2021,2021-03-03,"AXTI,CDE,CELH,CLSK,HL,MSTR,MXL,ONDS,W,WULF",0.03188252073877494,0.04286819959595054,-0.023320999873354235,-0.3167486979013101,risk_off,True,10,15,60,shrinkage_max_diversification,0.5,9.671383904039716,0.14487541566659448,0.3685971785004778,2.9111367834781903,0.5186415511234342,60,0.13983260347892137,0.6822927219103897,0.4943788042527586,False,ok
20,10,signal_shrinkage_max_diversification_blend_0.50,2021,2021-03-17,"AXTI,BE,CVNA,MSTR,MXL,ONDS,PLTR,RKLB,TWLO,W",-0.09216087941913836,-0.010537424443842812,-0.4245636738510876,-0.25777114827080255,risk_on,True,10,15,60,shrinkage_max_diversification,0.5,9.282802913885147,0.13863449446038795,0.3926684664268139,2.7126607959508697,-0.1290426457152433,60,0.21286320434849734,0.4443655916980294,0.4774389730027073,False,ok
20,10,signal_shrinkage_max_diversification_blend_0.50,2021,2021-03-31,"AXTI,BE,CELH,ENPH,HIMS,HUT,MP,MSTR,ONDS,TSLA",-0.026278609323328594,0.03583900671621776,-0.03899371576334937,-0.13678027560331857,risk_on,True,10,15,60,shrinkage_max_diversification,0.5,9.355830480817405,0.14107251882194174,0.41249236824640745,2.969274354656097,-0.3855141541055165,60,0.27818841881106804,0.5347619308669636,0.6451781307234117,False,ok
20,10,signal_shrinkage_max_diversification_blend_0.50,2021,2021-04-15,"AXTI,BE,CELH,CLSK,ENPH,HUT,MARA,MP,MSTR,QXO",-0.028702875046091154,0.008869373278152688,-0.14977533971793963,-0.3550078438848738,risk_on,True,10,15,60,shrinkage_max_diversification,0.5,9.142854034350679,0.1492358568949136,0.4120309882349873,2.8253306737547885,0.23515994085161268,60,0.3344929676878847,0.7186400923036146,0.7199093473050547,False,ok
20,10,signal_shrinkage_max_diversification_blend_0.50,2021,2021-04-29,"BE,CELH,CLSK,ENPH,HIMS,HUT,MSTR,ONDS,QXO,RIOT",-0.2273351589146506,-0.03460121515501072,-0.304001814956624,-0.014429517717168508,risk_on,True,10,15,60,shrinkage_max_diversification,0.5,9.001884389121777,0.14098984556276947,0.4149503515142675,2.971706820947994,-0.3112398334470205,60,0.28437959208487307,0.6777904643034492,0.6511419339048723,False,ok
20,10,signal_shrinkage_max_diversification_blend_0.50,2021,2021-05-13,"CCJ,CDE,CELH,EQT,HL,MARA,MP,RIOT,SHOP,SITM",0.19117370268404987,0.04738176771365853,0.3740547651377887,0.38543294876363476,risk_off,True,10,15,60,shrinkage_max_diversification,0.5,9.3138246159446,0.1337025698324632,0.3977370583153734,2.9389491420761695,-0.41047752286276606,60,0.2990643164490036,0.8847462125996447,0.5155572906810036,False,ok
20,10,signal_shrinkage_max_diversification_blend_0.50,2021,2021-05-27,"BE,CCJ,CLSK,DASH,HIMS,HUT,MARA,ONDS,RIOT,SITM",0.006750582456301692,0.02033109660006305,0.15765067933687468,0.221701974905471,risk_off,True,10,15,60,shrinkage_max_diversification,0.5,8.960638630128676,0.14229017582051362,0.40272174204443206,2.931207453879412,-0.1897611514045522,60,0.40815001799286244,0.8750250560799142,0.6359908254849618,False,ok
20,10,signal_shrinkage_max_diversification_blend_0.50,2021,2021-06-11,"AFRM,ASTS,CLSK,DASH,HIMS,HUT,MARA,ONDS,POET,RIOT",0.005311336962315066,0.0047539965984023744,-0.018855411686483012,-0.12474482022892026,risk_off,True,10,15,60,shrinkage_max_diversification,0.5,9.071705601673893,0.14,0.4041953685860004,3.0,,60,0.2282158565856552,0.7454754338868148,0.5144728830591091,False,ok
20,10,signal_shrinkage_max_diversification_blend_0.50,2021,2021-06-25,"AFRM,ASTS,AXTI,CLSK,HUT,MARA,MSTR,ONDS,POET,RIOT",0.0530431754079889,0.005006235888459096,-0.3303939101029276,-0.3845213329025605,risk_off,True,10,15,60,shrinkage_max_diversification,0.5,8.959814228150274,0.1384830001964757,0.398089133790303,2.9952673127859955,-0.3764798322602053,60,0.23656960623577036,0.7788178702447897,0.4940246400452957,False,ok
20,10,signal_shrinkage_max_diversification_blend_0.50,2021,2021-07-12,"AXTI,BB,HUT,MARA,MSTR,OXY,POET,RBLX,RIOT,STRL",-0.026910431936777713,-0.004550332550037896,-0.42440856730260135,-0.24434032378922488,risk_off,True,10,15,60,shrinkage_max_diversification,0.5,9.191465097572864,0.1379991911600234,0.4028739559495537,2.970201011549057,-0.6472553700519145,60,0.20227049818068482,0.8461623042819173,0.4045809203346993,False,ok
20,10,signal_shrinkage_max_diversification_blend_0.50,2021,2021-07-26,"AA,ASTS,CCL,COIN,HUT,MARA,MSTR,NCLH,RIOT,TE",0.10717790216849306,0.016342206127531962,0.06646754373851718,-0.17801495266771503,risk_off,True,10,15,60,shrinkage_max_diversification,0.5,9.162911841376324,0.14,0.40367429226696244,3.0,,60,0.19602658992008593,0.7965292684172393,0.3996946700878062,False,ok
20,10,signal_shrinkage_max_diversification_blend_0.50,2021,2021-08-09,"AA,AFRM,ASTS,CCL,CLSK,DOCN,HIMS,JOBY,NCLH,RIOT",-0.03478386863146023,-0.002709470172841376,-0.3698986180113055,-0.09160786047325677,risk_off,True,10,15,60,shrinkage_max_diversification,0.5,9.59140046301837,0.14045119949661014,0.37503735096500557,2.9893499955636633,-0.22086104907002269,60,0.09813968490533871,0.46661282146373884,0.31142536348397215,False,ok
20,10,signal_shrinkage_max_diversification_blend_0.50,2021,2021-08-23,"AA,AFRM,ASTS,CLSK,DOCN,HIMS,JOBY,ONDS,RIOT,TE",0.12920222480873864,0.022358568293754644,0.2455596133686562,0.14392889544554638,risk_off,True,10,15,60,shrinkage_max_diversification,0.5,9.882810391272729,0.11637542179433284,0.33162570521493046,2.9827302389087667,-0.1147212813741432,60,0.045087783270591555,0.24372629630090215,0.3090578604975314,False,ok
20,10,signal_shrinkage_max_diversification_blend_0.50,2021,2021-09-07,"APP,ASTS,CIFR,CLSK,HIMS,JOBY,ONDS,RIOT,SOFI,TE",-0.02891708122162742,-0.03279268938912169,-0.028896012938420687,0.05346622045751869,risk_off,True,10,15,60,shrinkage_max_diversification,0.5,9.683892139810498,0.13326982244945484,0.36193827438180437,2.994881289199358,0.2531587203326944,60,0.03771090728268124,0.31138464093280865,0.27041770961735084,False,ok
20,10,signal_shrinkage_max_diversification_blend_0.50,2021,2021-09-21,"APP,ASTS,AXTI,CIFR,CLSK,HUT,MARA,ONDS,RDW,WULF",0.024125465887069184,0.008895212668288804,0.16470690600024102,0.19162832880431827,risk_off,True,10,15,60,shrinkage_max_diversification,0.5,9.264375460186674,0.14081988303274381,0.40077038618330596,2.991641072630414,0.6209161994143103,60,0.12011120875915632,0.47297492867813923,0.3352590941566006,False,ok
20,10,signal_shrinkage_max_diversification_blend_0.50,2021,2021-10-05,"APP,ASTS,AXTI,CIFR,CLSK,IONQ,MARA,ONDS,POET,RKLB",0.08440918730048207,0.044197449144180785,0.06836395559596606,0.16894520457524875,risk_off,True,10,15,60,shrinkage_max_diversification,0.5,9.622115783324082,0.12729655829440562,0.36499219018656404,3.0,,60,0.06831723132210603,0.38059533030608406,0.29960206643634985,False,ok
20,10,signal_shrinkage_max_diversification_blend_0.50,2021,2021-10-19,"AA,BB,BE,CIFR,IONQ,JOBY,ONDS,POET,RDW,RIOT",0.1209442805607561,0.0274391614111111,0.158929877660065,0.21699465291040262,risk_off,True,10,15,60,shrinkage_max_diversification,0.5,9.933927257122134,0.1141421161150539,0.3263832241277255,3.0,,60,0.045625418602201026,0.1645422970227506,0.2878381712464146,False,ok
20,10,signal_shrinkage_max_diversification_blend_0.50,2021,2021-11-02,"AA,BB,CIFR,HIMS,JOBY,ONDS,PINS,RDW,RIOT,RKLB",0.02962392312014361,0.026244664085104744,0.09809047628619331,-0.1579223133021045,risk_off,True,10,15,60,shrinkage_max_diversification,0.5,9.869135244061344,0.11937118410341886,0.34211690964689356,2.9727725824981492,0.28920908497980835,60,0.06769560287415383,0.21474422465427465,0.34026081007796305,False,ok
20,10,signal_shrinkage_max_diversification_blend_0.50,2021,2021-11-16,"AA,AFRM,CELH,CIFR,CLSK,HIMS,MARA,QXO,RDW,SITM",-0.1602270961533415,-0.07477096313389131,-0.3412867976119783,-0.41863314033748666,risk_off,True,10,15,60,shrinkage_max_diversification,0.5,9.62389483692023,0.1437070423889683,0.3652796954621842,2.921541784785485,0.14042832402481517,60,0.08515944256161626,0.3621961026566234,0.36950335565252485,False,ok
20,10,signal_shrinkage_max_diversification_blend_0.50,2021,2021-12-01,"AAOI,AFRM,APP,DOCN,MARA,MRNA,QXO,RIOT,SITM,TOST",-0.06797974594725911,0.03206265906009462,-0.23531345890986713,-0.1961572969739614,risk_off,True,10,15,60,shrinkage_max_diversification,0.5,9.604063988699451,0.12860205292233018,0.37223086110390324,2.9784809895773643,-0.46955986795791255,60,0.1606748048446234,0.5676273604514948,0.42187181257357553,False,ok
20,10,signal_shrinkage_max_diversification_blend_0.50,2021,2021-12-15,"AFRM,MDB,MRNA,QXO,ROKU,SITM,SNOW,TE,WULF,ZS",-0.03402470251264941,0.02303781766939532,0.00578960142864443,-0.10045668547478893,risk_off,True,10,15,60,shrinkage_max_diversification,0.5,9.322192404867724,0.13851476602364413,0.39044236966444024,2.988570312407319,-0.174474601481118,60,0.22618058221466872,0.510913302468157,0.4136568143751079,False,ok
20,10,signal_shrinkage_max_diversification_blend_0.50,2021,2021-12-30,"AFRM,CVNA,DOCN,IONQ,MDB,MRNA,ROKU,SITM,TE,WULF",-0.20315380615893738,-0.024185950728445975,-0.26275570849771385,-0.4713169939112061,risk_off,True,10,15,60,shrinkage_max_diversification,0.5,9.009739036284316,0.14868484615060837,0.4256360815850265,2.8073589705776163,0.3218135529533859,60,0.20449677404919298,0.5380907105491125,0.4469858172736398,False,ok
20,10,signal_shrinkage_max_diversification_blend_0.50,2022,2022-01-03,"AFRM,DKNG,DOCN,HOOD,HUT,IONQ,PL,ROKU,TOST,WULF",-0.19751280610269314,-0.04732579047660334,-0.4712230195216537,-0.4691354964722685,risk_off,True,10,15,60,shrinkage_max_diversification,0.5,9.44712569598505,0.14196913119566987,0.3886938598445849,2.9665885494659383,0.5981490192867276,60,0.26611798654596164,0.5413547462879342,0.5110336807577308,False,ok
20,10,signal_shrinkage_max_diversification_blend_0.50,2022,2022-01-18,"DKNG,HOOD,ILMN,MP,ONTO,PL,QXO,RDW,TSLA,WULF",-0.06991309499731094,-0.012526326423444268,-0.014744448602641942,-0.01149307171354791,risk_off,True,10,15,60,shrinkage_max_diversification,0.5,9.303283795842276,0.13955239118797058,0.38241723155902413,2.931866605263087,0.6067868186893098,60,0.20025912834102672,0.5011204687515542,0.398043309402327,False,ok
20,10,signal_shrinkage_max_diversification_blend_0.50,2022,2022-02-01,"CLSK,DKNG,HOOD,HUT,MARA,NET,ONTO,PL,SOFI,WULF",0.05047630954366918,0.00884588395541027,0.08412063803613701,-0.12800636597648254,risk_off,True,10,15,60,shrinkage_max_diversification,0.5,9.12600137680204,0.15043668844733657,0.40177645205553436,2.792743544221432,0.09463015187843528,60,0.4142372924305049,0.7262488875309062,0.6112712825763901,False,ok
20,10,signal_shrinkage_max_diversification_blend_0.50,2022,2022-02-15,"AFRM,CIFR,CVNA,MARA,MRNA,NVTS,RBLX,RIOT,RIVN,SOFI",-0.10261676529319175,-0.016314403635332674,-0.19887043177727395,-0.31512389706296234,risk_off,True,10,15,60,shrinkage_max_diversification,0.5,8.146417811946742,0.16072503721895703,0.465223832825785,2.696114393728313,0.634196157374723,60,0.43495317638334613,0.8854105957001239,0.6092505409498837,False,ok
20,10,signal_shrinkage_max_diversification_blend_0.50,2022,2022-03-02,"AFRM,CIFR,DOCN,JOBY,MARA,MRNA,ONDS,RIOT,VRT,XYZ",-0.018420490846759313,-0.015645288184106435,-0.2908678587508675,-0.10842585592810418,risk_off,True,10,15,60,shrinkage_max_diversification,0.5,8.294196488955773,0.16043067765370186,0.4495340494843201,2.703383753853838,0.7052840577274232,60,0.4890712410920902,0.8857791764540887,0.6618985731151589,False,ok
20,10,signal_shrinkage_max_diversification_blend_0.50,2022,2022-03-16,"AFRM,CVNA,DASH,HIMS,NTRA,ONDS,RBLX,VRT,WULF,XYZ",0.18232306151175823,0.060508788043382895,0.20484329211969354,-0.21448843669010192,risk_off,True,10,15,60,shrinkage_max_diversification,0.5,7.792296231146259,0.17527445501798836,0.5182264965376849,2.56408502230942,0.8502362440729206,60,0.3383987654375084,0.640842123300419,0.6360394618191055,False,ok
20,10,signal_shrinkage_max_diversification_blend_0.50,2022,2022-03-30,"AFRM,GH,NTRA,NU,QXO,RBLX,RIVN,SHOP,VRT,WULF",-0.11042055489795231,-0.0332926426922929,-0.46720179811280554,-0.5347647652108458,risk_off,True,10,15,60,shrinkage_max_diversification,0.5,8.080816272417714,0.17164841387400845,0.4718540404896522,2.5763647393234717,0.8091672058086605,60,0.31365790256038795,0.6213036153200157,0.6388351264401401,False,ok
20,10,signal_shrinkage_max_diversification_blend_0.50,2022,2022-04-13,"AFRM,CELH,HOOD,JOBY,NTRA,RBLX,RGTI,RIVN,W,XYZ",-0.11084530918543867,-0.0478878133167235,-0.33603280208110414,-0.42724119599241234,risk_off,True,10,15,60,shrinkage_max_diversification,0.5,8.89137178873568,0.14,0.41999999999999993,3.0,,60,0.4481007019409484,0.6413282822604626,0.6766819599230809,False,ok
20,10,signal_shrinkage_max_diversification_blend_0.50,2022,2022-04-28,"CELH,META,NTRA,PINS,PL,RGTI,SMCI,TOST,VRT,WULF",-0.08814857036738015,-0.09980559397127838,-0.3447208967320751,-0.15769049323314088,risk_off,True,10,15,60,shrinkage_max_diversification,0.5,9.521915590250876,0.13762438807460722,0.3800397590321528,2.875770572621237,-0.38127090835050936,60,0.2045801448237438,0.41035051442968473,0.4914078365662185,False,ok
20,10,signal_shrinkage_max_diversification_blend_0.50,2022,2022-05-12,"AFRM,CIFR,COIN,CVNA,GH,MSTR,MXL,RIVN,W,WULF",0.15476533833255854,0.05902800107903099,0.19055071364452306,0.13949057783080895,risk_off,True,10,15,60,shrinkage_max_diversification,0.5,8.789042284626195,0.14026485362411653,0.42079456087234957,2.992550747118098,-0.33780129413612525,60,0.4532737172272045,0.7460217255023567,0.7784942547314477,False,ok
20,10,signal_shrinkage_max_diversification_blend_0.50,2022,2022-05-26,"COIN,CVNA,GH,IREN,MARA,MSTR,NET,NU,W,WULF",-0.12743799118411714,-0.041607881638335883,-0.09560641261414625,-0.026601585465700562,risk_off,True,10,15,60,shrinkage_max_diversification,0.5,8.66285614468861,0.14257560439640568,0.4254019763408059,2.926821621663748,-0.3516278844208343,60,0.5180673318105442,0.7955163573043685,0.8920065368548834,False,ok
20,10,signal_shrinkage_max_diversification_blend_0.50,2022,2022-06-10,"AFRM,CIFR,COIN,CVNA,GH,IONQ,MSTR,NU,RDW,W",0.04061615839556676,-0.013037267403061612,0.11919430468292827,-0.0147567003344231,risk_off,True,10,15,60,shrinkage_max_diversification,0.5,8.943227956179156,0.1414132950462637,0.42423988513879113,2.9709398395645388,0.09300513861960152,60,0.5077407487526576,0.7711375284211626,0.847090184971622,False,ok
20,10,signal_shrinkage_max_diversification_blend_0.50,2022,2022-06-27,"APLD,CIFR,COIN,CVNA,IONQ,MSTR,NET,NU,W,WULF",-0.05112896628770102,-0.03070552472011658,-0.337930515036907,-0.0456958192211353,risk_off,True,10,15,60,shrinkage_max_diversification,0.5,8.918039048083896,0.152360568731579,0.4251232752969959,2.7724779073795096,0.32841696587860825,60,0.4178506213404108,0.7306448722703632,0.8645801855138086,False,ok
20,10,signal_shrinkage_max_diversification_blend_0.50,2022,2022-07-12,"APLD,CIFR,COIN,CVNA,MARA,MSTR,NET,RIOT,W,WULF",0.18193605434245402,0.04120739560216693,0.20337724948127148,0.40601361039947587,risk_off,True,10,15,60,shrinkage_max_diversification,0.5,8.421866917434114,0.15197502178314315,0.43325622063412655,2.8106182502643864,0.534798622633593,60,0.4754911321054455,0.779918848089936,0.9479996523436219,False,ok
20,10,signal_shrinkage_max_diversification_blend_0.50,2022,2022-07-26,"APLD,CIFR,COIN,DKNG,HUT,IREN,NET,NVTS,RGTI,WULF",0.29202807915608137,0.08020265716848522,0.3756538302510819,0.2795361216100723,risk_off,True,10,15,60,shrinkage_max_diversification,0.5,9.168791871833983,0.1494818891889627,0.3868787008615755,2.8358493489043264,0.4924078838332939,60,0.3178412848761683,0.5614010772054024,0.8733539965622159,False,ok
20,10,signal_shrinkage_max_diversification_blend_0.50,2022,2022-08-09,"APLD,CLSK,CVNA,NU,NVTS,RGTI,SHOP,TWLO,W,WULF",-0.033956677768727954,0.0021356335640147295,-0.20865881796799143,-0.2553386074691479,risk_off,True,10,15,60,shrinkage_max_diversification,0.5,9.6520796247781,0.12996540098110226,0.35861943802658075,2.981776454989478,-0.6134675098948331,60,0.31641140796231204,0.4785530699147394,0.8049863013790396,False,ok
20,10,signal_shrinkage_max_diversification_blend_0.50,2022,2022-08-23,"CRDO,DOCN,GH,HOOD,NU,POET,RCL,RGTI,RVMD,WULF",-0.08926760191433938,-0.03597974242968704,-0.23881165493276874,-0.18149391958730973,risk_off,True,10,15,60,shrinkage_max_diversification,0.5,9.02610395028428,0.14086247841480076,0.41274192324441267,2.9866611895935717,0.3457599735886335,60,0.30622119583125823,0.5720885093272917,0.5139776620118529,False,ok
20,10,signal_shrinkage_max_diversification_blend_0.50,2022,2022-09-07,"CDE,CELH,ILMN,NU,OKTA,POET,QXO,RGTI,RKLB,SNOW",-0.07055677677494047,-0.0414146579002377,-0.03092124010464681,0.05783726123250052,risk_off,True,10,15,60,shrinkage_max_diversification,0.5,8.992642589487463,0.15443347880770525,0.4316789352302552,2.753405331896601,0.41326542891247775,60,0.20265286907885133,0.4708866120147633,0.4129947469817103,False,ok
20,10,signal_shrinkage_max_diversification_blend_0.50,2022,2022-09-21,"CDE,HUT,NVTS,OKTA,QBTS,RGTI,RIOT,ROKU,SNOW,ZS",0.0811820390063216,0.007105101569703827,0.09643331657764549,-0.19346577844689347,risk_off,True,10,15,60,shrinkage_max_diversification,0.5,8.893652124848352,0.14193418872296348,0.4258025661688903,2.965504344367672,0.24533854559702467,60,0.3124803297552911,0.7859403039184419,0.565309170843881,False,ok
20,10,signal_shrinkage_max_diversification_blend_0.50,2022,2022-10-05,"AFRM,CIFR,CVNA,HUT,IREN,PATH,RGTI,RIOT,SITM,VRT",-0.16245620050376472,-0.0415359531202562,-0.2356242483006325,-0.20445381349972866,risk_off,True,10,15,60,shrinkage_max_diversification,0.5,8.856767081950082,0.142160830886286,0.4201452670296011,2.9631795658697895,0.4805958973701299,60,0.433627753827988,0.7869453248620395,0.6836850320781631,False,ok
20,10,signal_shrinkage_max_diversification_blend_0.50,2022,2022-10-19,"AA,AFRM,ASTS,CLSK,CVNA,IREN,RGTI,SITM,W,XYZ",-0.010133894951447259,0.041191466115838,-0.1241322625503775,0.046967103714000695,risk_off,True,10,15,60,shrinkage_max_diversification,0.5,9.172709344079959,0.13853198385668125,0.3960437498966031,2.7212627638450444,-0.4118674752420569,60,0.3889642069888709,0.7286401011993894,0.6570303754451795,False,ok
20,10,signal_shrinkage_max_diversification_blend_0.50,2022,2022-11-02,"AFRM,ASTS,CIFR,CLSK,HUT,JOBY,QBTS,RBLX,RGTI,W",-0.086206332782004,0.05598351068559991,0.18637022581723742,0.07180570649627308,risk_off,True,10,15,60,shrinkage_max_diversification,0.5,8.641737525948962,0.1541825076151655,0.43783003137975063,2.7819450106526977,0.6242649368831343,60,0.3015110564250076,0.6606436182339888,0.5796163379664676,False,ok
20,10,signal_shrinkage_max_diversification_blend_0.50,2022,2022-11-16,"ASTS,CIFR,CVNA,DKNG,GH,IREN,NET,QBTS,RGTI,W",-0.06891394883902685,0.02635086460682262,-0.16218503599143402,-0.3051742595480884,risk_off,True,10,15,60,shrinkage_max_diversification,0.5,8.120071888067253,0.16881782551829672,0.4563029909029575,2.599487733119795,0.7260047369878704,60,0.2847161879422699,0.6555628044380156,0.6778173086028433,False,ok
20,10,signal_shrinkage_max_diversification_blend_0.50,2022,2022-12-01,"AFRM,CVNA,DKNG,GH,IREN,MKSI,NET,RGTI,TWLO,WULF",-0.15312841556852796,-0.052744197182541384,-0.3301862377033458,-0.40893053709249666,risk_off,True,10,15,60,shrinkage_max_diversification,0.5,8.394391790188848,0.17200011040231128,0.45507247615429525,2.5290545821703576,0.6222660069899263,60,0.4427802337642024,0.6981522471761653,0.7788889725779575,False,ok
20,10,signal_shrinkage_max_diversification_blend_0.50,2022,2022-12-15,"CLSK,COIN,CVNA,MARA,MSTR,NET,RBLX,RIOT,W,WULF",-0.08529723311712482,-0.01653131181393959,-0.22453391011382817,0.3427091273277429,risk_off,True,10,15,60,shrinkage_max_diversification,0.5,9.312558904941442,0.13212485615176184,0.3866698035490145,2.8217290573798373,-0.16196775480735673,60,0.48513763139751076,0.7256218757358606,0.8978971696386457,False,ok
20,10,signal_shrinkage_max_diversification_blend_0.50,2022,2022-12-30,"APLD,ASTS,CLSK,COIN,CVNA,IREN,MRNA,QBTS,RBLX,WULF",0.26955829777217755,0.08835391248637042,0.44948542561980515,0.4761072683525764,risk_off,True,10,15,60,shrinkage_max_diversification,0.5,9.08991161166617,0.14006745906109128,0.4090576431513321,2.998661500128483,0.013996274510310776,60,0.27025262587396354,0.5646538822693876,0.6409713485969258,False,ok
20,10,signal_shrinkage_max_diversification_blend_0.50,2023,2023-01-03,"APLD,ASTS,CLSK,CVNA,IREN,MDB,QBTS,RBLX,RDW,WULF",0.24290958562225015,0.07331068777750739,0.49920351207926655,0.5623883157183059,risk_off,True,10,15,60,shrinkage_max_diversification,0.5,9.377290019616266,0.13839880139344693,0.37500473202862994,2.328521876629702,0.39604142397893155,60,0.2625060697542182,0.5506137056567337,0.693812093282934,False,ok
20,10,signal_shrinkage_max_diversification_blend_0.50,2023,2023-01-18,"ASTS,CIFR,CLSK,CVNA,GH,IONQ,MARA,POET,RDW,RGTI",0.15052980246033518,0.0618947278572444,0.3463795251490087,0.30199755191069005,risk_off,True,10,15,60,shrinkage_max_diversification,0.5,9.357024055055888,0.13892818766278983,0.3889469565025859,2.16701523226216,0.6472781552988179,60,0.2392483056289111,0.5052489046617089,0.6938988097276907,False,ok
20,10,signal_shrinkage_max_diversification_blend_0.50,2023,2023-02-01,"CIFR,CVNA,MARA,POET,RDW,RGTI,RIVN,RVMD,TE,WULF",0.08942737269445429,0.009998888807399738,0.061508992038724154,-0.04288728770269207,risk_off,True,10,15,60,shrinkage_max_diversification,0.5,9.183384258520704,0.16194403764094345,0.3997569919893291,2.00281034482235,0.4672047190021073,60,0.2319544724668783,0.38744544205998577,0.6818057184183227,False,ok
20,10,signal_shrinkage_max_diversification_blend_0.50,2023,2023-02-15,"CIFR,CVNA,HUT,IREN,MARA,POET,QBTS,RDW,RIOT,RIVN",-0.15464180679367615,-0.03858304425592113,-0.19331705532879495,-0.08155544278282617,risk_off,True,10,15,60,shrinkage_max_diversification,0.5,8.685164635936346,0.17999999999999988,0.4446168368126047,2.1228912780091385,0.7532290735580108,60,0.21969569188578708,0.6103049527349248,0.7135440084629218,False,ok
20,10,signal_shrinkage_max_diversification_blend_0.50,2023,2023-03-02,"CIFR,CRDO,GH,IONQ,PLTR,QBTS,RBLX,RDW,RIOT,TE",-0.06983814876823352,-0.03534272688975863,0.10017835242015946,0.06342143910190988,risk_off,True,10,15,60,shrinkage_max_diversification,0.5,9.231334050553585,0.1604936683169269,0.4058482101082873,1.56234477014545,0.6029286026785842,60,0.13242281034997536,0.40358527629380325,0.4676604503379096,False,ok
20,10,signal_shrinkage_max_diversification_blend_0.50,2023,2023-03-16,"CIFR,HUT,JOBY,MSTR,POET,RIOT,RVMD,SHOP,TE,WULF",0.1322724184987042,0.025709445504174623,0.031626451323754703,-0.09250641833847731,risk_off,True,10,15,60,shrinkage_max_diversification,0.5,8.418206322699845,0.17225580610223498,0.4481146920407607,1.772106426900729,0.6070012935615756,60,0.253656429969754,0.7089674987071145,0.5542433986253824,False,ok
20,10,signal_shrinkage_max_diversification_blend_0.50,2023,2023-03-30,"CIFR,CLSK,COIN,CVNA,HUT,LUNR,MSTR,QBTS,W,WULF",0.2156683358968087,0.01965481257348085,-0.10015117746264221,-0.11102021538690189,risk_off,False,10,15,60,shrinkage_max_diversification,0.5,9.653232985870297,0.1306062546440653,0.38083786781847073,1.950623487267794,0.8803119638818225,60,0.0505903886074586,0.15449090916868136,0.8817613173522264,False,ok
20,10,signal_shrinkage_max_diversification_blend_0.50,2023,2023-04-14,"AFRM,CIFR,COIN,CRDO,CVNA,HUT,MSTR,QBTS,RGTI,W",-0.09324396778752783,-0.007655776890147749,-0.17856697464513893,-0.1848345331965353,risk_off,False,10,15,60,shrinkage_max_diversification,0.5,8.637961061644582,0.17715269283378127,0.45978436183144983,2.1003995521674295,0.6677291004415471,60,0.2635446097942306,0.6325933652247409,0.698329723346507,False,ok
20,10,signal_shrinkage_max_diversification_blend_0.50,2023,2023-04-28,"AAOI,CIFR,CLSK,HUT,IREN,LUNR,MARA,MSTR,ONDS,QBTS",-0.05475607955754813,-0.006691428722313886,-0.13270216352850256,0.22638380505855432,risk_off,False,10,15,60,shrinkage_max_diversification,0.5,8.633953936468473,0.16124039711782842,0.46044669676502803,2.408359042921421,0.9549283710275224,60,0.05968463636388265,0.18458970980723527,0.8844308352866357,False,ok
20,10,signal_shrinkage_max_diversification_blend_0.50,2023,2023-05-12,"AFRM,ASTS,CLSK,LUNR,NVTS,ONDS,PLTR,QBTS,RGTI,ZS",0.6310657311618227,0.037709752660554326,0.41251000056994425,0.4423233674214998,risk_off,False,10,15,60,shrinkage_max_diversification,0.5,9.640757783322313,0.13976255768033302,0.37540344773462603,2.1099698405893372,0.9504226095632055,60,0.02332471238016067,0.09686193492853426,0.763368805458211,False,ok
20,10,signal_shrinkage_max_diversification_blend_0.50,2023,2023-05-26,"AFRM,APLD,ASTS,CLSK,COIN,CVNA,LUNR,QBTS,RGTI,SITM",0.21373063815393345,0.047973765081764666,0.24051440121801052,0.15095455638253322,risk_off,False,10,15,60,shrinkage_max_diversification,0.5,9.774518760723792,0.12069640655636601,0.3547652026339191,2.204614195348646,0.7128416615770945,60,0.06089277541214988,0.43673411193871414,0.592409970285281,False,ok
20,10,signal_shrinkage_max_diversification_blend_0.50,2023,2023-06-12,"AFRM,APLD,CIFR,CVNA,IONQ,IREN,MARA,NVTS,QBTS,RGTI",0.02715540225087887,0.016389376175423555,-0.05001332340121453,0.15371253893435813,risk_off,False,10,15,60,shrinkage_max_diversification,0.5,9.54264075647653,0.14193943289712505,0.3860995578776295,2.229928722119246,0.7987277152927953,60,0.12940578563916805,0.5155288021853582,0.7572798041353745,False,ok
20,10,signal_shrinkage_max_diversification_blend_0.50,2023,2023-06-27,"AFRM,CIFR,CVNA,IONQ,LUNR,ONDS,POET,QBTS,RGTI,RIOT",0.2734345720225039,0.05047730194989893,0.25149859546156267,0.15885660937833787,risk_off,False,10,15,60,shrinkage_max_diversification,0.5,9.669035370835164,0.12405597103287619,0.3613908133831747,2.0166608223609535,0.22909822244569955,60,0.09379716021562863,0.5821043449946719,0.6426144387585898,False,ok
20,10,signal_shrinkage_max_diversification_blend_0.50,2023,2023-07-12,"CIFR,COHR,IONQ,IREN,JOBY,MARA,ONDS,RIOT,TE,WULF",-0.0117325299271798,0.01728299628939763,-0.02400074506357217,-0.14236225175453568,risk_off,True,10,15,60,shrinkage_max_diversification,0.5,9.034029377230297,0.15056265261602392,0.4155318588505355,1.8955968017787337,0.6895848368234095,60,0.1865489675310849,0.6525494890709131,0.4829138535549987,False,ok
20,10,signal_shrinkage_max_diversification_blend_0.50,2023,2023-07-26,"HUT,IONQ,IREN,LUNR,MARA,ONDS,RGTI,RIOT,TE,TOST",-0.0920013649805341,-0.020526187755062614,-0.17165806086902508,-0.13736404910006145,risk_off,True,10,15,60,shrinkage_max_diversification,0.5,8.91135369778443,0.1592113633445981,0.42611288045610085,2.073573828367417,0.6251942104985777,60,0.14756836034224594,0.6583277516024516,0.4981719003036028,False,ok
20,10,signal_shrinkage_max_diversification_blend_0.50,2023,2023-08-09,"AAOI,AFRM,ANET,LUNR,MARA,NTRA,QBTS,SOFI,TEAM,TOST",-0.08470562553388401,-0.020556467055393168,0.04099235462785732,0.019903131213246734,risk_off,True,10,15,60,shrinkage_max_diversification,0.5,9.807467615138878,0.11753892336674769,0.34106299479657987,1.9915321584503543,0.3252759374302885,60,0.05270675784483794,0.19953024098345698,0.49795419217852227,False,ok
20,10,signal_shrinkage_max_diversification_blend_0.50,2023,2023-08-23,"AAOI,ASTS,COHR,DDOG,IONQ,MXL,QBTS,ROKU,SMCI,SOFI",-0.03886492238232488,0.004657187046902513,-0.08750497918619728,-0.2085841174006419,risk_off,True,10,15,60,shrinkage_max_diversification,0.5,8.965116823075167,0.18,0.4161562970059325,2.1395372964890704,0.7236477086502658,60,0.10345312698900068,0.3183762955764878,0.45047372468224617,False,ok
20,10,signal_shrinkage_max_diversification_blend_0.50,2023,2023-09-07,"APP,BB,CLSK,COIN,FN,IONQ,IREN,MARA,RBLX,RGTI",-0.09457622316637311,-0.037847347405173544,-0.2056052377863402,-0.1353845446976586,risk_off,True,10,15,60,shrinkage_max_diversification,0.5,9.466404723849063,0.12954625717377868,0.386084049155729,1.8848206845293973,0.07117029439828086,60,0.1950723506636702,0.668300084373585,0.5057608526169521,False,ok
20,10,signal_shrinkage_max_diversification_blend_0.50,2023,2023-09-21,"BB,CLSK,COIN,IREN,LUNR,MARA,QBTS,RBLX,RIOT,WULF",-0.09413643483605685,-0.027284402888313138,0.033512440774589716,-0.19197461495359555,risk_off,True,10,15,60,shrinkage_max_diversification,0.5,8.506593796638906,0.17327889491196374,0.4473613835462041,2.4645119439312198,0.6303992178941634,60,0.2941834360207409,0.6894059180927828,0.5677755361165678,False,ok
20,10,signal_shrinkage_max_diversification_blend_0.50,2023,2023-10-05,"APLD,CDE,CIFR,COHR,IONQ,QBTS,RDW,RIOT,RIVN,WBD",0.0006377331745757611,-0.0001932257964155303,-0.13389908678524012,-0.00732549725203801,risk_off,True,10,15,60,shrinkage_max_diversification,0.5,9.141275637186695,0.14150827150022321,0.399570976113153,2.18145187091087,0.7220274463016177,60,0.14362601923455953,0.5458912609880894,0.42029847513506147,False,ok
20,10,signal_shrinkage_max_diversification_blend_0.50,2023,2023-10-19,"AAOI,APLD,CIFR,GH,IONQ,ONDS,RGTI,RIOT,RIVN,SMR",0.07535167357842078,0.011969665494119153,0.09118185766744684,0.1486167369601354,risk_off,True,10,15,60,shrinkage_max_diversification,0.5,9.068340018016624,0.14417547767662262,0.4257469837164214,2.3604768838274626,0.9046893017604132,60,0.11020598636175759,0.3617864914403867,0.4649121096329927,False,ok
20,10,signal_shrinkage_max_diversification_blend_0.50,2023,2023-11-02,"AAOI,APLD,BE,IREN,ONDS,POET,QBTS,RGTI,RVMD,WULF",0.0538653607342369,0.040303531717569105,0.18727698902832432,0.28099480081307104,risk_off,True,10,15,60,shrinkage_max_diversification,0.5,8.704906888910303,0.1727547356010574,0.4454648688798327,2.5033362873649496,0.88477416252431,60,0.09163319596110905,0.3696405196245581,0.4184089301920013,False,ok
20,10,signal_shrinkage_max_diversification_blend_0.50,2023,2023-11-16,"BE,CVNA,IREN,ONDS,POET,QBTS,SMR,TE,WBD,WULF",0.19671638057354304,0.05841448131801323,0.2790382522483337,0.3325856613832645,neutral,True,10,15,60,shrinkage_max_diversification,0.5,8.671046330771716,0.18000000000000005,0.45431402388850045,2.038079500736047,0.796479365230833,60,0.11325855743947905,0.44251558733333374,0.4258958268228862,False,ok
20,10,signal_shrinkage_max_diversification_blend_0.50,2023,2023-12-01,"APLD,CVNA,HOOD,IONQ,ONDS,POET,RGTI,TE,WBD,WULF",0.08273718291183077,0.04893122978168562,0.24459189417472,0.16298364362653178,neutral,True,10,15,60,shrinkage_max_diversification,0.5,8.69336914934119,0.17354961472956165,0.4427232599702901,1.9881066526633007,0.8625832470493409,60,0.14700744915135786,0.3183830119209865,0.47311378773484447,False,ok
20,10,signal_shrinkage_max_diversification_blend_0.50,2023,2023-12-15,"APLD,CI,CIFR,HUT,ONDS,POET,QXO,RGTI,SMR,TE",0.22249585487069695,0.01182031890669316,0.0017931535983555995,-0.24024264906040457,neutral,True,10,15,60,shrinkage_max_diversification,0.5,9.707639110040741,0.14000000004665777,0.3676303522469185,2.1271178634117534,0.996669804863207,60,0.0,0.0,0.616754617209943,False,ok
20,10,signal_shrinkage_max_diversification_blend_0.50,2024,2024-01-02,"AXTI,CAVA,CDE,HUT,MP,RIVN,RKLB,SMR,TE,W",-0.12926804330687303,-0.029399467692898557,-0.27657622114129243,-0.26694202367876424,neutral,True,10,15,60,shrinkage_max_diversification,0.5,8.949380526933236,0.13906167961993232,0.4135392508597877,2.44011735598081,0.24749648159051574,60,0.24415520439157,0.5419600744123966,0.4813847642410553,False,ok
20,10,signal_shrinkage_max_diversification_blend_0.50,2024,2024-01-17,"AFRM,CPNG,HUT,LUNR,MRNA,PL,POET,RGTI,RKLB,ROKU",0.13601153405916555,0.025098665846337097,-0.023918397205350005,0.047564892587387976,neutral,True,10,15,60,shrinkage_max_diversification,0.5,9.17029560136645,0.1452650907845671,0.39964348667257976,2.298610507584238,0.64576977182061,60,0.12984006493297567,0.398609357818053,0.42526229329113013,False,ok
20,10,signal_shrinkage_max_diversification_blend_0.50,2024,2024-01-31,"AAL,BB,CDE,CPNG,CVNA,KTOS,QBTS,RGTI,SMR,W",0.17764825202647913,0.047024587430952364,-0.0037165930315859155,-0.023169994672877003,risk_off,True,10,15,60,shrinkage_max_diversification,0.5,9.060934915209794,0.15353466173383554,0.396596935048373,1.9328592502805428,0.08662907890128346,60,0.25750558092916426,0.6072912775819626,0.4015057789762625,False,ok
20,10,signal_shrinkage_max_diversification_blend_0.50,2024,2024-02-14,"AAOI,AFRM,CDE,HUT,KTOS,NVTS,RKLB,SMR,SOFI,TE",-0.08766268270549334,0.026216282681938867,-0.1375331289778919,-0.12172484583961996,risk_off,True,10,15,60,shrinkage_max_diversification,0.5,9.15820443798271,0.13895367063127698,0.41105772700826737,2.4427553551584174,-0.23914345569266482,60,0.3616943310309399,0.5646145700967498,0.5565460350892832,False,ok
20,10,signal_shrinkage_max_diversification_blend_0.50,2024,2024-02-29,"ASTS,CIFR,FN,HUT,KTOS,NCLH,NVTS,QXO,RKLB,TE",-0.07029088665937712,0.014302197799501867,-0.09241614337030724,-0.007798676639039613,risk_off,True,10,15,60,shrinkage_max_diversification,0.5,9.722809270275143,0.13208610902873508,0.37380457866487893,2.514159438631954,0.9770564193258233,60,0.005568048251601605,0.030294131969565364,0.6025029754208087,False,ok
20,10,signal_shrinkage_max_diversification_blend_0.50,2024,2024-03-14,"ALB,APLD,CIEN,ECHO,MRNA,MRVL,NCLH,QBTS,RKLB,XYZ",0.03169149215858452,0.03815025314373856,-0.010103536816242382,0.004668902388569473,risk_off,True,10,15,60,shrinkage_max_diversification,0.5,9.480317872316366,0.13276872437492176,0.380214862181807,1.9997591201783669,0.4289016981090547,60,0.09477842707158325,0.238907734049684,0.31733785195616265,False,ok
20,10,signal_shrinkage_max_diversification_blend_0.50,2024,2024-03-28,"AFRM,ALB,APLD,ECHO,GH,IONQ,MRVL,POET,RIVN,TE",-0.11539335547720427,-0.038564892989002675,-0.11064384266384641,-0.14824787518431662,risk_off,True,10,15,60,shrinkage_max_diversification,0.5,9.456882124961076,0.1378035447114647,0.38902614111546263,2.5889146576046604,-0.058194915406824387,60,0.14547546416961266,0.4258964981859682,0.36459107599976454,False,ok
20,10,signal_shrinkage_max_diversification_blend_0.50,2024,2024-04-12,"BB,CORZ,ECHO,GH,IREN,OKLO,ONDS,RDW,RIOT,TE",0.023840353956691047,0.008539351806518816,-0.06440492482324062,-0.020633465281626028,risk_off,True,10,15,60,shrinkage_max_diversification,0.5,9.182477315961332,0.14220755108602978,0.3865605217888318,2.4896906278116626,0.2631575076597601,60,0.17343458902691902,0.6765073053110991,0.4100752516735958,False,ok
20,10,signal_shrinkage_max_diversification_blend_0.50,2024,2024-04-26,"CLSK,COIN,GH,IONQ,IREN,MARA,OKLO,QXO,RIOT,TE",-0.049464013936622565,0.024649188213206327,-0.0184294776680529,0.12153976962269519,risk_off,True,10,15,60,shrinkage_max_diversification,0.5,8.924048667771466,0.14372212038783588,0.4257944390879741,2.21832587014916,-0.2542828119246592,60,0.331829335832577,0.7896162921859956,0.5504094836189641,False,ok
20,10,signal_shrinkage_max_diversification_blend_0.50,2024,2024-05-10,"APLD,AXTI,CLSK,CORZ,IONQ,IREN,MARA,QXO,RGTI,RIOT",0.17353185651955808,0.018619526091145814,0.17210773009960467,0.10747218872665806,risk_off,True,10,15,60,shrinkage_max_diversification,0.5,9.252241288315567,0.1443879968428469,0.3922402080648967,2.537977250433091,0.12191199208048757,60,0.24795766377706613,0.594877332321676,0.5800340746505359,False,ok
20,10,signal_shrinkage_max_diversification_blend_0.50,2024,2024-05-24,"AAOI,AXTI,CLSK,COIN,HUT,MARA,RIVN,SMCI,TSLA,W",-0.025743959406928838,0.003169644776044434,-0.04790418058976404,-0.09002652146945017,risk_off,True,10,15,60,shrinkage_max_diversification,0.5,9.018370390891501,0.1400250182954216,0.40490094684410904,2.3824848911995984,0.5201622163539131,60,0.23038547990018862,0.6696796751858856,0.4455967658329362,False,ok
20,10,signal_shrinkage_max_diversification_blend_0.50,2024,2024-06-10,"AAOI,AXTI,CIFR,CLSK,COIN,HUT,MARA,OKLO,QBTS,SMCI",0.026704710697151864,0.006863857156700058,-0.020081335287538925,0.07707473505524844,risk_off,True,10,15,60,shrinkage_max_diversification,0.5,9.037519162226273,0.1451410687725117,0.4157410871907024,2.3505353687145374,0.4326155967401275,60,0.19777020395505143,0.5699777953147056,0.5064790275299957,False,ok
20,10,signal_shrinkage_max_diversification_blend_0.50,2024,2024-06-25,"CIFR,CLSK,LUNR,NVTS,OKLO,PL,POET,QBTS,QXO,SMCI",0.04402402085092359,0.01766364212468172,0.13039142014892618,-0.03770641912622353,risk_off,True,10,15,60,shrinkage_max_diversification,0.5,9.74721167101635,0.1310314714877756,0.3577188308302579,2.4790995909186426,0.5115982515976667,60,0.053158631130100845,0.3113559179705953,0.4262383381063763,False,ok
20,10,signal_shrinkage_max_diversification_blend_0.50,2024,2024-07-10,"AFRM,CIFR,CLSK,LUNR,OKLO,ONDS,QBTS,QXO,RGTI,SMCI",0.30973504509423266,0.0013282442513573988,-0.13828729618881408,-0.35129026817010794,risk_off,True,10,15,60,shrinkage_max_diversification,0.5,9.585569752268569,0.13934885124356242,0.3736087518360809,2.234819232253746,0.7330133945024211,60,0.05063486191992586,0.33614455270536364,0.41682111943476846,False,ok
20,10,signal_shrinkage_max_diversification_blend_0.50,2024,2024-07-24,"AAOI,CLSK,IONQ,LUNR,MSTR,OKLO,QBTS,RGTI,STRL,TE",-0.19790942264171485,-0.05553017680795661,-0.4417931491833081,-0.08286517199825724,risk_off,True,10,15,60,shrinkage_max_diversification,0.5,9.469693066167128,0.13658972789260948,0.39689489717717563,2.257734816770169,0.33399415093796697,60,0.1713829565657603,0.4024116706275834,0.44028341298491097,False,ok
20,10,signal_shrinkage_max_diversification_blend_0.50,2024,2024-08-07,"AAOI,CIFR,INTC,IREN,MSTR,MXL,QXO,RIOT,SMCI,TE",0.1568326313255774,0.09272888040232813,0.3782678166199033,0.010610718224833183,risk_off,True,10,15,60,shrinkage_max_diversification,0.5,9.440637758434656,0.1374081809060898,0.3820162973573904,2.855671618844598,0.5431508896623247,60,0.17544255089090302,0.5430281254969755,0.5845922139110579,False,ok
20,10,signal_shrinkage_max_diversification_blend_0.50,2024,2024-08-21,"AAOI,APLD,CORZ,MOD,MP,ONTO,QBTS,QXO,RDW,WULF",-0.0013902365381390344,-0.022257370920621175,-0.4488088308285617,-0.011955960979015483,risk_off,True,10,15,60,shrinkage_max_diversification,0.5,9.619579384659959,0.12979691074276725,0.3680317770837833,1.9851077482158523,0.4814595473272361,60,0.14522267310518353,0.46856442947814103,0.6003512213161439,False,ok
20,10,signal_shrinkage_max_diversification_blend_0.50,2024,2024-09-05,"APLD,AXTI,IREN,MXL,ONTO,QBTS,QXO,RDW,RGTI,WULF",0.048034113804483886,0.0507676579525406,0.3701839393890022,0.2767916870957506,risk_off,True,10,15,60,shrinkage_max_diversification,0.5,9.611899885942062,0.11962387426219444,0.35176969477317566,2.624797920704812,0.6219164846842482,60,0.15296433882071805,0.4403720902935377,0.6128216889961244,False,ok
20,10,signal_shrinkage_max_diversification_blend_0.50,2024,2024-09-19,"ALAB,FSLR,HUT,MSTR,MXL,ONTO,QXO,SMR,WBD,WULF",0.025548150289142212,0.004308816602763692,-0.0282820504857404,0.10066427948900347,risk_on,True,10,15,60,shrinkage_max_diversification,0.5,9.374418812358671,0.14006194246616469,0.3947441828114484,2.140635601544859,0.2509821842982947,60,0.15025743083194543,0.47214589458019435,0.4998466528653342,False,ok
20,10,signal_shrinkage_max_diversification_blend_0.50,2024,2024-10-03,"ALB,AXTI,CLSK,HUT,IREN,JOBY,MARA,NVTS,SMCI,WULF",0.09827237830086286,0.04191889970440256,0.11881585807607924,0.06727026761144919,risk_on,True,10,15,60,shrinkage_max_diversification,0.5,9.012602626448002,0.16327856861224088,0.42749165276794054,2.6118735886285673,0.29324698134521543,60,0.43847821131118103,0.8054179711349811,0.600438231845934,False,ok
20,10,signal_shrinkage_max_diversification_blend_0.50,2024,2024-10-17,"ASTS,AXTI,HUT,IREN,JOBY,NVTS,QBTS,SMCI,TEM,WULF",-0.04890412726978372,-0.02049893132552613,0.002774658687138812,0.07703897140173797,risk_on,True,10,15,60,shrinkage_max_diversification,0.5,9.05219606272258,0.14074614271164498,0.3957358556892214,2.489196898883987,0.29292856909012954,60,0.2827908717373827,0.581199922657663,0.568665782788559,False,ok
20,10,signal_shrinkage_max_diversification_blend_0.50,2024,2024-10-31,"AFRM,ASTS,CELH,COIN,IREN,MARA,NXT,QBTS,TEM,TSLA",0.2212668568524911,0.06230470323885579,0.016851239044824207,0.037598942517142526,risk_on,True,10,15,60,shrinkage_max_diversification,0.5,9.133006455165587,0.14537153656519036,0.42424001144687606,2.4266416548022933,0.2653687643770258,60,0.19860768330327086,0.5403340632603217,0.43701943547098376,False,ok
20,10,signal_shrinkage_max_diversification_blend_0.50,2024,2024-11-14,"ASTS,HIMS,IREN,JOBY,MXL,NXT,RIVN,SMCI,TEM,THC",0.2265301298819181,0.055127585081780665,0.18362711295075795,0.19946060256473908,risk_on,True,10,15,60,shrinkage_max_diversification,0.5,9.38364394713369,0.1388550465547485,0.4038967835557225,2.2526928719648143,0.6384136729863409,60,0.09520684302609046,0.3233418488716505,0.3934419584646636,False,ok
20,10,signal_shrinkage_max_diversification_blend_0.50,2024,2024-11-29,"ASTS,ECHO,FN,MELI,MXL,RIVN,SMCI,TEM,VRT,W",0.0364554838375609,-0.012660488783225895,0.12366425646468004,0.020253635931067507,risk_on,True,10,15,60,shrinkage_max_diversification,0.5,9.441702352961249,0.13999718005416018,0.3881077748968339,2.5502999033635354,0.38585864146707977,60,0.1108038473474984,0.3127168996266696,0.3472763381411142,False,ok
20,10,signal_shrinkage_max_diversification_blend_0.50,2024,2024-12-13,"ASTS,AXTI,CIFR,MARA,MP,MRNA,POET,SMCI,VRT,WULF",-0.07095593558022224,-0.03021174637009178,-0.17681707199911764,-0.009850936113011879,risk_on,True,10,15,60,shrinkage_max_diversification,0.5,9.55606803945918,0.14959116548517867,0.38305808282286513,2.229020529863431,0.2187008510876856,60,0.11139390865258954,0.5466542629649078,0.4215739900698479,False,ok
20,10,signal_shrinkage_max_diversification_blend_0.50,2024,2024-12-30,"ASTS,AXTI,HOOD,MRVL,MU,ODFL,OKLO,RIVN,USAR,WBD",0.06834710350563718,0.026094971636684786,0.08352596213158793,0.017308775727566793,risk_on,True,10,15,60,shrinkage_max_diversification,0.5,9.722156541366074,0.1317034561055086,0.3587059270471695,2.071252696449226,-0.44607076321139894,60,0.11761265654457453,0.40739171123795037,0.3564950688051037,False,ok
20,10,signal_shrinkage_max_diversification_blend_0.50,2025,2025-01-02,"ASTS,FTAI,HOOD,JOBY,MU,OKLO,RIOT,RIVN,STLD,USAR",0.07141014866529552,0.03876436474044464,0.11628777231471593,-0.020821861286343925,risk_on,True,10,15,60,shrinkage_max_diversification,0.5,8.920943196710997,0.1484043226549573,0.4232817635352459,2.3790874184192035,0.5605924048094362,60,0.12301467445670268,0.5983850739203705,0.35757287980606417,False,ok
20,10,signal_shrinkage_max_diversification_blend_0.50,2025,2025-01-17,"CLSK,COIN,CVNA,JOBY,MSTR,MU,RIOT,SMCI,SMR,TEM",0.053948373270898554,0.008491856842083046,-0.09334434361763874,0.019796335660454703,risk_on,True,10,15,60,shrinkage_max_diversification,0.5,9.074928275500783,0.13546900109870474,0.39618676619523363,2.618541128310321,0.04628022751635901,60,0.2721391261017625,0.7084858656125046,0.6146738467936294,False,ok
20,10,signal_shrinkage_max_diversification_blend_0.50,2025,2025-02-03,"APLD,CIFR,CLSK,FN,IREN,MARA,MSTR,RIOT,SMR,WULF",0.03887586972975195,0.02749779911001651,0.03907129603602874,-0.38041240616921745,risk_on,True,10,15,60,shrinkage_max_diversification,0.5,8.676577973491659,0.16207241387699697,0.421894106783556,2.3613627931155876,0.29514903904071543,60,0.5185657773781702,0.7600758654238257,0.8744079031323071,False,ok
20,10,signal_shrinkage_max_diversification_blend_0.50,2025,2025-02-18,"CIEN,CIFR,FN,FTAI,IREN,MRNA,NVTS,QBTS,RKLB,SMTC",-0.18117128050814496,-0.07831040519783085,-0.41032740624463504,-0.2914614388112811,risk_off,True,10,15,60,shrinkage_max_diversification,0.5,9.27023471330928,0.15087630248028128,0.4108630617397536,2.311085154403734,0.7099528346336762,60,0.1407127368358322,0.6195647122902105,0.5200430105380471,False,ok
20,10,signal_shrinkage_max_diversification_blend_0.50,2025,2025-03-04,"ALAB,APLD,FTAI,IONQ,MOD,NVTS,ONDS,POET,QBTS,TE",0.1077053043985671,-0.011258507028811935,-0.043736199342148445,-0.22267624545882506,risk_off,True,10,15,60,shrinkage_max_diversification,0.5,9.5710689806699,0.14068973447484648,0.3787100279309482,2.7149181664938036,-0.25879724565645634,60,0.22184332121980585,0.5870686206651523,0.7136280734923237,False,ok
20,10,signal_shrinkage_max_diversification_blend_0.50,2025,2025-03-18,"AAOI,ALAB,LITE,LUNR,MOD,MSTR,NU,POET,SMTC,TLN",-0.05148110240415353,-0.009137089693136213,-0.29176515606771625,-0.24366286419518365,risk_off,True,10,15,60,shrinkage_max_diversification,0.5,9.432695816042248,0.13207750005203384,0.38045378175502664,2.688675541005192,-0.23088774227800213,60,0.3873352124753802,0.6240542290938462,0.6741728949020849,False,ok
20,10,signal_shrinkage_max_diversification_blend_0.50,2025,2025-04-01,"AAOI,CLSK,HUT,IONQ,IREN,LUNR,RGTI,RKLB,SMTC,USAR",0.11969810576827283,-0.04922203952077082,-0.1282322280064855,0.17173043504327065,neutral,True,10,15,60,shrinkage_max_diversification,0.5,9.246140294379929,0.13687234479426377,0.38965536947431756,2.975828908556795,-0.025432616378675433,60,0.26117777374060447,0.5814129810125366,0.7784720092955023,False,ok
20,10,signal_shrinkage_max_diversification_blend_0.50,2025,2025-04-15,"AAOI,APLD,HUT,LUNR,OKLO,ONDS,RDDT,RDW,TEM,WULF",0.12158149865799532,0.049401892970434166,0.4031463936121158,0.6210310408383999,risk_on,True,10,15,60,shrinkage_max_diversification,0.5,8.915827786271311,0.14371093851618286,0.4227382913563904,2.933570856767961,0.2897109146285249,60,0.4271244250126899,0.666183820238185,0.9188726743352963,False,ok
20,10,signal_shrinkage_max_diversification_blend_0.50,2025,2025-04-30,"AAOI,ASTS,CIFR,DAL,LUNR,NVTS,OKLO,PL,RDW,TER",0.24599111543305002,0.08257115839521444,0.6591009734156393,0.49914492178157993,risk_on,True,10,15,60,shrinkage_max_diversification,0.5,9.204538743520882,0.13923244119701722,0.41207050496769154,1.4691049444473676,-0.13125784877655922,60,0.5029793760968203,0.6668603077960389,0.7949444153393432,False,ok
20,10,signal_shrinkage_max_diversification_blend_0.50,2025,2025-05-14,"APLD,ASTS,AXTI,CIFR,DOCN,LSCC,ONDS,RDW,VSH,XYZ",0.055141479068857656,0.006259719356398494,-0.10435934196048963,0.15937865664006653,risk_on,True,10,15,60,shrinkage_max_diversification,0.5,9.02195808860553,0.14306892857736692,0.40978015779116234,2.5484290871360553,0.6300326764003401,60,0.37584824603007927,0.6355319246132541,0.684832541569367,False,ok
20,10,signal_shrinkage_max_diversification_blend_0.50,2025,2025-05-29,"AAOI,AFRM,ASTS,AXTI,CLSK,FTAI,LSCC,MARA,MRNA,RDDT",0.1737053537358478,0.04646953903665356,0.41746334223582127,0.4349128124094497,risk_off,True,10,15,60,shrinkage_max_diversification,0.5,8.94740064883418,0.14938832273337543,0.4233826747645758,2.4336870058755204,0.3809351643528279,60,0.44533665616642326,0.7647589332154462,0.6815267217505405,False,ok
20,10,signal_shrinkage_max_diversification_blend_0.50,2025,2025-06-12,"CLSK,ENPH,MARA,NET,PL,RBLX,RDDT,RGTI,RKLB,TSLA",0.06888274012128144,0.02396039914131386,0.15383304240814907,0.2044936006979426,risk_off,True,10,15,60,shrinkage_max_diversification,0.5,9.349507157394363,0.14597041576390624,0.4085243013179279,2.5343577296420965,-0.1980946035975316,60,0.29770539497326687,0.6608471238688269,0.5235310012909579,False,ok
20,10,signal_shrinkage_max_diversification_blend_0.50,2025,2025-06-27,"ALAB,CLSK,ENPH,FSLR,PL,RBLX,TE,TEM,TSLA,USAR",0.03980925464438699,0.028094574840325917,0.2297044663824032,0.2727732678258654,risk_off,True,10,15,60,shrinkage_max_diversification,0.5,9.5930550972249,0.14327541873786317,0.3771479206605811,2.6057064404115464,0.05068123648822582,60,0.18609186635669994,0.36245306396230054,0.5010104539294743,False,ok
20,10,signal_shrinkage_max_diversification_blend_0.50,2025,2025-07-14,"ALAB,CNC,CORZ,ECHO,ENPH,FSLR,IONQ,RGTI,SITM,TE",0.029525367709309202,0.02099587872693245,0.10887773412400213,-0.019051660663882516,risk_off,True,10,15,60,shrinkage_max_diversification,0.5,9.399359636801398,0.1730485041070671,0.3754476758162495,2.4471963316942666,0.8353353759563926,60,0.056339650659333676,0.3206154111842886,0.36359529441841293,False,ok
20,10,signal_shrinkage_max_diversification_blend_0.50,2025,2025-07-28,"APLD,CNC,HIMS,IONQ,LUNR,MARA,QBTS,RDW,TE,USAR",-0.031405100225469065,-0.0124246768190232,-0.0541204603785148,0.005902344034344923,risk_off,True,10,15,60,shrinkage_max_diversification,0.5,9.42448200696811,0.15612178548418587,0.39097254919675656,2.7398650225517205,0.9286734681375782,60,0.07311500768779336,0.3030892926512676,0.43296595099757823,False,ok
20,10,signal_shrinkage_max_diversification_blend_0.50,2025,2025-08-11,"AXTI,CHTR,CVNA,DOCN,FTAI,GH,OKLO,QBTS,RDW,TER",0.0714572044417949,0.031742555384127666,0.1821535373575194,0.2728647845566482,risk_off,True,10,15,60,shrinkage_max_diversification,0.5,9.74923158219333,0.12694443975299652,0.3510301056539213,2.1867733082565426,0.01725562094710785,60,0.07206267978476799,0.39344663164781857,0.3305335857716695,False,ok
20,10,signal_shrinkage_max_diversification_blend_0.50,2025,2025-08-25,"AAOI,CLS,CVNA,HUT,OKLO,RBLX,RDW,RGTI,RIOT,ROKU",0.0803710258553441,0.02140993751554376,0.24023424670260876,0.34408180058516563,risk_off,True,10,15,60,shrinkage_max_diversification,0.5,9.076338015319742,0.14841509108760653,0.42315610545311444,2.4655139453480794,0.5134604524566402,60,0.23081981564128332,0.5829709696345705,0.41316610964903755,False,ok
20,10,signal_shrinkage_max_diversification_blend_0.50,2025,2025-09-09,"AAOI,APLD,HOOD,HUT,KGC,NXT,PL,RGTI,RKLB,SMR",0.25097761388063283,0.04370804273897294,0.3318499113640434,0.29720111593729065,risk_off,True,10,15,60,shrinkage_max_diversification,0.5,9.285695589472006,0.15342184603983788,0.4039921938105454,2.5869691051624746,0.7019735443793889,60,0.09884633839397455,0.318034818030521,0.351295727182012,False,ok
20,10,signal_shrinkage_max_diversification_blend_0.50,2025,2025-09-23,"AAOI,AFRM,HIMS,MRVL,PL,POET,RDW,RKLB,SMR,SNOW",0.11488475208343414,0.019671963845306072,0.123192708423835,0.16998954051640727,risk_off,True,10,15,60,shrinkage_max_diversification,0.5,9.855626499133018,0.1166225847661742,0.3393053309649678,2.6255642269392547,0.8344445196024959,60,0.042718964065051344,0.10339734951861153,0.3022338264178504,False,ok
20,10,signal_shrinkage_max_diversification_blend_0.50,2025,2025-10-07,"AAOI,ALAB,HIMS,NVTS,ORCL,POET,RDW,RKLB,RMBS,SMR",0.023623798198985697,0.007178924347688331,0.15413869312932474,0.04143831653954678,risk_off,True,10,15,60,shrinkage_max_diversification,0.5,9.842840616983114,0.12014591817393465,0.3412921436547981,2.1922232070470153,0.9480370556349985,60,0.02210639046570839,0.09453195364439931,0.3044839229553326,False,ok
20,10,signal_shrinkage_max_diversification_blend_0.50,2025,2025-10-21,"AAOI,CDE,CLS,FICO,JOBY,MARA,NVTS,SMR,SMTC,TEM",-0.05470954192592449,-0.014872487691560386,-0.04663713614500126,-0.23309716836033537,risk_off,True,10,15,60,shrinkage_max_diversification,0.5,9.043780934920292,0.15768976405442992,0.4108014218623728,2.2551143764985695,0.7764912612470187,60,0.1530305095399883,0.38069922945884554,0.3671296028228047,False,ok
20,10,signal_shrinkage_max_diversification_blend_0.50,2025,2025-11-04,"AA,ALB,CRDO,ENTG,FISV,HL,KVUE,RDDT,RMBS,SITM",0.013037618322566837,-0.022435499193692334,-0.33157468621432973,0.019748863469426604,risk_off,True,10,15,60,shrinkage_max_diversification,0.5,9.274225817734166,0.15937529163312075,0.41241014408397175,2.241492731945466,0.7586853518743735,60,0.09555333356703764,0.2913079480154465,0.2813712382822556,False,ok
20,10,signal_shrinkage_max_diversification_blend_0.50,2025,2025-11-18,"ALAB,CVNA,EXPE,FISV,MRNA,ONDS,RDDT,SMR,STX,W",0.0681561222579294,0.055713208470791704,0.3484590112881119,0.1862982670777028,risk_off,True,10,15,60,shrinkage_max_diversification,0.5,9.163065300143773,0.16359888029798703,0.4065130486101703,2.3940094916906993,0.7459702848065182,60,0.05963227373219777,0.22315789140887213,0.3283661756103019,False,ok
20,10,signal_shrinkage_max_diversification_blend_0.50,2025,2025-12-03,"AFRM,HOOD,LUNR,MOD,MP,ONDS,POET,TTMI,USAR,WULF",-0.08893891301026946,-0.007919288069769227,-0.1442284878369189,0.08873071118191897,risk_off,True,10,15,60,shrinkage_max_diversification,0.5,9.023702143840435,0.13428519053138419,0.39777414714962456,2.3427517559958955,0.22106792215947202,60,0.2791894201072166,0.5962630552845642,0.5426660612711492,False,ok
20,10,signal_shrinkage_max_diversification_blend_0.50,2025,2025-12-17,"APLD,CIFR,CLSK,HOOD,HUT,LUNR,NVTS,QBTS,RGTI,USAR",0.1869601799059074,0.03438657190961965,0.39560976740688025,0.3310499318709211,risk_off,True,10,15,60,shrinkage_max_diversification,0.5,8.821743314034578,0.14368775807030806,0.4201129568304329,2.7389292084050423,0.2113223865454161,60,0.4704523261783225,0.8517859418446305,0.8197568382552233,False,ok
20,10,signal_shrinkage_max_diversification_blend_0.50,2026,2026-01-02,"ALAB,BE,CORZ,IONQ,IREN,NVTS,RGTI,RIVN,TTMI,USAR",0.1784659667012349,0.04592265680505814,0.22054039674752626,0.018092089236777253,risk_off,True,10,15,60,shrinkage_max_diversification,0.5,9.009060864774904,0.14124082360353518,0.4020554754244322,2.753606630677528,0.038919777376711824,60,0.36715879754896863,0.757102220971529,0.6407743833485459,False,ok
20,10,signal_shrinkage_max_diversification_blend_0.50,2026,2026-01-16,"ALAB,CIFR,CLSK,ECHO,IONQ,MARA,OKLO,QBTS,RGTI,SMR",-0.18359599439530885,-0.009903833912982694,-0.28051387571717,-0.24197931695478764,risk_off,True,10,15,60,shrinkage_max_diversification,0.5,8.904860535168964,0.15658905130531048,0.4181181873298277,2.677365523552802,0.14214790262542581,60,0.4796820784764086,0.8775325304798374,0.64788430544855,False,ok
20,10,signal_shrinkage_max_diversification_blend_0.50,2026,2026-02-02,"AMKR,AU,CIFR,CLS,HUT,INTC,MP,OKLO,RIOT,WULF",0.008824062057287477,0.003258543217893794,-0.17895336440321932,-0.25019486878882913,risk_off,True,10,15,60,shrinkage_max_diversification,0.5,9.223590326109445,0.13446660197975632,0.4019877064709154,2.2807700893960066,-0.27400142610061123,60,0.3828982483712396,0.7479667358533951,0.5293877686641019,False,ok
20,10,signal_shrinkage_max_diversification_blend_0.50,2026,2026-02-17,"CDE,CLS,CORZ,DDOG,EL,NET,PINS,RIVN,RVMD,SPOT",-0.002070313087977996,0.006937345951593162,-0.07442603463526325,-0.03729178564215712,risk_off,True,10,15,60,shrinkage_max_diversification,0.5,9.594710716708402,0.140352841702211,0.3678632288094569,2.0341511536299386,0.5056538587537465,60,0.07918178210445502,0.27942308340807365,0.26487276681275274,False,ok
20,10,signal_shrinkage_max_diversification_blend_0.50,2026,2026-03-03,"APP,AXON,COIN,HUBS,POET,RBRK,RGTI,RIVN,SPOT,XYZ",-0.017731307946102882,-0.015694294712545805,0.059049503032388345,-0.060192915660922656,risk_off,True,10,15,60,shrinkage_max_diversification,0.5,9.475160141459268,0.12424509275878506,0.36078145703432374,2.151268247173528,-0.05569399374927478,60,0.22387921643921563,0.48518692897872534,0.4136480087892651,False,ok
20,10,signal_shrinkage_max_diversification_blend_0.50,2026,2026-03-17,"CIFR,COIN,FICO,FLUT,HL,IONQ,RDW,RGTI,TEAM,W",-0.09808996478442762,-0.02254958857843178,-0.1986154392285275,0.2901212314478354,risk_off,True,10,15,60,shrinkage_max_diversification,0.5,8.318737507800028,0.1651830411537515,0.4694723059977177,2.631997261465642,0.6360522594745464,60,0.2501110779314135,0.7851828793349107,0.40156848489887276,False,ok
20,10,signal_shrinkage_max_diversification_blend_0.50,2026,2026-03-31,"ALAB,APLD,CIFR,CLSK,CRDO,HL,IREN,MU,RDW,TE",0.3724356381861065,0.07476134006191577,0.5237020628082512,0.3138909195636782,risk_off,True,10,15,60,shrinkage_max_diversification,0.5,8.804720188110563,0.14623808710600844,0.4387142613180253,2.851622426958267,0.14457883586961795,60,0.4193668223730791,0.7889053052790459,0.6537667725635609,False,ok
20,10,signal_shrinkage_max_diversification_blend_0.50,2026,2026-04-15,"APP,MOD,MP,MU,NVTS,OKLO,RDW,SMR,SMTC,TEM",0.026073970317225928,0.007164375328154752,-0.008991924615117056,0.24371460840588607,risk_off,True,10,15,60,shrinkage_max_diversification,0.5,9.06890323597724,0.14196249122342844,0.4129558498446201,2.1862196805107743,-0.030156315380115893,60,0.3474665914702291,0.7662350917810049,0.5196054823713148,False,ok
20,10,signal_shrinkage_max_diversification_blend_0.50,2026,2026-04-29,"FICO,IREN,LYB,MP,NET,NXT,OKLO,TE,TEAM,TEM",0.08442394939492998,0.043709481522160115,0.2388898515594062,0.35280803523214094,risk_off,True,10,15,60,shrinkage_max_diversification,0.5,8.859068803397466,0.14946328319356283,0.42538795846879507,2.3650830162009364,0.4683426740621242,60,0.13611619387165239,0.6859861638146025,0.3379069399796124,False,ok
20,10,signal_shrinkage_max_diversification_blend_0.50,2026,2026-05-13,"ALB,ENPH,FIX,FTAI,MP,RDDT,RGTI,TE,TER,ZTS",0.21852244032840734,0.04661327358101235,0.23534777622623007,0.04743792799830555,risk_off,True,10,15,60,shrinkage_max_diversification,0.5,8.942283998406875,0.1401072823149971,0.4106586352597805,2.0466768133819464,0.4386806838753162,60,0.2394132731002674,0.524346183170343,0.3836093583082258,False,ok
20,10,signal_shrinkage_max_diversification_blend_0.50,2026,2026-05-28,"ANET,FORM,FTAI,HIMS,KTOS,NET,NXPI,SHOP,TER,W",-0.010674747737986401,-0.007783458915812064,-0.22918170722935896,-0.1991334859883724,risk_off,True,10,15,60,shrinkage_max_diversification,0.5,9.523914134506606,0.15052063432429746,0.3778112494555844,2.277750883180639,0.5139146823049098,60,0.14690990075670682,0.43417427355572163,0.3670843752517302,False,ok
20,10,signal_shrinkage_max_diversification_blend_0.75,2021,2021-01-04,"AXTI,CVNA,EQT,NET,PLTR,QXO,SITM,STRL,THC,WDC",0.19435372867059245,0.07030973856078798,0.25833680457444064,0.22737856291916733,risk_off,True,10,15,60,shrinkage_max_diversification,0.75,9.919660371960223,0.11480623053396855,0.3347438817269781,3.000000000000001,,60,0.0747370259332639,0.2750610385754208,0.2960006468570832,False,ok
20,10,signal_shrinkage_max_diversification_blend_0.75,2021,2021-01-19,"CDE,CVNA,HL,MP,MRNA,NET,PLTR,SNOW,W,WDC",0.0708239782828918,-0.010274998055037218,-0.09944960954464188,0.2417731730130608,risk_off,True,10,15,60,shrinkage_max_diversification,0.75,9.82043437645376,0.12214677697349938,0.3454330665006501,2.8975688690265584,0.6915552933759992,60,0.1489595532220908,0.6808908488875026,0.40102528420050476,False,ok
20,10,signal_shrinkage_max_diversification_blend_0.75,2021,2021-02-02,"CCJ,CDE,CVNA,ENPH,HL,INSM,MP,OXY,PAAS,PLTR",0.07578837067747966,0.058056854757281895,0.32937203498193474,0.17105479895492223,risk_off,True,10,15,60,shrinkage_max_diversification,0.75,9.91485871490583,0.11815327568267704,0.3366268286021857,2.9011366852301395,0.3907849915239428,60,0.1432281114459301,0.7794679591248602,0.4277560081825328,False,ok
20,10,signal_shrinkage_max_diversification_blend_0.75,2021,2021-02-17,"BE,CDE,CELH,CLSK,ENPH,HL,INSM,NTRA,PAAS,RVMD",-0.07123499778438015,-0.017086850018389037,0.045086684235397245,0.01581838817925182,risk_off,True,10,15,60,shrinkage_max_diversification,0.75,9.661502883288543,0.1292002322960334,0.36073809682475916,2.8937998839692747,0.7326982115407683,60,0.17274358280402777,0.802938299091341,0.42107432998714905,False,ok
20,10,signal_shrinkage_max_diversification_blend_0.75,2021,2021-03-03,"AXTI,CDE,CELH,CLSK,HL,MSTR,MXL,ONDS,W,WULF",0.029632257528477486,0.04286819959595054,-0.023320999873354235,-0.3167486979013101,risk_off,True,10,15,60,shrinkage_max_diversification,0.75,9.817981051634684,0.12731312349989166,0.3489248362500222,2.913152050398846,0.8135043726129587,60,0.13983260347892137,0.6822927219103897,0.5006280503314837,False,ok
20,10,signal_shrinkage_max_diversification_blend_0.75,2021,2021-03-17,"AXTI,BE,CVNA,MSTR,MXL,ONDS,PLTR,RKLB,TWLO,W",-0.09222294485776157,-0.010537424443842812,-0.4245636738510876,-0.25777114827080255,risk_on,True,10,15,60,shrinkage_max_diversification,0.75,9.814137761708752,0.11795174169058192,0.34715574215344,2.714569340695503,0.0352149159846456,60,0.21286320434849734,0.4443655916980294,0.4822602507893219,False,ok
20,10,signal_shrinkage_max_diversification_blend_0.75,2021,2021-03-31,"AXTI,BE,CELH,ENPH,HIMS,HUT,MP,MSTR,ONDS,TSLA",-0.02834671603186152,0.03583900671621776,-0.03899371576334937,-0.13678027560331857,risk_on,True,10,15,60,shrinkage_max_diversification,0.75,9.852279756363911,0.12160877823291268,0.3487385523696113,2.9751264511402864,-0.15029499909947427,60,0.27818841881106804,0.5347619308669636,0.6603027473934526,False,ok
20,10,signal_shrinkage_max_diversification_blend_0.75,2021,2021-04-15,"AXTI,BE,CELH,CLSK,ENPH,HUT,MARA,MP,MSTR,QXO",-0.03541304137313371,0.008869373278152688,-0.14977533971793963,-0.3550078438848738,risk_on,True,10,15,60,shrinkage_max_diversification,0.75,9.62160717112134,0.1338537853423704,0.37202833994267603,2.83741726206673,0.6671155476265712,60,0.3344929676878847,0.7186400923036146,0.7654823462207924,False,ok
20,10,signal_shrinkage_max_diversification_blend_0.75,2021,2021-04-29,"BE,CELH,CLSK,ENPH,HIMS,HUT,MSTR,ONDS,QXO,RIOT",-0.24137510401065185,-0.03460121515501072,-0.304001814956624,-0.014429517717168508,risk_on,True,10,15,60,shrinkage_max_diversification,0.75,9.751113769847366,0.12148476834415418,0.3604447124454421,2.9769847421846096,-0.1384786418609088,60,0.28437959208487307,0.6777904643034492,0.6993949902739306,False,ok
20,10,signal_shrinkage_max_diversification_blend_0.75,2021,2021-05-13,"CCJ,CDE,CELH,EQT,HL,MARA,MP,RIOT,SHOP,SITM",0.19897910917358505,0.04738176771365853,0.3740547651377887,0.38543294876363476,risk_off,True,10,15,60,shrinkage_max_diversification,0.75,9.846204194258307,0.11936044735480357,0.34719752844203755,2.946521323885573,-0.13681017777521945,60,0.2990643164490036,0.8847462125996447,0.56015015267887,False,ok
20,10,signal_shrinkage_max_diversification_blend_0.75,2021,2021-05-27,"BE,CCJ,CLSK,DASH,HIMS,HUT,MARA,ONDS,RIOT,SITM",0.012632487699907283,0.02033109660006305,0.15765067933687468,0.221701974905471,risk_off,True,10,15,60,shrinkage_max_diversification,0.75,9.715547259020537,0.12343526373077049,0.35823139848375707,2.9486698893481065,0.21267943093749722,60,0.40815001799286244,0.8750250560799142,0.6837340999960201,False,ok
20,10,signal_shrinkage_max_diversification_blend_0.75,2021,2021-06-11,"AFRM,ASTS,CLSK,DASH,HIMS,HUT,MARA,ONDS,POET,RIOT",0.000556037535980782,0.0047539965984023744,-0.018855411686483012,-0.12474482022892026,risk_off,True,10,15,60,shrinkage_max_diversification,0.75,9.750559858997715,0.12000000000000001,0.3520976842930002,3.0,,60,0.2282158565856552,0.7454754338868148,0.5310771693596948,False,ok
20,10,signal_shrinkage_max_diversification_blend_0.75,2021,2021-06-25,"AFRM,ASTS,AXTI,CLSK,HUT,MARA,MSTR,ONDS,POET,RIOT",0.04652710991406373,0.005006235888459096,-0.3303939101029276,-0.3845213329025605,risk_off,True,10,15,60,shrinkage_max_diversification,0.75,9.723837568887753,0.11772450029471354,0.34786467815907707,2.9959767391193908,-0.35058174184166896,60,0.23656960623577036,0.7788178702447897,0.5163999934820148,False,ok
20,10,signal_shrinkage_max_diversification_blend_0.75,2021,2021-07-12,"AXTI,BB,HUT,MARA,MSTR,OXY,POET,RBLX,RIOT,STRL",-0.01745489562364429,-0.004550332550037896,-0.42440856730260135,-0.24434032378922488,risk_off,True,10,15,60,shrinkage_max_diversification,0.75,9.809945826087798,0.11699878674003508,0.34620249126165425,2.9734927333734746,-0.5835652689271523,60,0.20227049818068482,0.8461623042819173,0.43459079202513196,False,ok
20,10,signal_shrinkage_max_diversification_blend_0.75,2021,2021-07-26,"AA,ASTS,CCL,COIN,HUT,MARA,MSTR,NCLH,RIOT,TE",0.10924177752430955,0.016342206127531962,0.06646754373851718,-0.17801495266771503,risk_off,True,10,15,60,shrinkage_max_diversification,0.75,9.776709417663636,0.11999999999999998,0.35183714613348116,3.0,,60,0.19602658992008593,0.7965292684172393,0.4295556765895847,False,ok
20,10,signal_shrinkage_max_diversification_blend_0.75,2021,2021-08-09,"AA,AFRM,ASTS,CCL,CLSK,DOCN,HIMS,JOBY,NCLH,RIOT",-0.037889805911924035,-0.002709470172841376,-0.3698986180113055,-0.09160786047325677,risk_off,True,10,15,60,shrinkage_max_diversification,0.75,9.898869869206306,0.12067679924491523,0.3388722739723332,2.99037106209121,-0.09158251829524366,60,0.09813968490533871,0.46661282146373884,0.3192181743251474,False,ok
20,10,signal_shrinkage_max_diversification_blend_0.75,2021,2021-08-23,"AA,AFRM,ASTS,CLSK,DOCN,HIMS,JOBY,ONDS,RIOT,TE",0.13065389696562796,0.022358568293754644,0.2455596133686562,0.14392889544554638,risk_off,True,10,15,60,shrinkage_max_diversification,0.75,9.967919920386697,0.1089663639678832,0.3181488118196155,2.984208687177349,0.3016614170161479,60,0.045087783270591555,0.24372629630090215,0.3119799891046213,False,ok
20,10,signal_shrinkage_max_diversification_blend_0.75,2021,2021-09-07,"APP,ASTS,CIFR,CLSK,HIMS,JOBY,ONDS,RIOT,SOFI,TE",-0.034131123768215046,-0.03279268938912169,-0.028896012938420687,0.05346622045751869,risk_off,True,10,15,60,shrinkage_max_diversification,0.75,9.91440228587154,0.11692459122804164,0.33183817720084485,2.9946289254415337,0.33965421553689323,60,0.03771090728268124,0.31138464093280865,0.2758363826249056,False,ok
20,10,signal_shrinkage_max_diversification_blend_0.75,2021,2021-09-21,"APP,ASTS,AXTI,CIFR,CLSK,HUT,MARA,ONDS,RDW,WULF",0.04064953289001388,0.008895212668288804,0.16470690600024102,0.19162832880431827,risk_off,True,10,15,60,shrinkage_max_diversification,0.75,9.758387929690342,0.12122982454911573,0.35284484218988443,2.9883218160004206,0.7122875848195455,60,0.12011120875915632,0.47297492867813923,0.35123507230729545,False,ok
20,10,signal_shrinkage_max_diversification_blend_0.75,2021,2021-10-05,"APP,ASTS,AXTI,CIFR,CLSK,IONQ,MARA,ONDS,POET,RKLB",0.08472781766190755,0.044197449144180785,0.06836395559596606,0.16894520457524875,risk_off,True,10,15,60,shrinkage_max_diversification,0.75,9.902773416479492,0.1136482791472028,0.332496095093282,3.0,,60,0.06831723132210603,0.38059533030608406,0.30740914217263693,False,ok
20,10,signal_shrinkage_max_diversification_blend_0.75,2021,2021-10-19,"AA,BB,BE,CIFR,IONQ,JOBY,ONDS,POET,RDW,RIOT",0.12194245554550502,0.0274391614111111,0.158929877660065,0.21699465291040262,risk_off,True,10,15,60,shrinkage_max_diversification,0.75,9.983399551493095,0.10707105805752694,0.31319161206386276,3.0,,60,0.045625418602201026,0.1645422970227506,0.288938184441557,False,ok
20,10,signal_shrinkage_max_diversification_blend_0.75,2021,2021-11-02,"AA,BB,CIFR,HIMS,JOBY,ONDS,PINS,RDW,RIOT,RKLB",0.029703667987924936,0.026244664085104744,0.09809047628619331,-0.1579223133021045,risk_off,True,10,15,60,shrinkage_max_diversification,0.75,9.945902616516626,0.11106490510399776,0.32519639398031175,2.973901444755466,0.6674235709909688,60,0.06769560287415383,0.21474422465427465,0.3431090801175452,False,ok
20,10,signal_shrinkage_max_diversification_blend_0.75,2021,2021-11-16,"AA,AFRM,CELH,CIFR,CLSK,HIMS,MARA,QXO,RDW,SITM",-0.15403867248967973,-0.07477096313389131,-0.3412867976119783,-0.41863314033748666,risk_off,True,10,15,60,shrinkage_max_diversification,0.75,9.838481796697298,0.12556056358345247,0.3416235808610089,2.9301879332432588,0.6483682936553994,60,0.08515944256161626,0.3621961026566234,0.3781516550967432,False,ok
20,10,signal_shrinkage_max_diversification_blend_0.75,2021,2021-12-01,"AAOI,AFRM,APP,DOCN,MARA,MRNA,QXO,RIOT,SITM,TOST",-0.07513930975201591,0.03206265906009462,-0.23531345890986713,-0.1961572969739614,risk_off,True,10,15,60,shrinkage_max_diversification,0.75,9.914541599122993,0.11416972181619024,0.3306558025496949,2.98205233880081,-0.26062160278991037,60,0.1606748048446234,0.5676273604514948,0.43057419484555487,False,ok
20,10,signal_shrinkage_max_diversification_blend_0.75,2021,2021-12-15,"AFRM,MDB,MRNA,QXO,ROKU,SITM,SNOW,TE,WULF,ZS",-0.027395143751306934,0.02303781766939532,0.00578960142864443,-0.10045668547478893,risk_off,True,10,15,60,shrinkage_max_diversification,0.75,9.826015305011083,0.11973850669075711,0.34666455586902534,2.9897108453820844,-0.06830817784965222,60,0.22618058221466872,0.510913302468157,0.4167653033766901,False,ok
20,10,signal_shrinkage_max_diversification_blend_0.75,2021,2021-12-30,"AFRM,CVNA,DOCN,IONQ,MDB,MRNA,ROKU,SITM,TE,WULF",-0.2052502829097556,-0.024185950728445975,-0.26275570849771385,-0.4713169939112061,risk_off,True,10,15,60,shrinkage_max_diversification,0.75,9.521076637232976,0.1349429319546961,0.38967957988264385,2.8191833666865422,0.7089921247511476,60,0.20449677404919298,0.5380907105491125,0.46881202964325863,False,ok
20,10,signal_shrinkage_max_diversification_blend_0.75,2022,2022-01-03,"AFRM,DKNG,DOCN,HOOD,HUT,IONQ,PL,ROKU,TOST,WULF",-0.19963469620387667,-0.04732579047660334,-0.4712230195216537,-0.4691354964722685,risk_off,True,10,15,60,shrinkage_max_diversification,0.75,9.822128125517356,0.12295369679350479,0.3491379680900152,2.964419536555206,0.6928289069558404,60,0.26611798654596164,0.5413547462879342,0.5187915193722026,False,ok
20,10,signal_shrinkage_max_diversification_blend_0.75,2022,2022-01-18,"DKNG,HOOD,ILMN,MP,ONTO,PL,QXO,RDW,TSLA,WULF",-0.06685296685057585,-0.012526326423444268,-0.014744448602641942,-0.01149307171354791,risk_off,True,10,15,60,shrinkage_max_diversification,0.75,9.594030645836213,0.12412975366012623,0.3542692899779349,2.9331781435223117,0.8366342674575027,60,0.20025912834102672,0.5011204687515542,0.40330296028839285,False,ok
20,10,signal_shrinkage_max_diversification_blend_0.75,2022,2022-02-01,"CLSK,DKNG,HOOD,HUT,MARA,NET,ONTO,PL,SOFI,WULF",0.057624913696520556,0.00884588395541027,0.08412063803613701,-0.12800636597648254,risk_off,True,10,15,60,shrinkage_max_diversification,0.75,9.634773939490925,0.13565503267100487,0.3613904180222289,2.8130714724306527,0.6125413292760411,60,0.4142372924305049,0.7262488875309062,0.6264976593424654,False,ok
20,10,signal_shrinkage_max_diversification_blend_0.75,2022,2022-02-15,"AFRM,CIFR,CVNA,MARA,MRNA,NVTS,RBLX,RIOT,RIVN,SOFI",-0.10738684652741413,-0.016314403635332674,-0.19887043177727395,-0.31512389706296234,risk_off,True,10,15,60,shrinkage_max_diversification,0.75,8.994018111958107,0.15108755582843558,0.4323868217102446,2.6902651862113127,0.8323471384813802,60,0.43495317638334613,0.8854105957001239,0.6278437790895591,False,ok
20,10,signal_shrinkage_max_diversification_blend_0.75,2022,2022-03-02,"AFRM,CIFR,DOCN,JOBY,MARA,MRNA,ONDS,RIOT,VRT,XYZ",-0.03135429608961868,-0.015645288184106435,-0.2908678587508675,-0.10842585592810418,risk_off,True,10,15,60,shrinkage_max_diversification,0.75,9.045307314291945,0.15064601648055279,0.4185508811787044,2.695038667612641,0.8737793299555412,60,0.4890712410920902,0.8857791764540887,0.6766557644920144,False,ok
20,10,signal_shrinkage_max_diversification_blend_0.75,2022,2022-03-16,"AFRM,CVNA,DASH,HIMS,NTRA,ONDS,RBLX,VRT,WULF,XYZ",0.18935826636410377,0.060508788043382895,0.20484329211969354,-0.21448843669010192,risk_off,True,10,15,60,shrinkage_max_diversification,0.75,8.002871119101963,0.17291168252698252,0.5149366133228075,2.57539638354757,0.952719608260293,60,0.3383987654375084,0.640842123300419,0.6466144045671163,False,ok
20,10,signal_shrinkage_max_diversification_blend_0.75,2022,2022-03-30,"AFRM,GH,NTRA,NU,QXO,RBLX,RIVN,SHOP,VRT,WULF",-0.11032138331087535,-0.0332926426922929,-0.46720179811280554,-0.5347647652108458,risk_off,True,10,15,60,shrinkage_max_diversification,0.75,8.710190882519221,0.16747262081101266,0.449200731297401,2.5662940881412166,0.9305021205728953,60,0.31365790256038795,0.6213036153200157,0.6469453122590098,False,ok
20,10,signal_shrinkage_max_diversification_blend_0.75,2022,2022-04-13,"AFRM,CELH,HOOD,JOBY,NTRA,RBLX,RGTI,RIVN,W,XYZ",-0.12173717409831158,-0.0478878133167235,-0.33603280208110414,-0.42724119599241234,risk_off,True,10,15,60,shrinkage_max_diversification,0.75,9.697708260937125,0.12,0.35999999999999993,3.0,,60,0.4481007019409484,0.6413282822604626,0.6988103486567333,False,ok
20,10,signal_shrinkage_max_diversification_blend_0.75,2022,2022-04-28,"CELH,META,NTRA,PINS,PL,RGTI,SMCI,TOST,VRT,WULF",-0.0953954502799733,-0.09980559397127838,-0.3447208967320751,-0.15769049323314088,risk_off,True,10,15,60,shrinkage_max_diversification,0.75,9.891706405634313,0.11643658211191082,0.3407289870539768,2.8863156267245653,0.08988419038328473,60,0.2045801448237438,0.41035051442968473,0.4992707014658565,False,ok
20,10,signal_shrinkage_max_diversification_blend_0.75,2022,2022-05-12,"AFRM,CIFR,COIN,CVNA,GH,MSTR,MXL,RIVN,W,WULF",0.15926549562248882,0.05902800107903099,0.19055071364452306,0.13949057783080895,risk_off,True,10,15,60,shrinkage_max_diversification,0.75,9.675746859063453,0.12039728043617477,0.3611918413085243,2.9936978740572755,-0.29906832829128155,60,0.4532737172272045,0.7460217255023567,0.8017491497212917,False,ok
20,10,signal_shrinkage_max_diversification_blend_0.75,2022,2022-05-26,"COIN,CVNA,GH,IREN,MARA,MSTR,NET,NU,W,WULF",-0.13211642533066312,-0.041607881638335883,-0.09560641261414625,-0.026601585465700562,risk_off,True,10,15,60,shrinkage_max_diversification,0.75,9.671507104855289,0.12386340659460857,0.3704278013596201,2.9413383067744228,-0.08584068541862795,60,0.5180673318105442,0.7955163573043685,0.9034285424428742,False,ok
20,10,signal_shrinkage_max_diversification_blend_0.75,2022,2022-06-10,"AFRM,CIFR,COIN,CVNA,GH,IONQ,MSTR,NU,RDW,W",0.04556665043354402,-0.013037267403061612,0.11919430468292827,-0.0147567003344231,risk_off,True,10,15,60,shrinkage_max_diversification,0.75,9.683407735136091,0.12211994256939558,0.36635982770818676,2.9734868775740964,0.3228931560921344,60,0.5077407487526576,0.7711375284211626,0.8737689141180123,False,ok
20,10,signal_shrinkage_max_diversification_blend_0.75,2022,2022-06-27,"APLD,CIFR,COIN,CVNA,IONQ,MSTR,NET,NU,W,WULF",-0.057413649242429074,-0.03070552472011658,-0.337930515036907,-0.0456958192211353,risk_off,True,10,15,60,shrinkage_max_diversification,0.75,9.386448578588263,0.1385408530973685,0.39572173063575533,2.7943299906223755,0.7367522889130848,60,0.4178506213404108,0.7306448722703632,0.877908482487553,False,ok
20,10,signal_shrinkage_max_diversification_blend_0.75,2022,2022-07-12,"APLD,CIFR,COIN,CVNA,MARA,MSTR,NET,RIOT,W,WULF",0.18460704024177932,0.04120739560216693,0.20337724948127148,0.40601361039947587,risk_off,True,10,15,60,shrinkage_max_diversification,0.75,9.075760375138177,0.1379625326747147,0.4025531756664926,2.8229202003279665,0.835206210128198,60,0.4754911321054455,0.779918848089936,0.961135829246765,False,ok
20,10,signal_shrinkage_max_diversification_blend_0.75,2022,2022-07-26,"APLD,CIFR,COIN,DKNG,HUT,IREN,NET,NVTS,RGTI,WULF",0.29065005527892535,0.08020265716848522,0.3756538302510819,0.2795361216100723,risk_off,True,10,15,60,shrinkage_max_diversification,0.75,9.531233002486319,0.1342228337834441,0.37188501799767604,2.8420850796690478,0.7962182203412371,60,0.3178412848761683,0.5614010772054024,0.8845033557025161,False,ok
20,10,signal_shrinkage_max_diversification_blend_0.75,2022,2022-08-09,"APLD,CLSK,CVNA,NU,NVTS,RGTI,SHOP,TWLO,W,WULF",-0.03530361435421841,0.0021356335640147295,-0.20865881796799143,-0.2553386074691479,risk_off,True,10,15,60,shrinkage_max_diversification,0.75,9.9261781540399,0.11067725172399934,0.32490206530599625,2.9841542131846506,-0.49479485778301346,60,0.31641140796231204,0.4785530699147394,0.80743080509624,False,ok
20,10,signal_shrinkage_max_diversification_blend_0.75,2022,2022-08-23,"CRDO,DOCN,GH,HOOD,NU,POET,RCL,RGTI,RVMD,WULF",-0.07896541494176898,-0.03597974242968704,-0.23881165493276874,-0.18149391958730973,risk_off,True,10,15,60,shrinkage_max_diversification,0.75,9.713662013406028,0.12129371762220115,0.3565052365170529,2.985156511525942,0.44227225207978244,60,0.30622119583125823,0.5720885093272917,0.5280769257857406,False,ok
20,10,signal_shrinkage_max_diversification_blend_0.75,2022,2022-09-07,"CDE,CELH,ILMN,NU,OKTA,POET,QXO,RGTI,RKLB,SNOW",-0.06815832280574374,-0.0414146579002377,-0.03092124010464681,0.05783726123250052,risk_off,True,10,15,60,shrinkage_max_diversification,0.75,9.497926559366965,0.14165021821155785,0.38790956898501006,2.7607189094591877,0.7557487450632252,60,0.20265286907885133,0.4708866120147633,0.4308740905647411,False,ok
20,10,signal_shrinkage_max_diversification_blend_0.75,2022,2022-09-21,"CDE,HUT,NVTS,OKTA,QBTS,RGTI,RIOT,ROKU,SNOW,ZS",0.08015537028466471,0.007105101569703827,0.09643331657764549,-0.19346577844689347,risk_off,True,10,15,60,shrinkage_max_diversification,0.75,9.620126568722887,0.1229012830844452,0.36870384925333555,2.9675673796255753,0.5097326120766977,60,0.3124803297552911,0.7859403039184419,0.5887812249536438,False,ok
20,10,signal_shrinkage_max_diversification_blend_0.75,2022,2022-10-05,"AFRM,CIFR,CVNA,HUT,IREN,PATH,RGTI,RIOT,SITM,VRT",-0.16773886915401978,-0.0415359531202562,-0.2356242483006325,-0.20445381349972866,risk_off,True,10,15,60,shrinkage_max_diversification,0.75,9.61604217424696,0.12350500585058605,0.3650096148972769,2.9593338031904217,0.6174935844052049,60,0.433627753827988,0.7869453248620395,0.707957554191896,False,ok
20,10,signal_shrinkage_max_diversification_blend_0.75,2022,2022-10-19,"AA,AFRM,ASTS,CLSK,CVNA,IREN,RGTI,SITM,W,XYZ",-0.008942356790424478,0.041191466115838,-0.1241322625503775,0.046967103714000695,risk_off,True,10,15,60,shrinkage_max_diversification,0.75,9.790549589360515,0.13239737792706074,0.3467816069407938,2.754198573255189,0.26574502012343454,60,0.3889642069888709,0.7286401011993894,0.6880040369253347,False,ok
20,10,signal_shrinkage_max_diversification_blend_0.75,2022,2022-11-02,"AFRM,ASTS,CIFR,CLSK,HUT,JOBY,QBTS,RBLX,RGTI,W",-0.09707411695063947,0.05598351068559991,0.18637022581723742,0.07180570649627308,risk_off,True,10,15,60,shrinkage_max_diversification,0.75,9.166559624919953,0.14127376142274822,0.41146253853537174,2.7837776103058487,0.8426564783642442,60,0.3015110564250076,0.6606436182339888,0.5985257037749121,False,ok
20,10,signal_shrinkage_max_diversification_blend_0.75,2022,2022-11-16,"ASTS,CIFR,CVNA,DKNG,GH,IREN,NET,QBTS,RGTI,W",-0.07070600159461417,0.02635086460682262,-0.16218503599143402,-0.3051742595480884,risk_off,True,10,15,60,shrinkage_max_diversification,0.75,8.376466316332307,0.1632267382774451,0.464604972006369,2.6264747980994514,0.9193924842822572,60,0.2847161879422699,0.6555628044380156,0.6969417050228679,False,ok
20,10,signal_shrinkage_max_diversification_blend_0.75,2022,2022-12-01,"AFRM,CVNA,DKNG,GH,IREN,MKSI,NET,RGTI,TWLO,WULF",-0.16387999182120938,-0.052744197182541384,-0.3301862377033458,-0.40893053709249666,risk_off,True,10,15,60,shrinkage_max_diversification,0.75,8.65950157721731,0.16800016560346692,0.4589759081633959,2.561659962473369,0.8954234772055052,60,0.4427802337642024,0.6981522471761653,0.8161677529533303,False,ok
20,10,signal_shrinkage_max_diversification_blend_0.75,2022,2022-12-15,"CLSK,COIN,CVNA,MARA,MSTR,NET,RBLX,RIOT,W,WULF",-0.08291606903520166,-0.01653131181393959,-0.22453391011382817,0.3427091273277429,risk_off,True,10,15,60,shrinkage_max_diversification,0.75,9.794272925160959,0.1246710761190422,0.353139785111129,2.8375256877680854,0.382307447844398,60,0.48513763139751076,0.7256218757358606,0.8960938603798141,False,ok
20,10,signal_shrinkage_max_diversification_blend_0.75,2022,2022-12-30,"APLD,ASTS,CLSK,COIN,CVNA,IREN,MRNA,QBTS,RBLX,WULF",0.2981021607125506,0.08835391248637042,0.44948542561980515,0.4761072683525764,risk_off,True,10,15,60,shrinkage_max_diversification,0.75,9.755686058040991,0.12010118859163693,0.35473119875893994,2.9986607245961263,0.026781028462930876,60,0.27025262587396354,0.5646538822693876,0.675226412315312,False,ok
20,10,signal_shrinkage_max_diversification_blend_0.75,2023,2023-01-03,"APLD,ASTS,CLSK,CVNA,IREN,MDB,QBTS,RBLX,RDW,WULF",0.2794332394202888,0.07331068777750739,0.49920351207926655,0.5623883157183059,risk_off,True,10,15,60,shrinkage_max_diversification,0.75,8.923698274034546,0.14423117035940852,0.40985543958241366,2.489513604894915,0.949933238840011,60,0.2625060697542182,0.5506137056567337,0.7721851138961588,False,ok
20,10,signal_shrinkage_max_diversification_blend_0.75,2023,2023-01-18,"ASTS,CIFR,CLSK,CVNA,GH,IONQ,MARA,POET,RDW,RGTI",0.175827619393856,0.0618947278572444,0.3463795251490087,0.30199755191069005,risk_off,True,10,15,60,shrinkage_max_diversification,0.75,9.1484237046526,0.15946409383139493,0.406370626071755,2.2241676665254766,0.9467260592051576,60,0.2392483056289111,0.5052489046617089,0.7297370838807387,False,ok
20,10,signal_shrinkage_max_diversification_blend_0.75,2023,2023-02-01,"CIFR,CVNA,MARA,POET,RDW,RGTI,RIVN,RVMD,TE,WULF",0.08802443425009383,0.009998888807399738,0.061508992038724154,-0.04288728770269207,risk_off,True,10,15,60,shrinkage_max_diversification,0.75,9.14622965946927,0.15291605646141535,0.4222257509541315,2.057620269340373,0.8958846251065216,60,0.2319544724668783,0.38744544205998577,0.7418014475479852,False,ok
20,10,signal_shrinkage_max_diversification_blend_0.75,2023,2023-02-15,"CIFR,CVNA,HUT,IREN,MARA,POET,QBTS,RDW,RIOT,RIVN",-0.1611581946826019,-0.03858304425592113,-0.19331705532879495,-0.08155544278282617,risk_off,True,10,15,60,shrinkage_max_diversification,0.75,8.89223731546019,0.17999999999999994,0.418430224332754,2.140445114610149,0.9336029050108207,60,0.21969569188578708,0.6103049527349248,0.7440066794667427,False,ok
20,10,signal_shrinkage_max_diversification_blend_0.75,2023,2023-03-02,"CIFR,CRDO,GH,IONQ,PLTR,QBTS,RBLX,RDW,RIOT,TE",-0.05930238548940984,-0.03534272688975863,0.10017835242015946,0.06342143910190988,risk_off,True,10,15,60,shrinkage_max_diversification,0.75,9.34599452823177,0.17024683415846345,0.3930296302870434,1.5997998821499462,0.9085749561088144,60,0.13242281034997536,0.40358527629380325,0.49633703428768483,False,ok
20,10,signal_shrinkage_max_diversification_blend_0.75,2023,2023-03-16,"CIFR,HUT,JOBY,MSTR,POET,RIOT,RVMD,SHOP,TE,WULF",0.13926358412721404,0.025709445504174623,0.031626451323754703,-0.09250641833847731,risk_off,True,10,15,60,shrinkage_max_diversification,0.75,9.015010400428277,0.1761279030511175,0.41226310689497114,1.7835517279630784,0.8633059497847755,60,0.253656429969754,0.7089674987071145,0.5927196237759468,False,ok
20,10,signal_shrinkage_max_diversification_blend_0.75,2023,2023-03-30,"CIFR,CLSK,COIN,CVNA,HUT,LUNR,MSTR,QBTS,W,WULF",0.20539531741915498,0.01965481257348085,-0.10015117746264221,-0.11102021538690189,risk_off,False,10,15,60,shrinkage_max_diversification,0.75,9.332773976490136,0.15530312732203266,0.40927297487939274,1.9859207815113349,0.9802625652008966,60,0.0505903886074586,0.15449090916868136,0.9374541982058436,False,ok
20,10,signal_shrinkage_max_diversification_blend_0.75,2023,2023-04-14,"AFRM,CIFR,COIN,CRDO,CVNA,HUT,MSTR,QBTS,RGTI,W",-0.09811496261389423,-0.007655776890147749,-0.17856697464513893,-0.1848345331965353,risk_off,False,10,15,60,shrinkage_max_diversification,0.75,8.66219032996392,0.17857634641689063,0.4593477237700047,2.158695336984219,0.9076548535767861,60,0.2635446097942306,0.6325933652247409,0.7327143392935601,False,ok
20,10,signal_shrinkage_max_diversification_blend_0.75,2023,2023-04-28,"AAOI,CIFR,CLSK,HUT,IREN,LUNR,MARA,MSTR,ONDS,QBTS",-0.05257036198168897,-0.006691428722313886,-0.13270216352850256,0.22638380505855432,risk_off,False,10,15,60,shrinkage_max_diversification,0.75,8.010606359419178,0.1706201985589142,0.49238404656739554,2.482760238234074,0.9894969827416403,60,0.05968463636388265,0.18458970980723527,0.9548158299376985,False,ok
20,10,signal_shrinkage_max_diversification_blend_0.75,2023,2023-05-12,"AFRM,ASTS,CLSK,LUNR,NVTS,ONDS,PLTR,QBTS,RGTI,ZS",0.6884378740675969,0.037709752660554326,0.41251000056994425,0.4423233674214998,risk_off,False,10,15,60,shrinkage_max_diversification,0.75,9.010766348738425,0.1598812788401665,0.4372011715689386,2.1943842942255154,0.9930722223503138,60,0.02332471238016067,0.09686193492853426,0.8524632359902389,False,ok
20,10,signal_shrinkage_max_diversification_blend_0.75,2023,2023-05-26,"AFRM,APLD,ASTS,CLSK,COIN,CVNA,LUNR,QBTS,RGTI,SITM",0.2277621541842522,0.047973765081764666,0.24051440121801052,0.15095455638253322,risk_off,False,10,15,60,shrinkage_max_diversification,0.75,9.313576785078315,0.1428992336275848,0.3890119414734097,2.27777068557468,0.9805675520260465,60,0.06089277541214988,0.43673411193871414,0.6337950471459717,False,ok
20,10,signal_shrinkage_max_diversification_blend_0.75,2023,2023-06-12,"AFRM,APLD,CIFR,CVNA,IONQ,IREN,MARA,NVTS,QBTS,RGTI",0.01678838434714517,0.016389376175423555,-0.05001332340121453,0.15371253893435813,risk_off,False,10,15,60,shrinkage_max_diversification,0.75,8.901621213622246,0.1546643243485674,0.44181091446219156,2.315597561557104,0.9788670431714154,60,0.12940578563916805,0.5155288021853582,0.8108435831191528,False,ok
20,10,signal_shrinkage_max_diversification_blend_0.75,2023,2023-06-27,"AFRM,CIFR,CVNA,IONQ,LUNR,ONDS,POET,QBTS,RGTI,RIOT",0.292795155021155,0.05047730194989893,0.25149859546156267,0.15885660937833787,risk_off,False,10,15,60,shrinkage_max_diversification,0.75,9.427751885731437,0.14885073825524103,0.39392837531251385,2.090788894838492,0.93508990479529,60,0.09379716021562863,0.5821043449946719,0.7311569245587615,False,ok
20,10,signal_shrinkage_max_diversification_blend_0.75,2023,2023-07-12,"CIFR,COHR,IONQ,IREN,JOBY,MARA,ONDS,RIOT,TE,WULF",-0.014491657757859554,0.01728299628939763,-0.02400074506357217,-0.14236225175453568,risk_off,True,10,15,60,shrinkage_max_diversification,0.75,9.306527374035415,0.16528132630801196,0.39887304124523304,1.900917480556184,0.912189844594974,60,0.1865489675310849,0.6525494890709131,0.4942683471329881,False,ok
20,10,signal_shrinkage_max_diversification_blend_0.75,2023,2023-07-26,"HUT,IONQ,IREN,LUNR,MARA,ONDS,RGTI,RIOT,TE,TOST",-0.10266925262828742,-0.020526187755062614,-0.17165806086902508,-0.13736404910006145,risk_off,True,10,15,60,shrinkage_max_diversification,0.75,8.97279690076766,0.16960568167229906,0.4303588394078971,2.1076685917762186,0.9187973113159155,60,0.14756836034224594,0.6583277516024516,0.5394929080396903,False,ok
20,10,signal_shrinkage_max_diversification_blend_0.75,2023,2023-08-09,"AAOI,AFRM,ANET,LUNR,MARA,NTRA,QBTS,SOFI,TEAM,TOST",-0.07669291679140042,-0.020556467055393168,0.04099235462785732,0.019903131213246734,risk_off,True,10,15,60,shrinkage_max_diversification,0.75,9.539718159559868,0.14196514439817617,0.3833291163625713,2.0611264690687947,0.9456537442255836,60,0.05270675784483794,0.19953024098345698,0.5692428254505687,False,ok
20,10,signal_shrinkage_max_diversification_blend_0.75,2023,2023-08-23,"AAOI,ASTS,COHR,DDOG,IONQ,MXL,QBTS,ROKU,SMCI,SOFI",-0.0493967103492703,0.004657187046902513,-0.08750497918619728,-0.2085841174006419,risk_off,True,10,15,60,shrinkage_max_diversification,0.75,8.960706389373428,0.18,0.4279425669052034,2.1753511446385643,0.9417244431548843,60,0.10345312698900068,0.3183762955764878,0.4815967378427384,False,ok
20,10,signal_shrinkage_max_diversification_blend_0.75,2023,2023-09-07,"APP,BB,CLSK,COIN,FN,IONQ,IREN,MARA,RBLX,RGTI",-0.10553741901905027,-0.037847347405173544,-0.2056052377863402,-0.1353845446976586,risk_off,True,10,15,60,shrinkage_max_diversification,0.75,9.440972226881444,0.15038969625518722,0.38970908201585525,1.9816825977083177,0.8573094814466039,60,0.1950723506636702,0.668300084373585,0.5549950533651464,False,ok
20,10,signal_shrinkage_max_diversification_blend_0.75,2023,2023-09-21,"BB,CLSK,COIN,IREN,LUNR,MARA,QBTS,RBLX,RIOT,WULF",-0.10543785206513177,-0.027284402888313138,0.033512440774589716,-0.19197461495359555,risk_off,True,10,15,60,shrinkage_max_diversification,0.75,8.332630837494623,0.16991834236794562,0.4588245925301918,2.564102233547447,0.9380772614181122,60,0.2941834360207409,0.6894059180927828,0.6110763447886338,False,ok
20,10,signal_shrinkage_max_diversification_blend_0.75,2023,2023-10-05,"APLD,CDE,CIFR,COHR,IONQ,QBTS,RDW,RIOT,RIVN,WBD",-0.007912951985958318,-0.0001932257964155303,-0.13389908678524012,-0.00732549725203801,risk_off,True,10,15,60,shrinkage_max_diversification,0.75,8.84774450626327,0.1543412347773258,0.44955160311933734,2.256316657987149,0.9642082135480365,60,0.14362601923455953,0.5458912609880894,0.44783011280211393,False,ok
20,10,signal_shrinkage_max_diversification_blend_0.75,2023,2023-10-19,"AAOI,APLD,CIFR,GH,IONQ,ONDS,RGTI,RIOT,RIVN,SMR",0.07972053072389046,0.011969665494119153,0.09118185766744684,0.1486167369601354,risk_off,True,10,15,60,shrinkage_max_diversification,0.75,8.777350967504713,0.16089475273010007,0.45155231842627247,2.3943942374913982,0.9734993703386384,60,0.11020598636175759,0.3617864914403867,0.4794899977746711,False,ok
20,10,signal_shrinkage_max_diversification_blend_0.75,2023,2023-11-02,"AAOI,APLD,BE,IREN,ONDS,POET,QBTS,RGTI,RVMD,WULF",0.05384999748101234,0.040303531717569105,0.18727698902832432,0.28099480081307104,risk_off,True,10,15,60,shrinkage_max_diversification,0.75,8.103756968251698,0.16913210340158608,0.4709966412430885,2.6020434176386713,0.9691277808593354,60,0.09163319596110905,0.3696405196245581,0.43152028212540744,False,ok
20,10,signal_shrinkage_max_diversification_blend_0.75,2023,2023-11-16,"BE,CVNA,IREN,ONDS,POET,QBTS,SMR,TE,WBD,WULF",0.1993204955784511,0.05841448131801323,0.2790382522483337,0.3325856613832645,neutral,True,10,15,60,shrinkage_max_diversification,0.75,8.396524291995084,0.18000000000000005,0.49303942096589787,2.12469618245735,0.9586133060397092,60,0.11325855743947905,0.44251558733333374,0.44492304924348075,False,ok
20,10,signal_shrinkage_max_diversification_blend_0.75,2023,2023-12-01,"APLD,CVNA,HOOD,IONQ,ONDS,POET,RGTI,TE,WBD,WULF",0.08079288210195813,0.04893122978168562,0.24459189417472,0.16298364362653178,neutral,True,10,15,60,shrinkage_max_diversification,0.75,8.73733320184128,0.17677480736478085,0.4433679536504869,2.008642893856134,0.967749447222962,60,0.14700744915135786,0.3183830119209865,0.48086090636045814,False,ok
20,10,signal_shrinkage_max_diversification_blend_0.75,2023,2023-12-15,"APLD,CI,CIFR,HUT,ONDS,POET,QXO,RGTI,SMR,TE",0.23087122832347445,0.01182031890669316,0.0017931535983555995,-0.24024264906040457,neutral,True,10,15,60,shrinkage_max_diversification,0.75,9.365380249869943,0.1600000000233289,0.4014455272808003,2.1620750159868596,0.9966698029651495,60,0.0,0.0,0.6279231767029159,False,ok
20,10,signal_shrinkage_max_diversification_blend_0.75,2024,2024-01-02,"AXTI,CAVA,CDE,HUT,MP,RIVN,RKLB,SMR,TE,W",-0.14607279019840624,-0.029399467692898557,-0.27657622114129243,-0.26694202367876424,neutral,True,10,15,60,shrinkage_max_diversification,0.75,9.446218314251116,0.14757655606049078,0.38288462778353893,2.462060232940245,0.7355062092702308,60,0.24415520439157,0.5419600744123966,0.5139043336851112,False,ok
20,10,signal_shrinkage_max_diversification_blend_0.75,2024,2024-01-17,"AFRM,CPNG,HUT,LUNR,MRNA,PL,POET,RGTI,RKLB,ROKU",0.15089214427878592,0.025098665846337097,-0.023918397205350005,0.047564892587387976,neutral,True,10,15,60,shrinkage_max_diversification,0.75,8.971103884712502,0.16263254539228356,0.44162631845401956,2.3519503962280863,0.9229104813606079,60,0.12984006493297567,0.398609357818053,0.4452189102458139,False,ok
20,10,signal_shrinkage_max_diversification_blend_0.75,2024,2024-01-31,"AAL,BB,CDE,CPNG,CVNA,KTOS,QBTS,RGTI,SMR,W",0.20728046936788283,0.047024587430952364,-0.0037165930315859155,-0.023169994672877003,risk_off,True,10,15,60,shrinkage_max_diversification,0.75,9.430121193003355,0.14030199260075332,0.3910874213485168,1.9856914670880812,0.757296226107613,60,0.25750558092916426,0.6072912775819626,0.45137728215374173,False,ok
20,10,signal_shrinkage_max_diversification_blend_0.75,2024,2024-02-14,"AAOI,AFRM,CDE,HUT,KTOS,NVTS,RKLB,SMR,SOFI,TE",-0.08229949765389674,0.026216282681938867,-0.1375331289778919,-0.12172484583961996,risk_off,True,10,15,60,shrinkage_max_diversification,0.75,9.785230682147148,0.11843050594691548,0.3490177617514912,2.445265930422269,-0.09808245543588152,60,0.3616943310309399,0.5646145700967498,0.5667641774250718,False,ok
20,10,signal_shrinkage_max_diversification_blend_0.75,2024,2024-02-29,"ASTS,CIFR,FN,HUT,KTOS,NCLH,NVTS,QXO,RKLB,TE",-0.06880515527379322,0.014302197799501867,-0.09241614337030724,-0.007798676639039613,risk_off,True,10,15,60,shrinkage_max_diversification,0.75,9.409765456985744,0.1473938131482316,0.4120634207103552,2.5394915124543846,0.9957546851532271,60,0.005568048251601605,0.030294131969565364,0.6126913615025913,False,ok
20,10,signal_shrinkage_max_diversification_blend_0.75,2024,2024-03-14,"ALB,APLD,CIEN,ECHO,MRNA,MRVL,NCLH,QBTS,RKLB,XYZ",0.03422934683480743,0.03815025314373856,-0.010103536816242382,0.004668902388569473,risk_off,True,10,15,60,shrinkage_max_diversification,0.75,9.540334371632763,0.13282349132006174,0.3815436344610248,2.026761477310469,0.8786203195498785,60,0.09477842707158325,0.238907734049684,0.32643531826744365,False,ok
20,10,signal_shrinkage_max_diversification_blend_0.75,2024,2024-03-28,"AFRM,ALB,APLD,ECHO,GH,IONQ,MRVL,POET,RIVN,TE",-0.11592447041676815,-0.038564892989002675,-0.11064384266384641,-0.14824787518431662,risk_off,True,10,15,60,shrinkage_max_diversification,0.75,9.858407897663735,0.11670531706719704,0.3437494671702067,2.589462741048041,0.05300227700640657,60,0.14547546416961266,0.4258964981859682,0.37259607051585814,False,ok
20,10,signal_shrinkage_max_diversification_blend_0.75,2024,2024-04-12,"BB,CORZ,ECHO,GH,IREN,OKLO,ONDS,RDW,RIOT,TE",0.03165285827653056,0.008539351806518816,-0.06440492482324062,-0.020633465281626028,risk_off,True,10,15,60,shrinkage_max_diversification,0.75,9.368827806779747,0.15162233955721502,0.3869771882192994,2.537912708877191,0.8507956482303284,60,0.17343458902691902,0.6765073053110991,0.46503767036946164,False,ok
20,10,signal_shrinkage_max_diversification_blend_0.75,2024,2024-04-26,"CLSK,COIN,GH,IONQ,IREN,MARA,OKLO,QXO,RIOT,TE",-0.06768634436320814,0.024649188213206327,-0.0184294776680529,0.12153976962269519,risk_off,True,10,15,60,shrinkage_max_diversification,0.75,9.72173804030303,0.12558318058175386,0.368691658631961,2.238250502197382,0.18314008873915227,60,0.331829335832577,0.7896162921859956,0.6160269141214472,False,ok
20,10,signal_shrinkage_max_diversification_blend_0.75,2024,2024-05-10,"APLD,AXTI,CLSK,CORZ,IONQ,IREN,MARA,QXO,RGTI,RIOT",0.16909692887302832,0.018619526091145814,0.17210773009960467,0.10747218872665806,risk_off,True,10,15,60,shrinkage_max_diversification,0.75,9.499307035485236,0.14862684230033155,0.37825646032532745,2.5818987596880527,0.7866026923108254,60,0.24795766377706613,0.594877332321676,0.6085803916144016,False,ok
20,10,signal_shrinkage_max_diversification_blend_0.75,2024,2024-05-24,"AAOI,AXTI,CLSK,COIN,HUT,MARA,RIVN,SMCI,TSLA,W",-0.02305090958346844,0.003169644776044434,-0.04790418058976404,-0.09002652146945017,risk_off,True,10,15,60,shrinkage_max_diversification,0.75,9.593708023383329,0.12003752744313245,0.35833967672448996,2.3795385771844275,0.7351368649527862,60,0.23038547990018862,0.6696796751858856,0.4650179510741608,False,ok
20,10,signal_shrinkage_max_diversification_blend_0.75,2024,2024-06-10,"AAOI,AXTI,CIFR,CLSK,COIN,HUT,MARA,OKLO,QBTS,SMCI",0.023816652589399745,0.006863857156700058,-0.020081335287538925,0.07707473505524844,risk_off,True,10,15,60,shrinkage_max_diversification,0.75,9.373367779546435,0.16257053438625588,0.39388711037442115,2.3675165661095705,0.8105289583840111,60,0.19777020395505143,0.5699777953147056,0.5271963543740669,False,ok
20,10,signal_shrinkage_max_diversification_blend_0.75,2024,2024-06-25,"CIFR,CLSK,LUNR,NVTS,OKLO,PL,POET,QBTS,QXO,SMCI",0.03855848044888144,0.01766364212468172,0.13039142014892618,-0.03770641912622353,risk_off,True,10,15,60,shrinkage_max_diversification,0.75,9.779283906921943,0.12721432248526454,0.3591597661788855,2.4877057991186433,0.878155809847829,60,0.053158631130100845,0.3113559179705953,0.4383134554358494,False,ok
20,10,signal_shrinkage_max_diversification_blend_0.75,2024,2024-07-10,"AFRM,CIFR,CLSK,LUNR,OKLO,ONDS,QBTS,QXO,RGTI,SMCI",0.3462826113312366,0.0013282442513573988,-0.13828729618881408,-0.35129026817010794,risk_off,True,10,15,60,shrinkage_max_diversification,0.75,9.4092251027239,0.15967442562178122,0.3873266134603097,2.26572581354748,0.9396965461871962,60,0.05063486191992586,0.33614455270536364,0.4339683976138835,False,ok
20,10,signal_shrinkage_max_diversification_blend_0.75,2024,2024-07-24,"AAOI,CLSK,IONQ,LUNR,MSTR,OKLO,QBTS,RGTI,STRL,TE",-0.201698192665657,-0.05553017680795661,-0.4417931491833081,-0.08286517199825724,risk_off,True,10,15,60,shrinkage_max_diversification,0.75,9.707715227422371,0.1383775658875025,0.36901631739763224,2.2664501623924007,0.7632773386695643,60,0.1713829565657603,0.4024116706275834,0.451357180375979,False,ok
20,10,signal_shrinkage_max_diversification_blend_0.75,2024,2024-08-07,"AAOI,CIFR,INTC,IREN,MSTR,MXL,QXO,RIOT,SMCI,TE",0.15422718862124604,0.09272888040232813,0.3782678166199033,0.010610718224833183,risk_off,True,10,15,60,shrinkage_max_diversification,0.75,9.590505241143083,0.1265654399596175,0.3515008651089486,2.870641841526105,0.8695942745093311,60,0.17544255089090302,0.5430281254969755,0.5999937355496594,False,ok
20,10,signal_shrinkage_max_diversification_blend_0.75,2024,2024-08-21,"AAOI,APLD,CORZ,MOD,MP,ONTO,QBTS,QXO,RDW,WULF",0.005908561712167831,-0.022257370920621175,-0.4488088308285617,-0.011955960979015483,risk_off,True,10,15,60,shrinkage_max_diversification,0.75,9.61083588492366,0.15489845537138364,0.3653492128625405,2.015053125090661,0.9011796698570541,60,0.14522267310518353,0.46856442947814103,0.6474729652840523,False,ok
20,10,signal_shrinkage_max_diversification_blend_0.75,2024,2024-09-05,"APLD,AXTI,IREN,MXL,ONTO,QBTS,QXO,RDW,RGTI,WULF",0.04638778375302967,0.0507676579525406,0.3701839393890022,0.2767916870957506,risk_off,True,10,15,60,shrinkage_max_diversification,0.75,9.294952778007657,0.13011023126045324,0.3863845187100342,2.683200697444374,0.9505690038168844,60,0.15296433882071805,0.4403720902935377,0.6327347094121598,False,ok
20,10,signal_shrinkage_max_diversification_blend_0.75,2024,2024-09-19,"ALAB,FSLR,HUT,MSTR,MXL,ONTO,QXO,SMR,WBD,WULF",0.02801859354074882,0.004308816602763692,-0.0282820504857404,0.10066427948900347,risk_on,True,10,15,60,shrinkage_max_diversification,0.75,9.788423227739102,0.12009291369924703,0.34763113308689947,2.1419201076488426,0.536016381532645,60,0.15025743083194543,0.47214589458019435,0.5152889703940678,False,ok
20,10,signal_shrinkage_max_diversification_blend_0.75,2024,2024-10-03,"ALB,AXTI,CLSK,HUT,IREN,JOBY,MARA,NVTS,SMCI,WULF",0.1121820672531496,0.04191889970440256,0.11881585807607924,0.06727026761144919,risk_on,True,10,15,60,shrinkage_max_diversification,0.75,9.473973201308493,0.15491785291836135,0.37354778281011325,2.6296951794506898,0.7378576932457641,60,0.43847821131118103,0.8054179711349811,0.6195684623972227,False,ok
20,10,signal_shrinkage_max_diversification_blend_0.75,2024,2024-10-17,"ASTS,AXTI,HUT,IREN,JOBY,NVTS,QBTS,SMCI,TEM,WULF",-0.04356405701382021,-0.02049893132552613,0.002774658687138812,0.07703897140173797,risk_on,True,10,15,60,shrinkage_max_diversification,0.75,9.656338180996679,0.12111921406746746,0.3533133560105196,2.490703701478592,0.5654127625162892,60,0.2827908717373827,0.581199922657663,0.5797523116646113,False,ok
20,10,signal_shrinkage_max_diversification_blend_0.75,2024,2024-10-31,"AFRM,ASTS,CELH,COIN,IREN,MARA,NXT,QBTS,TEM,TSLA",0.2310635878434696,0.06230470323885579,0.016851239044824207,0.037598942517142526,risk_on,True,10,15,60,shrinkage_max_diversification,0.75,9.71940944990637,0.12805730484778557,0.36636001717031413,2.4268532750107656,0.4955987858267449,60,0.19860768330327086,0.5403340632603217,0.45964529855476555,False,ok
20,10,signal_shrinkage_max_diversification_blend_0.75,2024,2024-11-14,"ASTS,HIMS,IREN,JOBY,MXL,NXT,RIVN,SMCI,TEM,THC",0.2498815046273484,0.055127585081780665,0.18362711295075795,0.19946060256473908,risk_on,True,10,15,60,shrinkage_max_diversification,0.75,9.444430529499735,0.15942752327737428,0.38422130167803115,2.270291791165662,0.9181927680100206,60,0.09520684302609046,0.3233418488716505,0.4062405957733673,False,ok
20,10,signal_shrinkage_max_diversification_blend_0.75,2024,2024-11-29,"ASTS,ECHO,FN,MELI,MXL,RIVN,SMCI,TEM,VRT,W",0.04353020340423721,-0.012660488783225895,0.12366425646468004,0.020253635931067507,risk_on,True,10,15,60,shrinkage_max_diversification,0.75,9.623283064527376,0.12907358272610436,0.36852641151213295,2.5686372776332895,0.8522225144546943,60,0.1108038473474984,0.3127168996266696,0.36864406353322926,False,ok
20,10,signal_shrinkage_max_diversification_blend_0.75,2024,2024-12-13,"ASTS,AXTI,CIFR,MARA,MP,MRNA,POET,SMCI,VRT,WULF",-0.08100683133933234,-0.03021174637009178,-0.17681707199911764,-0.009850936113011879,risk_on,True,10,15,60,shrinkage_max_diversification,0.75,9.797927981678065,0.13438674822776803,0.353992111647131,2.2362865446324642,0.6668902183674822,60,0.11139390865258954,0.5466542629649078,0.43693219447281817,False,ok
20,10,signal_shrinkage_max_diversification_blend_0.75,2024,2024-12-30,"ASTS,AXTI,HOOD,MRVL,MU,ODFL,OKLO,RIVN,USAR,WBD",0.06591258827742418,0.026094971636684786,0.08352596213158793,0.017308775727566793,risk_on,True,10,15,60,shrinkage_max_diversification,0.75,9.857693134680545,0.1243476336062981,0.3486831921012631,2.110432735365569,0.7334995288235326,60,0.11761265654457453,0.40739171123795037,0.3938158876386246,False,ok
20,10,signal_shrinkage_max_diversification_blend_0.75,2025,2025-01-02,"ASTS,FTAI,HOOD,JOBY,MU,OKLO,RIOT,RIVN,STLD,USAR",0.0792686098506283,0.03876436474044464,0.11628777231471593,-0.020821861286343925,risk_on,True,10,15,60,shrinkage_max_diversification,0.75,9.480709046196498,0.13260648398243594,0.3884173190973681,2.3770729744125436,0.7838791754747904,60,0.12301467445670268,0.5983850739203705,0.3787691197923726,False,ok
20,10,signal_shrinkage_max_diversification_blend_0.75,2025,2025-01-17,"CLSK,COIN,CVNA,JOBY,MSTR,MU,RIOT,SMCI,SMR,TEM",0.05945077705521273,0.008491856842083046,-0.09334434361763874,0.019796335660454703,risk_on,True,10,15,60,shrinkage_max_diversification,0.75,9.662457027272637,0.1345431749888843,0.35958136006728847,2.630682108561031,0.49869259683516093,60,0.2721391261017625,0.7084858656125046,0.6487281510871278,False,ok
20,10,signal_shrinkage_max_diversification_blend_0.75,2025,2025-02-03,"APLD,CIFR,CLSK,FN,IREN,MARA,MSTR,RIOT,SMR,WULF",0.042107311459198306,0.02749779911001651,0.03907129603602874,-0.38041240616921745,risk_on,True,10,15,60,shrinkage_max_diversification,0.75,9.071770311639552,0.1703128199532204,0.41133395445877685,2.4089603616094206,0.8059511477917048,60,0.5185657773781702,0.7600758654238257,0.9101550930661053,False,ok
20,10,signal_shrinkage_max_diversification_blend_0.75,2025,2025-02-18,"CIEN,CIFR,FN,FTAI,IREN,MRNA,NVTS,QBTS,RKLB,SMTC",-0.18372860167786254,-0.07831040519783085,-0.41032740624463504,-0.2914614388112811,risk_off,True,10,15,60,shrinkage_max_diversification,0.75,9.385130849391746,0.16543815124014066,0.39721082595577495,2.3208516776166803,0.9258247989957998,60,0.1407127368358322,0.6195647122902105,0.5467490821755472,False,ok
20,10,signal_shrinkage_max_diversification_blend_0.75,2025,2025-03-04,"ALAB,APLD,FTAI,IONQ,MOD,NVTS,ONDS,POET,QBTS,TE",0.13071806959649968,-0.011258507028811935,-0.043736199342148445,-0.22267624545882506,risk_off,True,10,15,60,shrinkage_max_diversification,0.75,9.775538147259208,0.12246459953632118,0.3517632138153959,2.774220460723514,0.7428399127813843,60,0.22184332121980585,0.5870686206651523,0.7758962093798174,False,ok
20,10,signal_shrinkage_max_diversification_blend_0.75,2025,2025-03-18,"AAOI,ALAB,LITE,LUNR,MOD,MSTR,NU,POET,SMTC,TLN",-0.05664396137477684,-0.009137089693136213,-0.29176515606771625,-0.24366286419518365,risk_off,True,10,15,60,shrinkage_max_diversification,0.75,9.716106755786765,0.13004998543062485,0.3645757339460288,2.7429005220912486,0.6867045246805747,60,0.3873352124753802,0.6240542290938462,0.6986087528012256,False,ok
20,10,signal_shrinkage_max_diversification_blend_0.75,2025,2025-04-01,"AAOI,CLSK,HUT,IONQ,IREN,LUNR,RGTI,RKLB,SMTC,USAR",0.09746949713667648,-0.04922203952077082,-0.1282322280064855,0.17173043504327065,neutral,True,10,15,60,shrinkage_max_diversification,0.75,9.796671904473058,0.11958479113718559,0.3461474172938269,2.977100566993579,0.13450858314507588,60,0.26117777374060447,0.5814129810125366,0.7942523941488477,False,ok
20,10,signal_shrinkage_max_diversification_blend_0.75,2025,2025-04-15,"AAOI,APLD,HUT,LUNR,OKLO,ONDS,RDDT,RDW,TEM,WULF",0.11869457548192525,0.049401892970434166,0.4031463936121158,0.6210310408383999,risk_on,True,10,15,60,shrinkage_max_diversification,0.75,9.640512449044108,0.12556640777427427,0.3725019612267437,2.933165544932025,0.5010861967490715,60,0.4271244250126899,0.666183820238185,0.9346456605542386,False,ok
20,10,signal_shrinkage_max_diversification_blend_0.75,2025,2025-04-30,"AAOI,ASTS,CIFR,DAL,LUNR,NVTS,OKLO,PL,RDW,TER",0.2546639638082491,0.08257115839521444,0.6591009734156393,0.49914492178157993,risk_on,True,10,15,60,shrinkage_max_diversification,0.75,9.759678807851609,0.11884866179552583,0.34810575745153727,1.4829864837683417,0.39475738525138193,60,0.5029793760968203,0.6668603077960389,0.8256881405262984,False,ok
20,10,signal_shrinkage_max_diversification_blend_0.75,2025,2025-05-14,"APLD,ASTS,AXTI,CIFR,DOCN,LSCC,ONDS,RDW,VSH,XYZ",0.04444923194104093,0.006259719356398494,-0.10435934196048963,0.15937865664006653,risk_on,True,10,15,60,shrinkage_max_diversification,0.75,9.551665987389155,0.13023446798706034,0.37197669552601276,2.5434696178604277,0.8097956410373058,60,0.37584824603007927,0.6355319246132541,0.687501749061761,False,ok
20,10,signal_shrinkage_max_diversification_blend_0.75,2025,2025-05-29,"AAOI,AFRM,ASTS,AXTI,CLSK,FTAI,LSCC,MARA,MRNA,RDDT",0.16569030379957575,0.04646953903665356,0.41746334223582127,0.4349128124094497,risk_off,True,10,15,60,shrinkage_max_diversification,0.75,9.618044869356911,0.13408248410006318,0.37154593765687854,2.4325669477118312,0.6014631764794245,60,0.44533665616642326,0.7647589332154462,0.7054264928525159,False,ok
20,10,signal_shrinkage_max_diversification_blend_0.75,2025,2025-06-12,"CLSK,ENPH,MARA,NET,PL,RBLX,RDDT,RGTI,RKLB,TSLA",0.07562787677153798,0.02396039914131386,0.15383304240814907,0.2044936006979426,risk_off,True,10,15,60,shrinkage_max_diversification,0.75,9.831169226141464,0.12895562364585933,0.3513610788240061,2.540603925471017,0.1356077134938836,60,0.29770539497326687,0.6608471238688269,0.5310968456874626,False,ok
20,10,signal_shrinkage_max_diversification_blend_0.75,2025,2025-06-27,"ALAB,CLSK,ENPH,FSLR,PL,RBLX,TE,TEM,TSLA,USAR",0.03660995979901363,0.028094574840325917,0.2297044663824032,0.2727732678258654,risk_off,True,10,15,60,shrinkage_max_diversification,0.75,9.709151847136196,0.1324754246824753,0.3703535462364982,2.639782509857522,0.7878044960607089,60,0.18609186635669994,0.36245306396230054,0.5114496997311667,False,ok
20,10,signal_shrinkage_max_diversification_blend_0.75,2025,2025-07-14,"ALAB,CNC,CORZ,ECHO,ENPH,FSLR,IONQ,RGTI,SITM,TE",0.03270787623707785,0.02099587872693245,0.10887773412400213,-0.019051660663882516,risk_off,True,10,15,60,shrinkage_max_diversification,0.75,9.345893507513177,0.17508687972643708,0.3783807585160328,2.4564563627066414,0.935844361909007,60,0.056339650659333676,0.3206154111842886,0.3657086583429683,False,ok
20,10,signal_shrinkage_max_diversification_blend_0.75,2025,2025-07-28,"APLD,CNC,HIMS,IONQ,LUNR,MARA,QBTS,RDW,TE,USAR",-0.034243910082937694,-0.0124246768190232,-0.0541204603785148,0.005902344034344923,risk_off,True,10,15,60,shrinkage_max_diversification,0.75,9.680412452622498,0.1441826782262788,0.3635937431745543,2.7337579852226064,0.9679959310437778,60,0.07311500768779336,0.3030892926512676,0.4386052207136388,False,ok
20,10,signal_shrinkage_max_diversification_blend_0.75,2025,2025-08-11,"AXTI,CHTR,CVNA,DOCN,FTAI,GH,OKLO,QBTS,RDW,TER",0.06632289566161502,0.031742555384127666,0.1821535373575194,0.2728647845566482,risk_off,True,10,15,60,shrinkage_max_diversification,0.75,9.698065016534185,0.14452490733251022,0.3557541612291634,2.236511719063984,0.8772363107315804,60,0.07206267978476799,0.39344663164781857,0.359992493249568,False,ok
20,10,signal_shrinkage_max_diversification_blend_0.75,2025,2025-08-25,"AAOI,CLS,CVNA,HUT,OKLO,RBLX,RDW,RGTI,RIOT,ROKU",0.07995324744877952,0.02140993751554376,0.24023424670260876,0.34408180058516563,risk_off,True,10,15,60,shrinkage_max_diversification,0.75,9.619077036935234,0.1326226366314098,0.37642676588862023,2.4628786536756473,0.7162684730031463,60,0.23081981564128332,0.5829709696345705,0.42900794294356853,False,ok
20,10,signal_shrinkage_max_diversification_blend_0.75,2025,2025-09-09,"AAOI,APLD,HOOD,HUT,KGC,NXT,PL,RGTI,RKLB,SMR",0.26524564523706634,0.04370804273897294,0.3318499113640434,0.29720111593729065,risk_off,True,10,15,60,shrinkage_max_diversification,0.75,9.421785752267573,0.14027237458367392,0.3889937375228192,2.596280110614801,0.9253085812186073,60,0.09884633839397455,0.318034818030521,0.36065681518281645,False,ok
20,10,signal_shrinkage_max_diversification_blend_0.75,2025,2025-09-23,"AAOI,AFRM,HIMS,MRVL,PL,POET,RDW,RKLB,SMR,SNOW",0.11431908449882323,0.019671963845306072,0.123192708423835,0.16998954051640727,risk_off,True,10,15,60,shrinkage_max_diversification,0.75,9.758126488029873,0.12873393041952905,0.34800722450745336,2.6372590881790714,0.9784125495397724,60,0.042718964065051344,0.10339734951861153,0.3052782831728677,False,ok
20,10,signal_shrinkage_max_diversification_blend_0.75,2025,2025-10-07,"AAOI,ALAB,HIMS,NVTS,ORCL,POET,RDW,RKLB,RMBS,SMR",0.017345010138907723,0.007178924347688331,0.15413869312932474,0.04143831653954678,risk_off,True,10,15,60,shrinkage_max_diversification,0.75,9.686584336516184,0.12939936118040218,0.36318191040154424,2.206438641558462,0.9908873637043928,60,0.02210639046570839,0.09453195364439931,0.30705027592754586,False,ok
20,10,signal_shrinkage_max_diversification_blend_0.75,2025,2025-10-21,"AAOI,CDE,CLS,FICO,JOBY,MARA,NVTS,SMR,SMTC,TEM",-0.06537461827274484,-0.014872487691560386,-0.04663713614500126,-0.23309716836033537,risk_off,True,10,15,60,shrinkage_max_diversification,0.75,9.408714526885017,0.14653464608164493,0.3858864242004858,2.2507179561160955,0.9211868522962613,60,0.1530305095399883,0.38069922945884554,0.37982201096931634,False,ok
20,10,signal_shrinkage_max_diversification_blend_0.75,2025,2025-11-04,"AA,ALB,CRDO,ENTG,FISV,HL,KVUE,RDDT,RMBS,SITM",0.004413873391203356,-0.022435499193692334,-0.33157468621432973,0.019748863469426604,risk_off,True,10,15,60,shrinkage_max_diversification,0.75,9.352893157550396,0.16968764581656037,0.3965181721270775,2.2515786655879806,0.9381056400104559,60,0.09555333356703764,0.2913079480154465,0.2871451959305039,False,ok
20,10,signal_shrinkage_max_diversification_blend_0.75,2025,2025-11-18,"ALAB,CVNA,EXPE,FISV,MRNA,ONDS,RDDT,SMR,STX,W",0.06777068107986339,0.055713208470791704,0.3484590112881119,0.1862982670777028,risk_off,True,10,15,60,shrinkage_max_diversification,0.75,8.694151103124899,0.1717994401489935,0.4722660914778638,2.4625606546185432,0.96349803182108,60,0.05963227373219777,0.22315789140887213,0.3497026062434202,False,ok
20,10,signal_shrinkage_max_diversification_blend_0.75,2025,2025-12-03,"AFRM,HOOD,LUNR,MOD,MP,ONDS,POET,TTMI,USAR,WULF",-0.08573412604594524,-0.007919288069769227,-0.1442284878369189,0.08873071118191897,risk_off,True,10,15,60,shrinkage_max_diversification,0.75,9.45531621306177,0.1548647579910685,0.376935189606423,2.367768733729182,0.7323548822875805,60,0.2791894201072166,0.5962630552845642,0.5661724130604378,False,ok
20,10,signal_shrinkage_max_diversification_blend_0.75,2025,2025-12-17,"APLD,CIFR,CLSK,HOOD,HUT,LUNR,NVTS,QBTS,RGTI,USAR",0.16976213145898109,0.03438657190961965,0.39560976740688025,0.3310499318709211,risk_off,True,10,15,60,shrinkage_max_diversification,0.75,9.3143516094022,0.13437712851974395,0.39765622686898616,2.786694758997611,0.7334323831472436,60,0.4704523261783225,0.8517859418446305,0.844056336607033,False,ok
20,10,signal_shrinkage_max_diversification_blend_0.75,2026,2026-01-02,"ALAB,BE,CORZ,IONQ,IREN,NVTS,RGTI,RIVN,TTMI,USAR",0.197031758461771,0.04592265680505814,0.22054039674752626,0.018092089236777253,risk_off,True,10,15,60,shrinkage_max_diversification,0.75,9.659706768974445,0.1281936731273436,0.3615667503937151,2.765387233272243,0.4679489950478802,60,0.36715879754896863,0.757102220971529,0.6704054563355482,False,ok
20,10,signal_shrinkage_max_diversification_blend_0.75,2026,2026-01-16,"ALAB,CIFR,CLSK,ECHO,IONQ,MARA,OKLO,QBTS,RGTI,SMR",-0.18675038869854205,-0.009903833912982694,-0.28051387571717,-0.24197931695478764,risk_off,True,10,15,60,shrinkage_max_diversification,0.75,9.575398668424437,0.14488357695796583,0.37768381750603763,2.6876269438775235,0.5292072247164529,60,0.4796820784764086,0.8775325304798374,0.6719060396759561,False,ok
20,10,signal_shrinkage_max_diversification_blend_0.75,2026,2026-02-02,"AMKR,AU,CIFR,CLS,HUT,INTC,MP,OKLO,RIOT,WULF",0.0029485250867823942,0.003258543217893794,-0.17895336440321932,-0.25019486878882913,risk_off,True,10,15,60,shrinkage_max_diversification,0.75,9.744499194170157,0.12664266274894886,0.3492657173490139,2.3100098366088124,0.474099829370963,60,0.3828982483712396,0.7479667358533951,0.5620758235464326,False,ok
20,10,signal_shrinkage_max_diversification_blend_0.75,2026,2026-02-17,"CDE,CLS,CORZ,DDOG,EL,NET,PINS,RIVN,RVMD,SPOT",-0.005323892279739025,0.006937345951593162,-0.07442603463526325,-0.03729178564215712,risk_off,True,10,15,60,shrinkage_max_diversification,0.75,9.853271106080845,0.12447723340382755,0.3398725342232578,2.0328911417566182,0.687666524230698,60,0.07918178210445502,0.27942308340807365,0.2687613198837079,False,ok
20,10,signal_shrinkage_max_diversification_blend_0.75,2026,2026-03-03,"APP,AXON,COIN,HUBS,POET,RBRK,RGTI,RIVN,SPOT,XYZ",-0.013885387066365886,-0.015694294712545805,0.059049503032388345,-0.060192915660922656,risk_off,True,10,15,60,shrinkage_max_diversification,0.75,9.638592581849108,0.14202173285098926,0.36067882546919505,2.206625334916307,0.7925601413728435,60,0.22387921643921563,0.48518692897872534,0.4321883494193115,False,ok
20,10,signal_shrinkage_max_diversification_blend_0.75,2026,2026-03-17,"CIFR,COIN,FICO,FLUT,HL,IONQ,RDW,RGTI,TEAM,W",-0.10184657887210892,-0.02254958857843178,-0.1986154392285275,0.2901212314478354,risk_off,True,10,15,60,shrinkage_max_diversification,0.75,8.901936813374693,0.15777456173062726,0.4342084589965766,2.639059041459769,0.8748609724210266,60,0.2501110779314135,0.7851828793349107,0.43077207465876033,False,ok
20,10,signal_shrinkage_max_diversification_blend_0.75,2026,2026-03-31,"ALAB,APLD,CIFR,CLSK,CRDO,HL,IREN,MU,RDW,TE",0.37999822237135983,0.07476134006191577,0.5237020628082512,0.3138909195636782,risk_off,True,10,15,60,shrinkage_max_diversification,0.75,9.472971556620415,0.12935713065901266,0.388071391977038,2.8865803513469004,0.6500030117330475,60,0.4193668223730791,0.7889053052790459,0.6814245571023508,False,ok
20,10,signal_shrinkage_max_diversification_blend_0.75,2026,2026-04-15,"APP,MOD,MP,MU,NVTS,OKLO,RDW,SMR,SMTC,TEM",0.03195656747770014,0.007164375328154752,-0.008991924615117056,0.24371460840588607,risk_off,True,10,15,60,shrinkage_max_diversification,0.75,9.735034244904357,0.1230285063300217,0.3495185442618092,2.191190627697776,0.2579698550618258,60,0.3474665914702291,0.7662350917810049,0.5423067881727832,False,ok
20,10,signal_shrinkage_max_diversification_blend_0.75,2026,2026-04-29,"FICO,IREN,LYB,MP,NET,NXT,OKLO,TE,TEAM,TEM",0.08355891771196684,0.043709481522160115,0.2388898515594062,0.35280803523214094,risk_off,True,10,15,60,shrinkage_max_diversification,0.75,9.30078633467749,0.15230583907705955,0.404034439409343,2.379872841177451,0.8278974652071994,60,0.13611619387165239,0.6859861638146025,0.37266274343007827,False,ok
20,10,signal_shrinkage_max_diversification_blend_0.75,2026,2026-05-13,"ALB,ENPH,FIX,FTAI,MP,RDDT,RGTI,TE,TER,ZTS",0.21539015250483576,0.04661327358101235,0.23534777622623007,0.04743792799830555,risk_off,True,10,15,60,shrinkage_max_diversification,0.75,9.65659260498852,0.12016092347249563,0.35623007685488517,2.043778489466577,0.5760497435124247,60,0.2394132731002674,0.524346183170343,0.39469345718818,False,ok
20,10,signal_shrinkage_max_diversification_blend_0.75,2026,2026-05-28,"ANET,FORM,FTAI,HIMS,KTOS,NET,NXPI,SHOP,TER,W",-0.006027481419840799,-0.007783458915812064,-0.22918170722935896,-0.1991334859883724,risk_off,True,10,15,60,shrinkage_max_diversification,0.75,9.428744226376356,0.14749725578733944,0.4052799849665387,2.311872849691022,0.9271369611265453,60,0.14690990075670682,0.43417427355572163,0.380350477438513,False,ok
20,10,signal_shrinkage_min_variance_blend_0.00,2021,2021-01-04,"AXTI,CVNA,EQT,NET,PLTR,QXO,SITM,STRL,THC,WDC",0.19276862341392395,0.07030973856078798,0.25833680457444064,0.22737856291916733,risk_off,True,10,15,60,shrinkage_min_variance,0.0,7.882428498960981,0.1771066929879516,0.49449909758131116,3.0,,60,0.0747370259332639,0.2750610385754208,0.27613753876218855,False,ok
20,10,signal_shrinkage_min_variance_blend_0.00,2021,2021-01-19,"CDE,CVNA,HL,MP,MRNA,NET,PLTR,SNOW,W,WDC",0.06667073071234769,-0.010274998055037218,-0.09944960954464188,0.2417731730130608,risk_off,True,10,15,60,shrinkage_min_variance,0.0,7.8213680189693715,0.18000000000000002,0.4730890631521125,2.826575152978812,-0.5410232727972597,60,0.1489595532220908,0.6808908488875026,0.3648231059817261,False,ok
20,10,signal_shrinkage_min_variance_blend_0.00,2021,2021-02-02,"CCJ,CDE,CVNA,ENPH,HL,INSM,MP,OXY,PAAS,PLTR",0.0863087047759349,0.058056854757281895,0.32937203498193474,0.17105479895492223,risk_off,True,10,15,60,shrinkage_min_variance,0.0,6.6128442298854235,0.18,0.54,2.8269739955142503,-0.566049832121508,60,0.1432281114459301,0.7794679591248602,0.3700801822340607,False,ok
20,10,signal_shrinkage_min_variance_blend_0.00,2021,2021-02-17,"BE,CDE,CELH,CLSK,ENPH,HL,INSM,NTRA,PAAS,RVMD",-0.07568546865242635,-0.017086850018389037,0.045086684235397245,0.01581838817925182,risk_off,True,10,15,60,shrinkage_min_variance,0.0,6.704226326782507,0.18,0.5243460475153137,2.8155497195206394,-0.4381215702594111,60,0.17274358280402777,0.802938299091341,0.36084588405159834,False,ok
20,10,signal_shrinkage_min_variance_blend_0.00,2021,2021-03-03,"AXTI,CDE,CELH,CLSK,HL,MSTR,MXL,ONDS,W,WULF",0.034852605331636935,0.04286819959595054,-0.023320999873354235,-0.3167486979013101,risk_off,True,10,15,60,shrinkage_min_variance,0.0,8.008891248630238,0.18,0.49762963082860684,2.891975421632833,-0.09742949957152347,60,0.13983260347892137,0.6822927219103897,0.46951437898190157,False,ok
20,10,signal_shrinkage_min_variance_blend_0.00,2021,2021-03-17,"AXTI,BE,CVNA,MSTR,MXL,ONDS,PLTR,RKLB,TWLO,W",-0.08490266258840438,-0.010537424443842812,-0.4245636738510876,-0.25777114827080255,risk_on,True,10,15,60,shrinkage_min_variance,0.0,7.043854853326783,0.18000000000000002,0.5160273099507579,2.7213397006086586,0.23042788760749244,60,0.21286320434849734,0.4443655916980294,0.4536417024062006,False,ok
20,10,signal_shrinkage_min_variance_blend_0.00,2021,2021-03-31,"AXTI,BE,CELH,ENPH,HIMS,HUT,MP,MSTR,ONDS,TSLA",0.002152121205546214,0.03583900671621776,-0.03899371576334937,-0.13678027560331857,risk_on,True,10,15,60,shrinkage_min_variance,0.0,6.985832009514453,0.18,0.54,2.9696276061237166,-0.14639654524034812,60,0.27818841881106804,0.5347619308669636,0.5846373543695425,False,ok
20,10,signal_shrinkage_min_variance_blend_0.00,2021,2021-04-15,"AXTI,BE,CELH,CLSK,ENPH,HUT,MARA,MP,MSTR,QXO",-0.00729041601844438,0.008869373278152688,-0.14977533971793963,-0.3550078438848738,risk_on,True,10,15,60,shrinkage_min_variance,0.0,6.139100924446342,0.18,0.54,2.7692620899874694,-0.2618982748630869,60,0.3344929676878847,0.7186400923036146,0.622036514097603,False,ok
20,10,signal_shrinkage_min_variance_blend_0.00,2021,2021-04-29,"BE,CELH,CLSK,ENPH,HIMS,HUT,MSTR,ONDS,QXO,RIOT",-0.19724803696012258,-0.03460121515501072,-0.304001814956624,-0.014429517717168508,risk_on,True,10,15,60,shrinkage_min_variance,0.0,6.054590830104857,0.18,0.54,2.9611509784747625,-0.33034299875281625,60,0.28437959208487307,0.6777904643034492,0.5604542209029951,False,ok
20,10,signal_shrinkage_min_variance_blend_0.00,2021,2021-05-13,"CCJ,CDE,CELH,EQT,HL,MARA,MP,RIOT,SHOP,SITM",0.16596766492312434,0.04738176771365853,0.3740547651377887,0.38543294876363476,risk_off,True,10,15,60,shrinkage_min_variance,0.0,6.659667576539427,0.18,0.54,2.9062093255727817,-0.7331193085364136,60,0.2990643164490036,0.8847462125996447,0.4228429873268822,False,ok
20,10,signal_shrinkage_min_variance_blend_0.00,2021,2021-05-27,"BE,CCJ,CLSK,DASH,HIMS,HUT,MARA,ONDS,RIOT,SITM",0.01701497832337529,0.02033109660006305,0.15765067933687468,0.221701974905471,risk_off,True,10,15,60,shrinkage_min_variance,0.0,6.2891188763692,0.18,0.54,2.8962825829420247,-0.3471563496400311,60,0.40815001799286244,0.8750250560799142,0.5446039827945464,False,ok
20,10,signal_shrinkage_min_variance_blend_0.00,2021,2021-06-11,"AFRM,ASTS,CLSK,DASH,HIMS,HUT,MARA,ONDS,POET,RIOT",0.0015784123854510118,0.0047539965984023744,-0.018855411686483012,-0.12474482022892026,risk_off,True,10,15,60,shrinkage_min_variance,0.0,6.683470717378861,0.18,0.5289798105179657,3.0,,60,0.2282158565856552,0.7454754338868148,0.48368371009442734,False,ok
20,10,signal_shrinkage_min_variance_blend_0.00,2021,2021-06-25,"AFRM,ASTS,AXTI,CLSK,HUT,MARA,MSTR,ONDS,POET,RIOT",0.03824250001065007,0.005006235888459096,-0.3303939101029276,-0.3845213329025605,risk_off,True,10,15,60,shrinkage_min_variance,0.0,6.534937353894737,0.18,0.54,2.9938484601192057,-0.3662131215733614,60,0.23656960623577036,0.7788178702447897,0.45440865401302794,False,ok
20,10,signal_shrinkage_min_variance_blend_0.00,2021,2021-07-12,"AXTI,BB,HUT,MARA,MSTR,OXY,POET,RBLX,RIOT,STRL",-0.04721628623934126,-0.004550332550037896,-0.42440856730260135,-0.24434032378922488,risk_off,True,10,15,60,shrinkage_min_variance,0.0,6.793675478293073,0.18,0.54,2.9645614786219454,-0.555612563524677,60,0.20227049818068482,0.8461623042819173,0.35359265997290157,False,ok
20,10,signal_shrinkage_min_variance_blend_0.00,2021,2021-07-26,"AA,ASTS,CCL,COIN,HUT,MARA,MSTR,NCLH,RIOT,TE",0.08599512347853827,0.016342206127531962,0.06646754373851718,-0.17801495266771503,risk_off,True,10,15,60,shrinkage_min_variance,0.0,6.209330931757799,0.18,0.54,3.0,,60,0.19602658992008593,0.7965292684172393,0.3383709732123087,False,ok
20,10,signal_shrinkage_min_variance_blend_0.00,2021,2021-08-09,"AA,AFRM,ASTS,CCL,CLSK,DOCN,HIMS,JOBY,NCLH,RIOT",-0.018283646439144135,-0.002709470172841376,-0.3698986180113055,-0.09160786047325677,risk_off,True,10,15,60,shrinkage_min_variance,0.0,7.7912658714919125,0.18000000000000002,0.4999993633729912,2.985205128058788,-0.36259111418413614,60,0.09813968490533871,0.46661282146373884,0.2930226970155729,False,ok
20,10,signal_shrinkage_min_variance_blend_0.00,2021,2021-08-23,"AA,AFRM,ASTS,CLSK,DOCN,HIMS,JOBY,ONDS,RIOT,TE",0.13221072326505648,0.022358568293754644,0.2455596133686562,0.14392889544554638,risk_off,True,10,15,60,shrinkage_min_variance,0.0,9.211563099324076,0.12932286610482438,0.37622954313559076,2.979116710708999,-0.2900354311662927,60,0.045087783270591555,0.24372629630090215,0.30360058744934854,False,ok
20,10,signal_shrinkage_min_variance_blend_0.00,2021,2021-09-07,"APP,ASTS,CIFR,CLSK,HIMS,JOBY,ONDS,RIOT,SOFI,TE",-0.01797798301066638,-0.03279268938912169,-0.028896012938420687,0.05346622045751869,risk_off,True,10,15,60,shrinkage_min_variance,0.0,8.541080599560773,0.18,0.450494589310552,2.9956614216474233,0.216723564549334,60,0.03771090728268124,0.31138464093280865,0.26284010711757816,False,ok
20,10,signal_shrinkage_min_variance_blend_0.00,2021,2021-09-21,"APP,ASTS,AXTI,CIFR,CLSK,HUT,MARA,ONDS,RDW,WULF",-0.027849099506292916,0.008895212668288804,0.16470690600024102,0.19162832880431827,risk_off,True,10,15,60,shrinkage_min_variance,0.0,7.011509631472446,0.18,0.54,2.9985897016549767,0.4696471797599384,60,0.12011120875915632,0.47297492867813923,0.30610580551670497,False,ok
20,10,signal_shrinkage_min_variance_blend_0.00,2021,2021-10-05,"APP,ASTS,AXTI,CIFR,CLSK,IONQ,MARA,ONDS,POET,RKLB",0.08731437718086317,0.044197449144180785,0.06836395559596606,0.16894520457524875,risk_off,True,10,15,60,shrinkage_min_variance,0.0,7.997368011808894,0.16298333104170856,0.46262930018962267,3.0,,60,0.06831723132210603,0.38059533030608406,0.28793791936417634,False,ok
20,10,signal_shrinkage_min_variance_blend_0.00,2021,2021-10-19,"AA,BB,BE,CIFR,IONQ,JOBY,ONDS,POET,RDW,RIOT",0.12003564953235951,0.0274391614111111,0.158929877660065,0.21699465291040262,risk_off,True,10,15,60,shrinkage_min_variance,0.0,9.581044373522491,0.12660166372435844,0.3567282391825508,3.0,,60,0.045625418602201026,0.1645422970227506,0.2844652473151707,False,ok
20,10,signal_shrinkage_min_variance_blend_0.00,2021,2021-11-02,"AA,BB,CIFR,HIMS,JOBY,ONDS,PINS,RDW,RIOT,RKLB",0.03537185459342554,0.026244664085104744,0.09809047628619331,-0.1579223133021045,risk_off,True,10,15,60,shrinkage_min_variance,0.0,8.621998309605463,0.17359148382930026,0.4317359913411326,2.9782082783996877,0.2750528102762391,60,0.06769560287415383,0.21474422465427465,0.3302615435000353,False,ok
20,10,signal_shrinkage_min_variance_blend_0.00,2021,2021-11-16,"AA,AFRM,CELH,CIFR,CLSK,HIMS,MARA,QXO,RDW,SITM",-0.16706746570764766,-0.07477096313389131,-0.3412867976119783,-0.41863314033748666,risk_off,True,10,15,60,shrinkage_min_variance,0.0,7.494684617154112,0.18,0.5002725427648873,2.8961391329268578,-0.23306778527055635,60,0.08515944256161626,0.3621961026566234,0.34615551093206776,False,ok
20,10,signal_shrinkage_min_variance_blend_0.00,2021,2021-12-01,"AAOI,AFRM,APP,DOCN,MARA,MRNA,QXO,RIOT,SITM,TOST",-0.04142260249286554,0.03206265906009462,-0.23531345890986713,-0.1961572969739614,risk_off,True,10,15,60,shrinkage_min_variance,0.0,7.364167175691966,0.17562652196234135,0.48510452653541364,2.972747213835797,-0.35027829197323945,60,0.1606748048446234,0.5676273604514948,0.40226017692349386,False,ok
20,10,signal_shrinkage_min_variance_blend_0.00,2021,2021-12-15,"AFRM,MDB,MRNA,QXO,ROKU,SITM,SNOW,TE,WULF,ZS",-0.012299932482462415,0.02303781766939532,0.00578960142864443,-0.10045668547478893,risk_off,True,10,15,60,shrinkage_min_variance,0.0,7.42262205221217,0.18,0.4974246764756319,2.989615160397678,-0.020829153811197307,60,0.22618058221466872,0.510913302468157,0.3993340620768959,False,ok
20,10,signal_shrinkage_min_variance_blend_0.00,2021,2021-12-30,"AFRM,CVNA,DOCN,IONQ,MDB,MRNA,ROKU,SITM,TE,WULF",-0.2086184147415729,-0.024185950728445975,-0.26275570849771385,-0.4713169939112061,risk_off,True,10,15,60,shrinkage_min_variance,0.0,6.829708140163174,0.18,0.5063235870091978,2.7355192848394836,-0.30998730134368835,60,0.20449677404919298,0.5380907105491125,0.40235083096483826,False,ok
20,10,signal_shrinkage_min_variance_blend_0.00,2022,2022-01-03,"AFRM,DKNG,DOCN,HOOD,HUT,IONQ,PL,ROKU,TOST,WULF",-0.19745789157875057,-0.04732579047660334,-0.4712230195216537,-0.4691354964722685,risk_off,True,10,15,60,shrinkage_min_variance,0.0,7.229265579748884,0.18,0.54,2.9683560125233543,0.3014774445275094,60,0.26611798654596164,0.5413547462879342,0.4731692181991831,False,ok
20,10,signal_shrinkage_min_variance_blend_0.00,2022,2022-01-18,"DKNG,HOOD,ILMN,MP,ONTO,PL,QXO,RDW,TSLA,WULF",-0.06489875806952344,-0.012526326423444268,-0.014744448602641942,-0.01149307171354791,risk_off,True,10,15,60,shrinkage_min_variance,0.0,7.31269933285672,0.18,0.5058887655090585,2.901327997899409,0.04162982961489343,60,0.20025912834102672,0.5011204687515542,0.37432879902228505,False,ok
20,10,signal_shrinkage_min_variance_blend_0.00,2022,2022-02-01,"CLSK,DKNG,HOOD,HUT,MARA,NET,ONTO,PL,SOFI,WULF",0.009334064544837612,0.00884588395541027,0.08412063803613701,-0.12800636597648254,risk_off,True,10,15,60,shrinkage_min_variance,0.0,6.51028830949484,0.18,0.54,2.6707388116164443,-0.6975855837220908,60,0.4142372924305049,0.7262488875309062,0.5598330576899372,False,ok
20,10,signal_shrinkage_min_variance_blend_0.00,2022,2022-02-15,"AFRM,CIFR,CVNA,MARA,MRNA,NVTS,RBLX,RIOT,RIVN,SOFI",-0.09645425047960211,-0.016314403635332674,-0.19887043177727395,-0.31512389706296234,risk_off,True,10,15,60,shrinkage_min_variance,0.0,5.970007842885828,0.18,0.54,2.7014025260661025,0.39476590656447863,60,0.43495317638334613,0.8854105957001239,0.5781379666842771,False,ok
20,10,signal_shrinkage_min_variance_blend_0.00,2022,2022-03-02,"AFRM,CIFR,DOCN,JOBY,MARA,MRNA,ONDS,RIOT,VRT,XYZ",0.01373668882013077,-0.015645288184106435,-0.2908678587508675,-0.10842585592810418,risk_off,True,10,15,60,shrinkage_min_variance,0.0,6.454646562030066,0.18,0.525111245810848,2.6498289075528074,0.12005618373768137,60,0.4890712410920902,0.8857791764540887,0.6257424791328611,False,ok
20,10,signal_shrinkage_min_variance_blend_0.00,2022,2022-03-16,"AFRM,CVNA,DASH,HIMS,NTRA,ONDS,RBLX,VRT,WULF,XYZ",0.20221683902317317,0.060508788043382895,0.20484329211969354,-0.21448843669010192,risk_off,True,10,15,60,shrinkage_min_variance,0.0,6.558235356743495,0.18000000000000002,0.54,2.4094259320317573,0.18360502094777864,60,0.3383987654375084,0.640842123300419,0.5964837231608335,False,ok
20,10,signal_shrinkage_min_variance_blend_0.00,2022,2022-03-30,"AFRM,GH,NTRA,NU,QXO,RBLX,RIVN,SHOP,VRT,WULF",-0.06224320503820695,-0.0332926426922929,-0.46720179811280554,-0.5347647652108458,risk_off,True,10,15,60,shrinkage_min_variance,0.0,6.584568173386265,0.18,0.54,2.528462140731885,0.3079880055167794,60,0.31365790256038795,0.6213036153200157,0.6107045432416413,False,ok
20,10,signal_shrinkage_min_variance_blend_0.00,2022,2022-04-13,"AFRM,CELH,HOOD,JOBY,NTRA,RBLX,RGTI,RIVN,W,XYZ",-0.083529183981738,-0.0478878133167235,-0.33603280208110414,-0.42724119599241234,risk_off,True,10,15,60,shrinkage_min_variance,0.0,5.843004919932196,0.18,0.54,3.0,,60,0.4481007019409484,0.6413282822604626,0.6292131252221175,False,ok
20,10,signal_shrinkage_min_variance_blend_0.00,2022,2022-04-28,"CELH,META,NTRA,PINS,PL,RGTI,SMCI,TOST,VRT,WULF",-0.06206167333415928,-0.09980559397127838,-0.3447208967320751,-0.15769049323314088,risk_off,True,10,15,60,shrinkage_min_variance,0.0,7.807041859529675,0.18,0.47594653169187057,2.8582580166133256,-0.4583675732879449,60,0.2045801448237438,0.41035051442968473,0.4718489510348404,False,ok
20,10,signal_shrinkage_min_variance_blend_0.00,2022,2022-05-12,"AFRM,CIFR,COIN,CVNA,GH,MSTR,MXL,RIVN,W,WULF",0.14187755387222767,0.05902800107903099,0.19055071364452306,0.13949057783080895,risk_off,True,10,15,60,shrinkage_min_variance,0.0,6.579068023556696,0.18,0.54,2.9902564932397446,-0.3698100431571778,60,0.4532737172272045,0.7460217255023567,0.7318516648660319,False,ok
20,10,signal_shrinkage_min_variance_blend_0.00,2022,2022-05-26,"COIN,CVNA,GH,IREN,MARA,MSTR,NET,NU,W,WULF",-0.1094088261207844,-0.041607881638335883,-0.09560641261414625,-0.026601585465700562,risk_off,True,10,15,60,shrinkage_min_variance,0.0,6.502839493646806,0.18,0.54,2.9113794563463182,-0.36582251621815826,60,0.5180673318105442,0.7955163573043685,0.8705302368301422,False,ok
20,10,signal_shrinkage_min_variance_blend_0.00,2022,2022-06-10,"AFRM,CIFR,COIN,CVNA,GH,IONQ,MSTR,NU,RDW,W",0.015758378000952252,-0.013037267403061612,0.11919430468292827,-0.0147567003344231,risk_off,True,10,15,60,shrinkage_min_variance,0.0,5.908019493506262,0.18,0.54,2.959882182053473,-0.09937186910965447,60,0.5077407487526576,0.7711375284211626,0.7848783474377092,False,ok
20,10,signal_shrinkage_min_variance_blend_0.00,2022,2022-06-27,"APLD,CIFR,COIN,CVNA,IONQ,MSTR,NET,NU,W,WULF",-0.03384717354056423,-0.03070552472011658,-0.337930515036907,-0.0456958192211353,risk_off,True,10,15,60,shrinkage_min_variance,0.0,6.44741866449942,0.17999999999999997,0.5341345421052489,2.728060112121958,-0.04845147425611883,60,0.4178506213404108,0.7306448722703632,0.8223244557080273,False,ok
20,10,signal_shrinkage_min_variance_blend_0.00,2022,2022-07-12,"APLD,CIFR,COIN,CVNA,MARA,MSTR,NET,RIOT,W,WULF",0.17580385002281212,0.04120739560216693,0.20337724948127148,0.40601361039947587,risk_off,True,10,15,60,shrinkage_min_variance,0.0,6.553745273417127,0.18000000000000002,0.54,2.7487023051663857,0.07615030102371069,60,0.4754911321054455,0.779918848089936,0.9034154999830735,False,ok
20,10,signal_shrinkage_min_variance_blend_0.00,2022,2022-07-26,"APLD,CIFR,COIN,DKNG,HUT,IREN,NET,NVTS,RGTI,WULF",0.28552603277351757,0.08020265716848522,0.3756538302510819,0.2795361216100723,risk_off,True,10,15,60,shrinkage_min_variance,0.0,7.063383392885837,0.18,0.5093392203118489,2.8092336718527813,0.042482461770786045,60,0.3178412848761683,0.5614010772054024,0.7990197367165228,False,ok
20,10,signal_shrinkage_min_variance_blend_0.00,2022,2022-08-09,"APLD,CLSK,CVNA,NU,NVTS,RGTI,SHOP,TWLO,W,WULF",-0.0070322020891501556,0.0021356335640147295,-0.20865881796799143,-0.2553386074691479,risk_off,True,10,15,60,shrinkage_min_variance,0.0,6.948870288080559,0.18,0.524005961300078,2.9806067442461335,-0.23056140966492386,60,0.31641140796231204,0.4785530699147394,0.7297577827697688,False,ok
20,10,signal_shrinkage_min_variance_blend_0.00,2022,2022-08-23,"CRDO,DOCN,GH,HOOD,NU,POET,RCL,RGTI,RVMD,WULF",-0.06678334115856743,-0.03597974242968704,-0.23881165493276874,-0.18149391958730973,risk_off,True,10,15,60,shrinkage_min_variance,0.0,6.5422592778518105,0.18,0.5399999999999998,2.9919695120703653,0.33888029053578067,60,0.30622119583125823,0.5720885093272917,0.48079639720005646,False,ok
20,10,signal_shrinkage_min_variance_blend_0.00,2022,2022-09-07,"CDE,CELH,ILMN,NU,OKTA,POET,QXO,RGTI,RKLB,SNOW",-0.06821552996250663,-0.0414146579002377,-0.03092124010464681,0.05783726123250052,risk_off,True,10,15,60,shrinkage_min_variance,0.0,6.892297201317553,0.18,0.54,2.7203649651089687,-0.03245686863009881,60,0.20265286907885133,0.4708866120147633,0.3811317961867174,False,ok
20,10,signal_shrinkage_min_variance_blend_0.00,2022,2022-09-21,"CDE,HUT,NVTS,OKTA,QBTS,RGTI,RIOT,ROKU,SNOW,ZS",0.08675141530011524,0.007105101569703827,0.09643331657764549,-0.19346577844689347,risk_off,True,10,15,60,shrinkage_min_variance,0.0,6.255879805633818,0.18,0.54,2.932487161860106,-0.19349614227754647,60,0.3124803297552911,0.7859403039184419,0.5181129256762843,False,ok
20,10,signal_shrinkage_min_variance_blend_0.00,2022,2022-10-05,"AFRM,CIFR,CVNA,HUT,IREN,PATH,RGTI,RIOT,SITM,VRT",-0.14082935419010054,-0.0415359531202562,-0.2356242483006325,-0.20445381349972866,risk_off,True,10,15,60,shrinkage_min_variance,0.0,6.192200480101766,0.18,0.54,2.957197500565566,0.12244037765059829,60,0.433627753827988,0.7869453248620395,0.6236807080843677,False,ok
20,10,signal_shrinkage_min_variance_blend_0.00,2022,2022-10-19,"AA,AFRM,ASTS,CLSK,CVNA,IREN,RGTI,SITM,W,XYZ",0.0012065033303280373,0.041191466115838,-0.1241322625503775,0.046967103714000695,risk_off,True,10,15,60,shrinkage_min_variance,0.0,6.401918744305985,0.18,0.54,2.640291778768496,-0.6980716438545959,60,0.3889642069888709,0.7286401011993894,0.5844192496116389,False,ok
20,10,signal_shrinkage_min_variance_blend_0.00,2022,2022-11-02,"AFRM,ASTS,CIFR,CLSK,HUT,JOBY,QBTS,RBLX,RGTI,W",-0.061963457424816015,0.05598351068559991,0.18637022581723742,0.07180570649627308,risk_off,True,10,15,60,shrinkage_min_variance,0.0,6.6101138393943755,0.18,0.54,2.7159310462445347,0.013770160355389978,60,0.3015110564250076,0.6606436182339888,0.5360564430959126,False,ok
20,10,signal_shrinkage_min_variance_blend_0.00,2022,2022-11-16,"ASTS,CIFR,CVNA,DKNG,GH,IREN,NET,QBTS,RGTI,W",-0.0342117173161348,0.02635086460682262,-0.16218503599143402,-0.3051742595480884,risk_off,True,10,15,60,shrinkage_min_variance,0.0,6.562824020197994,0.18,0.54,2.343197938487128,-0.24479367721326958,60,0.2847161879422699,0.6555628044380156,0.6206054298787598,False,ok
20,10,signal_shrinkage_min_variance_blend_0.00,2022,2022-12-01,"AFRM,CVNA,DKNG,GH,IREN,MKSI,NET,RGTI,TWLO,WULF",-0.12364246106067768,-0.052744197182541384,-0.3301862377033458,-0.40893053709249666,risk_off,True,10,15,60,shrinkage_min_variance,0.0,5.860907403570076,0.18,0.54,2.3784689573793636,-0.1166767324033774,60,0.4427802337642024,0.6981522471761653,0.6775701733106915,False,ok
20,10,signal_shrinkage_min_variance_blend_0.00,2022,2022-12-15,"CLSK,COIN,CVNA,MARA,MSTR,NET,RBLX,RIOT,W,WULF",-0.09439237671892857,-0.01653131181393959,-0.22453391011382817,0.3427091273277429,risk_off,True,10,15,60,shrinkage_min_variance,0.0,6.472376808223723,0.18,0.54,2.7655787805862344,-0.5382661467000135,60,0.48513763139751076,0.7256218757358606,0.7738383121616665,False,ok
20,10,signal_shrinkage_min_variance_blend_0.00,2022,2022-12-30,"APLD,ASTS,CLSK,COIN,CVNA,IREN,MRNA,QBTS,RBLX,WULF",0.19661492326298066,0.08835391248637042,0.44948542561980515,0.4761072683525764,risk_off,True,10,15,60,shrinkage_min_variance,0.0,6.3399976417320145,0.18,0.54,2.99768000578667,-0.3115978345689487,60,0.27025262587396354,0.5646538822693876,0.5456037117438166,False,ok
20,10,signal_shrinkage_min_variance_blend_0.00,2023,2023-01-03,"APLD,ASTS,CLSK,CVNA,IREN,MDB,QBTS,RBLX,RDW,WULF",0.15360677968820866,0.07331068777750739,0.49920351207926655,0.5623883157183059,risk_off,True,10,15,60,shrinkage_min_variance,0.0,6.299926620855191,0.18,0.54,1.8306297213315472,-0.7862980922220785,60,0.2625060697542182,0.5506137056567337,0.5370162870990149,False,ok
20,10,signal_shrinkage_min_variance_blend_0.00,2023,2023-01-18,"ASTS,CIFR,CLSK,CVNA,GH,IONQ,MARA,POET,RDW,RGTI",0.02525451862886423,0.0618947278572444,0.3463795251490087,0.30199755191069005,risk_off,True,10,15,60,shrinkage_min_variance,0.0,6.85310369548847,0.18,0.54,1.8924847251512498,-0.5943382202959517,60,0.2392483056289111,0.5052489046617089,0.5896426747251476,False,ok
20,10,signal_shrinkage_min_variance_blend_0.00,2023,2023-02-01,"CIFR,CVNA,MARA,POET,RDW,RGTI,RIVN,RVMD,TE,WULF",0.12519259074246006,0.009998888807399738,0.061508992038724154,-0.04288728770269207,risk_off,True,10,15,60,shrinkage_min_variance,0.0,5.9635339804518885,0.18,0.54,1.7826138629436648,-0.48693911859628713,60,0.2319544724668783,0.38744544205998577,0.5277777466003356,False,ok
20,10,signal_shrinkage_min_variance_blend_0.00,2023,2023-02-15,"CIFR,CVNA,HUT,IREN,MARA,POET,QBTS,RDW,RIOT,RIVN",-0.10642238616481683,-0.03858304425592113,-0.19331705532879495,-0.08155544278282617,risk_off,True,10,15,60,shrinkage_min_variance,0.0,6.269831480887839,0.18,0.54,2.025326317752091,0.11732724656335872,60,0.21969569188578708,0.6103049527349248,0.6359479016534468,False,ok
20,10,signal_shrinkage_min_variance_blend_0.00,2023,2023-03-02,"CIFR,CRDO,GH,IONQ,PLTR,QBTS,RBLX,RDW,RIOT,TE",-0.09000143057660366,-0.03534272688975863,0.10017835242015946,0.06342143910190988,risk_off,True,10,15,60,shrinkage_min_variance,0.0,7.886690905704205,0.18,0.46080173269776953,1.4077951649722944,-0.19291339383775277,60,0.13242281034997536,0.40358527629380325,0.4197491472161269,False,ok
20,10,signal_shrinkage_min_variance_blend_0.00,2023,2023-03-16,"CIFR,HUT,JOBY,MSTR,POET,RIOT,RVMD,SHOP,TE,WULF",0.09636600160087234,0.025709445504174623,0.031626451323754703,-0.09250641833847731,risk_off,True,10,15,60,shrinkage_min_variance,0.0,5.990141404819094,0.18,0.54,1.5942662524543865,-0.10081777526407995,60,0.253656429969754,0.7089674987071145,0.4642825704382267,False,ok
20,10,signal_shrinkage_min_variance_blend_0.00,2023,2023-03-30,"CIFR,CLSK,COIN,CVNA,HUT,LUNR,MSTR,QBTS,W,WULF",0.25176783880533776,0.01965481257348085,-0.10015117746264221,-0.11102021538690189,risk_off,False,10,15,60,shrinkage_min_variance,0.0,9.20895927722774,0.14040572743334645,0.39417681967935336,1.8470431514212216,-0.38447689831719484,60,0.0505903886074586,0.15449090916868136,0.7920070910779133,False,ok
20,10,signal_shrinkage_min_variance_blend_0.00,2023,2023-04-14,"AFRM,CIFR,COIN,CRDO,CVNA,HUT,MSTR,QBTS,RGTI,W",-0.07084084137936522,-0.007655776890147749,-0.17856697464513893,-0.1848345331965353,risk_off,False,10,15,60,shrinkage_min_variance,0.0,7.163083033626658,0.18,0.5064576496727826,1.8954440976605476,-0.09014271027845401,60,0.2635446097942306,0.6325933652247409,0.6278079466698275,False,ok
20,10,signal_shrinkage_min_variance_blend_0.00,2023,2023-04-28,"AAOI,CIFR,CLSK,HUT,IREN,LUNR,MARA,MSTR,ONDS,QBTS",-0.06258682811524623,-0.006691428722313886,-0.13270216352850256,0.22638380505855432,risk_off,False,10,15,60,shrinkage_min_variance,0.0,8.734306697911073,0.1488963915205678,0.4365070326938125,2.2474537008017474,0.35430185448249873,60,0.05968463636388265,0.18458970980723527,0.7755047271267251,False,ok
20,10,signal_shrinkage_min_variance_blend_0.00,2023,2023-05-12,"AFRM,ASTS,CLSK,LUNR,NVTS,ONDS,PLTR,QBTS,RGTI,ZS",0.5328799219971774,0.037709752660554326,0.41251000056994425,0.4423233674214998,risk_off,False,10,15,60,shrinkage_min_variance,0.0,9.371903822274763,0.12453868101473639,0.3707170923674954,1.8976083727776838,-0.7059515302365753,60,0.02332471238016067,0.09686193492853426,0.6370018530390882,False,ok
20,10,signal_shrinkage_min_variance_blend_0.00,2023,2023-05-26,"AFRM,APLD,ASTS,CLSK,COIN,CVNA,LUNR,QBTS,RGTI,SITM",0.1734525077040736,0.047973765081764666,0.24051440121801052,0.15095455638253322,risk_off,False,10,15,60,shrinkage_min_variance,0.0,8.474348273873387,0.16233414190617818,0.4321331880484773,2.0302914717856537,-0.6318012943378535,60,0.06089277541214988,0.43673411193871414,0.5384735092438234,False,ok
20,10,signal_shrinkage_min_variance_blend_0.00,2023,2023-06-12,"AFRM,APLD,CIFR,CVNA,IONQ,IREN,MARA,NVTS,QBTS,RGTI",0.049849924681351854,0.016389376175423555,-0.05001332340121453,0.15371253893435813,risk_off,False,10,15,60,shrinkage_min_variance,0.0,7.7176728159052095,0.18,0.4933365665780683,1.897295617912538,-0.8850061647337463,60,0.12940578563916805,0.5155288021853582,0.6591972236833532,False,ok
20,10,signal_shrinkage_min_variance_blend_0.00,2023,2023-06-27,"AFRM,CIFR,CVNA,IONQ,LUNR,ONDS,POET,QBTS,RGTI,RIOT",0.23412437291707844,0.05047730194989893,0.25149859546156267,0.15885660937833787,risk_off,False,10,15,60,shrinkage_min_variance,0.0,7.231338226499157,0.18000000000000002,0.49330949992156803,1.7828344868752966,-0.8898519985269155,60,0.09379716021562863,0.5821043449946719,0.5126304265634277,False,ok
20,10,signal_shrinkage_min_variance_blend_0.00,2023,2023-07-12,"CIFR,COHR,IONQ,IREN,JOBY,MARA,ONDS,RIOT,TE,WULF",-0.01901508736051234,0.01728299628939763,-0.02400074506357217,-0.14236225175453568,risk_off,True,10,15,60,shrinkage_min_variance,0.0,7.664014798707154,0.18000000000000002,0.48651240512526306,1.8843914325581226,0.31874075358667187,60,0.1865489675310849,0.6525494890709131,0.4616798492409351,False,ok
20,10,signal_shrinkage_min_variance_blend_0.00,2023,2023-07-26,"HUT,IONQ,IREN,LUNR,MARA,ONDS,RGTI,RIOT,TE,TOST",-0.061785973336885604,-0.020526187755062614,-0.17165806086902508,-0.13736404910006145,risk_off,True,10,15,60,shrinkage_min_variance,0.0,6.824223363372155,0.17999999999999997,0.5399999999999999,1.9071377004897034,-0.34056345367651925,60,0.14756836034224594,0.6583277516024516,0.41280312498738786,False,ok
20,10,signal_shrinkage_min_variance_blend_0.00,2023,2023-08-09,"AAOI,AFRM,ANET,LUNR,MARA,NTRA,QBTS,SOFI,TEAM,TOST",-0.09936604840148393,-0.020556467055393168,0.04099235462785732,0.019903131213246734,risk_off,True,10,15,60,shrinkage_min_variance,0.0,7.786858553042484,0.1608891291220786,0.4603339959257741,1.7843011605561765,-0.8201594677869494,60,0.05270675784483794,0.19953024098345698,0.3858110466784313,False,ok
20,10,signal_shrinkage_min_variance_blend_0.00,2023,2023-08-23,"AAOI,ASTS,COHR,DDOG,IONQ,MXL,QBTS,ROKU,SMCI,SOFI",-0.0034537394394169967,0.004657187046902513,-0.08750497918619728,-0.2085841174006419,risk_off,True,10,15,60,shrinkage_min_variance,0.0,6.930861775876185,0.18,0.5335487213088843,2.0232092504148618,0.004105296166326501,60,0.10345312698900068,0.3183762955764878,0.3858761736178124,False,ok
20,10,signal_shrinkage_min_variance_blend_0.00,2023,2023-09-07,"APP,BB,CLSK,COIN,FN,IONQ,IREN,MARA,RBLX,RGTI",-0.06419093757367157,-0.037847347405173544,-0.2056052377863402,-0.1353845446976586,risk_off,True,10,15,60,shrinkage_min_variance,0.0,6.595199868001066,0.18,0.54,1.6688584231796137,-0.5713997235701234,60,0.1950723506636702,0.668300084373585,0.40761479830062636,False,ok
20,10,signal_shrinkage_min_variance_blend_0.00,2023,2023-09-21,"BB,CLSK,COIN,IREN,LUNR,MARA,QBTS,RBLX,RIOT,WULF",-0.04911491819405105,-0.027284402888313138,0.033512440774589716,-0.19197461495359555,risk_off,True,10,15,60,shrinkage_min_variance,0.0,6.610403159296708,0.18,0.54,2.1162415885699977,-0.3904927297148607,60,0.2941834360207409,0.6894059180927828,0.4828531033555923,False,ok
20,10,signal_shrinkage_min_variance_blend_0.00,2023,2023-10-05,"APLD,CDE,CIFR,COHR,IONQ,QBTS,RDW,RIOT,RIVN,WBD",0.031162913331713518,-0.0001932257964155303,-0.13389908678524012,-0.00732549725203801,risk_off,True,10,15,60,shrinkage_min_variance,0.0,7.408609564691548,0.18,0.500027717699993,1.9466550952679431,-0.2975009849312377,60,0.14362601923455953,0.5458912609880894,0.37499667060886943,False,ok
20,10,signal_shrinkage_min_variance_blend_0.00,2023,2023-10-19,"AAOI,APLD,CIFR,GH,IONQ,ONDS,RGTI,RIOT,RIVN,SMR",0.058830787474949776,0.011969665494119153,0.09118185766744684,0.1486167369601354,risk_off,True,10,15,60,shrinkage_min_variance,0.0,8.081442895323486,0.18,0.48289593301078054,2.2400765184026694,0.060707030209884,60,0.11020598636175759,0.3617864914403867,0.42794128594180286,False,ok
20,10,signal_shrinkage_min_variance_blend_0.00,2023,2023-11-02,"AAOI,APLD,BE,IREN,ONDS,POET,QBTS,RGTI,RVMD,WULF",0.04511755531383725,0.040303531717569105,0.18727698902832432,0.28099480081307104,risk_off,True,10,15,60,shrinkage_min_variance,0.0,8.756134314778578,0.18000000000000002,0.4470268627672387,2.3054617433753775,0.22718737824637894,60,0.09163319596110905,0.3696405196245581,0.40350351629741993,False,ok
20,10,signal_shrinkage_min_variance_blend_0.00,2023,2023-11-16,"BE,CVNA,IREN,ONDS,POET,QBTS,SMR,TE,WBD,WULF",0.1842479147313899,0.05841448131801323,0.2790382522483337,0.3325856613832645,neutral,True,10,15,60,shrinkage_min_variance,0.0,7.78077662575184,0.18000000000000002,0.5181062331073896,1.83447506867281,0.11245225532133143,60,0.11325855743947905,0.44251558733333374,0.4010443909821941,False,ok
20,10,signal_shrinkage_min_variance_blend_0.00,2023,2023-12-01,"APLD,CVNA,HOOD,IONQ,ONDS,POET,RGTI,TE,WBD,WULF",0.1159141652081028,0.04893122978168562,0.24459189417472,0.16298364362653178,neutral,True,10,15,60,shrinkage_min_variance,0.0,7.988443538941054,0.18,0.4882363263079075,1.8164286865191746,0.10871985337408231,60,0.14700744915135786,0.3183830119209865,0.4458068596282784,False,ok
20,10,signal_shrinkage_min_variance_blend_0.00,2023,2023-12-15,"APLD,CI,CIFR,HUT,ONDS,POET,QXO,RGTI,SMR,TE",0.20574510784251218,0.01182031890669316,0.0017931535983555995,-0.24024264906040457,neutral,True,10,15,60,shrinkage_min_variance,0.0,9.999999999999998,0.10000000034161398,0.3000000007449462,2.057203556999287,-0.45548669739622566,60,0.0,0.0,0.6076719932352156,False,ok
20,10,signal_shrinkage_min_variance_blend_0.00,2024,2024-01-02,"AXTI,CAVA,CDE,HUT,MP,RIVN,RKLB,SMR,TE,W",-0.08158263114948348,-0.029399467692898557,-0.27657622114129243,-0.26694202367876424,neutral,True,10,15,60,shrinkage_min_variance,0.0,6.419450511425096,0.18,0.54,2.3236968104116675,-0.5491610708152315,60,0.24415520439157,0.5419600744123966,0.4093446543886384,False,ok
20,10,signal_shrinkage_min_variance_blend_0.00,2024,2024-01-17,"AFRM,CPNG,HUT,LUNR,MRNA,PL,POET,RGTI,RKLB,ROKU",0.08141678613704505,0.025098665846337097,-0.023918397205350005,0.047564892587387976,neutral,True,10,15,60,shrinkage_min_variance,0.0,7.695114072899447,0.18,0.5028437342968162,2.1018690427886746,-0.4424149186780914,60,0.12984006493297567,0.398609357818053,0.3773446556715527,False,ok
20,10,signal_shrinkage_min_variance_blend_0.00,2024,2024-01-31,"AAL,BB,CDE,CPNG,CVNA,KTOS,QBTS,RGTI,SMR,W",0.06970265479012484,0.047024587430952364,-0.0037165930315859155,-0.023169994672877003,risk_off,True,10,15,60,shrinkage_min_variance,0.0,6.245090557084369,0.17999999999999997,0.5399999999999999,1.7944478805796376,-0.49879447119206405,60,0.25750558092916426,0.6072912775819626,0.31726941566875383,False,ok
20,10,signal_shrinkage_min_variance_blend_0.00,2024,2024-02-14,"AAOI,AFRM,CDE,HUT,KTOS,NVTS,RKLB,SMR,SOFI,TE",-0.05072398808223714,0.026216282681938867,-0.1375331289778919,-0.12172484583961996,risk_off,True,10,15,60,shrinkage_min_variance,0.0,6.470103695584459,0.18,0.54,2.4259862447017007,-0.6224008288344635,60,0.3616943310309399,0.5646145700967498,0.4908207477495758,False,ok
20,10,signal_shrinkage_min_variance_blend_0.00,2024,2024-02-29,"ASTS,CIFR,FN,HUT,KTOS,NCLH,NVTS,QXO,RKLB,TE",-0.07274616174861259,0.014302197799501867,-0.09241614337030724,-0.007798676639039613,risk_off,True,10,15,60,shrinkage_min_variance,0.0,9.858958027195476,0.1094008210924482,0.3242258342167474,2.4644291463437025,-0.0062244706105713445,60,0.005568048251601605,0.030294131969565364,0.5927837468122578,False,ok
20,10,signal_shrinkage_min_variance_blend_0.00,2024,2024-03-14,"ALB,APLD,CIEN,ECHO,MRNA,MRVL,NCLH,QBTS,RKLB,XYZ",0.034232314076314954,0.03815025314373856,-0.010103536816242382,0.004668902388569473,risk_off,True,10,15,60,shrinkage_min_variance,0.0,7.929426797323584,0.18,0.48229861954282927,1.9628122376010264,-0.05100907207795967,60,0.09477842707158325,0.238907734049684,0.2958629055828081,False,ok
20,10,signal_shrinkage_min_variance_blend_0.00,2024,2024-03-28,"AFRM,ALB,APLD,ECHO,GH,IONQ,MRVL,POET,RIVN,TE",-0.11297450067643268,-0.038564892989002675,-0.11064384266384641,-0.14824787518431662,risk_off,True,10,15,60,shrinkage_min_variance,0.0,7.955438161239971,0.18,0.468144588879767,2.5854159639946843,-0.2831037284052731,60,0.14547546416961266,0.4258964981859682,0.3509001190578285,False,ok
20,10,signal_shrinkage_min_variance_blend_0.00,2024,2024-04-12,"BB,CORZ,ECHO,GH,IREN,OKLO,ONDS,RDW,RIOT,TE",0.0015375434099839898,0.008539351806518816,-0.06440492482324062,-0.020633465281626028,risk_off,True,10,15,60,shrinkage_min_variance,0.0,6.585879716989995,0.18,0.5234423510031729,2.359200871194286,-0.4257881870319575,60,0.17343458902691902,0.6765073053110991,0.3282030868448666,False,ok
20,10,signal_shrinkage_min_variance_blend_0.00,2024,2024-04-26,"CLSK,COIN,GH,IONQ,IREN,MARA,OKLO,QXO,RIOT,TE",-0.005187364469786146,0.024649188213206327,-0.0184294776680529,0.12153976962269519,risk_off,True,10,15,60,shrinkage_min_variance,0.0,5.861078728057456,0.18,0.54,2.156695429293564,-0.5441173072516141,60,0.331829335832577,0.7896162921859956,0.4340236348220273,False,ok
20,10,signal_shrinkage_min_variance_blend_0.00,2024,2024-05-10,"APLD,AXTI,CLSK,CORZ,IONQ,IREN,MARA,QXO,RGTI,RIOT",0.18415670868339987,0.018619526091145814,0.17210773009960467,0.10747218872665806,risk_off,True,10,15,60,shrinkage_min_variance,0.0,6.599279015828597,0.18,0.54,2.4321842424558584,-0.44138030163517106,60,0.24795766377706613,0.594877332321676,0.5215792969206539,False,ok
20,10,signal_shrinkage_min_variance_blend_0.00,2024,2024-05-24,"AAOI,AXTI,CLSK,COIN,HUT,MARA,RIVN,SMCI,TSLA,W",-0.031914895350719695,0.003169644776044434,-0.04790418058976404,-0.09002652146945017,risk_off,True,10,15,60,shrinkage_min_variance,0.0,6.443059636407436,0.18,0.54,2.3982184349676547,0.37707031353193543,60,0.23038547990018862,0.6696796751858856,0.40083948730262714,False,ok
20,10,signal_shrinkage_min_variance_blend_0.00,2024,2024-06-10,"AAOI,AXTI,CIFR,CLSK,COIN,HUT,MARA,OKLO,QBTS,SMCI",0.024448696863387045,0.006863857156700058,-0.020081335287538925,0.07707473505524844,risk_off,True,10,15,60,shrinkage_min_variance,0.0,7.167415265561817,0.18000000000000002,0.5301672176747646,2.2671307630098716,-0.3097385143566631,60,0.19777020395505143,0.5699777953147056,0.4654706914413291,False,ok
20,10,signal_shrinkage_min_variance_blend_0.00,2024,2024-06-25,"CIFR,CLSK,LUNR,NVTS,OKLO,PL,POET,QBTS,QXO,SMCI",0.06050672122370426,0.01766364212468172,0.13039142014892618,-0.03770641912622353,risk_off,True,10,15,60,shrinkage_min_variance,0.0,8.092175164953458,0.16683302215560156,0.4840969877665696,2.450339617756633,-0.1712656719106819,60,0.053158631130100845,0.3113559179705953,0.39729724798754584,False,ok
20,10,signal_shrinkage_min_variance_blend_0.00,2024,2024-07-10,"AFRM,CIFR,CLSK,LUNR,OKLO,ONDS,QBTS,QXO,RGTI,SMCI",0.153984185767209,0.0013282442513573988,-0.13828729618881408,-0.35129026817010794,risk_off,True,10,15,60,shrinkage_min_variance,0.0,8.534541342599645,0.16295173119870915,0.4383772302124227,2.1322685591106683,-0.29717354501767984,60,0.05063486191992586,0.33614455270536364,0.3852793182098626,False,ok
20,10,signal_shrinkage_min_variance_blend_0.00,2024,2024-07-24,"AAOI,CLSK,IONQ,LUNR,MSTR,OKLO,QBTS,RGTI,STRL,TE",-0.18507102469176168,-0.05553017680795661,-0.4417931491833081,-0.08286517199825724,risk_off,True,10,15,60,shrinkage_min_variance,0.0,7.427537656931906,0.18000000000000002,0.5250863108068441,2.2409214958434625,-0.040761520751416425,60,0.1713829565657603,0.4024116706275834,0.4097827250618591,False,ok
20,10,signal_shrinkage_min_variance_blend_0.00,2024,2024-08-07,"AAOI,CIFR,INTC,IREN,MSTR,MXL,QXO,RIOT,SMCI,TE",0.1531397864498321,0.09272888040232813,0.3782678166199033,0.010610718224833183,risk_off,True,10,15,60,shrinkage_min_variance,0.0,7.738938191875397,0.18,0.4954860370065068,2.8401480012020874,0.15351337816955915,60,0.17544255089090302,0.5430281254969755,0.5289662848642935,False,ok
20,10,signal_shrinkage_min_variance_blend_0.00,2024,2024-08-21,"AAOI,APLD,CORZ,MOD,MP,ONTO,QBTS,QXO,RDW,WULF",-0.04585007124366889,-0.022257370920621175,-0.4488088308285617,-0.011955960979015483,risk_off,True,10,15,60,shrinkage_min_variance,0.0,7.240607795885659,0.18,0.5141821508138396,1.8579181622286418,-0.433832730560999,60,0.14522267310518353,0.46856442947814103,0.49578315845458354,False,ok
20,10,signal_shrinkage_min_variance_blend_0.00,2024,2024-09-05,"APLD,AXTI,IREN,MXL,ONTO,QBTS,QXO,RDW,RGTI,WULF",0.04357898915012282,0.0507676579525406,0.3701839393890022,0.2767916870957506,risk_off,True,10,15,60,shrinkage_min_variance,0.0,7.604687502433264,0.18,0.5263684611237538,2.4567832794770608,-0.47872132265133155,60,0.15296433882071805,0.4403720902935377,0.5512221215009001,False,ok
20,10,signal_shrinkage_min_variance_blend_0.00,2024,2024-09-19,"ALAB,FSLR,HUT,MSTR,MXL,ONTO,QXO,SMR,WBD,WULF",0.02244262851874011,0.004308816602763692,-0.0282820504857404,0.10066427948900347,risk_on,True,10,15,60,shrinkage_min_variance,0.0,7.442094747641339,0.18,0.5071794531394966,2.142777830245251,0.15033054976327806,60,0.15025743083194543,0.47214589458019435,0.4613224578151581,False,ok
20,10,signal_shrinkage_min_variance_blend_0.00,2024,2024-10-03,"ALB,AXTI,CLSK,HUT,IREN,JOBY,MARA,NVTS,SMCI,WULF",0.07215234629301706,0.04191889970440256,0.11881585807607924,0.06727026761144919,risk_on,True,10,15,60,shrinkage_min_variance,0.0,6.437363273431067,0.18,0.54,2.606638225071,0.10014611904517033,60,0.43847821131118103,0.8054179711349811,0.5625536938200173,False,ok
20,10,signal_shrinkage_min_variance_blend_0.00,2024,2024-10-17,"ASTS,AXTI,HUT,IREN,JOBY,NVTS,QBTS,SMCI,TEM,WULF",-0.06786884489451406,-0.02049893132552613,0.002774658687138812,0.07703897140173797,risk_on,True,10,15,60,shrinkage_min_variance,0.0,6.650330926144406,0.17999999999999997,0.5399999999999999,2.4973119909020003,0.22370661308501877,60,0.2827908717373827,0.581199922657663,0.5299438561271315,False,ok
20,10,signal_shrinkage_min_variance_blend_0.00,2024,2024-10-31,"AFRM,ASTS,CELH,COIN,IREN,MARA,NXT,QBTS,TEM,TSLA",0.22360285703263708,0.06230470323885579,0.016851239044824207,0.037598942517142526,risk_on,True,10,15,60,shrinkage_min_variance,0.0,6.89415577013973,0.18,0.54,2.4261642805036274,0.11359836387512191,60,0.19860768330327086,0.5403340632603217,0.3949215434424338,False,ok
20,10,signal_shrinkage_min_variance_blend_0.00,2024,2024-11-14,"ASTS,HIMS,IREN,JOBY,MXL,NXT,RIVN,SMCI,TEM,THC",0.15668824339084225,0.055127585081780665,0.18362711295075795,0.19946060256473908,risk_on,True,10,15,60,shrinkage_min_variance,0.0,7.860073024702467,0.18,0.5001345405672167,2.2051499948598954,0.007701800462600411,60,0.09520684302609046,0.3233418488716505,0.37075754968670976,False,ok
20,10,signal_shrinkage_min_variance_blend_0.00,2024,2024-11-29,"ASTS,ECHO,FN,MELI,MXL,RIVN,SMCI,TEM,VRT,W",0.044975944200114665,-0.012660488783225895,0.12366425646468004,0.020253635931067507,risk_on,True,10,15,60,shrinkage_min_variance,0.0,6.637894334207719,0.18,0.5157798162403897,2.498042670334082,-0.16762590504066133,60,0.1108038473474984,0.3127168996266696,0.2999929742515626,False,ok
20,10,signal_shrinkage_min_variance_blend_0.00,2024,2024-12-13,"ASTS,AXTI,CIFR,MARA,MP,MRNA,POET,SMCI,VRT,WULF",-0.057943401803292625,-0.03021174637009178,-0.17681707199911764,-0.009850936113011879,risk_on,True,10,15,60,shrinkage_min_variance,0.0,7.256218938211716,0.18,0.54,2.2197095578994688,-0.024693622039191006,60,0.11139390865258954,0.5466542629649078,0.3863889972503475,False,ok
20,10,signal_shrinkage_min_variance_blend_0.00,2024,2024-12-30,"ASTS,AXTI,HOOD,MRVL,MU,ODFL,OKLO,RIVN,USAR,WBD",0.0722192548248519,0.026094971636684786,0.08352596213158793,0.017308775727566793,risk_on,True,10,15,60,shrinkage_min_variance,0.0,6.877588369701114,0.18000000000000002,0.54,1.9536032038748465,-0.840736357424585,60,0.11761265654457453,0.40739171123795037,0.2895242929214581,False,ok
20,10,signal_shrinkage_min_variance_blend_0.00,2025,2025-01-02,"ASTS,FTAI,HOOD,JOBY,MU,OKLO,RIOT,RIVN,STLD,USAR",0.05261457561365624,0.03876436474044464,0.11628777231471593,-0.020821861286343925,risk_on,True,10,15,60,shrinkage_min_variance,0.0,6.589086321193397,0.18,0.54,2.390216415795706,0.35937285827007165,60,0.12301467445670268,0.5983850739203705,0.3118183754530481,False,ok
20,10,signal_shrinkage_min_variance_blend_0.00,2025,2025-01-17,"CLSK,COIN,CVNA,JOBY,MSTR,MU,RIOT,SMCI,SMR,TEM",0.022936324860887307,0.008491856842083046,-0.09334434361763874,0.019796335660454703,risk_on,True,10,15,60,shrinkage_min_variance,0.0,6.768738159111745,0.18000000000000002,0.54,2.590560922046925,-0.24022616145092837,60,0.2721391261017625,0.7084858656125046,0.5615941309699406,False,ok
20,10,signal_shrinkage_min_variance_blend_0.00,2025,2025-02-03,"APLD,CIFR,CLSK,FN,IREN,MARA,MSTR,RIOT,SMR,WULF",0.02031116706165694,0.02749779911001651,0.03907129603602874,-0.38041240616921745,risk_on,True,10,15,60,shrinkage_min_variance,0.0,6.0928156318854825,0.18,0.54,2.2700021194071818,-0.19769820759142892,60,0.5185657773781702,0.7600758654238257,0.8097253385593921,False,ok
20,10,signal_shrinkage_min_variance_blend_0.00,2025,2025-02-18,"CIEN,CIFR,FN,FTAI,IREN,MRNA,NVTS,QBTS,RKLB,SMTC",-0.17475027538582094,-0.07831040519783085,-0.41032740624463504,-0.2914614388112811,risk_off,True,10,15,60,shrinkage_min_variance,0.0,7.1294318901188145,0.18,0.528739825828852,2.2501460446712285,-0.057580749982706445,60,0.1407127368358322,0.6195647122902105,0.45454824871647437,False,ok
20,10,signal_shrinkage_min_variance_blend_0.00,2025,2025-03-04,"ALAB,APLD,FTAI,IONQ,MOD,NVTS,ONDS,POET,QBTS,TE",0.04517863949463596,-0.011258507028811935,-0.043736199342148445,-0.22267624545882506,risk_off,True,10,15,60,shrinkage_min_variance,0.0,6.675556873782536,0.18,0.54,2.5747039562224074,-0.6383335639052381,60,0.22184332121980585,0.5870686206651523,0.5945842518264658,False,ok
20,10,signal_shrinkage_min_variance_blend_0.00,2025,2025-03-18,"AAOI,ALAB,LITE,LUNR,MOD,MSTR,NU,POET,SMTC,TLN",-0.020811356509032826,-0.009137089693136213,-0.29176515606771625,-0.24366286419518365,risk_off,True,10,15,60,shrinkage_min_variance,0.0,5.875542024414941,0.17999999999999997,0.5399999999999999,2.5314631842537576,-0.6697099814167068,60,0.3873352124753802,0.6240542290938462,0.5918205721291867,False,ok
20,10,signal_shrinkage_min_variance_blend_0.00,2025,2025-04-01,"AAOI,CLSK,HUT,IONQ,IREN,LUNR,RGTI,RKLB,SMTC,USAR",0.06567397361948785,-0.04922203952077082,-0.1282322280064855,0.17173043504327065,neutral,True,10,15,60,shrinkage_min_variance,0.0,6.698230032972158,0.18,0.5299195086665247,2.962851972608107,-0.397550040959431,60,0.26117777374060447,0.5814129810125366,0.7280763686045331,False,ok
20,10,signal_shrinkage_min_variance_blend_0.00,2025,2025-04-15,"AAOI,APLD,HUT,LUNR,OKLO,ONDS,RDDT,RDW,TEM,WULF",0.12238796626304617,0.049401892970434166,0.4031463936121158,0.6210310408383999,risk_on,True,10,15,60,shrinkage_min_variance,0.0,6.596120209242195,0.18,0.54,2.9020319189155486,-0.3212619426012937,60,0.4271244250126899,0.666183820238185,0.8619931834392227,False,ok
20,10,signal_shrinkage_min_variance_blend_0.00,2025,2025-04-30,"AAOI,ASTS,CIFR,DAL,LUNR,NVTS,OKLO,PL,RDW,TER",0.1832167819407145,0.08257115839521444,0.6591009734156393,0.49914492178157993,risk_on,True,10,15,60,shrinkage_min_variance,0.0,6.268951075656464,0.17999999999999997,0.5399999999999999,1.4269401247838043,-0.44583660416506116,60,0.5029793760968203,0.6668603077960389,0.7098596699938187,False,ok
20,10,signal_shrinkage_min_variance_blend_0.00,2025,2025-05-14,"APLD,ASTS,AXTI,CIFR,DOCN,LSCC,ONDS,RDW,VSH,XYZ",-0.009209451170865485,0.006259719356398494,-0.10435934196048963,0.15937865664006653,risk_on,True,10,15,60,shrinkage_min_variance,0.0,7.13221763679137,0.18,0.5270670801814838,2.5601806403295497,0.44670096030874623,60,0.37584824603007927,0.6355319246132541,0.6507000036170574,False,ok
20,10,signal_shrinkage_min_variance_blend_0.00,2025,2025-05-29,"AAOI,AFRM,ASTS,AXTI,CLSK,FTAI,LSCC,MARA,MRNA,RDDT",0.19245147048007838,0.04646953903665356,0.41746334223582127,0.4349128124094497,risk_off,True,10,15,60,shrinkage_min_variance,0.0,6.841789792417432,0.18,0.54,2.409444843841511,-0.1516796419063506,60,0.44533665616642326,0.7647589332154462,0.6342689916885722,False,ok
20,10,signal_shrinkage_min_variance_blend_0.00,2025,2025-06-12,"CLSK,ENPH,MARA,NET,PL,RBLX,RDDT,RGTI,RKLB,TSLA",0.08336912146293741,0.02396039914131386,0.15383304240814907,0.2044936006979426,risk_off,True,10,15,60,shrinkage_min_variance,0.0,7.590058414475126,0.18,0.54,2.5430331497807726,0.07986654505036833,60,0.29770539497326687,0.6608471238688269,0.4953082295894615,False,ok
20,10,signal_shrinkage_min_variance_blend_0.00,2025,2025-06-27,"ALAB,CLSK,ENPH,FSLR,PL,RBLX,TE,TEM,TSLA,USAR",0.046841537620422743,0.028094574840325917,0.2297044663824032,0.2727732678258654,risk_off,True,10,15,60,shrinkage_min_variance,0.0,8.10479812360865,0.18,0.45933468095896424,2.538454359538703,-0.4923051041730626,60,0.18609186635669994,0.36245306396230054,0.4808527244382347,False,ok
20,10,signal_shrinkage_min_variance_blend_0.00,2025,2025-07-14,"ALAB,CNC,CORZ,ECHO,ENPH,FSLR,IONQ,RGTI,SITM,TE",0.026968717473471127,0.02099587872693245,0.10887773412400213,-0.019051660663882516,risk_off,True,10,15,60,shrinkage_min_variance,0.0,9.180493413087511,0.1695525683981676,0.40220325098848797,2.4278898764248957,0.4526355589745534,60,0.056339650659333676,0.3206154111842886,0.3605798893561468,False,ok
20,10,signal_shrinkage_min_variance_blend_0.00,2025,2025-07-28,"APLD,CNC,HIMS,IONQ,LUNR,MARA,QBTS,RDW,TE,USAR",-0.03666008665979098,-0.0124246768190232,-0.0541204603785148,0.005902344034344923,risk_off,True,10,15,60,shrinkage_min_variance,0.0,8.305024086148121,0.18,0.46744508324958023,2.7528128668289975,0.7595717589303846,60,0.07311500768779336,0.3030892926512676,0.4225549194008288,False,ok
20,10,signal_shrinkage_min_variance_blend_0.00,2025,2025-08-11,"AXTI,CHTR,CVNA,DOCN,FTAI,GH,OKLO,QBTS,RDW,TER",0.08978286013187617,0.031742555384127666,0.1821535373575194,0.2728647845566482,risk_off,True,10,15,60,shrinkage_min_variance,0.0,7.482459519944718,0.18,0.5136965266313882,2.048469656604633,-0.7239667775203119,60,0.07206267978476799,0.39344663164781857,0.28643873405629466,False,ok
20,10,signal_shrinkage_min_variance_blend_0.00,2025,2025-08-25,"AAOI,CLS,CVNA,HUT,OKLO,RBLX,RDW,RGTI,RIOT,ROKU",0.09578432314043474,0.02140993751554376,0.24023424670260876,0.34408180058516563,risk_off,True,10,15,60,shrinkage_min_variance,0.0,6.867083708103522,0.18,0.54,2.4321245352727714,-0.15631073827535313,60,0.23081981564128332,0.5829709696345705,0.3686978696464649,False,ok
20,10,signal_shrinkage_min_variance_blend_0.00,2025,2025-09-09,"AAOI,APLD,HOOD,HUT,KGC,NXT,PL,RGTI,RKLB,SMR",0.19416262872137918,0.04370804273897294,0.3318499113640434,0.29720111593729065,risk_off,True,10,15,60,shrinkage_min_variance,0.0,8.035060810122298,0.18000000000000002,0.49714979978456597,2.5666874834223408,0.2416063804752005,60,0.09884633839397455,0.318034818030521,0.3355923456765794,False,ok
20,10,signal_shrinkage_min_variance_blend_0.00,2025,2025-09-23,"AAOI,AFRM,HIMS,MRVL,PL,POET,RDW,RKLB,SMR,SNOW",0.11238678774071559,0.019671963845306072,0.123192708423835,0.16998954051640727,risk_off,True,10,15,60,shrinkage_min_variance,0.0,9.530410865689362,0.1389798591647428,0.3862795489085693,2.6060348404522307,0.055927028145456026,60,0.042718964065051344,0.10339734951861153,0.29848848751040047,False,ok
20,10,signal_shrinkage_min_variance_blend_0.00,2025,2025-10-07,"AAOI,ALAB,HIMS,NVTS,ORCL,POET,RDW,RKLB,RMBS,SMR",0.03574497099822563,0.007178924347688331,0.15413869312932474,0.04143831653954678,risk_off,True,10,15,60,shrinkage_min_variance,0.0,9.907675139201947,0.11129313774070845,0.3273374714170951,2.161618684527059,-0.06246107403960666,60,0.02210639046570839,0.09453195364439931,0.3021072374322784,False,ok
20,10,signal_shrinkage_min_variance_blend_0.00,2025,2025-10-21,"AAOI,CDE,CLS,FICO,JOBY,MARA,NVTS,SMR,SMTC,TEM",-0.026033771400606993,-0.014872487691560386,-0.04663713614500126,-0.23309716836033537,risk_off,True,10,15,60,shrinkage_min_variance,0.0,6.6880289307724325,0.18,0.5093267570636557,2.280976584175624,0.5389993893753356,60,0.1530305095399883,0.38069922945884554,0.33902448961910436,False,ok
20,10,signal_shrinkage_min_variance_blend_0.00,2025,2025-11-04,"AA,ALB,CRDO,ENTG,FISV,HL,KVUE,RDDT,RMBS,SITM",0.036719025462948925,-0.022435499193692334,-0.33157468621432973,0.019748863469426604,risk_off,True,10,15,60,shrinkage_min_variance,0.0,8.622209886386868,0.18,0.4415730887470884,2.1972599617669255,0.15224701047306427,60,0.09555333356703764,0.2913079480154465,0.27207784573215,False,ok
20,10,signal_shrinkage_min_variance_blend_0.00,2025,2025-11-18,"ALAB,CVNA,EXPE,FISV,MRNA,ONDS,RDDT,SMR,STX,W",0.07525886786396462,0.055713208470791704,0.3484590112881119,0.1862982670777028,risk_off,True,10,15,60,shrinkage_min_variance,0.0,8.211138260475469,0.1675276994001359,0.4717784628303303,2.200095703007995,-0.4136930998154631,60,0.05963227373219777,0.22315789140887213,0.2983106443325326,False,ok
20,10,signal_shrinkage_min_variance_blend_0.00,2025,2025-12-03,"AFRM,HOOD,LUNR,MOD,MP,ONDS,POET,TTMI,USAR,WULF",-0.0936156281041561,-0.007919288069769227,-0.1442284878369189,0.08873071118191897,risk_off,True,10,15,60,shrinkage_min_variance,0.0,6.82692520663822,0.18000000000000002,0.54,2.2615753764589828,-0.38385892805922406,60,0.2791894201072166,0.5962630552845642,0.47449685059237595,False,ok
20,10,signal_shrinkage_min_variance_blend_0.00,2025,2025-12-17,"APLD,CIFR,CLSK,HOOD,HUT,LUNR,NVTS,QBTS,RGTI,USAR",0.23120136910146788,0.03438657190961965,0.39560976740688025,0.3310499318709211,risk_off,True,10,15,60,shrinkage_min_variance,0.0,7.303142809440825,0.18000000000000002,0.54,2.560835580081173,-0.6199908009922976,60,0.4704523261783225,0.8517859418446305,0.7538580972787438,False,ok
20,10,signal_shrinkage_min_variance_blend_0.00,2026,2026-01-02,"ALAB,BE,CORZ,IONQ,IREN,NVTS,RGTI,RIVN,TTMI,USAR",0.1349005338079847,0.04592265680505814,0.22054039674752626,0.018092089236777253,risk_off,True,10,15,60,shrinkage_min_variance,0.0,6.1556714499618135,0.18,0.54,2.7215273927738144,-0.24182976025346237,60,0.36715879754896863,0.757102220971529,0.5665963096213991,False,ok
20,10,signal_shrinkage_min_variance_blend_0.00,2026,2026-01-16,"ALAB,CIFR,CLSK,ECHO,IONQ,MARA,OKLO,QBTS,RGTI,SMR",-0.17983565810765723,-0.009903833912982694,-0.28051387571717,-0.24197931695478764,risk_off,True,10,15,60,shrinkage_min_variance,0.0,6.368385072711121,0.17999999999999994,0.5399999999999998,2.6301503809109783,-0.3092593909806486,60,0.4796820784764086,0.8775325304798374,0.5908395443915242,False,ok
20,10,signal_shrinkage_min_variance_blend_0.00,2026,2026-02-02,"AMKR,AU,CIFR,CLS,HUT,INTC,MP,OKLO,RIOT,WULF",0.012013121335324338,0.003258543217893794,-0.17895336440321932,-0.25019486878882913,risk_off,True,10,15,60,shrinkage_min_variance,0.0,6.393023192002847,0.18,0.54,2.221436009443786,-0.5279935271563798,60,0.3828982483712396,0.7479667358533951,0.4690822122534213,False,ok
20,10,signal_shrinkage_min_variance_blend_0.00,2026,2026-02-17,"CDE,CLS,CORZ,DDOG,EL,NET,PINS,RIVN,RVMD,SPOT",0.006868178002518841,0.006937345951593162,-0.07442603463526325,-0.03729178564215712,risk_off,True,10,15,60,shrinkage_min_variance,0.0,8.48749672459532,0.18000000000000002,0.44727835090712775,2.0385475666586856,0.411566688428829,60,0.07918178210445502,0.27942308340807365,0.25948896126868337,False,ok
20,10,signal_shrinkage_min_variance_blend_0.00,2026,2026-03-03,"APP,AXON,COIN,HUBS,POET,RBRK,RGTI,RIVN,SPOT,XYZ",-0.03507505441770834,-0.015694294712545805,0.059049503032388345,-0.060192915660922656,risk_off,True,10,15,60,shrinkage_min_variance,0.0,6.749299794912316,0.18,0.5111724802799279,1.991757318550678,-0.7105200224223941,60,0.22387921643921563,0.48518692897872534,0.3807518239899787,False,ok
20,10,signal_shrinkage_min_variance_blend_0.00,2026,2026-03-17,"CIFR,COIN,FICO,FLUT,HL,IONQ,RDW,RGTI,TEAM,W",-0.08437380797360931,-0.02254958857843178,-0.1986154392285275,0.2901212314478354,risk_off,True,10,15,60,shrinkage_min_variance,0.0,6.087459816267079,0.18,0.54,2.6283534415799403,0.3429521048586897,60,0.2501110779314135,0.7851828793349107,0.34953084081106184,False,ok
20,10,signal_shrinkage_min_variance_blend_0.00,2026,2026-03-31,"ALAB,APLD,CIFR,CLSK,CRDO,HL,IREN,MU,RDW,TE",0.3805766970860397,0.07476134006191577,0.5237020628082512,0.3138909195636782,risk_off,True,10,15,60,shrinkage_min_variance,0.0,6.052259952191314,0.18,0.54,2.8851134083390564,0.1846356842737671,60,0.4193668223730791,0.7889053052790459,0.6023425164969097,False,ok
20,10,signal_shrinkage_min_variance_blend_0.00,2026,2026-04-15,"APP,MOD,MP,MU,NVTS,OKLO,RDW,SMR,SMTC,TEM",0.011221611430514665,0.007164375328154752,-0.008991924615117056,0.24371460840588607,risk_off,True,10,15,60,shrinkage_min_variance,0.0,5.8835054315695725,0.18,0.54,2.19949335638291,0.15515761496044386,60,0.3474665914702291,0.7662350917810049,0.4629701959460388,False,ok
20,10,signal_shrinkage_min_variance_blend_0.00,2026,2026-04-29,"FICO,IREN,LYB,MP,NET,NXT,OKLO,TE,TEAM,TEM",0.0675897281159132,0.043709481522160115,0.2388898515594062,0.35280803523214094,risk_off,True,10,15,60,shrinkage_min_variance,0.0,6.966449536732059,0.18,0.54,2.308094408477144,-0.08937151172677905,60,0.13611619387165239,0.6859861638146025,0.28324272172468234,False,ok
20,10,signal_shrinkage_min_variance_blend_0.00,2026,2026-05-13,"ALB,ENPH,FIX,FTAI,MP,RDDT,RGTI,TE,TER,ZTS",0.14496527165840734,0.04661327358101235,0.23534777622623007,0.04743792799830555,risk_off,True,10,15,60,shrinkage_min_variance,0.0,6.596761740209901,0.18,0.5369606305143739,2.0438488578497873,0.1526697478135195,60,0.2394132731002674,0.524346183170343,0.35745423014306704,False,ok
20,10,signal_shrinkage_min_variance_blend_0.00,2026,2026-05-28,"ANET,FORM,FTAI,HIMS,KTOS,NET,NXPI,SHOP,TER,W",-0.028421067264274777,-0.007783458915812064,-0.22918170722935896,-0.1991334859883724,risk_off,True,10,15,60,shrinkage_min_variance,0.0,7.923763677951267,0.18,0.4876866669479843,2.2034513423252635,-0.25752128769136157,60,0.14690990075670682,0.43417427355572163,0.34572790998633146,False,ok
20,10,signal_shrinkage_min_variance_blend_0.25,2021,2021-01-04,"AXTI,CVNA,EQT,NET,PLTR,QXO,SITM,STRL,THC,WDC",0.1929255507330623,0.07030973856078798,0.25833680457444064,0.22737856291916733,risk_off,True,10,15,60,shrinkage_min_variance,0.25,8.687247733735814,0.1578300197409637,0.4458743231859834,3.0,,60,0.0747370259332639,0.2750610385754208,0.27798687786845805,False,ok
20,10,signal_shrinkage_min_variance_blend_0.25,2021,2021-01-19,"CDE,CVNA,HL,MP,MRNA,NET,PLTR,SNOW,W,WDC",0.06746799717226346,-0.010274998055037218,-0.09944960954464188,0.2417731730130608,risk_off,True,10,15,60,shrinkage_min_variance,0.25,8.766026427443693,0.15235690920940584,0.4179576724988209,2.847863680809895,-0.4581009611125314,60,0.1489595532220908,0.6808908488875026,0.37226872429903435,False,ok
20,10,signal_shrinkage_min_variance_blend_0.25,2021,2021-02-02,"CCJ,CDE,CVNA,ENPH,HL,INSM,MP,OXY,PAAS,PLTR",0.08370501484451259,0.058056854757281895,0.32937203498193474,0.17105479895492223,risk_off,True,10,15,60,shrinkage_min_variance,0.25,7.895212656691876,0.16240170311508556,0.47404817113961945,2.8503773375938772,-0.5148823369577854,60,0.1432281114459301,0.7794679591248602,0.37908026716762044,False,ok
20,10,signal_shrinkage_min_variance_blend_0.25,2021,2021-02-17,"BE,CDE,CELH,CLSK,ENPH,HL,INSM,NTRA,PAAS,RVMD",-0.0744036244796495,-0.017086850018389037,0.045086684235397245,0.01581838817925182,risk_off,True,10,15,60,shrinkage_min_variance,0.25,7.946079675135366,0.1630667440986778,0.46706443501832595,2.8361758374123918,-0.3738361998200377,60,0.17274358280402777,0.802938299091341,0.3694496932567355,False,ok
20,10,signal_shrinkage_min_variance_blend_0.25,2021,2021-03-03,"AXTI,CDE,CELH,CLSK,HL,MSTR,MXL,ONDS,W,WULF",0.03298495257827272,0.04286819959595054,-0.023320999873354235,-0.3167486979013101,risk_off,True,10,15,60,shrinkage_min_variance,0.25,8.786513362947977,0.16243770783329722,0.446284875075068,2.8977733955545006,-0.013325027243915493,60,0.13983260347892137,0.6822927219103897,0.47344650881150624,False,ok
20,10,signal_shrinkage_min_variance_blend_0.25,2021,2021-03-17,"AXTI,BE,CVNA,MSTR,MXL,ONDS,PLTR,RKLB,TWLO,W",-0.08674824951539949,-0.010537424443842812,-0.4245636738510876,-0.25777114827080255,risk_on,True,10,15,60,shrinkage_min_variance,0.25,8.07379517700384,0.160804734702691,0.46226060596226315,2.7201242468165283,0.2525337157867371,60,0.21286320434849734,0.4443655916980294,0.4565244058135936,False,ok
20,10,signal_shrinkage_min_variance_blend_0.25,2021,2021-03-31,"AXTI,BE,CELH,ENPH,HIMS,HUT,MP,MSTR,ONDS,TSLA",-0.00598961478093894,0.03583900671621776,-0.03899371576334937,-0.13678027560331857,risk_on,True,10,15,60,shrinkage_min_variance,0.25,8.060359774037092,0.16053625941097088,0.48160877823291265,2.972465341498906,-0.11422696355861374,60,0.27818841881106804,0.5347619308669636,0.5974499649376211,False,ok
20,10,signal_shrinkage_min_variance_blend_0.25,2021,2021-04-15,"AXTI,BE,CELH,CLSK,ENPH,HUT,MARA,MP,MSTR,QXO",-0.015998613938877353,0.008869373278152688,-0.14977533971793963,-0.3550078438848738,risk_on,True,10,15,60,shrinkage_min_variance,0.25,7.457047507536086,0.16461792844745682,0.4880064229125912,2.78932253008527,-0.1842976714353638,60,0.3344929676878847,0.7186400923036146,0.6493983911512275,False,ok
20,10,signal_shrinkage_min_variance_blend_0.25,2021,2021-04-29,"BE,CELH,CLSK,ENPH,HIMS,HUT,MSTR,ONDS,QXO,RIOT",-0.21178978999675524,-0.03460121515501072,-0.304001814956624,-0.014429517717168508,risk_on,True,10,15,60,shrinkage_min_variance,0.25,7.348464709667025,0.16049492278138475,0.4765355405303069,2.9664288997113784,-0.30823272851927636,60,0.28437959208487307,0.6777904643034492,0.5878928542062298,False,ok
20,10,signal_shrinkage_min_variance_blend_0.25,2021,2021-05-13,"CCJ,CDE,CELH,EQT,HL,MARA,MP,RIOT,SHOP,SITM",0.1761718776081233,0.04738176771365853,0.3740547651377887,0.38543294876363476,risk_off,True,10,15,60,shrinkage_min_variance,0.25,7.889829693337329,0.15765743837929733,0.47121793146499813,2.9181803706033307,-0.7156453745191944,60,0.2990643164490036,0.8847462125996447,0.45623707411802544,False,ok
20,10,signal_shrinkage_min_variance_blend_0.25,2021,2021-05-27,"BE,CCJ,CLSK,DASH,HIMS,HUT,MARA,ONDS,RIOT,SITM",0.01738983197840968,0.02033109660006305,0.15765067933687468,0.221701974905471,risk_off,True,10,15,60,shrinkage_min_variance,0.25,7.579541782209631,0.16114508791025683,0.47198438462820214,2.9137450184107183,-0.2931279335218896,60,0.40815001799286244,0.8750250560799142,0.5825995589790882,False,ok
20,10,signal_shrinkage_min_variance_blend_0.25,2021,2021-06-11,"AFRM,ASTS,CLSK,DASH,HIMS,HUT,MARA,ONDS,POET,RIOT",0.0001339938164998918,0.0047539965984023744,-0.018855411686483012,-0.12474482022892026,risk_off,True,10,15,60,shrinkage_min_variance,0.25,7.8178223209860915,0.16,0.47173485788847425,3.0,,60,0.2282158565856552,0.7454754338868148,0.4918716004596467,False,ok
20,10,signal_shrinkage_min_variance_blend_0.25,2021,2021-06-25,"AFRM,ASTS,AXTI,CLSK,HUT,MARA,MSTR,ONDS,POET,RIOT",0.0386846361130222,0.005006235888459096,-0.3303939101029276,-0.3845213329025605,risk_off,True,10,15,60,shrinkage_min_variance,0.25,7.708595840136126,0.16008427776686246,0.47941005563196276,2.9945578864526006,-0.36219427545125604,60,0.23656960623577036,0.7788178702447897,0.46781155664430196,False,ok
20,10,signal_shrinkage_min_variance_blend_0.25,2021,2021-07-12,"AXTI,BB,HUT,MARA,MSTR,OXY,POET,RBLX,RIOT,STRL",-0.03741205450713367,-0.004550332550037896,-0.42440856730260135,-0.24434032378922488,risk_off,True,10,15,60,shrinkage_min_variance,0.25,7.928328618678535,0.15933761826651838,0.47738275664343877,2.9676172227659325,-0.5455986031897107,60,0.20227049818068482,0.8461623042819173,0.37188440560684827,False,ok
20,10,signal_shrinkage_min_variance_blend_0.25,2021,2021-07-26,"AA,ASTS,CCL,COIN,HUT,MARA,MSTR,NCLH,RIOT,TE",0.09232275582893522,0.016342206127531962,0.06646754373851718,-0.17801495266771503,risk_off,True,10,15,60,shrinkage_min_variance,0.25,7.443828666267885,0.16,0.48,3.0,,60,0.19602658992008593,0.7965292684172393,0.35507237271514286,False,ok
20,10,signal_shrinkage_min_variance_blend_0.25,2021,2021-08-09,"AA,AFRM,ASTS,CCL,CLSK,DOCN,HIMS,JOBY,NCLH,RIOT",-0.02396167062745506,-0.002709470172841376,-0.3698986180113055,-0.09160786047325677,risk_off,True,10,15,60,shrinkage_min_variance,0.25,8.638949362888368,0.16022559974830508,0.44842032429160783,2.98675187819878,-0.3477359519274576,60,0.09813968490533871,0.46661282146373884,0.296745019419547,False,ok
20,10,signal_shrinkage_min_variance_blend_0.25,2021,2021-08-23,"AA,AFRM,ASTS,CLSK,DOCN,HIMS,JOBY,ONDS,RIOT,TE",0.13218443472942168,0.022358568293754644,0.2455596133686562,0.14392889544554638,risk_off,True,10,15,60,shrinkage_min_variance,0.25,9.55296549171137,0.12238147611397668,0.3544468716041844,2.980759316893232,-0.240197312798284,60,0.045087783270591555,0.24372629630090215,0.30437238014084755,False,ok
20,10,signal_shrinkage_min_variance_blend_0.25,2021,2021-09-07,"APP,ASTS,CIFR,CLSK,HIMS,JOBY,ONDS,RIOT,SOFI,TE",-0.02331977883670045,-0.03279268938912169,-0.028896012938420687,0.05346622045751869,risk_off,True,10,15,60,shrinkage_min_variance,0.25,9.11839311860701,0.16014484000165713,0.4133054619878853,2.995340206656495,0.23002137847979787,60,0.03771090728268124,0.31138464093280865,0.26446271354287326,False,ok
20,10,signal_shrinkage_min_variance_blend_0.25,2021,2021-09-21,"APP,ASTS,AXTI,CIFR,CLSK,HUT,MARA,ONDS,RDW,WULF",-0.006593424656480065,0.008895212668288804,0.16470690600024102,0.19162832880431827,risk_off,True,10,15,60,shrinkage_min_variance,0.25,8.028518546083355,0.16040994151637192,0.4812298245491158,2.9951929160838393,0.48887826467347983,60,0.12011120875915632,0.47297492867813923,0.3126563477465185,False,ok
20,10,signal_shrinkage_min_variance_blend_0.25,2021,2021-10-05,"APP,ASTS,AXTI,CIFR,CLSK,IONQ,MARA,ONDS,POET,RKLB",0.08674739489148064,0.044197449144180785,0.06836395559596606,0.16894520457524875,risk_off,True,10,15,60,shrinkage_min_variance,0.25,8.765345026586505,0.1472374982812814,0.42197197514221696,3.0,,60,0.06831723132210603,0.38059533030608406,0.28985172017475846,False,ok
20,10,signal_shrinkage_min_variance_blend_0.25,2021,2021-10-19,"AA,BB,BE,CIFR,IONQ,JOBY,ONDS,POET,RDW,RIOT",0.12076189478183312,0.0274391614111111,0.158929877660065,0.21699465291040262,risk_off,True,10,15,60,shrinkage_min_variance,0.25,9.759937276347195,0.11995124779326882,0.3425461793869131,3.0,,60,0.045625418602201026,0.1645422970227506,0.28484347186513953,False,ok
20,10,signal_shrinkage_min_variance_blend_0.25,2021,2021-11-02,"AA,BB,CIFR,HIMS,JOBY,ONDS,PINS,RDW,RIOT,RKLB",0.03397474415899572,0.026244664085104744,0.09809047628619331,-0.1579223133021045,risk_off,True,10,15,60,shrinkage_min_variance,0.25,9.15072835666123,0.15588326939811936,0.40087096308428194,2.977413785552961,0.32416688176610653,60,0.06769560287415383,0.21474422465427465,0.33130489003999664,False,ok
20,10,signal_shrinkage_min_variance_blend_0.25,2021,2021-11-16,"AA,AFRM,CELH,CIFR,CLSK,HIMS,MARA,QXO,RDW,SITM",-0.16226316148724027,-0.07477096313389131,-0.3412867976119783,-0.41863314033748666,risk_off,True,10,15,60,shrinkage_min_variance,0.25,8.460365697404184,0.16185352119448418,0.4474873633030917,2.906812870120402,-0.15580939334312668,60,0.08515944256161626,0.3621961026566234,0.34917840818042567,False,ok
20,10,signal_shrinkage_min_variance_blend_0.25,2021,2021-12-01,"AAOI,AFRM,APP,DOCN,MARA,MRNA,QXO,RIOT,SITM,TOST",-0.05164167025884234,0.03206265906009462,-0.23531345890986713,-0.1961572969739614,risk_off,True,10,15,60,shrinkage_min_variance,0.25,8.348763164672919,0.15711111894248828,0.4360898026064345,2.9759663323829124,-0.32701823986775874,60,0.1606748048446234,0.5676273604514948,0.40566597882664396,False,ok
20,10,signal_shrinkage_min_variance_blend_0.25,2021,2021-12-15,"AFRM,MDB,MRNA,QXO,ROKU,SITM,SNOW,TE,WULF,ZS",-0.014416345609337926,0.02303781766939532,0.00578960142864443,-0.10045668547478893,risk_off,True,10,15,60,shrinkage_min_variance,0.25,8.366536820054094,0.16024056183946753,0.44879019287512645,2.9899242148874707,-0.004500454530163039,60,0.22618058221466872,0.510913302468157,0.4018793953036212,False,ok
20,10,signal_shrinkage_min_variance_blend_0.25,2021,2021-12-30,"AFRM,CVNA,DOCN,IONQ,MDB,MRNA,ROKU,SITM,TE,WULF",-0.20830050097132316,-0.024185950728445975,-0.26275570849771385,-0.4713169939112061,risk_off,True,10,15,60,shrinkage_min_variance,0.25,8.017701547407277,0.16530025443969595,0.45665027183410933,2.75939140432848,-0.21230638857401152,60,0.20449677404919298,0.5380907105491125,0.41253974614323613,False,ok
20,10,signal_shrinkage_min_variance_blend_0.25,2022,2022-01-03,"AFRM,DKNG,DOCN,HOOD,HUT,IONQ,PL,ROKU,TOST,WULF",-0.19853256526032798,-0.04732579047660334,-0.4712230195216537,-0.4691354964722685,risk_off,True,10,15,60,shrinkage_min_variance,0.25,8.20583711972954,0.16098456559783494,0.4814409737212183,2.9668296403036343,0.32169333787427545,60,0.26611798654596164,0.5413547462879342,0.4800585262440586,False,ok
20,10,signal_shrinkage_min_variance_blend_0.25,2022,2022-01-18,"DKNG,HOOD,ILMN,MP,ONTO,PL,QXO,RDW,TSLA,WULF",-0.06462227822810278,-0.012526326423444268,-0.014744448602641942,-0.01149307171354791,risk_off,True,10,15,60,shrinkage_min_variance,0.25,8.252640649432712,0.16217677903307048,0.4582206556171925,2.909618418869941,0.13792206535300616,60,0.20025912834102672,0.5011204687515542,0.37833192056745,False,ok
20,10,signal_shrinkage_min_variance_blend_0.25,2022,2022-02-01,"CLSK,DKNG,HOOD,HUT,MARA,NET,ONTO,PL,SOFI,WULF",0.023193927870971187,0.00884588395541027,0.08412063803613701,-0.12800636597648254,risk_off,True,10,15,60,shrinkage_min_variance,0.25,7.906871218384663,0.153104249517072,0.458597610849545,2.711403958872302,-0.642821235029504,60,0.4142372924305049,0.7262488875309062,0.5741101465510747,False,ok
20,10,signal_shrinkage_min_variance_blend_0.25,2022,2022-02-15,"AFRM,CIFR,CVNA,MARA,MRNA,NVTS,RBLX,RIOT,RIVN,SOFI",-0.10037991980011071,-0.016314403635332674,-0.19887043177727395,-0.31512389706296234,risk_off,True,10,15,60,shrinkage_min_variance,0.25,7.066980358091515,0.1703625186094785,0.48721839316456694,2.697155889223155,0.4762489463525066,60,0.43495317638334613,0.8854105957001239,0.591120739404174,False,ok
20,10,signal_shrinkage_min_variance_blend_0.25,2022,2022-03-02,"AFRM,CIFR,DOCN,JOBY,MARA,MRNA,ONDS,RIOT,VRT,XYZ",-0.0007695087180214252,-0.015645288184106435,-0.2908678587508675,-0.10842585592810418,risk_off,True,10,15,60,shrinkage_min_variance,0.25,7.573092173031882,0.17021533882685091,0.4813824172251505,2.659045076007467,0.22735898766266938,60,0.4890712410920902,0.8857791764540887,0.6384799819684419,False,ok
20,10,signal_shrinkage_min_variance_blend_0.25,2022,2022-03-16,"AFRM,CVNA,DASH,HIMS,NTRA,ONDS,RBLX,VRT,WULF,XYZ",0.20076099707149223,0.060508788043382895,0.20484329211969354,-0.21448843669010192,risk_off,True,10,15,60,shrinkage_min_variance,0.25,7.446904693478592,0.1776372275089942,0.5051039157395079,2.4537463852202483,0.3835578168231159,60,0.3383987654375084,0.640842123300419,0.6067332430148514,False,ok
20,10,signal_shrinkage_min_variance_blend_0.25,2022,2022-03-30,"AFRM,GH,NTRA,NU,QXO,RBLX,RIVN,SHOP,VRT,WULF",-0.07423795670960481,-0.0332926426922929,-0.46720179811280554,-0.5347647652108458,risk_off,True,10,15,60,shrinkage_min_variance,0.25,7.55550322336946,0.1615135272290327,0.4731830803963816,2.535402464788654,0.4339131735719815,60,0.31365790256038795,0.6213036153200157,0.6177023236063532,False,ok
20,10,signal_shrinkage_min_variance_blend_0.25,2022,2022-04-13,"AFRM,CELH,HOOD,JOBY,NTRA,RBLX,RGTI,RIVN,W,XYZ",-0.09580414773909965,-0.0478878133167235,-0.33603280208110414,-0.42724119599241234,risk_off,True,10,15,60,shrinkage_min_variance,0.25,7.141889987286953,0.16000000000000003,0.4800000000000001,3.0000000000000004,,60,0.4481007019409484,0.6413282822604626,0.6474345059809898,False,ok
20,10,signal_shrinkage_min_variance_blend_0.25,2022,2022-04-28,"CELH,META,NTRA,PINS,PL,RGTI,SMCI,TOST,VRT,WULF",-0.07220683754876107,-0.09980559397127838,-0.3447208967320751,-0.15769049323314088,risk_off,True,10,15,60,shrinkage_min_variance,0.25,8.703651237567229,0.15881219403730362,0.4256238280985112,2.8679086826669677,-0.4045767519881518,60,0.2045801448237438,0.41035051442968473,0.47656144729738004,False,ok
20,10,signal_shrinkage_min_variance_blend_0.25,2022,2022-05-12,"AFRM,CIFR,COIN,CVNA,GH,MSTR,MXL,RIVN,W,WULF",0.14734957863227552,0.05902800107903099,0.19055071364452306,0.13949057783080895,risk_off,True,10,15,60,shrinkage_min_variance,0.25,7.746467528954914,0.16013242681205825,0.4790730123155922,2.991403620178921,-0.363442967019036,60,0.4532737172272045,0.7460217255023567,0.7516765856466975,False,ok
20,10,signal_shrinkage_min_variance_blend_0.25,2022,2022-05-26,"COIN,CVNA,GH,IREN,MARA,MSTR,NET,NU,W,WULF",-0.11625533445989054,-0.041607881638335883,-0.09560641261414625,-0.026601585465700562,risk_off,True,10,15,60,shrinkage_min_variance,0.25,7.738370490957808,0.16128780219820288,0.4789492308208802,2.9224983402310127,-0.3229261980037132,60,0.5180673318105442,0.7955163573043685,0.8783643821064856,False,ok
20,10,signal_shrinkage_min_variance_blend_0.25,2022,2022-06-10,"AFRM,CIFR,COIN,CVNA,GH,IONQ,MSTR,NU,RDW,W",0.02444806911859451,-0.013037267403061612,0.11919430468292827,-0.0147567003344231,risk_off,True,10,15,60,shrinkage_min_variance,0.25,7.207647137840823,0.16070664752313188,0.4821199425693956,2.963920115436018,-0.0655918130919498,60,0.5077407487526576,0.7711375284211626,0.8094295027685466,False,ok
20,10,signal_shrinkage_min_variance_blend_0.25,2022,2022-06-27,"APLD,CIFR,COIN,CVNA,IONQ,MSTR,NET,NU,W,WULF",-0.041309963204712453,-0.03070552472011658,-0.337930515036907,-0.0456958192211353,risk_off,True,10,15,60,shrinkage_min_variance,0.25,7.634054429289887,0.16618028436578947,0.48231069869926846,2.7500906025577785,0.06935360517253997,60,0.4178506213404108,0.7306448722703632,0.8347142607491567,False,ok
20,10,signal_shrinkage_min_variance_blend_0.25,2022,2022-07-12,"APLD,CIFR,COIN,CVNA,MARA,MSTR,NET,RIOT,W,WULF",0.17867239405238527,0.04120739560216693,0.20337724948127148,0.40601361039947587,risk_off,True,10,15,60,shrinkage_min_variance,0.25,7.660877606639881,0.1659875108915716,0.4846350076314735,2.770332266472676,0.21138318373896228,60,0.4754911321054455,0.779918848089936,0.9170101117793812,False,ok
20,10,signal_shrinkage_min_variance_blend_0.25,2022,2022-07-26,"APLD,CIFR,COIN,DKNG,HUT,IREN,NET,NVTS,RGTI,WULF",0.2864625324305805,0.08020265716848522,0.3756538302510819,0.2795361216100723,risk_off,True,10,15,60,shrinkage_min_variance,0.25,8.068280516589917,0.16474094459448138,0.4541154560026315,2.8190054564980285,0.1466728299509484,60,0.3178412848761683,0.5614010772054024,0.8109172509989881,False,ok
20,10,signal_shrinkage_min_variance_blend_0.25,2022,2022-08-09,"APLD,CLSK,CVNA,NU,NVTS,RGTI,SHOP,TWLO,W,WULF",-0.01443678930178983,0.0021356335640147295,-0.20865881796799143,-0.2553386074691479,risk_off,True,10,15,60,shrinkage_min_variance,0.25,8.030155332771328,0.160351542017311,0.4665548306264046,2.9820880510295567,-0.21563494900154836,60,0.31641140796231204,0.4785530699147394,0.7402379565544663,False,ok
20,10,signal_shrinkage_min_variance_blend_0.25,2022,2022-08-23,"CRDO,DOCN,GH,HOOD,NU,POET,RCL,RGTI,RVMD,WULF",-0.06725331286122521,-0.03597974242968704,-0.23881165493276874,-0.18149391958730973,risk_off,True,10,15,60,shrinkage_min_variance,0.25,7.687186333923085,0.16043123920740038,0.481293717622201,2.9898900924173515,0.3543165423478052,60,0.30622119583125823,0.5720885093272917,0.49182678104721383,False,ok
20,10,signal_shrinkage_min_variance_blend_0.25,2022,2022-09-07,"CDE,CELH,ILMN,NU,OKTA,POET,QXO,RGTI,RKLB,SNOW",-0.06760161468101672,-0.0414146579002377,-0.03092124010464681,0.05783726123250052,risk_off,True,10,15,60,shrinkage_min_variance,0.25,7.981279884720507,0.16721673940385262,0.48583946761512764,2.7322818455871705,0.07149043844304122,60,0.20265286907885133,0.4708866120147633,0.39070821294897295,False,ok
20,10,signal_shrinkage_min_variance_blend_0.25,2022,2022-09-21,"CDE,HUT,NVTS,OKTA,QBTS,RGTI,RIOT,ROKU,SNOW,ZS",0.08484573686583839,0.007105101569703827,0.09643331657764549,-0.19346577844689347,risk_off,True,10,15,60,shrinkage_min_variance,0.25,7.513253573183265,0.16096709436148174,0.48290128308444524,2.941772975115949,-0.1447173651530303,60,0.3124803297552911,0.7859403039184419,0.533809322865537,False,ok
20,10,signal_shrinkage_min_variance_blend_0.25,2022,2022-10-05,"AFRM,CIFR,CVNA,HUT,IREN,PATH,RGTI,RIOT,SITM,VRT",-0.14887740009364409,-0.0415359531202562,-0.2356242483006325,-0.20445381349972866,risk_off,True,10,15,60,shrinkage_min_variance,0.25,7.414136837931325,0.16121229520372155,0.48246849069123826,2.9567701355519382,0.15330728943901892,60,0.433627753827988,0.7869453248620395,0.6459976333097285,False,ok
20,10,signal_shrinkage_min_variance_blend_0.25,2022,2022-10-19,"AA,AFRM,ASTS,CLSK,CVNA,IREN,RGTI,SITM,W,XYZ",-0.001032827159604391,0.041191466115838,-0.1241322625503775,0.046967103714000695,risk_off,True,10,15,60,shrinkage_min_variance,0.25,7.815528517171158,0.1598512023925701,0.4690102543338911,2.6770024297427053,-0.6471660484292948,60,0.3889642069888709,0.7286401011993894,0.6100741646967801,False,ok
20,10,signal_shrinkage_min_variance_blend_0.25,2022,2022-11-02,"AFRM,ASTS,CIFR,CLSK,HUT,JOBY,QBTS,RBLX,RGTI,W",-0.07345806834843074,0.05598351068559991,0.18637022581723742,0.07180570649627308,risk_off,True,10,15,60,shrinkage_min_variance,0.25,7.713870508832718,0.16709125380758275,0.4863375279826525,2.733350837173151,0.1332986322906591,60,0.3015110564250076,0.6606436182339888,0.5497184137958413,False,ok
20,10,signal_shrinkage_min_variance_blend_0.25,2022,2022-11-16,"ASTS,CIFR,CVNA,DKNG,GH,IREN,NET,QBTS,RGTI,W",-0.04378330157465147,0.02635086460682262,-0.16218503599143402,-0.3051742595480884,risk_off,True,10,15,60,shrinkage_min_variance,0.25,7.814344387148933,0.17440891275914838,0.4726788279076337,2.4207639196351236,-0.03368842825141446,60,0.2847161879422699,0.6555628044380156,0.6350520604118411,False,ok
20,10,signal_shrinkage_min_variance_blend_0.25,2022,2022-12-01,"AFRM,CVNA,DKNG,GH,IREN,MKSI,NET,RGTI,TWLO,WULF",-0.13638973781398095,-0.052744197182541384,-0.3301862377033458,-0.40893053709249666,risk_off,True,10,15,60,shrinkage_min_variance,0.25,7.165580492862197,0.17600005520115564,0.47858936916525324,2.4324180537286173,0.05497537969156635,60,0.4427802337642024,0.6981522471761653,0.7126183991504498,False,ok
20,10,signal_shrinkage_min_variance_blend_0.25,2022,2022-12-15,"CLSK,COIN,CVNA,MARA,MSTR,NET,RBLX,RIOT,W,WULF",-0.09092800877751606,-0.01653131181393959,-0.22453391011382817,0.3427091273277429,risk_off,True,10,15,60,shrinkage_min_variance,0.25,7.778372320731968,0.16430432402158066,0.4778099708807657,2.78751466497876,-0.485244877452183,60,0.48513763139751076,0.7256218757358606,0.7931320891193914,False,ok
20,10,signal_shrinkage_min_variance_blend_0.25,2022,2022-12-30,"APLD,ASTS,CLSK,COIN,CVNA,IREN,MRNA,QBTS,RBLX,WULF",0.22912269836046636,0.08835391248637042,0.44948542561980515,0.4761072683525764,risk_off,True,10,15,60,shrinkage_min_variance,0.25,7.550782890964808,0.16003372953054565,0.480101188591637,2.997924991605945,-0.3099931967674747,60,0.27025262587396354,0.5646538822693876,0.5713632320635162,False,ok
20,10,signal_shrinkage_min_variance_blend_0.25,2023,2023-01-03,"APLD,ASTS,CLSK,CVNA,IREN,MDB,QBTS,RBLX,RDW,WULF",0.19419430807073831,0.07331068777750739,0.49920351207926655,0.5623883157183059,risk_off,True,10,15,60,shrinkage_min_variance,0.25,8.274974350481436,0.15919940069672361,0.450508755732218,2.035598624288692,-0.6844571067810027,60,0.2625060697542182,0.5506137056567337,0.5826022577103903,False,ok
20,10,signal_shrinkage_min_variance_blend_0.25,2023,2023-01-18,"ASTS,CIFR,CLSK,CVNA,GH,IONQ,MARA,POET,RDW,RGTI",0.06922224805349238,0.0618947278572444,0.3463795251490087,0.30199755191069005,risk_off,True,10,15,60,shrinkage_min_variance,0.25,8.28808834011378,0.15257338817394628,0.4510415986697051,1.9896935690606354,-0.4401890360725703,60,0.2392483056289111,0.5052489046617089,0.6123176634501383,False,ok
20,10,signal_shrinkage_min_variance_blend_0.25,2023,2023-02-01,"CIFR,CVNA,MARA,POET,RDW,RGTI,RIVN,RVMD,TE,WULF",0.11554981700827839,0.009998888807399738,0.061508992038724154,-0.04288728770269207,risk_off,True,10,15,60,shrinkage_min_variance,0.25,7.529639535597766,0.17097201882047183,0.4762371810509801,1.865067945672348,-0.3464295899036703,60,0.2319544724668783,0.38744544205998577,0.5676102242514159,False,ok
20,10,signal_shrinkage_min_variance_blend_0.25,2023,2023-02-15,"CIFR,CVNA,HUT,IREN,MARA,POET,QBTS,RDW,RIOT,RIVN",-0.12173543526649455,-0.03858304425592113,-0.19331705532879495,-0.08155544278282617,risk_off,True,10,15,60,shrinkage_min_variance,0.25,7.372395501988431,0.18000000000000002,0.49230841840630246,2.0584944761168584,0.26694111720116054,60,0.21969569188578708,0.6103049527349248,0.6582747525531659,False,ok
20,10,signal_shrinkage_min_variance_blend_0.25,2023,2023-03-02,"CIFR,CRDO,GH,IONQ,PLTR,QBTS,RBLX,RDW,RIOT,TE",-0.0796927284850993,-0.03534272688975863,0.10017835242015946,0.06342143910190988,risk_off,True,10,15,60,shrinkage_min_variance,0.25,8.754860463164137,0.15503638007291257,0.4104652622002658,1.4651601222678314,0.004726114638899478,60,0.13242281034997536,0.40358527629380325,0.4341173437659159,False,ok
20,10,signal_shrinkage_min_variance_blend_0.25,2023,2023-03-16,"CIFR,HUT,JOBY,MSTR,POET,RIOT,RVMD,SHOP,TE,WULF",0.10883818863958523,0.025709445504174623,0.031626451323754703,-0.09250641833847731,risk_off,True,10,15,60,shrinkage_min_variance,0.25,7.3022735325528965,0.15865192608618067,0.47021518590209943,1.6444489465971468,0.02473850978961216,60,0.253656429969754,0.7089674987071145,0.486641955399387,False,ok
20,10,signal_shrinkage_min_variance_blend_0.25,2023,2023-03-30,"CIFR,CLSK,COIN,CVNA,HUT,LUNR,MSTR,QBTS,W,WULF",0.23760645383937867,0.01965481257348085,-0.10015117746264221,-0.11102021538690189,risk_off,False,10,15,60,shrinkage_min_variance,0.25,9.612426591063807,0.13633164164171133,0.3752257707767125,1.890586882504635,0.024037686650032978,60,0.0505903886074586,0.15449090916868136,0.8068322500766678,False,ok
20,10,signal_shrinkage_min_variance_blend_0.25,2023,2023-04-14,"AFRM,CIFR,COIN,CRDO,CVNA,HUT,MSTR,QBTS,RGTI,W",-0.07887712039458908,-0.007655776890147749,-0.17856697464513893,-0.1848345331965353,risk_off,False,10,15,60,shrinkage_min_variance,0.25,8.118255742848094,0.15608742157949324,0.4601791501785717,1.9758308536956628,0.1443907856909102,60,0.2635446097942306,0.6325933652247409,0.6546254556839038,False,ok
20,10,signal_shrinkage_min_variance_blend_0.25,2023,2023-04-28,"AAOI,CIFR,CLSK,HUT,IREN,LUNR,MARA,MSTR,ONDS,QBTS",-0.05953628218789212,-0.006691428722313886,-0.13270216352850256,0.22638380505855432,risk_off,False,10,15,60,shrinkage_min_variance,0.25,8.801207978746628,0.15667229364042584,0.45624657777165295,2.324880633987992,0.6848390006435956,60,0.05968463636388265,0.18458970980723527,0.7944460679024213,False,ok
20,10,signal_shrinkage_min_variance_blend_0.25,2023,2023-05-12,"AFRM,ASTS,CLSK,LUNR,NVTS,ONDS,PLTR,QBTS,RGTI,ZS",0.5861124457412258,0.037709752660554326,0.41251000056994425,0.4423233674214998,risk_off,False,10,15,60,shrinkage_min_variance,0.25,9.807234432016859,0.11890994958539694,0.3384112834914985,1.9929059665486863,-0.13134228642102172,60,0.02332471238016067,0.09686193492853426,0.661446431928514,False,ok
20,10,signal_shrinkage_min_variance_blend_0.25,2023,2023-05-26,"AFRM,APLD,ASTS,CLSK,COIN,CVNA,LUNR,QBTS,RGTI,SITM",0.19053779833169793,0.047973765081764666,0.24051440121801052,0.15095455638253322,risk_off,False,10,15,60,shrinkage_min_variance,0.25,9.36510346887493,0.1426965315562899,0.38838123114690726,2.110450397789419,-0.3649405218913789,60,0.06089277541214988,0.43673411193871414,0.5487660351775331,False,ok
20,10,signal_shrinkage_min_variance_blend_0.25,2023,2023-06-12,"AFRM,APLD,CIFR,CVNA,IONQ,IREN,MARA,NVTS,QBTS,RGTI",0.038992785121866755,0.016389376175423555,-0.05001332340121453,0.15371253893435813,risk_off,False,10,15,60,shrinkage_min_variance,0.25,9.168774144986362,0.14992981524859114,0.41300092054889326,2.0232883136831434,-0.7730012832682441,60,0.12940578563916805,0.5155288021853582,0.6749296330425594,False,ok
20,10,signal_shrinkage_min_variance_blend_0.25,2023,2023-06-27,"AFRM,CIFR,CVNA,IONQ,LUNR,ONDS,POET,QBTS,RGTI,RIOT",0.2536322141927604,0.05047730194989893,0.25149859546156267,0.15885660937833787,risk_off,False,10,15,60,shrinkage_min_variance,0.25,8.786501247482489,0.1520279855164381,0.4234585396170912,1.8783551069854802,-0.8297594982091523,60,0.09379716021562863,0.5821043449946719,0.5404497673779846,False,ok
20,10,signal_shrinkage_min_variance_blend_0.25,2023,2023-07-12,"CIFR,COHR,IONQ,IREN,JOBY,MARA,ONDS,RIOT,TE,WULF",-0.01857401191751908,0.01728299628939763,-0.02400074506357217,-0.14236225175453568,risk_off,True,10,15,60,shrinkage_min_variance,0.25,8.392027202782158,0.1611108976562367,0.4559376951700275,1.8898531142520003,0.4571509265612454,60,0.1865489675310849,0.6525494890709131,0.4691361663499083,False,ok
20,10,signal_shrinkage_min_variance_blend_0.25,2023,2023-07-26,"HUT,IONQ,IREN,LUNR,MARA,ONDS,RGTI,RIOT,TE,TOST",-0.07467376507167439,-0.020526187755062614,-0.17165806086902508,-0.13736404910006145,risk_off,True,10,15,60,shrinkage_min_variance,0.25,8.104544519428337,0.15676204235083677,0.46564774632511363,1.9657941141635327,-0.15185164184696873,60,0.14756836034224594,0.6583277516024516,0.4362568572417762,False,ok
20,10,signal_shrinkage_min_variance_blend_0.25,2023,2023-08-09,"AAOI,AFRM,ANET,LUNR,MARA,NTRA,QBTS,SOFI,TEAM,TOST",-0.09169458831334215,-0.020556467055393168,0.04099235462785732,0.019903131213246734,risk_off,True,10,15,60,shrinkage_min_variance,0.25,9.044650113949908,0.1410975386031412,0.40687729178902887,1.870906065338941,-0.7245062435548263,60,0.05270675784483794,0.19953024098345698,0.41208070391203916,False,ok
20,10,signal_shrinkage_min_variance_blend_0.25,2023,2023-08-23,"AAOI,ASTS,COHR,DDOG,IONQ,MXL,QBTS,ROKU,SMCI,SOFI",-0.017572429158616672,0.004657187046902513,-0.08750497918619728,-0.2085841174006419,risk_off,True,10,15,60,shrinkage_min_variance,0.25,7.955505191951454,0.18,0.48126344212683264,2.0701981860081604,0.19911777003701975,60,0.10345312698900068,0.3183762955764878,0.3983758074380649,False,ok
20,10,signal_shrinkage_min_variance_blend_0.25,2023,2023-09-07,"APP,BB,CLSK,COIN,FN,IONQ,IREN,MARA,RBLX,RGTI",-0.07726785689818554,-0.037847347405173544,-0.2056052377863402,-0.1353845446976586,risk_off,True,10,15,60,shrinkage_min_variance,0.25,8.0832616285643,0.15736625475904026,0.46640648148791114,1.77127994510652,-0.42680254654014194,60,0.1950723506636702,0.668300084373585,0.4339660265844808,False,ok
20,10,signal_shrinkage_min_variance_blend_0.25,2023,2023-09-21,"BB,CLSK,COIN,IREN,LUNR,MARA,QBTS,RBLX,RIOT,WULF",-0.06602100596908995,-0.027284402888313138,0.033512440774589716,-0.19197461495359555,risk_off,True,10,15,60,shrinkage_min_variance,0.25,8.010700614863982,0.17663944745598187,0.47140200056561105,2.253104322218417,-0.1323179793338208,60,0.2941834360207409,0.6894059180927828,0.5140767538763807,False,ok
20,10,signal_shrinkage_min_variance_blend_0.25,2023,2023-10-05,"APLD,CDE,CIFR,COHR,IONQ,QBTS,RDW,RIOT,RIVN,WBD",0.019256275712162034,-0.0001932257964155303,-0.13389908678524012,-0.00732549725203801,risk_off,True,10,15,60,shrinkage_min_variance,0.25,8.518802536836679,0.15469011752913914,0.4494741665895638,2.0427866827168146,-0.03191090575021513,60,0.14362601923455953,0.5458912609880894,0.3850375437651727,False,ok
20,10,signal_shrinkage_min_variance_blend_0.25,2023,2023-10-19,"AAOI,APLD,CIFR,GH,IONQ,ONDS,RGTI,RIOT,RIVN,SMR",0.06514543757355237,0.011969665494119153,0.09118185766744684,0.1486167369601354,risk_off,True,10,15,60,shrinkage_min_variance,0.25,8.69857214254514,0.1674724808803384,0.4357589876175015,2.2871352865908356,0.3395977767225611,60,0.11020598636175759,0.3617864914403867,0.43314013772810184,False,ok
20,10,signal_shrinkage_min_variance_blend_0.25,2023,2023-11-02,"AAOI,APLD,BE,IREN,ONDS,POET,QBTS,RGTI,RVMD,WULF",0.04729682504232488,0.040303531717569105,0.18727698902832432,0.28099480081307104,risk_off,True,10,15,60,shrinkage_min_variance,0.25,8.929573469651771,0.1763773678005287,0.4337509275252558,2.404283944509632,0.6160705484500575,60,0.09163319596110905,0.3696405196245581,0.4068631934378355,False,ok
20,10,signal_shrinkage_min_variance_blend_0.25,2023,2023-11-16,"BE,CVNA,IREN,ONDS,POET,QBTS,SMR,TE,WBD,WULF",0.18866708869438223,0.05841448131801323,0.2790382522483337,0.3325856613832645,neutral,True,10,15,60,shrinkage_min_variance,0.25,8.40297584176018,0.18,0.47042795282522215,1.9286845175492706,0.4049659536613281,60,0.11325855743947905,0.44251558733333374,0.4068286617166102,False,ok
20,10,signal_shrinkage_min_variance_blend_0.25,2023,2023-12-01,"APLD,CVNA,HOOD,IONQ,ONDS,POET,RGTI,TE,WBD,WULF",0.10664776922909848,0.04893122978168562,0.24459189417472,0.16298364362653178,neutral,True,10,15,60,shrinkage_min_variance,0.25,8.631445499838403,0.15600316183267093,0.44273163614307176,1.8696162986516227,0.3547530698800289,60,0.14700744915135786,0.3183830119209865,0.450496274415273,False,ok
20,10,signal_shrinkage_min_variance_blend_0.25,2023,2023-12-15,"APLD,CI,CIFR,HUT,ONDS,POET,QXO,RGTI,SMR,TE",0.21412048132594713,0.01182031890669316,0.0017931535983555995,-0.24024264906040457,neutral,True,10,15,60,shrinkage_min_variance,0.25,9.925271195630131,0.11999999980571747,0.3338151753184702,2.0921607098899564,0.9966698016314339,60,0.0,0.0,0.6099553286290083,False,ok
20,10,signal_shrinkage_min_variance_blend_0.25,2024,2024-01-02,"AXTI,CAVA,CDE,HUT,MP,RIVN,RKLB,SMR,TE,W",-0.10190635763459749,-0.029399467692898557,-0.27657622114129243,-0.26694202367876424,neutral,True,10,15,60,shrinkage_min_variance,0.25,7.838457681465616,0.15953083980996619,0.47676962542989393,2.363773385283671,-0.4565691875276086,60,0.24415520439157,0.5419600744123966,0.42850002162461137,False,ok
20,10,signal_shrinkage_min_variance_blend_0.25,2024,2024-01-17,"AFRM,CPNG,HUT,LUNR,MRNA,PL,POET,RGTI,RKLB,ROKU",0.10250577822738535,0.025098665846337097,-0.023918397205350005,0.047564892587387976,neutral,True,10,15,60,shrinkage_min_variance,0.25,8.730793993415286,0.15229864292705048,0.42364678507752046,2.1777243533094897,-0.19377518981783529,60,0.12984006493297567,0.398609357818053,0.38618944771941605,False,ok
20,10,signal_shrinkage_min_variance_blend_0.25,2024,2024-01-31,"AAL,BB,CDE,CPNG,CVNA,KTOS,QBTS,RGTI,SMR,W",0.11150516276991528,0.047024587430952364,-0.0037165930315859155,-0.023169994672877003,risk_off,True,10,15,60,shrinkage_min_variance,0.25,7.734678789921107,0.16676733086691775,0.4759434881321872,1.8554668314086333,-0.37689044547149386,60,0.25750558092916426,0.6072912775819626,0.3493208962395413,False,ok
20,10,signal_shrinkage_min_variance_blend_0.25,2024,2024-02-14,"AAOI,AFRM,CDE,HUT,KTOS,NVTS,RKLB,SMR,SOFI,TE",-0.057277069212252896,0.026216282681938867,-0.1375331289778919,-0.12172484583961996,risk_off,True,10,15,60,shrinkage_min_variance,0.25,7.695362372424783,0.16022465863563312,0.47876588105199513,2.431433809947806,-0.6101974630927883,60,0.3616943310309399,0.5646145700967498,0.5054267692998075,False,ok
20,10,signal_shrinkage_min_variance_blend_0.25,2024,2024-02-29,"ASTS,CIFR,FN,HUT,KTOS,NCLH,NVTS,QXO,RKLB,TE",-0.07138947728351178,0.014302197799501867,-0.09241614337030724,-0.007798676639039613,risk_off,True,10,15,60,shrinkage_min_variance,0.25,9.85183675610421,0.11766928774691701,0.3367015745395647,2.489527756326981,0.6759311006727865,60,0.005568048251601605,0.030294131969565364,0.5949534992452833,False,ok
20,10,signal_shrinkage_min_variance_blend_0.25,2024,2024-03-14,"ALB,APLD,CIEN,ECHO,MRNA,MRVL,NCLH,QBTS,RKLB,XYZ",0.03486603593499381,0.03815025314373856,-0.010103536816242382,0.004668902388569473,risk_off,True,10,15,60,shrinkage_min_variance,0.25,8.705681611127119,0.15377880756109819,0.43140739599603595,1.9855501368114128,0.1342781533229008,60,0.09477842707158325,0.238907734049684,0.30034529659262804,False,ok
20,10,signal_shrinkage_min_variance_blend_0.25,2024,2024-03-28,"AFRM,ALB,APLD,ECHO,GH,IONQ,MRVL,POET,RIVN,TE",-0.11384477184640752,-0.038564892989002675,-0.11064384266384641,-0.14824787518431662,risk_off,True,10,15,60,shrinkage_min_variance,0.25,8.747431800015807,0.15890177235573236,0.42607042001327,2.586564679118869,-0.2668487835717185,60,0.14547546416961266,0.4258964981859682,0.3546358819147011,False,ok
20,10,signal_shrinkage_min_variance_blend_0.25,2024,2024-04-12,"BB,CORZ,ECHO,GH,IREN,OKLO,ONDS,RDW,RIOT,TE",0.011019498206580512,0.008539351806518816,-0.06440492482324062,-0.020633465281626028,risk_off,True,10,15,60,shrinkage_min_variance,0.25,7.981544344401455,0.15377737736587807,0.45013899003908586,2.415934350881394,-0.27668765977300047,60,0.17343458902691902,0.6765073053110991,0.3529682181496326,False,ok
20,10,signal_shrinkage_min_variance_blend_0.25,2024,2024-04-26,"CLSK,COIN,GH,IONQ,IREN,MARA,OKLO,QXO,RIOT,TE",-0.025367692049788032,0.024649188213206327,-0.0184294776680529,0.12153976962269519,risk_off,True,10,15,60,shrinkage_min_variance,0.25,7.289178769211478,0.16186106019391794,0.48289721954398696,2.1820653555315737,-0.5007382800940617,60,0.331829335832577,0.7896162921859956,0.4775422874019294,False,ok
20,10,signal_shrinkage_min_variance_blend_0.25,2024,2024-05-10,"APLD,AXTI,CLSK,CORZ,IONQ,IREN,MARA,QXO,RGTI,RIOT",0.17928303181917457,0.018619526091145814,0.17210773009960467,0.10747218872665806,risk_off,True,10,15,60,shrinkage_min_variance,0.25,7.949977030247124,0.15829301644314414,0.4664066895319117,2.480593249077648,-0.3072143156391759,60,0.24795766377706613,0.594877332321676,0.5423059600530482,False,ok
20,10,signal_shrinkage_min_variance_blend_0.25,2024,2024-05-24,"AAOI,AXTI,CLSK,COIN,HUT,MARA,RIVN,SMCI,TSLA,W",-0.029025636453041785,0.003169644776044434,-0.04790418058976404,-0.09002652146945017,risk_off,True,10,15,60,shrinkage_min_variance,0.25,7.5548995092440565,0.1618756387559422,0.48207606171319317,2.392811892018055,0.42690147438257603,60,0.23038547990018862,0.6696796751858856,0.4135730361773884,False,ok
20,10,signal_shrinkage_min_variance_blend_0.25,2024,2024-06-10,"AAOI,AXTI,CIFR,CLSK,COIN,HUT,MARA,OKLO,QBTS,SMCI",0.02356867126795218,0.006863857156700058,-0.020081335287538925,0.07707473505524844,risk_off,True,10,15,60,shrinkage_min_variance,0.25,8.278544481503276,0.1616202782462728,0.4675225150492689,2.296472513133555,-0.16786780140912438,60,0.19777020395505143,0.5699777953147056,0.47484061030484254,False,ok
20,10,signal_shrinkage_min_variance_blend_0.25,2024,2024-06-25,"CIFR,CLSK,LUNR,NVTS,OKLO,PL,POET,QBTS,QXO,SMCI",0.053653275929488,0.01766364212468172,0.13039142014892618,-0.03770641912622353,risk_off,True,10,15,60,shrinkage_min_variance,0.25,8.857295926634752,0.15514202576590091,0.437360892577658,2.4618327151471355,-0.04733617475471585,60,0.053158631130100845,0.3113559179705953,0.40096299456570844,False,ok
20,10,signal_shrinkage_min_variance_blend_0.25,2024,2024-07-10,"AFRM,CIFR,CLSK,LUNR,OKLO,ONDS,QBTS,QXO,RGTI,SMCI",0.2111956837174669,0.0013282442513573988,-0.13828729618881408,-0.35129026817010794,risk_off,True,10,15,60,shrinkage_min_variance,0.25,9.181642106304238,0.13502931848973532,0.3907672162085718,2.1733595180433043,-0.042637388752707416,60,0.05063486191992586,0.33614455270536364,0.3899590937099817,False,ok
20,10,signal_shrinkage_min_variance_blend_0.25,2024,2024-07-24,"AAOI,CLSK,IONQ,LUNR,MSTR,OKLO,QBTS,RGTI,STRL,TE",-0.19017500919122102,-0.05553017680795661,-0.4417931491833081,-0.08286517199825724,risk_off,True,10,15,60,shrinkage_min_variance,0.25,8.37254750473156,0.15908886962176885,0.46411651265210097,2.249482498886255,0.06457556529087216,60,0.1713829565657603,0.4024116706275834,0.41619902930427766,False,ok
20,10,signal_shrinkage_min_variance_blend_0.25,2024,2024-08-07,"AAOI,CIFR,INTC,IREN,MSTR,MXL,QXO,RIOT,SMCI,TE",0.15276027631660274,0.09272888040232813,0.3782678166199033,0.010610718224833183,risk_off,True,10,15,60,shrinkage_min_variance,0.25,8.525197047314073,0.157955283944818,0.44922866803427336,2.8515140169534687,0.2861692506868547,60,0.17544255089090302,0.5430281254969755,0.536720289084478,False,ok
20,10,signal_shrinkage_min_variance_blend_0.25,2024,2024-08-21,"AAOI,APLD,CORZ,MOD,MP,ONTO,QBTS,QXO,RDW,WULF",-0.031085713442132998,-0.022257370920621175,-0.4488088308285617,-0.011955960979015483,risk_off,True,10,15,60,shrinkage_min_variance,0.25,8.388910317934652,0.15762228027468647,0.45348317407250993,1.9046882471628486,-0.3060679285674907,60,0.14522267310518353,0.46856442947814103,0.5128407824910656,False,ok
20,10,signal_shrinkage_min_variance_blend_0.25,2024,2024-09-05,"APLD,AXTI,IREN,MXL,ONTO,QBTS,QXO,RDW,RGTI,WULF",0.04386960528798598,0.0507676579525406,0.3701839393890022,0.2767916870957506,risk_off,True,10,15,60,shrinkage_min_variance,0.25,8.700497838063532,0.14883836954561672,0.43761134712126504,2.5279883281537794,-0.2635298559164506,60,0.15296433882071805,0.4403720902935377,0.5600984703837314,False,ok
20,10,signal_shrinkage_min_variance_blend_0.25,2024,2024-09-19,"ALAB,FSLR,HUT,MSTR,MXL,ONTO,QXO,SMR,WBD,WULF",0.024454230587143935,0.004308816602763692,-0.0282820504857404,0.10066427948900347,risk_on,True,10,15,60,shrinkage_min_variance,0.25,8.359289053754377,0.16003097123308235,0.45551411069521014,2.1428845261221445,0.201553911372477,60,0.15025743083194543,0.47214589458019435,0.4712111707781571,False,ok
20,10,signal_shrinkage_min_variance_blend_0.25,2024,2024-10-03,"ALB,AXTI,CLSK,HUT,IREN,JOBY,MARA,NVTS,SMCI,WULF",0.08563719877112186,0.04191889970440256,0.11881585807607924,0.06727026761144919,risk_on,True,10,15,60,shrinkage_min_variance,0.25,7.576156098124762,0.17163928430612044,0.48374582638397023,2.616857861371453,0.20957844274405119,60,0.43847821131118103,0.8054179711349811,0.5756529863859676,False,ok
20,10,signal_shrinkage_min_variance_blend_0.25,2024,2024-10-17,"ASTS,AXTI,HUT,IREN,JOBY,NVTS,QBTS,SMCI,TEM,WULF",-0.06045763036034973,-0.02049893132552613,0.002774658687138812,0.07703897140173797,risk_on,True,10,15,60,shrinkage_min_variance,0.25,7.7445502838571345,0.16251114156562368,0.48391368223589054,2.4960366191947996,0.275565478179041,60,0.2827908717373827,0.581199922657663,0.5392844476683424,False,ok
20,10,signal_shrinkage_min_variance_blend_0.25,2024,2024-10-31,"AFRM,ASTS,CELH,COIN,IREN,MARA,NXT,QBTS,TEM,TSLA",0.22791722248308982,0.06230470323885579,0.016851239044824207,0.037598942517142526,risk_on,True,10,15,60,shrinkage_min_variance,0.25,7.964525458673703,0.16268576828259518,0.48212000572343805,2.42638943418253,0.1559687511140686,60,0.19860768330327086,0.5403340632603217,0.4090422748350542,False,ok
20,10,signal_shrinkage_min_variance_blend_0.25,2024,2024-11-14,"ASTS,HIMS,IREN,JOBY,MXL,NXT,RIVN,SMCI,TEM,THC",0.1858244023863263,0.055127585081780665,0.18362711295075795,0.19946060256473908,risk_on,True,10,15,60,shrinkage_min_variance,0.25,8.654305892082197,0.15828168956190408,0.44516066608014665,2.2258351737365487,0.18628696139235537,60,0.09520684302609046,0.3233418488716505,0.3763412545219218,False,ok
20,10,signal_shrinkage_min_variance_blend_0.25,2024,2024-11-29,"ASTS,ECHO,FN,MELI,MXL,RIVN,SMCI,TEM,VRT,W",0.04638318889281438,-0.012660488783225895,0.12366425646468004,0.020253635931067507,risk_on,True,10,15,60,shrinkage_min_variance,0.25,7.872897585703573,0.1599985900270801,0.4631339792879077,2.5202756657263223,-0.05506534074871272,60,0.1108038473474984,0.3127168996266696,0.309814751290945,False,ok
20,10,signal_shrinkage_min_variance_blend_0.25,2024,2024-12-13,"ASTS,AXTI,CIFR,MARA,MP,MRNA,POET,SMCI,VRT,WULF",-0.06622198312708008,-0.03021174637009178,-0.17681707199911764,-0.009850936113011879,risk_on,True,10,15,60,shrinkage_min_variance,0.25,8.237231518034179,0.16479558274258935,0.4822124976392942,2.225670308274976,0.0534223882032423,60,0.11139390865258954,0.5466542629649078,0.39548762172500634,False,ok
20,10,signal_shrinkage_min_variance_blend_0.25,2024,2024-12-30,"ASTS,AXTI,HOOD,MRVL,MU,ODFL,OKLO,RIVN,USAR,WBD",0.07003395938094172,0.026094971636684786,0.08352596213158793,0.017308775727566793,risk_on,True,10,15,60,shrinkage_min_variance,0.25,8.286984263220578,0.15585172805275432,0.46265757687046494,2.002605596476613,-0.7960859442157844,60,0.11761265654457453,0.40739171123795037,0.3050511801447792,False,ok
20,10,signal_shrinkage_min_variance_blend_0.25,2025,2025-01-02,"ASTS,FTAI,HOOD,JOBY,MU,OKLO,RIOT,RIVN,STLD,USAR",0.061242699469232456,0.03876436474044464,0.11628777231471593,-0.020821861286343925,risk_on,True,10,15,60,shrinkage_min_variance,0.25,7.634516838372504,0.1655956155492055,0.49338821866487265,2.38642694444825,0.4256112549473908,60,0.12301467445670268,0.5983850739203705,0.32239836862157945,False,ok
20,10,signal_shrinkage_min_variance_blend_0.25,2025,2025-01-17,"CLSK,COIN,CVNA,JOBY,MSTR,MU,RIOT,SMCI,SMR,TEM",0.033440538855547215,0.008491856842083046,-0.09334434361763874,0.019796335660454703,risk_on,True,10,15,60,shrinkage_min_variance,0.25,7.938770735193045,0.1585545459992739,0.473567274358742,2.603626463738129,-0.1600904988681566,60,0.2721391261017625,0.7084858656125046,0.5846535376154548,False,ok
20,10,signal_shrinkage_min_variance_blend_0.25,2025,2025-02-03,"APLD,CIFR,CLSK,FN,IREN,MARA,MSTR,RIOT,SMR,WULF",0.026568063593403864,0.02749779911001651,0.03907129603602874,-0.38041240616921745,risk_on,True,10,15,60,shrinkage_min_variance,0.25,7.407664011270723,0.16868110416222556,0.47859195061550497,2.3166410720812,-0.03153059789403159,60,0.5185657773781702,0.7600758654238257,0.8369167851735422,False,ok
20,10,signal_shrinkage_min_variance_blend_0.25,2025,2025-02-18,"CIEN,CIFR,FN,FTAI,IREN,MRNA,NVTS,QBTS,RKLB,SMTC",-0.17763418725126076,-0.07831040519783085,-0.41032740624463504,-0.2914614388112811,risk_off,True,10,15,60,shrinkage_min_variance,0.25,8.15048656836664,0.16060425075007817,0.46911176014429923,2.2702640837108277,0.08666848661488313,60,0.1407127368358322,0.6195647122902105,0.46668155956743823,False,ok
20,10,signal_shrinkage_min_variance_blend_0.25,2025,2025-03-04,"ALAB,APLD,FTAI,IONQ,MOD,NVTS,ONDS,POET,QBTS,TE",0.07231668831958503,-0.011258507028811935,-0.043736199342148445,-0.22267624545882506,risk_off,True,10,15,60,shrinkage_min_variance,0.25,8.107947430911155,0.16105986614944898,0.4624618424845435,2.6394086559051115,-0.5545194810594205,60,0.22184332121980585,0.5870686206651523,0.6290283731342223,False,ok
20,10,signal_shrinkage_min_variance_blend_0.25,2025,2025-03-18,"AAOI,ALAB,LITE,LUNR,MOD,MSTR,NU,POET,SMTC,TLN",-0.031060222468124656,-0.009137089693136213,-0.29176515606771625,-0.24366286419518365,risk_off,True,10,15,60,shrinkage_min_variance,0.25,7.480807036742903,0.16700561770230396,0.47841303940475655,2.5978787639846446,-0.5996570564862879,60,0.3873352124753802,0.6240542290938462,0.6143344844808144,False,ok
20,10,signal_shrinkage_min_variance_blend_0.25,2025,2025-04-01,"AAOI,CLSK,HUT,IONQ,IREN,LUNR,RGTI,RKLB,SMTC,USAR",0.06806570234088591,-0.04922203952077082,-0.1282322280064855,0.17173043504327065,neutral,True,10,15,60,shrinkage_min_variance,0.25,7.8579555212310055,0.16057430937002687,0.4711456083338296,2.966732035813671,-0.3789122381107329,60,0.26117777374060447,0.5814129810125366,0.7372082420685737,False,ok
20,10,signal_shrinkage_min_variance_blend_0.25,2025,2025-04-15,"AAOI,APLD,HUT,LUNR,OKLO,ONDS,RDDT,RDW,TEM,WULF",0.12074288777374843,0.049401892970434166,0.4031463936121158,0.6210310408383999,risk_on,True,10,15,60,shrinkage_min_variance,0.25,7.794279261101959,0.1618554692580914,0.47558587223154897,2.909713997460684,-0.28189950542472597,60,0.4271244250126899,0.666183820238185,0.8789334565594514,False,ok
20,10,signal_shrinkage_min_variance_blend_0.25,2025,2025-04-30,"AAOI,ASTS,CIFR,DAL,LUNR,NVTS,OKLO,PL,RDW,TER",0.20324678950139793,0.08257115839521444,0.6591009734156393,0.49914492178157993,risk_on,True,10,15,60,shrinkage_min_variance,0.25,7.602566184742998,0.1596162205985086,0.4760352524838457,1.4444220993601822,-0.3870357598459141,60,0.5029793760968203,0.6668603077960389,0.7402500472906246,False,ok
20,10,signal_shrinkage_min_variance_blend_0.25,2025,2025-05-14,"APLD,ASTS,AXTI,CIFR,DOCN,LSCC,ONDS,RDW,VSH,XYZ",0.0015321578251569358,0.006259719356398494,-0.10435934196048963,0.15937865664006653,risk_on,True,10,15,60,shrinkage_min_variance,0.25,8.053161924563783,0.16243683711286558,0.4700841293390402,2.554763017393362,0.5050104716622844,60,0.37584824603007927,0.6355319246132541,0.6565834275941703,False,ok
20,10,signal_shrinkage_min_variance_blend_0.25,2025,2025-05-29,"AAOI,AFRM,ASTS,AXTI,CLSK,FTAI,LSCC,MARA,MRNA,RDDT",0.18375741632588471,0.04646953903665356,0.41746334223582127,0.4349128124094497,risk_off,True,10,15,60,shrinkage_min_variance,0.25,7.958519133824269,0.16469416136668774,0.4816913373822879,2.414945355268169,-0.09877098197149002,60,0.44533665616642326,0.7647589332154462,0.6533543785028013,False,ok
20,10,signal_shrinkage_min_variance_blend_0.25,2025,2025-06-12,"CLSK,ENPH,MARA,NET,PL,RBLX,RDDT,RGTI,RKLB,TSLA",0.08312009445265169,0.02396039914131386,0.15383304240814907,0.2044936006979426,risk_off,True,10,15,60,shrinkage_min_variance,0.25,8.47151399053857,0.16298520788195306,0.4821596948059472,2.5439873926605636,0.13113295834159783,60,0.29770539497326687,0.6608471238688269,0.5036713151259318,False,ok
20,10,signal_shrinkage_min_variance_blend_0.25,2025,2025-06-27,"ALAB,CLSK,ENPH,FSLR,PL,RBLX,TE,TEM,TSLA,USAR",0.043483819453727125,0.028094574840325917,0.2297044663824032,0.2727732678258654,risk_off,True,10,15,60,shrinkage_min_variance,0.25,8.98294337356307,0.1534423553158648,0.41098116713251176,2.572305414479902,-0.33576894844546834,60,0.18609186635669994,0.36245306396230054,0.48708046703540375,False,ok
20,10,signal_shrinkage_min_variance_blend_0.25,2025,2025-07-14,"ALAB,CNC,CORZ,ECHO,ENPH,FSLR,IONQ,RGTI,SITM,TE",0.029199134296314974,0.02099587872693245,0.10887773412400213,-0.019051660663882516,risk_off,True,10,15,60,shrinkage_min_variance,0.25,9.313752226837538,0.17144574013507746,0.3883848805895708,2.437346505748426,0.635222667871171,60,0.056339650659333676,0.3206154111842886,0.3610915134003344,False,ok
20,10,signal_shrinkage_min_variance_blend_0.25,2025,2025-07-28,"APLD,CNC,HIMS,IONQ,LUNR,MARA,QBTS,RDW,TE,USAR",-0.03676574497994482,-0.0124246768190232,-0.0541204603785148,0.005902344034344923,risk_off,True,10,15,60,shrinkage_min_variance,0.25,8.839250610259112,0.16806089274209296,0.4346375467252732,2.7465223870951214,0.7945541414769997,60,0.07311500768779336,0.3030892926512676,0.42475234747799556,False,ok
20,10,signal_shrinkage_min_variance_blend_0.25,2025,2025-08-11,"AXTI,CHTR,CVNA,DOCN,FTAI,GH,OKLO,QBTS,RDW,TER",0.0826342918192659,0.031742555384127666,0.1821535373575194,0.2728647845566482,risk_off,True,10,15,60,shrinkage_min_variance,0.25,8.71197598182845,0.15405679103240855,0.44361827642728124,2.107914774921331,-0.6196311111060756,60,0.07206267978476799,0.39344663164781857,0.29551497141644406,False,ok
20,10,signal_shrinkage_min_variance_blend_0.25,2025,2025-08-25,"AAOI,CLS,CVNA,HUT,OKLO,RBLX,RDW,RGTI,RIOT,ROKU",0.09172210961587979,0.02140993751554376,0.24023424670260876,0.34408180058516563,risk_off,True,10,15,60,shrinkage_min_variance,0.25,7.974638113783165,0.1642075455438033,0.4825351068102352,2.4391542419553827,-0.09696232310440087,60,0.23081981564128332,0.5829709696345705,0.3814266452396849,False,ok
20,10,signal_shrinkage_min_variance_blend_0.25,2025,2025-09-09,"AAOI,APLD,HOOD,HUT,KGC,NXT,PL,RGTI,RKLB,SMR",0.21550039068940935,0.04370804273897294,0.3318499113640434,0.29720111593729065,risk_off,True,10,15,60,shrinkage_min_variance,0.25,8.688456640296442,0.1667807257818775,0.4525972732086465,2.5764133915835377,0.4003540404520361,60,0.09884633839397455,0.318034818030521,0.34045945587937604,False,ok
20,10,signal_shrinkage_min_variance_blend_0.25,2025,2025-09-23,"AAOI,AFRM,HIMS,MRVL,PL,POET,RDW,RKLB,SMR,SNOW",0.11272844503408977,0.019671963845306072,0.123192708423835,0.16998954051640727,risk_off,True,10,15,60,shrinkage_min_variance,0.25,9.713321433244811,0.129869141844217,0.36407917671879114,2.616764617693895,0.35554892279528594,60,0.042718964065051344,0.10339734951861153,0.29917806847026396,False,ok
20,10,signal_shrinkage_min_variance_blend_0.25,2025,2025-10-07,"AAOI,ALAB,HIMS,NVTS,ORCL,POET,RDW,RKLB,RMBS,SMR",0.02957528376837667,0.007178924347688331,0.15413869312932474,0.04143831653954678,risk_off,True,10,15,60,shrinkage_min_variance,0.25,9.919259007768552,0.10990639030545628,0.3239627132053617,2.176377532412771,0.6057145090138916,60,0.02210639046570839,0.09453195364439931,0.30264065162691084,False,ok
20,10,signal_shrinkage_min_variance_blend_0.25,2025,2025-10-21,"AAOI,CDE,CLS,FICO,JOBY,MARA,NVTS,SMR,SMTC,TEM",-0.03853525220534655,-0.014872487691560386,-0.04663713614500126,-0.23309716836033537,risk_off,True,10,15,60,shrinkage_min_variance,0.25,7.644321741787942,0.16884488202721498,0.46142436627110545,2.2723128220651234,0.60674589446482,60,0.1530305095399883,0.38069922945884554,0.34502619289858133,False,ok
20,10,signal_shrinkage_min_variance_blend_0.25,2025,2025-11-04,"AA,ALB,CRDO,ENTG,FISV,HL,KVUE,RDDT,RMBS,SITM",0.02648680121217167,-0.022435499193692334,-0.33157468621432973,0.019748863469426604,risk_off,True,10,15,60,shrinkage_min_variance,0.25,9.081403801989143,0.15989419631424012,0.4216520689668926,2.213361121132818,0.3646144458913008,60,0.09555333356703764,0.2913079480154465,0.2747752755452907,False,ok
20,10,signal_shrinkage_min_variance_blend_0.25,2025,2025-11-18,"ALAB,CVNA,EXPE,FISV,MRNA,ONDS,RDDT,SMR,STX,W",0.07329046087342281,0.055713208470791704,0.3484590112881119,0.1862982670777028,risk_off,True,10,15,60,shrinkage_min_variance,0.25,9.065704314936415,0.14168159918500417,0.4193952968185399,2.2828497316425933,-0.04509674451333857,60,0.05963227373219777,0.22315789140887213,0.3037364342083404,False,ok
20,10,signal_shrinkage_min_variance_blend_0.25,2025,2025-12-03,"AFRM,HOOD,LUNR,MOD,MP,ONDS,POET,TTMI,USAR,WULF",-0.09084405584852233,-0.007919288069769227,-0.1442284878369189,0.08873071118191897,risk_off,True,10,15,60,shrinkage_min_variance,0.25,8.085821336141375,0.1571425952656921,0.47070549650930915,2.2943779602098546,-0.2601254084473222,60,0.2791894201072166,0.5962630552845642,0.48727792077476445,False,ok
20,10,signal_shrinkage_min_variance_blend_0.25,2025,2025-12-17,"APLD,CIFR,CLSK,HOOD,HUT,LUNR,NVTS,QBTS,RGTI,USAR",0.2115420475791146,0.03438657190961965,0.39560976740688025,0.3310499318709211,risk_off,True,10,15,60,shrinkage_min_variance,0.25,8.559025233797065,0.1634209819842281,0.45815325935736645,2.629241762458425,-0.49322821074634887,60,0.4704523261783225,0.8517859418446305,0.777811771131376,False,ok
20,10,signal_shrinkage_min_variance_blend_0.25,2026,2026-01-02,"ALAB,BE,CORZ,IONQ,IREN,NVTS,RGTI,RIVN,TTMI,USAR",0.1550747879115653,0.04592265680505814,0.22054039674752626,0.018092089236777253,risk_off,True,10,15,60,shrinkage_min_variance,0.25,7.457758871372963,0.16062041180176762,0.47479001849409624,2.7354375035471,-0.17580434614813828,60,0.36715879754896863,0.757102220971529,0.5925110374134979,False,ok
20,10,signal_shrinkage_min_variance_blend_0.25,2026,2026-01-16,"ALAB,CIFR,CLSK,ECHO,IONQ,MARA,OKLO,QBTS,RGTI,SMR",-0.18235293933118674,-0.009903833912982694,-0.28051387571717,-0.24197931695478764,risk_off,True,10,15,60,shrinkage_min_variance,0.25,7.6336584096131,0.16829452565265524,0.48143329339937646,2.647084876733795,-0.23689778891832927,60,0.4796820784764086,0.8775325304798374,0.61414481383299,False,ok
20,10,signal_shrinkage_min_variance_blend_0.25,2026,2026-02-02,"AMKR,AU,CIFR,CLS,HUT,INTC,MP,OKLO,RIOT,WULF",0.008278088030562578,0.003258543217893794,-0.17895336440321932,-0.25019486878882913,risk_off,True,10,15,60,shrinkage_min_variance,0.25,7.768213619474067,0.15784707515203183,0.47205476001872015,2.2508894030382445,-0.4462443999601161,60,0.3828982483712396,0.7479667358533951,0.49300830260766043,False,ok
20,10,signal_shrinkage_min_variance_blend_0.25,2026,2026-02-17,"CDE,CLS,CORZ,DDOG,EL,NET,PINS,RIVN,RVMD,SPOT",0.0030067656340141244,0.006937345951593162,-0.07442603463526325,-0.03729178564215712,risk_off,True,10,15,60,shrinkage_min_variance,0.25,9.052694322843045,0.16215040627636104,0.41034906558155015,2.0368184574648383,0.4522026612713932,60,0.07918178210445502,0.27942308340807365,0.2605059336817767,False,ok
20,10,signal_shrinkage_min_variance_blend_0.25,2026,2026-03-03,"APP,AXON,COIN,HUBS,POET,RBRK,RGTI,RIVN,SPOT,XYZ",-0.02881615735993848,-0.015694294712545805,0.059049503032388345,-0.060192915660922656,risk_off,True,10,15,60,shrinkage_min_variance,0.25,8.211566063298262,0.1563133411317761,0.44553518336145803,2.05931359457778,-0.6210047326761858,60,0.22387921643921563,0.48518692897872534,0.38841931678439146,False,ok
20,10,signal_shrinkage_min_variance_blend_0.25,2026,2026-03-17,"CIFR,COIN,FICO,FLUT,HL,IONQ,RDW,RGTI,TEAM,W",-0.08968115422015453,-0.02254958857843178,-0.1986154392285275,0.2901212314478354,risk_off,True,10,15,60,shrinkage_min_variance,0.25,7.151493248577013,0.17259152057687574,0.5047361529988589,2.632795286548429,0.45689380215983527,60,0.2501110779314135,0.7851828793349107,0.36691500105040575,False,ok
20,10,signal_shrinkage_min_variance_blend_0.25,2026,2026-03-31,"ALAB,APLD,CIFR,CLSK,CRDO,HL,IREN,MU,RDW,TE",0.3823227244536831,0.07476134006191577,0.5237020628082512,0.3138909195636782,risk_off,True,10,15,60,shrinkage_min_variance,0.25,7.237320831237182,0.16311904355300422,0.47658846306859765,2.894219625188175,0.2835353837958081,60,0.4193668223730791,0.7889053052790459,0.6221173429018338,False,ok
20,10,signal_shrinkage_min_variance_blend_0.25,2026,2026-04-15,"APP,MOD,MP,MU,NVTS,OKLO,RDW,SMR,SMTC,TEM",0.017875999732429593,0.007164375328154752,-0.008991924615117056,0.24371460840588607,risk_off,True,10,15,60,shrinkage_min_variance,0.25,7.1518916885032695,0.16227364172772213,0.4852191822819481,2.198660411008377,0.19179416021993353,60,0.3474665914702291,0.7662350917810049,0.47853794800648214,False,ok
20,10,signal_shrinkage_min_variance_blend_0.25,2026,2026-04-29,"FICO,IREN,LYB,MP,NET,NXT,OKLO,TE,TEAM,TEM",0.07136576759418582,0.043709481522160115,0.2388898515594062,0.35280803523214094,risk_off,True,10,15,60,shrinkage_min_variance,0.25,8.058279976099339,0.1647316415967816,0.48269397923439794,2.329736472896349,0.055511248995746824,60,0.13611619387165239,0.6859861638146025,0.30154478615860264,False,ok
20,10,signal_shrinkage_min_variance_blend_0.25,2026,2026-05-13,"ALB,ENPH,FIX,FTAI,MP,RDDT,RGTI,TE,TER,ZTS",0.16178841991412157,0.04661327358101235,0.23534777622623007,0.04743792799830555,risk_off,True,10,15,60,shrinkage_min_variance,0.25,7.735441652832478,0.16005364115749854,0.47817085249827795,2.0431066847751422,0.18267617257527577,60,0.2394132731002674,0.524346183170343,0.36483812687386163,False,ok
20,10,signal_shrinkage_min_variance_blend_0.25,2026,2026-05-28,"ANET,FORM,FTAI,HIMS,KTOS,NET,NXPI,SHOP,TER,W",-0.021660854223629882,-0.007783458915812064,-0.22918170722935896,-0.1991334859883724,risk_off,True,10,15,60,shrinkage_min_variance,0.25,8.801731652241696,0.16526031716214873,0.4376709703375354,2.239087210794299,-0.03655304737020304,60,0.14690990075670682,0.43417427355572163,0.34936481206743175,False,ok
20,10,signal_shrinkage_min_variance_blend_0.50,2021,2021-01-04,"AXTI,CVNA,EQT,NET,PLTR,QXO,SITM,STRL,THC,WDC",0.1930824780522007,0.07030973856078798,0.25833680457444064,0.22737856291916733,risk_off,True,10,15,60,shrinkage_min_variance,0.5,9.37065606637564,0.1385533464939758,0.39724954879065555,3.0,,60,0.0747370259332639,0.2750610385754208,0.2834619944464874,False,ok
20,10,signal_shrinkage_min_variance_blend_0.50,2021,2021-01-19,"CDE,CVNA,HL,MP,MRNA,NET,PLTR,SNOW,W,WDC",0.0682652636321792,-0.010274998055037218,-0.09944960954464188,0.2417731730130608,risk_off,True,10,15,60,shrinkage_min_variance,0.5,9.494978184104882,0.1247936625695882,0.369432013457725,2.8691522086409775,-0.2524014396782678,60,0.1489595532220908,0.6808908488875026,0.3829028095358816,False,ok
20,10,signal_shrinkage_min_variance_blend_0.50,2021,2021-02-02,"CCJ,CDE,CVNA,ENPH,HL,INSM,MP,OXY,PAAS,PLTR",0.08110132491309027,0.058056854757281895,0.32937203498193474,0.17105479895492223,risk_off,True,10,15,60,shrinkage_min_variance,0.5,9.064505693335802,0.1448034062301711,0.4139997787220072,2.873780679673504,-0.3940099940092626,60,0.1432281114459301,0.7794679591248602,0.39592521973833705,False,ok
20,10,signal_shrinkage_min_variance_blend_0.50,2021,2021-02-17,"BE,CDE,CELH,CLSK,ENPH,HL,INSM,NTRA,PAAS,RVMD",-0.07312178030687264,-0.017086850018389037,0.045086684235397245,0.01581838817925182,risk_off,True,10,15,60,shrinkage_min_variance,0.5,9.06458819673477,0.1461334881973556,0.40978282252133824,2.8568019553041437,-0.2270617429567851,60,0.17274358280402777,0.802938299091341,0.3860272090612133,False,ok
20,10,signal_shrinkage_min_variance_blend_0.50,2021,2021-03-03,"AXTI,CDE,CELH,CLSK,HL,MSTR,MXL,ONDS,W,WULF",0.03111729982490849,0.04286819959595054,-0.023320999873354235,-0.3167486979013101,risk_off,True,10,15,60,shrinkage_min_variance,0.5,9.411905195492002,0.14487541566659445,0.3949401193215291,2.903571369476168,0.15472136355998134,60,0.13983260347892137,0.6822927219103897,0.48129150208616334,False,ok
20,10,signal_shrinkage_min_variance_blend_0.50,2021,2021-03-17,"AXTI,BE,CVNA,MSTR,MXL,ONDS,PLTR,RKLB,TWLO,W",-0.08859383644239459,-0.010537424443842812,-0.4245636738510876,-0.25777114827080255,risk_on,True,10,15,60,shrinkage_min_variance,0.5,9.020324683101071,0.14160946940538197,0.40849390197376845,2.7189087930243976,0.29560583420969283,60,0.21286320434849734,0.4443655916980294,0.4636232199673689,False,ok
20,10,signal_shrinkage_min_variance_blend_0.50,2021,2021-03-31,"AXTI,BE,CELH,ENPH,HIMS,HUT,MP,MSTR,ONDS,TSLA",-0.014131350767424118,0.03583900671621776,-0.03899371576334937,-0.13678027560331857,risk_on,True,10,15,60,shrinkage_min_variance,0.5,9.04315820747302,0.14107251882194177,0.4232175564658253,2.975303076874096,-0.048898056552646604,60,0.27818841881106804,0.5347619308669636,0.6179917113360088,False,ok
20,10,signal_shrinkage_min_variance_blend_0.50,2021,2021-04-15,"AXTI,BE,CELH,CLSK,ENPH,HUT,MARA,MP,MSTR,QXO",-0.024706811859310323,0.008869373278152688,-0.14977533971793963,-0.3550078438848738,risk_on,True,10,15,60,shrinkage_min_variance,0.5,8.72273098307932,0.14923585689491362,0.4360128458251824,2.80938297018307,-0.019735340779010863,60,0.3344929676878847,0.7186400923036146,0.6926376722044392,False,ok
20,10,signal_shrinkage_min_variance_blend_0.50,2021,2021-04-29,"BE,CELH,CLSK,ENPH,HIMS,HUT,MSTR,ONDS,QXO,RIOT",-0.22633154303338787,-0.03460121515501072,-0.304001814956624,-0.014429517717168508,risk_on,True,10,15,60,shrinkage_min_variance,0.5,8.651470478192568,0.14098984556276947,0.41949358064592746,2.971706820947994,-0.26250260567459255,60,0.28437959208487307,0.6777904643034492,0.6311987179182545,False,ok
20,10,signal_shrinkage_min_variance_blend_0.50,2021,2021-05-13,"CCJ,CDE,CELH,EQT,HL,MARA,MP,RIOT,SHOP,SITM",0.1863760902931223,0.04738176771365853,0.3740547651377887,0.38543294876363476,risk_off,True,10,15,60,shrinkage_min_variance,0.5,9.034961139016126,0.13531487675859466,0.4024358629299963,2.9301514156338797,-0.6762003885334665,60,0.2990643164490036,0.8847462125996447,0.49997024579952143,False,ok
20,10,signal_shrinkage_min_variance_blend_0.50,2021,2021-05-27,"BE,CCJ,CLSK,DASH,HIMS,HUT,MARA,ONDS,RIOT,SITM",0.01776468563344408,0.02033109660006305,0.15765067933687468,0.221701974905471,risk_off,True,10,15,60,shrinkage_min_variance,0.5,8.819034509871013,0.14229017582051368,0.41852677556002443,2.931207453879413,-0.17660908009777765,60,0.40815001799286244,0.8750250560799142,0.6281056775973235,False,ok
20,10,signal_shrinkage_min_variance_blend_0.50,2021,2021-06-11,"AFRM,ASTS,CLSK,DASH,HIMS,HUT,MARA,ONDS,POET,RIOT",-0.0013104247524512395,0.0047539965984023744,-0.018855411686483012,-0.12474482022892026,risk_off,True,10,15,60,shrinkage_min_variance,0.5,8.89634482687608,0.14,0.4144899052589829,3.0,,60,0.2282158565856552,0.7454754338868148,0.5063063274426409,False,ok
20,10,signal_shrinkage_min_variance_blend_0.50,2021,2021-06-25,"AFRM,ASTS,AXTI,CLSK,HUT,MARA,MSTR,ONDS,POET,RIOT",0.039126772215394325,0.005006235888459096,-0.3303939101029276,-0.3845213329025605,risk_off,True,10,15,60,shrinkage_min_variance,0.5,8.839886346556446,0.14016855553372493,0.41882011126392554,2.995267312785996,-0.3540957709589305,60,0.23656960623577036,0.7788178702447897,0.48774931133249194,False,ok
20,10,signal_shrinkage_min_variance_blend_0.50,2021,2021-07-12,"AXTI,BB,HUT,MARA,MSTR,OXY,POET,RBLX,RIOT,STRL",-0.02760782277492606,-0.004550332550037896,-0.42440856730260135,-0.24434032378922488,risk_off,True,10,15,60,shrinkage_min_variance,0.5,8.988227299010404,0.13867523653303673,0.4147655132868774,2.9706729669099188,-0.5248489279570109,60,0.20227049818068482,0.8461623042819173,0.3981337381772059,False,ok
20,10,signal_shrinkage_min_variance_blend_0.50,2021,2021-07-26,"AA,ASTS,CCL,COIN,HUT,MARA,MSTR,NCLH,RIOT,TE",0.09865038817933218,0.016342206127531962,0.06646754373851718,-0.17801495266771503,risk_off,True,10,15,60,shrinkage_min_variance,0.5,8.675887235493486,0.14,0.42000000000000004,3.0,,60,0.19602658992008593,0.7965292684172393,0.3830620893484904,False,ok
20,10,signal_shrinkage_min_variance_blend_0.50,2021,2021-08-09,"AA,AFRM,ASTS,CCL,CLSK,DOCN,HIMS,JOBY,NCLH,RIOT",-0.02963969481576599,-0.002709470172841376,-0.3698986180113055,-0.09160786047325677,risk_off,True,10,15,60,shrinkage_min_variance,0.5,9.359421266513067,0.14045119949661017,0.39684128521022455,2.988298628338772,-0.317231544487793,60,0.09813968490533871,0.46661282146373884,0.3040928741454069,False,ok
20,10,signal_shrinkage_min_variance_blend_0.50,2021,2021-08-23,"AA,AFRM,ASTS,CLSK,DOCN,HIMS,JOBY,ONDS,RIOT,TE",0.13215814619378688,0.022358568293754644,0.2455596133686562,0.14392889544554638,risk_off,True,10,15,60,shrinkage_min_variance,0.5,9.804291079311357,0.11544008612312898,0.33535660189104044,2.982401923077465,-0.13495361487083465,60,0.045087783270591555,0.24372629630090215,0.3066747335530687,False,ok
20,10,signal_shrinkage_min_variance_blend_0.50,2021,2021-09-07,"APP,ASTS,CIFR,CLSK,HIMS,JOBY,ONDS,RIOT,SOFI,TE",-0.028661574662734533,-0.03279268938912169,-0.028896012938420687,0.05346622045751869,risk_off,True,10,15,60,shrinkage_min_variance,0.5,9.582610822265151,0.14028968000331424,0.3761163346652187,2.9950189916655665,0.2562286693347132,60,0.03771090728268124,0.31138464093280865,0.26839631355819527,False,ok
20,10,signal_shrinkage_min_variance_blend_0.50,2021,2021-09-21,"APP,ASTS,AXTI,CIFR,CLSK,HUT,MARA,ONDS,RDW,WULF",0.01466225019333282,0.008895212668288804,0.16470690600024102,0.19162832880431827,risk_off,True,10,15,60,shrinkage_min_variance,0.5,8.970997767037476,0.1408198830327438,0.42245964909823136,2.991796130512702,0.5252869365084291,60,0.12011120875915632,0.47297492867813923,0.3261218006952858,False,ok
20,10,signal_shrinkage_min_variance_blend_0.50,2021,2021-10-05,"APP,ASTS,AXTI,CIFR,CLSK,IONQ,MARA,ONDS,POET,RKLB",0.08618041260209812,0.044197449144180785,0.06836395559596606,0.16894520457524875,risk_off,True,10,15,60,shrinkage_min_variance,0.5,9.410853771774775,0.13149166552085428,0.3813146500948113,3.0,,60,0.06831723132210603,0.38059533030608406,0.29551811082545204,False,ok
20,10,signal_shrinkage_min_variance_blend_0.50,2021,2021-10-19,"AA,BB,BE,CIFR,IONQ,JOBY,ONDS,POET,RDW,RIOT",0.12148814003130673,0.0274391614111111,0.158929877660065,0.21699465291040262,risk_off,True,10,15,60,shrinkage_min_variance,0.5,9.89186325608367,0.11330083186217922,0.3283641195912754,3.0,,60,0.045625418602201026,0.1645422970227506,0.2859750036940119,False,ok
20,10,signal_shrinkage_min_variance_blend_0.50,2021,2021-11-02,"AA,BB,CIFR,HIMS,JOBY,ONDS,PINS,RDW,RIOT,RKLB",0.032577633724565895,0.026244664085104744,0.09809047628619331,-0.1579223133021045,risk_off,True,10,15,60,shrinkage_min_variance,0.5,9.57358087521823,0.13817505496693844,0.37000593482743127,2.9766192927062347,0.4148427676257964,60,0.06769560287415383,0.21474422465427465,0.3344141502790973,False,ok
20,10,signal_shrinkage_min_variance_blend_0.50,2021,2021-11-16,"AA,AFRM,CELH,CIFR,CLSK,HIMS,MARA,QXO,RDW,SITM",-0.1574588572668328,-0.07477096313389131,-0.3412867976119783,-0.41863314033748666,risk_off,True,10,15,60,shrinkage_min_variance,0.5,9.270449907099735,0.1437070423889683,0.4012598308626491,2.9174866073139456,0.006480395034417311,60,0.08515944256161626,0.3621961026566234,0.3575600924049426,False,ok
20,10,signal_shrinkage_min_variance_blend_0.50,2021,2021-12-01,"AAOI,AFRM,APP,DOCN,MARA,MRNA,QXO,RIOT,SITM,TOST",-0.06186073802481914,0.03206265906009462,-0.23531345890986713,-0.1961572969739614,risk_off,True,10,15,60,shrinkage_min_variance,0.5,9.215625376431637,0.1385957159226352,0.3870750786774552,2.979185450930027,-0.2786940005851119,60,0.1606748048446234,0.5676273604514948,0.41350358864061254,False,ok
20,10,signal_shrinkage_min_variance_blend_0.50,2021,2021-12-15,"AFRM,MDB,MRNA,QXO,ROKU,SITM,SNOW,TE,WULF,ZS",-0.016532758736213432,0.02303781766939532,0.00578960142864443,-0.10045668547478893,risk_off,True,10,15,60,shrinkage_min_variance,0.5,9.200991611552618,0.14048112367893506,0.4001557092746211,2.990233269377264,0.02815468149611404,60,0.22618058221466872,0.510913302468157,0.4065946353956378,False,ok
20,10,signal_shrinkage_min_variance_blend_0.50,2021,2021-12-30,"AFRM,CVNA,DOCN,IONQ,MDB,MRNA,ROKU,SITM,TE,WULF",-0.20798258720107338,-0.024185950728445975,-0.26275570849771385,-0.4713169939112061,risk_off,True,10,15,60,shrinkage_min_variance,0.5,9.049493068616398,0.15060050887939191,0.4139385891538556,2.7832635238174754,0.00020976494745932213,60,0.20449677404919298,0.5380907105491125,0.43236374291221197,False,ok
20,10,signal_shrinkage_min_variance_blend_0.50,2022,2022-01-03,"AFRM,DKNG,DOCN,HOOD,HUT,IONQ,PL,ROKU,TOST,WULF",-0.1996072389419054,-0.04732579047660334,-0.4712230195216537,-0.4691354964722685,risk_off,True,10,15,60,shrinkage_min_variance,0.5,9.089389339067816,0.14196913119566987,0.4228819474424367,2.965303268083914,0.360812909493309,60,0.26611798654596164,0.5413547462879342,0.49181737577863804,False,ok
20,10,signal_shrinkage_min_variance_blend_0.50,2022,2022-01-18,"DKNG,HOOD,ILMN,MP,ONTO,PL,QXO,RDW,TSLA,WULF",-0.0643457983866821,-0.012526326423444268,-0.014744448602641942,-0.01149307171354791,risk_off,True,10,15,60,shrinkage_min_variance,0.5,9.058968570474978,0.14435355806614092,0.4141875532104101,2.9179088398404724,0.31551822915854477,60,0.20025912834102672,0.5011204687515542,0.38568328194659357,False,ok
20,10,signal_shrinkage_min_variance_blend_0.50,2022,2022-02-01,"CLSK,DKNG,HOOD,HUT,MARA,NET,ONTO,PL,SOFI,WULF",0.03705379119710477,0.00884588395541027,0.08412063803613701,-0.12800636597648254,risk_off,True,10,15,60,shrinkage_min_variance,0.5,9.155179180707174,0.1357951875023727,0.3871349511105705,2.752069106128159,-0.496251650247489,60,0.4142372924305049,0.7262488875309062,0.5931778186195523,False,ok
20,10,signal_shrinkage_min_variance_blend_0.50,2022,2022-02-15,"AFRM,CIFR,CVNA,MARA,MRNA,NVTS,RBLX,RIOT,RIVN,SOFI",-0.10430558912061932,-0.016314403635332674,-0.19887043177727395,-0.31512389706296234,risk_off,True,10,15,60,shrinkage_min_variance,0.5,8.152168468601825,0.16072503721895703,0.4579955323079461,2.692909252380207,0.6076175323746705,60,0.43495317638334613,0.8854105957001239,0.6074056385844655,False,ok
20,10,signal_shrinkage_min_variance_blend_0.50,2022,2022-03-02,"AFRM,CIFR,DOCN,JOBY,MARA,MRNA,ONDS,RIOT,VRT,XYZ",-0.015275706256173634,-0.015645288184106435,-0.2908678587508675,-0.10842585592810418,risk_off,True,10,15,60,shrinkage_min_variance,0.5,8.599030827842295,0.16043067765370184,0.43765358863945286,2.6682612444621254,0.41729940471942717,60,0.4890712410920902,0.8857791764540887,0.6541647660086177,False,ok
20,10,signal_shrinkage_min_variance_blend_0.50,2022,2022-03-16,"AFRM,CVNA,DASH,HIMS,NTRA,ONDS,RBLX,VRT,WULF,XYZ",0.19930515511981126,0.060508788043382895,0.20484329211969354,-0.21448843669010192,risk_off,True,10,15,60,shrinkage_min_variance,0.5,8.086569022662218,0.17527445501798838,0.47640685107250097,2.4980668384087386,0.6499466201926963,60,0.3383987654375084,0.640842123300419,0.6206586213256219,False,ok
20,10,signal_shrinkage_min_variance_blend_0.50,2022,2022-03-30,"AFRM,GH,NTRA,NU,QXO,RBLX,RIVN,SHOP,VRT,WULF",-0.08623270838100267,-0.0332926426922929,-0.46720179811280554,-0.5347647652108458,risk_off,True,10,15,60,shrinkage_min_variance,0.5,8.407798380124134,0.15902207499052173,0.43483534222824155,2.542342788845423,0.6246022529418854,60,0.31365790256038795,0.6213036153200157,0.6279417714516745,False,ok
20,10,signal_shrinkage_min_variance_blend_0.50,2022,2022-04-13,"AFRM,CELH,HOOD,JOBY,NTRA,RBLX,RGTI,RIVN,W,XYZ",-0.10807911149646127,-0.0478878133167235,-0.33603280208110414,-0.42724119599241234,risk_off,True,10,15,60,shrinkage_min_variance,0.5,8.489958643148142,0.14,0.42000000000000004,3.0,,60,0.4481007019409484,0.6413282822604626,0.6694661554464161,False,ok
20,10,signal_shrinkage_min_variance_blend_0.50,2022,2022-04-28,"CELH,META,NTRA,PINS,PL,RGTI,SMCI,TOST,VRT,WULF",-0.08235200176336287,-0.09980559397127838,-0.3447208967320751,-0.15769049323314088,risk_off,True,10,15,60,shrinkage_min_variance,0.5,9.434287525541828,0.13762438807460722,0.38117799571843586,2.87755934872061,-0.28318682778866494,60,0.2045801448237438,0.41035051442968473,0.48459203806442036,False,ok
20,10,signal_shrinkage_min_variance_blend_0.50,2022,2022-05-12,"AFRM,CIFR,COIN,CVNA,GH,MSTR,MXL,RIVN,W,WULF",0.15282160339232337,0.05902800107903099,0.19055071364452306,0.13949057783080895,risk_off,True,10,15,60,shrinkage_min_variance,0.5,8.865740756637035,0.1402648536241165,0.41873633029110685,2.9925507471180985,-0.35055516620540983,60,0.4532737172272045,0.7460217255023567,0.7745861566954425,False,ok
20,10,signal_shrinkage_min_variance_blend_0.50,2022,2022-05-26,"COIN,CVNA,GH,IREN,MARA,MSTR,NET,NU,W,WULF",-0.12310184279899673,-0.041607881638335883,-0.09560641261414625,-0.026601585465700562,risk_off,True,10,15,60,shrinkage_min_variance,0.5,8.907254283533423,0.1425756043964057,0.41789846164176025,2.9336172241157072,-0.2309241612294812,60,0.5180673318105442,0.7955163573043685,0.8891978565906877,False,ok
20,10,signal_shrinkage_min_variance_blend_0.50,2022,2022-06-10,"AFRM,CIFR,COIN,CVNA,GH,IONQ,MSTR,NU,RDW,W",0.03313776023623676,-0.013037267403061612,0.11919430468292827,-0.0147567003344231,risk_off,True,10,15,60,shrinkage_min_variance,0.5,8.53646641241708,0.1414132950462637,0.42423988513879113,2.9679580488185633,0.0025322298694158167,60,0.5077407487526576,0.7711375284211626,0.837419189417147,False,ok
20,10,signal_shrinkage_min_variance_blend_0.50,2022,2022-06-27,"APLD,CIFR,COIN,CVNA,IONQ,MSTR,NET,NU,W,WULF",-0.04877275286886067,-0.03070552472011658,-0.337930515036907,-0.0456958192211353,risk_off,True,10,15,60,shrinkage_min_variance,0.5,8.700361523809564,0.152360568731579,0.4334061339387105,2.7721210929935993,0.29284920760568656,60,0.4178506213404108,0.7306448722703632,0.8513163437450367,False,ok
20,10,signal_shrinkage_min_variance_blend_0.50,2022,2022-07-12,"APLD,CIFR,COIN,CVNA,MARA,MSTR,NET,RIOT,W,WULF",0.1815409380819584,0.04120739560216693,0.20337724948127148,0.40601361039947587,risk_off,True,10,15,60,shrinkage_min_variance,0.5,8.624692503006603,0.15197502178314315,0.44090864880413627,2.7919622277789666,0.44672079707057893,60,0.4754911321054455,0.779918848089936,0.9342333839777512,False,ok
20,10,signal_shrinkage_min_variance_blend_0.50,2022,2022-07-26,"APLD,CIFR,COIN,DKNG,HUT,IREN,NET,NVTS,RGTI,WULF",0.2873990320876434,0.08020265716848522,0.3756538302510819,0.2795361216100723,risk_off,True,10,15,60,shrinkage_min_variance,0.5,8.941421183672444,0.1494818891889627,0.4093585571552632,2.828777241143275,0.3375500353661605,60,0.3178412848761683,0.5614010772054024,0.8317926994115076,False,ok
20,10,signal_shrinkage_min_variance_blend_0.50,2022,2022-08-09,"APLD,CLSK,CVNA,NU,NVTS,RGTI,SHOP,TWLO,W,WULF",-0.021841376514429505,0.0021356335640147295,-0.20865881796799143,-0.2553386074691479,risk_off,True,10,15,60,shrinkage_min_variance,0.5,9.02775836861932,0.14070308403462195,0.4091036999527311,2.9835693578129785,-0.18534151644297595,60,0.31641140796231204,0.4785530699147394,0.7576215122022886,False,ok
20,10,signal_shrinkage_min_variance_blend_0.50,2022,2022-08-23,"CRDO,DOCN,GH,HOOD,NU,POET,RCL,RGTI,RVMD,WULF",-0.067723284563883,-0.03597974242968704,-0.23881165493276874,-0.18149391958730973,risk_off,True,10,15,60,shrinkage_min_variance,0.5,8.794013126282788,0.14086247841480076,0.42258743524440223,2.987810672764339,0.38434112143551596,60,0.30622119583125823,0.5720885093272917,0.5062937209189872,False,ok
20,10,signal_shrinkage_min_variance_blend_0.50,2022,2022-09-07,"CDE,CELH,ILMN,NU,OKTA,POET,QXO,RGTI,RKLB,SNOW",-0.06698769939952681,-0.0414146579002377,-0.03092124010464681,0.05783726123250052,risk_off,True,10,15,60,shrinkage_min_variance,0.5,8.935569077469701,0.15443347880770522,0.43167893523025513,2.7441987260653717,0.27149066060063287,60,0.20265286907885133,0.4708866120147633,0.40607517174050406,False,ok
20,10,signal_shrinkage_min_variance_blend_0.50,2022,2022-09-21,"CDE,HUT,NVTS,OKTA,QBTS,RGTI,RIOT,ROKU,SNOW,ZS",0.08294005843156152,0.007105101569703827,0.09643331657764549,-0.19346577844689347,risk_off,True,10,15,60,shrinkage_min_variance,0.5,8.73892919078719,0.14193418872296346,0.42580256616889034,2.9510587883717925,-0.044280624459639664,60,0.3124803297552911,0.7859403039184419,0.5558040470978467,False,ok
20,10,signal_shrinkage_min_variance_blend_0.50,2022,2022-10-05,"AFRM,CIFR,CVNA,HUT,IREN,PATH,RGTI,RIOT,SITM,VRT",-0.15692544599718766,-0.0415359531202562,-0.2356242483006325,-0.20445381349972866,risk_off,True,10,15,60,shrinkage_min_variance,0.5,8.63199119313216,0.14242459040744304,0.4249369813824764,2.9563427705383107,0.21367353435632877,60,0.433627753827988,0.7869453248620395,0.6722314700132728,False,ok
20,10,signal_shrinkage_min_variance_blend_0.50,2022,2022-10-19,"AA,AFRM,ASTS,CLSK,CVNA,IREN,RGTI,SITM,W,XYZ",-0.0032721576495368288,0.041191466115838,-0.1241322625503775,0.046967103714000695,risk_off,True,10,15,60,shrinkage_min_variance,0.5,9.103753571399336,0.1397024047851402,0.39802050866778205,2.713713080716915,-0.5129759816927351,60,0.3889642069888709,0.7286401011993894,0.6424708989295406,False,ok
20,10,signal_shrinkage_min_variance_blend_0.50,2022,2022-11-02,"AFRM,ASTS,CIFR,CLSK,HUT,JOBY,QBTS,RBLX,RGTI,W",-0.08495267927204549,0.05598351068559991,0.18637022581723742,0.07180570649627308,risk_off,True,10,15,60,shrinkage_min_variance,0.5,8.694513807131457,0.15418250761516547,0.43267505596530487,2.750770628101768,0.34909851801329894,60,0.3015110564250076,0.6606436182339888,0.5685847880918762,False,ok
20,10,signal_shrinkage_min_variance_blend_0.50,2022,2022-11-16,"ASTS,CIFR,CVNA,DKNG,GH,IREN,NET,QBTS,RGTI,W",-0.05335488583316814,0.02635086460682262,-0.16218503599143402,-0.3051742595480884,risk_off,True,10,15,60,shrinkage_min_variance,0.5,8.721093941602287,0.16881782551829672,0.4318356404658801,2.4983299007831183,0.3695661935865111,60,0.2847161879422699,0.6555628044380156,0.6567701929217707,False,ok
20,10,signal_shrinkage_min_variance_blend_0.50,2022,2022-12-01,"AFRM,CVNA,DKNG,GH,IREN,MKSI,NET,RGTI,TWLO,WULF",-0.14913701456728426,-0.052744197182541384,-0.3301862377033458,-0.40893053709249666,risk_off,True,10,15,60,shrinkage_min_variance,0.5,8.293593267650193,0.17200011040231128,0.4357533181476014,2.4863671500778723,0.36861710839733897,60,0.4427802337642024,0.6981522471761653,0.7547808120779709,False,ok
20,10,signal_shrinkage_min_variance_blend_0.50,2022,2022-12-15,"CLSK,COIN,CVNA,MARA,MSTR,NET,RBLX,RIOT,W,WULF",-0.08746364083610354,-0.01653131181393959,-0.22453391011382817,0.3427091273277429,risk_off,True,10,15,60,shrinkage_min_variance,0.5,8.990243358179333,0.1486086480431613,0.41561994176153116,2.8094505493712845,-0.36187906272077874,60,0.48513763139751076,0.7256218757358606,0.8203142866868149,False,ok
20,10,signal_shrinkage_min_variance_blend_0.50,2022,2022-12-30,"APLD,ASTS,CLSK,COIN,CVNA,IREN,MRNA,QBTS,RBLX,WULF",0.2616304734579521,0.08835391248637042,0.44948542561980515,0.4761072683525764,risk_off,True,10,15,60,shrinkage_min_variance,0.5,8.742428879677759,0.14006745906109128,0.4202023771832738,2.9981699774252197,-0.30677596855556316,60,0.27025262587396354,0.5646538822693876,0.6091943832140587,False,ok
20,10,signal_shrinkage_min_variance_blend_0.50,2023,2023-01-03,"APLD,ASTS,CLSK,CVNA,IREN,MDB,QBTS,RBLX,RDW,WULF",0.23478183645326806,0.07331068777750739,0.49920351207926655,0.5623883157183059,risk_off,True,10,15,60,shrinkage_min_variance,0.5,9.633326528547485,0.1383988013934473,0.37460098603464675,2.2405675272458376,-0.11492496922108397,60,0.2625060697542182,0.5506137056567337,0.6565090720163105,False,ok
20,10,signal_shrinkage_min_variance_blend_0.50,2023,2023-01-18,"ASTS,CIFR,CLSK,CVNA,GH,IONQ,MARA,POET,RDW,RGTI",0.11318997747812051,0.0618947278572444,0.3463795251490087,0.30199755191069005,risk_off,True,10,15,60,shrinkage_min_variance,0.5,9.312326961235035,0.14134789436732784,0.3855161357038758,2.086902412970021,0.00968903430936137,60,0.2392483056289111,0.5052489046617089,0.6517722981889977,False,ok
20,10,signal_shrinkage_min_variance_blend_0.50,2023,2023-02-01,"CIFR,CVNA,MARA,POET,RDW,RGTI,RIVN,RVMD,TE,WULF",0.10590704327409672,0.009998888807399738,0.061508992038724154,-0.04288728770269207,risk_off,True,10,15,60,shrinkage_min_variance,0.5,8.872399582840155,0.16194403764094362,0.41247436210196015,1.9475220284010306,0.010521500683187818,60,0.2319544724668783,0.38744544205998577,0.6315205230188244,False,ok
20,10,signal_shrinkage_min_variance_blend_0.50,2023,2023-02-15,"CIFR,CVNA,HUT,IREN,MARA,POET,QBTS,RDW,RIOT,RIVN",-0.13704848436817224,-0.03858304425592113,-0.19331705532879495,-0.08155544278282617,risk_off,True,10,15,60,shrinkage_min_variance,0.5,8.332266312230125,0.18,0.4607753200747927,2.0916626344816254,0.5101451600263709,60,0.21969569188578708,0.6103049527349248,0.6901676714262956,False,ok
20,10,signal_shrinkage_min_variance_blend_0.50,2023,2023-03-02,"CIFR,CRDO,GH,IONQ,PLTR,QBTS,RBLX,RDW,RIOT,TE",-0.06938402639359491,-0.03534272688975863,0.10017835242015946,0.06342143910190988,risk_off,True,10,15,60,shrinkage_min_variance,0.5,9.333055124882454,0.14624565793480263,0.3875486564306162,1.5225250795633682,0.3868974049389598,60,0.13242281034997536,0.40358527629380325,0.458168787953159,False,ok
20,10,signal_shrinkage_min_variance_blend_0.50,2023,2023-03-16,"CIFR,HUT,JOBY,MSTR,POET,RIOT,RVMD,SHOP,TE,WULF",0.12131037567829811,0.025709445504174623,0.031626451323754703,-0.09250641833847731,risk_off,True,10,15,60,shrinkage_min_variance,0.5,8.519988981779248,0.13887710598794212,0.4115213593946157,1.6946316407399071,0.2700651072635548,60,0.253656429969754,0.7089674987071145,0.5248567496250474,False,ok
20,10,signal_shrinkage_min_variance_blend_0.50,2023,2023-03-30,"CIFR,CLSK,COIN,CVNA,HUT,LUNR,MSTR,QBTS,W,WULF",0.22344506887341953,0.01965481257348085,-0.10015117746264221,-0.11102021538690189,risk_off,False,10,15,60,shrinkage_min_variance,0.5,9.686080577380912,0.13225755585007623,0.3723918327492275,1.9341306135880485,0.6795577750297422,60,0.0505903886074586,0.15449090916868136,0.8497571495466606,False,ok
20,10,signal_shrinkage_min_variance_blend_0.50,2023,2023-04-14,"AFRM,CIFR,COIN,CRDO,CVNA,HUT,MSTR,QBTS,RGTI,W",-0.08691339940981292,-0.007655776890147749,-0.17856697464513893,-0.1848345331965353,risk_off,False,10,15,60,shrinkage_min_variance,0.5,8.733554826970561,0.16322882483639134,0.4472325521805119,2.056217609730778,0.5140800406011179,60,0.2635446097942306,0.6325933652247409,0.6879090044260052,False,ok
20,10,signal_shrinkage_min_variance_blend_0.50,2023,2023-04-28,"AAOI,CIFR,CLSK,HUT,IREN,LUNR,MARA,MSTR,ONDS,QBTS",-0.05648573626053802,-0.006691428722313886,-0.13270216352850256,0.22638380505855432,risk_off,False,10,15,60,shrinkage_min_variance,0.5,8.541180983632673,0.1644481957602839,0.4759861228494934,2.4023075671742378,0.8967952293456224,60,0.05968463636388265,0.18458970980723527,0.8487375372081419,False,ok
20,10,signal_shrinkage_min_variance_blend_0.50,2023,2023-05-12,"AFRM,ASTS,CLSK,LUNR,NVTS,ONDS,PLTR,QBTS,RGTI,ZS",0.6393449694852742,0.037709752660554326,0.41251000056994425,0.4423233674214998,risk_off,False,10,15,60,shrinkage_min_variance,0.5,9.704733477745783,0.13927329972359795,0.36458257710293784,2.0882035603196885,0.836617367673109,60,0.02332471238016067,0.09686193492853426,0.7298860213865397,False,ok
20,10,signal_shrinkage_min_variance_blend_0.50,2023,2023-05-26,"AFRM,APLD,ASTS,CLSK,COIN,CVNA,LUNR,QBTS,RGTI,SITM",0.20762308895932224,0.047973765081764666,0.24051440121801052,0.15095455638253322,risk_off,False,10,15,60,shrinkage_min_variance,0.5,9.701653194489888,0.12733230876210502,0.3698043543319557,2.1906093237931845,0.44498136133382665,60,0.06089277541214988,0.43673411193871414,0.5785486659387142,False,ok
20,10,signal_shrinkage_min_variance_blend_0.50,2023,2023-06-12,"AFRM,APLD,CIFR,CVNA,IONQ,IREN,MARA,NVTS,QBTS,RGTI",0.02813564556238166,0.016389376175423555,-0.05001332340121453,0.15371253893435813,risk_off,False,10,15,60,shrinkage_min_variance,0.5,9.833133102233186,0.11985963049718226,0.3517991971569161,2.14928100945375,0.12113159796743221,60,0.12940578563916805,0.5155288021853582,0.7192156465011212,False,ok
20,10,signal_shrinkage_min_variance_blend_0.50,2023,2023-06-27,"AFRM,CIFR,CVNA,IONQ,LUNR,ONDS,POET,QBTS,RGTI,RIOT",0.2731400554684423,0.05047730194989893,0.25149859546156267,0.15885660937833787,risk_off,False,10,15,60,shrinkage_min_variance,0.5,9.783500415904339,0.1240559710328762,0.3536559919445826,1.973875727095664,-0.44447402730333535,60,0.09379716021562863,0.5821043449946719,0.6112302790119714,False,ok
20,10,signal_shrinkage_min_variance_blend_0.50,2023,2023-07-12,"CIFR,COHR,IONQ,IREN,JOBY,MARA,ONDS,RIOT,TE,WULF",-0.01813293647452583,0.01728299628939763,-0.02400074506357217,-0.14236225175453568,risk_off,True,10,15,60,shrinkage_min_variance,0.5,8.964475589410435,0.15025609284002994,0.4313632046599953,1.8953147959458785,0.6597878144819355,60,0.1865489675310849,0.6525494890709131,0.4794654391029273,False,ok
20,10,signal_shrinkage_min_variance_blend_0.50,2023,2023-07-26,"HUT,IONQ,IREN,LUNR,MARA,ONDS,RGTI,RIOT,TE,TOST",-0.08756155680646317,-0.020526187755062614,-0.17165806086902508,-0.13736404910006145,risk_off,True,10,15,60,shrinkage_min_variance,0.5,9.037909198243,0.13533966015446444,0.4022411772659682,2.024450527837362,0.2619083856959425,60,0.14756836034224594,0.6583277516024516,0.4749770390151633,False,ok
20,10,signal_shrinkage_min_variance_blend_0.50,2023,2023-08-09,"AAOI,AFRM,ANET,LUNR,MARA,NTRA,QBTS,SOFI,TEAM,TOST",-0.08402312822520037,-0.020556467055393168,0.04099235462785732,0.019903131213246734,risk_off,True,10,15,60,shrinkage_min_variance,0.5,9.784719714465849,0.12130594808420378,0.35342058765228357,1.9575109701217055,-0.22712476767582665,60,0.05270675784483794,0.19953024098345698,0.4714792358216251,False,ok
20,10,signal_shrinkage_min_variance_blend_0.50,2023,2023-08-23,"AAOI,ASTS,COHR,DDOG,IONQ,MXL,QBTS,ROKU,SMCI,SOFI",-0.03169111887781635,0.004657187046902513,-0.08750497918619728,-0.2085841174006419,risk_off,True,10,15,60,shrinkage_min_variance,0.5,8.714538522260288,0.18,0.4357147016807041,2.1171871216014595,0.5185311286153298,60,0.10345312698900068,0.3183762955764878,0.42632208921898596,False,ok
20,10,signal_shrinkage_min_variance_blend_0.50,2023,2023-09-07,"APP,BB,CLSK,COIN,FN,IONQ,IREN,MARA,RBLX,RGTI",-0.0903447762226995,-0.037847347405173544,-0.2056052377863402,-0.1353845446976586,risk_off,True,10,15,60,shrinkage_min_variance,0.5,9.217024124540027,0.13473250951808052,0.3928129629758223,1.873701467033426,-0.017536159002954497,60,0.1950723506636702,0.668300084373585,0.4796610782733101,False,ok
20,10,signal_shrinkage_min_variance_blend_0.50,2023,2023-09-21,"BB,CLSK,COIN,IREN,LUNR,MARA,QBTS,RBLX,RIOT,WULF",-0.08292709374412888,-0.027284402888313138,0.033512440774589716,-0.19197461495359555,risk_off,True,10,15,60,shrinkage_min_variance,0.5,8.84522662762159,0.17327889491196374,0.4125754446052084,2.389967055866836,0.40890916606477523,60,0.2941834360207409,0.6894059180927828,0.5554173787807059,False,ok
20,10,signal_shrinkage_min_variance_blend_0.50,2023,2023-10-05,"APLD,CDE,CIFR,COHR,IONQ,QBTS,RDW,RIOT,RIVN,WBD",0.0073496380926105585,-0.0001932257964155303,-0.13389908678524012,-0.00732549725203801,risk_off,True,10,15,60,shrinkage_min_variance,0.5,9.128327490733305,0.14899265069957562,0.40232763291675183,2.1389182701656857,0.4832639532752283,60,0.14362601923455953,0.5458912609880894,0.40715555648093515,False,ok
20,10,signal_shrinkage_min_variance_blend_0.50,2023,2023-10-19,"AAOI,APLD,CIFR,GH,IONQ,ONDS,RGTI,RIOT,RIVN,SMR",0.07146008767215496,0.011969665494119153,0.09118185766744684,0.1486167369601354,risk_off,True,10,15,60,shrinkage_min_variance,0.5,8.98205320941854,0.15494496176067674,0.4263373260039336,2.334194054779002,0.6925168422629231,60,0.11020598636175759,0.3617864914403867,0.446829569304313,False,ok
20,10,signal_shrinkage_min_variance_blend_0.50,2023,2023-11-02,"AAOI,APLD,BE,IREN,ONDS,POET,QBTS,RGTI,RVMD,WULF",0.04947609477081252,0.040303531717569105,0.18727698902832432,0.28099480081307104,risk_off,True,10,15,60,shrinkage_min_variance,0.5,8.696404990834761,0.1727547356010574,0.4374739222237549,2.5031061456438852,0.880685517905689,60,0.09163319596110905,0.3696405196245581,0.41585487971387763,False,ok
20,10,signal_shrinkage_min_variance_blend_0.50,2023,2023-11-16,"BE,CVNA,IREN,ONDS,POET,QBTS,SMR,TE,WBD,WULF",0.19308626265737455,0.05841448131801323,0.2790382522483337,0.3325856613832645,neutral,True,10,15,60,shrinkage_min_variance,0.5,8.642017851885079,0.18,0.45501630882913474,2.022893966425731,0.7392326501195496,60,0.11325855743947905,0.44251558733333374,0.4205809573614643,False,ok
20,10,signal_shrinkage_min_variance_blend_0.50,2023,2023-12-01,"APLD,CVNA,HOOD,IONQ,ONDS,POET,RGTI,TE,WBD,WULF",0.09738137325009413,0.04893122978168562,0.24459189417472,0.16298364362653178,neutral,True,10,15,60,shrinkage_min_variance,0.5,8.989674284949134,0.14792444988258346,0.41710380033855776,1.9228039107840709,0.6799900535355902,60,0.14700744915135786,0.3183830119209865,0.4596824101666929,False,ok
20,10,signal_shrinkage_min_variance_blend_0.50,2023,2023-12-15,"APLD,CI,CIFR,HUT,ONDS,POET,QXO,RGTI,SMR,TE",0.22249585480938203,0.01182031890669316,0.0017931535983555995,-0.24024264906040457,neutral,True,10,15,60,shrinkage_min_variance,0.5,9.70763911347029,0.13999999987047831,0.36763035098387414,2.1271178627806258,0.9966698018878913,60,0.0,0.0,0.6167546171009984,False,ok
20,10,signal_shrinkage_min_variance_blend_0.50,2024,2024-01-02,"AXTI,CAVA,CDE,HUT,MP,RIVN,RKLB,SMR,TE,W",-0.1222300841197115,-0.029399467692898557,-0.27657622114129243,-0.26694202367876424,neutral,True,10,15,60,shrinkage_min_variance,0.5,9.07993941352057,0.13906167961993232,0.41353925085978777,2.4038499601556733,-0.2179621813902409,60,0.24415520439157,0.5419600744123966,0.46014374403345254,False,ok
20,10,signal_shrinkage_min_variance_blend_0.50,2024,2024-01-17,"AFRM,CPNG,HUT,LUNR,MRNA,PL,POET,RGTI,RKLB,ROKU",0.12359477031772566,0.025098665846337097,-0.023918397205350005,0.047564892587387976,neutral,True,10,15,60,shrinkage_min_variance,0.5,9.298753769976802,0.1279412452416592,0.37888549404543237,2.2535796638303047,0.3436294860829418,60,0.12984006493297567,0.398609357818053,0.4052811985481675,False,ok
20,10,signal_shrinkage_min_variance_blend_0.50,2024,2024-01-31,"AAL,BB,CDE,CPNG,CVNA,KTOS,QBTS,RGTI,SMR,W",0.1533076707497057,0.047024587430952364,-0.0037165930315859155,-0.023169994672877003,risk_off,True,10,15,60,shrinkage_min_variance,0.5,9.008627403628239,0.1535346617338355,0.41188697626437437,1.9164857822376287,-0.06379743116607221,60,0.25750558092916426,0.6072912775819626,0.39369483387733917,False,ok
20,10,signal_shrinkage_min_variance_blend_0.50,2024,2024-02-14,"AAOI,AFRM,CDE,HUT,KTOS,NVTS,RKLB,SMR,SOFI,TE",-0.06383015034226865,0.026216282681938867,-0.1375331289778919,-0.12172484583961996,risk_off,True,10,15,60,shrinkage_min_variance,0.5,8.874362316318354,0.14044931727126622,0.41753176210399023,2.436881375193911,-0.5844209068018246,60,0.3616943310309399,0.5646145700967498,0.5252767410017165,False,ok
20,10,signal_shrinkage_min_variance_blend_0.50,2024,2024-02-29,"ASTS,CIFR,FN,HUT,KTOS,NCLH,NVTS,QXO,RKLB,TE",-0.07003279281841096,0.014302197799501867,-0.09241614337030724,-0.007798676639039613,risk_off,True,10,15,60,shrinkage_min_variance,0.5,9.694400474321604,0.13268003092052072,0.3745751372783202,2.514626366310259,0.9379380066913301,60,0.005568048251601605,0.030294131969565364,0.6014158323855995,False,ok
20,10,signal_shrinkage_min_variance_blend_0.50,2024,2024-03-14,"ALB,APLD,CIEN,ECHO,MRNA,MRVL,NCLH,QBTS,RKLB,XYZ",0.035499757793672655,0.03815025314373856,-0.010103536816242382,0.004668902388569473,risk_off,True,10,15,60,shrinkage_min_variance,0.5,9.247690470946688,0.1275884389040155,0.38051617244924263,2.008288036021799,0.45444360121186433,60,0.09477842707158325,0.238907734049684,0.3090520844744358,False,ok
20,10,signal_shrinkage_min_variance_blend_0.50,2024,2024-03-28,"AFRM,ALB,APLD,ECHO,GH,IONQ,MRVL,POET,RIVN,TE",-0.11471504301638237,-0.038564892989002675,-0.11064384266384641,-0.14824787518431662,risk_off,True,10,15,60,shrinkage_min_variance,0.5,9.411400935317513,0.1378035447114647,0.38399625114677294,2.5877133942430532,-0.23366350972874536,60,0.14547546416961266,0.4258964981859682,0.3613532178970491,False,ok
20,10,signal_shrinkage_min_variance_blend_0.50,2024,2024-04-12,"BB,CORZ,ECHO,GH,IREN,OKLO,ONDS,RDW,RIOT,TE",0.02050145300317704,0.008539351806518816,-0.06440492482324062,-0.020633465281626028,risk_off,True,10,15,60,shrinkage_min_variance,0.5,9.088953955573855,0.12755475473175612,0.3793518999199553,2.4726678305685024,0.08933934298442654,60,0.17343458902691902,0.6765073053110991,0.39812032358578375,False,ok
20,10,signal_shrinkage_min_variance_blend_0.50,2024,2024-04-26,"CLSK,COIN,GH,IONQ,IREN,MARA,OKLO,QXO,RIOT,TE",-0.04554801962978994,0.024649188213206327,-0.0184294776680529,0.12153976962269519,risk_off,True,10,15,60,shrinkage_min_variance,0.5,8.721792848748082,0.14372212038783588,0.42579443908797393,2.2074352817695835,-0.4009439497889331,60,0.331829335832577,0.7896162921859956,0.5372218586666514,False,ok
20,10,signal_shrinkage_min_variance_blend_0.50,2024,2024-05-10,"APLD,AXTI,CLSK,CORZ,IONQ,IREN,MARA,QXO,RGTI,RIOT",0.17440935495494925,0.018619526091145814,0.17210773009960467,0.10747218872665806,risk_off,True,10,15,60,shrinkage_min_variance,0.5,9.05794472794837,0.1365860328862883,0.39530068009073055,2.529002255699437,0.015001463513109192,60,0.24795766377706613,0.594877332321676,0.5699875253881331,False,ok
20,10,signal_shrinkage_min_variance_blend_0.50,2024,2024-05-24,"AAOI,AXTI,CLSK,COIN,HUT,MARA,RIVN,SMCI,TSLA,W",-0.026136377555363872,0.003169644776044434,-0.04790418058976404,-0.09002652146945017,risk_off,True,10,15,60,shrinkage_min_variance,0.5,8.632752601857177,0.1437512775118844,0.4241521234263863,2.3874053490684553,0.5165253291236221,60,0.23038547990018862,0.6696796751858856,0.4328001552426926,False,ok
20,10,signal_shrinkage_min_variance_blend_0.50,2024,2024-06-10,"AAOI,AXTI,CIFR,CLSK,COIN,HUT,MARA,OKLO,QBTS,SMCI",0.022688645672517334,0.006863857156700058,-0.020081335287538925,0.07707473505524844,risk_off,True,10,15,60,shrinkage_min_variance,0.5,9.151870057802013,0.1432405564925456,0.4048778124237734,2.3258142632572376,0.13671837673236817,60,0.19777020395505143,0.5699777953147056,0.4929749367886655,False,ok
20,10,signal_shrinkage_min_variance_blend_0.50,2024,2024-06-25,"CIFR,CLSK,LUNR,NVTS,OKLO,PL,POET,QBTS,QXO,SMCI",0.04679983063527177,0.01766364212468172,0.13039142014892618,-0.03770641912622353,risk_off,True,10,15,60,shrinkage_min_variance,0.5,9.436739305752742,0.14406986100228528,0.39062479738874645,2.473325812537638,0.2011932848744186,60,0.053158631130100845,0.3113559179705953,0.41176335016813076,False,ok
20,10,signal_shrinkage_min_variance_blend_0.50,2024,2024-07-10,"AFRM,CIFR,CLSK,LUNR,OKLO,ONDS,QBTS,QXO,RGTI,SMCI",0.2684071816677248,0.0013282442513573988,-0.13828729618881408,-0.35129026817010794,risk_off,True,10,15,60,shrinkage_min_variance,0.5,9.520541145965288,0.1216280035666095,0.3576782999905689,2.2144504769759408,0.43528866192393945,60,0.05063486191992586,0.33614455270536364,0.40367605556583547,False,ok
20,10,signal_shrinkage_min_variance_blend_0.50,2024,2024-07-24,"AAOI,CLSK,IONQ,LUNR,MSTR,OKLO,QBTS,RGTI,STRL,TE",-0.19527899369068039,-0.05553017680795661,-0.4417931491833081,-0.08286517199825724,risk_off,True,10,15,60,shrinkage_min_variance,0.5,9.159062269434866,0.13817773924353766,0.4031467144973579,2.2580435019290475,0.26708480553339037,60,0.1713829565657603,0.4024116706275834,0.4277199067256863,False,ok
20,10,signal_shrinkage_min_variance_blend_0.50,2024,2024-08-07,"AAOI,CIFR,INTC,IREN,MSTR,MXL,QXO,RIOT,SMCI,TE",0.15238076618337337,0.09272888040232813,0.3782678166199033,0.010610718224833183,risk_off,True,10,15,60,shrinkage_min_variance,0.5,9.146105106997439,0.135910567889636,0.40297129906203993,2.86288003270485,0.5075154266408206,60,0.17544255089090302,0.5430281254969755,0.5548441862503228,False,ok
20,10,signal_shrinkage_min_variance_blend_0.50,2024,2024-08-21,"AAOI,APLD,CORZ,MOD,MP,ONTO,QBTS,QXO,RDW,WULF",-0.016321355640597095,-0.022257370920621175,-0.4488088308285617,-0.011955960979015483,risk_off,True,10,15,60,shrinkage_min_variance,0.5,9.281665296766127,0.13524456054937295,0.3927841973311803,1.9514583320970558,-0.0015826555602069803,60,0.14522267310518353,0.46856442947814103,0.5563428882408126,False,ok
20,10,signal_shrinkage_min_variance_blend_0.50,2024,2024-09-05,"APLD,AXTI,IREN,MXL,ONTO,QBTS,QXO,RDW,RGTI,WULF",0.04416022142584914,0.0507676579525406,0.3701839393890022,0.2767916870957506,risk_off,True,10,15,60,shrinkage_min_variance,0.5,9.361380694311254,0.13395210076917657,0.36812314094048604,2.5991933768304984,0.24878523652750018,60,0.15296433882071805,0.4403720902935377,0.5815084897339559,False,ok
20,10,signal_shrinkage_min_variance_blend_0.50,2024,2024-09-19,"ALAB,FSLR,HUT,MSTR,MXL,ONTO,QXO,SMR,WBD,WULF",0.026465832655547764,0.004308816602763692,-0.0282820504857404,0.10066427948900347,risk_on,True,10,15,60,shrinkage_min_variance,0.5,9.163516827762468,0.14006194246616469,0.40384876825092353,2.142991221999038,0.29938666866119507,60,0.15025743083194543,0.47214589458019435,0.4869043582649261,False,ok
20,10,signal_shrinkage_min_variance_blend_0.50,2024,2024-10-03,"ALB,AXTI,CLSK,HUT,IREN,JOBY,MARA,NVTS,SMCI,WULF",0.09912205124922668,0.04191889970440256,0.11881585807607924,0.06727026761144919,risk_on,True,10,15,60,shrinkage_min_variance,0.5,8.617452081642153,0.16327856861224088,0.4327701648139307,2.6270774976719062,0.4059064821100611,60,0.43847821131118103,0.8054179711349811,0.5933542751917084,False,ok
20,10,signal_shrinkage_min_variance_blend_0.50,2024,2024-10-17,"ASTS,AXTI,HUT,IREN,JOBY,NVTS,QBTS,SMCI,TEM,WULF",-0.053046415826185384,-0.02049893132552613,0.002774658687138812,0.07703897140173797,risk_on,True,10,15,60,shrinkage_min_variance,0.5,8.781045674963435,0.14502228313124738,0.4278273644717811,2.494761247487599,0.372149754827518,60,0.2827908717373827,0.581199922657663,0.5531099062391875,False,ok
20,10,signal_shrinkage_min_variance_blend_0.50,2024,2024-10-31,"AFRM,ASTS,CELH,COIN,IREN,MARA,NXT,QBTS,TEM,TSLA",0.23223158793354254,0.06230470323885579,0.016851239044824207,0.037598942517142526,risk_on,True,10,15,60,shrinkage_min_variance,0.5,8.954461682760474,0.14537153656519036,0.424240011446876,2.4266145878614322,0.23836167875837244,60,0.19860768330327086,0.5403340632603217,0.429426978692363,False,ok
20,10,signal_shrinkage_min_variance_blend_0.50,2024,2024-11-14,"ASTS,HIMS,IREN,JOBY,MXL,NXT,RIVN,SMCI,TEM,THC",0.21496056138181044,0.055127585081780665,0.18362711295075795,0.19946060256473908,risk_on,True,10,15,60,shrinkage_min_variance,0.5,9.219699572511336,0.13656337912380817,0.39870628215038656,2.246520352613203,0.4911929347474252,60,0.09520684302609046,0.3233418488716505,0.38695858121037674,False,ok
20,10,signal_shrinkage_min_variance_blend_0.50,2024,2024-11-29,"ASTS,ECHO,FN,MELI,MXL,RIVN,SMCI,TEM,VRT,W",0.047790433585514096,-0.012660488783225895,0.12366425646468004,0.020253635931067507,risk_on,True,10,15,60,shrinkage_min_variance,0.5,8.9513490183422,0.14173014293902175,0.41048814233542574,2.5425086611185628,0.18129706937359247,60,0.1108038473474984,0.3127168996266696,0.3297682978101559,False,ok
20,10,signal_shrinkage_min_variance_blend_0.50,2024,2024-12-13,"ASTS,AXTI,CIFR,MARA,MP,MRNA,POET,SMCI,VRT,WULF",-0.07450056445086754,-0.03021174637009178,-0.17681707199911764,-0.009850936113011879,risk_on,True,10,15,60,shrinkage_min_variance,0.5,9.092917487265689,0.1495911654851787,0.4244249952785883,2.231631058650483,0.20456716579334494,60,0.11139390865258954,0.5466542629649078,0.4103743960337061,False,ok
20,10,signal_shrinkage_min_variance_blend_0.50,2024,2024-12-30,"ASTS,AXTI,HOOD,MRVL,MU,ODFL,OKLO,RIVN,USAR,WBD",0.06784866393703153,0.026094971636684786,0.08352596213158793,0.017308775727566793,risk_on,True,10,15,60,shrinkage_min_variance,0.5,9.440435324735343,0.13170345610550863,0.38531515374092984,2.051607989078379,-0.6465382005633915,60,0.11761265654457453,0.40739171123795037,0.3374255430808824,False,ok
20,10,signal_shrinkage_min_variance_blend_0.50,2025,2025-01-02,"ASTS,FTAI,HOOD,JOBY,MU,OKLO,RIOT,RIVN,STLD,USAR",0.06987082332480865,0.03876436474044464,0.11628777231471593,-0.020821861286343925,risk_on,True,10,15,60,shrinkage_min_variance,0.5,8.626358848644001,0.15119123109841093,0.4467764373297452,2.382637473100794,0.5394235448560396,60,0.12301467445670268,0.5983850739203705,0.342133663412232,False,ok
20,10,signal_shrinkage_min_variance_blend_0.50,2025,2025-01-17,"CLSK,COIN,CVNA,JOBY,MSTR,MU,RIOT,SMCI,SMR,TEM",0.043944752850207124,0.008491856842083046,-0.09334434361763874,0.019796335660454703,risk_on,True,10,15,60,shrinkage_min_variance,0.5,8.989233426595112,0.1371090919985478,0.407134548717484,2.616692005429333,0.00844152342735773,60,0.2721391261017625,0.7084858656125046,0.6140770867637663,False,ok
20,10,signal_shrinkage_min_variance_blend_0.50,2025,2025-02-03,"APLD,CIFR,CLSK,FN,IREN,MARA,MSTR,RIOT,SMR,WULF",0.0328249601251508,0.02749779911001651,0.03907129603602874,-0.38041240616921745,risk_on,True,10,15,60,shrinkage_min_variance,0.5,8.526389487685654,0.17197181145129833,0.43179350435785735,2.363280024755218,0.2910832057646815,60,0.5185657773781702,0.7600758654238257,0.8696665911038307,False,ok
20,10,signal_shrinkage_min_variance_blend_0.50,2025,2025-02-18,"CIEN,CIFR,FN,FTAI,IREN,MRNA,NVTS,QBTS,RKLB,SMTC",-0.18051809911670055,-0.07831040519783085,-0.41032740624463504,-0.2914614388112811,risk_off,True,10,15,60,shrinkage_min_variance,0.5,8.977785264911713,0.14120850150015635,0.40948369445974636,2.2903821227504277,0.3529841383789918,60,0.1407127368358322,0.6195647122902105,0.4924925159491928,False,ok
20,10,signal_shrinkage_min_variance_blend_0.50,2025,2025-03-04,"ALAB,APLD,FTAI,IONQ,MOD,NVTS,ONDS,POET,QBTS,TE",0.09945473714453411,-0.011258507028811935,-0.043736199342148445,-0.22267624545882506,risk_off,True,10,15,60,shrinkage_min_variance,0.5,9.297544806884101,0.14211973229889793,0.3985223518735953,2.704113355587816,-0.31024767777146095,60,0.22184332121980585,0.5870686206651523,0.6854901779422197,False,ok
20,10,signal_shrinkage_min_variance_blend_0.50,2025,2025-03-18,"AAOI,ALAB,LITE,LUNR,MOD,MSTR,NU,POET,SMTC,TLN",-0.04130908842721649,-0.009137089693136213,-0.29176515606771625,-0.24366286419518365,risk_off,True,10,15,60,shrinkage_min_variance,0.5,8.991023388532435,0.15401123540460793,0.4168260788095133,2.6642943437155315,-0.40257695698193724,60,0.3873352124753802,0.6240542290938462,0.6450305483266606,False,ok
20,10,signal_shrinkage_min_variance_blend_0.50,2025,2025-04-01,"AAOI,CLSK,HUT,IONQ,IREN,LUNR,RGTI,RKLB,SMTC,USAR",0.070457431062284,-0.04922203952077082,-0.1282322280064855,0.17173043504327065,neutral,True,10,15,60,shrinkage_min_variance,0.5,8.949763524626537,0.14114861874005372,0.4123717080011343,2.970612099019235,-0.3402289363388357,60,0.26117777374060447,0.5814129810125366,0.7549741458749561,False,ok
20,10,signal_shrinkage_min_variance_blend_0.50,2025,2025-04-15,"AAOI,APLD,HUT,LUNR,OKLO,ONDS,RDDT,RDW,TEM,WULF",0.11909780928445068,0.049401892970434166,0.4031463936121158,0.6210310408383999,risk_on,True,10,15,60,shrinkage_min_variance,0.5,8.92277190385758,0.14371093851618283,0.41117174446309784,2.9173960760058186,-0.19899356343796337,60,0.4271244250126899,0.666183820238185,0.899914170644911,False,ok
20,10,signal_shrinkage_min_variance_blend_0.50,2025,2025-04-30,"AAOI,ASTS,CIFR,DAL,LUNR,NVTS,OKLO,PL,RDW,TER",0.22327679706208137,0.08257115839521444,0.6591009734156393,0.49914492178157993,risk_on,True,10,15,60,shrinkage_min_variance,0.5,8.870838980336863,0.13923244119701722,0.4120705049676915,1.46190407393656,-0.25432172349978666,60,0.5029793760968203,0.6668603077960389,0.7755978886722757,False,ok
20,10,signal_shrinkage_min_variance_blend_0.50,2025,2025-05-14,"APLD,ASTS,AXTI,CIFR,DOCN,LSCC,ONDS,RDW,VSH,XYZ",0.01227376682117936,0.006259719356398494,-0.10435934196048963,0.15937865664006653,risk_on,True,10,15,60,shrinkage_min_variance,0.5,8.890945882683283,0.1448736742257311,0.4131011784965964,2.5493453944571742,0.6040771836165449,60,0.37584824603007927,0.6355319246132541,0.6654728187514941,False,ok
20,10,signal_shrinkage_min_variance_blend_0.50,2025,2025-05-29,"AAOI,AFRM,ASTS,AXTI,CLSK,FTAI,LSCC,MARA,MRNA,RDDT",0.17506336217169102,0.04646953903665356,0.41746334223582127,0.4349128124094497,risk_off,True,10,15,60,shrinkage_min_variance,0.5,8.983086571304762,0.14938832273337546,0.4233826747645758,2.420445866694827,0.00892781870531664,60,0.44533665616642326,0.7647589332154462,0.6761676995552346,False,ok
20,10,signal_shrinkage_min_variance_blend_0.50,2025,2025-06-12,"CLSK,ENPH,MARA,NET,PL,RBLX,RDDT,RGTI,RKLB,TSLA",0.08287106744236598,0.02396039914131386,0.15383304240814907,0.2044936006979426,risk_off,True,10,15,60,shrinkage_min_variance,0.5,9.232760655403476,0.1459704157639062,0.4243193896118945,2.5449416355403556,0.230333739772425,60,0.29770539497326687,0.6608471238688269,0.5141990033169129,False,ok
20,10,signal_shrinkage_min_variance_blend_0.50,2025,2025-06-27,"ALAB,CLSK,ENPH,FSLR,PL,RBLX,TE,TEM,TSLA,USAR",0.04012610128703151,0.028094574840325917,0.2297044663824032,0.2727732678258654,risk_off,True,10,15,60,shrinkage_min_variance,0.5,9.563648793914462,0.1268847106317296,0.36361814269187687,2.6061564694211006,0.05665360382593237,60,0.18609186635669994,0.36245306396230054,0.49671024325048624,False,ok
20,10,signal_shrinkage_min_variance_blend_0.50,2025,2025-07-14,"ALAB,CNC,CORZ,ECHO,ENPH,FSLR,IONQ,RGTI,SITM,TE",0.03142955111915882,0.02099587872693245,0.10887773412400213,-0.019051660663882516,risk_off,True,10,15,60,shrinkage_min_variance,0.5,9.367637349389076,0.17333891187198733,0.38359056455491103,2.4468031350719563,0.8067869964521686,60,0.056339650659333676,0.3206154111842886,0.3626237448114971,False,ok
20,10,signal_shrinkage_min_variance_blend_0.50,2025,2025-07-28,"APLD,CNC,HIMS,IONQ,LUNR,MARA,QBTS,RDW,TE,USAR",-0.03687140330009865,-0.0124246768190232,-0.0541204603785148,0.005902344034344923,risk_off,True,10,15,60,shrinkage_min_variance,0.5,9.297557374246784,0.15612178548418587,0.40183001020096615,2.7402319073612453,0.8466326893883708,60,0.07311500768779336,0.3030892926512676,0.4293754401235482,False,ok
20,10,signal_shrinkage_min_variance_blend_0.50,2025,2025-08-11,"AXTI,CHTR,CVNA,DOCN,FTAI,GH,OKLO,QBTS,RDW,TER",0.07548572350665565,0.031742555384127666,0.1821535373575194,0.2728647845566482,risk_off,True,10,15,60,shrinkage_min_variance,0.5,9.572201103101024,0.12811358206481704,0.37354002622317417,2.167359893238029,-0.2675763972654673,60,0.07206267978476799,0.39344663164781857,0.3183591001820776,False,ok
20,10,signal_shrinkage_min_variance_blend_0.50,2025,2025-08-25,"AAOI,CLS,CVNA,HUT,OKLO,RBLX,RDW,RGTI,RIOT,ROKU",0.08765989609132484,0.02140993751554376,0.24023424670260876,0.34408180058516563,risk_off,True,10,15,60,shrinkage_min_variance,0.5,8.984864268646605,0.14841509108760653,0.4250702136204703,2.4461839486379935,0.023350146783866117,60,0.23081981564128332,0.5829709696345705,0.39913957479363427,False,ok
20,10,signal_shrinkage_min_variance_blend_0.50,2025,2025-09-09,"AAOI,APLD,HOOD,HUT,KGC,NXT,PL,RGTI,RKLB,SMR",0.2368381526574395,0.04370804273897294,0.3318499113640434,0.29720111593729065,risk_off,True,10,15,60,shrinkage_min_variance,0.5,9.168033557697756,0.15356145156375497,0.4144282235121034,2.586139299744734,0.6360934014560935,60,0.09884633839397455,0.318034818030521,0.34828331965678594,False,ok
20,10,signal_shrinkage_min_variance_blend_0.50,2025,2025-09-23,"AAOI,AFRM,HIMS,MRVL,PL,POET,RDW,RKLB,SMR,SNOW",0.11307010232746395,0.019671963845306072,0.123192708423835,0.16998954051640727,risk_off,True,10,15,60,shrinkage_min_variance,0.5,9.783899286947518,0.12075842452369119,0.34187880452901304,2.6274943949355594,0.7384664261134906,60,0.042718964065051344,0.10339734951861153,0.3012392647311616,False,ok
20,10,signal_shrinkage_min_variance_blend_0.50,2025,2025-10-07,"AAOI,ALAB,HIMS,NVTS,ORCL,POET,RDW,RKLB,RMBS,SMR",0.02340559653852769,0.007178924347688331,0.15413869312932474,0.04143831653954678,risk_off,True,10,15,60,shrinkage_min_variance,0.5,9.846273904533362,0.11948852826592742,0.3400185669857207,2.191136380298483,0.9229722825553341,60,0.02210639046570839,0.09453195364439931,0.3042350205876221,False,ok
20,10,signal_shrinkage_min_variance_blend_0.50,2025,2025-10-21,"AAOI,CDE,CLS,FICO,JOBY,MARA,NVTS,SMR,SMTC,TEM",-0.051036733010086086,-0.014872487691560386,-0.04663713614500126,-0.23309716836033537,risk_off,True,10,15,60,shrinkage_min_variance,0.5,8.542073867389586,0.15768976405442997,0.41825706946430025,2.2636490599546226,0.7124557686899304,60,0.1530305095399883,0.38069922945884554,0.3566293859584272,False,ok
20,10,signal_shrinkage_min_variance_blend_0.50,2025,2025-11-04,"AA,ALB,CRDO,ENTG,FISV,HL,KVUE,RDDT,RMBS,SITM",0.0162545769613944,-0.022435499193692334,-0.33157468621432973,0.019748863469426604,risk_off,True,10,15,60,shrinkage_min_variance,0.5,9.361741150658606,0.14618379964632083,0.4017310491866969,2.2294622804987103,0.6551553246757466,60,0.09555333356703764,0.2913079480154465,0.2794257329317192,False,ok
20,10,signal_shrinkage_min_variance_blend_0.50,2025,2025-11-18,"ALAB,CVNA,EXPE,FISV,MRNA,ONDS,RDDT,SMR,STX,W",0.071322053882881,0.055713208470791704,0.3484590112881119,0.1862982670777028,risk_off,True,10,15,60,shrinkage_min_variance,0.5,9.312683690124347,0.15271707427821257,0.3911410360444391,2.3656037602771907,0.6041818158529366,60,0.05963227373219777,0.22315789140887213,0.31946194529243543,False,ok
20,10,signal_shrinkage_min_variance_blend_0.50,2025,2025-12-03,"AFRM,HOOD,LUNR,MOD,MP,ONDS,POET,TTMI,USAR,WULF",-0.08807248359288856,-0.007919288069769227,-0.1442284878369189,0.08873071118191897,risk_off,True,10,15,60,shrinkage_min_variance,0.5,9.121640203475744,0.13428519053138419,0.4014109930186184,2.3271805439607256,0.0276117245412907,60,0.2791894201072166,0.5962630552845642,0.512558557839163,False,ok
20,10,signal_shrinkage_min_variance_blend_0.50,2025,2025-12-17,"APLD,CIFR,CLSK,HOOD,HUT,LUNR,NVTS,QBTS,RGTI,USAR",0.19188272605676132,0.03438657190961965,0.39560976740688025,0.3310499318709211,risk_off,True,10,15,60,shrinkage_min_variance,0.5,9.460151344509487,0.14684196396845622,0.38324945750824807,2.6976479448356763,-0.11721733547999287,60,0.4704523261783225,0.8517859418446305,0.8056224802343515,False,ok
20,10,signal_shrinkage_min_variance_blend_0.50,2026,2026-01-02,"ALAB,BE,CORZ,IONQ,IREN,NVTS,RGTI,RIVN,TTMI,USAR",0.1752490420151459,0.04592265680505814,0.22054039674752626,0.018092089236777253,risk_off,True,10,15,60,shrinkage_min_variance,0.5,8.720817373440573,0.14124082360353518,0.41370807221361694,2.749347614320386,-0.037020823342314046,60,0.36715879754896863,0.757102220971529,0.6244371663657334,False,ok
20,10,signal_shrinkage_min_variance_blend_0.50,2026,2026-01-16,"ALAB,CIFR,CLSK,ECHO,IONQ,MARA,OKLO,QBTS,RGTI,SMR",-0.18487022055471622,-0.009903833912982694,-0.28051387571717,-0.24197931695478764,risk_off,True,10,15,60,shrinkage_min_variance,0.5,8.824574288255526,0.15658905130531056,0.4228665867987532,2.6640193725566115,-0.08289776024785794,60,0.4796820784764086,0.8775325304798374,0.639888985616142,False,ok
20,10,signal_shrinkage_min_variance_blend_0.50,2026,2026-02-02,"AMKR,AU,CIFR,CLS,HUT,INTC,MP,OKLO,RIOT,WULF",0.004543054725800817,0.003258543217893794,-0.17895336440321932,-0.25019486878882913,risk_off,True,10,15,60,shrinkage_min_variance,0.5,9.008623577844567,0.13569415030406368,0.40410952003744033,2.280342796632702,-0.24652314876231046,60,0.3828982483712396,0.7479667358533951,0.5231206909455562,False,ok
20,10,signal_shrinkage_min_variance_blend_0.50,2026,2026-02-17,"CDE,CLS,CORZ,DDOG,EL,NET,PINS,RIVN,RVMD,SPOT",-0.0008546467344906015,0.006937345951593162,-0.07442603463526325,-0.03729178564215712,risk_off,True,10,15,60,shrinkage_min_variance,0.5,9.513809301076492,0.14430081255272206,0.37632447828233184,2.0350893482709917,0.5256248262067708,60,0.07918178210445502,0.27942308340807365,0.263289466721302,False,ok
20,10,signal_shrinkage_min_variance_blend_0.50,2026,2026-03-03,"APP,AXON,COIN,HUBS,POET,RBRK,RGTI,RIVN,SPOT,XYZ",-0.022557260302168616,-0.015694294712545805,0.059049503032388345,-0.060192915660922656,risk_off,True,10,15,60,shrinkage_min_variance,0.5,9.37481840902726,0.1326266822635522,0.3798978864429882,2.126869870604882,-0.3350626015655455,60,0.22387921643921563,0.48518692897872534,0.4038900908597703,False,ok
20,10,signal_shrinkage_min_variance_blend_0.50,2026,2026-03-17,"CIFR,COIN,FICO,FLUT,HL,IONQ,RDW,RGTI,TEAM,W",-0.09498850046669977,-0.02254958857843178,-0.1986154392285275,0.2901212314478354,risk_off,True,10,15,60,shrinkage_min_variance,0.5,8.143666131180751,0.16518304115375151,0.4694723059977177,2.637237131516918,0.6320449577089925,60,0.2501110779314135,0.7851828793349107,0.39273427628293833,False,ok
20,10,signal_shrinkage_min_variance_blend_0.50,2026,2026-03-31,"ALAB,APLD,CIFR,CLSK,CRDO,HL,IREN,MU,RDW,TE",0.3840687518213265,0.07476134006191577,0.5237020628082512,0.3138909195636782,risk_off,True,10,15,60,shrinkage_min_variance,0.5,8.377774261367934,0.14623808710600844,0.42514609648068125,2.9033258420372947,0.4573249352448673,60,0.4193668223730791,0.7889053052790459,0.6476410889623847,False,ok
20,10,signal_shrinkage_min_variance_blend_0.50,2026,2026-04-15,"APP,MOD,MP,MU,NVTS,OKLO,RDW,SMR,SMTC,TEM",0.024530388034344507,0.007164375328154752,-0.008991924615117056,0.24371460840588607,risk_off,True,10,15,60,shrinkage_min_variance,0.5,8.455649888571298,0.14454728345544426,0.43043836456389634,2.1978274656338437,0.26273148821523234,60,0.3474665914702291,0.7662350917810049,0.5020634024332123,False,ok
20,10,signal_shrinkage_min_variance_blend_0.50,2026,2026-04-29,"FICO,IREN,LYB,MP,NET,NXT,OKLO,TE,TEAM,TEM",0.07514180707245845,0.043709481522160115,0.2388898515594062,0.35280803523214094,risk_off,True,10,15,60,shrinkage_min_variance,0.5,8.950420654755186,0.1494632831935632,0.42538795846879573,2.3513785373155542,0.3313663322663981,60,0.13611619387165239,0.6859861638146025,0.3307260007256773,False,ok
20,10,signal_shrinkage_min_variance_blend_0.50,2026,2026-05-13,"ALB,ENPH,FIX,FTAI,MP,RDDT,RGTI,TE,TER,ZTS",0.1786115681698358,0.04661327358101235,0.23534777622623007,0.04743792799830555,risk_off,True,10,15,60,shrinkage_min_variance,0.5,8.825164261717928,0.14010728231499708,0.4193810744821819,2.0423645117004976,0.24125068469126063,60,0.2394132731002674,0.524346183170343,0.3759323636113124,False,ok
20,10,signal_shrinkage_min_variance_blend_0.50,2026,2026-05-28,"ANET,FORM,FTAI,HIMS,KTOS,NET,NXPI,SHOP,TER,W",-0.014900641182984986,-0.007783458915812064,-0.22918170722935896,-0.1991334859883724,risk_off,True,10,15,60,shrinkage_min_variance,0.5,9.343993745378562,0.15052063432429746,0.39823013293698684,2.2747230792633344,0.39570309273134524,60,0.14690990075670682,0.43417427355572163,0.3594917825517207,False,ok
20,10,signal_shrinkage_min_variance_blend_0.75,2021,2021-01-04,"AXTI,CVNA,EQT,NET,PLTR,QXO,SITM,STRL,THC,WDC",0.19323940537133905,0.07030973856078798,0.25833680457444064,0.22737856291916733,risk_off,True,10,15,60,shrinkage_min_variance,0.75,9.8348697368931,0.11927667324698789,0.3486247743953278,3.0,,60,0.0747370259332639,0.2750610385754208,0.29235925570985694,False,ok
20,10,signal_shrinkage_min_variance_blend_0.75,2021,2021-01-19,"CDE,CVNA,HL,MP,MRNA,NET,PLTR,SNOW,W,WDC",0.06906253009209495,-0.010274998055037218,-0.09944960954464188,0.2417731730130608,risk_off,True,10,15,60,shrinkage_min_variance,0.75,9.844356141208745,0.11785101218740152,0.3471631298097032,2.89044073647206,0.4410254196819271,60,0.1489595532220908,0.6808908488875026,0.39646888154794374,False,ok
20,10,signal_shrinkage_min_variance_blend_0.75,2021,2021-02-02,"CCJ,CDE,CVNA,ENPH,HL,INSM,MP,OXY,PAAS,PLTR",0.07849763498166795,0.058056854757281895,0.32937203498193474,0.17105479895492223,risk_off,True,10,15,60,shrinkage_min_variance,0.75,9.784257363213204,0.12720510934525664,0.3554212438944847,2.897184021753131,0.08546893216623996,60,0.1432281114459301,0.7794679591248602,0.4196714587499651,False,ok
20,10,signal_shrinkage_min_variance_blend_0.75,2021,2021-02-17,"BE,CDE,CELH,CLSK,ENPH,HL,INSM,NTRA,PAAS,RVMD",-0.07183993613409578,-0.017086850018389037,0.045086684235397245,0.01581838817925182,risk_off,True,10,15,60,shrinkage_min_variance,0.75,9.74913538503813,0.1292002322960334,0.3609945298521513,2.877428073195896,0.27542050149316505,60,0.17274358280402777,0.802938299091341,0.4096114535767533,False,ok
20,10,signal_shrinkage_min_variance_blend_0.75,2021,2021-03-03,"AXTI,CDE,CELH,CLSK,HL,MSTR,MXL,ONDS,W,WULF",0.029249647071544264,0.04286819959595054,-0.023320999873354235,-0.3167486979013101,risk_off,True,10,15,60,shrinkage_min_variance,0.75,9.787215191864309,0.12731312349989166,0.34932315674338166,2.909369343397835,0.5581796739528362,60,0.13983260347892137,0.6822927219103897,0.492862548683115,False,ok
20,10,signal_shrinkage_min_variance_blend_0.75,2021,2021-03-17,"AXTI,BE,CVNA,MSTR,MXL,ONDS,PLTR,RKLB,TWLO,W",-0.09043942336938968,-0.010537424443842812,-0.4245636738510876,-0.25777114827080255,risk_on,True,10,15,60,shrinkage_min_variance,0.75,9.710857893690681,0.12241420410807294,0.35635372002959687,2.7176933392322673,0.4143022108741647,60,0.21286320434849734,0.4443655916980294,0.47474905490202496,False,ok
20,10,signal_shrinkage_min_variance_blend_0.75,2021,2021-03-31,"AXTI,BE,CELH,ENPH,HIMS,HUT,MP,MSTR,ONDS,TSLA",-0.022273086753909273,0.03583900671621776,-0.03899371576334937,-0.13678027560331857,risk_on,True,10,15,60,shrinkage_min_variance,0.75,9.737329831894684,0.12160877823291268,0.36482633469873804,2.9781408122492854,0.14748157494997813,60,0.27818841881106804,0.5347619308669636,0.6455251506737366,False,ok
20,10,signal_shrinkage_min_variance_blend_0.75,2021,2021-04-15,"AXTI,BE,CELH,CLSK,ENPH,HUT,MARA,MP,MSTR,QXO",-0.03341500977974329,0.008869373278152688,-0.14977533971793963,-0.3550078438848738,risk_on,True,10,15,60,shrinkage_min_variance,0.75,9.56797801655342,0.1338537853423704,0.3840192687377736,2.829443410280871,0.4354005515567205,60,0.3344929676878847,0.7186400923036146,0.7490096450992079,False,ok
20,10,signal_shrinkage_min_variance_blend_0.75,2021,2021-04-29,"BE,CELH,CLSK,ENPH,HIMS,HUT,MSTR,ONDS,QXO,RIOT",-0.2408732960700205,-0.03460121515501072,-0.304001814956624,-0.014429517717168508,risk_on,True,10,15,60,shrinkage_min_variance,0.75,9.645317889826517,0.1214847683441542,0.3627163270112721,2.9769847421846096,-0.11537049328797638,60,0.28437959208487307,0.6777904643034492,0.6873793524340734,False,ok
20,10,signal_shrinkage_min_variance_blend_0.75,2021,2021-05-13,"CCJ,CDE,CELH,EQT,HL,MARA,MP,RIOT,SHOP,SITM",0.19658030297812124,0.04738176771365853,0.3740547651377887,0.38543294876363476,risk_off,True,10,15,60,shrinkage_min_variance,0.75,9.807307249711497,0.11297231513789197,0.3360979949403151,2.942122460664428,-0.5128675227983397,60,0.2990643164490036,0.8847462125996447,0.5515887313811743,False,ok
20,10,signal_shrinkage_min_variance_blend_0.75,2021,2021-05-27,"BE,CCJ,CLSK,DASH,HIMS,HUT,MARA,ONDS,RIOT,SITM",0.018139539288478477,0.02033109660006305,0.15765067933687468,0.221701974905471,risk_off,True,10,15,60,shrinkage_min_variance,0.75,9.673445103256617,0.1234352637307705,0.3661339152415532,2.9486698893481065,0.19806575886588246,60,0.40815001799286244,0.8750250560799142,0.6796153223683061,False,ok
20,10,signal_shrinkage_min_variance_blend_0.75,2021,2021-06-11,"AFRM,ASTS,CLSK,DASH,HIMS,HUT,MARA,ONDS,POET,RIOT",-0.002754843321402373,0.0047539965984023744,-0.018855411686483012,-0.12474482022892026,risk_off,True,10,15,60,shrinkage_min_variance,0.75,9.699186640164472,0.12000000000000001,0.35724495262949146,3.0,,60,0.2282158565856552,0.7454754338868148,0.5264743194305599,False,ok
20,10,signal_shrinkage_min_variance_blend_0.75,2021,2021-06-25,"AFRM,ASTS,AXTI,CLSK,HUT,MARA,MSTR,ONDS,POET,RIOT",0.03956890831776644,0.005006235888459096,-0.3303939101029276,-0.3845213329025605,risk_off,True,10,15,60,shrinkage_min_variance,0.75,9.688176510964853,0.12025283330058736,0.35823016689588827,2.9959767391193908,-0.32932094527567773,60,0.23656960623577036,0.7788178702447897,0.5134612345328486,False,ok
20,10,signal_shrinkage_min_variance_blend_0.75,2021,2021-07-12,"AXTI,BB,HUT,MARA,MSTR,OXY,POET,RBLX,RIOT,STRL",-0.017803591042718465,-0.004550332550037896,-0.42440856730260135,-0.24434032378922488,risk_off,True,10,15,60,shrinkage_min_variance,0.75,9.748898517712165,0.1180128547995551,0.3521482699303162,2.973728711053906,-0.45664604398291003,60,0.20227049818068482,0.8461623042819173,0.4308887979640493,False,ok
20,10,signal_shrinkage_min_variance_blend_0.75,2021,2021-07-26,"AA,ASTS,CCL,COIN,HUT,MARA,MSTR,NCLH,RIOT,TE",0.10497802052972913,0.016342206127531962,0.06646754373851718,-0.17801495266771503,risk_off,True,10,15,60,shrinkage_min_variance,0.75,9.632473299184904,0.12,0.36,3.0,,60,0.19602658992008593,0.7965292684172393,0.4200897985003369,False,ok
20,10,signal_shrinkage_min_variance_blend_0.75,2021,2021-08-09,"AA,AFRM,ASTS,CCL,CLSK,DOCN,HIMS,JOBY,NCLH,RIOT",-0.03531771900407692,-0.002709470172841376,-0.3698986180113055,-0.09160786047325677,risk_off,True,10,15,60,shrinkage_min_variance,0.75,9.840869477799982,0.12067679924491523,0.34526224612884127,2.9898453784787646,-0.21987720452348078,60,0.09813968490533871,0.46661282146373884,0.3148124991695869,False,ok
20,10,signal_shrinkage_min_variance_blend_0.75,2021,2021-08-23,"AA,AFRM,ASTS,CLSK,DOCN,HIMS,JOBY,ONDS,RIOT,TE",0.13213185765815208,0.022358568293754644,0.2455596133686562,0.14392889544554638,risk_off,True,10,15,60,shrinkage_min_variance,0.75,9.9493512035818,0.10849869613228127,0.32001426015767054,2.9840445292616984,0.1937816715433659,60,0.045087783270591555,0.24372629630090215,0.3104735993950414,False,ok
20,10,signal_shrinkage_min_variance_blend_0.75,2021,2021-09-07,"APP,ASTS,CIFR,CLSK,HIMS,JOBY,ONDS,RIOT,SOFI,TE",-0.0340033704887686,-0.03279268938912169,-0.028896012938420687,0.05346622045751869,risk_off,True,10,15,60,shrinkage_min_variance,0.75,9.886996743892702,0.12043452000497133,0.338927207342552,2.9946977766746374,0.33138767386884554,60,0.03771090728268124,0.31138464093280865,0.27454159018459773,False,ok
20,10,signal_shrinkage_min_variance_blend_0.75,2021,2021-09-21,"APP,ASTS,AXTI,CIFR,CLSK,HUT,MARA,ONDS,RDW,WULF",0.035917925043145685,0.008895212668288804,0.16470690600024102,0.19162832880431827,risk_off,True,10,15,60,shrinkage_min_variance,0.75,9.674392920121065,0.1212298245491157,0.3636894736473471,2.9883993449415645,0.6189353214740184,60,0.12011120875915632,0.47297492867813923,0.34569506140334455,False,ok
20,10,signal_shrinkage_min_variance_blend_0.75,2021,2021-10-05,"APP,ASTS,AXTI,CIFR,CLSK,IONQ,MARA,ONDS,POET,RKLB",0.08561343031271561,0.044197449144180785,0.06836395559596606,0.16894520457524875,risk_off,True,10,15,60,shrinkage_min_variance,0.75,9.845904588142492,0.11574583276042716,0.3406573250474057,3.0000000000000004,,60,0.06831723132210603,0.38059533030608406,0.3047278258060854,False,ok
20,10,signal_shrinkage_min_variance_blend_0.75,2021,2021-10-19,"AA,BB,BE,CIFR,IONQ,JOBY,ONDS,POET,RDW,RIOT",0.12221438528078035,0.0274391614111111,0.158929877660065,0.21699465291040262,risk_off,True,10,15,60,shrinkage_min_variance,0.75,9.972744767110463,0.10665041593108962,0.31418205979563774,3.0000000000000004,,60,0.045625418602201026,0.1645422970227506,0.2878509592669303,False,ok
20,10,signal_shrinkage_min_variance_blend_0.75,2021,2021-11-02,"AA,BB,CIFR,HIMS,JOBY,ONDS,PINS,RDW,RIOT,RKLB",0.03118052329013607,0.026244664085104744,0.09809047628619331,-0.1579223133021045,risk_off,True,10,15,60,shrinkage_min_variance,0.75,9.852021782679593,0.12046684053575756,0.3391409065705806,2.9758247998595087,0.6229560161197396,60,0.06769560287415383,0.21474422465427465,0.33953257331580866,False,ok
20,10,signal_shrinkage_min_variance_blend_0.75,2021,2021-11-16,"AA,AFRM,CELH,CIFR,CLSK,HIMS,MARA,QXO,RDW,SITM",-0.15265455304642542,-0.07477096313389131,-0.3412867976119783,-0.41863314033748666,risk_off,True,10,15,60,shrinkage_min_variance,0.75,9.761603634362844,0.12556056358345247,0.35961364856124134,2.9281603445074893,0.4485886394357031,60,0.08515944256161626,0.3621961026566234,0.37093748067873394,False,ok
20,10,signal_shrinkage_min_variance_blend_0.75,2021,2021-12-01,"AAOI,AFRM,APP,DOCN,MARA,MRNA,QXO,RIOT,SITM,TOST",-0.07207980579079593,0.03206265906009462,-0.23531345890986713,-0.1961572969739614,risk_off,True,10,15,60,shrinkage_min_variance,0.75,9.804682557895617,0.12008031290278211,0.34392820091745313,2.9824045694771417,-0.1217204094353963,60,0.1606748048446234,0.5676273604514948,0.4255281944388384,False,ok
20,10,signal_shrinkage_min_variance_blend_0.75,2021,2021-12-15,"AFRM,MDB,MRNA,QXO,ROKU,SITM,SNOW,TE,WULF,ZS",-0.018649171863088943,0.02303781766939532,0.00578960142864443,-0.10045668547478893,risk_off,True,10,15,60,shrinkage_min_variance,0.75,9.784372683179901,0.12072168551840258,0.3515212256741157,2.990542323867057,0.12517259925541177,60,0.22618058221466872,0.510913302468157,0.4134055401461817,False,ok
20,10,signal_shrinkage_min_variance_blend_0.75,2021,2021-12-30,"AFRM,CVNA,DOCN,IONQ,MDB,MRNA,ROKU,SITM,TE,WULF",-0.20766467343082362,-0.024185950728445975,-0.26275570849771385,-0.4713169939112061,risk_off,True,10,15,60,shrinkage_min_variance,0.75,9.637871316612594,0.13590076331908785,0.3780022760900013,2.807135643306472,0.5453065799216126,60,0.20449677404919298,0.5380907105491125,0.46058037657882334,False,ok
20,10,signal_shrinkage_min_variance_blend_0.75,2022,2022-01-03,"AFRM,DKNG,DOCN,HOOD,HUT,IONQ,PL,ROKU,TOST,WULF",-0.2006819126234828,-0.04732579047660334,-0.4712230195216537,-0.4691354964722685,risk_off,True,10,15,60,shrinkage_min_variance,0.75,9.728724185351341,0.12295369679350479,0.36432292116365494,2.9637768958641937,0.46702269430866816,60,0.26611798654596164,0.5413547462879342,0.5081078001228989,False,ok
20,10,signal_shrinkage_min_variance_blend_0.75,2022,2022-01-18,"DKNG,HOOD,ILMN,MP,ONTO,PL,QXO,RDW,TSLA,WULF",-0.06406931854526143,-0.012526326423444268,-0.014744448602641942,-0.01149307171354791,risk_off,True,10,15,60,shrinkage_min_variance,0.75,9.579284585522146,0.12653033709921144,0.37015445080362797,2.9261992608110043,0.6676551506103515,60,0.20025912834102672,0.5011204687515542,0.39619654886935496,False,ok
20,10,signal_shrinkage_min_variance_blend_0.75,2022,2022-02-01,"CLSK,DKNG,HOOD,HUT,MARA,NET,ONTO,PL,SOFI,WULF",0.05091365452323835,0.00884588395541027,0.08412063803613701,-0.12800636597648254,risk_off,True,10,15,60,shrinkage_min_variance,0.75,9.816473794224454,0.11978013174591359,0.35467742845109895,2.792734253384016,0.21387650501344546,60,0.4142372924305049,0.7262488875309062,0.6165917976023739,False,ok
20,10,signal_shrinkage_min_variance_blend_0.75,2022,2022-02-15,"AFRM,CIFR,CVNA,MARA,MRNA,NVTS,RBLX,RIOT,RIVN,SOFI",-0.10823125844112794,-0.016314403635332674,-0.19887043177727395,-0.31512389706296234,risk_off,True,10,15,60,shrinkage_min_variance,0.75,9.009434681648253,0.15108755582843555,0.42877267145132514,2.6886626155372597,0.819567810244444,60,0.43495317638334613,0.8854105957001239,0.6267353127223846,False,ok
20,10,signal_shrinkage_min_variance_blend_0.75,2022,2022-03-02,"AFRM,CIFR,DOCN,JOBY,MARA,MRNA,ONDS,RIOT,VRT,XYZ",-0.029781903794325826,-0.015645288184106435,-0.2908678587508675,-0.10842585592810418,risk_off,True,10,15,60,shrinkage_min_variance,0.75,9.288129743847067,0.15064601648055276,0.3939247600537552,2.677477412916785,0.7519263291340187,60,0.4890712410920902,0.8857791764540887,0.6725906714558283,False,ok
20,10,signal_shrinkage_min_variance_blend_0.75,2022,2022-03-16,"AFRM,CVNA,DASH,HIMS,NTRA,ONDS,RBLX,VRT,WULF,XYZ",0.19784931316813031,0.060508788043382895,0.20484329211969354,-0.21448843669010192,risk_off,True,10,15,60,shrinkage_min_variance,0.75,8.290937606560789,0.17291168252698255,0.4940267905902156,2.5423872915972296,0.8980396171013842,60,0.3383987654375084,0.640842123300419,0.6380192161176015,False,ok
20,10,signal_shrinkage_min_variance_blend_0.75,2022,2022-03-30,"AFRM,GH,NTRA,NU,QXO,RBLX,RIVN,SHOP,VRT,WULF",-0.09822746005240052,-0.0332926426922929,-0.46720179811280554,-0.5347647652108458,risk_off,True,10,15,60,shrinkage_min_variance,0.75,8.95894585729644,0.16115945136926932,0.43306250135674573,2.5492831129021924,0.8706836909723227,60,0.31365790256038795,0.6213036153200157,0.6412676214900599,False,ok
20,10,signal_shrinkage_min_variance_blend_0.75,2022,2022-04-13,"AFRM,CELH,HOOD,JOBY,NTRA,RBLX,RGTI,RIVN,W,XYZ",-0.1203540752538229,-0.0478878133167235,-0.33603280208110414,-0.42724119599241234,risk_off,True,10,15,60,shrinkage_min_variance,0.75,9.574274982000052,0.12000000000000001,0.36,3.0000000000000004,,60,0.4481007019409484,0.6413282822604626,0.6949457807713157,False,ok
20,10,signal_shrinkage_min_variance_blend_0.75,2022,2022-04-28,"CELH,META,NTRA,PINS,PL,RGTI,SMCI,TOST,VRT,WULF",-0.09249716597796466,-0.09980559397127838,-0.3447208967320751,-0.15769049323314088,risk_off,True,10,15,60,shrinkage_min_variance,0.75,9.862361247374833,0.11643658211191082,0.34581861125977736,2.887210014774252,0.14769929318747776,60,0.2045801448237438,0.41035051442968473,0.4957795109808841,False,ok
20,10,signal_shrinkage_min_variance_blend_0.75,2022,2022-05-12,"AFRM,CIFR,COIN,CVNA,GH,MSTR,MXL,RIVN,W,WULF",0.15829362815237125,0.05902800107903099,0.19055071364452306,0.13949057783080895,risk_off,True,10,15,60,shrinkage_min_variance,0.75,9.698839542969106,0.12039728043617477,0.36016272601790295,2.9936978740572755,-0.3106927961164804,60,0.4532737172272045,0.7460217255023567,0.8003155212610845,False,ok
20,10,signal_shrinkage_min_variance_blend_0.75,2022,2022-05-26,"COIN,CVNA,GH,IREN,MARA,MSTR,NET,NU,W,WULF",-0.1299483511381029,-0.041607881638335883,-0.09560641261414625,-0.026601585465700562,risk_off,True,10,15,60,shrinkage_min_variance,0.75,9.71773994558312,0.12386340659460858,0.3617902826472283,2.944736108000402,0.07517516206630653,60,0.5180673318105442,0.7955163573043685,0.9029227068094138,False,ok
20,10,signal_shrinkage_min_variance_blend_0.75,2022,2022-06-10,"AFRM,CIFR,COIN,CVNA,GH,IONQ,MSTR,NU,RDW,W",0.04182745135387902,-0.013037267403061612,0.11919430468292827,-0.0147567003344231,risk_off,True,10,15,60,shrinkage_min_variance,0.75,9.572095355058122,0.12211994256939558,0.36635982770818676,2.9719959822011086,0.20301169858094728,60,0.5077407487526576,0.7711375284211626,0.868515029710111,False,ok
20,10,signal_shrinkage_min_variance_blend_0.75,2022,2022-06-27,"APLD,CIFR,COIN,CVNA,IONQ,MSTR,NET,NU,W,WULF",-0.0562355425330089,-0.03070552472011658,-0.337930515036907,-0.0456958192211353,risk_off,True,10,15,60,shrinkage_min_variance,0.75,9.351203012148595,0.1385408530973685,0.4009577680727705,2.79415158342942,0.7128218458274415,60,0.4178506213404108,0.7306448722703632,0.8718901138008867,False,ok
20,10,signal_shrinkage_min_variance_blend_0.75,2022,2022-07-12,"APLD,CIFR,COIN,CVNA,MARA,MSTR,NET,RIOT,W,WULF",0.18440948211153155,0.04120739560216693,0.20337724948127148,0.40601361039947587,risk_off,True,10,15,60,shrinkage_min_variance,0.75,9.18923783309488,0.13796253267471473,0.40637938975149757,2.8135921890852575,0.8078887806958713,60,0.4754911321054455,0.779918848089936,0.9548889870075625,False,ok
20,10,signal_shrinkage_min_variance_blend_0.75,2022,2022-07-26,"APLD,CIFR,COIN,DKNG,HUT,IREN,NET,NVTS,RGTI,WULF",0.28833553174470633,0.08020265716848522,0.3756538302510819,0.2795361216100723,risk_off,True,10,15,60,shrinkage_min_variance,0.75,9.49975186217818,0.1342228337834441,0.38038376833127174,2.838549025788522,0.6995068111865427,60,0.3178412848761683,0.5614010772054024,0.8609932985465809,False,ok
20,10,signal_shrinkage_min_variance_blend_0.75,2022,2022-08-09,"APLD,CLSK,CVNA,NU,NVTS,RGTI,SHOP,TWLO,W,WULF",-0.029245963727069182,0.0021356335640147295,-0.20865881796799143,-0.2553386074691479,risk_off,True,10,15,60,shrinkage_min_variance,0.75,9.744222542842678,0.12105462605193294,0.3516525692790577,2.9850506645964012,-0.09163358571426579,60,0.31641140796231204,0.4785530699147394,0.7814478816890482,False,ok
20,10,signal_shrinkage_min_variance_blend_0.75,2022,2022-08-23,"CRDO,DOCN,GH,HOOD,NU,POET,RCL,RGTI,RVMD,WULF",-0.06819325626654077,-0.03597974242968704,-0.23881165493276874,-0.18149391958730973,risk_off,True,10,15,60,shrinkage_min_variance,0.75,9.64006433324883,0.12129371762220112,0.3638811528666034,2.985731253111325,0.46738146351794463,60,0.30622119583125823,0.5720885093272917,0.5239126104807386,False,ok
20,10,signal_shrinkage_min_variance_blend_0.75,2022,2022-09-07,"CDE,CELH,ILMN,NU,OKTA,POET,QXO,RGTI,RKLB,SNOW",-0.0663737841180369,-0.0414146579002377,-0.03092124010464681,0.05783726123250052,risk_off,True,10,15,60,shrinkage_min_variance,0.75,9.528636126034513,0.14165021821155782,0.37751840284538274,2.756115606543573,0.680942495389171,60,0.20265286907885133,0.4708866120147633,0.42660738200295273,False,ok
20,10,signal_shrinkage_min_variance_blend_0.75,2022,2022-09-21,"CDE,HUT,NVTS,OKTA,QBTS,RGTI,RIOT,ROKU,SNOW,ZS",0.08103437999728468,0.007105101569703827,0.09643331657764549,-0.19346577844689347,risk_off,True,10,15,60,shrinkage_min_variance,0.75,9.62957748755996,0.1229012830844452,0.3687038492533356,2.960344601627636,0.2529699342762186,60,0.3124803297552911,0.7859403039184419,0.5833851562470422,False,ok
20,10,signal_shrinkage_min_variance_blend_0.75,2022,2022-10-05,"AFRM,CIFR,CVNA,HUT,IREN,PATH,RGTI,RIOT,SITM,VRT",-0.16497349190073124,-0.0415359531202562,-0.2356242483006325,-0.20445381349972866,risk_off,True,10,15,60,shrinkage_min_variance,0.75,9.578043711250032,0.12363688561116457,0.3689252397281152,2.9559154055246823,0.37917974228447554,60,0.433627753827988,0.7869453248620395,0.70194319338528,False,ok
20,10,signal_shrinkage_min_variance_blend_0.75,2022,2022-10-19,"AA,AFRM,ASTS,CLSK,CVNA,IREN,RGTI,SITM,W,XYZ",-0.005511488139469263,0.041191466115838,-0.1241322625503775,0.046967103714000695,risk_off,True,10,15,60,shrinkage_min_variance,0.75,9.814855232029702,0.120683986784217,0.34544950539619,2.750423731691124,0.14734819279539124,60,0.3889642069888709,0.7286401011993894,0.680647462302773,False,ok
20,10,signal_shrinkage_min_variance_blend_0.75,2022,2022-11-02,"AFRM,ASTS,CIFR,CLSK,HUT,JOBY,QBTS,RBLX,RGTI,W",-0.09644729019566022,0.05598351068559991,0.18637022581723742,0.07180570649627308,risk_off,True,10,15,60,shrinkage_min_variance,0.75,9.309368276739598,0.14127376142274822,0.3990828086100175,2.7681904190303843,0.7268690906099117,60,0.3015110564250076,0.6606436182339888,0.592158332318684,False,ok
20,10,signal_shrinkage_min_variance_blend_0.75,2022,2022-11-16,"ASTS,CIFR,CVNA,DKNG,GH,IREN,NET,QBTS,RGTI,W",-0.06292647009168481,0.02635086460682262,-0.16218503599143402,-0.3051742595480884,risk_off,True,10,15,60,shrinkage_min_variance,0.75,8.892239840418956,0.16322673827744508,0.4322906174206713,2.575895881931113,0.8524129807794398,60,0.2847161879422699,0.6555628044380156,0.6850686098680382,False,ok
20,10,signal_shrinkage_min_variance_blend_0.75,2022,2022-12-01,"AFRM,CVNA,DKNG,GH,IREN,MKSI,NET,RGTI,TWLO,WULF",-0.16188429132058754,-0.052744197182541384,-0.3301862377033458,-0.40893053709249666,risk_off,True,10,15,60,shrinkage_min_variance,0.75,8.796704374622738,0.16800016560346692,0.44145471187809193,2.5403162464271265,0.8106817907309692,60,0.4427802337642024,0.6981522471761653,0.8029374908299364,False,ok
20,10,signal_shrinkage_min_variance_blend_0.75,2022,2022-12-15,"CLSK,COIN,CVNA,MARA,MSTR,NET,RBLX,RIOT,W,WULF",-0.08399927289469102,-0.01653131181393959,-0.22453391011382817,0.3427091273277429,risk_off,True,10,15,60,shrinkage_min_variance,0.75,9.754857823105501,0.13291297206474192,0.36041025640316837,2.8313864337638095,0.1057964683753521,60,0.48513763139751076,0.7256218757358606,0.8546325454977948,False,ok
20,10,signal_shrinkage_min_variance_blend_0.75,2022,2022-12-30,"APLD,ASTS,CLSK,COIN,CVNA,IREN,MRNA,QBTS,RBLX,WULF",0.2941382485554378,0.08835391248637042,0.44948542561980515,0.4761072683525764,risk_off,True,10,15,60,shrinkage_min_variance,0.75,9.655022688441278,0.12010118859163693,0.3603035657749108,2.998414963244495,-0.29706124774603604,60,0.27025262587396354,0.5646538822693876,0.6570151984734445,False,ok
20,10,signal_shrinkage_min_variance_blend_0.75,2023,2023-01-03,"APLD,ASTS,CLSK,CVNA,IREN,MDB,QBTS,RBLX,RDW,WULF",0.27536936483579777,0.07331068777750739,0.49920351207926655,0.5623883157183059,risk_off,True,10,15,60,shrinkage_min_variance,0.75,9.292641821433055,0.12701397849275933,0.381041935478278,2.445536430202983,0.9701541460142409,60,0.2625060697542182,0.5506137056567337,0.7504150887748934,False,ok
20,10,signal_shrinkage_min_variance_blend_0.75,2023,2023-01-18,"ASTS,CIFR,CLSK,CVNA,GH,IONQ,MARA,POET,RDW,RGTI",0.15715770690274863,0.0618947278572444,0.3463795251490087,0.30199755191069005,risk_off,True,10,15,60,shrinkage_min_variance,0.75,9.424389443029538,0.16067394718366393,0.38163825133877244,2.184111256879407,0.8308040517350184,60,0.2392483056289111,0.5052489046617089,0.705195793377711,False,ok
20,10,signal_shrinkage_min_variance_blend_0.75,2023,2023-02-01,"CIFR,CVNA,MARA,POET,RDW,RGTI,RIVN,RVMD,TE,WULF",0.09626426953991504,0.009998888807399738,0.061508992038724154,-0.04288728770269207,risk_off,True,10,15,60,shrinkage_min_variance,0.75,9.312062079143045,0.15291605646141543,0.39326623047683484,2.029976111129714,0.7576565600579962,60,0.2319544724668783,0.38744544205998577,0.7130636456615979,False,ok
20,10,signal_shrinkage_min_variance_blend_0.75,2023,2023-02-15,"CIFR,CVNA,HUT,IREN,MARA,POET,QBTS,RDW,RIOT,RIVN",-0.15236153346984993,-0.03858304425592113,-0.19331705532879495,-0.08155544278282617,risk_off,True,10,15,60,shrinkage_min_variance,0.75,8.879681315602143,0.18,0.434014192214919,2.1248307928463923,0.8364279462282698,60,0.21969569188578708,0.6103049527349248,0.730374580688986,False,ok
20,10,signal_shrinkage_min_variance_blend_0.75,2023,2023-03-02,"CIFR,CRDO,GH,IONQ,PLTR,QBTS,RBLX,RDW,RIOT,TE",-0.05907532430209053,-0.03534272688975863,0.10017835242015946,0.06342143910190988,risk_off,True,10,15,60,shrinkage_min_variance,0.75,9.472635098610287,0.16312282896740132,0.3784135681568042,1.5798900368589055,0.8691212245959967,60,0.13242281034997536,0.40358527629380325,0.4904810463992909,False,ok
20,10,signal_shrinkage_min_variance_blend_0.75,2023,2023-03-16,"CIFR,HUT,JOBY,MSTR,POET,RIOT,RVMD,SHOP,TE,WULF",0.133782562717011,0.025709445504174623,0.031626451323754703,-0.09250641833847731,risk_off,True,10,15,60,shrinkage_min_variance,0.75,9.240167627821071,0.15943855299397106,0.39546314759868884,1.7448143348826672,0.7326058297946927,60,0.253656429969754,0.7089674987071145,0.575778559716163,False,ok
20,10,signal_shrinkage_min_variance_blend_0.75,2023,2023-03-30,"CIFR,CLSK,COIN,CVNA,HUT,LUNR,MSTR,QBTS,W,WULF",0.2092836839074604,0.01965481257348085,-0.10015117746264221,-0.11102021538690189,risk_off,False,10,15,60,shrinkage_min_variance,0.75,9.414716067854785,0.14626916406387847,0.4050499573447711,1.977674344671462,0.9619639044802999,60,0.0505903886074586,0.15449090916868136,0.9168435158975382,False,ok
20,10,signal_shrinkage_min_variance_blend_0.75,2023,2023-04-14,"AFRM,CIFR,COIN,CRDO,CVNA,HUT,MSTR,QBTS,RGTI,W",-0.09494967842503678,-0.007655776890147749,-0.17856697464513893,-0.1848345331965353,risk_off,False,10,15,60,shrinkage_min_variance,0.75,8.805148251421958,0.17161441241819567,0.4457911192492424,2.1366043657658933,0.8741324138413388,60,0.2635446097942306,0.6325933652247409,0.7267707694485531,False,ok
20,10,signal_shrinkage_min_variance_blend_0.75,2023,2023-04-28,"AAOI,CIFR,CLSK,HUT,IREN,LUNR,MARA,MSTR,ONDS,QBTS",-0.05343519033318391,-0.006691428722313886,-0.13270216352850256,0.22638380505855432,risk_off,False,10,15,60,shrinkage_min_variance,0.75,8.008441569555087,0.17222409788014192,0.4957256679273337,2.4797345003604825,0.9795881484784889,60,0.05968463636388265,0.18458970980723527,0.9322232235776295,False,ok
20,10,signal_shrinkage_min_variance_blend_0.75,2023,2023-05-12,"AFRM,ASTS,CLSK,LUNR,NVTS,ONDS,PLTR,QBTS,RGTI,ZS",0.6925774932293228,0.037709752660554326,0.41251000056994425,0.4423233674214998,risk_off,False,10,15,60,shrinkage_min_variance,0.75,9.096468498373591,0.15963664986179898,0.43032132714795746,2.1835011540906915,0.9844819413274714,60,0.02332471238016067,0.09686193492853426,0.83152752599584,False,ok
20,10,signal_shrinkage_min_variance_blend_0.75,2023,2023-05-26,"AFRM,APLD,ASTS,CLSK,COIN,CVNA,LUNR,QBTS,RGTI,SITM",0.22470837958694656,0.047973765081764666,0.24051440121801052,0.15095455638253322,risk_off,False,10,15,60,shrinkage_min_variance,0.75,9.355353938575893,0.14225759253112633,0.39251047149655904,2.2707682497969497,0.9565190563558192,60,0.06089277541214988,0.43673411193871414,0.6250415287341691,False,ok
20,10,signal_shrinkage_min_variance_blend_0.75,2023,2023-06-12,"AFRM,APLD,CIFR,CVNA,IONQ,IREN,MARA,NVTS,QBTS,RGTI",0.017278506002896574,0.016389376175423555,-0.05001332340121453,0.15371253893435813,risk_off,False,10,15,60,shrinkage_min_variance,0.75,9.305251836520835,0.1432787919765633,0.4027323652577804,2.2752737052243557,0.9672924322840585,60,0.12940578563916805,0.5155288021853582,0.7872511603999235,False,ok
20,10,signal_shrinkage_min_variance_blend_0.75,2023,2023-06-27,"AFRM,CIFR,CVNA,IONQ,LUNR,ONDS,POET,QBTS,RGTI,RIOT",0.2926478967441242,0.05047730194989893,0.25149859546156267,0.15885660937833787,risk_off,False,10,15,60,shrinkage_min_variance,0.75,9.662500982751558,0.13522366038370762,0.37224126240024924,2.0693963472058474,0.9423913248465876,60,0.09379716021562863,0.5821043449946719,0.7122776586451423,False,ok
20,10,signal_shrinkage_min_variance_blend_0.75,2023,2023-07-12,"CIFR,COHR,IONQ,IREN,JOBY,MARA,ONDS,RIOT,TE,WULF",-0.017691861031532582,0.01728299628939763,-0.02400074506357217,-0.14236225175453568,risk_off,True,10,15,60,shrinkage_min_variance,0.75,9.289189149081016,0.16512804642001497,0.406788714149963,1.9007764776397562,0.897903752502472,60,0.1865489675310849,0.6525494890709131,0.49248693114148223,False,ok
20,10,signal_shrinkage_min_variance_blend_0.75,2023,2023-07-26,"HUT,IONQ,IREN,LUNR,MARA,ONDS,RGTI,RIOT,TE,TOST",-0.10044934854125198,-0.020526187755062614,-0.17165806086902508,-0.13736404910006145,risk_off,True,10,15,60,shrinkage_min_variance,0.75,9.232816676814117,0.15766983007723223,0.40295595712974264,2.083106941511191,0.8476446814125621,60,0.14756836034224594,0.6583277516024516,0.5256004626165908,False,ok
20,10,signal_shrinkage_min_variance_blend_0.75,2023,2023-08-09,"AAOI,AFRM,ANET,LUNR,MARA,NTRA,QBTS,SOFI,TEAM,TOST",-0.07635166813705858,-0.020556467055393168,0.04099235462785732,0.019903131213246734,risk_off,True,10,15,60,shrinkage_min_variance,0.75,9.677337430862792,0.13499999999999998,0.3683490179056037,2.04411587490447,0.920529276512858,60,0.05270675784483794,0.19953024098345698,0.5534407407862313,False,ok
20,10,signal_shrinkage_min_variance_blend_0.75,2023,2023-08-23,"AAOI,ASTS,COHR,DDOG,IONQ,MXL,QBTS,ROKU,SMCI,SOFI",-0.04580980859701603,0.004657187046902513,-0.08750497918619728,-0.2085841174006419,risk_off,True,10,15,60,shrinkage_min_variance,0.75,8.973668043486203,0.18,0.4199727804500786,2.1641760571947586,0.8792737911155081,60,0.10345312698900068,0.3183762955764878,0.46694982683180947,False,ok
20,10,signal_shrinkage_min_variance_blend_0.75,2023,2023-09-07,"APP,BB,CLSK,COIN,FN,IONQ,IREN,MARA,RBLX,RGTI",-0.10342169554721346,-0.037847347405173544,-0.2056052377863402,-0.1353845446976586,risk_off,True,10,15,60,shrinkage_min_variance,0.75,9.43638557297781,0.14185258051468438,0.38895134479180515,1.976122988960332,0.8085802835190596,60,0.1950723506636702,0.668300084373585,0.5398097230840112,False,ok
20,10,signal_shrinkage_min_variance_blend_0.75,2023,2023-09-21,"BB,CLSK,COIN,IREN,LUNR,MARA,QBTS,RBLX,RIOT,WULF",-0.09983318151916779,-0.027284402888313138,0.033512440774589716,-0.19197461495359555,risk_off,True,10,15,60,shrinkage_min_variance,0.75,8.624882403963818,0.16991834236794562,0.4475595905652094,2.526829789515255,0.9051792428008669,60,0.2941834360207409,0.6894059180927828,0.6048039242157622,False,ok
20,10,signal_shrinkage_min_variance_blend_0.75,2023,2023-10-05,"APLD,CDE,CIFR,COHR,IONQ,QBTS,RDW,RIOT,RIVN,WBD",-0.004556999526940919,-0.0001932257964155303,-0.13389908678524012,-0.00732549725203801,risk_off,True,10,15,60,shrinkage_min_variance,0.75,8.971570673066585,0.15197737357944902,0.4381242095574413,2.2350498576145568,0.9214510644952791,60,0.14362601923455953,0.5458912609880894,0.43953124366930413,False,ok
20,10,signal_shrinkage_min_variance_blend_0.75,2023,2023-10-19,"AAOI,APLD,CIFR,GH,IONQ,ONDS,RGTI,RIOT,RIVN,SMR",0.07777473777075757,0.011969665494119153,0.09118185766744684,0.1486167369601354,risk_off,True,10,15,60,shrinkage_min_variance,0.75,8.860892608655893,0.15113059365666723,0.44152545386017583,2.381252822967168,0.934084057463363,60,0.11020598636175759,0.3617864914403867,0.46826552242739405,False,ok
20,10,signal_shrinkage_min_variance_blend_0.75,2023,2023-11-02,"AAOI,APLD,BE,IREN,ONDS,POET,QBTS,RGTI,RVMD,WULF",0.05165536449930014,0.040303531717569105,0.18727698902832432,0.28099480081307104,risk_off,True,10,15,60,shrinkage_min_variance,0.75,8.115994579706456,0.16913210340158608,0.4670011679150496,2.601928346778139,0.9726954669603052,60,0.09163319596110905,0.3696405196245581,0.43012551201551913,False,ok
20,10,signal_shrinkage_min_variance_blend_0.75,2023,2023-11-16,"BE,CVNA,IREN,ONDS,POET,QBTS,SMR,TE,WBD,WULF",0.19750543662036682,0.05841448131801323,0.2790382522483337,0.3325856613832645,neutral,True,10,15,60,shrinkage_min_variance,0.75,8.428388343499648,0.18,0.4876451231059855,2.117103415302191,0.9483762168504849,60,0.11325855743947905,0.44251558733333374,0.44155741262167963,False,ok
20,10,signal_shrinkage_min_variance_blend_0.75,2023,2023-12-01,"APLD,CVNA,HOOD,IONQ,ONDS,POET,RGTI,TE,WBD,WULF",0.08811497727108983,0.04893122978168562,0.24459189417472,0.16298364362653178,neutral,True,10,15,60,shrinkage_min_variance,0.75,8.982249326431685,0.16396222494129173,0.4305582238346207,1.975991522916519,0.9348004217290605,60,0.14700744915135786,0.3183830119209865,0.4731034040835932,False,ok
20,10,signal_shrinkage_min_variance_blend_0.75,2023,2023-12-15,"APLD,CI,CIFR,HUT,ONDS,POET,QXO,RGTI,SMR,TE",0.23087122829281703,0.01182031890669316,0.0017931535983555995,-0.24024264906040457,neutral,True,10,15,60,shrinkage_min_variance,0.75,9.365380252263927,0.15999999993523917,0.40144552664927813,2.1620750156712956,0.9966698019733768,60,0.0,0.0,0.6279231766226608,False,ok
20,10,signal_shrinkage_min_variance_blend_0.75,2024,2024-01-02,"AXTI,CAVA,CDE,HUT,MP,RIVN,RKLB,SMR,TE,W",-0.1425538106048255,-0.029399467692898557,-0.27657622114129243,-0.26694202367876424,neutral,True,10,15,60,shrinkage_min_variance,0.75,9.66679523684185,0.12991081661186216,0.36521888833491034,2.4439265350276766,0.5439761910525693,60,0.24415520439157,0.5419600744123966,0.5019193520866146,False,ok
20,10,signal_shrinkage_min_variance_blend_0.75,2024,2024-01-17,"AFRM,CPNG,HUT,LUNR,MRNA,PL,POET,RGTI,RKLB,ROKU",0.14468376240806596,0.025098665846337097,-0.023918397205350005,0.047564892587387976,neutral,True,10,15,60,shrinkage_min_variance,0.75,9.177249738258057,0.1467622384498003,0.4257109176631956,2.3294349743511202,0.8770779097150628,60,0.12984006493297567,0.398609357818053,0.4332674350378959,False,ok
20,10,signal_shrinkage_min_variance_blend_0.75,2024,2024-01-31,"AAL,BB,CDE,CPNG,CVNA,KTOS,QBTS,RGTI,SMR,W",0.19511017872949613,0.047024587430952364,-0.0037165930315859155,-0.023169994672877003,risk_off,True,10,15,60,shrinkage_min_variance,0.75,9.498811095508787,0.1403019926007533,0.37931636941871205,1.977504733066624,0.7036880573761556,60,0.25750558092916426,0.6072912775819626,0.4467342421788601,False,ok
20,10,signal_shrinkage_min_variance_blend_0.75,2024,2024-02-14,"AAOI,AFRM,CDE,HUT,KTOS,NVTS,RKLB,SMR,SOFI,TE",-0.0703832314722844,0.026216282681938867,-0.1375331289778919,-0.12172484583961996,risk_off,True,10,15,60,shrinkage_min_variance,0.75,9.731006018604466,0.12067397590689934,0.35629764315598533,2.442328940440016,-0.4953005368018815,60,0.3616943310309399,0.5646145700967498,0.5498029764916552,False,ok
20,10,signal_shrinkage_min_variance_blend_0.75,2024,2024-02-29,"ASTS,CIFR,FN,HUT,KTOS,NCLH,NVTS,QXO,RKLB,TE",-0.06867610835331013,0.014302197799501867,-0.09241614337030724,-0.007798676639039613,risk_off,True,10,15,60,shrinkage_min_variance,0.75,9.40063052592204,0.14769077409412443,0.4124487000170758,2.539724976293537,0.9907387435459029,60,0.005568048251601605,0.030294131969565364,0.6120347882468344,False,ok
20,10,signal_shrinkage_min_variance_blend_0.75,2024,2024-03-14,"ALB,APLD,CIEN,ECHO,MRNA,MRVL,NCLH,QBTS,RKLB,XYZ",0.03613347965235151,0.03815025314373856,-0.010103536816242382,0.004668902388569473,risk_off,True,10,15,60,shrinkage_min_variance,0.75,9.441506427019885,0.13023334858460864,0.3818398487421847,2.0310259352321856,0.8529868104459776,60,0.09477842707158325,0.238907734049684,0.3216403894070859,False,ok
20,10,signal_shrinkage_min_variance_blend_0.75,2024,2024-03-28,"AFRM,ALB,APLD,ECHO,GH,IONQ,MRVL,POET,RIVN,TE",-0.1155853141863572,-0.038564892989002675,-0.11064384266384641,-0.14824787518431662,risk_off,True,10,15,60,shrinkage_min_variance,0.75,9.851761011305635,0.11739968538736185,0.3419220822802759,2.5888621093672377,-0.1295582495510368,60,0.14547546416961266,0.4258964981859682,0.37089016107764483,False,ok
20,10,signal_shrinkage_min_variance_blend_0.75,2024,2024-04-12,"BB,CORZ,ECHO,GH,IREN,OKLO,ONDS,RDW,RIOT,TE",0.029983407799773567,0.008539351806518816,-0.06440492482324062,-0.020633465281626028,risk_off,True,10,15,60,shrinkage_min_variance,0.75,9.430058482457873,0.1439456533805317,0.37251354055409114,2.529401310255611,0.7960819838227997,60,0.17343458902691902,0.6765073053110991,0.45766467342309347,False,ok
20,10,signal_shrinkage_min_variance_blend_0.75,2024,2024-04-26,"CLSK,COIN,GH,IONQ,IREN,MARA,OKLO,QXO,RIOT,TE",-0.06572834720979182,0.024649188213206327,-0.0184294776680529,0.12153976962269519,risk_off,True,10,15,60,shrinkage_min_variance,0.75,9.707415025082062,0.12558318058175383,0.36869165863196085,2.2328052080075937,-0.009297000642550653,60,0.331829335832577,0.7896162921859956,0.6083244061359682,False,ok
20,10,signal_shrinkage_min_variance_blend_0.75,2024,2024-05-10,"APLD,AXTI,CLSK,CORZ,IONQ,IREN,MARA,QXO,RGTI,RIOT",0.16953567809072395,0.018619526091145814,0.17210773009960467,0.10747218872665806,risk_off,True,10,15,60,shrinkage_min_variance,0.75,9.490089416121888,0.14072689898902926,0.37936189239904067,2.5774112623212257,0.7147591494422305,60,0.24795766377706613,0.594877332321676,0.6036679860182516,False,ok
20,10,signal_shrinkage_min_variance_blend_0.75,2024,2024-05-24,"AAOI,AXTI,CLSK,COIN,HUT,MARA,RIVN,SMCI,TSLA,W",-0.02324711865768596,0.003169644776044434,-0.04790418058976404,-0.09002652146945017,risk_off,True,10,15,60,shrinkage_min_variance,0.75,9.467349368279358,0.12562691626782663,0.3662281851395794,2.381998806118856,0.7093659899392923,60,0.23038547990018862,0.6696796751858856,0.457703232407615,False,ok
20,10,signal_shrinkage_min_variance_blend_0.75,2024,2024-06-10,"AAOI,AXTI,CIFR,CLSK,COIN,HUT,MARA,OKLO,QBTS,SMCI",0.021808620077082473,0.006863857156700058,-0.020081335287538925,0.07707473505524844,risk_off,True,10,15,60,shrinkage_min_variance,0.75,9.529288935294469,0.148443098389997,0.3824679485586019,2.3551560133809213,0.7189520270826906,60,0.19777020395505143,0.5699777953147056,0.5189556955195784,False,ok
20,10,signal_shrinkage_min_variance_blend_0.75,2024,2024-06-25,"CIFR,CLSK,LUNR,NVTS,OKLO,PL,POET,QBTS,QXO,SMCI",0.03994638534105553,0.01766364212468172,0.13039142014892618,-0.03770641912622353,risk_off,True,10,15,60,shrinkage_min_variance,0.75,9.72963642501943,0.13299769623866964,0.36212353511135265,2.4848189099281415,0.6917372845260156,60,0.053158631130100845,0.3113559179705953,0.4291599979613948,False,ok
20,10,signal_shrinkage_min_variance_blend_0.75,2024,2024-07-10,"AFRM,CIFR,CLSK,LUNR,OKLO,ONDS,QBTS,QXO,RGTI,SMCI",0.3256186796179827,0.0013282442513573988,-0.13828729618881408,-0.35129026817010794,risk_off,True,10,15,60,shrinkage_min_variance,0.75,9.475070430761352,0.15081400178330476,0.37689202708113656,2.2555414359085764,0.8841090760550638,60,0.05063486191992586,0.33614455270536364,0.42555721383910294,False,ok
20,10,signal_shrinkage_min_variance_blend_0.75,2024,2024-07-24,"AAOI,CLSK,IONQ,LUNR,MSTR,OKLO,QBTS,RGTI,STRL,TE",-0.20038297819013975,-0.05553017680795661,-0.4417931491833081,-0.08286517199825724,risk_off,True,10,15,60,shrinkage_min_variance,0.75,9.627911373391685,0.13525016933256118,0.36740137003678186,2.2666045049718404,0.6785158975004802,60,0.1713829565657603,0.4024116706275834,0.443948129409218,False,ok
20,10,signal_shrinkage_min_variance_blend_0.75,2024,2024-08-07,"AAOI,CIFR,INTC,IREN,MSTR,MXL,QXO,RIOT,SMCI,TE",0.15200125605014403,0.09272888040232813,0.3782678166199033,0.010610718224833183,risk_off,True,10,15,60,shrinkage_min_variance,0.75,9.494228704020328,0.12529164005327664,0.3634728584159578,2.8742460484562313,0.8280505494101136,60,0.17544255089090302,0.5430281254969755,0.5823706186147317,False,ok
20,10,signal_shrinkage_min_variance_blend_0.75,2024,2024-08-21,"AAOI,APLD,CORZ,MOD,MP,ONTO,QBTS,QXO,RDW,WULF",-0.00155699783906121,-0.022257370920621175,-0.4488088308285617,-0.011955960979015483,risk_off,True,10,15,60,shrinkage_min_variance,0.75,9.642008356907017,0.14094158912538224,0.3657902183847339,1.9982284170312627,0.6915309514089916,60,0.14522267310518353,0.46856442947814103,0.6207545114918176,False,ok
20,10,signal_shrinkage_min_variance_blend_0.75,2024,2024-09-05,"APLD,AXTI,IREN,MXL,ONTO,QBTS,QXO,RDW,RGTI,WULF",0.04445083756371229,0.0507676579525406,0.3701839393890022,0.2767916870957506,risk_off,True,10,15,60,shrinkage_min_variance,0.75,9.332229008692796,0.135132759456991,0.38448383325591695,2.670398425507217,0.8665673878345722,60,0.15296433882071805,0.4403720902935377,0.6141427428142135,False,ok
20,10,signal_shrinkage_min_variance_blend_0.75,2024,2024-09-19,"ALAB,FSLR,HUT,MSTR,MXL,ONTO,QXO,SMR,WBD,WULF",0.02847743472395159,0.004308816602763692,-0.0282820504857404,0.10066427948900347,risk_on,True,10,15,60,shrinkage_min_variance,0.75,9.72064818045607,0.12009291369924702,0.352183425806637,2.1430979178759317,0.5404278585170451,60,0.15025743083194543,0.47214589458019435,0.5078642239599008,False,ok
20,10,signal_shrinkage_min_variance_blend_0.75,2024,2024-10-03,"ALB,AXTI,CLSK,HUT,IREN,JOBY,MARA,NVTS,SMCI,WULF",0.11260690372733151,0.04191889970440256,0.11881585807607924,0.06727026761144919,risk_on,True,10,15,60,shrinkage_min_variance,0.75,9.3027860385695,0.15491785291836135,0.3885237198720366,2.637297133972359,0.7547538647807748,60,0.43847821131118103,0.8054179711349811,0.6152604845836673,False,ok
20,10,signal_shrinkage_min_variance_blend_0.75,2024,2024-10-17,"ASTS,AXTI,HUT,IREN,JOBY,NVTS,QBTS,SMCI,TEM,WULF",-0.04563520129202105,-0.02049893132552613,0.002774658687138812,0.07703897140173797,risk_on,True,10,15,60,shrinkage_min_variance,0.75,9.556186868040689,0.12753342469687107,0.3717410467076717,2.493485875780398,0.5967406934775769,60,0.2827908717373827,0.581199922657663,0.5710946062569799,False,ok
20,10,signal_shrinkage_min_variance_blend_0.75,2024,2024-10-31,"AFRM,ASTS,CELH,COIN,IREN,MARA,NXT,QBTS,TEM,TSLA",0.23654595338399523,0.06230470323885579,0.016851239044824207,0.037598942517142526,risk_on,True,10,15,60,shrinkage_min_variance,0.75,9.670372607974526,0.12805730484778555,0.366360017170314,2.426839741540334,0.4552496669034259,60,0.19860768330327086,0.5403340632603217,0.45523495884520965,False,ok
20,10,signal_shrinkage_min_variance_blend_0.75,2024,2024-11-14,"ASTS,HIMS,IREN,JOBY,MXL,NXT,RIVN,SMCI,TEM,THC",0.24409672037729457,0.055127585081780665,0.18362711295075795,0.19946060256473908,risk_on,True,10,15,60,shrinkage_min_variance,0.75,9.43687858109739,0.15321668612510836,0.3816260509753633,2.267205531489857,0.8692380299015938,60,0.09520684302609046,0.3233418488716505,0.40221110352815287,False,ok
20,10,signal_shrinkage_min_variance_blend_0.75,2024,2024-11-29,"ASTS,ECHO,FN,MELI,MXL,RIVN,SMCI,TEM,VRT,W",0.04919767827821381,-0.012660488783225895,0.12366425646468004,0.020253635931067507,risk_on,True,10,15,60,shrinkage_min_variance,0.75,9.547351815279649,0.125052299628896,0.3618263271056318,2.564741656510803,0.7014231621572757,60,0.1108038473474984,0.3127168996266696,0.35816425696837945,False,ok
20,10,signal_shrinkage_min_variance_blend_0.75,2024,2024-12-13,"ASTS,AXTI,CIFR,MARA,MP,MRNA,POET,SMCI,VRT,WULF",-0.082779145774655,-0.03021174637009178,-0.17681707199911764,-0.009850936113011879,risk_on,True,10,15,60,shrinkage_min_variance,0.75,9.658112667135699,0.13438674822776803,0.3748337029323398,2.23759180902599,0.5554675699084167,60,0.11139390865258954,0.5466542629649078,0.43044920158261535,False,ok
20,10,signal_shrinkage_min_variance_blend_0.75,2024,2024-12-30,"ASTS,AXTI,HOOD,MRVL,MU,ODFL,OKLO,RIVN,USAR,WBD",0.06566336849312135,0.026094971636684786,0.08352596213158793,0.017308775727566793,risk_on,True,10,15,60,shrinkage_min_variance,0.75,9.88452102153683,0.11409973439960745,0.33563410757591017,2.100610381680145,0.43604991829035616,60,0.11761265654457453,0.40739171123795037,0.3823919978749399,False,ok
20,10,signal_shrinkage_min_variance_blend_0.75,2025,2025-01-02,"ASTS,FTAI,HOOD,JOBY,MU,OKLO,RIOT,RIVN,STLD,USAR",0.07849894718038486,0.03876436474044464,0.11628777231471593,-0.020821861286343925,risk_on,True,10,15,60,shrinkage_min_variance,0.75,9.382162895238348,0.1367868466476164,0.4001646559946178,2.3788480017533384,0.7544321808543467,60,0.12301467445670268,0.5983850739203705,0.36956042255662874,False,ok
20,10,signal_shrinkage_min_variance_blend_0.75,2025,2025-01-17,"CLSK,COIN,CVNA,JOBY,MSTR,MU,RIOT,SMCI,SMR,TEM",0.05444896684486702,0.008491856842083046,-0.09334434361763874,0.019796335660454703,risk_on,True,10,15,60,shrinkage_min_variance,0.75,9.65452827976197,0.12541754982541645,0.3542846894712952,2.6297575471205374,0.4611601326710251,60,0.2721391261017625,0.7084858656125046,0.6489997659983453,False,ok
20,10,signal_shrinkage_min_variance_blend_0.75,2025,2025-02-03,"APLD,CIFR,CLSK,FN,IREN,MARA,MSTR,RIOT,SMR,WULF",0.03908185665689773,0.02749779911001651,0.03907129603602874,-0.38041240616921745,risk_on,True,10,15,60,shrinkage_min_variance,0.75,9.009774425496575,0.17526251874037108,0.41628365324592753,2.4099189774292356,0.7863021172406575,60,0.5185657773781702,0.7600758654238257,0.9073731024423983,False,ok
20,10,signal_shrinkage_min_variance_blend_0.75,2025,2025-02-18,"CIEN,CIFR,FN,FTAI,IREN,MRNA,NVTS,QBTS,RKLB,SMTC",-0.18340201098214035,-0.07831040519783085,-0.41032740624463504,-0.2914614388112811,risk_off,True,10,15,60,shrinkage_min_variance,0.75,9.403305459967452,0.1545313597954518,0.394385258881512,2.310500161790027,0.7817681269578056,60,0.1407127368358322,0.6195647122902105,0.5299865197231173,False,ok
20,10,signal_shrinkage_min_variance_blend_0.75,2025,2025-03-04,"ALAB,APLD,FTAI,IONQ,MOD,NVTS,ONDS,POET,QBTS,TE",0.12659278596948317,-0.011258507028811935,-0.043736199342148445,-0.22267624545882506,risk_off,True,10,15,60,shrinkage_min_variance,0.75,9.760026990667285,0.12317959844834689,0.35424420582029437,2.76881805527052,0.6206346986264577,60,0.22184332121980585,0.5870686206651523,0.7590722640580057,False,ok
20,10,signal_shrinkage_min_variance_blend_0.75,2025,2025-03-18,"AAOI,ALAB,LITE,LUNR,MOD,MSTR,NU,POET,SMTC,TLN",-0.05155795438630832,-0.009137089693136213,-0.29176515606771625,-0.24366286419518365,risk_off,True,10,15,60,shrinkage_min_variance,0.75,9.724131723685073,0.1410168531069119,0.3552391182142699,2.730709923446418,0.4646557291276813,60,0.3873352124753802,0.6240542290938462,0.6828061496150803,False,ok
20,10,signal_shrinkage_min_variance_blend_0.75,2025,2025-04-01,"AAOI,CLSK,HUT,IONQ,IREN,LUNR,RGTI,RKLB,SMTC,USAR",0.07284915978368207,-0.04922203952077082,-0.1282322280064855,0.17173043504327065,neutral,True,10,15,60,shrinkage_min_variance,0.75,9.735310182756756,0.12172292811008055,0.3566300222973071,2.9744921622247986,-0.21387344148681572,60,0.26117777374060447,0.5814129810125366,0.7807849286568687,False,ok
20,10,signal_shrinkage_min_variance_blend_0.75,2025,2025-04-15,"AAOI,APLD,HUT,LUNR,OKLO,ONDS,RDDT,RDW,TEM,WULF",0.11745273079515293,0.049401892970434166,0.4031463936121158,0.6210310408383999,risk_on,True,10,15,60,shrinkage_min_variance,0.75,9.715814199318501,0.12556640777427425,0.3540243372736489,2.9250781545509534,0.06828093300225468,60,0.4271244250126899,0.666183820238185,0.9246603315269908,False,ok
20,10,signal_shrinkage_min_variance_blend_0.75,2025,2025-04-30,"AAOI,ASTS,CIFR,DAL,LUNR,NVTS,OKLO,PL,RDW,TER",0.24330680462276483,0.08257115839521444,0.6591009734156393,0.49914492178157993,risk_on,True,10,15,60,shrinkage_min_variance,0.75,9.699373341897392,0.11884866179552583,0.34810575745153727,1.479386048512938,0.20374938402177387,60,0.5029793760968203,0.6668603077960389,0.8152586143556488,False,ok
20,10,signal_shrinkage_min_variance_blend_0.75,2025,2025-05-14,"APLD,ASTS,AXTI,CIFR,DOCN,LSCC,ONDS,RDW,VSH,XYZ",0.023015375817201783,0.006259719356398494,-0.10435934196048963,0.15937865664006653,risk_on,True,10,15,60,shrinkage_min_variance,0.75,9.514179650896343,0.12731051133859667,0.36326739498435384,2.5439277715209867,0.789478668980421,60,0.37584824603007927,0.6355319246132541,0.6772498209852021,False,ok
20,10,signal_shrinkage_min_variance_blend_0.75,2025,2025-05-29,"AAOI,AFRM,ASTS,AXTI,CLSK,FTAI,LSCC,MARA,MRNA,RDDT",0.16636930801749736,0.04646953903665356,0.41746334223582127,0.4349128124094497,risk_off,True,10,15,60,shrinkage_min_variance,0.75,9.693024707320536,0.13408248410006318,0.3650740121468638,2.4259463781214845,0.3148603919008321,60,0.44533665616642326,0.7647589332154462,0.7023457808350145,False,ok
20,10,signal_shrinkage_min_variance_blend_0.75,2025,2025-06-12,"CLSK,ENPH,MARA,NET,PL,RBLX,RDDT,RGTI,RKLB,TSLA",0.08262204043208027,0.02396039914131386,0.15383304240814907,0.2044936006979426,risk_off,True,10,15,60,shrinkage_min_variance,0.75,9.751033851045802,0.12895562364585933,0.3664790844178418,2.545895878420147,0.4824872638269739,60,0.29770539497326687,0.6608471238688269,0.5267615269676681,False,ok
20,10,signal_shrinkage_min_variance_blend_0.75,2025,2025-06-27,"ALAB,CLSK,ENPH,FSLR,PL,RBLX,TE,TEM,TSLA,USAR",0.03676838312033589,0.028094574840325917,0.2297044663824032,0.2727732678258654,risk_off,True,10,15,60,shrinkage_min_variance,0.75,9.698827366566263,0.12489541097277158,0.3697955910306986,2.640007524362299,0.7784899606309571,60,0.18609186635669994,0.36245306396230054,0.50954920836683,False,ok
20,10,signal_shrinkage_min_variance_blend_0.75,2025,2025-07-14,"ALAB,CNC,CORZ,ECHO,ENPH,FSLR,IONQ,RGTI,SITM,TE",0.033659967942002655,0.02099587872693245,0.10887773412400213,-0.019051660663882516,risk_off,True,10,15,60,shrinkage_min_variance,0.75,9.339354773186537,0.1752320836088972,0.3808056868215369,2.456259764395486,0.9279687329198849,60,0.056339650659333676,0.3206154111842886,0.3651637363734257,False,ok
20,10,signal_shrinkage_min_variance_blend_0.75,2025,2025-07-28,"APLD,CNC,HIMS,IONQ,LUNR,MARA,QBTS,RDW,TE,USAR",-0.03697706162025248,-0.0124246768190232,-0.0541204603785148,0.005902344034344923,risk_off,True,10,15,60,shrinkage_min_variance,0.75,9.6451409859132,0.1441826782262788,0.3690224736766591,2.733941427627369,0.9253498049197464,60,0.07311500768779336,0.3030892926512676,0.4363471044816379,False,ok
20,10,signal_shrinkage_min_variance_blend_0.75,2025,2025-08-11,"AXTI,CHTR,CVNA,DOCN,FTAI,GH,OKLO,QBTS,RDW,TER",0.06833715519404539,0.031742555384127666,0.1821535373575194,0.2728647845566482,risk_off,True,10,15,60,shrinkage_min_variance,0.75,9.737110798545832,0.1384250866464581,0.3516594290534404,2.226805011554727,0.7614656984233407,60,0.07206267978476799,0.39344663164781857,0.3523029993914527,False,ok
20,10,signal_shrinkage_min_variance_blend_0.75,2025,2025-08-25,"AAOI,CLS,CVNA,HUT,OKLO,RBLX,RDW,RGTI,RIOT,ROKU",0.08359768256676989,0.02140993751554376,0.24023424670260876,0.34408180058516563,risk_off,True,10,15,60,shrinkage_min_variance,0.75,9.678249992002437,0.1326226366314098,0.3676053204307055,2.4532136553206048,0.354094405829693,60,0.23081981564128332,0.5829709696345705,0.421208336200472,False,ok
20,10,signal_shrinkage_min_variance_blend_0.75,2025,2025-09-09,"AAOI,APLD,HOOD,HUT,KGC,NXT,PL,RGTI,RKLB,SMR",0.2581759146254697,0.04370804273897294,0.3318499113640434,0.29720111593729065,risk_off,True,10,15,60,shrinkage_min_variance,0.75,9.399134110569076,0.14034217734563245,0.3851962081957625,2.5958652079059306,0.9005221802569708,60,0.09884633839397455,0.318034818030521,0.35887060542362514,False,ok
20,10,signal_shrinkage_min_variance_blend_0.75,2025,2025-09-23,"AAOI,AFRM,HIMS,MRVL,PL,POET,RDW,RKLB,SMR,SNOW",0.11341175962083813,0.019671963845306072,0.123192708423835,0.16998954051640727,risk_off,True,10,15,60,shrinkage_min_variance,0.75,9.737164960316424,0.12693786393197334,0.3478787992582484,2.6382241721772237,0.9642217318988133,60,0.042718964065051344,0.10339734951861153,0.3046442368776492,False,ok
20,10,signal_shrinkage_min_variance_blend_0.75,2025,2025-10-07,"AAOI,ALAB,HIMS,NVTS,ORCL,POET,RDW,RKLB,RMBS,SMR",0.017235909308678715,0.007178924347688331,0.15413869312932474,0.04143831653954678,risk_off,True,10,15,60,shrinkage_min_variance,0.75,9.69239343102337,0.12907066622639857,0.3623902633581606,2.2058952281841955,0.9879590579364822,60,0.02210639046570839,0.09453195364439931,0.3068738081253138,False,ok
20,10,signal_shrinkage_min_variance_blend_0.75,2025,2025-10-21,"AAOI,CDE,CLS,FICO,JOBY,MARA,NVTS,SMR,SMTC,TEM",-0.06353821381482563,-0.014872487691560386,-0.04663713614500126,-0.23309716836033537,risk_off,True,10,15,60,shrinkage_min_variance,0.75,9.235700174325121,0.14653464608164496,0.3871880800343275,2.2549852978441223,0.8754941698967004,60,0.1530305095399883,0.38069922945884554,0.3733121214084554,False,ok
20,10,signal_shrinkage_min_variance_blend_0.75,2025,2025-11-04,"AA,ALB,CRDO,ENTG,FISV,HL,KVUE,RDDT,RMBS,SITM",0.0060223527106171406,-0.022435499193692334,-0.33157468621432973,0.019748863469426604,risk_off,True,10,15,60,shrinkage_min_variance,0.75,9.426194197195223,0.1630918998231604,0.3930847436646306,2.2455634398646023,0.9166841070341234,60,0.09555333356703764,0.2913079480154465,0.2859339410747903,False,ok
20,10,signal_shrinkage_min_variance_blend_0.75,2025,2025-11-18,"ALAB,CVNA,EXPE,FISV,MRNA,ONDS,RDDT,SMR,STX,W",0.0693536468923392,0.055713208470791704,0.3484590112881119,0.1862982670777028,risk_off,True,10,15,60,shrinkage_min_variance,0.75,8.84880462775836,0.1663585371391063,0.4588351363418044,2.448357788911789,0.9502739527969629,60,0.05963227373219777,0.22315789140887213,0.34407786850563243,False,ok
20,10,signal_shrinkage_min_variance_blend_0.75,2025,2025-12-03,"AFRM,HOOD,LUNR,MOD,MP,ONDS,POET,TTMI,USAR,WULF",-0.0853009113372548,-0.007919288069769227,-0.1442284878369189,0.08873071118191897,risk_off,True,10,15,60,shrinkage_min_variance,0.75,9.583388669479538,0.13568115088057356,0.36278840208373453,2.3599831277115975,0.6892138076291352,60,0.2791894201072166,0.5962630552845642,0.5486134984128977,False,ok
20,10,signal_shrinkage_min_variance_blend_0.75,2025,2025-12-17,"APLD,CIFR,CLSK,HOOD,HUT,LUNR,NVTS,QBTS,RGTI,USAR",0.17222340453440807,0.03438657190961965,0.39560976740688025,0.3310499318709211,risk_off,True,10,15,60,shrinkage_min_variance,0.75,9.658120879351353,0.13026294595268434,0.36543195965824155,2.7660541272129286,0.7779985297666987,60,0.4704523261783225,0.8517859418446305,0.8369058004805489,False,ok
20,10,signal_shrinkage_min_variance_blend_0.75,2026,2026-01-02,"ALAB,BE,CORZ,IONQ,IREN,NVTS,RGTI,RIVN,TTMI,USAR",0.1954232961187265,0.04592265680505814,0.22054039674752626,0.018092089236777253,risk_off,True,10,15,60,shrinkage_min_variance,0.75,9.597790538189484,0.12651784008579225,0.3613641820758152,2.7632577250936716,0.3628869263790003,60,0.36715879754896863,0.757102220971529,0.6615048857890089,False,ok
20,10,signal_shrinkage_min_variance_blend_0.75,2026,2026-01-16,"ALAB,CIFR,CLSK,ECHO,IONQ,MARA,OKLO,QBTS,RGTI,SMR",-0.18738750177824573,-0.009903833912982694,-0.28051387571717,-0.24197931695478764,risk_off,True,10,15,60,shrinkage_min_variance,0.75,9.616396315359081,0.1448835769579659,0.36429988019813,2.680953868379428,0.35742435860241234,60,0.4796820784764086,0.8775325304798374,0.6677900507505903,False,ok
20,10,signal_shrinkage_min_variance_blend_0.75,2026,2026-02-02,"AMKR,AU,CIFR,CLS,HUT,INTC,MP,OKLO,RIOT,WULF",0.0008080214210390608,0.003258543217893794,-0.17895336440321932,-0.25019486878882913,risk_off,True,10,15,60,shrinkage_min_variance,0.75,9.685643569412123,0.12664266274894886,0.3518837911746789,2.30979619022716,0.41978938714767927,60,0.3828982483712396,0.7479667358533951,0.5584194968107515,False,ok
20,10,signal_shrinkage_min_variance_blend_0.75,2026,2026-02-17,"CDE,CLS,CORZ,DDOG,EL,NET,PINS,RIVN,RVMD,SPOT",-0.004716059102995323,0.006937345951593162,-0.07442603463526325,-0.03729178564215712,risk_off,True,10,15,60,shrinkage_min_variance,0.75,9.827196362084115,0.12645121882908308,0.34602436978623424,2.033360239077145,0.6890010615767931,60,0.07918178210445502,0.27942308340807365,0.26778447757332835,False,ok
20,10,signal_shrinkage_min_variance_blend_0.75,2026,2026-03-03,"APP,AXON,COIN,HUBS,POET,RBRK,RGTI,RIVN,SPOT,XYZ",-0.016298363244398754,-0.015694294712545805,0.059049503032388345,-0.060192915660922656,risk_off,True,10,15,60,shrinkage_min_variance,0.75,9.724659326319571,0.135,0.3509994347990405,2.194426146631984,0.6939043392873016,60,0.22387921643921563,0.48518692897872534,0.4263154594922355,False,ok
20,10,signal_shrinkage_min_variance_blend_0.75,2026,2026-03-17,"CIFR,COIN,FICO,FLUT,HL,IONQ,RDW,RGTI,TEAM,W",-0.100295846713245,-0.02254958857843178,-0.1986154392285275,0.2901212314478354,risk_off,True,10,15,60,shrinkage_min_variance,0.75,8.836750081661867,0.15777456173062726,0.4342084589965766,2.641678976485407,0.8686761584560698,60,0.2501110779314135,0.7851828793349107,0.4254557438712987,False,ok
20,10,signal_shrinkage_min_variance_blend_0.75,2026,2026-03-31,"ALAB,APLD,CIFR,CLSK,CRDO,HL,IREN,MU,RDW,TE",0.3858147791889699,0.07476134006191577,0.5237020628082512,0.3138909195636782,risk_off,True,10,15,60,shrinkage_min_variance,0.75,9.19119011783753,0.12935713065901266,0.381287309558366,2.912432058886414,0.7662423638356183,60,0.4193668223730791,0.7889053052790459,0.6782650532787803,False,ok
20,10,signal_shrinkage_min_variance_blend_0.75,2026,2026-04-15,"APP,MOD,MP,MU,NVTS,OKLO,RDW,SMR,SMTC,TEM",0.031184776336259427,0.007164375328154752,-0.008991924615117056,0.24371460840588607,risk_off,True,10,15,60,shrinkage_min_variance,0.75,9.497612195671298,0.12682092518316643,0.3756575468458445,2.1969945202593104,0.45015470685182557,60,0.3474665914702291,0.7662350917810049,0.5324928914793051,False,ok
20,10,signal_shrinkage_min_variance_blend_0.75,2026,2026-04-29,"FICO,IREN,LYB,MP,NET,NXT,OKLO,TE,TEAM,TEM",0.07891784655073107,0.043709481522160115,0.2388898515594062,0.35280803523214094,risk_off,True,10,15,60,shrinkage_min_variance,0.75,9.395225841514742,0.14406617593071597,0.39579477626299964,2.37302060173476,0.787100500951692,60,0.13611619387165239,0.6859861638146025,0.36820881018750207,False,ok
20,10,signal_shrinkage_min_variance_blend_0.75,2026,2026-05-13,"ALB,ENPH,FIX,FTAI,MP,RDDT,RGTI,TE,TER,ZTS",0.19543471642555002,0.04661327358101235,0.23534777622623007,0.04743792799830555,risk_off,True,10,15,60,shrinkage_min_variance,0.75,9.643086138016264,0.12036079539145077,0.36059129646608595,2.041622338625853,0.4013085981118213,60,0.2394132731002674,0.524346183170343,0.39042076816667015,False,ok
20,10,signal_shrinkage_min_variance_blend_0.75,2026,2026-05-28,"ANET,FORM,FTAI,HIMS,KTOS,NET,NXPI,SHOP,TER,W",-0.008140428142340091,-0.007783458915812064,-0.22918170722935896,-0.1991334859883724,risk_off,True,10,15,60,shrinkage_min_variance,0.75,9.396509943914635,0.15383838603096403,0.3972263113989636,2.31035894773237,0.8806566298423077,60,0.14690990075670682,0.43417427355572163,0.3755842078381653,False,ok
